# obs_wvl flux error
2.969000000000000000e+03 8.256433324570558452e-15 1.895643430570889514e-15
2.971746882799497143e+03 8.895575066432779053e-15 1.543974533334823583e-15
2.974493765598994287e+03 9.974478279184566151e-15 1.498715628436959900e-15
2.977240648398491430e+03 1.254191970807759581e-14 1.560829942399928432e-15
2.979987531197988574e+03 1.162754488906931010e-14 1.452760358874228532e-15
2.982734413997485717e+03 9.818373660385573482e-15 1.652508426545000839e-15
2.985481296796982861e+03 9.435005449968048256e-15 1.409717903578198856e-15
2.988228179596480004e+03 1.261363497677554023e-14 1.394295975178620721e-15
2.990975062395977147e+03 1.140141104559464633e-14 1.358404439303434375e-15
2.993721945195474291e+03 7.683349901789658484e-15 1.304685810821666742e-15
2.996468827994971434e+03 1.039755914683524096e-14 1.365044060090955119e-15
2.999215710794468578e+03 1.307126141455135337e-14 1.371250669720336606e-15
3.001962593593965721e+03 6.968302207706616127e-15 1.279803190946740398e-15
3.004709476393462865e+03 1.109459810450461548e-14 1.755554745613297380e-15
3.007456359192960008e+03 1.074334054714076404e-14 1.279046615339141130e-15
3.010203241992457151e+03 9.518733199408786001e-15 1.236495423315276812e-15
3.012950124791954295e+03 9.567037653871163491e-15 1.228096207950851629e-15
3.015697007591451438e+03 9.041448500753562236e-15 1.389817251893804445e-15
3.018443890390948582e+03 6.875839412425050946e-15 1.156320306832361739e-15
3.021190773190445725e+03 7.155720488550383044e-15 1.257053830418897058e-15
3.023937655989942868e+03 9.080180792164974933e-15 1.162316578605997333e-15
3.026684538789440012e+03 6.834475652869121596e-15 1.120292398155169560e-15
3.029431421588937155e+03 8.346309081843920457e-15 1.098527945292937087e-15
3.032178304388434299e+03 8.183612530908631298e-15 1.074380311195677322e-15
3.034925187187931442e+03 9.028005040836025174e-15 1.078078899174486209e-15
3.037672069987428586e+03 6.901548312594157853e-15 1.040862389650377320e-15
3.040418952786925729e+03 8.940379533148920160e-15 1.115399014329094035e-15
3.043165835586422872e+03 7.823027276853708085e-15 1.011358318527324916e-15
3.045912718385920016e+03 8.005469582733108373e-15 1.017228361904048387e-15
3.048659601185417159e+03 1.038884760428087797e-14 1.006800204688886742e-15
3.051406483984914303e+03 9.680214133778031992e-15 9.804035600559381917e-16
3.054153366784411446e+03 8.578831898500467187e-15 9.833410445753048292e-16
3.056900249583908590e+03 8.622133613107090870e-15 9.641501681556574692e-16
3.059647132383405733e+03 7.941285046620677075e-15 9.272858518035713903e-16
3.062394015182902876e+03 9.656411781590945422e-15 9.443967436401447263e-16
3.065140897982400020e+03 9.322366760870463686e-15 9.146284441408081198e-16
3.067887780781897163e+03 8.434204478657651059e-15 8.971003527555124996e-16
3.070634663581394307e+03 7.067722872978845148e-15 8.697189042963456965e-16
3.073381546380891450e+03 8.596937308528335918e-15 8.796860949755556808e-16
3.076128429180388594e+03 7.844506362343993690e-15 8.900522589676843175e-16
3.078875311979885737e+03 6.468612185773284462e-15 8.881384550388067832e-16
3.081622194779382880e+03 7.709721102656180628e-15 8.680112043825695719e-16
3.084369077578880024e+03 9.997353851300534953e-15 9.856474557448840959e-16
3.087115960378377167e+03 8.361895147766512062e-15 8.486909787409275205e-16
3.089862843177874311e+03 9.393337758581448346e-15 8.478128718849212478e-16
3.092609725977371454e+03 8.357105494089335669e-15 8.488653629600697671e-16
3.095356608776868597e+03 7.809187886645472911e-15 8.313291213864760938e-16
3.098103491576365741e+03 7.583731609855273585e-15 8.131119601837598775e-16
3.100850374375862884e+03 7.811485865361184901e-15 8.165208518037626533e-16
3.103597257175360028e+03 7.604539132116422763e-15 8.146803111612747434e-16
3.106344139974857171e+03 6.987349839794454661e-15 8.057553606143774446e-16
3.109091022774354315e+03 8.575129157379911629e-15 8.187119005874131428e-16
3.111837905573851458e+03 9.109767627759596522e-15 8.194097075144477807e-16
3.114584788373348601e+03 1.086577617354570132e-14 9.971600256891808469e-16
3.117331671172845745e+03 8.785251084113726135e-15 8.533766617664277761e-16
3.120078553972342888e+03 9.064492600480779387e-15 8.087079696355576522e-16
3.122825436771840032e+03 9.411630942820191228e-15 8.632899250096606723e-16
3.125572319571337175e+03 7.992999937179156787e-15 7.930407171491869816e-16
3.128319202370834319e+03 1.072439018763964837e-14 8.268888939015792425e-16
3.131066085170331462e+03 1.046173008666124372e-14 8.078147570492457042e-16
3.133812967969828605e+03 1.003670912021563977e-14 8.130185774329364745e-16
3.136559850769325749e+03 9.876557567846191354e-15 7.980961743951363552e-16
3.139306733568822892e+03 1.016819859544465811e-14 9.260693946520328522e-16
3.142053616368320036e+03 1.157455863569445824e-14 8.332274673180708224e-16
3.144800499167817179e+03 1.188966633294249422e-14 8.019834586955586738e-16
3.147547381967314323e+03 1.123680245923997456e-14 8.115343602292675313e-16
3.150294264766811466e+03 1.055221674238596179e-14 7.848473678245008956e-16
3.153041147566308609e+03 1.162717821083874222e-14 7.984517887709421477e-16
3.155788030365805753e+03 1.331683937282970696e-14 8.038615589823652176e-16
3.158534913165302896e+03 1.309597380076086560e-14 8.082122458025930630e-16
3.161281795964800040e+03 1.338714747203672001e-14 9.088849566857249390e-16
3.164028678764297183e+03 1.224059467277776258e-14 7.837122934412923501e-16
3.166775561563794327e+03 1.162944695618081219e-14 7.657549563189192902e-16
3.169522444363291470e+03 1.293906585273937057e-14 7.829978616059362033e-16
3.172269327162788613e+03 1.318516481641230614e-14 7.799464609214505054e-16
3.175016209962285757e+03 1.401186974763771133e-14 7.998177755901593213e-16
3.177763092761782900e+03 1.309131477725763950e-14 7.714549181731726240e-16
3.180509975561280044e+03 1.229296312562258905e-14 7.698126323803503100e-16
3.183256858360777187e+03 1.456021798840307429e-14 7.714994941039061806e-16
3.186003741160274330e+03 1.593389159687551874e-14 7.907614930438242231e-16
3.188750623959771474e+03 1.433898167526822201e-14 7.562455550413460969e-16
3.191497506759268617e+03 1.316498684105535305e-14 7.918905100186368806e-16
3.194244389558765761e+03 1.493138190717088419e-14 8.018571139623319752e-16
3.196991272358262904e+03 1.582633463485925942e-14 8.043319465749073926e-16
3.199738155157760048e+03 1.489814965350214343e-14 7.540793525352506800e-16
3.202485037957257191e+03 1.480207735760653507e-14 7.433436993941504760e-16
3.205231920756754334e+03 1.595785318181473721e-14 7.467465462833348816e-16
3.207978803556251478e+03 1.550345684513809667e-14 7.530451306005639176e-16
3.210725686355748621e+03 1.385688260592849952e-14 7.928647399425303628e-16
3.213472569155245765e+03 1.391360120104169645e-14 7.213819044139536081e-16
3.216219451954742908e+03 1.356539008061743918e-14 7.236988024627084983e-16
3.218966334754240052e+03 1.494076033103043316e-14 7.204298844053141249e-16
3.221713217553737195e+03 1.441407280863842512e-14 7.054130020460102632e-16
3.224460100353234338e+03 1.435965308831176427e-14 7.534639836320315637e-16
3.227206983152731482e+03 1.561815670409171537e-14 7.160145473155214681e-16
3.229953865952228625e+03 1.356050277654734086e-14 6.857899422769879941e-16
3.232700748751725769e+03 1.333639764972147842e-14 7.206318444958119772e-16
3.235447631551222912e+03 1.309151758773808554e-14 6.789347774811159495e-16
3.238194514350720056e+03 1.267581234160165343e-14 7.100321890256176690e-16
3.240941397150217199e+03 1.446189088830250488e-14 6.969474190905846672e-16
3.243688279949714342e+03 1.356270751686961642e-14 6.717548062392025079e-16
3.246435162749211486e+03 1.178558834663921448e-14 6.583386222064851863e-16
3.249182045548708629e+03 1.198581816457430927e-14 6.607954190197284504e-16
3.251928928348205773e+03 1.084035681699882906e-14 6.443709998162467579e-16
3.254675811147702916e+03 1.257744568560792627e-14 6.952155688040286825e-16
3.257422693947200059e+03 1.152185973622441929e-14 6.460973456158835996e-16
3.260169576746697203e+03 1.121030246889941075e-14 6.393155011613966465e-16
3.262916459546194346e+03 1.021574657792463181e-14 6.313200229353537631e-16
3.265663342345691490e+03 9.753790561163689914e-15 6.328977357086501230e-16
3.268410225145188633e+03 1.182459308351364185e-14 6.439876890431350525e-16
3.271157107944685777e+03 1.155237528366701700e-14 6.381389279914158203e-16
3.273903990744182920e+03 1.083881724210845420e-14 6.271699134776372022e-16
3.276650873543680063e+03 9.839379994804166221e-15 6.116922446220456726e-16
3.279397756343177207e+03 1.017516258225408226e-14 6.281700719186153270e-16
3.282144639142674350e+03 1.148303019649766654e-14 6.392395340716198681e-16
3.284891521942171494e+03 1.259607118731333714e-14 6.687619802459773644e-16
3.287638404741668637e+03 1.180628999930142225e-14 6.344673710068418235e-16
3.290385287541165781e+03 1.101814008092818359e-14 6.072937479506452420e-16
3.293132170340662924e+03 1.056560778266181522e-14 6.049073259914229229e-16
3.295879053140160067e+03 1.171693578353568938e-14 6.147513849848941296e-16
3.298625935939657211e+03 9.285172868800616316e-15 5.863966982299622092e-16
3.301372818739154354e+03 1.106408443973672448e-14 6.054500020706381028e-16
3.304119701538651498e+03 1.167216299061031267e-14 6.105825212467350953e-16
3.306866584338148641e+03 1.108522101309725144e-14 6.012917987604855649e-16
3.309613467137645785e+03 1.065308115500373972e-14 5.945815250930672572e-16
3.312360349937142928e+03 1.154961904939992562e-14 6.017643972043675101e-16
3.315107232736640071e+03 9.946754351644906102e-15 5.780305634523299878e-16
3.317854115536137215e+03 1.023676860980151978e-14 6.411458058204458519e-16
3.320600998335634358e+03 1.035234125555908967e-14 5.871240149558809127e-16
3.323347881135131502e+03 1.152495786218446768e-14 6.056355759023859019e-16
3.326094763934628645e+03 1.264082450790121204e-14 6.889518312434597009e-16
3.328841646734125788e+03 1.407482961329933821e-14 6.157278651473979091e-16
3.331588529533622932e+03 1.374680415196851334e-14 6.344231945661763770e-16
3.334335412333120075e+03 1.168573486726796305e-14 5.836945439960826892e-16
3.337082295132617219e+03 1.311965394902947013e-14 5.946885602179270343e-16
3.339829177932114362e+03 1.394647800830438267e-14 5.978194797999193492e-16
3.342576060731611506e+03 1.278506857268353555e-14 6.016646953610730170e-16
3.345322943531108649e+03 1.517420296766711958e-14 6.173555169595683107e-16
3.348069826330605792e+03 1.536198395268535636e-14 5.419692568673463184e-16
3.350816709130102936e+03 1.463714776283025348e-14 7.067006578388257236e-16
3.353563591929600079e+03 1.474095368794487453e-14 5.966908443281962756e-16
3.356310474729097223e+03 1.539544728376292827e-14 6.056381435892127483e-16
3.359057357528594366e+03 1.609878036834841793e-14 6.041562689833869848e-16
3.361804240328091510e+03 1.641897166552737160e-14 6.098136830640649033e-16
3.364551123127588653e+03 1.553168214635027150e-14 5.943616049569153414e-16
3.367298005927085796e+03 1.608768616827169649e-14 5.953214168173491768e-16
3.370044888726582940e+03 1.747609459280781423e-14 6.199585014400180478e-16
3.372791771526080083e+03 1.540865697697704986e-14 6.076575741454329375e-16
3.375538654325577227e+03 1.502492334669275488e-14 5.927110928600656222e-16
3.378285537125074370e+03 1.467020280233679880e-14 5.776844494352921845e-16
3.381032419924571514e+03 1.532383641957827022e-14 5.838746914560200016e-16
3.383779302724068657e+03 1.618526264891062190e-14 5.868905690198315030e-16
3.386526185523565800e+03 1.649696543401435652e-14 5.869282587102354661e-16
3.389273068323062944e+03 1.420939904426440642e-14 6.099095984623042598e-16
3.392019951122560087e+03 1.515774230938712098e-14 6.027301893288741193e-16
3.394766833922057231e+03 1.590110258505843241e-14 5.792721935370268266e-16
3.397513716721554374e+03 1.579997438080962475e-14 5.934324080581688098e-16
3.400260599521051518e+03 1.467332187836262810e-14 5.931333610738982634e-16
3.403007482320548661e+03 1.500786705663097030e-14 5.719708480024218114e-16
3.405754365120045804e+03 1.550122475529001821e-14 5.913176701086128718e-16
3.408501247919542948e+03 1.496449120148616908e-14 5.761819052013184655e-16
3.411248130719040091e+03 1.550054507493751975e-14 6.090108959711917524e-16
3.413995013518537235e+03 1.672770190313381196e-14 5.701855232078852401e-16
3.416741896318034378e+03 1.684968265598244423e-14 5.641787737734563381e-16
3.419488779117531521e+03 1.701914268310843008e-14 6.270324093350831597e-16
3.422235661917028665e+03 1.615888759835749279e-14 5.558415033110369698e-16
3.424982544716525808e+03 1.804242121485909840e-14 5.701631641033209406e-16
3.427729427516022952e+03 1.940523430360367990e-14 5.804872542541585326e-16
3.430476310315520095e+03 1.773054282791950150e-14 5.720580940496440017e-16
3.433223193115017239e+03 1.825630465521025945e-14 5.664745125102198792e-16
3.435970075914514382e+03 1.881209038124236116e-14 5.837235406883595335e-16
3.438716958714011525e+03 1.830397331480482960e-14 5.680752010523772575e-16
3.441463841513508669e+03 1.842496721496573012e-14 5.611578802136159584e-16
3.444210724313005812e+03 1.835080560862796311e-14 5.602657994504942820e-16
3.446957607112502956e+03 1.936385199226985705e-14 5.719089423508721089e-16
3.449704489912000099e+03 1.796448221732551933e-14 5.610991619592724715e-16
3.452451372711497243e+03 1.995607284861442848e-14 5.691836860597135741e-16
3.455198255510994386e+03 1.883132585043848027e-14 5.550083853706287587e-16
3.457945138310491529e+03 1.882634299870866231e-14 5.735403867480892178e-16
3.460692021109988673e+03 1.933612955857553392e-14 5.561653251442752409e-16
3.463438903909485816e+03 1.925222231044781648e-14 5.515302662717072452e-16
3.466185786708982960e+03 1.963874848949600165e-14 5.561989568361597785e-16
3.468932669508480103e+03 1.997242836145225871e-14 5.595338263126778031e-16
3.471679552307977247e+03 1.993660253613681967e-14 5.728728776306492231e-16
3.474426435107474390e+03 2.059732479832772602e-14 5.599635670510127950e-16
3.477173317906971533e+03 1.882184422840295091e-14 5.397988363960102923e-16
3.479920200706468677e+03 1.873378294948718829e-14 5.396874912865912712e-16
3.482667083505965820e+03 1.942206088417651888e-14 5.464221340925003533e-16
3.485413966305462964e+03 2.031780241538357976e-14 5.560035105075532261e-16
3.488160849104960107e+03 1.889854375270695306e-14 5.371025630476369265e-16
3.490907731904457250e+03 1.852084634203395030e-14 6.449845138128973161e-16
3.493654614703954394e+03 1.921590473567272051e-14 5.414076541557770178e-16
3.496401497503451537e+03 1.938135050128138304e-14 6.524603207262453641e-16
3.499148380302948681e+03 1.909028247708640240e-14 5.350879203149273382e-16
3.501895263102445824e+03 1.882065723367013329e-14 5.314429175055925119e-16
3.504642145901942968e+03 1.972553049608719467e-14 5.430124015909986195e-16
3.507389028701440111e+03 1.963015311733152172e-14 5.367201460599723278e-16
3.510135911500937254e+03 2.012414931571494341e-14 5.420000621189883870e-16
3.512882794300434398e+03 2.078094872844552317e-14 5.508185160433397576e-16
3.515629677099931541e+03 2.052178483672588750e-14 5.519518178633049532e-16
3.518376559899428685e+03 2.102081122751941019e-14 5.420842017683576981e-16
3.521123442698925828e+03 2.075273592030003181e-14 5.410386476702586251e-16
3.523870325498422972e+03 2.123807202746556467e-14 5.446797468076466160e-16
3.526617208297920115e+03 2.153304408850414952e-14 5.522823608369808702e-16
3.529364091097417258e+03 2.204852648622527848e-14 5.444859960323493611e-16
3.532110973896914402e+03 2.271439845072461642e-14 5.566386005631954739e-16
3.534857856696411545e+03 2.470413284093758844e-14 5.805801604950874574e-16
3.537604739495908689e+03 2.224137043217914253e-14 5.446372184472861833e-16
3.540351622295405832e+03 2.296105133037976632e-14 5.580175964277593352e-16
3.543098505094902976e+03 2.266670156432386990e-14 5.500366546017054806e-16
3.545845387894400119e+03 2.350615311256025654e-14 5.544523136031171999e-16
3.548592270693897262e+03 2.171150822274776305e-14 5.366827654801818724e-16
3.551339153493394406e+03 2.199018341175425594e-14 5.372734834966124691e-16
3.554086036292891549e+03 2.294206753226687674e-14 5.450110867097055931e-16
3.556832919092388693e+03 2.097945582266162250e-14 5.255434790167221759e-16
3.559579801891885836e+03 2.138711774550219983e-14 5.397781284461542564e-16
3.562326684691382980e+03 2.249414460059936929e-14 5.434478047593389360e-16
3.565073567490880123e+03 2.322723137627247673e-14 5.441516294828736517e-16
3.567820450290377266e+03 2.281909694079010980e-14 5.375717150307375346e-16
3.570567333089874410e+03 2.351247832975234433e-14 5.423822750714155131e-16
3.573314215889371553e+03 2.287424062580296633e-14 5.482052255270440447e-16
3.576061098688868697e+03 2.241496491909646236e-14 5.561062185061956036e-16
3.578807981488365840e+03 2.224840500057355540e-14 5.362466712228108188e-16
3.581554864287862983e+03 2.293540614481399684e-14 5.334459266141207052e-16
3.584301747087360127e+03 2.376716819275329450e-14 5.406145615244838461e-16
3.587048629886857270e+03 2.372940289047291784e-14 5.374044367775554692e-16
3.589795512686354414e+03 2.340823397195419682e-14 5.804287695763998095e-16
3.592542395485851557e+03 2.262194393186907124e-14 5.704930513068917313e-16
3.595289278285348701e+03 2.319892295359797384e-14 5.325449858236078235e-16
3.598036161084845844e+03 2.429692162137152313e-14 5.378977152511021581e-16
3.600783043884342987e+03 2.319092083944648629e-14 5.273327142282916288e-16
3.603529926683840131e+03 2.301297139735988711e-14 5.394228187817772720e-16
3.606276809483337274e+03 2.225372916766084023e-14 5.834647616985162841e-16
3.609023692282834418e+03 2.309970252451863370e-14 5.309170697837556657e-16
3.611770575082331561e+03 2.355158059592792277e-14 5.617390423051613233e-16
3.614517457881828705e+03 2.197479503271751828e-14 5.244753276844540679e-16
3.617264340681325848e+03 2.057488760142865685e-14 5.115057952980013487e-16
3.620011223480822991e+03 2.088206946813415131e-14 5.143766213052562603e-16
3.622758106280320135e+03 2.011709813927483388e-14 5.033881379827718510e-16
3.625504989079817278e+03 2.154158317182296870e-14 5.083373379659516184e-16
3.628251871879314422e+03 2.232055109837799626e-14 5.122290329295365571e-16
3.630998754678811565e+03 2.013158269444514832e-14 5.028211744320065792e-16
3.633745637478308709e+03 2.086400359187329454e-14 4.984343690129163922e-16
3.636492520277805852e+03 2.033431572971779076e-14 4.917787264960469080e-16
3.639239403077302995e+03 2.143452787666086107e-14 5.003578148016184510e-16
3.641986285876800139e+03 2.128063161147339983e-14 4.957569727843068964e-16
3.644733168676297282e+03 2.198365413514216912e-14 4.989973134945489055e-16
3.647480051475794426e+03 2.119190060693560923e-14 5.097987605940837988e-16
3.650226934275291569e+03 2.131820977813380260e-14 4.956866093021190081e-16
3.652973817074788712e+03 2.040359791922752773e-14 4.943399826310925752e-16
3.655720699874285856e+03 2.056795118367618081e-14 4.836740934136392561e-16
3.658467582673782999e+03 2.062108493767623518e-14 4.825657931248486751e-16
3.661214465473280143e+03 2.082603026176091391e-14 4.886976339358992782e-16
3.663961348272777286e+03 2.013467404444620260e-14 4.762741002022794153e-16
3.666708231072274430e+03 2.103421518626706890e-14 4.819069706747601906e-16
3.669455113871771573e+03 2.140197385084125256e-14 4.835286269231735076e-16
3.672201996671268716e+03 2.108671894039633220e-14 5.013317296139661705e-16
3.674948879470765860e+03 2.090362746822469347e-14 4.972578581543227579e-16
3.677695762270263003e+03 1.992467039640627189e-14 4.690775290384552465e-16
3.680442645069760147e+03 2.007363063590731649e-14 4.685295618446490922e-16
3.683189527869257290e+03 1.898872408011138311e-14 4.788514276242198759e-16
3.685936410668754434e+03 1.811592779672129579e-14 4.631351631451284281e-16
3.688683293468251577e+03 1.806033477786892429e-14 4.513120463577772903e-16
3.691430176267748720e+03 1.837501863657583919e-14 4.505172355754106029e-16
3.694177059067245864e+03 1.873032276844128630e-14 5.025957243551811545e-16
3.696923941866743007e+03 1.772568072409463499e-14 4.549965880582401026e-16
3.699670824666240151e+03 1.701319708264275678e-14 4.385317488606038497e-16
3.702417707465737294e+03 1.595764502254539557e-14 5.419167506976059999e-16
3.705164590265234438e+03 1.563879595357973479e-14 4.298345795732803749e-16
3.707911473064731581e+03 1.524533876063422008e-14 4.143728489662498445e-16
3.710658355864228724e+03 1.520661259100861066e-14 4.111212901918686005e-16
3.713405238663725868e+03 1.382095998876800956e-14 3.975237805561380226e-16
3.716152121463223011e+03 1.417773437355387531e-14 4.066975296731703249e-16
3.718899004262720155e+03 1.301502932808129909e-14 3.974770672522502824e-16
3.721645887062217298e+03 1.316146426626649874e-14 3.929663537018711223e-16
3.724392769861714442e+03 1.200411991341237948e-14 3.787316942736277584e-16
3.727139652661211585e+03 1.252262417075498326e-14 3.948498478727825065e-16
3.729886535460708728e+03 1.228037847674860768e-14 3.798580303389627663e-16
3.732633418260205872e+03 1.172614841008857817e-14 3.747641359587764606e-16
3.735380301059703015e+03 1.026501881221217179e-14 3.580658242397391294e-16
3.738127183859200159e+03 1.076277418594316485e-14 3.626467861899676090e-16
3.740874066658697302e+03 9.688690302980171359e-15 3.483833900559597553e-16
3.743620949458194445e+03 1.066851268341252687e-14 3.595888616946564371e-16
3.746367832257691589e+03 1.118053698036812410e-14 3.599072186299474720e-16
3.749114715057188732e+03 1.090206519013546650e-14 3.568219844583884014e-16
3.751861597856685876e+03 1.062986717440557657e-14 3.586216029835555189e-16
3.754608480656183019e+03 1.158238365112780881e-14 3.662111239595308572e-16
3.757355363455680163e+03 1.186550214924587544e-14 3.608079257377370669e-16
3.760102246255177306e+03 1.123607953746669650e-14 3.595562333363684824e-16
3.762849129054674449e+03 1.132216044862283511e-14 3.499934917066895305e-16
3.765596011854171593e+03 1.159917258753657655e-14 3.544830326535322901e-16
3.768342894653668736e+03 1.189361790650456735e-14 3.519788229550195230e-16
3.771089777453165880e+03 1.245602777214677312e-14 3.515687488444655904e-16
3.773836660252663023e+03 1.149556099356010007e-14 3.419095967611705681e-16
3.776583543052160167e+03 1.184369012696164045e-14 3.588608554322555160e-16
3.779330425851657310e+03 1.366406834350881218e-14 3.983467730465277592e-16
3.782077308651154453e+03 1.330885255895153802e-14 3.584887223952213417e-16
3.784824191450651597e+03 1.233302551469545864e-14 3.674078014017534089e-16
3.787571074250148740e+03 1.253640391674832800e-14 3.493093165201211842e-16
3.790317957049645884e+03 1.269008673110687054e-14 3.442458785410535988e-16
3.793064839849143027e+03 1.276360257474411374e-14 3.431825414146243484e-16
3.795811722648640171e+03 1.255438076449039758e-14 3.375223179059463297e-16
3.798558605448137314e+03 1.170663334156387263e-14 3.307601362879998732e-16
3.801305488247634457e+03 1.215409147527150855e-14 3.404977564860224701e-16
3.804052371047131601e+03 1.204653727117669175e-14 3.351368859107355541e-16
3.806799253846628744e+03 1.276450418155846481e-14 3.358835802297659379e-16
3.809546136646125888e+03 1.253134332834110520e-14 3.305831231804979615e-16
3.812293019445623031e+03 1.185678427823331857e-14 3.233979910766996896e-16
3.815039902245120174e+03 1.315754406807462371e-14 3.498424218717997774e-16
3.817786785044617318e+03 1.275196572321338900e-14 3.294621298195338627e-16
3.820533667844114461e+03 1.235580384327737965e-14 3.221850020411155959e-16
3.823280550643611605e+03 1.236899773384272847e-14 3.204739793148093039e-16
3.826027433443108748e+03 1.211697601741525134e-14 3.181493085186940796e-16
3.828774316242605892e+03 1.256290994897241131e-14 3.220771415914100476e-16
3.831521199042103035e+03 1.301036549542291864e-14 3.244119701493628451e-16
3.834268081841600178e+03 1.342830425297485455e-14 3.239091660290859858e-16
3.837014964641097322e+03 1.391428377138384295e-14 3.268887904622656310e-16
3.839761847440594465e+03 1.396752170603654894e-14 3.234039248114229215e-16
3.842508730240091609e+03 1.380654963501168495e-14 3.209683522498626278e-16
3.845255613039588752e+03 1.400237006275170576e-14 3.235450653390496095e-16
3.848002495839085896e+03 1.526861267716511606e-14 3.303269856423025653e-16
3.850749378638583039e+03 1.538526062588475655e-14 3.309323825197177266e-16
3.853496261438080182e+03 1.569341866904666353e-14 3.280651713700034002e-16
3.856243144237577326e+03 1.676574649490683609e-14 3.337274587512200872e-16
3.858990027037074469e+03 1.711225959778576465e-14 3.454792509709501990e-16
3.861736909836571613e+03 1.787880104662859619e-14 3.471438025149290074e-16
3.864483792636068756e+03 1.797108050366893768e-14 3.396759381033692576e-16
3.867230675435565900e+03 1.861437564959078486e-14 3.408977830621128787e-16
3.869977558235063043e+03 2.012828485715094806e-14 3.703812253501160352e-16
3.872724441034560186e+03 2.045416705021544083e-14 3.512733455829106475e-16
3.875471323834057330e+03 2.093046855488426203e-14 3.580448905566083757e-16
3.878218206633554473e+03 2.165418355186202779e-14 3.754383048146481100e-16
3.880965089433051617e+03 2.176517462685006359e-14 3.558954736530164554e-16
3.883711972232548760e+03 2.215187252761415755e-14 3.588140084664377105e-16
3.886458855032045903e+03 2.283159806528381088e-14 3.575376669571460718e-16
3.889205737831543047e+03 2.432622661291445439e-14 3.837654925307776992e-16
3.891952620631040190e+03 2.456188245031792220e-14 3.651775476144528188e-16
3.894699503430537334e+03 2.462731428694024584e-14 3.649673979281262689e-16
3.897446386230034477e+03 2.529801218434028889e-14 3.672232361877661109e-16
3.900193269029531621e+03 2.521156934000281357e-14 3.619010320588574794e-16
3.902940151829028764e+03 2.555591047166379273e-14 3.683085726370665780e-16
3.905687034628525907e+03 2.590706226656028300e-14 3.661087638838342193e-16
3.908433917428023051e+03 2.596950646957773623e-14 3.674658766102072372e-16
3.911180800227520194e+03 2.633474217513371078e-14 3.687412254940734740e-16
3.913927683027017338e+03 2.613999859913633912e-14 3.740128696887692410e-16
3.916674565826514481e+03 2.665035720434200475e-14 4.263900719414566495e-16
3.919421448626011625e+03 2.662089872255098701e-14 3.789790206381981123e-16
3.922168331425508768e+03 2.767838121176881991e-14 3.721027151637967868e-16
3.924915214225005911e+03 2.741855531474570322e-14 3.649397309064789510e-16
3.927662097024503055e+03 2.789684050824139774e-14 3.679107199602247607e-16
3.930408979824000198e+03 2.838138657934874888e-14 3.676329120405348075e-16
3.933155862623497342e+03 2.864118177151852429e-14 3.682985744620477435e-16
3.935902745422994485e+03 2.792191721087216426e-14 3.611336912718616914e-16
3.938649628222491629e+03 2.848203059295777812e-14 3.653823431375953528e-16
3.941396511021988772e+03 2.831678370763542683e-14 3.652647938730600508e-16
3.944143393821485915e+03 2.911522786880141970e-14 3.677697759202099432e-16
3.946890276620983059e+03 2.923018164226995446e-14 3.654694704956035867e-16
3.949637159420480202e+03 2.923113837643202534e-14 3.633873331865887485e-16
3.952384042219977346e+03 2.971567571454655495e-14 3.643383141219545016e-16
3.955130925019474489e+03 2.961317409417269001e-14 3.659176677024864578e-16
3.957877807818971633e+03 3.035143641054131307e-14 3.688457722081553763e-16
3.960624690618468776e+03 3.082316404182937453e-14 3.676594666727385192e-16
3.963371573417965919e+03 3.055044190007185492e-14 3.679904801075499948e-16
3.966118456217463063e+03 2.956739201722831498e-14 3.964782996539618705e-16
3.968865339016960206e+03 2.904200366745894246e-14 3.657485266075892641e-16
3.971612221816457350e+03 2.895265334338174356e-14 3.530963082661358764e-16
3.974359104615954493e+03 2.862792108681367145e-14 3.540491270996236697e-16
3.977105987415451636e+03 2.808941418639237169e-14 3.487970169224926928e-16
3.979852870214948780e+03 2.732838781860396422e-14 3.411209549407710264e-16
3.982599753014445923e+03 2.688309424915290971e-14 3.448089971027040684e-16
3.985346635813943067e+03 2.683512830690541915e-14 3.412854294383991284e-16
3.988093518613440210e+03 2.528849963197749984e-14 3.293645147249997526e-16
3.990840401412937354e+03 2.425626308179852050e-14 3.261295559189531576e-16
3.993587284212434497e+03 2.354246603754026943e-14 3.288176460951071773e-16
3.996334167011931640e+03 2.254098326583071146e-14 3.173550264727603192e-16
3.999081049811428784e+03 2.202443710260233530e-14 3.159178245142519567e-16
4.001827932610925927e+03 2.201746793112618767e-14 3.115536809318538581e-16
4.004574815410423071e+03 2.198985562992906753e-14 3.144005533646720554e-16
4.007321698209920214e+03 2.162884160537774875e-14 3.064743375543589617e-16
4.010068581009417358e+03 2.153741645298438571e-14 3.066394936441255792e-16
4.012815463808914501e+03 2.160635927802871040e-14 3.065206039982830628e-16
4.015562346608411644e+03 2.130962015650004043e-14 3.046381980587601733e-16
4.018309229407908788e+03 2.068244398803232230e-14 2.990969674474243657e-16
4.021056112207405931e+03 2.064717732593705480e-14 2.999831316318180198e-16
4.023802995006903075e+03 2.030671975081282926e-14 2.970956567609022932e-16
4.026549877806400218e+03 2.107984839308550701e-14 3.211689924998612931e-16
4.029296760605897362e+03 2.119785585552781661e-14 3.032456933435863888e-16
4.032043643405394505e+03 2.056053166715963386e-14 2.934795835928964419e-16
4.034790526204891648e+03 2.101863448840084928e-14 2.984619493580734277e-16
4.037537409004388792e+03 2.113136109553987361e-14 2.960111234186824595e-16
4.040284291803885935e+03 2.111834142787738638e-14 2.951415039485224921e-16
4.043031174603383079e+03 2.152462489412149668e-14 2.998671939388331767e-16
4.045778057402880222e+03 2.155758317018980600e-14 2.975071584975165825e-16
4.048524940202377365e+03 2.235760776623031343e-14 3.098453906612602258e-16
4.051271823001874509e+03 2.247680139369408343e-14 3.068183051603346808e-16
4.054018705801371652e+03 2.287933639510838929e-14 3.032715937883740939e-16
4.056765588600868796e+03 2.317773319825034739e-14 3.041375125026952932e-16
4.059512471400365939e+03 2.311767089384927346e-14 3.055681237232435598e-16
4.062259354199863083e+03 2.370833077324054267e-14 3.044873131131135269e-16
4.065006236999360226e+03 2.433978631921755816e-14 3.136562864771418291e-16
4.067753119798857369e+03 2.456664954789420387e-14 3.110202191116674157e-16
4.070500002598354513e+03 2.495466447150322957e-14 3.184580846524072776e-16
4.073246885397851656e+03 2.458188499459720455e-14 3.098702932761063959e-16
4.075993768197348800e+03 2.506203741679725801e-14 3.126712719800412947e-16
4.078740650996845943e+03 2.616863478231950992e-14 3.149435379321201558e-16
4.081487533796343087e+03 2.632118595629307909e-14 3.135061153800868902e-16
4.084234416595840230e+03 2.747073607379358819e-14 3.226987515499282942e-16
4.086981299395337373e+03 2.780133483920747404e-14 3.204673751926848358e-16
4.089728182194834517e+03 2.768966364748906413e-14 3.188250312161195612e-16
4.092475064994331660e+03 2.772984314708689484e-14 3.196560555419528376e-16
4.095221947793828804e+03 2.771852385680910015e-14 3.253882412522699661e-16
4.097968830593325947e+03 2.795009465254849138e-14 3.218699065197588349e-16
4.100715713392823091e+03 2.767093260160177230e-14 3.185370317308596678e-16
4.103462596192320234e+03 2.759630246221598002e-14 3.183452712639689511e-16
4.106209478991817377e+03 2.849041908420353740e-14 3.213296231117799790e-16
4.108956361791314521e+03 2.850109053731144305e-14 3.216914921180629688e-16
4.111703244590811664e+03 2.817165586519752670e-14 3.195800494478671797e-16
4.114450127390308808e+03 2.888340216592536020e-14 3.230115552334641865e-16
4.117197010189805951e+03 2.851871052474020189e-14 3.198182306912819780e-16
4.119943892989303095e+03 2.845587671567321491e-14 3.202522046852283023e-16
4.122690775788800238e+03 2.796362267841586564e-14 3.177956646203281473e-16
4.125437658588297381e+03 2.818228024202039825e-14 3.180959958072956115e-16
4.128184541387794525e+03 2.782856455945266572e-14 3.149898916078707793e-16
4.130931424187291668e+03 2.699188381857958850e-14 3.112271981332618312e-16
4.133678306986788812e+03 2.697093368746839858e-14 3.123208275460885708e-16
4.136425189786285955e+03 2.668199373974216597e-14 3.098816330941283922e-16
4.139172072585783098e+03 2.669353603419200074e-14 3.078408024380436951e-16
4.141918955385280242e+03 2.678816064027302328e-14 3.069152631493683379e-16
4.144665838184777385e+03 2.647923428888366259e-14 3.046213197142590167e-16
4.147412720984274529e+03 2.577152129621045509e-14 3.021551371661481988e-16
4.150159603783771672e+03 2.514275265014919143e-14 2.997376262284230753e-16
4.152906486583268816e+03 2.488104186725343932e-14 3.017292975824952302e-16
4.155653369382765959e+03 2.503892007750776299e-14 2.987336565441240838e-16
4.158400252182263102e+03 2.519872246236907130e-14 2.962266330370300758e-16
4.161147134981760246e+03 2.535354791226410727e-14 3.004375578062174652e-16
4.163894017781257389e+03 2.492863788304835725e-14 3.002133204472534120e-16
4.166640900580754533e+03 2.399264033515572040e-14 2.949865360187639338e-16
4.169387783380251676e+03 2.401501673615493978e-14 2.991801142367174078e-16
4.172134666179748820e+03 2.471099307586394614e-14 3.042809129254278737e-16
4.174881548979245963e+03 2.438425846029680046e-14 2.976606930618268971e-16
4.177628431778743106e+03 2.393412465320638436e-14 2.903242881792909548e-16
4.180375314578240250e+03 2.358321712108356393e-14 2.845448347379137853e-16
4.183122197377737393e+03 2.373917506530506930e-14 2.861981389348314769e-16
4.185869080177234537e+03 2.412045134906459227e-14 2.880215103656404005e-16
4.188615962976731680e+03 2.340596501988538373e-14 2.838878378495857405e-16
4.191362845776228824e+03 2.355665127171997361e-14 2.849089382275452842e-16
4.194109728575725967e+03 2.407136473462471349e-14 2.854687888229791034e-16
4.196856611375223110e+03 2.400821761232396598e-14 2.856606510436149287e-16
4.199603494174720254e+03 2.301456121254002362e-14 2.805421173180788957e-16
4.202350376974217397e+03 2.283836042945096911e-14 2.788492331187141839e-16
4.205097259773714541e+03 2.270865159912657166e-14 2.771670548950633688e-16
4.207844142573211684e+03 2.314155567464169748e-14 2.814652930462526264e-16
4.210591025372708827e+03 2.303705529024935314e-14 2.826455590744332750e-16
4.213337908172205971e+03 2.249272362230974619e-14 2.796750875033451033e-16
4.216084790971703114e+03 2.207142979042409540e-14 2.776081301688188272e-16
4.218831673771200258e+03 2.225553291454439026e-14 2.773023552699093105e-16
4.221578556570697401e+03 2.152724718025267314e-14 2.695117729148377336e-16
4.224325439370194545e+03 2.106733693818614238e-14 2.678080908586102667e-16
4.227072322169691688e+03 2.133964578622936116e-14 2.687470216842722400e-16
4.229819204969188831e+03 2.151041916981574411e-14 2.689656294596672166e-16
4.232566087768685975e+03 2.100998440895152957e-14 2.659199113556466745e-16
4.235312970568183118e+03 2.041559441871105264e-14 2.651845343934696733e-16
4.238059853367680262e+03 2.039317262278862205e-14 2.645481817779018342e-16
4.240806736167177405e+03 2.027462167302325044e-14 2.623865216827785047e-16
4.243553618966674549e+03 2.051929623252208558e-14 2.937563888891122918e-16
4.246300501766171692e+03 2.048016036696145236e-14 2.722847935813039035e-16
4.249047384565668835e+03 2.004726880428458113e-14 2.612095219279811268e-16
4.251794267365165979e+03 1.979829307254248720e-14 2.612116459707612925e-16
4.254541150164663122e+03 1.932277561666404172e-14 2.566348006933830628e-16
4.257288032964160266e+03 1.940147743222359254e-14 2.557372576699968045e-16
4.260034915763657409e+03 1.907252007082331216e-14 2.528582086196945829e-16
4.262781798563154553e+03 1.879592567420411992e-14 2.569405273534908730e-16
4.265528681362651696e+03 1.860484610299107902e-14 2.541060228830169938e-16
4.268275564162148839e+03 1.842048106089823539e-14 2.500670756634779950e-16
4.271022446961645983e+03 1.842833758067989046e-14 2.495870096424358523e-16
4.273769329761143126e+03 1.836491311020394648e-14 2.482178761688658592e-16
4.276516212560640270e+03 1.821469471437498876e-14 2.465532772612836243e-16
4.279263095360137413e+03 1.764880347962398168e-14 2.429194074067598647e-16
4.282009978159634557e+03 1.769135945485693583e-14 2.447791631861608874e-16
4.284756860959131700e+03 1.748836089031232886e-14 2.431521297713384390e-16
4.287503743758628843e+03 1.720508983055167776e-14 2.482941142896798971e-16
4.290250626558125987e+03 1.659314933902720470e-14 2.409492598777105218e-16
4.292997509357623130e+03 1.607187583965002454e-14 2.337513655826015885e-16
4.295744392157120274e+03 1.649863422105803491e-14 2.358155561962437790e-16
4.298491274956617417e+03 1.633713421271273144e-14 2.334448387593138040e-16
4.301238157756114560e+03 1.583763356287110847e-14 2.316075939691206315e-16
4.303985040555611704e+03 1.577019183031253135e-14 2.309275080767524707e-16
4.306731923355108847e+03 1.549740627807548881e-14 2.283218195768924302e-16
4.309478806154605991e+03 1.557368117541399820e-14 2.290234147258881888e-16
4.312225688954103134e+03 1.549993262227455077e-14 2.276238429342588439e-16
4.314972571753600278e+03 1.519424224647004402e-14 2.299973490158286461e-16
4.317719454553097421e+03 1.499508650030071408e-14 2.306473196119127288e-16
4.320466337352594564e+03 1.420462679187331630e-14 2.213470651533665146e-16
4.323213220152091708e+03 1.380194414659229960e-14 2.179366822919597563e-16
4.325960102951588851e+03 1.338464285992952078e-14 2.145160621818010982e-16
4.328706985751085995e+03 1.335641824500629168e-14 2.148285909693867088e-16
4.331453868550583138e+03 1.320596549792441261e-14 2.203062064215652336e-16
4.334200751350080282e+03 1.308806918513195813e-14 2.146834701489304664e-16
4.336947634149577425e+03 1.317003214940583584e-14 2.185039263508694586e-16
4.339694516949074568e+03 1.301509058581783787e-14 2.142357293503624551e-16
4.342441399748571712e+03 1.324438218840276696e-14 2.132427579247488537e-16
4.345188282548068855e+03 1.338211923173895625e-14 2.125613619528057683e-16
4.347935165347565999e+03 1.356243762591357980e-14 2.133990835388030216e-16
4.350682048147063142e+03 1.334449870219823116e-14 2.214006609174754194e-16
4.353428930946560286e+03 1.411186668124937669e-14 2.202849506416573138e-16
4.356175813746057429e+03 1.438620706469165602e-14 2.167356290561858791e-16
4.358922696545554572e+03 1.511000379861716855e-14 2.217093812027216140e-16
4.361669579345051716e+03 1.568184725400285330e-14 2.236802525781125354e-16
4.364416462144548859e+03 1.539991981384276828e-14 2.210799430133087052e-16
4.367163344944046003e+03 1.580000307925590439e-14 2.240133495946109419e-16
4.369910227743543146e+03 1.638028802084519557e-14 2.275773119224293577e-16
4.372657110543040289e+03 1.648176198547087764e-14 2.268214702259564241e-16
4.375403993342537433e+03 1.657382264171870891e-14 2.263924611062078317e-16
4.378150876142034576e+03 1.674685679336928874e-14 2.271507219431961588e-16
4.380897758941531720e+03 1.716795209034399271e-14 2.306924637717872118e-16
4.383644641741028863e+03 1.668109061208987766e-14 2.263178889108837768e-16
4.386391524540526007e+03 1.704241237618710110e-14 2.291707741473004205e-16
4.389138407340023150e+03 1.755607714185843561e-14 2.303271874278462960e-16
4.391885290139520293e+03 1.713832257826605130e-14 2.286469387306293596e-16
4.394632172939017437e+03 1.701932678573896722e-14 2.295253758855654396e-16
4.397379055738514580e+03 1.702515315513888723e-14 2.275925171708555840e-16
4.400125938538011724e+03 1.773559428762416074e-14 2.309002506441107660e-16
4.402872821337508867e+03 1.773072635917243043e-14 2.301455469087056260e-16
4.405619704137006011e+03 1.726742556492221579e-14 2.274444891366591712e-16
4.408366586936503154e+03 1.766444364811937816e-14 2.302476623671140347e-16
4.411113469736000297e+03 1.785771633094529998e-14 2.305695917305151870e-16
4.413860352535497441e+03 1.786672159993308631e-14 2.296531154784564902e-16
4.416607235334994584e+03 1.722210488042993338e-14 2.259735281586512359e-16
4.419354118134491728e+03 1.729625982575807638e-14 2.317101173869111201e-16
4.422101000933988871e+03 1.684443279315445532e-14 2.262228714581944756e-16
4.424847883733486015e+03 1.649902902297510409e-14 2.228750945033080098e-16
4.427594766532983158e+03 1.676352145796980298e-14 2.241839298974746163e-16
4.430341649332480301e+03 1.682011242665588121e-14 2.256354749667965294e-16
4.433088532131977445e+03 1.668765817939732743e-14 2.229822088697167650e-16
4.435835414931474588e+03 1.646738337955398984e-14 2.207187061238236964e-16
4.438582297730971732e+03 1.661809565572217295e-14 2.219687037860632668e-16
4.441329180530468875e+03 1.678076938202606858e-14 2.233471861036235402e-16
4.444076063329966019e+03 1.672501455339123252e-14 2.225240252977487743e-16
4.446822946129463162e+03 1.649342967170804196e-14 2.195943772258166114e-16
4.449569828928960305e+03 1.622770062492460746e-14 2.178424975982095340e-16
4.452316711728457449e+03 1.634875733626895368e-14 2.288588117378526882e-16
4.455063594527954592e+03 1.686896095634724201e-14 2.268971098558215950e-16
4.457810477327451736e+03 1.714789204490232787e-14 2.408445948900663615e-16
4.460557360126948879e+03 1.715975657068873318e-14 2.325803397163977623e-16
4.463304242926446022e+03 1.736804079428962085e-14 2.244039230052412920e-16
4.466051125725943166e+03 1.796931992924345625e-14 2.268636627065802710e-16
4.468798008525440309e+03 1.851982422344648881e-14 2.289427752415126967e-16
4.471544891324937453e+03 1.846079354970581652e-14 2.272040293024208409e-16
4.474291774124434596e+03 1.903366125580879691e-14 2.320539937766379244e-16
4.477038656923931740e+03 1.955544602464215633e-14 2.331752629242063423e-16
4.479785539723428883e+03 1.953801706765744603e-14 2.327787369338506886e-16
4.482532422522926026e+03 1.988428025493512378e-14 2.344192231333521761e-16
4.485279305322423170e+03 2.038315589029101278e-14 2.364467288761983918e-16
4.488026188121920313e+03 2.021259717707899562e-14 2.348409411785999668e-16
4.490773070921417457e+03 2.019140168871020175e-14 2.361505059682905320e-16
4.493519953720914600e+03 2.038006783735514290e-14 2.369577241646703302e-16
4.496266836520411744e+03 2.070305524603914209e-14 2.373618522423117194e-16
4.499013719319908887e+03 2.181149367540690144e-14 2.431698321014560773e-16
4.501760602119406030e+03 2.157463731805568304e-14 2.424932995965022021e-16
4.504507484918903174e+03 2.143043835727490515e-14 2.434572140443990191e-16
4.507254367718400317e+03 2.182614431167416333e-14 2.439727733098922250e-16
4.510001250517897461e+03 2.194971907176916159e-14 2.432842890608700633e-16
4.512748133317394604e+03 2.185973802326442718e-14 2.469683598862206660e-16
4.515495016116891748e+03 2.181833305908824317e-14 2.464075957337723655e-16
4.518241898916388891e+03 2.147958154014674387e-14 2.432824319131045326e-16
4.520988781715886034e+03 2.182891133286373125e-14 2.475349569513165693e-16
4.523735664515383178e+03 2.225993018997939137e-14 2.455923700837087722e-16
4.526482547314880321e+03 2.173643596108557534e-14 2.432703928369877069e-16
4.529229430114377465e+03 2.162170405945700765e-14 2.423245906794309321e-16
4.531976312913874608e+03 2.203478307302319002e-14 2.444871745380628451e-16
4.534723195713371751e+03 2.217437562856249153e-14 2.441733707470422214e-16
4.537470078512868895e+03 2.233991165199263214e-14 2.583002782070646830e-16
4.540216961312366038e+03 2.252978417595402143e-14 2.515061156012683304e-16
4.542963844111863182e+03 2.219087529291120898e-14 2.746701075402721032e-16
4.545710726911360325e+03 2.251324982463544644e-14 2.593850120269721021e-16
4.548457609710857469e+03 2.277953138728315924e-14 2.465004780082868209e-16
4.551204492510354612e+03 2.245883405870629158e-14 2.440295096439063462e-16
4.553951375309851755e+03 2.220489388517249340e-14 2.457948209903276148e-16
4.556698258109348899e+03 2.244622843910260029e-14 2.458278196840964508e-16
4.559445140908846042e+03 2.280377456011165236e-14 2.456353263373179163e-16
4.562192023708343186e+03 2.267864534736449487e-14 2.448789982357391897e-16
4.564938906507840329e+03 2.233284639921931787e-14 2.431523326439820946e-16
4.567685789307337473e+03 2.200541441354705266e-14 2.428196242733666990e-16
4.570432672106834616e+03 2.143255057548721849e-14 2.397418923946745273e-16
4.573179554906331759e+03 2.187155120903496354e-14 2.514959798875073782e-16
4.575926437705828903e+03 2.199293697867243952e-14 2.751189946847719269e-16
4.578673320505326046e+03 2.142020647783827428e-14 2.514198781031963513e-16
4.581420203304823190e+03 2.109658401163245713e-14 2.372082872679818335e-16
4.584167086104320333e+03 2.130986968580746556e-14 2.388996798255661450e-16
4.586913968903817477e+03 2.160692834647015169e-14 2.400977340664226703e-16
4.589660851703314620e+03 2.165796436954538400e-14 2.404130832384146139e-16
4.592407734502811763e+03 2.152965237545031125e-14 2.410285301277966127e-16
4.595154617302308907e+03 2.122746711119862199e-14 2.387879144434687008e-16
4.597901500101806050e+03 2.136354854994166224e-14 2.392500632181788509e-16
4.600648382901303194e+03 2.120435694016688377e-14 2.390139846935934920e-16
4.603395265700800337e+03 2.073952300568442998e-14 2.360007683608821791e-16
4.606142148500297480e+03 2.059090881561236606e-14 2.352926226816710125e-16
4.608889031299794624e+03 2.124955431830411545e-14 2.391564904254841258e-16
4.611635914099291767e+03 2.159965131893541368e-14 2.987673857924870018e-16
4.614382796898788911e+03 2.101565652729529832e-14 3.283294256437740586e-16
4.617129679698286054e+03 2.103016646199697748e-14 2.398572972830430464e-16
4.619876562497783198e+03 2.165998079188470983e-14 2.425312277947383475e-16
4.622623445297280341e+03 2.154440380159653268e-14 2.438768970574540092e-16
4.625370328096777484e+03 2.172570013865198223e-14 2.453036263526404675e-16
4.628117210896274628e+03 2.173669347663278782e-14 2.423879900845702251e-16
4.630864093695771771e+03 2.157179934907919355e-14 2.416593603714416487e-16
4.633610976495268915e+03 2.169105934088179070e-14 2.428757427857830479e-16
4.636357859294766058e+03 2.135991002968264324e-14 2.409019505444153180e-16
4.639104742094263202e+03 2.111645206333855463e-14 2.970382743395146264e-16
4.641851624893760345e+03 2.117255582824700454e-14 3.291138575622703458e-16
4.644598507693257488e+03 2.096099938833581403e-14 2.373588874330290899e-16
4.647345390492754632e+03 2.104951768374680939e-14 2.387064558187225790e-16
4.650092273292251775e+03 2.050042188612321170e-14 2.356752237136673226e-16
4.652839156091748919e+03 1.974927938249774014e-14 2.314251969961129004e-16
4.655586038891246062e+03 2.027372298506000024e-14 2.369555047293906140e-16
4.658332921690743206e+03 1.975825624065561993e-14 2.364678621265212148e-16
4.661079804490240349e+03 1.950924126233391247e-14 2.359126314078808872e-16
4.663826687289737492e+03 1.948147220998099891e-14 2.513000435388567966e-16
4.666573570089234636e+03 1.869479970160110763e-14 2.344983393531604524e-16
4.669320452888731779e+03 1.794031538514244900e-14 2.237500242649773060e-16
4.672067335688228923e+03 1.781157092245003775e-14 2.230338261843914233e-16
4.674814218487726066e+03 1.756848106264609829e-14 2.213051105854200466e-16
4.677561101287223210e+03 1.721010981639919623e-14 2.200005647053618296e-16
4.680307984086720353e+03 1.723845072553243513e-14 2.208746359006646639e-16
4.683054866886217496e+03 1.726564258456652387e-14 2.212524250024700992e-16
4.685801749685714640e+03 1.699380029281063026e-14 2.215170249097070957e-16
4.688548632485211783e+03 1.654095402133209574e-14 2.184860663633411137e-16
4.691295515284708927e+03 1.631374026392160807e-14 2.168565958988684058e-16
4.694042398084206070e+03 1.626704037331849258e-14 2.217563277048372239e-16
4.696789280883703213e+03 1.639467163559064138e-14 2.189674802571062577e-16
4.699536163683200357e+03 1.687577732138307152e-14 2.276898217267202222e-16
4.702283046482697500e+03 1.661149460943818157e-14 2.213635427371721059e-16
4.705029929282194644e+03 1.648745207628477017e-14 2.198792657864498698e-16
4.707776812081691787e+03 1.649067598291462244e-14 2.185300566021599453e-16
4.710523694881188931e+03 1.646935333905303665e-14 2.174893582790486611e-16
4.713270577680686074e+03 1.690170555746921262e-14 2.206076237257353616e-16
4.716017460480183217e+03 1.689776053381862339e-14 2.201863927216132082e-16
4.718764343279680361e+03 1.670550255820614067e-14 2.190699330713011932e-16
4.721511226079177504e+03 1.711559589731735684e-14 2.218003705610453280e-16
4.724258108878674648e+03 1.668887554739088194e-14 2.187823639829379499e-16
4.727004991678171791e+03 1.649423466178327585e-14 2.185264756805267769e-16
4.729751874477668935e+03 1.636720372206231188e-14 2.191668978977885458e-16
4.732498757277166078e+03 1.602847860015165845e-14 2.165963063994389835e-16
4.735245640076663221e+03 1.622419467101065054e-14 2.171587131582455543e-16
4.737992522876160365e+03 1.590734060072669959e-14 2.164651012103316261e-16
4.740739405675657508e+03 1.579841191543869415e-14 2.172485036715226412e-16
4.743486288475154652e+03 1.604060390702616839e-14 2.182024182212379087e-16
4.746233171274651795e+03 1.557885490284372939e-14 2.150134294146883474e-16
4.748980054074148939e+03 1.544036269674724192e-14 2.148379676981461092e-16
4.751726936873646082e+03 1.546479741619639240e-14 2.146465036293950602e-16
4.754473819673143225e+03 1.522091522638992766e-14 2.126985526695732191e-16
4.757220702472640369e+03 1.491987245554069113e-14 2.114852246468031915e-16
4.759967585272137512e+03 1.486085534113355832e-14 2.108237024850791062e-16
4.762714468071634656e+03 1.453776174705839554e-14 2.088434044296395492e-16
4.765461350871131799e+03 1.420171103508267656e-14 2.078717350810584130e-16
4.768208233670628942e+03 1.399794604500144847e-14 2.063029369935906514e-16
4.770955116470126086e+03 1.407220081723133490e-14 2.067726970168915116e-16
4.773701999269623229e+03 1.406953493066617920e-14 2.068439770310616578e-16
4.776448882069120373e+03 1.422426602820128534e-14 2.118562818791305586e-16
4.779195764868617516e+03 1.403803913078273361e-14 2.072140658630009880e-16
4.781942647668114660e+03 1.373144882373734502e-14 2.037854810520719435e-16
4.784689530467611803e+03 1.362432063929094614e-14 2.033800537519813757e-16
4.787436413267108946e+03 1.367078282911800729e-14 2.053248842710675359e-16
4.790183296066606090e+03 1.374292059715938718e-14 2.042950025831081718e-16
4.792930178866103233e+03 1.387538505962770118e-14 2.048681124551966041e-16
4.795677061665600377e+03 1.432765108124420780e-14 2.083969041438349706e-16
4.798423944465097520e+03 1.430759309829835965e-14 2.068625117589558631e-16
4.801170827264594664e+03 1.437167209178849904e-14 2.073057702859011461e-16
4.803917710064091807e+03 1.491029989988196052e-14 2.111240867506987393e-16
4.806664592863588950e+03 1.534468364917318071e-14 2.154611599001038740e-16
4.809411475663086094e+03 1.489872558109315988e-14 2.100235498268648127e-16
4.812158358462583237e+03 1.502972611847581550e-14 2.115760160785370699e-16
4.814905241262080381e+03 1.507324580981772906e-14 2.133781861455382347e-16
4.817652124061577524e+03 1.524197053757176164e-14 2.121745906811164006e-16
4.820399006861074668e+03 1.512003330801316376e-14 2.111417983154103514e-16
4.823145889660571811e+03 1.458063883530284569e-14 2.089515940631492643e-16
4.825892772460068954e+03 1.447340139243812787e-14 2.082313205435583130e-16
4.828639655259566098e+03 1.488258527063200891e-14 2.105590838468485579e-16
4.831386538059063241e+03 1.478901997278314610e-14 2.098674386140196223e-16
4.834133420858560385e+03 1.431171840143402691e-14 2.065239696235877234e-16
4.836880303658057528e+03 1.421825451045793871e-14 2.075839213311838665e-16
4.839627186457554672e+03 1.382542346048315985e-14 2.055861512234454940e-16
4.842374069257051815e+03 1.333498196298071649e-14 2.024004652139514630e-16
4.845120952056548958e+03 1.326614885676447500e-14 2.013315192947946947e-16
4.847867834856046102e+03 1.301027833961509422e-14 2.006518172763385418e-16
4.850614717655543245e+03 1.280819031490003980e-14 1.993320813640997781e-16
4.853361600455040389e+03 1.254104796951147274e-14 1.969821443948992692e-16
4.856108483254537532e+03 1.260956891018263521e-14 1.992187333649418728e-16
4.858855366054034675e+03 1.214598280393884215e-14 1.975478639822826972e-16
4.861602248853531819e+03 1.196203988935749235e-14 1.964221532308924248e-16
4.864349131653028962e+03 1.166341328913346009e-14 1.927527299558506380e-16
4.867096014452526106e+03 1.094823856934318184e-14 1.875255050390200265e-16
4.869842897252023249e+03 1.062031821859847116e-14 1.860450484662673068e-16
4.872589780051520393e+03 1.089646794939001933e-14 1.883536459352795322e-16
4.875336662851017536e+03 1.060933113225625950e-14 1.862549030029601601e-16
4.878083545650514679e+03 1.036122117468991431e-14 1.861775943047921823e-16
4.880830428450011823e+03 1.010784191458615275e-14 1.828128251073099970e-16
4.883577311249508966e+03 1.027097276245173081e-14 1.878204759766219307e-16
4.886324194049006110e+03 1.024099025548730299e-14 1.843400804240465236e-16
4.889071076848503253e+03 9.857532490961199608e-15 1.813449788772091657e-16
4.891817959648000397e+03 9.680502123053147921e-15 1.799550522521580699e-16
4.894564842447497540e+03 9.471855847578903847e-15 1.853261257544847417e-16
4.897311725246994683e+03 9.773807590788674532e-15 1.831671391927975843e-16
4.900058608046491827e+03 1.032761272744273945e-14 1.897433677074661413e-16
4.902805490845988970e+03 1.035762329087940465e-14 1.851079630958472620e-16
4.905552373645486114e+03 1.024059771340053680e-14 1.915568771018222074e-16
4.908299256444983257e+03 1.047456846284446480e-14 1.933183613472278490e-16
4.911046139244480401e+03 1.089936792719783652e-14 1.888798416746048787e-16
4.913793022043977544e+03 1.103838034988716059e-14 2.026842552144418728e-16
4.916539904843474687e+03 1.121018725815091609e-14 1.935517155858620923e-16
4.919286787642971831e+03 1.118202991334670137e-14 1.906288305224039967e-16
4.922033670442468974e+03 1.145200601756752335e-14 1.911136498317986802e-16
4.924780553241966118e+03 1.149424445549629012e-14 1.903701974652029402e-16
4.927527436041463261e+03 1.158121177482813558e-14 1.917720219921633611e-16
4.930274318840960404e+03 1.170223670180105900e-14 1.926640600246263812e-16
4.933021201640457548e+03 1.198457695913768287e-14 1.958708551515967901e-16
4.935768084439954691e+03 1.212664095326683866e-14 2.052845224137908930e-16
4.938514967239451835e+03 1.224538922733492663e-14 2.096207306835469972e-16
4.941261850038948978e+03 1.229957144502619742e-14 1.989958883933145005e-16
4.944008732838446122e+03 1.224973061338756698e-14 2.061563482647467814e-16
4.946755615637943265e+03 1.206037819330146580e-14 1.961044617503476085e-16
4.949502498437440408e+03 1.205530387164864136e-14 2.066936604040430124e-16
4.952249381236937552e+03 1.232729649850790786e-14 2.107836222393759211e-16
4.954996264036434695e+03 1.240881658881017626e-14 1.989024827266406594e-16
4.957743146835931839e+03 1.175807234466319204e-14 1.917670291202328599e-16
4.960490029635428982e+03 1.192209567907336551e-14 1.946080873018744234e-16
4.963236912434926126e+03 1.204364851099512382e-14 1.943405713700438129e-16
4.965983795234423269e+03 1.204157851426768839e-14 2.029768818366371678e-16
4.968730678033920412e+03 1.205301655330943972e-14 1.966515850735692530e-16
4.971477560833417556e+03 1.176736021198964322e-14 1.922981598631124675e-16
4.974224443632914699e+03 1.199044329868796678e-14 1.943842622484604215e-16
4.976971326432411843e+03 1.212165326570151770e-14 1.946274041307342430e-16
4.979718209231908986e+03 1.249931047530201291e-14 1.976595366867487735e-16
4.982465092031406130e+03 1.180055966607438622e-14 1.937545348402610554e-16
4.985211974830903273e+03 1.177332100443027755e-14 1.963884024604127549e-16
4.987958857630400416e+03 1.139867830083385317e-14 1.911583219214759774e-16
4.990705740429897560e+03 1.198350454024102851e-14 1.987090602783888410e-16
4.993452623229394703e+03 1.192800307407329038e-14 2.047802747067952876e-16
4.996199506028891847e+03 1.236152481696010603e-14 2.023596568105983190e-16
4.998946388828388990e+03 1.207441875992125009e-14 1.957279223912074103e-16
5.001693271627886134e+03 1.218268228675958637e-14 1.968644387517041344e-16
5.004440154427383277e+03 1.212165227631199998e-14 1.963124543464055975e-16
5.007187037226880420e+03 1.208028849203327714e-14 1.967154029210590531e-16
5.009933920026377564e+03 1.230441764623719984e-14 1.980000163882287042e-16
5.012680802825874707e+03 1.231591747420808031e-14 1.978149868901284965e-16
5.015427685625371851e+03 1.271783652898618735e-14 2.023934366038967517e-16
5.018174568424868994e+03 1.254147661236966740e-14 2.003753265068604002e-16
5.020921451224366137e+03 1.280510153307757622e-14 2.015836232256659261e-16
5.023668334023863281e+03 1.245923406889596744e-14 1.979147627758615532e-16
5.026415216823360424e+03 1.239172731383848948e-14 2.045170557243563712e-16
5.029162099622857568e+03 1.196608284737356183e-14 1.990154063998816899e-16
5.031908982422354711e+03 1.239156962796003211e-14 2.015669110589902036e-16
5.034655865221851855e+03 1.248425839157700014e-14 2.046481904295513910e-16
5.037402748021348998e+03 1.282448390380818004e-14 2.026480411067047054e-16
5.040149630820846141e+03 1.223694198198860006e-14 1.974365436229977977e-16
5.042896513620343285e+03 1.223033031730677762e-14 1.997262837563249357e-16
5.045643396419840428e+03 1.290826639289357658e-14 2.033308667066957462e-16
5.048390279219337572e+03 1.272143093902028164e-14 2.012739436389250759e-16
5.051137162018834715e+03 1.274698736253338160e-14 2.015395757527809414e-16
5.053884044818331859e+03 1.283354742189700786e-14 2.039002783506752513e-16
5.056630927617829002e+03 1.288713703661019561e-14 2.126493610233921919e-16
5.059377810417326145e+03 1.334280303271179460e-14 2.106643296878802456e-16
5.062124693216823289e+03 1.254645865574728498e-14 2.000133637879979810e-16
5.064871576016320432e+03 1.325819459799472361e-14 2.099899235500258069e-16
5.067618458815817576e+03 1.351055996817412384e-14 2.088590612070364186e-16
5.070365341615314719e+03 1.288809253516586854e-14 2.031008941285522590e-16
5.073112224414811863e+03 1.352249514558687940e-14 2.080671035525950285e-16
5.075859107214309006e+03 1.351736286657448382e-14 2.067091853344960887e-16
5.078605990013806149e+03 1.306878109216997484e-14 2.239249841785605078e-16
5.081352872813303293e+03 1.358924201113131286e-14 2.108922565675908884e-16
5.084099755612800436e+03 1.380619983354044819e-14 2.124534378260572681e-16
5.086846638412297580e+03 1.427424321229166934e-14 2.181718185219633333e-16
5.089593521211794723e+03 1.410223716778537308e-14 2.111805427187359809e-16
5.092340404011291866e+03 1.409400611976300995e-14 2.152875396352158453e-16
5.095087286810789010e+03 1.430315047789649019e-14 2.140757909132135250e-16
5.097834169610286153e+03 1.453652044694029304e-14 2.200156025228781511e-16
5.100581052409783297e+03 1.437598215349300682e-14 2.183173108151798262e-16
5.103327935209280440e+03 1.471586613192248927e-14 2.208344802896568197e-16
5.106074818008777584e+03 1.491487805900344962e-14 2.178173034352244812e-16
5.108821700808274727e+03 1.489619222296808203e-14 2.172073819088792698e-16
5.111568583607771870e+03 1.502070674993538211e-14 2.190285559664574272e-16
5.114315466407269014e+03 1.463335156944404312e-14 2.157617545588191199e-16
5.117062349206766157e+03 1.546277896200498719e-14 2.303884929008155005e-16
5.119809232006263301e+03 1.525276987485299929e-14 2.200017216574132405e-16
5.122556114805760444e+03 1.489633201224246733e-14 2.173794496538506398e-16
5.125302997605257588e+03 1.511597197529517894e-14 2.205415939309168564e-16
5.128049880404754731e+03 1.624284066562858425e-14 2.493920013098034764e-16
5.130796763204251874e+03 1.574407953085833127e-14 2.256134125751231833e-16
5.133543646003749018e+03 1.561650019008663705e-14 2.245405592355541859e-16
5.136290528803246161e+03 1.582585897867972900e-14 2.250108229669369084e-16
5.139037411602743305e+03 1.599339510898764139e-14 2.303174093173426854e-16
5.141784294402240448e+03 1.583735495286093657e-14 2.260349006117661207e-16
5.144531177201737592e+03 1.565065043618931070e-14 2.244997739810635623e-16
5.147278060001234735e+03 1.550672671717149903e-14 2.245338430944461059e-16
5.150024942800731878e+03 1.541956440694023262e-14 2.240861184800036456e-16
5.152771825600229022e+03 1.518273207833697562e-14 2.494953749372662861e-16
5.155518708399726165e+03 1.477664526899086159e-14 2.231835576198559861e-16
5.158265591199223309e+03 1.522307047597742449e-14 2.269146152825871148e-16
5.161012473998720452e+03 1.525970911855955712e-14 2.251838129691536715e-16
5.163759356798217595e+03 1.521673896748453933e-14 2.248256039557937431e-16
5.166506239597714739e+03 1.488644985418361058e-14 2.228468804012640903e-16
5.169253122397211882e+03 1.497819868221309774e-14 2.267081458643989010e-16
5.172000005196709026e+03 1.462314906442718478e-14 2.220198402945626448e-16
5.174746887996206169e+03 1.409509134069576091e-14 2.198811218249820332e-16
5.177493770795703313e+03 1.428204135168362816e-14 2.218428119252176115e-16
5.180240653595200456e+03 1.474880291268352458e-14 2.306241938091326413e-16
5.182987536394697599e+03 1.505858563372321049e-14 2.261302535858926171e-16
5.185734419194194743e+03 1.500632600937690496e-14 2.280082220808702196e-16
5.188481301993691886e+03 1.476917442610986668e-14 2.260381591479132805e-16
5.191228184793189030e+03 1.431188087380679818e-14 2.222416443598125915e-16
5.193975067592686173e+03 1.520885786590585724e-14 2.315089199001903464e-16
5.196721950392183317e+03 1.488608317129599445e-14 2.269478076396860856e-16
5.199468833191680460e+03 1.492835693855599487e-14 2.284805077101937379e-16
5.202215715991177603e+03 1.542958501287183002e-14 2.324736881814696075e-16
5.204962598790674747e+03 1.471855023477319862e-14 2.272428671802767923e-16
5.207709481590171890e+03 1.559078186580023327e-14 2.422375547666154659e-16
5.210456364389669034e+03 1.642168961552717729e-14 2.406409001375810270e-16
5.213203247189166177e+03 1.556824929085612690e-14 2.347111180702163885e-16
5.215950129988663321e+03 1.585751422303377052e-14 2.396919356088510829e-16
5.218697012788160464e+03 1.503653317425791068e-14 2.323418002262560717e-16
5.221443895587657607e+03 1.536972770804356677e-14 2.360291856853039889e-16
5.224190778387154751e+03 1.593222898030019070e-14 2.399879760153092464e-16
5.226937661186651894e+03 1.585043733230723054e-14 2.385083483202636396e-16
5.229684543986149038e+03 1.588535994448292756e-14 2.407651425382890428e-16
5.232431426785646181e+03 1.594080034682178250e-14 2.416191425177226242e-16
5.235178309585143325e+03 1.593282718429137523e-14 2.428265881160166162e-16
5.237925192384640468e+03 1.539456330800469785e-14 2.396311151005240592e-16
5.240672075184137611e+03 1.569152698852675350e-14 2.424261103505101161e-16
5.243418957983634755e+03 1.519526001684909619e-14 2.390099691816058859e-16
5.246165840783131898e+03 1.512498608252956570e-14 2.376255380935427835e-16
5.248912723582629042e+03 1.490485272440231905e-14 2.393774068285727058e-16
5.251659606382126185e+03 1.493933003571253597e-14 2.420981757169127603e-16
5.254406489181623328e+03 1.463286660971934823e-14 2.368532574442098322e-16
5.257153371981120472e+03 1.427518137353862326e-14 2.350934584540873867e-16
5.259900254780617615e+03 1.361918848556027723e-14 2.311803183993320334e-16
5.262647137580114759e+03 1.336458508222209239e-14 2.508449702519427396e-16
5.265394020379611902e+03 1.325322263549088126e-14 2.323468986920533693e-16
5.268140903179109046e+03 1.290893830360051795e-14 2.297496528862159942e-16
5.270887785978606189e+03 1.303586677251504313e-14 2.305548976963435103e-16
5.273634668778103332e+03 1.275494105890364225e-14 2.303609196710330139e-16
5.276381551577600476e+03 1.240385238902125727e-14 2.339927536548328352e-16
5.279128434377097619e+03 1.187102185885777184e-14 2.253929799015645617e-16
5.281875317176594763e+03 1.150200152050541299e-14 2.232997497552293248e-16
5.284622199976091906e+03 1.177080237144646547e-14 2.259373525114550616e-16
5.287369082775589050e+03 1.135367134257773900e-14 2.311571068071839171e-16
5.290115965575086193e+03 1.091142620264932445e-14 1.840717282915282518e-16
5.292862848374583336e+03 1.084192329622987149e-14 1.795896108877929341e-16
5.293000000000000000e+03 1.086665248767217592e-14 1.738804813764133966e-16
5.295609731174080480e+03 1.095970402546762910e-14 1.510571137446717477e-16
5.297879376101855087e+03 1.122349908533038167e-14 1.590232111989551351e-16
5.298356613973577623e+03 1.119964436476315940e-14 1.772490498566734096e-16
5.301103496773074767e+03 1.105583765114802832e-14 1.538136554788863313e-16
5.302758752203710173e+03 1.131123149404432452e-14 1.411938332243144648e-16
5.303850379572571910e+03 1.120323267412785267e-14 1.739500287466964145e-16
5.306597262372069054e+03 1.068751399702929741e-14 1.723354391018481736e-16
5.307638128305565260e+03 1.105517850341914028e-14 1.466703671991496838e-16
5.309344145171566197e+03 1.098017385282933443e-14 1.605718722129463574e-16
5.312091027971063340e+03 1.100198423782583286e-14 1.726033339476019166e-16
5.312517504407420347e+03 1.108521570536996855e-14 1.578779450984886075e-16
5.314837910770560484e+03 1.126113138142650721e-14 1.442255095712394040e-16
5.317396880509275434e+03 1.128302871831073729e-14 1.657151469848369446e-16
5.317584793570057627e+03 1.127204623113711273e-14 1.724213263530355457e-16
5.320331676369554771e+03 1.131497673236010903e-14 1.479413585159306918e-16
5.322276256611130520e+03 1.115939021676471344e-14 1.246542999452757615e-16
5.323078559169051914e+03 1.115471276114682751e-14 1.462594085189359031e-16
5.325825441968549057e+03 1.140213100552451004e-14 1.439258283387296009e-16
5.327155632712985607e+03 1.128961390059977740e-14 1.290821535310700716e-16
5.328572324768046201e+03 1.153975118198526904e-14 1.393762972499270598e-16
5.331319207567543344e+03 1.168561527843112370e-14 1.846802779913965198e-16
5.332035008814840694e+03 1.164060772617635732e-14 1.569552600295105281e-16
5.334066090367040488e+03 1.176040656758688510e-14 1.579306566370497612e-16
5.336812973166537631e+03 1.150595962824425888e-14 1.923284436529174478e-16
5.336914384916695781e+03 1.148933377940405679e-14 1.886196547911219427e-16
5.339559855966034775e+03 1.112108172715468456e-14 1.522297995099220086e-16
5.341793761018550867e+03 1.130305723860542015e-14 1.615104039387943943e-16
5.342306738765531918e+03 1.136682519682429550e-14 1.803696393402238077e-16
5.345053621565029061e+03 1.116501424237780306e-14 1.616002072754174042e-16
5.346673137120405954e+03 1.124497398207972317e-14 1.475899058601987461e-16
5.347800504364526205e+03 1.129880177148945240e-14 1.815518587219190390e-16
5.350547387164023348e+03 1.124962490825796859e-14 1.825741077197210104e-16
5.351552513222261041e+03 1.144763935687491973e-14 1.515498773007245301e-16
5.353294269963520492e+03 1.167450530343359017e-14 1.675093547328316229e-16
5.356041152763017635e+03 1.141757797109896766e-14 1.867055944738442321e-16
5.356431889324116128e+03 1.147721483104292944e-14 1.711555344220195068e-16
5.358788035562514779e+03 1.156606366140888681e-14 1.578332914189690676e-16
5.361311265425971214e+03 1.172599579116167578e-14 1.796391590762884010e-16
5.361534918362011922e+03 1.169254812748422691e-14 1.884720750526348259e-16
5.364281801161509065e+03 1.175943260534009587e-14 1.645124124711605710e-16
5.366190641527826301e+03 1.192082150488781849e-14 1.614119238021033187e-16
5.367028683961006209e+03 1.194404332915323208e-14 1.932830965652321129e-16
5.369775566760503352e+03 1.209668919440270203e-14 1.860545173874749192e-16
5.371070017629681388e+03 1.220198411346361408e-14 1.551987119975995334e-16
5.372522449560000496e+03 1.206495954520808455e-14 1.780635043094435519e-16
5.375269332359497639e+03 1.223409420443576961e-14 1.937572542481617108e-16
5.375949393731536475e+03 1.227370241917903896e-14 1.671958167559256609e-16
5.378016215158994783e+03 1.248178044772599226e-14 1.655431350609193165e-16
5.380763097958491926e+03 1.246884614639494093e-14 1.957475878654840805e-16
5.380828769833391561e+03 1.245957177533966804e-14 1.930121195234717256e-16
5.383509980757989069e+03 1.230390919149147894e-14 1.671587612388429329e-16
5.385708145935246648e+03 1.221345829823916758e-14 1.740978604895503388e-16
5.386256863557486213e+03 1.225311532068267299e-14 1.959093282297997621e-16
5.389003746356983356e+03 1.235335026065751735e-14 1.745294534821667075e-16
5.390587522037101735e+03 1.190287084186062383e-14 1.566852705011157073e-16
5.391750629156480500e+03 1.174927115120294415e-14 1.903555587839990292e-16
5.394497511955977643e+03 1.148084905574975525e-14 2.033676154554155387e-16
5.395466898138956822e+03 1.150784351795821322e-14 1.675642568703319678e-16
5.397244394755474787e+03 1.147573234299008455e-14 1.693153416992342801e-16
5.399991277554971930e+03 1.164810005209548206e-14 1.940846973038491517e-16
5.400346274240811908e+03 1.166260041602680872e-14 1.801188560442529373e-16
5.402738160354469073e+03 1.149851703792852410e-14 1.588281820147184497e-16
5.405225650342666995e+03 1.198341339032263049e-14 1.820091897666610049e-16
5.405485043153966217e+03 1.197742747854822054e-14 1.923553498156242569e-16
5.408231925953463360e+03 1.177575085410249120e-14 1.618343625332928512e-16
5.410105026444522082e+03 1.144830767164918755e-14 1.554325596734667571e-16
5.410978808752960504e+03 1.137646325994987467e-14 1.862910638267523663e-16
5.413725691552457647e+03 1.229167956281765916e-14 1.879848690822174409e-16
5.414984402546377169e+03 1.198242853414030294e-14 1.535229498652394479e-16
5.416472574351954790e+03 1.167279326464467368e-14 1.761220178726144519e-16
5.419219457151451934e+03 1.136524414132621649e-14 1.856203603129071075e-16
5.419863778648232255e+03 1.138429629773304637e-14 1.623405924719704734e-16
5.421966339950949077e+03 1.113056521099842635e-14 1.530738789040696695e-16
5.424713222750446221e+03 1.114464912427415204e-14 1.804760132492372396e-16
5.424743154750087342e+03 1.114348749514653527e-14 1.794192985122302408e-16
5.427460105549943364e+03 1.089942866089049610e-14 1.467511281307059417e-16
5.429622530851942429e+03 1.092912473532903183e-14 1.556406780119206615e-16
5.430206988349440508e+03 1.093982269914884655e-14 1.756401392983797447e-16
5.432953871148937651e+03 1.094459609678112201e-14 1.569094973424011824e-16
5.434501906953797516e+03 1.092455747080518621e-14 1.416963791857259664e-16
5.435700753948434794e+03 1.084912526269536151e-14 1.689765577051576407e-16
5.438447636747931938e+03 1.088810965136296488e-14 1.728355447458158301e-16
5.439381283055652602e+03 1.074328121085780369e-14 1.438205147528637021e-16
5.441194519547429081e+03 1.051730679411969936e-14 1.457194551870350787e-16
5.443941402346926225e+03 1.089670134919796068e-14 1.713076522540687874e-16
5.444260659157507689e+03 1.088599422437593139e-14 1.607095321286698724e-16
5.446688285146423368e+03 1.054340418352066190e-14 1.394912734085294699e-16
5.449140035259362776e+03 1.036534574446268029e-14 1.577799366345223682e-16
5.449435167945920512e+03 1.035113985112050241e-14 1.674534637937663797e-16
5.452182050745417655e+03 1.018377817677747827e-14 1.486893665363663170e-16
5.454019411361217863e+03 1.012082220335063684e-14 1.433212910856555910e-16
5.454928933544914798e+03 1.016297260403143015e-14 1.735497050282503502e-16
5.457675816344411942e+03 9.888343285567191251e-15 1.553974325947965665e-16
5.458898787463072949e+03 9.823433609135223560e-15 1.312720435755139153e-16
5.460422699143909085e+03 9.784645918702759355e-15 1.442565533893498586e-16
5.463169581943406229e+03 9.336029134102720149e-15 1.575088416609850252e-16
5.463778163564928036e+03 9.373162194796287559e-15 1.396203363084058586e-16
5.465916464742903372e+03 9.557333055278927488e-15 1.304709794517870787e-16
5.468657539666783123e+03 9.578821357803992152e-15 1.568964655312051442e-16
5.468663347542400516e+03 9.579103511684780442e-15 1.570693158572278377e-16
5.471410230341897659e+03 9.453924059176988178e-15 1.308913610097716836e-16
5.473536915768638210e+03 9.422831534399107134e-15 1.405535531565190483e-16
5.474157113141394802e+03 9.424252017943542647e-15 1.594094266640922591e-16
5.476903995940891946e+03 8.855836339151426878e-15 1.413691898905377500e-16
5.478416291870493296e+03 8.932108121105733953e-15 1.184111015329753119e-16
5.479650878740389089e+03 8.862907569082892329e-15 1.288221852544470523e-16
5.482397761539886233e+03 9.322707911941689574e-15 1.524367502600937873e-16
5.483295667972348383e+03 9.366877470862910617e-15 1.289522578852475129e-16
5.485144644339383376e+03 9.542998500373050085e-15 1.304446258121420503e-16
5.487891527138880519e+03 9.351223147510500084e-15 1.518595048063138976e-16
5.488175044074203470e+03 9.349632113040647840e-15 1.438422208152140669e-16
5.490638409938377663e+03 9.325459496611376952e-15 1.243021855224865090e-16
5.493054420176058557e+03 9.439965195461680366e-15 1.427014150621198609e-16
5.493385292737874806e+03 9.457256784291523188e-15 1.522288608607153546e-16
5.496132175537371950e+03 9.459533596011790874e-15 1.288978008190534330e-16
5.497933796277913643e+03 9.633311856650729310e-15 1.280592549882257730e-16
5.498879058336869093e+03 9.570614467410950926e-15 1.518920610071969828e-16
5.501625941136366237e+03 9.710296000263729576e-15 1.607582785168250793e-16
5.502813172379768730e+03 9.928644388622858249e-15 1.364699308738026023e-16
5.504372823935863380e+03 9.975538503524066346e-15 1.363316407206791288e-16
5.507119706735360523e+03 1.021695242369570374e-14 1.540515544180652478e-16
5.507692548481623817e+03 1.021963548744869975e-14 1.376624197373947479e-16
5.509866589534857667e+03 1.035299431744321685e-14 1.275069236628633482e-16
5.512571924583478904e+03 1.061514252094237038e-14 1.546055311340784211e-16
5.512613472334354810e+03 1.061798481092347503e-14 1.558262381902591315e-16
5.515360355133851954e+03 1.065864827880179371e-14 1.295574471007131915e-16
5.517451300685333990e+03 1.069469946244629170e-14 1.374608665955742369e-16
5.518107237933349097e+03 1.076782544567340058e-14 1.570167278266272494e-16
5.520854120732846241e+03 1.099140615770919680e-14 1.436853943164211266e-16
5.522330676787189077e+03 1.109706307574572042e-14 1.289623385291755987e-16
5.523601003532343384e+03 1.125358646845018548e-14 1.508419838873306892e-16
5.526347886331840527e+03 1.142440908074973810e-14 1.572184713716767636e-16
5.527210052889044164e+03 1.142071977776088140e-14 1.333465317894268792e-16
5.529094769131337671e+03 1.151368294103916255e-14 1.326751228879662887e-16
5.531841651930834814e+03 1.173981253311503155e-14 1.591761176665914132e-16
5.532089428990899250e+03 1.172621515437754452e-14 1.515741460138749083e-16
5.534588534730331958e+03 1.181890808201434660e-14 1.300511642582381094e-16
5.536968805092754337e+03 1.223134836359772849e-14 1.495573575424770941e-16
5.537335417529829101e+03 1.225738623723894429e-14 1.607128215092556233e-16
5.540082300329326245e+03 1.226357670581786119e-14 1.378766347856831552e-16
5.541848181194609424e+03 1.244610930468746824e-14 1.338051476069706826e-16
5.542829183128823388e+03 1.244643068025643862e-14 1.608650482915250543e-16
5.545576065928320531e+03 1.270993309455050120e-14 1.595252536992685450e-16
5.546727557296464511e+03 1.263123619444854641e-14 1.352875000115978152e-16
5.548322948727817675e+03 1.266286344587409043e-14 1.484433833762667769e-16
5.551069831527314818e+03 1.296380004186388716e-14 1.655407416623273040e-16
5.551606933398319597e+03 1.299876758604552315e-14 1.489454306239326158e-16
5.553816714326811962e+03 1.330302228541694942e-14 1.354967411608885986e-16
5.556486309500174684e+03 1.335006815209351689e-14 1.622862306332893342e-16
5.556563597126309105e+03 1.335354402967090509e-14 1.647723556482204246e-16
5.559310479925806249e+03 1.346188840876783813e-14 1.375319496092134510e-16
5.561365685602029771e+03 1.339208600076735831e-14 1.418383850916965243e-16
5.562057362725303392e+03 1.340997021207582320e-14 1.630550180669486782e-16
5.564804245524800535e+03 1.350640853620909457e-14 1.496260859039157185e-16
5.566245061703884858e+03 1.345151801492678510e-14 1.313287799070073547e-16
5.567551128324297679e+03 1.327202280571055319e-14 1.527379793848511588e-16
5.570298011123794822e+03 1.338392274000635926e-14 1.603279760873597372e-16
5.571124437805739944e+03 1.354620595905223531e-14 1.363599106650922062e-16
5.573044893923291966e+03 1.361720037772968869e-14 1.375266142418156583e-16
5.575791776722789109e+03 1.343039794892794932e-14 1.641605252282983608e-16
5.576003813907595031e+03 1.344910670717413491e-14 1.571482015269855836e-16
5.578538659522286252e+03 1.345066843654734987e-14 1.344023731612535736e-16
5.580883190009450118e+03 1.329772625420556098e-14 1.471650311723762254e-16
5.581285542321783396e+03 1.325970999578283347e-14 1.597927877903624381e-16
5.584032425121280539e+03 1.308201010585368923e-14 1.380663687647312933e-16
5.585762566111305205e+03 1.304940066602152131e-14 1.305770645589742994e-16
5.586779307920777683e+03 1.299625171621369741e-14 1.584550296989714405e-16
5.589526190720274826e+03 1.312152791451661802e-14 1.560472487537396877e-16
5.590641942213160291e+03 1.320136365309106364e-14 1.286783331301448097e-16
5.592273073519771970e+03 1.335880041965635718e-14 1.417141101227813324e-16
5.595019956319269113e+03 1.333783729661090475e-14 1.689160703817331291e-16
5.595521318315015378e+03 1.328282222653113203e-14 1.503969034403936441e-16
5.597766839118766256e+03 1.337532131084262369e-14 1.377822481950045836e-16
5.600400694416870465e+03 1.325798191203477103e-14 1.540191638622421260e-16
5.600513721918263400e+03 1.326120055609759198e-14 1.576190532170723278e-16
5.603260604717760543e+03 1.329856552051195523e-14 1.319233848754518436e-16
5.605280070518725552e+03 1.344424438085475615e-14 1.406989259868933124e-16
5.606007487517257687e+03 1.345246759452409944e-14 1.625197060549516560e-16
5.608754370316754830e+03 1.349129618242448002e-14 1.446866153982305271e-16
5.610159446620580638e+03 1.347188188091931362e-14 1.255557821267769222e-16
5.611501253116251974e+03 1.350842587338975586e-14 1.468670973790147579e-16
5.614248135915749117e+03 1.323667660610242540e-14 1.582601115067502991e-16
5.615038822722435725e+03 1.327318410778688160e-14 1.367609382723686157e-16
5.616995018715246260e+03 1.329126297586371908e-14 1.386970899163671332e-16
5.619741901514743404e+03 1.354538737325206831e-14 1.552331077021999325e-16
5.619918198824290812e+03 1.355270166423736557e-14 1.497565461335471427e-16
5.622488784314240547e+03 1.356571649794195076e-14 1.297714393580340165e-16
5.624797574926145899e+03 1.354001000536774378e-14 1.415457190416551485e-16
5.625235667113737691e+03 1.351465856030087752e-14 1.550415178338607004e-16
5.627982549913234834e+03 1.339779644826202972e-14 1.164489819165418687e-16
5.629676951028000985e+03 1.344930794044313038e-14 1.151534875444740755e-16
5.630729432712731978e+03 1.339458789156181934e-14 1.342126950823671597e-16
5.633476315512229121e+03 1.362751571808963309e-14 1.633583261495861533e-16
5.634556327129856072e+03 1.363915432144287391e-14 1.312436828014987591e-16
5.636223198311726264e+03 1.339922093074557913e-14 1.419270877958976852e-16
5.638970081111223408e+03 1.380628286626040356e-14 1.539550660515122345e-16
5.639435703231711159e+03 1.382936865360328743e-14 1.397956843207530300e-16
5.641716963910720551e+03 1.377237768335978264e-14 1.278038338604728464e-16
5.644315079333566246e+03 1.367340426543154646e-14 1.483873538986265364e-16
5.644463846710217695e+03 1.366479879522947976e-14 1.529678330913205149e-16
5.647210729509714838e+03 1.381549036449978480e-14 1.321624706663832099e-16
5.649194455435421332e+03 1.385474652712435074e-14 1.336252559086316404e-16
5.649957612309211981e+03 1.380373566424479716e-14 1.570882047085479010e-16
5.652704495108709125e+03 1.351497905830599569e-14 1.419958865613902857e-16
5.654073831537276419e+03 1.346658433165761726e-14 1.217481481959453125e-16
5.655451377908206268e+03 1.348598629607813811e-14 1.410240662617412128e-16
5.658198260707703412e+03 1.362799863863096821e-14 1.514260947959584057e-16
5.658953207639131506e+03 1.358985049499433878e-14 1.297401159049585191e-16
5.660945143507200555e+03 1.339918756057852333e-14 1.271098754845139863e-16
5.663692026306697699e+03 1.323932724870770878e-14 1.502393855406760338e-16
5.663832583740986593e+03 1.323295958651098777e-14 1.458746134791456183e-16
5.666438909106194842e+03 1.332658666137773540e-14 1.248598814661963963e-16
5.668711959842841679e+03 1.310945784413899720e-14 1.337722786580888657e-16
5.669185791905691985e+03 1.311419812766605436e-14 1.479519564954191743e-16
5.671932674705189129e+03 1.317081735732229231e-14 1.303109169197645766e-16
5.673591335944696766e+03 1.325285087932383085e-14 1.210036420393511863e-16
5.674679557504686272e+03 1.321695030522808205e-14 1.476736124552357249e-16
5.677426440304183416e+03 1.309653547505486255e-14 1.475436811515825074e-16
5.678470712046551853e+03 1.300112715191711701e-14 1.207020492391603903e-16
5.680173323103680559e+03 1.297764964795603677e-14 1.285580169996810434e-16
5.682920205903177703e+03 1.327074543972208250e-14 1.497186623683697714e-16
5.683350088148406940e+03 1.327557574094757916e-14 1.369083831908761574e-16
5.685667088702674846e+03 1.330760292392565092e-14 1.236674083195437431e-16
5.688229464250262026e+03 1.317969269230752119e-14 1.432032887987841585e-16
5.688413971502171989e+03 1.317913616153910521e-14 1.487128472184465052e-16
5.691160854301669133e+03 1.299201940349770764e-14 1.261018488651531871e-16
5.693108840352117113e+03 1.295201244456708651e-14 2.276263710510060655e-16
5.697988216453972200e+03 1.289953316936146385e-14 2.208320890821048201e-16
5.702867592555827287e+03 1.302236474342307690e-14 2.261460202137164840e-16
5.707746968657682373e+03 1.265898825302396787e-14 2.253937260605494525e-16
5.712626344759537460e+03 1.286287115379510775e-14 2.181309982583815133e-16
5.717505720861392547e+03 1.286652726722657188e-14 2.187241777156515658e-16
5.722385096963247634e+03 1.271008889804005458e-14 2.143610752467102085e-16
5.727264473065102720e+03 1.289582092152794509e-14 2.168462358043217170e-16
5.732143849166957807e+03 1.226137903486648040e-14 2.213178027872054869e-16
5.737023225268812894e+03 1.253013402081143890e-14 2.124737131644856450e-16
5.741902601370667981e+03 1.189770038643308729e-14 2.101257980159114989e-16
5.746781977472523067e+03 1.189572343862545260e-14 2.083605920342902102e-16
5.751661353574378154e+03 1.087984960686839137e-14 2.034013927659673952e-16
5.756540729676233241e+03 1.082277795967602103e-14 2.011000279762896109e-16
5.761420105778088327e+03 1.037455154611952088e-14 2.028597649520235503e-16
5.766299481879943414e+03 1.050291735214249373e-14 1.993719958549258703e-16
5.771178857981798501e+03 1.005129541478967222e-14 1.937044270226718167e-16
5.776058234083653588e+03 9.890910157709207485e-15 1.970845285739374012e-16
5.780937610185508674e+03 9.808248568876203979e-15 1.911780158119296335e-16
5.785816986287363761e+03 9.013332784929169326e-15 1.855302024897286290e-16
5.790696362389218848e+03 9.663172579608426727e-15 1.897591198287695676e-16
5.795575738491073935e+03 9.292922837413544223e-15 1.875029364660066609e-16
5.800455114592929021e+03 9.516988675064133106e-15 1.899083690797122165e-16
5.805334490694784108e+03 9.103014214652733580e-15 1.855521280754227930e-16
5.810213866796639195e+03 9.800906135724399972e-15 1.920575480776139454e-16
5.815093242898494282e+03 9.260556936432918213e-15 1.913568044558658611e-16
5.819972619000349368e+03 1.025016037059583613e-14 2.000492020414258247e-16
5.824851995102204455e+03 1.028237037425283178e-14 1.920092246736242124e-16
5.829731371204059542e+03 1.020008268209415215e-14 1.928374175118989465e-16
5.834610747305914629e+03 1.031529503681810460e-14 1.909336205375987646e-16
5.839490123407769715e+03 1.033442946292770370e-14 1.933782598392010744e-16
5.844369499509624802e+03 1.084527054730256302e-14 1.978162055610688097e-16
5.849248875611479889e+03 1.093583545125528345e-14 1.948170249668139496e-16
5.854128251713334976e+03 1.131013998107240711e-14 1.969748141603137921e-16
5.859007627815190062e+03 1.101960191495925364e-14 2.037701163002977808e-16
5.863887003917045149e+03 1.123142665824952571e-14 1.953244231629089613e-16
5.868766380018900236e+03 1.170450699481055850e-14 2.046619556037910796e-16
5.873645756120755323e+03 1.114241827618613248e-14 2.060709082056316651e-16
5.878525132222610409e+03 1.188297524262720948e-14 1.991470095010566080e-16
5.883404508324465496e+03 1.148275306148755197e-14 1.976818723889268291e-16
5.888283884426320583e+03 1.166431452977974410e-14 1.992368222832128037e-16
5.893163260528175670e+03 1.133106805541357778e-14 1.963458635333522264e-16
5.898042636630030756e+03 1.189375001490669476e-14 2.041070183437053228e-16
5.902922012731885843e+03 1.216012178263144962e-14 2.017235035260738077e-16
5.907801388833740930e+03 1.257004392932908200e-14 2.030436794876833767e-16
5.912680764935596017e+03 1.182400229904069231e-14 2.001022225620468256e-16
5.917560141037451103e+03 1.207423423211550781e-14 2.311356917972729251e-16
5.922439517139306190e+03 1.278575057720876226e-14 2.051608780491797971e-16
5.927318893241161277e+03 1.241792168182228697e-14 2.059802992193563300e-16
5.932198269343016364e+03 1.279410299310961832e-14 2.076807159284570888e-16
5.937077645444871450e+03 1.228812927108463768e-14 2.041115973017284010e-16
5.941957021546726537e+03 1.280063400890763351e-14 2.061938717037256726e-16
5.946836397648581624e+03 1.322477575917149201e-14 2.091530060768054479e-16
5.951715773750436711e+03 1.305528369089779977e-14 1.475518305323033879e-16
5.956595149852291797e+03 1.288299928027406352e-14 2.076774305970508785e-16
5.961474525954146884e+03 1.252422246862989707e-14 2.331925342632216992e-16
5.966353902056001971e+03 1.266233761667217944e-14 2.056998203881910831e-16
5.971233278157857058e+03 1.258362738731818078e-14 2.038792677096315079e-16
5.976112654259712144e+03 1.276333922554170899e-14 2.054367952226037547e-16
5.980992030361567231e+03 1.245575938124109711e-14 2.037056662693552221e-16
5.985871406463422318e+03 1.281437729242526792e-14 2.050626930849047950e-16
5.990750782565277405e+03 1.266705774688815119e-14 2.044591466877461680e-16
5.995630158667132491e+03 1.277872411651854024e-14 2.046398306360909545e-16
6.000509534768987578e+03 1.289105257644352378e-14 2.074313768273972722e-16
6.005388910870842665e+03 1.281495670800161346e-14 2.038369065729488225e-16
6.010268286972697751e+03 1.252104088260634621e-14 2.023083516685485474e-16
6.015147663074552838e+03 1.247442710961512657e-14 2.037162467030978611e-16
6.020027039176407925e+03 1.269788264643255471e-14 2.037105127199448159e-16
6.024906415278263012e+03 1.252541946799990077e-14 2.099420465272034955e-16
6.029785791380118098e+03 1.245715487299134399e-14 2.002169409611347765e-16
6.034665167481973185e+03 1.211522611565444547e-14 1.972287923934178142e-16
6.039544543583828272e+03 1.184105530252502151e-14 1.949409170010717326e-16
6.044423919685683359e+03 1.139161786751325316e-14 1.926738631122910836e-16
6.049303295787538445e+03 1.146998245827920940e-14 1.920848146226734107e-16
6.054182671889393532e+03 1.144863321749027791e-14 1.914467958744592111e-16
6.059062047991248619e+03 1.114851472479215263e-14 1.917551155433781653e-16
6.063941424093103706e+03 1.115680832716294720e-14 1.364262698860287402e-16
6.068820800194958792e+03 1.116832592119171297e-14 1.922186690280760710e-16
6.073700176296813879e+03 1.051498609021604614e-14 1.836609062148706385e-16
6.078579552398668966e+03 1.024639460205760443e-14 1.834260298283845225e-16
6.083458928500524053e+03 1.007080057550758956e-14 1.795697428412971199e-16
6.088338304602379139e+03 9.266146211974767334e-15 1.750183486656974757e-16
6.093217680704234226e+03 9.088383028168597704e-15 1.721422457384742271e-16
6.098097056806089313e+03 8.683190347500469502e-15 1.692760198973780593e-16
6.102976432907944400e+03 8.008020000645047135e-15 1.730523143475693579e-16
6.107855809009799486e+03 7.138206942296943102e-15 1.599099345968243153e-16
6.112735185111654573e+03 6.857609191209905915e-15 1.570435399989555605e-16
6.117614561213509660e+03 6.586927979658267325e-15 1.540317563156455430e-16
6.122493937315364747e+03 6.410382327358182356e-15 1.520611001699148940e-16
6.127373313417219833e+03 6.034901329227602686e-15 1.492019548300658584e-16
6.132252689519074920e+03 5.467801332787141799e-15 1.449144795431972038e-16
6.137132065620930007e+03 5.600994896537360758e-15 1.534834549830144199e-16
6.142011441722785094e+03 5.227302792703197405e-15 1.477731752846672402e-16
6.146890817824640180e+03 5.398486979937352254e-15 1.449368643777693129e-16
6.151770193926495267e+03 4.860700907301934887e-15 1.431623680658674655e-16
6.156649570028350354e+03 4.603944874113113990e-15 1.426017195887835249e-16
6.161528946130205441e+03 5.201719553135531715e-15 1.427786116380064165e-16
6.166408322232060527e+03 5.082699756432805283e-15 1.404020949206283075e-16
6.171287698333915614e+03 5.369804923371962776e-15 1.420829444187255204e-16
6.176167074435770701e+03 4.979189756805065609e-15 1.458432329203401247e-16
6.181046450537625788e+03 5.334340843201352630e-15 1.421156185696626548e-16
6.185925826639480874e+03 5.484019663568468689e-15 1.430185530935595236e-16
6.190805202741335961e+03 5.388473721934753052e-15 1.520571531076638641e-16
6.195684578843191048e+03 6.005105406230562576e-15 1.469307662834709623e-16
6.200563954945046135e+03 6.769990357146649994e-15 1.883719306124158587e-16
6.205443331046901221e+03 6.783837445208554976e-15 1.531865303574667370e-16
6.210322707148756308e+03 6.375806055648448082e-15 1.519005684819513105e-16
6.215202083250611395e+03 7.143612038349068505e-15 1.721679609484673039e-16
6.220081459352466482e+03 7.295268045756538387e-15 1.582415139578557098e-16
6.224960835454321568e+03 7.700221239019445197e-15 1.597189818990007192e-16
6.229840211556176655e+03 7.742651435862808961e-15 1.575999219736121258e-16
6.234719587658031742e+03 8.768311560605541859e-15 1.646894269960868451e-16
6.239598963759886828e+03 8.855812459071884021e-15 1.671132011746341355e-16
6.244478339861741915e+03 9.078683380567536138e-15 1.675112754098575659e-16
6.249357715963597002e+03 9.196641600121896358e-15 1.221359270360306128e-16
6.254237092065452089e+03 9.321201173114260219e-15 1.733269755681081901e-16
6.259116468167307175e+03 9.931610661764245166e-15 1.705537260435518965e-16
6.263995844269162262e+03 9.954978553901650189e-15 1.702082747424048658e-16
6.268875220371017349e+03 1.026873348494996737e-14 1.720117388345516807e-16
6.273754596472872436e+03 1.036099367242502202e-14 1.735647952670016126e-16
6.278633972574727522e+03 1.053598637020495879e-14 1.748240611270690760e-16
6.283513348676582609e+03 1.098528166569478983e-14 1.774881996588608284e-16
6.288392724778437696e+03 1.086214587171281499e-14 1.746032091789175348e-16
6.293272100880292783e+03 1.133829347408417277e-14 1.774729033632032778e-16
6.298151476982147869e+03 1.144824896814932521e-14 1.775895976624007642e-16
6.303030853084002956e+03 1.163940596367945500e-14 1.791266821635886839e-16
6.307910229185858043e+03 1.173836816385443533e-14 1.797903964012029284e-16
6.312789605287713130e+03 1.183888500851616712e-14 1.789461367906229536e-16
6.317668981389568216e+03 1.184216604172092652e-14 1.848657877711983033e-16
6.322548357491423303e+03 1.238767343101994880e-14 1.830246162859225524e-16
6.327427733593278390e+03 1.240667369051739674e-14 1.892899599687157216e-16
6.332307109695133477e+03 1.243146660337415043e-14 1.812192605639208906e-16
6.337186485796988563e+03 1.267728764737594273e-14 1.822509074476734880e-16
6.342065861898843650e+03 1.228916013992816344e-14 1.801614699995843782e-16
6.346945238000698737e+03 1.237376001607670139e-14 1.324576420692623152e-16
6.351824614102553824e+03 1.248886299145537601e-14 1.869447904355645809e-16
6.356703990204408910e+03 1.228514002600259870e-14 1.778267070918787910e-16
6.361583366306263997e+03 1.245718856438081385e-14 1.788610554945689675e-16
6.366462742408119084e+03 1.246619863627665616e-14 1.780323045585739576e-16
6.371342118509974171e+03 1.255785877874004509e-14 1.786528876567779961e-16
6.376221494611829257e+03 1.244992610717727804e-14 1.780061601327327336e-16
6.381100870713684344e+03 1.223537462648967134e-14 1.767091500850182477e-16
6.385980246815539431e+03 1.232392274230116918e-14 1.770550628756878455e-16
6.390859622917394518e+03 1.255550129225269601e-14 1.784902763746571234e-16
6.395738999019249604e+03 1.249735250349107926e-14 1.781705149298861907e-16
6.400618375121104691e+03 1.198385706629340409e-14 1.742265824129661321e-16
6.405497751222959778e+03 1.247230922759438313e-14 1.766080654613119316e-16
6.410377127324814865e+03 1.234137884777627723e-14 1.778294881398281601e-16
6.415256503426669951e+03 1.273342363061131225e-14 1.773757370796076304e-16
6.420135879528525038e+03 1.224630302930526250e-14 1.744712951338879791e-16
6.425015255630380125e+03 1.215387008104106566e-14 1.739501277650447885e-16
6.429894631732235212e+03 1.219566159935532824e-14 1.752512494676137837e-16
6.434774007834090298e+03 1.247061149207251573e-14 1.739032398585143297e-16
6.439653383935945385e+03 1.218986143481709962e-14 1.746745865864879279e-16
6.444532760037800472e+03 1.201033191917347977e-14 1.732978523463770970e-16
6.449412136139655559e+03 1.211427251899892828e-14 1.732971207753928078e-16
6.454291512241510645e+03 1.195478592145405080e-14 1.708266376921708020e-16
6.459170888343365732e+03 1.157951062471586825e-14 1.686035005427794725e-16
6.464050264445220819e+03 1.142763909316621060e-14 1.705630282038761082e-16
6.468929640547075905e+03 1.135741237904605778e-14 1.737097488486681705e-16
6.473809016648930992e+03 1.151819211597957348e-14 1.703584576859412729e-16
6.478688392750786079e+03 1.157821593029135845e-14 1.684646545037731909e-16
6.483567768852641166e+03 1.131267178296154925e-14 1.671934211551236855e-16
6.488447144954496252e+03 1.122376309981358370e-14 1.673183253953421353e-16
6.493326521056351339e+03 1.118162801080559559e-14 1.658557274775312715e-16
6.498205897158206426e+03 1.139872226981644188e-14 1.672117179139394224e-16
6.503085273260061513e+03 1.125704439056223339e-14 1.659625092503334818e-16
6.507964649361916599e+03 1.122923393395979354e-14 1.670797564249879262e-16
6.512844025463771686e+03 1.125079110292489325e-14 1.659919334478675880e-16
6.517723401565626773e+03 1.089376310098610056e-14 1.683109504596140727e-16
6.522602777667481860e+03 1.106268562036367267e-14 1.885980618001931110e-16
6.527482153769336946e+03 1.065678809331535964e-14 1.622696705740222869e-16
6.532361529871192033e+03 1.114988131398128890e-14 1.709022941661988301e-16
6.537240905973047120e+03 1.092168707979867630e-14 1.644400256640925308e-16
6.542120282074902207e+03 1.069094132748842533e-14 1.626500274206594371e-16
6.546999658176757293e+03 1.071114903306363352e-14 1.628810189202935089e-16
6.551879034278612380e+03 1.074657310579258200e-14 1.636737867345790253e-16
6.556758410380467467e+03 1.085371985542860786e-14 1.637780691445841065e-16
6.561637786482322554e+03 1.056101391485893677e-14 1.631208211271438391e-16
6.566517162584177640e+03 1.084495822878980981e-14 1.655566023290036925e-16
6.571396538686032727e+03 1.079520265650028435e-14 1.622971892980724122e-16
6.576275914787887814e+03 1.047952984513064655e-14 1.667145569987802082e-16
6.581155290889742901e+03 1.060446437632209809e-14 1.634206406469158960e-16
6.586034666991597987e+03 1.035021979337726463e-14 1.604953297254272466e-16
6.590914043093453074e+03 1.054841600985849991e-14 1.615725855042746828e-16
6.595793419195308161e+03 1.008147182023273583e-14 1.614727177569562717e-16
6.600672795297163248e+03 9.932471014672385344e-15 1.579946561475203413e-16
6.605552171399018334e+03 1.056766216656304883e-14 1.633304656251841729e-16
6.610431547500873421e+03 1.010098574474573993e-14 1.582197948626727741e-16
6.615310923602728508e+03 1.003203361419486961e-14 1.589858597004297773e-16
6.620190299704583595e+03 1.015580486642828137e-14 1.595252105013891203e-16
6.625069675806438681e+03 1.012259776996522352e-14 1.589230910414428643e-16
6.629949051908293768e+03 9.589572994196775906e-15 1.550443851378402793e-16
6.634828428010148855e+03 9.581182421301499380e-15 1.561178476576307074e-16
6.639707804112003942e+03 9.910557000391527056e-15 1.612938233518771416e-16
6.644587180213859028e+03 1.013604249009835288e-14 1.622824917330309622e-16
6.649466556315714115e+03 9.946741372306863713e-15 1.569824931949184022e-16
6.654345932417569202e+03 9.718737905910710936e-15 1.557633739796798105e-16
6.659225308519424289e+03 9.590711359302608847e-15 1.592136461124232122e-16
6.664104684621279375e+03 9.411585695189727698e-15 1.544515188446407007e-16
6.668984060723134462e+03 9.566015267548064160e-15 1.554607982285789604e-16
6.673863436824989549e+03 9.346946994280032591e-15 1.523779444038636794e-16
6.678742812926844636e+03 9.683766858812622094e-15 1.634830024382336927e-16
6.683622189028699722e+03 9.717014089701239198e-15 1.562456487323611631e-16
6.688501565130554809e+03 9.518222439558188817e-15 1.205184659432051053e-16
6.693380941232409896e+03 9.241879078702736755e-15 1.663635706482897905e-16
6.698260317334264982e+03 9.455677679671976128e-15 1.538484094845501648e-16
6.703139693436120069e+03 9.444784979988519216e-15 1.532432376077977540e-16
6.708019069537975156e+03 9.298678060331460634e-15 1.508766549186297461e-16
6.712898445639830243e+03 9.122268251125299177e-15 1.494161716776304471e-16
6.717777821741685329e+03 9.220067567100161115e-15 1.509781305994387189e-16
6.722657197843540416e+03 9.014244464575291000e-15 1.527120341642820132e-16
6.727536573945395503e+03 9.204215064866209588e-15 1.498562412793137949e-16
6.732415950047250590e+03 9.445614347656588567e-15 1.522618722981530175e-16
6.737295326149105676e+03 9.569452680354796142e-15 1.543799981911531422e-16
6.742174702250960763e+03 9.563167055917867357e-15 1.527111995158626532e-16
6.747054078352815850e+03 9.016909551168680179e-15 1.483344791019714625e-16
6.751933454454670937e+03 8.919808322166374145e-15 1.480688106214441603e-16
6.756812830556526023e+03 8.950299107828641892e-15 1.478812518603013227e-16
6.761692206658381110e+03 8.575083475710112732e-15 1.444967608615631869e-16
6.766571582760236197e+03 9.098340850774872124e-15 1.478860580321865384e-16
6.771450958862091284e+03 8.868122596077729689e-15 1.463957122653168442e-16
6.776330334963946370e+03 8.642808300225760185e-15 1.476555639943675895e-16
6.781209711065801457e+03 8.442592565349542020e-15 1.522654969596692588e-16
6.786089087167656544e+03 8.558726409132425760e-15 1.468456702560536747e-16
6.790968463269511631e+03 8.453088385441747668e-15 1.440802534502191199e-16
6.795847839371366717e+03 8.470552185078699876e-15 1.446303997394480657e-16
6.800727215473221804e+03 8.170052410956323318e-15 1.410566482081263712e-16
6.805606591575076891e+03 8.422023862137232874e-15 1.438220082040917577e-16
6.810485967676931978e+03 8.181746404416159244e-15 1.412158518568315843e-16
6.815365343778787064e+03 8.087717184658357080e-15 1.413550767722744761e-16
6.820244719880642151e+03 8.254499607595536574e-15 1.415451225398140250e-16
6.825124095982497238e+03 8.064688619006558229e-15 1.458396109176148778e-16
6.830003472084352325e+03 8.287891919515211358e-15 1.513164185967894963e-16
6.834882848186207411e+03 8.120970928018846570e-15 1.412318626869618728e-16
6.839762224288062498e+03 7.757896218033607990e-15 1.434346852799339878e-16
6.844641600389917585e+03 7.825946304154307945e-15 1.393671602088974459e-16
6.849520976491772672e+03 7.929546467798316315e-15 1.395234603793469296e-16
6.854400352593627758e+03 7.925337546121973165e-15 1.391128598684952445e-16
6.859279728695482845e+03 8.135148874670862650e-15 1.405945091852964644e-16
6.864159104797337932e+03 8.094610765814695177e-15 1.403651801823355654e-16
6.869038480899193019e+03 8.168045772758916220e-15 1.413862270421150846e-16
6.873917857001048105e+03 8.385576864298128215e-15 1.415211267918350287e-16
6.878797233102903192e+03 8.399783289851052401e-15 1.480649661167929003e-16
6.883676609204758279e+03 8.111748904014642838e-15 1.432857969311136234e-16
6.888555985306613366e+03 8.049205260780389092e-15 1.405947810197936096e-16
6.893435361408468452e+03 8.597050884434192057e-15 1.540731324747447019e-16
6.898314737510323539e+03 8.349826088319054311e-15 1.405080088489007519e-16
6.903194113612178626e+03 8.227346295058926868e-15 1.400928075280592025e-16
6.908073489714033713e+03 8.152709297231571568e-15 1.388978937020029992e-16
6.912952865815888799e+03 7.919260592311933505e-15 1.377160418711245681e-16
6.917832241917743886e+03 8.326054839211193910e-15 1.401892482973476962e-16
6.922711618019598973e+03 8.024634075945742910e-15 1.504303780970003109e-16
6.927590994121454059e+03 8.201794863463212392e-15 1.410195004974210146e-16
6.932470370223309146e+03 7.860023464965639230e-15 1.377097804121949479e-16
6.937349746325164233e+03 7.824179079350128728e-15 1.120792401115466603e-16
6.942229122427019320e+03 7.845629968448748076e-15 1.536129587001441930e-16
6.947108498528874406e+03 7.843135364682152882e-15 1.379528362874789398e-16
6.951987874630729493e+03 7.895877738705687947e-15 1.371087771920762774e-16
6.956867250732584580e+03 8.031938872352947570e-15 1.385674280244538805e-16
6.961746626834439667e+03 7.700146873601576087e-15 1.360342461159766869e-16
6.966626002936294753e+03 8.160237619091847432e-15 1.376933302453178610e-16
6.971505379038149840e+03 7.947323334305693660e-15 1.375268874746579732e-16
6.976384755140004927e+03 7.895262053940548813e-15 1.360977760075376979e-16
6.981264131241860014e+03 7.983410381203463341e-15 1.373154154023739299e-16
6.986143507343715100e+03 8.004962511669185655e-15 1.363489296206349489e-16
6.991022883445570187e+03 8.064737628225845322e-15 1.426291932967265484e-16
6.995902259547425274e+03 7.900979012761486713e-15 1.352338026350540087e-16
7.000781635649280361e+03 7.922400282181636900e-15 1.381005690227908984e-16
7.005661011751135447e+03 7.775492128801947544e-15 1.409101489514407636e-16
7.010540387852990534e+03 7.773548066884955347e-15 1.389749417751674986e-16
7.015419763954845621e+03 7.881142980794854240e-15 1.352021469499593046e-16
7.020299140056700708e+03 8.033447255241470434e-15 1.365407141360686658e-16
7.025178516158555794e+03 8.057511731783648365e-15 1.417161993158309773e-16
7.030057892260410881e+03 7.928772237738426549e-15 1.341694692337449549e-16
7.034937268362265968e+03 7.820380907533308584e-15 1.339357873307393983e-16
7.039816644464121055e+03 7.555697003581694984e-15 1.325409194867727030e-16
7.044696020565976141e+03 7.737401065786952324e-15 1.326933264885868740e-16
7.049575396667831228e+03 7.840290116049570189e-15 1.333205358284263642e-16
7.054454772769686315e+03 7.703472192566687660e-15 1.335748775227492975e-16
7.059334148871541402e+03 8.013426991672967578e-15 1.356052924194001912e-16
7.064213524973396488e+03 7.713820716412337370e-15 1.320901666638673565e-16
7.069092901075251575e+03 7.862268028207838401e-15 1.488035568014014446e-16
7.073972277177106662e+03 7.798341632760547075e-15 1.339337487443428364e-16
7.078851653278961749e+03 7.808229598736841549e-15 1.328766252397055850e-16
7.083731029380816835e+03 7.754304103945557092e-15 1.320469833802864052e-16
7.088610405482671922e+03 7.817523504763286736e-15 1.327959737040902118e-16
7.093489781584527009e+03 7.700850046308332598e-15 1.341225950931083152e-16
7.098369157686382096e+03 7.793937553023737217e-15 1.317980870238845203e-16
7.103248533788237182e+03 7.771520700378781410e-15 1.319656114847443264e-16
7.108127909890092269e+03 7.889981209182850788e-15 1.324792785568346296e-16
7.113007285991947356e+03 7.773573213233488816e-15 1.316158462000166788e-16
7.117886662093802443e+03 7.792104687030177409e-15 1.321201097450350477e-16
7.122766038195657529e+03 7.606568469663596129e-15 1.310502425557864784e-16
7.127645414297512616e+03 7.595326744134570774e-15 1.306698738721628118e-16
7.132524790399367703e+03 7.548147437808712296e-15 1.306765244766343443e-16
7.137404166501222790e+03 7.902431432297774169e-15 1.326483373966295646e-16
7.142283542603077876e+03 7.636495965127278050e-15 1.324301997224267208e-16
7.147162918704932963e+03 7.885621562060827574e-15 1.334402887124571503e-16
7.152042294806788050e+03 7.643611259416895458e-15 1.310456293046612446e-16
7.156921670908643136e+03 7.836279437696804335e-15 1.330924413843554500e-16
7.161801047010498223e+03 7.592402923407988309e-15 1.311383202206440784e-16
7.166680423112353310e+03 7.609579095479074689e-15 1.315630509487875690e-16
7.171559799214208397e+03 7.921113737825731280e-15 1.367418860930474552e-16
7.176439175316063483e+03 8.080092194150663751e-15 1.363756498749257373e-16
7.181318551417918570e+03 8.064888593244797347e-15 1.337421781653554439e-16
7.186197927519773657e+03 7.710936644298327587e-15 1.314407440379152841e-16
7.191077303621628744e+03 7.920415821856478621e-15 1.371418980591389884e-16
7.195956679723483830e+03 7.913081695670229715e-15 1.177760091386025372e-16
7.200836055825338917e+03 7.803944088982574939e-15 1.560752040684736390e-16
7.205715431927194004e+03 7.575516422459487197e-15 1.364412281558222058e-16
7.210594808029049091e+03 7.349417879913655037e-15 1.315442881488262180e-16
7.215474184130904177e+03 7.193869305098702682e-15 1.298877801265165572e-16
7.220353560232759264e+03 7.596503254433638582e-15 1.319275477264522888e-16
7.225232936334614351e+03 7.745884769780113980e-15 1.330650665403109319e-16
7.230112312436469438e+03 7.472368039552236172e-15 1.357539801986660749e-16
7.234991688538324524e+03 7.586412353865820478e-15 1.325375095511454268e-16
7.239871064640179611e+03 7.680619354802117272e-15 1.155386026329365768e-16
7.244750440742034698e+03 7.801716392331296129e-15 1.571728131843274029e-16
7.249629816843889785e+03 7.572593387841114534e-15 1.347908386355409804e-16
7.254509192945744871e+03 7.526608557630009905e-15 1.337534250297804149e-16
7.259388569047599958e+03 7.445088933325032788e-15 1.324992832132226925e-16
7.264267945149455045e+03 7.461493457396216129e-15 1.326274874103787760e-16
7.269147321251310132e+03 7.305912767561872255e-15 1.426645003423357432e-16
7.274026697353165218e+03 7.406852966093811955e-15 1.331861962867193011e-16
7.278906073455020305e+03 7.231178835824376514e-15 1.338296376364781269e-16
7.283785449556875392e+03 7.125229393201012298e-15 1.522430850570047865e-16
7.288664825658730479e+03 7.191590442618412059e-15 1.378734370810060530e-16
7.293544201760585565e+03 7.164759792799665113e-15 1.320131914081158204e-16
7.298423577862440652e+03 7.061770727981989906e-15 1.328923892450376208e-16
7.303302953964295739e+03 7.234887045552339154e-15 1.334459009366498323e-16
7.308182330066150826e+03 7.215255946338810121e-15 1.374352707968152949e-16
7.313061706168005912e+03 7.134583059182562118e-15 1.331299470491237545e-16
7.317941082269860999e+03 7.247149002595221050e-15 1.339210906129895589e-16
7.322820458371716086e+03 7.040375005679458856e-15 1.355558884624734909e-16
7.327699834473571173e+03 6.863176082979569789e-15 1.332149675884422205e-16
7.332579210575426259e+03 6.733804707503741790e-15 1.327931386437280718e-16
7.337458586677281346e+03 7.357925949777601939e-15 1.407342743531084597e-16
7.342337962779136433e+03 6.819513203810119747e-15 1.308056157589421477e-16
7.347217338880991520e+03 6.930849162880850168e-15 1.400425429288696442e-16
7.352096714982846606e+03 6.727120208404517287e-15 1.310400749824464069e-16
7.356976091084701693e+03 6.520763879197089452e-15 1.301109164218173966e-16
7.361855467186556780e+03 6.730973057985732857e-15 1.314298087758239363e-16
7.366734843288411867e+03 6.507577058672356233e-15 1.296630151925037498e-16
7.371614219390266953e+03 6.555066612701848656e-15 1.333885730872547014e-16
7.376493595492122040e+03 6.709795992164719739e-15 1.319692547268245572e-16
7.381372971593977127e+03 6.545158631011218204e-15 1.305818238955193083e-16
7.386252347695832214e+03 6.479561784913669817e-15 1.319121080332849829e-16
7.391131723797687300e+03 6.404981121452926376e-15 1.349045808642080886e-16
7.396011099899542387e+03 6.557204884770566948e-15 1.316691980123739826e-16
7.400890476001397474e+03 6.607852219292778186e-15 1.323942731492344356e-16
7.405769852103252560e+03 6.699942162923860258e-15 1.324599569368812270e-16
7.410649228205107647e+03 6.502018914148732399e-15 1.347150876548477454e-16
7.415528604306962734e+03 6.400046357594919491e-15 1.354577203733332083e-16
7.420407980408817821e+03 6.342965090010035789e-15 1.310170350372027280e-16
7.425287356510672907e+03 6.154959834736365999e-15 1.302983472727549284e-16
7.430166732612527994e+03 6.577537725774302084e-15 1.318634272890577174e-16
7.435046108714383081e+03 6.363148571620050833e-15 1.328574313512007196e-16
7.439925484816238168e+03 6.444311130078792790e-15 1.315242027680095001e-16
7.444804860918093254e+03 6.333768300796295013e-15 1.293990462340091894e-16
7.449684237019948341e+03 6.419894602843316050e-15 1.306651272907778186e-16
7.454563613121803428e+03 6.255827715173715995e-15 1.301058383216702890e-16
7.459442989223658515e+03 6.361686629627841511e-15 1.299137530430415571e-16
7.464322365325513601e+03 6.363169651672356404e-15 1.300979281918177140e-16
7.469201741427368688e+03 6.019762185010717685e-15 1.271209815294416533e-16
7.474081117529223775e+03 6.065507495987880931e-15 1.281388533495448755e-16
7.478960493631078862e+03 6.133565574930893418e-15 1.285492851626899093e-16
7.483839869732933948e+03 5.780342351719346738e-15 1.269372450357058669e-16
7.488719245834789035e+03 5.651858049033857453e-15 1.252664446403101301e-16
7.493598621936644122e+03 5.958348434017693600e-15 1.306004049353389384e-16
7.498477998038499209e+03 5.656905980890352384e-15 1.252390276957561712e-16
7.503357374140354295e+03 5.047210037767340838e-15 1.248887861733314376e-16
7.508236750242209382e+03 4.922934664711593690e-15 1.234714854328659169e-16
7.513116126344064469e+03 4.930179773837107024e-15 1.223011920224402900e-16
7.517995502445919556e+03 4.761157589982774317e-15 1.197343564873859757e-16
7.522874878547774642e+03 4.762465478812514548e-15 1.190844447267308099e-16
7.527754254649629729e+03 4.760907347888519885e-15 1.197218304928978622e-16
7.532633630751484816e+03 5.083641901268248878e-15 1.246769925758120087e-16
7.537513006853339903e+03 4.638699923522330438e-15 1.193409390860188881e-16
7.542392382955194989e+03 4.528641035088214345e-15 1.178956827577828239e-16
7.547271759057050076e+03 4.515084091569219515e-15 1.200666116278146905e-16
7.552151135158905163e+03 4.774072906338623748e-15 1.199350681179807482e-16
7.557030511260760250e+03 4.746569680338133586e-15 1.195289791096738113e-16
7.561909887362615336e+03 4.794754049586794778e-15 1.199217812364210749e-16
7.566789263464470423e+03 5.117956662059684912e-15 1.266742742642924339e-16
7.571668639566325510e+03 5.300822235174324466e-15 1.254076214063657011e-16
7.576548015668180597e+03 5.132612627218021979e-15 1.216779865652185426e-16
7.581427391770035683e+03 5.177341961426839811e-15 1.225441971634139801e-16
7.586306767871890770e+03 5.488148652520679687e-15 1.251773247626120649e-16
7.591186143973745857e+03 5.452122446453873297e-15 1.268708813197685277e-16
7.596065520075600944e+03 5.548155564425079573e-15 1.281733054669547661e-16
7.600944896177456030e+03 5.540223441110182979e-15 1.258265123402889244e-16
7.605824272279311117e+03 5.409227742888781964e-15 1.253353881858539367e-16
7.610703648381166204e+03 5.129405709442004607e-15 1.242275394431690191e-16
7.615583024483021291e+03 4.904878049123755882e-15 1.225397626286830423e-16
7.620462400584876377e+03 5.045624954058686231e-15 1.226522130835592158e-16
7.625341776686731464e+03 5.114130384211080785e-15 1.229460988395605800e-16
7.630221152788586551e+03 5.448277935726240170e-15 1.257398080112476706e-16
7.635100528890441637e+03 5.371932568909320159e-15 1.250476890046953569e-16
7.639979904992296724e+03 5.474332720344435067e-15 1.279305744171308277e-16
7.644859281094151811e+03 5.666403147951400174e-15 1.280353702028725436e-16
7.649738657196006898e+03 5.590370640175621780e-15 1.275186231984737906e-16
7.654618033297861984e+03 5.715397825399844543e-15 1.377262426978408499e-16
7.659497409399717071e+03 5.595164767946494005e-15 1.279461924362306377e-16
7.664376785501572158e+03 5.640964728224686673e-15 1.292465677381170791e-16
7.669256161603427245e+03 5.814436883065252010e-15 1.293041448624892862e-16
7.674135537705282331e+03 6.144778043613147018e-15 1.321210676623543243e-16
7.679014913807137418e+03 5.937259396567061808e-15 1.313795205107261166e-16
7.683894289908992505e+03 6.317532160055638688e-15 1.334278904465954242e-16
7.688773666010847592e+03 6.603581542000019987e-15 1.409203995606863765e-16
7.693653042112702678e+03 6.290983035977355832e-15 1.336923079590723655e-16
7.698532418214557765e+03 5.902527480169473107e-15 1.339601249873350489e-16
7.703411794316412852e+03 5.994910341987425558e-15 1.335732910142815262e-16
7.708291170418267939e+03 6.122057821909427888e-15 1.351950897612367561e-16
7.713170546520123025e+03 6.051909425291073371e-15 1.357302830929643458e-16
7.718049922621978112e+03 6.474176467824394655e-15 1.364906691186400782e-16
7.722929298723833199e+03 6.669065985932297955e-15 1.417065183597297778e-16
7.727808674825688286e+03 6.525000782851691134e-15 1.396102851560853130e-16
7.732688050927543372e+03 6.315247793506677452e-15 1.555367642327463152e-16
7.737567427029398459e+03 5.942002982544855984e-15 1.357290658030107372e-16
7.742446803131253546e+03 6.156165141512334798e-15 1.360101498781097862e-16
7.747326179233108633e+03 6.231254370020947842e-15 1.368454153806209319e-16
7.752205555334963719e+03 6.125380161240634566e-15 1.398922333889393334e-16
7.757084931436818806e+03 6.112335048470922059e-15 1.375476316557587360e-16
7.761964307538673893e+03 6.390374775927136854e-15 1.390364126235050171e-16
7.766843683640528980e+03 6.744831100161710360e-15 1.419269753805103345e-16
7.771723059742384066e+03 7.052434011126794881e-15 1.440372607378453640e-16
7.776602435844239153e+03 6.901243235110111877e-15 1.425449211197469569e-16
7.781481811946094240e+03 6.671686805872394896e-15 1.463653283852094457e-16
7.786361188047949327e+03 6.594954487203206060e-15 1.471305004512814840e-16
7.791240564149804413e+03 6.835187273239348681e-15 1.487568756513706052e-16
7.796119940251659500e+03 6.479642457459093286e-15 1.414337489144298251e-16
7.800999316353514587e+03 6.420763941103700727e-15 1.437416746539285341e-16
7.805878692455369674e+03 6.401480979839645741e-15 1.423064249678852180e-16
7.810758068557224760e+03 6.810915413934144670e-15 1.521186101287278248e-16
7.815637444659079847e+03 7.016420601032985371e-15 1.473920411614920666e-16
7.820516820760934934e+03 7.138648740754261837e-15 1.530305474416024946e-16
7.825396196862790021e+03 7.026446341757187948e-15 1.483229004600694560e-16
7.830275572964645107e+03 7.185511961977910085e-15 1.509757548168053120e-16
7.835154949066500194e+03 7.300436657291807152e-15 1.532349847580480693e-16
7.840034325168355281e+03 6.860204329079323334e-15 1.477148308820715326e-16
7.844913701270210368e+03 6.536703282733538029e-15 1.474049335622679794e-16
7.849793077372065454e+03 6.092143618041355961e-15 1.446241064653251026e-16
7.854672453473920541e+03 6.028651251095241491e-15 1.450309369286769713e-16
7.859551829575775628e+03 6.598645932785388172e-15 1.484274475486212141e-16
7.864431205677630714e+03 6.597110781795397213e-15 1.482429134936175797e-16
7.869310581779485801e+03 6.279520288651325407e-15 1.478179833849556732e-16
7.874189957881340888e+03 6.425195613637662027e-15 1.587008150114484636e-16
7.879069333983195975e+03 6.599691432928319818e-15 1.545159729324194839e-16
7.883948710085051061e+03 6.462578945559658533e-15 1.501336053636816187e-16
7.888828086186906148e+03 6.708271122050598404e-15 1.510078681794526787e-16
7.893707462288761235e+03 6.910907795642056770e-15 1.553107993748465245e-16
7.898586838390616322e+03 6.641548028422574382e-15 1.595813787463341584e-16
7.903466214492471408e+03 6.374143465645547797e-15 1.545127918877892451e-16
7.908345590594326495e+03 6.362706105354893055e-15 1.541076345030162594e-16
7.913224966696181582e+03 6.250091399107063398e-15 1.534850691853498813e-16
7.918104342798036669e+03 6.139599722316675297e-15 1.507626348643261817e-16
7.922983718899891755e+03 5.782285075063037511e-15 1.498525796896677043e-16
7.927863095001746842e+03 5.938234781120195289e-15 1.495096665323832368e-16
7.932742471103601929e+03 6.377822481833746138e-15 1.529055751211657186e-16
7.937621847205457016e+03 6.178099576908753115e-15 1.526981949785019142e-16
7.942501223307312102e+03 6.101910729741210682e-15 1.514633599375354903e-16
7.947380599409167189e+03 6.405323562503161231e-15 1.560886870302144504e-16
7.952259975511022276e+03 6.223809476180496967e-15 1.543553804231336016e-16
7.957139351612877363e+03 5.833769744966249551e-15 1.501150861441114561e-16
7.962018727714732449e+03 5.631760732772357477e-15 1.509202034164852463e-16
7.966898103816587536e+03 5.532855611449776204e-15 1.559539964755186141e-16
7.971777479918442623e+03 5.553750116228445705e-15 1.557977180984678014e-16
7.976656856020297710e+03 5.388793941305017947e-15 1.502745195669761783e-16
7.981536232122152796e+03 6.011820988593289581e-15 1.552908068245604878e-16
7.986415608224007883e+03 6.292383665396742637e-15 1.570757414165325387e-16
7.991294984325862970e+03 6.242099176929887022e-15 1.559470731843106396e-16
7.996174360427718057e+03 5.954729791201885270e-15 1.537548666582701249e-16
8.001053736529573143e+03 5.665483632351569953e-15 1.525961074438785768e-16
8.005933112631428230e+03 5.487654839973510698e-15 1.554751089129346418e-16
8.010812488733283317e+03 4.759657699956862066e-15 1.534022969263101692e-16
8.015691864835138404e+03 4.956386806103993329e-15 1.507675892649259461e-16
8.020571240936993490e+03 4.929704502850904257e-15 1.499674430199805907e-16
8.025450617038848577e+03 5.050773652355970922e-15 1.519820720408904750e-16
8.030329993140703664e+03 4.880374511236007813e-15 1.537565459151839764e-16
8.035209369242558751e+03 4.973105324016629778e-15 1.755799188689178727e-16
8.040088745344413837e+03 5.010029250802049889e-15 1.547957773011507636e-16
8.044968121446268924e+03 4.891254522975967437e-15 1.521396979963974529e-16
8.049847497548124011e+03 4.989530252923404522e-15 1.541030620172795399e-16
8.054726873649979098e+03 4.869191097458117742e-15 1.532020690393873140e-16
8.059606249751834184e+03 4.591092316905803341e-15 1.507724615003760284e-16
8.064485625853689271e+03 4.623587198312058118e-15 1.546249625691913892e-16
8.069365001955544358e+03 4.558817619356402137e-15 1.536995098352396475e-16
8.074244378057399445e+03 4.138168400333716801e-15 1.512804372395498906e-16
8.079123754159254531e+03 3.983530071051237081e-15 1.499109571321342703e-16
8.084003130261109618e+03 4.135491152328134684e-15 1.513220076045269986e-16
8.088882506362964705e+03 4.488679600095244968e-15 1.544007300512161248e-16
8.093761882464819791e+03 4.253217961190397110e-15 1.519976775140586144e-16
8.098641258566674878e+03 4.576744114462837339e-15 1.572698473078340184e-16
8.103520634668529965e+03 4.559319561989803204e-15 1.550255995727323297e-16
8.108400010770385052e+03 5.092109877674008761e-15 1.602005623559457573e-16
8.113279386872240138e+03 5.020817260004098828e-15 1.611913167133529310e-16
8.118158762974095225e+03 4.761820495544594511e-15 1.623479687664364704e-16
8.123038139075950312e+03 4.504733670423542047e-15 1.620409202120406327e-16
8.127917515177805399e+03 4.971335093214390596e-15 1.607199822344938539e-16
8.132796891279660485e+03 4.965450391586636120e-15 1.609711509639491458e-16
8.137676267381515572e+03 4.750126829258308557e-15 1.622334930488907369e-16
8.142555643483370659e+03 4.430015622550697476e-15 1.608400323606123067e-16
8.147435019585225746e+03 4.433028440101114276e-15 1.678517848458373556e-16
8.152314395687080832e+03 4.322227860235779893e-15 1.604112443756548533e-16
8.157193771788935919e+03 4.355748278175653589e-15 1.580640345295021179e-16
8.162073147890791006e+03 4.398646142247409202e-15 1.592404033092531584e-16
8.166952523992646093e+03 4.237269220719834457e-15 1.601071232652110306e-16
8.171831900094501179e+03 4.362303165480389596e-15 1.604108103398623351e-16
8.176711276196356266e+03 4.272704226102916901e-15 1.642468638761773692e-16
8.181590652298211353e+03 4.121099780530398411e-15 1.647901766571290467e-16
8.186470028400066440e+03 3.971664418811304477e-15 1.635373168427317490e-16
8.191349404501921526e+03 4.157609167922144594e-15 1.604036922281550847e-16
8.196228780603776613e+03 4.083265072651285659e-15 1.592757394345944721e-16
8.201108156705631700e+03 3.939954152817367516e-15 1.582141565678110575e-16
8.205987532807486787e+03 3.877749068073928771e-15 1.627494333267097223e-16
8.210866908909341873e+03 3.785589286579141147e-15 1.590706371262421877e-16
8.215746285011196960e+03 3.684384218440381123e-15 1.602233179851140689e-16
8.220625661113052047e+03 3.565904432636289342e-15 1.580028907304206112e-16
8.225505037214907134e+03 3.498660086373430425e-15 1.573314253594785645e-16
8.230384413316762220e+03 3.800525793564009099e-15 1.625970523442941737e-16
8.235263789418617307e+03 3.538573376264686039e-15 1.610704824920717597e-16
8.240143165520472394e+03 3.251645413615498950e-15 1.605461763662100472e-16
8.245022541622327481e+03 3.305191577521238190e-15 1.608389360713689173e-16
8.249901917724182567e+03 3.448600338884760129e-15 1.594353684163007230e-16
8.254781293826037654e+03 3.118225324622480596e-15 1.555368645898692743e-16
8.259660669927892741e+03 3.130112936793949530e-15 1.584095519153710181e-16
8.264540046029747828e+03 3.401147091848051218e-15 1.614848179561722374e-16
8.269419422131602914e+03 3.402326320397266092e-15 1.608968077218632044e-16
8.274298798233458001e+03 3.473036958378029288e-15 1.630900117754464947e-16
8.279178174335313088e+03 3.350154735890908496e-15 1.601351512078448857e-16
8.284057550437168175e+03 3.396126563712942720e-15 1.623275944682900065e-16
8.288936926539023261e+03 3.375497883217781491e-15 1.632669270230603415e-16
8.293816302640878348e+03 3.540317505989049707e-15 1.612304094418312942e-16
8.298695678742733435e+03 3.300417112434892768e-15 1.589691612888418108e-16
8.303575054844588522e+03 3.530636923131356817e-15 1.614837622188945450e-16
8.308454430946443608e+03 3.609309211518877930e-15 1.577341893544683777e-16
8.313333807048298695e+03 3.556349991243063641e-15 2.032637801369251347e-16
8.318213183150153782e+03 3.811234196755367213e-15 1.685619365221716241e-16
8.323092559252008868e+03 3.828894218912133015e-15 1.836912109049279943e-16
8.327971935353863955e+03 3.958709340332635930e-15 1.729898338647590048e-16
8.332851311455719042e+03 3.555353766872293310e-15 1.671827615207886668e-16
8.337730687557574129e+03 3.387547292277771658e-15 1.650296206270668262e-16
8.342610063659429215e+03 3.411436212784104275e-15 1.686141429608380565e-16
8.347489439761284302e+03 3.785952180513700226e-15 1.673208749335760535e-16
8.352368815863139389e+03 3.431988459841911744e-15 1.652542870273029003e-16
8.357248191964994476e+03 4.177351646651566712e-15 2.159331350241636900e-16
8.362127568066849562e+03 4.077107849955825458e-15 1.784352326155568241e-16
8.367006944168704649e+03 3.695098743440538604e-15 1.674300387821787299e-16
8.371886320270559736e+03 3.323746248020745135e-15 1.663209176313295549e-16
8.376765696372414823e+03 3.135901159409803581e-15 1.672668112623506643e-16
8.381645072474269909e+03 3.681724460838167260e-15 1.670841912724766736e-16
8.386524448576124996e+03 4.003849450377196868e-15 1.687798521384947825e-16
8.391403824677980083e+03 4.245687929430670553e-15 1.735267458391033832e-16
8.396283200779835170e+03 4.161768191840302159e-15 1.701677586960946656e-16
8.401162576881690256e+03 4.369235201732537392e-15 1.896674247701822655e-16
8.406041952983545343e+03 4.298610257846317237e-15 1.723497311482116792e-16
8.410921329085400430e+03 4.215632105348785231e-15 1.741306184582366323e-16
8.415800705187255517e+03 3.809050265531931857e-15 1.749725027310824098e-16
8.420680081289110603e+03 3.726401500499549810e-15 1.689315944712750990e-16
8.425559457390965690e+03 4.042490158926902958e-15 1.734754801285939773e-16
8.430438833492820777e+03 4.549698932049000676e-15 1.753580169164072505e-16
8.435318209594675864e+03 4.352275208244559529e-15 1.746026960513390627e-16
8.440197585696530950e+03 4.527637355896303000e-15 1.793225185126116752e-16
8.445076961798386037e+03 4.791130251294215622e-15 1.772834409088317003e-16
8.449956337900241124e+03 4.910289587071516036e-15 1.768581800480901547e-16
8.454835714002096211e+03 4.627527464821672609e-15 1.783741264801719357e-16
8.459715090103951297e+03 4.616914693772311805e-15 1.776973025599006499e-16
8.464594466205806384e+03 5.182264201623456766e-15 1.973967425420665330e-16
8.469473842307661471e+03 5.047933541368355877e-15 1.792593034528158382e-16
8.474353218409516558e+03 5.033525680659026585e-15 1.790831654989835528e-16
8.479232594511371644e+03 4.842576872549676211e-15 1.789436011593372241e-16
8.484111970613226731e+03 4.339612104913122691e-15 2.089466265984944059e-16
8.488991346715081818e+03 4.594223224718290815e-15 1.798450115146416967e-16
8.493870722816936905e+03 4.820501685279654966e-15 1.779576523738586417e-16
8.498750098918791991e+03 4.940855397609646956e-15 1.792569762277401005e-16
8.503629475020647078e+03 5.365610389129895850e-15 1.822425203492824333e-16
8.508508851122502165e+03 5.085011575025183478e-15 1.799276229684970774e-16
8.513388227224357252e+03 5.163139712733943970e-15 1.813460382654781824e-16
8.518267603326212338e+03 5.405700958188706814e-15 1.830664829882662481e-16
8.523146979428067425e+03 5.791113135316478149e-15 1.864361199848682296e-16
8.528026355529922512e+03 5.800822242438173272e-15 1.856227163120516024e-16
8.532905731631777599e+03 5.719128964206091662e-15 1.885711158804364612e-16
8.537785107733632685e+03 5.716696619209147814e-15 1.874373768391391709e-16
8.542664483835487772e+03 6.000895987943127310e-15 1.908583206721716544e-16
8.547543859937342859e+03 5.854968395348530634e-15 1.873975567947171023e-16
8.552423236039197946e+03 5.683284626453646100e-15 1.872874703612739575e-16
8.557302612141053032e+03 5.330803025743512460e-15 1.869571403879099326e-16
8.562181988242908119e+03 5.398655852667477936e-15 1.840300164203285310e-16
8.567061364344763206e+03 5.492002874883574757e-15 1.843465709484134754e-16
8.571940740446618292e+03 5.392745330371730160e-15 1.828152908050583797e-16
8.576820116548473379e+03 5.034801573027659396e-15 1.807758715716360494e-16
8.581699492650328466e+03 5.030209127273635481e-15 1.822929307857446975e-16
8.586578868752183553e+03 5.178938243419950280e-15 1.827298805766869632e-16
8.591458244854038639e+03 5.258918685721206724e-15 1.836345881563073012e-16
8.596337620955893726e+03 5.890813267515926876e-15 1.885283238541137733e-16
8.601216997057748813e+03 5.603889058076440586e-15 1.925871174028622477e-16
8.606096373159603900e+03 5.944133472013974494e-15 1.910154057744501764e-16
8.610975749261458986e+03 5.212644249504310038e-15 1.820220322024863865e-16
8.615855125363314073e+03 5.675104205518599024e-15 1.870595121854552386e-16
8.620734501465169160e+03 5.794715927655474191e-15 1.883677671239305066e-16
8.625613877567024247e+03 5.475013127390133394e-15 1.864545814943563372e-16
8.630493253668879333e+03 5.780053507527873885e-15 1.928509204251603812e-16
8.635372629770734420e+03 5.716108153082964704e-15 1.887261170425681286e-16
8.640252005872589507e+03 5.683886844023598385e-15 1.876570042959078919e-16
8.645131381974444594e+03 5.186291710485035661e-15 1.858057746587185355e-16
8.650010758076299680e+03 5.301910324289644307e-15 1.860818977601061137e-16
8.654890134178154767e+03 4.945618466105775091e-15 1.954817043005910029e-16
8.659769510280009854e+03 5.080797913229958265e-15 1.851190650419426341e-16
8.664648886381864941e+03 4.485821816865118489e-15 1.802756910851994918e-16
8.669528262483720027e+03 5.231411632456594155e-15 1.880935792924759166e-16
8.674407638585575114e+03 5.202451432249578569e-15 1.848745901604473034e-16
8.679287014687430201e+03 5.382736439641785587e-15 1.960026656901229262e-16
8.684166390789285288e+03 5.144608250912603314e-15 2.046337699688443288e-16
8.689045766891140374e+03 5.779860482229117315e-15 1.921199066550856176e-16
8.693925142992995461e+03 5.597512076450321697e-15 2.019616124631418179e-16
8.698804519094850548e+03 5.256005551504825540e-15 1.933305324370096841e-16
8.703683895196705635e+03 5.042336454801945874e-15 1.894646794663751606e-16
8.708563271298560721e+03 5.049336355278581484e-15 1.998709057854043301e-16
8.713442647400415808e+03 5.134427028726517222e-15 1.901108662143659831e-16
8.718322023502270895e+03 5.235395550869841269e-15 1.886842531315418161e-16
8.723201399604125982e+03 5.258174066443658118e-15 1.884814393069066065e-16
8.728080775705981068e+03 5.475003076406652846e-15 1.961155714708675723e-16
8.732960151807836155e+03 5.652552899453193360e-15 1.927856421295736170e-16
8.737839527909691242e+03 5.404991936271788082e-15 1.899556597975614562e-16
8.742718904011546329e+03 5.545939836317491958e-15 1.948707483717647755e-16
8.747598280113401415e+03 5.877195371659332799e-15 1.992872873872695583e-16
8.752477656215256502e+03 5.621693466472226073e-15 1.946056653624069276e-16
8.757357032317111589e+03 5.363829174260840864e-15 1.993338045074157334e-16
8.762236408418966676e+03 5.007601826916651191e-15 1.888665224492085845e-16
8.767115784520821762e+03 4.851966063389144208e-15 1.888672984115272168e-16
8.771995160622676849e+03 5.035107244308783104e-15 1.912399384998464518e-16
8.776874536724531936e+03 4.716421824230096108e-15 1.872998880032745241e-16
8.781753912826387023e+03 4.956964939697408622e-15 1.896102323363306608e-16
8.786633288928242109e+03 4.882389410026024669e-15 1.932517073235454951e-16
8.791512665030097196e+03 5.062022139906501615e-15 2.102648360798001839e-16
8.796392041131952283e+03 5.255121165924408383e-15 1.978940456199134084e-16
8.801271417233807369e+03 4.917743567253104545e-15 1.896081337567782669e-16
8.806150793335662456e+03 5.005453322162817092e-15 2.029365766750701803e-16
8.811030169437517543e+03 4.977715608233693059e-15 2.231663638621112350e-16
8.815909545539372630e+03 5.118822185334635014e-15 2.025338561263847619e-16
8.820788921641227716e+03 4.887267300563523505e-15 1.970916683349350012e-16
8.825668297743082803e+03 4.773726310272484627e-15 1.923892705859201163e-16
8.830547673844937890e+03 5.099448951813631310e-15 2.039112490890322431e-16
8.835427049946792977e+03 4.217325053614880494e-15 1.998347858757584564e-16
8.840306426048648063e+03 4.826663655758505887e-15 1.922074223119117632e-16
8.845185802150503150e+03 4.584531122955374459e-15 2.244616185986496469e-16
8.850065178252358237e+03 4.484751392551727482e-15 1.904501617241469069e-16
8.854944554354213324e+03 4.565260041487242962e-15 1.886267669611834342e-16
8.859823930456068410e+03 4.446782825174577614e-15 1.880687773223560828e-16
8.864703306557923497e+03 4.466371683419886887e-15 1.906776033861301536e-16
8.869582682659778584e+03 4.080212430753491190e-15 2.059572006006809557e-16
8.874462058761633671e+03 4.243345536268906265e-15 1.895164955162186557e-16
8.879341434863488757e+03 4.211583989097324379e-15 1.871398537773585063e-16
8.884220810965343844e+03 3.957536847721740307e-15 2.042684495658357548e-16
8.889100187067198931e+03 4.210880029573779534e-15 2.284086321787233285e-16
8.893979563169054018e+03 3.774617801489252826e-15 1.862931527085756272e-16
8.898858939270909104e+03 3.551364642288136158e-15 1.903114964200414155e-16
8.903738315372764191e+03 3.779421250859269068e-15 1.847628245765213990e-16
8.908617691474619278e+03 3.651201585406610818e-15 2.041531216866502185e-16
8.913497067576474365e+03 3.653078906760709132e-15 2.043751158867688450e-16
8.918376443678329451e+03 3.540898245183705915e-15 1.845804645625166734e-16
8.923255819780184538e+03 3.777870375018953886e-15 2.313621392517959365e-16
8.928135195882039625e+03 3.159600326337515486e-15 1.831056973065398670e-16
8.933014571983894712e+03 2.977259514284837906e-15 1.863934472370592526e-16
8.937893948085749798e+03 3.031243459865686664e-15 1.994946436395130690e-16
8.942773324187604885e+03 2.871142980476311656e-15 1.811203434105561451e-16
8.947652700289459972e+03 3.064718950323667285e-15 1.814201130117362159e-16
8.952532076391315059e+03 3.047116311958248959e-15 1.816227225156789643e-16
8.957411452493170145e+03 3.069139654391308688e-15 1.837375822501252467e-16
8.962290828595025232e+03 3.120050213504901751e-15 1.552248169647177240e-16
8.967170204696880319e+03 3.200582389110864616e-15 2.150417997382757826e-16
8.972049580798735406e+03 2.852510374312566305e-15 1.876285715502229230e-16
8.976928956900590492e+03 3.131796485116396397e-15 1.850421281817098612e-16
8.981808333002445579e+03 3.713606426603194782e-15 1.955613549400862304e-16
8.986687709104300666e+03 3.532189048654587950e-15 1.891943492253936431e-16
8.991567085206155753e+03 3.389359529845030644e-15 1.976340624960976303e-16
8.996446461308010839e+03 3.316485003354128584e-15 1.918439912418807463e-16
9.001325837409865926e+03 3.615039567994696396e-15 1.956893941469286187e-16
9.006205213511721013e+03 3.421356807410790310e-15 1.895428006093187597e-16
9.011084589613576100e+03 3.363610682881777634e-15 1.901475876357329199e-16
9.015963965715431186e+03 3.320018436909277035e-15 1.895909390802742626e-16
9.020843341817286273e+03 3.567735450294449333e-15 2.013026409032868856e-16
9.025722717919141360e+03 3.735632651747204471e-15 1.987821326589844959e-16
9.030602094020996446e+03 4.692858387707116408e-15 2.577881460023113157e-16
9.035481470122851533e+03 3.763501896611070286e-15 2.023498862864615901e-16
9.040360846224706620e+03 3.618726940930364500e-15 1.934723362065269253e-16
9.045240222326561707e+03 4.283270763538238910e-15 1.999665091111914145e-16
9.050119598428416793e+03 4.441584323722315020e-15 2.016295535161283708e-16
9.054998974530271880e+03 4.351306506240665938e-15 2.037427472666365113e-16
9.059878350632126967e+03 4.057003080230240585e-15 2.035884597683741947e-16
9.064757726733982054e+03 3.732224428010038928e-15 2.000490973723189245e-16
9.069637102835837140e+03 3.464171662116262695e-15 1.948632411345760006e-16
9.074516478937692227e+03 3.520597926627940335e-15 1.950244171952596847e-16
9.079395855039547314e+03 3.538521417232860439e-15 1.969390745204998427e-16
9.084275231141402401e+03 3.460238143890783801e-15 1.971325535367153016e-16
9.089154607243257487e+03 3.343982371868657976e-15 1.944135899629910168e-16
9.094033983345112574e+03 3.618285036408429083e-15 2.026493162685218370e-16
9.098913359446967661e+03 3.534219871468786520e-15 2.095329361327702293e-16
9.103792735548822748e+03 3.421499284101172883e-15 1.666852186058308140e-16
9.108672111650677834e+03 3.274322536399982241e-15 2.333401598535818269e-16
9.113551487752532921e+03 3.463031595499458503e-15 2.200692538995293545e-16
9.118430863854388008e+03 3.958547637980298390e-15 2.072409239580477138e-16
9.123310239956243095e+03 3.685668497217684498e-15 2.013606770247218393e-16
9.128189616058098181e+03 4.161292907843847989e-15 2.052135895347608306e-16
9.133068992159953268e+03 3.865015827794848005e-15 2.072938203214903168e-16
9.137948368261808355e+03 3.851399284215204447e-15 2.073101043029963424e-16
9.142827744363663442e+03 3.657015908207695755e-15 2.026971054795153617e-16
9.147707120465518528e+03 3.475685436219679455e-15 2.053037304307895912e-16
9.152586496567373615e+03 3.586083081294636239e-15 2.121001891007277810e-16
9.157465872669228702e+03 3.383405518679955173e-15 2.000571360127426760e-16
9.162345248771083789e+03 3.732986059444639419e-15 2.126460820932455970e-16
9.167224624872938875e+03 3.270393654785862535e-15 2.006127306143335615e-16
9.172104000974793962e+03 3.315657488419657574e-15 2.039390256268229043e-16
9.176983377076649049e+03 3.766961298890259412e-15 2.109128900558549087e-16
9.181862753178504136e+03 3.822714604322811139e-15 2.145493334264668210e-16
9.186742129280359222e+03 4.097247743672220563e-15 2.126208874885063752e-16
9.191621505382214309e+03 4.522668369297651975e-15 2.141488133775946479e-16
9.196500881484069396e+03 4.705469738560602155e-15 2.168880437955548115e-16
9.201380257585924483e+03 4.274720350244662159e-15 2.122168992183917499e-16
9.206259633687779569e+03 3.845668704259239362e-15 2.254891397667254968e-16
9.211139009789634656e+03 3.975395678978502297e-15 2.103232469975412004e-16
9.216018385891489743e+03 3.706427316376171251e-15 2.083326751011496796e-16
9.220897761993344830e+03 3.476663722733853176e-15 2.068232483685518145e-16
9.225777138095199916e+03 4.235540881279324949e-15 2.579380829112800844e-16
9.230656514197055003e+03 3.490629427069892709e-15 2.090720357212354754e-16
9.235535890298910090e+03 3.914054813334989636e-15 2.141357611828079231e-16
9.240415266400765177e+03 4.161715915249702929e-15 2.148124175912204903e-16
9.245294642502620263e+03 4.237275866841512216e-15 2.285251373687436780e-16
9.250174018604475350e+03 4.606019265834853847e-15 2.257842583835549451e-16
9.255053394706330437e+03 4.587114565177413704e-15 2.269979442047510628e-16
9.259932770808185523e+03 4.707904808271661531e-15 2.261068746651683444e-16
9.264812146910040610e+03 4.650056158997216162e-15 2.235861721265376175e-16
9.269691523011895697e+03 4.804176204694950438e-15 2.319681097456782410e-16
9.274570899113750784e+03 4.373535890274397000e-15 2.227924017342677359e-16
9.279450275215605870e+03 4.363656652472950554e-15 2.277918362205233883e-16
9.284329651317460957e+03 3.945315975197355562e-15 2.219071825068944030e-16
9.289209027419316044e+03 4.149606956925524027e-15 2.231325543558253774e-16
9.294088403521171131e+03 3.338563673924308962e-15 2.176162130522389613e-16
9.298967779623026217e+03 3.781677221509619505e-15 2.291083960618046411e-16
9.303847155724881304e+03 3.068944435179865531e-15 2.201695569039880666e-16
9.308726531826736391e+03 3.475647991588906627e-15 2.224635314706994430e-16
9.313605907928591478e+03 3.895168666759425654e-15 2.301086829707221734e-16
9.318485284030446564e+03 4.063767169080898042e-15 2.393641199911409502e-16
9.323364660132301651e+03 3.994147509468920777e-15 2.267981939325259827e-16
9.328244036234156738e+03 4.330781039459561203e-15 2.326937852500080654e-16
9.333123412336011825e+03 4.166463246484030053e-15 2.369951251899329018e-16
9.338002788437866911e+03 4.674206475237088716e-15 2.447519765916026785e-16
9.342882164539721998e+03 4.709282895944692633e-15 2.453534154801308810e-16
9.347761540641577085e+03 4.762403688690166246e-15 2.400983738845162593e-16
9.352640916743432172e+03 4.893253584298546195e-15 2.482519333502256930e-16
9.357520292845287258e+03 4.556583009327124357e-15 2.403259071567428553e-16
9.362399668947142345e+03 4.350802275822206845e-15 2.369465281932600538e-16
9.367279045048997432e+03 4.935549059263515193e-15 2.542901484799717380e-16
9.372158421150852519e+03 3.818187373946183105e-15 2.384018077084009865e-16
9.377037797252707605e+03 3.717653511280121797e-15 2.318411310044623889e-16
9.381917173354562692e+03 3.744888930724937329e-15 2.362667442915324379e-16
9.386796549456417779e+03 3.421277075106324630e-15 2.294798548082981818e-16
9.391675925558272866e+03 3.784156680742603037e-15 2.328421550565023196e-16
9.396555301660127952e+03 3.388861247052669108e-15 2.373096690324507745e-16
9.401434677761983039e+03 4.161730739032864170e-15 2.354040390124398253e-16
9.406314053863838126e+03 4.051828969332157851e-15 2.344148375370646923e-16
9.411193429965693213e+03 5.129349466600607171e-15 2.510054290152642859e-16
9.416072806067548299e+03 5.091148425503246906e-15 1.787552805896878805e-16
9.420952182169403386e+03 5.040457893555020849e-15 2.450935103362282594e-16
9.425831558271258473e+03 4.525757048794148149e-15 2.399127878574300446e-16
9.430710934373113560e+03 3.792061896726583794e-15 2.331634487778959917e-16
9.435590310474968646e+03 4.128262979101471660e-15 2.363252950943722638e-16
9.440469686576823733e+03 3.396584051304545712e-15 2.368034724615327640e-16
9.445349062678678820e+03 3.352200550945132101e-15 2.463552910550826106e-16
9.450228438780533907e+03 3.474217153985647542e-15 2.370818459247603024e-16
9.455107814882388993e+03 3.254512340392506497e-15 2.323864022153042136e-16
9.459987190984244080e+03 3.600248589538594798e-15 2.322914958892002662e-16
9.464866567086099167e+03 3.475006375455882618e-15 2.654391096415928241e-16
9.469745943187954254e+03 3.247176183798594757e-15 2.321447929254543171e-16
9.474625319289809340e+03 3.977815522257561779e-15 2.369044803079925433e-16
9.479504695391664427e+03 4.199504663384575816e-15 2.379645336070836451e-16
9.484384071493519514e+03 3.996991771842682014e-15 2.380126194611825785e-16
9.489263447595374600e+03 4.196096950908218956e-15 2.474614906942463184e-16
9.494142823697229687e+03 4.613675604654054972e-15 2.441245550569585964e-16
9.499022199799084774e+03 3.892936711129215246e-15 2.367077464016828318e-16
9.503901575900939861e+03 4.354218925590919312e-15 2.413931191498769400e-16
9.508780952002794947e+03 4.006980910245145741e-15 2.434815102099381116e-16
9.513660328104650034e+03 4.647628881451719774e-15 2.602256742484878425e-16
9.518539704206505121e+03 4.798152701011179643e-15 2.466092595747594142e-16
9.523419080308360208e+03 4.043126571697893443e-15 2.391087930993794491e-16
9.528298456410215294e+03 3.572181849548098723e-15 2.375891120174783802e-16
9.533177832512070381e+03 3.498649227912484624e-15 2.394701251236240701e-16
9.538057208613925468e+03 3.294451252363465818e-15 2.379790854640474183e-16
9.542936584715780555e+03 3.334253493884237361e-15 2.346520959245503000e-16
9.547815960817635641e+03 4.296692302630735541e-15 2.966734166944352341e-16
9.552695336919490728e+03 2.862335421207090029e-15 2.383751222557076067e-16
9.557574713021345815e+03 2.640064706583223021e-15 2.327996507658252992e-16
9.562454089123200902e+03 2.410599542367048782e-15 2.362076161889881483e-16
9.567333465225055988e+03 2.688470080849177275e-15 2.626027394312741492e-16
9.572212841326911075e+03 2.852856367726098815e-15 1.921524793800804355e-16
9.577092217428766162e+03 2.881870578034718638e-15 2.380698055035497130e-16
9.581971593530621249e+03 2.422639493859227013e-15 2.359578621901904423e-16
9.586850969632476335e+03 3.408610985790617505e-15 2.390009796259059472e-16
9.591730345734331422e+03 3.329444683407252624e-15 2.419474043611943829e-16
9.596609721836186509e+03 3.478682751830215927e-15 2.491998804907967723e-16
9.601489097938041596e+03 3.566263554635297615e-15 2.414880160009950373e-16
9.606368474039896682e+03 4.166086709593331572e-15 2.521972166145477549e-16
9.611247850141751769e+03 3.800156861003073303e-15 2.530997306472972126e-16
9.616127226243606856e+03 4.199470233270586092e-15 2.728043897462837097e-16
9.621006602345461943e+03 3.985235106519170327e-15 2.563298077752938695e-16
9.625885978447317029e+03 4.095228737298542198e-15 2.749470360518716198e-16
9.630765354549172116e+03 3.574996494722319139e-15 2.470571270648176731e-16
9.635644730651027203e+03 3.559791660426101546e-15 2.504976145745549025e-16
9.640524106752882290e+03 3.426197516990836427e-15 2.561601801643717148e-16
9.645403482854737376e+03 3.284321066461123727e-15 2.462520366170802862e-16
9.650282858956592463e+03 2.980530617219846921e-15 2.505319380563090458e-16
9.655162235058447550e+03 2.844512180969275120e-15 2.521548266957554529e-16
9.660041611160302637e+03 3.075428722939700611e-15 2.483211273399620666e-16
9.664920987262157723e+03 2.975189733319752089e-15 2.475446234648000413e-16
9.669800363364012810e+03 2.945220784428933748e-15 2.499996335777264222e-16
9.674679739465867897e+03 3.217717145799198803e-15 2.524763088760658758e-16
9.679559115567722984e+03 3.396331028379497002e-15 2.784660936140523758e-16
9.684438491669578070e+03 3.193691545486409812e-15 2.615842434671800314e-16
9.689317867771433157e+03 2.971340294752244651e-15 2.546978412289007528e-16
9.694197243873288244e+03 2.898655521500263626e-15 2.531003600794430707e-16
9.699076619975143331e+03 3.086077833200818745e-15 2.585341143537994431e-16
9.703955996076998417e+03 2.994959170006085085e-15 2.745845298545177686e-16
9.708835372178853504e+03 3.778092016914443396e-15 2.805427931936645821e-16
9.713714748280708591e+03 3.481207015798239047e-15 2.648126752941943538e-16
9.718594124382563678e+03 3.087358216475565571e-15 2.643311027995952182e-16
9.723473500484418764e+03 2.359730471882408786e-15 2.624415385804383911e-16
9.728352876586273851e+03 2.469920525771033451e-15 2.592051536789059425e-16
9.733232252688128938e+03 2.384637492119888250e-15 2.685216060131511984e-16
9.738111628789984024e+03 1.818417628751343732e-15 2.685273327811214640e-16
9.742991004891839111e+03 1.960759742628947580e-15 2.776837429544493317e-16
9.747870380993694198e+03 2.352626993895847049e-15 2.703662527198186823e-16
9.752749757095549285e+03 1.806054496259107804e-15 2.676836875071661306e-16
9.757629133197404371e+03 2.417105851112449975e-15 2.665395801315740265e-16
9.762508509299259458e+03 2.454201287401113611e-15 2.676316374441451703e-16
9.767387885401114545e+03 2.929854931749374364e-15 2.747771881000142739e-16
9.772267261502969632e+03 2.516031859435233222e-15 2.720799089976190917e-16
9.777146637604824718e+03 3.048198240714378268e-15 2.779433095402837953e-16
9.782026013706679805e+03 3.182931819905781511e-15 2.803820096404574291e-16
9.786905389808534892e+03 3.381768410931380476e-15 2.882912775692761509e-16
9.791784765910389979e+03 3.364715122718796158e-15 2.842870459904273111e-16
9.796664142012245065e+03 3.814362243202264400e-15 2.876080205624987131e-16
9.801543518114100152e+03 4.144834289229374365e-15 2.955253701866515774e-16
9.806422894215955239e+03 3.290684816887146958e-15 2.878712712461200859e-16
9.811302270317810326e+03 3.228442454197271717e-15 2.920165919778455045e-16
9.816181646419665412e+03 2.581146394950659908e-15 2.873904983787870361e-16
9.821061022521520499e+03 2.967844571120595541e-15 2.903247492087092896e-16
9.825940398623375586e+03 2.824969143034107335e-15 2.955860795604679562e-16
9.830819774725230673e+03 1.975567273435073090e-15 2.945112353896904356e-16
9.835699150827085759e+03 1.940216969417268798e-15 2.925855461448831018e-16
9.840578526928940846e+03 2.744770331325570082e-15 3.005280027693696108e-16
9.845457903030795933e+03 2.490701016675980588e-15 3.837621733878516102e-16
9.850337279132651020e+03 2.721643239037015399e-15 3.203053507390619616e-16
9.855216655234506106e+03 2.755617917717342201e-15 3.030981026977383704e-16
9.860096031336361193e+03 3.046293650907670239e-15 3.082272804189653855e-16
9.864975407438216280e+03 3.571569408616726763e-15 3.142878926717047563e-16
9.869854783540071367e+03 2.868942468164859448e-15 3.110718761720333283e-16
9.874734159641926453e+03 3.226313223539545490e-15 3.178585379512818525e-16
9.879613535743781540e+03 3.336407558936417653e-15 3.314027656857803188e-16
9.884492911845636627e+03 2.635276270071174955e-15 3.371513639025209478e-16
9.889372287947491714e+03 1.964826999305264171e-15 4.108485183588712564e-16
9.894251664049346800e+03 2.692550683773900923e-15 3.557403565415108992e-16
9.899131040151201887e+03 2.180277764302809868e-15 3.186517464194750727e-16
9.904010416253056974e+03 2.217146911517458271e-15 3.239577371917469368e-16
9.908889792354912061e+03 2.985076083188420667e-15 3.259545937108682713e-16
9.913769168456767147e+03 3.081883407579985837e-15 3.311428217128840822e-16
9.918648544558622234e+03 2.740403038182676642e-15 3.330219307997465777e-16
9.923527920660477321e+03 2.891275939413469155e-15 3.453780026802674551e-16
9.928407296762332408e+03 3.457665101509611689e-15 3.469478392609778395e-16
9.933286672864187494e+03 3.080359968259260310e-15 3.426669067645725087e-16
9.938166048966042581e+03 3.056919367252987631e-15 3.478175264258298987e-16
9.943045425067897668e+03 3.633914870909242487e-15 3.569988336909786556e-16
9.947924801169752755e+03 3.134018057521083045e-15 3.552942230263610589e-16
9.952804177271607841e+03 2.665738113069072965e-15 3.649749049166605892e-16
9.957683553373462928e+03 2.301384162398410075e-15 3.681051997972558511e-16
9.962562929475318015e+03 2.291669947141917134e-15 3.935181537125328243e-16
9.967442305577173101e+03 1.815236512613808298e-15 3.852051946339145810e-16
9.972321681679028188e+03 1.977032024890073546e-15 4.336986617141798785e-16
9.977201057780883275e+03 2.337402768572327395e-15 3.842640341327315662e-16
9.982080433882738362e+03 2.221516493062976202e-15 3.649017405465425127e-16
9.986959809984593448e+03 2.546858979436729568e-15 3.727904068940257126e-16
9.991839186086448535e+03 2.382997004788136826e-15 3.753847924959197873e-16
9.996718562188303622e+03 2.712253137763205090e-15 3.835010597698497087e-16
1.000159793829015871e+04 3.220610764155255741e-15 3.928471270119836139e-16
1.000647731439201380e+04 2.954973999573210120e-15 3.957462521240279614e-16
1.001135669049386888e+04 1.755584097522667596e-15 5.469770843431808003e-16
1.001623606659572397e+04 1.950324367991269153e-15 5.319220938747282681e-16
1.002111544269757906e+04 1.959134434059506950e-15 4.144963842512193824e-16
1.002599481879943414e+04 1.990751809322711168e-15 4.106958017976455957e-16
1.003087419490128923e+04 2.089878442958333545e-15 4.156562633984970561e-16
1.003575357100314432e+04 2.113435145023132527e-15 4.190878187315725745e-16
1.004063294710499940e+04 2.024725678379159108e-15 4.182835229832032596e-16
1.004551232320685449e+04 1.928193742949483080e-15 4.209870738353180656e-16
1.005039169930870958e+04 2.262287767685495843e-15 4.426946786496823797e-16
1.005527107541056466e+04 2.993128731634167192e-15 4.607965678436768579e-16
1.006015045151241975e+04 3.151662838149246233e-15 4.503378084233966335e-16
1.006502982761427484e+04 2.989477717286346719e-15 4.581925168088588418e-16
1.006990920371612992e+04 3.108210021905617437e-15 4.953518328740580391e-16
1.007478857981798501e+04 2.652783688033063895e-15 5.100147256677877322e-16
1.007966795591984010e+04 2.628235758617310106e-15 4.678366477359986237e-16
1.008454733202169518e+04 3.368191630092284215e-15 4.814407347777953911e-16
1.008942670812355027e+04 3.173262395418268427e-15 5.767342088622226990e-16
1.009430608422540536e+04 2.739779302625677619e-15 6.047453360293189889e-16
1.009918546032726044e+04 2.584441960549935336e-15 5.242205451592929737e-16
1.010406483642911553e+04 1.924212365787415841e-15 5.174696200253407511e-16
1.010894421253097062e+04 1.577318663827445043e-15 5.105761482956116900e-16
1.011382358863282570e+04 2.099944075770346750e-15 5.295317535589100102e-16
1.011870296473468079e+04 1.965378595909683882e-15 6.147987655062792703e-16
1.012358234083653588e+04 2.007425221673463526e-15 6.154830824342158356e-16
1.012846171693839096e+04 1.838624321160450973e-15 5.480843280230815706e-16
1.013334109304024605e+04 1.170566889732124703e-15 5.549318308167072933e-16
1.013822046914210114e+04 1.745341977680207302e-15 5.729465137924932825e-16
1.014309984524395622e+04 2.173054844884818020e-15 5.986578366884477515e-16
1.014797922134581131e+04 2.425402371980559445e-15 6.059968515753718542e-16
1.015285859744766640e+04 1.284492714271233924e-15 5.996519922282428689e-16
1.015773797354952148e+04 7.764415132965545420e-16 6.110458239495526230e-16
1.016261734965137657e+04 1.677990612169766422e-15 6.301502571914763492e-16
1.016749672575323166e+04 1.216885910487984313e-15 6.513889117026318400e-16
1.017237610185508674e+04 8.812675785435925349e-16 6.869021982436389392e-16
1.017725547795694183e+04 6.025129500655251179e-16 6.869504416398121350e-16
1.018213485405879692e+04 1.667765943455864752e-15 6.888317267831778506e-16
1.018701423016065200e+04 1.815282973182697625e-15 7.028434081830028476e-16
1.019189360626250709e+04 1.986531884765512292e-15 7.242683768805768812e-16
1.019677298236436218e+04 2.449862517435282517e-15 7.477398078479936949e-16
1.020165235846621727e+04 2.058886510603664420e-15 7.634025694821479897e-16
1.020653173456807235e+04 1.521427231966164473e-15 7.990339596281748162e-16
1.021141111066992744e+04 1.292298068915406450e-15 8.219794258872253542e-16
1.021629048677178253e+04 1.885935295452494651e-15 8.447687498566993214e-16
1.022116986287363761e+04 2.286717000028316121e-15 8.612403412334375753e-16
1.022604923897549270e+04 1.313506224837641193e-15 8.817552552125503083e-16
