# obs_wvl flux error
1.663000000000000000e+03 -2.569380800800908592e-15 5.630009900271989151e-15
1.665745937014821038e+03 6.011345160806704578e-16 4.154403258779109189e-15
1.668491874029642076e+03 7.038432459692609125e-15 3.501020211876595374e-15
1.671237811044463115e+03 2.688029047546387577e-15 3.217917104698461236e-15
1.673983748059284153e+03 -2.565289450247697531e-14 5.637667851873694881e-15
1.676729685074105191e+03 -2.697616452759061615e-15 2.729802652467094067e-15
1.679475622088926229e+03 1.115288391857394615e-15 2.752378407834414170e-15
1.682221559103747268e+03 1.764825402114585600e-15 2.891978740130168694e-15
1.684967496118568306e+03 -3.483162891867399911e-14 5.486059605753694985e-15
1.687713433133389344e+03 -4.973993617809795549e-14 6.454358625358746009e-15
1.690459370148210382e+03 -4.903748391362604522e-15 2.599020824402744362e-15
1.693205307163031421e+03 -2.761233090348896158e-15 2.185907562912718319e-15
1.695951244177852459e+03 6.205452441206645824e-15 1.969223046536738438e-15
1.698697181192673497e+03 -7.069655508684287890e-15 2.361116398526596223e-15
1.701443118207494535e+03 2.443475301283445608e-15 1.771569510085815248e-15
1.704189055222315574e+03 1.980617531803227045e-15 1.559452521976299174e-15
1.706934992237136612e+03 2.739264637885554009e-15 1.499032103880295604e-15
1.709680929251957650e+03 -2.387444501390067161e-15 1.897628565358352190e-15
1.712426866266778688e+03 -6.331749278085702521e-15 1.917221167995389866e-15
1.715172803281599727e+03 7.535405224412129198e-16 1.502015696467503827e-15
1.717918740296420765e+03 -5.276159763453402669e-16 1.324474726318288080e-15
1.720664677311241803e+03 -9.878842725872529573e-15 3.442049488647001078e-15
1.723410614326062841e+03 -5.667686670160948540e-16 1.318309064351642804e-15
1.726156551340883880e+03 -1.488803127914190356e-14 3.428922794170437819e-15
1.728902488355704918e+03 2.961191168689536069e-15 1.173402217411204329e-15
1.731648425370525956e+03 1.251029088790399444e-15 1.209055135963215392e-15
1.734394362385346994e+03 -3.530207275334041893e-15 1.182398900707702546e-15
1.737140299400168033e+03 -9.023815411087252283e-15 2.098018925831149684e-15
1.739886236414989071e+03 -8.479445407232545979e-15 2.253249068035144159e-15
1.742632173429810109e+03 -4.345838299146876060e-16 1.269387973682300622e-15
1.745378110444631147e+03 1.878698915510979067e-16 1.111734834229271397e-15
1.748124047459452186e+03 -3.027687442244303917e-15 1.245908058591111501e-15
1.750869984474273224e+03 9.731473243118519161e-16 1.000956114114099844e-15
1.753615921489094262e+03 -9.888274497064003701e-16 1.066539551670328611e-15
1.756361858503915300e+03 -1.951007904007639513e-15 1.062949640205520859e-15
1.759107795518736339e+03 7.682885083175229622e-16 1.043818100689439203e-15
1.761853732533557377e+03 -1.091807465281995832e-15 1.115742737713392754e-15
1.764599669548378415e+03 -2.071418996834788531e-15 1.224148912134121363e-15
1.767345606563199453e+03 -1.250121415876735898e-15 9.793771544312469368e-16
1.770091543578020492e+03 -2.146405529675760537e-15 1.341361535577988808e-15
1.772837480592841530e+03 -1.678157325701290843e-14 2.327257791340938384e-15
1.775583417607662568e+03 -1.137308825761629575e-15 1.052841518614938225e-15
1.778329354622483606e+03 2.671572292342095412e-15 7.979038334815799288e-16
1.781075291637304645e+03 1.043015187333498298e-15 8.551627691464371870e-16
1.783821228652125683e+03 1.077410066448997536e-15 9.382348887747143912e-16
1.786567165666946721e+03 -6.117691995264928536e-15 8.321202188542335329e-16
1.789313102681767759e+03 -2.493392839621773495e-15 1.110376566678441931e-15
1.792059039696588798e+03 6.657909458717002192e-16 8.329677179869517289e-16
1.794804976711409836e+03 2.020293523351649988e-15 8.671570625307085901e-16
1.797550913726230874e+03 2.480064184135576030e-15 1.075647785934752289e-15
1.800296850741051912e+03 9.511446523237458534e-16 9.186860760904016664e-16
1.803042787755872951e+03 -3.603805351819974417e-15 1.347652547752700796e-15
1.805788724770693989e+03 2.410724683692071181e-16 6.847250617764934470e-16
1.808534661785515027e+03 -1.179175585715605279e-15 1.038445343561578396e-15
1.811280598800336065e+03 -1.170963720676040899e-15 9.796611344736651216e-16
1.814026535815157104e+03 3.431853001113576461e-16 9.129181004597921133e-16
1.816772472829978142e+03 3.853002384747757739e-16 6.509943158092976936e-16
1.819518409844799180e+03 -2.795648589398591119e-16 6.084463559608932480e-16
1.822264346859620218e+03 -2.439342249784574218e-16 8.439659723469663299e-16
1.825010283874441257e+03 -5.742100908336008949e-15 1.285152749049438274e-15
1.827756220889262295e+03 8.915687407138168040e-16 6.527165665099264251e-16
1.830502157904083333e+03 -4.590555781841898273e-16 7.337051739672899869e-16
1.833248094918904371e+03 1.122938948329537387e-15 6.168284044890479856e-16
1.835994031933725410e+03 -1.464709795224303653e-15 9.153242954377606762e-16
1.838739968948546448e+03 -9.389246202834176435e-16 8.112911227163579322e-16
1.841485905963367486e+03 -1.595035494319086429e-15 6.683949360394913818e-16
1.844231842978188524e+03 7.357870996735592013e-16 5.600373189602678316e-16
1.846977779993009563e+03 2.945127778820711421e-16 5.967023005960698998e-16
1.849723717007830601e+03 4.214778933977378922e-16 5.362803477064304487e-16
1.852469654022651639e+03 1.148738054090424602e-15 5.568425241864575412e-16
1.855215591037472677e+03 -8.617535969890444317e-16 7.179685845362110898e-16
1.857961528052293716e+03 4.917810273337734865e-16 5.279810235667801183e-16
1.860707465067114754e+03 -5.242425487531948369e-16 5.175582868220098322e-16
1.863453402081935792e+03 1.146456301507287548e-15 4.870183962396917241e-16
1.866199339096756830e+03 -1.028481267209385485e-15 5.469325019685702807e-16
1.868945276111577869e+03 -2.159273196971724204e-15 7.229945573338154140e-16
1.871691213126398907e+03 -5.258117018334626750e-16 4.939785032520258988e-16
1.874437150141219945e+03 1.986438618268900203e-15 4.832714867618500223e-16
1.877183087156040983e+03 -3.905481738099614547e-16 4.683704725579657655e-16
1.879929024170862021e+03 1.883273981955720838e-16 5.447956104683241375e-16
1.882674961185683060e+03 1.242384818866535715e-16 4.552803952163018168e-16
1.885420898200504098e+03 1.694243525723596324e-15 4.582766642832944592e-16
1.888166835215325136e+03 -7.674751083132549175e-17 4.369645049367732738e-16
1.890912772230146174e+03 -8.637456099923656695e-14 7.462226101030525961e-16
1.893658709244967213e+03 -2.678662559950178485e-13 1.726606330372007019e-15
1.896404646259788251e+03 -4.270008649386512523e-16 5.053872690903583890e-16
1.899150583274609289e+03 -3.371916476382617395e-16 5.080447071023784161e-16
1.901896520289430327e+03 7.845133655398545815e-16 4.426024228934907134e-16
1.904642457304251366e+03 -1.216138800638338845e-15 6.111739970865212184e-16
1.907388394319072404e+03 -3.349813340092237645e-16 4.958260939905748929e-16
1.910134331333893442e+03 3.503246136101503304e-17 3.993656346649091104e-16
1.912880268348714480e+03 -2.320554405086485785e-15 8.574308787145070288e-16
1.915626205363535519e+03 -1.842975113294610828e-15 7.559603054025670654e-16
1.918372142378356557e+03 -8.015275726654871159e-16 5.564595462008282849e-16
1.921118079393177595e+03 -3.516207355736914493e-16 6.118679756373134191e-16
1.923864016407998633e+03 -6.103781760140982493e-16 5.682947872972624876e-16
1.926609953422819672e+03 2.146253557733752372e-15 4.423630135076589749e-16
1.929355890437640710e+03 -1.746834680722986260e-15 5.347090800169825319e-16
1.932101827452461748e+03 7.461141039338168772e-16 4.365395874607100578e-16
1.934847764467282786e+03 1.339873420757465812e-16 4.721678136473793903e-16
1.937593701482103825e+03 9.869349551811918251e-16 4.919156864950932672e-16
1.940339638496924863e+03 9.569002547397082268e-16 3.942008996106467169e-16
1.943085575511745901e+03 6.736416525194765173e-16 6.571137717462099313e-16
1.945831512526566939e+03 1.022233244089008961e-16 3.304958403007265032e-16
1.948577449541387978e+03 3.256134228160815318e-16 3.301467835239741808e-16
1.951323386556209016e+03 1.592469246539160818e-16 3.490785331378352227e-16
1.954069323571030054e+03 1.656426677895942684e-16 3.170071409054734995e-16
1.956815260585851092e+03 1.590809292927397480e-16 3.203475111256277690e-16
1.959561197600672131e+03 1.086968386998682331e-15 3.129149551848610095e-16
1.962307134615493169e+03 4.065047846884862980e-16 3.279833216982000504e-16
1.965053071630314207e+03 2.751348753048728546e-16 3.444252726919418104e-16
1.967799008645135245e+03 1.301793534498594045e-15 3.797261571051417492e-16
1.970544945659956284e+03 6.200917285349405119e-16 3.177049790818912426e-16
1.973290882674777322e+03 7.177864794227138743e-16 3.011243047003040646e-16
1.976036819689598360e+03 9.258296878974418854e-16 3.081681788782734856e-16
1.978782756704419398e+03 2.558808443683640768e-16 3.049944081479777403e-16
1.981528693719240437e+03 -5.075971494616819346e-16 3.038339679685417400e-16
1.984274630734061475e+03 2.498850843110795883e-16 3.033039785261642597e-16
1.987020567748882513e+03 3.100653075262555435e-16 4.166275526053477141e-16
1.989766504763703551e+03 5.459019016112759192e-16 3.187277471400078279e-16
1.992512441778524590e+03 7.392266149593386593e-16 2.979433676058912653e-16
1.995258378793345628e+03 7.884685407514596663e-16 3.107636146464961293e-16
1.998004315808166666e+03 1.084944979881477248e-16 3.898217840307513226e-16
2.000750252822987704e+03 8.730334281447105600e-16 2.790477234852209908e-16
2.003496189837808743e+03 2.269548831261662108e-16 2.753486286500281286e-16
2.006242126852629781e+03 6.541135237350705604e-17 3.638069062316176713e-16
2.008988063867450819e+03 -1.156896186430013050e-16 2.866358807794112506e-16
2.011734000882271857e+03 1.058293770254536421e-15 3.097562360130303410e-16
2.014479937897092896e+03 4.662240966060503608e-16 3.296769482233475079e-16
2.017225874911913934e+03 -2.209709501362069631e-16 2.890304879371803494e-16
2.019971811926734972e+03 -9.864271334155228140e-17 2.567134124001814964e-16
2.022717748941556010e+03 -1.683045832807052734e-16 3.168160888805841915e-16
2.025463685956377049e+03 -3.157794282601532316e-15 5.205394606105046536e-16
2.028209622971198087e+03 6.537318842938787023e-16 2.506022305516297850e-16
2.030955559986019125e+03 2.265773249145494667e-16 2.708710893041731617e-16
2.033701497000840163e+03 6.190999488717528181e-17 3.406943492646956268e-16
2.036447434015661202e+03 -1.888026303053286390e-16 2.579594660618002235e-16
2.039193371030482240e+03 3.693698566753060257e-16 2.230317337325982025e-16
2.041939308045303278e+03 4.361394989824777669e-16 2.136141838303567197e-16
2.044685245060124316e+03 1.141304040586371049e-15 3.285202255995668980e-16
2.047431182074945355e+03 1.770476107764487695e-16 2.273976632692989140e-16
2.050177119089766165e+03 -2.352488946565052024e-17 2.630124122604252777e-16
2.052923056104587431e+03 1.758302480533108543e-16 2.218045266527246827e-16
2.055668993119408697e+03 -2.080942806623480215e-15 4.717443279980513356e-16
2.058414930134229508e+03 -1.383519397642856554e-15 4.576589046358602537e-16
2.061160867149050318e+03 -8.226515634251796994e-16 2.591407573908718598e-16
2.063906804163871584e+03 5.204912138103295246e-17 2.397455661657085954e-16
2.066652741178692850e+03 8.452034077675288006e-17 2.469782847790892509e-16
2.069398678193513661e+03 3.353104311006874556e-16 2.704540521772068905e-16
2.072144615208334471e+03 3.811335888591546216e-16 2.046906730920798791e-16
2.074890552223155737e+03 5.905692940183026170e-16 2.081547456373794449e-16
2.077636489237977003e+03 4.376635196353176434e-16 1.874432145037862837e-16
2.080382426252797814e+03 6.912466404485334468e-16 2.124545551902909250e-16
2.083128363267618624e+03 8.222896206614011637e-16 1.938847936650508790e-16
2.085874300282439890e+03 1.026974682077771614e-15 2.105028064353436895e-16
2.088620237297261156e+03 3.511326817926000356e-16 1.972215679365072498e-16
2.091366174312081966e+03 3.347854753657872475e-16 2.311627179603376090e-16
2.094112111326902777e+03 4.771023427167896997e-16 1.954534444961352589e-16
2.096858048341724043e+03 3.682013633366275658e-16 2.148944884525119319e-16
2.099603985356545309e+03 -2.129372956139958674e-16 1.813532016400200239e-16
2.102349922371366119e+03 6.692537335564217151e-16 2.172179289050657824e-16
2.105095859386186930e+03 4.366551005314656738e-16 1.682140263157309137e-16
2.107841796401008196e+03 4.756935499434395572e-16 1.858925268388679153e-16
2.110587733415829462e+03 8.250690128695767927e-16 2.408188043470783222e-16
2.113333670430650272e+03 -5.243794199708479007e-16 2.935939382295527992e-16
2.116079607445471083e+03 6.517315845869002196e-16 1.799630780653293359e-16
2.118825544460292349e+03 4.855219717917600764e-16 1.569100146861217289e-16
2.121571481475113615e+03 5.792195968631339015e-16 1.589463920490295276e-16
2.124317418489934425e+03 7.369251185784169520e-17 1.650080996677399614e-16
2.127063355504755236e+03 -1.098565351172497246e-15 2.820186730810737967e-16
2.129809292519576502e+03 1.290758818779919236e-16 2.229976506871677157e-16
2.132555229534397768e+03 5.264982429202963112e-16 1.553504677176820643e-16
2.135301166549218578e+03 -6.581191337967646519e-16 2.813768307661522894e-16
2.138047103564039389e+03 -3.667568829738288954e-16 2.527621744253358754e-16
2.140793040578860655e+03 -5.749669036069825926e-16 3.128872627316163577e-16
2.143538977593681921e+03 6.711747671544394288e-16 2.068856177353820874e-16
2.146284914608502731e+03 3.026708353494358906e-16 1.579101153805833209e-16
2.149030851623323542e+03 6.991347585381469803e-16 1.531959351294909227e-16
2.151776788638144808e+03 1.880108148657665886e-16 1.875097344059012716e-16
2.154522725652966074e+03 -1.544297786727739955e-15 3.565752552645790018e-16
2.157268662667786884e+03 3.628192221427021066e-16 1.663998566382414723e-16
2.160014599682607695e+03 4.485101194649470476e-16 1.367783823191748345e-16
2.162760536697428961e+03 6.454698938517700421e-17 2.022212835198814109e-16
2.165506473712250227e+03 9.295734607519071149e-16 1.454712987118654660e-16
2.168252410727071037e+03 8.015480741572628828e-16 1.428788241489513220e-16
2.170998347741891848e+03 7.502661034151240817e-16 1.306541208466707876e-16
2.173744284756713114e+03 5.884238644220268571e-16 1.384343368477772447e-16
2.176490221771534380e+03 7.112304571028980095e-16 1.301297972325898777e-16
2.179236158786355190e+03 4.735014575446880203e-16 1.442029613114750829e-16
2.181982095801176001e+03 9.112476454162708520e-16 1.226968850713727038e-16
2.184728032815997267e+03 7.000422157887468432e-16 1.209111461364322977e-16
2.187473969830818533e+03 5.343613636087713371e-16 1.211729941973719514e-16
2.190219906845639343e+03 4.609802062102452667e-16 1.150175467146428611e-16
2.192965843860460154e+03 4.669643336437784076e-16 1.366949771814916653e-16
2.195711780875281420e+03 6.888210028163679683e-16 1.205024288367899515e-16
2.198457717890102685e+03 -1.761077334177485302e-16 1.927255320921410578e-16
2.201203654904923496e+03 3.749326711180791090e-16 1.171113713496433564e-16
2.203949591919744307e+03 -3.778322690814393462e-18 1.501032384937220153e-16
2.206695528934565573e+03 5.426342055095805146e-16 1.621801130615358778e-16
2.209441465949386838e+03 -7.871439031891970020e-17 2.178325262944155514e-16
2.212187402964207649e+03 9.289838891329127387e-16 1.232534851768246705e-16
2.214933339979028460e+03 9.208391476450245793e-17 1.547654282517250644e-16
2.217679276993849726e+03 8.148317053049923201e-16 1.205749198322191773e-16
2.220425214008670991e+03 4.748563150552061250e-16 1.106925278218888805e-16
2.223171151023491802e+03 6.079375334728337450e-16 1.530519002949720236e-16
2.225917088038312613e+03 4.748616332157478872e-16 1.275022673898180343e-16
2.228663025053133879e+03 8.939714006004956668e-16 1.107150712670411236e-16
2.231408962067955144e+03 2.962711698904619958e-16 1.835336460392417631e-16
2.234154899082775955e+03 8.764681026815344145e-16 1.201065037335235865e-16
2.236900836097596766e+03 6.283291475531278609e-16 1.262012522996708251e-16
2.239646773112418032e+03 1.873571759008899437e-16 1.151386835119758391e-16
2.242392710127239297e+03 -3.180622980786315110e-16 1.962444799371897773e-16
2.245138647142060108e+03 7.233396887540811646e-16 1.314345614143866220e-16
2.247884584156880919e+03 3.512901184567294837e-16 1.496552242239426248e-16
2.250630521171702185e+03 2.644447653077543051e-16 1.907091013467446794e-16
2.253376458186523450e+03 3.765982640431071492e-16 1.400455456968308796e-16
2.256122395201344261e+03 6.978125743071404327e-16 9.767479447452676391e-17
2.258868332216165072e+03 5.283793565741383475e-16 1.107395846824855334e-16
2.261614269230986338e+03 3.615640801615367802e-16 1.197170797933922595e-16
2.264360206245807603e+03 2.738847154707522663e-16 1.231222405775445515e-16
2.267106143260628414e+03 5.333414103406494141e-16 1.078952112481035413e-16
2.269852080275449225e+03 4.954876316603525485e-16 9.036459601033324844e-17
2.272598017290270491e+03 4.774772486849494674e-16 9.120588189970536975e-17
2.275343954305091756e+03 6.332035749879977393e-16 9.439803794525521892e-17
2.278089891319912567e+03 5.845568211969914632e-16 9.407453586040198842e-17
2.280835828334733378e+03 6.477023029784854881e-16 1.039226358458830766e-16
2.283581765349554644e+03 4.844327494312395336e-16 9.062528447996952142e-17
2.286327702364375909e+03 4.433021262071065135e-16 1.199570971151510132e-16
2.289073639379196720e+03 4.232214979340100978e-16 8.337907881682889808e-17
2.291819576394017531e+03 3.943684612955617637e-16 1.094035989620689035e-16
2.294565513408838797e+03 6.034316215339405528e-16 9.408730251038906049e-17
2.297311450423660062e+03 4.606452906829464294e-16 9.215445376409449431e-17
2.300057387438480873e+03 4.450275169739779922e-16 8.701253262527284520e-17
2.302803324453301684e+03 4.812279661115726639e-16 8.928779313548431428e-17
2.305549261468122950e+03 5.901947128660489838e-16 8.394754531524922865e-17
2.308295198482944215e+03 6.869526412195533886e-16 1.078495471717361555e-16
2.311041135497765026e+03 4.879240011939571695e-16 8.004353504181154543e-17
2.313787072512585837e+03 5.945272288197462742e-16 8.190487570454691625e-17
2.316533009527407103e+03 5.283834857124635553e-16 8.625251510291574240e-17
2.319278946542228368e+03 6.697777709201313203e-16 9.025753834308578487e-17
2.322024883557049179e+03 4.934098661875770315e-16 9.256611221051710324e-17
2.324770820571869990e+03 5.425360131121554358e-16 9.152811608445957208e-17
2.327516757586691256e+03 4.833434255911417501e-16 1.114138987897713426e-16
2.330262694601512521e+03 8.285614998598766330e-16 8.847632499194879295e-17
2.333008631616333332e+03 7.025605156040997488e-16 8.204392564805698053e-17
2.335754568631154143e+03 -2.729169538716078997e-17 1.538054466796506614e-16
2.338500505645975409e+03 6.341403500814081005e-16 8.374077381274724345e-17
2.341246442660796674e+03 3.550567925745565069e-16 1.102607499642764255e-16
2.343992379675617485e+03 5.704789273587331050e-16 8.033766023914497527e-17
2.346738316690438296e+03 4.385301886554456173e-16 8.640898208355314823e-17
2.349484253705259562e+03 -1.214671575050255357e-15 2.293826986132492356e-16
2.352230190720080827e+03 6.327700339447533089e-16 7.553393920260212565e-17
2.354976127734901638e+03 8.126317457639526562e-16 8.435243884119323001e-17
2.357722064749722449e+03 5.128255772576034559e-16 6.996138412496575766e-17
2.360468001764543715e+03 7.517613446252802888e-16 8.628850574988839421e-17
2.363213938779364980e+03 4.853455228187544398e-16 7.905018484191900592e-17
2.365959875794185791e+03 6.342706013072710456e-16 1.124113999208967812e-16
2.368705812809006602e+03 7.027657817517472372e-16 8.733069531761828155e-17
2.371451749823827868e+03 6.739944700680625406e-16 8.041978838055527127e-17
2.374197686838649133e+03 4.732758256240659229e-16 7.658733750299837573e-17
2.376943623853469944e+03 2.857330123606675515e-16 1.334319171632241671e-16
2.379689560868290755e+03 5.289772283512870926e-16 7.395008829174875996e-17
2.382435497883112021e+03 4.888440234994420356e-16 8.522648884305317951e-17
2.385181434897933286e+03 5.394441355290108038e-16 7.224970456669814965e-17
2.387927371912754097e+03 5.302292137158768188e-16 8.888006871213030240e-17
2.390673308927574908e+03 6.172841746087014058e-16 7.083102751906037987e-17
2.393419245942396174e+03 5.565724183487018703e-16 6.880994765010449002e-17
2.396165182957217439e+03 5.959000595770589988e-16 7.178630604169574701e-17
2.398911119972038250e+03 6.951146718509920198e-16 7.773281154184842964e-17
2.401657056986859061e+03 7.490334045862975211e-16 7.454475554964110975e-17
2.404402994001680327e+03 6.375954619604931708e-16 8.939678208802853064e-17
2.407148931016501592e+03 1.148974250696615490e-15 8.239056241825388538e-17
2.409894868031322403e+03 3.751202946438601316e-16 7.103203445449731824e-17
2.412640805046143214e+03 7.963023197189272014e-16 7.165520221077424732e-17
2.415386742060964480e+03 7.372271416014089101e-16 7.845204824602421626e-17
2.418132679075785745e+03 5.633898463985588754e-16 7.819658865114100299e-17
2.420878616090606556e+03 6.154625268297680811e-16 8.270059904857052430e-17
2.423624553105427367e+03 9.195062983247527969e-16 7.659649450483226098e-17
2.426370490120248633e+03 7.914957803044200561e-16 7.675097664519739699e-17
2.429116427135069898e+03 5.855693366977187845e-16 7.223674585327979037e-17
2.431862364149890709e+03 7.017363953169531671e-16 8.610068942045560301e-17
2.434608301164711520e+03 8.276564401929636337e-16 9.537095600715862186e-17
2.437354238179532786e+03 6.079811382558621269e-16 6.858533932262269000e-17
2.440100175194354051e+03 6.375174750753924372e-16 9.070432268715435110e-17
2.442846112209174862e+03 5.115590305987861037e-16 7.300716936485695609e-17
2.445592049223995673e+03 5.023888300695097671e-16 9.147385499964944398e-17
2.448337986238816939e+03 7.027298339135621366e-16 8.016450437288295126e-17
2.451083923253638204e+03 6.826943976486722297e-16 6.804977498150367200e-17
2.453829860268459015e+03 5.253230172408509823e-16 7.776568639445829666e-17
2.456575797283279826e+03 7.891422139323344854e-16 7.052392359678106856e-17
2.459321734298101092e+03 1.000010698692104636e-15 8.024354750094040902e-17
2.462067671312922357e+03 -7.124603913434237844e-16 1.839430551478379860e-16
2.464813608327743168e+03 7.386255590173600918e-16 7.581831224791635514e-17
2.467559545342563979e+03 4.420487295060865810e-16 6.753046292108607529e-17
2.470305482357385245e+03 6.988870999262476509e-16 9.954307917932435808e-17
2.473051419372206510e+03 5.174314845294093041e-16 6.900570691493134529e-17
2.475797356387027321e+03 6.863154918715947841e-16 6.693669930473026661e-17
2.478543293401848132e+03 5.424256758072321053e-16 8.500045346498665563e-17
2.481289230416669398e+03 6.934600245071331435e-16 6.967372354143010821e-17
2.484035167431490663e+03 6.195176037839670632e-16 7.299073914929029816e-17
2.486781104446311474e+03 3.525503730259121791e-16 9.376878218492272049e-17
2.489527041461132285e+03 4.248233373798301156e-16 1.123884771754385298e-16
2.492272978475953551e+03 6.664262471238173291e-16 6.745414826801556072e-17
2.495018915490774816e+03 6.427985145409076876e-16 6.620050677917245924e-17
2.497764852505595627e+03 7.262637737772205358e-16 6.475758429733008127e-17
2.500510789520416438e+03 5.471617410721962568e-16 7.149768096096539649e-17
2.503256726535237704e+03 5.463614327080129629e-16 7.393648780053452398e-17
2.506002663550058969e+03 5.014745964440141298e-16 8.253849468000491520e-17
2.508748600564879780e+03 5.109954450387767066e-16 7.139070359865588550e-17
2.511494537579700591e+03 6.955627511411028832e-16 7.176021690631221097e-17
2.514240474594521856e+03 6.273962234255780816e-16 7.161128954414949898e-17
2.516986411609343122e+03 4.011000915082186122e-16 6.839897332691106840e-17
2.519732348624163933e+03 5.724535723945394644e-16 6.537833356084013425e-17
2.522478285638984744e+03 4.320285338215863258e-16 7.023642370126319848e-17
2.525224222653806009e+03 4.585168049630149341e-16 8.500951859429220654e-17
2.527970159668627275e+03 1.393189410791506322e-16 1.308801441927349129e-16
2.530716096683448086e+03 4.937838093718715881e-16 6.468163045267783435e-17
2.533462033698268897e+03 1.075231746617660262e-15 7.135090763057400738e-17
2.536207970713090162e+03 5.644936165492067252e-16 7.195966486140947820e-17
2.538953907727911428e+03 3.418920212977912160e-16 1.506759126833136841e-16
2.541699844742732239e+03 7.213155942493860876e-16 6.807870590964313989e-17
2.544445781757553050e+03 7.498574406016393517e-16 6.801804031845251187e-17
2.547191718772374315e+03 6.771487989485472061e-16 7.690746829383357748e-17
2.549937655787195581e+03 2.355407027618008455e-16 1.645039885098643630e-16
2.552683592802016392e+03 7.333663130438415919e-16 7.006493802556017250e-17
2.555429529816837203e+03 5.837413617636543014e-16 1.912683115272896206e-16
2.558175466831658468e+03 6.111389146156062296e-16 6.730777948651562940e-17
2.560921403846479734e+03 4.742613933533597358e-16 8.129645943722684574e-17
2.563667340861300545e+03 3.405642967116188419e-16 6.776002003800089605e-17
2.566413277876121356e+03 6.325971860829508919e-16 6.468811461411062200e-17
2.569159214890942621e+03 8.841569421288844420e-16 7.308317329308445864e-17
2.571905151905763887e+03 8.895136197489689501e-16 7.544387103697074274e-17
2.574651088920584698e+03 5.758640328015498880e-16 7.561366214301236557e-17
2.577397025935405509e+03 5.621271192483590818e-16 6.370416735420534679e-17
2.580142962950226774e+03 6.394720772140547210e-16 6.828296971505437397e-17
2.582888899965048040e+03 7.327597742241420272e-16 7.244226387030931116e-17
2.585634836979868851e+03 3.461215158668844898e-16 9.554891522713410009e-17
2.588380773994689662e+03 7.055615352281924042e-16 7.086278643453677509e-17
2.591126711009510927e+03 6.435422931848719612e-16 6.497157820233337608e-17
2.593872648024332193e+03 6.777026268203049879e-16 6.842865906442041233e-17
2.596618585039153004e+03 6.848199252459785317e-16 6.761727907302902422e-17
2.599364522053973815e+03 4.586414022684992397e-16 6.975574160502448493e-17
2.602110459068795080e+03 4.239749052583540359e-16 7.610680989983330251e-17
2.604856396083616346e+03 6.760227222711417789e-16 6.946279199653008817e-17
2.607602333098437157e+03 4.530533325012716707e-16 1.098083162350622763e-16
2.610348270113257968e+03 5.342453009777450819e-16 6.854866211240445405e-17
2.613094207128079233e+03 5.791520094932769594e-16 6.329865730655480970e-17
2.615840144142900499e+03 9.109493289591890146e-16 9.201917333853661334e-17
2.618586081157721310e+03 7.155153819042464088e-16 6.859827275837069261e-17
2.621332018172542121e+03 4.908883257708220043e-16 8.569383113650937319e-17
2.624077955187363386e+03 6.171861679586776279e-16 6.241546087906749785e-17
2.626823892202184652e+03 5.233135621794549176e-16 7.074169135936057163e-17
2.629569829217005463e+03 5.911685585424646616e-16 8.421284326457092657e-17
2.632315766231826274e+03 5.634948777003933705e-16 6.296226728233316276e-17
2.635061703246647539e+03 5.158483724634070971e-16 6.328331821277951997e-17
2.637807640261468805e+03 4.963476219796331334e-16 7.791191914597989132e-17
2.640553577276289616e+03 7.795298150935550591e-16 7.131028962188043350e-17
2.643299514291110427e+03 -1.918072024311496161e-16 1.406406702896156196e-16
2.646045451305931692e+03 6.715262805658582766e-16 6.855803636718995391e-17
2.648791388320752958e+03 5.341700658050938370e-16 8.096462716959997522e-17
2.651537325335573769e+03 5.851766509027423315e-16 7.440672792309398003e-17
2.654283262350394580e+03 4.624915381262464658e-16 8.810942047565339254e-17
2.657029199365215845e+03 6.161459267665226592e-16 6.545119788246799564e-17
2.659775136380037111e+03 6.759845062378664008e-16 6.317778875250373542e-17
2.662521073394857922e+03 7.403438413171733940e-16 6.132508284058010833e-17
2.665267010409678733e+03 5.542305964928158498e-16 7.642257866159127019e-17
2.668012947424499998e+03 3.528567409931699375e-16 1.044543176563170659e-16
2.670758884439321264e+03 6.320281047699211075e-16 6.589751124115945806e-17
2.673504821454142075e+03 5.172057933058884138e-16 6.028010876795814289e-17
2.676250758468962886e+03 5.945163245675380859e-16 7.071908656304862580e-17
2.678996695483784151e+03 6.195445328637592228e-16 6.783487922662220951e-17
2.681742632498605417e+03 1.715368373498013029e-16 1.054335547423917105e-16
2.684488569513426228e+03 5.071552436152522133e-16 6.317094928349473639e-17
2.687234506528247039e+03 -8.893698499164445640e-17 1.515684812332870627e-16
2.689980443543068304e+03 4.676545686926039420e-16 7.541472158926000053e-17
2.692726380557889570e+03 7.888869804910282822e-16 6.684919380095963924e-17
2.695472317572710381e+03 6.754878562424374357e-16 7.411682076250603862e-17
2.698218254587531192e+03 2.705687495519251371e-16 9.971884386727050405e-17
2.700964191602352457e+03 -8.069012641476850225e-16 1.445403158758243598e-16
2.703710128617173723e+03 4.221673303202801429e-16 6.910594276656347689e-17
2.706456065631994534e+03 5.149719242537396669e-16 5.996951374726936292e-17
2.709202002646815345e+03 5.633748538436843672e-16 7.053183852311010529e-17
2.711947939661636610e+03 4.649723553466281542e-16 6.519436894737290736e-17
2.714693876676457876e+03 3.963020459768950993e-16 8.721830123956673565e-17
2.717439813691278687e+03 5.702480765551419475e-16 7.258778425170548203e-17
2.720185750706099498e+03 5.758772570233987412e-16 6.002248348934835988e-17
2.722931687720920763e+03 5.329551543019512546e-16 5.771734179376285942e-17
2.725677624735742029e+03 4.532173024367016916e-16 5.866952991532280577e-17
2.728423561750562840e+03 4.996169747454483648e-16 7.466827731883624715e-17
2.731169498765383651e+03 4.808160337079461363e-16 5.655191125760367290e-17
2.733915435780204916e+03 4.738352522229436597e-16 6.421060657662287952e-17
2.736661372795026182e+03 6.094067933712860841e-16 6.110890788475665921e-17
2.739407309809846993e+03 3.950237252077280574e-16 5.959594969101443613e-17
2.742153246824667804e+03 5.071937572179413810e-16 6.500092905185179673e-17
2.744899183839489069e+03 4.590541056651737129e-16 6.101329454696222617e-17
2.747645120854310335e+03 5.553406824782913789e-16 6.698424685430648274e-17
2.750391057869131146e+03 3.345270471814275201e-16 9.850671838987582274e-17
2.753136994883951957e+03 5.023784708218318102e-16 7.446757712373751692e-17
2.755882931898773222e+03 4.823538670344200449e-16 6.241171960223559776e-17
2.758628868913594488e+03 4.006738504399781055e-16 6.352895366000720145e-17
2.761374805928415299e+03 2.064606546069323407e-16 1.139461353772541043e-16
2.764120742943236110e+03 5.737317512861602367e-16 5.692448141808711943e-17
2.766866679958057375e+03 5.664506813525334189e-16 5.955906598392412755e-17
2.769612616972878641e+03 -3.623707036442376338e-17 1.054166792302199035e-16
2.772358553987699452e+03 5.497245261879612769e-16 6.441677587609558061e-17
2.775104491002520263e+03 4.466953907297534142e-16 5.970210861982016800e-17
2.777850428017341528e+03 5.990122808552351970e-16 5.494407165811835954e-17
2.780596365032162794e+03 4.672026659359403649e-16 5.528123826284059401e-17
2.783342302046983605e+03 4.716900783877334423e-16 5.498974983203399471e-17
2.786088239061804416e+03 6.103039165683201289e-16 5.898435796583235182e-17
2.788834176076625681e+03 4.324221230929712080e-16 8.443995565322120856e-17
2.791580113091446947e+03 5.472104833504599800e-16 5.782097367014767124e-17
2.794326050106267758e+03 -5.174334175413367893e-16 1.305013372614776070e-16
2.797071987121088569e+03 2.239623629758886372e-16 5.580677095294557926e-17
2.799817924135909834e+03 5.816703541114265620e-16 6.972324610069750708e-17
2.802563861150731100e+03 3.832806774209447129e-16 6.359358140459293356e-17
2.805309798165551911e+03 5.363223604397048317e-16 6.470849201903484207e-17
2.808055735180372722e+03 4.306516708918332874e-16 9.226691126762987762e-17
2.810801672195193987e+03 5.966860010148500984e-16 5.334015872372490175e-17
2.813547609210015253e+03 6.837230329507359334e-16 5.730627878533934679e-17
2.816293546224836064e+03 4.488940087999896731e-16 6.543450081427470130e-17
2.819039483239656875e+03 6.605345815722773592e-16 5.267135710563105693e-17
2.821785420254478140e+03 5.309096778606818409e-16 6.281001656832178215e-17
2.824531357269299406e+03 5.951523161115305496e-16 5.669121443162493469e-17
2.827277294284120217e+03 5.729201318760477305e-16 6.945041931855209441e-17
2.830023231298941027e+03 6.911435969991894537e-16 5.545814564206243916e-17
2.832769168313762293e+03 5.830548142321830430e-16 5.505832132418380933e-17
2.835515105328583559e+03 5.687917364755725098e-16 4.977360177320503554e-17
2.838261042343404370e+03 5.016392864779165417e-16 5.102481095115379964e-17
2.841006979358225180e+03 6.041483298386186527e-16 5.076471142037790124e-17
2.843752916373046446e+03 5.130276753137865834e-16 4.855353734284230995e-17
2.846498853387867712e+03 4.493967868043551909e-16 5.616558241871923856e-17
2.849244790402688523e+03 8.136281328221656766e-16 5.345526613293155566e-17
2.851990727417509333e+03 7.536239344603368905e-16 5.264246694916382422e-17
2.854736664432330599e+03 4.256307789830553798e-16 5.125673107407902294e-17
2.857482601447151865e+03 6.079545048974657585e-16 5.847214252295040460e-17
2.860228538461972676e+03 5.364169951375907488e-16 4.920341940792983140e-17
2.862974475476793486e+03 6.354350428866700655e-16 4.997053326375541107e-17
2.865720412491614752e+03 5.059295245462109255e-16 6.194034866978602290e-17
2.868466349506436018e+03 6.414903432670511045e-16 5.146748441878904439e-17
2.871212286521256829e+03 5.485054362800139349e-16 4.697209380248104344e-17
2.873958223536077639e+03 8.857102348534355667e-16 5.261786195306567074e-17
2.876704160550898905e+03 6.132393889549287014e-16 5.061884746021104055e-17
2.879450097565720171e+03 4.842765269243833696e-16 5.954722545321787890e-17
2.882196034580540982e+03 4.010297254831249248e-16 8.316108868853754743e-17
2.884941971595361792e+03 5.980190053009336566e-16 4.471168831122682658e-17
2.887687908610183058e+03 5.809964996403754841e-16 6.134667845198224863e-17
2.890433845625004324e+03 5.234951011319916556e-16 4.921616513307826036e-17
2.893179782639825135e+03 6.071216874392614421e-16 7.373351181381940022e-17
2.895925719654645945e+03 5.384497291770082904e-16 4.607644949925429433e-17
2.898671656669467211e+03 5.003897968726089319e-16 4.448555494071505265e-17
2.901417593684288477e+03 5.790686889834637791e-16 4.432023506415165328e-17
2.904163530699109288e+03 5.456790840686834284e-16 4.315464922027264669e-17
2.906909467713930098e+03 5.543953072813568982e-16 5.869182927098120940e-17
2.909655404728751364e+03 4.499270482493799309e-16 4.296938021252541341e-17
2.912401341743572630e+03 5.130414940563190061e-16 4.327007333822498353e-17
2.915147278758393441e+03 4.898810434111490324e-16 4.171755404944927583e-17
2.917893215773214251e+03 3.384842233907147883e-16 6.479293553674686678e-17
2.920639152788035517e+03 5.474990729089283272e-16 4.611404526099399352e-17
2.923385089802856783e+03 5.525575802500687998e-16 4.823069634704652610e-17
2.926131026817677593e+03 5.296441145814323882e-16 4.305960759782081708e-17
2.928876963832498404e+03 5.650760160954590240e-16 4.990191794776685543e-17
2.931622900847319670e+03 3.957206026715097391e-16 6.502275078495486523e-17
2.934368837862140936e+03 3.682263738828805450e-16 4.908351423485764274e-17
2.937114774876961746e+03 7.086847599446337393e-16 4.182976750601789815e-17
2.939860711891782557e+03 6.113722842079766455e-16 3.971381611882755451e-17
2.942606648906603823e+03 7.065708497188526419e-16 5.380918541565709550e-17
2.945352585921425089e+03 5.459532823897207236e-16 4.362203861506278779e-17
2.948098522936245899e+03 5.546825050147823808e-16 3.947918071303030945e-17
2.950844459951066710e+03 6.090304606393735131e-16 4.664421151101079417e-17
2.953590396965887976e+03 5.742133817710490363e-16 4.367003305355087380e-17
2.956336333980709242e+03 4.805594538557072260e-16 3.702873491950510845e-17
2.959082270995530052e+03 6.261919585451584286e-16 4.231266077760703950e-17
2.961828208010350863e+03 6.182179565748909721e-16 3.870985622044151070e-17
2.964574145025172129e+03 5.424605494156626664e-16 3.850526184350815369e-17
2.967320082039993395e+03 6.132297672305990209e-16 4.632249008111924029e-17
2.968000000000000000e+03 6.063289705736661797e-16 3.714005778587966685e-17
2.970066019054814205e+03 6.004203168979026480e-16 4.027617030195957709e-17
2.972811956069635016e+03 4.579516232746992548e-16 3.538911579631689139e-17
2.973494124012502652e+03 4.812236110439422332e-16 2.883862589214582116e-17
2.975557893084456282e+03 5.232542981380125444e-16 3.467267707548410252e-17
2.978303830099277548e+03 6.005421959848045779e-16 4.820367201781567174e-17
2.978988248025005305e+03 5.878257763970762132e-16 3.868976286660868377e-17
2.981049767114098358e+03 5.152981537415418813e-16 3.561308582849142825e-17
2.983795704128919169e+03 3.200556077077033492e-16 5.667948128638763732e-17
2.984482372037507957e+03 3.438016427954282961e-16 4.556615812676943513e-17
2.986541641143740435e+03 5.092573137803696721e-16 3.406049054464506594e-17
2.989287578158561701e+03 5.295757486935969334e-16 3.447040815737833635e-17
2.989976496050010610e+03 5.405418105088403036e-16 2.807089017330525834e-17
2.992033515173382511e+03 5.497461036793411574e-16 3.258115040564818426e-17
2.994779452188203322e+03 3.582077530229022366e-16 4.480269364639939422e-17
2.995470620062513262e+03 3.975399874081531706e-16 3.686413260261888273e-17
2.997525389203024588e+03 5.153614385484379468e-16 3.349747873857839098e-17
3.000271326217845854e+03 5.941116735130864320e-16 3.855573688083037387e-17
3.000964744075015915e+03 5.762613447927324912e-16 3.079193015281967629e-17
3.003017263232666664e+03 5.194303971504281908e-16 3.211026051812033154e-17
3.005763200247487475e+03 4.808548606096369599e-16 4.836631057198217090e-17
3.006458868087518567e+03 4.843123585737986913e-16 3.830756345733838022e-17
3.008509137262308741e+03 5.213328171240249665e-16 3.728724577150057986e-17
3.011255074277130007e+03 4.618873530963936165e-16 3.775507292380355497e-17
3.011952992100021220e+03 4.576016971943938760e-16 3.044222945916267691e-17
3.014001011291950817e+03 4.665068866162180553e-16 3.376899982995308738e-17
3.016746948306771628e+03 4.483823665415731163e-16 4.885503334144413096e-17
3.017447116112523872e+03 4.392052747624406564e-16 3.918636053566654754e-17
3.019492885321592894e+03 4.153114382389360929e-16 4.353070037403794734e-17
3.022238822336414160e+03 4.357632409901817219e-16 4.762727237452886382e-17
3.022941240125026525e+03 4.567797694219356869e-16 3.889238126886445443e-17
3.024984759351234970e+03 4.980269968106682721e-16 3.706474275984614274e-17
3.027730696366055781e+03 5.225808409841573754e-16 3.667241942141705814e-17
3.028435364137529177e+03 5.385752068843908391e-16 2.958694208188095357e-17
3.030476633380877047e+03 5.623308225578939677e-16 2.989533974576240424e-17
3.033222570395698312e+03 3.878535517317146409e-16 4.371892553379408469e-17
3.033929488150031830e+03 4.106871409688145196e-16 3.604353240913455858e-17
3.035968507410519123e+03 4.991596939528750720e-16 3.411317033635801068e-17
3.038714444425339934e+03 4.707483086653541562e-16 3.382760377909651153e-17
3.039423612162534482e+03 4.882370529398697872e-16 2.706676520691976702e-17
3.041460381440161200e+03 4.894053280544709559e-16 3.451514265092151326e-17
3.044206318454982465e+03 5.596865434020272031e-16 3.002264474810702206e-17
3.044917736175037135e+03 5.568582716422293887e-16 2.584480505966156764e-17
3.046952255469803276e+03 5.351807298314416428e-16 3.933052441602812628e-17
3.049698192484624087e+03 4.637644463795683866e-16 3.213873148409307195e-17
3.050411860187539787e+03 4.639931662688939029e-16 2.588607680629129756e-17
3.052444129499445353e+03 4.758824223489397548e-16 2.890513012237889458e-17
3.055190066514266618e+03 5.034944093642024839e-16 3.353613660031274498e-17
3.055905984200042440e+03 4.867403339049739297e-16 2.747068224023417425e-17
3.057936003529087429e+03 4.836801718684764862e-16 3.342192611769494296e-17
3.060681940543908240e+03 5.340004576814829892e-16 3.786597760501489204e-17
3.061400108212545092e+03 5.142571505892773398e-16 3.194685044237068884e-17
3.063427877558729506e+03 5.655214006222757787e-16 4.484032261088545269e-17
3.066894232225047745e+03 5.544837028015100465e-16 6.482757695449642505e-17
3.072388356237550397e+03 4.241982449059693980e-16 5.623157793764674588e-17
3.077882480250053050e+03 3.763923263248236183e-16 6.563363695901133656e-17
3.083376604262555702e+03 3.486867023013101995e-16 7.810563759484532367e-17
3.088870728275058354e+03 5.256960563931907410e-16 5.824204163607466586e-17
3.094364852287561007e+03 3.789081921615338131e-16 6.856449430387391269e-17
3.099858976300063659e+03 5.017423588714412053e-16 7.206479217343491228e-17
3.105353100312566312e+03 1.513815412169134482e-16 1.049559504612708201e-16
3.110847224325068964e+03 3.707617317654357670e-16 9.202757404863874654e-17
3.116341348337571617e+03 6.212441944161907148e-16 5.512277321824072986e-17
3.121835472350074269e+03 5.359963703163105387e-16 6.728716477140541282e-17
3.127329596362576922e+03 5.761338286961702587e-16 6.622939842127723890e-17
3.132823720375079574e+03 4.064318096724556328e-16 5.686712367462127165e-17
3.138317844387582227e+03 3.244705227098445733e-16 6.056773384832635209e-17
3.143811968400084879e+03 3.226275479892632937e-16 7.334238706676449451e-17
3.149306092412587532e+03 4.467766572096336569e-16 4.693321822141048666e-17
3.154800216425090184e+03 5.327091100453124612e-16 4.953048022878420152e-17
3.160294340437592837e+03 5.194772020710834311e-16 6.443518172927621246e-17
3.165788464450095489e+03 2.925130609065035205e-16 8.022114545685930560e-17
3.171282588462598142e+03 5.364254763847680580e-16 5.224668488993522131e-17
3.176776712475100794e+03 5.118155260008683772e-16 5.085844509938803549e-17
3.182270836487603447e+03 4.775984677685471750e-16 5.216997856781645324e-17
3.187764960500106099e+03 6.025275608401486935e-16 6.609002871097033002e-17
3.193259084512608752e+03 4.469996941838336820e-16 4.465258195755566129e-17
3.198753208525111404e+03 4.577679998286406825e-16 4.153155244327221521e-17
3.204247332537614056e+03 4.540139132620787237e-16 4.224610262763230960e-17
3.209741456550116709e+03 1.988719942101423452e-16 1.108652318526467246e-16
3.215235580562619361e+03 5.125034361485574357e-16 5.515820729546604417e-17
3.220729704575122014e+03 4.716448951007589496e-16 4.052858428989224818e-17
3.226223828587624666e+03 4.923313422643504941e-16 4.376989143823842839e-17
3.231717952600127319e+03 4.357535383400680702e-16 6.116947069061892937e-17
3.237212076612629971e+03 4.132860466973799093e-16 5.332109392567859335e-17
3.242706200625132624e+03 4.265500938939755283e-16 4.083671727753361427e-17
3.248200324637635276e+03 3.490141120191021332e-16 4.757599568776469580e-17
3.253694448650137929e+03 4.575035272785653585e-16 4.140677330960717609e-17
3.259188572662640581e+03 4.788172492275256690e-16 3.880653409432792824e-17
3.264682696675143234e+03 4.830584741463615673e-16 3.982407112354654559e-17
3.270176820687645886e+03 3.595976778258222236e-16 4.618513029984068070e-17
3.275670944700148539e+03 5.053523803840226981e-16 3.728698026476714147e-17
3.281165068712651191e+03 4.275150977071779855e-16 3.671480509092278943e-17
3.286659192725153844e+03 5.141614092728865898e-16 3.589116730692349103e-17
3.292153316737656496e+03 3.556028675046502131e-16 3.720494644531196000e-17
3.297647440750159149e+03 3.655240700648531703e-16 5.165695372807514349e-17
3.303141564762661801e+03 3.870756763547787340e-16 3.614873107127664076e-17
3.308635688775164454e+03 4.633347667901049654e-16 3.491515295382801773e-17
3.314129812787667106e+03 3.434726221394645429e-16 3.448619726773980782e-17
3.319623936800169758e+03 3.991950483739148157e-16 3.623709083733198728e-17
3.325118060812672411e+03 4.369509615188921684e-16 3.581900441294554326e-17
3.330612184825175063e+03 3.359074315540637128e-16 3.293173318730988767e-17
3.336106308837677716e+03 4.321968608995190347e-16 3.320936468629822441e-17
3.341600432850180368e+03 4.435788189453749788e-16 3.409444473878417161e-17
3.347094556862683021e+03 -1.042528133056286983e-14 1.183128179795558207e-16
3.352588680875185673e+03 4.309823395800689055e-16 4.778358508267189420e-17
3.358082804887688326e+03 3.895874173144827008e-16 4.003316415360761443e-17
3.363576928900190978e+03 3.852522231906496874e-16 3.922772575978186655e-17
3.369071052912693631e+03 3.596109133268537513e-16 4.676717520826836026e-17
3.374565176925196283e+03 3.705693593458344728e-16 3.842601447874874218e-17
3.380059300937698936e+03 3.531717593216555558e-16 3.133013797884005665e-17
3.385553424950201588e+03 3.601576288418423440e-16 3.417521950143603681e-17
3.391047548962704241e+03 3.578852104520780983e-16 6.217956701138417568e-17
3.396541672975206893e+03 4.028333979876118957e-16 3.840763247256472966e-17
3.402035796987709546e+03 3.734537614816123694e-16 5.258969519003492886e-17
3.407529921000212198e+03 4.046024493131490256e-16 3.526954896786765322e-17
3.413024045012714851e+03 3.514576869737665864e-16 3.498096508837489380e-17
3.418518169025217503e+03 3.434971737096082277e-16 4.380170660778546517e-17
3.424012293037720156e+03 3.672545365655641069e-16 3.305615155543283940e-17
3.429506417050222808e+03 3.501155345335127961e-16 3.638958423110393065e-17
3.435000541062725461e+03 4.808789352455033062e-16 4.092467696837772754e-17
3.440494665075228113e+03 4.314099479337327382e-16 2.984512472937248742e-17
3.445988789087730765e+03 4.516554924641056946e-16 4.047660876062293727e-17
3.451482913100233418e+03 4.081809440682377659e-16 3.329325073818531384e-17
3.456977037112736070e+03 3.927941108422750403e-16 2.726906046936682468e-17
3.462471161125238723e+03 3.950125305253449484e-16 2.968352687104818492e-17
3.467965285137741375e+03 3.947422708620028719e-16 2.999789081517580580e-17
3.473459409150244028e+03 3.899650932260300079e-16 2.860338149195189820e-17
3.478953533162746680e+03 3.833522141106169189e-16 2.765422959147123748e-17
3.484447657175249333e+03 4.241054284796685474e-16 2.779418072177686730e-17
3.489941781187751985e+03 3.893422176051883667e-16 3.069964861415601360e-17
3.495435905200254638e+03 3.645603650272820985e-16 3.065158524366230321e-17
3.500930029212757290e+03 3.906937594634663701e-16 2.855711173371014752e-17
3.506424153225259943e+03 3.431242967105815748e-16 2.616770706365176998e-17
3.511918277237762595e+03 3.413256727790394853e-16 2.586050382579383716e-17
3.517412401250265248e+03 3.545941471855029020e-16 2.699164531618784003e-17
3.522906525262767900e+03 3.714042873886754535e-16 3.024967171216546645e-17
3.528400649275270553e+03 3.679166532098649481e-16 2.853102755839324513e-17
3.533894773287773205e+03 3.420286961444891107e-16 3.161244045389464160e-17
3.539388897300275858e+03 4.546877706032439122e-16 3.681026430772287512e-17
3.544883021312778510e+03 4.028771419941317257e-16 2.836109278068068580e-17
3.550377145325281163e+03 4.011466762885546176e-16 3.028423544191532243e-17
3.555871269337783815e+03 3.023924485005417423e-16 3.735036867281357874e-17
3.561365393350286467e+03 3.754135800404328356e-16 2.583711508648495941e-17
3.566859517362789120e+03 3.449048343670668803e-16 2.533926600022877899e-17
3.572353641375291772e+03 2.937010804939675634e-16 3.359222534956833429e-17
3.577847765387794425e+03 4.081783460976461695e-16 3.590761250742090000e-17
3.583341889400297077e+03 3.937513443054937546e-16 2.867849378001606956e-17
3.588836013412799730e+03 5.265301863732371962e-16 3.914143776842616838e-17
3.594330137425302382e+03 3.519602276057986841e-16 3.513966784517003415e-17
3.599824261437805035e+03 3.307431643478060402e-16 2.691389233207585505e-17
3.605318385450307687e+03 3.392923625752653232e-16 2.501302430555947068e-17
3.610812509462810340e+03 1.792307494466511697e-16 5.282881847469010492e-17
3.616306633475312992e+03 4.371222289398754517e-16 2.744692592350506507e-17
3.621800757487815645e+03 3.924718461799991539e-16 2.797425629882245281e-17
3.627294881500318297e+03 3.570955842654285818e-16 2.666635558490671187e-17
3.632789005512820950e+03 3.826372591354757887e-16 3.382143658340246024e-17
3.638283129525323602e+03 3.599199427647705128e-16 2.473924497372317542e-17
3.643777253537826255e+03 3.952587106519201967e-16 2.601270601261166145e-17
3.649271377550328907e+03 3.706814304160697250e-16 2.548065970159964209e-17
3.654765501562831560e+03 3.278373328290374881e-16 2.684114228177473583e-17
3.660259625575334212e+03 3.549526721503564757e-16 2.855553457280344412e-17
3.665753749587836865e+03 3.551492404465979734e-16 2.448265546659800156e-17
3.671247873600339517e+03 3.190335408704311274e-16 3.726659770334366694e-17
3.676741997612842169e+03 3.569763247581496980e-16 3.953028828499409609e-17
3.682236121625344822e+03 3.422692500137068774e-16 4.329972226469764149e-17
3.687730245637847474e+03 2.844685140244327647e-16 2.683632093614999894e-17
3.693224369650350127e+03 3.423811478252350691e-16 2.381351256176566543e-17
3.698718493662852779e+03 3.147817330139014082e-16 3.430464288697722706e-17
3.704212617675355432e+03 4.239374684218040388e-16 2.684677400669648760e-17
3.709706741687858084e+03 3.685637531122689507e-16 2.422980657795470869e-17
3.715200865700360737e+03 3.099908279464758301e-16 2.324847202835283707e-17
3.720694989712863389e+03 3.384693799048246406e-16 2.269388142125966196e-17
3.726189113725366042e+03 3.422054277536957720e-16 2.235828191896934663e-17
3.731683237737868694e+03 3.854863565082435212e-16 2.372855374082913537e-17
3.737177361750371347e+03 3.236239656631453166e-16 2.360470795788948129e-17
3.742671485762873999e+03 3.685671059368497518e-16 2.248302190891427547e-17
3.748165609775376652e+03 3.685760375742502402e-16 2.460448853239757343e-17
3.753659733787879304e+03 3.494085494244887025e-16 2.721399365901218052e-17
3.759153857800381957e+03 2.385468692301595395e-16 2.093937175036710766e-17
3.764647981812884609e+03 3.490919568209315833e-16 2.584609395779336214e-17
3.770142105825387262e+03 3.086124747050110828e-16 2.095691968939810651e-17
3.775636229837889914e+03 3.208173341779246894e-16 2.279129968056584165e-17
3.781130353850392567e+03 2.633228613291268753e-16 3.522942711123001224e-17
3.786624477862895219e+03 2.849796084647041835e-16 3.337096035895808953e-17
3.792118601875397871e+03 2.690999859857121976e-16 2.796207560512830860e-17
3.797612725887900524e+03 2.635876847975749709e-16 1.854346820193891019e-17
3.803106849900403176e+03 3.089309918122695261e-16 2.005800320268385581e-17
3.808600973912905829e+03 3.202652070023327019e-16 1.953771951469812665e-17
3.814095097925408481e+03 2.837275875335716206e-16 3.167431238352188195e-17
3.819589221937911134e+03 3.140662911475360114e-16 2.691459636997731347e-17
3.825083345950413786e+03 3.299402030349066177e-16 1.830570819342996538e-17
3.830577469962916439e+03 3.415380230815655011e-16 1.965765205305324871e-17
3.836071593975419091e+03 2.937551859282280679e-16 2.930544145464963326e-17
3.841565717987921744e+03 3.155960990103737999e-16 2.160140013182363973e-17
3.847059842000424396e+03 3.475525955081658279e-16 2.779611738329065400e-17
3.852553966012927049e+03 3.106628091310422411e-16 2.066818833424547350e-17
3.858048090025429701e+03 3.314544969841831030e-16 1.865244117856281150e-17
3.863542214037932354e+03 3.811541362434272954e-16 2.334279241721652073e-17
3.869036338050435006e+03 2.503702180602014605e-16 3.747391518909612136e-17
3.874530462062937659e+03 3.093625829684933394e-16 2.308083052336701473e-17
3.880024586075440311e+03 3.708328125635360301e-16 1.848257891833510382e-17
3.885518710087942964e+03 3.014974098689134956e-16 1.651951112684860382e-17
3.891012834100445616e+03 3.018665250387528876e-16 1.942462392631153033e-17
3.896506958112948269e+03 2.811429646976903844e-16 2.257966557623010757e-17
3.902001082125450921e+03 2.986010814850738574e-16 2.284346776196102814e-17
3.907495206137953573e+03 3.366023610592148338e-16 1.775071311664255777e-17
3.912989330150456226e+03 3.650326566390909512e-16 1.653466220623961825e-17
3.918483454162958878e+03 2.711330834346592793e-16 1.928719998895520788e-17
3.923977578175461531e+03 2.937993376714904056e-16 1.763804577263817719e-17
3.929471702187964183e+03 2.993537737885523068e-16 1.587984224765836561e-17
3.934965826200466836e+03 3.216507774814230341e-16 1.573579989153035507e-17
3.940459950212969488e+03 2.851112301932790941e-16 1.563704026770871790e-17
3.945954074225472141e+03 3.153087583669510516e-16 1.567607357303909582e-17
3.951448198237974793e+03 3.263902773110108810e-16 1.910541377995573320e-17
3.956942322250477446e+03 3.435767908487876014e-16 1.625065173242886231e-17
3.962436446262980098e+03 3.042005886656794323e-16 1.867108773697793733e-17
3.967930570275482751e+03 3.211730993877535977e-16 1.838273039542251070e-17
3.973424694287985403e+03 2.933286725217416654e-16 1.776719400282297145e-17
3.978918818300488056e+03 3.257928650473660600e-16 1.584000157790331516e-17
3.984412942312990708e+03 3.301098429937252450e-16 2.083656112798109037e-17
3.989907066325493361e+03 2.880815726134242473e-16 1.887292802274573120e-17
3.995401190337996013e+03 2.601954713109298361e-16 1.502270345655642541e-17
4.000895314350498666e+03 2.942575020711917573e-16 1.468034795872798233e-17
4.006389438363001318e+03 2.706226645688287066e-16 1.632952155600233301e-17
4.011883562375503971e+03 3.258643523753138179e-16 1.731421409132612732e-17
4.017377686388006623e+03 2.942608363952251219e-16 1.519202478789318047e-17
4.022871810400509275e+03 2.657395983282708465e-16 1.546175250327411299e-17
4.028365934413011928e+03 1.837513299134716076e-16 3.671573719826997791e-17
4.033860058425514580e+03 2.909619796622379988e-16 1.636452776570443277e-17
4.039354182438017233e+03 2.938270982427652125e-16 1.451619217054165807e-17
4.044848306450519885e+03 2.557692895128595988e-16 1.718134223616914152e-17
4.050342430463022538e+03 2.136915591576823472e-16 2.043078127877392131e-17
4.055836554475525190e+03 2.975364206628834205e-16 1.487937542072313981e-17
4.061330678488027843e+03 2.116508974984794794e-16 2.290122571403082126e-17
4.066824802500530495e+03 2.768593799254848295e-16 2.386265272150882133e-17
4.072318926513033148e+03 1.727228443477341863e-16 2.322038463626046721e-17
4.077813050525535800e+03 2.912067147027691450e-16 1.367300670388681738e-17
4.083307174538038453e+03 2.617288197173171481e-16 1.648044051557460721e-17
4.088801298550541105e+03 3.131158935168874586e-16 1.437865519716934373e-17
4.094295422563043758e+03 2.831446737953939639e-16 1.987554112950702548e-17
4.099789546575546410e+03 2.944637942739201594e-16 1.332332387995481407e-17
4.105283670588049063e+03 2.775869253510707147e-16 1.319679924810604331e-17
4.110777794600551715e+03 2.918047503255507286e-16 1.334682869688990561e-17
4.116271918613054368e+03 3.339726981261990575e-16 1.392912331218958052e-17
4.121766042625557020e+03 3.050199045379231882e-16 1.487534224549108628e-17
4.127260166638059673e+03 2.686492337117618184e-16 1.433994505387040203e-17
4.132754290650562325e+03 2.893789776532175618e-16 1.349281640246934375e-17
4.138248414663064978e+03 3.029454152442274012e-16 1.483896262109241074e-17
4.143742538675567630e+03 2.737337767743729258e-16 1.361526408705209139e-17
4.149236662688070282e+03 2.621839644078447943e-16 1.434560516853118147e-17
4.154730786700572935e+03 2.697238985235538393e-16 1.641025540149526443e-17
4.160224910713075587e+03 2.993982223507102118e-16 1.599587991531987740e-17
4.165719034725578240e+03 2.671170094917055475e-16 1.347861377022179670e-17
4.171213158738080892e+03 2.726735175383763663e-16 1.299407257932329935e-17
4.176707282750583545e+03 2.358384899607303346e-16 1.561565896612794825e-17
4.182201406763086197e+03 2.621612821841481497e-16 1.308038300335102947e-17
4.187695530775588850e+03 2.780737482405444232e-16 1.265337271426685340e-17
4.193189654788091502e+03 2.732247029776544614e-16 1.280919545185127941e-17
4.198683778800594155e+03 2.551418527014612230e-16 1.355227641552038783e-17
4.204177902813096807e+03 2.730925927709539431e-16 1.549937574808868250e-17
4.209672026825599460e+03 2.507179183156525343e-16 1.462873275947572826e-17
4.215166150838102112e+03 2.581808333356995062e-16 1.514255208458413469e-17
4.220660274850604765e+03 2.408987599362846475e-16 1.429700159139295201e-17
4.226154398863107417e+03 2.323774624540154782e-16 1.233094782454090194e-17
4.231648522875610070e+03 2.346605915522746793e-16 1.501239013077833213e-17
4.237142646888112722e+03 2.106377848928331588e-16 1.672353838670229236e-17
4.242636770900615375e+03 2.292551952161212928e-16 1.347076154531018314e-17
4.248130894913118027e+03 2.533359447529565039e-16 1.497180694797084269e-17
4.253625018925620680e+03 2.309293955102061422e-16 1.198709912925297389e-17
4.259119142938123332e+03 2.218613885654676025e-16 2.679860770981192081e-17
4.264613266950625984e+03 2.220158252304920603e-16 1.570745390377847069e-17
4.270107390963128637e+03 2.331647515701760196e-16 1.364882410532899153e-17
4.275601514975631289e+03 2.430402626663257043e-16 1.163846810444037245e-17
4.281095638988133942e+03 2.409808190694642352e-16 1.173351167781888517e-17
4.286589763000636594e+03 2.232063800763156298e-16 1.249605398623603217e-17
4.292083887013139247e+03 2.342661509180356571e-16 1.254212085931034401e-17
4.297578011025641899e+03 2.419422282639064601e-16 1.503970675856507997e-17
4.303072135038144552e+03 2.657343042985082453e-16 1.704816028094543990e-17
4.308566259050647204e+03 2.281807562613834148e-16 1.226232707061825406e-17
4.314060383063149857e+03 2.373983363250908569e-16 1.174044668052183174e-17
4.319554507075652509e+03 2.812412522004650097e-16 1.799536436647611991e-17
4.325048631088155162e+03 2.377379788845258432e-16 1.413889458527410270e-17
4.330542755100657814e+03 2.471048410031441018e-16 1.238066137410407058e-17
4.336036879113160467e+03 2.542855644704011857e-16 1.587558753785381837e-17
4.341531003125663119e+03 2.481409685923385535e-16 1.159263193271924518e-17
4.347025127138165772e+03 2.601380423178292191e-16 1.160072631093152553e-17
4.352519251150668424e+03 2.320543030195732841e-16 1.123631239749458055e-17
4.358013375163171077e+03 2.576568525643141085e-16 1.162201935684624890e-17
4.363507499175673729e+03 2.460139142758188980e-16 1.190442463012263171e-17
4.369001623188176382e+03 2.567381369632947329e-16 1.281747605392776171e-17
4.374495747200679034e+03 2.637370415899984707e-16 1.596085934385921727e-17
4.379989871213181686e+03 2.680254965676695150e-16 1.297189440537771973e-17
4.385483995225684339e+03 2.428952295621913520e-16 1.179905455001292987e-17
4.390978119238186991e+03 2.648712082716597264e-16 1.144817701209839236e-17
4.396472243250689644e+03 2.808366573710366782e-16 1.198211571796725831e-17
4.401966367263192296e+03 2.426867049445698571e-16 1.130685244925502657e-17
4.407460491275694949e+03 2.688119569879582911e-16 1.226966584980854569e-17
4.412954615288197601e+03 2.486794350988651103e-16 1.136826743865729421e-17
4.418448739300700254e+03 2.507858211372845874e-16 1.177306045234629572e-17
4.423942863313202906e+03 2.531342101819506836e-16 1.123892052128675012e-17
4.429436987325705559e+03 2.536792231394752566e-16 1.450328982819807948e-17
4.434931111338208211e+03 2.425482730327297820e-16 1.107311324463735912e-17
4.440425235350710864e+03 2.420659056624432874e-16 1.481686341296725529e-17
4.445919359363213516e+03 2.446418120093119868e-16 1.114387436816727941e-17
4.451413483375716169e+03 2.384059012760102834e-16 1.234812549042560026e-17
4.456907607388218821e+03 2.226448444651013954e-16 1.721086146211994795e-17
4.462401731400721474e+03 2.259552467137520440e-16 1.166963813745560137e-17
4.467895855413224126e+03 2.598424312715431050e-16 1.181756391914040603e-17
4.473389979425726779e+03 2.485871862382227763e-16 1.238536323430794056e-17
4.478884103438229431e+03 2.368389646918050189e-16 1.071819348310752651e-17
4.484378227450732084e+03 2.744864262098296760e-16 1.205827718921256104e-17
4.489872351463234736e+03 2.052444670790811684e-16 2.102169829395381595e-17
4.495366475475737388e+03 2.154479653741039249e-16 1.064369979099614864e-17
4.500860599488240041e+03 2.374893065708942355e-16 1.137203782341103733e-17
4.506354723500742693e+03 2.350849063597897362e-16 1.287448406728020138e-17
4.511848847513245346e+03 2.171498907383908254e-16 1.049428139076684209e-17
4.517342971525747998e+03 2.254917404983573293e-16 1.424559501557808777e-17
4.522837095538250651e+03 2.261055742503561787e-16 1.126194925296402119e-17
4.528331219550753303e+03 2.086831356022468586e-16 1.056481041511990521e-17
4.533825343563255956e+03 2.159892779078263384e-16 1.091688507553346447e-17
4.539319467575758608e+03 2.010223537030851411e-16 1.415010187015765703e-17
4.544813591588261261e+03 1.979906118325226771e-16 1.823264510788640229e-17
4.550307715600763913e+03 2.405022376486193283e-16 1.230169064574440092e-17
4.555801839613266566e+03 2.413741528985755294e-16 1.109842119076492019e-17
4.561295963625769218e+03 2.014014651186116824e-16 1.114948698559012365e-17
4.566790087638271871e+03 2.170412603431553492e-16 1.096918194377653637e-17
4.572284211650774523e+03 2.259689409491871174e-16 1.255709916052289251e-17
4.577778335663277176e+03 2.152376290446580921e-16 1.123659002562438952e-17
4.583272459675779828e+03 2.103462028612673315e-16 1.030170292438973116e-17
4.588766583688282481e+03 2.209543174640906154e-16 1.125139168428645280e-17
4.594260707700785133e+03 2.376029021740549264e-16 1.072538163550178155e-17
4.599754831713287786e+03 2.127647449001911131e-16 1.083595312284647514e-17
4.605248955725790438e+03 2.059043777566374842e-16 1.150318843284213181e-17
4.610743079738293090e+03 1.962078487172057999e-16 1.163883711096386091e-17
4.616237203750795743e+03 1.829834651240792757e-16 1.344870671830521522e-17
4.621731327763298395e+03 1.605845099709409919e-16 1.592839324336605548e-17
4.627225451775801048e+03 2.361863727027056592e-16 1.144372885193469222e-17
4.632719575788303700e+03 2.113412517691522166e-16 1.130097362328998160e-17
4.638213699800806353e+03 2.134998578883679769e-16 1.984971792710494182e-17
4.643707823813309005e+03 2.010493881051598226e-16 1.100185253349809787e-17
4.649201947825811658e+03 2.071272171396957523e-16 1.136805895402333331e-17
4.654696071838314310e+03 2.105807157364299619e-16 1.035436387856951613e-17
4.660190195850816963e+03 2.236404645551632943e-16 1.199968453324203467e-17
4.665684319863319615e+03 2.065183829801489133e-16 2.198759124774081951e-17
4.671178443875822268e+03 2.184736573936726535e-16 2.402586423789820994e-17
4.676672567888324920e+03 2.095031691533595433e-16 1.019819653264757820e-17
4.682166691900827573e+03 2.040717101194896178e-16 1.149308574540177422e-17
4.687660815913330225e+03 1.903753488105235765e-16 1.139168375284142061e-17
4.693154939925832878e+03 1.982070369853775522e-16 1.060591722346225961e-17
4.698649063938335530e+03 2.145579687447500573e-16 1.245007731523636137e-17
4.704143187950838183e+03 2.186424890226076092e-16 1.203839850224035936e-17
4.709637311963340835e+03 2.119085824014391366e-16 1.265621177009181941e-17
4.715131435975843488e+03 2.027009548503885810e-16 1.113939965749752078e-17
4.720625559988346140e+03 1.932737789718844529e-16 1.111303109286842165e-17
4.726119684000848792e+03 1.794867619303567856e-16 1.161046391419068650e-17
4.731613808013351445e+03 1.745894549390291305e-16 1.145508118329945497e-17
4.737107932025854097e+03 1.904069180772453530e-16 1.231714420203244608e-17
4.742602056038356750e+03 1.981334836599570407e-16 1.083535697410077159e-17
4.748096180050859402e+03 1.676185960129347566e-16 9.960463562075757744e-18
4.753590304063362055e+03 1.547463619395315233e-16 1.088136204255076876e-17
4.759084428075864707e+03 1.712218430672763733e-16 1.087159027977782028e-17
4.764578552088367360e+03 1.711743912221351421e-16 1.177328498897131777e-17
4.770072676100870012e+03 1.648085775968243631e-16 1.031785874751394888e-17
4.775566800113372665e+03 1.850671435739263339e-16 1.540309329063068607e-17
4.781060924125875317e+03 1.768223156169708347e-16 1.077378390212593401e-17
4.786555048138377970e+03 2.018112579323969376e-16 1.074968804003925498e-17
4.792049172150880622e+03 1.891216854886065379e-16 1.183563582370841844e-17
4.797543296163383275e+03 2.134670926456770714e-16 1.065422380675400489e-17
4.803037420175885927e+03 2.005823948069374953e-16 1.033083916747041234e-17
4.808531544188388580e+03 1.961350918069992673e-16 1.214272124366536695e-17
4.814025668200891232e+03 2.083725597932955701e-16 1.066434876351381596e-17
4.819519792213393885e+03 2.009008147183089595e-16 1.157027793889286746e-17
4.825013916225896537e+03 2.219332762083064736e-16 1.213183510952071520e-17
4.830508040238399190e+03 1.964957491013477898e-16 1.020331016175020473e-17
4.836002164250901842e+03 1.922183078263242248e-16 1.025481200862310389e-17
4.841496288263404495e+03 2.433636751989920401e-16 1.231777606233458870e-17
4.846990412275907147e+03 1.949892915638547883e-16 1.842135909465392208e-17
4.852484536288409799e+03 2.160365582785929040e-16 1.046177546688305344e-17
4.857978660300912452e+03 2.199810597886249014e-16 1.212228715512531774e-17
4.863472784313415104e+03 2.524341746777145547e-16 1.186018786076250108e-17
4.868966908325917757e+03 2.162957172342141649e-16 1.032435034951640744e-17
4.874461032338420409e+03 2.172328144944256700e-16 1.920115408538998374e-17
4.879955156350923062e+03 2.372910411922750206e-16 1.066336453170278155e-17
4.885449280363425714e+03 2.213927368761346872e-16 9.954939072397033495e-18
4.890943404375928367e+03 2.116401017429030277e-16 1.070867851545449038e-17
4.896437528388431019e+03 2.204583695552135577e-16 1.144043770544961122e-17
4.901931652400933672e+03 2.006184159300481568e-16 1.338596720037759577e-17
4.907425776413436324e+03 2.156885746713647333e-16 1.081197008674247640e-17
4.912919900425938977e+03 2.217184764145293021e-16 9.934293656151870445e-18
4.918414024438441629e+03 2.234188133717854277e-16 1.050411612627279495e-17
4.923908148450944282e+03 2.167535083226612347e-16 1.042897169340959623e-17
4.929402272463446934e+03 2.036069651602411662e-16 1.346922605598118014e-17
4.934896396475949587e+03 2.270367176324909015e-16 1.080022399100657388e-17
4.940390520488452239e+03 1.747819645317701734e-16 1.735905146784133344e-17
4.945884644500954892e+03 1.157197356292011854e-16 2.805319576964849875e-17
4.951378768513457544e+03 2.411753725179196670e-16 1.094270535799174733e-17
4.956872892525960197e+03 2.035522673881338145e-16 1.025316733827104360e-17
4.962367016538462849e+03 1.591079259416408932e-16 1.895332260945361676e-17
4.967861140550965501e+03 1.772299740991285397e-16 1.283018146758358562e-17
4.973355264563468154e+03 2.006949160291956292e-16 9.597630843759029514e-18
4.978849388575970806e+03 1.935792367005970744e-16 1.079089446114582294e-17
4.984343512588473459e+03 1.782980886821015656e-16 9.853313344174880340e-18
4.989837636600976111e+03 1.968885840237674611e-16 1.018131410399694522e-17
4.995331760613478764e+03 2.088178841238505956e-16 1.302233185829419947e-17
5.000825884625981416e+03 2.128581660844185708e-16 9.944824550484710570e-18
5.006320008638484069e+03 2.046908847296687495e-16 9.214840828690250617e-18
5.011814132650986721e+03 2.035211124154564935e-16 9.534945685334415756e-18
5.017308256663489374e+03 2.100756126240068931e-16 1.083419256052916042e-17
5.022802380675992026e+03 1.989081976727888543e-16 9.527838889468156931e-18
5.028296504688494679e+03 2.018247976278608857e-16 1.033674616818170656e-17
5.033790628700997331e+03 1.749524636350895538e-16 1.316539674518134689e-17
5.039284752713499984e+03 1.996105289319299190e-16 9.227324993233932630e-18
5.044778876726002636e+03 1.889917905220539609e-16 9.709701816321645915e-18
5.050273000738505289e+03 2.002937281497912761e-16 9.813486164691634522e-18
5.055767124751007941e+03 1.648368426564686218e-16 1.843153237136686749e-17
5.061261248763510594e+03 1.971679855831895338e-16 9.836253992484126108e-18
5.066755372776013246e+03 1.897032245356952729e-16 1.355829079774701809e-17
5.072249496788515899e+03 1.733378619596577054e-16 9.834531954176211047e-18
5.077743620801018551e+03 1.669300964637423703e-16 9.394471791148946078e-18
5.083237744813521203e+03 1.779823658673918881e-16 1.113993651785293170e-17
5.088731868826023856e+03 2.038644248055897318e-16 1.242550827057592070e-17
5.094225992838526508e+03 1.884877146716834122e-16 9.187919411967114237e-18
5.099720116851029161e+03 1.597816120561845232e-16 9.915208598072439505e-18
5.105214240863531813e+03 1.732605456438354391e-16 1.234353314045104650e-17
5.110708364876034466e+03 2.176239910896842803e-16 1.090447109594837337e-17
5.116202488888537118e+03 1.839717165523584251e-16 1.037584214484124493e-17
5.121696612901039771e+03 1.672412314812386562e-16 9.887983536641801387e-18
5.127190736913542423e+03 1.722529569912427206e-16 8.917883823643679146e-18
5.132684860926045076e+03 1.587624377330169341e-16 9.316814561412793198e-18
5.138178984938547728e+03 1.691029495678228124e-16 9.143037009456604378e-18
5.143673108951050381e+03 1.888044593222340229e-16 1.070883290836744148e-17
5.149167232963553033e+03 1.570991984992536835e-16 1.122473317837198410e-17
5.154661356976055686e+03 1.489547803389706090e-16 1.419627432809700579e-17
5.160155480988558338e+03 1.633423771805803326e-16 9.343812763608102389e-18
5.165649605001060991e+03 1.682831364962308003e-16 1.001055941701027531e-17
5.171143729013563643e+03 1.369743289425726761e-16 9.414015639908504696e-18
5.176637853026066296e+03 1.567582942416054389e-16 9.649434052247455700e-18
5.182131977038568948e+03 1.456523620423787358e-16 1.252954003462516970e-17
5.187626101051071601e+03 1.577519149044693633e-16 9.062215428829226777e-18
5.193120225063574253e+03 1.576766269755950706e-16 1.014009738463036155e-17
5.198614349076076905e+03 1.577140748883660587e-16 8.533028967132363516e-18
5.204108473088579558e+03 1.765649495482751959e-16 1.009770918884385137e-17
5.209602597101082210e+03 1.904560734168773364e-16 9.552423401886341847e-18
5.215096721113584863e+03 1.699764120250471455e-16 9.531125416727233433e-18
5.220590845126087515e+03 1.564674153579371342e-16 9.821830149254036714e-18
5.226084969138590168e+03 1.758670159407586424e-16 9.145781527265290145e-18
5.231579093151092820e+03 1.803041522332612620e-16 9.454496728436261904e-18
5.237073217163595473e+03 1.851123141742767505e-16 8.996900752573678234e-18
5.242567341176098125e+03 1.527956835926994602e-16 8.722541378705394483e-18
5.248061465188600778e+03 1.691845696580785308e-16 1.081816007521828890e-17
5.253555589201103430e+03 1.398411490172425673e-16 9.463749185521638267e-18
5.259049713213606083e+03 1.577415823238912269e-16 1.079690863190742685e-17
5.264543837226108735e+03 1.388346419420666933e-16 1.404472510456768437e-17
5.270037961238611388e+03 1.515909305821572296e-16 8.414706094307044471e-18
5.275532085251114040e+03 1.636349876045690821e-16 1.082617792724311853e-17
5.281026209263616693e+03 1.487217984722374410e-16 9.026240714071435144e-18
5.286520333276119345e+03 1.677242952558297931e-16 7.950779153657948199e-18
5.290000000000000000e+03 1.710581883364066305e-16 6.137711560449854826e-18
5.292014457288621998e+03 1.783474268086248478e-16 8.095926057845911218e-18
5.297508581301124650e+03 1.475285848520729869e-16 7.563254811338884809e-18
5.299759255581740035e+03 1.436955081374288912e-16 5.897092264191549452e-18
5.303002705313627303e+03 1.439463299097825115e-16 6.242799074019035330e-18
5.308496829326129955e+03 1.705048893222431687e-16 7.943909087022899557e-18
5.309518511163480071e+03 1.665522331993653573e-16 7.034620395414632639e-18
5.313990953338632607e+03 1.480196487768676670e-16 6.887358674586690647e-18
5.319277766745220106e+03 1.488957175963344075e-16 8.341508143471080979e-18
5.319485077351135260e+03 1.488407316038474641e-16 8.599356539704008298e-18
5.324979201363637912e+03 1.514370430924772779e-16 8.898075642253038396e-18
5.329037022326960141e+03 1.540997928317389539e-16 7.656363320291552822e-18
5.330473325376140565e+03 1.500802717414517558e-16 9.408030615431525717e-18
5.335967449388643217e+03 1.478490405693451991e-16 8.001232449179866176e-18
5.338796277908700176e+03 1.531259013846460913e-16 6.902212021839603053e-18
5.341461573401145870e+03 1.503042146911279489e-16 8.099455627527338760e-18
5.346955697413648522e+03 1.426371235767989438e-16 9.237099759953638583e-18
5.348555533490440212e+03 1.404135134423299550e-16 7.906739967166774233e-18
5.352449821426151175e+03 1.496545841395039069e-16 7.489718794176282334e-18
5.357943945438653827e+03 1.646265061793832305e-16 7.240938111694522502e-18
5.358314789072180247e+03 1.628396179931216547e-16 6.911239942589176578e-18
5.363438069451156480e+03 1.604457727809770155e-16 6.423631328098556974e-18
5.368074044653920282e+03 1.485918511532955893e-16 6.701634474085067947e-18
5.368932193463659132e+03 1.480797357849357854e-16 7.539641609446335581e-18
5.374426317476161785e+03 1.412184158133061955e-16 6.968356257355698854e-18
5.377833300235660317e+03 1.559209228656710827e-16 6.639696554199242750e-18
5.379920441488664437e+03 1.607815138501663235e-16 8.664454340896966187e-18
5.385414565501167090e+03 1.639782969243042406e-16 7.933104088947201861e-18
5.387592555817400353e+03 1.593328870775575062e-16 6.136255615164730044e-18
5.390908689513669742e+03 1.433372605998428098e-16 6.548771619028223137e-18
5.396402813526172395e+03 1.363747288289668717e-16 7.777820154463514862e-18
5.397351811399140388e+03 1.360567507136744042e-16 7.062089783449885960e-18
5.401896937538675047e+03 1.388382709713490547e-16 6.737904705236853468e-18
5.407111066980880423e+03 1.252894111959407852e-16 8.476904013817258815e-18
5.407391061551177700e+03 1.247083822638677797e-16 8.770374046563984352e-18
5.412885185563680352e+03 1.381058871821251365e-16 7.690079909728439644e-18
5.416870322562620458e+03 1.401435174878536898e-16 7.151528220763353959e-18
5.418379309576183005e+03 1.337458968375637954e-16 8.647410459235508905e-18
5.423873433588685657e+03 1.452008857816226983e-16 6.822649004179783515e-18
5.426629578144360494e+03 1.429185441647039107e-16 6.065987707786544700e-18
5.429367557601188309e+03 1.468998309665280713e-16 7.004139935437280125e-18
5.434861681613690962e+03 1.629636301876433129e-16 6.915559955069962502e-18
5.436388833726100529e+03 1.578397135372301320e-16 5.850132099324465035e-18
5.440355805626193614e+03 1.429401412467098443e-16 6.049615572454737034e-18
5.445849929638696267e+03 1.522612122356927322e-16 7.752718504254220348e-18
5.446148089307840564e+03 1.518131648162608774e-16 7.455831482828112084e-18
5.451344053651198919e+03 1.498175892822747767e-16 6.588357357777177473e-18
5.455907344889580600e+03 1.421431322479493821e-16 6.443855098752101485e-18
5.456838177663701572e+03 1.424858194826982612e-16 7.267833484854381154e-18
5.462332301676204224e+03 1.329555264380619617e-16 6.337178734277037310e-18
5.465666600471320635e+03 1.330139430829685995e-16 5.715020071494337770e-18
5.467826425688706877e+03 1.361281247931663136e-16 7.152541605999939369e-18
5.473320549701209529e+03 1.177031987665337954e-16 6.894853084502511331e-18
5.475425856053060670e+03 1.256413186282900190e-16 5.528713837593046012e-18
5.478814673713712182e+03 1.311690896066612921e-16 6.440012205400415406e-18
5.484308797726214834e+03 1.341804379709972558e-16 6.680418025179897730e-18
5.485185111634800705e+03 1.340034052584419865e-16 6.065449347421466346e-18
5.489802921738717487e+03 1.341825488296921119e-16 5.674699180334080601e-18
5.494944367216540741e+03 1.368470830869613270e-16 6.804381868442570581e-18
5.495297045751220139e+03 1.372168519002655523e-16 7.043380283815505532e-18
5.500791169763722792e+03 1.496010923072403644e-16 5.814344770913137913e-18
5.504703622798280776e+03 1.340470369402640355e-16 5.637160505989712581e-18
5.506285293776225444e+03 1.305045299766674896e-16 6.557982043592260652e-18
5.511779417788728097e+03 1.299141079714537219e-16 7.263596122454404573e-18
5.514462878380020811e+03 1.300855495840357127e-16 6.426133360315230716e-18
5.517273541801230749e+03 1.291498446482256148e-16 8.063269289209176570e-18
5.522767665813733402e+03 1.398307018475958281e-16 6.949436767611316189e-18
5.524222133961760846e+03 1.329210872409288341e-16 6.130252657680466449e-18
5.528261789826236054e+03 1.394706470200617171e-16 6.166737764623744143e-18
5.533755913838738707e+03 1.524957129686705674e-16 7.183248202853699086e-18
5.533981389543500882e+03 1.519565208980885766e-16 7.021464335814124378e-18
5.539250037851241359e+03 1.544833979393860355e-16 5.902145265793700435e-18
5.543740645125240917e+03 1.345119597778114172e-16 6.415508999241887440e-18
5.544744161863744011e+03 1.344185553655644415e-16 7.143538583362675332e-18
5.550238285876246664e+03 1.358717818487957187e-16 6.087402401595270462e-18
5.553499900706980952e+03 1.272428593786685983e-16 5.726659033491509304e-18
5.555732409888749316e+03 1.335968085375337004e-16 6.120539475124237280e-18
5.561226533901251969e+03 1.266039185428317016e-16 6.298868203092268431e-18
5.563259156288720988e+03 1.251050644337458571e-16 5.254588731510669102e-18
5.566720657913754621e+03 1.365841356964892747e-16 5.297254299246964597e-18
5.572214781926257274e+03 1.463190966088587119e-16 6.744051669185589319e-18
5.573018411870461023e+03 1.460394022068933927e-16 6.359624852854227335e-18
5.577708905938759926e+03 1.395487492047269107e-16 6.302324144383457153e-18
5.582777667452201058e+03 1.126838210169866022e-16 8.013804872426006376e-18
5.583203029951262579e+03 1.116953317868474296e-16 8.349526684461411903e-18
5.588697153963765231e+03 1.336662513511549635e-16 6.972200731456317365e-18
5.592536923033941093e+03 1.348455901429234693e-16 8.477751883633083304e-18
5.594191277976267884e+03 1.332030826918706810e-16 1.031935832042188102e-17
5.599685401988770536e+03 1.220455247098218777e-16 6.368344420525952420e-18
5.602296178615681129e+03 1.267450634619973507e-16 6.318119029383876453e-18
5.605179526001273189e+03 1.400515812290125421e-16 6.745732689863115639e-18
5.610673650013775841e+03 1.388871677706597463e-16 6.826592800008254374e-18
5.612055434197421164e+03 1.398620381199345975e-16 6.009908202036222454e-18
5.616167774026278494e+03 1.471393028081083995e-16 5.974996904797478853e-18
5.621661898038781146e+03 1.380830424811363507e-16 6.849128758584396160e-18
5.621814689779161199e+03 1.380651900380687968e-16 6.748905965313991419e-18
5.627156022051283799e+03 1.255952497173341052e-16 7.094771301421156203e-18
5.631573945360901234e+03 1.286577295632845998e-16 8.050716806078348886e-18
5.632650146063786451e+03 1.245858031346061174e-16 9.119126372710565708e-18
5.638144270076289104e+03 1.250713700093207405e-16 6.889978802242277531e-18
5.641333200942641270e+03 1.254154846600957849e-16 6.695100026123091040e-18
5.643638394088791756e+03 1.190843482070764515e-16 8.291122553921104521e-18
5.649132518101294409e+03 1.317979887550350863e-16 6.916376145511285585e-18
5.651092456524381305e+03 1.295316877944094456e-16 6.155012004538189971e-18
5.654626642113797061e+03 1.346193743871351416e-16 6.317006071697384184e-18
5.660120766126299714e+03 1.407160284523668697e-16 7.226943649859985503e-18
5.660851712106121340e+03 1.404358334847530207e-16 6.771189159440248815e-18
5.665614890138802366e+03 1.283891958479956430e-16 5.317256194956827039e-18
5.670610967687861375e+03 1.240466903614551483e-16 5.939464364212579149e-18
5.671109014151305018e+03 1.243578634197724006e-16 6.201535544538676192e-18
5.676603138163807671e+03 1.277135198222365954e-16 5.246060824957592155e-18
5.680370223269601411e+03 1.313817368046790504e-16 6.005739353758006697e-18
5.682097262176310323e+03 1.318687473094956280e-16 6.712368477013334103e-18
5.687591386188812976e+03 1.206713573600298444e-16 7.456074618887548454e-18
5.690129478851341446e+03 1.187939036963987166e-16 1.022424584913941198e-17
5.699888734433081481e+03 1.121087606990483643e-16 1.472640760721735266e-17
5.709647990014821517e+03 1.304373521505504592e-16 8.714330632200085046e-18
5.719407245596561552e+03 1.258029858084467911e-16 7.442112306586310502e-18
5.729166501178301587e+03 1.271742420482928755e-16 9.129976321073307249e-18
5.738925756760041622e+03 9.489965470933029514e-17 1.070807048592613810e-17
5.748685012341781658e+03 1.011401069344699267e-16 7.851128164367900966e-18
5.758444267923521693e+03 1.256709216968303269e-16 8.076340150548624535e-18
5.768203523505261728e+03 1.244480466188351580e-16 7.935888818225344119e-18
5.777962779087001763e+03 1.270756760214997587e-16 9.104830761748668291e-18
5.787722034668741799e+03 9.707140074066629819e-17 7.272257722780397247e-18
5.797481290250481834e+03 1.158456273421791042e-16 7.336568063552560596e-18
5.807240545832221869e+03 1.129425347473980649e-16 7.582708759509905097e-18
5.816999801413961904e+03 1.088142564566611182e-16 1.200757169803087459e-17
5.826759056995701940e+03 1.307053192796214534e-16 8.024693311035259823e-18
5.836518312577441975e+03 1.391028351959081228e-16 7.105063628091432146e-18
5.846277568159182010e+03 1.373792691302449432e-16 7.219875755947768072e-18
5.856036823740922046e+03 1.421403269712595377e-16 1.161555527415548245e-17
5.865796079322662081e+03 1.298618991860687570e-16 8.597677602538905621e-18
5.875555334904402116e+03 1.305732019925185911e-16 7.578944910778967420e-18
5.885314590486142151e+03 1.225804019570229847e-16 7.590178769289261367e-18
5.895073846067882187e+03 1.261016126077265726e-16 7.245397466537064714e-18
5.904833101649622222e+03 1.473284630560319622e-16 7.165260893039798633e-18
5.914592357231362257e+03 1.110168860259855624e-16 1.077266148649184245e-17
5.924351612813102292e+03 1.463082253897032077e-16 8.078294883611174434e-18
5.934110868394842328e+03 1.423283004013372235e-16 6.762131177108823430e-18
5.943870123976582363e+03 1.336559638575047548e-16 6.951370106312968289e-18
5.953629379558322398e+03 1.273927603528102068e-16 6.821257824897714824e-18
5.963388635140062433e+03 1.260973678783621435e-16 6.916781361346328135e-18
5.973147890721802469e+03 1.207049253060059192e-16 8.762427117521412695e-18
5.982907146303542504e+03 1.304691902885608087e-16 6.927136119086641062e-18
5.992666401885282539e+03 1.330993226744164382e-16 7.187030120162375686e-18
6.002425657467022575e+03 1.154442930374887750e-16 7.202433280156683154e-18
6.012184913048762610e+03 1.293298263911392509e-16 7.288606508397819319e-18
6.021944168630502645e+03 1.263947212887487803e-16 1.372844478540415542e-17
6.031703424212242680e+03 1.497548867765122941e-16 6.712916345041794771e-18
6.041462679793982716e+03 1.253162168198068773e-16 6.701458420992270409e-18
6.051221935375722751e+03 1.199054538023834111e-16 7.200170660047082732e-18
6.060981190957462786e+03 -1.475697606898400212e-15 1.893785031724006610e-17
6.070740446539202821e+03 1.349163022102526777e-16 9.188677203571314289e-18
6.080499702120942857e+03 1.253181683063755576e-16 8.826432538423964668e-18
6.090258957702682892e+03 1.191555479664882722e-16 8.846344771645249102e-18
6.100018213284422927e+03 9.318203467269974520e-17 8.704672765273769427e-18
6.109777468866162963e+03 1.173737693803140223e-16 7.986702541632367280e-18
6.119536724447902998e+03 1.181909097949334506e-16 6.283915739778598816e-18
6.129295980029643033e+03 1.090133642987809802e-16 6.957856979879071824e-18
6.139055235611383068e+03 9.219122675115532249e-17 9.934840037250091501e-18
6.148814491193123104e+03 1.214588936774600810e-16 7.507176631692132446e-18
6.158573746774863139e+03 1.226146420824046339e-16 7.953995381817591661e-18
6.168333002356603174e+03 1.143033755509489732e-16 6.939846971624894353e-18
6.178092257938343209e+03 1.106717093618514090e-16 6.905709465248524853e-18
6.187851513520083245e+03 6.231817453424343453e-17 1.214643654298449015e-17
6.197610769101823280e+03 1.143214905666820817e-16 6.669348457465770764e-18
6.207370024683563315e+03 1.127448258288746695e-16 6.947764383496342776e-18
6.217129280265303350e+03 1.342852137310450114e-16 7.886773224863654315e-18
6.226888535847043386e+03 1.049333202728177005e-16 6.358842411913601607e-18
6.236647791428783421e+03 1.086975543089872988e-16 9.346557471996621891e-18
6.246407047010523456e+03 9.563883148980296738e-17 6.391202500329813062e-18
6.256166302592263492e+03 1.062335880832730520e-16 6.118175449244279464e-18
6.265925558174003527e+03 1.060137983707962045e-16 6.277079022260448868e-18
6.275684813755743562e+03 1.086779585290463177e-16 6.204508195061683354e-18
6.285444069337483597e+03 9.675803443601139222e-17 6.182433540200574513e-18
6.295203324919223633e+03 1.111255108616966427e-16 5.950670166096129087e-18
6.304962580500963668e+03 9.750851899106465265e-17 7.596380178760526100e-18
6.314721836082703703e+03 9.208754501257787612e-17 7.704706690403211532e-18
6.324481091664443738e+03 1.036021910511769491e-16 6.360011702503139512e-18
6.334240347246183774e+03 1.093877321680586612e-16 6.394882187088660547e-18
6.343999602827923809e+03 1.101967758295322412e-16 5.853466979329988096e-18
6.353758858409663844e+03 9.798830231535831741e-17 5.885542449941891456e-18
6.363518113991403879e+03 8.965171344301682427e-17 6.180573045019473880e-18
6.373277369573143915e+03 8.931875103241583577e-17 5.994323963519401288e-18
6.383036625154883950e+03 9.477105520218245374e-17 5.906571001721897049e-18
6.392795880736623985e+03 9.394476518278227304e-17 6.422043522620311955e-18
6.402555136318364021e+03 8.847409839244253314e-17 6.965223619941862340e-18
6.412314391900104056e+03 7.771712243572332661e-17 6.010015973505092187e-18
6.422073647481844091e+03 9.790290258523143454e-17 6.085147214075681639e-18
6.431832903063584126e+03 6.355477431436123153e-17 8.243437964177935996e-18
6.441592158645324162e+03 7.015340937023676516e-17 8.525205643970131510e-18
6.451351414227064197e+03 9.393536336111352676e-17 5.861368900983730690e-18
6.461110669808804232e+03 5.936492133374766145e-17 7.086323257630037172e-18
6.470869925390544267e+03 7.049686447366859878e-17 7.413268737354044995e-18
6.480629180972284303e+03 9.771157396442596669e-17 5.658942972467990764e-18
6.490388436554024338e+03 9.543974697821723552e-17 8.589413613426764569e-18
6.500147692135764373e+03 1.018042479429871926e-16 8.513955588146935901e-18
6.509906947717504409e+03 1.099380103257223500e-16 6.595234784525102787e-18
6.519666203299244444e+03 1.165358967580915195e-16 6.123669325460141566e-18
6.529425458880984479e+03 1.077530410656680756e-16 1.012374995881091720e-17
6.539184714462724514e+03 1.241705552257790936e-16 6.035985377337022100e-18
6.548943970044464550e+03 1.396881579789472541e-16 7.079668643490145688e-18
6.558703225626204585e+03 1.387081677535324741e-16 6.371137035863877390e-18
6.568462481207944620e+03 1.329685967321437246e-16 6.934037719612099469e-18
6.578221736789684655e+03 1.511336458081308414e-16 6.255037210308349685e-18
6.587980992371424691e+03 1.425142260878359106e-16 6.231143165462558473e-18
6.597740247953164726e+03 1.027106706053132357e-16 1.540136260074946542e-17
6.607499503534904761e+03 1.424697805954964452e-16 6.311530289249303015e-18
6.617258759116644796e+03 1.331887019334226322e-16 7.859970721270793431e-18
6.627018014698384832e+03 1.502235873952132378e-16 6.192991774716072079e-18
6.636777270280124867e+03 1.222183854532210629e-16 8.585476286043436016e-18
6.646536525861864902e+03 1.322653996635344724e-16 8.648127696353579785e-18
6.656295781443604938e+03 1.418725577793105350e-16 1.001436980713630961e-17
6.666055037025344973e+03 1.327622764477991275e-16 7.272317521294963614e-18
6.675814292607085008e+03 1.095673215516805633e-16 9.869124305660569697e-18
6.685573548188825043e+03 9.122657953894537992e-17 1.084305756663674202e-17
6.695332803770565079e+03 1.103373534127608216e-16 9.007608654874546471e-18
6.705092059352305114e+03 1.321648683923258289e-16 6.450916965210396947e-18
6.714851314934045149e+03 1.368872899644741043e-16 6.904160543023656254e-18
6.724610570515785184e+03 1.295545179976402606e-16 6.373426867106939829e-18
6.734369826097525220e+03 1.204017764148693109e-16 7.963495931444366264e-18
6.744129081679265255e+03 1.169299280304504323e-16 6.189140388140988052e-18
6.753888337261005290e+03 1.096516279019312081e-16 6.062993932354147255e-18
6.763647592842745325e+03 1.111786591542494625e-16 5.967418731492420303e-18
6.773406848424485361e+03 1.213351668915813612e-16 6.238451893626525690e-18
6.783166104006225396e+03 1.052155870220288744e-16 6.730696595412890682e-18
6.792925359587965431e+03 9.548032645681911807e-17 6.150090541281303924e-18
6.802684615169705467e+03 9.931456781813135408e-17 6.800289560520727311e-18
6.812443870751445502e+03 1.022937116782984739e-16 5.714495033824387352e-18
6.822203126333185537e+03 8.158433530669306647e-17 7.851668193214140554e-18
6.831962381914925572e+03 7.176086398010517820e-17 1.101950492610060862e-17
6.841721637496665608e+03 7.921550148476237242e-17 9.535792725080541724e-18
6.851480893078405643e+03 1.046712395744129253e-16 7.390675690878749531e-18
6.861240148660145678e+03 9.152104060143628462e-17 6.486510987362164167e-18
6.870999404241885713e+03 9.554251589615740087e-17 1.096184606974112994e-17
6.880758659823625749e+03 9.400818964020912359e-17 6.091704887554947252e-18
6.890517915405365784e+03 8.400490287977176690e-17 8.916969261481561938e-18
6.900277170987105819e+03 9.024939708162418956e-17 7.475784991417080422e-18
6.910036426568845854e+03 8.933036060628591261e-17 5.637855369465236223e-18
6.919795682150585890e+03 9.257035099864103854e-17 6.406688574638734946e-18
6.929554937732325925e+03 7.739021248257039933e-17 8.289480875554864625e-18
6.939314193314065960e+03 8.111463578501043010e-17 6.698959818557226877e-18
6.949073448895805996e+03 8.523774012170000577e-17 8.193698806146370666e-18
6.958832704477546031e+03 1.125878544525074951e-16 8.097240873761540209e-18
6.968591960059286066e+03 1.260217922645980115e-16 7.579803390189086860e-18
6.978351215641026101e+03 7.455541568228415492e-17 1.193980170801558592e-17
6.988110471222766137e+03 5.339632375416741529e-17 1.098885090605907782e-17
6.997869726804506172e+03 7.937104770247561427e-17 7.451300543834245966e-18
7.007628982386246207e+03 7.884862217606452778e-17 7.564930719437615414e-18
7.017388237967986242e+03 8.183588776118485986e-17 6.177313423355724880e-18
7.027147493549726278e+03 8.715782315229274361e-17 7.394810135402056250e-18
7.036906749131466313e+03 9.775107523639584173e-17 7.954469100153082610e-18
7.046666004713206348e+03 8.687836438241362093e-17 8.098378379394654306e-18
7.056425260294946384e+03 7.576171483005622205e-17 5.784655046032529186e-18
7.066184515876686419e+03 7.390353894741483934e-17 5.638850080709119421e-18
7.075943771458426454e+03 7.238245793630709041e-17 6.612195692399010184e-18
7.085703027040166489e+03 7.105796936127351037e-17 7.779683720177048900e-18
7.095462282621906525e+03 8.708421147070725317e-17 5.535525563060269847e-18
7.105221538203646560e+03 7.882342039421663918e-17 5.481361147550739021e-18
7.114980793785386595e+03 8.576382533166462507e-17 5.628413409525268134e-18
7.124740049367126630e+03 8.818565276007914809e-17 6.782654615802015247e-18
7.134499304948866666e+03 8.232417435910029878e-17 6.780436320629669846e-18
7.144258560530606701e+03 7.360976746675825880e-17 6.462509335493315790e-18
7.154017816112346736e+03 6.542595759027726497e-17 7.292706402674374041e-18
7.163777071694086771e+03 8.103608565093570898e-17 6.642957922843284891e-18
7.173536327275826807e+03 9.355326400755400447e-17 7.344201249434259959e-18
7.183295582857566842e+03 7.760816359149176557e-17 7.713706356872335962e-18
7.193054838439306877e+03 1.160560317797851356e-16 8.349166572843257692e-18
7.202814094021046913e+03 7.259882492806711527e-17 7.420039963577125201e-18
7.212573349602786948e+03 7.926386612134726262e-17 5.936220182106433299e-18
7.222332605184526983e+03 7.811638020558888500e-17 5.816309165457461824e-18
7.232091860766267018e+03 8.822550750661068020e-17 7.088879701493566507e-18
7.241851116348007054e+03 9.733855448665688516e-17 7.309906118219441036e-18
7.251610371929747089e+03 8.030843465178129350e-17 6.098145155660369118e-18
7.261369627511487124e+03 7.784942957243175833e-17 6.848208323333583363e-18
7.271128883093227159e+03 7.587544557764681862e-17 1.016293810101315049e-17
7.280888138674967195e+03 6.439044953526900225e-17 6.791730003483926217e-18
7.290647394256707230e+03 7.330040489496509721e-17 6.262882252495218473e-18
7.300406649838447265e+03 5.895571239176606111e-17 7.831346789865326950e-18
7.310165905420187300e+03 5.464295417716102210e-17 8.000548123026587903e-18
7.319925161001927336e+03 6.104211948176452356e-17 9.224728200091291562e-18
7.329684416583667371e+03 4.483632904548585432e-17 9.591998672263948222e-18
7.339443672165407406e+03 6.805648146620672770e-17 1.054977790446906210e-17
7.349202927747147442e+03 4.423586053057674377e-17 1.193445297288448773e-17
7.358962183328887477e+03 7.203547395150082120e-17 6.606731244828783554e-18
7.368721438910627512e+03 7.582610626808256798e-17 7.607793218273938295e-18
7.378480694492367547e+03 6.481616324887919055e-17 7.842390670100080167e-18
7.388239950074107583e+03 6.981951535150951151e-17 9.027175245883515174e-18
7.397999205655847618e+03 5.919962089092367976e-17 5.959990988574329344e-18
7.407758461237587653e+03 6.602324348677235689e-17 6.120271742789580999e-18
7.417517716819327688e+03 6.052749096834936966e-17 6.706443309626031561e-18
7.427276972401067724e+03 7.544185953063319423e-17 7.093644934340948405e-18
7.437036227982807759e+03 9.101282328849290989e-17 8.601437630556541941e-18
7.446795483564547794e+03 7.110645451139630190e-17 7.646677442142780049e-18
7.456554739146287829e+03 7.719260834774144809e-17 6.696874077477118455e-18
7.466313994728027865e+03 6.269888259015860940e-17 6.602853127851667937e-18
7.476073250309767900e+03 7.145035393088121323e-17 6.223865693987669276e-18
7.485832505891507935e+03 7.585588014772632469e-17 7.062549076525519725e-18
7.495591761473247971e+03 7.450436933348491779e-17 7.513551470226933062e-18
7.505351017054988006e+03 7.982958961647625924e-17 6.688822846593061405e-18
7.515110272636728041e+03 7.282045620959275439e-17 6.403374535089705070e-18
7.524869528218468076e+03 7.665489703530524202e-17 6.553184280095428240e-18
7.534628783800208112e+03 6.558222372220458871e-17 7.980394824609472350e-18
7.544388039381948147e+03 8.350978567398502225e-17 6.689233911199015057e-18
7.554147294963688182e+03 7.750189371446443557e-17 6.372779420462719140e-18
7.563906550545428217e+03 5.536063491709376123e-17 6.179471294743193595e-18
7.573665806127168253e+03 6.347786809397862404e-17 6.902152257243568079e-18
7.583425061708908288e+03 5.057267462210529881e-17 9.339118635096247289e-18
7.593184317290648323e+03 4.290352534124111617e-17 7.467574724817003658e-18
7.602943572872388359e+03 8.462600516315514454e-17 6.927649944429876318e-18
7.612702828454128394e+03 6.255268318773544376e-17 7.642897058612133669e-18
7.622462084035868429e+03 6.169559332701264827e-17 6.534620928875057818e-18
7.632221339617608464e+03 6.669964601024583762e-17 8.321424979216423687e-18
7.641980595199348500e+03 6.839897296622224281e-17 8.385122019476627751e-18
7.651739850781088535e+03 -2.650969943304019531e-16 1.391667129824280854e-17
7.661499106362828570e+03 6.223746597988099926e-17 7.974358915507439296e-18
7.671258361944568605e+03 5.529689112438446925e-17 8.361188140746423704e-18
7.681017617526308641e+03 3.376890579194094919e-17 1.413313016855777846e-17
7.690776873108048676e+03 6.313112389093184678e-17 9.212958571863938527e-18
7.700536128689788711e+03 5.385760616364336698e-17 7.677258343077401552e-18
7.710295384271528746e+03 6.296628644935252782e-17 6.679244296052616723e-18
7.720054639853268782e+03 8.832808076476158483e-17 7.457198291078958244e-18
7.729813895435008817e+03 6.828013126918707993e-17 1.261654446774060379e-17
7.739573151016748852e+03 5.755382841968470487e-17 7.404906879862523302e-18
7.749332406598488888e+03 5.544075331862173150e-17 8.418569996135538399e-18
7.759091662180228923e+03 1.093324030249589574e-16 1.209947676926208165e-17
7.768850917761968958e+03 7.526528962373748077e-17 8.710723977390781179e-18
7.778610173343708993e+03 5.774036385278159805e-17 7.502708862475585369e-18
7.788369428925449029e+03 7.618336539972750367e-17 9.272806597847374241e-18
7.798128684507189064e+03 6.346248175055573438e-17 8.377228992049430022e-18
7.807887940088929099e+03 4.006139783588054811e-17 8.620355810649015004e-18
7.817647195670669134e+03 6.927967981336933666e-17 1.037730604713433086e-17
7.827406451252409170e+03 6.457015664070499881e-17 7.589411335136576109e-18
7.837165706834149205e+03 7.438233019614569093e-17 7.870038342698816096e-18
7.846924962415889240e+03 6.611952051292834568e-17 7.905110926389364826e-18
7.856684217997629275e+03 5.125177394135670339e-17 1.015192841647161080e-17
7.866443473579369311e+03 6.081457369819210090e-17 8.812699343341852684e-18
7.876202729161109346e+03 5.993639911554729789e-17 8.256972543696933392e-18
7.885961984742849381e+03 6.997041876447796869e-17 1.062952165979968747e-17
7.895721240324589417e+03 5.854315499009600873e-17 8.699588029881289188e-18
7.905480495906329452e+03 5.781123884451350686e-17 8.781234906589239732e-18
7.915239751488069487e+03 7.126253177103297531e-17 9.148290451350619890e-18
7.924999007069809522e+03 5.045314960332315376e-17 8.632157275858210916e-18
7.934758262651549558e+03 6.905742666955058375e-17 8.483230469814560430e-18
7.944517518233289593e+03 8.555923776399981400e-17 9.674688933740086450e-18
7.954276773815029628e+03 6.866591964901624372e-17 9.384119905626698165e-18
7.964036029396769663e+03 3.035225473216292280e-17 1.326063037615911762e-17
7.973795284978509699e+03 4.888268534103705773e-17 8.868497630028731004e-18
7.983554540560249734e+03 6.581362241400964220e-17 1.079161735624871564e-17
7.993313796141989769e+03 7.227914914124837854e-17 8.391073159821873621e-18
8.003073051723729805e+03 6.782635990851943635e-17 1.136607416755553261e-17
8.012832307305469840e+03 5.293250379943057611e-17 9.776944768419181131e-18
8.022591562887209875e+03 5.405979493235506376e-17 9.321643092828413882e-18
8.032350818468949910e+03 3.504974801111679166e-17 1.336106010996642440e-17
8.042110074050689946e+03 4.275969684549065756e-17 9.442503249128076795e-18
8.051869329632429981e+03 6.077626493222568638e-17 9.467002504245285873e-18
8.061628585214170016e+03 6.400132747814691334e-17 1.083638253910235331e-17
8.071387840795910051e+03 6.704195631487736896e-17 1.036935712003944234e-17
8.081147096377650087e+03 6.885858119274199332e-17 1.014586293007053184e-17
8.090906351959390122e+03 3.079107805223876141e-17 1.542916144703687167e-17
8.100665607541130157e+03 4.932225888139114970e-17 9.100726257426000229e-18
8.110424863122870192e+03 3.541077410003784873e-17 1.072868594469587207e-17
8.120184118704610228e+03 5.313770955845118608e-17 1.089586214007552645e-17
8.129943374286350263e+03 5.080711020545411692e-17 9.137605677424066116e-18
8.139702629868090298e+03 2.760179301212281929e-17 1.279128841508185770e-17
8.149461885449830334e+03 8.397682010439348043e-17 1.310514646928632554e-17
8.159221141031570369e+03 4.517048619468814354e-17 1.134274862795831629e-17
8.168980396613310404e+03 6.286106292240171581e-17 9.892877149293042978e-18
8.178739652195050439e+03 4.732808483645543069e-17 1.184225939606044314e-17
8.188498907776790475e+03 5.890872775500315757e-17 1.266061961863918814e-17
8.198258163358530510e+03 4.838629821250118802e-17 1.101012811369456243e-17
8.208017418940271455e+03 5.902242774989242630e-17 1.113637613088588903e-17
8.217776674522010580e+03 4.594666900397614900e-17 9.921048170261152147e-18
8.227535930103749706e+03 5.675815902738370442e-17 1.049657264796748009e-17
8.237295185685490651e+03 5.772424131210507628e-17 1.133042512015868866e-17
8.247054441267231596e+03 5.313897779948276419e-17 1.052354682774537087e-17
8.256813696848970721e+03 5.501445129805261059e-17 1.020059233644145725e-17
8.266572952430709847e+03 5.391345654369030568e-17 1.087250259930744145e-17
8.276332208012450792e+03 6.444276087818000313e-17 1.004327907999881945e-17
8.286091463594191737e+03 2.945744828952772615e-17 1.162385569003897520e-17
8.295850719175930863e+03 3.686907654447298306e-17 1.103388918550518115e-17
8.305609974757669988e+03 4.684191782275651701e-17 1.045622761043887460e-17
8.315369230339410933e+03 4.353216742913208876e-17 1.426813217232869098e-17
8.325128485921151878e+03 2.299094512759875166e-17 1.500451414973619663e-17
8.334887741502891004e+03 7.886170666636822028e-17 1.107683601923945968e-17
8.344646997084630129e+03 6.948830156431704862e-17 1.160331437772721332e-17
8.354406252666371074e+03 6.591029215485824650e-17 1.924843244264602533e-17
8.364165508248112019e+03 4.938472665248019911e-17 1.547632036420814757e-17
8.373924763829851145e+03 5.244971701507897610e-17 1.132600900953625126e-17
8.383684019411590270e+03 5.574402418322814542e-17 1.042791116150129662e-17
8.393443274993331215e+03 5.464778793741864078e-17 1.316221474908954289e-17
8.403202530575072160e+03 1.889472887031116066e-17 2.028284446901115113e-17
8.412961786156811286e+03 6.345944598356258755e-17 2.541304455957250695e-17
8.422721041738550412e+03 5.014745860008309903e-17 1.018724284510656634e-17
8.432480297320291356e+03 6.192182878717923088e-17 1.160642873807105296e-17
8.442239552902032301e+03 4.905517886668234080e-17 1.161126969519367264e-17
8.451998808483771427e+03 4.466466689484113278e-17 1.074558538626384294e-17
8.461758064065510553e+03 4.881575765872552892e-17 1.221774482025228237e-17
8.471517319647251497e+03 3.609106938129629008e-17 1.039716387979352730e-17
8.481276575228992442e+03 6.727689271314129070e-17 1.081408689076765101e-17
8.491035830810731568e+03 7.305441051901123078e-17 1.085568678508128065e-17
8.500795086392470694e+03 3.931912955815331836e-17 1.100475748782685176e-17
8.510554341974211638e+03 3.149702928677902155e-17 1.109292906928527449e-17
8.520313597555952583e+03 2.645790661780482593e-17 1.125663994072106845e-17
8.530072853137691709e+03 4.691782360940469549e-17 1.415744902916932511e-17
8.539832108719430835e+03 5.180176136523329630e-17 1.091244802466043772e-17
8.549591364301171780e+03 4.602449593967723561e-17 1.103555881929567715e-17
8.559350619882912724e+03 4.240282592060013322e-17 1.111835391825560162e-17
8.569109875464651850e+03 3.963333947409082654e-17 1.064221787399028098e-17
8.578869131046390976e+03 2.109634848037840944e-17 1.252280620629567271e-17
8.588628386628131921e+03 4.361646460826112452e-17 1.058987414070813182e-17
8.598387642209872865e+03 3.039468126496773669e-17 1.565512282048769250e-17
8.608146897791611991e+03 4.442133923742547628e-17 1.122459431593206045e-17
8.617906153373351117e+03 6.818284934955176409e-17 1.109586893843671038e-17
8.627665408955092062e+03 3.839883264493218762e-17 1.225351971198209159e-17
8.637424664536833006e+03 3.120529451819799058e-17 1.403484210837345823e-17
8.647183920118572132e+03 2.789080567151879330e-17 1.161121310957855608e-17
8.656943175700311258e+03 5.207075446500692235e-17 1.222062738073299253e-17
8.666702431282052203e+03 7.636473255338116555e-17 1.089468898342602031e-17
8.676461686863793147e+03 4.733002926263301117e-17 1.155917653816827609e-17
8.686220942445532273e+03 6.716181249519402249e-17 1.188442772796187450e-17
8.695980198027271399e+03 2.522366148728321591e-17 1.025137150729103157e-17
8.705739453609012344e+03 5.309801293512875717e-17 1.058422780381750479e-17
8.715498709190753289e+03 6.606097316020059314e-17 1.218520137228276358e-17
8.725257964772492414e+03 4.760167240455933085e-17 1.873413119981169864e-17
8.735017220354231540e+03 4.711138904583520781e-17 1.097284535256250773e-17
8.744776475935972485e+03 4.935815288089939486e-17 1.356578993872882003e-17
8.754535731517713430e+03 7.542980167162872375e-17 1.403507432679585796e-17
8.764294987099452555e+03 2.694933334986407589e-17 1.176519449690979917e-17
8.774054242681191681e+03 -6.530020671509924006e-18 1.684719062298614225e-17
8.783813498262932626e+03 3.337460616297191275e-17 1.046560307774747850e-17
8.793572753844673571e+03 3.651048613820440065e-17 1.095761781070305269e-17
8.803332009426412696e+03 2.933981187386622454e-17 1.141956163659410225e-17
8.813091265008151822e+03 2.548247470139341029e-17 1.422725190690298713e-17
8.822850520589892767e+03 4.586630428324284252e-17 1.416310257392316405e-17
8.832609776171633712e+03 2.684373441595069239e-17 1.764820316049020581e-17
8.842369031753372838e+03 4.243502231976608485e-17 2.972533692624701092e-17
8.852128287335111963e+03 4.448725631106564636e-17 1.072899760315852027e-17
8.861887542916852908e+03 4.499806175080416894e-17 1.977667907486244378e-17
8.871646798498593853e+03 3.034243295253243407e-17 1.380345380504094197e-17
8.881406054080332979e+03 2.060878190255371374e-17 2.161024135287810963e-17
8.891165309662072104e+03 2.651712529849339611e-17 1.796841923412986357e-17
8.900924565243813049e+03 -7.137078614456156191e-17 3.097062640605331994e-17
8.910683820825553994e+03 -8.639146106186401328e-18 2.858711161653781215e-17
8.920443076407293120e+03 3.830858761940372034e-17 1.206421362792817984e-17
8.930202331989032245e+03 -3.396542061536352447e-18 2.000712406838973791e-17
8.939961587570773190e+03 -2.006638850608371071e-17 1.464028884490591987e-17
8.949720843152514135e+03 5.003945665851489342e-17 1.059553881224064271e-17
8.959480098734253261e+03 7.573451894556532361e-17 1.187014106755338691e-17
8.969239354315992387e+03 4.117478346924503911e-17 1.305651107255198488e-17
8.978998609897733331e+03 1.663112288016653457e-17 1.209172353046250349e-17
8.988757865479474276e+03 5.369166395647268724e-17 1.690063404566691398e-17
8.998517121061213402e+03 6.486064584942791008e-17 1.403513033611559359e-17
9.008276376642952528e+03 3.359216226670241733e-17 1.027386398449470119e-17
9.018035632224693472e+03 4.247552951393681376e-17 1.122191263631509935e-17
9.027794887806434417e+03 5.902810476068200080e-17 1.376069521629695080e-17
9.037554143388173543e+03 3.532707821268868879e-17 1.280685809521088566e-17
9.047313398969912669e+03 4.247776435369128080e-17 1.114400605981983738e-17
9.057072654551653613e+03 5.355503624977963827e-17 1.415842829690744800e-17
9.066831910133394558e+03 3.421925339516367495e-17 1.076326578532025452e-17
9.076591165715133684e+03 -1.334787933458991480e-17 2.001844279772983960e-17
9.086350421296872810e+03 3.516449539219276748e-17 1.096351856646156177e-17
9.096109676878613755e+03 1.550070658170347352e-17 2.247982453413992239e-17
9.105868932460354699e+03 3.503376586610238033e-17 1.171414652720579382e-17
9.115628188042093825e+03 3.903645322984768724e-17 1.581025875498505652e-17
9.125387443623832951e+03 5.962177211971084975e-17 1.198542833957548384e-17
9.135146699205573896e+03 2.054975215374935113e-17 1.141719704321218523e-17
9.144905954787314840e+03 4.584187755931560131e-17 1.361487578611189574e-17
9.154665210369053966e+03 6.360505738805469855e-17 1.434997965576961902e-17
9.164424465950793092e+03 6.607172893317353041e-17 1.343880230421894673e-17
9.174183721532534037e+03 3.692146843063057289e-17 1.227174439707498636e-17
9.183942977114274981e+03 3.126271414180159203e-17 1.412341078673822037e-17
9.193702232696014107e+03 2.367413419605571923e-17 1.254079116773519084e-17
9.203461488277753233e+03 2.831530463127051061e-17 1.209114649404891649e-17
9.213220743859494178e+03 -5.713818997903382152e-18 1.545155725780247988e-17
9.222979999441235123e+03 1.110867096730791733e-17 2.871515018312475236e-17
9.232739255022974248e+03 2.835724245370573827e-17 1.115915123881602102e-17
9.242498510604713374e+03 6.964190739227318960e-17 1.174340863587823095e-17
9.252257766186454319e+03 4.430047392303842166e-17 1.375929764643020946e-17
9.262017021768195264e+03 -2.865523597332495354e-18 1.467607965581056289e-17
9.271776277349934389e+03 2.105804144859662214e-17 1.505196458270181621e-17
9.281535532931673515e+03 5.649571116958228831e-17 1.310468872057676992e-17
9.291294788513414460e+03 3.603134547138757007e-17 1.312687392479500662e-17
9.301054044095155405e+03 8.965199076546268580e-18 1.256395670084738457e-17
9.310813299676894530e+03 1.262930190438846638e-19 1.238263486719170492e-17
9.320572555258633656e+03 2.490907431840072863e-17 1.245251922193599214e-17
9.330331810840374601e+03 1.448076893957620570e-17 1.154746144088332682e-17
9.340091066422115546e+03 3.474997894664277363e-17 1.339228589068554591e-17
9.349850322003854671e+03 4.189237104300172711e-17 1.243185114399691485e-17
9.359609577585593797e+03 3.459060131050637219e-17 1.519286413034303219e-17
9.369368833167334742e+03 1.021772039333723643e-17 1.432732971832067854e-17
9.379128088749075687e+03 2.449389816010857724e-17 1.448106094568015173e-17
9.388887344330814813e+03 1.088739633678856033e-17 1.228113033077559222e-17
9.398646599912553938e+03 3.258590528682354578e-17 1.191428716464420110e-17
9.408405855494294883e+03 2.712376231702515005e-17 1.237935799869949911e-17
9.418165111076035828e+03 7.309224808260417192e-17 1.367739703571077719e-17
9.427924366657774954e+03 3.838808242240806042e-17 1.354733590977057777e-17
9.437683622239514079e+03 1.678859605471628198e-17 1.433142643686152453e-17
9.447442877821255024e+03 3.165794714642997155e-17 1.199389613473748364e-17
9.457202133402995969e+03 3.905437170411764369e-17 1.812282377349875421e-17
9.466961388984735095e+03 2.738159140226364623e-17 1.953330592547965760e-17
9.476720644566474220e+03 4.191998628691348393e-17 1.214678873097522148e-17
9.486479900148215165e+03 2.966868936809492051e-17 1.412603677211630438e-17
9.496239155729956110e+03 4.098129267564318766e-17 1.290534515559363206e-17
9.505998411311695236e+03 4.093120159813941026e-17 1.597604997515374632e-17
9.515757666893434362e+03 2.499935802504878211e-17 1.543988341929813208e-17
9.525516922475175306e+03 4.131087233740139211e-17 1.443405412031989429e-17
9.535276178056916251e+03 -2.963002618023666230e-17 1.329623938580188549e-17
9.545035433638655377e+03 -5.029042112276581189e-17 1.848063965293278910e-17
9.554794689220394503e+03 -3.194329326812929582e-19 1.486782451213603178e-17
9.564553944802135447e+03 -4.179195134783831687e-17 1.757289587928332925e-17
9.574313200383876392e+03 2.493259483520878448e-17 1.801641386146299806e-17
9.584072455965615518e+03 4.655199910950453918e-17 1.575689940832595879e-17
9.593831711547354644e+03 4.060047721911035601e-17 1.796274096621499253e-17
9.603590967129095588e+03 2.350649868828755535e-18 1.806539436770297851e-17
9.613350222710836533e+03 1.663639799092374828e-17 2.019565217687416732e-17
9.623109478292575659e+03 -6.106006165069438563e-18 2.195849118608719583e-17
9.632868733874314785e+03 3.065778424463929330e-17 1.449075716167585399e-17
9.642627989456055730e+03 3.682896800284283638e-17 1.509505601930134538e-17
9.652387245037796674e+03 2.609408152699317106e-17 2.250471799270913856e-17
9.662146500619535800e+03 2.432256121191873315e-17 1.671359232375218656e-17
9.671905756201274926e+03 2.722791636971682832e-17 2.397008522039854297e-17
9.681665011783015871e+03 2.824563170168843065e-17 2.275355420991669089e-17
9.691424267364756815e+03 2.828837912740876521e-17 1.659637498965725432e-17
9.701183522946495941e+03 -5.206905752892296387e-18 2.336736179542645582e-17
9.710942778528235067e+03 7.914232475383685740e-18 1.971403496864674940e-17
9.720702034109976012e+03 3.884270288554843359e-17 2.358807824613478062e-17
9.730461289691716956e+03 3.524409513830467437e-17 1.730022601259193589e-17
9.740220545273456082e+03 5.782058590288009168e-18 2.067459715220889596e-17
9.749979800855195208e+03 1.326179851668871737e-17 2.106347550718406774e-17
9.759739056436936153e+03 -5.999477488822958528e-18 2.055298028419105353e-17
9.769498312018677098e+03 8.922411745855289941e-17 1.988158815162626462e-17
9.779257567600416223e+03 6.958807034701497211e-17 1.955748641014477911e-17
9.789016823182155349e+03 4.478407128773732246e-17 1.970935432552213847e-17
9.798776078763896294e+03 4.201601125381368022e-17 1.999729836212420279e-17
9.808535334345637239e+03 -9.417877009948845874e-18 2.019617646222386749e-17
9.818294589927376364e+03 3.203368480949069733e-17 2.039261471958811378e-17
9.828053845509115490e+03 5.944255815998967245e-17 2.330720003776256382e-17
9.837813101090856435e+03 4.254617833176226157e-17 2.021079047435163863e-17
9.847572356672597380e+03 3.881593572904782578e-17 2.186917228300194743e-17
9.857331612254336505e+03 6.742252466950404457e-17 2.278128488825841695e-17
9.867090867836075631e+03 4.443315692131464030e-17 2.524027477716972470e-17
9.876850123417816576e+03 5.238568247534232829e-17 2.635472658911684977e-17
9.886609378999557521e+03 -6.754524870157070800e-17 7.306908092093630228e-17
9.896368634581296647e+03 6.746455351806352610e-17 2.462669055074918551e-17
9.906127890163035772e+03 2.754634276425627566e-17 2.524761586134923364e-17
9.915887145744776717e+03 5.720177803431463138e-17 3.351191362524732570e-17
9.925646401326517662e+03 3.191425768448347474e-17 3.251040748675168292e-17
9.935405656908256788e+03 -2.341281686095790532e-17 3.493722189080606848e-17
9.945164912489995913e+03 5.761463464881907289e-17 5.210954999186994885e-17
9.954924168071736858e+03 2.840731435968444920e-17 2.996244692777591099e-17
9.964683423653477803e+03 5.357252999635873031e-17 2.970562014003453838e-17
9.974442679235216929e+03 -9.040488438719336607e-18 4.592023526072248265e-17
9.984201934816956054e+03 3.167349715157417500e-17 3.310579285650754511e-17
9.993961190398696999e+03 3.648806370092767439e-17 3.440299923433860443e-17
1.000372044598043794e+04 6.759167679188162161e-18 3.314841784465339256e-17
1.001347970156217707e+04 4.718434094265742285e-17 3.986496338807795881e-17
1.002323895714391620e+04 -4.618971698997910863e-17 4.652003391660025163e-17
1.003299821272565714e+04 -5.341122389757499219e-17 4.231252420139937943e-17
1.004275746830739809e+04 9.391091744442542864e-17 3.640521921750959081e-17
1.005251672388913721e+04 -5.418546279787077410e-17 5.126145023611208174e-17
1.006227597947087634e+04 -4.692707410831774600e-17 4.251072064277353460e-17
1.007203523505261728e+04 4.357701966398123956e-18 5.870736777570653101e-17
1.008179449063435823e+04 1.362598445852717103e-16 4.648077623880652717e-17
1.009155374621609735e+04 2.023810170601296912e-16 5.363480429313236019e-17
1.010131300179783648e+04 -8.171973013824847657e-17 7.178107109078252397e-17
1.011107225737957742e+04 1.485869546504248150e-16 5.660940483077466105e-17
1.012083151296131837e+04 1.044055263060659187e-16 6.357073910952629673e-17
1.013059076854305749e+04 -3.556384136501241683e-17 5.135916309354814100e-17
1.014035002412479662e+04 3.021439240412676963e-17 5.886593695430988136e-17
1.015010927970653756e+04 1.976516845515224465e-17 5.303789376815798637e-17
1.015986853528827851e+04 3.837906546394659152e-17 8.083466470193286086e-17
1.016962779087001763e+04 7.302187792739632958e-17 6.459067406184935718e-17
1.017938704645175676e+04 -1.073615594280857645e-16 6.069984830471722695e-17
1.018914630203349770e+04 8.083741508491391980e-17 6.569759855845695585e-17
1.019890555761523865e+04 1.119289284593321171e-16 7.690160273295815364e-17
1.020866481319697778e+04 1.868918649857312074e-16 8.801150245510659145e-17
1.021842406877871690e+04 -1.616747840423362209e-17 9.098752970110611408e-17
