# obs_wvl flux error
1.663000000000000000e+03 -1.187404303729186596e-14 1.138062994477127186e-14
1.665745477229065727e+03 9.405704225118212979e-15 7.332389266521009169e-15
1.668490954458131455e+03 -1.394543050494827419e-14 6.774436887283962413e-15
1.671236431687197182e+03 6.164468505888647899e-15 6.394972588687887840e-15
1.673981908916262910e+03 -6.733000830386728212e-15 9.560177699623237164e-15
1.676727386145328637e+03 -3.819135669532822334e-15 6.160787478733146311e-15
1.679472863374394365e+03 -1.286201763726920447e-14 6.946772010159533220e-15
1.682218340603460092e+03 -1.844180524558750323e-14 5.094832540547317548e-15
1.684963817832525820e+03 6.855984014343641593e-15 6.099642783281409071e-15
1.687709295061591547e+03 -3.277156459009094574e-14 1.197904530985246854e-14
1.690454772290657274e+03 -1.928431700694960967e-15 4.189361391688820687e-15
1.693200249519723002e+03 1.727607863006555861e-15 4.106605734316127670e-15
1.695945726748788729e+03 4.774747155412916078e-15 3.825554323675576714e-15
1.698691203977854457e+03 -1.290613852312953564e-14 4.889451959127639987e-15
1.701436681206920184e+03 -2.032090537931954746e-15 3.388652591813045603e-15
1.704182158435985912e+03 5.173821738774930380e-15 3.304525066768999456e-15
1.706927635665051639e+03 1.658071752145600118e-15 3.130745432949210408e-15
1.709673112894117367e+03 -4.498358853981953900e-15 3.284676409192960796e-15
1.712418590123183094e+03 -8.413503467485240128e-15 3.518829398851649400e-15
1.715164067352248821e+03 -1.864512049318635222e-15 2.878588411818972822e-15
1.717909544581314549e+03 -1.080185715984728450e-15 2.970614764776984975e-15
1.720655021810380276e+03 1.429197384563897289e-14 5.327035631274224811e-15
1.723400499039446004e+03 -1.276253030291486104e-15 2.701515841271986663e-15
1.726145976268511731e+03 -1.567556759809808680e-14 4.973249703459035318e-15
1.728891453497577459e+03 -6.813204396764992213e-15 2.495950959887081745e-15
1.731636930726643186e+03 4.188734970953218122e-15 2.926394590992044428e-15
1.734382407955708914e+03 5.766965571626047942e-16 2.422534187317917471e-15
1.737127885184774641e+03 -8.096406987937411049e-15 2.875189315740307119e-15
1.739873362413840368e+03 2.915616524102880625e-15 2.334396694848412125e-15
1.742618839642906096e+03 3.141063227072970675e-15 2.264007036949419682e-15
1.745364316871971823e+03 2.723010428235733557e-16 2.194595614541072482e-15
1.748109794101037551e+03 6.291432931779578125e-16 2.160880719985557918e-15
1.750855271330103278e+03 4.321992635400144336e-15 2.317375402827167674e-15
1.753600748559169006e+03 -4.365482922567309021e-17 2.075581723452269281e-15
1.756346225788234733e+03 -2.949880836295476815e-15 2.139427676402597610e-15
1.759091703017300460e+03 1.076252686930827484e-16 2.023790801144545616e-15
1.761837180246366188e+03 2.378482683011116940e-16 2.075020479617543523e-15
1.764582657475431915e+03 3.586873764922238784e-15 2.118691215091080990e-15
1.767328134704497643e+03 -9.369794186483011599e-17 1.988961458649732439e-15
1.770073611933563370e+03 1.535265938983516770e-15 1.861408521368612808e-15
1.772819089162629098e+03 -2.095275295669980956e-16 1.910810555673729694e-15
1.775564566391694825e+03 9.428767940778610791e-16 2.426800408744884667e-15
1.778310043620760553e+03 2.189701290212585617e-15 1.729488983141864181e-15
1.781055520849826280e+03 -8.783630804145292243e-16 1.663375310982726903e-15
1.783800998078892007e+03 5.280995826730670489e-15 1.779537091535619369e-15
1.786546475307957735e+03 -9.687525802699169853e-16 1.674396265985471898e-15
1.789291952537023462e+03 -1.049704316961440173e-14 3.567771446322440630e-15
1.792037429766089190e+03 -5.269250084810187213e-16 1.698854628946976339e-15
1.794782906995154917e+03 -5.521455059748032002e-15 1.619442951512142032e-15
1.797528384224220645e+03 2.397757874471661320e-15 1.741105753922545160e-15
1.800273861453286372e+03 -1.505879525685241041e-14 2.734183520040230275e-15
1.803019338682352100e+03 2.332550218211942597e-15 1.587796994959974809e-15
1.805764815911417827e+03 3.518661579866183532e-16 1.510445382102203836e-15
1.808510293140483554e+03 7.456468616489390594e-16 1.505654706686460826e-15
1.811255770369549282e+03 2.289580438806091305e-15 1.678499829916720142e-15
1.814001247598615009e+03 -1.838367515442317845e-15 1.367426415537766548e-15
1.816746724827680737e+03 1.279963120085390867e-15 1.405402333867173744e-15
1.819492202056746464e+03 3.568155989752292070e-15 1.412119094924528418e-15
1.822237679285812192e+03 1.308469185692877723e-14 3.812725132653403095e-15
1.824983156514877919e+03 1.849251038099580470e-15 1.321331329893270741e-15
1.827728633743943647e+03 1.085703698156505227e-15 1.326619228485168735e-15
1.830474110973009374e+03 2.670500358593365397e-15 1.411890092954863445e-15
1.833219588202075101e+03 8.075444791565396012e-17 1.232231663950815394e-15
1.835965065431140829e+03 -2.950667109207584497e-15 1.464836994311364961e-15
1.838710542660206556e+03 -1.628062160422451855e-15 1.615967305070196393e-15
1.841456019889272284e+03 -4.767512187623613481e-17 1.200610583944826843e-15
1.844201497118338011e+03 2.288986572057886033e-15 1.206164714896513084e-15
1.846946974347403739e+03 -2.055585284693086220e-16 1.299207100965078619e-15
1.849692451576469466e+03 1.854425546201430873e-15 1.163891133799651949e-15
1.852437928805535194e+03 1.769107131149970406e-16 1.116184084582233838e-15
1.855183406034600921e+03 -4.618074905443197067e-16 1.284066111432215912e-15
1.857928883263666648e+03 1.582934866784445353e-15 1.100003380445752076e-15
1.860674360492732376e+03 6.924932833506211589e-16 1.225123098653390483e-15
1.863419837721798103e+03 1.981317642177480972e-15 1.063708246798096615e-15
1.866165314950863831e+03 3.026632756188317126e-15 1.087387134915830936e-15
1.868910792179929558e+03 2.104350021838145270e-15 1.090123619591919484e-15
1.871656269408995286e+03 1.124133012374596790e-15 1.015205571556432025e-15
1.874401746638061013e+03 1.639178739336580969e-15 1.011106580622769595e-15
1.877147223867126741e+03 2.713387037758691394e-15 1.001169583800978886e-15
1.879892701096192468e+03 -8.785576738726468144e-16 1.097070408535826455e-15
1.882638178325258195e+03 1.776075908652646682e-15 1.002081560605861564e-15
1.885383655554323923e+03 8.759815438015790838e-16 9.658763388609425352e-16
1.888129132783389650e+03 1.992883874200026258e-15 9.560233076263257184e-16
1.890874610012455378e+03 2.036973248515181009e-15 1.034301419921814817e-15
1.893620087241521105e+03 3.249820136401065574e-13 5.686214736969770388e-15
1.896365564470586833e+03 7.948050264704377133e-16 9.793053627323475200e-16
1.899111041699652560e+03 5.761786662015703206e-16 9.074268547507515178e-16
1.901856518928718287e+03 2.379236052840417052e-15 9.075531433571708870e-16
1.904601996157784015e+03 3.373618284183359057e-15 8.808049403439105505e-16
1.907347473386849742e+03 9.305087040389789232e-16 8.591595663742958047e-16
1.910092950615915470e+03 1.131726662658743428e-15 8.539605128585328270e-16
1.912838427844981197e+03 3.481178962610467039e-15 2.116053754694907507e-15
1.915583905074046925e+03 6.535693207064636068e-16 1.421247022645592676e-15
1.918329382303112652e+03 -1.041227897428301758e-15 9.074679670933204142e-16
1.921074859532178380e+03 2.567547816701221317e-16 8.129133313333323291e-16
1.923820336761244107e+03 -6.893467293322926945e-16 1.031396753534920377e-15
1.926565813990309834e+03 3.236966547110376520e-15 8.671248608030423462e-16
1.929311291219375562e+03 7.350216183860273335e-16 1.058561211052021321e-15
1.932056768448441289e+03 4.832705897526826931e-16 7.846992244721962942e-16
1.934802245677507017e+03 7.874678983796314204e-16 9.126773063654943283e-16
1.937547722906572744e+03 4.085442847142871091e-15 9.825767804608652333e-16
1.940293200135638472e+03 1.767756949240722475e-15 7.402588352778812191e-16
1.943038677364704199e+03 7.210023689257946439e-16 9.671126078594468131e-16
1.945784154593769927e+03 6.705825991231382762e-16 7.325916879642665633e-16
1.948529631822835654e+03 1.700446376581955739e-15 7.202025005516969655e-16
1.951275109051901381e+03 6.519936484838459271e-16 7.088205313435777882e-16
1.954020586280967109e+03 1.102479468590470056e-15 6.982442307573634739e-16
1.956766063510032836e+03 7.045975549031711670e-16 6.971296522017507361e-16
1.959511540739098564e+03 4.494108683181366983e-16 6.677736755456826303e-16
1.962257017968164291e+03 1.784904788068852922e-15 6.822981401089602323e-16
1.965002495197230019e+03 -3.313910973201735819e-16 7.181321434372230650e-16
1.967747972426295746e+03 -2.060607012769508033e-16 6.860565380292446925e-16
1.970493449655361474e+03 7.527148969262427909e-16 6.944765858914762470e-16
1.973238926884427201e+03 1.007777364334682069e-15 6.354251928861257499e-16
1.975984404113492928e+03 2.257045501204984131e-15 6.891892385847635205e-16
1.978729881342558656e+03 2.906126298724793752e-16 6.274707748679036405e-16
1.981475358571624383e+03 1.664302987132164711e-15 6.502317262204617955e-16
1.984220835800690111e+03 8.869261113655138959e-16 6.264103349448631541e-16
1.986966313029755838e+03 1.328010581780479921e-15 8.217768808009096547e-16
1.989711790258821566e+03 1.114032337434404690e-15 5.987851800489404310e-16
1.992457267487887293e+03 3.256729044225164394e-16 6.317446099081393609e-16
1.995202744716953021e+03 2.091124368317911842e-15 6.100809555559275077e-16
1.997948221946018748e+03 1.085237887321163502e-15 5.807130246172529433e-16
2.000693699175084475e+03 2.063651351987636094e-15 5.987197603826788292e-16
2.003439176404150203e+03 1.307043312229244034e-15 5.771478676118674875e-16
2.006184653633215930e+03 1.733219069491364536e-15 6.232289257773956682e-16
2.008930130862281658e+03 1.177298269564528799e-15 6.339323815083558845e-16
2.011675608091347385e+03 1.465647347491904065e-15 5.872104062733346597e-16
2.014421085320413113e+03 2.209819597955969252e-15 5.439941405351802325e-16
2.017166562549478840e+03 5.030695104552761792e-16 5.620139776071973312e-16
2.019912039778544568e+03 1.679539874490137006e-15 5.965121559010336821e-16
2.022657517007610295e+03 2.649933312365264771e-15 6.259557249037031573e-16
2.025402994236676022e+03 -1.262219367570260038e-15 7.223778162746045861e-16
2.028148471465741750e+03 2.700557458216648884e-15 5.380283442557869361e-16
2.030893948694807477e+03 3.777630810903286230e-16 5.441919753735599669e-16
2.033639425923873205e+03 1.671222509851425651e-15 6.189483898121600143e-16
2.036384903152938932e+03 1.026554024475344144e-15 4.792775273042870818e-16
2.039130380382004660e+03 1.596941711694267095e-15 4.854711218807987914e-16
2.041875857611070387e+03 1.340927828210353148e-15 4.679105761570156234e-16
2.044621334840136115e+03 -1.646801616336610875e-16 5.387777673569534441e-16
2.047366812069201842e+03 1.687789061371564580e-15 4.743238758315678395e-16
2.050112289298267569e+03 1.271512240076880824e-15 5.186885279047665246e-16
2.052857766527333297e+03 1.371646543600172382e-15 5.602175314227567029e-16
2.055603243756399024e+03 -5.660474783853139010e-16 7.196236785195258800e-16
2.058348720985464752e+03 8.436308349532945154e-16 4.371229132329286056e-16
2.061094198214530479e+03 1.098867454756770429e-15 4.646926864225970203e-16
2.063839675443596207e+03 1.328564225403474610e-15 4.307228355522822180e-16
2.066585152672661934e+03 1.888106133352532368e-15 4.369744703308926495e-16
2.069330629901727661e+03 1.478034697254060879e-14 1.011312628891126604e-15
2.072076107130793389e+03 1.531422750357886512e-15 4.464135471918020457e-16
2.074821584359859116e+03 2.811670809722369124e-15 4.457351708195111127e-16
2.077567061588924844e+03 2.730939949768122785e-15 4.153495420173386776e-16
2.080312538817990571e+03 2.578994083726683618e-15 4.229518510416613534e-16
2.083058016047056299e+03 2.209224819997209753e-15 3.991502060681235329e-16
2.085803493276122026e+03 1.424372098764124088e-15 4.343691842256788314e-16
2.088548970505187754e+03 1.182719072332521464e-15 3.811609503935561399e-16
2.091294447734253481e+03 1.298172768817549020e-15 3.761117685271652230e-16
2.094039924963319208e+03 2.292352873128344416e-15 4.247693391611791711e-16
2.096785402192384936e+03 1.606309078524844141e-15 4.746953249903808826e-16
2.099530879421450663e+03 5.567117100897070096e-16 5.022579717092270644e-16
2.102276356650516391e+03 1.842759007732937384e-15 3.918006341519916949e-16
2.105021833879582118e+03 1.205578356765168433e-15 3.562564006814089307e-16
2.107767311108647846e+03 1.211623128251102653e-15 3.455365757225063291e-16
2.110512788337713573e+03 1.456607587966793312e-15 4.304673327311730344e-16
2.113258265566779301e+03 1.110557043431782962e-15 3.741517560730031356e-16
2.116003742795845028e+03 9.422165958177113001e-16 3.578889592859392541e-16
2.118749220024910755e+03 1.684707006552892081e-15 3.295368285292095230e-16
2.121494697253976483e+03 1.740123830704030811e-15 3.466955664271610043e-16
2.124240174483042210e+03 1.693933654719164757e-15 3.294089824560407241e-16
2.126985651712107938e+03 1.446834128786643901e-15 4.557532840340818880e-16
2.129731128941173665e+03 1.492993058450323447e-15 3.145386169174972502e-16
2.132476606170239393e+03 1.725066471426049387e-15 3.214673408674700179e-16
2.135222083399305120e+03 1.303737620035701275e-15 3.081081583160812683e-16
2.137967560628370848e+03 1.399434848321179805e-15 3.038150969951373724e-16
2.140713037857436575e+03 1.632036822725707472e-15 3.041866896065972587e-16
2.143458515086502302e+03 1.253502443196318952e-15 3.365552980406655909e-16
2.146203992315568030e+03 1.653550244872440574e-15 2.972045761417824261e-16
2.148949469544633757e+03 1.486644139738017398e-15 3.076139458638188261e-16
2.151694946773699485e+03 3.021991776360448712e-15 3.328937609389805785e-16
2.154440424002765212e+03 3.781285796805122331e-15 6.379220133043727236e-16
2.157185901231830940e+03 1.257329474479864323e-15 4.061326384599795014e-16
2.159931378460896667e+03 1.645718929418599694e-15 2.850342801004509222e-16
2.162676855689962395e+03 1.658130124799559282e-15 2.749951675360925696e-16
2.165422332919028122e+03 1.916346031360459650e-15 3.029935576083139247e-16
2.168167810148093849e+03 1.183061776851542743e-15 2.799513068709590153e-16
2.170913287377159577e+03 1.304164358914655662e-15 2.615191339416986882e-16
2.173658764606225304e+03 1.679680593085629434e-15 3.693167965673522724e-16
2.176404241835291032e+03 1.391205617166864020e-15 2.786352808675835925e-16
2.179149719064356759e+03 2.359884861471642021e-15 2.874855550697924226e-16
2.181895196293422487e+03 1.887832809571692742e-15 2.791535773181865994e-16
2.184640673522488214e+03 1.924992622698972876e-15 2.586929112639819554e-16
2.187386150751553942e+03 1.941637609504192015e-15 2.621583371626727306e-16
2.190131627980619669e+03 2.268770114096502187e-15 2.578737591496679478e-16
2.192877105209685396e+03 1.848950089931242274e-15 3.515754162404730970e-16
2.195622582438751124e+03 1.721815114681711125e-15 2.503690614401036800e-16
2.198368059667816851e+03 2.702179630666366710e-15 2.603996719798909011e-16
2.201113536896882579e+03 2.433546039627112348e-15 2.546657334987467501e-16
2.203859014125948306e+03 1.724089786912010115e-15 2.545683621061436034e-16
2.206604491355014034e+03 1.526893043608708397e-15 3.223861577071671505e-16
2.209349968584079761e+03 1.333996647776783085e-15 3.417493014481161145e-16
2.212095445813145489e+03 2.042116328185782039e-15 2.442713922645921410e-16
2.214840923042211216e+03 8.559293642521734723e-16 2.602062178105792544e-16
2.217586400271276943e+03 9.735848969471047871e-16 2.538180009906974422e-16
2.220331877500342671e+03 1.657399588484257558e-15 2.301644197803001373e-16
2.223077354729408398e+03 2.075232955417552222e-15 2.687221503586644001e-16
2.225822831958474126e+03 2.498094219166411826e-15 2.496476857367714795e-16
2.228568309187539853e+03 1.760675670378576948e-15 2.260522147541075599e-16
2.231313786416605581e+03 2.430668394231300807e-15 3.156552692582041627e-16
2.234059263645671308e+03 2.535854156797341494e-15 2.314383482739748747e-16
2.236804740874737035e+03 2.606956561820834830e-15 2.420220174248687571e-16
2.239550218103802763e+03 2.438069208195797741e-15 2.483952864724391662e-16
2.242295695332868490e+03 1.008908683712979053e-15 3.987111377984790984e-16
2.245041172561934218e+03 1.367964093329827930e-15 2.578775621317528334e-16
2.247786649790999945e+03 1.890737153595807229e-15 2.650874922308165419e-16
2.250532127020065673e+03 1.762346249870092374e-15 2.146718641310920031e-16
2.253277604249131400e+03 1.924300068276650243e-15 2.088907112753007151e-16
2.256023081478197128e+03 1.408322591025632479e-15 1.995678381572435076e-16
2.258768558707262855e+03 1.867411418567280534e-15 2.099651447841531112e-16
2.261514035936328582e+03 1.640651881831388320e-15 2.755279179023990745e-16
2.264259513165394310e+03 2.178245168737545195e-15 2.309326766688996348e-16
2.267004990394460037e+03 1.988996642552544831e-15 2.420493531804939752e-16
2.269750467623525765e+03 2.668230716643470054e-15 2.179848465157378630e-16
2.272495944852591492e+03 1.868047762454721812e-15 2.018099495335679236e-16
2.275241422081657220e+03 1.774761420138101353e-15 2.112243863761923364e-16
2.277986899310722947e+03 2.147900852226377579e-15 2.268871127555507034e-16
2.280732376539788675e+03 1.952961385681461668e-15 2.353467970482410069e-16
2.283477853768854402e+03 2.026601263077588577e-15 1.948419615627591345e-16
2.286223330997920129e+03 1.993962753864631606e-15 2.131883762637116505e-16
2.288968808226985857e+03 1.844571587901637904e-15 1.875722237675535878e-16
2.291714285456051584e+03 2.182240302622206073e-15 2.143402294164423207e-16
2.294459762685117312e+03 2.550671746481697886e-15 1.969411847157611737e-16
2.297205239914183039e+03 2.061330952576805604e-15 1.840208734360235442e-16
2.299950717143248767e+03 1.853029628763213347e-15 2.205801940864106368e-16
2.302696194372314494e+03 2.349978208777909212e-15 1.918921690182161118e-16
2.305441671601380222e+03 1.531267512691408210e-15 1.773610605858661074e-16
2.308187148830445949e+03 1.367446247757676138e-15 2.168368306974880765e-16
2.310932626059511676e+03 2.827511809058650051e-15 2.024800895048165503e-16
2.313678103288577404e+03 2.586764566822967047e-15 1.930665958690393188e-16
2.316423580517643131e+03 2.691754634345255665e-15 1.983133151397730195e-16
2.319169057746708859e+03 2.562106416213056647e-15 1.898137724262743496e-16
2.321914534975774586e+03 2.251372573916373001e-15 1.854920517850920761e-16
2.324660012204840314e+03 1.933227186810436737e-15 2.518978140848003682e-16
2.327405489433906041e+03 2.281881860871971321e-15 1.923560162533046727e-16
2.330150966662971769e+03 2.751290754248934650e-15 1.812907850407137918e-16
2.332896443892037496e+03 2.143178971678617946e-15 1.671988802399494138e-16
2.335641921121103223e+03 1.972805607423494106e-15 1.730476032496416592e-16
2.338387398350168951e+03 1.838031326487010072e-15 1.672574487036464800e-16
2.341132875579234678e+03 1.883946976764511774e-15 1.792357554335564298e-16
2.343878352808300406e+03 2.063546177546969639e-15 1.738794323626520500e-16
2.346623830037366133e+03 2.335205972154681533e-15 1.662707210775931981e-16
2.349369307266431861e+03 2.302351915409282811e-15 2.138288294165389544e-16
2.352114784495497588e+03 2.562556127367699624e-15 1.787840127518841355e-16
2.354860261724563316e+03 2.413957385773519888e-15 1.786151988138519627e-16
2.357605738953629043e+03 2.259125354638365787e-15 1.592104074768826069e-16
2.360351216182694770e+03 2.911452192426901789e-15 1.698703716602493763e-16
2.363096693411760498e+03 3.016819066887671327e-15 1.689544608211424491e-16
2.365842170640826225e+03 2.259322834301869223e-15 1.573077209918268808e-16
2.368587647869891953e+03 2.564159821195752866e-15 1.620327405428424211e-16
2.371333125098957680e+03 2.627242820515663735e-15 1.609095832374987996e-16
2.374078602328023408e+03 2.448429204822773300e-15 1.671279784919180265e-16
2.376824079557089135e+03 2.238607012608089770e-15 2.311725999812364431e-16
2.379569556786154862e+03 2.743710241667783026e-15 1.757530785551857794e-16
2.382315034015220590e+03 2.194704057472797715e-15 2.035266752672925341e-16
2.385060511244286317e+03 2.267067236080142747e-15 1.603688555635279791e-16
2.387805988473352045e+03 2.409923676703728584e-15 2.124407887321192476e-16
2.390551465702417772e+03 2.746952043956500931e-15 1.590118237102821711e-16
2.393296942931483500e+03 2.482568696412104276e-15 1.563960052763112689e-16
2.396042420160549227e+03 2.630692414524193137e-15 1.628028319490138743e-16
2.398787897389614955e+03 2.805883090702137467e-15 1.632311095735857136e-16
2.401533374618680682e+03 2.922875065093040206e-15 1.734475341447943034e-16
2.404278851847746409e+03 2.831763458724462262e-15 1.752870197715014874e-16
2.407024329076812137e+03 2.721736827035959383e-15 1.597791329174332800e-16
2.409769806305877864e+03 3.114440554218449939e-15 1.854744239185033534e-16
2.412515283534943592e+03 3.024525306708129905e-15 1.559585308195129264e-16
2.415260760764009319e+03 2.999813380338243746e-15 1.624836660609967024e-16
2.418006237993075047e+03 2.840104802895322718e-15 1.644310051562887608e-16
2.420751715222140774e+03 3.430201016478002121e-15 1.659680273465034186e-16
2.423497192451206502e+03 3.571684522527439011e-15 1.668099246567279724e-16
2.426242669680272229e+03 3.266403808106436122e-15 1.608013195719955817e-16
2.428988146909337956e+03 3.814310626099852884e-15 1.715950983847850481e-16
2.431733624138403684e+03 3.565802324029597012e-15 1.652393131982531300e-16
2.434479101367469411e+03 2.926662774306355400e-15 1.702526446807806777e-16
2.437224578596535139e+03 2.916327256022985258e-15 1.520281903765802883e-16
2.439970055825600866e+03 3.150534033619930447e-15 1.807172855644682145e-16
2.442715533054666594e+03 3.319621520311118274e-15 1.592858876852520489e-16
2.445461010283732321e+03 3.231165446510026141e-15 1.626189403619744582e-16
2.448206487512798049e+03 3.576102878458255911e-15 1.883731888977189721e-16
2.450951964741863776e+03 3.137938887188360173e-15 1.563000374570941648e-16
2.453697441970929503e+03 3.377160821815286173e-15 1.693287622908494396e-16
2.456442919199995231e+03 3.061082896703894892e-15 1.552760702038875582e-16
2.459188396429060958e+03 2.768023990758754061e-15 1.585640385657563039e-16
2.461933873658126686e+03 3.499571218356076552e-15 1.591636167674696515e-16
2.464679350887192413e+03 2.921241144221430875e-15 1.548919379871636500e-16
2.467424828116258141e+03 2.917370113516628608e-15 1.563571797885278686e-16
2.470170305345323868e+03 2.788245381999105215e-15 1.617907895796609570e-16
2.472915782574389596e+03 2.603972219736676241e-15 1.474679952615984041e-16
2.475661259803455323e+03 3.092537159961455148e-15 1.536846703174657184e-16
2.478406737032521050e+03 3.131023938267262904e-15 1.591322273007915219e-16
2.481152214261586778e+03 3.780759652723911058e-15 1.598882156258255149e-16
2.483897691490652505e+03 3.328721526730877087e-15 1.612059935033435002e-16
2.486643168719718233e+03 3.448517112231858292e-15 1.670347855360423751e-16
2.489388645948783960e+03 3.357123073695221941e-15 1.693151505540195467e-16
2.492134123177849688e+03 2.940835799142613750e-15 1.465263844091103177e-16
2.494879600406915415e+03 3.425926156826145883e-15 1.537285245442889633e-16
2.497625077635981143e+03 3.667574622726096323e-15 1.521231088616447250e-16
2.500370554865046870e+03 3.076474562334676489e-15 1.472715429711780578e-16
2.503116032094112597e+03 2.573942672572413569e-15 1.430386850733365460e-16
2.505861509323178325e+03 3.392272191648487168e-15 1.570654730428121646e-16
2.508606986552244052e+03 3.411030353499521149e-15 1.569015223452656656e-16
2.511352463781309780e+03 2.999602758431635624e-15 1.445594679789312590e-16
2.514097941010375507e+03 3.048973636341730183e-15 1.689073631141558239e-16
2.516843418239441235e+03 2.769035123724297745e-15 1.447390706967341847e-16
2.519588895468506962e+03 3.477998437205919358e-15 1.507514788732045320e-16
2.522334372697572690e+03 2.902010291078307325e-15 1.423855835173025140e-16
2.525079849926638417e+03 2.704563654854099825e-15 1.439130053617021981e-16
2.527825327155704144e+03 3.339200174254882097e-15 1.584333096577113436e-16
2.530570804384769872e+03 3.230837552453932400e-15 1.464138221574638240e-16
2.533316281613835599e+03 2.997888165090755117e-15 1.495230633613023500e-16
2.536061758842901327e+03 3.348822130357940374e-15 1.485701856348363632e-16
2.538807236071967054e+03 9.497239605392609516e-15 5.180094690104310951e-16
2.541552713301032782e+03 3.670247221903505330e-15 1.480516221141678240e-16
2.544298190530098509e+03 3.455709215750562934e-15 1.469819678115248592e-16
2.547043667759164236e+03 3.344687411291618522e-15 1.483531445820364563e-16
2.549789144988229964e+03 3.703160061746574328e-15 3.028038706515370374e-16
2.552534622217295691e+03 3.989828831050512463e-15 1.782251095211681919e-16
2.555280099446361419e+03 4.159590588934417046e-15 1.510454204353038460e-16
2.558025576675427146e+03 4.001855421445956743e-15 1.519251755367563837e-16
2.560771053904492874e+03 3.624977599517059773e-15 1.592331526693783960e-16
2.563516531133558601e+03 3.656470543924690223e-15 1.531672453638486672e-16
2.566262008362624329e+03 3.810531269427992799e-15 1.497276366590663625e-16
2.569007485591690056e+03 2.779047036237600691e-15 1.398187178614855319e-16
2.571752962820755783e+03 2.624997186479176883e-15 1.444912165819183879e-16
2.574498440049821511e+03 2.974081261051238183e-15 1.453031822835480636e-16
2.577243917278887238e+03 3.401318969427812764e-15 1.516580535380030621e-16
2.579989394507952966e+03 4.000959567777957422e-15 1.588136015957815766e-16
2.582734871737018693e+03 3.470727751831608712e-15 1.528474236273821521e-16
2.585480348966084421e+03 2.967648875250069123e-15 1.689181093693492531e-16
2.588225826195150148e+03 2.952523911985196658e-15 2.124052693236475443e-16
2.590971303424215876e+03 5.371382962205096958e-15 2.791436324894603969e-16
2.593716780653281603e+03 3.798903563919778457e-15 1.496312091899276425e-16
2.596462257882347330e+03 2.938192668027701439e-15 1.448446344416952378e-16
2.599207735111413058e+03 2.624046347338154514e-15 1.375150064145915394e-16
2.601953212340478785e+03 2.498880425202740815e-15 1.449871915819925094e-16
2.604698689569544513e+03 2.966035941206815105e-15 1.451096549215637754e-16
2.607444166798610240e+03 2.923479788379192940e-15 2.185659140008670526e-16
2.610189644027675968e+03 2.745811828127942755e-15 1.445024723046412886e-16
2.612935121256741695e+03 3.227945083722330921e-15 1.422567265557184250e-16
2.615680598485807423e+03 2.818600395318295135e-15 1.779968532062846051e-16
2.618426075714873150e+03 3.045717565978416847e-15 1.439623977434631717e-16
2.621171552943938877e+03 3.382676782366781669e-15 1.595821429291150450e-16
2.623917030173004605e+03 3.761597163333121075e-15 1.457709862871155063e-16
2.626662507402070332e+03 3.515425242398917415e-15 1.566498200327119903e-16
2.629407984631136060e+03 3.968548250230668930e-15 1.666244336411649277e-16
2.632153461860201787e+03 3.434066444679706356e-15 1.423500961153915541e-16
2.634898939089267515e+03 3.545502072157055883e-15 1.418466471841752862e-16
2.637644416318333242e+03 4.111906969358667075e-15 1.606162251057318397e-16
2.640389893547398970e+03 3.699860792904757814e-15 1.444996038700674682e-16
2.643135370776464697e+03 4.074755565998571669e-15 1.509387319272498814e-16
2.645880848005530424e+03 4.579408843742151237e-15 1.531982099043201271e-16
2.648626325234596152e+03 4.638383890957724014e-15 1.964455078691802600e-16
2.651371802463661879e+03 3.793100104331154841e-15 1.574573238927999091e-16
2.654117279692727607e+03 3.132591111002276657e-15 1.460312023512348196e-16
2.656862756921793334e+03 3.072303535616798117e-15 1.435761297395597313e-16
2.659608234150859062e+03 2.882519960372861177e-15 1.355306957319737575e-16
2.662353711379924789e+03 2.846286049575321337e-15 1.398217875092207937e-16
2.665099188608990517e+03 2.957864826580546549e-15 1.494010628578508767e-16
2.667844665838056244e+03 2.525527400571402240e-15 1.620370336151352134e-16
2.670590143067121971e+03 2.745294490015894823e-15 1.358058647035618115e-16
2.673335620296187699e+03 2.235774431682107467e-15 1.280631038416571940e-16
2.676081097525253426e+03 2.579512195950900016e-15 1.320032300361505720e-16
2.678826574754319154e+03 2.737027681966966537e-15 1.348811970052389546e-16
2.681572051983384881e+03 3.345763647682914255e-15 1.447070324474258527e-16
2.684317529212450609e+03 3.456773482344970418e-15 1.444844370111963647e-16
2.687063006441516336e+03 3.072059694966490494e-15 1.956756852262925598e-16
2.689808483670582063e+03 2.823766862362770450e-15 1.757939460040318359e-16
2.692553960899647791e+03 2.942589766870745771e-15 1.378765734757719662e-16
2.695299438128713518e+03 3.231160332627670204e-15 1.437428967115016657e-16
2.698044915357779246e+03 2.699552937882114479e-15 1.309468176139719059e-16
2.700790392586844973e+03 2.163754996203558766e-15 2.101451914835416064e-16
2.703535869815910701e+03 2.769994933185701339e-15 1.462909603538260625e-16
2.706281347044976428e+03 3.097206066278861473e-15 1.337504357432603811e-16
2.709026824274042156e+03 3.566912370434784415e-15 1.447062018661319285e-16
2.711772301503107883e+03 2.993071114705409102e-15 1.375501782677668921e-16
2.714517778732173610e+03 3.077530230533908648e-15 1.405063654756079406e-16
2.717263255961239338e+03 3.095708256659353814e-15 1.377617802139431639e-16
2.720008733190305065e+03 3.055797444776552922e-15 1.375465369958261211e-16
2.722754210419370793e+03 3.119327212536926435e-15 1.332330745784163743e-16
2.725499687648436520e+03 3.110450318711497699e-15 1.311705976966411924e-16
2.728245164877502248e+03 3.068198744230678656e-15 1.380271017304225044e-16
2.730990642106567975e+03 3.452114108054383490e-15 1.321746595926205043e-16
2.733736119335633703e+03 3.453853317577563269e-15 1.383058902375896930e-16
2.736481596564699430e+03 3.259901186654303404e-15 1.299276536809431178e-16
2.739227073793765157e+03 2.888124759180216548e-15 1.286296554144242009e-16
2.741972551022830885e+03 3.302324989626431245e-15 1.401413698610681299e-16
2.744718028251896612e+03 3.703751806586743967e-15 1.461721167276204995e-16
2.747463505480962340e+03 3.493704126113488999e-15 1.524804914014719434e-16
2.750208982710028067e+03 3.117453178885671278e-15 1.579749354858877863e-16
2.752954459939093795e+03 2.941133781718428404e-15 1.360893685682968348e-16
2.755699937168159522e+03 3.606447107393358024e-15 1.373243479600693125e-16
2.758445414397225250e+03 3.704651927853033405e-15 1.414543806373313614e-16
2.761190891626290977e+03 4.192482499743494957e-15 1.752430000421436770e-16
2.763936368855356704e+03 4.350876955901920416e-15 1.430380177284663357e-16
2.766681846084422432e+03 4.407351210441139594e-15 1.373036273050635909e-16
2.769427323313488159e+03 3.877090768194743011e-15 1.728015559278224353e-16
2.772172800542553887e+03 4.195845047109702623e-15 1.395256476397525676e-16
2.774918277771619614e+03 4.432606514326079969e-15 1.373813262244343578e-16
2.777663755000685342e+03 3.578131063544084852e-15 1.328625243837173493e-16
2.780409232229751069e+03 3.263920502235393079e-15 1.256403424037971000e-16
2.783154709458816797e+03 3.516210366028386617e-15 1.314975880368834060e-16
2.785900186687882524e+03 4.005913927898582355e-15 1.407583456630204536e-16
2.788645663916948251e+03 3.703693276722514311e-15 1.322116091160670958e-16
2.791391141146013979e+03 2.858331623589079029e-15 1.218325229494750850e-16
2.794136618375079706e+03 2.833125171442112707e-15 1.721199638945225531e-16
2.796882095604145434e+03 2.740755503551448255e-15 1.331083865720062443e-16
2.799627572833211161e+03 3.013848998272008507e-15 1.245758651184211366e-16
2.802373050062276889e+03 2.531819309356700809e-15 1.202570924788095065e-16
2.805118527291342616e+03 2.600554129745979758e-15 1.271976314500981023e-16
2.807864004520408344e+03 2.662723675030592159e-15 1.901650096861865988e-16
2.810609481749474071e+03 3.859783671497360458e-15 1.375228304411173585e-16
2.813354958978539798e+03 4.339859608887549486e-15 1.445073711528539837e-16
2.816100436207605526e+03 5.374047146661477884e-15 1.621914992769304195e-16
2.818845913436671253e+03 5.356303623116088952e-15 1.388731749890157003e-16
2.821591390665736981e+03 6.400497993362518957e-15 1.637127470068682818e-16
2.824336867894802708e+03 6.065447104051449696e-15 1.468549599561125413e-16
2.827082345123868436e+03 4.413496261302593467e-15 1.290652442340738827e-16
2.829827822352934163e+03 4.247180847582542427e-15 1.335167082386279678e-16
2.832573299581999891e+03 3.482449233119628702e-15 1.239490387369931362e-16
2.835318776811065618e+03 3.417702418768700399e-15 1.202799182482716886e-16
2.838064254040131345e+03 3.360403587158114863e-15 1.210785513894208129e-16
2.840809731269197073e+03 3.521519586714041466e-15 1.210217839544264421e-16
2.843555208498262800e+03 3.459220153881481028e-15 1.223875228662312195e-16
2.846300685727328528e+03 3.840052758437758841e-15 1.347092899343713614e-16
2.849046162956394255e+03 4.023264466499057200e-15 1.266577675983480817e-16
2.851791640185459983e+03 3.695541471243027678e-15 1.253475051533069189e-16
2.854537117414525710e+03 4.034564394326895584e-15 1.240089481812469753e-16
2.857282594643591437e+03 4.129128080715969029e-15 1.328723168048197582e-16
2.860028071872657165e+03 4.043792064015972349e-15 1.267463833512581503e-16
2.862773549101722892e+03 4.150468799700282546e-15 1.332913152627473585e-16
2.865519026330788620e+03 4.006216753645060041e-15 1.239708401426097001e-16
2.868264503559854347e+03 4.162138417479271212e-15 1.249689399300763859e-16
2.871009980788920075e+03 3.681665702951391843e-15 1.203271187776102559e-16
2.873755458017985802e+03 4.303344476135432165e-15 1.282422666800490021e-16
2.876500935247051530e+03 4.595302143041793174e-15 1.298197856127867780e-16
2.879246412476117257e+03 3.974984848010099618e-15 1.211357775148394136e-16
2.881991889705182984e+03 3.955132256459341030e-15 1.244108387510658309e-16
2.884737366934248712e+03 4.396891096472325400e-15 1.514916626629727158e-16
2.887482844163314439e+03 4.557548494949938441e-15 1.322221269422428423e-16
2.890228321392380167e+03 4.625329846934440561e-15 1.636181445513810628e-16
2.892973798621445894e+03 4.521398184816875406e-15 1.601238961559697179e-16
2.895719275850511622e+03 4.711482922536374039e-15 1.257622093408584629e-16
2.898464753079577349e+03 4.141528030920746250e-15 1.214245580708608968e-16
2.901210230308643077e+03 4.060609067815268358e-15 1.197330903676918996e-16
2.903955707537708804e+03 4.236968801073485980e-15 1.227619437692351820e-16
2.906701184766774531e+03 4.055747105784597322e-15 1.194732951188950401e-16
2.909446661995840259e+03 3.961709190154585564e-15 1.160265150556014511e-16
2.912192139224905986e+03 4.208240077148035023e-15 1.155275307254118876e-16
2.914937616453971714e+03 4.684966561002496970e-15 1.200891786230855380e-16
2.917683093683037441e+03 3.583528525682161496e-15 1.611544466214986642e-16
2.920428570912103169e+03 3.549681686877620121e-15 1.102238363683821190e-16
2.923174048141168896e+03 3.515553292636147039e-15 1.150266925053082662e-16
2.925919525370234624e+03 3.695475290843961172e-15 1.146346898139021852e-16
2.928665002599300351e+03 3.190115841016925934e-15 1.553870161994752008e-16
2.931410479828366078e+03 3.372003592280383205e-15 1.138027147563616156e-16
2.934155957057431806e+03 3.465143524042475006e-15 1.117502226835310789e-16
2.936901434286497533e+03 3.188624294686063877e-15 1.072712185651253618e-16
2.939646911515563261e+03 3.253669310033686333e-15 1.065560925561248535e-16
2.942392388744628988e+03 3.858267990077196986e-15 1.158895451569860109e-16
2.945137865973694716e+03 4.528216852266853168e-15 1.258083616938436805e-16
2.947883343202760443e+03 4.019104874985287034e-15 1.141459256703033795e-16
2.950628820431826171e+03 3.813861455810407602e-15 1.111540334330019695e-16
2.953374297660891898e+03 3.718469779880243710e-15 1.083055449708997271e-16
2.956119774889957625e+03 3.571755440988243443e-15 1.075308945229045598e-16
2.958865252119023353e+03 6.360678298717253160e-15 1.510158787007579357e-16
2.961610729348089080e+03 3.626734875694175090e-15 1.060936429395489322e-16
2.964356206577154808e+03 4.214626975973910483e-15 1.092721538778239819e-16
2.967101683806220535e+03 4.710523460210610124e-15 1.155211299395540955e-16
2.968000000000000000e+03 4.525301305518721950e-15 8.657144488315682497e-17
2.969847161035286263e+03 4.106811201448008574e-15 1.044083799818995745e-16
2.972592638264351990e+03 3.942792679701745723e-15 1.011785789736451198e-16
2.973493182734810034e+03 3.772491925465502423e-15 7.722573266398416863e-17
2.975338115493417718e+03 3.365735491903753056e-15 9.307020146478788191e-17
2.978083592722483445e+03 3.479619909539404967e-15 1.114477117527347533e-16
2.978986365469620068e+03 3.585224360787275603e-15 8.438694535322633399e-17
2.980829069951549172e+03 3.912075338473667260e-15 9.724033048283546207e-17
2.983574547180614900e+03 4.267135170228618433e-15 1.030373935916550515e-16
2.984479548204430102e+03 4.090963105684029131e-15 7.890391957442260167e-17
2.986320024409680627e+03 3.762345007306504845e-15 9.657916792366453880e-17
2.989065501638746355e+03 4.544518120469531075e-15 1.067668817307133486e-16
2.989972730939240137e+03 4.291872886112158524e-15 8.282169261285511780e-17
2.991810978867812082e+03 3.637848650656824506e-15 1.000319598286752009e-16
2.994556456096877810e+03 3.549380641076231874e-15 1.539049703318553320e-16
2.995465913674050171e+03 3.661769541947009317e-15 1.199938878696917929e-16
2.997301933325943537e+03 3.752133552185226596e-15 9.553026388790583890e-17
3.000047410555009264e+03 3.705292407076010007e-15 9.881298014833342646e-17
3.000959096408860205e+03 3.941795873960750925e-15 7.672152155624242441e-17
3.002792887784074992e+03 4.326895267867296622e-15 9.916181330719038379e-17
3.005538365013140719e+03 4.616195489440879424e-15 1.075327930503740384e-16
3.006452279143670239e+03 4.365773491280274808e-15 8.187820467453809244e-17
3.008283842242206447e+03 3.755527357525506823e-15 1.057015299234056169e-16
3.011029319471272174e+03 3.030763052161503937e-15 9.268101652147510240e-17
3.011945461878480273e+03 2.989093472822714702e-15 7.200849969128650480e-17
3.013774796700337902e+03 2.906831034044907716e-15 9.029564285186189473e-17
3.016520273929403629e+03 2.813119555233501177e-15 1.189233104502212481e-16
3.017438644613290307e+03 3.035012711362347295e-15 8.983298125025739344e-17
3.019265751158469357e+03 3.447370299693306846e-15 9.856391432388313562e-17
3.022011228387535084e+03 4.028244695987205878e-15 1.231270737962176598e-16
3.022931827348100342e+03 3.835289928915297382e-15 9.403304077786322667e-17
3.024756705616600811e+03 3.188586113872254231e-15 8.711387267047395580e-17
3.027502182845666539e+03 2.917476344142731144e-15 8.851585386683112713e-17
3.028425010082910376e+03 2.881749123112426344e-15 6.939084716690955919e-17
3.030247660074732266e+03 2.669956436753855866e-15 8.695843011557732877e-17
3.032993137303797994e+03 3.060088034499094182e-15 9.147768160968436687e-17
3.033918192817720410e+03 3.074083502011661780e-15 7.354310534289110389e-17
3.035738614532863721e+03 3.155003614419357285e-15 9.744677244791574238e-17
3.038484091761929449e+03 2.764921750460314194e-15 8.591609149838918793e-17
3.039411375552530444e+03 2.861535616223305490e-15 6.719735768862599276e-17
3.041229568990995176e+03 2.993260254587652547e-15 8.362952665359244500e-17
3.043975046220060904e+03 2.742856893446662994e-15 8.297822516800098886e-17
3.044904558287340478e+03 2.824682913960009019e-15 6.564926684075494481e-17
3.046720523449126631e+03 2.987101557869426007e-15 8.360892325344832390e-17
3.049466000678192358e+03 2.918343968831264390e-15 8.648973229006901392e-17
3.050397741022150512e+03 2.863431186071777045e-15 6.686765300166674325e-17
3.052211477907258086e+03 2.774407194822392074e-15 7.675650876447022483e-17
3.054956955136323813e+03 2.917918878313628472e-15 8.157436767913448726e-17
3.055890923756960547e+03 2.878381936339370733e-15 6.355522560035681177e-17
3.057702432365389541e+03 2.849316377816316837e-15 7.814685960727260799e-17
3.060447909594455268e+03 3.349765161865468373e-15 9.618963142347982746e-17
3.061384106491770581e+03 3.278867763166211157e-15 7.557023188107718322e-17
3.063193386823520996e+03 3.113773754868893116e-15 1.365852449033009717e-16
3.066877289226580615e+03 2.743440801070171582e-15 1.670146710763683111e-16
3.072370471961390649e+03 3.072713184435391352e-15 1.638858698988588524e-16
3.077863654696200683e+03 3.207494962273459536e-15 1.868050518189060987e-16
3.083356837431010717e+03 3.233611417910904473e-15 1.615678581635135665e-16
3.088850020165820752e+03 3.502078226216018659e-15 1.604924741556728486e-16
3.094343202900630786e+03 3.163193434326046748e-15 1.606076533683757566e-16
3.099836385635440820e+03 2.969233219853295284e-15 1.487838748174619906e-16
3.105329568370250854e+03 2.792398265409588111e-15 1.511632106583893649e-16
3.110822751105060888e+03 3.111423763345085086e-15 1.504718206275207066e-16
3.116315933839870922e+03 2.895916005662725063e-15 1.611708374600310172e-16
3.121809116574680957e+03 2.958489545314678746e-15 1.448736653781167658e-16
3.127302299309490991e+03 3.121271470016656073e-15 1.488382975263653137e-16
3.132795482044301025e+03 3.070064375360249145e-15 1.504012877997668268e-16
3.138288664779111059e+03 3.102912434444872390e-15 2.053086812182905951e-16
3.143781847513921093e+03 3.211154251317525655e-15 1.546897721692187616e-16
3.149275030248731127e+03 3.669952925590235859e-15 1.523325875610959999e-16
3.154768212983541162e+03 3.596522898039499789e-15 1.467815195961560093e-16
3.160261395718351196e+03 2.760490494903601518e-15 1.858756673342026789e-16
3.165754578453161230e+03 3.356893069366700338e-15 1.379321777474651802e-16
3.171247761187971264e+03 3.326483768376905750e-15 1.379325086580115184e-16
3.176740943922781298e+03 3.379689392907827293e-15 1.382286791638634209e-16
3.182234126657591332e+03 3.857063453879170425e-15 1.504869839218627964e-16
3.187727309392401366e+03 3.368408993834016669e-15 1.476277235526920188e-16
3.193220492127211401e+03 3.801942629152181137e-15 1.333949211005080093e-16
3.198713674862021435e+03 3.816883911415902670e-15 1.354932307360436541e-16
3.204206857596831469e+03 4.421954403086067244e-15 2.144457200638792151e-16
3.209700040331641503e+03 3.967661438529302952e-15 1.309735425251608807e-16
3.215193223066451537e+03 4.089263289961366237e-15 1.399292930995349457e-16
3.220686405801261571e+03 3.424460235672804075e-15 1.242046083033546816e-16
3.226179588536071606e+03 3.335222585840587813e-15 1.275223692203576165e-16
3.231672771270881640e+03 4.020452560897062265e-15 1.400417522604658953e-16
3.237165954005691674e+03 3.233222873112352867e-15 1.321268133372787188e-16
3.242659136740501708e+03 3.414307880883712007e-15 1.207426398416110861e-16
3.248152319475311742e+03 4.135733745299154170e-15 1.273269525944515948e-16
3.253645502210121776e+03 3.460965126044746084e-15 1.234797947670699336e-16
3.259138684944931811e+03 3.451920601813956643e-15 1.229849164092885255e-16
3.264631867679741845e+03 2.787084334437509761e-15 1.239922781540411286e-16
3.270125050414551879e+03 3.437370260208383558e-15 1.364217152810168254e-16
3.275618233149361913e+03 3.699227868444626964e-15 1.402953582722182127e-16
3.281111415884171947e+03 3.438690702080651150e-15 1.342883144793705544e-16
3.286604598618981981e+03 3.348270292878247977e-15 1.146433242802454233e-16
3.292097781353792016e+03 3.220176767621691642e-15 1.124291148192312134e-16
3.297590964088602050e+03 3.960197714859508169e-15 1.166042111622736063e-16
3.303084146823412084e+03 3.391917756821208573e-15 1.155482252348884357e-16
3.308577329558222118e+03 3.149974587752219882e-15 1.094039542241128153e-16
3.314070512293032152e+03 3.321098689044351128e-15 1.113061936699142721e-16
3.319563695027842186e+03 3.208127394682797062e-15 1.073971845415610223e-16
3.325056877762652221e+03 3.463561677485738492e-15 1.137263127335266904e-16
3.330550060497462255e+03 3.367563203715749881e-15 1.081467865280963993e-16
3.336043243232272289e+03 3.078382789399287184e-15 1.050052937057950710e-16
3.341536425967082323e+03 3.427605848571298802e-15 1.077286128522090448e-16
3.347029608701892357e+03 1.349360793275854398e-14 2.694890293596323921e-16
3.352522791436702391e+03 3.244140224855677359e-15 1.035756261681820561e-16
3.358015974171512426e+03 3.399151593140498783e-15 1.060820935893063419e-16
3.363509156906322460e+03 3.788465220386253002e-15 1.067496266967473157e-16
3.369002339641132494e+03 3.528447721003961571e-15 1.037418845546854960e-16
3.374495522375942528e+03 3.211323711311958525e-15 1.017174475102183818e-16
3.379988705110752562e+03 3.853465722751377094e-15 1.100771070153204299e-16
3.385481887845562596e+03 3.364370855890827215e-15 1.057847013338948586e-16
3.390975070580372631e+03 3.328290786862176128e-15 1.520213766217685760e-16
3.396468253315182665e+03 3.409901353919574727e-15 1.078893357113041788e-16
3.401961436049992699e+03 3.587936110765218341e-15 1.064120978486467574e-16
3.407454618784802733e+03 3.498797372768633620e-15 1.030092721729178488e-16
3.412947801519612767e+03 3.463701048942793529e-15 1.129671463742499172e-16
3.418440984254422801e+03 3.329440309174026606e-15 1.088262343705666243e-16
3.423934166989232835e+03 3.729997079051857033e-15 9.945503536290437793e-17
3.429427349724042870e+03 3.932896089148815517e-15 1.164398147781142420e-16
3.434920532458852904e+03 3.414754398064822158e-15 1.082817563700635186e-16
3.440413715193662938e+03 3.645668596666992654e-15 9.680876799679719934e-17
3.445906897928472972e+03 3.657668602465833633e-15 1.024976648952903041e-16
3.451400080663283006e+03 3.459312543006090691e-15 9.856479619453092984e-17
3.456893263398093040e+03 3.621081456255826918e-15 9.567775994997212283e-17
3.462386446132903075e+03 3.799435525693791415e-15 9.576453469244046235e-17
3.467879628867713109e+03 3.812868027741258050e-15 1.017391401584669921e-16
3.473372811602523143e+03 3.418226786647223727e-15 9.792238541113571493e-17
3.478865994337333177e+03 3.554397651352261381e-15 9.432658770218347920e-17
3.484359177072143211e+03 3.536390071439991280e-15 9.650719354483384635e-17
3.489852359806953245e+03 3.675130732432317006e-15 9.518523619446582610e-17
3.495345542541763280e+03 3.847458585805373207e-15 9.546098721387759501e-17
3.500838725276573314e+03 3.678691054972671131e-15 9.271118149404765845e-17
3.506331908011383348e+03 3.718295168614080030e-15 9.684547827647841365e-17
3.511825090746193382e+03 4.009608164425800397e-15 9.431518142929630222e-17
3.517318273481003416e+03 4.132191479488643331e-15 9.716318411096833259e-17
3.522811456215813450e+03 4.065244290029038545e-15 9.760975225044083789e-17
3.528304638950623485e+03 3.672968495931444831e-15 9.122573240874046302e-17
3.533797821685433519e+03 4.389158841775009537e-15 1.032999504198397919e-16
3.539291004420243553e+03 4.004636192511425687e-15 9.731552196666462828e-17
3.544784187155053587e+03 3.826061627379500506e-15 9.684385897199438988e-17
3.550277369889863621e+03 3.803426732972778298e-15 1.003445377370502156e-16
3.555770552624673655e+03 3.653143714486189015e-15 1.021833807025004672e-16
3.561263735359483690e+03 3.762989127263134056e-15 9.412052782571050396e-17
3.566756918094293724e+03 3.746357742962559253e-15 9.016941632464767693e-17
3.572250100829103758e+03 3.851085048229062617e-15 9.299699137233246375e-17
3.577743283563913792e+03 3.821744839462552586e-15 1.055282296707104483e-16
3.583236466298723826e+03 3.676819061280842518e-15 8.958608993743382073e-17
3.588729649033533860e+03 4.037966919433702967e-15 9.109282623422620952e-17
3.594222831768343895e+03 3.804681918545533543e-15 8.990283688511312135e-17
3.599716014503153929e+03 3.874913704668047934e-15 9.361609724211434999e-17
3.605209197237963963e+03 4.053412196848026704e-15 9.525788359294878128e-17
3.610702379972773997e+03 3.845536603731511256e-15 9.900501159146167610e-17
3.616195562707584031e+03 3.654170697355015498e-15 9.084000996075236900e-17
3.621688745442394065e+03 3.575247844194215129e-15 8.935263048803143153e-17
3.627181928177204099e+03 3.855155708994910837e-15 9.048697651729190422e-17
3.632675110912014134e+03 3.650950726904104886e-15 9.374610221081218975e-17
3.638168293646824168e+03 3.962617755889241185e-15 9.054212474293975164e-17
3.643661476381634202e+03 3.851697545227285322e-15 8.908197721006628959e-17
3.649154659116444236e+03 3.814660397928980068e-15 8.972225776862510384e-17
3.654647841851254270e+03 4.422998242041069328e-15 9.318329950295166365e-17
3.660141024586064304e+03 4.083391807544125275e-15 9.131189471158915234e-17
3.665634207320874339e+03 4.300153293478133949e-15 9.422163048764406467e-17
3.671127390055684373e+03 4.195382124026931750e-15 9.771542385648938017e-17
3.676620572790494407e+03 4.201776876258695399e-15 9.482670327396332299e-17
3.682113755525304441e+03 4.532366537936178705e-15 9.209455181183232287e-17
3.687606938260114475e+03 4.045400977645500705e-15 8.775110853610175205e-17
3.693100120994924509e+03 4.360714505440198378e-15 1.138380620738950522e-16
3.698593303729734544e+03 5.141557282832716254e-15 1.226285343001702080e-16
3.704086486464544578e+03 4.413992151391940502e-15 9.256227345016417988e-17
3.709579669199354612e+03 4.428291860766164272e-15 8.813768485141395493e-17
3.715072851934164646e+03 3.842585207739166516e-15 8.147480888994369535e-17
3.720566034668974680e+03 4.150398504929975999e-15 8.395698235527818010e-17
3.726059217403784714e+03 4.012663011501042419e-15 8.989167959514784241e-17
3.731552400138594749e+03 4.121991801518858018e-15 8.491184749866235902e-17
3.737045582873404783e+03 4.115617775942182348e-15 8.379331429268953490e-17
3.742538765608214817e+03 4.010799995319985268e-15 8.042344563280226981e-17
3.748031948343024851e+03 4.038657848384388045e-15 8.169069919951244303e-17
3.753525131077834885e+03 3.693143167401692663e-15 8.725183139652678732e-17
3.759018313812644919e+03 3.764726769254405483e-15 8.527565713202073904e-17
3.764511496547454954e+03 3.645671134167154308e-15 7.789237271098312827e-17
3.770004679282264988e+03 3.762571933425036410e-15 7.561273930556492884e-17
3.775497862017075022e+03 3.808997779687539071e-15 8.301187646611248724e-17
3.780991044751885056e+03 3.986979024825611382e-15 9.224233742770380126e-17
3.786484227486695090e+03 4.158496541933650190e-15 9.197647471705660789e-17
3.791977410221505124e+03 3.902026367982004550e-15 7.574235218577946442e-17
3.797470592956315159e+03 4.037330553032498438e-15 7.435521400270308682e-17
3.802963775691125193e+03 3.961216209930461119e-15 7.435839328184403220e-17
3.808456958425935227e+03 4.042653236944690967e-15 7.562321135921110950e-17
3.813950141160745261e+03 3.867537614121159415e-15 8.080110550599195042e-17
3.819443323895555295e+03 4.130961894990841356e-15 7.614302536781910598e-17
3.824936506630365329e+03 4.251493403111465577e-15 7.369600805369198919e-17
3.830429689365175363e+03 3.808015606638894722e-15 7.185837442053279998e-17
3.835922872099985398e+03 3.848561367913141162e-15 7.136604820887771700e-17
3.841416054834795432e+03 3.805061590013803544e-15 7.584738574526575702e-17
3.846909237569605466e+03 3.670331954120335947e-15 7.566237413199432903e-17
3.852402420304415500e+03 3.990755900269517617e-15 7.152390137307518357e-17
3.857895603039225534e+03 4.246736602456295802e-15 8.113110225172963194e-17
3.863388785774035568e+03 4.466217350051430487e-15 7.527587782469838068e-17
3.868881968508845603e+03 4.071977192019285190e-15 8.418261082779316812e-17
3.874375151243655637e+03 4.351272840854085190e-15 7.217303973337495341e-17
3.879868333978465671e+03 4.051599733383989104e-15 8.098380895409243288e-17
3.885361516713275705e+03 4.135421068573013198e-15 6.849437366828769800e-17
3.890854699448085739e+03 4.190764476795427961e-15 7.438151843213192278e-17
3.896347882182895773e+03 4.118807728199255361e-15 7.238906613523916498e-17
3.901841064917705808e+03 4.197018706279366675e-15 6.683872526532961862e-17
3.907334247652515842e+03 4.085731508401928689e-15 6.872333962112224887e-17
3.912827430387325876e+03 4.807946189964973249e-15 7.248009984328227022e-17
3.918320613122135910e+03 4.361899048766154010e-15 7.039426808974010333e-17
3.923813795856945944e+03 4.299315288754753751e-15 7.061096112079101990e-17
3.929306978591755978e+03 4.396793733346024841e-15 6.953983875685767521e-17
3.934800161326566013e+03 4.380904452940586151e-15 6.642307051426244680e-17
3.940293344061376047e+03 4.433629696067951491e-15 7.073636459994861062e-17
3.945786526796186081e+03 4.435255430467441350e-15 6.693767189992883948e-17
3.951279709530996115e+03 4.293402335307187449e-15 7.200416459452953863e-17
3.956772892265806149e+03 4.964559264559204729e-15 7.340719436302481385e-17
3.962266075000616183e+03 4.735314303373960499e-15 6.928262907581267723e-17
3.967759257735426218e+03 4.466157563617199039e-15 6.587779550335683501e-17
3.973252440470236252e+03 4.434595808797035912e-15 6.883748721433816640e-17
3.978745623205046286e+03 4.536397315898076927e-15 6.467358396028102530e-17
3.984238805939856320e+03 4.649430183971063739e-15 7.049213142063212837e-17
3.989731988674666354e+03 4.957293261305195553e-15 6.835126382778068497e-17
3.995225171409476388e+03 5.562940490351448910e-15 7.491756710155503348e-17
4.000718354144286423e+03 4.768340068577610108e-15 6.970266995228672542e-17
4.006211536879096457e+03 4.594136998663378428e-15 6.648588943586819654e-17
4.011704719613906491e+03 4.676311508399929147e-15 6.603166923666554177e-17
4.017197902348716525e+03 4.616232109961299358e-15 6.425905184102732897e-17
4.022691085083526559e+03 4.643122946552589356e-15 6.421213690007098263e-17
4.028184267818336593e+03 4.465707589860093333e-15 7.679267308805902268e-17
4.033677450553146627e+03 4.640508357226998950e-15 6.331583807584130323e-17
4.039170633287956662e+03 4.559562468490877365e-15 6.340648910102405431e-17
4.044663816022766696e+03 4.550645647809841188e-15 7.083343948117643152e-17
4.050156998757576730e+03 4.885390795367192019e-15 7.332426469163049795e-17
4.055650181492386764e+03 4.535607029910572458e-15 6.322612209255382506e-17
4.061143364227196798e+03 4.666848822917329812e-15 6.541977465117915742e-17
4.066636546962006832e+03 4.657476353677511737e-15 6.621643109301545547e-17
4.072129729696816867e+03 4.677045330270601965e-15 6.478229164202959996e-17
4.077622912431626901e+03 4.805509553256564096e-15 6.401126116768523503e-17
4.083116095166436935e+03 4.713286887961312332e-15 6.526455178159065314e-17
4.088609277901246969e+03 4.967642031649275465e-15 6.467428245929006066e-17
4.094102460636057003e+03 4.694424625151071027e-15 6.803783560128759297e-17
4.099595643370867037e+03 4.864781945715174771e-15 6.348506934491374239e-17
4.105088826105677072e+03 4.721068637789744532e-15 6.287792116297183225e-17
4.110582008840487106e+03 4.568736475189126253e-15 6.381871023434431348e-17
4.116075191575297140e+03 4.578275666645633966e-15 6.836396639860992285e-17
4.121568374310107174e+03 4.890758516058877826e-15 6.474745879663270481e-17
4.127061557044917208e+03 6.106549979807662106e-15 7.474163534963636326e-17
4.132554739779727242e+03 5.481854522973462580e-15 6.652155288549604643e-17
4.138047922514537277e+03 4.799947458413481494e-15 6.312472994800795467e-17
4.143541105249347311e+03 4.683487758468509692e-15 6.732396072012405685e-17
4.149034287984157345e+03 4.648271037386987300e-15 6.244601711256401834e-17
4.154527470718967379e+03 4.593030694452632574e-15 6.123980946952605419e-17
4.160020653453777413e+03 4.521271154377782009e-15 6.346322753036191070e-17
4.165513836188587447e+03 4.572501643173186434e-15 6.348573168478815906e-17
4.171007018923397482e+03 4.580097628617626229e-15 6.243143072575375812e-17
4.176500201658207516e+03 4.495496840354978293e-15 6.135116101657226318e-17
4.181993384393017550e+03 4.315409064779051713e-15 6.476068522554826627e-17
4.187486567127827584e+03 4.186765928802927177e-15 6.409006938001289991e-17
4.192979749862637618e+03 4.437762789717608349e-15 5.959343407668163201e-17
4.198472932597447652e+03 4.332390858091278486e-15 5.897469738784976967e-17
4.203966115332257687e+03 4.586552468621581432e-15 6.015214007469231906e-17
4.209459298067067721e+03 4.448531320497273743e-15 6.338466237361150882e-17
4.214952480801877755e+03 4.279488151353557503e-15 5.978461830736397206e-17
4.220445663536687789e+03 4.227998520452495686e-15 5.893308335682571229e-17
4.225938846271497823e+03 4.068265390175613237e-15 5.696178351217421868e-17
4.231432029006307857e+03 3.977383393628398999e-15 6.165567803652456728e-17
4.236925211741117892e+03 3.861510485172720916e-15 5.956714635500186888e-17
4.242418394475927926e+03 4.031037535041216181e-15 6.840349567726189831e-17
4.247911577210737960e+03 3.900608213091704861e-15 5.977169137489968068e-17
4.253404759945547994e+03 3.959592279911014615e-15 5.759929541678937677e-17
4.258897942680358028e+03 4.440735747583415760e-15 5.819275206327144179e-17
4.264391125415168062e+03 4.084118657735753877e-15 6.250388896610475450e-17
4.269884308149978096e+03 4.129225413348792132e-15 5.755588827554949956e-17
4.275377490884788131e+03 4.217388798369294251e-15 6.805614914224789016e-17
4.280870673619598165e+03 4.037250338062469084e-15 5.674297925266585884e-17
4.286363856354408199e+03 3.984241694979499006e-15 6.064731627568958763e-17
4.291857039089218233e+03 3.793991576675399020e-15 5.786597684776090528e-17
4.297350221824028267e+03 3.772244294077778169e-15 6.450668031362093996e-17
4.302843404558838301e+03 3.940232068278231552e-15 5.790061929024275158e-17
4.308336587293648336e+03 3.966889358300639163e-15 5.935234726940085999e-17
4.313829770028458370e+03 4.065839549596306642e-15 7.004560976181377969e-17
4.319322952763268404e+03 4.094329362067937064e-15 5.830170574589514677e-17
4.324816135498078438e+03 4.148314101928778920e-15 5.482785617544653024e-17
4.330309318232888472e+03 4.054931762306501769e-15 6.425884229208812232e-17
4.335802500967698506e+03 3.870546382391699665e-15 5.527268486691732236e-17
4.341295683702508541e+03 3.845569174269481708e-15 5.293742752787368329e-17
4.346788866437318575e+03 3.781168963923226219e-15 5.546120857180102728e-17
4.352282049172128609e+03 3.767235549868153800e-15 5.210378231816750753e-17
4.357775231906938643e+03 3.975221158798212736e-15 5.436891205216005385e-17
4.363268414641748677e+03 5.176649277445120472e-15 5.906709384340586142e-17
4.368761597376558711e+03 6.602678482194505049e-15 6.602631255522918328e-17
4.374254780111368746e+03 4.744452499980817621e-15 6.105854547760844280e-17
4.379747962846178780e+03 4.722623594531615765e-15 5.847997318264177850e-17
4.385241145580988814e+03 4.339555577213873309e-15 5.478438168455031564e-17
4.390734328315798848e+03 4.318819081779041879e-15 5.431297817365802059e-17
4.396227511050608882e+03 4.186851452600117413e-15 5.535463039282242177e-17
4.401720693785418916e+03 4.286553647932798223e-15 5.367665512502048430e-17
4.407213876520228951e+03 4.209578192510597548e-15 5.325321139024529773e-17
4.412707059255038985e+03 4.294708593759653668e-15 6.368266451024473677e-17
4.418200241989849019e+03 4.398860812606518412e-15 5.442074142184885607e-17
4.423693424724659053e+03 4.439021759928516360e-15 5.900001289618587270e-17
4.429186607459469087e+03 4.507528168683874361e-15 5.595823259667265950e-17
4.434679790194279121e+03 4.407344583001063845e-15 5.468412670574677265e-17
4.440172972929089156e+03 4.479463448729077822e-15 5.514615896648175631e-17
4.445666155663899190e+03 4.721163346901408570e-15 5.494597437625504863e-17
4.451159338398709224e+03 4.271431829266975198e-15 5.536360440590631244e-17
4.456652521133519258e+03 4.472408705434082418e-15 5.953684940447691175e-17
4.462145703868329292e+03 4.532000609238657098e-15 5.376105255236854251e-17
4.467638886603139326e+03 4.511234326428590567e-15 5.397097918530887457e-17
4.473132069337949360e+03 4.511682806531958675e-15 5.451160298488534699e-17
4.478625252072759395e+03 4.593392949919430225e-15 5.373354524097163618e-17
4.484118434807569429e+03 4.696422956161698815e-15 5.565150080309525011e-17
4.489611617542379463e+03 4.516013059355262438e-15 5.515981634985739219e-17
4.495104800277189497e+03 4.635218743693216254e-15 5.386551045440916367e-17
4.500597983011999531e+03 4.641203983297973269e-15 5.428296822412871696e-17
4.506091165746809565e+03 4.661997601336107976e-15 5.469858365798008043e-17
4.511584348481619600e+03 4.629745112313822156e-15 5.654561392547143679e-17
4.517077531216429634e+03 4.800124898906348774e-15 6.466627522678792442e-17
4.522570713951239668e+03 4.799608282493920071e-15 5.735057226396439166e-17
4.528063896686049702e+03 4.786018367351643183e-15 5.435292565084334969e-17
4.533557079420859736e+03 4.858540076764686820e-15 5.496868760140602792e-17
4.539050262155669770e+03 5.132607892952001105e-15 5.909424618920097585e-17
4.544543444890479805e+03 4.979264277055185786e-15 5.808515776113165308e-17
4.550036627625289839e+03 5.179893322752738844e-15 5.780433271754113366e-17
4.555529810360099873e+03 4.909985073342675060e-15 5.667738642797010737e-17
4.561022993094909907e+03 5.031735861133431354e-15 5.519348201174943702e-17
4.566516175829719941e+03 4.793094469096590116e-15 5.428208207509051840e-17
4.572009358564529975e+03 4.769969445148394777e-15 5.591530371085747323e-17
4.577502541299340010e+03 5.091473788918574238e-15 5.841687461927735286e-17
4.582995724034150044e+03 4.938769687734764256e-15 5.739724300896459735e-17
4.588488906768960078e+03 4.980814111171845599e-15 5.594926548543928784e-17
4.593982089503770112e+03 4.635101414275422248e-15 5.817639565865841338e-17
4.599475272238580146e+03 4.888399090390460590e-15 5.652855609509275681e-17
4.604968454973390180e+03 4.828266043483800450e-15 5.425217791576939539e-17
4.610461637708200215e+03 5.021408401267560609e-15 5.575686396184080904e-17
4.615954820443010249e+03 5.251788060177535162e-15 5.678303547968100244e-17
4.621448003177820283e+03 4.812727215831443734e-15 5.709235170204721622e-17
4.626941185912630317e+03 4.841879790445740864e-15 5.684486379004557684e-17
4.632434368647440351e+03 4.826710710720830885e-15 5.474351910081977934e-17
4.637927551382250385e+03 4.999480310986738460e-15 7.305326003045169845e-17
4.643420734117060420e+03 4.746669765739873748e-15 5.681419030818859420e-17
4.648913916851870454e+03 4.673939466610934900e-15 5.388110291837111011e-17
4.654407099586680488e+03 4.679276794612773786e-15 5.377606954974771673e-17
4.659900282321490522e+03 4.730815865737396982e-15 5.444213448505786845e-17
4.665393465056300556e+03 4.658656677409053863e-15 6.363766349213585187e-17
4.670886647791110590e+03 4.487311274734831217e-15 5.288726240266179459e-17
4.676379830525920624e+03 4.446002898812021561e-15 5.261630944721752040e-17
4.681873013260730659e+03 4.381786320110123034e-15 5.302807483649652616e-17
4.687366195995540693e+03 4.107525239907730863e-15 5.207596968459490122e-17
4.692859378730350727e+03 4.156164053145063920e-15 5.318423727595021889e-17
4.698352561465160761e+03 4.055651119178106469e-15 5.537905237367928796e-17
4.703845744199970795e+03 4.081556451568808325e-15 5.172351834562071130e-17
4.709338926934780829e+03 4.032929422158265007e-15 5.097833133196320570e-17
4.714832109669590864e+03 4.077057872681623408e-15 5.180272763650121293e-17
4.720325292404400898e+03 3.993217138910373602e-15 5.083441250715594731e-17
4.725818475139210932e+03 3.722691555257948314e-15 5.159739814722588150e-17
4.731311657874020966e+03 3.985076089095811945e-15 5.121345457228632700e-17
4.736804840608831000e+03 3.819695608786347088e-15 7.193625337240372866e-17
4.742298023343641034e+03 3.740647265345701973e-15 5.567119146446765904e-17
4.747791206078451069e+03 3.650895625110691603e-15 5.584855788692012575e-17
4.753284388813261103e+03 3.671269170648332778e-15 5.150488077883874928e-17
4.758777571548071137e+03 3.721134590399722668e-15 4.977662490522351057e-17
4.764270754282881171e+03 3.773134901473709459e-15 5.034771070384762760e-17
4.769763937017691205e+03 3.744071197585964044e-15 5.383394830524008169e-17
4.775257119752501239e+03 3.791950703856094385e-15 5.491946867250733737e-17
4.780750302487311274e+03 3.738545403096929091e-15 5.147147503100171648e-17
4.786243485222121308e+03 3.904707892200897357e-15 5.144481993313664135e-17
4.791736667956931342e+03 3.696079712376141296e-15 5.025107880242421969e-17
4.797229850691741376e+03 3.827735928954363387e-15 5.211159925528323268e-17
4.802723033426551410e+03 3.744223991630383798e-15 5.598994670520463789e-17
4.808216216161361444e+03 3.617800737460374730e-15 5.815713623632598642e-17
4.813709398896171479e+03 3.718605149590488083e-15 5.172949363915291100e-17
4.819202581630981513e+03 3.750161132718816975e-15 4.996707395123177765e-17
4.824695764365791547e+03 3.910597957762060436e-15 5.078846809401889942e-17
4.830188947100601581e+03 3.908312579387238218e-15 5.027065270358108828e-17
4.835682129835411615e+03 3.921874548506332833e-15 4.989203291177856348e-17
4.841175312570221649e+03 3.964517544870923055e-15 5.081474530009970672e-17
4.846668495305031684e+03 3.802324061278490189e-15 4.949347701067461599e-17
4.852161678039841718e+03 4.127712951322315900e-15 5.088669818850655320e-17
4.857654860774651752e+03 4.220035257726647137e-15 6.133127938509356802e-17
4.863148043509461786e+03 4.015315225003054477e-15 6.160095793083154448e-17
4.868641226244271820e+03 4.013906354965039700e-15 5.128367618815996308e-17
4.874134408979081854e+03 4.142536867199187450e-15 5.126993898864279692e-17
4.879627591713891889e+03 4.456254307792150886e-15 5.191829172249947485e-17
4.885120774448701923e+03 5.648395850604898539e-15 5.737466240935774427e-17
4.890613957183511957e+03 9.460227851344790007e-15 7.522794218535405667e-17
4.896107139918321991e+03 7.479792724080620782e-15 7.234194480284747872e-17
4.901600322653132025e+03 5.613394861163497458e-15 5.853051595919631738e-17
4.907093505387942059e+03 4.996872884954679698e-15 5.784171555121688392e-17
4.912586688122752093e+03 4.713204982839633451e-15 5.605974994738675030e-17
4.918079870857562128e+03 4.555609786557656270e-15 5.831589056709137691e-17
4.923573053592372162e+03 4.519947272941559085e-15 5.140443108942853167e-17
4.929066236327182196e+03 4.473763467281154319e-15 5.181086955483977136e-17
4.934559419061992230e+03 4.345432811155977420e-15 5.978092080681846252e-17
4.940052601796802264e+03 4.413315026282495155e-15 5.512555417010073937e-17
4.945545784531612298e+03 4.406143809434043131e-15 5.247137765695015459e-17
4.951038967266422333e+03 4.523705607172677058e-15 5.668638757152233259e-17
4.956532150001232367e+03 4.633554240188412082e-15 5.565065307026393235e-17
4.962025332736042401e+03 4.341681761160581291e-15 5.012141492765611101e-17
4.967518515470852435e+03 4.104473389290797870e-15 5.404205466526119028e-17
4.973011698205662469e+03 4.231611428677906875e-15 4.890179002294524733e-17
4.978504880940472503e+03 4.155062721308028823e-15 5.040083916003242023e-17
4.983998063675282538e+03 4.142635305174306567e-15 4.852079862743759177e-17
4.989491246410092572e+03 3.949016804492320879e-15 4.922409002222525480e-17
4.994984429144902606e+03 4.022685657567920419e-15 4.927215050306387020e-17
5.000477611879712640e+03 4.008912822072711697e-15 4.810547387124134717e-17
5.005970794614522674e+03 4.139320625087601687e-15 4.826364661326259870e-17
5.011463977349332708e+03 4.187642395409486559e-15 4.847865411223548890e-17
5.016957160084142743e+03 4.086441989006507622e-15 4.946807587631390283e-17
5.022450342818952777e+03 4.149606979092293005e-15 4.774563071753749823e-17
5.027943525553762811e+03 3.970669550643593325e-15 4.892851640510992633e-17
5.033436708288572845e+03 3.916804730966669365e-15 4.905422166217385850e-17
5.038929891023382879e+03 3.823817931321664126e-15 5.094049992576858733e-17
5.044423073758192913e+03 4.087452490789126881e-15 4.719220749822688038e-17
5.049916256493002948e+03 4.759786547494460828e-15 5.021851504606135574e-17
5.055409439227812982e+03 4.300663591213308401e-15 4.896678943827237239e-17
5.060902621962623016e+03 3.936412196415517021e-15 4.601612569533141909e-17
5.066395804697433050e+03 4.004640780245420332e-15 4.877386776915589135e-17
5.071888987432243084e+03 3.916172964325510664e-15 4.592557192105063406e-17
5.077382170167053118e+03 3.923819754173860657e-15 4.588708472045212468e-17
5.082875352901863153e+03 4.017016305875382201e-15 4.850533521129951823e-17
5.088368535636673187e+03 3.996327614365340529e-15 4.800689381987860041e-17
5.093861718371483221e+03 3.854335376055866138e-15 4.651916669179935405e-17
5.099354901106293255e+03 3.732299399433046884e-15 4.561586075976137522e-17
5.104848083841103289e+03 3.878806973778127195e-15 4.693455771587731315e-17
5.110341266575913323e+03 3.806764458963160216e-15 4.663085080106807188e-17
5.115834449310723357e+03 3.883436559799152541e-15 4.735198414523941894e-17
5.121327632045533392e+03 3.771418046831308656e-15 4.570440535213378689e-17
5.126820814780343426e+03 3.957868740910971040e-15 5.683292363170622211e-17
5.132313997515153460e+03 3.818646905392359300e-15 4.696868570872215743e-17
5.137807180249963494e+03 3.797465694454936303e-15 4.768687488044358765e-17
5.143300362984773528e+03 3.922495216622534841e-15 4.471924155057799164e-17
5.148793545719583562e+03 3.878197510808659976e-15 4.510560087611139711e-17
5.154286728454393597e+03 3.890252443835718622e-15 4.667187709131602326e-17
5.159779911189203631e+03 3.877393364163423133e-15 4.455368425097161552e-17
5.165273093924013665e+03 4.005301006820154977e-15 4.506791762408050832e-17
5.170766276658823699e+03 3.747613748799928274e-15 5.272324469616042744e-17
5.176259459393633733e+03 3.856984994378009700e-15 4.580545245908750822e-17
5.181752642128443767e+03 3.717722998132062814e-15 5.290653506954254566e-17
5.187245824863253802e+03 3.883277927322061618e-15 4.835499489561515759e-17
5.192739007598063836e+03 3.985027895103418457e-15 4.506322559207990760e-17
5.198232190332873870e+03 4.483526050186666210e-15 4.633031189782106044e-17
5.203725373067683904e+03 4.570401723620206506e-15 4.722878111499970925e-17
5.209218555802493938e+03 4.135715121383426327e-15 4.668148684267971396e-17
5.214711738537303972e+03 4.085573000443725676e-15 4.572762869176839673e-17
5.220204921272114007e+03 3.903687682332405867e-15 4.363148156886564943e-17
5.225698104006924041e+03 4.110771876605034538e-15 4.459538828266915286e-17
5.231191286741734075e+03 4.222854880360755841e-15 4.493091045452506901e-17
5.236684469476544109e+03 4.050886110866624989e-15 4.573258877434677599e-17
5.242177652211354143e+03 3.994929403315718585e-15 4.379930157417304652e-17
5.247670834946164177e+03 4.030563078857326302e-15 4.378442644916195411e-17
5.253164017680974212e+03 3.956805158820502847e-15 4.338744611767854108e-17
5.258657200415784246e+03 4.208652429157184776e-15 4.515379618928357472e-17
5.264150383150594280e+03 4.269895245045637468e-15 4.898764566010501968e-17
5.269643565885404314e+03 4.251184755297295365e-15 4.456964774923308227e-17
5.275136748620214348e+03 4.183840629020540484e-15 4.707455766566394459e-17
5.280629931355024382e+03 3.979927259627794586e-15 4.715322222628758064e-17
5.286123114089834417e+03 4.033234564219019254e-15 4.824070712020337128e-17
5.290000000000000000e+03 4.036887000795093455e-15 3.477066823123213768e-17
5.291616296824644451e+03 4.033032274692552867e-15 4.440650457654197214e-17
5.297109479559454485e+03 4.056317169081500186e-15 4.249994605154315363e-17
5.299757639229099368e+03 4.115880652284399993e-15 3.095242701860254749e-17
5.302602662294264519e+03 4.166486708377052977e-15 4.125000434393661511e-17
5.308095845029074553e+03 4.137694999996577406e-15 5.379605912201483555e-17
5.309515278458198736e+03 4.161609522432542019e-15 4.323391248921542096e-17
5.313589027763884587e+03 4.251891640428710652e-15 4.315073662578737594e-17
5.319082210498694621e+03 4.124655596297517093e-15 4.237224399947326302e-17
5.319272917687298104e+03 4.118337254123971821e-15 4.107212067201320235e-17
5.324575393233504656e+03 4.126307054151105526e-15 4.118303345858174118e-17
5.329030556916397472e+03 4.012367596356232344e-15 3.506728726912921008e-17
5.330068575968314690e+03 4.024234711813052682e-15 4.154913543261499368e-17
5.335561758703124724e+03 4.085537035172392399e-15 4.175154954904607840e-17
5.338788196145496840e+03 4.041329708012656437e-15 3.158546777156375969e-17
5.341054941437934758e+03 4.036049437064246136e-15 4.249692876727173837e-17
5.346548124172744792e+03 4.174675866633116590e-15 4.504342296753688056e-17
5.348545835374596209e+03 4.200704730069968549e-15 3.439433606347471877e-17
5.352041306907554826e+03 4.203586639767015404e-15 4.543980605699435999e-17
5.357534489642364861e+03 4.010233379992126250e-15 4.139781682245465015e-17
5.358303474603695577e+03 4.009549510146365974e-15 3.650554207193526906e-17
5.363027672377174895e+03 3.980815367884869767e-15 4.029138785627831077e-17
5.368061113832794945e+03 4.029054108620945229e-15 4.218479467733978131e-17
5.368520855111984929e+03 4.030264172519558796e-15 4.548960702876069752e-17
5.374014037846794963e+03 3.907602475933708567e-15 4.075730352069796161e-17
5.377818753061894313e+03 3.918180355029598884e-15 3.354674099567060233e-17
5.379507220581604997e+03 3.930572737988664019e-15 4.351739452795996031e-17
5.385000403316415031e+03 3.901713949103395810e-15 4.685123404809534979e-17
5.387576392290993681e+03 3.910206751666085160e-15 3.305489115486136231e-17
5.390493586051225066e+03 3.925224895107273464e-15 4.140834667770703956e-17
5.395986768786035100e+03 3.961015057085469690e-15 4.416567750017789438e-17
5.397334031520093049e+03 3.934764131356493767e-15 3.551596931813892494e-17
5.401479951520845134e+03 3.819023598125930386e-15 3.889967074011704077e-17
5.406973134255655168e+03 3.835581965288705282e-15 4.063940933650173995e-17
5.407091670749192417e+03 3.832818436612505167e-15 3.985063251633432025e-17
5.412466316990465202e+03 3.689297152275481051e-15 3.846358440792445546e-17
5.416849309978291785e+03 3.776279727707107888e-15 3.619749775061082575e-17
5.417959499725275236e+03 3.793932243574189224e-15 4.340547392128955376e-17
5.423452682460085271e+03 3.734811297038413624e-15 3.887770965966673987e-17
5.426606949207391153e+03 3.712221228761993226e-15 2.934358487410928847e-17
5.428945865194895305e+03 3.679226255039130967e-15 3.962656303888044208e-17
5.434439047929705339e+03 3.700730510967363160e-15 4.267839939411455216e-17
5.436364588436490521e+03 3.669959474970096133e-15 3.188886859033884153e-17
5.439932230664515373e+03 3.609737544063542242e-15 3.756094783052693467e-17
5.445425413399325407e+03 3.725106225746285479e-15 3.960730356860860511e-17
5.446122227665589890e+03 3.723785637475218828e-15 3.539450638946180994e-17
5.450918596134135441e+03 3.693373710279943486e-15 3.789940961496943375e-17
5.455879866894689258e+03 3.786816127656815862e-15 3.708360710476129837e-17
5.456411778868945476e+03 3.794368331532959150e-15 4.040177955450812247e-17
5.461904961603755510e+03 3.704708370161528442e-15 3.722998260876510322e-17
5.465637506123788626e+03 3.765648662992431242e-15 3.058522074663961421e-17
5.467398144338565544e+03 3.798638612290674562e-15 3.959585555777677349e-17
5.472891327073375578e+03 3.638597114658874581e-15 3.853507848994056252e-17
5.475395145352887994e+03 6.427115405665736519e-15 4.140732136194491454e-17
5.478384509808185612e+03 7.212698563091085291e-15 6.067730363503195325e-17
5.483877692542995646e+03 3.668379485342395567e-15 3.869800939785495820e-17
5.485152784581987362e+03 3.668469031528546990e-15 3.188729385648062926e-17
5.489370875277805681e+03 3.634547558249875310e-15 3.647291751207439997e-17
5.494864058012615715e+03 3.541213491438971799e-15 3.886411077822926429e-17
5.494910423811086730e+03 3.542553138660336860e-15 3.858690991145946965e-17
5.500357240747425749e+03 3.620495381628406523e-15 3.672722662212397573e-17
5.504668063040186098e+03 3.576481050694528027e-15 3.230266674323113005e-17
5.505850423482235783e+03 3.549676457573023644e-15 3.862685842873133987e-17
5.511343606217045817e+03 3.562459779999645751e-15 3.723326130224055829e-17
5.514425702269285466e+03 3.570184600753317125e-15 2.874614201283193755e-17
5.516836788951855851e+03 3.557164113908996346e-15 3.838223380010200351e-17
5.522329971686665885e+03 3.609680869658087722e-15 3.937143866729891560e-17
5.524183341498384834e+03 3.610171718833135621e-15 3.027734147510944053e-17
5.527823154421475920e+03 3.625456361851687101e-15 3.653883311362269544e-17
5.533316337156285954e+03 3.565657020840970873e-15 3.833586017390633154e-17
5.533940980727484202e+03 3.565185827527455730e-15 3.478224681701691514e-17
5.538809519891095988e+03 3.573065736512942403e-15 3.590500757916362762e-17
5.543698619956583570e+03 3.924360221777719046e-15 4.078101728281805286e-17
5.544302702625906022e+03 3.950324950462758982e-15 4.467025261849876356e-17
5.549795885360716056e+03 3.734705470009352266e-15 4.532507508130633497e-17
5.553456259185682939e+03 3.670744683259391932e-15 3.215531475492087923e-17
5.555289068095526090e+03 3.535991484436228942e-15 3.869650611218550621e-17
5.560782250830336125e+03 3.475842106752333124e-15 3.785763156135238766e-17
5.563213898414782307e+03 3.511802587437046452e-15 2.842158093174754633e-17
5.566275433565146159e+03 3.552528466343517728e-15 3.700708138528669125e-17
5.571768616299956193e+03 3.496869467221036754e-15 3.959107758957146704e-17
5.572971537643881675e+03 3.480022109663393160e-15 3.295760646812825845e-17
5.577261799034766227e+03 3.415421113016387547e-15 3.662666997265477631e-17
5.582729176872981043e+03 3.415067192786820168e-15 3.807755821255033139e-17
5.582754981769576261e+03 3.415028619973029289e-15 3.822912783643785843e-17
5.588248164504386295e+03 3.302384432246297819e-15 3.661706403471385004e-17
5.592486816102080411e+03 3.295464242998909296e-15 3.404634918912805501e-17
5.593741347239196330e+03 3.304441308628760037e-15 4.121717790920495218e-17
5.599234529974006364e+03 3.318913790735034789e-15 3.822030318647427494e-17
5.602244455331179779e+03 3.315222342619460590e-15 3.152181219248421330e-17
5.604727712708816398e+03 3.304528714467919937e-15 4.265138377939429856e-17
5.610220895443626432e+03 3.306476472712854673e-15 3.771468146456575545e-17
5.612002094560279147e+03 3.310444669255868450e-15 2.932355117437172901e-17
5.615714078178436466e+03 3.508322822107275918e-15 3.579638836993748451e-17
5.621207260913246500e+03 3.608835040258701206e-15 4.049861381193275649e-17
5.621759733789378515e+03 3.544621084974743633e-15 3.717981989867486215e-17
5.626700443648056535e+03 3.917211018826259597e-15 3.768304183384138321e-17
5.631517373018477883e+03 3.643147675002703100e-15 3.708818782951692098e-17
5.632193626382866569e+03 3.744456744224754738e-15 4.128002258379085602e-17
5.637686809117676603e+03 3.430453462680413404e-15 3.622204136953710583e-17
5.641275012247577251e+03 3.126454328548891311e-15 2.900206131243218535e-17
5.643179991852486637e+03 3.123365904993104227e-15 3.749721403592030715e-17
5.648673174587296671e+03 3.021487255042451187e-15 3.687722484357738263e-17
5.651032651476676619e+03 2.993452540609979689e-15 2.777530205253241957e-17
5.654166357322106705e+03 2.939577155053306144e-15 3.563849121319762844e-17
5.659659540056916740e+03 2.967735751544752904e-15 3.698424215297683919e-17
5.660790290705775988e+03 2.964654600055163193e-15 3.126914073315915475e-17
5.665152722791726774e+03 2.859632227264858983e-15 3.355346175564028231e-17
5.670547929934875356e+03 2.787280421710022586e-15 3.568266432589500091e-17
5.670645905526536808e+03 2.784772174204157765e-15 3.621065888648121882e-17
5.676139088261346842e+03 2.680394052496949293e-15 3.566087015478747062e-17
5.680305569163974724e+03 2.775281203352872418e-15 3.049834429255690350e-17
5.681632270996156876e+03 2.809106603654419271e-15 3.677312042334474074e-17
5.687125453730966910e+03 2.790315654203944232e-15 3.620228551015461865e-17
5.690063208393074092e+03 2.741582232155449481e-15 9.112289555789559478e-17
5.699820847622173460e+03 2.661543365272474174e-15 8.431886122613534579e-17
5.709578486851272828e+03 2.706914887666625516e-15 8.526397923222065286e-17
5.719336126080372196e+03 2.624799377351035931e-15 8.462887310954882782e-17
5.729093765309471564e+03 2.751625906784437341e-15 9.030586278738984256e-17
5.738851404538570932e+03 2.769911912632575697e-15 8.284361660761210371e-17
5.748609043767670300e+03 2.976744896547444378e-15 8.401219598520850297e-17
5.758366682996769669e+03 2.985805288818113561e-15 8.404150913042751127e-17
5.768124322225869037e+03 3.151939028118445920e-15 8.540574717282205261e-17
5.777881961454968405e+03 3.071909019166376400e-15 8.406127448008380031e-17
5.787639600684067773e+03 3.222732149776197613e-15 8.338075694013362968e-17
5.797397239913167141e+03 3.264994095489417077e-15 8.409702732263768466e-17
5.807154879142266509e+03 3.494475823395562132e-15 1.189441238162971406e-16
5.816912518371365877e+03 3.359733698307471309e-15 1.047930578040401590e-16
5.826670157600465245e+03 3.285042950022968958e-15 8.293597711940190998e-17
5.836427796829564613e+03 3.351121687968518299e-15 8.454894783049485934e-17
5.846185436058663981e+03 3.426683037247824583e-15 8.380723709990978296e-17
5.855943075287763349e+03 3.176763854673279914e-15 8.372337642814450520e-17
5.865700714516862718e+03 3.204192747236332714e-15 8.328573852094829166e-17
5.875458353745962086e+03 3.202835636856791800e-15 8.368400561100018864e-17
5.885215992975061454e+03 3.068738363379016410e-15 8.034637980119629135e-17
5.894973632204160822e+03 3.163060731371068292e-15 8.473633265547501024e-17
5.904731271433260190e+03 3.266095897694596120e-15 8.101754776036846564e-17
5.914488910662359558e+03 3.182076973328631704e-15 8.212525227435053600e-17
5.924246549891458926e+03 3.327426361980240433e-15 1.041220007459408950e-16
5.934004189120558294e+03 3.225654762181055840e-15 1.250213569973959952e-16
5.943761828349657662e+03 3.092503544024427762e-15 1.221822476281356235e-16
5.953519467578757030e+03 3.061637812157739076e-15 8.737859793915019635e-17
5.963277106807856399e+03 3.134239114346695756e-15 8.043196260783299540e-17
5.973034746036955767e+03 3.218862693171776114e-15 8.106397748873564909e-17
5.982792385266055135e+03 3.338838972777851231e-15 8.198597099197313837e-17
5.992550024495154503e+03 3.113930183113432107e-15 8.078034059562270005e-17
6.002307663724253871e+03 2.884396937245367780e-15 7.904472321962674849e-17
6.012065302953353239e+03 3.040537470735886492e-15 7.977448782647673491e-17
6.021822942182452607e+03 2.963478501633702990e-15 8.592733476091988563e-17
6.031580581411551975e+03 3.082487768868118046e-15 7.994321860420877769e-17
6.041338220640651343e+03 2.972104573425407089e-15 8.000819724592436652e-17
6.051095859869750711e+03 3.053908079494724640e-15 7.855009331117462234e-17
6.060853499098850079e+03 4.657735719492442763e-15 1.054040349650149286e-16
6.070611138327949448e+03 2.883659386673546436e-15 7.658574040320975309e-17
6.080368777557048816e+03 2.936128609169634460e-15 7.698021203302754454e-17
6.090126416786148184e+03 2.991627006732612487e-15 7.783445045025684420e-17
6.099884056015247552e+03 2.863467068138988870e-15 7.967973306168403311e-17
6.109641695244346920e+03 2.850018179618633523e-15 7.519212214356070156e-17
6.119399334473446288e+03 3.005433585151256341e-15 7.513893605860607999e-17
6.129156973702545656e+03 2.952876328931859696e-15 7.522546999749846666e-17
6.138914612931645024e+03 2.987218783300215252e-15 7.913316188418877623e-17
6.148672252160744392e+03 2.791391850595593777e-15 7.492675941243230877e-17
6.158429891389843760e+03 2.856833523395547712e-15 7.400723108486561346e-17
6.168187530618943129e+03 2.885256344201603479e-15 7.370334607859154077e-17
6.177945169848042497e+03 2.867475212778810540e-15 7.395302365964084863e-17
6.187702809077141865e+03 2.840061686742049364e-15 7.460203354510887161e-17
6.197460448306241233e+03 3.254751685727222841e-15 9.572165208000860875e-17
6.207218087535340601e+03 2.967625076407234931e-15 7.572109669989465949e-17
6.216975726764439969e+03 2.938853135351430282e-15 7.718314496882295200e-17
6.226733365993539337e+03 2.770893134402273953e-15 7.246906999794854702e-17
6.236491005222638705e+03 2.766509383757666520e-15 7.442372551370451234e-17
6.246248644451738073e+03 2.630855835122055989e-15 7.270052099683346587e-17
6.256006283680837441e+03 2.531803382207800816e-15 7.181479803711766703e-17
6.265763922909936809e+03 2.609766328179899566e-15 7.124839955262219320e-17
6.275521562139036178e+03 2.685355861100115315e-15 7.193705127366001412e-17
6.285279201368135546e+03 2.632633291045119357e-15 7.147890069353918690e-17
6.295036840597234914e+03 2.542176906262457878e-15 7.027119970552359757e-17
6.304794479826334282e+03 2.488447555543894433e-15 7.015914251305007342e-17
6.314552119055433650e+03 2.445138859950839704e-15 7.118081193603798359e-17
6.324309758284533018e+03 2.242329721407125062e-15 6.824817751683988271e-17
6.334067397513632386e+03 2.328136440193305090e-15 6.867836890064477258e-17
6.343825036742731754e+03 2.295115763212942196e-15 6.796231537663682095e-17
6.353582675971831122e+03 2.483369247311663895e-15 6.910122131738393716e-17
6.363340315200930490e+03 2.482030007252056503e-15 6.837589710925664665e-17
6.373097954430029858e+03 2.371204596874732986e-15 7.058832037028010312e-17
6.382855593659129227e+03 2.461292924939221493e-15 6.777721827928123425e-17
6.392613232888228595e+03 2.467594562414928348e-15 6.898135773855552233e-17
6.402370872117327963e+03 2.387870847691408946e-15 6.690086295938228155e-17
6.412128511346427331e+03 2.426022359534039876e-15 6.742033216010502604e-17
6.421886150575526699e+03 2.491506757394087853e-15 8.263292816241318439e-17
6.431643789804626067e+03 2.580363802683991641e-15 8.392082668424229285e-17
6.441401429033725435e+03 2.648394830353170608e-15 6.916797523605669617e-17
6.451159068262824803e+03 2.673918869494332742e-15 6.803705082837658075e-17
6.460916707491924171e+03 2.886838619695831051e-15 7.002453277177156676e-17
6.470674346721023539e+03 2.735687043962768040e-15 7.027736247020373674e-17
6.480431985950122908e+03 2.867445041447867208e-15 6.997287196197618615e-17
6.490189625179222276e+03 2.941113021184877391e-15 6.953022286688413450e-17
6.499947264408321644e+03 3.128411270889177245e-15 7.070714929104777295e-17
6.509704903637421012e+03 3.033846291225992459e-15 7.018853641338829621e-17
6.519462542866520380e+03 3.225256838973833612e-15 8.000378223284742532e-17
6.529220182095619748e+03 3.197245411814157303e-15 7.253016450943113009e-17
6.538977821324719116e+03 3.358849338853197660e-15 7.602551105195926227e-17
6.548735460553818484e+03 3.302756952679878239e-15 7.381207855610078084e-17
6.558493099782917852e+03 3.373732569882409660e-15 7.351624550606720814e-17
6.568250739012017220e+03 3.593630806149886090e-15 7.432244350372637338e-17
6.578008378241116588e+03 3.913776864515342042e-15 7.584004386857886722e-17
6.587766017470215957e+03 5.037346156397042294e-15 8.129527599690463775e-17
6.597523656699315325e+03 1.058162624494679510e-14 1.044927110761027406e-16
6.607281295928414693e+03 1.321049094560129073e-14 1.163229078394556521e-16
6.617038935157514061e+03 6.673413845560629839e-15 8.941053439919868771e-17
6.626796574386613429e+03 4.454875032716876036e-15 7.963251848674110632e-17
6.636554213615712797e+03 3.770589757501301665e-15 7.729356551153424704e-17
6.646311852844812165e+03 3.535439150924505411e-15 7.710825338360964871e-17
6.656069492073911533e+03 3.392382537888882050e-15 7.511953865934057719e-17
6.665827131303010901e+03 3.298051558979658643e-15 7.314561265183026279e-17
6.675584770532110269e+03 3.295763229508167653e-15 7.834152330776843824e-17
6.685342409761209638e+03 3.281724100580897112e-15 7.893955397559340116e-17
6.695100048990309006e+03 3.025676900530436835e-15 7.153796425026412699e-17
6.704857688219408374e+03 3.044043997182737231e-15 7.309909099562282587e-17
6.714615327448507742e+03 2.990942944562394308e-15 7.415609532680689872e-17
6.724372966677607110e+03 2.933467721993454993e-15 7.445666070140077510e-17
6.734130605906706478e+03 2.965917978907524530e-15 7.282643505465177131e-17
6.743888245135805846e+03 2.707858639067433916e-15 7.044410370754215515e-17
6.753645884364905214e+03 2.629648331877035309e-15 6.892772205909033984e-17
6.763403523594004582e+03 2.597612753776075912e-15 6.812265121913114699e-17
6.773161162823103950e+03 2.521543416427680589e-15 7.211635219545765162e-17
6.782918802052203318e+03 2.563671575549650093e-15 7.206122603902761397e-17
6.792676441281302687e+03 2.517718661187939782e-15 6.943499292470099509e-17
6.802434080510402055e+03 2.454934034549649860e-15 6.885160446401422060e-17
6.812191719739501423e+03 2.406542255907703433e-15 6.675053376863850536e-17
6.821949358968600791e+03 2.339293463909142198e-15 7.071081326310050037e-17
6.831706998197700159e+03 2.383643117379624999e-15 7.084259142882664218e-17
6.841464637426799527e+03 2.050899526925488718e-15 6.919387264437175313e-17
6.851222276655898895e+03 2.226120881155801341e-15 6.692224766126183092e-17
6.860979915884998263e+03 2.181689195142222850e-15 6.579945297786700519e-17
6.870737555114097631e+03 2.232818182650102672e-15 6.656597822981361820e-17
6.880495194343196999e+03 2.148050198000125026e-15 6.554398465573497341e-17
6.890252833572296367e+03 2.293737920428233984e-15 6.838937506056233288e-17
6.900010472801395736e+03 2.274777209276831849e-15 6.642290496476706557e-17
6.909768112030495104e+03 2.306235980098189235e-15 6.981071894516468163e-17
6.919525751259594472e+03 2.290078345881927394e-15 7.003716187955949856e-17
6.929283390488693840e+03 2.202256311859119035e-15 6.776315808558428284e-17
6.939041029717793208e+03 2.351462435028241722e-15 6.682083605236888763e-17
6.948798668946892576e+03 2.245047816699496360e-15 6.696757285190775581e-17
6.958556308175991944e+03 2.184100094651381179e-15 6.627237492971950081e-17
6.968313947405091312e+03 2.283535232585625030e-15 6.823833947479334871e-17
6.978071586634190680e+03 2.304948439342603946e-15 6.819821667975591959e-17
6.987829225863290048e+03 2.238710259755831376e-15 7.105986016233066609e-17
6.997586865092389417e+03 2.327870787139193121e-15 6.967678941524179547e-17
7.007344504321488785e+03 2.257144606498039552e-15 6.911667347677416433e-17
7.017102143550588153e+03 2.290782533273801214e-15 6.665785146589476209e-17
7.026859782779687521e+03 2.101094022118561746e-15 6.773286987224674392e-17
7.036617422008786889e+03 2.216179674776626650e-15 6.636270301375953280e-17
7.046375061237886257e+03 2.082928760052028071e-15 6.574073486989662228e-17
7.056132700466985625e+03 2.181650904684888817e-15 6.633342636320156156e-17
7.065890339696084993e+03 2.204575948775246074e-15 6.589760574254721008e-17
7.075647978925184361e+03 1.951796794166463208e-15 6.482593491475979761e-17
7.085405618154283729e+03 2.133615149779876088e-15 6.531251375767743963e-17
7.095163257383383097e+03 1.997192519517376828e-15 6.464219244179227195e-17
7.104920896612482466e+03 2.238364271209936288e-15 6.589667919300693176e-17
7.114678535841581834e+03 2.104269660253911287e-15 6.520535837812130672e-17
7.124436175070681202e+03 2.137968957802129486e-15 6.580433783134909157e-17
7.134193814299780570e+03 2.124813467989629078e-15 6.657748056964285611e-17
7.143951453528879938e+03 2.160544252353083553e-15 6.671823976299386426e-17
7.153709092757979306e+03 2.031260564003161926e-15 6.657471686998160344e-17
7.163466731987078674e+03 2.144808363886625913e-15 6.679607058431087570e-17
7.173224371216178042e+03 2.072380367620724409e-15 6.796372229340219199e-17
7.182982010445277410e+03 2.157522306312933923e-15 6.686228956019027220e-17
7.192739649674376778e+03 1.904591642481411037e-16 7.365289687365949827e-17
7.202497288903476147e+03 2.157098817732738128e-15 6.814355248788633599e-17
7.212254928132575515e+03 2.065137344747857919e-15 6.748071235445459244e-17
7.222012567361674883e+03 2.134290338737629039e-15 6.881699537888758855e-17
7.231770206590774251e+03 2.275154771912133586e-15 6.973272701841591411e-17
7.241527845819873619e+03 2.489940476102456683e-15 7.855311305085434328e-17
7.251285485048972987e+03 2.109087051027632397e-15 7.025666128600135991e-17
7.261043124278072355e+03 1.989203275190535016e-15 6.857988203737511657e-17
7.270800763507171723e+03 2.095041474756842255e-15 7.401845268923062305e-17
7.280558402736271091e+03 1.974532280624436007e-15 6.847525968310864156e-17
7.290316041965370459e+03 2.087684661404844505e-15 6.981272513345266858e-17
7.300073681194469827e+03 1.971317333005596278e-15 7.118151514329640184e-17
7.309831320423569196e+03 1.993481861792397943e-15 7.322725594849732229e-17
7.319588959652668564e+03 1.839375092794873069e-15 7.157736557274383469e-17
7.329346598881767932e+03 2.051289010619927160e-15 7.189340742390873126e-17
7.339104238110867300e+03 2.105432177914767661e-15 7.465872791434106436e-17
7.348861877339966668e+03 1.937444801517334613e-15 7.271476224622854492e-17
7.358619516569066036e+03 1.920895451354217937e-15 7.104596454285381371e-17
7.368377155798165404e+03 2.014858080899665607e-15 7.298300473722582844e-17
7.378134795027264772e+03 1.994049028842814718e-15 7.217561129498334877e-17
7.387892434256364140e+03 1.793846378271098530e-15 7.339771203230635850e-17
7.397650073485463508e+03 1.885458671449422969e-15 7.140836117360753327e-17
7.407407712714562876e+03 1.839040844816485953e-15 7.331248869824383210e-17
7.417165351943662245e+03 1.877988335043574977e-15 7.429929305139895553e-17
7.426922991172761613e+03 1.964053912417878516e-15 7.375336649931002344e-17
7.436680630401860981e+03 1.894643478593106139e-15 7.306950626893600182e-17
7.446438269630960349e+03 1.810902073345277006e-15 7.216088216175164123e-17
7.456195908860059717e+03 1.818335365934007295e-15 7.213729323548167718e-17
7.465953548089159085e+03 1.902488889431978023e-15 7.279727710400864236e-17
7.475711187318258453e+03 1.989148807035121317e-15 7.343217356392620893e-17
7.485468826547357821e+03 1.795213961457937536e-15 7.242111185970259262e-17
7.495226465776457189e+03 1.892938598332837342e-15 7.351440279733928308e-17
7.504984105005556557e+03 1.902339094652899061e-15 7.552775389406568759e-17
7.514741744234655926e+03 1.795076286256958987e-15 7.317621516193225530e-17
7.524499383463755294e+03 1.849253920881324779e-15 7.250983372457793352e-17
7.534257022692854662e+03 1.879229330914597930e-15 7.391461586317856353e-17
7.544014661921954030e+03 1.714392679062169169e-15 7.259776644015445943e-17
7.553772301151053398e+03 1.769418339310648345e-15 7.520419958249952208e-17
7.563529940380152766e+03 1.783295072932290753e-15 7.570836012432561368e-17
7.573287579609252134e+03 1.645641534336719020e-15 7.270758959115246571e-17
7.583045218838351502e+03 1.837655150986772353e-15 7.460701866982625459e-17
7.592802858067450870e+03 1.787612417494972422e-15 7.649423645819138812e-17
7.602560497296550238e+03 1.831080379245281090e-15 7.489519025464524683e-17
7.612318136525649606e+03 1.776514123458593594e-15 7.525765096067900689e-17
7.622075775754748975e+03 1.611161565685838480e-15 7.534083794656049350e-17
7.631833414983848343e+03 1.691536508284382846e-15 7.403761984806184041e-17
7.641591054212947711e+03 1.804647260208946721e-15 7.511458274472034623e-17
7.651348693442047079e+03 1.645098399974728389e-15 8.215972724374736047e-17
7.661106332671146447e+03 1.629757808645553712e-15 7.540427634031138165e-17
7.670863971900245815e+03 1.657259542305503896e-15 7.539259722534746722e-17
7.680621611129345183e+03 1.729443516933684559e-15 7.651476647713087997e-17
7.690379250358444551e+03 1.813745457942494927e-15 8.067174291687135794e-17
7.700136889587543919e+03 1.736769688691469553e-15 7.767494395682857891e-17
7.709894528816643287e+03 1.758232489954945906e-15 7.821720946786957599e-17
7.719652168045742656e+03 1.920583176074957446e-15 8.222369329367673706e-17
7.729409807274842024e+03 1.776823691599108692e-15 9.348729846124903706e-17
7.739167446503941392e+03 1.587624905639218778e-15 7.868038458262196158e-17
7.748925085733040760e+03 1.685352940357667489e-15 8.127088103860072313e-17
7.758682724962140128e+03 1.828622389833882938e-15 8.180630469531879914e-17
7.768440364191239496e+03 1.948900462421757315e-15 8.292114623186637069e-17
7.778198003420338864e+03 1.687812270661738428e-15 8.196009990013812152e-17
7.787955642649438232e+03 1.756435730996124227e-15 8.470223658836243983e-17
7.797713281878537600e+03 1.606569969623531514e-15 8.310260180927627242e-17
7.807470921107636968e+03 1.628652546303415826e-15 9.760529911369310952e-17
7.817228560336736336e+03 1.768918365579333391e-15 8.582221893292325047e-17
7.826986199565835705e+03 2.292082445522520476e-15 8.802881355510591232e-17
7.836743838794935073e+03 3.597353536181767401e-15 1.163163936716851614e-16
7.846501478024034441e+03 1.520169833467552730e-15 8.459270953334342999e-17
7.856259117253133809e+03 1.662412746810321814e-15 8.591272834879428137e-17
7.866016756482233177e+03 1.637859711526122031e-15 9.015010640551642211e-17
7.875774395711332545e+03 1.707631657441535940e-15 9.434629880052530401e-17
7.885532034940431913e+03 1.601988365244880099e-15 8.950173158359132654e-17
7.895289674169531281e+03 1.644348217304505982e-15 9.146627843303148736e-17
7.905047313398630649e+03 1.572384867886863338e-15 9.020615744105641633e-17
7.914804952627730017e+03 1.481754092438332495e-15 9.067032364065230991e-17
7.924562591856829386e+03 1.642564605738310669e-15 9.048401546324551087e-17
7.934320231085928754e+03 1.623359047309368990e-15 9.110140467541356353e-17
7.944077870315028122e+03 1.769427568263722949e-15 9.431345866889269076e-17
7.953835509544127490e+03 1.639641567030380719e-15 9.349091188481716453e-17
7.963593148773226858e+03 1.568046241167301341e-15 9.631856411995747774e-17
7.973350788002326226e+03 1.430251338643619616e-15 1.000334998619139847e-16
7.983108427231425594e+03 1.801082795171719204e-15 9.546569375120640250e-17
7.992866066460524962e+03 1.609649411171199050e-15 9.514910647106397418e-17
8.002623705689624330e+03 1.573480348589146151e-15 9.716037041855866815e-17
8.012381344918723698e+03 1.252931025885232928e-15 9.390860942354689250e-17
8.022138984147823066e+03 1.406825238425865036e-15 9.509117150844670258e-17
8.031896623376922435e+03 1.482812637955983344e-15 1.029032649102760917e-16
8.041654262606021803e+03 1.665391031123478979e-15 9.887112325588400470e-17
8.051411901835121171e+03 1.566959821273710159e-15 9.855959822584663857e-17
8.061169541064220539e+03 1.464474353889385920e-15 1.019542523361772026e-16
8.070927180293319907e+03 1.471545373510667553e-15 9.832830681722159285e-17
8.080684819522419275e+03 1.337119455552697074e-15 9.946018335273367569e-17
8.090442458751518643e+03 1.212915485424641675e-15 1.004047263153861798e-16
8.100200097980618011e+03 1.463932856703418103e-15 1.027012323513923832e-16
8.109957737209717379e+03 1.641621295240237731e-15 1.033861955080713357e-16
8.119715376438816747e+03 1.484032343993330210e-15 1.029552514027952874e-16
8.129473015667916115e+03 1.522932190153323674e-15 1.028620344121646178e-16
8.139230654897015484e+03 1.281204302196360936e-15 1.048840644018981706e-16
8.148988294126114852e+03 1.166742666697215123e-15 1.072155563836862053e-16
8.158745933355214220e+03 1.449077437619594803e-15 1.036587247027912552e-16
8.168503572584313588e+03 1.449791341076016325e-15 1.050704040380997317e-16
8.178261211813412956e+03 1.362905922223425206e-15 1.101388914669686888e-16
8.188018851042512324e+03 1.323634824675994407e-15 1.076102950546745278e-16
8.197776490271611692e+03 1.361365311057184771e-15 1.063509680634578948e-16
8.207534129500711060e+03 1.392505557622643448e-15 1.083101026413391090e-16
8.217291768729810428e+03 1.244957350228052887e-15 1.071702963856801018e-16
8.227049407958909796e+03 1.385873155040607009e-15 1.081727640257039019e-16
8.236807047188009165e+03 1.294121086306708267e-15 1.072423316824025484e-16
8.246564686417108533e+03 1.225808517565495142e-15 1.073650260880864747e-16
8.256322325646207901e+03 1.381776415807285537e-15 1.087824142722505577e-16
8.266079964875307269e+03 1.533349296411024148e-15 1.094109215248247858e-16
8.275837604104406637e+03 1.238591919532894480e-15 1.124597584262310000e-16
8.285595243333506005e+03 1.194135082759968137e-15 1.125318719836626902e-16
8.295352882562605373e+03 1.264375616857790356e-15 1.090436306661099009e-16
8.305110521791704741e+03 1.297998304593097360e-15 1.092270523637265369e-16
8.314868161020804109e+03 1.168749200965736394e-15 1.102552213721770030e-16
8.324625800249903477e+03 1.483345832068091845e-15 1.160997528101688651e-16
8.334383439479002845e+03 1.370457985671661374e-15 1.145211978445074805e-16
8.344141078708102214e+03 1.585976539724289779e-15 1.137258347885667506e-16
8.353898717937201582e+03 1.924229354247914044e-15 1.452733097686510458e-16
8.363656357166300950e+03 1.403321431805612911e-15 1.135977791756393358e-16
8.373413996395400318e+03 1.516299703380204550e-15 1.126123653367488080e-16
8.383171635624499686e+03 1.493591019228547768e-15 1.128523282405571274e-16
8.392929274853599054e+03 1.238549960300306121e-15 1.124887308291040148e-16
8.402686914082698422e+03 1.442136191890707006e-15 1.255829199976180131e-16
8.412444553311797790e+03 1.296607624645850771e-15 1.127821908005923818e-16
8.422202192540897158e+03 1.132128421717189664e-15 1.103926451488281842e-16
8.431959831769996526e+03 1.189091379088326378e-15 1.140929482483393716e-16
8.441717470999095895e+03 1.204331540465216033e-15 1.134504602436841779e-16
8.451475110228195263e+03 1.171021859619311411e-15 1.111143902081913318e-16
8.461232749457294631e+03 1.213577537017882077e-15 1.128224621436600685e-16
8.470990388686393999e+03 1.258636896555855221e-15 1.124356269319844348e-16
8.480748027915493367e+03 1.806782469923140981e-15 1.253535896726984551e-16
8.490505667144592735e+03 1.172989286009204435e-15 1.132902615782745706e-16
8.500263306373692103e+03 1.357118201826941489e-15 1.131883542510042512e-16
8.510020945602791471e+03 1.126115274055282572e-15 1.143019939140139586e-16
8.519778584831890839e+03 1.421795914421676698e-15 1.147639851341059471e-16
8.529536224060990207e+03 1.340788886878684517e-15 1.737697752761751765e-16
8.539293863290089575e+03 1.260495495827720483e-15 1.476336495416510851e-16
8.549051502519188944e+03 1.383268495192905450e-15 1.146737320526239804e-16
8.558809141748288312e+03 1.001091281162494252e-15 1.128691714288813339e-16
8.568566780977387680e+03 1.322613934701082746e-15 1.155574345156519191e-16
8.578324420206487048e+03 1.208694517947775297e-15 1.203411790924548568e-16
8.588082059435586416e+03 1.313092377933756914e-15 1.144637546446532710e-16
8.597839698664685784e+03 1.260316333785960427e-15 1.178808609082723310e-16
8.607597337893785152e+03 1.310264823479157461e-15 1.124287127106379360e-16
8.617354977122884520e+03 1.302162464748717620e-15 1.139588112033619753e-16
8.627112616351983888e+03 1.058435838155979315e-15 1.126871306371218456e-16
8.636870255581083256e+03 1.318293890531501799e-15 1.145933044781598099e-16
8.646627894810182624e+03 1.213536145360662174e-15 1.144060331315150480e-16
8.656385534039281993e+03 1.482749907160153497e-15 1.197685751844897973e-16
8.666143173268381361e+03 1.291923858762525724e-15 1.130917916669258839e-16
8.675900812497480729e+03 1.245243455291583762e-15 1.133396928301920939e-16
8.685658451726580097e+03 1.286553537053975801e-15 1.158715499704792614e-16
8.695416090955679465e+03 1.152826801549059953e-15 1.185359804248726032e-16
8.705173730184778833e+03 1.273515641740536026e-15 1.136166217712319567e-16
8.714931369413878201e+03 1.503504277562892424e-15 1.147782186880154897e-16
8.724689008642977569e+03 1.376935721286518765e-15 1.154498706701252164e-16
8.734446647872076937e+03 1.350752785152369865e-15 1.135051474684725630e-16
8.744204287101176305e+03 1.140264053131390044e-15 1.173848106049615455e-16
8.753961926330275674e+03 1.193972196914968281e-15 1.185986190738212599e-16
8.763719565559375042e+03 9.698663789580592845e-16 1.121087253452046883e-16
8.773477204788474410e+03 1.423588600576476456e-15 1.143125069166991085e-16
8.783234844017573778e+03 1.274823975092166514e-15 1.136194942982614380e-16
8.792992483246673146e+03 1.151212026507356852e-15 1.227770515562811468e-16
8.802750122475772514e+03 1.324658304818378209e-15 1.161169016803453099e-16
8.812507761704871882e+03 1.366638919171886021e-15 1.159096241662056393e-16
8.822265400933971250e+03 1.268097633483612784e-15 1.159097313409177903e-16
8.832023040163070618e+03 1.071642908154098677e-15 1.180165637157005943e-16
8.841780679392169986e+03 1.291239806366888567e-15 1.343858307254098269e-16
8.851538318621269354e+03 1.141616217447274796e-15 1.119457659317079593e-16
8.861295957850368723e+03 1.186689869898080142e-15 1.125548373187231822e-16
8.871053597079468091e+03 1.031606030092587163e-15 1.191023933693843907e-16
8.880811236308567459e+03 1.232958172352720611e-15 1.229969814594968075e-16
8.890568875537666827e+03 9.838039648724260138e-16 1.246218849085834184e-16
8.900326514766766195e+03 1.095740509057556198e-15 1.158749171984546398e-16
8.910084153995865563e+03 1.006816218018236206e-15 1.241644320446325281e-16
8.919841793224964931e+03 1.404932263399845273e-15 1.262504214140697104e-16
8.929599432454064299e+03 1.114291220414889940e-15 1.118989547357498833e-16
8.939357071683163667e+03 9.730534400704713868e-16 1.170564498107530293e-16
8.949114710912263035e+03 1.080337599524115869e-15 1.120601065158751120e-16
8.958872350141362404e+03 1.361272512496266983e-15 1.516512283510616852e-16
8.968629989370461772e+03 1.230010448295696347e-15 1.225230334791145704e-16
8.978387628599561140e+03 1.301855663727470338e-15 1.231155131822939924e-16
8.988145267828660508e+03 1.201474130451395304e-15 1.140582793792278140e-16
8.997902907057759876e+03 1.338871087700822887e-15 1.158168629803168203e-16
9.007660546286859244e+03 1.033949135491234460e-15 1.110127320265672152e-16
9.017418185515958612e+03 9.875165800448817931e-16 1.116988895912693711e-16
9.027175824745057980e+03 9.966917921391715736e-16 1.343967209174458231e-16
9.036933463974157348e+03 1.086790190475895744e-15 1.127784413084755128e-16
9.046691103203256716e+03 1.171145812696370232e-15 1.128919132057762476e-16
9.056448742432356084e+03 1.356375953360413254e-15 1.159191026746038913e-16
9.066206381661455453e+03 9.840651234701055684e-16 1.126726182709303796e-16
9.075964020890554821e+03 1.068144227791031166e-15 1.121046796718024892e-16
9.085721660119654189e+03 9.601399757133805861e-16 1.122602061447682097e-16
9.095479299348753557e+03 1.017542994792105586e-15 1.140853199455625584e-16
9.105236938577852925e+03 8.331632924182734307e-16 1.149666013851005337e-16
9.114994577806952293e+03 1.055410942750475519e-15 1.191823951973454955e-16
9.124752217036051661e+03 1.059988708686690884e-15 1.134443160873045748e-16
9.134509856265151029e+03 1.163359033371827193e-15 1.122883809518899983e-16
9.144267495494250397e+03 1.233558635913400073e-15 1.173320084315794843e-16
9.154025134723349765e+03 1.130178378901425452e-15 1.152387991396072529e-16
9.163782773952449134e+03 9.060554268491952847e-16 1.130107657223198929e-16
9.173540413181548502e+03 9.442357961467985574e-16 1.127567905039725834e-16
9.183298052410647870e+03 1.348532447422594402e-15 1.161107038016947442e-16
9.193055691639747238e+03 1.421149338899431899e-15 1.150371042179388246e-16
9.202813330868846606e+03 9.673905741907310881e-16 1.116518715681588031e-16
9.212570970097945974e+03 8.952390005600436261e-16 1.120663901887196617e-16
9.222328609327045342e+03 9.865438606741938079e-16 1.336048458021325847e-16
9.232086248556144710e+03 1.160973615293056846e-15 1.133565802188626360e-16
9.241843887785244078e+03 1.158850853033894090e-15 1.127622302199912183e-16
9.251601527014343446e+03 1.206263397586177908e-15 1.142391508156911875e-16
9.261359166243442814e+03 1.085370376566232697e-15 1.181671659626142722e-16
9.271116805472542183e+03 1.098612327981761391e-15 1.172961749830531983e-16
9.280874444701641551e+03 1.162922813602531385e-15 1.158604608791149145e-16
9.290632083930740919e+03 9.924858625442734738e-16 1.138013320376245405e-16
9.300389723159840287e+03 9.154485550696366760e-16 1.139351356758989787e-16
9.310147362388939655e+03 8.443628397078987691e-16 1.156487685111223822e-16
9.319905001618039023e+03 9.891246057567169402e-16 1.184875806021381900e-16
9.329662640847138391e+03 1.095993429521676616e-15 1.179010702787994011e-16
9.339420280076237759e+03 9.787319169212325544e-16 1.191730683417357734e-16
9.349177919305337127e+03 1.470957363855697722e-15 1.231566149356870858e-16
9.358935558534436495e+03 1.227826730172260866e-15 1.197962076491280519e-16
9.368693197763535863e+03 1.071617968488969494e-15 1.207627698683892157e-16
9.378450836992635232e+03 8.466503221782863541e-16 1.191879341932435112e-16
9.388208476221734600e+03 8.399363447063900776e-16 1.177876963142216176e-16
9.397966115450833968e+03 9.898996819554854374e-16 1.195704138811271840e-16
9.407723754679933336e+03 2.344009060048370359e-15 1.349807373287449206e-16
9.417481393909032704e+03 2.812568535679021622e-15 1.484374422122372670e-16
9.427239033138132072e+03 9.706628294362247400e-16 1.207278591487071214e-16
9.436996672367231440e+03 8.049140360836982220e-16 1.199030787572054542e-16
9.446754311596330808e+03 9.340835496900519516e-16 1.228319509075373962e-16
9.456511950825430176e+03 8.102726187074125277e-16 1.252997422837976873e-16
9.466269590054529544e+03 9.270197362909608850e-16 1.332653013212319477e-16
9.476027229283628913e+03 9.268269625706350686e-16 1.242784097528117027e-16
9.485784868512728281e+03 1.143599376154063075e-15 1.326025068528620163e-16
9.495542507741827649e+03 1.049994820795525250e-15 1.293948177822968712e-16
9.505300146970927017e+03 1.177101031192648776e-15 1.342192437787102010e-16
9.515057786200026385e+03 1.350038542346400705e-15 1.338882574754747192e-16
9.524815425429125753e+03 1.118602120982957060e-15 1.311654276404669683e-16
9.534573064658225121e+03 9.362857615719111094e-16 1.307273102059218323e-16
9.544330703887324489e+03 9.548592562152720106e-16 1.633772017733718041e-16
9.554088343116423857e+03 7.221507247409457482e-16 1.367401777757483232e-16
9.563845982345523225e+03 3.996919843997571966e-16 1.332795691189752641e-16
9.573603621574622593e+03 6.666481056316950048e-16 1.365353730465942674e-16
9.583361260803721962e+03 9.817395287002070404e-16 1.390395481717064522e-16
9.593118900032821330e+03 8.614694298111759641e-16 1.434263721242351628e-16
9.602876539261920698e+03 1.300909840978069884e-15 1.451852975586934031e-16
9.612634178491020066e+03 1.515195856070462363e-15 1.520802442776798606e-16
9.622391817720119434e+03 1.320804557857285214e-15 1.609355253648868230e-16
9.632149456949218802e+03 1.049003280073613430e-15 1.459597960657119325e-16
9.641907096178318170e+03 1.038112291514301538e-15 1.486675226835760286e-16
9.651664735407417538e+03 7.780612386751722432e-16 1.519979424637920294e-16
9.661422374636516906e+03 6.273446943938261622e-16 1.505593375203194506e-16
9.671180013865616274e+03 5.445077025250390036e-16 1.673421970648894423e-16
9.680937653094715643e+03 6.649753388024988521e-16 1.689437581818055570e-16
9.690695292323815011e+03 7.916513406462168190e-16 1.592681558414820045e-16
9.700452931552914379e+03 6.843875781153903983e-16 1.691980707673403810e-16
9.710210570782013747e+03 1.082745711822486294e-15 1.680373982462886364e-16
9.719968210011113115e+03 6.774778074354216931e-16 1.653362777910366185e-16
9.729725849240212483e+03 5.899902161869048428e-16 1.692963876982255298e-16
9.739483488469311851e+03 7.684699525215613929e-16 1.828505946519937844e-16
9.749241127698411219e+03 4.627975980250880891e-16 1.740260220359854000e-16
9.758998766927510587e+03 7.440148268005234971e-16 1.778955377434321032e-16
9.768756406156609955e+03 8.499212326854636528e-16 1.822149892264848015e-16
9.778514045385709323e+03 1.071174740490244851e-15 1.883146301122222448e-16
9.788271684614808692e+03 1.065332669176715976e-15 1.904336614034431112e-16
9.798029323843908060e+03 1.146846187865110844e-15 1.945771586446213148e-16
9.807786963073007428e+03 8.764756001786052074e-16 1.979714365128845963e-16
9.817544602302106796e+03 7.227740447602445322e-16 1.990019002298974697e-16
9.827302241531206164e+03 8.119244036166361451e-16 2.041203260382538987e-16
9.837059880760305532e+03 9.179621239120803902e-16 2.436028056916341360e-16
9.846817519989404900e+03 1.665485083452733219e-14 3.674186774720114163e-16
9.856575159218504268e+03 8.989073433582165031e-16 2.191852397482140259e-16
9.866332798447603636e+03 8.844760164227483647e-16 2.231735422293174070e-16
9.876090437676703004e+03 9.572459050822323123e-16 2.373448706504324691e-16
9.885848076905802372e+03 8.170258503987340275e-16 2.922966118285409791e-16
9.895605716134901741e+03 7.809987393619188128e-16 2.379942604997372895e-16
9.905363355364001109e+03 7.011208176194653838e-16 2.392251486429976052e-16
9.915120994593100477e+03 6.072677188912499051e-16 2.496319664426484776e-16
9.924878633822199845e+03 8.367619657362255951e-16 2.605135435563230317e-16
9.934636273051299213e+03 6.049976882534741747e-16 2.552516174569583792e-16
9.944393912280398581e+03 9.082022349403029884e-16 2.687188157794165368e-16
9.954151551509497949e+03 1.957840160668383947e-15 3.149951839593456590e-16
9.963909190738597317e+03 5.899227218370011344e-15 3.846116017170939684e-16
9.973666829967696685e+03 2.604626149222312704e-15 3.442999846576107964e-16
9.983424469196796053e+03 1.165837083292681714e-15 2.929141548607107828e-16
9.993182108425895422e+03 6.888013799680303455e-16 2.986296820102308664e-16
1.000293974765499479e+04 1.363325564419232336e-15 3.104832595813608588e-16
1.001269738688409416e+04 1.081252608400038910e-15 3.173612667265364392e-16
1.002245502611319353e+04 1.148510638520825734e-15 3.325208313862860513e-16
1.003221266534229289e+04 8.474932557204583790e-16 3.393299728109962228e-16
1.004197030457139226e+04 5.761221418782259389e-16 3.439982358079648395e-16
1.005172794380049163e+04 1.201807906114940979e-15 3.720432885533977446e-16
1.006148558302959100e+04 6.171887006254861491e-16 3.676912796609691596e-16
1.007124322225869037e+04 9.056609201469918448e-16 4.042684464015548661e-16
1.008100086148778973e+04 9.915664172359792123e-16 4.572539358298759200e-16
1.009075850071688910e+04 1.736753525918147345e-15 4.504335470430502073e-16
1.010051613994598847e+04 4.806177594863538473e-16 4.535181008314960450e-16
1.011027377917508784e+04 8.862969152008443695e-16 4.416986719237334613e-16
1.012003141840418721e+04 7.628830836292382344e-16 5.413972520388935281e-16
1.012978905763328657e+04 8.833943485956225332e-16 4.730112557808033217e-16
1.013954669686238594e+04 9.818454388520099727e-16 5.200434824225702747e-16
1.014930433609148531e+04 8.931135874931284066e-16 5.157698515001942613e-16
1.015906197532058468e+04 -7.921457829512106354e-18 5.358148288352078659e-16
1.016881961454968405e+04 1.658260224438069241e-16 5.843377740241262573e-16
1.017857725377878342e+04 7.891799931239862526e-16 5.917222965467012948e-16
1.018833489300788278e+04 7.145324800513237281e-16 6.217747462108008877e-16
1.019809253223698215e+04 4.426965476586510269e-16 6.610011327355038582e-16
1.020785017146608152e+04 4.348217848552810583e-16 7.055475830286472845e-16
1.021760781069518089e+04 2.604189351566324682e-15 7.516746017299480082e-16
