# obs_wvl flux error  |  merged epoch (resel): STIS CCD,STIS MAMA
1.579000000000000000e+03 -1.093363109485684835e-13 1.595460562513187302e-13
1.582096576351594649e+03 -7.431230702466418005e-14 2.431322396627156367e-14
1.585193152703189298e+03 -2.420808002809776163e-15 7.993053834608331434e-15
1.588289729054783948e+03 -2.225711025932118286e-15 4.735438582015277464e-15
1.591386305406378597e+03 -2.225711025932118286e-15 3.289042785096148918e-15
1.594482881757973246e+03 -2.094262785800913641e-15 2.656840796722306853e-15
1.597579458109567895e+03 -1.079499564529172873e-15 2.176879739505799579e-15
1.600676034461162544e+03 -2.094262785800913641e-15 1.628106410111287959e-15
1.603772610812757193e+03 -1.079499564529172873e-15 1.289317066029380602e-15
1.606869187164351843e+03 -6.539422304141533804e-16 1.077505544154236037e-15
1.609965763515946492e+03 -1.702344253745320075e-15 8.611712087948077218e-16
1.613062339867541141e+03 -3.925106086620379474e-16 7.608682665119350442e-16
1.616158916219135790e+03 -4.471402545834003449e-16 7.127834929832873309e-16
1.619255492570730439e+03 -7.206928514646397452e-16 5.673403426295571928e-16
1.622352068922325088e+03 -4.471402545834003449e-16 5.044653684904221012e-16
1.625448645273919738e+03 6.117475312346762356e-17 4.690295033811564891e-16
1.628545221625514387e+03 2.153044669501715194e-16 4.226112661814893009e-16
1.631641797977109036e+03 -6.054417644840281805e-16 3.536065307177394490e-16
1.634738374328703685e+03 -5.889803631412093082e-16 3.183682110518938647e-16
1.637834950680298334e+03 9.946118655957262478e-17 3.160966741738505332e-16
1.640931527031892983e+03 2.548619731957249828e-16 2.993406586342728514e-16
1.644028103383487633e+03 3.031891543953009598e-17 2.690688343249472339e-16
1.647124679735082282e+03 1.942289103954265576e-17 2.493617875800108551e-16
1.650221256086676931e+03 2.758866657192222095e-17 2.355020294065667229e-16
1.653317832438271580e+03 2.664773578028734078e-16 2.324338352421999326e-16
1.656414408789866229e+03 2.095522670480126870e-16 2.174129773296063137e-16
1.659510985141460878e+03 2.574452882868357345e-16 2.115822875767813218e-16
1.662607561493055528e+03 -1.063286835068551688e-16 1.833366051890896948e-16
1.665704137844650177e+03 3.324313775648001000e-16 1.934552073821706490e-16
1.668800714196244826e+03 1.826255566851380250e-16 1.785887450647387213e-16
1.671897290547839475e+03 2.486767253519571736e-16 1.754086776934869869e-16
1.674993866899434124e+03 1.492234232923364657e-16 1.660579107504975020e-16
1.678090443251028773e+03 4.635692743852576467e-16 1.705695468709717918e-16
1.681187019602623423e+03 -2.826566972188882404e-17 1.438043411568163696e-16
1.684283595954218072e+03 2.149608647313977807e-16 1.504188608422815746e-16
1.687380172305812721e+03 3.895337626205399224e-16 1.548400114308860920e-16
1.690476748657407370e+03 3.223551318141634562e-16 1.463631575101362210e-16
1.693573325009002019e+03 3.330100565993224013e-16 1.415050030599134713e-16
1.696669901360596668e+03 2.025643278268361583e-16 1.322766639706344713e-16
1.699766477712191318e+03 2.291772689222063706e-16 1.289826993762769287e-16
1.702863054063785967e+03 4.445295596778118786e-16 1.337246540206815533e-16
1.705959630415380616e+03 4.018231886929620111e-16 1.318013071465011024e-16
1.709056206766975265e+03 3.012764565753914502e-16 1.242098967309572475e-16
1.712152783118569914e+03 3.179739366591026729e-16 1.198948597068202137e-16
1.715249359470164563e+03 5.147159511493250281e-16 1.276485370082590489e-16
1.718345935821759213e+03 1.187581473073292231e-16 1.099738987859246549e-16
1.721442512173353862e+03 2.352878718516920316e-16 1.114540717999930818e-16
1.724539088524948511e+03 1.904335052230003826e-16 1.059775714346437090e-16
1.727635664876543160e+03 5.155075385414559604e-16 1.141577801795037662e-16
1.730732241228137809e+03 3.609969833212458638e-16 1.070875530637612727e-16
1.733828817579732458e+03 3.775870540895870933e-16 1.062042268528335714e-16
1.736925393931327108e+03 1.709307286525176138e-16 9.664224078820460453e-17
1.740021970282921757e+03 3.280413792018936447e-16 1.022052739157669054e-16
1.743118546634516406e+03 2.120884452532528185e-16 9.495399217542473677e-17
1.746215122986111055e+03 3.666500915373987766e-16 9.947739665577744435e-17
1.749311699337705704e+03 3.650581588095204881e-17 8.451875345999575503e-17
1.752408275689300353e+03 2.997550198372353874e-16 9.300704696616421342e-17
1.755504852040895003e+03 1.540692875112151733e-16 8.538282260442250767e-17
1.758601428392489652e+03 1.719598549394581935e-16 8.691398476035412836e-17
1.761698004744084301e+03 1.322281631832195040e-16 8.413957991166545047e-17
1.764794581095678950e+03 1.717748534374633105e-16 8.211486108599484848e-17
1.767891157447273599e+03 3.212063288995409278e-16 8.593178754191760002e-17
1.770987733798868248e+03 1.790467054102932100e-16 7.933817067712487912e-17
1.774084310150462898e+03 1.685814735837169228e-16 7.892872341097878307e-17
1.777180886502057547e+03 1.645205026862871779e-16 7.656034643140973730e-17
1.780277462853652196e+03 2.734495419317856787e-16 7.899531285504410198e-17
1.783374039205246845e+03 1.902374917203321038e-16 7.531607702816764972e-17
1.786470615556841494e+03 3.852720057579962102e-16 7.948851909081704354e-17
1.789567191908436143e+03 4.164828443927290037e-16 7.907617439791962010e-17
1.792663768260030793e+03 4.061191589835495521e-16 7.954557818533871413e-17
1.795760344611625442e+03 4.434126682440298451e-16 7.926058952925357544e-17
1.798856920963220091e+03 5.263272799735082876e-16 8.030771099937144337e-17
1.801953497314814740e+03 5.345798560935396231e-16 7.912806586599463420e-17
1.805050073666409389e+03 5.796843325964923747e-16 7.834240013835799985e-17
1.808146650018004038e+03 6.500104975309218630e-16 8.054674700986288760e-17
1.811243226369598688e+03 5.089202219297943316e-16 7.314523896988082443e-17
1.814339802721193337e+03 7.134677345081057319e-16 8.025217547129074863e-17
1.817436379072787986e+03 6.933236543711836150e-16 7.969876967383515960e-17
1.820532955424382635e+03 5.838917757047421857e-16 7.395196783885728677e-17
1.823629531775977284e+03 7.994794107820855112e-16 7.977319134631838056e-17
1.826726108127571933e+03 7.800681965474331037e-16 7.725673749621638184e-17
1.829822684479166583e+03 8.639243581318378943e-16 7.983092805721778053e-17
1.832919260830761232e+03 8.336160449079952978e-16 7.770742973323083748e-17
1.836015837182355881e+03 6.743438390909557683e-16 7.216429393601853067e-17
1.839112413533950530e+03 7.309906762655305496e-16 7.302630032290857685e-17
1.842208989885545179e+03 7.394061080880403176e-16 7.220402842959462444e-17
1.845305566237139828e+03 8.223225273674176833e-16 7.515937654813088518e-17
1.848402142588734478e+03 7.865590151883524583e-16 7.245101586554002283e-17
1.851498718940329127e+03 8.470927696345993519e-16 7.295027472557932118e-17
1.854595295291923776e+03 7.020107372122874470e-16 6.890568097467050526e-17
1.857691871643518425e+03 7.114733349751671451e-16 6.912643350967691715e-17
1.860788447995113074e+03 7.818032687136692144e-16 6.956307406866055155e-17
1.863885024346707723e+03 8.276422277635911344e-16 7.068912472466319357e-17
1.866981600698302373e+03 7.453593883319037777e-16 6.727386843257398294e-17
1.870078177049897022e+03 8.044864660486711877e-16 6.948418065750518235e-17
1.873174753401491671e+03 7.200477557064313949e-16 6.642402628343651524e-17
1.876271329753086320e+03 9.729692416144104001e-16 7.213321627797134457e-17
1.879367906104680969e+03 1.031862406397044983e-15 7.290139983832571177e-17
1.882464482456275618e+03 1.129844861634926007e-15 7.374759222346183161e-17
1.885561058807870268e+03 1.345988101519586068e-15 7.817272315597282282e-17
1.888657635159464917e+03 1.328951222420706075e-15 7.731297499991874712e-17
1.891754211511059566e+03 1.337510812978244327e-15 7.738002111432877608e-17
1.894850787862654215e+03 1.329245579752747190e-15 7.677402655752645671e-17
1.897947364214248864e+03 1.366644836264538089e-15 7.785812487279897888e-17
1.901043940565843513e+03 1.331279488977599884e-15 7.552537725004896428e-17
1.904140516917438163e+03 1.403583200013106369e-15 7.563728934088560156e-17
1.907237093269032812e+03 1.420462714192743170e-15 7.629531607046023273e-17
1.910333669620627461e+03 1.408886223907011514e-15 7.530560445129315412e-17
1.913430245972222110e+03 1.322932888225284490e-15 7.351286821388220231e-17
1.916526822323816759e+03 1.313931186093695906e-15 7.240399131331370442e-17
1.919623398675411408e+03 1.316744619556058597e-15 7.173589241048759134e-17
1.922719975027006058e+03 1.244587659768463608e-15 7.047047322769244869e-17
1.925816551378600707e+03 1.115092340978540453e-15 6.646203066778086704e-17
1.928913127730195356e+03 1.256621721318116149e-15 6.918080461381380947e-17
1.932009704081790005e+03 1.151877066508767113e-15 6.580885685553523896e-17
1.935106280433384654e+03 1.234582930886149643e-15 6.760662256329984559e-17
1.938202856784979303e+03 1.275572367524383006e-15 6.895918212730802923e-17
1.941299433136573953e+03 1.088143410864530164e-15 6.442262940016635349e-17
1.944396009488168602e+03 1.064982554627649897e-15 6.378452711574963356e-17
1.947492585839763251e+03 1.098813520453855501e-15 6.383023321015841112e-17
1.950589162191357900e+03 1.069566989632650642e-15 6.266361593953493460e-17
1.953685738542952549e+03 1.129724168208024932e-15 6.410431644583623159e-17
1.956782314894547198e+03 1.040468519724628965e-15 6.199858684503634342e-17
1.959878891246141848e+03 1.006172647159204649e-15 6.164663774792821195e-17
1.962975467597736497e+03 1.093813259467517039e-15 6.293491912164035565e-17
1.966072043949331146e+03 1.223827911648659921e-15 6.431104407378223998e-17
1.969168620300925795e+03 1.143417234326807851e-15 6.169931856437407335e-17
1.972265196652520444e+03 1.338628688813683617e-15 6.693717911644623984e-17
1.975361773004115093e+03 1.267124196336032384e-15 6.506389876192076484e-17
1.978458349355709743e+03 1.262448044754784748e-15 6.373396811139233692e-17
1.981554925707304392e+03 1.238391744148852881e-15 6.344905410400129261e-17
1.984651502058899041e+03 1.242098298356871088e-15 6.340351581128518904e-17
1.987748078410493690e+03 1.305031411373539729e-15 6.372885276657266517e-17
1.990844654762088339e+03 1.568780449339510569e-15 6.817765360522850198e-17
1.993941231113682989e+03 1.476206279900138748e-15 6.505879604684371272e-17
1.997037807465277638e+03 1.532584433719641218e-15 6.620400167464507300e-17
2.000134383816872287e+03 1.608556315833208618e-15 6.754968530093365051e-17
2.003230960168466936e+03 1.678825413033759406e-15 6.839875393891472309e-17
2.006327536520061585e+03 1.755882946694060363e-15 6.891279516428332480e-17
2.009424112871656234e+03 1.888288901816888624e-15 6.992864714039468109e-17
2.012520689223250884e+03 2.009377718212022245e-15 7.239266942205261105e-17
2.015617265574845533e+03 1.996704179501050921e-15 7.158525552488007833e-17
2.018713841926440182e+03 2.069204895348012382e-15 7.214392456683467306e-17
2.021810418278034831e+03 2.035764545244033471e-15 7.121278593980769552e-17
2.024906994629629480e+03 2.050757993542658545e-15 7.078802318226829269e-17
2.028003570981224129e+03 1.959166209201436633e-15 6.920041934706176999e-17
2.031100147332818779e+03 1.904026864101425573e-15 6.721848754830706787e-17
2.034196723684413428e+03 1.878261055177587660e-15 6.693137281040442480e-17
2.037293300036008077e+03 1.981343204734940548e-15 6.893863298535551382e-17
2.040389876387602726e+03 1.905061167744644329e-15 6.684588345804872289e-17
2.043486452739197375e+03 2.002340155088078769e-15 6.788259159337281838e-17
2.046583029090792024e+03 1.940381544150031863e-15 6.723219120748012336e-17
2.049679605442386674e+03 1.953958358974800511e-15 6.749227314217809763e-17
2.052776181793981323e+03 1.985027054604539266e-15 6.629746938783730567e-17
2.055872758145575972e+03 1.960405563509380117e-15 6.654546680771921878e-17
2.058969334497170621e+03 1.891583656220372549e-15 6.538244191867172777e-17
2.062065910848765270e+03 1.866766018435955151e-15 6.421964570318272338e-17
2.065162487200359919e+03 1.635105155715860647e-15 6.014799599583766132e-17
2.068259063551954569e+03 1.728173099303212839e-15 6.195080619202922878e-17
2.071355639903549218e+03 1.676661315165329738e-15 6.045139696034440462e-17
2.074452216255143867e+03 1.533987154384960083e-15 5.793685689917478756e-17
2.077548792606738516e+03 1.470695051394393809e-15 5.673599054913952933e-17
2.080645368958333165e+03 1.457032235842564509e-15 5.620474228958809484e-17
2.083741945309927814e+03 1.505702227035088953e-15 5.647566748241487172e-17
2.086838521661522464e+03 1.496705275875260778e-15 5.622963844063932830e-17
2.089935098013117113e+03 1.421483377530879329e-15 5.514796618182551534e-17
2.093031674364711762e+03 1.305351575807376765e-15 5.326342858419449152e-17
2.096128250716306411e+03 1.271704528477894963e-15 5.222928511473481382e-17
2.099224827067901060e+03 1.141788206129090982e-15 4.929048145070934554e-17
2.102321403419495709e+03 1.246546424273099745e-15 5.138290434492753479e-17
2.105417979771090359e+03 1.241344318230417932e-15 5.113983714227734900e-17
2.108514556122685008e+03 1.102570601496573047e-15 4.764065289537559614e-17
2.111611132474279657e+03 1.216624777399865708e-15 4.927674289312401029e-17
2.114707708825874306e+03 1.133414555417119058e-15 4.758415704380171827e-17
2.117804285177468955e+03 1.069135290774087231e-15 4.709736332323666939e-17
2.120900861529063604e+03 1.144252740475508497e-15 4.819387032065887991e-17
2.123997437880658254e+03 1.074821523558372967e-15 4.661110136840463200e-17
2.127094014232252903e+03 1.197344150139989766e-15 4.889562391848593750e-17
2.130190590583847552e+03 1.112196429140426845e-15 4.670652938569590114e-17
2.133287166935442201e+03 1.056779876745996500e-15 4.598318548908249844e-17
2.136383743287036850e+03 1.121674015035380815e-15 4.714149417445927751e-17
2.139480319638631499e+03 1.096356477914319188e-15 4.623741846150249507e-17
2.142576895990226149e+03 1.153132625988664961e-15 4.729438146347443876e-17
2.145673472341820798e+03 1.018592983297412657e-15 4.434462664233633702e-17
2.148770048693415447e+03 1.131080458125740984e-15 4.607337279741988729e-17
2.151866625045010096e+03 1.061879035496895188e-15 4.501841154787814131e-17
2.154963201396604745e+03 1.027701572564511298e-15 4.446231035780702660e-17
2.158059777748199394e+03 9.901179946387947615e-16 4.311947266129487134e-17
2.161156354099794044e+03 9.323328174901626987e-16 4.210428176984852256e-17
2.164252930451388693e+03 8.846419147971001081e-16 4.076344267818767165e-17
2.167349506802983342e+03 9.393986006714625226e-16 4.187718607555486495e-17
2.170446083154577991e+03 8.674281716946847479e-16 4.047355301481437632e-17
2.173542659506172640e+03 8.048982838090174820e-16 3.898175775012564795e-17
2.176639235857767289e+03 8.293496603104950792e-16 3.943303101760599327e-17
2.179735812209361939e+03 8.654747450246703168e-16 4.035865250192107363e-17
2.182832388560956588e+03 7.132371089539265169e-16 3.703030442228046009e-17
2.185928964912551237e+03 7.669148000552525035e-16 3.819795196699106296e-17
2.189025541264145886e+03 7.516419169998137422e-16 3.737781503080534688e-17
2.192122117615740535e+03 8.239685143863348734e-16 3.877862616535892204e-17
2.195218693967335184e+03 7.205323484789426269e-16 3.707793178007461022e-17
2.198315270318929834e+03 7.157440586328322938e-16 3.736556359046361910e-17
2.201411846670524483e+03 7.178360549498663763e-16 3.681104313525583038e-17
2.204508423022119132e+03 7.361884043298818192e-16 3.670610069615992731e-17
2.207604999373713781e+03 6.251708031774762239e-16 3.414071687904707111e-17
2.210701575725308430e+03 7.151762408107344442e-16 3.582602613407010008e-17
2.213798152076903079e+03 7.282636952526003125e-16 3.598596026598238275e-17
2.216894728428497729e+03 6.290154713463595966e-16 3.394312951028716790e-17
2.219991304780092378e+03 6.514843443342458624e-16 3.434644697899057050e-17
2.223087881131687027e+03 6.277146338287047037e-16 3.356831207147914332e-17
2.226184457483281676e+03 6.293858942554721972e-16 3.590689245702274634e-17
2.229281033834876325e+03 6.751918656022446087e-16 3.443790228502519768e-17
2.232377610186470974e+03 5.859424561948435980e-16 3.233569658071626229e-17
2.235474186538065624e+03 6.036740601793472946e-16 3.275233658414900004e-17
2.238570762889660273e+03 6.293858942554721972e-16 3.338622526875733658e-17
2.241667339241254922e+03 6.476037984452696569e-16 3.380117221569953449e-17
2.244763915592849571e+03 6.052272709645116069e-16 3.254178131481892021e-17
2.247860491944444220e+03 6.150690177612021335e-16 3.290477160374017487e-17
2.250957068296038869e+03 6.114980272353231018e-16 3.262569066549070088e-17
2.254053644647633519e+03 6.080402437746328437e-16 3.218461035628062335e-17
2.257150220999228168e+03 6.150690177612021335e-16 3.425901503289830357e-17
2.260246797350822817e+03 5.957709088490134324e-16 3.202517787065216872e-17
2.263343373702417466e+03 6.188778716331617709e-16 3.203162970002249117e-17
2.266439950054012115e+03 6.381504251330503140e-16 3.292292352620800459e-17
2.269536526405606764e+03 6.356831859156485288e-16 3.301499459952859820e-17
2.272633102757201414e+03 6.530463660431475509e-16 3.287610080067186963e-17
2.275729679108796063e+03 6.233226104113677528e-16 3.191329361305897523e-17
2.278826255460390712e+03 6.608165093061279019e-16 3.279854826240127856e-17
2.281922831811985361e+03 7.061509174669281691e-16 3.467144094402516526e-17
2.285019408163580010e+03 7.291161750240058276e-16 3.407365540035932739e-17
2.288115984515174659e+03 7.061509174669281691e-16 3.369400545325219134e-17
2.291212560866769309e+03 8.325028373739996855e-16 3.568841808432709145e-17
2.294309137218363958e+03 8.724065552277373781e-16 3.607357976746853962e-17
2.297405713569958607e+03 8.442313262493306237e-16 3.547855890198141797e-17
2.300502289921553256e+03 9.556484815916070793e-16 3.771621262761136363e-17
2.303598866273147905e+03 9.783518546709054465e-16 3.799623072643223012e-17
2.306695442624742554e+03 1.050076785925048356e-15 3.878745830151995898e-17
2.309792018976337204e+03 1.141003687123011784e-15 4.026152454471807095e-17
2.312888595327931853e+03 1.248746428022217518e-15 4.160845907835280679e-17
2.315985171679526502e+03 1.304667768794369644e-15 4.236258892939479252e-17
2.319081748031121151e+03 1.292152853292473871e-15 4.230517651520976399e-17
2.322178324382715800e+03 1.374851467344801061e-15 4.359021940636358167e-17
2.325274900734310449e+03 1.469872799498042332e-15 4.423204827261263314e-17
2.328371477085905099e+03 1.562154743222601210e-15 4.567559717869798358e-17
2.331468053437499748e+03 1.580787138318656101e-15 4.537180642928995805e-17
2.334564629789094397e+03 1.644818401230957159e-15 4.685304607870518956e-17
2.337661206140689046e+03 1.716018001509458315e-15 4.734636078907637259e-17
2.340757782492283695e+03 1.722638659386883468e-15 4.751642726094318044e-17
2.343854358843878344e+03 1.722638659386883468e-15 4.881945524999733336e-17
2.346950935195472994e+03 1.722638659386883468e-15 4.711437181877658125e-17
2.350047511547067643e+03 1.828619831043822872e-15 4.961426590883809129e-17
2.353144087898662292e+03 1.828619831043822872e-15 5.069002938933575816e-17
2.356240664250256941e+03 1.828619831043822872e-15 4.995661668413647338e-17
2.359337240601851590e+03 1.827176338340291984e-15 4.756173801879848921e-17
2.362433816953446239e+03 2.095410884617594649e-15 5.100990899516620422e-17
2.365530393305040889e+03 2.095410884617594649e-15 5.294288412892835158e-17
2.368626969656635538e+03 2.095410884617594649e-15 5.163454255300573572e-17
2.371723546008230187e+03 2.095410884617594649e-15 5.225295438140827739e-17
2.374820122359824836e+03 2.095410884617594649e-15 5.180280832735478293e-17
2.377916698711419485e+03 2.061337581909318828e-15 5.020872091184924097e-17
2.381013275063014135e+03 2.061337581909318828e-15 5.116289371989872442e-17
2.384109851414608784e+03 2.052766317022909840e-15 4.982959013916152297e-17
2.387206427766203433e+03 2.046652351991438144e-15 5.003843033556773594e-17
2.390303004117798082e+03 1.925954402626420545e-15 4.836663374894617398e-17
2.393399580469392731e+03 2.052766317022909840e-15 5.105861380141664209e-17
2.396496156820987380e+03 1.903116990880534627e-15 4.822007065532613389e-17
2.399592733172582030e+03 1.841523046669339167e-15 4.702468007897414056e-17
2.402689309524176679e+03 2.145291631279618670e-15 5.078806587602279253e-17
2.405785885875771328e+03 2.145291631279618670e-15 5.139746587692040146e-17
2.408882462227365977e+03 2.145291631279618670e-15 5.058482794412758063e-17
2.411979038578960626e+03 2.145291631279618670e-15 5.151474401993018166e-17
2.415075614930555275e+03 2.145291631279618670e-15 5.089222490024547515e-17
2.418172191282149925e+03 2.105583911986052264e-15 4.984398606342715144e-17
2.421268767633744574e+03 2.105583911986052264e-15 5.086866123178670740e-17
2.424365343985339223e+03 2.048900414160592978e-15 4.925979181343052677e-17
2.427461920336933872e+03 2.045359826357177404e-15 4.926714184559819314e-17
2.430558496688528521e+03 1.970379530876734061e-15 4.776689982670564446e-17
2.433655073040123170e+03 1.871543173131062157e-15 4.685246953294875515e-17
2.436751649391717820e+03 1.793984597223238777e-15 4.558621233705527284e-17
2.439848225743312469e+03 1.793984597223238777e-15 4.665187744794672197e-17
2.442944802094907118e+03 1.769556052482155399e-15 4.548620324145287954e-17
2.446041378446501767e+03 1.760876727293635098e-15 4.517497504350164241e-17
2.449137954798096416e+03 1.660850313212896067e-15 4.402837751531940150e-17
2.452234531149691065e+03 1.659444160854916806e-15 4.386224454437187724e-17
2.455331107501285715e+03 1.659444160854916806e-15 4.460590293445712898e-17
2.458427683852880364e+03 1.621145014078139744e-15 4.338805250375026357e-17
2.461524260204475013e+03 1.535697861450777995e-15 4.208969552307902576e-17
2.464620836556069662e+03 1.553592189762576797e-15 4.268893644149803450e-17
2.467717412907664311e+03 1.513612045185263572e-15 4.185699581657357276e-17
2.470813989259258960e+03 1.520229452864872775e-15 4.210149861784123040e-17
2.473910565610853610e+03 1.538994762643782637e-15 4.167853942693561101e-17
2.477007141962448259e+03 1.553592189762576797e-15 4.235264924432967562e-17
2.480103718314042908e+03 1.553592189762576797e-15 4.341534359657730701e-17
2.483200294665637557e+03 1.537599968321200834e-15 4.188487117926120966e-17
2.486296871017232206e+03 1.602218755214377347e-15 4.310394851735243706e-17
2.489393447368826855e+03 1.602218755214377347e-15 4.283571027706319612e-17
2.492490023720421505e+03 1.724720656690909377e-15 4.395646097538754673e-17
2.495586600072016154e+03 1.737819577757794796e-15 4.421520629413405663e-17
2.498683176423610803e+03 1.789881599269858267e-15 4.492719009314731933e-17
2.501779752775205452e+03 1.846780226628883743e-15 4.549100480673652149e-17
2.504876329126800101e+03 1.956986261377629764e-15 4.662401022168417459e-17
2.507972905478394750e+03 2.054397821745721585e-15 4.750878669354612549e-17
2.511069481829989400e+03 2.151051111482755889e-15 4.879242179916507092e-17
2.514166058181584049e+03 2.277650217485598361e-15 4.978475223661414064e-17
2.517262634533178698e+03 2.384886499097218336e-15 5.086434466428433148e-17
2.520359210884773347e+03 2.550535821471611133e-15 5.208833489380119402e-17
2.523455787236367996e+03 2.766918852757125872e-15 5.459352163779050329e-17
2.526552363587962645e+03 2.893592629612699340e-15 5.567118518042630298e-17
2.529648939939557295e+03 3.085535148417930903e-15 5.720723886577974778e-17
2.532745516291151944e+03 3.293149272297121551e-15 5.879006246297572886e-17
2.535842092642746593e+03 3.435358193439349735e-15 5.924800083177442475e-17
2.538938668994341242e+03 3.601076813862371377e-15 6.136068681375137226e-17
2.542035245345935891e+03 3.720430091644369093e-15 6.256887508854193731e-17
2.545131821697530540e+03 3.876266829373417203e-15 6.398762482630345523e-17
2.548228398049125190e+03 3.945598816973202508e-15 6.357973043025834706e-17
2.551324974400719839e+03 4.061777686778979878e-15 6.512914315879173617e-17
2.554421550752314488e+03 4.061777686778979878e-15 6.513437042604968622e-17
2.557518127103909137e+03 4.061777686778979878e-15 6.443209324479926343e-17
2.560614703455503786e+03 4.173684692481133556e-15 6.534478965449543353e-17
2.563711279807098435e+03 4.173684692481133556e-15 6.689323377613519385e-17
2.566807856158693085e+03 4.173684692481133556e-15 6.506740391785154489e-17
2.569904432510287734e+03 4.245238215030128825e-15 6.667268333514962809e-17
2.573001008861882383e+03 4.245238215030128825e-15 6.659335124096984901e-17
2.576097585213477032e+03 4.245238215030128825e-15 6.601030863373883142e-17
2.579194161565071681e+03 4.245238215030128825e-15 6.592924147102232808e-17
2.582290737916666330e+03 4.245238215030128825e-15 6.623524124096625968e-17
2.585387314268260980e+03 4.245238215030128825e-15 6.662023171974479651e-17
2.588483890619855629e+03 3.984347627044402240e-15 6.339020984257398566e-17
2.591580466971450278e+03 3.984347627044402240e-15 6.416193265492544181e-17
2.594677043323044927e+03 3.984347627044402240e-15 6.333177657368390167e-17
2.597773619674639576e+03 3.944089648019807493e-15 6.319602699350087020e-17
2.600870196026234225e+03 3.329243522998151260e-15 5.848776062123234975e-17
2.603966772377828875e+03 2.753162728511203969e-15 5.265049373750333388e-17
2.607063348729423524e+03 3.023591758789298063e-15 5.871142000254387891e-17
2.610159925081018173e+03 2.984994085888514616e-15 5.905288078102074183e-17
2.613256501432612822e+03 2.940383107406961842e-15 5.768557723147383256e-17
2.616353077784207471e+03 2.753828135031598575e-15 5.300476439279880087e-17
2.619449654135802120e+03 2.940383107406961842e-15 5.516931548125825086e-17
2.622546230487396770e+03 2.864784304088167901e-15 5.528015167278618637e-17
2.625642806838991419e+03 2.864784304088167901e-15 5.499801809622258166e-17
2.628739383190586068e+03 2.864784304088167901e-15 5.479440589400523637e-17
2.631835959542180717e+03 2.864784304088167901e-15 5.390157647121071514e-17
2.634932535893775366e+03 2.677067466296210876e-15 5.198232779634304624e-17
2.638029112245370015e+03 2.677067466296210876e-15 5.266842213310046162e-17
2.641125688596964665e+03 2.578701648559446480e-15 5.087642302671351834e-17
2.644222264948559314e+03 2.452699798902435571e-15 4.980136426549613247e-17
2.647318841300153963e+03 2.452699798902435571e-15 5.100180714058200261e-17
2.650415417651748612e+03 2.420530805462187848e-15 4.999552378907040461e-17
2.653511994003343261e+03 2.449135368799600853e-15 5.008548867507619397e-17
2.656608570354937910e+03 2.380489681091224400e-15 4.879208503266653343e-17
2.659705146706532560e+03 2.316196502527726377e-15 4.833753384036894745e-17
2.662801723058127209e+03 2.449375217263261706e-15 4.992139002873504298e-17
2.665898299409721858e+03 2.484054219004655772e-15 5.023632683745250077e-17
2.668994875761316507e+03 2.584448991143666680e-15 5.114347400888542669e-17
2.672091452112911156e+03 2.682106498799445556e-15 5.212127278867317938e-17
2.675188028464505805e+03 2.723300629604126111e-15 5.261407800765616884e-17
2.678284604816100455e+03 2.838890690657815077e-15 5.358069170806317055e-17
2.681381181167695104e+03 3.073351665736511535e-15 5.586321716660774330e-17
2.684477757519289753e+03 3.314328165962655140e-15 5.733057568042040638e-17
2.687574333870884402e+03 3.454892300892974372e-15 5.905368357168426183e-17
2.690670910222479051e+03 3.625816345436886241e-15 6.011652998368125331e-17
2.693767486574073700e+03 3.951702968101280587e-15 6.264312615902399727e-17
2.696864062925668350e+03 4.242600747550277474e-15 6.509880605553546336e-17
2.699960639277262999e+03 4.410661599198900977e-15 6.657356980643038410e-17
2.703057215628857648e+03 4.667371871001383592e-15 6.816008037283620386e-17
2.706153791980452297e+03 5.014350396544916880e-15 7.060840337686328856e-17
2.709250368332046946e+03 5.144021167181620178e-15 7.186458171215428380e-17
2.712346944683641595e+03 5.205296240180113002e-15 7.179828894937250512e-17
2.715443521035236245e+03 5.243175367411016272e-15 7.177309027705852953e-17
2.718540097386830894e+03 5.464981683482796838e-15 7.357490878171099708e-17
2.721636673738425543e+03 5.559504671404923862e-15 7.407389386110376415e-17
2.724733250090020192e+03 5.676347277413454984e-15 7.547086648440092241e-17
2.727829826441614841e+03 5.692690679808170811e-15 7.535379090778568245e-17
2.730926402793209490e+03 5.868389828181797809e-15 7.659103995893816357e-17
2.734022979144804140e+03 6.176290321861461633e-15 7.821353110973201191e-17
2.737119555496398789e+03 6.203115908204546717e-15 7.889304718205858997e-17
2.740216131847993438e+03 6.404013399047589182e-15 8.049909029921054611e-17
2.743312708199588087e+03 6.441104821515462148e-15 8.047481441935774733e-17
2.746409284551182736e+03 6.583442711520494535e-15 8.091542788104292969e-17
2.749505860902777385e+03 6.994126581385873739e-15 8.458540357412448339e-17
2.752602437254372035e+03 7.115570450544454138e-15 8.496293211098814037e-17
2.755699013605966684e+03 7.273321068743418956e-15 8.632519059698251310e-17
2.758795589957561333e+03 7.504045484523416934e-15 8.666448842426886009e-17
2.761892166309155982e+03 7.889290162689886336e-15 8.897420207168934148e-17
2.764988742660750631e+03 8.253876509852827510e-15 9.260049562200331507e-17
2.768085319012345280e+03 8.495728911132558826e-15 9.322722218913584656e-17
2.771181895363939930e+03 8.942476245668834929e-15 9.507282977755954644e-17
2.774278471715534579e+03 9.268526969940876166e-15 9.745612212595560447e-17
2.777375048067129228e+03 9.831566800332554880e-15 1.002536535242588336e-16
2.780471624418723877e+03 1.025043577417870127e-14 1.029372606026745486e-16
2.783568200770318526e+03 1.084536040762609814e-14 1.058892232853550327e-16
2.786664777121913176e+03 1.084536040762609814e-14 1.063332017949065920e-16
2.789761353473507825e+03 1.084536040762609814e-14 1.095946723269116716e-16
2.792857929825102474e+03 1.084536040762609814e-14 1.105105193945007158e-16
2.795954506176697123e+03 1.084536040762609814e-14 1.074156297658190362e-16
2.799051082528291772e+03 9.805212705350110017e-15 1.008978634417294041e-16
2.802147658879886421e+03 1.001835414467148994e-14 1.081218488802084513e-16
2.805244235231481071e+03 9.913593819731350591e-15 1.022690859133111706e-16
2.808340811583075720e+03 9.913593819731350591e-15 1.193426236671660093e-16
2.811437387934670369e+03 9.913593819731350591e-15 1.187128075036709125e-16
2.814533964286265018e+03 8.246660665312386214e-15 9.267710066855668483e-17
2.817630540637859667e+03 9.913593819731350591e-15 1.031969239723655958e-16
2.820727116989454316e+03 8.355844733178344693e-15 9.316702396924186139e-17
2.823823693341048966e+03 9.902047692796289121e-15 1.038249181933786170e-16
2.826920269692643615e+03 1.119101691745522063e-14 1.097109155199956195e-16
2.830016846044238264e+03 1.140053575657349947e-14 1.108682160115944047e-16
2.833113422395832913e+03 1.140891591960136803e-14 1.105253462880708149e-16
2.836209998747427562e+03 1.146673620974952377e-14 1.110110351193676853e-16
2.839306575099022211e+03 1.182386207484646403e-14 1.146379199558288724e-16
2.842403151450616861e+03 1.182386207484646403e-14 1.138921035327785745e-16
2.845499727802211510e+03 1.182386207484646403e-14 1.152992750289689962e-16
2.848596304153806159e+03 1.182386207484646403e-14 1.169695750168159587e-16
2.851692880505400808e+03 1.190507995033265691e-14 1.156649077315863583e-16
2.854789456856995457e+03 1.179273061663518492e-14 1.144290024589248260e-16
2.857886033208590106e+03 1.243450181642245670e-14 1.181532170201695065e-16
2.860982609560184756e+03 1.269303545073033541e-14 1.206774106150046821e-16
2.864079185911779405e+03 1.305000360212202754e-14 1.223362349503945719e-16
2.867175762263374054e+03 1.279120171626745074e-14 1.201876459000355820e-16
2.870272338614968703e+03 1.194293085489105440e-14 1.165309530182999246e-16
2.873368914966563352e+03 1.274221263797469937e-14 1.215786589443240416e-16
2.876465491318158001e+03 1.412717869652630028e-14 1.281953753718646792e-16
2.879562067669752651e+03 1.440609498066007271e-14 1.293533832058916499e-16
2.882658644021347300e+03 1.497458810198973339e-14 1.322649724776465619e-16
2.885755220372941949e+03 1.565488928171755686e-14 1.353540099147446103e-16
2.888851796724536598e+03 1.622055011144536322e-14 1.380692736449124377e-16
2.891948373076131247e+03 1.692728727224115490e-14 1.434144638429287585e-16
2.895044949427725896e+03 1.765919465171985449e-14 1.457126692596715114e-16
2.898141525779320546e+03 1.867353054192869494e-14 1.515899325144165576e-16
2.901238102130915195e+03 1.968679428459477298e-14 1.549003170230477741e-16
2.904334678482509844e+03 2.065554102743533134e-14 1.590959604568094802e-16
2.907431254834104493e+03 2.122046425590684858e-14 1.624768933849319823e-16
2.910527831185699142e+03 2.257559530720770960e-14 1.679185479694135703e-16
2.913624407537293791e+03 2.356930290426832449e-14 1.728001026887922861e-16
2.916720983888888441e+03 2.417896008995977473e-14 1.759242690745032360e-16
2.919817560240483090e+03 2.478289641680064079e-14 1.797396954440010604e-16
2.922914136592077739e+03 2.532164494857367174e-14 1.831585942964455850e-16
2.926010712943672388e+03 2.582949174092360352e-14 1.847343684116484350e-16
2.929107289295267037e+03 2.664796997717934403e-14 1.890088371203965341e-16
2.932203865646861686e+03 2.725753142353029290e-14 1.915528799505828446e-16
2.935300441998456336e+03 2.814910512815736023e-14 1.958225989127945581e-16
2.938397018350050985e+03 2.884354816944043592e-14 2.111231436655767646e-16
2.941493594701645634e+03 2.936671182323419792e-14 2.022257587487781372e-16
2.944590171053240283e+03 3.003677153352723346e-14 2.042205038244886607e-16
2.947686747404834932e+03 3.049509948196718693e-14 2.076330637529753606e-16
2.950783323756429581e+03 3.116593257434532344e-14 2.116879886537204747e-16
2.953879900108024231e+03 3.168830759801331733e-14 2.129180833729289163e-16
2.956976476459618880e+03 3.242943167447207473e-14 2.160031332469622469e-16
2.960073052811213529e+03 3.275367652935707048e-14 2.210590971150145313e-16
2.963169629162808178e+03 3.377546967933950630e-14 2.229144622214480301e-16
2.966266205514402827e+03 3.420789567448940934e-14 2.243765329343674161e-16
2.967000000000000000e+03 3.424476973612835011e-14 1.804826645119975928e-16
2.969362781865997476e+03 3.413773796685931320e-14 2.197149915225545619e-16
2.972459358217592126e+03 3.373695683068326441e-14 2.210734217189496915e-16
2.972493341191201125e+03 3.374135088744862637e-14 2.188363609048761757e-16
2.975555934569186775e+03 3.373695683068326441e-14 2.159631428606262236e-16
2.977986682382402250e+03 3.373695683068326441e-14 1.838284785066901756e-16
2.978652510920781424e+03 3.373695683068326441e-14 2.228835723198260749e-16
2.981749087272376073e+03 3.334859770127290714e-14 2.199893519192478191e-16
2.983480023573603376e+03 3.334859770127290714e-14 1.641742148951954838e-16
2.984845663623970722e+03 3.334859770127290714e-14 2.263164456155772009e-16
2.987942239975565371e+03 3.248385770707574200e-14 2.232378404939967774e-16
2.988973364764804501e+03 3.233983080903247927e-14 1.697044320872875156e-16
2.991038816327160021e+03 3.217070962948334359e-14 2.175698837206379803e-16
2.994135392678754670e+03 3.084579462630456906e-14 2.216243297235238751e-16
2.994466705956005626e+03 3.072468255614389335e-14 2.009162952387029452e-16
2.997231969030349319e+03 2.976565996564882566e-14 2.099401037805825316e-16
2.999960047147206751e+03 2.834180705912329654e-14 1.895178517476074325e-16
3.000328545381943968e+03 2.819277135103169017e-14 2.111065079992380249e-16
3.003425121733538617e+03 2.703430079681535094e-14 2.063403617840940114e-16
3.005453388338407876e+03 2.658044177431879864e-14 1.608991095561533024e-16
3.006521698085133266e+03 2.641687272337665043e-14 2.133237865591906219e-16
3.009618274436727916e+03 2.622094901748617521e-14 2.078060441433143286e-16
3.010946729529609001e+03 2.588791555902097354e-14 1.536255596870806261e-16
3.012714850788322565e+03 2.533458871708288860e-14 2.041850151588880060e-16
3.015811427139917214e+03 2.486281192103716222e-14 2.085717633522998254e-16
3.016440070720810127e+03 2.474552726327163267e-14 1.742108042261615976e-16
3.018908003491511863e+03 2.436148524855243614e-14 1.970682587455651062e-16
3.021933411912011252e+03 2.411660038877787833e-14 2.018578470575301699e-16
3.022004579843106512e+03 2.411594650838056162e-14 2.060240868139315378e-16
3.025101156194701161e+03 2.411217587200588911e-14 1.963441569607258030e-16
3.027426753103212377e+03 2.432615712410217115e-14 1.708892849541488972e-16
3.028197732546295811e+03 2.432615712410217115e-14 2.112577846866325585e-16
3.031294308897890460e+03 2.411807673327054141e-14 2.024452226667806407e-16
3.032920094294413502e+03 2.432615712410217115e-14 1.546326241023915186e-16
3.034390885249485109e+03 2.453860935331826283e-14 2.092161056268167336e-16
3.037487461601079758e+03 2.487865408767433524e-14 2.203321352081944770e-16
3.038413435485614627e+03 2.495869544418614078e-14 1.723072696192560444e-16
3.040584037952674407e+03 2.528797421486280903e-14 2.112208663210781676e-16
3.043680614304269056e+03 2.580475020004014774e-14 2.218876772695818071e-16
3.043906776676815753e+03 2.580475020004014774e-14 2.085363309679709628e-16
3.046777190655863706e+03 2.580475020004014774e-14 2.091736310881043857e-16
3.049400117868016878e+03 2.614070912616774496e-14 2.018853439862866570e-16
3.049873767007458355e+03 2.620022086070166280e-14 2.296462927976585398e-16
3.052970343359053004e+03 2.654974617550584311e-14 2.195805521436350537e-16
3.054893459059218003e+03 2.639903077479793644e-14 1.761610078629423822e-16
3.056066919710647653e+03 2.617104401303215120e-14 2.317635720086156735e-16
3.059163496062242302e+03 2.600239198308376270e-14 2.302165585225083908e-16
3.060386800250419128e+03 2.591016297171754347e-14 1.756310522410227718e-16
3.062260072413836951e+03 2.566297364304277447e-14 2.180385033924799914e-16
3.065356648765431601e+03 2.536737126218253519e-14 2.298181440355647329e-16
3.065880141441620253e+03 2.536737126218253519e-14 2.010769124821903747e-16
3.068453225117026250e+03 2.529774745093122840e-14 2.097752017913701979e-16
3.071373482632821379e+03 2.514090825011862540e-14 2.218530988204871674e-16
3.071549801468620899e+03 2.513021561926822575e-14 2.320684087300686234e-16
3.074646377820215548e+03 2.457847122344834943e-14 2.115810676611368786e-16
3.076866823824022504e+03 2.407402120266927855e-14 1.852980932847731235e-16
3.077742954171810197e+03 2.385403311919471840e-14 2.291866732690992398e-16
3.080839530523404846e+03 2.429055617716361977e-14 2.304360590241027604e-16
3.082360165015223629e+03 2.429055617716361977e-14 1.766704456562820208e-16
3.083936106874999496e+03 2.402951924010882905e-14 2.270472717220082762e-16
3.087032683226594145e+03 2.429055617716361977e-14 2.422436464447302672e-16
3.087853506206424754e+03 2.429055617716361977e-14 1.973287063828584548e-16
3.090129259578188794e+03 2.429055617716361977e-14 2.237414229679167934e-16
3.093225835929783443e+03 2.411518971201494535e-14 2.456473152764555137e-16
3.093346847397625879e+03 2.410894495429271593e-14 2.378885841302593698e-16
3.096322412281378092e+03 2.429055617716361977e-14 2.192009395510718022e-16
3.098840188588827004e+03 2.424323096478260958e-14 2.061960472716642106e-16
3.099418988632972741e+03 2.430263712063121153e-14 2.371696004165911719e-16
3.102515564984567391e+03 2.487593775955373161e-14 2.245765055595134819e-16
3.104333529780028130e+03 2.493362582681464553e-14 1.886384854900537519e-16
3.105612141336162040e+03 2.494251479209472135e-14 2.423253479828594771e-16
3.108708717687756689e+03 2.525253314496544511e-14 2.486784994605081873e-16
3.109826870971229255e+03 2.535304296360472687e-14 1.955507893488957528e-16
3.111805294039351338e+03 2.581700439331611135e-14 2.315545235217131792e-16
3.114901870390945987e+03 2.596337686800358871e-14 2.520752629610625859e-16
3.115320212162430380e+03 2.602250683924810736e-14 2.287595757314728731e-16
3.117998446742540636e+03 2.653224019773872919e-14 2.267257105818245298e-16
3.120813553353631505e+03 2.707606991606665809e-14 2.471729636815599957e-16
3.121095023094135286e+03 2.711097148897587332e-14 2.637808749111403992e-16
3.124191599445729935e+03 2.771210532376613776e-14 2.366924562975982478e-16
3.126306894544832630e+03 2.799846472340220811e-14 2.175620511047402421e-16
3.127288175797324584e+03 2.814925142714095287e-14 2.684787004100347264e-16
3.130384752148919233e+03 2.870837059850598088e-14 2.595927765774211431e-16
3.131800235736033756e+03 2.938172916068857581e-14 2.127128643443505216e-16
3.133481328500513882e+03 2.992364786155376865e-14 2.578865444733458757e-16
3.136577904852108531e+03 3.106307165507301598e-14 2.868000857552001913e-16
3.137293576927234881e+03 3.115640607772543009e-14 2.459494105719365717e-16
3.139674481203703181e+03 3.125902953497143329e-14 2.493667500165665629e-16
3.142771057555297830e+03 3.161892712329466115e-14 3.403431522437919298e-16
3.142786918118436006e+03 3.161892712329466115e-14 4.920284176558069501e-16
3.148280259309637131e+03 3.280837363381320730e-14 4.843683819807247313e-16
3.153773600500838256e+03 3.472572614643305679e-14 4.832704850080461575e-16
3.159266941692039381e+03 3.605355525475189351e-14 5.682847987611269426e-16
3.164760282883240507e+03 3.605355525475189351e-14 4.814793626909483206e-16
3.170253624074441632e+03 3.605355525475189351e-14 4.793766763909140445e-16
3.175746965265642757e+03 3.781463328299615436e-14 4.876479166929248153e-16
3.181240306456843882e+03 3.781463328299615436e-14 4.833881202848115195e-16
3.186733647648045007e+03 3.781463328299615436e-14 4.756127575210071174e-16
3.192226988839246133e+03 3.781463328299615436e-14 4.721413145790118313e-16
3.197720330030447258e+03 3.781463328299615436e-14 4.735179505456484078e-16
3.203213671221648383e+03 3.758117792083995247e-14 4.587495308488052576e-16
3.208707012412849508e+03 3.758117792083995247e-14 4.829431638122276523e-16
3.214200353604050633e+03 3.738276940381770254e-14 4.544658987830466809e-16
3.219693694795251758e+03 3.548439499751803042e-14 4.329968479687094090e-16
3.225187035986452884e+03 3.456058457827741056e-14 4.305349142222804921e-16
3.230680377177654009e+03 3.268980315668652055e-14 4.301854143133331971e-16
3.236173718368855134e+03 3.099837645346622413e-14 4.127692688130918463e-16
3.241667059560056259e+03 2.997218065922112225e-14 3.974210210134568731e-16
3.247160400751257384e+03 2.726886716846675162e-14 3.843685580566839901e-16
3.252653741942458510e+03 2.726886716846675162e-14 3.852989229194219763e-16
3.258147083133659635e+03 2.596385033326102790e-14 3.728814719646515154e-16
3.263640424324860760e+03 2.559586376183284206e-14 3.939662591485104444e-16
3.269133765516061885e+03 2.498864738099257632e-14 3.640573861206964980e-16
3.274627106707263010e+03 2.376432364822828202e-14 3.656480457438343936e-16
3.280120447898464136e+03 2.376432364822828202e-14 3.522588514997939284e-16
3.285613789089665261e+03 2.376432364822828202e-14 3.530786517664780387e-16
3.291107130280866386e+03 2.227366898779707426e-14 3.397517398534271599e-16
3.296600471472067511e+03 2.335565898368023486e-14 3.533614671387433366e-16
3.302093812663268636e+03 2.320573636539418407e-14 3.405946860605390524e-16
3.307587153854469761e+03 2.364718089761051354e-14 3.401175497380594662e-16
3.313080495045670887e+03 2.392220761675570924e-14 3.421800408402579181e-16
3.318573836236872012e+03 2.396785986483218774e-14 3.399089786434984745e-16
3.324067177428073137e+03 2.550264981679772131e-14 3.799309990895151436e-16
3.329560518619274262e+03 2.649661154048688669e-14 3.474510588487388720e-16
3.335053859810475387e+03 2.667754638971211117e-14 3.465159975861191453e-16
3.340547201001676513e+03 2.837404459426608624e-14 3.552520020183137299e-16
3.346040542192877638e+03 3.036293331958080397e-14 4.154423641634211650e-16
3.351533883384078763e+03 3.080892083409611011e-14 3.664661354543952929e-16
3.357027224575279888e+03 3.185075856292502716e-14 3.625064923648809835e-16
3.362520565766481013e+03 3.216758511967906243e-14 4.083795464606612859e-16
3.368013906957682138e+03 3.158181646676553691e-14 4.356806027618902356e-16
3.373507248148883264e+03 3.077824310687409606e-14 3.529051940022925846e-16
3.379000589340084389e+03 3.061950051918383324e-14 3.497704712412815347e-16
3.384493930531285514e+03 3.057824148712662168e-14 3.474374954844195521e-16
3.389987271722486639e+03 3.094220744598606470e-14 3.695494705082550511e-16
3.395480612913687764e+03 3.022844912643580743e-14 3.475985926351919498e-16
3.400973954104888890e+03 3.094220744598606470e-14 3.598329822621083710e-16
3.406467295296090015e+03 3.094220744598606470e-14 3.409990579154243501e-16
3.411960636487291140e+03 3.294943578627481894e-14 3.549035487655828234e-16
3.417453977678492265e+03 3.294943578627481894e-14 3.859992879138556011e-16
3.422947318869693390e+03 3.294943578627481894e-14 3.731879229437836469e-16
3.428440660060894515e+03 3.360384826601726203e-14 3.481128436320146904e-16
3.433934001252095641e+03 3.384523390616880907e-14 3.556413488217662267e-16
3.439427342443296766e+03 3.384523390616880907e-14 3.444212039639581224e-16
3.444920683634497891e+03 3.446866885776852102e-14 3.479266545762962269e-16
3.450414024825699016e+03 3.515626160190118906e-14 3.475308806690817329e-16
3.455907366016900141e+03 3.515626160190118906e-14 3.429140870012852305e-16
3.461400707208101267e+03 3.578486742261308370e-14 3.427755196816606925e-16
3.466894048399302392e+03 3.699901814115154462e-14 3.475405656695111016e-16
3.472387389590503517e+03 3.722898761823880053e-14 3.562770030535507874e-16
3.477880730781704642e+03 3.722898761823880053e-14 3.513611751694446003e-16
3.483374071972905767e+03 3.722898761823880053e-14 3.478107551199637420e-16
3.488867413164106893e+03 3.805027071120094566e-14 3.562153242293173606e-16
3.494360754355308018e+03 3.817304564205505574e-14 3.480616860349330701e-16
3.499854095546509143e+03 3.881433540534988069e-14 3.482176501700475917e-16
3.505347436737710268e+03 3.966292140087917222e-14 3.523995799449787700e-16
3.510840777928911393e+03 4.047561664597092782e-14 3.535621964939831599e-16
3.516334119120112518e+03 4.134303598853844398e-14 3.560161371395348609e-16
3.521827460311313644e+03 4.177035069757594866e-14 3.759532148276032629e-16
3.527320801502514769e+03 4.298771886908094916e-14 3.796637703676606077e-16
3.532814142693715894e+03 4.478520838865427642e-14 3.702139143437110055e-16
3.538307483884917019e+03 4.542679227170195193e-14 3.740260956250744472e-16
3.543800825076118144e+03 4.619789509730593119e-14 3.959449890510872236e-16
3.549294166267319270e+03 4.619789509730593119e-14 3.692462351919462983e-16
3.554787507458520395e+03 4.680737971532292237e-14 3.717493085770542788e-16
3.560280848649721520e+03 4.733257793640185242e-14 3.732501000123495509e-16
3.565774189840922645e+03 4.907068895956133183e-14 3.759476795277594620e-16
3.571267531032123770e+03 4.969998682353309796e-14 3.807746542427201774e-16
3.576760872223324895e+03 5.025685317748205103e-14 3.845413013222400312e-16
3.582254213414526021e+03 5.135597523713095746e-14 3.816969941830804154e-16
3.587747554605727146e+03 5.173550065285107241e-14 3.814267656234529038e-16
3.593240895796928271e+03 5.245066251225930606e-14 3.846011878802448215e-16
3.598734236988129396e+03 5.288812711005977073e-14 3.850927605508850465e-16
3.604227578179330521e+03 5.288812711005977073e-14 4.069761961501398759e-16
3.609720919370531647e+03 5.343221847316494684e-14 3.965132297907178823e-16
3.615214260561732772e+03 5.345023558056284967e-14 3.834365314764552511e-16
3.620707601752933897e+03 5.478483923699923696e-14 4.308493897250661000e-16
3.626200942944135022e+03 5.478483923699923696e-14 4.364280411381375332e-16
3.631694284135336147e+03 5.478483923699923696e-14 3.872408009336509613e-16
3.637187625326537272e+03 5.478483923699923696e-14 3.844905665850186839e-16
3.642680966517738398e+03 5.478483923699923696e-14 3.818895541857082015e-16
3.648174307708939523e+03 5.478483923699923696e-14 3.865776429982716577e-16
3.653667648900140648e+03 5.386476381829420598e-14 3.784915136042919049e-16
3.659160990091341773e+03 5.341111333543367042e-14 3.734293445324218335e-16
3.664654331282542898e+03 5.262650970312487935e-14 3.691837266768111568e-16
3.670147672473744024e+03 5.215337451671019960e-14 3.714365489126800368e-16
3.675641013664945149e+03 5.188988660945591335e-14 3.691863040173679015e-16
3.681134354856146274e+03 5.146430195342358625e-14 3.677549772100256286e-16
3.686627696047347399e+03 5.075750604887244859e-14 3.600717550473837498e-16
3.692121037238548524e+03 5.075750604887244859e-14 3.720148019408160237e-16
3.697614378429749650e+03 5.028602163869415388e-14 4.136924244792016038e-16
3.703107719620950775e+03 4.941444269046990970e-14 3.549372740647261188e-16
3.708601060812151900e+03 4.729085652045159772e-14 3.414389171507445350e-16
3.714094402003353025e+03 4.219463011952107373e-14 3.673398942568978970e-16
3.719587743194554150e+03 4.146868597464646695e-14 3.210327848305156047e-16
3.725081084385755275e+03 3.948539408781968796e-14 3.155089331324929145e-16
3.730574425576956401e+03 3.683550565368614868e-14 3.013618003766857675e-16
3.736067766768157526e+03 3.402005163837330569e-14 2.886455104225774893e-16
3.741561107959358651e+03 3.263603816798249655e-14 3.382059616741481886e-16
3.747054449150559776e+03 3.181295729517542752e-14 3.076590818465931400e-16
3.752547790341760901e+03 3.181295729517542752e-14 2.781975484521033063e-16
3.774521155106565402e+03 3.181295729517542752e-14 3.225214930496795510e-16
3.780014496297766527e+03 3.045424468971359613e-14 2.756440600802103779e-16
3.785507837488967652e+03 2.917114940582899896e-14 2.642349753435657840e-16
3.791001178680168778e+03 2.830417588238443218e-14 2.653296262502620325e-16
3.796494519871369903e+03 2.606426128861508782e-14 2.466699104668253906e-16
3.801987861062571028e+03 2.523563080398944874e-14 2.735794020643139555e-16
3.807481202253772153e+03 2.472911079853187136e-14 2.326671417527880553e-16
3.812974543444973278e+03 2.421984354611465936e-14 2.365552049149156003e-16
3.818467884636174404e+03 2.341542944592956652e-14 2.284249801198341964e-16
3.823961225827375529e+03 2.291263198157077014e-14 2.208602086401882845e-16
3.829454567018576654e+03 2.396420473829679242e-14 2.419379998373943282e-16
3.834947908209777779e+03 2.454276638033901070e-14 2.680845468183962516e-16
3.840441249400978904e+03 2.583826757980246580e-14 2.292718626962032519e-16
3.845934590592180029e+03 2.695660031901941059e-14 2.347101804507734513e-16
3.851427931783381155e+03 2.805216579788620539e-14 2.341613518508775169e-16
3.856921272974582280e+03 3.032507708490026969e-14 2.408240297373440290e-16
3.862414614165783405e+03 3.318770619849695940e-14 2.572386057393610861e-16
3.867907955356984530e+03 3.687717961539917022e-14 2.704191269903904550e-16
3.873401296548185655e+03 4.106339214707982041e-14 2.720617908230403751e-16
3.878894637739386781e+03 4.447037729239854610e-14 2.841652330506468138e-16
3.884387978930587906e+03 4.785233021247138866e-14 2.864485827224473951e-16
3.889881320121789031e+03 5.097706103355350431e-14 2.993683227378089510e-16
3.895374661312990156e+03 5.340951637521222492e-14 2.993567793328666779e-16
3.900868002504191281e+03 5.472155550307161622e-14 3.002108761819829742e-16
3.906361343695392407e+03 5.558611536218035329e-14 3.020618842871029757e-16
3.911854684886593532e+03 5.708905549566557775e-14 3.443202939193406175e-16
3.917348026077794657e+03 5.720880820563346078e-14 3.051060242952439613e-16
3.922841367268995782e+03 5.720880820563346078e-14 3.207917016863606990e-16
3.928334708460196907e+03 5.749755887890215060e-14 3.207077181237560704e-16
3.933828049651398032e+03 5.791420600522578337e-14 3.024030785103902853e-16
3.939321390842599158e+03 5.808864905812576304e-14 3.024810246585828238e-16
3.944814732033800283e+03 6.095911853534867168e-14 3.465601263255541214e-16
3.950308073225001408e+03 6.219821095801096890e-14 3.065856402711538912e-16
3.955801414416202533e+03 6.233921884447277617e-14 3.080581148524995419e-16
3.961294755607403658e+03 6.264079505695724740e-14 3.456736845868370901e-16
3.966788096798604784e+03 6.587952752487987057e-14 3.148518601623905068e-16
3.972281437989805909e+03 6.303210390065231906e-14 3.198349867771752839e-16
3.977774779181007034e+03 6.262839967742016438e-14 3.203704175718534854e-16
3.983268120372208159e+03 6.234075647094214010e-14 3.030199223902487953e-16
3.988761461563409284e+03 6.038625843702135618e-14 2.991415667210508158e-16
3.994254802754610409e+03 5.705860763001434948e-14 3.016811404600712187e-16
3.999748143945811535e+03 5.561977812892610261e-14 2.988977881508164487e-16
4.005241485137012660e+03 5.479029472225701611e-14 2.818920963730450927e-16
4.010734826328213785e+03 5.448681528591199086e-14 2.809302148253659389e-16
4.016228167519414910e+03 5.384790460274572580e-14 2.771812418248234893e-16
4.021721508710616035e+03 5.429286719693585237e-14 2.902860247351086978e-16
4.027214849901817161e+03 5.532549952975654834e-14 3.221890487492837034e-16
4.032708191093018286e+03 5.534144993137683050e-14 2.859039025863036596e-16
4.038201532284219411e+03 5.667240176130082821e-14 2.806868433645130683e-16
4.043694873475420536e+03 5.781716646493461739e-14 2.828953155606676804e-16
4.049188214666621661e+03 5.887465541489146665e-14 2.869782901664894819e-16
4.054681555857822786e+03 6.042341599139196237e-14 2.888045135239199143e-16
4.060174897049023912e+03 6.088077313389389914e-14 2.904882150885279812e-16
4.065668238240225037e+03 6.193169084834487300e-14 2.913041156299845841e-16
4.071161579431426162e+03 6.306989199302664338e-14 3.176183158960246316e-16
4.076654920622627287e+03 6.346666134831209946e-14 3.367413419094926769e-16
4.082148261813828412e+03 6.346746276513360618e-14 2.925699587464450937e-16
4.087641603005029538e+03 6.308631150633545938e-14 2.919523317659744582e-16
4.093134944196230663e+03 6.306377380638588003e-14 2.927951213148217219e-16
4.098628285387431788e+03 6.258874275285222024e-14 3.424720613690964461e-16
4.104121626578633368e+03 6.166306634384638423e-14 2.881540836604926495e-16
4.109614967769834038e+03 6.103835115656669878e-14 3.250433847269485025e-16
4.115108308961034709e+03 6.022250596781824700e-14 2.858285824674125612e-16
4.120601650152236289e+03 5.932658786246295340e-14 2.838729535127628786e-16
4.126094991343437869e+03 5.857354219834067488e-14 2.949894144512300392e-16
4.131588332534638539e+03 5.724539335973574275e-14 2.761612834763354256e-16
4.137081673725839210e+03 5.647372611878761805e-14 2.743057262527350741e-16
4.142575014917040789e+03 5.491766534823410655e-14 2.841783137409043577e-16
4.148068356108242369e+03 5.367330955695096163e-14 2.748413572778037647e-16
4.153561697299443040e+03 5.311685236467105098e-14 3.018772388117283074e-16
4.159055038490643710e+03 5.330564395617875524e-14 2.656142651184208036e-16
4.164548379681845290e+03 5.320048852805782630e-14 2.644410971219207735e-16
4.170041720873046870e+03 5.285370762922099034e-14 2.632033563182293236e-16
4.175535062064247541e+03 5.417127582322886302e-14 2.663722873771736765e-16
4.181028403255448211e+03 5.438370501454200042e-14 2.658569224943847470e-16
4.186521744446649791e+03 5.545340555032353429e-14 2.688711405185728627e-16
4.192015085637851371e+03 5.648901767542417233e-14 2.696365492666819621e-16
4.197508426829052041e+03 5.529389572820310839e-14 2.668143855990971506e-16
4.203001768020252712e+03 5.436716212225882994e-14 2.654924153178725470e-16
4.208495109211454292e+03 5.224106899087742008e-14 2.613149239983119176e-16
4.213988450402655872e+03 5.135702762327475435e-14 2.577463971208376102e-16
4.219481791593856542e+03 4.906664793452945181e-14 2.511827527366420689e-16
4.224975132785057212e+03 4.850290402410756658e-14 2.506636492223636962e-16
4.230468473976258792e+03 4.724347421151611505e-14 2.464457969372621866e-16
4.235961815167460372e+03 4.593689358699976340e-14 2.437802123412610210e-16
4.241455156358661043e+03 4.537107731821345896e-14 2.466533896142957843e-16
4.246948497549861713e+03 4.395091684895823861e-14 2.381952910286982519e-16
4.252441838741063293e+03 4.299102593543316106e-14 2.352281228145683647e-16
4.257935179932264873e+03 4.079870813230728346e-14 2.475405659636069295e-16
4.263428521123465543e+03 4.027117354988593084e-14 2.289992934858650647e-16
4.268921862314666214e+03 3.916928503023973445e-14 2.238306004986787870e-16
4.274415203505867794e+03 3.801100794208954613e-14 2.198534028916500055e-16
4.279908544697069374e+03 3.731066256963071197e-14 2.182091183622199512e-16
4.285401885888270044e+03 3.695480870932177851e-14 2.206270218266427935e-16
4.290895227079470715e+03 3.453890826145159371e-14 2.098425341353757211e-16
4.296388568270672295e+03 3.451655085831054413e-14 2.092747038226167789e-16
4.301881909461873875e+03 3.336982080613387456e-14 2.074827502683454030e-16
4.307375250653074545e+03 3.274862342243112201e-14 2.080164595742728934e-16
4.312868591844275215e+03 3.235765760110864553e-14 2.029374989812101584e-16
4.318361933035476795e+03 3.210468345467299531e-14 2.036180115060881686e-16
4.323855274226678375e+03 3.171951739252502664e-14 1.996624825775265340e-16
4.329348615417879046e+03 3.244816384456593874e-14 2.080725621970030907e-16
4.334841956609079716e+03 3.274409840846126686e-14 2.024689407365153821e-16
4.340335297800281296e+03 3.316090872924326754e-14 2.026851751303909936e-16
4.345828638991482876e+03 3.371349451475824437e-14 2.034970502747638693e-16
4.351321980182683546e+03 3.479137420302198846e-14 2.060722910086986612e-16
4.356815321373884217e+03 3.501317700425932159e-14 2.065448667040454217e-16
4.362308662565085797e+03 3.501317700425932159e-14 2.056897086917697873e-16
4.367802003756287377e+03 3.533560556230232518e-14 2.071353931287569408e-16
4.373295344947488047e+03 3.591953625429340998e-14 2.082381515131225040e-16
4.378788686138688718e+03 3.670763735184420525e-14 2.111387895455460443e-16
4.384282027329890298e+03 3.753844123389207091e-14 2.125855367524714954e-16
4.389775368521091877e+03 3.758723907408306273e-14 2.117020187716388244e-16
4.395268709712292548e+03 3.830857560362389504e-14 2.131641005552726565e-16
4.400762050903493218e+03 3.891490144021567089e-14 2.142694699116026882e-16
4.406255392094694798e+03 3.930905410901345695e-14 2.157087440605421093e-16
4.411748733285896378e+03 3.931477686178079986e-14 2.172359685227028616e-16
4.417242074477097049e+03 3.931477686178079986e-14 2.182639988858218705e-16
4.422735415668297719e+03 3.931477686178079986e-14 2.154437145649123987e-16
4.428228756859499299e+03 3.931477686178079986e-14 2.149208068161619488e-16
4.433722098050700879e+03 3.931477686178079986e-14 2.149834122616272591e-16
4.439215439241901549e+03 3.906247265667944404e-14 2.146974275647702260e-16
4.444708780433102220e+03 3.866049258505944376e-14 2.370719898285200900e-16
4.450202121624303800e+03 3.785628763463080610e-14 2.086738727047519438e-16
4.455695462815505380e+03 3.919601493832617045e-14 2.155008825133607548e-16
4.461188804006706050e+03 3.882511122462621806e-14 2.122154333782051063e-16
4.466682145197906721e+03 4.040287219540860602e-14 2.144148615385739519e-16
4.472175486389108301e+03 4.115954377499773357e-14 2.159469550339477362e-16
4.477668827580309880e+03 4.199837671527128975e-14 2.180903159326729376e-16
4.483162168771510551e+03 4.276295454134619467e-14 2.193858129614243820e-16
4.488655509962711221e+03 4.325924217942906432e-14 2.208062080231978946e-16
4.494148851153912801e+03 4.418515707862394263e-14 2.228554717277536031e-16
4.499642192345114381e+03 4.490325209757649438e-14 2.290967000705821145e-16
4.505135533536315052e+03 4.490325209757649438e-14 2.275918395525915526e-16
4.510628874727515722e+03 4.490325209757649438e-14 2.242476514312639403e-16
4.516122215918717302e+03 4.490325209757649438e-14 2.259521393024391567e-16
4.521615557109918882e+03 4.490325209757649438e-14 2.254652099616000932e-16
4.527108898301119552e+03 4.469164910676893118e-14 2.231970820124257237e-16
4.532602239492320223e+03 4.445255585310226949e-14 2.231879495567607098e-16
4.538095580683521803e+03 4.445255585310226949e-14 2.272043714518316165e-16
4.543588921874723383e+03 4.445255585310226949e-14 2.268321682148777175e-16
4.549082263065924053e+03 4.413062056113239317e-14 2.217486666980249453e-16
4.554575604257124724e+03 4.397846297833633788e-14 2.228553871685400030e-16
4.560068945448326303e+03 4.389932732808785228e-14 2.208916653656857388e-16
4.565562286639527883e+03 4.308761922664423971e-14 2.190392624558769538e-16
4.571055627830728554e+03 4.217563340518281018e-14 2.172588378397948746e-16
4.576548969021929224e+03 4.271826278788635642e-14 2.173748999643998170e-16
4.582042310213130804e+03 4.213552720074582842e-14 2.164645364910392528e-16
4.587535651404332384e+03 4.299920332363826244e-14 2.199145892754453790e-16
4.593028992595533055e+03 4.244866425871191854e-14 2.186986316248407524e-16
4.598522333786733725e+03 4.320851870290106251e-14 2.199288146064814435e-16
4.604015674977935305e+03 4.402303187474851018e-14 2.209550586274191478e-16
4.609509016169136885e+03 4.402303187474851018e-14 2.216508102326337395e-16
4.615002357360337555e+03 4.473457743064160910e-14 2.249473922483474183e-16
4.620495698551538226e+03 4.556479496679949989e-14 2.267000667558487760e-16
4.625989039742739806e+03 4.510486257405066050e-14 2.249120227870766607e-16
4.631482380933941386e+03 4.542985538517137395e-14 2.247751554737555548e-16
4.636975722125142056e+03 4.503821460239914314e-14 2.271759336511434698e-16
4.642469063316342726e+03 4.276964700792654148e-14 2.185092179590924616e-16
4.647962404507544306e+03 4.276964700792654148e-14 2.204409995524111258e-16
4.653455745698745886e+03 4.251936553798008903e-14 2.167956231141283546e-16
4.658949086889946557e+03 4.170891773649653830e-14 2.159442196952499855e-16
4.664442428081147227e+03 4.072110475299451019e-14 2.169647274177954340e-16
4.669935769272348807e+03 3.929690320394398528e-14 2.092776648335838973e-16
4.675429110463550387e+03 3.786943311198751608e-14 2.051479307786117468e-16
4.680922451654751058e+03 3.682391558415520159e-14 2.033233050477000179e-16
4.686415792845951728e+03 3.618850602536403559e-14 2.200740600943192205e-16
4.691909134037153308e+03 3.608036536116954609e-14 2.017029730856132705e-16
4.697402475228354888e+03 3.608036536116954609e-14 2.068570870183396796e-16
4.702895816419555558e+03 3.571580996662173794e-14 2.004597414315413042e-16
4.708389157610756229e+03 3.551744829313211230e-14 1.997820307541133262e-16
4.713882498801957809e+03 3.551744829313211230e-14 2.001845250531664931e-16
4.719375839993159389e+03 3.532976027950678362e-14 1.993437166823514375e-16
4.724869181184360059e+03 3.532976027950678362e-14 1.994344559096470271e-16
4.730362522375560729e+03 3.532976027950678362e-14 1.987641809184896216e-16
4.735855863566762309e+03 3.532976027950678362e-14 2.009206018928903635e-16
4.741349204757963889e+03 3.496843586465868025e-14 2.009308290689011050e-16
4.746842545949164560e+03 3.465945097252327909e-14 1.982726707599451868e-16
4.752335887140365230e+03 3.429536640296141938e-14 1.968359396107135871e-16
4.757829228331566810e+03 3.302045667074127282e-14 1.929687364831079919e-16
4.763322569522768390e+03 3.271210280317096868e-14 1.921017183141230831e-16
4.768815910713969060e+03 3.167834163275154767e-14 1.893629837509252990e-16
4.774309251905169731e+03 3.051247829742013402e-14 1.891128253058867961e-16
4.779802593096371311e+03 2.992942255932269807e-14 1.844335033324236845e-16
4.785295934287572891e+03 2.947116882620536351e-14 1.819123185947234872e-16
4.790789275478773561e+03 2.929002790511936527e-14 1.820627581644388698e-16
4.796282616669974232e+03 2.988756291960240417e-14 1.843660862631086651e-16
4.801775957861175812e+03 3.054363953234464089e-14 1.836119143605921854e-16
4.807269299052377391e+03 3.094552911889360713e-14 1.855383346111648219e-16
4.812762640243578062e+03 3.127244699377756311e-14 1.894272836839653899e-16
4.818255981434778732e+03 3.154287912190520288e-14 1.854364384673986538e-16
4.823749322625980312e+03 3.143046547988691180e-14 1.858208227628243489e-16
4.829242663817181892e+03 3.158075395024485093e-14 1.859871683067634458e-16
4.834736005008382563e+03 3.007847278423755580e-14 1.808792171262769840e-16
4.840229346199583233e+03 2.971185708880315809e-14 1.803766564637134583e-16
4.845722687390784813e+03 2.893837067436624964e-14 1.778687802563100459e-16
4.851216028581986393e+03 2.818332142166181866e-14 1.875448529345141766e-16
4.856709369773187063e+03 2.703822055658301042e-14 1.721573719864374998e-16
4.862202710964387734e+03 2.629509548271825541e-14 1.696899681043086548e-16
4.867696052155589314e+03 2.470613579274325387e-14 1.637357674475437051e-16
4.873189393346790894e+03 2.419906253481395145e-14 1.642366560756173103e-16
4.878682734537991564e+03 2.387898057381909381e-14 1.608214761802430749e-16
4.884176075729192235e+03 2.344615305876504340e-14 1.591062976997235200e-16
4.889669416920393815e+03 2.324637966164215020e-14 1.584700863623350242e-16
4.895162758111595394e+03 2.362523531213698371e-14 1.606694835660302166e-16
4.900656099302796065e+03 2.444691230318662243e-14 1.633061562641700984e-16
4.906149440493996735e+03 2.459120195819597979e-14 1.776624134450199605e-16
4.911642781685198315e+03 2.529216276565825380e-14 1.695399267146191330e-16
4.917136122876399895e+03 2.609501361636245402e-14 1.658881112247043759e-16
4.922629464067600566e+03 2.676294889534671793e-14 1.716689109805620292e-16
4.928122805258801236e+03 2.712297747213649493e-14 1.674550111029405002e-16
4.933616146450002816e+03 2.671494131545731997e-14 1.703005865240996753e-16
4.939109487641204396e+03 2.643125081821883368e-14 1.690740017260945893e-16
4.944602828832405066e+03 2.621317988538100139e-14 1.703808568604278046e-16
4.950096170023605737e+03 2.612198185740399422e-14 1.704509671820944906e-16
4.955589511214807317e+03 2.597206487471455555e-14 1.626398460950689204e-16
4.961082852406008897e+03 2.589052488115459023e-14 1.641640375396015096e-16
4.966576193597209567e+03 2.520250422815855374e-14 1.630273634323579728e-16
4.972069534788410238e+03 2.520250422815855374e-14 1.598949409911326499e-16
4.977562875979611817e+03 2.493147234779833259e-14 1.625400156835448404e-16
4.983056217170813397e+03 2.439189856003724022e-14 1.570198175782289879e-16
4.988549558362014068e+03 2.419730409733024523e-14 1.566720341317304511e-16
4.994042899553214738e+03 2.340385947650447778e-14 1.545920226719042733e-16
4.999536240744416318e+03 2.332483867501771389e-14 1.530193776692978414e-16
5.005029581935617898e+03 2.355557207701764972e-14 1.536673008183021884e-16
5.010522923126818569e+03 2.332619080945902399e-14 1.520044343046292144e-16
5.016016264318019239e+03 2.288102538793042599e-14 1.512226087484682230e-16
5.021509605509220819e+03 2.355557207701764972e-14 1.522735045513720346e-16
5.027002946700422399e+03 2.367292087250791933e-14 1.520024745578963191e-16
5.032496287891623069e+03 2.426722124456790745e-14 1.550925651988859138e-16
5.037989629082823740e+03 2.426722124456790745e-14 1.533230328964447013e-16
5.043482970274025320e+03 2.440633854169690920e-14 1.544717440422656981e-16
5.048976311465226900e+03 2.486167144841944902e-14 1.565413432276661845e-16
5.054469652656427570e+03 2.506693375836503269e-14 1.584808220599301115e-16
5.059962993847628240e+03 2.506693375836503269e-14 1.539939272885291908e-16
5.065456335038829820e+03 2.599090125701233144e-14 1.580466668626091478e-16
5.070949676230031400e+03 2.658583873940727984e-14 1.573049318332086506e-16
5.076443017421232071e+03 2.680163869216090147e-14 1.574865961168989682e-16
5.081936358612432741e+03 2.767314207175791448e-14 1.601710772712844737e-16
5.087429699803634321e+03 2.871904961420728117e-14 1.624508386192575007e-16
5.092923040994835901e+03 2.937645925729800647e-14 1.643438065710283546e-16
5.098416382186036572e+03 3.018103790122424569e-14 1.678745917833553819e-16
5.103909723377237242e+03 3.115262988428861859e-14 1.688119273219546596e-16
5.109403064568438822e+03 3.127022087419803549e-14 1.672129700083407172e-16
5.114896405759640402e+03 3.157132485076839267e-14 1.678828740565611629e-16
5.120389746950841072e+03 3.184474376271074474e-14 1.677221619193349661e-16
5.125883088142041743e+03 3.258823963009498483e-14 1.713295509841729775e-16
5.131376429333243323e+03 3.306577965710221484e-14 1.704008592156189234e-16
5.136869770524444903e+03 3.333014018580559190e-14 1.701170966632269585e-16
5.142363111715645573e+03 3.369718040235252260e-14 1.954043164574458321e-16
5.147856452906846243e+03 3.362472110797603853e-14 1.706575404884035281e-16
5.153349794098047823e+03 3.294390088992714650e-14 1.704389299895062370e-16
5.158843135289249403e+03 3.294390088992714650e-14 1.702561730622292071e-16
5.164336476480450074e+03 3.198508931699297441e-14 1.792844357729340171e-16
5.169829817671650744e+03 3.189001683275560043e-14 1.657738082496402048e-16
5.175323158862852324e+03 3.166198428279796048e-14 1.649067163319614165e-16
5.180816500054053904e+03 3.130825813013778953e-14 1.643684553574320170e-16
5.186309841245254574e+03 3.155532751085672542e-14 1.636462648906622404e-16
5.191803182436455245e+03 3.123099816552472738e-14 1.628713909446327008e-16
5.197296523627656825e+03 3.127823948342805038e-14 1.644034271297407073e-16
5.202789864818858405e+03 3.137537934179126642e-14 1.778408697060426566e-16
5.208283206010059075e+03 3.181897155141183475e-14 1.651432813522931301e-16
5.213776547201259746e+03 3.197827749772126236e-14 1.647033933590592456e-16
5.219269888392461326e+03 3.188011652595801721e-14 1.638322894709333488e-16
5.224763229583662905e+03 3.206056843129670877e-14 1.636353623043156118e-16
5.230256570774863576e+03 3.214484018480147950e-14 1.641150445276720201e-16
5.235749911966064246e+03 3.161467543628556445e-14 1.621427308395346767e-16
5.241243253157265826e+03 3.155583059464829794e-14 1.616248856762336900e-16
5.246736594348467406e+03 3.060867466816429109e-14 1.598155523059469854e-16
5.252229935539668077e+03 2.987032962862296010e-14 1.593040158630122644e-16
5.257723276730868747e+03 2.871124589803579751e-14 1.549486438985245925e-16
5.263216617922070327e+03 2.795800830434179931e-14 1.566733886133456461e-16
5.268709959113271907e+03 2.638205087121521681e-14 1.485947675197364805e-16
5.274203300304472577e+03 2.509193310535102269e-14 1.463955005044747189e-16
5.279696641495673248e+03 2.351886363099111051e-14 1.420806128530258273e-16
5.285189982686874828e+03 2.250338938391283285e-14 1.211332886103708631e-16
5.289000000000000000e+03 2.231038385735097545e-14 9.559086865043882173e-17
5.290683323878076408e+03 2.210559144140462529e-14 1.172409198059467895e-16
5.296176665069277078e+03 2.152829683538917246e-14 9.466450628285856737e-17
5.298758161264207047e+03 2.145414961529418617e-14 8.015080769182874436e-17
5.301670006260477749e+03 2.137367667381099379e-14 9.043746251884959433e-17
5.307163347451679329e+03 2.111693969853836498e-14 1.027956071359997986e-16
5.308516322528414094e+03 2.102763995894363188e-14 9.078392081399812039e-17
5.312656688642880908e+03 2.125928102277320187e-14 8.005138308588382576e-17
5.318150029834081579e+03 2.117497377320507118e-14 1.056051639660184407e-16
5.318274483792621140e+03 2.116689953418937930e-14 1.045215357314807063e-16
5.323643371025282249e+03 2.143450341126324250e-14 8.880958125342230929e-17
5.328032645056828187e+03 2.143450341126324250e-14 9.149233438339205754e-17
5.329136712216483829e+03 2.143450341126324250e-14 1.017444934884930483e-16
5.334630053407685409e+03 2.149607881687226338e-14 8.750175411182124448e-17
5.337790806321035234e+03 2.143450341126324250e-14 8.001256586963631677e-17
5.340123394598886080e+03 2.155877313596678620e-14 9.574367965407404733e-17
5.345616735790086750e+03 2.156821528706565605e-14 9.982329807213556938e-17
5.347548967585242281e+03 2.155877313596678620e-14 8.317742585513914747e-17
5.351110076981288330e+03 2.188204479244067254e-14 8.722178132477795197e-17
5.356603418172489910e+03 2.197002404943930020e-14 1.018006916755219964e-16
5.357307128849449327e+03 2.197002404943930020e-14 9.450824748761436747e-17
5.362096759363690580e+03 2.228751762044621853e-14 8.550820638266237912e-17
5.367065290113656374e+03 2.275494968501085351e-14 9.998445336175453625e-17
5.367590100554891251e+03 2.280398894310006184e-14 1.054755287594600757e-16
5.373083441746092831e+03 2.319891463931702442e-14 8.931711680624002763e-17
5.376823451377863421e+03 2.349128579726373648e-14 8.816866653824756049e-17
5.378576782937294411e+03 2.360054833016289266e-14 1.054417865965620696e-16
5.384070124128495081e+03 2.366003589424346438e-14 1.014196230722632538e-16
5.386581612642070468e+03 2.366003589424346438e-14 8.516123407550859935e-17
5.389563465319695752e+03 2.366003589424346438e-14 9.597366739486892856e-17
5.395056806510897331e+03 2.366003589424346438e-14 1.051959617779360776e-16
5.396339773906277514e+03 2.368465749834433305e-14 9.229146577564209797e-17
5.400550147702098911e+03 2.374665409249011309e-14 8.770934686882952369e-17
5.406043488893299582e+03 2.374665409249011309e-14 1.038857612449268818e-16
5.406097935170484561e+03 2.374665409249011309e-14 1.033303945404575576e-16
5.411536830084500252e+03 2.374665409249011309e-14 8.599460201889690933e-17
5.415856096434691608e+03 2.374665409249011309e-14 9.222794226867548573e-17
5.417030171275701832e+03 2.374665409249011309e-14 1.039827888128185038e-16
5.422523512466903412e+03 2.369818105069187860e-14 9.067954446081113999e-17
5.425614257698898655e+03 2.369818105069187860e-14 8.329751715496472225e-17
5.428016853658104083e+03 2.369818105069187860e-14 9.845049168207994879e-17
5.433510194849304753e+03 2.335034436584041445e-14 1.109284072633634105e-16
5.435372418963105702e+03 2.321937764700573749e-14 9.685161497410702484e-17
5.439003536040506333e+03 2.274876187597001547e-14 8.972859013888586547e-17
5.444496877231707913e+03 2.211706556666360223e-14 9.641557876745133293e-17
5.445130580227312748e+03 2.211616970351188555e-14 9.083516498102794032e-17
5.449990218422908583e+03 2.185093815810650148e-14 7.789551755396344734e-17
5.454888741491519795e+03 2.144160701984419276e-14 8.923334295965386631e-17
5.455483559614109254e+03 2.140771546506021289e-14 9.427608676890833041e-17
5.460976900805310834e+03 2.087276491095909343e-14 7.663618694626910368e-17
5.464646902755726842e+03 2.050546329925908794e-14 7.743676037560005801e-17
5.466470241996512414e+03 2.037721828314322548e-14 9.059209947698138685e-17
5.471963583187713084e+03 1.973116309279088454e-14 8.515854821895163522e-17
5.474405064019933889e+03 1.959893414248085947e-14 7.476142998520587008e-17
5.477456924378913754e+03 1.950417816960064949e-14 7.998272179639503782e-17
5.482950265570115334e+03 1.893651324953058431e-14 8.620604832012092010e-17
5.484163225284140935e+03 1.892062187854525986e-14 7.751554259786593777e-17
5.488443606761316914e+03 1.896091471420438549e-14 6.972192330190820941e-17
5.493921386548347982e+03 1.897751313423914881e-14 8.604095437501353595e-17
5.493936947952517585e+03 1.897778270617603621e-14 8.614988466046132478e-17
5.499430289143718255e+03 1.955264750009510425e-14 7.217879405165213124e-17
5.503679547812555029e+03 1.982153158131892156e-14 7.924033624835403717e-17
5.504923630334919835e+03 1.991755674337107713e-14 8.793637483932877190e-17
5.510416971526121415e+03 2.101958563846179109e-14 8.700955507724675283e-17
5.513437709076762076e+03 2.114499460757158679e-14 7.946929931069948218e-17
5.515910312717322086e+03 2.157433477859349768e-14 9.362960041929768085e-17
5.521403653908522756e+03 2.250443424230639456e-14 9.270573921949805924e-17
5.523195870340969122e+03 2.250443424230639456e-14 7.983267665877791590e-17
5.526896995099724336e+03 2.311931489244343244e-14 7.732810709315592061e-17
5.532390336290925916e+03 2.356411741419166100e-14 9.442076556156281268e-17
5.532954031605176169e+03 2.356411741419166100e-14 9.005339123932048462e-17
5.537883677482126586e+03 2.405171666162457313e-14 7.649369477903848205e-17
5.542712192869383216e+03 2.444123167823263944e-14 9.146341295744892708e-17
5.543377018673327257e+03 2.449620780989118070e-14 9.676736273229753399e-17
5.548870359864528837e+03 2.499254725565813632e-14 8.159870780127309982e-17
5.552470354133590263e+03 2.510144049282330104e-14 8.580665341188961254e-17
5.554363701055730417e+03 2.518298892100561899e-14 9.939984267415554187e-17
5.559857042246931087e+03 2.589408162888613096e-14 9.479129949088053203e-17
5.562228515397797310e+03 2.599269814704978648e-14 8.258725596366510170e-17
5.565350383438131757e+03 2.632073100021554781e-14 8.615766360375459817e-17
5.570843724629333337e+03 2.674960679599502043e-14 1.007942548683713892e-16
5.571986676662004356e+03 2.677405012096168973e-14 9.144112909632323140e-17
5.576337065820534917e+03 2.695601931608841099e-14 8.088792892005459461e-17
5.581744837926211403e+03 2.731169806451487776e-14 1.003050911144060450e-16
5.581830407011735588e+03 2.731603149760305125e-14 1.009827451323724276e-16
5.587323748202936258e+03 2.755468483984939286e-14 8.168989766414330114e-17
5.591502999190418450e+03 2.768428327936469923e-14 9.167672732195990196e-17
5.592817089394137838e+03 2.776531773466735877e-14 1.023820373848850061e-16
5.598310430585339418e+03 2.807311384293941409e-14 1.018784991530285212e-16
5.601261160454625497e+03 2.820231985018013751e-14 9.298913546979272987e-17
5.603803771776540088e+03 2.833369433271891316e-14 1.091507408240878696e-16
5.609297112967740759e+03 2.881368510634192568e-14 1.158433894804244867e-16
5.611019321718832543e+03 2.883425512894363100e-14 9.816969243265956120e-17
5.614790454158942339e+03 2.889460752495914649e-14 9.833274135836767081e-17
5.620283795350143919e+03 2.890763056352524645e-14 1.153123056503430423e-16
5.620777482983039590e+03 2.889588816617521322e-14 1.099513039486972655e-16
5.625777136541344589e+03 2.891069307955143619e-14 9.506183971675978733e-17
5.630535644247246637e+03 2.889011213327546486e-14 1.085800987249693333e-16
5.631270477732545260e+03 2.888054243081166615e-14 1.165051214733596887e-16
5.636763818923746840e+03 2.849070921361543511e-14 8.711331679771129745e-17
5.640293805511453684e+03 2.835947616249084229e-14 8.762736657939611806e-17
5.642257160114948420e+03 2.835183968767745039e-14 1.013648982050384585e-16
5.647750501306149090e+03 2.801766594499514051e-14 9.796270265679372218e-17
5.650051966775660730e+03 2.796572466436485842e-14 8.683423418653165082e-17
5.653243842497349760e+03 2.785501095228021311e-14 8.756629580225812999e-17
5.658737183688551340e+03 2.747659643081479143e-14 9.988673439058173178e-17
5.659810128039867777e+03 2.742369949351869788e-14 9.197339990956921143e-17
5.664230524879752920e+03 2.736323891384369822e-14 7.863602089790419518e-17
5.669568289304074824e+03 2.702989906257431371e-14 9.770457792890512045e-17
5.669723866070953591e+03 2.702989906257431371e-14 9.880391016818786578e-17
5.675217207262154261e+03 2.698210378437908885e-14 7.830301354363747300e-17
5.679326450568281871e+03 2.670305403169823133e-14 8.852453704119909236e-17
5.680710548453355841e+03 2.670305403169823133e-14 9.822035866034605037e-17
5.686203889644557421e+03 2.643845912437820193e-14 8.722641841685868368e-17
5.689084611832488918e+03 2.643845912437820193e-14 1.238520453919096057e-16
5.698842773096695964e+03 2.625180477128348640e-14 1.233440523805076973e-16
5.708600934360903011e+03 2.602336787443546536e-14 1.218865525443049174e-16
5.718359095625110058e+03 2.577904113064546404e-14 1.206703801791173787e-16
5.728117256889317105e+03 2.577904113064546404e-14 1.265171619645388446e-16
5.737875418153524151e+03 2.537246434298044402e-14 1.191353701642833104e-16
5.747633579417731198e+03 2.489052319749517319e-14 1.176811791484724832e-16
5.757391740681938245e+03 2.469280813076524334e-14 1.174979586359730986e-16
5.767149901946145292e+03 2.430434410401335044e-14 1.160061713818827125e-16
5.776908063210352339e+03 2.362198094542074719e-14 1.141709661902448839e-16
5.786666224474559385e+03 2.345152233826929683e-14 1.135220158933523615e-16
5.796424385738766432e+03 2.370031856728116602e-14 1.146353859950919417e-16
5.806182547002973479e+03 2.347062955137760852e-14 1.129046953575597232e-16
5.815940708267180526e+03 2.341011218433216227e-14 1.137374759303689056e-16
5.825698869531387572e+03 2.416260242902540472e-14 1.136884920483879339e-16
5.835457030795594619e+03 2.429795179604015255e-14 1.174693518417066502e-16
5.845215192059801666e+03 2.455849156680869174e-14 1.135699788217827613e-16
5.854973353324008713e+03 2.443689211463993212e-14 1.144696095919353050e-16
5.864731514588215759e+03 2.456010645844130047e-14 1.150841831989690708e-16
5.874489675852422806e+03 2.438974794449459687e-14 1.140297472072656961e-16
5.884247837116629853e+03 2.422788773687817738e-14 1.126625394934517315e-16
5.894005998380836900e+03 2.395777234530457837e-14 1.131261699061339098e-16
5.903764159645043947e+03 2.420363494527328499e-14 1.127504243652287305e-16
5.913522320909250993e+03 2.385478924519695232e-14 1.503766703156293846e-16
5.923280482173458040e+03 2.354684065270372345e-14 1.502059864716071872e-16
5.933038643437665087e+03 2.369179249518296949e-14 1.112260757305933723e-16
5.942796804701872134e+03 2.468391731960127209e-14 1.473031231163381368e-16
5.952554965966079180e+03 2.507351002217975822e-14 1.445632742510475958e-16
5.962313127230286227e+03 2.446723341279647086e-14 1.134659439707528029e-16
5.972071288494493274e+03 2.454288850328221297e-14 1.144733684529219095e-16
5.981829449758700321e+03 2.423174279121429505e-14 1.127367310685764927e-16
5.991587611022907367e+03 2.421152326352802147e-14 1.154569013720094652e-16
6.001345772287114414e+03 2.419280968693056393e-14 1.201642273166629494e-16
6.011103933551321461e+03 2.419280968693056393e-14 1.129337554233114958e-16
6.020862094815528508e+03 2.419280968693056393e-14 1.147542972389385197e-16
6.030620256079735555e+03 2.390713337629197293e-14 1.109493666418465378e-16
6.040378417343942601e+03 2.357853453986238887e-14 1.098530633292913490e-16
6.050136578608149648e+03 2.336742296819606841e-14 1.090870244138280241e-16
6.059894739872356695e+03 2.297819940759848755e-14 1.251539291825154294e-16
6.069652901136563742e+03 2.244476606121964875e-14 1.075313722267796706e-16
6.079411062400770788e+03 2.152369909989714756e-14 1.071804705604070705e-16
6.089169223664977835e+03 2.059951697139813808e-14 1.241836140189804110e-16
6.098927384929184882e+03 1.788995773699025398e-14 1.239262407456336308e-16
6.108685546193391929e+03 1.558013551843458047e-14 8.944381043821522482e-17
6.118443707457598975e+03 1.344997746106553154e-14 8.383437060487744061e-17
6.128201868721806022e+03 1.154421153113350281e-14 7.831757216238973342e-17
6.137960029986013069e+03 1.011711731775738233e-14 7.559032180479551145e-17
6.147718191250220116e+03 9.245495098247577201e-15 7.190244668451859941e-17
6.157476352514427163e+03 8.608307717695462047e-15 6.988112760320147825e-17
6.167234513778634209e+03 8.371675459410812033e-15 6.835761801185944929e-17
6.176992675042841256e+03 8.558779965751536560e-15 7.086641946119723822e-17
6.186750836307048303e+03 9.220729408857324286e-15 8.512348782643743804e-17
6.196508997571255350e+03 1.016935182590549235e-14 8.161959680174962458e-17
6.206267158835462396e+03 1.132886279972888620e-14 7.804699183187380548e-17
6.216025320099669443e+03 1.255025203124026565e-14 8.243604327213911206e-17
6.225783481363876490e+03 1.369511113486452575e-14 8.312843107015137969e-17
6.235541642628083537e+03 1.476308029511324889e-14 8.714267224654230339e-17
6.245299803892290583e+03 1.612649522427832058e-14 8.918697803419398946e-17
6.255057965156497630e+03 1.717406675653041700e-14 9.506095386586616298e-17
6.264816126420704677e+03 1.778358586580149991e-14 9.284926395570466829e-17
6.274574287684911724e+03 1.822930279601208814e-14 9.371807112744974303e-17
6.284332448949118771e+03 1.900577683481568101e-14 1.161520404595572327e-16
6.294090610213325817e+03 1.913519898717005221e-14 1.190513498337014753e-16
6.303848771477532864e+03 1.954949965147912319e-14 9.648591450528583841e-17
6.313606932741739911e+03 1.965820257938795453e-14 1.559796084594421107e-16
6.323365094005946958e+03 1.965820257938795453e-14 1.527316886066468508e-16
6.333123255270154004e+03 1.965820257938795453e-14 1.067923170934082040e-16
6.342881416534361051e+03 1.965820257938795453e-14 9.995279709091008728e-17
6.352639577798568098e+03 1.965820257938795453e-14 1.163254051587653056e-16
6.362397739062775145e+03 1.928028260109297676e-14 1.172657946980039031e-16
6.372155900326982191e+03 1.914120881585702982e-14 9.410522789889039972e-17
6.381914061591189238e+03 1.896690733102411508e-14 9.291503876612150171e-17
6.391672222855396285e+03 1.890287047749125602e-14 9.322572562687523947e-17
6.401430384119603332e+03 1.861121503738633148e-14 9.183257213617886468e-17
6.411188545383810379e+03 1.861121503738633148e-14 9.206482674623396793e-17
6.420946706648017425e+03 1.861121503738633148e-14 9.235645443061624280e-17
6.430704867912224472e+03 1.826110153235696629e-14 9.138906321290879861e-17
6.440463029176431519e+03 1.816639215073340492e-14 9.103401957015776681e-17
6.450221190440638566e+03 1.816639215073340492e-14 9.070431517818135548e-17
6.459979351704845612e+03 1.786250477013196478e-14 9.085344812292626467e-17
6.469737512969052659e+03 1.774481327240933731e-14 9.148708884242281072e-17
6.479495674233259706e+03 1.774481327240933731e-14 9.045773108475374044e-17
6.489253835497466753e+03 1.748733630063917905e-14 8.931436505445167248e-17
6.499011996761673799e+03 1.747781108004994250e-14 8.926010816234686943e-17
6.508770158025880846e+03 1.739277934995394502e-14 8.910300519600304006e-17
6.518528319290087893e+03 1.714999839664186183e-14 9.248858480482842484e-17
6.528286480554294940e+03 1.704309339613546587e-14 9.010081550026895063e-17
6.538044641818501987e+03 1.689892777783960961e-14 8.844549277185486432e-17
6.547802803082709033e+03 1.682587547657514185e-14 8.892586534033534150e-17
6.557560964346916080e+03 1.664335718213771883e-14 8.772139221139060995e-17
6.567319125611123127e+03 1.664335718213771883e-14 8.812820027973068631e-17
6.577077286875330174e+03 1.639644429348344830e-14 8.776918848832653494e-17
6.586835448139537220e+03 1.620039567593149515e-14 8.749582584587314421e-17
6.596593609403744267e+03 1.587830091321066616e-14 8.754619313048109953e-17
6.606351770667951314e+03 1.572424378242869230e-14 8.706520795818001847e-17
6.616109931932158361e+03 1.546641245329992187e-14 8.621002382881661683e-17
6.625868093196365407e+03 1.517271330822368934e-14 8.589260697495024247e-17
6.635626254460572454e+03 1.500897204474521867e-14 8.545753673687580447e-17
6.645384415724779501e+03 1.489209442566937467e-14 8.511082713304869407e-17
6.655142576988986548e+03 1.446861765490077791e-14 8.431450370604095879e-17
6.664900738253193595e+03 1.413528722643841596e-14 8.266536605160441971e-17
6.674658899517400641e+03 1.383590780549604524e-14 8.656873617778894261e-17
6.684417060781607688e+03 1.383590780549604524e-14 8.537282738132511244e-17
6.694175222045814735e+03 1.352478278312092853e-14 8.156092761048533764e-17
6.703933383310021782e+03 1.346280131873204250e-14 8.014297568727000593e-17
6.713691544574228828e+03 1.317416304590911617e-14 7.978727881177728280e-17
6.723449705838435875e+03 1.310980236919801060e-14 8.029365169529595965e-17
6.733207867102642922e+03 1.286818059484206361e-14 7.997551503680471363e-17
6.742966028366849969e+03 1.283774009583886306e-14 7.891387121715002247e-17
6.752724189631057016e+03 1.241838795495939398e-14 7.745421255107760928e-17
6.762482350895264062e+03 1.232184427214914493e-14 7.742321507087974081e-17
6.772240512159471109e+03 1.212333225124549236e-14 7.842007372306648842e-17
6.781998673423678156e+03 1.176067531881796617e-14 7.609926507937469444e-17
6.791756834687885203e+03 1.172360735549216173e-14 7.654966127530199203e-17
6.801514995952092249e+03 1.144001723774441136e-14 7.636092956971431796e-17
6.811273157216299296e+03 1.119318296231831275e-14 7.407394034163883974e-17
6.821031318480506343e+03 1.119318296231831275e-14 7.794542860093000162e-17
6.830789479744713390e+03 1.119097634109379995e-14 7.683532190451399707e-17
6.840547641008920436e+03 1.107174750564623382e-14 7.647651514939988795e-17
6.850305802273127483e+03 1.095887411766268301e-14 7.585497829862437150e-17
6.860063963537334530e+03 1.083101498572200883e-14 7.463693823475871674e-17
6.869822124801541577e+03 1.064858473686545321e-14 8.476615338510201937e-17
6.879580286065748624e+03 1.038527411870807232e-14 7.940754753358812245e-17
6.889338447329955670e+03 1.038527411870807232e-14 7.490089809401826969e-17
6.899096608594162717e+03 1.029549035081172399e-14 7.538391746080930533e-17
6.908854769858369764e+03 1.011483412022249937e-14 7.141161486311843678e-17
6.918612931122576811e+03 9.915267638237408953e-15 7.190622626171223809e-17
6.928371092386783857e+03 9.829424777714335690e-15 7.295494672946540971e-17
6.938129253650990904e+03 9.562930471772142972e-15 7.049774850595718700e-17
6.947887414915197951e+03 9.562930471772142972e-15 7.135383269872054894e-17
6.957645576179404998e+03 9.562930471772142972e-15 7.181629474036609588e-17
6.967403737443612044e+03 9.486792564322663525e-15 7.049253418074920190e-17
6.977161898707819091e+03 9.486792564322663525e-15 7.357570510620902872e-17
6.986920059972026138e+03 9.378174398743995285e-15 7.643898059789957281e-17
6.996678221236233185e+03 9.245494089426389588e-15 7.037414324235473592e-17
7.006436382500440232e+03 9.126412709849720648e-15 7.013799791189665391e-17
7.016194543764647278e+03 9.126412709849720648e-15 6.894343608822156631e-17
7.025952705028854325e+03 9.126412709849720648e-15 7.270563586411046939e-17
7.035710866293061372e+03 8.828844670792450274e-15 6.783946052813450717e-17
7.045469027557268419e+03 8.729937825264339807e-15 6.725554764430110690e-17
7.055227188821475465e+03 8.638591133801242642e-15 6.700433131189262222e-17
7.064985350085682512e+03 8.638591133801242642e-15 6.814463644144954042e-17
7.074743511349889559e+03 8.582855267429411605e-15 6.750710377283815458e-17
7.084501672614096606e+03 8.456362530953248033e-15 6.696732372249156504e-17
7.094259833878303652e+03 8.444959751252225093e-15 6.657497376926164815e-17
7.104017995142510699e+03 8.456362530953248033e-15 6.666941411629804687e-17
7.113776156406717746e+03 8.444959751252225093e-15 6.720366082797052769e-17
7.123534317670924793e+03 8.344686645330067419e-15 6.801849872714401793e-17
7.133292478935131840e+03 8.370352242145182211e-15 6.617248605634790502e-17
7.143050640199338886e+03 8.344686645330067419e-15 6.730068962988041925e-17
7.152808801463545933e+03 8.344686645330067419e-15 6.752974090470095784e-17
7.162566962727752980e+03 8.322239298893056419e-15 6.678658329819650270e-17
7.172325123991960027e+03 8.104937058316953478e-15 6.649997080081415836e-17
7.182083285256167073e+03 8.253226977046974100e-15 7.678486147046699976e-17
7.191841446520374120e+03 6.804067015111499066e-15 7.525198051375615738e-17
7.201599607784581167e+03 8.104937058316953478e-15 6.968045691632601613e-17
7.211357769048788214e+03 8.069599491187054333e-15 6.721629969198148066e-17
7.221115930312995260e+03 8.069599491187054333e-15 7.004546019011846426e-17
7.230874091577202307e+03 8.069599491187054333e-15 6.880312005939764827e-17
7.240632252841409354e+03 8.069599491187054333e-15 7.003223170321673076e-17
7.250390414105616401e+03 7.914975243774625230e-15 6.996260861393386224e-17
7.260148575369823448e+03 7.914975243774625230e-15 7.831549971086854276e-17
7.269906736634030494e+03 7.888445091045250874e-15 6.998880498947007267e-17
7.279664897898237541e+03 7.759293206308758230e-15 6.752248491883508204e-17
7.289423059162444588e+03 7.820413434374171970e-15 6.833185249714303399e-17
7.299181220426651635e+03 7.759293206308758230e-15 6.860722157775653481e-17
7.308939381690858681e+03 7.536513739109985023e-15 6.931871529294629015e-17
7.318697542955065728e+03 7.498716282602365724e-15 7.052740056603408587e-17
7.328455704219272775e+03 7.175678905549156130e-15 7.414842430235807101e-17
7.338213865483479822e+03 7.202749154866111270e-15 6.836416025144268943e-17
7.347972026747686868e+03 7.007140163466072271e-15 6.911501866708854852e-17
7.357730188011893915e+03 6.733565603457735398e-15 6.612493983783042538e-17
7.367488349276100962e+03 6.607116190516284082e-15 6.600318380375215013e-17
7.377246510540308009e+03 6.451386225345432711e-15 6.528207947594199366e-17
7.387004671804515056e+03 6.441594831267705523e-15 6.606021243176622496e-17
7.396762833068722102e+03 6.283380804262601035e-15 6.523691454763453197e-17
7.406520994332929149e+03 6.059297925546649101e-15 6.448769934984280298e-17
7.416279155597136196e+03 6.147414247179758622e-15 6.514621781274422558e-17
7.426037316861343243e+03 6.240829158077845186e-15 6.574380598174732100e-17
7.435795478125550289e+03 5.999646980375968868e-15 6.499721702004842585e-17
7.445553639389757336e+03 5.919281704664333279e-15 6.465582764296198202e-17
7.455311800653964383e+03 5.731652657726962259e-15 6.334397254633392715e-17
7.465069961918171430e+03 5.658793917430497687e-15 6.343896773719158091e-17
7.474828123182378476e+03 5.512351513023224470e-15 6.308309068748994170e-17
7.484586284446585523e+03 5.270201327503877729e-15 6.249516878824716864e-17
7.494344445710792570e+03 5.184926872562673219e-15 6.267031813080713313e-17
7.504102606974999617e+03 4.945954845949937377e-15 6.276180767369926121e-17
7.513860768239206664e+03 4.825061873872385669e-15 6.092800560970017852e-17
7.523618929503413710e+03 4.774143852503187397e-15 6.042035696536059105e-17
7.533377090767620757e+03 4.991296686669509204e-15 6.331464225539131916e-17
7.543135252031827804e+03 4.724856430017316952e-15 6.255266151230650849e-17
7.552893413296034851e+03 4.680016354757440787e-15 6.028916848835659677e-17
7.562651574560241897e+03 4.851647209500649833e-15 6.336821466704920823e-17
7.572409735824448944e+03 4.907467886272520631e-15 6.186568963777953389e-17
7.582167897088655991e+03 5.112023282182431804e-15 6.377121393706621250e-17
7.591926058352863038e+03 5.325866196764568837e-15 6.535621724220841021e-17
7.601684219617070084e+03 5.183385680174933841e-15 6.327682564051335090e-17
7.611442380881277131e+03 5.001450380124100421e-15 6.336980356741939392e-17
7.621200542145484178e+03 5.101773729281302147e-15 6.391606406383087487e-17
7.630958703409691225e+03 5.257338272521577975e-15 6.448060261723887287e-17
7.640716864673898272e+03 5.341445477893829022e-15 6.469735622125990286e-17
7.650475025938105318e+03 5.325941331236108434e-15 6.873068296102094782e-17
7.660233187202312365e+03 5.069850281280916922e-15 6.480618305196494888e-17
7.669991348466519412e+03 5.242425531565327511e-15 6.497386091676272644e-17
7.679749509730726459e+03 5.339655899672234234e-15 6.862024994797104693e-17
7.689507670994933505e+03 5.322125961515581957e-15 6.786493203236554225e-17
7.699265832259140552e+03 5.166153593279250495e-15 6.576352265539591210e-17
7.709023993523347599e+03 5.217351776937167013e-15 6.692530900403868081e-17
7.718782154787554646e+03 5.494361915962556298e-15 6.836511903272813635e-17
7.728540316051761693e+03 5.526588402864405252e-15 8.011286604581471752e-17
7.738298477315968739e+03 5.324247274489574044e-15 6.811910409406980580e-17
7.748056638580175786e+03 5.328249717591562498e-15 6.883850626297499744e-17
7.757814799844382833e+03 5.636722517136502908e-15 7.147735566174257739e-17
7.767572961108589880e+03 6.021329690078288551e-15 7.656209227798276355e-17
7.777331122372796926e+03 6.109488443366968082e-15 7.493074884181704183e-17
7.787089283637003973e+03 6.154184829318657743e-15 7.578266065160544088e-17
7.796847444901211020e+03 6.040803285827622439e-15 7.752726984761682170e-17
7.806605606165418067e+03 6.045477349939668172e-15 7.959751699633229729e-17
7.816363767429625113e+03 6.567311695418554121e-15 7.758612058140270514e-17
7.826121928693832160e+03 6.959481065084215478e-15 7.803648407625942181e-17
7.835880089958039207e+03 6.615690975689939174e-15 7.943647548646628367e-17
7.845638251222246254e+03 6.684339952328084800e-15 7.744271033853309989e-17
7.855396412486453301e+03 6.671568444061680661e-15 7.861595656692643100e-17
7.865154573750660347e+03 6.593034573274063583e-15 7.853903448175023941e-17
7.874912735014867394e+03 6.580567434226982603e-15 8.416671782049007066e-17
7.884670896279074441e+03 6.979190860636062845e-15 8.138313822184718877e-17
7.894429057543281488e+03 7.370867752603675859e-15 8.385602430467527814e-17
7.904187218807488534e+03 7.253933734818096599e-15 8.265411468920179060e-17
7.913945380071695581e+03 7.053539867591811038e-15 8.274863890062860148e-17
7.923703541335902628e+03 6.725516861788613765e-15 8.154988496800927179e-17
7.933461702600109675e+03 7.232566384078286006e-15 8.506108720982154377e-17
7.943219863864316721e+03 7.342977170965793504e-15 8.513434205772442792e-17
7.952978025128523768e+03 7.133788912276013301e-15 8.721823009920791259e-17
7.962736186392730815e+03 6.829992269932945207e-15 8.663720970854733718e-17
7.972494347656937862e+03 6.835617909340580926e-15 8.553837076174991611e-17
7.982252508921144909e+03 7.199830200724209859e-15 8.676931896664578474e-17
7.992010670185351955e+03 7.227330341430915366e-15 8.805572133756682819e-17
8.001768831449559002e+03 6.779473014457594965e-15 9.389289860376810599e-17
8.011526992713766049e+03 6.469820985342414249e-15 1.020837207769448728e-16
8.021285153977973096e+03 6.548508952575120243e-15 8.570553649507166433e-17
8.031043315242180142e+03 6.718205528254431444e-15 8.891069079800726488e-17
8.040801476506387189e+03 6.911121295252330511e-15 8.785691612269540192e-17
8.050559637770594236e+03 6.737110102795872454e-15 8.733857499502161266e-17
8.060317799034801283e+03 6.376269633248242692e-15 8.692622559962565162e-17
8.070075960299008329e+03 6.282533891786711614e-15 8.782904976086104467e-17
8.079834121563215376e+03 5.863393024575325661e-15 8.675931712182084951e-17
8.089592282827422423e+03 5.728465787646205257e-15 8.450313985213023622e-17
8.099350444091629470e+03 5.973597210698831747e-15 8.743818994076642145e-17
8.109108605355836517e+03 6.037162724967351386e-15 8.784139754731138634e-17
8.118866766620043563e+03 6.247776056914948654e-15 9.043929711398547259e-17
8.128624927884250610e+03 6.063943187983583864e-15 9.507213492747683178e-17
8.138383089148457657e+03 6.016786710818180791e-15 1.071816663838459129e-16
8.148141250412664704e+03 6.021445126543808824e-15 9.132683926445222426e-17
8.157899411676871750e+03 5.973332261318679574e-15 8.810941918711207715e-17
8.167657572941078797e+03 6.220623848178171290e-15 8.983657759186344046e-17
8.177415734205285844e+03 6.046634311503659029e-15 9.169639057258364423e-17
8.187173895469492891e+03 5.818400420260814734e-15 9.364212383966912028e-17
8.196932056733699937e+03 5.492722915718091512e-15 9.144815559550551256e-17
8.206690217997907894e+03 5.338727151203023528e-15 8.893389186744680412e-17
8.216448379262114031e+03 5.089433522350462054e-15 8.695460144940995835e-17
8.226206540526320168e+03 4.559856281512273753e-15 8.453664089316670977e-17
8.235964701790528125e+03 4.356892039771882045e-15 8.498798059033061855e-17
8.245722863054736081e+03 4.080597879624771675e-15 8.249624038366930125e-17
8.255481024318942218e+03 3.855802642633869672e-15 8.250114856968447900e-17
8.265239185583148355e+03 4.013193532534440675e-15 8.240818265544162596e-17
8.274997346847356312e+03 4.029155234478560821e-15 8.416476297423009465e-17
8.284755508111564268e+03 3.881387975560969360e-15 8.620948134558052642e-17
8.294513669375770405e+03 3.739319069985920763e-15 8.968102658655712424e-17
8.304271830639976542e+03 3.687446506928717811e-15 8.143454148875608169e-17
8.314029991904184499e+03 4.026455008124012708e-15 8.876143459832196143e-17
8.323788153168392455e+03 4.190756738092707169e-15 8.744288509669166245e-17
8.333546314432598592e+03 4.536845267769302929e-15 8.796322206183826914e-17
8.343304475696804730e+03 4.740565896581181347e-15 9.004889021338785510e-17
8.353062636961012686e+03 4.647960595009340693e-15 9.587806924950532703e-17
8.362820798225220642e+03 4.360250037567219819e-15 8.795955774521395794e-17
8.372578959489426779e+03 4.428430484357842738e-15 8.733740467598116806e-17
8.382337120753632917e+03 4.571907997653448966e-15 8.695732860704663242e-17
8.392095282017840873e+03 4.996402813467289785e-15 9.107248187479324752e-17
8.401853443282048829e+03 4.991713146219329124e-15 9.703581138997891540e-17
8.411611604546254966e+03 4.653997518644125544e-15 9.363643730191424550e-17
8.421369765810461104e+03 4.754892977570644168e-15 8.863097909476654958e-17
8.431127927074669060e+03 5.310957856077349916e-15 9.320303610865021332e-17
8.440886088338877016e+03 5.613370925020674241e-15 9.365228018459069027e-17
8.450644249603083153e+03 5.932126219149187784e-15 9.511515582772527425e-17
8.460402410867289291e+03 6.570565106850858476e-15 1.116532796370675810e-16
8.470160572131497247e+03 6.359639402936191807e-15 9.621270182410375059e-17
8.479918733395705203e+03 3.495821442018371833e-15 9.937518424257709147e-17
8.489676894659911341e+03 5.973659732756722723e-15 9.501996240900715828e-17
8.499435055924117478e+03 6.164555477370039657e-15 9.703731325160006941e-17
8.509193217188325434e+03 6.319930732161725787e-15 9.756649996070782673e-17
8.518951378452533390e+03 6.564704018989618694e-15 9.807741099887123959e-17
8.528709539716739528e+03 7.024046535854083186e-15 1.073226296941096623e-16
8.538467700980945665e+03 7.279224576287318392e-15 1.017212907454526074e-16
8.548225862245153621e+03 7.052008251890877800e-15 1.017055521911856490e-16
8.557984023509361577e+03 6.779842815853678870e-15 9.833887125191580306e-17
8.567742184773567715e+03 6.309763503846683346e-15 1.039774517623818407e-16
8.577500346037773852e+03 6.268470396365561420e-15 9.611601065236597956e-17
8.587258507301981808e+03 6.456934000848923053e-15 9.902840654274411985e-17
8.597016668566189765e+03 6.875407476717465259e-15 1.030465730627215455e-16
8.606774829830395902e+03 7.219907088498735319e-15 1.017711780221599360e-16
8.616532991094602039e+03 6.992685608088335657e-15 9.941680282162830897e-17
8.626291152358809995e+03 7.158516564543244052e-15 1.012709663781431230e-16
8.636049313623017952e+03 6.848217202656700108e-15 1.017027254283159934e-16
8.645807474887224089e+03 6.108163190648941886e-15 9.606560201108185057e-17
8.655565636151430226e+03 6.341837151944823994e-15 9.886139263736285931e-17
8.665323797415638182e+03 6.265832436537010919e-15 9.734584073105442671e-17
8.675081958679846139e+03 6.691948267820425953e-15 9.801603144095454304e-17
8.684840119944052276e+03 7.215218185877828695e-15 1.013676426863732713e-16
8.694598281208258413e+03 6.903183595307681422e-15 1.030753810909176407e-16
8.704356442472466370e+03 6.556581905918461472e-15 1.013332496864916321e-16
8.714114603736674326e+03 6.448299760364306541e-15 9.735982228284938425e-17
8.723872765000880463e+03 6.183774805983647842e-15 9.791026408415612928e-17
8.733630926265086600e+03 6.469981005398565746e-15 9.704109026961570536e-17
8.743389087529294557e+03 6.795721609127409812e-15 1.013873014147360228e-16
8.753147248793502513e+03 6.717576163644643573e-15 1.026928674187861901e-16
8.762905410057708650e+03 6.213190480419497498e-15 9.732706315202877286e-17
8.772663571321914787e+03 6.404483526250978430e-15 9.994422836655805271e-17
8.782421732586122744e+03 6.203241981169952348e-15 9.644418514315318933e-17
8.792179893850330700e+03 6.003865183917977432e-15 1.024477791822253198e-16
8.801938055114536837e+03 6.432870259360102753e-15 9.963595156507068038e-17
8.811696216378742974e+03 6.733734451670981591e-15 1.166330277389175013e-16
8.821454377642950931e+03 6.266690456572240007e-15 1.149356102981720688e-16
8.831212538907158887e+03 5.934198707383395220e-15 9.981468608387936130e-17
8.840970700171365024e+03 5.879245084875213575e-15 1.105159001100098756e-16
8.850728861435571162e+03 5.909656813337058778e-15 9.438637487096014551e-17
8.860487022699779118e+03 5.634751504815294559e-15 1.022888228274328993e-16
8.870245183963987074e+03 5.638040444350080696e-15 1.021041009234574858e-16
8.880003345228193211e+03 6.000990844582918551e-15 1.051605647599833886e-16
8.889761506492399349e+03 5.534543606869300914e-15 1.025014920300993272e-16
8.899519667756607305e+03 5.376385576291761103e-15 1.040425863164275987e-16
8.909277829020815261e+03 5.119547856126636675e-15 1.017820543249213093e-16
8.919035990285021398e+03 5.288735853417147423e-15 9.291520955622750698e-17
8.928794151549227536e+03 4.887898404995078196e-15 9.458967145076736565e-17
8.938552312813435492e+03 4.614199658540408511e-15 9.456771591321394913e-17
8.948310474077643448e+03 4.591527520479030596e-15 8.828935850148531468e-17
8.958068635341849586e+03 4.629549983883272392e-15 1.086934886660642359e-16
8.967826796606055723e+03 4.683620291605018089e-15 9.009808035447138168e-17
8.977584957870263679e+03 4.572606479423366943e-15 9.098498461016122673e-17
8.987343119134471635e+03 4.664716836614899617e-15 9.152445201739382413e-17
8.997101280398677773e+03 4.810734299366616472e-15 9.908482673045278204e-17
9.006859441662883910e+03 4.453382184297187450e-15 8.710233722843222835e-17
9.016617602927091866e+03 4.401164146435249540e-15 9.869330216257699171e-17
9.026375764191299822e+03 5.012210774318713796e-15 1.161412536684499961e-16
9.036133925455505960e+03 4.517563096889820648e-15 8.955299381104331317e-17
9.045892086719712097e+03 4.661948155441619609e-15 9.077307676586245651e-17
9.055650247983920053e+03 4.823813507889504356e-15 9.461319877080665161e-17
9.065408409248128009e+03 4.136862929101994074e-15 8.635758639715537329e-17
9.075166570512334147e+03 3.986777564905141955e-15 9.275827439764382595e-17
9.084924731776540284e+03 3.942406987271343391e-15 8.617194638865586030e-17
9.094682893040748240e+03 4.084355410086840971e-15 9.626934577689673653e-17
9.104441054304956197e+03 4.194771326898469382e-15 9.163822946420704805e-17
9.114199215569162334e+03 4.289167607571447404e-15 1.080514825766510675e-16
9.123957376833368471e+03 4.496882779263223742e-15 1.121511463967246266e-16
9.133715538097576427e+03 4.296853871963756900e-15 8.684866431581591031e-17
9.143473699361784384e+03 4.303794066598254011e-15 8.856635231598139950e-17
9.153231860625990521e+03 3.769538649673008832e-15 8.560688487656509118e-17
9.162990021890196658e+03 3.526442049926402229e-15 8.746454302338014932e-17
9.172748183154404614e+03 3.736815019098059785e-15 8.490346422499143202e-17
9.182506344418612571e+03 3.987610445339117936e-15 8.939606417275010492e-17
9.192264505682818708e+03 4.181366527484622513e-15 8.717112552170889642e-17
9.202022666947024845e+03 3.934630295262714886e-15 8.872597455173453518e-17
9.211780828211232802e+03 3.597307414526141258e-15 8.531892825078122834e-17
9.221538989475440758e+03 3.278809723299492951e-15 9.251372713008518026e-17
9.231297150739646895e+03 3.466471114000012994e-15 8.944787521724119207e-17
9.241055312003853032e+03 3.750072546781102133e-15 8.611811666016766176e-17
9.250813473268060989e+03 3.924850913103237300e-15 8.582175026294141613e-17
9.260571634532268945e+03 4.104420420509722146e-15 8.807205201773069372e-17
9.270329795796475082e+03 3.865848648566571638e-15 8.786328755280721091e-17
9.280087957060681219e+03 3.564523952616646757e-15 8.702160213734971062e-17
9.289846118324889176e+03 3.283624788859885587e-15 8.373552250441927122e-17
9.299604279589097132e+03 3.085766157472830397e-15 8.297329971170524066e-17
9.309362440853303269e+03 2.974536402106391412e-15 8.341273942449442331e-17
9.319120602117509407e+03 3.009699857741448632e-15 8.427849458956027907e-17
9.328878763381717363e+03 3.355512575740673631e-15 8.445792381723993965e-17
9.338636924645925319e+03 3.472385539928238922e-15 8.795941155019262200e-17
9.348395085910131456e+03 3.808796634497725654e-15 1.042248021472956114e-16
9.358153247174337594e+03 3.812556218677167491e-15 9.030996503230889646e-17
9.367911408438545550e+03 3.669986441893667065e-15 8.909272313459819330e-17
9.377669569702753506e+03 2.896191193789356481e-15 8.617271933390884579e-17
9.387427730966959643e+03 2.742039589659833274e-15 8.403486282315210599e-17
9.397185892231165781e+03 2.846432581739442947e-15 8.621646316367270491e-17
9.406944053495373737e+03 3.479931927995434009e-15 9.152826808115338182e-17
9.416702214759581693e+03 3.794399862952520505e-15 9.780448797835451681e-17
9.426460376023787830e+03 3.353848926416445168e-15 9.193397795327821462e-17
9.436218537287993968e+03 2.772704955924339252e-15 9.441101300780517696e-17
9.445976698552201924e+03 2.594500665338726748e-15 8.491054174972809621e-17
9.455734859816409880e+03 2.613245034603487862e-15 8.868885214920123651e-17
9.465493021080616018e+03 2.698038505148557329e-15 9.499833911258273892e-17
9.475251182344822155e+03 2.881137014153758791e-15 9.132669855431596480e-17
9.485009343609030111e+03 3.057758840035513358e-15 9.088778707554677113e-17
9.494767504873238067e+03 3.002389049683538227e-15 8.934777800137068584e-17
9.504525666137444205e+03 3.257281672328676020e-15 9.573730857297138659e-17
9.514283827401650342e+03 3.265471507629665376e-15 9.403972847250747292e-17
9.524041988665858298e+03 3.243554184484526785e-15 9.284500944649365650e-17
9.533800149930066254e+03 2.824262284016603478e-15 9.142087008450223107e-17
9.543558311194272392e+03 2.539881941313400368e-15 1.071019525531148413e-16
9.553316472458478529e+03 1.998046384859614368e-15 8.950120249097355060e-17
9.563074633722686485e+03 1.898597196814701384e-15 1.144797470058042903e-16
9.572832794986894442e+03 1.970599593587075361e-15 1.208345587057383712e-16
9.582590956251100579e+03 2.101766813851636262e-15 9.907023919635105326e-17
9.592349117515306716e+03 2.371566473045976394e-15 9.768792350484579007e-17
9.602107278779514672e+03 2.574913098191713572e-15 9.988689669215665941e-17
9.611865440043722629e+03 2.703761069946084299e-15 1.015631261769784215e-16
9.621623601307928766e+03 2.751263997275369620e-15 1.082833509893677840e-16
9.631381762572134903e+03 2.569865197927804557e-15 9.801021467716549062e-17
9.641139923836342859e+03 2.360837798262833546e-15 1.016498169386176073e-16
9.650898085100550816e+03 2.212478424159562874e-15 1.070066054891891589e-16
9.660656246364756953e+03 1.861536523914853693e-15 1.011850320433025429e-16
9.670414407628963090e+03 1.768616090115064678e-15 1.026209790562977663e-16
9.680172568893171047e+03 1.882961888576608361e-15 1.047280589900059949e-16
9.689930730157379003e+03 2.038349220796785626e-15 1.045359926298963639e-16
9.699688891421585140e+03 2.322864070718696164e-15 1.130008842293788906e-16
9.709447052685791277e+03 2.479990299538210922e-15 1.104940193866801831e-16
9.719205213949999234e+03 1.868046238723011629e-15 1.093274345507951994e-16
9.728963375214207190e+03 1.629251022048670402e-15 1.078958938129059136e-16
9.738721536478413327e+03 1.424838664953517495e-15 1.104742567907462619e-16
9.748479697742619464e+03 1.769538644696200794e-15 1.136589904590525983e-16
9.758237859006827421e+03 1.782366262656368888e-15 1.254987554291390460e-16
9.767996020271035377e+03 1.672206294088928849e-15 1.481866191915937249e-16
9.777754181535241514e+03 1.726680418261444645e-15 1.454399353697781939e-16
9.787512342799447651e+03 2.115197839299751574e-15 1.219006918633369552e-16
9.797270504063655608e+03 2.065392535614178463e-15 1.257238289050571443e-16
9.807028665327863564e+03 2.118853858751568651e-15 1.260812824930197746e-16
9.816786826592069701e+03 1.746057820566209071e-15 1.254887449270322872e-16
9.826544987856275839e+03 1.225877631559822700e-15 1.277784659587805413e-16
9.836303149120483795e+03 1.543006823254131482e-15 1.310580007244194681e-16
9.846061310384691751e+03 1.634809160200120391e-15 1.640308611951236236e-16
9.855819471648897888e+03 1.592011272341497902e-15 1.371546532272430002e-16
9.865577632913104026e+03 1.971115294937533289e-15 1.428387463398744780e-16
9.875335794177311982e+03 2.008540031220649137e-15 1.532267917527445682e-16
9.885093955441519938e+03 1.562629300326498130e-15 2.004734043924093071e-16
9.894852116705726075e+03 1.612705258770861619e-15 1.554533900738733949e-16
9.904610277969932213e+03 1.239202914889750938e-15 1.502068474027983637e-16
9.914368439234140169e+03 1.482876201732322615e-15 1.606011872784303150e-16
9.924126600498348125e+03 2.069053086832374987e-15 1.729891679784372154e-16
9.933884761762554263e+03 1.753120750956032404e-15 1.654650517687875539e-16
9.943642923026760400e+03 1.616399869229298101e-15 1.739898550527361351e-16
9.953401084290968356e+03 1.847767428324046189e-15 1.728329491801641769e-16
9.963159245555176312e+03 1.498780883515976828e-15 1.809199760379374438e-16
9.972917406819382450e+03 1.467052406409131000e-15 2.003759768923943816e-16
9.982675568083588587e+03 1.253640313677583887e-15 1.774329693548685544e-16
9.992433729347796543e+03 1.586357886229244075e-15 1.845523478706956569e-16
1.000219189061200450e+04 1.552533275497973779e-15 2.016880462091258736e-16
1.001195005187621064e+04 1.775126078547187835e-15 2.013709312138757530e-16
1.002170821314041677e+04 1.496993544289621532e-15 2.025587231491970659e-16
1.003146637440462473e+04 1.183231529057805066e-15 2.163580407235186317e-16
1.004122453566883269e+04 1.068211722683345614e-15 2.077454877956827894e-16
1.005098269693303882e+04 1.200642299522123546e-15 2.282928423632548462e-16
1.006074085819724496e+04 1.239335620159937149e-15 2.241910316904122299e-16
1.007049901946145292e+04 1.444855151037405594e-15 2.661794173114917517e-16
1.008025718072566087e+04 1.367979846484313997e-15 2.426100842522685732e-16
1.009001534198986701e+04 1.381164489320978829e-15 3.444306621667292301e-16
1.009977350325407315e+04 2.032746227716732864e-15 3.011608308259334680e-16
1.010953166451828110e+04 1.312596647435194172e-15 3.064604266253966947e-16
1.011928982578248906e+04 1.459604408018492524e-15 3.727242528339053891e-16
1.012904798704669520e+04 5.358600673730694030e-16 2.892102056507996291e-16
1.013880614831090134e+04 1.405039446225982095e-15 3.016758366098593764e-16
1.014856430957510929e+04 8.979099962149690845e-16 3.128793051978494160e-16
1.015832247083931725e+04 1.689229614246041564e-15 3.495205412121648099e-16
1.016808063210352339e+04 6.627606507743983503e-16 3.607558503034137784e-16
1.017783879336772952e+04 2.343337427287524261e-15 3.889835976709737733e-16
1.018759695463193748e+04 8.968539912086704336e-16 3.768454876079290144e-16
1.019735511589614543e+04 7.094569488910867396e-16 3.926006844676152626e-16
1.020711327716035157e+04 1.321899017602543460e-15 4.460130177374587413e-16
1.021687143842455771e+04 2.250163449306727771e-15 4.845276585506280615e-16
