# obs_wvl flux error  |  merged epoch (native): STIS CCD,STIS MAMA
1.138000000000000000e+03 7.243599437715270151e-14 2.029906733154451803e-13
1.138582752983116961e+03 -5.982023489877221972e-15 2.278583720256209679e-18
1.139165505966233923e+03 -1.464222780953573533e-15 1.500803954047259634e-18
1.139748258949350884e+03 -9.064164462665641991e-16 9.025143140045627202e-19
1.140331011932467845e+03 -6.990921837229353533e-16 6.781924069417296909e-19
1.140913764915584807e+03 -5.611296221878018653e-16 4.896329817826325548e-19
1.141496517898701768e+03 -8.577323863955561776e-16 2.626352863677178534e-19
1.142079270881818729e+03 -3.982982352068989433e-16 3.187016343097971154e-19
1.142662023864935691e+03 -1.403191580006807071e-16 3.239706150732979521e-16
1.143244776848052652e+03 -6.250693185635601628e-16 1.778059962279481567e-19
1.143827529831169613e+03 6.584763721585737430e-17 2.695865279920574057e-16
1.144410282814286575e+03 -1.098448781528474165e-16 1.883245311733203475e-16
1.144993035797403536e+03 4.638001785144741064e-17 1.188915104102380611e-16
1.145575788780520497e+03 -1.696325618090658859e-16 1.019506500274434955e-19
1.146158541763637459e+03 -1.556297677582943784e-16 9.360640916919781519e-20
1.146741294746754420e+03 -1.438566850238454063e-16 8.400624625837734623e-20
1.147324047729871381e+03 -1.335963355975284964e-16 7.510253498813468204e-20
1.147906800712988343e+03 -1.251233696830255411e-16 6.780115516723811787e-20
1.148489553696105304e+03 1.391615915275880107e-16 1.225623310098526588e-16
1.149072306679222265e+03 -7.250841810248527641e-17 3.530673241553867566e-17
1.149655059662339227e+03 -3.806146456525567729e-17 7.806721687519744957e-17
1.150237812645456188e+03 -5.747119097223734954e-17 6.775269916733359789e-17
1.150820565628573149e+03 -9.298511584249799899e-17 5.921224443783387543e-17
1.151403318611690111e+03 -3.819525790522592820e-17 3.444903678115994025e-17
1.151986071594807072e+03 -4.390686738394733020e-17 6.076172140498541746e-17
1.152568824577924033e+03 -2.463860098881237215e-16 3.044452862522175681e-20
1.153151577561040995e+03 -4.577577511945351926e-17 5.022728051233936723e-17
1.153734330544157956e+03 -5.841627077865040906e-17 2.125175482998739868e-17
1.154317083527274917e+03 -4.492020472771755714e-17 4.456350310803513448e-17
1.154899836510391879e+03 -1.178732635421017082e-16 8.239978451251329410e-18
1.155482589493508840e+03 -5.007279317166827343e-17 3.720198088009546714e-17
1.156065342476625801e+03 -4.842776077590143817e-17 1.792864508715971595e-17
1.156648095459742763e+03 2.906413549330661120e-18 4.382169252100003796e-17
1.157230848442859724e+03 -5.757113582533256729e-17 1.277700428347803397e-17
1.157813601425976685e+03 3.046686289169740379e-17 4.921677255542697290e-17
1.158396354409093647e+03 6.109392993883165190e-18 2.814536454427466201e-17
1.158979107392210608e+03 1.318621064847599325e-17 4.331493246816389815e-17
1.159561860375327569e+03 -4.485132255520393159e-17 3.232708436337590121e-17
1.160144613358444531e+03 3.466758645075565380e-17 4.771153709607753243e-17
1.160727366341561492e+03 -5.626764426075197977e-17 1.922461050571830829e-17
1.161310119324678453e+03 3.546602159517588349e-17 4.510606204179456332e-17
1.161892872307795415e+03 7.559316232907870004e-17 4.714991351204850460e-17
1.162475625290912376e+03 5.543358421882609155e-17 4.537900395865529130e-17
1.163058378274029337e+03 5.301791491894925902e-17 4.542429594228708245e-17
1.163641131257146299e+03 3.141137281265868061e-18 3.336340485092443559e-17
1.164223884240263260e+03 5.167888305837055851e-17 4.565132746042586936e-17
1.164806637223380221e+03 6.293269999126936923e-17 4.414218993650587480e-17
1.165389390206497183e+03 4.404059421561283649e-17 4.299437924817104556e-17
1.165972143189614144e+03 1.354059906350047321e-17 3.470917558214102209e-17
1.166554896172731105e+03 5.062326609165798483e-17 4.155723982872618258e-17
1.167137649155848067e+03 9.649934476253117119e-17 4.397776730552266028e-17
1.167720402138965028e+03 1.826401308746219402e-16 5.531745347070355074e-17
1.168303155122081989e+03 1.190258018535189724e-16 4.559926078298195166e-17
1.168885908105198951e+03 -2.401753412666955784e-17 1.734754884782539134e-17
1.169468661088315912e+03 8.391579087001638545e-17 4.449470849318643649e-17
1.170051414071432873e+03 3.425976398420315198e-17 3.815918528854326715e-17
1.170634167054549835e+03 -8.792604973391534836e-18 2.965102670640329627e-17
1.171216920037666796e+03 9.259238836326577854e-17 4.218512138524366774e-17
1.171799673020783757e+03 9.937447846266394335e-17 3.928415854789987330e-17
1.172382426003900719e+03 3.208667849625292550e-17 3.245657146848506959e-17
1.172965178987017680e+03 2.748795454200100022e-18 2.994240351095010973e-17
1.173547931970134641e+03 1.817694715561309427e-17 3.440288086825517726e-17
1.174130684953251603e+03 3.380280930419526095e-17 3.400740636292279641e-17
1.174713437936368564e+03 6.614980550177620226e-17 3.638660095000421575e-17
1.175296190919485525e+03 4.124779967408591358e-17 3.300230296934046073e-17
1.175878943902602487e+03 8.495708820810125606e-17 3.871518469765486001e-17
1.176461696885719448e+03 3.678951441216621734e-17 2.838772880602008182e-17
1.177044449868836409e+03 5.295381176503613046e-17 3.427937136962588920e-17
1.177627202851953371e+03 -1.729906841588649635e-17 1.534603777015989154e-17
1.178209955835070332e+03 1.096082140929559561e-16 3.898444466505964515e-17
1.178792708818187293e+03 1.010875264030547612e-17 1.958696599886465379e-17
1.179375461801304255e+03 7.489785250667235698e-17 3.518449798381394903e-17
1.179958214784421216e+03 6.078595344872873150e-17 3.047390467792889083e-17
1.180540967767538177e+03 1.345837356295361685e-17 2.527514570180395063e-17
1.181123720750655139e+03 6.341566635824361750e-17 3.370571133319778119e-17
1.181706473733772100e+03 1.192795311136758112e-16 3.683641618481252462e-17
1.182289226716889061e+03 7.463843969942689981e-17 3.300063907648359701e-17
1.182871979700006023e+03 7.991223124878331116e-17 3.211137024763591127e-17
1.183454732683122984e+03 1.492311072519871692e-16 3.871846657260415181e-17
1.184037485666239945e+03 1.217994437734339303e-16 3.526982302721752821e-17
1.184620238649356907e+03 1.230097426530421199e-16 3.614075511068756956e-17
1.185202991632473868e+03 7.262338439862573504e-17 2.940801870719161163e-17
1.185785744615590829e+03 7.166275150628536512e-17 3.215035701323021635e-17
1.186368497598707791e+03 5.952518346950508031e-17 3.115926442391994616e-17
1.186951250581824752e+03 4.928633465569642176e-17 2.795605643027876212e-17
1.187534003564941713e+03 1.125729687729720299e-16 3.412709094246019030e-17
1.188116756548058675e+03 1.007077274397907742e-16 3.186852283526733469e-17
1.188699509531175636e+03 1.002537110444527872e-16 3.231408714601065466e-17
1.189282262514292597e+03 1.254073828587213114e-16 3.367371516155803255e-17
1.189865015497409559e+03 9.717687634332178040e-17 3.030725131523598196e-17
1.190447768480526520e+03 1.324521136567916977e-16 3.491430221479535031e-17
1.191030521463643481e+03 6.330272804935509488e-17 2.694653902455277961e-17
1.191613274446760443e+03 3.135260294524913732e-17 2.372437802279106808e-17
1.192196027429877404e+03 7.644001202028146936e-17 2.804088065897333374e-17
1.192778780412994365e+03 1.107406140887307726e-16 3.142975437819636063e-17
1.193361533396111327e+03 8.666328232008350749e-17 2.987361593879069478e-17
1.193944286379228288e+03 2.605786664535110927e-17 2.356035939827487053e-17
1.194527039362345249e+03 9.721938146529332294e-17 2.962497377824393135e-17
1.195109792345462211e+03 6.918321717198095842e-17 2.435471835004299589e-17
1.195692545328579172e+03 8.375949960284797288e-17 2.752439307119503569e-17
1.196275298311696133e+03 7.098794022644056001e-17 2.641173904329478541e-17
1.196858051294813095e+03 7.718866555653543664e-17 2.640697041885102915e-17
1.197440804277930056e+03 6.171123248255505192e-17 2.522497720489350212e-17
1.198023557261047017e+03 9.141254661210300709e-17 2.844419976345980642e-17
1.198606310244163978e+03 1.313745013355019277e-16 3.027041906807957157e-17
1.199189063227280940e+03 1.099033513732463367e-16 2.867508207178914535e-17
1.199771816210397901e+03 4.306034223802912682e-17 2.398166541967868178e-17
1.200354569193514862e+03 9.402539618140049502e-17 2.800234803572014461e-17
1.200937322176631824e+03 1.113753924829326873e-16 2.867237470312131638e-17
1.201520075159748785e+03 1.140388457900439364e-16 2.853083448232309245e-17
1.202102828142865746e+03 1.285599379411377964e-16 2.938897885026850484e-17
1.202685581125982708e+03 1.363603077285777523e-16 3.013878461264263279e-17
1.203268334109099669e+03 1.570678733997303206e-16 3.158438072725902849e-17
1.203851087092216630e+03 1.581882027966331879e-16 3.051638435418695133e-17
1.204433840075333592e+03 1.489966658795526337e-16 3.006518865528223357e-17
1.205016593058450553e+03 1.148079994921771042e-16 2.704534357415810971e-17
1.205599346041567514e+03 9.527015161097006961e-17 2.518929439613764807e-17
1.206182099024684476e+03 1.190048457755223040e-16 2.869040309555124819e-17
1.206764852007801437e+03 8.973307307308423261e-17 2.498617428270964851e-17
1.207347604990918398e+03 1.143482067548249561e-16 2.676679689004689213e-17
1.207930357974035360e+03 1.756649312165374358e-16 3.038074066977973479e-17
1.208513110957152321e+03 1.621891369856954632e-16 2.968404060291325873e-17
1.209095863940269282e+03 8.758740868820827384e-17 2.762092310558685379e-17
1.209678616923386244e+03 6.945103480939817477e-17 2.928295188142494227e-17
1.210261369906503205e+03 1.168452215003751951e-16 3.261520340790295702e-17
1.210844122889620166e+03 6.671013427921430626e-17 3.502377281188344849e-17
1.211426875872737128e+03 5.913455964947004263e-17 4.057823274614036947e-17
1.212009628855854089e+03 7.594456761579649632e-17 4.506626296646047841e-17
1.212592381838971050e+03 1.468423105618863341e-16 5.878965746794846045e-17
1.213175134822088012e+03 2.238141822070260821e-17 8.833835497471113796e-17
1.213757887805204973e+03 -1.106507381462170536e-16 1.264784814816262645e-16
1.214340640788321934e+03 -4.232217456505935773e-17 1.449342000636172473e-16
1.214923393771438896e+03 -6.551816169386513705e-17 1.478310118451388718e-16
1.215506146754555857e+03 1.191887908366868768e-17 1.466099452218260004e-16
1.216088899737672818e+03 -7.730712969879471771e-17 1.474098937279096341e-16
1.216671652720789780e+03 8.898226748967229887e-17 1.472760847715058854e-16
1.217254405703906741e+03 2.110536357015252606e-16 1.406344917996381301e-16
1.217837158687023702e+03 3.267673602971295528e-16 1.294112447456258494e-16
1.218419911670140664e+03 1.730702341843840411e-16 9.470966086381349051e-17
1.219002664653257625e+03 -1.691655851873627005e-17 5.460100256002940025e-17
1.219585417636374586e+03 -8.451244630989019171e-17 3.667788531785498262e-17
1.220168170619491548e+03 -4.418440843969404910e-17 2.972477988867912422e-17
1.220750923602608509e+03 -1.453206511774000154e-17 2.717136201570242748e-17
1.221333676585725470e+03 -5.319169031115351811e-17 2.289269173425779115e-17
1.221916429568842432e+03 -3.961355938529516911e-17 2.082494880761208473e-17
1.222499182551959393e+03 -2.686107794753821785e-17 1.993932530884706398e-17
1.223081935535076354e+03 5.963672088158027636e-20 2.062074478229545017e-17
1.223664688518193316e+03 2.522950037688642920e-17 1.983568735175965518e-17
1.224247441501310277e+03 6.697856495591540096e-17 2.225383568103521284e-17
1.224830194484427238e+03 4.455825195344792510e-17 1.854817314610054072e-17
1.225412947467544200e+03 -8.162208149757804463e-18 1.323614266095162489e-17
1.225995700450661161e+03 2.120580012381704548e-17 1.509486774176743492e-17
1.226578453433778122e+03 7.244445143483909522e-17 1.948119330602907519e-17
1.227161206416895084e+03 7.289164067679751924e-17 1.953923338018666231e-17
1.227743959400012045e+03 6.553388706975571053e-17 1.860555956811062914e-17
1.228326712383129006e+03 3.005400719354110523e-17 1.488199710142766895e-17
1.228909465366245968e+03 5.712791459031028709e-17 1.779809381057308409e-17
1.229492218349362929e+03 8.179510515239929795e-17 1.941346975497892305e-17
1.230074971332479890e+03 6.079893642454257861e-17 1.871516685355162405e-17
1.230657724315596852e+03 5.884717136471196326e-17 1.786793790775217751e-17
1.231240477298713813e+03 7.177674433246830473e-17 1.825293048406918272e-17
1.231823230281830774e+03 1.019268535057054056e-16 2.053241149084147897e-17
1.232405983264947736e+03 1.079001917608693575e-16 2.078022617077488232e-17
1.232988736248064697e+03 7.035208156000180740e-17 1.765488251125188672e-17
1.233571489231181658e+03 1.066259394552718460e-16 2.060248633948986995e-17
1.234154242214298620e+03 1.273096032895092153e-16 2.176463277993024047e-17
1.234736995197415581e+03 1.119655349263220070e-16 2.059504312102834432e-17
1.235319748180532542e+03 1.189816640480210584e-16 2.076509268516816045e-17
1.235902501163649504e+03 1.297632386045594119e-16 2.156760173181668780e-17
1.236485254146766465e+03 1.699610837171282468e-16 2.355527647771462980e-17
1.237068007129883426e+03 2.180729087582873836e-16 2.605362571403977171e-17
1.237650760113000388e+03 1.739733959261749647e-16 2.389270721630888387e-17
1.238233513096117349e+03 1.461380522254274708e-16 2.183908339319682226e-17
1.238816266079234310e+03 1.385790722748092712e-16 2.121460749076498387e-17
1.239399019062351272e+03 1.326057606873784595e-16 2.156954805669079288e-17
1.239981772045468233e+03 1.384418270188004967e-16 2.155218737551490257e-17
1.240564525028585194e+03 1.363740171260820033e-16 2.150251142029190481e-17
1.241147278011702156e+03 1.253260185126902617e-16 2.009760312340977916e-17
1.241730030994819117e+03 1.371148728303338117e-16 2.092782972116503483e-17
1.242312783977936078e+03 1.782311403335063116e-16 2.366281054204807855e-17
1.242895536961053040e+03 2.025573931453198075e-16 2.480833235458541543e-17
1.243478289944170001e+03 1.697997309434810125e-16 2.165675800451765146e-17
1.244061042927286962e+03 2.418784965065228960e-16 2.666014282988272606e-17
1.244643795910403924e+03 3.242558183379128986e-16 2.903428313911288760e-17
1.245226548893520885e+03 4.463976581154371754e-16 3.345204673933347152e-17
1.245809301876637846e+03 4.388639710154323290e-16 3.360140224916009256e-17
1.246392054859754808e+03 3.146140381642813890e-16 2.846222952519210628e-17
1.246974807842871769e+03 2.867969470068817697e-16 2.782144697527202315e-17
1.247557560825988730e+03 2.813003876782041565e-16 2.739205427594253868e-17
1.248140313809105692e+03 2.610322543819659493e-16 2.646581288929278397e-17
1.248723066792222653e+03 3.325895062456079053e-16 2.926722340572907057e-17
1.249305819775339614e+03 4.920747782864401420e-16 3.483865841745221936e-17
1.249888572758456576e+03 5.626549129623951434e-16 3.653121407528795523e-17
1.250471325741573537e+03 4.278218013778308560e-16 3.190769486895882008e-17
1.251054078724690498e+03 2.831772019534139665e-16 2.753513592106879505e-17
1.251636831707807460e+03 2.037834540445867678e-16 2.362177872429584189e-17
1.252219584690924421e+03 2.172176396247347884e-16 2.456962323616639075e-17
1.252802337674041382e+03 1.844775755152759904e-16 2.263257467927400112e-17
1.253385090657158344e+03 1.470245055743362939e-16 2.093721226069703590e-17
1.253967843640275305e+03 1.348660775134004065e-16 1.996327903958535316e-17
1.254550596623392266e+03 1.377554376543892271e-16 2.030425923298988719e-17
1.255133349606509228e+03 1.329932349150975650e-16 1.927517045990807067e-17
1.255716102589626189e+03 1.257244840849246097e-16 1.960374869020090792e-17
1.256298855572743150e+03 1.239155305657455671e-16 1.982540429030234504e-17
1.256881608555860112e+03 1.191054520798526889e-16 1.969387145732350063e-17
1.257464361538977073e+03 8.972160688106216244e-17 1.635075688510586840e-17
1.258047114522094034e+03 1.288473201827512177e-16 1.936924305485161798e-17
1.258629867505210996e+03 1.103252242572010597e-16 1.831033412628464923e-17
1.259212620488327957e+03 8.292937269103333080e-17 1.719508778661718497e-17
1.259795373471444918e+03 6.465919029634811966e-17 1.624032502640487538e-17
1.260378126454561880e+03 5.841311957002133212e-17 1.534014950231328862e-17
1.260960879437678841e+03 8.117278524233418700e-17 1.670128808041373387e-17
1.261543632420795802e+03 1.223730577857837672e-16 1.913222901932484295e-17
1.262126385403912764e+03 1.324037996057256659e-16 1.933359623964988378e-17
1.262709138387029725e+03 1.416492834070397139e-16 2.027807197664651994e-17
1.263291891370146686e+03 1.272422184933003155e-16 1.897317928389986895e-17
1.263874644353263648e+03 1.204291610335774352e-16 1.857873512029525242e-17
1.264457397336380609e+03 1.143751433890385574e-16 1.807391317877476948e-17
1.265040150319497570e+03 1.093032250498219352e-16 1.870175737105588570e-17
1.265622903302614532e+03 9.796107493071504630e-17 1.780636552665809536e-17
1.266205656285731493e+03 9.500219091566873342e-17 1.702346703072248792e-17
1.266788409268848454e+03 9.165656657413638499e-17 1.685220621448936395e-17
1.267371162251965416e+03 1.014766133033487230e-16 1.786613458205612511e-17
1.267953915235082377e+03 1.047732206508998063e-16 1.749302216062125939e-17
1.268536668218199338e+03 1.422928179960214404e-16 1.982047492612322714e-17
1.269119421201316300e+03 1.685823683793818931e-16 2.102714705741522701e-17
1.269702174184433261e+03 1.439894923564003623e-16 1.983153019297422261e-17
1.270284927167550222e+03 1.182649583917555757e-16 1.877427564564908601e-17
1.270867680150667184e+03 1.246241326725290934e-16 1.871998804733286711e-17
1.271450433133784145e+03 1.566498302427978256e-16 2.011549537068242205e-17
1.272033186116901106e+03 1.967726969079041014e-16 2.223010666310192328e-17
1.272615939100018068e+03 1.807442325850333696e-16 2.154390153086325833e-17
1.273198692083135029e+03 2.011580763291255099e-16 2.230460733868336458e-17
1.273781445066251990e+03 1.931111726015532515e-16 2.247381442610543111e-17
1.274364198049368952e+03 1.633166655484960654e-16 2.072220728527810515e-17
1.274946951032485913e+03 1.729368013158306544e-16 2.036666578201396058e-17
1.275529704015602874e+03 1.949510474349155500e-16 2.237182313666791408e-17
1.276112456998719836e+03 2.313003745387460898e-16 2.358333997807775462e-17
1.276695209981836797e+03 2.090005551481798718e-16 2.307829679083617935e-17
1.277277962964953758e+03 1.667996363805671394e-16 2.097121114682468120e-17
1.277860715948070720e+03 2.120808245619936955e-16 2.293892516874786381e-17
1.278443468931187681e+03 2.183622704355344177e-16 2.301974908197290021e-17
1.279026221914304642e+03 2.183906557328757576e-16 2.302483229341560647e-17
1.279608974897421604e+03 2.669507619966314948e-16 2.469575347118554074e-17
1.280191727880538565e+03 2.728579949813847823e-16 2.529762092331746364e-17
1.280774480863655526e+03 2.380793710910367673e-16 2.404131321917021129e-17
1.281357233846772488e+03 2.433657779590124433e-16 2.411372783554902980e-17
1.281939986829889449e+03 2.242723888557698367e-16 2.309736830237797958e-17
1.282522739813006410e+03 2.303647574558978352e-16 2.365095806947490023e-17
1.283105492796123372e+03 2.472452083416334312e-16 2.427267289645368422e-17
1.283688245779240333e+03 2.334226446323588412e-16 2.364510519771743460e-17
1.284270998762357294e+03 2.125126941399451464e-16 2.245442984159532863e-17
1.284853751745474256e+03 1.990222132687531352e-16 2.170160213256158622e-17
1.285436504728591217e+03 2.493830916060634206e-16 2.468643804707379057e-17
1.286019257711708178e+03 2.617825766627452050e-16 2.484207304616718834e-17
1.286602010694825140e+03 2.576720751668638279e-16 2.443264933880327227e-17
1.287184763677942101e+03 2.247551694386152814e-16 2.326694264486790717e-17
1.287767516661059062e+03 2.315651997790723647e-16 2.346413678481025157e-17
1.288350269644176024e+03 2.979225577336794346e-16 2.589464425486328402e-17
1.288933022627292985e+03 3.103434984137653361e-16 2.691223274965062685e-17
1.289515775610409946e+03 2.872197451468729904e-16 2.585825380224758856e-17
1.290098528593526908e+03 2.780648592695000981e-16 2.517838063069922309e-17
1.290681281576643869e+03 2.362344605033011269e-16 2.363152546169132599e-17
1.291264034559760830e+03 2.338542551502671227e-16 2.357651367702370863e-17
1.291846787542877792e+03 2.412057418820915206e-16 2.383527858301446802e-17
1.292429540525994753e+03 2.400311016958490733e-16 2.379686212712722456e-17
1.293012293509111714e+03 2.687732967515136614e-16 2.522224164537431853e-17
1.293595046492228676e+03 3.006358558613403575e-16 2.563681942536154751e-17
1.294177799475345637e+03 2.913278698508070577e-16 2.541221417699387437e-17
1.294760552458462598e+03 2.576162731436558344e-16 2.480308343137611292e-17
1.295343305441579560e+03 2.417909259892846867e-16 2.426051716084851425e-17
1.295926058424696521e+03 2.441073956424078549e-16 2.442781388962618559e-17
1.296508811407813482e+03 2.887371018639857399e-16 2.623879995933255264e-17
1.297091564390930444e+03 3.364519474954443467e-16 2.776650369145178538e-17
1.297674317374047405e+03 2.826576613117854783e-16 2.600886416260796560e-17
1.298257070357164366e+03 2.248532493667061156e-16 2.390873044946654828e-17
1.298839823340281328e+03 2.171901332126555473e-16 2.379808073581769791e-17
1.299422576323398289e+03 2.103675909280327023e-16 2.405724870138074196e-17
1.300005329306515250e+03 2.135107989698656135e-16 2.703970088069076980e-17
1.300588082289632212e+03 2.384852563031989771e-16 2.952952532416244718e-17
1.301170835272749173e+03 3.412537619461837380e-16 3.259146400556359264e-17
1.301753588255866134e+03 2.850799605212670559e-16 3.179177182032357251e-17
1.302336341238983096e+03 2.989818664242126222e-16 3.320279635437558936e-17
1.302919094222100057e+03 2.678433135726372715e-16 3.408771416721137031e-17
1.303501847205217018e+03 2.630242096561479201e-16 3.307787070413446551e-17
1.304084600188333980e+03 3.177017154540071532e-16 3.774776944031631906e-17
1.304667353171450941e+03 2.693858738763807714e-16 3.649195169354414597e-17
1.305250106154567902e+03 2.304945825935135808e-16 3.459634211616340377e-17
1.305832859137684864e+03 2.711492772590800160e-16 3.422141662274874826e-17
1.306415612120801825e+03 3.287578174468770122e-16 3.624775203514911911e-17
1.306998365103918786e+03 2.991156653486067144e-16 3.562082851443047842e-17
1.307581118087035748e+03 2.435745962919946085e-16 3.206952554182703159e-17
1.308163871070152709e+03 2.806469155293190588e-16 3.046863024994730429e-17
1.308746624053269670e+03 2.332427997765904583e-16 2.590731898251526397e-17
1.309329377036386632e+03 2.112550734119129315e-16 2.247247504929044476e-17
1.309912130019503593e+03 2.570122669238418253e-16 2.484145905238321591e-17
1.310494883002620554e+03 2.492907242857121589e-16 2.487125058938973478e-17
1.311077635985737516e+03 2.041279580925938145e-16 2.300274895610031978e-17
1.311660388968854477e+03 1.939925580238751373e-16 2.222722791192765820e-17
1.312243141951971438e+03 2.396909002428701977e-16 2.402152400594034011e-17
1.312825894935088400e+03 2.591158637313551376e-16 2.469407305780128788e-17
1.313408647918205361e+03 2.630224944142039976e-16 2.493055943692845615e-17
1.313991400901322322e+03 2.833605860216099535e-16 2.604320135989115289e-17
1.314574153884439284e+03 2.804349504824180252e-16 2.565096152814423021e-17
1.315156906867556245e+03 3.026206916440238920e-16 2.686779562182446090e-17
1.315739659850673206e+03 3.000748852165270056e-16 2.669120229786944735e-17
1.316322412833790167e+03 2.727007887436891421e-16 2.562766341257270263e-17
1.316905165816907129e+03 2.868731862114187197e-16 2.648829285258956840e-17
1.317487918800024090e+03 2.892130490397197808e-16 2.641498283573822146e-17
1.318070671783141051e+03 2.981320272818201588e-16 2.650499080367695853e-17
1.318653424766258013e+03 3.278619079857678926e-16 2.713284101620300982e-17
1.319236177749374974e+03 3.780867730589678907e-16 2.976654177860457590e-17
1.319818930732491935e+03 3.336567868979726344e-16 2.775720972849035615e-17
1.320401683715608897e+03 3.158811574060474609e-16 2.778218223551662603e-17
1.320984436698725858e+03 2.694438305668931434e-16 2.581285197350967902e-17
1.321567189681842819e+03 2.797733153293241380e-16 2.681149724325420196e-17
1.322149942664959781e+03 3.024730316747250867e-16 2.698700291575005576e-17
1.322732695648076742e+03 3.069326412289569949e-16 2.689364632153811706e-17
1.323315448631193703e+03 3.024023471971273222e-16 2.694638232294005295e-17
1.323898201614310665e+03 2.832911374047638369e-16 2.612576071245091460e-17
1.324480954597427626e+03 2.593541700257614385e-16 2.518561606016288768e-17
1.325063707580544587e+03 2.867668404343388278e-16 2.666360992387376568e-17
1.325646460563661549e+03 3.347206584280262475e-16 2.834032367552764679e-17
1.326229213546778510e+03 3.393797561471613798e-16 2.835532974176539932e-17
1.326811966529895471e+03 3.335275653471824794e-16 2.815558420088963867e-17
1.327394719513012433e+03 3.625349768784118603e-16 2.922739055661259806e-17
1.327977472496129394e+03 3.247176779314317792e-16 2.792787714103610362e-17
1.328560225479246355e+03 2.688503236847412462e-16 2.610311820872523833e-17
1.329142978462363317e+03 2.777024903946210626e-16 2.586597904324924709e-17
1.329725731445480278e+03 3.430682859493954647e-16 2.863932323136820516e-17
1.330308484428597239e+03 3.474639492100610261e-16 2.881511679771608302e-17
1.330891237411714201e+03 3.577767554246086325e-16 2.984248075846955066e-17
1.331473990394831162e+03 3.428010260952429751e-16 2.882042390020792009e-17
1.332056743377948123e+03 3.271196016958129583e-16 2.788375491814269404e-17
1.332639496361065085e+03 3.201159959917931982e-16 2.793756733625225731e-17
1.333222249344182046e+03 2.821477727714816154e-16 2.611018257889507768e-17
1.333805002327299007e+03 2.811001666964636113e-16 2.684523550597070318e-17
1.334387755310415969e+03 2.386113944105236800e-16 2.494198572764271193e-17
1.334970508293532930e+03 2.218024033459822606e-16 2.400549898534750609e-17
1.335553261276649891e+03 2.483762131354205039e-16 2.546068005701587351e-17
1.336136014259766853e+03 2.647422586014931147e-16 2.612189002557212639e-17
1.336718767242883814e+03 2.472594400285474964e-16 2.480279589213528043e-17
1.337301520226000775e+03 2.927981446282234471e-16 2.688664169123755004e-17
1.337884273209117737e+03 3.416149398527765571e-16 2.930794439327446436e-17
1.338467026192234698e+03 3.495661297640738753e-16 2.880693560256375136e-17
1.339049779175351659e+03 3.513692346231271435e-16 2.955054168663006938e-17
1.339632532158468621e+03 3.533088278233931141e-16 2.960623655276103297e-17
1.340215285141585582e+03 3.625446465355601258e-16 3.063595657492248029e-17
1.340798038124702543e+03 2.878581851115946687e-16 2.704750424001724276e-17
1.341380791107819505e+03 1.889762259306731043e-16 2.331954810260007622e-17
1.341963544090936466e+03 1.756684525895337755e-16 2.236261475269342387e-17
1.342546297074053427e+03 2.079590015189158178e-16 2.311262812969573395e-17
1.343129050057170389e+03 2.780843876690831875e-16 2.677282168019750062e-17
1.343711803040287350e+03 3.737934450544347321e-16 3.023239572780212242e-17
1.344294556023404311e+03 3.681502560352053830e-16 3.031784170665523928e-17
1.344877309006521273e+03 3.115999344416566134e-16 2.858784084854976388e-17
1.345460061989638234e+03 3.147341318529006376e-16 2.813340964507603106e-17
1.346042814972755195e+03 3.504942292495827315e-16 2.990066249120211832e-17
1.346625567955872157e+03 3.647457586981420936e-16 3.009089326102788226e-17
1.347208320938989118e+03 3.158406124757710828e-16 2.850740943650413021e-17
1.347791073922106079e+03 3.087809124904078396e-16 2.829957246818623997e-17
1.348373826905223041e+03 3.066493004459155001e-16 2.818047016853274108e-17
1.348956579888340002e+03 2.628837531540124884e-16 2.652933896619037427e-17
1.349539332871456963e+03 2.668958881974710332e-16 2.691945420858937109e-17
1.350122085854573925e+03 2.730026396328405346e-16 2.679739909119776961e-17
1.350704838837690886e+03 2.791651923415847851e-16 2.724124821026045037e-17
1.351287591820807847e+03 2.934750573874407315e-16 2.802489169110935946e-17
1.351870344803924809e+03 3.006131691595965393e-16 2.811823680247440700e-17
1.352453097787041770e+03 3.007862834018357772e-16 2.855614763362514803e-17
1.353035850770158731e+03 2.443303930376772852e-16 2.610663428031932967e-17
1.353618603753275693e+03 2.820557181653893074e-16 2.758969924287726512e-17
1.354201356736392654e+03 2.724418760846426777e-16 2.707798774112890293e-17
1.354784109719509615e+03 2.731128584866110214e-16 2.719246840144041637e-17
1.355366862702626577e+03 3.365130872861421807e-16 2.986595958104408900e-17
1.355949615685743538e+03 3.288800555974420528e-16 2.952954295814705450e-17
1.356532368668860499e+03 2.594601174581220943e-16 2.717364811014076542e-17
1.357115121651977461e+03 2.877239913546249855e-16 2.754195379221439002e-17
1.357697874635094422e+03 3.015071381188043506e-16 2.847880587708051029e-17
1.358280627618211383e+03 2.421350555972978959e-16 2.568748258872478678e-17
1.358863380601328345e+03 3.031402150093223067e-16 2.861637341461906161e-17
1.359446133584445306e+03 3.167564503664883505e-16 2.895758855799899906e-17
1.360028886567562267e+03 3.574774932245105143e-16 3.105015361630589111e-17
1.360611639550679229e+03 3.366618999221691932e-16 2.976087182909415529e-17
1.361194392533796190e+03 3.564856075596613062e-16 3.070496257325637711e-17
1.361777145516913151e+03 3.718209959487148049e-16 3.163439666367208210e-17
1.362359898500030113e+03 3.291134769248192804e-16 2.868058151244823464e-17
1.362942651483147074e+03 3.493516242740194935e-16 3.115661525846792432e-17
1.363525404466264035e+03 3.273808121498571437e-16 2.931954207574922806e-17
1.364108157449380997e+03 3.667208432841062604e-16 3.139012722240541138e-17
1.364690910432497958e+03 3.743289236791508806e-16 3.236131678128331885e-17
1.365273663415614919e+03 4.005367994714796419e-16 3.261155606488784598e-17
1.365856416398731881e+03 5.634692784329629109e-16 3.727042051373338589e-17
1.366439169381848842e+03 5.539071498780004740e-16 3.762079581990890533e-17
1.367021922364965803e+03 3.532452067235682848e-16 3.039474442567736926e-17
1.367604675348082765e+03 3.895365298927541122e-16 3.234006901211120652e-17
1.368187428331199726e+03 4.086550129274850842e-16 3.338885873312528616e-17
1.368770181314316687e+03 4.056035518447273891e-16 3.256416710326475554e-17
1.369352934297433649e+03 4.688846025807424757e-16 3.544963044801823660e-17
1.369935687280550610e+03 4.094991713579678416e-16 3.259413317217418871e-17
1.370518440263667571e+03 4.003313466472802552e-16 3.277343313435107575e-17
1.371101193246784533e+03 3.815835196444555950e-16 3.250285589215398413e-17
1.371683946229901494e+03 4.447361454308199244e-16 3.397051563492996526e-17
1.372266699213018455e+03 5.046140497402814407e-16 3.658658686678390115e-17
1.372849452196135417e+03 4.812398465872130245e-16 3.541913530338987638e-17
1.373432205179252378e+03 4.847827089565368663e-16 3.583306887357183474e-17
1.374014958162369339e+03 4.772442619907038680e-16 3.592449917105723567e-17
1.374597711145486301e+03 4.631565773561149670e-16 3.543184204919849441e-17
1.375180464128603262e+03 4.612236146739374284e-16 3.539417540287228183e-17
1.375763217111720223e+03 5.012363444146267545e-16 3.687162078139002246e-17
1.376345970094837185e+03 4.780605017185258208e-16 3.539718683324265327e-17
1.376928723077954146e+03 5.275844143964933830e-16 3.796668370012632444e-17
1.377511476061071107e+03 4.296851267461060707e-16 3.509241272408669823e-17
1.378094229044188069e+03 4.155645733869978219e-16 3.358650645510681940e-17
1.378676982027305030e+03 5.110828998109447356e-16 3.715303196324820533e-17
1.379259735010421991e+03 5.268171903296211535e-16 3.806302272592132671e-17
1.379842487993538953e+03 4.793617218151387189e-16 3.662613633192703451e-17
1.380425240976655914e+03 4.996663083457052026e-16 3.676497806323107152e-17
1.381007993959772875e+03 5.171997035266771823e-16 3.800193774446858981e-17
1.381590746942889837e+03 6.000110589364712052e-16 4.007646686113141612e-17
1.382173499926006798e+03 6.085077848641171372e-16 4.095508843921285811e-17
1.382756252909123759e+03 5.242798491704799602e-16 3.767300095932758979e-17
1.383339005892240721e+03 6.309968359635889375e-16 4.118776345513205750e-17
1.383921758875357682e+03 6.403465971609553369e-16 4.152552368862209046e-17
1.384504511858474643e+03 5.536526712271167680e-16 3.940799126304237312e-17
1.385087264841591605e+03 5.335530350784823990e-16 3.848887094519039929e-17
1.385670017824708566e+03 5.327881421835346082e-16 3.898668350513198422e-17
1.386252770807825527e+03 5.207891433274219888e-16 3.807947367853236048e-17
1.386835523790942489e+03 5.988602460731761255e-16 4.059454254702931029e-17
1.387418276774059450e+03 5.520705764873855128e-16 3.960029051936297871e-17
1.388001029757176411e+03 5.142391111342111071e-16 3.758759891685401505e-17
1.388583782740293373e+03 6.115481006573945676e-16 4.143386909732241778e-17
1.389166535723410334e+03 6.002702001121387009e-16 4.127947148675529410e-17
1.389749288706527295e+03 6.638044432445208555e-16 4.299262700631130734e-17
1.390332041689644257e+03 7.620507448691038087e-16 4.606615451146082446e-17
1.390914794672761218e+03 6.837863731537194439e-16 4.392286502219203397e-17
1.391497547655878179e+03 6.059352386025281834e-16 4.146584562553688261e-17
1.392080300638995141e+03 6.520889062625875688e-16 4.305413977100600370e-17
1.392663053622112102e+03 6.810652419771983206e-16 4.396689807624895090e-17
1.393245806605229063e+03 7.115748518297888609e-16 4.472498389418624472e-17
1.393828559588346025e+03 6.205332597103090280e-16 4.184952366195158992e-17
1.394411312571462986e+03 7.474929753828574692e-16 4.531672898428558711e-17
1.394994065554579947e+03 8.506753685266955617e-16 4.941495106814212719e-17
1.395576818537696909e+03 7.280565589562953800e-16 4.524653950875560909e-17
1.396159571520813870e+03 7.619941341603162652e-16 4.717927835956094682e-17
1.396742324503930831e+03 6.954064476255183626e-16 4.501552337597390399e-17
1.397325077487047793e+03 6.662241015285387567e-16 4.326627534962220154e-17
1.397907830470164754e+03 7.610853408976828459e-16 4.708400416578592736e-17
1.398490583453281715e+03 7.678884442686317941e-16 4.650909982409574480e-17
1.399073336436398677e+03 7.987771535581004682e-16 4.746954093963561935e-17
1.399656089419515638e+03 8.361100326597889889e-16 4.928612811831932453e-17
1.400238842402632599e+03 7.368302451730039406e-16 4.712176792750637768e-17
1.400821595385749561e+03 5.925880272237206879e-16 4.211834472997326640e-17
1.401404348368866522e+03 6.283794083033460432e-16 4.264505256115831882e-17
1.401987101351983483e+03 7.725208951358182952e-16 4.726809245672622176e-17
1.402569854335100445e+03 7.870397587743166468e-16 4.782653381813285074e-17
1.403152607318217406e+03 8.253455160180147525e-16 4.904369543124529508e-17
1.403735360301334367e+03 8.514758633062783020e-16 4.872685538541934181e-17
1.404318113284451329e+03 1.014843505052567028e-15 5.450463581810990956e-17
1.404900866267568290e+03 9.865472616980626672e-16 5.419868703376472870e-17
1.405483619250685251e+03 9.812149696151365721e-16 5.349222772212147018e-17
1.406066372233802213e+03 9.921020384378232027e-16 5.384802199128068692e-17
1.406649125216919174e+03 9.114146017964840950e-16 5.136725420365015910e-17
1.407231878200036135e+03 9.076712421711159886e-16 5.078693333545714325e-17
1.407814631183153097e+03 9.431036082076297506e-16 5.279378742872618241e-17
1.408397384166270058e+03 8.709250815968610869e-16 5.155013562613038933e-17
1.408980137149387019e+03 7.566280707686599354e-16 4.767365576666896724e-17
1.409562890132503981e+03 7.672732949167226562e-16 4.736264735197960510e-17
1.410145643115620942e+03 9.905231361170593833e-16 5.380085265453798165e-17
1.410728396098737903e+03 1.067988211024766951e-15 5.631378871042618148e-17
1.411311149081854865e+03 9.630807007137908648e-16 5.411009786659884859e-17
1.411893902064971826e+03 8.718226210115984010e-16 5.122294087596683171e-17
1.412476655048088787e+03 9.369364596604620805e-16 5.243393830032010414e-17
1.413059408031205749e+03 1.036547722338825331e-15 5.498894669048391147e-17
1.413642161014322710e+03 1.015167448741154456e-15 5.537986002321449410e-17
1.414224913997439671e+03 9.246210783776150815e-16 5.300221096074192629e-17
1.414807666980556633e+03 8.791293236854354549e-16 5.206073908494761460e-17
1.415390419963673594e+03 9.343974332183251308e-16 5.317520502883535847e-17
1.415973172946790555e+03 8.817505453993683084e-16 5.140724447525579312e-17
1.416555925929907517e+03 8.836046230593051987e-16 5.174851422514256423e-17
1.417138678913024478e+03 8.865995240089099049e-16 5.229123507569291192e-17
1.417721431896141439e+03 8.723702578243607372e-16 5.175602757699415778e-17
1.418304184879258401e+03 8.524661894773033490e-16 5.149702528505775201e-17
1.418886937862375362e+03 8.311713417015242703e-16 5.079426103447492251e-17
1.419469690845492323e+03 8.713276908855458891e-16 5.249209003080038071e-17
1.420052443828609285e+03 9.592681488923511767e-16 5.441336061305331002e-17
1.420635196811726246e+03 9.648535379993760146e-16 5.501234983602530289e-17
1.421217949794843207e+03 9.924427782206545153e-16 5.545880736006100397e-17
1.421800702777960169e+03 9.587815177830289892e-16 5.485180861078590844e-17
1.422383455761077130e+03 9.021288215335577714e-16 5.276071615409467316e-17
1.422966208744194091e+03 9.471585009648209311e-16 5.552787257746090287e-17
1.423548961727311053e+03 9.335508148419992514e-16 5.388726438772213709e-17
1.424131714710428014e+03 9.914548998824392870e-16 5.621875782200316696e-17
1.424714467693544975e+03 9.619819832056488418e-16 5.518425167914680612e-17
1.425297220676661937e+03 9.987429268412088469e-16 5.665503944609469469e-17
1.425879973659778898e+03 9.973726653922336593e-16 5.668940938732108094e-17
1.426462726642895859e+03 1.008825681043279251e-15 5.666605495687514333e-17
1.427045479626012821e+03 9.775634502680490419e-16 5.583972772073395401e-17
1.427628232609129782e+03 1.093137145603141917e-15 5.939741781402363337e-17
1.428210985592246743e+03 1.256375601234072621e-15 6.290041187260480512e-17
1.428793738575363705e+03 1.249932963214228785e-15 6.435127292798235176e-17
1.429376491558480666e+03 9.969404884761253369e-16 5.675608410198830549e-17
1.429959244541597627e+03 1.088543132169869759e-15 5.984436220960128734e-17
1.430541997524714589e+03 1.063363556525960444e-15 5.819078536138543569e-17
1.431124750507831550e+03 1.037944435799832235e-15 5.837906436477256121e-17
1.431707503490948511e+03 1.044322631895723964e-15 5.800551036674621705e-17
1.432290256474065473e+03 1.114535459285435978e-15 6.101851842399733811e-17
1.432873009457182434e+03 1.015900016935276761e-15 5.788176081824775573e-17
1.433455762440299395e+03 1.030994297877296621e-15 5.781041137276812665e-17
1.434038515423416356e+03 1.091909901198586232e-15 5.997389941167482562e-17
1.434621268406533318e+03 1.016947058307724369e-15 5.852954058268878752e-17
1.435204021389650279e+03 1.044958263312194465e-15 5.874672798234822705e-17
1.435786774372767240e+03 1.173408270325212825e-15 6.314336455328421595e-17
1.436369527355884202e+03 1.130035711201152057e-15 6.137636312473509065e-17
1.436952280339001163e+03 1.155458682329839040e-15 6.111967393949324415e-17
1.437535033322118124e+03 1.063727459338099843e-15 6.012394116209785460e-17
1.438117786305235086e+03 1.118553017293881937e-15 6.010389844113256256e-17
1.438700539288352047e+03 1.306391464993156874e-15 6.574912162638019977e-17
1.439283292271469008e+03 1.248643011438491571e-15 6.518123686215880411e-17
1.439866045254585970e+03 1.233217328440466992e-15 6.409625693534886231e-17
1.440448798237702931e+03 1.192419166818556815e-15 6.316581323428520386e-17
1.441031551220819892e+03 1.049804966305555049e-15 5.953747586128231826e-17
1.441614304203936854e+03 1.075987055505855571e-15 5.987897387604670858e-17
1.442197057187053815e+03 1.080194481375539608e-15 6.122818070600150060e-17
1.442779810170170776e+03 1.095777564233478525e-15 5.971427879798435706e-17
1.443362563153287738e+03 1.147788777720084189e-15 6.236816827197541186e-17
1.443945316136404699e+03 1.038620075398539126e-15 5.994327099777121305e-17
1.444528069119521660e+03 1.123433878909190047e-15 6.113151610780576834e-17
1.445110822102638622e+03 1.164646706117568500e-15 6.270512732538872211e-17
1.445693575085755583e+03 1.089147443415650599e-15 6.257463522238276389e-17
1.446276328068872544e+03 1.024392769700184303e-15 5.882216358940137196e-17
1.446859081051989506e+03 1.049688035037819237e-15 6.032361592584180855e-17
1.447441834035106467e+03 1.025301492349604105e-15 6.001893228019456525e-17
1.448024587018223428e+03 1.043693422631416713e-15 6.098683421006664717e-17
1.448607340001340390e+03 9.572722110004332710e-16 5.824249094182583555e-17
1.449190092984457351e+03 9.840722420077007270e-16 5.853062332629785042e-17
1.449772845967574312e+03 1.026254911395387227e-15 6.094180996772737224e-17
1.450355598950691274e+03 9.629401370176261494e-16 5.791403311374653129e-17
1.450938351933808235e+03 1.047766753753655046e-15 6.044427494142528701e-17
1.451521104916925196e+03 1.000730084131373402e-15 6.010406227562477455e-17
1.452103857900042158e+03 9.489709967954751628e-16 5.778078157335295747e-17
1.452686610883159119e+03 1.022412354785787732e-15 5.972967386600925200e-17
1.453269363866276080e+03 1.040569200059636318e-15 6.075921943766992584e-17
1.453852116849393042e+03 9.756454873864156766e-16 5.848056817446004980e-17
1.454434869832510003e+03 9.316591619872859580e-16 5.831295914124329645e-17
1.455017622815626964e+03 8.914430279345367259e-16 5.662928766305133711e-17
1.455600375798743926e+03 9.060188557559982292e-16 5.684080934214396043e-17
1.456183128781860887e+03 9.185079978309878679e-16 5.760910943933345666e-17
1.456765881764977848e+03 8.882082180704850926e-16 5.757888638348292619e-17
1.457348634748094810e+03 8.775805075082190045e-16 5.619247372627582699e-17
1.457931387731211771e+03 9.535247743717074811e-16 5.906939848073571715e-17
1.458514140714328732e+03 9.528888453061685524e-16 5.861000878139984730e-17
1.459096893697445694e+03 9.683446680297548283e-16 6.092535392084747352e-17
1.459679646680562655e+03 9.105645815721632132e-16 5.758034530784884189e-17
1.460262399663679616e+03 9.455292766181116225e-16 5.912251842736966016e-17
1.460845152646796578e+03 9.143544134581082038e-16 5.841711764165245875e-17
1.461427905629913539e+03 8.786928335494510163e-16 5.694767618512270382e-17
1.462010658613030500e+03 1.028481905051592048e-15 6.133944482946685060e-17
1.462593411596147462e+03 1.012534211512848985e-15 6.171676569996827261e-17
1.463176164579264423e+03 8.063962611222000281e-16 5.478262552123588815e-17
1.463758917562381384e+03 8.635337629937578668e-16 5.736882513804669974e-17
1.464341670545498346e+03 8.843334134660411270e-16 5.850449980101893803e-17
1.464924423528615307e+03 9.226181751112616569e-16 5.921221313061948826e-17
1.465507176511732268e+03 9.183324413045927534e-16 5.903741913217165542e-17
1.466089929494849230e+03 8.541044323430922185e-16 5.669457858976083316e-17
1.466672682477966191e+03 9.140548137465712689e-16 5.864324981744404911e-17
1.467255435461083152e+03 9.073706027414343119e-16 5.863819948049056613e-17
1.467838188444200114e+03 8.479727176525296633e-16 5.668819726568446713e-17
1.468420941427317075e+03 8.678452892880149223e-16 5.822608498201087890e-17
1.469003694410434036e+03 8.818684755486664154e-16 5.818030031054343849e-17
1.469586447393550998e+03 8.695038417064215357e-16 5.806693881162356700e-17
1.470169200376667959e+03 8.780637605381930821e-16 5.807876554103549361e-17
1.470751953359784920e+03 9.262782157069667519e-16 5.971153510882605651e-17
1.471334706342901882e+03 9.002628553660863233e-16 5.926668068059024481e-17
1.471917459326018843e+03 8.077811310215589737e-16 5.704125235118935996e-17
1.472500212309135804e+03 7.845243680799357078e-16 5.524655667978475955e-17
1.473082965292252766e+03 8.966748802002098834e-16 5.993488399458239453e-17
1.473665718275369727e+03 8.391617060852178045e-16 5.709557647022833382e-17
1.474248471258486688e+03 9.118361789544555295e-16 5.977601191478517450e-17
1.474831224241603650e+03 9.304899989282558021e-16 6.092956973607405070e-17
1.475413977224720611e+03 8.268576458281835700e-16 5.765420081796764720e-17
1.475996730207837572e+03 8.320499416699709997e-16 5.828637197044877396e-17
1.476579483190954534e+03 8.440245559784669023e-16 5.730311155907018919e-17
1.477162236174071495e+03 8.814157946178128664e-16 5.901373038598604458e-17
1.477744989157188456e+03 8.229940401477933374e-16 5.774507819998375616e-17
1.478327742140305418e+03 8.457369451573772285e-16 5.781818026255292967e-17
1.478910495123422379e+03 8.948801865728056537e-16 6.005541082624081719e-17
1.479493248106539340e+03 9.010158179667869042e-16 6.077800293190166686e-17
1.480076001089656302e+03 8.963340453302916965e-16 5.984973427964387404e-17
1.480658754072773263e+03 7.931519804015864255e-16 5.731391730831245580e-17
1.481241507055890224e+03 6.962592733555892000e-16 5.289522662335653602e-17
1.481824260039007186e+03 7.365127997427762228e-16 5.485396149214854192e-17
1.482407013022124147e+03 6.536439310246069476e-16 5.150305684595387328e-17
1.482989766005241108e+03 7.038656860675216071e-16 5.411753444330677431e-17
1.483572518988358070e+03 7.548734206478423084e-16 5.677475469102087394e-17
1.484155271971475031e+03 6.866101026299874249e-16 5.357925622557159529e-17
1.484738024954591992e+03 6.992720396364075487e-16 5.445374616758836636e-17
1.485320777937708954e+03 6.278407638369300289e-16 5.146639635105795357e-17
1.485903530920825915e+03 6.441573161114086652e-16 5.148708667802908035e-17
1.486486283903942876e+03 7.696792628849210796e-16 5.701863264061012975e-17
1.487069036887059838e+03 7.177488189650011735e-16 5.556206635263611113e-17
1.487651789870176799e+03 6.586923476691143559e-16 5.242929843112102329e-17
1.488234542853293760e+03 6.354710145961581059e-16 5.206521083273954341e-17
1.488817295836410722e+03 5.964918420351459810e-16 5.043579440342539361e-17
1.489400048819527683e+03 6.281304443308220456e-16 5.116858550136943860e-17
1.489982801802644644e+03 6.942772729028614143e-16 5.412713502584263543e-17
1.490565554785761606e+03 6.938835384463749320e-16 5.407822368734625224e-17
1.491148307768878567e+03 6.016159820054333540e-16 5.047975116189993819e-17
1.491731060751995528e+03 5.887811063725620376e-16 5.033663850103069415e-17
1.492313813735112490e+03 6.042599800219245007e-16 5.141461575400018760e-17
1.492896566718229451e+03 5.926149860197445861e-16 5.076963628913446609e-17
1.493479319701346412e+03 5.856510669067491527e-16 5.031459291954821848e-17
1.494062072684463374e+03 6.399424531764191899e-16 5.339177790413666869e-17
1.494644825667580335e+03 6.488900986703430552e-16 5.276699177557392943e-17
1.495227578650697296e+03 6.391086918197724245e-16 5.311738601248679730e-17
1.495810331633814258e+03 6.137972340128673269e-16 5.190995450692800472e-17
1.496393084616931219e+03 6.463785498485658512e-16 5.409948778401845437e-17
1.496975837600048180e+03 6.074104614522150851e-16 5.159472367831433345e-17
1.497558590583165142e+03 6.663501435146738625e-16 5.420611797352135726e-17
1.498141343566282103e+03 6.836666960328904188e-16 5.485135645807779412e-17
1.498724096549399064e+03 6.450021184002085650e-16 5.435735174943039639e-17
1.499306849532516026e+03 5.844253162898945379e-16 5.178847098084057637e-17
1.499889602515632987e+03 5.957463518059628707e-16 5.224769289164486872e-17
1.500472355498749948e+03 5.977389475664672685e-16 5.289686770502845962e-17
1.501055108481866910e+03 5.952185364985266876e-16 5.186036739549681169e-17
1.501637861464983871e+03 6.440013921992582757e-16 5.508403785471958288e-17
1.502220614448100832e+03 5.613259196880718128e-16 5.037616421256129874e-17
1.502803367431217794e+03 6.078197900677168284e-16 5.314157601362472502e-17
1.503386120414334755e+03 5.731420247603709876e-16 5.165446142230249018e-17
1.503968873397451716e+03 5.803286819757320607e-16 5.245513729348987221e-17
1.504551626380568678e+03 5.580475477905092832e-16 5.071254121586871331e-17
1.505134379363685639e+03 6.516121191646336388e-16 5.516940295666492939e-17
1.505717132346802600e+03 6.151250568174517106e-16 5.349855588707960546e-17
1.506299885329919562e+03 5.843870743918089005e-16 5.224957700066428572e-17
1.506882638313036523e+03 6.113988541153451948e-16 5.350811263820975604e-17
1.507465391296153484e+03 5.744892281140666184e-16 5.177197255830064535e-17
1.508048144279270446e+03 6.003801013666798121e-16 5.309809185778562614e-17
1.508630897262387407e+03 6.582884293955876728e-16 5.559951144987257374e-17
1.509213650245504368e+03 6.729291995939371200e-16 5.656381380035263878e-17
1.509796403228621330e+03 6.425220698452621310e-16 5.433825476890285768e-17
1.510379156211738291e+03 6.583577403032572871e-16 5.578956974565425294e-17
1.510961909194855252e+03 6.869697962694398358e-16 5.710714818052466587e-17
1.511544662177972214e+03 5.644585080282569365e-16 5.180468782907635164e-17
1.512127415161089175e+03 6.603091843000940323e-16 5.674349733270979051e-17
1.512710168144206136e+03 5.394601922869485473e-16 5.116316831738655803e-17
1.513292921127323098e+03 6.462989904752320499e-16 5.544670114744286455e-17
1.513875674110440059e+03 6.453797060712023100e-16 5.656102568848125300e-17
1.514458427093557020e+03 5.404350081939890152e-16 5.142113375739298090e-17
1.515041180076673982e+03 6.714154992533589243e-16 5.803231696015380512e-17
1.515623933059790943e+03 6.577709662246014999e-16 5.707539951284100394e-17
1.516206686042907904e+03 5.799484835845373754e-16 5.307848477211897037e-17
1.516789439026024866e+03 5.856184630160200679e-16 5.454117622482850730e-17
1.517372192009141827e+03 5.552534504950910466e-16 5.191309740385570251e-17
1.517954944992258788e+03 7.313378020664559194e-16 5.964292810300263502e-17
1.518537697975375750e+03 8.183761862053679206e-16 6.427435689954729205e-17
1.519120450958492711e+03 7.974269232525129405e-16 6.358120495173266515e-17
1.519703203941609672e+03 6.768794813848364061e-16 5.904851452494982578e-17
1.520285956924726634e+03 6.005131435890684268e-16 5.497759820446270130e-17
1.520868709907843595e+03 6.485540367254781407e-16 5.686553053849344281e-17
1.521451462890960556e+03 6.388776053278284817e-16 5.694841317559243128e-17
1.522034215874077518e+03 6.956897154787170081e-16 5.934270435914431496e-17
1.522616968857194479e+03 7.525224863821712728e-16 6.168962803367914727e-17
1.523199721840311440e+03 7.171192900620967983e-16 6.163236425641588553e-17
1.523782474823428402e+03 5.999881852839881948e-16 5.584731973243437970e-17
1.524365227806545363e+03 7.023730481812930705e-16 6.043062423965604791e-17
1.524947980789662324e+03 7.728522945556975703e-16 6.250703071996991297e-17
1.525530733772779286e+03 7.331935276515870619e-16 6.224198473474161498e-17
1.526113486755896247e+03 5.296121990873170610e-16 5.338954300966175562e-17
1.526696239739013208e+03 5.670239121520427016e-16 5.535173944198069125e-17
1.527278992722130170e+03 7.170486187291762793e-16 6.034806623675168513e-17
1.527861745705247131e+03 8.120622505536273312e-16 6.457481005724217925e-17
1.528444498688364092e+03 8.527733362164151753e-16 6.685351878676827593e-17
1.529027251671481054e+03 8.667793306837018790e-16 6.779593036272815959e-17
1.529610004654598015e+03 8.472310143944978590e-16 6.764152806578814642e-17
1.530192757637714976e+03 8.522159956497789126e-16 6.698574988195838518e-17
1.530775510620831938e+03 9.562292368237934598e-16 7.175572655549066200e-17
1.531358263603948899e+03 9.417727871657426821e-16 7.051760876319635778e-17
1.531941016587065860e+03 9.478660244555653620e-16 7.020813121803932723e-17
1.532523769570182822e+03 1.053010805986109046e-15 7.587677397071965890e-17
1.533106522553299783e+03 9.786552943314400576e-16 7.218012518974286328e-17
1.533689275536416744e+03 8.564191284763277632e-16 6.856539151487983399e-17
1.534272028519533706e+03 7.067100118993217626e-16 6.211470587457793061e-17
1.534854781502650667e+03 6.557644872592316752e-16 6.038468366121221547e-17
1.535437534485767628e+03 8.839146867840439866e-16 6.867727914867884884e-17
1.536020287468884590e+03 1.062886088151379721e-15 7.556675923935545855e-17
1.536603040452001551e+03 1.007442125161623271e-15 7.335545184677383283e-17
1.537185793435118512e+03 9.959819390049491068e-16 7.302609847589180213e-17
1.537768546418235474e+03 1.044604747927417053e-15 7.552817932733548244e-17
1.538351299401352435e+03 1.148662373080226305e-15 7.968248848274043650e-17
1.538934052384469396e+03 1.221790199829623442e-15 8.198275316327380574e-17
1.539516805367586358e+03 1.239157867011933329e-15 8.451783720085051993e-17
1.540099558350703319e+03 1.074163773860821345e-15 7.773113140936680307e-17
1.540682311333820280e+03 9.831932955946850675e-16 7.369815280310318184e-17
1.541265064316937242e+03 1.028373126994955484e-15 7.553220506187802906e-17
1.541847817300054203e+03 9.851827552556533160e-16 7.436328852653177996e-17
1.542430570283171164e+03 1.091129925838377957e-15 7.780071825380404595e-17
1.543013323266288126e+03 1.304550952972097056e-15 8.497873799786651857e-17
1.543596076249405087e+03 1.407646523332217037e-15 8.849174900501717495e-17
1.544178829232522048e+03 1.328119265564069180e-15 8.653361300148782691e-17
1.544761582215639010e+03 1.301825354401176025e-15 8.559445069286602544e-17
1.545344335198755971e+03 1.210950628991751917e-15 8.145219736720173376e-17
1.545927088181872932e+03 1.229362008878756058e-15 8.375860557945762654e-17
1.546509841164989894e+03 1.242817807224645092e-15 8.340568181167073653e-17
1.547092594148106855e+03 1.360880255437753600e-15 8.775549258641243313e-17
1.547675347131223816e+03 1.221167253103830605e-15 8.478416573541658579e-17
1.548258100114340778e+03 1.017840306522102120e-15 7.620216596266270573e-17
1.548840853097457739e+03 1.052989490418330444e-15 7.840113365457311833e-17
1.549423606080574700e+03 1.047689546700313708e-15 7.881764207545698602e-17
1.550006359063691662e+03 9.660620748090473281e-16 7.658515290196499938e-17
1.550589112046808623e+03 1.015973770120937634e-15 7.700507982615494204e-17
1.551171865029925584e+03 1.160114156410691235e-15 8.339534515059547878e-17
1.551754618013042545e+03 1.173857573987607617e-15 8.275113947777843720e-17
1.552337370996159507e+03 1.252431303974728804e-15 8.722636273751870049e-17
1.552920123979276468e+03 1.184489054922299782e-15 8.338659424174443948e-17
1.553502876962393429e+03 1.246355451678536886e-15 8.679435243860914978e-17
1.554085629945510391e+03 1.107432345105310863e-15 8.250951193667710002e-17
1.554668382928627352e+03 9.735023995933920041e-16 7.855237542513615413e-17
1.555251135911744313e+03 9.106663198140788328e-16 7.497570545676111057e-17
1.555833888894861275e+03 9.435474868391053274e-16 7.615668219839311627e-17
1.556416641877978236e+03 9.435266491463361257e-16 7.519953631788349385e-17
1.556999394861095197e+03 1.039790449279157244e-15 7.876640899278605851e-17
1.557582147844212159e+03 1.030500641861029534e-15 8.177541443257278897e-17
1.558164900827329120e+03 8.804096090765569723e-16 7.572786676600453275e-17
1.558747653810446081e+03 8.644330988814533762e-16 7.296323459103461574e-17
1.559330406793563043e+03 1.133563047937229181e-15 8.473941336296996687e-17
1.559913159776680004e+03 1.224260410516587165e-15 8.788843083595181741e-17
1.560495912759796965e+03 9.978836929179232053e-16 7.897052505918544408e-17
1.561078665742913927e+03 8.505169983171341847e-16 7.328304134965007981e-17
1.561661418726030888e+03 8.816085188617817996e-16 7.481716943552480348e-17
1.562244171709147849e+03 9.049441975805193303e-16 7.557754921537672964e-17
1.562826924692264811e+03 9.721637785101422211e-16 8.066227173040507317e-17
1.563409677675381772e+03 9.605280999077653942e-16 7.883806821414657547e-17
1.563992430658498733e+03 9.997467057670105688e-16 8.076617213931213863e-17
1.564575183641615695e+03 9.871189983674550557e-16 8.022209144937653815e-17
1.565157936624732656e+03 9.362364100558232091e-16 7.865652406489843531e-17
1.565740689607849617e+03 7.578705238197015123e-16 7.230567327193573496e-17
1.566323442590966579e+03 5.968865913739667740e-16 6.401596050844151478e-17
1.566906195574083540e+03 7.687863328399750731e-16 7.203656910106690140e-17
1.567488948557200501e+03 8.225031493344570645e-16 7.442521158168545004e-17
1.568071701540317463e+03 8.182309921263425272e-16 7.394471195337132341e-17
1.568654454523434424e+03 7.512853508946226736e-16 7.194199443264982168e-17
1.569237207506551385e+03 7.156379697516084081e-16 7.036177342186771009e-17
1.569819960489668347e+03 7.107414140080682820e-16 7.051832488825414603e-17
1.570402713472785308e+03 6.029587829694925028e-16 6.534662006435661275e-17
1.570985466455902269e+03 7.511363214199243718e-16 7.216971265151780806e-17
1.571568219439019231e+03 7.816311577277688258e-16 7.438532103985540866e-17
1.572150972422136192e+03 7.172631215556765737e-16 7.086923428739440373e-17
1.572733725405253153e+03 7.318790277868832212e-16 7.201587737154916251e-17
1.573316478388370115e+03 7.529197129456836999e-16 7.375940923241670441e-17
1.573899231371487076e+03 7.258331145809212276e-16 7.298210647342489081e-17
1.574481984354604037e+03 6.723092538501064579e-16 6.833812945811041228e-17
1.575064737337720999e+03 7.540889788070320589e-16 7.556144237396320089e-17
1.575647490320837960e+03 6.638452510195740220e-16 6.917966388775098583e-17
1.576230243303954921e+03 6.580016544468573803e-16 6.972925913619278386e-17
1.576812996287071883e+03 6.550798063284134862e-16 6.942721666397193932e-17
1.577395749270188844e+03 7.359230674271959038e-16 7.359059293889534497e-17
1.577978502253305805e+03 6.804366787792131712e-16 7.092437106458882340e-17
1.578561255236422767e+03 6.262614251461446512e-16 6.911939535362036068e-17
1.579144008219539728e+03 7.114104906941618688e-16 7.259794446262649598e-17
1.579726761202656689e+03 8.748999005708960689e-16 8.099713591672974371e-17
1.580309514185773651e+03 8.257682417419737216e-16 7.819841311781990724e-17
1.580892267168890612e+03 7.430126542662503308e-16 7.479818464735895736e-17
1.581475020152007573e+03 6.184794049063474711e-16 6.955305887919226333e-17
1.582057773135124535e+03 7.016503257481219715e-16 7.368887957938989152e-17
1.582640526118241496e+03 7.318323226140033950e-16 7.591305444865452743e-17
1.583223279101358457e+03 6.521116012450883229e-16 7.103185706669958822e-17
1.583806032084475419e+03 6.163512466627846024e-16 6.996651626910611705e-17
1.584388785067592380e+03 5.532203238271368756e-16 6.657443518240833693e-17
1.584971538050709341e+03 6.993300759385817277e-16 7.383641389374021917e-17
1.585554291033826303e+03 6.688175236585750063e-16 7.152035497756574421e-17
1.586137044016943264e+03 6.541920340337318845e-16 7.284280360830830911e-17
1.586719797000060225e+03 7.185777938010913024e-16 7.618627325527149591e-17
1.587302549983177187e+03 7.613022855009048314e-16 7.799423315506569622e-17
1.587885302966294148e+03 8.290130656974875168e-16 8.161359700313623198e-17
1.588468055949411109e+03 7.766687314493944430e-16 7.877402033818501475e-17
1.589050808932528071e+03 6.147473469806739972e-16 6.998764626379812299e-17
1.589633561915645032e+03 6.073124667352174481e-16 7.024105603787158322e-17
1.590216314898761993e+03 6.086920127840026157e-16 7.039783089339800745e-17
1.590799067881878955e+03 6.361795670843046129e-16 7.340781508735438184e-17
1.591381820864995916e+03 5.919617969950666322e-16 7.243906169442156276e-17
1.591964573848112877e+03 7.092195178605947324e-16 7.475327814057818678e-17
1.592547326831229839e+03 8.909891717766132281e-16 8.539310296963902314e-17
1.593130079814346800e+03 6.735357476697190570e-16 7.529391757993373125e-17
1.593712832797463761e+03 4.642433870521607134e-16 6.321930641145244787e-17
1.594000000000000000e+03 5.855851311594190513e-16 5.056139000084130623e-17
1.594295585780580723e+03 7.100251142153184940e-16 7.932477252209582506e-17
1.594878338763697684e+03 7.948248637487158110e-16 8.350444201239842079e-17
1.595461091746814645e+03 6.840073892818751894e-16 7.471158578313883681e-17
1.595548019632647993e+03 6.904904483772970669e-16 6.463118847822915728e-17
1.596043844729931607e+03 7.253339946962587376e-16 7.818822686932009619e-17
1.596626597713048568e+03 8.407287989908858517e-16 8.575666070558406130e-17
1.597096039265295985e+03 7.953720818744813877e-16 6.755324801842064180e-17
1.597209350696165529e+03 7.825451563144768064e-16 8.125209374134733638e-17
1.597792103679282491e+03 8.664227215591312076e-16 8.726478763466435004e-17
1.598374856662399452e+03 8.297430962753886834e-16 8.583238246698036201e-17
1.598644058897943978e+03 8.328433477609445664e-16 6.079718201197869402e-17
1.598957609645516413e+03 8.294238286781194645e-16 8.552394860057825557e-17
1.599540362628633375e+03 8.066213334454901617e-16 8.319184178591561734e-17
1.600123115611750336e+03 7.766542632670650038e-16 8.253227416149355525e-17
1.600192078530591971e+03 7.825596603064835074e-16 7.345453968215549103e-17
1.600705868594867297e+03 8.292127692147555414e-16 8.442800137854028766e-17
1.601288621577984259e+03 8.893578893235138146e-16 8.806726118452821242e-17
1.601740098163239963e+03 6.896470031095299661e-16 6.225377871692590793e-17
1.601871374561101220e+03 6.311275192267165487e-16 7.615411895048293503e-17
1.602454127544218181e+03 7.533088736534174059e-16 8.131566663140837986e-17
1.603036880527335143e+03 7.640960709544656359e-16 8.433438385349059437e-17
1.603288117795887956e+03 7.739919229694313336e-16 6.006503376060008633e-17
1.603619633510452104e+03 7.741172625615493382e-16 8.368893369300497689e-17
1.604202386493569065e+03 8.235980395682656659e-16 8.603985093452236173e-17
1.604785139476686027e+03 6.211521619334063257e-16 7.467066419460196159e-17
1.604836137428535949e+03 6.239980567212272822e-16 6.848859064700824497e-17
1.605367892459802988e+03 6.562364535444477342e-16 7.857510698161437169e-17
1.605950645442919949e+03 6.631261865493285234e-16 7.815851468571170723e-17
1.606384157061183942e+03 7.703127224292325609e-16 6.715298767649545797e-17
1.606533398426036911e+03 8.076269031408921317e-16 8.613655457869657860e-17
1.607116151409153872e+03 7.778360816083762053e-16 8.470704196990295227e-17
1.607698904392270833e+03 6.781138165168237127e-16 8.012877717935628636e-17
1.607932176693831934e+03 6.848498521313177725e-16 5.764939320091433643e-17
1.608281657375387795e+03 6.879344361058469190e-16 7.937068601508481090e-17
1.608864410358504756e+03 7.742553686764850942e-16 8.651299237443027058e-17
1.609447163341621717e+03 6.860895482699974212e-16 8.027468134014899395e-17
1.609480196326479927e+03 6.882647450004304216e-16 7.587735649487549800e-17
1.610029916324738679e+03 7.199554744210805154e-16 8.169125907937309112e-17
1.610612669307855640e+03 9.270620772301314155e-16 9.378024921123762522e-17
1.611028215959127920e+03 8.970285157559123300e-16 7.056850833646206983e-17
1.611195422290972601e+03 8.791611138953245162e-16 9.137610471463580841e-17
1.611778175274089563e+03 7.730846630266295185e-16 8.679947336025158127e-17
1.612360928257206524e+03 6.524625310744044866e-16 8.030054928641446326e-17
1.612576235591775912e+03 7.173025815308198577e-16 6.047932909088896778e-17
1.612943681240323485e+03 8.114466890706217729e-16 8.909998853761723198e-17
1.613526434223440447e+03 8.410405247678184741e-16 9.078114305824837424e-17
1.614109187206557408e+03 7.599946361174630881e-16 8.518942352258312551e-17
1.614124255224423905e+03 7.589580880493231532e-16 8.302586292634326160e-17
1.614691940189674369e+03 7.162161605220858290e-16 8.446883436225502298e-17
1.615274693172791331e+03 6.703958029916715356e-16 8.128175563079121610e-17
1.615672274857071898e+03 6.856285420283112975e-16 6.159950688383075069e-17
1.615857446155908292e+03 6.897556005894493854e-16 8.184767656608017177e-17
1.616440199139025253e+03 5.617134048499058895e-16 7.571893759615595156e-17
1.617022952122142215e+03 6.340986712021155828e-16 8.096592496281008330e-17
1.617220294489719890e+03 6.620776024630503863e-16 6.091805331819514662e-17
1.617605705105259176e+03 6.926012769334802509e-16 8.499736883946606483e-17
1.618188458088376137e+03 6.561800762730840729e-16 8.119617015596709954e-17
1.618768314122367883e+03 5.602398743069157138e-16 7.432769291917703220e-17
1.618771211071493099e+03 5.596112895375796969e-16 7.469474115688117860e-17
1.619353964054610060e+03 5.197859000215050978e-16 7.321314845131062293e-17
1.619936717037727021e+03 7.081068606345901386e-16 8.426445772837158224e-17
1.620316333755015876e+03 7.767369102044857036e-16 6.533316825437872538e-17
1.620519470020843983e+03 8.171281704700574249e-16 8.939993333868685935e-17
1.621102223003960944e+03 8.207048664947614662e-16 8.947355398791891172e-17
1.621684975987077905e+03 6.516044852046232797e-16 8.002313298777134163e-17
1.621864353387663868e+03 6.598332308667720874e-16 6.102513267197126213e-17
1.622267728970194867e+03 6.882634220455393435e-16 8.259725514253438587e-17
1.622850481953311828e+03 7.803432708905769045e-16 8.731920712343781549e-17
1.623412373020311861e+03 7.858260799282734210e-16 8.634274453665415343e-17
1.623433234936428789e+03 7.865611496223466423e-16 8.946095691384577006e-17
1.624015987919545751e+03 6.777384534777310944e-16 8.206884262952855141e-17
1.624598740902662712e+03 7.217752351533136734e-16 8.709836890883223571e-17
1.624960392652959854e+03 7.385588605637374788e-16 6.298666172249769181e-17
1.625181493885779673e+03 7.512859624627768720e-16 8.612607398172134404e-17
1.625764246868896635e+03 7.847237420535621921e-16 9.018686517197411997e-17
1.626346999852013596e+03 6.757366911023914195e-16 8.398474687216168506e-17
1.626508412285607847e+03 7.001237061595427483e-16 6.567476609742588963e-17
1.626929752835130557e+03 7.256103256883558961e-16 8.792461572972189070e-17
1.627512505818247519e+03 6.680867067138408216e-16 8.464440170394192423e-17
1.628056431918255839e+03 7.896936641494706330e-16 8.562797140329070513e-17
1.628095258801364480e+03 7.928928848211212786e-16 9.137902554182776513e-17
1.628678011784481441e+03 9.406314284391266821e-16 9.930451529222783463e-17
1.629260764767598403e+03 9.836944571671736698e-16 1.000278513384674967e-16
1.629604451550903832e+03 9.327451774660889415e-16 7.051844992555244087e-17
1.629843517750715364e+03 8.756461977520563769e-16 9.635400429087749674e-17
1.630426270733832325e+03 7.979193392496079730e-16 9.058232987648292958e-17
1.631009023716949287e+03 7.838279149581464317e-16 8.880679644599671224e-17
1.631152471183551825e+03 7.945722835979945841e-16 7.103677656327263276e-17
1.631591776700066248e+03 7.999116894111108052e-16 9.265381045201756110e-17
1.632174529683183209e+03 9.761068376805002267e-16 1.007714614906717042e-16
1.632700490816199817e+03 9.544445152058658352e-16 8.895564254320666668e-17
1.632757282666300171e+03 9.549300400248705270e-16 9.779577789840988865e-17
1.633340035649417132e+03 9.728002497026305050e-16 9.878786005005090930e-17
1.633922788632534093e+03 1.087819869022712388e-15 1.064751540767660973e-16
1.634248510448847810e+03 1.023914854411742104e-15 7.276185318940327942e-17
1.634505541615651055e+03 9.955447878033199045e-16 9.867186283261752474e-17
1.635088294598768016e+03 9.027916827689504068e-16 9.433821636234178879e-17
1.635671047581884977e+03 8.626370435387597054e-16 9.417010530303089884e-17
1.635796530081495803e+03 8.918682914738400184e-16 7.733129209391123616e-17
1.636253800565001939e+03 1.038891321232404817e-15 1.023156944580695335e-16
1.636836553548118900e+03 1.059581695989440469e-15 1.045648254629992765e-16
1.637344549714143795e+03 1.056566358004486009e-15 9.242448358644251011e-17
1.637419306531235861e+03 1.059768701850480624e-15 1.046050058714262675e-16
1.638002059514352823e+03 1.052635138328255998e-15 1.026053286897218640e-16
1.638584812497469784e+03 1.075684730022669983e-15 1.076992052708810667e-16
1.638892569346791788e+03 1.046938527450400841e-15 7.470377695305461522e-17
1.639167565480586745e+03 9.885321864683043504e-16 1.014794639817633499e-16
1.639750318463703707e+03 7.862107739388134322e-16 9.061134007679539956e-17
1.640333071446820668e+03 8.382795435531042319e-16 9.421387247557263799e-17
1.640440588979439781e+03 8.497986754927328413e-16 7.933778895731611162e-17
1.640915824429937629e+03 8.608769772077607092e-16 9.668122690934419464e-17
1.641498577413054591e+03 8.921537261443863467e-16 1.004361236911701373e-16
1.641988608612087774e+03 1.069772724835737790e-15 9.555186777199239042e-17
1.642081330396171552e+03 1.075392824191625428e-15 1.108908153564208436e-16
1.642664083379288513e+03 9.791555486716311381e-16 1.032918363977766727e-16
1.643246836362405475e+03 9.572405463668697928e-16 1.019565624179233485e-16
1.643536628244735766e+03 9.940097871983163114e-16 7.428914300158166531e-17
1.643829589345522436e+03 9.797252527791476152e-16 1.049756592185482360e-16
1.644412342328639397e+03 8.984806022125823235e-16 9.716554500058746487e-17
1.644995095311756359e+03 9.279249925064317678e-16 1.011536749733299498e-16
1.645084647877383759e+03 9.341878893002244523e-16 8.759702934179357904e-17
1.645577848294873320e+03 9.145610157698312427e-16 1.003171191201999585e-16
1.646160601277990281e+03 8.743715357816173539e-16 9.794017074777693204e-17
1.646632667510031752e+03 8.746936860989071504e-16 8.248519865712373197e-17
1.646743354261107243e+03 8.655108609926950488e-16 9.834536701786611843e-17
1.647326107244224204e+03 9.685317684651368635e-16 1.021804043172805927e-16
1.647908860227341165e+03 1.070461066805853530e-15 1.064853875772774532e-16
1.648180687142679744e+03 1.011756952967294431e-15 7.462626671298467017e-17
1.648491613210458127e+03 9.339407374366532974e-16 1.005950896681402877e-16
1.649074366193575088e+03 8.662557851834793520e-16 9.634066385590251304e-17
1.649657119176692049e+03 8.737277950877160104e-16 9.780567153084759327e-17
1.649728706775327737e+03 8.945586777872721067e-16 8.730076801654377237e-17
1.650239872159809011e+03 1.003952150365376983e-15 1.059764185387728683e-16
1.650822625142925972e+03 8.167391321771111391e-16 9.406574556732113570e-17
1.651276726407975730e+03 9.836560685373063478e-16 8.658080762561098389e-17
1.651405378126042933e+03 1.023761300434875210e-15 1.066206197669252837e-16
1.651988131109159895e+03 9.852548108700557032e-16 1.025153239293006549e-16
1.652570884092276856e+03 7.575493658623435642e-16 9.130129155528097480e-17
1.652824746040623722e+03 7.770197635080203641e-16 6.686989856398940485e-17
1.653153637075393817e+03 7.965983165039180299e-16 9.480854020015359555e-17
1.653736390058510779e+03 1.070396672770505736e-15 1.093179080404008569e-16
1.654319143041627740e+03 1.116771007802629543e-15 1.116763970889332894e-16
1.654372765673271715e+03 1.111629074929531893e-15 1.026484365643180897e-16
1.654901896024744701e+03 9.240757201914249884e-16 1.018893574762731173e-16
1.655484649007861663e+03 8.764793004461130921e-16 1.006341920150469374e-16
1.655920785305919708e+03 9.282523955728280027e-16 8.246438047185997372e-17
1.656067401990978624e+03 9.239967849476312848e-16 1.030977048427423983e-16
1.656650154974095585e+03 7.609736802952763028e-16 9.086516843133140857e-17
1.657232907957212547e+03 7.822878749568875931e-16 9.477031562906315339e-17
1.657468804938567700e+03 8.868150606120463947e-16 7.267167408531036900e-17
1.657815660940329508e+03 9.975472300251089636e-16 1.077791573220330063e-16
1.658398413923446469e+03 1.020470583494890161e-15 1.088568091027933540e-16
1.658981166906563431e+03 9.419554350536546307e-16 1.039051232781287108e-16
1.659016824571215693e+03 9.385908021979155636e-16 9.823316010986820198e-17
1.659563919889680392e+03 7.994123300522438733e-16 9.458172985627837801e-17
1.660146672872797353e+03 7.629619791849336435e-16 9.313284191486923012e-17
1.660564844203863686e+03 8.682260391708841464e-16 7.869080334053126364e-17
1.660729425855914315e+03 9.096021162080914121e-16 1.017294820442539263e-16
1.661312178839031276e+03 1.134264784067110588e-15 1.104481320745373160e-16
1.661894931822148237e+03 9.971732878209121562e-16 1.046070060660233604e-16
1.662112863836511679e+03 9.268750842207926650e-16 7.609944314274638326e-17
1.662477684805265199e+03 8.223286586248212224e-16 9.750661776544689827e-17
1.663060437788382160e+03 9.094846310480311901e-16 9.895598823499703134e-17
1.663643190771499121e+03 1.032054942091897774e-15 1.065787124245257412e-16
1.663660883469159671e+03 1.029664586862930541e-15 1.036199164105378887e-16
1.664225943754616083e+03 9.562671961550656862e-16 1.027859056070395846e-16
1.664808696737733044e+03 8.479227396292150421e-16 9.738718487933590234e-17
1.665208903101807664e+03 8.404468312551937203e-16 7.433758700931726978e-17
1.665391449720850005e+03 8.519827896751598807e-16 9.714921870246341792e-17
1.665974202703966967e+03 9.631085166004939134e-16 1.027097950863122264e-16
1.666556955687083928e+03 8.424253784161612712e-16 9.798907019624868489e-17
1.666756922734455657e+03 7.831136602684165795e-16 7.235676876735169462e-17
1.667139708670200889e+03 6.832486968489155717e-16 8.888599633875337899e-17
1.667722461653317851e+03 7.744517276394988853e-16 9.568467407720543252e-17
1.668304942367103649e+03 8.653159570418704744e-16 1.015551376621434742e-16
1.668305214636434812e+03 8.653193268188282228e-16 1.015977779458515939e-16
1.668887967619551773e+03 9.105164698725542914e-16 1.038703966956160645e-16
1.669470720602668735e+03 1.117132125891282151e-15 1.202022406925171274e-16
1.669852961999751642e+03 9.756196087565078426e-16 7.822420744042523553e-17
1.670053473585785696e+03 8.126650166841771697e-16 9.663881711038727567e-17
1.670636226568902657e+03 6.435904666351288817e-16 8.742426934715748129e-17
1.671218979552019618e+03 8.288088265176172816e-16 1.010166850853193429e-16
1.671400981632399635e+03 8.417921366555105243e-16 7.801643721447959436e-17
1.671801732535136580e+03 8.276822713466197394e-16 1.009770443350771480e-16
1.672384485518253541e+03 8.385547762873098828e-16 9.859281387512162448e-17
1.672949001265047627e+03 1.015725122209330918e-15 1.084176330834320734e-16
1.672967238501370502e+03 1.019757801788935009e-15 1.114913509155920917e-16
1.673549991484487464e+03 9.759906478564312111e-16 1.061481258238941949e-16
1.674132744467604425e+03 9.017848221115188915e-16 1.036237571193601519e-16
1.674497020897695620e+03 8.814667270577599430e-16 7.601973223122457512e-17
1.674715497450721386e+03 8.400560994369538808e-16 1.008112103995186146e-16
1.675298250433838348e+03 9.697582608732934000e-16 1.039008901675850532e-16
1.675881003416955309e+03 1.270444974170732735e-15 1.215598680287766413e-16
1.676045040530343613e+03 1.258723896345189833e-15 9.562564665189787925e-17
1.676463756400072270e+03 1.177373408671336385e-15 1.160475888694730311e-16
1.677046509383189232e+03 1.213521440668627047e-15 1.188651397321410561e-16
1.677593060162991605e+03 1.188252212246271101e-15 1.101294909508961102e-16
1.677629262366306193e+03 1.187631226472951329e-15 1.164691649764083255e-16
1.678212015349423154e+03 1.200700676945248599e-15 1.168856147070719722e-16
1.678794768332540116e+03 9.660956305224868923e-16 1.053967126120797645e-16
1.679141079795639598e+03 8.970798855015043141e-16 7.602837499813637437e-17
1.679377521315657077e+03 8.500911295093386421e-16 1.020593017043249421e-16
1.679960274298774038e+03 8.395086171217192661e-16 9.644143580608099499e-17
1.680543027281891000e+03 7.967792290525583733e-16 9.694056492586536691e-17
1.680689099428287591e+03 8.644692183904895266e-16 7.966990901801926432e-17
1.681125780265007961e+03 1.070672406023060556e-15 1.158857853513329257e-16
1.681708533248124922e+03 9.619945829577233680e-16 1.039843926917103463e-16
1.682237119060935584e+03 9.829879220767997939e-16 1.014844644150403083e-16
1.682291286231241884e+03 9.953755817352973893e-16 1.105477147655367550e-16
1.682874039214358845e+03 1.079090409909979999e-15 1.068827659408447143e-16
1.683456792197475806e+03 1.201335360006201985e-15 1.205020901137508623e-16
1.683785138693583576e+03 1.240711284130109832e-15 8.987463497689623395e-17
1.684039545180592768e+03 1.303221446922189994e-15 1.237843275399876271e-16
1.684622298163709729e+03 1.255853815022731410e-15 1.150279245553283487e-16
1.685205051146826690e+03 1.248337721729925722e-15 1.238716577345176991e-16
1.685333158326231569e+03 1.201994258122206600e-15 1.019227890413856481e-16
1.685787804129943652e+03 1.045243349534042335e-15 1.092468618502809063e-16
1.686370557113060613e+03 1.253837731684566997e-15 1.235640443163081735e-16
1.686881177958879562e+03 1.479169743816622636e-15 1.219338209937582748e-16
1.686953310096177574e+03 1.506747606030854950e-15 1.356671997572943749e-16
1.687536063079294536e+03 1.256598921754370787e-15 1.170514554620231199e-16
1.688118816062411497e+03 9.721875883030187566e-16 1.095010451718412945e-16
1.688429197591527554e+03 1.026107741765515706e-15 8.318388304010323924e-17
1.688701569045528458e+03 1.054663582987560619e-15 1.159033355735733794e-16
1.689284322028645420e+03 1.079131587048583769e-15 1.115693714161119903e-16
1.689867075011762381e+03 1.171685262667427423e-15 1.212447544335308965e-16
1.689977217224175547e+03 1.202246581685443317e-15 1.040724019898187609e-16
1.690449827994879342e+03 1.168783764521513997e-15 1.233221184508439652e-16
1.691032580977996304e+03 1.242321414550218907e-15 1.236104850216806709e-16
1.691525236856823540e+03 1.133193970037274915e-15 1.020973784156636410e-16
1.691615333961113265e+03 1.109387746053863619e-15 1.163430337084692878e-16
1.692198086944230226e+03 1.388251153438355388e-15 1.274586737853071427e-16
1.692780839927347188e+03 1.249173611618276049e-15 1.205907751428155131e-16
1.693073256489471532e+03 1.177863017024176085e-15 8.791668616179836134e-17
1.693363592910464149e+03 1.116339303014842417e-15 1.192374673280079635e-16
1.693946345893581110e+03 1.334781143738256384e-15 1.237955643899804883e-16
1.694529098876698072e+03 1.358820994825067607e-15 1.302302001441687298e-16
1.694621276122119525e+03 1.354707474360826377e-15 1.140293856267469948e-16
1.695111851859815033e+03 1.292225949287064034e-15 1.261620823831416044e-16
1.695694604842931994e+03 1.354473542150406677e-15 1.294200854964876314e-16
1.696169295754767518e+03 1.386667548744741213e-15 1.149118916297922089e-16
1.696277357826048956e+03 1.401383302665985113e-15 1.345362214559908138e-16
1.696860110809165917e+03 1.271249493305405676e-15 1.175075799486736796e-16
1.697442863792282878e+03 1.295302748549804519e-15 1.289915245455371567e-16
1.697717315387415510e+03 1.279828464424708603e-15 9.477017686259410460e-17
1.698025616775399840e+03 1.325174152445568240e-15 1.291250022046434043e-16
1.698608369758516801e+03 1.278506309732430427e-15 1.195003118318693133e-16
1.699191122741633762e+03 1.230702570541212807e-15 1.236939208335136653e-16
1.699265335020063503e+03 1.234001041134686822e-15 1.109955040477482518e-16
1.699773875724750724e+03 1.333653632792459949e-15 1.301193285151920804e-16
1.700356628707867685e+03 1.313167108643555966e-15 1.282531873889369204e-16
1.700813354652711496e+03 1.429561727169413624e-15 1.156001180044537937e-16
1.700939381690984646e+03 1.449910171158754920e-15 1.379578214093675292e-16
1.701522134674101608e+03 1.263306567079574844e-15 1.192059894215948589e-16
1.702104887657218569e+03 1.103601513369655398e-15 1.208278486371922998e-16
1.702361374285359489e+03 1.226883809301210675e-15 9.598079455153898584e-17
1.702687640640335530e+03 1.255336293788662940e-15 1.353996632543016267e-16
1.703270393623452492e+03 1.151815050872403200e-15 1.186559619093668749e-16
1.703853146606569453e+03 1.011117534602969068e-15 1.180781689744491672e-16
1.703909393918007481e+03 1.041217595532517818e-15 1.093427730369282888e-16
1.704435899589686414e+03 1.187653796499547064e-15 1.285826167374142105e-16
1.705018652572803376e+03 1.466101795458380815e-15 1.402578907139894467e-16
1.705457413550655474e+03 1.300548794301583794e-15 1.057485383792338801e-16
1.705601405555920337e+03 1.242843679636691515e-15 1.276182890833091433e-16
1.706184158539037298e+03 1.367276227546845412e-15 1.262406534864355929e-16
1.706766911522154260e+03 1.153086551849084832e-15 1.225040639964069916e-16
1.707005433183303467e+03 1.226024377872663761e-15 9.568041678506123611e-17
1.707349664505271221e+03 1.346741837109134936e-15 1.363101726653046034e-16
1.707932417488388182e+03 1.367159733658288768e-15 1.281520787321957961e-16
1.708515170471505144e+03 1.379032423413814702e-15 1.362605260155744743e-16
1.708553452815951459e+03 1.379654735973385115e-15 1.290046354859504261e-16
1.709097923454622105e+03 1.492750313671872588e-15 1.392046555055123962e-16
1.709680676437739066e+03 1.464997925717727464e-15 1.400653914709027153e-16
1.710101472448599452e+03 1.253363372128027138e-15 1.038864693244397156e-16
1.710263429420856028e+03 1.223689973773534261e-15 1.286916651226083834e-16
1.710846182403972989e+03 1.329532891265750597e-15 1.233847306298943706e-16
1.711428935387089950e+03 1.326127445159399188e-15 1.368601482363701177e-16
1.711649492081247445e+03 1.390351675621272430e-15 1.068332232402710563e-16
1.712011688370206912e+03 1.468803257085911656e-15 1.439603989292894257e-16
1.712594441353323873e+03 1.023166849215753530e-15 2.213728829618566223e-16
1.713197511713895437e+03 9.512533538518528026e-16 2.675463578753841890e-16
1.714745531346543430e+03 1.035991612629065536e-15 2.754561779522267819e-16
1.716293550979191423e+03 1.390616063370723390e-15 2.986812045809902034e-16
1.717841570611839416e+03 1.387796811114757461e-15 2.916792134238296639e-16
1.719389590244487408e+03 1.238568417474756665e-15 2.817624368657466341e-16
1.720937609877135401e+03 1.112163681571998860e-15 2.699385252496987572e-16
1.722485629509783394e+03 1.006937117230163496e-15 2.591937887578368749e-16
1.724033649142431386e+03 1.815627300721891322e-15 3.253985525872968136e-16
1.725581668775079379e+03 1.758676740805394255e-15 3.073948009701871171e-16
1.727129688407727372e+03 1.165079161320635734e-15 2.687751931119706594e-16
1.728677708040375364e+03 1.393708616166685021e-15 2.866343675487480421e-16
1.730225727673023357e+03 1.208548961734546052e-15 2.648623913861377614e-16
1.731773747305671350e+03 1.321531490858226556e-15 2.738697518223163153e-16
1.733321766938319342e+03 1.533223733147673156e-15 2.867459763897962202e-16
1.734869786570967335e+03 1.521714749502658661e-15 2.867575145742660707e-16
1.736417806203615328e+03 1.466349579402680370e-15 2.813769496370274524e-16
1.737965825836263321e+03 1.276351011958884548e-15 2.630323440489818610e-16
1.739513845468911313e+03 1.695972051545636521e-15 2.966562065834453074e-16
1.741061865101559306e+03 1.578290335557312276e-15 2.785696613013084701e-16
1.742609884734207299e+03 1.534726778519176519e-15 2.808990531051871783e-16
1.744157904366855291e+03 1.693372718552231828e-15 2.860279931898442696e-16
1.745705923999503284e+03 1.619411628559680525e-15 2.836452795053408211e-16
1.747253943632151277e+03 1.845052153077503652e-15 2.996494261960235757e-16
1.748801963264799269e+03 1.754735277938139514e-15 2.833260031321210382e-16
1.750349982897447262e+03 1.473636508694125630e-15 2.652877222307809360e-16
1.751898002530095255e+03 1.499275697480639543e-15 2.708804839827496013e-16
1.753446022162743247e+03 1.971161006249788470e-15 3.054721875448977348e-16
1.754994041795391240e+03 2.066995379303242851e-15 2.983252671284433308e-16
1.756542061428039233e+03 2.129413112681846890e-15 3.078114722476818016e-16
1.758090081060687226e+03 1.845085964917040732e-15 2.805015355456237231e-16
1.759638100693335218e+03 2.034672511274869361e-15 2.991773648405550327e-16
1.761186120325983211e+03 2.183951838828922559e-15 3.056732911120105711e-16
1.762734139958631204e+03 1.563554945275516803e-15 2.575965141532107915e-16
1.764282159591279196e+03 1.554036847839153076e-15 2.679017164725534497e-16
1.765830179223927189e+03 2.262780657316807900e-15 3.144352031940285965e-16
1.767378198856575182e+03 2.055415912749705366e-15 2.875605458686369128e-16
1.768926218489223174e+03 1.605995851717526523e-15 2.659596838993285043e-16
1.770474238121871167e+03 1.540529039200013576e-15 2.593410772547073923e-16
1.772022257754519160e+03 1.450734083385274167e-15 2.491291691502170127e-16
1.773570277387167152e+03 1.798591625962422934e-15 2.785017361560840112e-16
1.775118297019815145e+03 2.408331610477424077e-15 3.089654372506824362e-16
1.776666316652463138e+03 1.936062576638159677e-15 2.691044213993556438e-16
1.778214336285111131e+03 1.873759418204564814e-15 2.793526213045693198e-16
1.779762355917759123e+03 1.727420545508685195e-15 2.630742008077969060e-16
1.781310375550407116e+03 1.931239124852615106e-15 2.788970925741042985e-16
1.782858395183055109e+03 2.013479655410227979e-15 2.801957355717695653e-16
1.784406414815703101e+03 2.222834999190028150e-15 2.947284785659886650e-16
1.785954434448351094e+03 2.234186615950553272e-15 2.898262100538246304e-16
1.787502454080999087e+03 2.180360272872337362e-15 2.882996762509345339e-16
1.789050473713647079e+03 1.853950317763481537e-15 2.609087653082575641e-16
1.790598493346295072e+03 1.751275794429995831e-15 2.642613243538075840e-16
1.792146512978943065e+03 1.831069423208950575e-15 2.654245374538893084e-16
1.793694532611591058e+03 1.895066419111288730e-15 2.693717108362619938e-16
1.795242552244239050e+03 1.723255029510678878e-15 2.594957983278185482e-16
1.796790571876887043e+03 1.094658386865094192e-15 2.075673237982485593e-16
1.798338591509535036e+03 1.206187609267222982e-15 2.312792454827490231e-16
1.799886611142183028e+03 1.256252465428158202e-15 2.224715222839552221e-16
1.801434630774831021e+03 1.068855965906875201e-15 2.128850264047938143e-16
1.802982650407479014e+03 1.129580447763352560e-15 2.188025006140637195e-16
1.804530670040127006e+03 9.394027353787711109e-16 1.979501959482963318e-16
1.806078689672774999e+03 1.041634861411482430e-15 2.100204532006960368e-16
1.807626709305422992e+03 1.543184116068565552e-15 2.510953155840244772e-16
1.809174728938070984e+03 1.005747950862332252e-15 1.945502303598193864e-16
1.810722748570718977e+03 1.050405605807216363e-15 2.119784488383567142e-16
1.812270768203366970e+03 1.118534410470575102e-15 2.105699354955113171e-16
1.813818787836014963e+03 1.707921142041878637e-15 2.597351715256370109e-16
1.815366807468662955e+03 1.753584454585386517e-15 2.490937869663212297e-16
1.816914827101310948e+03 1.792339879679724714e-15 2.528642624578519532e-16
1.818462846733958941e+03 1.758948299810676761e-15 2.501217626585520567e-16
1.820010866366606933e+03 1.554690714491185007e-15 2.327757953216317312e-16
1.821558885999254926e+03 1.418750500037171854e-15 2.286799912630873030e-16
1.823106905631902919e+03 2.174559934154905924e-15 2.768042221748979080e-16
1.824654925264550911e+03 1.470775722619233160e-15 2.168929075311043213e-16
1.826202944897198904e+03 1.391637277216028973e-15 2.288858829069593482e-16
1.827750964529846897e+03 1.332718898134760567e-15 2.157467317517911699e-16
1.829298984162494889e+03 1.529563311309939766e-15 2.386945360234789964e-16
1.830847003795142882e+03 1.853973162860761329e-15 2.522135051829493377e-16
1.832395023427790875e+03 2.042028612592007239e-15 2.599160303332333511e-16
1.833943043060438868e+03 1.957798608440240391e-15 2.571178562035064280e-16
1.835491062693086860e+03 1.372584500472512979e-15 2.150630933661127701e-16
1.837039082325734853e+03 1.508273467529119143e-15 2.317045390725869863e-16
1.838587101958382846e+03 1.768366460306694551e-15 2.478769543613012853e-16
1.840135121591030838e+03 1.161307605378842530e-15 1.965493161091838011e-16
1.841683141223678831e+03 1.627116868465025647e-15 2.429358277666797747e-16
1.843231160856326824e+03 1.933751979859216288e-15 2.534950711448611878e-16
1.844779180488974816e+03 2.048367499733500944e-15 2.600062890924176841e-16
1.846327200121622809e+03 1.697992668406259500e-15 2.326901315013214864e-16
1.847875219754270802e+03 1.363323605324296355e-15 2.146877055470767268e-16
1.849423239386918794e+03 1.245221672103658968e-15 2.086397584803322316e-16
1.850971259019566787e+03 2.024439950049119041e-15 2.659275352729907044e-16
1.852519278652214780e+03 1.934575019673670411e-15 2.490368634763409201e-16
1.854067298284862773e+03 1.661374087178084865e-15 2.317693361701869866e-16
1.855615317917510765e+03 1.344046212838861818e-15 2.099311221782617845e-16
1.857163337550158758e+03 1.442270557546527966e-15 2.266429928411635808e-16
1.858711357182806751e+03 1.133047515286686642e-15 1.961838251391204933e-16
1.860259376815454743e+03 1.264003843377233766e-15 2.127353264370018787e-16
1.861807396448102736e+03 1.543251668481587391e-15 2.280032918047343410e-16
1.863355416080750729e+03 1.124083391826487023e-15 1.904537034570439966e-16
1.864903435713398721e+03 1.115118421192074883e-15 1.980568487751989371e-16
1.866451455346046714e+03 1.554008516616854492e-15 2.313239456642659060e-16
1.867999474978694707e+03 1.755608517531372421e-15 2.375198164079196444e-16
1.869547494611342699e+03 1.570477070278344607e-15 2.252728380587150671e-16
1.871095514243990692e+03 1.508747518842655426e-15 2.209991132374149014e-16
1.872643533876638685e+03 1.686475793612810493e-15 2.323083364866055421e-16
1.874191553509286678e+03 1.812097885130436561e-15 2.409222242693795829e-16
1.875739573141934670e+03 1.914643108452917270e-15 2.419568842759945151e-16
1.877287592774582663e+03 1.749539947454344711e-15 2.362292122183907958e-16
1.878835612407230656e+03 1.677224232851310619e-15 2.316037355735220676e-16
1.880383632039878648e+03 2.351742502633227339e-15 2.728408289769727466e-16
1.881931651672526641e+03 1.943543006174137687e-15 2.393785029973429094e-16
1.883479671305174634e+03 2.353879987423357335e-15 2.700036198373276993e-16
1.885027690937822626e+03 2.164181707763030763e-15 2.558688466543677483e-16
1.886575710570470619e+03 2.530653134919779196e-15 2.750219234434212184e-16
1.888123730203118612e+03 1.968422076542442931e-15 2.387868643113292155e-16
1.889671749835766605e+03 2.536560219833601530e-15 2.819644540425158233e-16
1.891219769468414597e+03 2.028640105192507449e-15 2.407792624673509941e-16
1.892767789101062590e+03 2.429318176954795483e-15 2.764596452990298298e-16
1.894315808733710583e+03 2.073686438717570350e-15 2.476461802757270402e-16
1.895863828366358575e+03 2.110682244738183972e-15 2.527273305338737998e-16
1.897411847999006568e+03 2.316205314330247505e-15 2.645126022686832611e-16
1.898959867631654561e+03 2.247153635073194042e-15 2.567500947571059443e-16
1.900507887264302553e+03 2.659223885224212353e-15 2.814031824596944005e-16
1.902055906896950546e+03 2.665520613377411193e-15 2.784379143231578118e-16
1.903603926529598539e+03 2.717773540828035084e-15 2.837817413919270030e-16
1.905151946162246531e+03 2.330481475373749760e-15 2.589173409732503974e-16
1.906699965794894524e+03 3.067235685555278509e-15 3.039632288260069192e-16
1.908247985427542517e+03 2.855056770402876472e-15 2.841536177081629215e-16
1.909796005060190510e+03 2.991933861872547313e-15 2.938707475957500081e-16
1.911344024692838502e+03 3.062671729741032950e-15 2.948661023725014495e-16
1.912892044325486495e+03 2.590149524471479936e-15 2.751490109892391432e-16
1.914440063958134488e+03 2.878318651799466712e-15 2.875265436291430001e-16
1.915988083590782480e+03 3.351955363782930985e-15 3.120359564110051069e-16
1.917536103223430473e+03 2.857398868015410214e-15 2.816964567755689827e-16
1.919084122856078466e+03 2.772589638253345225e-15 2.816218994189908106e-16
1.920632142488726458e+03 3.008728440870540911e-15 2.976351268228685023e-16
1.922180162121374451e+03 2.649972978847235786e-15 2.710085284580260706e-16
1.923728181754022444e+03 3.021146666148922270e-15 3.008826327791571071e-16
1.925276201386670436e+03 3.136414501203752829e-15 2.938669465481249705e-16
1.926824221019318429e+03 2.730778742244637049e-15 2.786766294852306303e-16
1.928372240651966422e+03 2.894828607665764130e-15 2.903765738883128784e-16
1.929920260284614415e+03 2.550311104178551663e-15 2.646500537584356952e-16
1.931468279917262407e+03 2.648139190549089613e-15 2.769447345687207256e-16
1.933016299549910400e+03 3.029723695088079061e-15 2.914874561153879802e-16
1.934564319182558393e+03 2.519977812910959039e-15 2.679270380753237899e-16
1.936112338815206385e+03 3.354458750443271503e-15 3.114889859029811173e-16
1.937660358447854378e+03 2.772392611487245376e-15 2.775242445505479252e-16
1.939208378080502371e+03 2.374370248858600232e-15 2.561601482928414266e-16
1.940756397713150363e+03 1.945438324236497640e-15 2.369128758045989890e-16
1.942304417345798356e+03 2.241779092046356149e-15 2.532478117800344322e-16
1.943852436978446349e+03 2.379848383553688317e-15 2.647079242469890709e-16
1.945400456611094341e+03 2.039827187989067699e-15 2.411233283115247842e-16
1.946948476243742334e+03 2.330459996659083354e-15 2.574341795280579099e-16
1.948496495876390327e+03 2.388796624638134811e-15 2.630548939675804705e-16
1.950044515509038320e+03 2.603757118809582918e-15 2.710343865414678711e-16
1.951592535141686312e+03 2.132944124824279213e-15 2.440974314248129882e-16
1.953140554774334305e+03 1.758856667567138923e-15 2.251993256843338911e-16
1.954688574406982298e+03 1.859286732858418244e-15 2.331649466947536875e-16
1.956236594039630290e+03 1.913755083332137675e-15 2.361096061332402307e-16
1.957784613672278283e+03 2.005251158764206184e-15 2.410120974910976185e-16
1.959332633304926276e+03 1.716820686769266147e-15 2.220129581543803034e-16
1.960880652937574268e+03 1.430991562370484739e-15 2.009559922261012541e-16
1.962428672570222261e+03 1.739254973329557552e-15 2.278544429303688192e-16
1.963976692202870254e+03 2.153898988064300938e-15 2.500137028953750325e-16
1.965524711835518247e+03 1.612821497806267725e-15 2.125173240986790235e-16
1.967072731468166239e+03 1.622395832297850307e-15 2.194255509785064791e-16
1.968620751100814232e+03 1.564101267702429284e-15 2.115501305388809742e-16
1.970168770733462225e+03 1.746739350195155884e-15 2.220674324037621213e-16
1.971716790366110217e+03 1.675738487870210023e-15 2.190217582897935225e-16
1.973264809998758210e+03 2.156407088746595869e-15 2.468329650596456923e-16
1.974812829631406203e+03 2.308066459875480178e-15 2.516735393947881902e-16
1.976360849264054195e+03 1.727979338521609432e-15 2.206093995370949998e-16
1.977908868896702188e+03 2.147414328700984651e-15 2.459542980086579538e-16
1.979456888529350181e+03 1.917858583397249434e-15 2.297249942220541702e-16
1.981004908161998173e+03 2.386950095340850080e-15 2.585787732955952897e-16
1.982552927794646166e+03 1.943160746306884236e-15 2.271134011539064229e-16
1.984100947427294159e+03 2.211100297273573177e-15 2.500183831355480201e-16
1.985648967059942152e+03 1.641646181312801670e-15 2.109287492051146983e-16
1.987196986692590144e+03 1.929373767521983723e-15 2.307205538774438111e-16
1.988745006325238137e+03 1.943181722601848884e-15 2.317456956574753868e-16
1.990293025957886130e+03 1.441345186685973367e-15 1.992283833151158778e-16
1.991841045590534122e+03 2.293181860598436175e-15 2.522520863355874401e-16
1.993389065223182115e+03 2.093675437364181982e-15 2.401048326558138972e-16
1.994937084855830108e+03 1.807115240732384910e-15 2.186330185058771455e-16
1.996485104488478100e+03 2.004533614032776061e-15 2.335917673438951185e-16
1.998033124121126093e+03 1.986630921708260473e-15 2.334205008883318410e-16
1.999581143753774086e+03 1.811838784595502198e-15 2.178769461364469831e-16
2.001129163386422078e+03 1.765306074953693077e-15 2.220097058701835024e-16
2.002677183019070071e+03 1.562592352749844462e-15 2.042994045075082650e-16
2.004225202651718064e+03 1.708680770840760112e-15 2.168335640659587995e-16
2.005773222284366057e+03 1.517746870967925065e-15 2.037110972514067417e-16
2.007321241917014049e+03 1.487444452200012324e-15 2.005967372293057245e-16
2.008869261549662042e+03 1.235822994972944720e-15 1.866198017383065023e-16
2.010417281182310035e+03 1.715724169420606553e-15 2.152272037849205888e-16
2.011965300814958027e+03 2.181202767881183820e-15 2.425736759278381244e-16
2.013513320447606020e+03 2.107810028709156355e-15 2.322832712332638252e-16
2.015061340080254013e+03 1.617751347853931381e-15 2.063758559595497662e-16
2.016609359712902005e+03 1.704176861651270851e-15 2.120977921960075082e-16
2.018157379345549998e+03 2.052821017917541228e-15 2.312956445707962892e-16
2.019705398978197991e+03 1.686819286881817824e-15 2.111559470143572376e-16
2.021253418610845983e+03 1.813212821056326580e-15 2.180339046587681840e-16
2.022801438243493976e+03 2.253847594260505389e-15 2.415902431750256170e-16
2.024349457876141969e+03 2.365927095894796543e-15 2.458707522074124292e-16
2.025897477508789962e+03 1.794756168080932060e-15 2.158355276402554402e-16
2.027445497141437954e+03 2.300922484797456285e-15 2.428403749016794822e-16
2.028993516774085947e+03 2.315531658392387930e-15 2.435175663107026053e-16
2.030541536406733940e+03 1.628469072358193952e-15 2.003304463466660162e-16
2.032089556039381932e+03 2.171878134150646521e-15 2.364388218896154403e-16
2.033637575672029925e+03 2.527196775485232202e-15 2.523388198556890792e-16
2.035185595304677918e+03 2.261519096665432376e-15 2.361180775082159666e-16
2.036733614937325910e+03 2.201877067011609835e-15 2.376155203100318234e-16
2.038281634569973903e+03 2.196130282932358096e-15 2.297426117998450588e-16
2.039829654202621896e+03 2.407269265572053432e-15 2.476281520563061009e-16
2.041377673835269889e+03 2.446806237692918598e-15 2.468035165590945317e-16
2.042925693467917881e+03 2.010326869317802793e-15 2.214272795868930461e-16
2.044473713100565874e+03 2.038548289711129269e-15 2.266468170461924071e-16
2.046021732733213867e+03 2.432424065006444056e-15 2.414873265052618734e-16
2.047569752365861859e+03 2.471354663675415137e-15 2.438193363464857815e-16
2.049117771998509852e+03 2.124000488471663753e-15 2.291210817802115249e-16
2.050665791631157845e+03 2.263431236299943726e-15 2.363657739068714052e-16
2.052213811263805837e+03 2.178509513028659141e-15 2.293202860252870494e-16
2.053761830896453830e+03 2.604083413470499364e-15 2.510470636710870814e-16
2.055309850529101823e+03 2.397873543238390576e-15 2.400734488070351309e-16
2.056857870161749815e+03 2.083508154605188276e-15 2.238860505957139792e-16
2.058405889794397808e+03 2.522773849939130967e-15 2.463250938322475225e-16
2.059953909427045801e+03 2.631286608611507013e-15 2.480354604346984120e-16
2.061501929059693794e+03 2.585814719866325590e-15 2.476717861453615089e-16
2.063049948692341786e+03 2.252272017347416004e-15 2.332908550999875125e-16
2.064597968324989779e+03 2.321490226065467626e-15 2.328382750434248383e-16
2.066145987957637772e+03 2.453362007806008341e-15 2.402529233307342588e-16
2.067694007590285764e+03 2.327591419997299101e-15 2.362325565192026573e-16
2.069242027222933757e+03 2.672787844271340013e-15 2.493611311495694936e-16
2.070790046855581750e+03 2.434666808587172563e-15 2.369551627813354997e-16
2.072338066488229742e+03 2.463995011852942280e-15 2.410523326930423161e-16
2.073886086120877735e+03 2.453906584079276552e-15 2.327655218262923271e-16
2.075434105753525728e+03 2.336282189434771864e-15 2.309571181815400140e-16
2.076982125386173720e+03 2.474581386406316749e-15 2.419562098018620364e-16
2.078530145018821713e+03 2.451705620692289889e-15 2.325871636575754457e-16
2.080078164651469706e+03 2.167864545659324480e-15 2.266380253037454498e-16
2.081626184284117699e+03 2.096515589263610574e-15 2.175453830868261559e-16
2.083174203916765691e+03 2.017820237098550338e-15 2.151783468243609278e-16
2.084722223549413684e+03 2.352077278219541182e-15 2.292766156139841177e-16
2.086270243182061677e+03 2.419189710364201524e-15 2.296268240930479245e-16
2.087818262814709669e+03 2.405538300062830747e-15 2.341800149797756163e-16
2.089366282447357662e+03 2.122598282913103709e-15 2.155946881395954430e-16
2.090914302080005655e+03 1.946253220001798834e-15 2.121426761630673983e-16
2.092462321712653647e+03 2.054304013021379412e-15 2.142879108910095758e-16
2.094010341345301640e+03 1.994130776322022982e-15 2.087101814664813151e-16
2.095558360977949633e+03 1.490016662898218869e-15 1.836958950801715706e-16
2.097106380610597625e+03 2.412930928553587415e-15 2.278374322924580316e-16
2.098654400243245618e+03 1.977269347255446020e-15 2.086467610590085309e-16
2.100202419875893611e+03 1.839645158723745239e-15 2.016502152719540716e-16
2.101750439508541604e+03 1.812137797398010442e-15 2.005604273243958361e-16
2.103298459141189596e+03 1.936917918867564440e-15 2.077689501892404475e-16
2.104846478773837589e+03 1.461202123773659291e-15 1.806575527341158546e-16
2.106394498406485582e+03 1.837581393005010528e-15 2.001493617311476145e-16
2.107942518039133574e+03 1.950862574351730124e-15 2.041284430991043442e-16
2.109490537671781567e+03 1.427436302122862812e-15 1.769729168842936311e-16
2.111038557304429560e+03 1.859353336988934412e-15 1.991678966967162266e-16
2.112586576937077552e+03 2.095341237561365508e-15 2.077828252837951809e-16
2.114134596569725545e+03 2.288001273941922828e-15 2.177020818921111201e-16
2.115682616202373538e+03 1.944013909660055278e-15 2.006405329709506212e-16
2.117230635835021531e+03 2.144926540346348749e-15 2.088531867994915158e-16
2.118778655467669523e+03 1.560240401526467756e-15 1.802212463215162515e-16
2.120326675100317516e+03 1.836718470750836502e-15 1.942083805989028296e-16
2.121874694732965509e+03 1.677789392408972457e-15 1.832155255057012942e-16
2.123422714365613501e+03 1.928669256220391068e-15 1.985634667124573878e-16
2.124970733998261494e+03 1.881338931699761071e-15 1.926168785762441728e-16
2.126518753630909487e+03 1.786559451475165243e-15 1.897432222755737458e-16
2.128066773263557479e+03 2.155911514862257869e-15 2.041329513613617062e-16
2.129614792896205472e+03 1.928256388314667069e-15 1.928011460701794405e-16
2.131162812528853465e+03 2.120182772388815936e-15 2.054405759549244447e-16
2.132710832161501457e+03 1.865454314234511054e-15 1.878196905422981099e-16
2.134258851794149450e+03 1.784479800231765948e-15 1.887457867180262001e-16
2.135806871426797443e+03 2.204641549155908559e-15 2.025222819275773759e-16
2.137354891059445436e+03 1.944472631554000901e-15 1.909800676183236254e-16
2.138902910692093428e+03 2.176164186666595157e-15 2.016126749695417332e-16
2.140450930324741421e+03 1.967450254404529534e-15 1.918746850090295676e-16
2.141998949957389414e+03 1.815226922014810979e-15 1.854726416933345799e-16
2.143546969590037406e+03 2.178775874125213435e-15 1.972254782397567079e-16
2.145094989222685399e+03 1.878079791397163756e-15 1.876569479791584365e-16
2.146643008855333392e+03 1.918472012154823877e-15 1.888264770651513437e-16
2.148191028487981384e+03 1.911413930261106761e-15 1.848446278170167385e-16
2.149739048120629377e+03 1.739493500513292613e-15 1.791120460822503475e-16
2.151287067753277370e+03 1.934412648940329976e-15 1.839581619128289333e-16
2.152835087385925362e+03 1.824810604745224408e-15 1.811829055297213179e-16
2.154383107018573355e+03 1.904997054098682762e-15 1.834195860146506272e-16
2.155931126651221348e+03 2.119061629546435218e-15 1.929287059488476138e-16
2.157479146283869341e+03 1.748466891759856145e-15 1.753771238162231988e-16
2.159027165916517333e+03 2.001972247993761903e-15 1.859708434269886144e-16
2.160575185549165326e+03 2.127775170043215099e-15 1.904861367644258801e-16
2.162123205181813319e+03 1.739476899166851440e-15 1.728475900018018849e-16
2.163671224814461311e+03 1.893114744524081442e-15 1.795963841099296306e-16
2.165219244447109304e+03 1.715962745060127649e-15 1.695476566918916200e-16
2.166767264079757297e+03 2.157855464206910752e-15 1.927995710564307166e-16
2.168315283712405289e+03 2.152251652156065633e-15 1.889306179632923225e-16
2.169863303345053282e+03 1.681329487734880516e-15 1.677609746689598809e-16
2.171411322977701275e+03 1.951840752865963660e-15 1.787013635819906485e-16
2.172959342610349267e+03 1.838718874243972899e-15 1.734328536996281437e-16
2.174507362242997260e+03 1.767768869725171841e-15 1.720083117009722225e-16
2.176055381875645253e+03 1.612667903018514936e-15 1.630190874292339269e-16
2.177603401508293246e+03 1.958328186643154218e-15 1.800230897828533158e-16
2.179151421140941238e+03 1.867040945197186324e-15 1.715509643345080122e-16
2.180699440773589231e+03 1.640102355454146175e-15 1.603003933266956503e-16
2.182247460406237224e+03 1.997667623336127884e-15 1.796061828567471546e-16
2.183795480038885216e+03 1.909441709543982199e-15 1.745440084927085195e-16
2.185343499671533209e+03 1.476821532138409555e-15 1.530191965159161279e-16
2.186891519304181202e+03 1.961908802462197965e-15 1.777674066358339652e-16
2.188439538936829194e+03 1.904280707521671314e-15 1.730031553350416508e-16
2.189987558569477187e+03 1.612121610228969008e-15 1.598871079937913529e-16
2.191535578202125180e+03 1.884836823354217495e-15 1.730392066035157306e-16
2.193083597834773173e+03 1.930394937194673847e-15 1.726572916802242261e-16
2.194631617467421165e+03 1.751311089623586395e-15 1.658106005905848994e-16
2.196179637100069158e+03 1.729087182394886033e-15 1.614302707617835434e-16
2.197727656732717151e+03 2.247771223486988859e-15 1.839822609878860211e-16
2.199275676365365143e+03 1.884292151986551050e-15 1.697681721321066106e-16
2.200823695998013136e+03 1.978331550308662398e-15 1.718629227112186536e-16
2.202371715630661129e+03 1.853750940974524472e-15 1.683642511873094084e-16
2.203919735263309121e+03 1.501604326731796990e-15 1.506888453144479934e-16
2.205467754895957114e+03 1.843974193943872920e-15 1.679398479699330707e-16
2.207015774528605107e+03 1.615435817475175573e-15 1.536705688772756679e-16
2.208563794161253099e+03 1.962534529724321449e-15 1.716190427750762078e-16
2.210111813793901092e+03 1.888091552493085630e-15 1.666834523057958788e-16
2.211659833426549085e+03 1.790573445676237596e-15 1.615691068196555093e-16
2.213207853059197078e+03 1.937209153745971811e-15 1.682658980906777662e-16
2.214755872691845070e+03 1.935631651422195869e-15 1.659149876664347685e-16
2.216303892324493063e+03 1.809287155648506754e-15 1.623048020657084233e-16
2.217851911957141056e+03 1.453629860798316923e-15 1.458056703611145515e-16
2.219399931589789048e+03 1.639040198588764591e-15 1.545770447381982207e-16
2.220947951222437041e+03 1.906870987174799961e-15 1.648533799792745921e-16
2.222495970855085034e+03 1.958794254869557558e-15 1.671888761493297042e-16
2.224043990487733026e+03 1.762793220954948870e-15 1.593976299687313725e-16
2.225592010120381019e+03 1.702629806465599881e-15 1.549581002298162142e-16
2.227140029753029012e+03 1.671574513040513529e-15 1.534831522750398509e-16
2.228688049385677004e+03 1.483873630464275140e-15 1.450519481721690549e-16
2.230236069018324997e+03 1.721238822490279809e-15 1.553991422438439735e-16
2.231784088650972990e+03 1.693328101587586312e-15 1.534815295310253984e-16
2.233332108283620983e+03 2.062024485790948930e-15 1.686928599724148788e-16
2.234880127916268975e+03 1.759524248145843842e-15 1.583837484298220784e-16
2.236428147548916968e+03 1.690340205635721244e-15 1.512603928731349502e-16
2.237976167181564961e+03 1.729569683344364446e-15 1.515919631479298994e-16
2.239524186814212953e+03 1.778002768635606682e-15 1.582421677104437215e-16
2.241072206446860946e+03 1.693601287214132500e-15 1.499419341123178714e-16
2.242620226079508939e+03 1.569644331022434347e-15 1.464599771124913301e-16
2.244168245712156931e+03 1.687881531765749417e-15 1.499507089789993409e-16
2.245716265344804924e+03 1.621927071832943009e-15 1.479831784161227423e-16
2.247264284977452917e+03 1.777095960167999725e-15 1.545539230908018449e-16
2.248812304610100909e+03 1.553413868136349072e-15 1.425382595225557546e-16
2.250360324242748902e+03 1.739750452004877405e-15 1.536200487706424789e-16
2.251908343875396895e+03 1.915668692115648887e-15 1.598506322847571165e-16
2.253456363508044888e+03 1.664890444638793056e-15 1.470753269076342576e-16
2.255004383140692880e+03 1.840081527385019022e-15 1.560798035840933563e-16
2.256552402773340873e+03 1.656669718040350008e-15 1.479005122359245015e-16
2.258100422405988866e+03 1.578152340321893892e-15 1.430829698876842597e-16
2.259648442038636858e+03 1.622070515993371373e-15 1.449763436394054814e-16
2.261196461671284851e+03 1.454730929254550608e-15 1.392558499036801343e-16
2.262744481303932844e+03 1.658186330892639404e-15 1.452787445393947377e-16
2.264292500936580836e+03 1.622037827142664570e-15 1.474308032206658669e-16
2.265840520569228829e+03 1.509571500905997599e-15 1.398596164939785199e-16
2.267388540201876822e+03 1.525475708964195333e-15 1.402037030063230645e-16
2.268936559834524815e+03 1.410398033939143366e-15 1.361311193574797206e-16
2.270484579467172807e+03 1.374449492084551701e-15 1.316700514488283171e-16
2.272032599099820800e+03 1.592069559963166047e-15 1.432939252957063746e-16
2.273580618732468793e+03 1.558284873585444464e-15 1.423455466694159198e-16
2.275128638365116785e+03 1.485141080123412469e-15 1.365173584851339162e-16
2.276676657997764778e+03 1.806959723650125803e-15 1.509536560591907679e-16
2.278224677630412771e+03 1.632014827850852185e-15 1.478333009802134411e-16
2.279772697263060763e+03 1.392613455367347213e-15 1.317990578631944588e-16
2.281320716895708756e+03 1.334151429885677818e-15 1.308288940452370115e-16
2.282868736528356749e+03 1.465971212382042826e-15 1.372576166293842582e-16
2.284416756161004741e+03 1.466338872708120129e-15 1.326694456408759692e-16
2.285964775793652734e+03 1.458559742561393915e-15 1.364524948566507581e-16
2.287512795426300727e+03 1.389943294713538631e-15 1.310867048831610992e-16
2.289060815058948720e+03 1.672137814732888926e-15 1.450536970702058598e-16
2.290608834691596712e+03 1.546132770104523710e-15 1.410772870330044387e-16
2.292156854324244705e+03 1.332985448878566009e-15 1.276862441051725146e-16
2.293704873956892698e+03 1.445799288855867574e-15 1.348282906007123049e-16
2.295252893589540690e+03 1.381717012701951195e-15 1.297554471969379748e-16
2.296800913222188683e+03 1.683187423861779138e-15 1.424563496819378828e-16
2.298348932854836676e+03 1.386890539561932564e-15 1.302130928335838706e-16
2.299896952487484668e+03 1.613781502690383780e-15 1.401431732142957669e-16
2.301444972120132661e+03 1.618523794255980538e-15 1.421050656267707529e-16
2.302992991752780654e+03 1.306083984123312634e-15 1.268584409446015617e-16
2.304541011385428646e+03 1.244765000016516798e-15 1.235434668323442682e-16
2.306089031018076639e+03 1.418472298294927771e-15 1.308545003791981645e-16
2.307637050650724632e+03 1.429164327211195602e-15 1.331700739248858666e-16
2.309185070283372625e+03 1.320979251584631598e-15 1.272849510746635749e-16
2.310733089916020617e+03 1.368180372890362701e-15 1.282206818238204709e-16
2.312281109548668610e+03 1.467556503909533477e-15 1.328199823327407163e-16
2.313829129181316603e+03 1.553043290815256277e-15 1.364495856474601314e-16
2.315377148813964595e+03 1.554016677824086506e-15 1.352019404839747972e-16
2.316925168446612588e+03 1.480952226190016721e-15 1.343252809679241634e-16
2.318473188079260581e+03 1.583363181528018027e-15 1.372152878856599707e-16
2.320021207711908573e+03 1.653895762684683272e-15 1.391404165456603123e-16
2.321569227344556566e+03 1.482696362939138629e-15 1.330653436377571835e-16
2.323117246977204559e+03 1.653919801587008576e-15 1.384960270409165612e-16
2.324665266609852551e+03 1.522899610248463601e-15 1.367317264409563447e-16
2.326213286242500544e+03 1.395970129171408567e-15 1.272556955815846279e-16
2.327761305875148537e+03 1.579100225742549761e-15 1.354735703048838768e-16
2.329309325507796530e+03 1.727078418568844149e-15 1.433487270592824776e-16
2.330857345140444522e+03 1.770844415374278598e-15 1.430036108970318272e-16
2.332405364773092515e+03 1.575407305991367403e-15 1.368004689773391261e-16
2.333953384405740508e+03 1.682365575491769547e-15 1.401536148467392745e-16
2.335501404038388500e+03 1.736864906908330152e-15 1.412532584273248359e-16
2.337049423671036493e+03 1.513417177476681235e-15 1.312404297484763450e-16
2.338597443303684486e+03 1.701228158704710482e-15 1.420673285833755886e-16
2.340145462936332478e+03 1.574220264830671915e-15 1.353998583575826879e-16
2.341693482568980471e+03 1.478243331293806755e-15 1.318263158113204282e-16
2.343241502201628464e+03 1.497001461898913630e-15 1.296133797538343351e-16
2.344789521834276457e+03 1.602250039230224545e-15 1.379288008540690588e-16
2.346337541466924449e+03 1.766233778908981325e-15 1.404865929911281973e-16
2.347885561099572442e+03 1.767373741706374847e-15 1.425466652725879058e-16
2.349433580732220435e+03 1.663568740145149974e-15 1.380515550052413259e-16
2.350981600364868427e+03 1.687301048060420428e-15 1.373906747055442089e-16
2.352529619997516420e+03 1.877410357005420309e-15 1.478658294065893544e-16
2.354077639630164413e+03 1.779808340223668815e-15 1.412455511023570295e-16
2.355625659262812405e+03 1.572100663123486398e-15 1.362186143930180275e-16
2.357173678895460398e+03 1.608827654015440830e-15 1.335062123629847616e-16
2.358721698528108391e+03 2.054091727302411938e-15 1.511530408689329453e-16
2.360269718160756383e+03 1.901792140454248291e-15 1.488071094189394035e-16
2.361817737793404376e+03 1.869599383503338737e-15 1.436603566771184438e-16
2.363365757426052369e+03 2.094363164588184827e-15 1.529135821257024607e-16
2.364913777058700362e+03 2.175066932126105786e-15 1.566922773344713907e-16
2.366461796691348354e+03 2.408330984351611210e-15 1.640808882379938808e-16
2.368009816323996347e+03 2.257615078558093501e-15 1.582567538334569968e-16
2.369557835956644340e+03 2.301830064975998277e-15 1.607867154974237088e-16
2.371105855589292332e+03 2.093754443201815371e-15 1.506481239684616763e-16
2.372653875221940325e+03 2.135026044826074143e-15 1.556856788158578905e-16
2.374201894854588318e+03 2.048302910813325890e-15 1.516853119090362288e-16
2.375749914487236310e+03 1.841690121412100200e-15 1.420171885409426912e-16
2.377297934119884303e+03 2.095391626307941260e-15 1.534375839941891822e-16
2.378845953752532296e+03 2.122326853853395101e-15 1.520854029456981646e-16
2.380393973385180288e+03 2.014636793217401270e-15 1.497716508734116479e-16
2.381941993017828281e+03 1.893372324812945119e-15 1.438312935719184233e-16
2.383490012650476274e+03 1.891569222551887948e-15 1.432094233157219586e-16
2.385038032283124267e+03 2.199190463681037249e-15 1.567165256997174733e-16
2.386586051915772259e+03 1.909654014421078495e-15 1.450602418703099658e-16
2.388134071548420252e+03 2.006497840357388068e-15 1.491025603198287441e-16
2.389682091181068245e+03 2.136497973157462984e-15 1.520841862120343273e-16
2.391230110813716237e+03 2.012991708622424118e-15 1.453775986768350701e-16
2.392778130446364230e+03 2.022867294857096828e-15 1.487183986010770349e-16
2.394326150079012223e+03 2.040714677604787084e-15 1.478421134697150494e-16
2.395874169711660215e+03 2.007446609376641451e-15 1.457966515976253472e-16
2.397422189344308208e+03 2.195273548453379845e-15 1.566387497621119884e-16
2.398970208976956201e+03 2.061687675167541636e-15 1.465899337204521732e-16
2.400518228609604193e+03 2.180990924503777892e-15 1.548911739526016909e-16
2.402066248242252186e+03 2.301431252322433897e-15 1.563847046316202292e-16
2.403614267874900179e+03 2.126995617448785228e-15 1.511202749857313088e-16
2.405162287507548172e+03 2.387266188246968184e-15 1.596009542892129501e-16
2.406710307140196164e+03 2.312157988332745290e-15 1.579465639233087081e-16
2.408258326772844157e+03 2.282245875880549727e-15 1.555964725648296474e-16
2.409806346405492150e+03 2.333242908912320846e-15 1.578293317687563019e-16
2.411354366038140142e+03 2.229682409493529146e-15 1.550870222215897764e-16
2.412902385670788135e+03 2.331001169423153350e-15 1.550966766020169296e-16
2.414450405303436128e+03 2.474256035250378555e-15 1.633178178581811924e-16
2.415998424936084120e+03 2.154829468841738851e-15 1.522289498019021885e-16
2.417546444568732113e+03 2.358662978583011959e-15 1.590385681635956886e-16
2.419094464201380106e+03 2.080704106381996070e-15 1.493455217367333108e-16
2.420642483834028098e+03 2.344312255780405119e-15 1.568878933161785974e-16
2.422190503466676091e+03 2.253702743346181331e-15 1.550914296750611532e-16
2.423738523099324084e+03 2.271687202464572406e-15 1.558861303213869484e-16
2.425286542731972077e+03 2.375820896602768001e-15 1.564772153481228769e-16
2.426834562364620069e+03 2.470001188659020559e-15 1.631468464029069794e-16
2.428382581997268062e+03 2.195553077347300380e-15 1.506501846060254437e-16
2.429930601629916055e+03 2.456595234439255375e-15 1.630592008832987743e-16
2.431478621262564047e+03 2.251258925287193114e-15 1.545916544279429071e-16
2.433026640895212040e+03 2.289769488887478758e-15 1.572264081756670556e-16
2.434574660527860033e+03 2.384594042462772099e-15 1.571994685393692005e-16
2.436122680160508025e+03 2.388623428291697968e-15 1.580124749003593004e-16
2.437670699793156018e+03 2.222400148165109096e-15 1.541127964336832473e-16
2.439218719425804011e+03 2.204754439258453957e-15 1.531349705412553180e-16
2.440766739058452004e+03 2.107571002875268888e-15 1.484334290194473756e-16
2.442314758691099996e+03 2.331499935461187543e-15 1.565537781335309488e-16
2.443862778323747989e+03 2.377481903436617494e-15 1.588976400481791467e-16
2.445410797956395982e+03 2.625290763968744590e-15 1.656913691015732040e-16
2.446958817589043974e+03 2.288871644134989322e-15 1.558474928521861534e-16
2.448506837221691967e+03 2.489397945296267123e-15 1.616396409718990836e-16
2.450054856854339960e+03 2.438628519769192530e-15 1.645365539190586474e-16
2.451602876486987952e+03 1.920095637019420590e-15 1.390375778432355537e-16
2.453150896119635945e+03 2.462263176775864460e-15 1.625459281345340172e-16
2.454698915752283938e+03 2.231093259325529780e-15 1.549965281310215115e-16
2.456246935384931930e+03 2.205144474258508769e-15 1.517523411550294036e-16
2.457794955017579923e+03 2.241950481352840431e-15 1.537677313116622703e-16
2.459342974650227916e+03 2.496312521809373645e-15 1.606532868771650358e-16
2.460890994282875909e+03 2.417704282731732465e-15 1.619820849115455104e-16
2.462439013915523901e+03 2.300878898711638906e-15 1.557504685781280948e-16
2.463987033548171894e+03 2.465402684725294668e-15 1.615243465079701044e-16
2.465535053180819887e+03 2.462570743302606770e-15 1.619165283929702910e-16
2.467083072813467879e+03 2.436091647897009445e-15 1.616776359668208041e-16
2.468631092446115872e+03 2.243109445754632999e-15 1.523615194814435877e-16
2.470179112078763865e+03 2.450772138750598344e-15 1.584613747078923396e-16
2.471727131711411857e+03 2.582023742938636456e-15 1.668288030919376164e-16
2.473275151344059850e+03 2.260135865600988982e-15 1.531456360901597269e-16
2.474823170976707843e+03 2.368457899068846156e-15 1.586264073938795043e-16
2.476371190609355835e+03 2.395459641393008988e-15 1.581518968487593504e-16
2.477919210242003828e+03 2.647559502701524047e-15 1.644829114906151051e-16
2.479467229874651821e+03 2.344136973906743326e-15 1.579218354190383032e-16
2.481015249507299814e+03 2.512814357742725703e-15 1.640025947925147205e-16
2.482563269139947806e+03 2.629333407938920875e-15 1.655352447425956649e-16
2.484111288772595799e+03 2.479806773484605051e-15 1.630922498090572954e-16
2.485659308405243792e+03 2.723032651576975854e-15 1.687373841634108250e-16
2.487207328037891784e+03 2.459194247553687955e-15 1.606172000089803394e-16
2.488755347670539777e+03 2.423625455135915143e-15 1.611892754046720065e-16
2.490303367303187770e+03 2.706101911432856562e-15 1.670495962638617371e-16
2.491851386935835762e+03 2.382159800982232481e-15 1.582518393220479059e-16
2.493399406568483755e+03 2.521672934213633548e-15 1.646510101129027971e-16
2.494947426201131748e+03 2.364855254004978975e-15 1.533115351299231380e-16
2.496495445833779740e+03 2.531616627994080666e-15 1.626853877175683840e-16
2.498043465466427733e+03 2.779949335050267658e-15 1.712274617474725361e-16
2.499591485099075726e+03 2.543712271602991053e-15 1.632039282634975256e-16
2.501139504731723719e+03 2.632150384361354298e-15 1.658825048809546408e-16
2.502687524364371711e+03 2.708652595126798220e-15 1.695426740286743362e-16
2.504235543997019704e+03 2.457316067150378207e-15 1.594250049781279402e-16
2.505783563629667697e+03 2.566011754782850001e-15 1.633547774459003969e-16
2.507331583262315689e+03 2.540007325795854669e-15 1.632943547703354652e-16
2.508879602894963682e+03 2.578541099856106334e-15 1.638486073743774697e-16
2.510427622527611675e+03 2.421104071327964399e-15 1.601307876944858237e-16
2.511975642160259667e+03 2.310344818068923633e-15 1.558624407571052472e-16
2.513523661792907660e+03 2.332692971753983218e-15 1.543175014253426449e-16
2.515071681425555653e+03 2.511932738961865828e-15 1.644776190970327284e-16
2.516619701058203646e+03 2.361376347997245447e-15 1.558407758316873429e-16
2.518167720690851638e+03 2.427886915801701054e-15 1.590261140815115006e-16
2.519715740323499631e+03 2.332083073331084351e-15 1.573824282356678785e-16
2.521263759956147624e+03 2.557653635547737083e-15 1.640023001297265070e-16
2.522811779588795616e+03 2.111110590556625772e-15 1.510508174024238569e-16
2.524359799221443609e+03 2.057592482224809738e-15 1.449044051579949046e-16
2.525907818854091602e+03 2.648430180996642423e-15 1.664081147386241726e-16
2.527455838486739594e+03 2.428366762841821167e-15 1.615058112876505070e-16
2.529003858119387587e+03 2.279086755326968168e-15 1.533640572698743845e-16
2.530551877752035580e+03 2.456274435513119669e-15 1.600984836075615790e-16
2.532099897384683572e+03 2.460093533033865030e-15 1.638181204685558522e-16
2.533647917017331565e+03 2.241243121384862614e-15 1.511628143103940777e-16
2.535195936649979558e+03 2.349186212912964059e-15 1.584792556601263732e-16
2.536743956282627551e+03 2.209007070184042936e-15 1.528880421701185967e-16
2.538291975915275543e+03 2.411903184154033280e-15 1.597335636815957099e-16
2.539839995547923536e+03 2.720556421302667341e-15 1.705539625552705848e-16
2.541388015180571529e+03 2.546443484126465311e-15 1.609128852009535236e-16
2.542936034813219521e+03 2.871454331493635704e-15 1.749186418120973294e-16
2.544484054445867514e+03 2.678316806897649761e-15 1.673433243561895048e-16
2.546032074078515507e+03 2.534062127764246723e-15 1.631367109678079373e-16
2.547580093711163499e+03 2.605151234993787636e-15 1.656162474010027658e-16
2.549128113343811492e+03 3.098842798940209126e-15 1.796412922134280192e-16
2.550676132976459485e+03 2.982070061570685120e-15 1.775099254642008983e-16
2.552224152609107477e+03 2.981060567722827040e-15 1.765742376521998441e-16
2.553772172241755470e+03 3.179117950057987440e-15 1.821699349858606019e-16
2.555320191874403463e+03 3.033822931912656301e-15 1.803477241083403152e-16
2.556868211507051456e+03 3.194029728494883375e-15 1.798055639186908463e-16
2.558416231139699448e+03 3.007577229297202596e-15 1.782428183068080073e-16
2.559964250772347441e+03 3.249536629895650426e-15 1.841991136914333909e-16
2.561512270404995434e+03 3.184660748702296819e-15 1.836324638367521807e-16
2.563060290037643426e+03 3.543093593983413387e-15 1.939858719212624041e-16
2.564608309670291419e+03 3.493009176468568000e-15 1.882936482417789331e-16
2.566156329302939412e+03 3.539072974502126606e-15 1.942280012743969707e-16
2.567704348935587404e+03 3.762103081821883305e-15 1.993803868764819017e-16
2.569252368568235397e+03 3.685622445196506510e-15 1.939853730657010719e-16
2.570800388200883390e+03 4.171435801254062992e-15 2.128853050453818874e-16
2.572348407833531382e+03 3.775197875067820619e-15 1.976150837841007729e-16
2.573896427466179375e+03 3.972597472398922429e-15 2.039708376361204255e-16
2.575444447098827368e+03 3.795620160949684308e-15 2.021291716365659720e-16
2.576992466731475361e+03 3.880729353711598813e-15 2.004823867155113758e-16
2.578540486364123353e+03 3.882961018371339966e-15 2.028584017747394015e-16
2.580088505996771346e+03 4.003498194993686749e-15 2.059435982893965100e-16
2.581636525629419339e+03 4.484076910073544564e-15 2.161895294192888990e-16
2.583184545262067331e+03 4.197924794152243636e-15 2.117980410418771376e-16
2.584732564894715324e+03 4.297387630091372807e-15 2.130474726581622159e-16
2.586280584527363317e+03 4.208141711130417432e-15 2.123768287466090723e-16
2.587828604160011309e+03 3.783938178639323844e-15 2.022716351068288825e-16
2.589376623792659302e+03 4.092218348926668323e-15 2.087826818048465975e-16
2.590924643425307295e+03 4.051467701412397037e-15 2.060574825664453343e-16
2.592472663057955288e+03 4.297911035171484427e-15 2.138940810729978952e-16
2.594020682690603280e+03 4.309655407480197561e-15 2.123838972622501423e-16
2.595568702323251273e+03 4.466925526844427211e-15 2.189387844616284012e-16
2.597116721955899266e+03 4.300512045482945150e-15 2.150434894575721688e-16
2.598664741588547258e+03 3.980808620727203088e-15 2.097545492312106504e-16
2.600212761221195251e+03 3.542228206885719832e-15 1.927017355532276486e-16
2.601760780853843244e+03 3.424381383739708313e-15 1.902539798165981555e-16
2.603308800486491236e+03 4.155346061548135468e-15 2.124474891864972881e-16
2.604856820119139229e+03 4.197258958748867472e-15 2.123578404348220369e-16
2.606404839751787222e+03 4.239067766657463895e-15 2.136123281477840374e-16
2.607952859384435214e+03 3.952760274481781406e-15 2.093099447380309816e-16
2.609500879017083207e+03 3.780424487188571505e-15 2.011539753971504933e-16
2.611048898649731200e+03 4.157623301236029961e-15 2.127993902897944513e-16
2.612596918282379193e+03 3.786569824200188471e-15 2.019505978493124394e-16
2.614144937915027185e+03 3.683783031542423759e-15 2.007498646996579813e-16
2.615692957547675178e+03 3.801424209212854258e-15 2.048321985349412487e-16
2.617240977180323171e+03 4.082604352433439981e-15 2.110892806537114317e-16
2.618788996812971163e+03 3.789334443634456109e-15 2.035945809712931342e-16
2.620337016445619156e+03 3.674460347778208849e-15 2.019656626960692808e-16
2.621885036078267149e+03 3.767738915567872726e-15 2.036025977948864821e-16
2.623433055710915141e+03 4.316449649165480835e-15 2.167102196815459096e-16
2.624981075343563134e+03 3.955051999545052753e-15 2.082044835917263916e-16
2.626529094976211127e+03 4.092607657840001499e-15 2.143642010711583345e-16
2.628077114608859119e+03 4.207041368686307936e-15 2.150748133563277001e-16
2.629625134241507112e+03 4.006132727321123601e-15 2.118082390614847418e-16
2.631173153874155105e+03 4.092738715300447688e-15 2.145050996240085089e-16
2.632721173506803098e+03 3.353210650301334406e-15 1.910148332282647414e-16
2.634269193139451090e+03 3.870252453193009650e-15 2.068255065583728728e-16
2.635817212772099083e+03 3.651064662134081503e-15 2.025289388101885372e-16
2.637365232404747076e+03 3.653311720958580268e-15 2.036383479212535412e-16
2.638913252037395068e+03 3.749384374583386974e-15 2.041319160040485535e-16
2.640461271670043061e+03 3.641204920622521679e-15 2.022457784557593232e-16
2.642009291302691054e+03 3.334639483448347460e-15 1.949616555291025574e-16
2.643557310935339046e+03 3.118846375075693617e-15 1.875191551147177724e-16
2.645105330567987039e+03 3.350837546211057173e-15 1.964835877223025658e-16
2.646653350200635032e+03 2.942632465984605106e-15 1.819530793502406796e-16
2.648201369833283024e+03 3.346089727327758488e-15 1.939453745614993601e-16
2.649749389465931017e+03 3.186549228000760049e-15 1.918018203183677676e-16
2.651297409098579010e+03 2.826511000438290004e-15 1.788908423746626289e-16
2.652845428731227003e+03 3.595659943292188465e-15 2.025550385531998997e-16
2.654393448363874995e+03 3.167621087788189612e-15 1.911856878698917203e-16
2.655941467996522988e+03 3.045965441019676187e-15 1.845898393714667286e-16
2.657489487629170981e+03 3.154239692573338239e-15 1.913683917261450140e-16
2.659037507261818973e+03 3.129116158235990810e-15 1.871729440773153056e-16
2.660585526894466966e+03 3.005573719653653940e-15 1.884611747768267584e-16
2.662133546527114959e+03 3.071893328064981095e-15 1.860252379072544290e-16
2.663681566159762951e+03 3.154469988889557740e-15 1.865329471648904652e-16
2.665229585792410944e+03 2.909519909593348524e-15 1.830803526144564397e-16
2.666777605425058937e+03 2.952170712265566194e-15 1.806179327140785746e-16
2.668325625057706930e+03 3.204102722630709166e-15 1.901811692792290838e-16
2.669873644690354922e+03 2.886105910577647559e-15 1.794531126702263658e-16
2.671421664323002915e+03 2.993700540774235438e-15 1.859408028557229201e-16
2.672969683955650908e+03 2.996021568153582533e-15 1.842812404852702829e-16
2.674517703588298900e+03 2.883946474477939443e-15 1.795524571787403457e-16
2.676065723220946893e+03 3.168870284734881308e-15 1.897402865241124017e-16
2.677613742853594886e+03 3.072986880222944354e-15 1.838141618845394367e-16
2.679161762486242878e+03 3.190038621154562933e-15 1.895583196930254525e-16
2.680709782118890871e+03 3.253735301004731461e-15 1.891569766124235339e-16
2.682257801751538864e+03 3.085227343618528173e-15 1.861142542899057754e-16
2.683805821384186856e+03 2.741873139307174181e-15 1.749504531023418492e-16
2.685353841016834849e+03 3.352506619924752073e-15 1.934015007893010631e-16
2.686901860649482842e+03 3.136791469505565225e-15 1.882415038917905034e-16
2.688449880282130835e+03 3.017636059780953623e-15 1.798182857624389897e-16
2.689997899914778827e+03 3.157036394411057726e-15 1.866930323253049320e-16
2.691545919547426820e+03 3.352021240336754227e-15 1.926185487685835436e-16
2.693093939180074813e+03 3.079645640415838417e-15 1.837509553739015591e-16
2.694641958812722805e+03 3.071004431392763114e-15 1.874855063309705678e-16
2.696189978445370798e+03 3.111076623413958345e-15 1.830175410644676192e-16
2.697737998078018791e+03 3.166127002261777598e-15 1.878713651498290761e-16
2.699286017710666783e+03 3.362818604670482089e-15 1.920074464053776227e-16
2.700834037343314776e+03 3.188322248675611498e-15 1.866148895836068426e-16
2.702382056975962769e+03 2.955434769483458921e-15 1.807333876353556499e-16
2.703930076608610761e+03 3.357467681162604396e-15 1.930875022581317004e-16
2.705478096241258754e+03 3.389376687600802687e-15 1.909819050547898671e-16
2.707026115873906747e+03 3.521709664982980177e-15 1.946351544039244017e-16
2.708574135506554740e+03 3.469354649753845630e-15 1.945879013287256863e-16
2.710122155139202732e+03 3.476744349269162747e-15 1.940824024052867974e-16
2.711670174771850725e+03 3.209887390392252662e-15 1.860366874947026181e-16
2.713218194404498718e+03 3.522276454947623937e-15 1.962421751606327758e-16
2.714766214037146710e+03 3.720407051631222141e-15 2.023346131409323613e-16
2.716314233669794703e+03 3.312514447180723782e-15 1.874777956296553827e-16
2.717862253302442696e+03 3.364875821366536966e-15 1.896023418109778848e-16
2.719410272935090688e+03 3.442794333593931253e-15 1.915508844756451571e-16
2.720958292567738681e+03 3.277605040429442595e-15 1.882882239584360806e-16
2.722506312200386674e+03 3.454235537709997842e-15 1.920529719612387594e-16
2.724054331833034666e+03 3.559403925623211453e-15 1.930366836137418136e-16
2.725602351465682659e+03 3.664971065078523883e-15 1.978716759412588903e-16
2.727150371098330652e+03 3.841822208830270121e-15 2.026146192224889388e-16
2.728698390730978645e+03 3.604102107394558038e-15 1.946983833919408260e-16
2.730246410363626637e+03 3.721645511381216616e-15 2.027670939392487617e-16
2.731794429996274630e+03 4.199414666417500299e-15 2.106810310579853298e-16
2.733342449628922623e+03 4.062496736497683826e-15 2.064122144839330935e-16
2.734890469261570615e+03 3.991447065782129891e-15 2.060328756403473058e-16
2.736438488894218608e+03 4.344609619593145262e-15 2.124056859408999382e-16
2.737986508526866601e+03 4.044224923269519981e-15 2.038456279517110950e-16
2.739534528159514593e+03 4.091448930136394886e-15 2.076611782759225914e-16
2.741082547792162586e+03 4.184755655184539590e-15 2.099711243374808462e-16
2.742630567424810579e+03 4.278449484492097456e-15 2.117128858612437161e-16
2.744178587057458572e+03 4.601228885923028227e-15 2.175916406188559342e-16
2.745726606690106564e+03 4.943652131225586319e-15 2.296824897810264243e-16
2.747274626322754557e+03 4.706844953606383804e-15 2.192253126076277155e-16
2.748822645955402550e+03 4.761237844566764325e-15 2.226160228066556083e-16
2.750370665588050542e+03 4.413759705864994080e-15 2.123675061022679159e-16
2.751918685220698535e+03 4.781970176982273198e-15 2.211966876543202045e-16
2.753466704853346528e+03 4.742497581496284241e-15 2.187245702606673990e-16
2.755014724485994520e+03 4.736408752573465642e-15 2.187990085242889795e-16
2.756562744118642513e+03 4.715852388438316388e-15 2.196500917681346528e-16
2.758110763751290506e+03 4.772765619019525222e-15 2.196136740206063703e-16
2.759658783383938498e+03 4.705354152269398080e-15 2.192634319275199289e-16
2.761206803016586491e+03 4.891955475587146750e-15 2.249794352799371654e-16
2.762754822649234484e+03 4.781223831321622967e-15 2.198667885077542488e-16
2.764302842281882477e+03 4.580923271267683401e-15 2.149031534392526769e-16
2.765850861914530469e+03 4.795417219846066257e-15 2.208794381977738280e-16
2.767398881547178462e+03 5.075010047289937380e-15 2.227898117523591494e-16
2.768946901179826455e+03 4.916687923433507828e-15 2.228829912353664711e-16
2.770494920812474447e+03 4.980252471536643425e-15 2.245760584885356644e-16
2.772042940445122440e+03 4.862171029190581077e-15 2.215235061279911320e-16
2.773590960077770433e+03 5.198778148597365058e-15 2.297160236430418894e-16
2.775138979710418425e+03 5.431119296386239941e-15 2.309442071071854238e-16
2.776686999343066418e+03 5.185302888770205627e-15 2.278488298801560623e-16
2.778235018975714411e+03 5.305878630467318436e-15 2.322247503213891188e-16
2.779783038608362403e+03 5.202615014117588308e-15 2.234016054552980216e-16
2.781331058241010396e+03 5.631983437662944971e-15 2.408935726236013430e-16
2.782879077873658389e+03 5.191221873856621484e-15 2.240904429325410901e-16
2.784427097506306382e+03 5.317565702729277423e-15 2.277754162060437459e-16
2.785975117138954374e+03 5.536220954248466892e-15 2.378253143352340312e-16
2.787523136771602367e+03 5.769373749511061867e-15 2.368843452098504826e-16
2.789071156404250360e+03 5.559698469420553539e-15 2.333873350493964174e-16
2.790619176036898352e+03 5.399956028748012479e-15 2.307871687925492995e-16
2.792167195669546345e+03 5.225782342845555253e-15 2.210618843668201709e-16
2.793715215302194338e+03 4.966348628483536571e-15 2.236183886418166185e-16
2.795263234934842330e+03 5.026496216088337573e-15 2.202610160981480407e-16
2.796811254567490323e+03 4.378491682116910972e-15 2.076370634265492487e-16
2.798359274200138316e+03 5.029211368614162372e-15 2.226616835948291822e-16
2.799907293832786308e+03 5.610322938132967675e-15 2.348488604632812150e-16
2.801455313465434301e+03 5.357016859230688053e-15 2.270302018050189425e-16
2.803003333098082294e+03 4.949859113461664134e-15 2.168418148364496918e-16
2.804551352730730287e+03 5.036730984250158444e-15 2.232093844243656776e-16
2.806099372363378279e+03 5.161938833621933196e-15 2.236416509643645791e-16
2.807647391996026272e+03 5.642670095004706172e-15 2.340632737418281438e-16
2.809195411628674265e+03 5.293329736554084795e-15 2.285463445871959944e-16
2.810743431261322257e+03 4.276095071038085243e-15 1.966817374835351474e-16
2.812291450893970250e+03 4.559244583244488140e-15 2.112430061550009404e-16
2.813839470526618243e+03 5.083844431727388626e-15 2.249274538967678707e-16
2.815387490159266235e+03 5.367862202813069329e-15 2.261631715086140769e-16
2.816935509791914228e+03 5.115111496149465921e-15 2.228633235834035515e-16
2.818483529424562221e+03 4.195757260371004306e-15 1.981515978640490857e-16
2.820031549057210214e+03 5.125012051249176679e-15 2.211823209443867094e-16
2.821579568689858206e+03 5.817547477462125306e-15 2.379360753740502248e-16
2.823127588322506199e+03 5.750941991654280723e-15 2.301762632835379257e-16
2.824675607955154192e+03 5.808950290350467828e-15 2.329967719804652589e-16
2.826223627587802184e+03 5.869565123487236676e-15 2.347576331325672219e-16
2.827771647220450177e+03 6.129879930263801534e-15 2.414166719310167604e-16
2.829319666853098170e+03 5.975685192748945920e-15 2.375163402624553349e-16
2.830867686485746162e+03 5.964135042198226411e-15 2.342142915617672270e-16
2.832415706118394155e+03 6.321607343616193878e-15 2.434557671072064226e-16
2.833963725751042148e+03 6.219684646822715262e-15 2.405201187224250612e-16
2.835511745383690140e+03 5.646766784808975593e-15 2.284762769879631036e-16
2.837059765016338133e+03 5.610870409562194350e-15 2.285248597489715191e-16
2.838607784648986126e+03 5.944055858288289919e-15 2.343839436905749150e-16
2.840155804281634119e+03 5.715300825576298637e-15 2.285218212823127595e-16
2.841703823914282111e+03 6.043630527197954091e-15 2.361053041997094489e-16
2.843251843546930104e+03 5.432536152668094446e-15 2.214939921164367443e-16
2.844799863179578097e+03 5.698006256621265704e-15 2.302068543835230228e-16
2.846347882812226089e+03 5.723486053829138884e-15 2.289504062609351195e-16
2.847895902444874082e+03 5.606601516145010062e-15 2.258308267478222237e-16
2.849443922077522075e+03 5.678321589540656599e-15 2.280132191522411061e-16
2.850991941710170067e+03 5.509294254144564811e-15 2.251572729419821423e-16
2.852539961342818060e+03 5.438331178695016537e-15 2.231390964270993502e-16
2.854087980975466053e+03 5.663614666169493877e-15 2.290510881783674222e-16
2.855636000608114045e+03 5.580464899715980757e-15 2.257101537518628411e-16
2.857184020240762038e+03 5.525394339009024693e-15 2.246041629966681878e-16
2.858732039873410031e+03 5.405804292975398364e-15 2.224452492195909633e-16
2.860280059506058024e+03 5.207465666187647628e-15 2.209088304321208836e-16
2.861828079138706016e+03 5.335288163897312379e-15 2.199568963623037870e-16
2.863376098771354009e+03 5.200616697849010101e-15 2.204919430772648479e-16
2.864924118404002002e+03 5.321433767768150274e-15 2.204423233541297178e-16
2.866472138036649994e+03 5.071254293401984480e-15 2.135988863721878866e-16
2.868020157669297987e+03 4.655697733544678552e-15 2.081703541939214153e-16
2.869568177301945980e+03 5.095536559488238116e-15 2.176551179405006811e-16
2.871116196934593972e+03 5.279836073824446715e-15 2.223148616122163510e-16
2.872664216567241965e+03 5.692578291273395259e-15 2.270672853717360638e-16
2.874212236199889958e+03 5.433479712756083717e-15 2.200611324014927335e-16
2.875760255832537950e+03 5.693918317403216967e-15 2.280451676067186912e-16
2.877308275465185943e+03 5.861656866156590437e-15 2.305998952942928528e-16
2.878856295097833936e+03 5.977918054423966147e-15 2.323809976443888691e-16
2.880404314730481929e+03 5.829053187511321085e-15 2.285958354012588499e-16
2.881952334363129921e+03 5.392772775149109461e-15 2.216649689032959422e-16
2.883500353995777914e+03 5.627988707092738729e-15 2.297958671985183273e-16
2.885048373628425907e+03 5.865270470845205951e-15 2.342125002090338980e-16
2.886596393261073899e+03 6.160701099038305094e-15 2.355048169438296930e-16
2.888144412893721892e+03 6.141874873158313950e-15 2.337368568727601297e-16
2.889692432526369885e+03 5.842033365882396318e-15 2.294688314591326198e-16
2.891240452159017877e+03 6.061170580270925337e-15 2.342855306496386631e-16
2.892788471791665870e+03 6.039540553537986157e-15 2.364009852534850452e-16
2.894336491424313863e+03 6.193111066865541631e-15 2.367960923487988189e-16
2.895884511056961856e+03 6.238212528600109122e-15 2.394510452552239010e-16
2.897432530689609848e+03 6.007091910586083427e-15 2.322996990011643419e-16
2.898980550322257841e+03 6.017823865355387881e-15 2.337676662123822076e-16
2.900528569954905834e+03 6.496402321381344344e-15 2.452059653226575026e-16
2.902076589587553826e+03 6.153261067700958694e-15 2.348500157924540752e-16
2.903624609220201819e+03 6.293492046980315457e-15 2.424732034362291340e-16
2.905172628852849812e+03 6.262606061864237801e-15 2.389682008012903402e-16
2.906720648485497804e+03 6.450299813401973646e-15 2.430124227583221534e-16
2.908268668118145797e+03 5.820004592110937221e-15 2.273091855026064443e-16
2.909816687750793790e+03 6.318744829473969128e-15 2.417322159196428326e-16
2.911364707383441782e+03 6.702436130097549761e-15 2.489389282851890082e-16
2.912912727016089775e+03 6.636721578349116078e-15 2.466686289244736712e-16
2.914460746648737768e+03 6.491949854098145159e-15 2.443465229808124489e-16
2.916008766281385761e+03 6.145453430282323727e-15 2.338790402192803475e-16
2.917556785914033753e+03 6.599122608966411720e-15 2.460220295952088765e-16
2.919104805546681746e+03 7.242988331524056477e-15 2.597198304245964827e-16
2.920652825179329739e+03 6.987367326872221207e-15 2.487819989412507542e-16
2.922200844811977731e+03 6.604039630284079846e-15 2.459860396256559208e-16
2.923748864444625724e+03 6.668234346509430016e-15 2.510224755602493922e-16
2.925296884077273717e+03 7.175774150723392834e-15 2.557414766957627862e-16
2.926844903709921709e+03 7.092634733587519479e-15 2.545211438856029052e-16
2.928392923342569702e+03 7.191747934720254677e-15 2.582623219821793815e-16
2.929940942975217695e+03 7.368928056113312265e-15 2.574840994093840275e-16
2.931488962607865687e+03 7.190915944877313636e-15 2.569468014045928727e-16
2.933036982240513680e+03 7.335452062571090304e-15 2.607707918327649301e-16
2.934585001873161673e+03 7.966204661410498980e-15 2.721893108833923433e-16
2.936133021505809666e+03 7.768136526342096828e-15 2.644576955746077949e-16
2.937681041138457658e+03 7.633511667362956481e-15 2.644701403726498655e-16
2.939229060771105651e+03 7.575451612893558534e-15 2.637740398002194049e-16
2.940777080403753644e+03 7.529531777380172004e-15 2.627251972743077907e-16
2.942325100036401636e+03 7.800114654590736991e-15 2.740374565510242691e-16
2.943873119669049629e+03 7.617047911939912870e-15 2.661337649458923363e-16
2.945421139301697622e+03 8.059393563770483310e-15 2.737756352212121093e-16
2.946969158934345614e+03 8.250265645912604632e-15 2.766829725639029089e-16
2.948517178566993607e+03 7.611173800425948884e-15 2.625499908884185518e-16
2.950065198199641600e+03 7.442281554920302594e-15 2.649792357233055860e-16
2.951613217832289592e+03 7.733371589105888666e-15 2.649668833460277456e-16
2.953161237464937585e+03 7.877194442698813559e-15 2.724398236519149359e-16
2.954709257097585578e+03 7.953908675547710216e-15 2.738731326351774092e-16
2.956257276730233571e+03 8.143936090222176632e-15 2.764549757039400556e-16
2.957805296362881563e+03 7.597971416230636053e-15 2.667351617338685981e-16
2.959353315995529556e+03 7.808809508829336790e-15 2.723210148682298283e-16
2.960901335628177549e+03 7.450991680644775957e-15 2.632764996335414207e-16
2.962449355260825541e+03 7.522316647715214408e-15 2.668574038885844072e-16
2.963997374893473534e+03 7.542616473011990178e-15 2.648398574990645651e-16
2.965545394526121527e+03 7.543219865912859146e-15 2.608467874904448977e-16
2.967000000000000000e+03 8.011039508945243467e-15 2.550066429302695270e-16
2.967093414158769519e+03 8.035563067247569835e-15 2.700938881161888742e-16
2.968641433791417512e+03 7.444476232864702344e-15 2.487896368709581351e-16
2.969747036441126056e+03 7.400750979325734578e-15 1.978563006843326445e-16
2.970189453424065505e+03 7.338543296485819244e-15 2.520741142051854831e-16
2.971737473056713497e+03 7.406914547477724797e-15 2.478021709085363379e-16
2.972494072882252112e+03 7.555120436568050679e-15 1.847136673093269482e-16
2.973285492689361490e+03 7.802331582540561676e-15 2.519601156017948527e-16
2.974833512322009483e+03 8.127991149994305564e-15 2.645475246968351644e-16
2.975241109323378168e+03 8.066395097026066548e-15 2.109922730537397912e-16
2.976381531954657476e+03 7.879699776723342249e-15 2.487231030202217788e-16
2.977929551587305468e+03 7.521899980048096273e-15 2.487268913575583922e-16
2.977988145764504225e+03 7.525553806948377856e-15 2.404869659706471887e-16
2.979477571219953461e+03 7.816030125513377363e-15 2.492642037145654173e-16
2.980735182205630281e+03 7.896659132125805180e-15 2.224325693709862543e-16
2.981025590852601454e+03 7.959705474731044330e-15 2.630847137254973064e-16
2.982573610485249446e+03 7.880427898802610638e-15 2.539865669221500075e-16
2.983482218646756337e+03 7.740735360576826613e-15 1.915472682619466725e-16
2.984121630117897439e+03 7.597746341577888181e-15 2.560667967584895560e-16
2.985669649750545432e+03 7.165846739252888049e-15 2.451209606343069335e-16
2.986229255087882393e+03 7.131982381085008700e-15 1.858072147641707862e-16
2.987217669383193424e+03 7.079704510972599450e-15 2.373638541524032940e-16
2.988765689015841417e+03 7.239416217217635813e-15 2.510331576238289085e-16
2.988976291529008449e+03 7.236814100904243053e-15 2.230421924871060893e-16
2.990313708648489410e+03 7.374908366358357009e-15 2.337354105726542626e-16
2.991723327970134505e+03 7.054050591273038687e-15 2.266357208964890957e-16
2.991861728281137403e+03 7.045492996837528693e-15 2.450848232308578365e-16
2.993409747913785395e+03 7.242849168397197831e-15 2.371141808450441785e-16
2.994470364411260562e+03 7.462873786257769122e-15 1.989145279125743867e-16
2.994957767546433388e+03 7.605404568728021008e-15 2.563532914396153043e-16
2.996505787179081381e+03 7.297575033553762226e-15 2.504759492717573549e-16
2.997217400852386618e+03 7.164479538888557401e-15 1.846253890254925838e-16
2.998053806811729373e+03 7.007287187882958474e-15 2.410136303837160775e-16
2.999601826444377366e+03 7.315981886213120424e-15 2.562154733936528692e-16
2.999964437293512674e+03 7.341903116767915265e-15 2.101843399147843145e-16
3.001149846077025359e+03 7.376447815685452860e-15 2.423972464620927557e-16
3.002697865709673351e+03 7.029920505745740546e-15 2.501674993077092646e-16
3.002711473734638730e+03 7.028341897001521346e-15 2.482429962506677901e-16
3.004245885342321344e+03 6.856594033313094040e-15 2.351045372081781996e-16
3.005458510175764786e+03 6.577792088608176771e-15 2.007392223771555239e-16
3.005793904974969337e+03 6.505756009747625410e-15 2.410341444083309876e-16
3.007341924607617329e+03 6.352846853181759678e-15 2.316572761274055907e-16
3.008205546616890842e+03 6.659143635891780932e-15 1.815026903380591423e-16
3.008889944240265322e+03 6.823588049243587771e-15 2.454816202825967003e-16
3.010437963872913315e+03 7.236718797462111405e-15 2.511218533716642206e-16
3.010952583058016899e+03 7.130969371048471186e-15 1.942536824395972692e-16
3.011985983505561308e+03 7.080235580207741842e-15 2.413102124598858133e-16
3.013534003138209300e+03 6.511662130964465484e-15 2.485996677777153236e-16
3.013699619499142955e+03 6.534845220395162663e-15 2.256661042700973636e-16
3.015082022770857293e+03 6.612165169146316423e-15 2.407334127056804886e-16
3.016446655940269011e+03 6.889287708414348551e-15 2.303592879434401030e-16
3.016630042403505286e+03 6.870402501115091295e-15 2.546176165337921871e-16
3.018178062036153278e+03 6.611891322737383630e-15 2.385669752931769523e-16
3.019193692381395067e+03 6.648269213831991636e-15 1.915773538916294316e-16
3.019726081668801271e+03 6.592948291592540056e-15 2.505624461943084182e-16
3.021274101301449264e+03 6.689607667708538809e-15 2.404831187433555680e-16
3.021940728822521123e+03 6.735858344805171142e-15 1.831341643185910410e-16
3.022822120934097256e+03 6.943103183461863794e-15 2.398739307103665563e-16
3.024370140566745249e+03 6.564154845477016986e-15 2.468544628125035922e-16
3.024687765263647179e+03 6.573338351564519373e-15 2.083642158869515709e-16
3.025918160199393242e+03 6.483680071302584149e-15 2.304595359066135184e-16
3.027434801704773236e+03 6.601300603772486767e-15 2.453705085814447693e-16
3.027466179832041234e+03 6.597337426618266601e-15 2.494241777150504892e-16
3.029014199464689227e+03 6.490869204312317453e-15 2.303495568478606869e-16
3.030181838145899292e+03 6.588871491121211794e-15 2.017464087812348049e-16
3.030562219097337220e+03 6.414668078732022959e-15 2.440101442851106494e-16
3.032110238729985213e+03 6.699197625703623802e-15 2.412977412617191290e-16
3.032928874587025348e+03 6.905103972447377261e-15 1.889069673570305480e-16
3.033658258362633205e+03 7.011377128332999325e-15 2.499964226225942828e-16
3.035206277995281198e+03 6.463012053309757142e-15 2.505557993418888847e-16
3.035675911028151404e+03 6.564003994402734710e-15 1.981047884278326626e-16
3.036754297627929191e+03 6.457153238096315168e-15 2.406467707383416271e-16
3.038302317260577183e+03 6.101546945248939726e-15 2.474210208534349378e-16
3.038422947469277460e+03 6.086165440652945775e-15 2.313955512470111889e-16
3.039850336893225176e+03 5.733359733491210227e-15 2.219196169403210454e-16
3.041169983910403516e+03 6.215213433704744476e-15 2.177788796179619509e-16
3.041398356525873169e+03 6.262506993659502687e-15 2.451962960305511204e-16
3.042946376158521161e+03 6.531024606779524392e-15 2.321941053190631577e-16
3.043917020351529573e+03 6.406407604828016037e-15 1.886119480074979517e-16
3.044494395791169154e+03 6.350234710164951393e-15 2.448156705916144626e-16
3.046042415423817147e+03 6.338910055395381308e-15 2.403068858885345384e-16
3.046664056792655629e+03 6.330704406638263037e-15 1.853434686946285335e-16
3.047590435056465139e+03 6.438074275237712317e-15 2.307114153980703036e-16
3.049138454689113132e+03 6.110449730180268692e-15 2.469017278678148410e-16
3.049411093233781685e+03 6.115054629523890685e-15 2.145831331337948929e-16
3.050686474321761125e+03 5.984959662977204632e-15 2.227676378172238966e-16
3.052158129674907741e+03 6.088632650439576185e-15 2.341037526007730980e-16
3.052234493954409118e+03 6.090325546321635193e-15 2.433561896014132561e-16
3.053782513587057110e+03 6.474391876401059895e-15 2.293794403915319254e-16
3.054905166116033797e+03 6.523920630376324122e-15 2.051729858735703363e-16
3.055330533219705103e+03 6.569783065899531261e-15 2.527283735084836899e-16
3.056878552852353096e+03 5.867106999453461136e-15 2.266487462656393882e-16
3.057652202557159853e+03 5.938599821892130936e-15 1.815051212942506159e-16
3.058426572485001088e+03 5.995365737766231693e-15 2.334879800463411827e-16
3.059974592117649081e+03 6.145696334223949725e-15 2.446613927100758397e-16
3.060399238998285909e+03 6.132661967221099591e-15 2.006400125846765662e-16
3.061522611750297074e+03 5.858925187763384493e-15 2.167073856516317001e-16
3.063070631382945066e+03 5.982300263984681734e-15 2.424917093096311001e-16
3.063146275439411966e+03 5.988965452726536791e-15 2.339466947884362208e-16
3.064618651015593059e+03 5.956937289212130510e-15 2.171413749168965241e-16
3.065893311880538022e+03 6.127333568431606727e-15 2.181633024338275133e-16
3.066166670648241052e+03 6.122373581236833984e-15 2.490322678503644968e-16
3.067714690280889045e+03 5.879791586259002035e-15 2.264847431465059932e-16
3.068640348321664078e+03 6.059128914603831398e-15 1.912678490144126590e-16
3.069262709913537037e+03 6.001567425595281427e-15 2.461150682602007448e-16
3.070810729546185030e+03 6.143936974350777684e-15 2.526670718751440720e-16
3.071387384762790134e+03 6.320730468531640712e-15 1.992425379737355722e-16
3.072358749178833023e+03 5.974775296335024501e-15 2.286315037784938087e-16
3.073906768811481015e+03 6.223346023786851410e-15 2.506674151868604021e-16
3.074134421203916190e+03 6.239387693060351394e-15 2.258537907110777110e-16
3.075454788444129008e+03 5.922292303910519801e-15 2.178278064179987590e-16
3.076881457645042246e+03 6.117647807623692918e-15 2.363084576420785524e-16
3.077002808076777001e+03 6.109611944589127258e-15 2.500330512299588261e-16
3.078550827709424993e+03 5.899689858366219615e-15 2.357669477830319436e-16
3.079628494086168303e+03 5.894316363144303094e-15 2.052659084079400533e-16
3.080098847342072986e+03 5.717598509196734427e-15 2.553805405269954924e-16
3.081646866974720979e+03 6.021658471227669116e-15 2.440256828490695519e-16
3.082375530527294359e+03 6.172969228110719884e-15 1.992385053822901862e-16
3.083194886607368971e+03 6.290713303510599267e-15 2.437592486537461782e-16
3.084742906240016964e+03 6.160302113379054872e-15 2.489419831694530971e-16
3.085122566968420415e+03 6.002700851462683154e-15 2.092651660691097858e-16
3.086290925872664957e+03 6.083565236431572349e-15 2.138023174048452754e-16
3.087838945505312950e+03 6.377414862745995168e-15 2.501054253852862441e-16
3.087869603409546471e+03 6.363926599918625717e-15 2.467020967752946992e-16
3.089386965137960942e+03 5.708170261908420757e-15 2.537500978223871523e-16
3.090616639850672527e+03 5.299880493372760954e-15 2.270519047337974219e-16
3.090934984770608935e+03 5.147939279389205432e-15 2.703573808684046568e-16
3.092483004403256928e+03 5.348490571502635819e-15 2.466419118841089781e-16
3.093363676291798583e+03 5.656408819970595368e-15 2.007306108514568932e-16
3.094031024035904920e+03 5.659620203013889843e-15 2.604298461643479497e-16
3.095579043668552913e+03 5.996899072686081097e-15 2.562514781564073164e-16
3.096110712732924640e+03 6.094674525320268914e-15 2.069474030375547089e-16
3.097127063301200906e+03 6.379882368873659875e-15 2.344359400759153494e-16
3.098675082933848898e+03 6.112124976748714807e-15 2.617962979050251111e-16
3.098857749174050696e+03 5.976254020692804564e-15 2.391972775346379641e-16
3.100223102566496891e+03 5.630605620850466405e-15 2.466437004170854776e-16
3.101604785615176752e+03 5.563766386840079536e-15 2.608415045808977151e-16
3.101771122199144884e+03 5.612074316435020531e-15 2.863553494450579304e-16
3.103319141831792876e+03 5.550673264457121042e-15 2.559739425467454579e-16
3.104351822056302808e+03 5.647360721394467247e-15 2.157630722007855699e-16
3.104867161464440869e+03 5.597592916803393395e-15 2.732638073379901881e-16
3.106415181097088862e+03 5.878999530791777684e-15 2.510653769817339646e-16
3.107098858497428864e+03 5.890078155841092165e-15 2.026790119907239003e-16
3.107963200729736855e+03 6.153864598062669766e-15 2.423202640944155007e-16
3.109511220362384847e+03 6.475812199891572060e-15 2.642393873949466460e-16
3.109845894938554920e+03 6.415305780419250069e-15 2.307302121986232991e-16
3.111059239995032840e+03 6.064552070237159917e-15 2.235285260777465264e-16
3.112592931379680977e+03 5.604045016216373944e-15 2.539585979813006488e-16
3.112607259627680833e+03 5.600957542859303512e-15 2.554588236386337730e-16
3.114155279260328825e+03 5.877241833001067182e-15 2.207506444248584942e-16
3.115339967820807033e+03 5.804166589563306745e-15 2.198589825660061345e-16
3.115703298892976818e+03 5.826770869089139051e-15 2.549923270016543824e-16
3.117251318525624811e+03 6.146927084439166053e-15 2.394254129196867862e-16
3.118087004261933089e+03 6.191730747314140819e-15 2.084951849636768897e-16
3.118799338158272803e+03 6.395078168072862615e-15 2.536364438597742992e-16
3.120347357790920796e+03 6.610170336412430823e-15 2.822990101569956488e-16
3.120834040703059145e+03 6.413232443829297914e-15 2.307955031563514962e-16
3.121895377423568789e+03 6.219183451412997780e-15 2.389656150448080060e-16
3.123443397056216781e+03 5.620937201923059766e-15 2.566017069606378098e-16
3.123581077144185201e+03 5.588829841465492708e-15 2.421750194612101535e-16
3.124991416688864774e+03 5.887056042736297149e-15 2.223630578445622358e-16
3.126328113585311257e+03 5.810434090693625755e-15 2.452982031387211412e-16
3.126539436321512767e+03 5.852128798462166268e-15 2.672539250136159732e-16
3.128087455954160760e+03 5.986829550308459977e-15 2.281273711102337676e-16
3.129075150026437313e+03 6.267134474614254630e-15 2.191532590248437259e-16
3.129635475586808752e+03 6.508909862355081438e-15 2.699396350952136091e-16
3.131183495219456745e+03 6.388648123849823968e-15 2.706676191138135806e-16
3.131822186467563370e+03 6.298485739404231236e-15 2.220552663775299830e-16
3.132731514852104738e+03 5.899231463434777638e-15 2.359561731398864867e-16
3.134279534484752730e+03 5.754673995346300628e-15 2.716730871092178033e-16
3.134569222908689426e+03 5.824548399849020546e-15 2.441265896692739680e-16
3.135827554117400723e+03 5.798892844921295471e-15 2.265819970388854696e-16
3.137316259349815482e+03 6.075329655235645492e-15 2.699854116161797293e-16
3.137375573750048716e+03 6.075060735816764118e-15 2.759819495954048713e-16
3.138923593382696708e+03 6.229194903588807180e-15 2.648476917022207518e-16
3.140063295790941538e+03 6.616872706504816944e-15 2.941289373753961688e-16
3.140471613015344701e+03 6.747663056719345929e-15 3.313695511628338090e-16
3.142019632647992694e+03 7.363509282718550903e-15 2.812063350520929793e-16
3.142810332232067594e+03 7.055769202048105383e-15 2.396412125381546023e-16
3.143567652280640687e+03 7.150504386522185738e-15 2.802726409608284751e-16
3.145115671913288679e+03 6.430343096332016601e-15 2.922875945694123560e-16
3.145557368673193650e+03 6.486878406292554608e-15 2.491302360074215484e-16
3.146663691545936672e+03 6.552163883420465039e-15 2.455107844323327111e-16
3.148211711178584665e+03 6.702972227065736931e-15 2.866200100481701734e-16
3.148304405114319707e+03 6.691752794490894624e-15 2.777684104392922974e-16
3.149759730811232657e+03 6.647809797195375720e-15 2.332655951920899933e-16
3.151051441555445763e+03 6.285685056817594581e-15 2.498014051618239973e-16
3.151307750443880650e+03 6.323610767500653650e-15 2.740531212842383541e-16
3.152855770076528643e+03 6.238669290308353297e-15 2.446972178283446858e-16
3.153798477996571819e+03 6.146566112866956317e-15 2.327230513257733498e-16
3.154403789709176635e+03 6.130952736330556958e-15 2.801212346932719262e-16
3.155951809341824628e+03 6.732531570100699948e-15 2.982155831480800967e-16
3.156545514437697875e+03 6.637238843225560696e-15 2.466146998009218488e-16
3.157499828974472621e+03 6.578351755407317849e-15 2.693548776906737826e-16
3.159047848607120613e+03 6.849638211692238516e-15 3.563632131994859720e-16
3.159292550878823931e+03 6.873899648477178173e-15 3.181756281781029345e-16
3.160595868239768606e+03 6.867961239746522675e-15 2.962417119744928582e-16
3.162039587319949987e+03 6.405121130898447126e-15 2.851930531528171565e-16
3.162143887872416599e+03 6.386748373442752476e-15 2.954513731954332467e-16
3.163691907505064592e+03 6.320806886801684965e-15 2.649599177932654858e-16
3.164786623761076044e+03 5.674656919098507465e-15 4.741826224763410429e-16
3.167533660202202100e+03 6.268454751497886187e-15 3.857878781376837403e-16
3.170280696643328156e+03 6.207436258748107355e-15 3.871027178676887806e-16
3.173027733084454212e+03 6.799271497186115271e-15 3.888539301672783299e-16
3.175774769525580268e+03 7.295005017324520945e-15 3.935722790558278021e-16
3.178521805966706324e+03 7.281547497645525331e-15 4.697236472681995363e-16
3.181268842407832381e+03 6.932619504783014657e-15 3.789754648467491014e-16
3.184015878848958437e+03 8.355795244424405157e-15 4.041623052466788987e-16
3.186762915290084493e+03 7.079721015380574513e-15 4.345391246370621236e-16
3.189509951731210549e+03 7.477238296937120038e-15 3.751225964465843797e-16
3.192256988172336605e+03 7.533827094826133598e-15 3.728897537751081368e-16
3.195004024613462661e+03 7.516279131560851320e-15 3.922903259607934365e-16
3.197751061054588718e+03 7.487639920119763618e-15 3.672923354126455686e-16
3.200498097495714774e+03 7.312821912093027078e-15 4.010886083866101191e-16
3.203245133936840830e+03 7.752823374291901697e-15 3.706940053654375299e-16
3.205992170377966886e+03 8.258332428763801108e-15 3.722207165675043175e-16
3.208739206819092942e+03 7.024073511985413730e-15 4.375624114711331085e-16
3.211486243260218998e+03 7.166981919410165550e-15 3.608140587541731222e-16
3.214233279701345054e+03 7.309293786554066439e-15 3.549248811010610548e-16
3.216980316142471111e+03 7.498688989942410551e-15 3.686681522163125239e-16
3.219727352583597167e+03 7.652852077640889493e-15 3.533967313031074280e-16
3.222474389024723223e+03 6.952208235811336085e-15 3.670261040720120666e-16
3.225221425465849279e+03 7.589887569301661280e-15 3.468877837645288526e-16
3.227968461906975335e+03 6.817826370862288526e-15 3.470987126904347152e-16
3.230715498348101391e+03 7.062195376200654483e-15 3.941428734444357206e-16
3.233462534789227448e+03 7.027573854199744808e-15 3.407307259655906311e-16
3.236209571230353504e+03 7.423455505662028001e-15 3.612443621920901670e-16
3.238956607671479560e+03 7.782887112382181914e-15 3.401275734559786328e-16
3.241703644112605616e+03 6.896622309624163013e-15 3.306306787872719388e-16
3.244450680553731672e+03 6.350715079560467291e-15 3.264323486173684042e-16
3.247197716994857728e+03 7.160638471075438112e-15 3.319153192240429187e-16
3.249944753435983785e+03 6.626909790038905314e-15 3.298382279524444915e-16
3.252691789877109841e+03 6.710007364197046122e-15 3.352796113698910981e-16
3.255438826318235897e+03 6.880688209753157256e-15 3.367088150961177896e-16
3.258185862759361953e+03 6.868563421583106482e-15 3.271038887339581883e-16
3.260932899200488009e+03 6.161739944461534417e-15 3.198038213204765298e-16
3.263679935641614065e+03 7.433325569202275891e-15 3.343320700905315741e-16
3.266426972082740122e+03 7.984878434386932783e-15 3.875190912986559050e-16
3.269174008523866178e+03 7.147842518177538969e-15 3.380198743891347023e-16
3.271921044964992234e+03 6.869206900115288882e-15 3.185839592128046945e-16
3.274668081406118290e+03 6.871476733796714945e-15 3.140953058242630827e-16
3.277415117847244346e+03 7.286722948266518852e-15 3.181049659251639659e-16
3.280162154288370402e+03 6.616872069559096369e-15 3.198098680328613304e-16
3.282909190729496459e+03 6.759326876282132373e-15 3.175950603917895195e-16
3.285656227170622515e+03 6.669463925562742794e-15 3.083336780335885253e-16
3.288403263611748571e+03 6.122554993612905589e-15 3.008947323633954520e-16
3.291150300052874627e+03 7.129583308619254760e-15 3.149155933525834150e-16
3.293897336494000683e+03 7.187609598623986896e-15 3.156888688766197826e-16
3.296644372935126739e+03 6.411785240949173291e-15 3.325437133876972368e-16
3.299391409376252795e+03 6.034287830432863046e-15 3.033453445476056147e-16
3.302138445817378852e+03 7.236448685852479893e-15 3.122417198300715782e-16
3.304885482258504908e+03 6.713609849018129161e-15 3.032055174463507225e-16
3.307632518699630964e+03 6.464393415602131502e-15 2.980228437820973597e-16
3.310379555140757020e+03 6.592803615977436824e-15 3.020948173495497936e-16
3.313126591581883076e+03 6.831610922077768533e-15 3.007715213861481493e-16
3.315873628023009132e+03 6.901982551234006163e-15 2.992935084450526404e-16
3.318620664464135189e+03 6.238363857172251526e-15 2.937829636738714438e-16
3.321367700905261245e+03 6.148598331221643474e-15 3.005696813727489550e-16
3.324114737346387301e+03 7.202494670534690673e-15 3.004103734928625208e-16
3.326861773787513357e+03 7.311232976755992285e-15 3.037827287667073144e-16
3.329608810228639413e+03 7.047549482468292919e-15 3.339480063855840847e-16
3.332355846669765469e+03 7.045510985914427244e-15 3.015358094959734273e-16
3.335102883110891526e+03 6.573432986485691975e-15 3.011710756983934734e-16
3.337849919552017582e+03 6.805265206097127548e-15 3.016525688578318740e-16
3.340596955993143638e+03 6.600851113354701762e-15 3.240969161377305918e-16
3.343343992434269694e+03 8.173298524074292214e-15 3.308864799086481139e-16
3.346091028875395750e+03 3.644717563611705853e-14 6.674484347044223134e-16
3.348838065316521806e+03 1.620718511460064772e-14 3.443592784136043879e-16
3.351585101757647863e+03 6.807632760677730953e-15 3.069998634760909117e-16
3.354332138198773919e+03 7.006547595892149489e-15 2.944295172948126163e-16
3.357079174639899975e+03 7.253801304930933863e-15 2.927140454083153304e-16
3.359826211081026031e+03 7.688735711102477647e-15 3.057609444494003712e-16
3.362573247522152087e+03 6.933178883191930594e-15 2.804060528659458938e-16
3.365320283963278143e+03 6.996873499379736616e-15 2.806791218257383655e-16
3.368067320404404200e+03 7.676786898596038625e-15 3.171708799973409707e-16
3.370814356845530256e+03 6.550750492558646788e-15 2.772800361740035411e-16
3.373561393286656312e+03 6.525367200693573094e-15 2.862177031775446581e-16
3.376308429727782368e+03 7.047808337473813306e-15 2.792308412174785680e-16
3.379055466168908424e+03 7.276249505365773448e-15 2.834759301935800729e-16
3.381802502610034480e+03 6.744711633176334631e-15 2.738678418217573075e-16
3.384549539051160536e+03 6.734936526830458225e-15 2.730451564751353349e-16
3.387296575492286593e+03 7.195249186070192042e-15 3.180584917154883418e-16
3.390043611933412649e+03 7.024461972987768276e-15 3.019660209477737109e-16
3.392790648374538705e+03 6.836230934417580132e-15 2.784251655571437162e-16
3.395537684815664761e+03 6.864415120313274530e-15 2.823354131228109170e-16
3.398284721256790817e+03 6.766347523298984400e-15 2.845567865338547052e-16
3.401031757697916873e+03 6.956686571325264696e-15 2.819031532274566920e-16
3.403778794139042930e+03 6.538297524535100815e-15 2.942149418684568918e-16
3.406525830580168986e+03 6.630464453889198700e-15 2.701155686696981983e-16
3.409272867021295042e+03 6.903203308344442893e-15 2.757230345586370738e-16
3.412019903462421098e+03 7.247131054809728814e-15 2.654163210771176355e-16
3.414766939903547154e+03 6.720537533501717856e-15 2.620251816236827893e-16
3.417513976344673210e+03 6.994503879823696345e-15 3.431485484189749622e-16
3.420261012785799267e+03 6.822429740166978932e-15 2.713545588191298820e-16
3.423008049226925323e+03 7.477453351070986987e-15 2.726881142305670071e-16
3.425755085668051379e+03 7.705900708432851208e-15 2.652980480362488570e-16
3.428502122109177435e+03 6.855660107700436380e-15 2.693409911880269625e-16
3.431249158550303491e+03 8.047489844680635350e-15 3.968086156070545343e-16
3.433996194991429547e+03 7.533781635639241228e-15 3.081356447605666725e-16
3.436743231432555604e+03 6.777857014097974434e-15 2.573525483306930312e-16
3.439490267873681660e+03 6.767975705582685762e-15 2.520847216624120774e-16
3.442237304314807716e+03 7.133863441081367860e-15 2.607395953220727251e-16
3.444984340755933772e+03 6.972063403277905712e-15 2.662295657571081381e-16
3.447731377197059828e+03 6.677155795106754755e-15 2.625696666116693114e-16
3.450478413638185884e+03 6.734701241912318873e-15 2.521692838355364781e-16
3.453225450079311940e+03 7.198201757179010305e-15 2.541796394216301957e-16
3.455972486520437997e+03 6.916595223638096027e-15 2.463920690487484963e-16
3.458719522961564053e+03 6.425984214117934760e-15 2.421172159752495445e-16
3.461466559402690109e+03 6.733428555513257068e-15 2.469696815820867319e-16
3.464213595843816165e+03 6.970161168102526270e-15 2.454673076578500955e-16
3.466960632284942221e+03 6.862026632432832650e-15 2.442898750460906720e-16
3.469707668726068277e+03 6.776615094306473087e-15 2.543962731523233144e-16
3.472454705167194334e+03 7.005003071379092426e-15 2.499868083908592678e-16
3.475201741608320390e+03 7.303524338307660653e-15 2.470002596359274520e-16
3.477948778049446446e+03 6.891553403926879292e-15 2.420201641204729010e-16
3.480695814490572502e+03 6.478153849095684429e-15 2.372754986281606343e-16
3.483442850931698558e+03 7.000636536849861400e-15 2.443059518165054798e-16
3.486189887372824614e+03 7.646282328931033173e-15 2.461142310406887721e-16
3.488936923813950671e+03 6.912766539341755867e-15 2.401227625011896915e-16
3.491683960255076727e+03 6.641764351814610506e-15 2.415506942465463016e-16
3.494430996696202783e+03 9.486244931407084884e-15 4.524682881122505747e-16
3.497178033137328839e+03 8.075152526778556151e-15 2.773391116745293897e-16
3.499925069578454895e+03 6.129877431656745749e-15 2.432245288137646220e-16
3.502672106019580951e+03 6.502440678334141802e-15 2.357220348280786035e-16
3.505419142460707008e+03 6.818756041835676479e-15 2.346432249323946340e-16
3.508166178901833064e+03 6.934280751679334396e-15 2.361621708875888980e-16
3.510913215342959120e+03 6.540758697796182605e-15 2.321068217901079852e-16
3.513660251784085176e+03 6.122335526674439334e-15 2.285225102662584582e-16
3.516407288225211232e+03 6.185974938348835746e-15 2.365437911126228332e-16
3.519154324666337288e+03 6.566638924015159957e-15 2.366927185584223287e-16
3.521901361107463345e+03 6.226860860735705306e-15 2.279862079721514700e-16
3.524648397548589401e+03 6.545055793775746119e-15 2.313909193900928627e-16
3.527395433989715457e+03 6.973093508921857523e-15 2.334224763409885503e-16
3.530142470430841513e+03 6.660624674963016321e-15 2.338872652348725760e-16
3.532889506871967569e+03 7.178203088644804022e-15 2.429475319523792520e-16
3.535636543313093625e+03 6.582716729417572556e-15 2.310069288480285809e-16
3.538383579754219681e+03 7.002467390518711590e-15 2.440754442440471629e-16
3.541130616195345738e+03 7.093226065731135425e-15 2.356720608152269692e-16
3.543877652636471794e+03 6.615460736069595483e-15 2.324534952866292300e-16
3.546624689077597850e+03 6.007440909857078407e-15 2.237014646385514755e-16
3.549371725518723906e+03 6.479670085551364686e-15 2.286157073648720605e-16
3.552118761959849962e+03 6.664967994124818261e-15 2.320638613871668020e-16
3.554865798400976018e+03 6.495400459186719622e-15 2.384126278704051839e-16
3.557612834842102075e+03 6.953252693249113202e-15 2.385166988444666173e-16
3.560359871283228131e+03 7.078274628060274352e-15 2.321126334842661969e-16
3.563106907724354187e+03 7.262902987472103116e-15 2.306629007062265968e-16
3.565853944165480243e+03 6.442276107766883224e-15 2.290684701567578757e-16
3.568600980606606299e+03 5.840324818079754912e-15 2.180716165335510642e-16
3.571348017047732355e+03 6.160554172168847164e-15 2.304819990788898525e-16
3.574095053488858412e+03 6.732450968667014984e-15 2.266474988551374109e-16
3.576842089929984468e+03 6.526146219439347525e-15 2.297037008950709086e-16
3.579589126371110524e+03 6.893261476114741758e-15 2.325695972721470175e-16
3.582336162812236580e+03 6.993112351829437191e-15 2.291068639778924118e-16
3.585083199253362636e+03 7.071897568097057699e-15 2.251963609514056017e-16
3.587830235694488692e+03 6.321736607368815853e-15 2.170895135309733191e-16
3.590577272135614749e+03 1.643259302136516098e-14 3.663500738490099456e-16
3.593324308576740805e+03 1.034561680661206808e-14 2.459798562321127581e-16
3.596071345017866861e+03 6.402901636129086825e-15 2.206232250713492737e-16
3.598818381458992917e+03 6.624981756970329505e-15 2.208838280829566009e-16
3.601565417900118973e+03 6.718248276951836899e-15 2.198084221443469954e-16
3.604312454341245029e+03 6.868980655739458220e-15 2.202553575201597608e-16
3.607059490782371086e+03 6.655362462521050839e-15 2.207670554051130332e-16
3.609806527223497142e+03 5.992126101488456398e-15 2.628372476023500184e-16
3.612553563664623198e+03 6.438629435611599488e-15 2.263490880481207583e-16
3.615300600105749254e+03 6.527179078780891064e-15 2.169013879553080378e-16
3.618047636546875310e+03 6.320938959487994471e-15 2.139020825150631309e-16
3.620794672988001366e+03 6.321633961533430635e-15 2.202700499516768645e-16
3.623541709429127422e+03 6.512932705591036889e-15 2.200602774939145985e-16
3.626288745870253479e+03 6.263072114139019695e-15 2.321415151755710867e-16
3.629035782311379535e+03 6.108996177604783573e-15 2.368634581979841643e-16
3.631782818752505591e+03 6.188730572555134455e-15 2.171807251459321958e-16
3.634529855193631647e+03 6.473493360372040596e-15 2.122710750927444781e-16
3.637276891634757703e+03 6.672421462273339549e-15 2.414250213377767694e-16
3.640023928075883759e+03 5.655852442985997231e-15 2.156284892209745051e-16
3.642770964517009816e+03 6.414574268637538257e-15 2.105821928939450436e-16
3.645518000958135872e+03 6.361900215131283274e-15 2.279473506338817554e-16
3.648265037399261928e+03 6.393979896432392960e-15 2.136492780765136875e-16
3.651012073840387984e+03 6.527370813615516820e-15 2.146600280568020540e-16
3.653759110281514040e+03 6.629293903377646191e-15 2.068633005500655309e-16
3.656506146722640096e+03 6.593272681105011367e-15 2.105157562814827405e-16
3.659253183163766153e+03 6.587005762185643755e-15 2.099735613151207022e-16
3.662000219604892209e+03 6.144601962203834536e-15 2.507825115589094956e-16
3.664747256046018265e+03 6.326811933303603137e-15 2.112969649936384098e-16
3.667494292487144321e+03 6.262672088219040876e-15 2.040109178052845538e-16
3.670241328928270377e+03 6.315915318380548573e-15 2.212059567439442575e-16
3.672988365369396433e+03 6.752716409611365762e-15 2.391028381074083149e-16
3.675735401810522490e+03 6.394659606208467590e-15 2.085942089703980338e-16
3.678482438251648546e+03 6.485276700154384954e-15 2.443278700982649588e-16
3.681229474692774602e+03 6.394157232950177534e-15 2.149133748493610288e-16
3.683976511133900658e+03 6.280199391933676244e-15 2.037118830755041719e-16
3.686723547575026714e+03 6.562418015086083077e-15 2.051415626212634579e-16
3.689470584016152770e+03 6.664876224030445210e-15 2.031472169285565960e-16
3.692217620457278827e+03 6.616602412211023914e-15 2.394745942315634779e-16
3.694964656898404883e+03 6.889832122327395844e-15 2.327490645092483057e-16
3.697711693339530939e+03 1.366300320710924836e-14 2.792275280804473101e-16
3.700458729780656995e+03 9.339217214169107832e-15 2.204183703016434130e-16
3.703205766221783051e+03 6.086983249835032189e-15 2.078341589885069991e-16
3.705952802662909107e+03 6.367737129039016087e-15 1.956925670475912655e-16
3.708699839104035163e+03 6.272919032101320698e-15 1.947311288264844083e-16
3.711446875545161220e+03 5.988562473092077557e-15 1.942911771177171994e-16
3.714193911986287276e+03 6.462691716058267742e-15 1.915449980379893223e-16
3.716940948427413332e+03 6.403702071250323953e-15 1.881813890391304930e-16
3.719687984868539388e+03 6.343942676260354202e-15 1.875706737431058348e-16
3.722435021309665444e+03 6.638516931277372688e-15 2.139495457531219945e-16
3.725182057750791500e+03 6.635345744171264552e-15 2.081451861655424994e-16
3.727929094191917557e+03 6.199823820763772699e-15 1.941921439438018889e-16
3.730676130633043613e+03 6.376740086481643622e-15 1.934151050902628099e-16
3.733423167074169669e+03 6.420913548163993094e-15 1.849224613700410930e-16
3.736170203515295725e+03 6.369007505395079077e-15 1.826263751538445495e-16
3.738917239956421781e+03 6.102584377193767604e-15 1.826185811657320602e-16
3.741664276397547837e+03 6.129334113058378029e-15 1.802892520971134056e-16
3.744411312838673894e+03 6.420904957490935361e-15 2.053533134909538499e-16
3.747158349279799950e+03 6.280416643334041153e-15 1.859767089267409506e-16
3.749905385720926006e+03 6.001164448297342998e-15 1.786460500843858810e-16
3.752652422162052062e+03 6.276305898319242275e-15 1.824973554096952960e-16
3.755399458603178118e+03 6.695263006580792161e-15 1.811522830829198699e-16
3.758146495044304174e+03 6.068192069980742450e-15 1.840945946992986086e-16
3.760893531485430231e+03 5.993452792722356504e-15 1.775235406468944172e-16
3.763640567926556287e+03 6.517160090525089842e-15 1.813540280422691917e-16
3.766387604367682343e+03 6.414842262565567665e-15 1.740627425883965597e-16
3.769134640808808399e+03 5.983795879195035168e-15 1.723016787921261119e-16
3.771881677249934455e+03 5.678492025159347665e-15 1.683186605882981589e-16
3.774628713691060511e+03 6.157253561575676850e-15 2.111387946046482667e-16
3.777375750132186567e+03 6.070109848651382693e-15 2.443704324258858632e-16
3.780122786573312624e+03 5.995149763738537699e-15 1.862593756645991237e-16
3.782869823014438680e+03 6.561794224452043514e-15 1.712073176117675782e-16
3.785616859455564736e+03 6.345277071938138326e-15 1.675597642216307950e-16
3.788363895896690792e+03 5.955703694750063866e-15 1.757121876100351016e-16
3.791110932337816848e+03 5.698236915098969542e-15 1.676576933738770299e-16
3.793857968778942904e+03 5.600407586948856671e-15 1.595484486425189662e-16
3.796605005220068961e+03 5.697163917562402202e-15 1.603409330490099045e-16
3.799352041661195017e+03 6.067021956396496961e-15 1.626836121113674317e-16
3.802099078102321073e+03 5.747280494467230649e-15 1.655127659370432460e-16
3.804846114543447129e+03 5.692154900226308333e-15 1.603885674242648325e-16
3.807593150984573185e+03 6.113307418450153778e-15 1.607767011730821162e-16
3.810340187425699241e+03 6.052317349665501072e-15 1.584659267792594358e-16
3.813087223866825298e+03 5.809115784802080306e-15 1.757220115254089498e-16
3.815834260307951354e+03 5.907272166203192590e-15 1.681135077504179472e-16
3.818581296749077410e+03 5.791838633626923803e-15 1.651683891245294138e-16
3.821328333190203466e+03 5.632101292367264996e-15 1.540103639184521207e-16
3.824075369631329522e+03 5.390305730936372964e-15 1.501824163033773764e-16
3.826822406072455578e+03 5.574098347754120000e-15 1.528003079824169725e-16
3.829569442513581635e+03 6.086362929775604596e-15 1.586338726374704699e-16
3.832316478954707691e+03 6.201037257875457147e-15 1.807717520762379061e-16
3.835063515395833747e+03 5.567589213971026753e-15 1.715440236688156008e-16
3.837810551836959803e+03 5.856629490633182327e-15 1.553169543720663580e-16
3.840557588278085859e+03 5.621995935984051309e-15 1.464704256492630333e-16
3.843304624719211915e+03 5.739272230597246066e-15 1.658404352640581910e-16
3.846051661160337972e+03 5.687270168511628309e-15 1.510479058359047896e-16
3.848798697601464028e+03 5.931903593985508462e-15 1.523482528580932707e-16
3.851545734042590084e+03 6.013533040229765168e-15 1.503868440557060740e-16
3.854292770483716140e+03 6.039513594432905587e-15 1.471735861161238489e-16
3.857039806924842196e+03 5.976742185558541690e-15 1.515618542478105787e-16
3.859786843365968252e+03 5.969544595857599412e-15 1.471584456823788016e-16
3.862533879807094308e+03 6.057015721922045339e-15 1.488723336169608665e-16
3.865280916248220365e+03 5.704484092556684791e-15 1.453312831924112977e-16
3.868027952689346421e+03 5.726917863062145014e-15 1.707381837448947597e-16
3.870774989130472477e+03 5.972704498597958481e-15 1.555506123452189295e-16
3.873522025571598533e+03 6.148961959908862972e-15 1.478924870068173201e-16
3.876269062012724589e+03 6.395346174965970095e-15 1.694719843463920908e-16
3.879016098453850645e+03 6.167408869761372704e-15 1.513926238158598786e-16
3.881763134894976702e+03 6.119953985584394915e-15 1.424939778956264376e-16
3.884510171336102758e+03 6.023487542794991809e-15 1.395838181124845442e-16
3.887257207777228814e+03 6.320161645804355940e-15 1.478411185027023594e-16
3.890004244218354870e+03 6.234043451344084872e-15 1.414616408628938600e-16
3.892751280659480926e+03 6.212687895325581797e-15 1.395404072934111794e-16
3.895498317100606982e+03 6.245894577792346896e-15 1.395515956642551270e-16
3.898245353541733039e+03 6.202561531104182883e-15 1.386078083205187793e-16
3.900992389982859095e+03 6.406378965105511695e-15 1.393166312233720286e-16
3.903739426423985151e+03 6.334619175556511910e-15 1.377929075048462297e-16
3.906486462865111207e+03 6.371287803489346195e-15 1.414492948368640476e-16
3.909233499306237263e+03 6.517397501547313802e-15 1.405916090653046115e-16
3.911980535747363319e+03 6.215120554476900619e-15 1.380819155187461480e-16
3.914727572188489376e+03 5.985215574102735274e-15 1.459290754686078380e-16
3.917474608629615432e+03 6.198248333049170247e-15 1.522386937790949387e-16
3.920221645070741488e+03 6.482143533628750904e-15 1.442670752556691631e-16
3.922968681511867544e+03 6.755746839173339990e-15 1.395084200594393493e-16
3.925715717952993600e+03 6.414762035575205581e-15 1.539923590168590303e-16
3.928462754394119656e+03 6.489575754997206651e-15 1.419159629537552420e-16
3.931209790835245713e+03 6.415895747935625916e-15 1.343829261261062316e-16
3.933956827276371769e+03 6.141338874412186532e-15 1.324101313898471333e-16
3.936703863717497825e+03 6.087590789096856656e-15 1.314576106812912964e-16
3.939450900158623881e+03 6.060010591821943215e-15 1.448944286991052976e-16
3.942197936599749937e+03 6.195192183961108050e-15 1.373245766937690384e-16
3.944944973040875993e+03 6.402855075479080922e-15 1.329586708479222436e-16
3.947692009482002049e+03 6.362772708179469321e-15 1.323776740756437964e-16
3.950439045923128106e+03 6.312848955347398772e-15 1.315515432163208370e-16
3.953186082364254162e+03 5.847688600909907297e-15 1.316515634145398523e-16
3.955933118805380218e+03 5.752550401366015103e-15 1.286187173246884992e-16
3.958680155246506274e+03 5.989621375767777255e-15 1.335005403136177432e-16
3.961427191687632330e+03 5.877980022566087325e-15 1.280054989577307228e-16
3.964174228128758386e+03 5.878850812779079975e-15 1.257919244238226433e-16
3.966921264569884443e+03 5.957546108731947760e-15 1.281375638999182251e-16
3.969668301011010499e+03 5.895457935964279245e-15 1.272422292921069060e-16
3.972415337452136555e+03 5.960496917628419342e-15 1.297158574289427593e-16
3.975162373893262611e+03 6.020235352882304705e-15 1.290001696389364849e-16
3.977909410334388667e+03 5.605641755237894209e-15 1.226475668647424174e-16
3.980656446775514723e+03 5.728961485876438309e-15 1.344729888205987105e-16
3.983403483216640780e+03 6.205555034953744264e-15 1.304239810837981551e-16
3.986150519657766836e+03 5.863535836728148691e-15 1.226855122298936288e-16
3.988897556098892892e+03 5.259132654144207640e-15 1.275599980866792537e-16
3.991644592540018948e+03 5.009309038816440742e-15 1.203711895906688073e-16
3.994391628981145004e+03 5.451085969408353462e-15 1.212999357543101344e-16
3.997138665422271060e+03 5.614092901531437714e-15 1.202889060903410391e-16
3.999885701863397117e+03 5.491128025176709684e-15 1.196233132580425545e-16
4.002632738304523173e+03 5.597572786706573809e-15 1.199033530116689376e-16
4.005379774745649229e+03 5.540173796339373365e-15 1.182017550312710205e-16
4.008126811186775285e+03 5.708324156637833480e-15 1.224179564587024448e-16
4.010873847627901341e+03 5.888155678039410665e-15 1.225148262884622561e-16
4.013620884069027397e+03 5.630948840052885958e-15 1.182793597230262404e-16
4.016367920510153454e+03 5.470034635691245102e-15 1.194943007579353242e-16
4.019114956951279510e+03 5.777624534866556455e-15 1.212021535793775302e-16
4.021861993392405566e+03 5.856639149496191421e-15 1.322104007156892586e-16
4.024609029833531622e+03 5.618324822158572787e-15 1.479274034837972050e-16
4.027356066274657678e+03 5.748764164611296674e-15 1.300590878030320705e-16
4.030103102715783734e+03 5.754782020625485085e-15 1.230702657749482562e-16
4.032850139156909790e+03 5.821405960754801048e-15 1.201497765127845616e-16
4.035597175598035847e+03 6.014287179623554658e-15 1.197709893516501028e-16
4.038344212039161903e+03 6.023336945012533749e-15 1.193050083869798650e-16
4.041091248480287959e+03 5.955391701703381449e-15 1.202273255357932882e-16
4.043838284921414015e+03 6.070050764757060776e-15 1.247547191670815277e-16
4.046585321362540071e+03 5.988603348060743743e-15 1.375202309828561218e-16
4.049332357803666127e+03 6.091073929743277716e-15 1.282463530539848720e-16
4.052079394244792184e+03 6.010848826646620583e-15 1.179924901196401395e-16
4.054826430685918240e+03 6.140908545016902227e-15 1.212447859764582163e-16
4.057573467127044296e+03 6.132223845802810508e-15 1.262554764749841464e-16
4.060320503568170352e+03 6.018275165962571753e-15 1.265129863452939176e-16
4.063067540009296408e+03 6.375243979801121762e-15 1.237518693670470721e-16
4.065814576450422464e+03 6.360491201320740826e-15 1.300962455950613426e-16
4.068561612891548521e+03 6.216637194124427199e-15 1.289055318496182023e-16
4.071308649332674577e+03 6.040510697641501419e-15 1.203638609436386862e-16
4.074055685773800633e+03 6.079150912267411876e-15 1.188422579298776089e-16
4.076802722214926689e+03 6.195828939239223071e-15 1.177047083262995881e-16
4.079549758656052745e+03 6.235491931084273071e-15 1.177592508936022585e-16
4.082296795097178801e+03 6.311229753492264202e-15 1.198793780547409426e-16
4.085043831538304858e+03 6.444063138155447824e-15 1.213158162094566477e-16
4.087790867979430914e+03 6.324701317807738350e-15 1.179459900467957030e-16
4.090537904420556970e+03 6.450496626688039287e-15 1.193049679767985051e-16
4.093284940861683026e+03 6.521686553177741076e-15 1.225983427215561339e-16
4.096031977302809537e+03 6.314567465555332871e-15 1.186909530810358330e-16
4.098779013743935138e+03 6.084262620077853774e-15 1.150095114051319212e-16
4.101526050185060740e+03 5.804871193509737401e-15 1.155459550293412255e-16
4.104273086626187251e+03 5.812851206217383125e-15 1.153480391170027686e-16
4.107020123067313762e+03 6.052035202928666328e-15 1.152460807569793283e-16
4.109767159508439363e+03 6.166656883752857128e-15 1.156566500744645021e-16
4.112514195949564964e+03 6.097921742393585401e-15 1.149907213447283051e-16
4.115261232390691475e+03 5.918532054464734976e-15 1.141376367335529979e-16
4.118008268831817986e+03 6.097029961990042446e-15 1.159595209275667151e-16
4.120755305272943588e+03 6.215412886801442004e-15 1.210557616211998182e-16
4.123502341714069189e+03 5.892549346306897965e-15 1.153496441878388363e-16
4.126249378155195700e+03 5.715086152101258271e-15 1.117096074760786968e-16
4.128996414596322211e+03 6.044653738493659290e-15 1.134214338652633169e-16
4.131743451037447812e+03 6.235055566672740895e-15 1.140543231688946712e-16
4.134490487478573414e+03 6.049965039037591352e-15 1.134991660934251349e-16
4.137237523919699925e+03 5.823838972828272015e-15 1.118525460030984862e-16
4.139984560360826435e+03 6.072404727195546394e-15 1.134344417679314495e-16
4.142731596801952037e+03 6.090278296481979679e-15 1.130045268360658051e-16
4.145478633243077638e+03 5.719314576951190854e-15 1.117308043811416483e-16
4.148225669684204149e+03 5.573162170051641622e-15 1.113031195598422975e-16
4.150972706125330660e+03 5.579644886855202046e-15 1.551969367812893364e-16
4.153719742566456262e+03 5.525877161089406941e-15 1.098305506307946654e-16
4.156466779007581863e+03 5.487095949455829055e-15 1.523445533314104800e-16
4.159213815448708374e+03 5.481269758198111596e-15 1.086560278272275029e-16
4.161960851889834885e+03 5.476526147100040591e-15 1.090902768503808104e-16
4.164707888330960486e+03 5.357267207897542202e-15 1.074251374442295827e-16
4.167454924772086088e+03 5.302523373060377413e-15 1.079311694104237344e-16
4.170201961213212599e+03 5.219683221436941553e-15 1.067195484022809293e-16
4.172948997654339109e+03 5.352126631205229850e-15 1.117561694743212513e-16
4.175696034095464711e+03 5.444519752515032546e-15 1.109276887626996567e-16
4.178443070536590312e+03 5.453699913188044350e-15 1.076176932176424024e-16
4.181190106977716823e+03 5.435229165706289178e-15 1.062984316908091833e-16
4.183937143418843334e+03 5.182569413624481608e-15 1.053174179950901396e-16
4.186684179859968935e+03 5.093200668614478516e-15 1.041323040009105548e-16
4.189431216301094537e+03 5.012701328069618060e-15 1.029100229084516424e-16
4.192178252742221048e+03 4.938260436535304583e-15 1.092077819575845994e-16
4.194925289183347559e+03 5.131247894241493172e-15 1.079373621250398709e-16
4.197672325624473160e+03 4.802167170022332069e-15 1.048377904780092520e-16
4.200419362065598762e+03 4.712232974465228738e-15 1.035404319943755212e-16
4.203166398506725272e+03 4.898020126227791631e-15 1.077562837997090501e-16
4.205913434947851783e+03 4.802022715877713646e-15 1.070721813846654681e-16
4.208660471388977385e+03 4.740354084892020581e-15 1.051426422424714134e-16
4.211407507830102986e+03 4.749485084776881628e-15 1.026727522002290447e-16
4.214154544271229497e+03 4.713489192535807724e-15 1.004891806112650876e-16
4.216901580712356008e+03 4.855892891193617919e-15 1.021994424721520178e-16
4.219648617153481609e+03 4.758433613738680473e-15 1.014104710997600912e-16
4.222395653594607211e+03 4.525215793754753642e-15 9.996788724496129261e-17
4.225142690035733722e+03 4.501857888710178237e-15 9.877061683161839458e-17
4.227889726476860233e+03 4.656467078652154076e-15 9.906621003927503519e-17
4.230636762917985834e+03 4.679907507869928441e-15 9.983770084246190209e-17
4.233383799359111435e+03 4.606072343124302443e-15 1.055966103877092952e-16
4.236130835800237946e+03 4.471757276975932890e-15 1.051076313147289251e-16
4.238877872241364457e+03 4.639851332902143940e-15 1.010601314566182860e-16
4.241624908682490059e+03 4.959344824715792900e-15 1.191806713731424923e-16
4.244371945123615660e+03 4.912479404433060471e-15 1.129300253522043932e-16
4.247118981564742171e+03 4.997749083104177695e-15 1.046257090023718702e-16
4.249866018005868682e+03 5.103524415981381366e-15 1.038024866517913276e-16
4.252613054446994283e+03 5.133002979446714893e-15 1.018746159649952404e-16
4.255360090888119885e+03 5.178836288952725848e-15 1.093791694486124973e-16
4.258107127329246396e+03 5.424432370816063233e-15 1.219419049510522336e-16
4.260854163770372907e+03 5.520385965647350788e-15 1.155964470602055031e-16
4.263601200211498508e+03 5.348007405075144106e-15 1.043367720408759640e-16
4.266348236652624109e+03 5.159116841174678457e-15 1.004316819341743225e-16
4.269095273093750620e+03 5.487537204025697356e-15 1.027829005599405074e-16
4.271842309534877131e+03 5.713810707959568198e-15 1.039471413695002762e-16
4.274589345976002733e+03 5.435627573662187335e-15 1.023563306810013424e-16
4.277336382417128334e+03 5.383092246868415538e-15 1.035990059189317340e-16
4.280083418858254845e+03 5.717292678384283267e-15 1.044755809952464850e-16
4.282830455299381356e+03 5.784809332384007414e-15 1.046208253649024387e-16
4.285577491740506957e+03 5.911791717238871906e-15 1.054585022996891507e-16
4.288324528181632559e+03 5.753783369372260357e-15 1.038312096356725358e-16
4.291071564622759070e+03 5.800471764879700132e-15 1.037574923665237159e-16
4.293818601063885581e+03 5.854885647557150963e-15 1.055373681055504280e-16
4.296565637505011182e+03 5.677904837465223601e-15 1.035533754329738737e-16
4.299312673946136783e+03 5.643687162177872717e-15 1.022455257540705019e-16
4.302059710387263294e+03 5.763848749950400567e-15 1.032074252438214243e-16
4.304806746828389805e+03 5.853283375998188017e-15 1.034455775145244993e-16
4.307553783269515407e+03 5.788556356483212525e-15 1.058171194971081249e-16
4.310300819710641008e+03 5.810468569152627890e-15 1.040404814305502045e-16
4.313047856151767519e+03 5.911047103064559160e-15 1.023264040715155559e-16
4.315794892592894030e+03 5.815131138793215655e-15 1.060842954924796073e-16
4.318541929034019631e+03 5.858933541747494226e-15 1.050646875519657752e-16
4.321288965475145233e+03 5.808351190664101357e-15 1.027000622916941151e-16
4.324036001916271744e+03 5.672551305301555500e-15 1.016420874619313277e-16
4.326783038357398254e+03 5.732961182873663847e-15 1.012707508372980296e-16
4.329530074798523856e+03 5.714102981480201797e-15 1.098713787908189264e-16
4.332277111239649457e+03 5.797955485294803702e-15 1.076484345183921291e-16
4.335024147680775968e+03 5.853380424699333940e-15 1.065593762525025516e-16
4.337771184121902479e+03 5.581797794041118767e-15 1.123272731213776158e-16
4.340518220563028081e+03 5.522614604597175258e-15 1.067650201770923379e-16
4.343265257004153682e+03 5.775799903242066580e-15 1.030237882573571697e-16
4.346012293445280193e+03 5.732089453615602481e-15 1.015539328925398369e-16
4.348759329886406704e+03 5.604119081355298736e-15 9.934795090880002127e-17
4.351506366327532305e+03 5.767494400144274933e-15 1.003917446828904360e-16
4.354253402768657907e+03 5.764508622112065933e-15 9.968736769362051478e-17
4.357000439209784417e+03 5.621200967044359595e-15 9.845809713612315219e-17
4.359747475650910928e+03 5.521380940637218594e-15 1.009576281519306767e-16
4.362494512092036530e+03 5.373322136296879365e-15 9.996478066502148083e-17
4.365241548533162131e+03 5.366587625725829277e-15 1.002639099089198576e-16
4.367988584974288642e+03 5.434594707232271024e-15 1.004131022057705335e-16
4.370735621415415153e+03 5.585673599196227302e-15 1.016851068656226133e-16
4.373482657856540754e+03 5.735841845930283351e-15 1.005437186737935332e-16
4.376229694297666356e+03 5.701153756896413799e-15 9.933210522542399939e-17
4.378976730738792867e+03 5.635662177887448003e-15 9.854489631163704369e-17
4.381723767179919378e+03 5.326181433504821281e-15 9.569982219273383522e-17
4.384470803621044979e+03 5.347206642354856479e-15 9.731401610423959615e-17
4.387217840062170580e+03 5.581598121233180658e-15 9.871879277277741468e-17
4.389964876503297091e+03 5.526789478482330340e-15 9.698195386436769167e-17
4.392711912944423602e+03 5.324552282633422506e-15 9.505195055292950022e-17
4.395458949385549204e+03 5.335405975312896541e-15 9.509571555635950119e-17
4.398205985826674805e+03 5.398344289048346693e-15 9.578427201439737499e-17
4.400953022267801316e+03 5.458630771367861906e-15 9.582662482208704129e-17
4.403700058708927827e+03 5.465906219818932358e-15 9.614744748878619233e-17
4.406447095150053428e+03 5.376676120505972566e-15 9.842076859469254285e-17
4.409194131591179030e+03 5.498849973929480853e-15 9.782318054128964218e-17
4.411941168032305541e+03 5.630246562495296572e-15 9.838277002904491183e-17
4.414688204473432052e+03 5.480045940338016954e-15 9.702866658813994112e-17
4.417435240914557653e+03 5.382063236337892262e-15 9.596298543637460878e-17
4.420182277355683254e+03 5.365524344830293608e-15 9.521529192882316037e-17
4.422929313796809765e+03 5.350473001750306235e-15 9.426123849842388910e-17
4.425676350237936276e+03 5.390933125031668473e-15 9.541803957618007907e-17
4.428423386679061878e+03 5.518270541197727053e-15 9.699455002053886242e-17
4.431170423120187479e+03 5.626828230021357116e-15 9.643321583559626356e-17
4.433917459561313990e+03 5.633726662742120688e-15 9.685791309920432597e-17
4.436664496002440501e+03 5.394334446353459919e-15 9.490333495733449731e-17
4.439411532443566102e+03 5.215596974657082499e-15 9.420846786603009064e-17
4.442158568884691704e+03 5.303562409364304427e-15 9.499868200557577600e-17
4.444905605325818215e+03 5.116769347778150221e-15 1.072049696125587826e-16
4.447652641766944726e+03 4.973356851150076955e-15 1.025906031950203505e-16
4.450399678208070327e+03 5.236211400320154943e-15 9.327716714678267455e-17
4.453146714649195928e+03 5.434404676250289373e-15 9.511633508047631048e-17
4.455893751090322439e+03 5.421537806009867128e-15 9.988036461702011366e-17
4.458640787531448950e+03 5.328827691629008692e-15 9.739267436718774043e-17
4.461387823972574552e+03 5.246238696550609515e-15 9.241512289013075049e-17
4.464134860413700153e+03 5.295994900380907210e-15 9.268464245012886597e-17
4.466881896854826664e+03 5.179564944354425417e-15 9.238226685539364654e-17
4.469628933295953175e+03 5.079146943805521279e-15 9.151465525627144371e-17
4.472375969737078776e+03 5.194824324870813262e-15 9.258487847794564003e-17
4.475123006178204378e+03 5.149573334367073987e-15 9.195794961347705823e-17
4.477870042619330889e+03 5.081439658839973781e-15 9.453854605680702195e-17
4.480617079060457399e+03 4.954587432138298578e-15 9.547521337550201565e-17
4.483364115501583001e+03 5.014778009770289397e-15 9.265751184150143109e-17
4.486111151942708602e+03 5.191960392196445130e-15 9.163063271687142777e-17
4.488858188383835113e+03 4.970882675587708018e-15 9.083984665294671490e-17
4.491605224824961624e+03 4.851014057542034820e-15 9.574359767032880975e-17
4.494352261266087226e+03 5.038286964728626154e-15 9.486443268247543955e-17
4.497099297707212827e+03 5.324961583823429898e-15 9.228893822277303353e-17
4.499846334148339338e+03 5.224446611943405128e-15 9.312061421956995717e-17
4.502593370589465849e+03 5.060596918857424904e-15 9.327252402854566317e-17
4.505340407030591450e+03 4.980825725968404958e-15 9.157924016897759511e-17
4.508087443471717052e+03 5.198496673075393342e-15 9.187184337173476453e-17
4.510834479912843562e+03 5.235854402647898469e-15 9.150917764256894025e-17
4.513581516353970073e+03 5.218499073310140886e-15 9.182271474988872665e-17
4.516328552795095675e+03 5.197756155446568813e-15 9.559715065613954283e-17
4.519075589236221276e+03 5.068306467902035031e-15 9.870084532883620210e-17
4.521822625677347787e+03 5.038345921589981755e-15 9.467895441016604666e-17
4.524569662118474298e+03 4.758698912958537625e-15 8.857722824784402862e-17
4.527316698559599899e+03 4.771251536128839538e-15 9.045656242946603328e-17
4.530063735000725501e+03 4.939091695260306790e-15 9.099457455551252911e-17
4.532810771441852012e+03 4.957820197738982385e-15 9.013351764709118188e-17
4.535557807882978523e+03 5.095200779773037125e-15 9.314464695580179968e-17
4.538304844324104124e+03 5.255999155987374958e-15 9.383838008577747650e-17
4.541051880765229726e+03 5.033307408650625230e-15 9.444573224421676027e-17
4.543798917206356236e+03 4.973025014602278007e-15 9.603377287211583637e-17
4.546545953647482747e+03 5.134615484791873866e-15 9.733087200730265961e-17
4.549292990088608349e+03 5.113549748209492112e-15 9.368620922364191583e-17
4.552040026529733950e+03 5.161305083114154981e-15 9.145224799347674799e-17
4.554787062970860461e+03 5.127572357713071117e-15 9.086832434827920187e-17
4.557534099411986972e+03 4.847895152937486710e-15 8.944924837098374521e-17
4.560281135853112573e+03 4.796831290328435190e-15 8.911709418144984573e-17
4.563028172294238175e+03 4.672975528597787586e-15 8.809270246225057667e-17
4.565775208735364686e+03 4.604925925588836949e-15 8.971285493348636550e-17
4.568522245176491197e+03 4.775928013039220593e-15 8.974471826033195369e-17
4.571269281617616798e+03 4.763478569674519254e-15 8.914775100649825129e-17
4.574016318058742399e+03 4.747672882824766903e-15 8.892401598161028169e-17
4.576763354499868910e+03 4.856249443067235637e-15 8.909533911006907361e-17
4.579510390940995421e+03 4.952815341132932781e-15 8.929268787014198168e-17
4.582257427382121023e+03 4.853078833635828928e-15 8.789774654453635029e-17
4.585004463823246624e+03 4.568668037958449772e-15 9.326026667724207396e-17
4.587751500264373135e+03 4.617593337960966086e-15 9.228706749390003667e-17
4.590498536705499646e+03 4.819445150501784891e-15 9.029908520318796349e-17
4.593245573146625247e+03 4.852632088125483223e-15 9.030052542246187268e-17
4.595992609587750849e+03 4.789097919327895280e-15 9.651859315771330533e-17
4.598739646028877360e+03 4.771603892067724103e-15 1.071195050309387856e-16
4.601486682470003871e+03 4.835715906027431733e-15 1.019934471862849469e-16
4.604233718911129472e+03 4.855197560659345853e-15 9.183788884362422094e-17
4.606980755352255073e+03 4.833447584030348860e-15 8.919422442843588903e-17
4.609727791793381584e+03 4.733330940674965730e-15 8.801361184855487026e-17
4.612474828234508095e+03 4.754571712076561904e-15 8.935903009334269498e-17
4.615221864675633697e+03 4.820286678922166610e-15 8.955832485540177208e-17
4.617968901116759298e+03 4.805311393091495130e-15 9.434161336081698945e-17
4.620715937557885809e+03 4.762568927170625521e-15 9.247814555908137961e-17
4.623462973999012320e+03 4.840218632307383279e-15 8.910618408870335027e-17
4.626210010440137921e+03 4.873572869387560248e-15 8.937875361462848570e-17
4.628957046881263523e+03 4.749946387438636939e-15 8.910043130941895534e-17
4.631704083322390034e+03 4.648907972187502231e-15 8.849700982158195280e-17
4.634451119763516544e+03 4.804650417766198754e-15 9.077261209953417404e-17
4.637198156204642146e+03 4.736943029829857160e-15 9.838172849113724643e-17
4.639945192645767747e+03 4.611605377004158768e-15 9.661603681984155501e-17
4.642692229086894258e+03 4.467485506224500234e-15 8.845506985949966899e-17
4.645439265528020769e+03 4.417635014932534883e-15 8.638544796907359639e-17
4.648186301969146371e+03 4.491250724851687472e-15 8.767119900080393681e-17
4.650933338410271972e+03 4.345701184830651458e-15 8.631283952191977016e-17
4.653680374851398483e+03 4.386275496120885336e-15 8.648362251233259847e-17
4.656427411292524994e+03 4.469727628552335903e-15 8.752858376795158793e-17
4.659174447733650595e+03 4.467426135507752694e-15 8.740289862420604207e-17
4.661921484174776197e+03 4.598175745010863484e-15 1.042086899524403012e-16
4.664668520615902708e+03 4.551560139353309306e-15 9.982250457150593500e-17
4.667415557057029218e+03 4.380028626368914816e-15 8.740236040653712000e-17
4.670162593498154820e+03 4.727755132052296805e-15 1.033711809391983937e-16
4.672909629939280421e+03 4.525414422053119665e-15 9.802463107356037982e-17
4.675656666380406932e+03 4.063498826351869431e-15 8.579185252547247540e-17
4.678403702821533443e+03 4.102225222666804712e-15 8.844828723845957659e-17
4.681150739262659044e+03 4.103607522046646064e-15 8.747134489587782888e-17
4.683897775703784646e+03 3.889426752412757474e-15 8.430602184784508757e-17
4.686644812144911157e+03 3.832228749554829798e-15 8.333497753854474851e-17
4.689391848586037668e+03 3.919406576718390843e-15 8.350613094917297851e-17
4.692138885027163269e+03 4.015660790538527841e-15 9.068121416729917742e-17
4.694885921468288871e+03 3.836334525591659616e-15 1.003603332878948288e-16
4.697632957909415381e+03 3.937261847738664806e-15 9.726740616103510155e-17
4.700379994350541892e+03 4.015368844535890861e-15 8.969126304313749129e-17
4.703127030791667494e+03 3.954118267120383136e-15 8.793441740691241581e-17
4.705874067232793095e+03 3.985462525168687865e-15 8.928333231799942035e-17
4.708621103673919606e+03 3.937432484919689338e-15 8.795496254606074836e-17
4.711368140115046117e+03 3.861004845416240228e-15 8.506494252855435457e-17
4.714115176556171718e+03 3.729708024486400251e-15 8.444161284992684300e-17
4.716862212997297320e+03 3.579338794178943038e-15 8.399557279300086717e-17
4.719609249438423831e+03 3.674656404068629296e-15 8.368798919858315528e-17
4.722356285879550342e+03 3.846977457932461545e-15 8.372557294738106717e-17
4.725103322320675943e+03 3.849157494434523274e-15 8.403895758320842826e-17
4.727850358761801544e+03 3.831423630129450085e-15 8.368843366360488657e-17
4.730597395202928055e+03 3.747593479355796450e-15 8.448565010187678836e-17
4.733344431644054566e+03 3.644591660875711357e-15 8.750297286261526007e-17
4.736091468085180168e+03 3.633277773005931752e-15 8.754476077887623797e-17
4.738838504526305769e+03 3.713931006216894268e-15 8.502496292456161656e-17
4.741585540967432280e+03 3.734795920731871828e-15 8.993213728647342149e-17
4.744332577408558791e+03 3.842615606846389802e-15 8.820562469649938088e-17
4.747079613849684392e+03 3.921052913088470467e-15 8.491895884454067526e-17
4.749826650290809994e+03 4.060094529298937780e-15 8.582810393957678733e-17
4.752573686731936505e+03 4.209406811480578010e-15 8.621970248094652237e-17
4.755320723173063016e+03 4.304367692236638185e-15 8.677035295636667196e-17
4.758067759614188617e+03 4.260517684163239933e-15 8.738615586546495980e-17
4.760814796055314218e+03 4.190564378593241702e-15 8.647932080550606876e-17
4.763561832496440729e+03 4.489646641522133650e-15 8.846276060823472885e-17
4.766308868937567240e+03 4.709423999917866153e-15 8.942236458093345803e-17
4.769055905378692842e+03 4.673713867734755209e-15 8.863149022649885290e-17
4.771802941819818443e+03 4.675184920757257042e-15 8.911024180730149861e-17
4.774549978260944954e+03 4.783551074373533213e-15 9.118358868016921106e-17
4.777297014702071465e+03 4.907838372558129965e-15 9.088635819393773972e-17
4.780044051143197066e+03 5.015551065895463452e-15 9.067410792025539421e-17
4.782791087584322668e+03 5.060420886023468273e-15 9.103453497912335727e-17
4.785538124025449179e+03 5.121710556399846350e-15 9.204108085457215879e-17
4.788285160466575689e+03 5.276027152255084706e-15 9.225410824894421822e-17
4.791032196907701291e+03 5.159139326377338298e-15 9.206661793934821996e-17
4.793779233348826892e+03 5.298651712193336942e-15 9.307815533832222790e-17
4.796526269789953403e+03 5.466546206069783291e-15 9.343930296986492970e-17
4.799273306231079914e+03 5.346269157666244303e-15 9.290664871178935459e-17
4.802020342672205516e+03 5.397954534134847621e-15 9.383376768195349214e-17
4.804767379113331117e+03 5.542771268877375699e-15 1.016283962298869480e-16
4.807514415554457628e+03 5.472874095561905008e-15 9.757574563452745701e-17
4.810261451995584139e+03 5.383751939403587642e-15 9.203578503821098731e-17
4.813008488436709740e+03 5.422892648617980740e-15 9.244143048851065074e-17
4.815755524877835342e+03 5.445655869458544981e-15 9.275027966490975002e-17
4.818502561318961853e+03 5.584377449303573774e-15 9.513953130289165876e-17
4.821249597760088363e+03 5.652908801089678029e-15 9.537268768105789448e-17
4.823996634201213965e+03 5.432230076811153942e-15 9.560463862574180381e-17
4.826743670642339566e+03 5.569325591061707503e-15 9.675326600881154476e-17
4.829490707083466077e+03 5.675946182271350008e-15 9.589512216468373258e-17
4.832237743524592588e+03 5.461020956929095806e-15 9.270196060439607443e-17
4.834984779965718189e+03 5.551477064387560509e-15 9.299372435699920818e-17
4.837731816406843791e+03 5.733234517228830498e-15 9.439633080193522522e-17
4.840478852847970302e+03 5.571048596886866076e-15 9.346080358343583830e-17
4.843225889289096813e+03 5.527648929876970037e-15 9.348190703237942128e-17
4.845972925730222414e+03 5.512657481725705397e-15 1.030571642234127695e-16
4.848719962171348016e+03 5.694344905609902342e-15 9.938682790566993628e-17
4.851466998612474526e+03 5.722399273371880421e-15 9.339703310658022440e-17
4.854214035053601037e+03 5.621882047170543859e-15 9.297660825916260066e-17
4.856961071494726639e+03 5.674113823964392395e-15 9.487237621247177159e-17
4.859708107935852240e+03 5.584002501109738323e-15 9.429496937663162809e-17
4.862455144376978751e+03 5.616762205241511915e-15 9.618091659470697168e-17
4.865202180818105262e+03 5.365095185258652926e-15 9.557194262465607211e-17
4.867949217259230863e+03 5.328570912723935483e-15 9.329243142243480219e-17
4.870696253700356465e+03 5.711085531978307246e-15 9.558339999797041744e-17
4.873443290141482976e+03 5.925038497491152538e-15 9.579586860015517140e-17
4.876190326582609487e+03 5.573449301522384797e-15 9.273455716569092759e-17
4.878937363023735088e+03 5.339863460312027745e-15 9.147762582171287525e-17
4.881684399464860689e+03 5.331951367122013693e-15 1.061452465452957346e-16
4.884431435905987200e+03 5.452984013643464313e-15 9.949071771145763858e-17
4.887178472347113711e+03 5.382093848897454821e-15 1.002234212652287797e-16
4.889925508788239313e+03 5.199238329588473313e-15 9.508166093977151812e-17
4.892672545229364914e+03 5.418579536882632198e-15 9.183244724793167171e-17
4.895419581670491425e+03 5.525420185069673503e-15 9.207315869785017652e-17
4.898166618111617936e+03 5.386395012603137876e-15 9.849895105832027441e-17
4.900913654552743537e+03 5.520092825586084618e-15 9.608705813765942936e-17
4.903660690993869139e+03 5.715068291691464812e-15 9.813974633666333417e-17
4.906407727434995650e+03 5.464210712514495287e-15 9.873212320980331527e-17
4.909154763876122161e+03 5.243839135516584564e-15 9.305452863104696298e-17
4.911901800317247762e+03 5.358508556469948264e-15 9.158779230185493185e-17
4.914648836758373363e+03 5.344651700614365931e-15 9.199080311675593047e-17
4.917395873199499874e+03 5.036630017756210541e-15 9.024028362652930179e-17
4.920142909640626385e+03 4.999215362700546247e-15 8.931759920982112079e-17
4.922889946081751987e+03 5.163895357315203616e-15 9.045528828307766002e-17
4.925636982522877588e+03 5.117464835255815809e-15 1.211544459350676654e-16
4.928384018964004099e+03 5.178087161092574142e-15 1.053231806678604009e-16
4.931131055405130610e+03 5.207160390877163550e-15 9.069980002185449025e-17
4.933878091846256211e+03 5.342488832580955644e-15 9.456609123703462983e-17
4.936625128287381813e+03 5.477416371893811702e-15 1.034060721829036701e-16
4.939372164728508324e+03 5.245674669294474211e-15 9.502402301588402423e-17
4.942119201169634835e+03 5.101777662786768955e-15 9.026149778579426076e-17
4.944866237610760436e+03 5.215337167869782667e-15 9.039646774873761263e-17
4.947613274051886037e+03 5.136547410762509684e-15 8.933674193219317550e-17
4.950360310493012548e+03 5.133535545402484924e-15 9.025594253852470241e-17
4.953107346934139059e+03 5.092991225171011366e-15 8.937535059912433558e-17
4.955854383375264661e+03 4.869459039137279845e-15 8.904912956554990277e-17
4.958601419816390262e+03 4.966905376376037813e-15 9.259577881209035356e-17
4.961348456257516773e+03 4.986968959375997660e-15 1.039287860264415563e-16
4.964095492698643284e+03 4.635945619480157155e-15 1.131156125647978267e-16
4.966842529139768885e+03 4.690993140071289710e-15 9.673649099545429340e-17
4.969589565580894487e+03 4.706798807466290100e-15 8.704835202825010286e-17
4.972336602022020998e+03 4.854136557331192301e-15 8.871316578834640812e-17
4.975083638463147508e+03 4.826069764366162873e-15 9.345174570931005279e-17
4.977830674904273110e+03 4.763599882643619188e-15 8.944316841324532650e-17
4.980577711345398711e+03 4.734556409900943544e-15 8.744682269829207196e-17
4.983324747786525222e+03 4.646882513446638045e-15 8.818438258673875456e-17
4.986071784227651733e+03 4.534596152321513384e-15 8.712013026607965244e-17
4.988818820668777335e+03 4.579826169259243055e-15 8.935601085842203374e-17
4.991565857109902936e+03 4.519572431757579485e-15 8.891833129371604888e-17
4.994312893551029447e+03 4.435064149201346936e-15 8.753089887446338010e-17
4.997059929992155958e+03 4.455803020085235430e-15 8.719616553615395339e-17
4.999806966433281559e+03 4.472377832539152259e-15 1.046171127197238332e-16
5.002554002874407161e+03 4.464710664977417087e-15 1.162464575740453565e-16
5.005301039315533671e+03 4.376653845379890888e-15 8.618870890248098238e-17
5.008048075756660182e+03 4.292199715438661748e-15 8.502956835665232252e-17
5.010795112197785784e+03 4.460254368856484440e-15 8.609592987008736818e-17
5.013542148638911385e+03 4.547856931286816205e-15 8.648020121211832281e-17
5.016289185080037896e+03 4.595767427536315409e-15 8.803527490065388682e-17
5.019036221521164407e+03 4.631989847176291108e-15 8.791038924936053858e-17
5.021783257962290008e+03 4.566888944067795708e-15 8.774384110073408933e-17
5.024530294403415610e+03 4.444475720969352254e-15 8.872648252727928480e-17
5.027277330844542121e+03 4.256474505582865161e-15 8.603193567708143390e-17
5.030024367285668632e+03 4.312634415029250196e-15 8.812625945617854226e-17
5.032771403726794233e+03 4.408234665337175118e-15 8.672174655101036481e-17
5.035518440167919834e+03 4.331301841608442873e-15 8.467479818784708370e-17
5.038265476609046345e+03 4.234702442685360931e-15 8.970101138865379041e-17
5.041012513050172856e+03 4.124552422748065491e-15 8.735416971421337493e-17
5.043759549491298458e+03 4.448574977553194386e-15 8.875116879919176279e-17
5.046506585932424059e+03 4.298106760362393759e-15 8.891001752408516435e-17
5.049253622373550570e+03 4.133326311698053399e-15 8.609286807724067065e-17
5.052000658814677081e+03 4.215143729656994813e-15 8.459263581279494887e-17
5.054747695255802682e+03 4.538551445948700785e-15 8.869336716855095976e-17
5.057494731696928284e+03 5.276057892786613650e-15 1.002836615890818081e-16
5.060241768138054795e+03 4.951231140253607327e-15 1.187161688468613304e-16
5.062988804579181306e+03 4.606135366634629039e-15 1.000488262787256259e-16
5.065735841020306907e+03 4.370295597690209788e-15 8.892013186479402498e-17
5.068482877461432508e+03 4.285934457933059586e-15 8.575310272002280641e-17
5.071229913902559019e+03 4.532667657436456839e-15 8.724423228777408515e-17
5.073976950343685530e+03 4.333464414334505904e-15 8.612236805423237265e-17
5.076723986784811132e+03 4.206443941300357383e-15 8.487592195932792946e-17
5.079471023225936733e+03 4.165558431134120153e-15 8.419788852408478432e-17
5.082218059667063244e+03 4.289795761802774740e-15 8.580632818820605364e-17
5.084965096108189755e+03 4.433567125443999812e-15 9.366948325258717871e-17
5.087712132549315356e+03 4.311210695393084627e-15 8.658739579805040116e-17
5.090459168990440958e+03 4.298695707789705816e-15 8.494945081872511355e-17
5.093206205431567469e+03 4.256610400572100353e-15 8.526973571858266919e-17
5.095953241872693980e+03 4.290876449444160588e-15 8.543731046941693753e-17
5.098700278313819581e+03 4.310387477117890250e-15 8.560145732200131142e-17
5.101447314754945182e+03 4.288567890593583687e-15 9.162783302714962438e-17
5.104194351196071693e+03 4.268879488428052800e-15 8.670491396156114163e-17
5.106941387637198204e+03 4.198213321420235423e-15 8.596040487557532030e-17
5.109688424078323806e+03 4.293086208190953015e-15 9.244896899921411873e-17
5.112435460519449407e+03 4.056141630886622247e-15 8.540955381936289801e-17
5.115182496960575918e+03 4.098916924086766214e-15 8.582573889029312807e-17
5.117929533401702429e+03 4.296840513650886657e-15 8.584140306980199667e-17
5.120676569842828030e+03 4.186954076947735422e-15 9.315449655256522036e-17
5.123423606283953632e+03 4.227003668112023520e-15 8.780249578909337148e-17
5.126170642725080143e+03 4.364199428255241923e-15 1.150833994282669626e-16
5.128917679166206653e+03 4.172816874523570219e-15 9.086561926824120816e-17
5.131664715607332255e+03 4.236365054454957020e-15 8.744291130619369589e-17
5.134411752048457856e+03 4.106717890727109058e-15 8.593940895075059780e-17
5.137158788489584367e+03 4.170519680163228566e-15 8.561094595146655014e-17
5.139905824930710878e+03 4.312429288923245762e-15 9.074843342132849342e-17
5.142652861371836480e+03 4.254936126047991043e-15 8.695663652606543713e-17
5.145399897812962081e+03 4.018323420729792934e-15 8.591874224217139220e-17
5.148146934254088592e+03 4.117583302406619322e-15 8.613288689761780496e-17
5.150893970695215103e+03 4.206927752135453095e-15 9.848843538114433126e-17
5.153641007136340704e+03 3.824249220600136890e-15 9.506421547482959401e-17
5.156388043577466306e+03 3.951851767805271607e-15 8.834755283669661243e-17
5.159135080018592816e+03 4.037894243028438446e-15 8.553778714973403321e-17
5.161882116459719327e+03 4.107750384133275832e-15 8.807465561429944128e-17
5.164629152900844929e+03 4.038273572439431054e-15 8.609179738740088504e-17
5.167376189341970530e+03 4.056623029000595554e-15 8.853222539419145203e-17
5.170123225783097041e+03 4.106970026636580055e-15 8.697174980472718752e-17
5.172870262224223552e+03 3.973301602095721608e-15 8.652611548745594523e-17
5.175617298665349153e+03 3.900567413696331492e-15 8.605432306619988453e-17
5.178364335106474755e+03 4.022164667906008773e-15 9.738455583333856928e-17
5.181111371547601266e+03 4.092991016476772945e-15 8.745830083615848383e-17
5.183858407988727777e+03 3.954737991045544817e-15 8.775780058258534948e-17
5.186605444429853378e+03 4.093628322567391723e-15 8.756662563390454076e-17
5.189352480870978980e+03 3.952705797597338195e-15 8.540274128177150044e-17
5.192099517312105490e+03 4.070984498143582817e-15 8.871098155324780702e-17
5.194846553753232001e+03 3.969320059579124925e-15 8.634902428392834162e-17
5.197593590194357603e+03 4.007953010055742713e-15 8.680173720542396321e-17
5.200340626635483204e+03 4.023197273144387810e-15 9.166731806647052260e-17
5.203087663076609715e+03 3.826147754968666909e-15 8.641162798127888433e-17
5.205834699517736226e+03 3.933876743965364482e-15 8.786560417136603542e-17
5.208581735958861827e+03 3.971119431801301391e-15 9.246739738396881797e-17
5.211328772399987429e+03 3.809956935199722864e-15 9.067844019284629139e-17
5.214075808841113940e+03 4.041108311012395899e-15 9.218547228166618020e-17
5.216822845282240451e+03 3.995431261284070796e-15 9.355093863759015863e-17
5.219569881723366052e+03 3.734220963953058504e-15 8.767443488371790200e-17
5.222316918164491653e+03 3.946171788306928245e-15 8.842647388268054505e-17
5.225063954605618164e+03 3.870337771430432113e-15 8.774878566920981640e-17
5.227810991046744675e+03 4.027108972554833587e-15 8.902866877121359848e-17
5.230558027487870277e+03 3.878324642392830712e-15 8.806983271122208017e-17
5.233305063928995878e+03 3.965681213630391490e-15 1.063430917367818603e-16
5.236052100370122389e+03 4.023200485816692203e-15 9.097797476273965103e-17
5.238799136811248900e+03 3.991233918898921415e-15 8.914200173274040076e-17
5.241546173252374501e+03 3.891646916983151156e-15 8.973952457438756844e-17
5.244293209693500103e+03 4.202171562052929174e-15 1.076074369272789267e-16
5.247040246134626614e+03 4.111699934935209422e-15 9.178151922172220064e-17
5.249787282575753125e+03 4.002461018776642962e-15 1.004094838978685579e-16
5.252534319016878726e+03 3.921952850723020246e-15 9.122147995189441000e-17
5.255281355458004327e+03 3.728660873861289507e-15 8.911047489559969070e-17
5.258028391899130838e+03 3.984319968474260209e-15 9.125439698077183923e-17
5.260775428340257349e+03 4.347245994596789248e-15 9.684937950331045653e-17
5.263522464781382951e+03 3.854659275422575764e-15 9.214289380892056434e-17
5.266269501222508552e+03 3.893695953761211570e-15 9.125553944406856104e-17
5.269016537663635063e+03 3.958941443810783637e-15 9.164228125054719051e-17
5.271763574104761574e+03 3.861096505083090921e-15 9.119017935762937009e-17
5.274510610545887175e+03 3.828403419084080250e-15 9.250009559833215708e-17
5.277257646987012777e+03 3.795623752149678360e-15 9.530037288781322595e-17
5.280004683428139288e+03 3.853257052364596719e-15 9.164138933217611131e-17
5.282751719869265798e+03 3.855809945032287922e-15 9.394738386522392620e-17
5.285498756310391400e+03 3.797411454759596261e-15 9.185511038493480627e-17
5.288245792751517001e+03 3.941906046843516772e-15 9.643557960421501379e-17
5.290992829192643512e+03 3.595129072909424603e-15 9.259736862998703703e-17
5.293739865633770023e+03 3.621485746145475319e-15 9.428894830835225742e-17
5.296486902074895625e+03 3.719934892967185505e-15 1.033843283250614738e-16
5.299233938516021226e+03 3.965328630511550596e-15 9.519150094913144646e-17
5.301980974957147737e+03 3.839497368654748251e-15 9.505434073995906656e-17
5.304728011398274248e+03 3.961754761912995649e-15 9.792739072180798447e-17
5.307475047839399849e+03 4.524826794434656907e-15 1.011091770071831534e-16
5.310222084280525451e+03 4.107785893779028294e-15 9.678008576644804931e-17
5.312969120721651962e+03 3.804504966174348128e-15 9.463660985461694309e-17
5.315716157162778472e+03 3.676353111395662282e-15 9.412043759756805137e-17
5.318463193603904074e+03 3.664510532155929997e-15 9.392793115733208552e-17
5.321210230045029675e+03 3.964961956525622364e-15 1.484237340665030224e-16
5.323957266486156186e+03 3.808428104579049411e-15 9.667963191811768743e-17
5.326704302927282697e+03 3.787641082262134332e-15 1.032321591957435707e-16
5.329451339368408298e+03 3.635237500193034990e-15 9.455475255974748467e-17
5.332198375809533900e+03 3.594337429733879761e-15 9.769243796128576920e-17
5.334945412250660411e+03 3.647181026526898703e-15 1.022322155004872987e-16
5.337692448691786922e+03 3.354091095204540034e-15 9.295977010499233567e-17
5.340439485132912523e+03 3.434876474240968054e-15 1.001243304706259701e-16
5.343186521574038125e+03 3.479823714366646784e-15 1.041821781731553494e-16
5.345933558015164635e+03 3.613722594937989423e-15 1.034959945884933705e-16
5.348680594456291146e+03 3.388541768527009051e-15 1.008570753777491236e-16
5.351427630897416748e+03 3.624100500950631595e-15 9.770653468603598199e-17
5.354174667338542349e+03 3.603956109203011661e-15 9.976298249598685343e-17
5.356921703779668860e+03 3.739519842219058331e-15 9.876762799462130594e-17
5.359668740220795371e+03 3.687020756246157624e-15 9.868747836421572682e-17
5.362415776661920972e+03 3.433883301505947198e-15 9.664192001836913445e-17
5.365162813103046574e+03 3.755788703356711693e-15 1.010201743750068713e-16
5.367909849544173085e+03 3.557544910359036358e-15 1.083121430947908552e-16
5.370656885985299596e+03 3.425123670927644869e-15 1.084894149562991230e-16
5.373403922426425197e+03 3.679034306357797016e-15 1.010771647982007156e-16
5.376150958867550798e+03 3.616022544344557040e-15 1.120134928244855651e-16
5.378897995308677309e+03 3.706860275627981794e-15 1.052349302892122698e-16
5.381645031749803820e+03 3.410949799888686968e-15 1.193857912705632588e-16
5.384392068190929422e+03 3.402737131774731808e-15 9.961972248338314328e-17
5.387139104632055023e+03 3.414084985180070855e-15 1.001296811970639526e-16
5.389886141073181534e+03 3.346641708294053161e-15 1.002406048507174462e-16
5.392633177514308045e+03 3.409416348464790651e-15 1.056065521347319565e-16
5.395380213955433646e+03 3.236666060034334494e-15 1.045667717189906081e-16
5.398127250396559248e+03 3.686702022849994473e-15 1.070055122866433304e-16
5.400874286837685759e+03 3.571895622610279520e-15 1.027612658741747442e-16
5.403621323278812270e+03 3.600190552811705895e-15 1.054173758876397377e-16
5.406368359719937871e+03 3.497363095870212513e-15 1.112247188293844033e-16
5.409115396161063472e+03 3.670569996960909423e-15 1.063217488933305298e-16
5.411862432602189983e+03 3.634834727560420707e-15 1.050499193793787113e-16
5.414609469043316494e+03 3.274974174845474064e-15 1.102176939189830560e-16
5.417356505484442096e+03 3.638289891396295064e-15 1.083858181234992889e-16
5.420103541925567697e+03 3.515541331657974686e-15 1.054152014159635982e-16
5.422850578366694208e+03 3.347240837203622770e-15 1.047575222966090924e-16
5.425597614807820719e+03 3.502433392391231640e-15 1.132103996516438033e-16
5.428344651248946320e+03 3.385668941219117716e-15 1.095511658353224090e-16
5.431091687690071922e+03 3.309527300583012437e-15 1.055240782688481498e-16
5.433838724131198433e+03 3.498098977481343806e-15 1.079465493711913809e-16
5.436585760572324943e+03 3.447735436457849193e-15 1.237816131279969489e-16
5.439332797013450545e+03 3.651003211489432279e-15 1.091097426743857978e-16
5.442079833454576146e+03 3.617651055980493887e-15 1.153136227222199799e-16
5.444826869895702657e+03 3.431549552448489749e-15 1.078296854060790083e-16
5.447573906336829168e+03 3.616559650466785371e-15 1.104405607305935790e-16
5.450320942777954770e+03 3.577111868294914150e-15 1.114273812811189814e-16
5.453067979219080371e+03 3.330246551982424670e-15 1.080500370749043977e-16
5.455815015660206882e+03 3.336276869988298847e-15 1.078280231012219498e-16
5.458562052101333393e+03 3.295896664069618613e-15 1.084632334045068180e-16
5.461309088542458994e+03 3.450925933456516914e-15 1.084647824354996441e-16
5.464056124983584596e+03 3.410865197936868627e-15 1.106731610425754636e-16
5.466803161424711107e+03 3.250910498635895130e-15 1.068662019801834147e-16
5.469550197865837617e+03 3.292970408876237533e-15 1.083792363325696641e-16
5.472297234306963219e+03 3.458157224922749097e-15 1.076156164039942639e-16
5.475044270748088820e+03 3.649742401047639212e-15 1.094655818466608387e-16
5.477791307189215331e+03 3.782873825529729541e-15 1.306385775070785954e-16
5.480538343630341842e+03 3.355078414456406569e-15 1.067504099936297231e-16
5.483285380071467443e+03 3.423941087123685324e-15 1.064959978896111517e-16
5.486032416512593045e+03 3.390769052891756063e-15 1.065042068223364096e-16
5.488779452953719556e+03 3.231231657787988609e-15 1.146597679686581873e-16
5.491526489394846067e+03 3.336343747063359386e-15 1.151541649507636628e-16
5.494273525835971668e+03 3.488680766280254967e-15 1.162179001487153199e-16
5.497020562277097270e+03 3.328286938414061465e-15 1.049037114138282647e-16
5.499767598718223780e+03 3.722861877569660332e-15 1.105193852232039841e-16
5.502514635159350291e+03 3.513576575065308628e-15 1.063455396045869416e-16
5.505261671600475893e+03 3.416896659266499949e-15 1.136195135531339917e-16
5.508008708041601494e+03 3.152604302499651723e-15 1.075459785629780907e-16
5.510755744482728005e+03 3.346012084764471507e-15 1.034665683744055831e-16
5.513502780923854516e+03 3.400196394024163450e-15 1.030690560113311821e-16
5.516249817364980117e+03 3.351316100036082208e-15 1.027372818503364268e-16
5.518996853806105719e+03 3.259639396681539812e-15 1.066247323858444126e-16
5.521743890247232230e+03 3.281683659135002423e-15 1.046112453909448811e-16
5.524490926688358741e+03 3.350248986025535095e-15 1.024215995681823389e-16
5.527237963129484342e+03 3.260487002997172882e-15 1.014281379639209075e-16
5.529984999570609943e+03 3.382150904666407465e-15 1.120664048303562228e-16
5.532732036011736454e+03 3.272148956288306417e-15 9.897428837528383553e-17
5.535479072452862965e+03 3.612607144446018354e-15 1.030986836826486995e-16
5.538226108893988567e+03 3.294802220737564642e-15 9.947811395609112999e-17
5.540973145335114168e+03 3.242616651857423522e-15 1.006484630925179489e-16
5.543720181776240679e+03 3.495862841433710374e-15 1.005594353201458289e-16
5.546467218217367190e+03 3.204594588436384044e-15 1.059352311554218242e-16
5.549214254658492791e+03 3.307551217972973440e-15 1.092267172407426521e-16
5.551961291099618393e+03 3.252430924196691609e-15 1.001493482386113698e-16
5.554708327540744904e+03 3.337250581363181067e-15 9.824878473287893114e-17
5.557455363981871415e+03 3.134123507385097966e-15 9.506822048511794876e-17
5.560202400422997016e+03 3.311125297188833702e-15 9.603836431474066797e-17
5.562949436864122617e+03 3.334803809415685381e-15 9.612457196115762515e-17
5.565696473305249128e+03 3.366758287235742855e-15 9.650010618149838402e-17
5.568443509746375639e+03 3.350248436220136925e-15 9.575763002060097655e-17
5.571190546187501241e+03 3.342255706557782547e-15 9.700416438331230190e-17
5.573937582628626842e+03 3.393443617871097047e-15 9.739681949944016587e-17
5.576684619069753353e+03 3.271942731248375908e-15 9.724405704745924286e-17
5.579431655510879864e+03 3.100202233809378704e-15 9.362327916455709929e-17
5.582178691952005465e+03 3.516750847294790504e-15 1.009926542930459116e-16
5.584925728393131067e+03 3.227269956670151940e-15 9.316331323413570321e-17
5.587672764834257578e+03 3.190180146405871298e-15 9.277746688574412619e-17
5.590419801275384089e+03 3.162884567125703446e-15 9.281994667614549092e-17
5.593166837716509690e+03 3.228881647010060402e-15 1.008677000845182938e-16
5.595913874157635291e+03 3.087019886541400129e-15 9.182371495286102771e-17
5.598660910598761802e+03 3.326291503994277667e-15 9.709632253824721747e-17
5.601407947039888313e+03 3.175867918646695758e-15 9.286258216017908223e-17
5.604154983481013915e+03 3.210862811092979960e-15 1.128448349807747869e-16
5.606902019922139516e+03 3.021952141478697814e-15 8.867787445855225843e-17
5.609649056363266027e+03 3.169434399249300544e-15 9.114189109606995867e-17
5.612396092804392538e+03 3.148221218742990660e-15 9.723353383240062267e-17
5.615143129245518139e+03 3.304639070533276443e-15 1.588822463873359702e-16
5.617890165686643741e+03 3.182398551133036645e-15 8.916803793360587507e-17
5.620637202127770252e+03 3.151678775006037736e-15 9.253859926656647265e-17
5.623384238568896762e+03 3.206725465289917400e-15 8.834101416366810684e-17
5.626131275010022364e+03 3.134902099684210042e-15 8.974995437123914242e-17
5.628878311451147965e+03 2.906605654453222072e-15 9.502882114352372434e-17
5.631625347892274476e+03 3.068649447810100412e-15 9.249841713311743373e-17
5.634372384333400987e+03 3.211979640874243509e-15 8.655113889583812152e-17
5.637119420774526589e+03 3.251932982848344632e-15 8.795656813496492062e-17
5.639866457215652190e+03 2.984703613747974703e-15 8.742477015992826377e-17
5.642613493656778701e+03 3.057652607075647482e-15 9.054758578513288722e-17
5.645360530097905212e+03 3.069873318624636118e-15 8.587769100700537453e-17
5.648107566539030813e+03 3.035033757716789675e-15 8.876926484028816532e-17
5.650854602980156415e+03 3.000751105861887630e-15 8.563136707075185088e-17
5.653601639421282925e+03 3.129758056149216663e-15 8.570041219709902414e-17
5.656348675862409436e+03 3.112155529379022190e-15 8.892675481258035779e-17
5.659095712303535038e+03 3.082612962005718365e-15 8.595849514883835132e-17
5.661842748744660639e+03 3.061698967499647203e-15 8.553947157389231216e-17
5.664589785185787150e+03 3.122352885768689156e-15 8.373240621216921873e-17
5.667336821626913661e+03 2.992094481488059539e-15 8.340860768426221676e-17
5.670083858068039262e+03 2.826060800922535622e-15 8.072874961398290727e-17
5.672830894509164864e+03 3.014027022440446458e-15 8.234821386330086061e-17
5.675577930950291375e+03 3.088565886606728192e-15 8.387579005727199239e-17
5.678324967391417886e+03 3.032650973286863812e-15 8.405324304431974435e-17
5.681072003832543487e+03 3.095663902556334514e-15 8.401846178296347580e-17
5.683819040273669088e+03 3.085050244497408694e-15 8.885949015394863034e-17
5.686566076714795599e+03 2.959137611499364094e-15 8.960088911903156385e-17
5.689313113155922110e+03 2.943514512344675216e-15 8.387220911756441821e-17
