wavelength_A,flux
1.650000000000000000e+03,nan
1.651400000000000091e+03,nan
1.652800000000000182e+03,nan
1.654200000000000273e+03,nan
1.655600000000000364e+03,nan
1.657000000000000455e+03,nan
1.658400000000000546e+03,nan
1.659800000000000637e+03,nan
1.661200000000000728e+03,nan
1.662600000000000819e+03,nan
1.664000000000000909e+03,nan
1.665400000000001000e+03,nan
1.666800000000001091e+03,nan
1.668200000000001182e+03,nan
1.669600000000001273e+03,6.529738898409776952e-13
1.671000000000001364e+03,7.184808136870569366e-13
1.672400000000001455e+03,8.425622332324609934e-13
1.673800000000001546e+03,8.343895540555708043e-13
1.675200000000001637e+03,8.366680298483068917e-13
1.676600000000001728e+03,8.389465056410429791e-13
1.678000000000001819e+03,8.366391694688020619e-13
1.679400000000001910e+03,7.760310218001328445e-13
1.680800000000002001e+03,7.271119556455618366e-13
1.682200000000002092e+03,7.606811905069781556e-13
1.683600000000002183e+03,7.408014731239966558e-13
1.685000000000002274e+03,7.267307223646221460e-13
1.686400000000002365e+03,8.301490515528877206e-13
1.687800000000002456e+03,9.602913259163932312e-13
1.689200000000002547e+03,7.058127563010461661e-13
1.690600000000002638e+03,7.029006527725959540e-13
1.692000000000002728e+03,6.646655618341018327e-13
1.693400000000002819e+03,6.883573986500981098e-13
1.694800000000002910e+03,6.562792605719255836e-13
1.696200000000003001e+03,5.996021703837904889e-13
1.697600000000003092e+03,5.736914028303411953e-13
1.699000000000003183e+03,5.573792416793143515e-13
1.700400000000003274e+03,5.558980756473727152e-13
1.701800000000003365e+03,5.534568215662073073e-13
1.703200000000003456e+03,5.380052478934733280e-13
1.704600000000003547e+03,5.062894513182200880e-13
1.706000000000003638e+03,4.745736547429668481e-13
1.707400000000003729e+03,4.780728241842783599e-13
1.708800000000003820e+03,4.606742316036218465e-13
1.710200000000003911e+03,3.950046200970559269e-13
1.711600000000004002e+03,3.666810886367881265e-13
1.713000000000004093e+03,3.901969782414348758e-13
1.714400000000004184e+03,4.937557910353033962e-13
1.715800000000004275e+03,6.378715315326472343e-13
1.717200000000004366e+03,8.513227108256214506e-13
1.718600000000004457e+03,9.619558350426419800e-13
1.720000000000004547e+03,9.822524715961905483e-13
1.721400000000004638e+03,9.930372044482729746e-13
1.722800000000004729e+03,9.581610592570382430e-13
1.724200000000004820e+03,9.468515164752238488e-13
1.725600000000004911e+03,9.346077169998727158e-13
1.727000000000005002e+03,9.181417933076001290e-13
1.728400000000005093e+03,9.016758696153273401e-13
1.729800000000005184e+03,8.860517697067278372e-13
1.731200000000005275e+03,8.637829498204889505e-13
1.732600000000005366e+03,8.480692949559171876e-13
1.734000000000005457e+03,8.448469476699412021e-13
1.735400000000005548e+03,8.429734686122292671e-13
1.736800000000005639e+03,8.352060097647943749e-13
1.738200000000005730e+03,7.880399190745274265e-13
1.739600000000005821e+03,7.506993783463927569e-13
1.741000000000005912e+03,7.966478501730307089e-13
1.742400000000006003e+03,7.798549729462071696e-13
1.743800000000006094e+03,7.898622707268287071e-13
1.745200000000006185e+03,7.683092637513789277e-13
1.746600000000006276e+03,7.519795120822499749e-13
1.748000000000006366e+03,7.796034793693105880e-13
1.749400000000006457e+03,7.709180284364569099e-13
1.750800000000006548e+03,7.623519404651406696e-13
1.752200000000006639e+03,7.536994314368661632e-13
1.753600000000006730e+03,7.501822943444725037e-13
1.755000000000006821e+03,7.653251847523155064e-13
1.756400000000006912e+03,7.623568933766878148e-13
1.757800000000007003e+03,7.361774909994988176e-13
1.759200000000007094e+03,7.389278022566708949e-13
1.760600000000007185e+03,7.378422446150506789e-13
1.762000000000007276e+03,7.398027424244465083e-13
1.763400000000007367e+03,7.564915989596248486e-13
1.764800000000007458e+03,7.438233088612404107e-13
1.766200000000007549e+03,7.512722116290821657e-13
1.767600000000007640e+03,7.428033767612775049e-13
1.769000000000007731e+03,7.315190211900010899e-13
1.770400000000007822e+03,7.449521500102856360e-13
1.771800000000007913e+03,7.481916150381631054e-13
1.773200000000008004e+03,7.402877055052053019e-13
1.774600000000008095e+03,7.193206938043100872e-13
1.776000000000008185e+03,7.216507713557582731e-13
1.777400000000008276e+03,7.313188880961944876e-13
1.778800000000008367e+03,7.348396543810492524e-13
1.780200000000008458e+03,7.349151344111406650e-13
1.781600000000008549e+03,7.261312985402635082e-13
1.783000000000008640e+03,7.214041500136532343e-13
1.784400000000008731e+03,7.224154293222211033e-13
1.785800000000008822e+03,7.357780047169668254e-13
1.787200000000008913e+03,7.545728975201214524e-13
1.788600000000009004e+03,7.733677903232760794e-13
1.790000000000009095e+03,7.921626831264306055e-13
1.791400000000009186e+03,7.503991939967760399e-13
1.792800000000009277e+03,6.872803633035738381e-13
1.794200000000009368e+03,6.803107296143134215e-13
1.795600000000009459e+03,6.892569114777045943e-13
1.797000000000009550e+03,6.950494300332275444e-13
1.798400000000009641e+03,7.001448114053464517e-13
1.799800000000009732e+03,7.052401927774653591e-13
1.801200000000009823e+03,7.086446046664027343e-13
1.802600000000009913e+03,7.020224868983289906e-13
1.804000000000010004e+03,6.638095414308785036e-13
1.805400000000010095e+03,6.437054447024606967e-13
1.806800000000010186e+03,6.249726233661825934e-13
1.808200000000010277e+03,6.526693246328044074e-13
1.809600000000010368e+03,6.806725224993891957e-13
1.811000000000010459e+03,6.686617153188982208e-13
1.812400000000010550e+03,6.980111557827411336e-13
1.813800000000010641e+03,6.977249418722072203e-13
1.815200000000010732e+03,6.929043547895587048e-13
1.816600000000010823e+03,6.549968455757245648e-13
1.818000000000010914e+03,6.900968078968852289e-13
1.819400000000011005e+03,6.904943504907253084e-13
1.820800000000011096e+03,6.901661150254629412e-13
1.822200000000011187e+03,6.864343576504947541e-13
1.823600000000011278e+03,6.827026002755265671e-13
1.825000000000011369e+03,6.791963922132362639e-13
1.826400000000011460e+03,6.713607900402879474e-13
1.827800000000011551e+03,6.548755937937552628e-13
1.829200000000011642e+03,6.547051889526808117e-13
1.830600000000011732e+03,6.561694711492037588e-13
1.832000000000011823e+03,6.612086756049817542e-13
1.833400000000011914e+03,6.626326439652070975e-13
1.834800000000012005e+03,6.577199240443716331e-13
1.836200000000012096e+03,6.559431225796202690e-13
1.837600000000012187e+03,6.568410280734048556e-13
1.839000000000012278e+03,6.523305624434291359e-13
1.840400000000012369e+03,6.406584603901615848e-13
1.841800000000012460e+03,6.396636374223607411e-13
1.843200000000012551e+03,6.543995809411902927e-13
1.844600000000012642e+03,6.515077154215850709e-13
1.846000000000012733e+03,6.417490793712616329e-13
1.847400000000012824e+03,6.409092275967137116e-13
1.848800000000012915e+03,6.477441098504786772e-13
1.850200000000013006e+03,6.387735785050389630e-13
1.851600000000013097e+03,6.091737868043969271e-13
1.853000000000013188e+03,5.737386363707788679e-13
1.854400000000013279e+03,5.801268130478928032e-13
1.855800000000013370e+03,6.170914264850479596e-13
1.857200000000013461e+03,6.300440588352856832e-13
1.858600000000013551e+03,6.316081115478581580e-13
1.860000000000013642e+03,6.140450897245169550e-13
1.861400000000013733e+03,5.890564915425396032e-13
1.862800000000013824e+03,6.005944192247445149e-13
1.864200000000013915e+03,5.959491811688886725e-13
1.865600000000014006e+03,6.056655949250078024e-13
1.867000000000014097e+03,6.380218463842994338e-13
1.868400000000014188e+03,6.289521056011293817e-13
1.869800000000014279e+03,6.233295825712346213e-13
1.871200000000014370e+03,6.196112369194978634e-13
1.872600000000014461e+03,6.141587084742987047e-13
1.874000000000014552e+03,6.128332251977298601e-13
1.875400000000014643e+03,6.118816119172728021e-13
1.876800000000014734e+03,6.109299986368158450e-13
1.878200000000014825e+03,6.110652483268372027e-13
1.879600000000014916e+03,6.038263032627477352e-13
1.881000000000015007e+03,6.150016074266700992e-13
1.882400000000015098e+03,6.033686762927764923e-13
1.883800000000015189e+03,6.012404080147869117e-13
1.885200000000015280e+03,5.893554496216108370e-13
1.886600000000015370e+03,5.888563887968828972e-13
1.888000000000015461e+03,5.883573279721550585e-13
1.889400000000015552e+03,5.878582671474271187e-13
1.890800000000015643e+03,5.873592063226992800e-13
1.892200000000015734e+03,5.858698399270177043e-13
1.893600000000015825e+03,5.851474527136923464e-13
1.895000000000015916e+03,5.999053624166693931e-13
1.896400000000016007e+03,5.951087845570971483e-13
1.897800000000016098e+03,5.714341950153164505e-13
1.899200000000016189e+03,5.756590037673249538e-13
1.900600000000016280e+03,5.804056897852241531e-13
1.902000000000016371e+03,5.749936480869455541e-13
1.903400000000016462e+03,5.597915087428474558e-13
1.904800000000016553e+03,5.635523489020112393e-13
1.906200000000016644e+03,5.745366913585984362e-13
1.907600000000016735e+03,5.773341284580711447e-13
1.909000000000016826e+03,5.650659833357364567e-13
1.910400000000016917e+03,5.546385540481252032e-13
1.911800000000017008e+03,5.516658046720157712e-13
1.913200000000017099e+03,5.486930552959063392e-13
1.914600000000017189e+03,5.457203059197968062e-13
1.916000000000017280e+03,5.521842304272860768e-13
1.917400000000017371e+03,5.624856769208016204e-13
1.918800000000017462e+03,5.629918232807506872e-13
1.920200000000017553e+03,5.590516183602078489e-13
1.921600000000017644e+03,5.489501218701322038e-13
1.923000000000017735e+03,5.547290347492983669e-13
1.924400000000017826e+03,5.730199839811226911e-13
1.925800000000017917e+03,5.611277344036430046e-13
1.927200000000018008e+03,5.531062871560564742e-13
1.928600000000018099e+03,5.547094868242661139e-13
1.930000000000018190e+03,5.596149260134787018e-13
1.931400000000018281e+03,5.585456354415646645e-13
1.932800000000018372e+03,5.547818914978931110e-13
1.934200000000018463e+03,5.548584902278938904e-13
1.935600000000018554e+03,5.740636058612240430e-13
1.937000000000018645e+03,5.573641791383685970e-13
1.938400000000018736e+03,5.492078090939804189e-13
1.939800000000018827e+03,5.448872820225072853e-13
1.941200000000018917e+03,5.405667549510341517e-13
1.942600000000019008e+03,5.362462278795610181e-13
1.944000000000019099e+03,5.612436017448947878e-13
1.945400000000019190e+03,5.576335170862624418e-13
1.946800000000019281e+03,5.403099479046501488e-13
1.948200000000019372e+03,5.408030516328985757e-13
1.949600000000019463e+03,5.420646462338181690e-13
1.951000000000019554e+03,5.279873977169392703e-13
1.952400000000019645e+03,5.527356314421997652e-13
1.953800000000019736e+03,5.421118332573388888e-13
1.955200000000019827e+03,5.323940024083290865e-13
1.956600000000019918e+03,5.339340558738154299e-13
1.958000000000020009e+03,5.354741093393018743e-13
1.959400000000020100e+03,5.389780260589684568e-13
1.960800000000020191e+03,5.522478463780855486e-13
1.962200000000020282e+03,5.474883903741685890e-13
1.963600000000020373e+03,5.423793328993445997e-13
1.965000000000020464e+03,5.359741818991399596e-13
1.966400000000020555e+03,5.343860213866086492e-13
1.967800000000020646e+03,5.502645089579964609e-13
1.969200000000020736e+03,5.627348134753327978e-13
1.970600000000020827e+03,5.388332023507962752e-13
1.972000000000020918e+03,5.280707779361657687e-13
1.973400000000021009e+03,5.185537691642706718e-13
1.974800000000021100e+03,5.090367603923754738e-13
1.976200000000021191e+03,5.054286350280613326e-13
1.977600000000021282e+03,5.044060081760149166e-13
1.979000000000021373e+03,5.029951374569242036e-13
1.980400000000021464e+03,5.181015805249656793e-13
1.981800000000021555e+03,5.201400826671126478e-13
1.983200000000021646e+03,5.088240161406004394e-13
1.984600000000021737e+03,5.145827786830287466e-13
1.986000000000021828e+03,5.204635807978781759e-13
1.987400000000021919e+03,5.219319092338822707e-13
1.988800000000022010e+03,5.183525348692099788e-13
1.990200000000022101e+03,5.134644917781627606e-13
1.991600000000022192e+03,5.172903797383167556e-13
1.993000000000022283e+03,5.037404946199365349e-13
1.994400000000022374e+03,5.074944999879213294e-13
1.995800000000022465e+03,5.032059894052798194e-13
1.997200000000022555e+03,4.999376214820999413e-13
1.998600000000022646e+03,5.061130091264073577e-13
2.000000000000022737e+03,4.959182727600501190e-13
2.001400000000022828e+03,4.882602029897347630e-13
2.002800000000022919e+03,4.880877924214597171e-13
2.004200000000023010e+03,4.890774607559257479e-13
2.005600000000023101e+03,4.859071618307987416e-13
2.007000000000023192e+03,4.872201189336861844e-13
2.008400000000023283e+03,4.873940417502815978e-13
2.009800000000023374e+03,4.846254468024817693e-13
2.011200000000023465e+03,4.832069657618038625e-13
2.012600000000023556e+03,4.805045005208825535e-13
2.014000000000023647e+03,4.775095069687785223e-13
2.015400000000023738e+03,4.851194620111682159e-13
2.016800000000023829e+03,4.801119941958102642e-13
2.018200000000023920e+03,6.233089102492070958e-13
2.019600000000024011e+03,5.193149048870477197e-13
2.021000000000024102e+03,4.738530708492233406e-13
2.022400000000024193e+03,4.731106414665453599e-13
2.023800000000024284e+03,4.525095846467260240e-13
2.025200000000024374e+03,4.315784567961891984e-13
2.026600000000024465e+03,4.422689773644752395e-13
2.028000000000024556e+03,4.878342748229163994e-13
2.029400000000024647e+03,4.960348504179229379e-13
2.030800000000024738e+03,4.607164757735534843e-13
2.032200000000024829e+03,4.591000762428633824e-13
2.033600000000024920e+03,4.736779063089919122e-13
2.035000000000025011e+03,4.649559245792955974e-13
2.036400000000025102e+03,4.557918679323836511e-13
2.037800000000025193e+03,4.568830579861793188e-13
2.039200000000025284e+03,4.677220009971833876e-13
2.040600000000025375e+03,4.625285864798256314e-13
2.042000000000025466e+03,4.631984061686770732e-13
2.043400000000025557e+03,4.575987836062089218e-13
2.044800000000025648e+03,4.578975446260793798e-13
2.046200000000025739e+03,4.530385569486611416e-13
2.047600000000025830e+03,4.420620958656136071e-13
2.049000000000025921e+03,4.502417413459819140e-13
2.050400000000026012e+03,4.495208013302729763e-13
2.051800000000026102e+03,4.450256219467931279e-13
2.053200000000026193e+03,4.463821827337634626e-13
2.054600000000026284e+03,4.403831672739658683e-13
2.056000000000026375e+03,4.457288624386286004e-13
2.057400000000026466e+03,4.451148006642545599e-13
2.058800000000026557e+03,4.391481067930285415e-13
2.060200000000026648e+03,4.288425743435889068e-13
2.061600000000026739e+03,4.128362947910157543e-13
2.063000000000026830e+03,4.116050240982210711e-13
2.064400000000026921e+03,4.228161655813093415e-13
2.065800000000027012e+03,4.314668734204378760e-13
2.067200000000027103e+03,4.402031350498425339e-13
2.068600000000027194e+03,4.486095442893937874e-13
2.070000000000027285e+03,4.458647091769128846e-13
2.071400000000027376e+03,4.451406903448810253e-13
2.072800000000027467e+03,4.470185329020778027e-13
2.074200000000027558e+03,4.481546563856185190e-13
2.075600000000027649e+03,4.492907798691592354e-13
2.077000000000027740e+03,4.463833578726310242e-13
2.078400000000027831e+03,4.371263316062389108e-13
2.079800000000027921e+03,4.320964449399837897e-13
2.081200000000028012e+03,4.346107825496547781e-13
2.082600000000028103e+03,6.521022730152222454e-13
2.084000000000028194e+03,7.593512975529638055e-13
2.085400000000028285e+03,4.729542206686640414e-13
2.086800000000028376e+03,4.237044276252074003e-13
2.088200000000028467e+03,4.245381352933545659e-13
2.089600000000028558e+03,4.351130159127847128e-13
2.091000000000028649e+03,4.362106791257960528e-13
2.092400000000028740e+03,4.219897927872863533e-13
2.093800000000028831e+03,4.193194724846257729e-13
2.095200000000028922e+03,4.192701444761935646e-13
2.096600000000029013e+03,4.192814604987090001e-13
2.098000000000029104e+03,4.192927765212244356e-13
2.099400000000029195e+03,4.192494552537126459e-13
2.100800000000029286e+03,4.180323210577463771e-13
2.102200000000029377e+03,4.168151868617801083e-13
2.103600000000029468e+03,4.155980526658138395e-13
2.105000000000029559e+03,4.161240165838369222e-13
2.106400000000029650e+03,4.272958602982830959e-13
2.107800000000029740e+03,4.221861835538519999e-13
2.109200000000029831e+03,4.119719429980407930e-13
2.110600000000029922e+03,4.196135029019906316e-13
2.112000000000030013e+03,4.189115317520438580e-13
2.113400000000030104e+03,4.182095606020970339e-13
2.114800000000030195e+03,4.175075894521502603e-13
2.116200000000030286e+03,4.168056183022034362e-13
2.117600000000030377e+03,4.161036471522566626e-13
2.119000000000030468e+03,4.154016760023098889e-13
2.120400000000030559e+03,4.090301958990811531e-13
2.121800000000030650e+03,4.021277284539927368e-13
2.123200000000030741e+03,4.098098975920925753e-13
2.124600000000030832e+03,4.060735856476706409e-13
2.126000000000030923e+03,4.056542682489015010e-13
2.127400000000031014e+03,4.078459243012612851e-13
2.128800000000031105e+03,4.107957064049618387e-13
2.130200000000031196e+03,4.085749184968290212e-13
2.131600000000031287e+03,4.088815446613442235e-13
2.133000000000031378e+03,4.256493636590320996e-13
2.134400000000031469e+03,4.200223368069078668e-13
2.135800000000031559e+03,3.988128129467352900e-13
2.137200000000031650e+03,3.958554134196251332e-13
2.138600000000031741e+03,4.011384505174457090e-13
2.140000000000031832e+03,4.017406503201691159e-13
2.141400000000031923e+03,3.951217728288427949e-13
2.142800000000032014e+03,3.943707396010942275e-13
2.144200000000032105e+03,3.972601465837656800e-13
2.145600000000032196e+03,4.001495535664371325e-13
2.147000000000032287e+03,4.030389605491085345e-13
2.148400000000032378e+03,4.059283675317799870e-13
2.149800000000032469e+03,4.005579965298052888e-13
2.151200000000032560e+03,3.918009112466285903e-13
2.152600000000032651e+03,3.948803879955031500e-13
2.154000000000032742e+03,3.939520633799748009e-13
2.155400000000032833e+03,3.870717752421332948e-13
2.156800000000032924e+03,3.819747070735260309e-13
2.158200000000033015e+03,3.847417958100483416e-13
2.159600000000033106e+03,3.841587006422669793e-13
2.161000000000033197e+03,3.784181844293320228e-13
2.162400000000033288e+03,3.814841378856757087e-13
2.163800000000033378e+03,3.859117488126178432e-13
2.165200000000033469e+03,3.826843709508406299e-13
2.166600000000033560e+03,3.787140319193432158e-13
2.168000000000033651e+03,3.788548759979229627e-13
2.169400000000033742e+03,3.813191712106394820e-13
2.170800000000033833e+03,3.770352901377484974e-13
2.172200000000033924e+03,3.727393430260389060e-13
2.173600000000034015e+03,3.725643241995420594e-13
2.175000000000034106e+03,3.725459375268048022e-13
2.176400000000034197e+03,3.746514736488652618e-13
2.177800000000034288e+03,3.720961472897954807e-13
2.179200000000034379e+03,3.712059086276192459e-13
2.180600000000034470e+03,3.737680727782300647e-13
2.182000000000034561e+03,3.731100049265381982e-13
2.183400000000034652e+03,3.718767472693589799e-13
2.184800000000034743e+03,3.684800668024300567e-13
2.186200000000034834e+03,3.680122739075112677e-13
2.187600000000034925e+03,3.653815256715037733e-13
2.189000000000035016e+03,3.591888802729726889e-13
2.190400000000035106e+03,3.644623585872573768e-13
2.191800000000035197e+03,3.659082519718199594e-13
2.193200000000035288e+03,3.644768019663082790e-13
2.194600000000035379e+03,3.644101852997786500e-13
2.196000000000035470e+03,3.653952908342173683e-13
2.197400000000035561e+03,3.647479354735039363e-13
2.198800000000035652e+03,3.590920555281143835e-13
2.200200000000035743e+03,3.569809995681466235e-13
2.201600000000035834e+03,3.616068298886232292e-13
2.203000000000035925e+03,3.601086582239913052e-13
2.204400000000036016e+03,3.615021772631683450e-13
2.205800000000036107e+03,3.631799182148033162e-13
2.207200000000036198e+03,3.578342571597037777e-13
2.208600000000036289e+03,3.563966677121260968e-13
2.210000000000036380e+03,3.586251889656316747e-13
2.211400000000036471e+03,3.574186281225664930e-13
2.212800000000036562e+03,3.607919886428845712e-13
2.214200000000036653e+03,3.621237552931793477e-13
2.215600000000036744e+03,3.591552113590871278e-13
2.217000000000036835e+03,3.567042940552070677e-13
2.218400000000036925e+03,3.541020515007345878e-13
2.219800000000037016e+03,3.532343525480965426e-13
2.221200000000037107e+03,3.534812417075932089e-13
2.222600000000037198e+03,3.551795319520766022e-13
2.224000000000037289e+03,3.570448183055556309e-13
2.225400000000037380e+03,3.579752260336984153e-13
2.226800000000037471e+03,3.586667443679934452e-13
2.228200000000037562e+03,3.559311315056781505e-13
2.229600000000037653e+03,3.578484537079530129e-13
2.231000000000037744e+03,3.539178781159744795e-13
2.232400000000037835e+03,3.533955247499071928e-13
2.233800000000037926e+03,3.450040733561500612e-13
2.235200000000038017e+03,3.496476351652057069e-13
2.236600000000038108e+03,3.552335413659466461e-13
2.238000000000038199e+03,3.488056629767965434e-13
2.239400000000038290e+03,3.459671260787541819e-13
2.240800000000038381e+03,3.463333228094512045e-13
2.242200000000038472e+03,3.479616380209677301e-13
2.243600000000038563e+03,3.617165503832067418e-13
2.245000000000038654e+03,3.760321820390906833e-13
2.246400000000038744e+03,3.500948951868973640e-13
2.247800000000038835e+03,3.437700607539960024e-13
2.249200000000038926e+03,3.374452263210946407e-13
2.250600000000039017e+03,3.326302809616310031e-13
2.252000000000039108e+03,3.470937596452445484e-13
2.253400000000039199e+03,3.367169725138741092e-13
2.254800000000039290e+03,3.389285332330100295e-13
2.256200000000039381e+03,3.411400939521459498e-13
2.257600000000039472e+03,3.419905716490058321e-13
2.259000000000039563e+03,3.359372562352139060e-13
2.260400000000039654e+03,3.319449294100336792e-13
2.261800000000039745e+03,3.301301586373096557e-13
2.263200000000039836e+03,3.358193861490678255e-13
2.264600000000039927e+03,3.389887529319361659e-13
2.266000000000040018e+03,3.409269921084376315e-13
2.267400000000040109e+03,3.444211022647190274e-13
2.268800000000040200e+03,3.475136388606115677e-13
2.270200000000040291e+03,3.427585186755173424e-13
2.271600000000040382e+03,3.440062362366384922e-13
2.273000000000040473e+03,3.462888413721984662e-13
2.274400000000040563e+03,3.452993256021782134e-13
2.275800000000040654e+03,3.414725497988563886e-13
2.277200000000040745e+03,3.394880832540143711e-13
2.278600000000040836e+03,3.445390091878968827e-13
2.280000000000040927e+03,3.411521558461389595e-13
2.281400000000041018e+03,3.392408540807488490e-13
2.282800000000041109e+03,3.420370373512853871e-13
2.284200000000041200e+03,3.425000605909312047e-13
2.285600000000041291e+03,3.421553574938580264e-13
2.287000000000041382e+03,3.391792100122213139e-13
2.288400000000041473e+03,3.421039094399006710e-13
2.289800000000041564e+03,3.480018236540570091e-13
2.291200000000041655e+03,3.429396412055176615e-13
2.292600000000041746e+03,3.380537068293282682e-13
2.294000000000041837e+03,3.377816099748501561e-13
2.295400000000041928e+03,3.376913164520480335e-13
2.296800000000042019e+03,3.383395877475119519e-13
2.298200000000042110e+03,3.393562276617578781e-13
2.299600000000042201e+03,3.385780951304197134e-13
2.301000000000042292e+03,3.392184508214164565e-13
2.302400000000042382e+03,3.391486104322979058e-13
2.303800000000042473e+03,3.385353998778131547e-13
2.305200000000042564e+03,3.394288325741369118e-13
2.306600000000042655e+03,3.407556370352792488e-13
2.308000000000042746e+03,3.420824414964216363e-13
2.309400000000042837e+03,3.390201916105600649e-13
2.310800000000042928e+03,3.344764654672107381e-13
2.312200000000043019e+03,3.325759805800285718e-13
2.313600000000043110e+03,3.323420933223490092e-13
2.315000000000043201e+03,3.311830015025820378e-13
2.316400000000043292e+03,3.299089165576955018e-13
2.317800000000043383e+03,3.319017923014274727e-13
2.319200000000043474e+03,3.309168023023063676e-13
2.320600000000043565e+03,3.297954332026452665e-13
2.322000000000043656e+03,3.286613442212962548e-13
2.323400000000043747e+03,3.266641114213178532e-13
2.324800000000043838e+03,3.264398624140272797e-13
2.326200000000043929e+03,3.264736634522667044e-13
2.327600000000044020e+03,3.294104395858438126e-13
2.329000000000044110e+03,3.258373488777357175e-13
2.330400000000044201e+03,3.230086708180980377e-13
2.331800000000044292e+03,3.247246672459070311e-13
2.333200000000044383e+03,3.223820437765561671e-13
2.334600000000044474e+03,3.228108859704745588e-13
2.336000000000044565e+03,3.218945350143811259e-13
2.337400000000044656e+03,3.209781840582877436e-13
2.338800000000044747e+03,3.194606501869616557e-13
2.340200000000044838e+03,3.040859170017737547e-13
2.341600000000044929e+03,2.532151702866898286e-13
2.343000000000045020e+03,2.133538223724817933e-13
2.344400000000045111e+03,2.250334462715438964e-13
2.345800000000045202e+03,2.800321504779343440e-13
2.347200000000045293e+03,3.042315377437217055e-13
2.348600000000045384e+03,3.152432276368267935e-13
2.350000000000045475e+03,3.200025957816930431e-13
2.351400000000045566e+03,3.200681676464997860e-13
2.352800000000045657e+03,3.206181572242914805e-13
2.354200000000045748e+03,3.214089621299778353e-13
2.355600000000045839e+03,3.242570812910102203e-13
2.357000000000045929e+03,3.249487577472060294e-13
2.358400000000046020e+03,3.329974135560163783e-13
2.359800000000046111e+03,3.336090382673484830e-13
2.361200000000046202e+03,3.266050801230336104e-13
2.362600000000046293e+03,3.239328228113247087e-13
2.364000000000046384e+03,3.228386914875376028e-13
2.365400000000046475e+03,3.229812352807638903e-13
2.366800000000046566e+03,3.212299701374073804e-13
2.368200000000046657e+03,3.182010396278300781e-13
2.369600000000046748e+03,3.151721091182527253e-13
2.371000000000046839e+03,2.964863418890676245e-13
2.372400000000046930e+03,2.694391659967480475e-13
2.373800000000047021e+03,2.423919901044285209e-13
2.375200000000047112e+03,2.683240346083616843e-13
2.376600000000047203e+03,3.031419806222483634e-13
2.378000000000047294e+03,2.750598356564867404e-13
2.379400000000047385e+03,2.269541447871511530e-13
2.380800000000047476e+03,1.854581901816290611e-13
2.382200000000047567e+03,1.699837758968091685e-13
2.383600000000047658e+03,2.383752541862436719e-13
2.385000000000047748e+03,2.830954860082830069e-13
2.386400000000047839e+03,2.957464442627386805e-13
2.387800000000047930e+03,3.021939277117123068e-13
2.389200000000048021e+03,3.083339710467110751e-13
2.390600000000048112e+03,3.144740143817098433e-13
2.392000000000048203e+03,3.128627313970636689e-13
2.393400000000048294e+03,3.141007297638988050e-13
2.394800000000048385e+03,3.155449396939231104e-13
2.396200000000048476e+03,3.169891496239473654e-13
2.397600000000048567e+03,3.183850697297031959e-13
2.399000000000048658e+03,3.169873948057136979e-13
2.400400000000048749e+03,3.155897198817241495e-13
2.401800000000048840e+03,3.141920449577346515e-13
2.403200000000048931e+03,3.124645205657474208e-13
2.404600000000049022e+03,3.079492094088402532e-13
2.406000000000049113e+03,3.079140623355906035e-13
2.407400000000049204e+03,3.076598386045574160e-13
2.408800000000049295e+03,3.061127541611305744e-13
2.410200000000049386e+03,3.045656697177037328e-13
2.411600000000049477e+03,3.039926766991195313e-13
2.413000000000049567e+03,3.073224801053352259e-13
2.414400000000049658e+03,3.077039669338817082e-13
2.415800000000049749e+03,3.024163964359439287e-13
2.417200000000049840e+03,3.066115678348470733e-13
2.418600000000049931e+03,3.059602166726261281e-13
2.420000000000050022e+03,3.044205542923504561e-13
2.421400000000050113e+03,3.034486089716883009e-13
2.422800000000050204e+03,3.053813414078618503e-13
2.424200000000050295e+03,3.027835215441637641e-13
2.425600000000050386e+03,3.028135667258397550e-13
2.427000000000050477e+03,3.076745987826200772e-13
2.428400000000050568e+03,3.084710707802869530e-13
2.429800000000050659e+03,3.036368949737785074e-13
2.431200000000050750e+03,2.988027191672701123e-13
2.432600000000050841e+03,2.970028256501823506e-13
2.434000000000050932e+03,2.985680971923487922e-13
2.435400000000051023e+03,2.989549584299857206e-13
2.436800000000051114e+03,2.982130867719318349e-13
2.438200000000051205e+03,2.989993068887734074e-13
2.439600000000051296e+03,3.009252523774418296e-13
2.441000000000051386e+03,3.003756113621457379e-13
2.442400000000051477e+03,2.932090525545766518e-13
2.443800000000051568e+03,2.921522225964619345e-13
2.445200000000051659e+03,2.968151046122133799e-13
2.446600000000051750e+03,3.063186337369573552e-13
2.448000000000051841e+03,3.183457471733821517e-13
2.449400000000051932e+03,3.174645202624593358e-13
2.450800000000052023e+03,3.108911176365362272e-13
2.452200000000052114e+03,3.043177150106131690e-13
2.453600000000052205e+03,2.977443123846901108e-13
2.455000000000052296e+03,2.949650706374990163e-13
2.456400000000052387e+03,2.953929018389540957e-13
2.457800000000052478e+03,2.945922088705479353e-13
2.459200000000052569e+03,2.933552698462867089e-13
2.460600000000052660e+03,2.921183308220254826e-13
2.462000000000052751e+03,2.930818099350090837e-13
2.463400000000052842e+03,2.935414999639828949e-13
2.464800000000052933e+03,2.944937986724092085e-13
2.466200000000053024e+03,2.877340532519766608e-13
2.467600000000053114e+03,2.869118868879993523e-13
2.469000000000053205e+03,2.865726167252066139e-13
2.470400000000053296e+03,2.818576861423622037e-13
2.471800000000053387e+03,2.859742408208349763e-13
2.473200000000053478e+03,2.901102347911681237e-13
2.474600000000053569e+03,2.904775935695892675e-13
2.476000000000053660e+03,2.906319418721743530e-13
2.477400000000053751e+03,2.936954362714540192e-13
2.478800000000053842e+03,2.887268501282760248e-13
2.480200000000053933e+03,2.856981125213992142e-13
2.481600000000054024e+03,2.864552705815960494e-13
2.483000000000054115e+03,2.880484675968020262e-13
2.484400000000054206e+03,2.893080869602199821e-13
2.485800000000054297e+03,2.889550260585691099e-13
2.487200000000054388e+03,2.883185943668124101e-13
2.488600000000054479e+03,2.863553618081835288e-13
2.490000000000054570e+03,2.842082888176299813e-13
2.491400000000054661e+03,2.844247241852505378e-13
2.492800000000054752e+03,2.855090228435113702e-13
2.494200000000054843e+03,2.862612899375043858e-13
2.495600000000054933e+03,2.862396683862066438e-13
2.497000000000055024e+03,2.862180468349089019e-13
2.498400000000055115e+03,2.861964252836111600e-13
2.499800000000055206e+03,2.862703333310394940e-13
2.501200000000055297e+03,2.865041961568088042e-13
2.502600000000055388e+03,2.843820632157188076e-13
2.504000000000055479e+03,2.796290445284178452e-13
2.505400000000055570e+03,2.792069827742017536e-13
2.506800000000055661e+03,2.829004960147790859e-13
2.508200000000055752e+03,2.836306129954016438e-13
2.509600000000055843e+03,2.812081442082873006e-13
2.511000000000055934e+03,2.810753956737882652e-13
2.512400000000056025e+03,2.822373999051283115e-13
2.513800000000056116e+03,2.799293529352561876e-13
2.515200000000056207e+03,2.787797242472855268e-13
2.516600000000056298e+03,2.795252239915556017e-13
2.518000000000056389e+03,2.798833774229123264e-13
2.519400000000056480e+03,2.855374132595637308e-13
2.520800000000056571e+03,2.942724728117187131e-13
2.522200000000056662e+03,2.870674094170694109e-13
2.523600000000056752e+03,2.819870967339886603e-13
2.525000000000056843e+03,2.814522566946139385e-13
2.526400000000056934e+03,2.809174166552392671e-13
2.527800000000057025e+03,2.766696142815313080e-13
2.529200000000057116e+03,2.719289006861524822e-13
2.530600000000057207e+03,2.725862187142736038e-13
2.532000000000057298e+03,2.681472530133398595e-13
2.533400000000057389e+03,2.670426943651059035e-13
2.534800000000057480e+03,2.694818189127385147e-13
2.536200000000057571e+03,2.687952782790675652e-13
2.537600000000057662e+03,2.674932331738782181e-13
2.539000000000057753e+03,2.682225659631319958e-13
2.540400000000057844e+03,2.655275558366550443e-13
2.541800000000057935e+03,2.649391351388639707e-13
2.543200000000058026e+03,2.645419222402446695e-13
2.544600000000058117e+03,2.689070248303631100e-13
2.546000000000058208e+03,2.623847817064959811e-13
2.547400000000058299e+03,2.666687364321720211e-13
2.548800000000058390e+03,2.648178759533354117e-13
2.550200000000058481e+03,2.629580028012253632e-13
2.551600000000058571e+03,2.609516736356079599e-13
2.553000000000058662e+03,2.589453444699905061e-13
2.554400000000058753e+03,2.577210828735096244e-13
2.555800000000058844e+03,2.622048645345851773e-13
2.557200000000058935e+03,2.641210305672902669e-13
2.558600000000059026e+03,2.651213893936631308e-13
2.560000000000059117e+03,2.616830286827490785e-13
2.561400000000059208e+03,2.584725599340935888e-13
2.562800000000059299e+03,2.575530678739344497e-13
2.564200000000059390e+03,2.623617316455908931e-13
2.565600000000059481e+03,2.604745041052314666e-13
2.567000000000059572e+03,2.587414571973224358e-13
2.568400000000059663e+03,2.571896954548761542e-13
2.569800000000059754e+03,2.577203334230090488e-13
2.571200000000059845e+03,2.611852929746356898e-13
2.572600000000059936e+03,2.575331819169629707e-13
2.574000000000060027e+03,2.479376216424553083e-13
2.575400000000060118e+03,2.372741109801994206e-13
2.576800000000060209e+03,2.305772832281321656e-13
2.578200000000060299e+03,2.357416932575558963e-13
2.579600000000060390e+03,2.490025161519893137e-13
2.581000000000060481e+03,2.519641966925675152e-13
2.582400000000060572e+03,2.402068588633877792e-13
2.583800000000060663e+03,2.128689144649270131e-13
2.585200000000060754e+03,1.855309700664662469e-13
2.586600000000060845e+03,1.889155839227364175e-13
2.588000000000060936e+03,2.182876192157457357e-13
2.589400000000061027e+03,2.402495601829505912e-13
2.590800000000061118e+03,2.435927081950441470e-13
2.592200000000061209e+03,2.380312988523648923e-13
2.593600000000061300e+03,2.297268941544122524e-13
2.595000000000061391e+03,2.166137255740354535e-13
2.596400000000061482e+03,2.017887093709988254e-13
2.597800000000061573e+03,1.525036451979268927e-13
2.599200000000061664e+03,1.328487783902013905e-13
2.600600000000061755e+03,1.470568742937170239e-13
2.602000000000061846e+03,2.059701441605907284e-13
2.603400000000061937e+03,2.304085383450331418e-13
2.604800000000062028e+03,2.320623884944505655e-13
2.606200000000062118e+03,2.314581776294800023e-13
2.607600000000062209e+03,2.347165771333340655e-13
2.609000000000062300e+03,2.376704491253008231e-13
2.610400000000062391e+03,2.404087070266680114e-13
2.611800000000062482e+03,2.431469649280351997e-13
2.613200000000062573e+03,2.470551623891009432e-13
2.614600000000062664e+03,2.450330669682733285e-13
2.616000000000062755e+03,2.455275423530655308e-13
2.617400000000062846e+03,2.469448534931497274e-13
2.618800000000062937e+03,2.480807129038183734e-13
2.620200000000063028e+03,2.448340860704367332e-13
2.621600000000063119e+03,2.459074798447290595e-13
2.623000000000063210e+03,2.464903766680294530e-13
2.624400000000063301e+03,2.470221979431365958e-13
2.625800000000063392e+03,2.468326110557980984e-13
2.627200000000063483e+03,2.466430241684596009e-13
2.628600000000063574e+03,2.473064101999540110e-13
2.630000000000063665e+03,2.524587565806726247e-13
2.631400000000063756e+03,2.483515372060827718e-13
2.632800000000063847e+03,2.469849161631418598e-13
2.634200000000063937e+03,2.440109552413993365e-13
2.635600000000064028e+03,2.399767978368407312e-13
2.637000000000064119e+03,2.383954463192080073e-13
2.638400000000064210e+03,2.435187486546764020e-13
2.639800000000064301e+03,2.449530021301797032e-13
2.641200000000064392e+03,2.450559439372169623e-13
2.642600000000064483e+03,2.431649068429686436e-13
2.644000000000064574e+03,2.440074828106019863e-13
2.645400000000064665e+03,2.438101359520099171e-13
2.646800000000064756e+03,2.420703507687048377e-13
2.648200000000064847e+03,2.410196618309448004e-13
2.649600000000064938e+03,2.414039600077885489e-13
2.651000000000065029e+03,2.431322284422276209e-13
2.652400000000065120e+03,2.422194260331181142e-13
2.653800000000065211e+03,2.409262014780830911e-13
2.655200000000065302e+03,2.415423537068313344e-13
2.656600000000065393e+03,2.421585059355795778e-13
2.658000000000065484e+03,2.431124028601874316e-13
2.659400000000065575e+03,2.419873682382135076e-13
2.660800000000065666e+03,2.399933587243307544e-13
2.662200000000065756e+03,2.385448623055040000e-13
2.663600000000065847e+03,2.381778024711555240e-13
2.665000000000065938e+03,2.387501449579873739e-13
2.666400000000066029e+03,2.381844939129766637e-13
2.667800000000066120e+03,2.369573227841896340e-13
2.669200000000066211e+03,2.406960094429121067e-13
2.670600000000066302e+03,2.400553714918241243e-13
2.672000000000066393e+03,2.363397804266945808e-13
2.673400000000066484e+03,2.329737998098531071e-13
2.674800000000066575e+03,2.340222472465009101e-13
2.676200000000066666e+03,2.403886628438006619e-13
2.677600000000066757e+03,2.384812503400864173e-13
2.679000000000066848e+03,2.382401205073073163e-13
2.680400000000066939e+03,2.365472641619919175e-13
2.681800000000067030e+03,2.343146621622495480e-13
2.683200000000067121e+03,2.355339806752972693e-13
2.684600000000067212e+03,2.357439898257157251e-13
2.686000000000067303e+03,2.360859478349041143e-13
2.687400000000067394e+03,2.364671873474075359e-13
2.688800000000067485e+03,2.368484268599110080e-13
2.690200000000067575e+03,2.372296663724144297e-13
2.691600000000067666e+03,2.344963125796551628e-13
2.693000000000067757e+03,2.317071302522980925e-13
2.694400000000067848e+03,2.309543318693614463e-13
2.695800000000067939e+03,2.325573132818351047e-13
2.697200000000068030e+03,2.339938777258061530e-13
2.698600000000068121e+03,2.333747464274078530e-13
2.700000000000068212e+03,2.341392257026706008e-13
2.701400000000068303e+03,2.332904267874789926e-13
2.702800000000068394e+03,2.325178257552437776e-13
2.704200000000068485e+03,2.321892750949961486e-13
2.705600000000068576e+03,2.321312356576840424e-13
2.707000000000068667e+03,2.332670916228161098e-13
2.708400000000068758e+03,2.339177278156605811e-13
2.709800000000068849e+03,2.328778034943715424e-13
2.711200000000068940e+03,2.323096772107591961e-13
2.712600000000069031e+03,2.330751882183541090e-13
2.714000000000069122e+03,2.329199716549500298e-13
2.715400000000069213e+03,2.306128926419615480e-13
2.716800000000069303e+03,2.293614343335442504e-13
2.718200000000069394e+03,2.294630312627099216e-13
2.719600000000069485e+03,2.282793661387856882e-13
2.721000000000069576e+03,2.273981493323346989e-13
2.722400000000069667e+03,2.274663499130160338e-13
2.723800000000069758e+03,2.288044473726984659e-13
2.725200000000069849e+03,2.309019309133074102e-13
2.726600000000069940e+03,2.321231521116107293e-13
2.728000000000070031e+03,2.302912063672959787e-13
2.729400000000070122e+03,2.304865635246435741e-13
2.730800000000070213e+03,2.329879255039792394e-13
2.732200000000070304e+03,2.324743676463184305e-13
2.733600000000070395e+03,2.316603823206340056e-13
2.735000000000070486e+03,2.313800183287645136e-13
2.736400000000070577e+03,2.309707960899983082e-13
2.737800000000070668e+03,2.284987898885516640e-13
2.739200000000070759e+03,2.247975858807859307e-13
2.740600000000070850e+03,2.258784937109713091e-13
2.742000000000070941e+03,2.301533550839044493e-13
2.743400000000071032e+03,2.245508728016988220e-13
2.744800000000071122e+03,2.198804415269870376e-13
2.746200000000071213e+03,2.228485438485159256e-13
2.747600000000071304e+03,2.202866014893821821e-13
2.749000000000071395e+03,2.189896568268606205e-13
2.750400000000071486e+03,2.193996816755498636e-13
2.751800000000071577e+03,2.224887658802685867e-13
2.753200000000071668e+03,2.229114041491844832e-13
2.754600000000071759e+03,2.227177885733054111e-13
2.756000000000071850e+03,2.188277616289300024e-13
2.757400000000071941e+03,2.185696333391251749e-13
2.758800000000072032e+03,2.169666672268716596e-13
2.760200000000072123e+03,2.149070562684596553e-13
2.761600000000072214e+03,2.128275687480898186e-13
2.763000000000072305e+03,2.163294224239163200e-13
2.764400000000072396e+03,2.199029627530416587e-13
2.765800000000072487e+03,2.183831587511530499e-13
2.767200000000072578e+03,2.168645949532613003e-13
2.768600000000072669e+03,2.153683126357254806e-13
2.770000000000072760e+03,2.133504848460044578e-13
2.771400000000072851e+03,2.075787904086596740e-13
2.772800000000072941e+03,2.126047979127436079e-13
2.774200000000073032e+03,2.141049203401808433e-13
2.775600000000073123e+03,2.153740453886482084e-13
2.777000000000073214e+03,2.152829632410101286e-13
2.778400000000073305e+03,2.144168979980143422e-13
2.779800000000073396e+03,2.143349939411045825e-13
2.781200000000073487e+03,2.142149143744185679e-13
2.782600000000073578e+03,2.139788257315738680e-13
2.784000000000073669e+03,2.129919221293116740e-13
2.785400000000073760e+03,2.099780171744865177e-13
2.786800000000073851e+03,2.078777558235484701e-13
2.788200000000073942e+03,2.078539762293071067e-13
2.789600000000074033e+03,2.070686695525223950e-13
2.791000000000074124e+03,1.900276671964097009e-13
2.792400000000074215e+03,1.461318714046260464e-13
2.793800000000074306e+03,1.022360756128423918e-13
2.795200000000074397e+03,8.798835234308139404e-14
2.796600000000074488e+03,1.109826071024136225e-13
2.798000000000074579e+03,1.457785594922505670e-13
2.799400000000074670e+03,1.506896283549912226e-13
2.800800000000074760e+03,1.139395910745603271e-13
2.802200000000074851e+03,9.119176554551992633e-14
2.803600000000074942e+03,1.116111658938985067e-13
2.805000000000075033e+03,1.568498890049342774e-13
2.806400000000075124e+03,1.865734552709895203e-13
2.807800000000075215e+03,1.963060331256092992e-13
2.809200000000075306e+03,2.001169349664685014e-13
2.810600000000075397e+03,2.025222350591045005e-13
2.812000000000075488e+03,2.036026277875570746e-13
2.813400000000075579e+03,2.014413040220917560e-13
2.814800000000075670e+03,2.033043002955809158e-13
2.816200000000075761e+03,2.054531828079076861e-13
2.817600000000075852e+03,2.035857991523072295e-13
2.819000000000075943e+03,2.015733796084362459e-13
2.820400000000076034e+03,2.007691020441911643e-13
2.821800000000076125e+03,2.025842591119637760e-13
2.823200000000076216e+03,2.049320546700553858e-13
2.824600000000076307e+03,2.030582449834563643e-13
2.826000000000076398e+03,2.034682726238640694e-13
2.827400000000076489e+03,2.042997437459282674e-13
2.828800000000076579e+03,2.014998306420431294e-13
2.830200000000076670e+03,1.983671127146094362e-13
2.831600000000076761e+03,1.978696355924182732e-13
2.833000000000076852e+03,1.974944149835416288e-13
2.834400000000076943e+03,1.978437554731040731e-13
2.835800000000077034e+03,1.981965066682458289e-13
2.837200000000077125e+03,1.985492578633875846e-13
2.838600000000077216e+03,1.988999983200013919e-13
2.840000000000077307e+03,1.993792804037610570e-13
2.841400000000077398e+03,2.013272607192649708e-13
2.842800000000077489e+03,2.032752410347688846e-13
2.844200000000077580e+03,2.044979818983692036e-13
2.845600000000077671e+03,2.017446201559768931e-13
2.847000000000077762e+03,1.989912584135845825e-13
2.848400000000077853e+03,1.946276818445396489e-13
2.849800000000077944e+03,1.843503413621042454e-13
2.851200000000078035e+03,1.744112199982867390e-13
2.852600000000078126e+03,1.709405754245461382e-13
2.854000000000078217e+03,1.819871832297129115e-13
2.855400000000078307e+03,1.903598928406847278e-13
2.856800000000078398e+03,1.933720168871097606e-13
2.858200000000078489e+03,1.974121156744718765e-13
2.859600000000078580e+03,1.974516887787189114e-13
2.861000000000078671e+03,1.939822135774757141e-13
2.862400000000078762e+03,1.953415602763874782e-13
2.863800000000078853e+03,1.962054200231848827e-13
2.865200000000078944e+03,1.952517905706736862e-13
2.866600000000079035e+03,1.939144974621548511e-13
2.868000000000079126e+03,1.945801713319599549e-13
2.869400000000079217e+03,1.941595927622689220e-13
2.870800000000079308e+03,1.927117565313962248e-13
2.872200000000079399e+03,1.921074231741559684e-13
2.873600000000079490e+03,1.921137019326155305e-13
2.875000000000079581e+03,1.920694270018386562e-13
2.876400000000079672e+03,1.920251520710617819e-13
2.877800000000079763e+03,1.919808771402849329e-13
2.879200000000079854e+03,1.919366022095080586e-13
2.880600000000079945e+03,1.928076746742357964e-13
2.882000000000080036e+03,1.920698621135803654e-13
2.883400000000080126e+03,1.904319778096419942e-13
2.884800000000080217e+03,1.908237229863373393e-13
2.886200000000080308e+03,1.919464121063047698e-13
2.887600000000080399e+03,1.919257824487772242e-13
2.889000000000080490e+03,1.915743081503140174e-13
2.890400000000080581e+03,1.884424638522662580e-13
2.891800000000080672e+03,1.888414678899468551e-13
2.893200000000080763e+03,1.903101605690094810e-13
2.894600000000080854e+03,1.897361875279741464e-13
2.896000000000080945e+03,1.921128018239933072e-13
2.897400000000081036e+03,1.917229880533255403e-13
2.898800000000081127e+03,1.910493736918408683e-13
2.900200000000081218e+03,1.903757593303561962e-13
2.901600000000081309e+03,1.881338314806050123e-13
2.903000000000081400e+03,1.870802834604560932e-13
2.904400000000081491e+03,1.878163044996924020e-13
2.905800000000081582e+03,1.885523255389287108e-13
2.907200000000081673e+03,1.892883465781650196e-13
2.908600000000081764e+03,1.899179635163676812e-13
2.910000000000081855e+03,1.894334082047819286e-13
2.911400000000081945e+03,1.880551298256339107e-13
2.912800000000082036e+03,1.881083365796557655e-13
2.914200000000082127e+03,1.880395516748940675e-13
2.915600000000082218e+03,1.874194704306184484e-13
2.917000000000082309e+03,1.867993891863428544e-13
2.918400000000082400e+03,1.861793079420672352e-13
2.919800000000082491e+03,1.855592266977916160e-13
2.921200000000082582e+03,1.851595179444629443e-13
2.922600000000082673e+03,1.853175792471942220e-13
2.924000000000082764e+03,1.856429487327566168e-13
2.925400000000082855e+03,1.863172670684818117e-13
2.926800000000082946e+03,1.877263591684976139e-13
2.928200000000083037e+03,1.886354510567356935e-13
2.929600000000083128e+03,1.867094488232452114e-13
2.931000000000083219e+03,1.847834465897547294e-13
2.932400000000083310e+03,1.828574443562642726e-13
2.933800000000083401e+03,1.820030288937681895e-13
2.935200000000083492e+03,1.823693727210273203e-13
2.936600000000083583e+03,1.827357165482864764e-13
2.938000000000083674e+03,1.823236204117870628e-13
2.939400000000083764e+03,1.812186158694219430e-13
2.940800000000083855e+03,1.801136113270567981e-13
2.942200000000083946e+03,1.790086067846916783e-13
2.943600000000084037e+03,1.796480295986825374e-13
2.945000000000084128e+03,1.807042740499200550e-13
2.946400000000084219e+03,1.818109681116591966e-13
2.947800000000084310e+03,1.831591733400003025e-13
2.949200000000084401e+03,1.825113067843037140e-13
2.950600000000084492e+03,1.820346691792368405e-13
2.952000000000084583e+03,1.785229158054044338e-13
2.953400000000084674e+03,1.803305211985525799e-13
2.954800000000084765e+03,1.842599253902507233e-13
2.956200000000084856e+03,1.839404779264343146e-13
2.957600000000084947e+03,1.825394104860140891e-13
2.959000000000085038e+03,1.817213672801051150e-13
2.960400000000085129e+03,1.810156355864445785e-13
2.961800000000085220e+03,1.793076877555769466e-13
2.963200000000085311e+03,1.774629608696604369e-13
2.964600000000085402e+03,1.780276210198683065e-13
2.966000000000085493e+03,1.859462833741182050e-13
2.967400000000085583e+03,2.230894206116718811e-13
2.968800000000085674e+03,1.795530501182268196e-13
2.970200000000085765e+03,1.798067213345371758e-13
2.971600000000085856e+03,1.789124802510197050e-13
2.973000000000085947e+03,1.784121370728415044e-13
2.974400000000086038e+03,1.778451692158529420e-13
2.975800000000086129e+03,1.765853490689146421e-13
2.977200000000086220e+03,1.756291261324821821e-13
2.978600000000086311e+03,1.767151960137269217e-13
2.980000000000086402e+03,1.774435535087582682e-13
2.981400000000086493e+03,1.764396027324273732e-13
2.982800000000086584e+03,1.753937305580265176e-13
2.984200000000086675e+03,2.356266392475131059e-13
2.985600000000086766e+03,2.337799692270836598e-13
2.987000000000086857e+03,2.333006922008217995e-13
2.988400000000086948e+03,2.344177125239957270e-13
2.989800000000087039e+03,2.360567817956554322e-13
2.991200000000087130e+03,2.372952560364859195e-13
2.992600000000087221e+03,2.360212984895975155e-13
2.994000000000087311e+03,2.343477698160790274e-13
2.995400000000087402e+03,2.341843979968594966e-13
2.996800000000087493e+03,2.336313414003635345e-13
2.998200000000087584e+03,2.325702700735281997e-13
2.999600000000087675e+03,2.304580250958925487e-13
3.001000000000087766e+03,2.329045297080455597e-13
3.002400000000087857e+03,2.374496763262117262e-13
3.003800000000087948e+03,2.414610600353643431e-13
3.005200000000088039e+03,2.445597990609044412e-13
3.006600000000088130e+03,2.378654784971699238e-13
3.008000000000088221e+03,2.309558540124065572e-13
3.009400000000088312e+03,2.309960814853481161e-13
3.010800000000088403e+03,2.306309942814997084e-13
3.012200000000088494e+03,2.301157751165016215e-13
3.013600000000088585e+03,2.302876377259154457e-13
3.015000000000088676e+03,2.312804466552453697e-13
3.016400000000088767e+03,2.321796754895080992e-13
3.017800000000088858e+03,2.320197042475807591e-13
3.019200000000088949e+03,2.309345942204806149e-13
3.020600000000089040e+03,2.299987480835625364e-13
3.022000000000089130e+03,2.294530899954990583e-13
3.023400000000089221e+03,2.291836860693274633e-13
3.024800000000089312e+03,2.282875922806640469e-13
3.026200000000089403e+03,2.271413576584631127e-13
3.027600000000089494e+03,2.277034843784411210e-13
3.029000000000089585e+03,2.272774980985237041e-13
3.030400000000089676e+03,2.269674313036641224e-13
3.031800000000089767e+03,2.273627165233599537e-13
3.033200000000089858e+03,2.271004032013195205e-13
3.034600000000089949e+03,2.255272472054583774e-13
3.036000000000090040e+03,2.238300634858977123e-13
3.037400000000090131e+03,2.231448536777455930e-13
3.038800000000090222e+03,2.224767873499550365e-13
3.040200000000090313e+03,2.224451785568413615e-13
3.041600000000090404e+03,2.226035508054649860e-13
3.043000000000090495e+03,2.226068120825264537e-13
3.044400000000090586e+03,2.216136712106285158e-13
3.045800000000090677e+03,2.202930681994727986e-13
3.047200000000090768e+03,2.196878229897765296e-13
3.048600000000090859e+03,2.206546140007927622e-13
3.050000000000090949e+03,2.211489539455404215e-13
3.050000000000000000e+03,2.211489539455083117e-13
3.052699999999999818e+03,2.217584954646769948e-13
3.055399999999999636e+03,2.212484596597262151e-13
3.058099999999999454e+03,2.227775925308035159e-13
3.060799999999999272e+03,2.234127060605049087e-13
3.063499999999999091e+03,2.259172514695334510e-13
3.066199999999998909e+03,2.244719579025331581e-13
3.068899999999998727e+03,2.212965783520994684e-13
3.071599999999998545e+03,2.790935331835152383e-13
3.074299999999998363e+03,2.749155409254052549e-13
3.076999999999998181e+03,2.769177323576350768e-13
3.079699999999997999e+03,2.777697742092070628e-13
3.082399999999997817e+03,2.765750629508029791e-13
3.085099999999997635e+03,2.710169304779226075e-13
3.087799999999997453e+03,2.723490631223784474e-13
3.090499999999997272e+03,2.727959890613759712e-13
3.093199999999997090e+03,2.732416047500120870e-13
3.095899999999996908e+03,2.710685397403155833e-13
3.098599999999996726e+03,2.709265767586726986e-13
3.101299999999996544e+03,2.746516030782543621e-13
3.103999999999996362e+03,2.689386071172560252e-13
3.106699999999996180e+03,2.698873811840015258e-13
3.109399999999995998e+03,2.713561265552420278e-13
3.112099999999995816e+03,2.682015231940398836e-13
3.114799999999995634e+03,2.687761620528241594e-13
3.117499999999995453e+03,2.681139242714926838e-13
3.120199999999995271e+03,2.674396118289924885e-13
3.122899999999995089e+03,2.668144754619341859e-13
3.125599999999994907e+03,2.661893390948759338e-13
3.128299999999994725e+03,2.655642027278176313e-13
3.130999999999994543e+03,2.627156447372045433e-13
3.133699999999994361e+03,2.631581954509634710e-13
3.136399999999994179e+03,2.628509077651140264e-13
3.139099999999993997e+03,2.618647414025821049e-13
3.141799999999993815e+03,2.609265497433944351e-13
3.144499999999993634e+03,2.583863425408186386e-13
3.147199999999993452e+03,2.572070292407503469e-13
3.149899999999993270e+03,2.575876690970286548e-13
3.152599999999993088e+03,2.579733469466267767e-13
3.155299999999992906e+03,2.598534946367132272e-13
3.157999999999992724e+03,2.612889523414563877e-13
3.160699999999992542e+03,2.589643007234392668e-13
3.163399999999992360e+03,2.562323601723237127e-13
3.166099999999992178e+03,2.556267043599958587e-13
3.168799999999991996e+03,2.557923112805303306e-13
3.171499999999991815e+03,2.549686857002412064e-13
3.174199999999991633e+03,2.543406462808240840e-13
3.176899999999991451e+03,2.547995556484985641e-13
3.179599999999991269e+03,2.552584650161730948e-13
3.182299999999991087e+03,2.571762813767800143e-13
3.184999999999990905e+03,2.593156892490820731e-13
3.187699999999990723e+03,2.594478085120591415e-13
3.190399999999990541e+03,2.595445287593086514e-13
3.193099999999990359e+03,2.595882526044210798e-13
3.195799999999990177e+03,2.606741209526814955e-13
3.198499999999989996e+03,2.635659962443884477e-13
3.201199999999989814e+03,2.643168296020737766e-13
3.203899999999989632e+03,2.607464273077159013e-13
3.206599999999989450e+03,2.564389683869538686e-13
3.209299999999989268e+03,2.515545512042083389e-13
3.211999999999989086e+03,2.496884748387158834e-13
3.214699999999988904e+03,2.478223984732234279e-13
3.217399999999988722e+03,2.460519158630893201e-13
3.220099999999988540e+03,2.446062501753641184e-13
3.222799999999988358e+03,2.430771538983766967e-13
3.225499999999988177e+03,2.411984935563165593e-13
3.228199999999987995e+03,2.393198332142563714e-13
3.230899999999987813e+03,2.374411728721961834e-13
3.233599999999987631e+03,2.355813483437382019e-13
3.236299999999987449e+03,2.338555724652672737e-13
3.238999999999987267e+03,2.321297965867963455e-13
3.241699999999987085e+03,2.308308841118544727e-13
3.244399999999986903e+03,2.347585123307504365e-13
3.247099999999986721e+03,2.323872054172735667e-13
3.249799999999986539e+03,2.300784002215415765e-13
3.252499999999986358e+03,2.310319012757331961e-13
3.255199999999986176e+03,2.298464201444993637e-13
3.257899999999985994e+03,2.301229547800307054e-13
3.260599999999985812e+03,2.285861992194827096e-13
3.263299999999985630e+03,2.266761950526892029e-13
3.265999999999985448e+03,2.277150043902052670e-13
3.268699999999985266e+03,2.265795827264194893e-13
3.271399999999985084e+03,2.250858467288534111e-13
3.274099999999984902e+03,2.258949585066424335e-13
3.276799999999984720e+03,2.270226300681268553e-13
3.279499999999984539e+03,2.281503016296112519e-13
3.282199999999984357e+03,2.232551922262308503e-13
3.284899999999984175e+03,2.225083650010429759e-13
3.287599999999983993e+03,2.214340195183404183e-13
3.290299999999983811e+03,2.207540173349514975e-13
3.292999999999983629e+03,2.201036664381122684e-13
3.295699999999983447e+03,2.193863394894173545e-13
3.298399999999983265e+03,2.185155278656369538e-13
3.301099999999983083e+03,2.194798889867174033e-13
3.303799999999982901e+03,2.187487979471418550e-13
3.306499999999982720e+03,2.168803516462931656e-13
3.309199999999982538e+03,2.150119053454444510e-13
3.311899999999982356e+03,2.155652051237606973e-13
3.314599999999982174e+03,2.162165576524215619e-13
3.317299999999981992e+03,2.160584408423173447e-13
3.319999999999981810e+03,2.151118722297694792e-13
3.322699999999981628e+03,2.137002981518712466e-13
3.325399999999981446e+03,2.131852271520042882e-13
3.328099999999981264e+03,2.136707126731407259e-13
3.330799999999981083e+03,2.135967151937954934e-13
3.333499999999980901e+03,2.124775903986714058e-13
3.336199999999980719e+03,2.111174454799768894e-13
3.338899999999980537e+03,2.097573005612823477e-13
3.341599999999980355e+03,2.083971556425878061e-13
3.344299999999980173e+03,2.077160735446526329e-13
3.346999999999979991e+03,2.072519797997375465e-13
3.349699999999979809e+03,2.066348248477957456e-13
3.352399999999979627e+03,2.074245751766181354e-13
3.355099999999979445e+03,2.082143255054405253e-13
3.357799999999979264e+03,2.089494687873472042e-13
3.360499999999979082e+03,2.095759724818650385e-13
3.363199999999978900e+03,2.102024761763828729e-13
3.365899999999978718e+03,2.101936340994272970e-13
3.368599999999978536e+03,2.085631039738579003e-13
3.371299999999978354e+03,2.070171325956448849e-13
3.373999999999978172e+03,2.062750987432387360e-13
3.376699999999977990e+03,2.065117826991103348e-13
3.379399999999977808e+03,2.035605095365718493e-13
3.382099999999977626e+03,2.015935009110942116e-13
3.384799999999977445e+03,2.032581589416054550e-13
3.387499999999977263e+03,2.037905034075743642e-13
3.390199999999977081e+03,2.043228478735432735e-13
3.392899999999976899e+03,2.047324737805664353e-13
3.395599999999976717e+03,2.040897484929758017e-13
3.398299999999976535e+03,2.034410366217731526e-13
3.400999999999976353e+03,2.027114965468890785e-13
3.403699999999976171e+03,2.020338118055879625e-13
3.406399999999975989e+03,2.028540465631321110e-13
3.409099999999975807e+03,2.036742813206762847e-13
3.411799999999975626e+03,2.012010905210599037e-13
3.414499999999975444e+03,1.983655442080427513e-13
3.417199999999975262e+03,1.977345690273710356e-13
3.419899999999975080e+03,1.971900034165249159e-13
3.422599999999974898e+03,1.966454378056787710e-13
3.425299999999974716e+03,1.961008721948326513e-13
3.427999999999974534e+03,1.957865801859368899e-13
3.430699999999974352e+03,1.955003834220754082e-13
3.433399999999974170e+03,1.947818362270101131e-13
3.436099999999973988e+03,1.927270800632782550e-13
3.438799999999973807e+03,1.937113280164360018e-13
3.441499999999973625e+03,1.907305923185199258e-13
3.444199999999973443e+03,1.908571591846077340e-13
3.446899999999973261e+03,1.915313416915892790e-13
3.449599999999973079e+03,1.906592116996132106e-13
3.452299999999972897e+03,1.893319281988201034e-13
3.454999999999972715e+03,1.880046446980269709e-13
3.457699999999972533e+03,1.881611848771681072e-13
3.460399999999972351e+03,1.874765989948676457e-13
3.463099999999972169e+03,1.860814876868587838e-13
3.465799999999971988e+03,1.854480953100017151e-13
3.468499999999971806e+03,1.852401343895591190e-13
3.471199999999971624e+03,1.859761468068144766e-13
3.473899999999971442e+03,1.873261575062510436e-13
3.476599999999971260e+03,1.886761682056876359e-13
3.479299999999971078e+03,1.890342867584800432e-13
3.481999999999970896e+03,1.892574703117829793e-13
3.484699999999970714e+03,1.892431728532734240e-13
3.487399999999970532e+03,1.871394953805008549e-13
3.490099999999970350e+03,1.834415184250312034e-13
3.492799999999970169e+03,1.794565237741370508e-13
3.495499999999969987e+03,1.784913648920901947e-13
3.498199999999969805e+03,1.793131155742638760e-13
3.500899999999969623e+03,1.783580506456435936e-13
3.503599999999969441e+03,1.788167838881233807e-13
3.506299999999969259e+03,1.794899885938751162e-13
3.508999999999969077e+03,1.794485394363776574e-13
3.511699999999968895e+03,1.780560446361121207e-13
3.514399999999968713e+03,1.765577307898549954e-13
3.517099999999968531e+03,1.759835021045738365e-13
3.519799999999968350e+03,1.766966131198606033e-13
3.522499999999968168e+03,1.754063201612915740e-13
3.525199999999967986e+03,1.745506553152669737e-13
3.527899999999967804e+03,1.733394203449100058e-13
3.530599999999967622e+03,1.715577578042229646e-13
3.533299999999967440e+03,1.720970699301755900e-13
3.535999999999967258e+03,1.725653457070084094e-13
3.538699999999967076e+03,1.727002250794857913e-13
3.541399999999966894e+03,1.728351044519631731e-13
3.544099999999966712e+03,1.727294107869773627e-13
3.546799999999966531e+03,1.708873497868669004e-13
3.549499999999966349e+03,1.693059516169198894e-13
3.552199999999966167e+03,1.704106659244389359e-13
3.554899999999965985e+03,1.702047300863897767e-13
3.557599999999965803e+03,1.699216467377157241e-13
3.560299999999965621e+03,1.701264582189145781e-13
3.562999999999965439e+03,1.690756349906975826e-13
3.565699999999965257e+03,1.680248117624806124e-13
3.568399999999965075e+03,1.669739885342636422e-13
3.571099999999964894e+03,1.663714587364339460e-13
3.573799999999964712e+03,1.673536321508038924e-13
3.576499999999964530e+03,1.647081776148927214e-13
3.579199999999964348e+03,1.659646164069318745e-13
3.581899999999964166e+03,1.653010431362017025e-13
3.584599999999963984e+03,1.650369211238652120e-13
3.587299999999963802e+03,1.648777131955575599e-13
3.589999999999963620e+03,1.638034433619868994e-13
3.592699999999963438e+03,1.634487626743245708e-13
3.595399999999963256e+03,1.634001733989716190e-13
3.598099999999963075e+03,1.619451674298103715e-13
3.600799999999962893e+03,1.621619799166915524e-13
3.603499999999962711e+03,1.624534064058986319e-13
3.606199999999962529e+03,1.624971092212206029e-13
3.608899999999962347e+03,1.625226147863822357e-13
3.611599999999962165e+03,1.611255264429407548e-13
3.614299999999961983e+03,1.610918503654003267e-13
3.616999999999961801e+03,1.611057651815870522e-13
3.619699999999961619e+03,1.606207799503809137e-13
3.622399999999961437e+03,1.633470821038450068e-13
3.625099999999961256e+03,1.640393413833489506e-13
3.627799999999961074e+03,1.620250023513347627e-13
3.630499999999960892e+03,1.600106633193205494e-13
3.633199999999960710e+03,1.587203828875314239e-13
3.635899999999960528e+03,1.580293726345555683e-13
3.638599999999960346e+03,1.575593696808979252e-13
3.641299999999960164e+03,1.573101725910549622e-13
3.643999999999959982e+03,1.570609755012119740e-13
3.646699999999959800e+03,1.573873412784612269e-13
3.649399999999959618e+03,1.580600588008999447e-13
3.652099999999959437e+03,1.576963960759733557e-13
3.654799999999959255e+03,1.565143791037514729e-13
3.657499999999959073e+03,1.542466079680548481e-13
3.660199999999958891e+03,1.525613698374700425e-13
3.662899999999958709e+03,1.549981606423499208e-13
3.665599999999958527e+03,1.559278720509890936e-13
3.668299999999958345e+03,1.544776186340902087e-13
3.670999999999958163e+03,1.543726391259123870e-13
3.673699999999957981e+03,1.540735420592522890e-13
3.676399999999957799e+03,1.540044712021284380e-13
3.679099999999957618e+03,1.516019147682861774e-13
3.681799999999957436e+03,1.524965046411381606e-13
3.684499999999957254e+03,1.527583181864285415e-13
3.687199999999957072e+03,1.511278928036383618e-13
3.689899999999956890e+03,1.520674308730198158e-13
3.692599999999956708e+03,1.513168298579159861e-13
3.695299999999956526e+03,1.513830246250776475e-13
3.697999999999956344e+03,1.513664130619629401e-13
3.700699999999956162e+03,1.514888234307823847e-13
3.703399999999955980e+03,1.528435023830094341e-13
3.706099999999955799e+03,1.520541675090849169e-13
3.708799999999955617e+03,1.512648326351604249e-13
3.711499999999955435e+03,1.505055815633442916e-13
3.714199999999955253e+03,1.514223191596261862e-13
3.716899999999955071e+03,1.507266278725819054e-13
3.719599999999954889e+03,1.492072403676830641e-13
3.722299999999954707e+03,1.485722597122600077e-13
3.724999999999954525e+03,1.479718213647416849e-13
3.727699999999954343e+03,1.472754047365893145e-13
3.730399999999954161e+03,1.465713894845946758e-13
3.733099999999953980e+03,1.458355975175484829e-13
3.735799999999953798e+03,1.446253486341011027e-13
3.738499999999953616e+03,1.433460366016394453e-13
3.741199999999953434e+03,1.465747627205314537e-13
3.743899999999953252e+03,1.467987691641005406e-13
3.746599999999953070e+03,1.457837182993264778e-13
3.749299999999952888e+03,1.446683230951155304e-13
3.751999999999952706e+03,1.435508277486998708e-13
3.754699999999952524e+03,1.453722260315373525e-13
3.757399999999952342e+03,1.454066497161659462e-13
3.760099999999952161e+03,1.443051140212082684e-13
3.762799999999951979e+03,1.441359740058525756e-13
3.765499999999951797e+03,1.436745233065872517e-13
3.768199999999951615e+03,1.427989985327207971e-13
3.770899999999951433e+03,1.418924112545294326e-13
3.773599999999951251e+03,1.409858239763380933e-13
3.776299999999951069e+03,1.407676360884355095e-13
3.778999999999950887e+03,1.410111295789688628e-13
3.781699999999950705e+03,1.404850735919250870e-13
3.784399999999950523e+03,1.393594338360790582e-13
3.787099999999950342e+03,1.388693362203132366e-13
3.789799999999950160e+03,1.389529468320003289e-13
3.792499999999949978e+03,1.387628980076532909e-13
3.795199999999949796e+03,1.382869417171705879e-13
3.797899999999949614e+03,1.378109854266879101e-13
3.800599999999949432e+03,1.367695812858065529e-13
3.803299999999949250e+03,1.349915742725155921e-13
3.805999999999949068e+03,1.342598887832646330e-13
3.808699999999948886e+03,1.361994511830255441e-13
3.811399999999948704e+03,1.379556778404112002e-13
3.814099999999948523e+03,1.371385450955445230e-13
3.816799999999948341e+03,1.366148308372531034e-13
3.819499999999948159e+03,1.341376425712203711e-13
3.822199999999947977e+03,1.335707884648608527e-13
3.824899999999947795e+03,1.328462582991610354e-13
3.827599999999947613e+03,1.336878892483467961e-13
3.830299999999947431e+03,1.334456216381967284e-13
3.832999999999947249e+03,1.330664022421608215e-13
3.835699999999947067e+03,1.321871317049773574e-13
3.838399999999946886e+03,1.314784537120198004e-13
3.841099999999946704e+03,1.319139861396439475e-13
3.843799999999946522e+03,1.344364097724913369e-13
3.846499999999946340e+03,1.374398019427530238e-13
3.849199999999946158e+03,1.350298665446055296e-13
3.851899999999945976e+03,1.326199311464580607e-13
3.854599999999945794e+03,1.303309398987430445e-13
3.857299999999945612e+03,1.297094342722993082e-13
3.859999999999945430e+03,1.296061363997063079e-13
3.862699999999945248e+03,1.295000938772484209e-13
3.865399999999945067e+03,1.291977936166247836e-13
3.868099999999944885e+03,1.287561276752330729e-13
3.870799999999944703e+03,1.292751389747645072e-13
3.873499999999944521e+03,1.283736428690514818e-13
3.876199999999944339e+03,1.274102855007342203e-13
3.878899999999944157e+03,1.264469281324169840e-13
3.881599999999943975e+03,1.275888377895290673e-13
3.884299999999943793e+03,1.271714877953612892e-13
3.886999999999943611e+03,1.265239938739642868e-13
3.889699999999943429e+03,1.258764999525672845e-13
3.892399999999943248e+03,1.244091434172617089e-13
3.895099999999943066e+03,1.240237573041828309e-13
3.897799999999942884e+03,1.254595989394964692e-13
3.900499999999942702e+03,1.249141487625455710e-13
3.903199999999942520e+03,1.239159030569795396e-13
3.905899999999942338e+03,1.236563154303502189e-13
3.908599999999942156e+03,1.236308602056515405e-13
3.911299999999941974e+03,1.236054049809528622e-13
3.913999999999941792e+03,1.227997077052370047e-13
3.916699999999941610e+03,1.226130793059464132e-13
3.919399999999941429e+03,1.229176694073159259e-13
3.922099999999941247e+03,1.227768941368083973e-13
3.924799999999941065e+03,1.213866900766472184e-13
3.927499999999940883e+03,1.206664628080024554e-13
3.930199999999940701e+03,1.195801894621209448e-13
3.932899999999940519e+03,1.189021090303109601e-13
3.935599999999940337e+03,1.192949675804099371e-13
3.938299999999940155e+03,1.193292264753648632e-13
3.940999999999939973e+03,1.190494552195351796e-13
3.943699999999939791e+03,1.185357148718349052e-13
3.946399999999939610e+03,1.183074093663241170e-13
3.949099999999939428e+03,1.183994995759034998e-13
3.951799999999939246e+03,1.180941465458017056e-13
3.954499999999939064e+03,1.182872518453479053e-13
3.957199999999938882e+03,1.185137254041316964e-13
3.959899999999938700e+03,1.175945072244357081e-13
3.962599999999938518e+03,1.168376084032161280e-13
3.965299999999938336e+03,1.166153149678445941e-13
3.967999999999938154e+03,1.162615304235548601e-13
3.970699999999937972e+03,1.158438912893574129e-13
3.973399999999937791e+03,1.159374239745500780e-13
3.976099999999937609e+03,1.160309566597427432e-13
3.978799999999937427e+03,1.159395283320061528e-13
3.981499999999937245e+03,1.150744231670422948e-13
3.984199999999937063e+03,1.138516552857722221e-13
3.986899999999936881e+03,1.139006673894283542e-13
3.989599999999936699e+03,1.139496794930844863e-13
3.992299999999936517e+03,1.139986915967405931e-13
3.994999999999936335e+03,1.140503862326103144e-13
3.997699999999936153e+03,1.139971465535023385e-13
4.000399999999935972e+03,1.130918079052420820e-13
4.003099999999935790e+03,1.130079780467875807e-13
4.005799999999935608e+03,1.139621568377482101e-13
4.008499999999935426e+03,1.130717007239524719e-13
4.011199999999935244e+03,1.132821400563950894e-13
4.013899999999935062e+03,1.129884662638468786e-13
4.016599999999934880e+03,1.140964300217898150e-13
4.019299999999934698e+03,1.131557669270708498e-13
4.021999999999934516e+03,1.121897753860134162e-13
4.024699999999934334e+03,1.118948171390067585e-13
4.027399999999934153e+03,1.115474990650189800e-13
4.030099999999933971e+03,1.113975182866939163e-13
4.032799999999933789e+03,1.115972474388024989e-13
4.035499999999933607e+03,1.111493123880274604e-13
4.038199999999933425e+03,1.108797528667799632e-13
4.040899999999933243e+03,1.106549754887062044e-13
4.043599999999933061e+03,1.104301981106324455e-13
4.046299999999932879e+03,1.105315908246193400e-13
4.048999999999932697e+03,1.107122581773564921e-13
4.051699999999932515e+03,1.107540275458692629e-13
4.054399999999932334e+03,1.111366599604667616e-13
4.057099999999932152e+03,1.108378275099597925e-13
4.059799999999931970e+03,1.108011684204130284e-13
4.062499999999931788e+03,1.096912223038373302e-13
4.065199999999931606e+03,1.093611183588735393e-13
4.067899999999931424e+03,1.096781031187321744e-13
4.070599999999931242e+03,1.095242564926642850e-13
4.073299999999931060e+03,1.091050143866199250e-13
4.075999999999930878e+03,1.086857722805755649e-13
4.078699999999930697e+03,1.086829148565986900e-13
4.081399999999930515e+03,1.089425965528115211e-13
4.084099999999930333e+03,1.087409743849601968e-13
4.086799999999930151e+03,1.084168666714532754e-13
4.089499999999929969e+03,1.082658023537814605e-13
4.092199999999929787e+03,1.081383924369771224e-13
4.094899999999929605e+03,1.080722282191822921e-13
4.097599999999929423e+03,1.079775607479506371e-13
4.100299999999929241e+03,1.078489286116377932e-13
4.102999999999929059e+03,1.075021802488504591e-13
4.105699999999928878e+03,1.068537882052582564e-13
4.108399999999928696e+03,1.064397017299512047e-13
4.111099999999928514e+03,1.064030527132992506e-13
4.113799999999928332e+03,1.062067265289992356e-13
4.116499999999928150e+03,1.058981966946952401e-13
4.119199999999927968e+03,1.058036160510633135e-13
4.121899999999927786e+03,1.053227053297106995e-13
4.124599999999927604e+03,1.045716940034455937e-13
4.127299999999927422e+03,1.032890308017941650e-13
4.129999999999927240e+03,1.028772231767409544e-13
4.132699999999927059e+03,1.036038881630617416e-13
4.135399999999926877e+03,1.043429217045797363e-13
4.138099999999926695e+03,1.037828832806464610e-13
4.140799999999926513e+03,1.032814784181363808e-13
4.143499999999926331e+03,1.028876209449439426e-13
4.146199999999926149e+03,1.015583092194320043e-13
4.148899999999925967e+03,1.015777714934987464e-13
4.151599999999925785e+03,1.011698675691203851e-13
4.154299999999925603e+03,1.003519839621582215e-13
4.156999999999925421e+03,1.009459184183658852e-13
4.159699999999925240e+03,1.015177156370996113e-13
4.162399999999925058e+03,1.014472366172987840e-13
4.165099999999924876e+03,9.933041869697983182e-14
4.167799999999924694e+03,9.984441356093155105e-14
4.170499999999924512e+03,1.003621233920975359e-13
4.173199999999924330e+03,9.890994188517411593e-14
4.175899999999924148e+03,9.850253035559472496e-14
4.178599999999923966e+03,9.824477721471780102e-14
4.181299999999923784e+03,9.799368876665169335e-14
4.183999999999923602e+03,9.774260031858559829e-14
4.186699999999923421e+03,9.823229339416817100e-14
4.189399999999923239e+03,9.775955641194283263e-14
4.192099999999923057e+03,9.710093238176972134e-14
4.194799999999922875e+03,9.734292107739826367e-14
4.197499999999922693e+03,9.778835624501491971e-14
4.200199999999922511e+03,9.823379141263158837e-14
4.202899999999922329e+03,9.783321616922066035e-14
4.205599999999922147e+03,9.716679699743025095e-14
4.208299999999921965e+03,9.650037782563982893e-14
4.210999999999921783e+03,9.619856961394001946e-14
4.213699999999921602e+03,9.568185182628845853e-14
4.216399999999921420e+03,9.499870867808208159e-14
4.219099999999921238e+03,9.510378533297221805e-14
4.221799999999921056e+03,9.508664006445083294e-14
4.224499999999920874e+03,9.471344997847313921e-14
4.227199999999920692e+03,9.502724140350137930e-14
4.229899999999920510e+03,9.520704233777861006e-14
4.232599999999920328e+03,9.493766315196372404e-14
4.235299999999920146e+03,9.407995752871321135e-14
4.237999999999919964e+03,9.352097778086109470e-14
4.240699999999919783e+03,9.359585837248622393e-14
4.243399999999919601e+03,9.358158502751648038e-14
4.246099999999919419e+03,9.356731168254673682e-14
4.248799999999919237e+03,9.355303833757699326e-14
4.251499999999919055e+03,9.353876499260724970e-14
4.254199999999918873e+03,9.325853519798402204e-14
4.256899999999918691e+03,9.288015819274037900e-14
4.259599999999918509e+03,9.269785225902716778e-14
4.262299999999918327e+03,9.213850812714659657e-14
4.264999999999918145e+03,9.202008324485765358e-14
4.267699999999917964e+03,9.237100147933733603e-14
4.270399999999917782e+03,9.207514121007369194e-14
4.273099999999917600e+03,9.197538979078493698e-14
4.275799999999917418e+03,9.152201103859353216e-14
4.278499999999917236e+03,9.117821904976723526e-14
4.281199999999917054e+03,9.105862553030246063e-14
4.283899999999916872e+03,9.146403285831342053e-14
4.286599999999916690e+03,9.106605460568556104e-14
4.289299999999916508e+03,9.066807635305770155e-14
4.291999999999916326e+03,9.036810339344900073e-14
4.294699999999916145e+03,9.058680396631748523e-14
4.297399999999915963e+03,9.080366113070038603e-14
4.300099999999915781e+03,9.100731573354927833e-14
4.302799999999915599e+03,9.121097033639817062e-14
4.305499999999915417e+03,9.134282682174850491e-14
4.308199999999915235e+03,9.048951324168862347e-14
4.310899999999915053e+03,8.967359908549324881e-14
4.313599999999914871e+03,9.001234579235056110e-14
4.316299999999914689e+03,9.083679109752306001e-14
4.318999999999914507e+03,9.057299046231496644e-14
4.321699999999914326e+03,9.030391669317881058e-14
4.324399999999914144e+03,9.003484292404265472e-14
4.327099999999913962e+03,8.976576915490648624e-14
4.329799999999913780e+03,8.949669538577033039e-14
4.332499999999913598e+03,9.038439325050941957e-14
4.335199999999913416e+03,9.077887931828809508e-14
4.337899999999913234e+03,9.069079259987208359e-14
4.340599999999913052e+03,8.985348931514706648e-14
4.343299999999912870e+03,8.981063165101183346e-14
4.345999999999912689e+03,8.995320444446932774e-14
4.348699999999912507e+03,8.900615693321826225e-14
4.351399999999912325e+03,8.840069501934449941e-14
4.354099999999912143e+03,8.797354529568740977e-14
4.356799999999911961e+03,8.742456416495679176e-14
4.359499999999911779e+03,8.683297693740315008e-14
4.362199999999911597e+03,8.674098053939705304e-14
4.364899999999911415e+03,8.685841612254786585e-14
4.367599999999911233e+03,8.697585170569867866e-14
4.370299999999911051e+03,8.726934201065072845e-14
4.372999999999910870e+03,8.680105734206405979e-14
4.375699999999910688e+03,8.642855258270821248e-14
4.378399999999910506e+03,8.623502831557481147e-14
4.381099999999910324e+03,8.590947256930860009e-14
4.383799999999910142e+03,8.558391682304237610e-14
4.386499999999909960e+03,8.525836107677615210e-14
4.389199999999909778e+03,8.493280533050992811e-14
4.391899999999909596e+03,8.450837126464689955e-14
4.394599999999909414e+03,8.404870228178529240e-14
4.397299999999909232e+03,8.396732940533287853e-14
4.399999999999909051e+03,8.401364941855637435e-14
4.402699999999908869e+03,8.378355591451231844e-14
4.405399999999908687e+03,8.378932213534574681e-14
4.408099999999908505e+03,8.380551021619063688e-14
4.410799999999908323e+03,8.333171046173526175e-14
4.413499999999908141e+03,8.325095102878259141e-14
4.416199999999907959e+03,8.321459299588478974e-14
4.418899999999907777e+03,8.247997347360953643e-14
4.421599999999907595e+03,8.311385829546543966e-14
4.424299999999907413e+03,8.372953887275483123e-14
4.426999999999907232e+03,8.310083223531447766e-14
4.429699999999907050e+03,8.283660970566815347e-14
4.432399999999906868e+03,8.332081514353685489e-14
4.435099999999906686e+03,8.271869304288183684e-14
4.437799999999906504e+03,8.203854292906014989e-14
4.440499999999906322e+03,8.104250251040227501e-14
4.443199999999906140e+03,8.033717255043435406e-14
4.445899999999905958e+03,8.103004911144547905e-14
4.448599999999905776e+03,8.109550025527755244e-14
4.451299999999905594e+03,8.115774901648617018e-14
4.453999999999905413e+03,8.115698480342810387e-14
4.456699999999905231e+03,8.078628975517046846e-14
4.459399999999905049e+03,8.041559470691283304e-14
4.462099999999904867e+03,8.007342349631078034e-14
4.464799999999904685e+03,8.049812876074606067e-14
4.467499999999904503e+03,8.092283402518134100e-14
4.470199999999904321e+03,8.134753928961662133e-14
4.472899999999904139e+03,8.079547266581014171e-14
4.475599999999903957e+03,8.084320771488719296e-14
4.478299999999903775e+03,8.069263531072728095e-14
4.480999999999903594e+03,8.052938987668436204e-14
4.483699999999903412e+03,7.993890205387804512e-14
4.486399999999903230e+03,7.995887007617505560e-14
4.489099999999903048e+03,7.965461958759762496e-14
4.491799999999902866e+03,7.995256252599441085e-14
4.494499999999902684e+03,7.940036207677210020e-14
4.497199999999902502e+03,7.952080885520295055e-14
4.499899999999902320e+03,7.982960877639852509e-14
4.502599999999902138e+03,7.947782754402429107e-14
4.505299999999901956e+03,7.912927979519484930e-14
4.507999999999901775e+03,7.935779050541969449e-14
4.510699999999901593e+03,7.976143926740702718e-14
4.513399999999901411e+03,7.983717381322595485e-14
4.516099999999901229e+03,7.978052343875064224e-14
4.518799999999901047e+03,7.999850131200881215e-14
4.521499999999900865e+03,8.034778285719523156e-14
4.524199999999900683e+03,8.020541159011433507e-14
4.526899999999900501e+03,7.956621264273032562e-14
4.529599999999900319e+03,7.935740897591265136e-14
4.532299999999900137e+03,7.946354082285515870e-14
4.534999999999899956e+03,7.953189283375830193e-14
4.537699999999899774e+03,7.946561604387628737e-14
4.540399999999899592e+03,7.928971329852912797e-14
4.543099999999899410e+03,7.909270714680137791e-14
4.545799999999899228e+03,7.887585925786135852e-14
4.548499999999899046e+03,7.865901136892132652e-14
4.551199999999898864e+03,7.844216347998130713e-14
4.553899999999898682e+03,7.822531559104127513e-14
4.556599999999898500e+03,7.823456570350170299e-14
4.559299999999898318e+03,7.848466541455797661e-14
4.561999999999898137e+03,7.871501421584668789e-14
4.564699999999897955e+03,7.905883956813977634e-14
4.567399999999897773e+03,7.940266492043287741e-14
4.570099999999897591e+03,7.945991251366180533e-14
4.572799999999897409e+03,7.895288640060632953e-14
4.575499999999897227e+03,7.849980811266442329e-14
4.578199999999897045e+03,7.817192033794223535e-14
4.580899999999896863e+03,7.779443968729367981e-14
4.583599999999896681e+03,7.757797003518052871e-14
4.586299999999896500e+03,7.808754379927971841e-14
4.588999999999896318e+03,7.799529734124699343e-14
4.591699999999896136e+03,7.778503934727704860e-14
4.594399999999895954e+03,7.722111339662393368e-14
4.597099999999895772e+03,7.729048819007765558e-14
4.599799999999895590e+03,7.734321506389680904e-14
4.602499999999895408e+03,7.729445457724372701e-14
4.605199999999895226e+03,7.724569409059063236e-14
4.607899999999895044e+03,7.723111466797000760e-14
4.610599999999894862e+03,7.756591364434403766e-14
4.613299999999894681e+03,7.781259117027973393e-14
4.615999999999894499e+03,7.803970379448866203e-14
4.618699999999894317e+03,7.771651856650793009e-14
4.621399999999894135e+03,7.739333333852718553e-14
4.624099999999893953e+03,7.803276281008605151e-14
4.626799999999893771e+03,7.708634772996122827e-14
4.629499999999893589e+03,7.709091239152992095e-14
4.632199999999893407e+03,7.713278952710259878e-14
4.634899999999893225e+03,7.709219989021257226e-14
4.637599999999893043e+03,7.790096097526875489e-14
4.640299999999892862e+03,7.763980866128149266e-14
4.642999999999892680e+03,7.842208743447036109e-14
4.645699999999892498e+03,7.787325472424551819e-14
4.648399999999892316e+03,7.771883616879844062e-14
4.651099999999892134e+03,7.768772307627174985e-14
4.653799999999891952e+03,7.765660998374507169e-14
4.656499999999891770e+03,7.770669144390250777e-14
4.659199999999891588e+03,7.757616438552640170e-14
4.661899999999891406e+03,7.745311670199151212e-14
4.664599999999891224e+03,7.846469426848925231e-14
4.667299999999891043e+03,7.827030341111746683e-14
4.669999999999890861e+03,7.868673578628687541e-14
4.672699999999890679e+03,7.961051979077513845e-14
4.675399999999890497e+03,8.040581229929433677e-14
4.678099999999890315e+03,8.116042928913321999e-14
4.680799999999890133e+03,8.226300642139002914e-14
4.683499999999889951e+03,8.374654020442224794e-14
4.686199999999889769e+03,8.367562065578177076e-14
4.688899999999889587e+03,8.245556849516156499e-14
4.691599999999889405e+03,8.123551633454135921e-14
4.694299999999889224e+03,8.019588572820809535e-14
4.696999999999889042e+03,7.915974754761533990e-14
4.699699999999888860e+03,7.798574208128762355e-14
4.702399999999888678e+03,7.725295489922832391e-14
4.705099999999888496e+03,7.660732492383734452e-14
4.707799999999888314e+03,7.575704717456661833e-14
4.710499999999888132e+03,7.517766380814838946e-14
4.713199999999887950e+03,7.446143639540384309e-14
4.715899999999887768e+03,7.352855617286091738e-14
4.718599999999887586e+03,7.255809835014479592e-14
4.721299999999887405e+03,7.175719871275668034e-14
4.723999999999887223e+03,7.119281774529310349e-14
4.726699999999887041e+03,7.051540084925704943e-14
4.729399999999886859e+03,6.999364538329445685e-14
4.732099999999886677e+03,6.981624448179932886e-14
4.734799999999886495e+03,6.963884358030421349e-14
4.737499999999886313e+03,6.940740653630634589e-14
4.740199999999886131e+03,6.902121161691841757e-14
4.742899999999885949e+03,6.867122045199438430e-14
4.745599999999885767e+03,6.844677585535418775e-14
4.748299999999885586e+03,6.806185546411277324e-14
4.750999999999885404e+03,6.717455991263210730e-14
4.753699999999885222e+03,6.719022757557843035e-14
4.756399999999885040e+03,6.717463670224637993e-14
4.759099999999884858e+03,6.696129735873218628e-14
4.761799999999884676e+03,6.670825691647389781e-14
4.764499999999884494e+03,6.610419562364452712e-14
4.767199999999884312e+03,6.557191253082330545e-14
4.769899999999884130e+03,6.601159185257770390e-14
4.772599999999883948e+03,6.584228856424018881e-14
4.775299999999883767e+03,6.567298527590267371e-14
4.777999999999883585e+03,6.550368198756517124e-14
4.780699999999883403e+03,6.440387598003681293e-14
4.783399999999883221e+03,6.508153557415131274e-14
4.786099999999883039e+03,6.579605519100524206e-14
4.788799999999882857e+03,6.570279238413510081e-14
4.791499999999882675e+03,6.556246753742423131e-14
4.794199999999882493e+03,6.542579974824035967e-14
4.796899999999882311e+03,6.528949273560198540e-14
4.799599999999882129e+03,6.437129944387113677e-14
4.802299999999881948e+03,6.283373851462771640e-14
4.804999999999881766e+03,6.121217552121499553e-14
4.807699999999881584e+03,5.989890790248652752e-14
4.810399999999881402e+03,6.002346640529277719e-14
4.813099999999881220e+03,6.047788152144391940e-14
4.815799999999881038e+03,6.159456790476915692e-14
4.818499999999880856e+03,6.313118666743805198e-14
4.821199999999880674e+03,6.474073964833123870e-14
4.823899999999880492e+03,6.480933907373377122e-14
4.826599999999880310e+03,6.360096116942193906e-14
4.829299999999880129e+03,6.364150214560289882e-14
4.831999999999879947e+03,6.418799334906540075e-14
4.834699999999879765e+03,6.434935294939334363e-14
4.837399999999879583e+03,6.451743220857172557e-14
4.840099999999879401e+03,6.462648285898588183e-14
4.842799999999879219e+03,6.497038591183983955e-14
4.845499999999879037e+03,6.504730142203438497e-14
4.848199999999878855e+03,6.557752605704421114e-14
4.850899999999878673e+03,6.672865370889126649e-14
4.853599999999878492e+03,6.742450954277846635e-14
4.856299999999878310e+03,6.737276016066062626e-14
4.858999999999878128e+03,6.726277414715853194e-14
4.861699999999877946e+03,6.742612412387559793e-14
4.864399999999877764e+03,6.696236740769568126e-14
4.867099999999877582e+03,6.576575253934994521e-14
4.869799999999877400e+03,6.495974118379598065e-14
4.872499999999877218e+03,6.453077339486153378e-14
4.875199999999877036e+03,6.388907694950217529e-14
4.877899999999876854e+03,6.324738050414282942e-14
4.880599999999876673e+03,6.260568405878347093e-14
4.883299999999876491e+03,6.196398761342412506e-14
4.885999999999876309e+03,6.152029139016962301e-14
4.888699999999876127e+03,6.131384666991881317e-14
4.891399999999875945e+03,6.084214864264654695e-14
4.894099999999875763e+03,6.069503201026293615e-14
4.896799999999875581e+03,6.054791537787932535e-14
4.899499999999875399e+03,6.025396626102508794e-14
4.902199999999875217e+03,5.963833207551406607e-14
4.904899999999875035e+03,5.957186397977369248e-14
4.907599999999874854e+03,5.962588113734261226e-14
4.910299999999874672e+03,5.956634241713166808e-14
4.912999999999874490e+03,5.896720701015008208e-14
4.915699999999874308e+03,5.844645494889601959e-14
4.918399999999874126e+03,5.810555585253064193e-14
4.921099999999873944e+03,5.890877256147656310e-14
4.923799999999873762e+03,5.815293682133558098e-14
4.926499999999873580e+03,5.826199324440386030e-14
4.929199999999873398e+03,5.778415552792011676e-14
4.931899999999873216e+03,5.771420671903737603e-14
4.934599999999873035e+03,5.812030663286355184e-14
4.937299999999872853e+03,5.743674705941738646e-14
4.939999999999872671e+03,5.675318748597122739e-14
4.942699999999872489e+03,5.654837440359152463e-14
4.945399999999872307e+03,5.635179319591191450e-14
4.948099999999872125e+03,5.615521198823230437e-14
4.950799999999871943e+03,5.625166077466472002e-14
4.953499999999871761e+03,5.615541235104533998e-14
4.956199999999871579e+03,5.603936408608913014e-14
4.958899999999871397e+03,5.628311586319106081e-14
4.961599999999871216e+03,5.620468257637781809e-14
4.964299999999871034e+03,5.606819570096148359e-14
4.966999999999870852e+03,5.593170882554514909e-14
4.969699999999870670e+03,5.558973458438760661e-14
4.972399999999870488e+03,5.518514066539754754e-14
4.975099999999870306e+03,5.544958225525105974e-14
4.977799999999870124e+03,5.606479122403367478e-14
4.980499999999869942e+03,5.608003962395062971e-14
4.983199999999869760e+03,5.587449371381501949e-14
4.985899999999869578e+03,5.557404214971068023e-14
4.988599999999869397e+03,5.488757661569870534e-14
4.991299999999869215e+03,5.504406463745420550e-14
4.993999999999869033e+03,5.520630408757098388e-14
4.996699999999868851e+03,5.513175193683166107e-14
4.999399999999868669e+03,5.494508898424063794e-14
5.002099999999868487e+03,5.469221468826836399e-14
5.004799999999868305e+03,5.443934039229609005e-14
5.007499999999868123e+03,5.437833759064109350e-14
5.010199999999867941e+03,5.445720689514931659e-14
5.012899999999867759e+03,5.453607619965753968e-14
5.015599999999867578e+03,5.455036627073471709e-14
5.018299999999867396e+03,5.425623616512285932e-14
5.020999999999867214e+03,5.415791476636195141e-14
5.023699999999867032e+03,5.407623913850170095e-14
5.026399999999866850e+03,5.379403545812304075e-14
5.029099999999866668e+03,5.361354121227699618e-14
5.031799999999866486e+03,5.343255437001357322e-14
5.034499999999866304e+03,5.345023169490459091e-14
5.037199999999866122e+03,5.325040531265184576e-14
5.039899999999865940e+03,5.305057893039910061e-14
5.042599999999865759e+03,5.300525214963628229e-14
5.045299999999865577e+03,5.306585298930861559e-14
5.047999999999865395e+03,5.287870575246057599e-14
5.050699999999865213e+03,5.283608836622222178e-14
5.053399999999865031e+03,5.284996520387048929e-14
5.056099999999864849e+03,5.291692142830372556e-14
5.058799999999864667e+03,5.269351581279626296e-14
5.061499999999864485e+03,5.225230225513088885e-14
5.064199999999864303e+03,5.220184575810785400e-14
5.066899999999864121e+03,5.298049374528264304e-14
5.069599999999863940e+03,5.209546153516083059e-14
5.072299999999863758e+03,5.192597825178605924e-14
5.074999999999863576e+03,5.202088406862603999e-14
5.077699999999863394e+03,5.259803840374745310e-14
5.080399999999863212e+03,5.183081058103100422e-14
5.083099999999863030e+03,5.106358275831455534e-14
5.085799999999862848e+03,5.042106753480434903e-14
5.088499999999862666e+03,5.094602583258830076e-14
5.091199999999862484e+03,5.136603777254568407e-14
5.093899999999862303e+03,5.139850405644283857e-14
5.096599999999862121e+03,5.079975622959545007e-14
5.099299999999861939e+03,5.093991053592031014e-14
5.101999999999861757e+03,5.087410927544961718e-14
5.104699999999861575e+03,5.080830801497892422e-14
5.107399999999861393e+03,5.019529770486017302e-14
5.110099999999861211e+03,5.051373725104163559e-14
5.112799999999861029e+03,5.026613928025338616e-14
5.115499999999860847e+03,4.998548052355349944e-14
5.118199999999860665e+03,5.000927741409567948e-14
5.120899999999860484e+03,5.014684231018713216e-14
5.123599999999860302e+03,5.005452881983617634e-14
5.126299999999860120e+03,5.008424757978016194e-14
5.128999999999859938e+03,4.981937142914692951e-14
5.131699999999859756e+03,4.963950728349910059e-14
5.134399999999859574e+03,4.948796084223589711e-14
5.137099999999859392e+03,4.984747488367408862e-14
5.139799999999859210e+03,4.969558961633901749e-14
5.142499999999859028e+03,4.936788157695790775e-14
5.145199999999858846e+03,4.934156156849998015e-14
5.147899999999858665e+03,4.966663261711067558e-14
5.150599999999858483e+03,4.959244949580794655e-14
5.153299999999858301e+03,4.933051746396551031e-14
5.155999999999858119e+03,4.914871665451476441e-14
5.158699999999857937e+03,4.888946958274299371e-14
5.161399999999857755e+03,4.904272730378942565e-14
5.164099999999857573e+03,4.903766155582567298e-14
5.166799999999857391e+03,4.880180442218678348e-14
5.169499999999857209e+03,4.856594728854789397e-14
5.172199999999857027e+03,4.869456747413462038e-14
5.174899999999856846e+03,4.890325937647390723e-14
5.177599999999856664e+03,4.898201265453202370e-14
5.180299999999856482e+03,4.859520442706648786e-14
5.182999999999856300e+03,4.816911836230605416e-14
5.185699999999856118e+03,4.807502527787416639e-14
5.188399999999855936e+03,4.789299335533999257e-14
5.191099999999855754e+03,4.743207698583861315e-14
5.193799999999855572e+03,4.748233390909393436e-14
5.196499999999855390e+03,4.786225118035784550e-14
5.199199999999855208e+03,4.761049892606189460e-14
5.201899999999855027e+03,4.748688425509879838e-14
5.204599999999854845e+03,4.742021634828953688e-14
5.207299999999854663e+03,4.716024011234628108e-14
5.209999999999854481e+03,4.705183242961995083e-14
5.212699999999854299e+03,4.720919287996049555e-14
5.215399999999854117e+03,4.722166930426862629e-14
5.218099999999853935e+03,4.694142257335332876e-14
5.220799999999853753e+03,4.672785583777242201e-14
5.223499999999853571e+03,4.667059982530707826e-14
5.226199999999853389e+03,4.654620739836756512e-14
5.228899999999853208e+03,4.623459991005785422e-14
5.231599999999853026e+03,4.610020269297155094e-14
5.234299999999852844e+03,4.646285659327522745e-14
5.236999999999852662e+03,4.664756106133454049e-14
5.239699999999852480e+03,4.728435476660909561e-14
5.242399999999852298e+03,4.648493933942007846e-14
5.245099999999852116e+03,4.626370163753901198e-14
5.247799999999851934e+03,4.586412397859206506e-14
5.250499999999851752e+03,4.588853356917946905e-14
5.253199999999851570e+03,4.589268248706766087e-14
5.255899999999851389e+03,4.574155662989960160e-14
5.258599999999851207e+03,4.571733803881914409e-14
5.261299999999851025e+03,4.571127373148151025e-14
5.263999999999850843e+03,4.596161687118889045e-14
5.266699999999850661e+03,4.560950041716885948e-14
5.269399999999850479e+03,4.561779385309081084e-14
5.272099999999850297e+03,4.583253132763477634e-14
5.274799999999850115e+03,4.596106145268443406e-14
5.277499999999849933e+03,4.521142681505751121e-14
5.280199999999849751e+03,4.534674152875265497e-14
5.282899999999849570e+03,4.523040979965050515e-14
5.285599999999849388e+03,4.498210326787395951e-14
5.288299999999849206e+03,4.484638054565406699e-14
5.290999999999849024e+03,4.498397207003387761e-14
5.293699999999848842e+03,4.427225243066244462e-14
5.296399999999848660e+03,4.416053660623546201e-14
5.299099999999848478e+03,4.415491927362291565e-14
5.301799999999848296e+03,4.430634583249692716e-14
5.304499999999848114e+03,4.399993459537014479e-14
5.307199999999847932e+03,4.383309647457598066e-14
5.309899999999847751e+03,3.649038598383890091e-14
5.312599999999847569e+03,3.644090909454443766e-14
5.315299999999847387e+03,3.645464177248748742e-14
5.317999999999847205e+03,3.625895174959107592e-14
5.320699999999847023e+03,3.603743609912774824e-14
5.323399999999846841e+03,3.604893397815847788e-14
5.326099999999846659e+03,3.595196267943657746e-14
5.328799999999846477e+03,3.572964271581247153e-14
5.331499999999846295e+03,3.549037188785061567e-14
5.334199999999846113e+03,3.529732110345489327e-14
5.336899999999845932e+03,3.520199480857287157e-14
5.339599999999845750e+03,3.522059714524604824e-14
5.342299999999845568e+03,3.523206087842104112e-14
5.344999999999845386e+03,3.526851638241085013e-14
5.347699999999845204e+03,3.556267257180151733e-14
5.350399999999845022e+03,3.572592754644243843e-14
5.353099999999844840e+03,3.567210016954497866e-14
5.355799999999844658e+03,3.570718050601173822e-14
5.358499999999844476e+03,3.600621724561503192e-14
5.361199999999844295e+03,3.623828655954471173e-14
5.363899999999844113e+03,3.603665394392301478e-14
5.366599999999843931e+03,3.595107873889586517e-14
5.369299999999843749e+03,3.581803165097243678e-14
5.371999999999843567e+03,3.571915735662653896e-14
5.374699999999843385e+03,3.606554417956985816e-14
5.377399999999843203e+03,3.625492319655627550e-14
5.380099999999843021e+03,3.611781513419992912e-14
5.382799999999842839e+03,3.612315478647560614e-14
5.385499999999842657e+03,3.636119684797739835e-14
5.388199999999842476e+03,3.649490662850134675e-14
5.390899999999842294e+03,3.655445514274413358e-14
5.393599999999842112e+03,3.646625371331323059e-14
5.396299999999841930e+03,3.646891237272630325e-14
5.398999999999841748e+03,3.648506799241121707e-14
5.401699999999841566e+03,3.666395528387756644e-14
5.404399999999841384e+03,3.688529237559699478e-14
5.407099999999841202e+03,3.685365403202059668e-14
5.409799999999841020e+03,3.671697885267451606e-14
5.412499999999840838e+03,3.627692256272317599e-14
5.415199999999840657e+03,3.608213850371866437e-14
5.417899999999840475e+03,3.590884924723921310e-14
5.420599999999840293e+03,3.588083990049954884e-14
5.423299999999840111e+03,3.590195027696715749e-14
5.425999999999839929e+03,3.569686209427639961e-14
5.428699999999839747e+03,3.539212893408250791e-14
5.431399999999839565e+03,3.509533905743026964e-14
5.434099999999839383e+03,3.489444783681037429e-14
5.436799999999839201e+03,3.494003897113021507e-14
5.439499999999839019e+03,3.494790874000098427e-14
5.442199999999838838e+03,3.476415792506977951e-14
5.444899999999838656e+03,3.462718056421123873e-14
5.447599999999838474e+03,3.445617706938694253e-14
5.450299999999838292e+03,3.429414555938449576e-14
5.452999999999838110e+03,3.406097734580104291e-14
5.455699999999837928e+03,3.395361039148811812e-14
5.458399999999837746e+03,3.379397546337222355e-14
5.461099999999837564e+03,3.375530900755705241e-14
5.463799999999837382e+03,3.385052118894504512e-14
5.466499999999837200e+03,3.389816522634941366e-14
5.469199999999837019e+03,3.384111896325267994e-14
5.471899999999836837e+03,3.377302926885399001e-14
5.474599999999836655e+03,3.370493957445530639e-14
5.477299999999836473e+03,3.341096705913076914e-14
5.479999999999836291e+03,3.345789780866157600e-14
5.482699999999836109e+03,3.328847850479388443e-14
5.485399999999835927e+03,3.330430080907507744e-14
5.488099999999835745e+03,3.311332887352069156e-14
5.490799999999835563e+03,3.319997964066109425e-14
5.493499999999835381e+03,3.333669712838859033e-14
5.496199999999835200e+03,3.346241829808988399e-14
5.498899999999835018e+03,3.339642481442557906e-14
5.501599999999834836e+03,3.338825562893792532e-14
5.504299999999834654e+03,3.337961824932624629e-14
5.506999999999834472e+03,3.308952348185431369e-14
5.509699999999834290e+03,3.306665304229414759e-14
5.512399999999834108e+03,3.315898686105682455e-14
5.515099999999833926e+03,3.289748464508069555e-14
5.517799999999833744e+03,3.279972865376764982e-14
5.520499999999833562e+03,3.290790935436068546e-14
5.523199999999833381e+03,3.290281264040215716e-14
5.525899999999833199e+03,3.284796321440333244e-14
5.528599999999833017e+03,3.291288509163980669e-14
5.531299999999832835e+03,3.301639702342309109e-14
5.533999999999832653e+03,3.292712462622011937e-14
5.536699999999832471e+03,3.276408251117561973e-14
5.539399999999832289e+03,3.260104039613112009e-14
5.542099999999832107e+03,3.242077828714867107e-14
5.544799999999831925e+03,3.220668978936012689e-14
5.547499999999831743e+03,3.221068766774559333e-14
5.550199999999831562e+03,3.238889901272541579e-14
5.552899999999831380e+03,3.222071449971305154e-14
5.555599999999831198e+03,3.201256531113749434e-14
5.558299999999831016e+03,3.226681920341746153e-14
5.560999999999830834e+03,3.236897615965378468e-14
5.563699999999830652e+03,3.229580940717500134e-14
5.566399999999830470e+03,3.232124855432544329e-14
5.569099999999830288e+03,3.217850433779150123e-14
5.571799999999830106e+03,3.210045366389696078e-14
5.574499999999829924e+03,3.196100995144382989e-14
5.577199999999829743e+03,3.173116440316282053e-14
5.579899999999829561e+03,3.181342643470916728e-14
5.582599999999829379e+03,3.186204255842069502e-14
5.585299999999829197e+03,3.172150824069596714e-14
5.587999999999829015e+03,3.170546069817316040e-14
5.590699999999828833e+03,3.197921996830913642e-14
5.593399999999828651e+03,3.189567674453568577e-14
5.596099999999828469e+03,3.192108629978868750e-14
5.598799999999828287e+03,3.222427834635549594e-14
5.600000000000000000e+03,3.205483591206384471e-14
5.604899999999999636e+03,3.153675001366335047e-14
5.609799999999999272e+03,3.144425389631749376e-14
5.614699999999998909e+03,3.129910394834516091e-14
5.619599999999998545e+03,3.142004025856220556e-14
5.624499999999998181e+03,3.140717438654567385e-14
5.629399999999997817e+03,3.117585289009663842e-14
5.634299999999997453e+03,3.099647083552046125e-14
5.639199999999997090e+03,3.109144426549061570e-14
5.644099999999996726e+03,3.101627031375654395e-14
5.648999999999996362e+03,3.067385660914196709e-14
5.653899999999995998e+03,3.033793634710856047e-14
5.658799999999995634e+03,3.014704080389465593e-14
5.663699999999995271e+03,3.072086854869671072e-14
5.668599999999994907e+03,3.049269725833491181e-14
5.673499999999994543e+03,3.034884892531325933e-14
5.678399999999994179e+03,3.042576261322622054e-14
5.683299999999993815e+03,3.019018300552396425e-14
5.688199999999993452e+03,3.030711081685870400e-14
5.693099999999993088e+03,3.059462897048372646e-14
5.697999999999992724e+03,3.013445820963200951e-14
5.702899999999992360e+03,2.457192558187538122e-14
5.707799999999991996e+03,2.436048768584365793e-14
5.712699999999991633e+03,2.422666647516639554e-14
5.717599999999991269e+03,2.412166497135857376e-14
5.722499999999990905e+03,2.411013977153413506e-14
5.727399999999990541e+03,2.409861457170969636e-14
5.732299999999990177e+03,2.422207155504746111e-14
5.737199999999989814e+03,2.456003051435722662e-14
5.742099999999989450e+03,2.436143575129029726e-14
5.746999999999989086e+03,2.419159586457675842e-14
5.751899999999988722e+03,2.408173504196325393e-14
5.756799999999988358e+03,2.400024347280779956e-14
5.761699999999987995e+03,2.399224570435966829e-14
5.766599999999987631e+03,2.413094305418169432e-14
5.771499999999987267e+03,2.458211812953960807e-14
5.776399999999986903e+03,2.505451922501899346e-14
5.781299999999986539e+03,2.571865532546338454e-14
5.786199999999986176e+03,2.587873600394092155e-14
5.791099999999985812e+03,2.577925472949354035e-14
5.795999999999985448e+03,2.594029122089069564e-14
5.800899999999985084e+03,2.567448191922547456e-14
5.805799999999984720e+03,2.533799645012264123e-14
5.810699999999984357e+03,2.485877116186193383e-14
5.815599999999983993e+03,2.437954587360122642e-14
5.820499999999983629e+03,2.389935183861571417e-14
5.825399999999983265e+03,2.354008919053398747e-14
5.830299999999982901e+03,2.338453755935864424e-14
5.835199999999982538e+03,2.318881616706050576e-14
5.840099999999982174e+03,2.299310805194419717e-14
5.844999999999981810e+03,2.279742279320672261e-14
5.849899999999981446e+03,2.256760417131652934e-14
5.854799999999981083e+03,2.238514144960163673e-14
5.859699999999980719e+03,2.233765896479492493e-14
5.864599999999980355e+03,2.211529619673089666e-14
5.869499999999979991e+03,2.180069369324770463e-14
5.874399999999979627e+03,2.166423698279078491e-14
5.879299999999979264e+03,2.156809539882618956e-14
5.884199999999978900e+03,2.147195381486159738e-14
5.889099999999978536e+03,2.127134980363029416e-14
5.893999999999978172e+03,2.117004102271144920e-14
5.898899999999977808e+03,2.140150126478369053e-14
5.903799999999977445e+03,2.141901523247069419e-14
5.908699999999977081e+03,2.115703837381053564e-14
5.913599999999976717e+03,2.126431689623882613e-14
5.918499999999976353e+03,2.153482785795450507e-14
5.923399999999975989e+03,2.144321633332115614e-14
5.928299999999975626e+03,2.141352199006573317e-14
5.933199999999975262e+03,2.116898413939927565e-14
5.938099999999974898e+03,2.092709230548350330e-14
5.942999999999974534e+03,2.099286816718832639e-14
5.947899999999974170e+03,2.099056811406601409e-14
5.952799999999973807e+03,2.107330681758444148e-14
5.957699999999973443e+03,2.107751170103052696e-14
5.962599999999973079e+03,2.121312226112697127e-14
5.967499999999972715e+03,2.128417227542718325e-14
5.972399999999972351e+03,2.100120037064996034e-14
5.977299999999971988e+03,2.074887861760031972e-14
5.982199999999971624e+03,2.049678513070177776e-14
5.987099999999971260e+03,2.056142375278497290e-14
5.991999999999970896e+03,2.063204299889245284e-14
5.996899999999970532e+03,2.043854532069314292e-14
6.001799999999970169e+03,2.024504764249383615e-14
6.006699999999969805e+03,2.027170339618613305e-14
6.011599999999969441e+03,2.048107899458710121e-14
6.016499999999969077e+03,2.069078036777222650e-14
6.021399999999968713e+03,2.071011132105175329e-14
6.026299999999968350e+03,2.057046994177576215e-14
6.031199999999967986e+03,2.034789284319610829e-14
6.036099999999967622e+03,2.021934742456951974e-14
6.040999999999967258e+03,2.021264291324694092e-14
6.045899999999966894e+03,2.020593840192435895e-14
6.050799999999966531e+03,2.019923389060177697e-14
6.055699999999966167e+03,2.019252937927919500e-14
6.060599999999965803e+03,2.016982885732440471e-14
6.065499999999965439e+03,1.989856763312852754e-14
6.070399999999965075e+03,2.003808049608050742e-14
6.075299999999964712e+03,1.999823615637361157e-14
6.080199999999964348e+03,1.995789522462056462e-14
6.085099999999963984e+03,1.979771251683408340e-14
6.089999999999963620e+03,1.986061034898130825e-14
6.094899999999963256e+03,1.985266768196114729e-14
6.099799999999962893e+03,1.959471836319078235e-14
6.104699999999962529e+03,1.958027738334939061e-14
6.109599999999962165e+03,1.972119956765042231e-14
6.114499999999961801e+03,1.967579867989895973e-14
6.119399999999961437e+03,1.946220079446343145e-14
6.124299999999961074e+03,1.929626154655603821e-14
6.129199999999960710e+03,1.917473901582004441e-14
6.134099999999960346e+03,1.905321648508404745e-14
6.138999999999959982e+03,1.893169395434805050e-14
6.143899999999959618e+03,1.893818100169873488e-14
6.148799999999959255e+03,1.941306396264998891e-14
6.153699999999958891e+03,1.943302149423604670e-14
6.158599999999958527e+03,1.914421433365890839e-14
6.163499999999958163e+03,1.902133523229893477e-14
6.168399999999957799e+03,1.900231257048569817e-14
6.173299999999957436e+03,1.899593930155780792e-14
6.178199999999957072e+03,1.896826435872767179e-14
6.183099999999956708e+03,1.892024041936043643e-14
6.187999999999956344e+03,1.886751629337495841e-14
6.192899999999955980e+03,1.851061288604984205e-14
6.197799999999955617e+03,1.858590274714705972e-14
6.202699999999955253e+03,1.887730795078404042e-14
6.207599999999954889e+03,1.862394959334631414e-14
6.212499999999954525e+03,1.878949205141755108e-14
6.217399999999954161e+03,1.841137532592810892e-14
6.222299999999953798e+03,1.825531367513774275e-14
6.227199999999953434e+03,1.827227354851289302e-14
6.232099999999953070e+03,1.828923342188804644e-14
6.236999999999952706e+03,1.830619329526319670e-14
6.241899999999952342e+03,1.852026189091356854e-14
6.246799999999951979e+03,1.869931535416436552e-14
6.251699999999951615e+03,1.829628334343919232e-14
6.256599999999951251e+03,1.823187137220749543e-14
6.261499999999950887e+03,1.831595767627139524e-14
6.266399999999950523e+03,1.826290657727618301e-14
6.271299999999950160e+03,1.813254664570040966e-14
6.276199999999949796e+03,1.810768830421367618e-14
6.281099999999949432e+03,1.811362658984974712e-14
6.285999999999949068e+03,1.817540120013410246e-14
6.290899999999948704e+03,1.825121075033260513e-14
6.295799999999948341e+03,1.832702030053110780e-14
6.300699999999947977e+03,1.844527788874300006e-14
6.305599999999947613e+03,1.853500098188324119e-14
6.310499999999947249e+03,1.861610852871250540e-14
6.315399999999946886e+03,1.873708448165107516e-14
6.320299999999946522e+03,1.865672562200549795e-14
6.325199999999946158e+03,1.814523932560244825e-14
6.330099999999945794e+03,1.821852542583110271e-14
6.334999999999945430e+03,1.782132501131043653e-14
6.339899999999945067e+03,1.711211323229374769e-14
6.344799999999944703e+03,1.687909110246567559e-14
6.349699999999944339e+03,1.673575842409332341e-14
6.354599999999943975e+03,1.659242574572097438e-14
6.359499999999943611e+03,1.660761604510124614e-14
6.364399999999943248e+03,1.719785107635873224e-14
6.369299999999942884e+03,1.748903987821997552e-14
6.374199999999942520e+03,1.723987877379678027e-14
6.379099999999942156e+03,1.745751404982331410e-14
6.383999999999941792e+03,1.732570440792939383e-14
6.388899999999941429e+03,1.748235058319892373e-14
6.393799999999941065e+03,1.742503728034041097e-14
6.398699999999940701e+03,1.761456132063658804e-14
6.403599999999940337e+03,1.759039505147127344e-14
6.408499999999939973e+03,1.740898984425052508e-14
6.413399999999939610e+03,1.742648864190739540e-14
6.418299999999939246e+03,1.774567890246433388e-14
6.423199999999938882e+03,1.779384471096394659e-14
6.428099999999938518e+03,1.760232116906200871e-14
6.432999999999938154e+03,1.722945137502018034e-14
6.437899999999937791e+03,1.748745109966754364e-14
6.442799999999937427e+03,1.729968184651149454e-14
6.447699999999937063e+03,1.714974192836674764e-14
6.452599999999936699e+03,1.702687737100847976e-14
6.457499999999936335e+03,1.702817904718422954e-14
6.462399999999935972e+03,1.710118338218018999e-14
6.467299999999935608e+03,1.719947193046774152e-14
6.472199999999935244e+03,1.725698259926761301e-14
6.477099999999934880e+03,1.704505263076210577e-14
6.481999999999934516e+03,1.702003888291231252e-14
6.486899999999934153e+03,1.719458809162614482e-14
6.491799999999933789e+03,1.737464716767391794e-14
6.496699999999933425e+03,1.722744109508135714e-14
6.501599999999933061e+03,1.730161100019677005e-14
6.506499999999932697e+03,1.733811771708361576e-14
6.511399999999932334e+03,1.735280836682937943e-14
6.516299999999931970e+03,1.769213073073926174e-14
6.521199999999931606e+03,1.779673490497514524e-14
6.526099999999931242e+03,1.766982537507834914e-14
6.530999999999930878e+03,1.782299135835139537e-14
6.535899999999930515e+03,1.803212384588849575e-14
6.540799999999930151e+03,1.875157248764927483e-14
6.545699999999929787e+03,1.909269685922264796e-14
6.550599999999929423e+03,1.955698944699275652e-14
6.555499999999929059e+03,2.013030159595066757e-14
6.560399999999928696e+03,2.065017088425815430e-14
6.565299999999928332e+03,2.052843362366040601e-14
6.570199999999927968e+03,1.971798728649100593e-14
6.575099999999927604e+03,1.900039140775758876e-14
6.579999999999927240e+03,1.897143171820842864e-14
6.584899999999926877e+03,1.833756933453840003e-14
6.589799999999926513e+03,1.802720800980533051e-14
6.594699999999926149e+03,1.762515607979831128e-14
6.599599999999925785e+03,1.739597582288594259e-14
6.604499999999925421e+03,1.716496292610306246e-14
6.609399999999925058e+03,1.689358985443140728e-14
6.614299999999924694e+03,1.682527787305471468e-14
6.619199999999924330e+03,1.674542631996096825e-14
6.624099999999923966e+03,1.656886325986567770e-14
6.628999999999923602e+03,1.665337583990992628e-14
6.633899999999923239e+03,1.637729659155595351e-14
6.638799999999922875e+03,1.643987189684449159e-14
6.643699999999922511e+03,1.647790869739618848e-14
6.648599999999922147e+03,1.629230690770325873e-14
6.653499999999921783e+03,1.604181792564024621e-14
6.658399999999921420e+03,1.601090556264615865e-14
6.663299999999921056e+03,1.598653420082299245e-14
6.668199999999920692e+03,1.601060039945188860e-14
6.673099999999920328e+03,1.602192801849668746e-14
6.677999999999919964e+03,1.589936611341640132e-14
6.682899999999919601e+03,1.555712114372614311e-14
6.687799999999919237e+03,1.570557267493834859e-14
6.692699999999918873e+03,1.545043636374567263e-14
6.697599999999918509e+03,1.542645279678482218e-14
6.702499999999918145e+03,1.532523215484507753e-14
6.707399999999917782e+03,1.534091300390411728e-14
6.712299999999917418e+03,1.589388831436764940e-14
6.717199999999917054e+03,1.633873684072798914e-14
6.722099999999916690e+03,1.835837661488413818e-14
6.726999999999916326e+03,1.617185476381499071e-14
6.731899999999915963e+03,1.515115363571210969e-14
6.736799999999915599e+03,1.507760115850362246e-14
6.741699999999915235e+03,1.518613449266935669e-14
6.746599999999914871e+03,1.508606698092956211e-14
6.751499999999914507e+03,1.501566572019172759e-14
6.756399999999914144e+03,1.505589021278606517e-14
6.761299999999913780e+03,1.545338644737109016e-14
6.766199999999913416e+03,1.538324959237560741e-14
6.771099999999913052e+03,1.521615925181252080e-14
6.775999999999912689e+03,1.493813433692712057e-14
6.780899999999912325e+03,1.505489189803503507e-14
6.785799999999911961e+03,1.517164945914295274e-14
6.790699999999911597e+03,1.517049860370790357e-14
6.795599999999911233e+03,1.483401680294461047e-14
6.800499999999910870e+03,1.481221995146968408e-14
6.805399999999910506e+03,1.479042309999475454e-14
6.810299999999910142e+03,1.476862624851982815e-14
6.815199999999909778e+03,1.468715213655812103e-14
6.820099999999909414e+03,1.451886450433321630e-14
6.824999999999909051e+03,1.469791805637214463e-14
6.829899999999908687e+03,1.485959278456228872e-14
6.834799999999908323e+03,1.486528540795166808e-14
6.839699999999907959e+03,1.481927887307854140e-14
6.844599999999907595e+03,1.477327233820541472e-14
6.849499999999907232e+03,1.472726580333228805e-14
6.854399999999906868e+03,1.468125926845916137e-14
6.859299999999906504e+03,1.463525273358603469e-14
6.864199999999906140e+03,1.458924619871290801e-14
6.869099999999905776e+03,1.451625683844058875e-14
6.873999999999905413e+03,1.439893048665710308e-14
6.878899999999905049e+03,1.444315250375072749e-14
6.883799999999904685e+03,1.459591850380810474e-14
6.888699999999904321e+03,1.443049270898284850e-14
6.893599999999903957e+03,1.430563080943001363e-14
6.898499999999903594e+03,1.433224581308977104e-14
6.903399999999903230e+03,1.436399762108138112e-14
6.908299999999902866e+03,1.421491757776647119e-14
6.913199999999902502e+03,1.432738149155678883e-14
6.918099999999902138e+03,1.435350544739148472e-14
6.922999999999901775e+03,1.416345372336258858e-14
6.927899999999901411e+03,1.411322890369966946e-14
6.932799999999901047e+03,1.402093994711685481e-14
6.937699999999900683e+03,1.411941687776674419e-14
6.942599999999900319e+03,1.405793995742030712e-14
6.947499999999899956e+03,1.407454898102944148e-14
6.952399999999899592e+03,1.403628672070014299e-14
6.957299999999899228e+03,1.399802446037084608e-14
6.962199999999898864e+03,1.395976220004154759e-14
6.967099999999898500e+03,1.392149993971224910e-14
6.971999999999898137e+03,1.388323767938295061e-14
6.976899999999897773e+03,1.384497541905365370e-14
6.981799999999897409e+03,1.384278626007003442e-14
6.986699999999897045e+03,1.391013557355775644e-14
6.991599999999896681e+03,1.389396441040351720e-14
6.996499999999896318e+03,1.376740468004939174e-14
7.001399999999895954e+03,1.375882497847203607e-14
7.006299999999895590e+03,1.379187207281402406e-14
7.011199999999895226e+03,1.381569000986628913e-14
7.016099999999894862e+03,1.386550073457480402e-14
7.020999999999894499e+03,1.392201562754165438e-14
7.025899999999894135e+03,1.392749850902593140e-14
7.030799999999893771e+03,1.385321139744006421e-14
7.035699999999893407e+03,1.387890939543446184e-14
7.040599999999893043e+03,1.393249503811785755e-14
7.045499999999892680e+03,1.380071326573430839e-14
7.050399999999892316e+03,1.366893149335075765e-14
7.055299999999891952e+03,1.362203127272862408e-14
7.060199999999891588e+03,1.369674843362744379e-14
7.065099999999891224e+03,1.379454704339463949e-14
7.069999999999890861e+03,1.393112618211214779e-14
7.074899999999890497e+03,1.388104791220442979e-14
7.079799999999890133e+03,1.373222090108724079e-14
7.084699999999889769e+03,1.387564470476323201e-14
7.089599999999889405e+03,1.411174753638436357e-14
7.094499999999889042e+03,1.408427501099794245e-14
7.099399999999888678e+03,1.387863696022089446e-14
7.104299999999888314e+03,1.387368003706350339e-14
7.109199999999887950e+03,1.385096912658500348e-14
7.114099999999887586e+03,1.377800597451276396e-14
7.118999999999887223e+03,1.380018546998936452e-14
7.123899999999886859e+03,1.382643819396803842e-14
7.128799999999886495e+03,1.367538944902221484e-14
7.133699999999886131e+03,1.355079052775824442e-14
7.138599999999885767e+03,1.345648510901768710e-14
7.143499999999885404e+03,1.340645920155821158e-14
7.148399999999885040e+03,1.336835246080607931e-14
7.153299999999884676e+03,1.330605700123141864e-14
7.158199999999884312e+03,1.326214341657989745e-14
7.163099999999883948e+03,1.321822983192837783e-14
7.167999999999883585e+03,1.324803163282230109e-14
7.172899999999883221e+03,1.323376717960533386e-14
7.177799999999882857e+03,1.303964420264034096e-14
7.182699999999882493e+03,1.288299458932659824e-14
7.187599999999882129e+03,1.282030357661023297e-14
7.192499999999881766e+03,1.275761256389386927e-14
7.197399999999881402e+03,1.275301435552195784e-14
7.202299999999881038e+03,1.276091538916152126e-14
7.207199999999880674e+03,1.272784140884404139e-14
7.212099999999880310e+03,1.268559396656302650e-14
7.216999999999879947e+03,1.265540920337740820e-14
7.221899999999879583e+03,1.265335945903957711e-14
7.226799999999879219e+03,1.258126892874665663e-14
7.231699999999878855e+03,1.252762287907973863e-14
7.236599999999878492e+03,1.250916624537355836e-14
7.241499999999878128e+03,1.245217669819038713e-14
7.246399999999877764e+03,1.240071759208891760e-14
7.251299999999877400e+03,1.241225981729921902e-14
7.256199999999877036e+03,1.237854133794822557e-14
7.261099999999876673e+03,1.236884052783055593e-14
7.265999999999876309e+03,1.225122261818816856e-14
7.270899999999875945e+03,1.208398186351413556e-14
7.275799999999875581e+03,1.209119449272646257e-14
7.280699999999875217e+03,1.204241766965436708e-14
7.285599999999874854e+03,1.208416270912670635e-14
7.290499999999874490e+03,1.212639762127547727e-14
7.295399999999874126e+03,1.209156403173583287e-14
7.300299999999873762e+03,1.200226317287058174e-14
7.305199999999873398e+03,1.199381108607624978e-14
7.310099999999873035e+03,1.208207978741074880e-14
7.314999999999872671e+03,1.205826844125904615e-14
7.319899999999872307e+03,1.197745017587351256e-14
7.324799999999871943e+03,1.191087199716886563e-14
7.329699999999871579e+03,1.184429381846421870e-14
7.334599999999871216e+03,1.185562119118317987e-14
7.339499999999870852e+03,1.176444221498470982e-14
7.344399999999870488e+03,1.174972066155268675e-14
7.349299999999870124e+03,1.184756750283569050e-14
7.354199999999869760e+03,1.194541434411869425e-14
7.359099999999869397e+03,1.202724380119924950e-14
7.363999999999869033e+03,1.202431674622817154e-14
7.368899999999868669e+03,1.197607231447576500e-14
7.373799999999868305e+03,1.180525850679434926e-14
7.378699999999867941e+03,1.164256473479937328e-14
7.383599999999867578e+03,1.162750314893626991e-14
7.388499999999867214e+03,1.167026120316261064e-14
7.393399999999866850e+03,1.179999980902272370e-14
7.398299999999866486e+03,1.171065146603867582e-14
7.403199999999866122e+03,1.155688807813087167e-14
7.408099999999865759e+03,1.168541115926942456e-14
7.412999999999865395e+03,1.160385710064416854e-14
7.417899999999865031e+03,1.178162616999747131e-14
7.422799999999864667e+03,1.182994759165829302e-14
7.427699999999864303e+03,1.182618310751183592e-14
7.432599999999863940e+03,1.171242036362921243e-14
7.437499999999863576e+03,1.136446560460193275e-14
7.442399999999863212e+03,1.142813413798428509e-14
7.447299999999862848e+03,1.144995890439336260e-14
7.452199999999862484e+03,1.144855150730128471e-14
7.457099999999862121e+03,1.142451375821361191e-14
7.461999999999861757e+03,1.136714379235466269e-14
7.466899999999861393e+03,1.139222780425495374e-14
7.471799999999861029e+03,1.145750226466628511e-14
7.476699999999860665e+03,1.143096483094902313e-14
7.481599999999860302e+03,1.135807882803156522e-14
7.486499999999859938e+03,1.128005515184665377e-14
7.491399999999859574e+03,1.120094187471806327e-14
7.496299999999859210e+03,1.127371178377635250e-14
7.501199999999858846e+03,1.118425118195260827e-14
7.506099999999858483e+03,1.127718310074429441e-14
7.510999999999858119e+03,1.126301814582529927e-14
7.515899999999857755e+03,1.121651725706275292e-14
7.520799999999857391e+03,1.118942640223764017e-14
7.525699999999857027e+03,1.115104921428405486e-14
7.530599999999856664e+03,1.110849989527560490e-14
7.535499999999856300e+03,1.106595057626715494e-14
7.540399999999855936e+03,1.102340125725870341e-14
7.545299999999855572e+03,1.096739196513475929e-14
7.550199999999855208e+03,1.106330943590924464e-14
7.555099999999854845e+03,1.121291149087141987e-14
7.559999999999854481e+03,1.124587574144998512e-14
7.564899999999854117e+03,1.124044115985692181e-14
7.569799999999853753e+03,1.118954150469385621e-14
7.574699999999853389e+03,1.111964432514191231e-14
7.579599999999853026e+03,1.104832503283828161e-14
7.584499999999852662e+03,1.084735503809209782e-14
7.589399999999852298e+03,1.094386605643985653e-14
7.594299999999851934e+03,1.105346272795346984e-14
7.599199999999851570e+03,1.113794374004204926e-14
7.604099999999851207e+03,1.086135763805666865e-14
7.608999999999850843e+03,1.099186700762418506e-14
7.613899999999850479e+03,1.126199162922166912e-14
7.618799999999850115e+03,1.078665336573904715e-14
7.623699999999849751e+03,1.069021183590237196e-14
7.628599999999849388e+03,1.067215502714270986e-14
7.633499999999849024e+03,1.053301461877004466e-14
7.638399999999848660e+03,1.036818430629901134e-14
7.643299999999848296e+03,1.051814460398249971e-14
7.648199999999847932e+03,1.069981301403086945e-14
7.653099999999847569e+03,1.072547212157387526e-14
7.657999999999847205e+03,1.071762952492111930e-14
7.662899999999846841e+03,1.062263667545999031e-14
7.667799999999846477e+03,1.064996036401602612e-14
7.672699999999846113e+03,1.061528263731921903e-14
7.677599999999845750e+03,1.058071585831775219e-14
7.682499999999845386e+03,1.045529148682442708e-14
7.687399999999845022e+03,1.024601991044349997e-14
7.692299999999844658e+03,1.028601913550429117e-14
7.697199999999844295e+03,1.037758217683949554e-14
7.702099999999843931e+03,1.039213788289202450e-14
7.706999999999843567e+03,1.054141533205111021e-14
7.711899999999843203e+03,1.050385477302388490e-14
7.716799999999842839e+03,1.052798836880172779e-14
7.721699999999842476e+03,1.025905066677197250e-14
7.726599999999842112e+03,1.022022334869345113e-14
7.731499999999841748e+03,1.015107859393857693e-14
7.736399999999841384e+03,1.013641758078007259e-14
7.741299999999841020e+03,1.013195145123383903e-14
7.746199999999840657e+03,1.007628720840217723e-14
7.751099999999840293e+03,1.001319585070051503e-14
7.755999999999839929e+03,9.950104492998852844e-15
7.760899999999839565e+03,1.004730412746875976e-14
7.765799999999839201e+03,1.016578481679093199e-14
7.770699999999838838e+03,1.028426550611310423e-14
7.775599999999838474e+03,1.030262727747330656e-14
7.780499999999838110e+03,1.009979915343997225e-14
7.785399999999837746e+03,9.978248421987800372e-15
7.790299999999837382e+03,9.868625671061416663e-15
7.795199999999837019e+03,9.784440974981201360e-15
7.800099999999836655e+03,9.769748246250910310e-15
7.804999999999836291e+03,9.826355084188273062e-15
7.809899999999835927e+03,9.788680873388997901e-15
7.814799999999835563e+03,9.836671362415129518e-15
7.819699999999835200e+03,9.893207346407149737e-15
7.824599999999834836e+03,9.949743330399171534e-15
7.829499999999834472e+03,1.000627931439119175e-14
7.834399999999834108e+03,9.709519254344203546e-15
7.839299999999833744e+03,9.669150156914447598e-15
7.844199999999833381e+03,9.648994935060196919e-15
7.849099999999833017e+03,9.628839713205947818e-15
7.853999999999832653e+03,9.608684491351697139e-15
7.858899999999832289e+03,9.661059733454338379e-15
7.863799999999831925e+03,9.717580172150913267e-15
7.868699999999831562e+03,9.774100610847489732e-15
7.873599999999831198e+03,9.830621049544064620e-15
7.878499999999830834e+03,9.776840753460035034e-15
7.883399999999830470e+03,9.392424798441555196e-15
7.888299999999830106e+03,8.995036720572405482e-15
7.893199999999829743e+03,9.111591534549372609e-15
7.898099999999829379e+03,9.245121095702627795e-15
7.902999999999829015e+03,9.378650656855882980e-15
7.907899999999828651e+03,9.308733262081371144e-15
7.912799999999828287e+03,9.234132089334526059e-15
7.917699999999827924e+03,9.157117059261618820e-15
7.922599999999827560e+03,9.309084661213253226e-15
7.927499999999827196e+03,9.464076670206354532e-15
7.932399999999826832e+03,9.280238170656309236e-15
7.937299999999826468e+03,9.281549070037956524e-15
7.942199999999826105e+03,9.450075111978370864e-15
7.947099999999825741e+03,9.540887355558491424e-15
7.951999999999825377e+03,9.531297099495491713e-15
7.956899999999825013e+03,9.633258216583037347e-15
7.961799999999824649e+03,9.455888175094482897e-15
7.966699999999824286e+03,9.278518133605930025e-15
7.971599999999823922e+03,9.103092988647436869e-15
7.976499999999823558e+03,9.018281534632259869e-15
7.981399999999823194e+03,9.051325467256327103e-15
7.986299999999822830e+03,9.085380991979325323e-15
7.991199999999822467e+03,9.150841419399133278e-15
7.996099999999822103e+03,9.215254823039282202e-15
8.000999999999821739e+03,9.249296300466905188e-15
8.005899999999821375e+03,9.198614329938730559e-15
8.010799999999821011e+03,9.124327818827991028e-15
8.015699999999820648e+03,9.290419868729751742e-15
8.020599999999820284e+03,9.148933396905515137e-15
8.025499999999819920e+03,9.014849169979182252e-15
8.030399999999819556e+03,9.004292591715731205e-15
8.035299999999819192e+03,8.991434036549448556e-15
8.040199999999818829e+03,8.944266058184237447e-15
8.045099999999818465e+03,8.909777474441874456e-15
8.049999999999818101e+03,9.045786462752742411e-15
8.054899999999817737e+03,9.175064315696125228e-15
8.059799999999817373e+03,9.194886262664517030e-15
8.064699999999817010e+03,8.922408140032480662e-15
8.069599999999816646e+03,8.928956400653921218e-15
8.074499999999816282e+03,8.935504661275360197e-15
8.079399999999815918e+03,8.942052921896799176e-15
8.084299999999815554e+03,8.930205911940517718e-15
8.089199999999815191e+03,8.759349916201381367e-15
8.094099999999814827e+03,8.744372714864219722e-15
8.098999999999814463e+03,8.719293749969640535e-15
8.103899999999814099e+03,8.668079643343152578e-15
8.108799999999813735e+03,8.616865536716666198e-15
8.113699999999813372e+03,8.591972664496831557e-15
8.118599999999813008e+03,8.772186475177007869e-15
8.123499999999812644e+03,8.924361071749069037e-15
8.128399999999812280e+03,8.863064436172846136e-15
8.133299999999811916e+03,8.745382685814864556e-15
8.138199999999811553e+03,8.646225476578282008e-15
8.143099999999811189e+03,8.644821278042690639e-15
8.147999999999810825e+03,8.728869272765703255e-15
8.152899999999810461e+03,8.603386301022982432e-15
8.157799999999810098e+03,8.567113378500437614e-15
8.162699999999809734e+03,8.534966490450459855e-15
8.167599999999809370e+03,8.527017465690716280e-15
8.172499999999809006e+03,8.522648922937807103e-15
8.177399999999808642e+03,8.538809592559032116e-15
8.182299999999808279e+03,8.571901549500944534e-15
8.187199999999807915e+03,8.643772480675805289e-15
8.192099999999807551e+03,8.535365114154277786e-15
8.196999999999807187e+03,8.456397551008512478e-15
8.201899999999806823e+03,8.523106215680336971e-15
8.206799999999806460e+03,8.589814880352161464e-15
8.211699999999806096e+03,8.656523545023985957e-15
8.216599999999805732e+03,8.721915764782611538e-15
8.221499999999805368e+03,8.741169931940168701e-15
8.226399999999805004e+03,8.582463785983373831e-15
8.231299999999804641e+03,8.461652144137204838e-15
8.236199999999804277e+03,8.498983260637199349e-15
8.241099999999803913e+03,8.524920951188283580e-15
8.245999999999803549e+03,8.550440844238571735e-15
8.250899999999803185e+03,8.574292850110757865e-15
8.255799999999802822e+03,8.513217409530703086e-15
8.260699999999802458e+03,8.244634875515978864e-15
8.265599999999802094e+03,8.623529627959667273e-15
8.270499999999801730e+03,9.290477619164630895e-15
8.275399999999801366e+03,8.494937602755034767e-15
8.280299999999801003e+03,8.407742515531937553e-15
8.285199999999800639e+03,8.314127239553851602e-15
8.290099999999800275e+03,8.283644457904330092e-15
8.294999999999799911e+03,8.373978029517425390e-15
8.299899999999799547e+03,8.044151813077363783e-15
8.304799999999799184e+03,8.114904874459815755e-15
8.309699999999798820e+03,8.185657935842266148e-15
8.314599999999798456e+03,8.255658178692466264e-15
8.319499999999798092e+03,8.240008629201090397e-15
8.324399999999797728e+03,8.092068630679384382e-15
8.329299999999797365e+03,8.125597373485829435e-15
8.334199999999797001e+03,7.797753450345839301e-15
8.339099999999796637e+03,7.867265771161536658e-15
8.343999999999796273e+03,7.936778091977235593e-15
8.348899999999795909e+03,8.006290412792934529e-15
8.353799999999795546e+03,8.026262688098342611e-15
8.358699999999795182e+03,7.981319913114807923e-15
8.363599999999794818e+03,8.076127487036172473e-15
8.368499999999794454e+03,8.070262861441151637e-15
8.373399999999794090e+03,8.043510084838327302e-15
8.378299999999793727e+03,7.936882631590895809e-15
8.383199999999793363e+03,7.816599430325681375e-15
8.388099999999792999e+03,7.837765785087917290e-15
8.392999999999792635e+03,7.882499305953354892e-15
8.397899999999792271e+03,7.899327867794484638e-15
8.402799999999791908e+03,7.851483363794926339e-15
8.407699999999791544e+03,7.803638859795368040e-15
8.412599999999791180e+03,7.838615469646186010e-15
8.417499999999790816e+03,7.990411795437991429e-15
8.422399999999790452e+03,7.997597673730672371e-15
8.427299999999790089e+03,7.901063137410534960e-15
8.432199999999789725e+03,7.674189029215454504e-15
8.437099999999789361e+03,7.632110651584737903e-15
8.441999999999788997e+03,7.711959339012797482e-15
8.446899999999788633e+03,7.917430861305783702e-15
8.451799999999788270e+03,7.883037420193244959e-15
8.456699999999787906e+03,8.643019942637230426e-15
8.461599999999787542e+03,1.093691146925678988e-14
8.466499999999787178e+03,1.091346534208650738e-14
8.471399999999786814e+03,8.003759181077890731e-15
8.476299999999786451e+03,7.888701622517641967e-15
8.481199999999786087e+03,7.818081836775062357e-15
8.486099999999785723e+03,7.624344679341124737e-15
8.490999999999785359e+03,7.575723152388984188e-15
8.495899999999784995e+03,7.510788302043911217e-15
8.500799999999784632e+03,7.556538180909913042e-15
8.505699999999784268e+03,7.446719403293053849e-15
8.510599999999783904e+03,7.388061238213399816e-15
8.515499999999783540e+03,7.413589452777744054e-15
8.520399999999783176e+03,7.439117667342088291e-15
8.525299999999782813e+03,7.464645881906432528e-15
8.530199999999782449e+03,7.490174096470776765e-15
8.535099999999782085e+03,7.534113739968778250e-15
8.539999999999781721e+03,7.510937947722916021e-15
8.544899999999781357e+03,7.343704496856943639e-15
8.549799999999780994e+03,7.319508893652909458e-15
8.554699999999780630e+03,7.409567508814767131e-15
8.559599999999780266e+03,7.360723951435291695e-15
8.564499999999779902e+03,7.341501434654872188e-15
8.569399999999779538e+03,7.336755669605677341e-15
8.574299999999779175e+03,7.260044809247319662e-15
8.579199999999778811e+03,7.118423061974049131e-15
8.584099999999778447e+03,7.030252003212574343e-15
8.588999999999778083e+03,7.101385997863695977e-15
8.593899999999777719e+03,7.245297074655465934e-15
8.598799999999777356e+03,7.215296290505138597e-15
8.603699999999776992e+03,7.121274884985517062e-15
8.608599999999776628e+03,7.226541410055695772e-15
8.613499999999776264e+03,7.337889331013724058e-15
8.618399999999775901e+03,7.729328238267191324e-15
8.623299999999775537e+03,7.885931843091142382e-15
8.628199999999775173e+03,7.444947135702809726e-15
8.633099999999774809e+03,7.367459795094081177e-15
8.637999999999774445e+03,7.326434661773428894e-15
8.642899999999774082e+03,7.054627252514274552e-15
8.647799999999773718e+03,6.977764781802133743e-15
8.652699999999773354e+03,7.105368719847660664e-15
8.657599999999772990e+03,7.346508644131591725e-15
8.662499999999772626e+03,7.416405111563456287e-15
8.667399999999772263e+03,7.303637195500586087e-15
8.672299999999771899e+03,7.190869279437715888e-15
8.677199999999771535e+03,7.173326986603369947e-15
8.682099999999771171e+03,7.168251464753854302e-15
8.686999999999770807e+03,7.157699437767991070e-15
8.691899999999770444e+03,7.282161380266739641e-15
8.696799999999770080e+03,7.383102628237991530e-15
8.701699999999769716e+03,7.408905955174471442e-15
8.706599999999769352e+03,7.501063439521464969e-15
8.711499999999768988e+03,7.436156556527257937e-15
8.716399999999768625e+03,7.167643633616259073e-15
8.721299999999768261e+03,7.076055272179344324e-15
8.726199999999767897e+03,7.112413252686251385e-15
8.731099999999767533e+03,7.055090544612883004e-15
8.735999999999767169e+03,7.044429582977112978e-15
8.740899999999766806e+03,7.039566073877473847e-15
8.745799999999766442e+03,6.933085001857926119e-15
8.750699999999766078e+03,6.971067635284721520e-15
8.755599999999765714e+03,7.049265585973284227e-15
8.760499999999765350e+03,7.037127904665898087e-15
8.765399999999764987e+03,6.964340065345001087e-15
8.770299999999764623e+03,6.848886653733171978e-15
8.775199999999764259e+03,6.733433242121342869e-15
8.780099999999763895e+03,6.689129832332236424e-15
8.784999999999763531e+03,6.723178226611055173e-15
8.789899999999763168e+03,6.753347185417391522e-15
8.794799999999762804e+03,6.972946935493426575e-15
8.799699999999762440e+03,7.021430052921367466e-15
8.804599999999762076e+03,6.840211606970072510e-15
8.809499999999761712e+03,6.779425488944342217e-15
8.814399999999761349e+03,6.802391207500777680e-15
8.819299999999760985e+03,6.747918823513664984e-15
8.824199999999760621e+03,6.743904409403344844e-15
8.829099999999760257e+03,6.808194306498221898e-15
8.833999999999759893e+03,6.826749874807851597e-15
8.838899999999759530e+03,6.813508700253475198e-15
8.843799999999759166e+03,6.902084345830602234e-15
8.848699999999758802e+03,6.760365189107668863e-15
8.853599999999758438e+03,6.527133278621054002e-15
8.858499999999758074e+03,6.508870545204669466e-15
8.863399999999757711e+03,6.609347882163348866e-15
8.868299999999757347e+03,6.723362034002104450e-15
8.873199999999756983e+03,6.799838915006267369e-15
8.878099999999756619e+03,6.803699827840460660e-15
8.882999999999756255e+03,6.778826760381306510e-15
8.887899999999755892e+03,6.724911328118923710e-15
8.892799999999755528e+03,6.679440421143686841e-15
8.897699999999755164e+03,6.606013458596404642e-15
8.902599999999754800e+03,6.552080850551191716e-15
8.907499999999754436e+03,6.476213069478131251e-15
8.912399999999754073e+03,6.533506481871291447e-15
8.917299999999753709e+03,6.668462390467827507e-15
8.922199999999753345e+03,6.522163060913618964e-15
8.927099999999752981e+03,6.443059540071120841e-15
8.931999999999752617e+03,6.500007968618018302e-15
8.936899999999752254e+03,6.575322511752093265e-15
8.941799999999751890e+03,6.515705357297545133e-15
8.946699999999751526e+03,6.435624887652570972e-15
8.951599999999751162e+03,6.518657510394450725e-15
8.956499999999750798e+03,6.665031642987921764e-15
8.961399999999750435e+03,6.680301141484323731e-15
8.966299999999750071e+03,6.651180311636100751e-15
8.971199999999749707e+03,6.626542882192156959e-15
8.976099999999749343e+03,6.601905452748213956e-15
8.980999999999748979e+03,6.543531238931717290e-15
8.985899999999748616e+03,6.471948686904329178e-15
8.990799999999748252e+03,6.496497715034513623e-15
8.995699999999747888e+03,6.401130731025094584e-15
9.000599999999747524e+03,6.247998078658863995e-15
9.005499999999747160e+03,6.519744520299579877e-15
9.010399999999746797e+03,6.476799469664809793e-15
9.015299999999746433e+03,6.503353639772262555e-15
9.020199999999746069e+03,6.609260713672942200e-15
9.025099999999745705e+03,6.518568689599702765e-15
9.029999999999745341e+03,6.295489509191206313e-15
9.034899999999744978e+03,6.376862499814920995e-15
9.039799999999744614e+03,6.382116233537692036e-15
9.044699999999744250e+03,6.332188167728927422e-15
9.049599999999743886e+03,6.296672717270816702e-15
9.054499999999743522e+03,6.342478525386771341e-15
9.059399999999743159e+03,6.410555049666601237e-15
9.064299999999742795e+03,6.377351227631143744e-15
9.069199999999742431e+03,6.316163875349278972e-15
9.074099999999742067e+03,6.304505545949224078e-15
9.078999999999741704e+03,6.417557032500688123e-15
9.083899999999741340e+03,6.248827532378282969e-15
9.088799999999740976e+03,6.244412547816292961e-15
9.093699999999740612e+03,6.358387768773478248e-15
9.098599999999740248e+03,6.110634556018040407e-15
9.103499999999739885e+03,6.234346383450898738e-15
9.108399999999739521e+03,6.280467323060928383e-15
9.113299999999739157e+03,6.195508503066327427e-15
9.118199999999738793e+03,6.128058075305681213e-15
9.123099999999738429e+03,6.068400822323643055e-15
9.127999999999738066e+03,6.041413720266295588e-15
9.132899999999737702e+03,6.020918069794607025e-15
9.137799999999737338e+03,6.075867953426994231e-15
9.142699999999736974e+03,8.415398040044763709e-15
9.147599999999736610e+03,1.116794375426701875e-14
9.152499999999736247e+03,9.214343577588934901e-15
9.157399999999735883e+03,6.456293294967101381e-15
9.162299999999735519e+03,5.976293070169856906e-15
9.167199999999735155e+03,6.181639522931090090e-15
9.172099999999734791e+03,5.946549124947554675e-15
9.176999999999734428e+03,6.055326914772335817e-15
9.181899999999734064e+03,5.897825761732446430e-15
9.186799999999733700e+03,6.292905588470643191e-15
9.191699999999733336e+03,6.272358816787276637e-15
9.196599999999732972e+03,6.188027609712696197e-15
9.201499999999732609e+03,6.040831266430771772e-15
9.206399999999732245e+03,5.878108906756116175e-15
9.211299999999731881e+03,5.882096705846901811e-15
9.216199999999731517e+03,5.904272120436025911e-15
9.221099999999731153e+03,5.849727569149092958e-15
9.225999999999730790e+03,5.787616208252867799e-15
9.230899999999730426e+03,5.774749101893390394e-15
9.235799999999730062e+03,5.801908233631630795e-15
9.240699999999729698e+03,5.921846874875271965e-15
9.245599999999729334e+03,5.815445626172118189e-15
9.250499999999728971e+03,6.026952153435497382e-15
9.255399999999728607e+03,5.997636150618946649e-15
9.260299999999728243e+03,5.951094543108197365e-15
9.265199999999727879e+03,5.904552935597448080e-15
9.270099999999727515e+03,5.943002411149696231e-15
9.274999999999727152e+03,5.985817065104989146e-15
9.279899999999726788e+03,5.780293348825394086e-15
9.284799999999726424e+03,5.782932403166960832e-15
9.289699999999726060e+03,5.895190334508659751e-15
9.294599999999725696e+03,5.785422542951791665e-15
9.299499999999725333e+03,5.764641953630259172e-15
9.304399999999724969e+03,5.746207703649084736e-15
9.309299999999724605e+03,6.058795058274413967e-15
9.314199999999724241e+03,5.978159462147495725e-15
9.319099999999723877e+03,5.892909752799857259e-15
9.323999999999723514e+03,5.688038220344273447e-15
9.328899999999723150e+03,5.841252416154080988e-15
9.333799999999722786e+03,5.844102366450944775e-15
9.338699999999722422e+03,5.871592730047676312e-15
9.343599999999722058e+03,6.054073483674204416e-15
9.348499999999721695e+03,5.740406535520135006e-15
9.353399999999721331e+03,5.626836642624402529e-15
9.358299999999720967e+03,6.581404029277587292e-15
9.363199999999720603e+03,6.072663472700129397e-15
9.368099999999720239e+03,5.583990901665030647e-15
9.372999999999719876e+03,5.585863097796779182e-15
9.377899999999719512e+03,5.587735293928527717e-15
9.382799999999719148e+03,5.588694642930520103e-15
9.387699999999718784e+03,5.565943462393856047e-15
9.392599999999718420e+03,5.433776538807039126e-15
9.397499999999718057e+03,5.451489310181758962e-15
9.402399999999717693e+03,5.488835513695629029e-15
9.407299999999717329e+03,5.459397773096730214e-15
9.412199999999716965e+03,5.429960032497830610e-15
9.417099999999716601e+03,5.405279534397291562e-15
9.421999999999716238e+03,5.432463047395522244e-15
9.426899999999715874e+03,5.449915640267415181e-15
9.431799999999715510e+03,5.488388189988139041e-15
9.436699999999715146e+03,5.526860739708862901e-15
9.441599999999714782e+03,5.570846939427338209e-15
9.446499999999714419e+03,5.656859804375497690e-15
9.451399999999714055e+03,5.698762350681387189e-15
9.456299999999713691e+03,5.719670068324003573e-15
9.461199999999713327e+03,5.582713948043944867e-15
9.466099999999712963e+03,5.418615918369062841e-15
9.470999999999712600e+03,5.112044169536849680e-15
9.475899999999712236e+03,5.107891168049614820e-15
9.480799999999711872e+03,5.135809614529323968e-15
9.485699999999711508e+03,5.317010680338010201e-15
9.490599999999711144e+03,5.263114955882276570e-15
9.495499999999710781e+03,5.379618175588225149e-15
9.500399999999710417e+03,5.472604008171510243e-15
9.505299999999710053e+03,5.461476449075992627e-15
9.510199999999709689e+03,5.479476894833748564e-15
9.515099999999709325e+03,5.489321413631106599e-15
9.519999999999708962e+03,5.459570301967476320e-15
9.524899999999708598e+03,5.429819190303845252e-15
9.529799999999708234e+03,5.411292253565867446e-15
9.534699999999707870e+03,5.442433033683125907e-15
9.539599999999707507e+03,5.467940348299398310e-15
9.544499999999707143e+03,5.469950989497233196e-15
9.549399999999706779e+03,5.471961630695067294e-15
9.554299999999706415e+03,5.473972271892902180e-15
9.559199999999706051e+03,5.475982913090737067e-15
9.564099999999705688e+03,5.477993554288571953e-15
9.568999999999705324e+03,5.468507738236591180e-15
9.573899999999704960e+03,5.449908390927687542e-15
9.578799999999704596e+03,5.539472979143067023e-15
9.583699999999704232e+03,5.579465367135324954e-15
9.588599999999703869e+03,5.514858818625925845e-15
9.593499999999703505e+03,5.570940899186067906e-15
9.598399999999703141e+03,5.437271838177665599e-15
9.603299999999702777e+03,5.303665023319176992e-15
9.608199999999702413e+03,5.137742437125921069e-15
9.613099999999702050e+03,4.947407707813082012e-15
9.617999999999701686e+03,4.951599978283860159e-15
9.622899999999701322e+03,5.027529398272282579e-15
9.627799999999700958e+03,5.119573545928389726e-15
9.632699999999700594e+03,4.903506273598470034e-15
9.637599999999700231e+03,5.079006126791281818e-15
9.642499999999699867e+03,5.128783531406520696e-15
9.647399999999699503e+03,4.971139758910471662e-15
9.652299999999699139e+03,5.051408159864631578e-15
9.657199999999698775e+03,5.131676560818792284e-15
9.662099999999698412e+03,5.211944961772952201e-15
9.666999999999698048e+03,5.292213362727112117e-15
9.671899999999697684e+03,5.262145625807626844e-15
9.676799999999697320e+03,5.094598261558737785e-15
9.681699999999696956e+03,5.096206925451471994e-15
9.686599999999696593e+03,5.003066035383639808e-15
9.691499999999696229e+03,4.912275952271675807e-15
9.696399999999695865e+03,4.909351282562657009e-15
9.701299999999695501e+03,4.906426612853638211e-15
9.706199999999695137e+03,4.903501943144619413e-15
9.711099999999694774e+03,4.900577273435600616e-15
9.715999999999694410e+03,4.916586151585790663e-15
9.720899999999694046e+03,4.965945420206428529e-15
9.725799999999693682e+03,4.990389437127114842e-15
9.730699999999693318e+03,4.972741569374211765e-15
9.735599999999692955e+03,4.968253433025560428e-15
9.740499999999692591e+03,4.985094320122708029e-15
9.745399999999692227e+03,5.001935207219855630e-15
9.750299999999691863e+03,5.018776094317003231e-15
9.755199999999691499e+03,5.035616981414151620e-15
9.760099999999691136e+03,5.027549520042804683e-15
9.764999999999690772e+03,4.983049265536330475e-15
9.769899999999690408e+03,4.938549011029857056e-15
9.774799999999690044e+03,4.896743761945520400e-15
9.779699999999689680e+03,4.858646935479101984e-15
9.784599999999689317e+03,4.820550109012683569e-15
9.789499999999688953e+03,4.782453282546265154e-15
9.794399999999688589e+03,4.838053087166904697e-15
9.799299999999688225e+03,4.863396356222344675e-15
9.804199999999687861e+03,4.693216779547860383e-15
9.809099999999687498e+03,4.617172143733286258e-15
9.813999999999687134e+03,4.670175230220445367e-15
9.818899999999686770e+03,4.811943446845725492e-15
9.823799999999686406e+03,4.731962820611091856e-15
9.828699999999686042e+03,4.611988923611076686e-15
9.833599999999685679e+03,4.845193968766593319e-15
9.838499999999685315e+03,4.969820600749177903e-15
9.843399999999684951e+03,4.979607162420327208e-15
9.848299999999684587e+03,5.012764393091420288e-15
9.853199999999684223e+03,5.069655491730509623e-15
9.858099999999683860e+03,4.997357161317111486e-15
9.862999999999683496e+03,4.799104949937396905e-15
9.867899999999683132e+03,4.751427565997635729e-15
9.872799999999682768e+03,4.844662463474778133e-15
9.877699999999682404e+03,4.751151399810303848e-15
9.882599999999682041e+03,4.739301233921312478e-15
9.887499999999681677e+03,4.625557474547624390e-15
9.892399999999681313e+03,4.530471144625552406e-15
9.897299999999680949e+03,4.570656135675548835e-15
9.902199999999680585e+03,4.447613274792016731e-15
9.907099999999680222e+03,4.356407740116498717e-15
9.911999999999679858e+03,4.334645605508462212e-15
9.916899999999679494e+03,4.383305168339685151e-15
9.921799999999679130e+03,4.485454868881876694e-15
9.926699999999678766e+03,4.513971525674255966e-15
9.931599999999678403e+03,4.629246927172300273e-15
9.936499999999678039e+03,4.580107911162415505e-15
9.941399999999677675e+03,4.789068527043044634e-15
9.946299999999677311e+03,4.934459497057741512e-15
9.951199999999676947e+03,4.781055456161587092e-15
9.956099999999676584e+03,4.731399002561166016e-15
9.960999999999676220e+03,4.770923998984066170e-15
9.965899999999675856e+03,4.769968757650738212e-15
9.970799999999675492e+03,4.744312971835737931e-15
9.975699999999675128e+03,4.869272965151366430e-15
9.980599999999674765e+03,4.887098572371744563e-15
9.985499999999674401e+03,4.793861007336203660e-15
9.990399999999674037e+03,4.700623442300662758e-15
9.995299999999673673e+03,4.565223350300042304e-15
1.000019999999967331e+04,4.329875836296074825e-15
1.000509999999967295e+04,4.403781857801187095e-15
1.000999999999967258e+04,4.325673522452765865e-15
1.001489999999967222e+04,4.512194435456259449e-15
1.001979999999967185e+04,4.550935102591598825e-15
1.002469999999967149e+04,4.504103512449291746e-15
1.002959999999967113e+04,4.534636330962117372e-15
1.003449999999967076e+04,4.583213404049649760e-15
1.003939999999967040e+04,4.631790477137182147e-15
1.004429999999967004e+04,4.733415929710962402e-15
1.004919999999966967e+04,4.856973397027370056e-15
1.005409999999966931e+04,4.980530864343778500e-15
1.005899999999966894e+04,5.016091545350870681e-15
1.006389999999966858e+04,5.018106348000253849e-15
1.006879999999966822e+04,5.020121150649636228e-15
1.007369999999966785e+04,4.969698687041947239e-15
1.007859999999966749e+04,4.900909310345436196e-15
1.008349999999966712e+04,4.932566035033233452e-15
1.008839999999966676e+04,4.997399689976361357e-15
1.009329999999966640e+04,5.095207289284981122e-15
1.009819999999966603e+04,5.331480018943350404e-15
1.010309999999966567e+04,5.606383093797024623e-15
1.010799999999966531e+04,5.881286168650698842e-15
1.011289999999966494e+04,6.156189243504373061e-15
1.011779999999966458e+04,6.431092318358047280e-15
1.012269999999966421e+04,5.832982941708189776e-15
1.012759999999966385e+04,5.011968376194435168e-15
1.013249999999966349e+04,5.147964314093275533e-15
1.013739999999966312e+04,4.824739787796937520e-15
1.014229999999966276e+04,4.992074646562493475e-15
1.014719999999966240e+04,4.692481967540276989e-15
1.015209999999966203e+04,5.119337763873747708e-15
1.015699999999966167e+04,4.694566514457818972e-15
1.016189999999966130e+04,4.666005990478010459e-15
1.016679999999966094e+04,4.271960366214751953e-15
1.017169999999966058e+04,4.422181837272414091e-15
1.017659999999966021e+04,4.680357118379506069e-15
1.018149999999965985e+04,4.575632922206260177e-15
1.018639999999965949e+04,4.635855863122384347e-15
1.019129999999965912e+04,4.546876351462131704e-15
1.019619999999965876e+04,5.390080444247667430e-15
1.020109999999965839e+04,8.209634687386473835e-15
1.020599999999965803e+04,7.404917028420208391e-15
1.021089999999965767e+04,6.144379570275826737e-15
1.021579999999965730e+04,4.883842112131445871e-15
1.022069999999965694e+04,4.541224988158699991e-15
1.022559999999965657e+04,4.287326897702248512e-15
1.023049999999965621e+04,4.271648813503905688e-15
1.023539999999965585e+04,4.064134023045729734e-15
1.024029999999965548e+04,3.840584220696462229e-15
1.024519999999965512e+04,3.631885588043951485e-15
1.025009999999965476e+04,nan
1.025499999999965439e+04,nan
1.025989999999965403e+04,nan
