# obs_wvl flux error
1.664000000000000000e+03 7.034546878062022434e-16 6.879311321758280945e-15
1.666745682621337210e+03 8.990088253314683114e-16 3.976705206765036794e-15
1.669491365242674419e+03 -3.358498314157479151e-15 3.729527293421571542e-15
1.672237047864011629e+03 7.666790895756085236e-15 3.232807785373569984e-15
1.674982730485348839e+03 1.060390021821952689e-14 3.919502584836533246e-15
1.677728413106686048e+03 7.432784262676879651e-15 3.719274836431378749e-15
1.680474095728023258e+03 -1.057870967440050559e-16 2.959641205025699005e-15
1.683219778349360467e+03 -4.099621284672129598e-15 2.595192504562590644e-15
1.685965460970697677e+03 1.667036697310950983e-16 3.053042057546770410e-15
1.688711143592034887e+03 1.500087550561626694e-15 2.771227669238951465e-15
1.691456826213372096e+03 -2.844360196008836248e-15 2.356839797230209857e-15
1.694202508834709306e+03 -7.048309942038551033e-15 2.436396637788728340e-15
1.696948191456046516e+03 -3.556151600676563912e-15 2.233192739531087476e-15
1.699693874077383725e+03 -2.437484471792885893e-15 1.894238461615178969e-15
1.702439556698720935e+03 -4.672258584536184671e-15 1.602037157831201293e-15
1.705185239320058145e+03 2.910453548928631776e-15 1.565275948282138238e-15
1.707930921941395354e+03 9.683346140395378431e-15 1.922921233819593773e-15
1.710676604562732564e+03 -7.128683289836316789e-15 2.104326096264099441e-15
1.713422287184069774e+03 -1.647320901007055049e-15 1.841569573396713715e-15
1.716167969805406983e+03 4.355339637780549657e-15 1.689386046802155053e-15
1.718913652426744193e+03 -7.256753126206349725e-17 1.448942189954876597e-15
1.721659335048081402e+03 -8.687023228990552198e-16 1.838006340012067926e-15
1.724405017669418612e+03 3.191115098948591363e-16 1.261667558126531174e-15
1.727150700290755822e+03 4.198223391656439864e-15 1.864009808474519838e-15
1.729896382912093031e+03 -1.862862480426744176e-15 1.271456275870493254e-15
1.732642065533430241e+03 -1.953760001379896420e-15 1.413601695934134399e-15
1.735387748154767451e+03 -8.516753178554279089e-16 1.168053138522562867e-15
1.738133430776104660e+03 -1.062017445511275066e-15 1.323821740472246616e-15
1.740879113397441870e+03 3.700393093557841174e-15 1.190467885886086416e-15
1.743624796018779080e+03 -3.128470300834599531e-15 1.150723754532946031e-15
1.746370478640116289e+03 1.844339068610429629e-16 1.190812682599774365e-15
1.749116161261453499e+03 -2.896338087246405273e-15 1.243462886354101800e-15
1.751861843882790708e+03 1.074092283064343054e-15 1.001419036409654784e-15
1.754607526504127918e+03 -9.046431206697011716e-16 9.379920634934039654e-16
1.757353209125465128e+03 -4.553610527463025060e-15 1.077497299358564131e-15
1.760098891746802337e+03 -4.969475567219845173e-16 1.290375881099445727e-15
1.762844574368139547e+03 -3.053447257311901292e-16 1.219145354782806426e-15
1.765590256989476757e+03 2.608756826957427378e-15 1.245506216475058949e-15
1.768335939610813966e+03 2.423394088685585143e-16 1.284894455288318057e-15
1.771081622232151176e+03 -5.163968975129695005e-16 9.601123479179885084e-16
1.773827304853488386e+03 -1.274015192053694715e-16 9.861876237044574734e-16
1.776572987474825595e+03 -3.178623773502727880e-15 1.240222601707879117e-15
1.779318670096162805e+03 -2.768717094994176021e-16 9.115799766515796210e-16
1.782064352717500014e+03 -3.715723397467012636e-16 8.565757219644047505e-16
1.784810035338837224e+03 -5.254873637880990277e-17 7.998120955857587959e-16
1.787555717960174434e+03 -1.126178554314015978e-15 1.116239315852591691e-15
1.790301400581511643e+03 1.348914126999314429e-14 1.197507570898301798e-15
1.793047083202848853e+03 1.645294831848224223e-14 1.001984999883933762e-15
1.795792765824186063e+03 -5.299160992593679329e-16 7.810683509364156517e-16
1.798538448445523272e+03 9.834555286937727819e-16 7.643886304683399474e-16
1.801284131066860482e+03 5.238960399144246809e-16 8.180764442238763605e-16
1.804029813688197692e+03 -4.198122377209521529e-16 6.947902755774904033e-16
1.806775496309534901e+03 5.252954205429869757e-16 7.173431437445433139e-16
1.809521178930872111e+03 9.274413207855260925e-16 8.146800001893399854e-16
1.812266861552209321e+03 2.341119461917304505e-15 8.207539125609481436e-16
1.815012544173546530e+03 -3.754196405317600899e-17 7.012907427787223731e-16
1.817758226794883740e+03 -3.183734550806127133e-16 6.649420130662279356e-16
1.820503909416220949e+03 -2.132155647529994379e-15 7.314595595881828932e-16
1.823249592037558159e+03 1.394478852164494440e-17 6.315814430186251995e-16
1.825995274658895369e+03 -7.952590120168841372e-16 6.087006463235295205e-16
1.828740957280232578e+03 -1.767150572022532891e-15 6.738201579136791941e-16
1.831486639901569788e+03 7.758931236235677110e-17 7.903713490432528451e-16
1.834232322522906998e+03 1.276493405670938762e-15 6.505370775751518692e-16
1.836978005144244207e+03 1.141418023481559783e-15 7.194762594181123244e-16
1.839723687765581417e+03 1.410128180083713359e-15 6.840341776566957125e-16
1.842469370386918627e+03 8.481959812786750851e-16 6.512988605048265673e-16
1.845215053008255836e+03 -9.675700965507424175e-16 5.701750463204857399e-16
1.847960735629593046e+03 4.944080741010517512e-17 5.359696300202906638e-16
1.850706418250930255e+03 1.281781919444787215e-15 5.976617516754595202e-16
1.853452100872267465e+03 6.654296857660335435e-15 6.524291771314329275e-16
1.856197783493604675e+03 -5.230880598473492421e-16 5.596004353736046057e-16
1.858943466114941884e+03 3.148492333189174607e-16 5.161911837209215971e-16
1.861689148736279094e+03 5.606688954074163839e-16 5.173421502316788322e-16
1.864434831357616304e+03 3.168718429012741890e-16 4.834803983545503848e-16
1.867180513978953513e+03 -4.462710399070917709e-16 5.169448610949243299e-16
1.869926196600290723e+03 -6.661752818710670070e-16 5.921493485101702974e-16
1.872671879221627933e+03 1.200255965686033122e-15 5.204295636177003720e-16
1.875417561842965142e+03 2.075013499384248634e-15 5.552897026389725911e-16
1.878163244464302352e+03 -1.564484838737765506e-16 4.818294407859710950e-16
1.880908927085639561e+03 -1.629587572368499217e-15 6.060616855994081920e-16
1.883654609706976771e+03 -7.896285615412636542e-16 9.756250316039231812e-16
1.886400292328313981e+03 -1.173585128029552361e-15 4.921830217977569004e-16
1.889145974949651190e+03 -6.402175801695889426e-16 4.282099109761609653e-16
1.891891657570988400e+03 -2.088582510031266947e-15 5.783918416257247669e-16
1.894637340192325610e+03 -1.935999055470639224e-15 6.281533665903825810e-16
1.897383022813662819e+03 -6.448618904197683153e-16 4.555857767212582520e-16
1.900128705435000029e+03 -5.684284961031065299e-16 4.100458142793632778e-16
1.902874388056337239e+03 -8.661233530947390476e-16 3.988237516267082537e-16
1.905620070677674448e+03 -6.905813558790505832e-17 3.899029056023208451e-16
1.908365753299011658e+03 5.238615365799203819e-16 4.134693041641164456e-16
1.911111435920348868e+03 -6.322688726640289060e-17 4.137096371624689876e-16
1.913857118541686077e+03 -9.152224676647167792e-16 6.554308455595759473e-16
1.916602801163023287e+03 -1.683262164389868615e-15 4.479946766561555432e-16
1.919348483784360496e+03 -9.733978139743035261e-16 4.172403287707340173e-16
1.922094166405697706e+03 3.139285807784364677e-16 3.761450198295957575e-16
1.924839849027034916e+03 4.823182181509788082e-16 5.333247769962252259e-16
1.927585531648372125e+03 -4.897809062132055331e-16 4.367998250978587868e-16
1.930331214269709335e+03 -4.781539445593589325e-16 4.162768098525032886e-16
1.933076896891046545e+03 -8.189369359593325742e-17 3.773500167866531058e-16
1.935822579512383754e+03 4.811751061280036025e-16 4.153213563290795235e-16
1.938568262133720964e+03 5.883807871864365308e-16 3.984895435814794668e-16
1.941313944755058174e+03 2.298051239193097858e-16 3.571527346434847131e-16
1.944059627376395383e+03 8.693270858075132992e-17 4.993796089759784879e-16
1.946805309997732593e+03 -4.631954283198502684e-16 3.436987995306721968e-16
1.949550992619069802e+03 -5.446567606722086421e-16 3.266669116154605763e-16
1.952296675240407012e+03 5.046256626039670426e-17 3.107487418432650137e-16
1.955042357861744222e+03 9.678945990104304678e-18 3.690688717737605554e-16
1.957788040483081431e+03 -2.457125502614133060e-16 3.425703923065585280e-16
1.960533723104418641e+03 -2.506844993346374796e-16 3.748889236414909600e-16
1.963279405725755851e+03 2.248876849419104174e-16 3.079936194846218769e-16
1.966025088347093060e+03 1.208350634934583794e-15 4.071516459680557076e-16
1.968770770968430270e+03 5.633728453100710501e-16 3.239804999002235903e-16
1.971516453589767480e+03 1.244911237131944049e-15 3.494013605450577916e-16
1.974262136211104689e+03 -4.580507445278625890e-16 3.097391297428387296e-16
1.977007818832441899e+03 -7.983837261253721925e-16 3.172026922470272620e-16
1.979753501453779108e+03 -2.710428754103551754e-16 3.476040688546118062e-16
1.982499184075116318e+03 -2.928341304533325772e-17 2.968895522698906644e-16
1.985244866696453528e+03 -1.358828698228455887e-17 2.754870398789325369e-16
1.987990549317790737e+03 -4.707399456689758826e-16 3.191142597800815489e-16
1.990736231939127947e+03 -2.044777162292551902e-16 2.870521016771615405e-16
1.993481914560465157e+03 -8.004261334311543320e-16 3.158957579037877139e-16
1.996227597181802366e+03 3.302589180382469091e-16 2.948417932169221621e-16
1.998973279803139576e+03 -4.299442403981717529e-17 3.424003055160623485e-16
2.001718962424476786e+03 4.267404069238250014e-16 2.687857896513513306e-16
2.004464645045813995e+03 6.533969597799778014e-16 2.435479634581284220e-16
2.007210327667151205e+03 -4.389679052002053763e-18 3.279081746882792179e-16
2.009956010288488415e+03 -1.271594052913719512e-16 2.683869628563365699e-16
2.012701692909825624e+03 8.475290424116769273e-17 2.506978277331473553e-16
2.015447375531162834e+03 1.086610900412668922e-16 2.715998479864326805e-16
2.018193058152500043e+03 -3.246971609954435582e-16 2.500025083695939773e-16
2.020938740773837253e+03 -3.615698862334235149e-16 2.739419707876990221e-16
2.023684423395174463e+03 1.014751309078334492e-15 3.338225459542079301e-16
2.026430106016511672e+03 5.943258995732995004e-16 3.066992106951998230e-16
2.029175788637848882e+03 -7.300195890092719337e-17 2.747902441892725405e-16
2.031921471259186092e+03 9.501864704663617566e-17 2.816001893262238880e-16
2.034667153880523301e+03 -3.795939408255065036e-16 2.743699693311600559e-16
2.037412836501860511e+03 1.137602815893325093e-16 2.336743237350663396e-16
2.040158519123197721e+03 8.658251295101932061e-16 2.459880337224117480e-16
2.042904201744534930e+03 7.117766571283605392e-16 2.613266722974286112e-16
2.045649884365872140e+03 1.122495812065175493e-15 3.017351153837605076e-16
2.048395566987209349e+03 -1.713380830721723414e-16 2.104130918748445814e-16
2.051141249608546786e+03 -4.258656497836496706e-16 2.291281368334732062e-16
2.053886932229883769e+03 -3.633685033145673670e-16 2.022958190521508027e-16
2.056632614851220751e+03 -5.742890480478153675e-16 2.671743668220071478e-16
2.059378297472558188e+03 1.591669841689397512e-16 1.923794559385412782e-16
2.062123980093895625e+03 -6.778727165042892512e-17 2.401279751253989948e-16
2.064869662715232607e+03 -1.879853326205995463e-17 1.877021319178464957e-16
2.067615345336569590e+03 -2.981097751636034089e-16 2.788166250134641092e-16
2.070361027957907027e+03 -1.345612741889843065e-17 2.742274699350532127e-16
2.073106710579244464e+03 -1.001350558743868642e-16 1.938128087967195721e-16
2.075852393200581446e+03 -3.128981524601454687e-16 1.811174967668055621e-16
2.078598075821918428e+03 -4.016983886551583040e-16 2.082623330419498874e-16
2.081343758443255865e+03 -1.202422903228573386e-16 1.809248656007479022e-16
2.084089441064593302e+03 -3.842814546334446760e-16 2.095961061482737040e-16
2.086835123685930284e+03 -9.255208508656774875e-17 1.874623049511081240e-16
2.089580806307267267e+03 -2.761287323357204005e-16 1.611137218835595247e-16
2.092326488928604704e+03 1.254395121655163321e-16 1.754599449663900934e-16
2.095072171549942141e+03 3.943581267852518417e-16 2.073831582934163086e-16
2.097817854171279123e+03 -5.726549857587396926e-17 1.907396498478021646e-16
2.100563536792616105e+03 2.939992224465482511e-16 1.963520304715396635e-16
2.103309219413953542e+03 8.640097613404643553e-16 1.888819840820981273e-16
2.106054902035290979e+03 2.917384840171188637e-16 1.633905935619079205e-16
2.108800584656627962e+03 4.114178707587825033e-16 1.947200327421429067e-16
2.111546267277964944e+03 -7.820679548510382898e-17 2.340049351662922782e-16
2.114291949899302381e+03 -2.437595702022338306e-16 1.713679413626056914e-16
2.117037632520639818e+03 2.189677004237516052e-16 1.612157909993553510e-16
2.119783315141976800e+03 7.765222223212218467e-17 1.636513647535153146e-16
2.122528997763313782e+03 1.931242736441247248e-16 1.663843907778996358e-16
2.125274680384651219e+03 6.548855500509885081e-16 1.564671535663790176e-16
2.128020363005988656e+03 2.593140799787311486e-16 1.409367187406432494e-16
2.130766045627325639e+03 8.059198443683918276e-16 1.441504649031046100e-16
2.133511728248662621e+03 -1.026001206968712891e-16 1.345187895715377040e-16
2.136257410870000058e+03 2.224379223574192101e-16 1.480751976126325582e-16
2.139003093491337495e+03 4.197307261528404752e-16 1.331629722149850584e-16
2.141748776112674477e+03 5.190511316962992570e-16 1.542530378614322405e-16
2.144494458734011459e+03 -3.261600931209646725e-16 1.540586729208899322e-16
2.147240141355348896e+03 -1.169516652057246967e-16 1.248575183439078162e-16
2.149985823976686333e+03 1.443378253407080060e-16 1.428690577493124036e-16
2.152731506598023316e+03 2.967338760790069382e-17 1.439403859575371237e-16
2.155477189219360298e+03 4.009341443129584881e-16 1.910122965129093955e-16
2.158222871840697735e+03 1.517015772679911063e-17 1.426965538541308580e-16
2.160968554462035172e+03 2.905052440428911658e-16 1.380370691113372504e-16
2.163714237083372154e+03 7.211485345101191515e-18 1.363484075426391671e-16
2.166459919704709137e+03 -2.654046741689280154e-16 1.481618674681534235e-16
2.169205602326046574e+03 8.823412032760126649e-17 1.645190220668934106e-16
2.171951284947384011e+03 -1.300084257976178075e-16 1.129663152841930452e-16
2.174696967568720993e+03 7.677445907469768673e-17 1.460978526640458091e-16
2.177442650190057975e+03 -1.575014294795550667e-16 1.691014267748905594e-16
2.180188332811395412e+03 5.249733119587679801e-17 1.196953606346673421e-16
2.182934015432732849e+03 4.100998460262160627e-16 1.312097326688661193e-16
2.185679698054069831e+03 -4.920468263103073146e-17 1.176082592280664669e-16
2.188425380675406814e+03 3.850875304280273856e-17 1.304449851095389774e-16
2.191171063296744251e+03 2.017767595347495484e-16 1.238490887645763226e-16
2.193916745918081688e+03 -1.247204075250680953e-15 1.337223716286365684e-16
2.196662428539418670e+03 -5.011272988845145038e-16 1.121898901865733693e-16
2.199408111160755652e+03 1.571007383126338638e-16 1.171385912732088534e-16
2.202153793782093089e+03 2.571370825988084335e-16 1.211039397838094309e-16
2.204899476403430526e+03 2.482071780776964089e-17 1.137405251735308406e-16
2.207645159024767509e+03 -1.396462800491619255e-16 1.188607402946228958e-16
2.210390841646104491e+03 -9.183196667618784424e-17 1.240982900417873153e-16
2.213136524267441928e+03 -4.790841759412617564e-16 1.222073771520303700e-16
2.215882206888779365e+03 -6.866904537145240761e-16 1.221182818301211993e-16
2.218627889510116347e+03 -1.713233605810692755e-17 1.102608338500538183e-16
2.221373572131453329e+03 -1.378303810331868988e-16 1.291038683948077462e-16
2.224119254752790766e+03 -1.660026734901490919e-16 1.345123083207012978e-16
2.226864937374128203e+03 1.541670645146801833e-16 1.016085804476151691e-16
2.229610619995465186e+03 7.368453151066013506e-17 1.073189963331775257e-16
2.232356302616802168e+03 -4.345041057838950855e-17 1.305191077026915350e-16
2.235101985238139605e+03 2.487075763068964103e-15 1.119481411527054352e-16
2.237847667859477042e+03 3.736126309262762254e-15 1.311892825502763230e-16
2.240593350480814024e+03 3.081798970343958089e-17 1.325573157411077464e-16
2.243339033102151006e+03 -1.021868068332556236e-16 1.274845724194663418e-16
2.246084715723488443e+03 -2.195384871509002707e-16 1.255448074648529305e-16
2.248830398344825880e+03 4.255289456539133809e-17 1.120361202573643426e-16
2.251576080966162863e+03 2.183366487441273258e-16 1.223926951252645896e-16
2.254321763587499845e+03 -3.421284820700819266e-16 1.298484140104575833e-16
2.257067446208837282e+03 2.363908804396407695e-17 1.066408103812095337e-16
2.259813128830174719e+03 -7.075844005153770029e-17 9.875509184546749820e-17
2.262558811451511701e+03 -2.007266141140181914e-16 1.127049291816354376e-16
2.265304494072848684e+03 -1.527030059962261806e-16 1.082086615222973374e-16
2.268050176694186121e+03 -1.150370467894577289e-16 1.042216044405778369e-16
2.270795859315523558e+03 1.603715363227208223e-16 9.701617388024687201e-17
2.273541541936860540e+03 -1.678182678687869263e-16 8.604794661909571673e-17
2.276287224558197522e+03 -2.529554517161735092e-16 9.736497980607517082e-17
2.279032907179534959e+03 -1.625577069616602077e-16 8.964137577733544979e-17
2.281778589800872396e+03 1.524123514737142449e-17 9.152314134611896171e-17
2.284524272422209378e+03 9.712175554367019626e-18 8.344608771769149852e-17
2.287269955043546361e+03 3.798099578374351147e-16 9.869365652251857163e-17
2.290015637664883798e+03 5.758092058956782212e-16 9.280551736751752055e-17
2.292761320286221235e+03 1.051602220996831302e-16 1.084418409903847241e-16
2.295507002907558217e+03 -1.891751724377438304e-17 9.289569834437898966e-17
2.298252685528895199e+03 2.461504183964948029e-16 9.572567343635196774e-17
2.300998368150232636e+03 2.069990992676981295e-16 1.072788968772656492e-16
2.303744050771570073e+03 -9.479785936695348124e-17 8.646243425991272191e-17
2.306489733392907056e+03 -1.324495139255958968e-17 7.792385043572913447e-17
2.309235416014244038e+03 -2.539884841329558860e-17 8.747940711640175565e-17
2.311981098635581475e+03 -8.154796080134373117e-18 8.258494382771927913e-17
2.314726781256918912e+03 -9.447017340061762493e-17 8.304103962786625666e-17
2.317472463878255894e+03 1.885439285768490600e-16 8.351040307301769170e-17
2.320218146499592876e+03 1.296139698483695263e-17 7.552328296599349129e-17
2.322963829120930313e+03 6.799497189555505388e-18 9.448147852049912646e-17
2.325709511742267750e+03 4.573906534366465303e-17 9.205732146638492854e-17
2.328455194363604733e+03 3.015523808517363780e-16 8.906719537762848981e-17
2.331200876984941715e+03 6.162656295087033706e-17 9.042283949956958474e-17
2.333946559606279152e+03 -1.473161958902698526e-16 8.735417483190549230e-17
2.336692242227616589e+03 -3.341699151354994997e-17 7.446562786605740962e-17
2.339437924848953571e+03 1.273548020507512942e-16 7.803543194549945491e-17
2.342183607470290553e+03 2.403599195134136721e-16 1.134884951960060711e-16
2.344929290091627990e+03 1.629784050689829072e-16 8.102646065925664572e-17
2.347674972712965427e+03 4.143082617214993787e-17 7.624530832836487843e-17
2.350420655334302410e+03 1.088018940454080264e-16 1.046256055737087087e-16
2.353166337955639392e+03 1.037874251551593519e-16 7.289521507116240021e-17
2.355912020576976829e+03 2.340808879596683002e-16 8.531074962443896502e-17
2.358657703198314266e+03 3.683202633316085155e-17 7.476091069514939653e-17
2.361403385819651248e+03 4.866504547742657227e-17 7.058351889761718704e-17
2.364149068440988231e+03 -1.372269591975389784e-16 1.273504314664364729e-16
2.366894751062325668e+03 -1.738027294865235200e-16 7.970677960273931705e-17
2.369640433683663105e+03 -2.289182274228499004e-16 8.575703259929419729e-17
2.372386116305000087e+03 3.688666609526570637e-17 7.259494570866243051e-17
2.375131798926337069e+03 1.206176398159886323e-17 7.230714411739210416e-17
2.377877481547674506e+03 -2.744355541954170378e-16 9.053649660605916385e-17
2.380623164169011943e+03 8.009581547581783525e-17 7.127801865987494244e-17
2.383368846790348925e+03 1.953559650727940580e-16 7.333507903183470670e-17
2.386114529411685908e+03 -5.091074287533669303e-16 1.140295832293070861e-16
2.388860212033023345e+03 -4.743359439635545183e-17 9.589120169068098225e-17
2.391605894654360782e+03 -3.786993834340868164e-17 6.990446665456669540e-17
2.394351577275697764e+03 -8.512776719377962618e-17 6.785615464107336325e-17
2.397097259897034746e+03 -8.721666084636585779e-17 6.450013771990649004e-17
2.399842942518372183e+03 -9.481565736471628195e-17 7.211413467056028182e-17
2.402588625139709620e+03 4.745959587782069160e-17 6.741292242866578461e-17
2.405334307761046603e+03 -2.796620185956036248e-16 8.123992802751429779e-17
2.408079990382383585e+03 4.404783912972789405e-18 6.246992111001245072e-17
2.410825673003721022e+03 -1.252655092115244819e-17 7.726862114555661382e-17
2.413571355625058459e+03 4.323620935527358954e-17 9.316076702727324530e-17
2.416317038246395441e+03 9.496070872815868675e-17 7.274621092186108218e-17
2.419062720867732423e+03 -1.022116358024060436e-16 6.502277245951964036e-17
2.421808403489069860e+03 -2.913963542908169945e-17 7.352655775487130699e-17
2.424554086110407297e+03 4.511082239775342788e-17 6.521895536188417769e-17
2.427299768731744280e+03 1.133708542291427496e-16 8.810239263027751143e-17
2.430045451353081262e+03 -4.539901980375483306e-16 1.390789677197229784e-16
2.432791133974418699e+03 1.301284491502428435e-16 6.884367928763326387e-17
2.435536816595756136e+03 -1.530056295041889336e-16 7.711230911684470229e-17
2.438282499217093118e+03 -1.092126954863827166e-16 6.951977280982045899e-17
2.441028181838430100e+03 1.208033956735853226e-15 7.842834785781777978e-17
2.443773864459767537e+03 -7.196143658979287650e-17 6.908285578060260053e-17
2.446519547081104974e+03 -9.826468657596651819e-18 6.715640176887302404e-17
2.449265229702441957e+03 1.102047612005275236e-17 8.336280587521620248e-17
2.452010912323778939e+03 2.761100921699598722e-16 7.804104961028047956e-17
2.454756594945116376e+03 1.664640562244296225e-16 7.457791059492742912e-17
2.457502277566453813e+03 -6.358091045403074148e-17 7.703793516046604742e-17
2.460247960187790795e+03 2.652714598219720430e-16 7.600295761473040154e-17
2.462993642809127778e+03 1.232927703899887682e-16 6.308296968652957957e-17
2.465739325430465215e+03 -2.146869204652116259e-17 6.384757876496197646e-17
2.468485008051802652e+03 1.921041798097129371e-16 7.412687699335111671e-17
2.471230690673139634e+03 9.120072711941940578e-18 8.050671426501919489e-17
2.473976373294476616e+03 5.326408962274714018e-17 7.137021442452143353e-17
2.476722055915814053e+03 2.314344603817914558e-18 6.435895361535440111e-17
2.479467738537151490e+03 -8.019356284407520733e-17 9.609267154912933685e-17
2.482213421158488472e+03 1.719097317295076625e-16 6.401112127265448192e-17
2.484959103779825455e+03 7.351631434590797581e-16 7.715880597486195478e-17
2.487704786401162892e+03 2.937310041158866144e-16 7.632999177544630972e-17
2.490450469022500329e+03 -1.118222153018230203e-17 7.588695556663997648e-17
2.493196151643837311e+03 1.011345790262515381e-16 6.008485237350569390e-17
2.495941834265174293e+03 -2.034116599637046408e-16 7.880110827680589409e-17
2.498687516886511730e+03 -3.749784063760916476e-17 6.138896356431816599e-17
2.501433199507849167e+03 6.285591124868105799e-17 7.149278400891444945e-17
2.504178882129186150e+03 1.327575767209027316e-16 6.706719613813632890e-17
2.506924564750523132e+03 2.099544932419427811e-16 7.195024698280287965e-17
2.509670247371860569e+03 4.713969916125312003e-17 6.594891460032675551e-17
2.512415929993198006e+03 1.394996429298959271e-16 6.806798701751985844e-17
2.515161612614534988e+03 7.634820180311697430e-17 6.704427436681195198e-17
2.517907295235871970e+03 1.272606756234426631e-16 6.657676796276405371e-17
2.520652977857209407e+03 -2.456494696526431010e-16 7.580588853923508323e-17
2.523398660478546844e+03 -8.057393583489958173e-17 6.901193114356598302e-17
2.526144343099883827e+03 -3.323903340871604352e-17 6.751861531899307809e-17
2.528890025721220809e+03 1.011289802407234589e-16 8.292142099536081746e-17
2.531635708342558246e+03 3.905868527714146223e-16 9.634415167658981755e-17
2.534381390963895683e+03 2.412417868907694159e-17 6.835772270540347315e-17
2.537127073585232665e+03 -3.425872616111288118e-17 7.176854615432711815e-17
2.539872756206569647e+03 4.993450190039576985e-17 6.024313237139162130e-17
2.542618438827907084e+03 1.458766421388590069e-17 5.993870183855777497e-17
2.545364121449244522e+03 9.831524525511724094e-17 7.169978978928118818e-17
2.548109804070581504e+03 -1.482905424350229971e-16 7.932224019448156798e-17
2.550855486691918486e+03 1.327815999633259481e-16 1.082370441958528185e-16
2.553601169313255923e+03 -4.609772054034558312e-17 6.506121046705831993e-17
2.556346851934593360e+03 -9.518014653329784711e-17 6.054198805569475398e-17
2.559092534555930342e+03 1.520027086359622283e-16 6.266684952117825877e-17
2.561838217177267325e+03 1.689434031968591655e-18 7.451384315949828036e-17
2.564583899798604762e+03 -9.447348092260801862e-17 6.488316679752925209e-17
2.567329582419942199e+03 -2.119042383372900407e-16 6.138861875448959213e-17
2.570075265041279181e+03 5.117435271764449302e-17 6.521426575631208506e-17
2.572820947662616163e+03 3.032800180246088131e-17 7.221719003729672105e-17
2.575566630283953600e+03 -1.020203918111964845e-17 5.617541258529742972e-17
2.578312312905291037e+03 -8.578070493413139689e-18 7.178168193239785006e-17
2.581057995526628019e+03 -1.211405878116394451e-17 5.847889470719996946e-17
2.583803678147965002e+03 -1.446859553259000388e-16 6.019877641471308018e-17
2.586549360769302439e+03 -1.262362729182727744e-16 6.409418581453264100e-17
2.589295043390639876e+03 -1.503037678077481818e-17 8.266059765109130526e-17
2.592040726011976858e+03 -8.295238839818605264e-16 6.637425932818663125e-17
2.594786408633313840e+03 4.200112644257026437e-17 6.399602119357581765e-17
2.597532091254651277e+03 -1.684467778577712671e-16 5.954670833392440198e-17
2.600277773875988714e+03 1.676497119359072359e-16 6.370487822382748499e-17
2.603023456497325697e+03 3.505228724475503637e-17 6.439904792970193499e-17
2.605769139118662679e+03 1.318008633914264647e-16 6.538545535974902689e-17
2.608514821740000116e+03 1.111015579263678951e-17 7.910075426617304460e-17
2.611260504361337553e+03 -4.154968891432085342e-17 5.994155320148956577e-17
2.614006186982674535e+03 1.218213811969361848e-16 6.325050597164095079e-17
2.616751869604011517e+03 1.009438910009583589e-16 6.799180124269583089e-17
2.619497552225348954e+03 8.420099988420439941e-17 6.609164426764243275e-17
2.622243234846686391e+03 6.480573970046430268e-17 8.850659376327382173e-17
2.624988917468023374e+03 5.283614982024375296e-17 5.662775555758739089e-17
2.627734600089360356e+03 -1.806751517578611267e-16 6.238605943248692808e-17
2.630480282710697793e+03 9.412690509285592364e-18 6.714584244619593981e-17
2.633225965332035230e+03 6.498917578968976146e-17 5.979392633252848506e-17
2.635971647953372212e+03 9.587011174494099303e-18 7.624232278131703912e-17
2.638717330574709194e+03 6.031048996316559289e-17 6.572724466845652869e-17
2.641463013196046631e+03 6.576263286639785090e-17 6.193478837846902397e-17
2.644208695817384069e+03 8.292249861074029460e-18 8.658141336796553322e-17
2.646954378438721051e+03 4.226552524056219541e-17 6.974071688825616098e-17
2.649700061060058033e+03 -8.624783570034166844e-17 7.745829324275948413e-17
2.652445743681395470e+03 3.607314014781502002e-16 6.519207285490603324e-17
2.655191426302732907e+03 1.535602765265685434e-16 6.261089863473956434e-17
2.657937108924069889e+03 -1.685633793076670594e-17 7.197433120187855853e-17
2.660682791545406872e+03 -9.516976180176204055e-18 5.645652778570094636e-17
2.663428474166744309e+03 8.213179165655900498e-17 6.380820715416833201e-17
2.666174156788081746e+03 -3.407513069477404958e-17 8.084641968201211755e-17
2.668919839409418728e+03 2.216301259834190669e-16 7.854047486603437497e-17
2.671665522030755710e+03 -5.114026758358677264e-18 6.797256360473234156e-17
2.674411204652093147e+03 1.797091934124262350e-17 8.601915607311356595e-17
2.677156887273430584e+03 -2.281721415171902228e-16 6.730447713964605721e-17
2.679902569894767566e+03 -7.048967597389595820e-19 5.257274925696994214e-17
2.682648252516104549e+03 -3.102842476679068590e-17 6.129923163483245151e-17
2.685393935137441986e+03 -3.399979941591937691e-17 5.616738210158338297e-17
2.688139617758779423e+03 1.511948725488826118e-16 7.371152044938825074e-17
2.690885300380116405e+03 -1.092263197660936686e-16 5.604408944167078680e-17
2.693630983001453387e+03 -4.693671448023441273e-17 7.302172294019588452e-17
2.696376665622790824e+03 -1.323188722863761753e-16 6.688361991256984640e-17
2.699122348244128261e+03 -2.342997178208731989e-17 5.963200870960485176e-17
2.701868030865465244e+03 1.528993724550130318e-16 6.342731889742671825e-17
2.704613713486802226e+03 -6.632063275093902831e-17 5.392484732910719370e-17
2.707359396108139663e+03 1.429162893115010759e-17 5.126166268256448571e-17
2.710105078729477100e+03 9.482676422442583435e-18 5.698070243061099378e-17
2.712850761350814082e+03 2.992086584034559726e-17 5.939896827472618413e-17
2.715596443972151064e+03 -2.123737898368465799e-18 6.892778457764061464e-17
2.718342126593488501e+03 -1.840977037794889942e-16 6.049071949883904961e-17
2.721087809214825938e+03 -7.253907559841308022e-17 6.068242243449373208e-17
2.723833491836162921e+03 -1.239382763048548611e-16 5.233830417022133616e-17
2.726579174457499903e+03 -9.580327712465544559e-17 5.546280641407239331e-17
2.729324857078837340e+03 -4.139883857152214107e-17 5.227669384548858624e-17
2.732070539700174777e+03 2.129430766891060833e-18 5.552697962640387022e-17
2.734816222321511759e+03 -5.241957090398292732e-17 5.443086270559767729e-17
2.737561904942848741e+03 8.641611871986326098e-17 6.063831026947771412e-17
2.740307587564186178e+03 -1.286270911306423501e-16 6.213929004373793893e-17
2.743053270185523616e+03 1.718497584937421005e-17 5.909649435711605880e-17
2.745798952806860598e+03 -1.192385905536124251e-16 6.012566348984721435e-17
2.748544635428197580e+03 -6.659110672130054632e-17 7.125173560273477785e-17
2.751290318049535017e+03 1.130323714909509831e-16 8.000498395217191878e-17
2.754036000670872454e+03 4.759734370556219256e-17 7.803804076807168634e-17
2.756781683292209436e+03 -3.209887643326065199e-17 5.142096747844095895e-17
2.759527365913546419e+03 3.410630611598632545e-17 5.528352648162015752e-17
2.762273048534883856e+03 4.313560764242240613e-16 7.029105915575801300e-17
2.765018731156221293e+03 3.418539095105887192e-17 8.449897961132320665e-17
2.767764413777558275e+03 -2.642505520645284707e-16 5.500834289838108220e-17
2.770510096398895257e+03 -5.304671065357216090e-17 7.456551823741703266e-17
2.773255779020232694e+03 -6.617195453861084044e-17 5.533097973162993897e-17
2.776001461641570131e+03 -4.869476913915104430e-17 4.796268511525512759e-17
2.778747144262907113e+03 -1.655364791473341429e-16 5.916844061378640906e-17
2.781492826884244096e+03 -2.650881576331703663e-17 5.411218714798118719e-17
2.784238509505581533e+03 -1.936699155439275715e-16 8.284560322922845227e-17
2.786984192126918970e+03 4.737237377107144009e-17 5.181470949056874548e-17
2.789729874748255952e+03 6.449298440418268283e-17 5.251264794146238875e-17
2.792475557369592934e+03 -2.489129976080212885e-17 5.267352072526557260e-17
2.795221239990930371e+03 1.931827675828378252e-16 6.116529485498162910e-17
2.797966922612267808e+03 -8.443390727251822427e-17 6.029005855142637127e-17
2.800712605233604791e+03 -6.742600777328535174e-17 5.612198383517212923e-17
2.803458287854941773e+03 -4.412202842808136687e-18 5.604151686077793983e-17
2.806203970476279210e+03 5.068714284670003581e-17 5.285667129173059308e-17
2.808949653097616647e+03 4.273938639668970085e-17 6.726683684783204612e-17
2.811695335718953629e+03 5.480784734862385038e-17 4.970064445939537192e-17
2.814441018340290611e+03 2.065158819194144929e-17 4.425326893442819273e-17
2.817186700961628048e+03 4.062966213620140710e-18 5.440157837021871234e-17
2.819932383582965485e+03 7.585129141515877051e-17 5.087215046106479616e-17
2.822678066204302468e+03 1.758653692518893383e-16 6.788998712446345093e-17
2.825423748825639450e+03 1.255636432739828140e-16 4.870930575976298417e-17
2.828169431446976887e+03 -1.478668748444924737e-17 5.516534758516466933e-17
2.830915114068314324e+03 -1.010906379592647023e-16 4.997041770744163719e-17
2.833660796689651306e+03 9.419403069529504739e-18 5.411468360300018965e-17
2.836406479310988288e+03 7.155911725129643561e-17 5.019964535657473433e-17
2.839152161932325726e+03 -6.174482124335092623e-17 5.620259034953480888e-17
2.841897844553663163e+03 9.195340337130447393e-17 4.633170394927875764e-17
2.844643527175000145e+03 3.764645896441629101e-17 4.703103355382387804e-17
2.847389209796337127e+03 -1.900526215586607755e-18 5.630842586335049839e-17
2.850134892417674564e+03 -2.792649691842410638e-17 6.845231209793603451e-17
2.852880575039012001e+03 3.457446178346846720e-17 5.542444074349082562e-17
2.855626257660348983e+03 -4.106962288048937725e-17 4.692184993000942518e-17
2.858371940281685966e+03 -1.624566688137703326e-18 5.293050621433405087e-17
2.861117622903023403e+03 -2.082185620303663000e-16 4.918767291120620006e-17
2.863863305524360840e+03 1.776743044719693462e-16 6.549643753965471125e-17
2.866608988145697822e+03 -1.352798525178511119e-17 4.874069870674990742e-17
2.869354670767034804e+03 5.311363490720350500e-18 4.605932024928202651e-17
2.872100353388372241e+03 2.220625796397058462e-17 5.312750786672909543e-17
2.874846036009709678e+03 -7.128637074272936330e-18 4.227012622838232964e-17
2.877591718631046660e+03 -3.420450384299157926e-17 5.227536156845628111e-17
2.880337401252383643e+03 -2.727571309426537011e-17 5.661026962849740510e-17
2.883083083873721080e+03 -5.943714898481101185e-17 4.925744334659952957e-17
2.885828766495058517e+03 -2.566394464599952450e-17 5.111509638666227011e-17
2.888574449116395499e+03 2.065404669174916062e-17 5.895531454168859560e-17
2.891320131737732481e+03 -5.024302673467893641e-18 4.160214611203333915e-17
2.894065814359069918e+03 3.353850013780634950e-17 5.223411508839928353e-17
2.896811496980407355e+03 1.733211828412481270e-17 4.379501333772030815e-17
2.899557179601744338e+03 -1.817508121012748313e-17 4.237730482978243124e-17
2.902302862223081320e+03 9.872572006467784074e-17 4.566648478060847234e-17
2.905048544844418757e+03 -5.577013726864485639e-18 5.064239832167928296e-17
2.907794227465756194e+03 6.407584268902220556e-18 4.901502442968463471e-17
2.910539910087093176e+03 3.748556907449380699e-17 5.437723784290030800e-17
2.913285592708430158e+03 -4.263436057393436461e-17 4.403125023463396261e-17
2.916031275329767595e+03 1.605976135426183137e-17 3.945625895726446359e-17
2.918776957951105032e+03 -8.551842772921819835e-17 4.017615731895484029e-17
2.921522640572442015e+03 4.034027026127249462e-17 4.362579289629889968e-17
2.924268323193778997e+03 -2.141360808449578203e-16 4.377798136555150061e-17
2.927014005815116434e+03 6.187424762984213621e-17 3.900664908794736219e-17
2.929759688436453871e+03 2.935020298003022934e-17 4.710046084173481366e-17
2.932505371057790853e+03 1.040833893127109767e-16 4.051321304308103994e-17
2.935251053679127835e+03 -2.521130339950088393e-18 3.874764459266905212e-17
2.937996736300465273e+03 1.381174358377629300e-17 3.883451313258494232e-17
2.940742418921802710e+03 -4.651622242687246891e-17 4.452903929802794483e-17
2.943488101543139692e+03 1.054987742398779505e-17 3.699238984304154666e-17
2.946233784164476674e+03 2.179951957167955104e-17 4.025399478425088988e-17
2.948979466785814111e+03 4.626909564244170041e-16 4.749442074622524281e-17
2.951725149407151548e+03 -8.401213640504253086e-17 4.241207128687061761e-17
2.954470832028488530e+03 -1.045276966615148282e-16 3.633312916075403767e-17
2.957216514649825513e+03 6.715540193038149778e-19 3.520266301659846800e-17
2.959962197271162950e+03 1.985657871020781322e-17 5.572341564787767875e-17
2.962707879892500387e+03 1.295106148559965931e-16 3.992783092717136877e-17
2.965453562513837369e+03 1.342256773945077543e-17 4.074775951509879338e-17
2.968199245135174351e+03 8.064128897492207189e-17 4.141196571883102462e-17
2.970944927756511788e+03 5.203119489812349389e-17 4.856447802141556972e-17
2.971000000000000000e+03 5.085380214915994497e-17 4.767193854505041363e-17
2.973690610377849225e+03 1.118706462392019088e-18 3.576730399324339125e-17
2.976436292999186207e+03 -5.584791214759148149e-17 3.236522556686936315e-17
2.976494017822818478e+03 -5.341004280961061827e-17 3.176178636387407092e-17
2.979181975620523190e+03 3.959586753835419247e-17 3.557149090323807674e-17
2.981927658241860627e+03 4.982773168889736705e-18 3.877725534532933989e-17
2.981988035645636955e+03 5.562061613921605208e-18 3.808771586682972764e-17
2.984673340863198064e+03 2.481014813864771353e-17 3.207182571161887553e-17
2.987419023484535046e+03 -2.726503709248384597e-17 3.506386382105433250e-17
2.987482053468455433e+03 -2.761063680320313084e-17 3.436448416988608713e-17
2.990164706105872028e+03 -6.435129631297533428e-17 3.014006179923153350e-17
2.992910388727209465e+03 -1.504809930833147844e-17 3.424564347239263409e-17
2.992976071291273911e+03 -1.393057148118731880e-17 3.358159393855371043e-17
2.995656071348546902e+03 -6.684441889770837251e-17 3.656415617544365278e-17
2.998401753969883885e+03 -6.642066455509824502e-17 3.120968665922630984e-17
2.998470089114092389e+03 -6.515831215373944369e-17 3.057488293476780019e-17
3.001147436591220867e+03 -6.615406414190778203e-17 3.086661015995004423e-17
3.003893119212558304e+03 -6.257404222871653872e-17 3.274081995041178767e-17
3.003964106936910866e+03 -6.033841201803985880e-17 3.196937565271023698e-17
3.006638801833895741e+03 -6.309761831892262937e-18 3.150866894182013761e-17
3.009384484455232723e+03 1.046762308145677174e-17 3.255877288234577991e-17
3.009458124759729344e+03 9.477089810279644556e-18 3.180687577414531642e-17
3.012130167076569705e+03 1.207982802284247790e-17 3.053463398906809155e-17
3.014875849697907142e+03 3.161317918090224539e-17 2.932243020440616922e-17
3.014952142582547822e+03 3.040057655130496002e-17 2.864556485802839905e-17
3.017621532319244579e+03 2.224756684660723352e-17 3.633347585489544082e-17
3.020367214940581562e+03 -4.138065727449022392e-17 4.191405563382757208e-17
3.020446160405366300e+03 -3.795589252271029300e-17 4.102682877641053520e-17
3.023112897561918544e+03 1.073031284681133665e-16 3.065712724713039151e-17
3.025858580183255981e+03 1.996034313063965069e-16 3.194206635147337726e-17
3.025940178228184777e+03 2.016733197565913472e-16 3.122304295295179018e-17
3.028604262804593418e+03 1.529688178829078963e-16 2.757262382921712505e-17
3.031349945425930400e+03 4.992291363991106968e-17 3.406614867398696689e-17
3.031434196051003255e+03 4.943365556592979130e-17 3.333708320866029938e-17
3.034095628047267382e+03 6.556664174446327785e-17 2.836087610906494204e-17
3.036841310668604820e+03 3.526994511600386522e-17 3.210276226505649223e-17
3.036928213873821733e+03 3.568583455207425001e-17 3.135485442155150937e-17
3.039586993289942257e+03 3.715315755566969412e-17 2.688189478117346964e-17
3.042332675911279239e+03 4.097298579097824055e-17 3.088234029095826693e-17
3.042422231696640210e+03 3.988074933011329173e-17 3.010927166501343549e-17
3.045078358532616221e+03 2.925503050916873085e-18 2.663744839214773661e-17
3.047824041153953658e+03 3.106305696222635099e-17 3.206182180646769867e-17
3.047916249519458688e+03 2.845832053279352926e-17 3.126989651941794030e-17
3.050569723775291095e+03 -5.493934030036547092e-17 2.620449458742328486e-17
3.053315406396628077e+03 -3.675314313962175304e-17 2.732245360037706167e-17
3.053410267342277166e+03 -3.480415686640440220e-17 2.658426153513059296e-17
3.056061089017965060e+03 -1.722358812388657868e-17 2.458657252866364324e-17
3.058806771639302497e+03 -6.944058863658251465e-17 2.788521476706305699e-17
3.058904285165095644e+03 -6.940499365588258741e-17 2.714931044343593320e-17
3.061552454260639934e+03 -8.522219225191259529e-17 2.714494576796651811e-17
3.064298136881976916e+03 -7.375466187660060038e-17 3.330568182626292227e-17
3.064398302987914121e+03 -7.336757575915386028e-17 3.252176086766020876e-17
3.067043819503313898e+03 -7.442989978213346930e-17 3.258374082616087648e-17
3.069789502124651335e+03 -5.356869886352509697e-17 5.295617657646798392e-17
3.069892320810732599e+03 4.156894037072706643e-18 5.612991522001159560e-17
3.075386338633551077e+03 -4.531029329171685878e-17 5.157587730665165983e-17
3.080880356456369555e+03 -3.735869786093435727e-17 5.639706919930964418e-17
3.086374374279188032e+03 7.367517856161681250e-17 5.511689077910333840e-17
3.091868392102006510e+03 -1.005409462137123786e-16 5.811561924193679937e-17
3.097362409924824988e+03 -3.127630992324278492e-16 8.779814587351886225e-17
3.102856427747643465e+03 9.780022574237409929e-17 5.440738851440748680e-17
3.108350445570461943e+03 1.369078731420358244e-16 4.968286180188532372e-17
3.113844463393280421e+03 -9.925688683893359061e-17 4.562021351866496255e-17
3.119338481216098899e+03 -9.046849358316439274e-17 4.727372564834825810e-17
3.124832499038917376e+03 -1.910688281734290146e-17 4.565196879654229080e-17
3.130326516861735854e+03 -3.037003980253901262e-17 4.500492181649371720e-17
3.135820534684554332e+03 -1.351168178297249954e-16 5.119094767347930299e-17
3.141314552507372809e+03 8.962383169946391895e-16 1.390164197464969523e-16
3.146808570330191287e+03 -8.641893860570474417e-17 4.762995172693415402e-17
3.152302588153009765e+03 -8.592899843742623499e-17 4.477802897326456078e-17
3.157796605975828243e+03 -2.405161977970202867e-16 4.688464068388105224e-17
3.163290623798646720e+03 -1.023851388879731882e-16 4.621436704185031781e-17
3.168784641621465198e+03 -5.863533598941071221e-17 3.923442629630393156e-17
3.174278659444283676e+03 -6.025178191037199791e-17 3.991117718337903548e-17
3.179772677267102154e+03 -5.625780513277687859e-17 4.080049378238738920e-17
3.185266695089920631e+03 -9.063669120748965031e-17 3.774399022981855850e-17
3.190760712912739109e+03 -1.932197123222952657e-16 4.718161173808797249e-17
3.196254730735557587e+03 -1.439252072322327312e-16 4.274838731030012718e-17
3.201748748558376064e+03 -1.546071574581092483e-16 4.787834740908476327e-17
3.207242766381194542e+03 -1.019556000838518344e-16 3.588221170620939135e-17
3.212736784204013020e+03 -7.432459787258022595e-18 3.519715020873890559e-17
3.218230802026831498e+03 7.552771586043551496e-18 3.814763166239708874e-17
3.223724819849649975e+03 -4.735395777990515254e-17 3.544426491945404017e-17
3.229218837672468453e+03 -1.828703568778641186e-16 3.757974669382203362e-17
3.234712855495286931e+03 -4.824503114997313961e-16 5.940262770357881597e-17
3.240206873318105409e+03 -7.111203711987624376e-17 3.923549803327689390e-17
3.245700891140923886e+03 3.584764617241126940e-17 3.576222118974287353e-17
3.251194908963742364e+03 -1.139363346843635226e-17 3.254764771910703314e-17
3.256688926786560842e+03 7.359585629437498828e-17 3.389902943778236003e-17
3.262182944609379319e+03 -1.191096267392817548e-17 3.290491608989911835e-17
3.267676962432197797e+03 -1.227378450158197102e-16 3.417731115889859426e-17
3.273170980255016275e+03 -6.142750068582746266e-17 3.529377761925626337e-17
3.278664998077834753e+03 -4.010325080594860732e-17 3.206816286081963546e-17
3.284159015900653230e+03 -2.829545082170454191e-17 3.758556852955204425e-17
3.289653033723471708e+03 8.246714489673394411e-19 3.112600302473305959e-17
3.295147051546290186e+03 5.449865109094755377e-18 3.140018654112627562e-17
3.300641069369108664e+03 1.715725541983892204e-17 3.239013161520630736e-17
3.306135087191927141e+03 -2.839876830083485533e-17 3.059641738175806870e-17
3.311629105014745619e+03 -7.210909458589349090e-18 3.147710459139027732e-17
3.317123122837564097e+03 1.087810331358735610e-17 3.086837987285879978e-17
3.322617140660382574e+03 -1.195718641880270520e-17 3.033106127698608530e-17
3.328111158483201052e+03 1.749856883012701774e-17 2.966855703381330898e-17
3.333605176306019530e+03 -5.264464054124100463e-17 2.970099824441590230e-17
3.339099194128838008e+03 6.987077405086087310e-17 3.575250079632568781e-17
3.344593211951656485e+03 3.645913511399425908e-17 2.820351597067702719e-17
3.350087229774474963e+03 -8.075443926887570856e-17 4.117086411496080688e-17
3.355581247597293441e+03 -3.082006846732803964e-17 2.837368169820111220e-17
3.361075265420111919e+03 -5.090861392014979178e-17 3.018151143321272672e-17
3.366569283242930396e+03 -1.589500345266163227e-17 2.972511018780832847e-17
3.372063301065748874e+03 -7.616480809024265467e-18 2.764050393235494141e-17
3.377557318888567352e+03 -3.648547851620019952e-17 2.734666770562663668e-17
3.383051336711385829e+03 1.575246775592655566e-16 2.938262752002555225e-17
3.388545354534204307e+03 -2.185404257437807779e-16 3.335505355794049551e-17
3.394039372357022785e+03 -6.460945020862822342e-17 3.778541651707772739e-17
3.399533390179841263e+03 -9.751598714524292784e-17 5.317255903003922861e-17
3.405027408002659740e+03 -9.620157827442246331e-18 2.865951752834321828e-17
3.410521425825478218e+03 -1.834653744459202122e-17 3.340695083495195638e-17
3.416015443648296696e+03 -1.095771902535010665e-16 3.014692123295855855e-17
3.421509461471115173e+03 1.548789777898120099e-17 2.918342061110973797e-17
3.427003479293933651e+03 1.302582896346779924e-17 3.233611109583850577e-17
3.432497497116752129e+03 9.133098822958703494e-18 4.214954153716751390e-17
3.437991514939570607e+03 -5.224360752701149301e-19 3.351706091465467397e-17
3.443485532762389084e+03 3.943796905904229618e-16 3.324095833299449172e-17
3.448979550585207562e+03 1.110078128220677391e-16 2.673918285620619464e-17
3.454473568408026040e+03 -9.488633774908600671e-19 2.686044634737182263e-17
3.459967586230844518e+03 -7.800728679465735659e-17 3.079208141221344169e-17
3.465461604053662995e+03 5.523134951120180123e-18 2.371232051730859720e-17
3.470955621876481473e+03 -1.842135621700744094e-17 2.468474399906058316e-17
3.476449639699299951e+03 -3.084922550522498301e-17 2.719307535144845603e-17
3.481943657522118428e+03 -6.311021005235886612e-18 3.061834498381869505e-17
3.487437675344936906e+03 9.221275457302277210e-18 2.517885343890624936e-17
3.492931693167755384e+03 -6.552972645240881715e-17 3.038589658672995984e-17
3.498425710990573862e+03 -2.475346897875539475e-17 2.474323348167609317e-17
3.503919728813392339e+03 3.430247092045056774e-17 2.378472931432187956e-17
3.509413746636210817e+03 -8.444044310667656477e-17 2.812064443599709422e-17
3.514907764459029295e+03 -2.979752892910476697e-17 2.313688638456244944e-17
3.520401782281847773e+03 3.189058221559222944e-17 2.302914347380648046e-17
3.525895800104666250e+03 1.242749137379579969e-17 2.463241791348644618e-17
3.531389817927484728e+03 -5.064704697778196563e-17 2.277383137963745250e-17
3.536883835750303206e+03 7.273232345786524056e-18 2.634105199684873596e-17
3.542377853573121683e+03 -3.891717388097509663e-18 2.203912254120055097e-17
3.547871871395940161e+03 1.129889912312625785e-16 2.480568734780022723e-17
3.553365889218758639e+03 5.663351371417483468e-17 2.421455787675514785e-17
3.558859907041577117e+03 -1.076573172266061996e-16 2.753578062310986914e-17
3.564353924864395594e+03 -4.178370120720051522e-18 2.417611610593711111e-17
3.569847942687214072e+03 -4.779272802069222380e-17 2.190076401081275818e-17
3.575341960510032550e+03 -2.195786057150054449e-17 2.358938096026892523e-17
3.580835978332851028e+03 1.201292120620436950e-17 2.553685513561532816e-17
3.586329996155669505e+03 3.084425846053225149e-17 2.503009880046483190e-17
3.591824013978487983e+03 -4.232057153784845271e-17 2.376814263055432349e-17
3.597318031801306461e+03 -9.886239537397706692e-18 2.358055456281446455e-17
3.602812049624124938e+03 -4.582234096515292925e-17 2.169205045458374832e-17
3.608306067446943416e+03 3.381376537466258618e-19 2.360866074798381644e-17
3.613800085269761894e+03 -2.017472513776458187e-17 2.257895082210744455e-17
3.619294103092580372e+03 -8.652264209857528845e-17 2.763625929333563019e-17
3.624788120915398849e+03 -3.947932188137804040e-17 2.321646237107687237e-17
3.630282138738217327e+03 1.729543931909276463e-18 2.351431883185774904e-17
3.635776156561035805e+03 -4.367330200261062151e-16 2.478756903115920173e-17
3.641270174383854282e+03 3.799052032924300032e-17 2.091612849787198754e-17
3.646764192206672760e+03 7.195295682161554306e-18 2.122265118785611079e-17
3.652258210029491238e+03 -1.058746691157683153e-17 2.627958740993471729e-17
3.657752227852309716e+03 6.541669733258517918e-17 2.170754763432201198e-17
3.663246245675128193e+03 4.960039485889154037e-18 2.304047161573393214e-17
3.668740263497946671e+03 -1.476840027403064917e-16 2.985459916379161223e-17
3.674234281320765149e+03 -6.796717997234931638e-17 2.943709193991953338e-17
3.679728299143583627e+03 -1.325405133573520791e-17 2.185812532560089126e-17
3.685222316966402104e+03 9.803560714091930849e-18 2.151731226154350417e-17
3.690716334789220582e+03 -4.447210374309795563e-17 2.138449971455545979e-17
3.696210352612039060e+03 6.730587609527540575e-18 2.354037699679314676e-17
3.701704370434857537e+03 3.331987397970640538e-16 2.718846977086529423e-17
3.707198388257676015e+03 -4.197896755498085744e-17 2.182009021649062210e-17
3.712692406080494493e+03 -6.532279515103531786e-17 2.006961926877624244e-17
3.718186423903312971e+03 2.304863362624350357e-17 1.831474149703864760e-17
3.723680441726131448e+03 2.774728430488706887e-17 1.989019164206221276e-17
3.729174459548949926e+03 -1.232240470520732879e-17 2.242751762094017159e-17
3.734668477371768404e+03 -2.861163196503630662e-17 2.030179086240102055e-17
3.740162495194586882e+03 1.584622379261182869e-17 1.932137487044723260e-17
3.745656513017405359e+03 -4.484857203839297753e-17 1.704708281144332005e-17
3.751150530840223837e+03 8.891647772130917155e-18 1.757450501469536378e-17
3.756644548663042315e+03 -1.982722854523926343e-17 2.418502323472509233e-17
3.762138566485860792e+03 -2.846027247226635438e-17 2.240555178896913753e-17
3.767632584308679270e+03 -6.363077508827362649e-18 1.847276933128533935e-17
3.773126602131497748e+03 8.292971640982530595e-18 1.699611081747275752e-17
3.778620619954316226e+03 5.001467718412757070e-17 1.752707575031706087e-17
3.784114637777134703e+03 -3.354092558291552026e-17 2.287624815988207245e-17
3.789608655599953181e+03 9.875721071955042968e-19 2.066969391105676505e-17
3.795102673422771659e+03 -4.658607328643954835e-18 1.684458402830624194e-17
3.800596691245590137e+03 3.736826720555457468e-17 1.584240368135770037e-17
3.806090709068408614e+03 2.799990410033290853e-18 1.642502858009682483e-17
3.811584726891227092e+03 -3.481866298756850952e-17 2.044632631191572055e-17
3.817078744714045570e+03 4.194908357241693424e-17 1.667203880098549270e-17
3.822572762536864047e+03 2.401008201328562959e-17 1.545600390457736307e-17
3.828066780359682525e+03 8.518435581873757592e-18 1.876444526088864240e-17
3.833560798182501003e+03 -1.540422231875995182e-17 1.648208795733356969e-17
3.839054816005319481e+03 -3.186602745765505076e-17 1.962067523458604238e-17
3.844548833828137958e+03 1.940442808848433676e-17 1.536341867373419026e-17
3.850042851650956436e+03 6.852296580297862944e-17 2.022094024359367676e-17
3.855536869473774914e+03 -3.559182341845455969e-18 1.514912244739183184e-17
3.861030887296593392e+03 -6.120888962182608757e-17 2.275717268489454370e-17
3.866524905119411869e+03 3.390152844955710618e-17 1.451259489495810012e-17
3.872018922942230347e+03 4.048045570751443616e-17 1.831123050103183296e-17
3.877512940765048825e+03 6.155335907875567059e-17 1.526473248156957349e-17
3.883006958587867302e+03 -2.328925796099668641e-17 1.579856072927229640e-17
3.888500976410685780e+03 1.965617266364395989e-17 1.418473998645594873e-17
3.893994994233504258e+03 3.217223300022411795e-18 1.327928952772888570e-17
3.899489012056322736e+03 4.600527943721858776e-17 1.493404879667251608e-17
3.904983029879141213e+03 9.492162186661006471e-18 1.406972793816562804e-17
3.910477047701959691e+03 -4.271164029891818383e-17 1.646268365954662717e-17
3.915971065524778169e+03 -2.675080212797166921e-18 1.410149737204185439e-17
3.921465083347596646e+03 3.280976316146618907e-17 1.445683972109624913e-17
3.926959101170415124e+03 -6.051977390800772910e-18 1.357985985348388795e-17
3.932453118993233602e+03 1.634993972675451225e-17 1.255883949507525821e-17
3.937947136816052080e+03 -9.702222923535429168e-19 1.223102106284195048e-17
3.943441154638870557e+03 6.086343800410216680e-18 1.244704405813501832e-17
3.948935172461689035e+03 2.089168145957024084e-17 1.296139550560030934e-17
3.954429190284507513e+03 -3.635659766800406755e-17 1.476189974912926987e-17
3.959923208107325991e+03 4.114669179225160789e-17 1.249869539001472716e-17
3.965417225930144468e+03 5.916724830215097861e-18 1.352719651208757632e-17
3.970911243752962946e+03 3.099848761834065389e-17 1.262851430894015529e-17
3.976405261575781424e+03 6.382143456970463485e-17 1.354651367646179952e-17
3.981899279398599901e+03 -1.829390038670822019e-18 1.198217279888651600e-17
3.987393297221418379e+03 7.057322535525519624e-18 1.362921929125197274e-17
3.992887315044236857e+03 3.091465160379360771e-18 1.447727556121161381e-17
3.998381332867055335e+03 4.916850768372668488e-18 1.190112555123800382e-17
4.003875350689873812e+03 -1.838633632209069340e-17 1.229095323838565831e-17
4.009369368512692290e+03 4.816024218747444580e-18 1.236691892337435651e-17
4.014863386335510768e+03 1.240497240863419794e-17 1.216936248557284486e-17
4.020357404158329246e+03 6.086497247065115535e-18 1.206143833533930073e-17
4.025851421981147723e+03 3.529799712945967465e-17 1.377089431832980171e-17
4.031345439803966201e+03 -1.225228127673560329e-16 2.057301720860474692e-17
4.036839457626784679e+03 -1.035601073048055669e-17 1.405040937133706173e-17
4.042333475449603156e+03 -6.542438088718098358e-18 1.138011860222243521e-17
4.047827493272421634e+03 2.095843976679533976e-17 1.236628011228607679e-17
4.053321511095240112e+03 3.449578618964056706e-17 1.403509590946681788e-17
4.058815528918058590e+03 2.446993976870268078e-17 1.326094300438973424e-17
4.064309546740877067e+03 -5.937439644717374754e-18 1.289986845076786054e-17
4.069803564563695545e+03 2.605053391358907059e-18 1.608885266226020798e-17
4.075297582386514023e+03 5.942486588349143652e-18 1.161114023426942848e-17
4.080791600209332501e+03 9.096797994503797899e-19 1.212992850219924677e-17
4.086285618032150978e+03 5.247574368964477617e-17 1.251372975042451080e-17
4.091779635854969456e+03 3.548498710430534950e-17 1.113078133294194302e-17
4.097273653677788388e+03 6.433262692145280529e-18 1.261101250862405026e-17
4.102767671500606411e+03 1.054480889380238607e-17 1.032495183128929230e-17
4.108261689323424434e+03 9.309099988518711311e-21 1.286487831375121034e-17
4.113755707146243367e+03 1.930291283213516389e-17 1.087814688378424963e-17
4.119249724969062299e+03 4.420149845220527670e-17 1.115860558442274131e-17
4.124743742791880322e+03 2.715093167423780214e-17 1.058281825851413067e-17
4.130237760614698345e+03 -1.542549830747244100e-17 1.127354459572904583e-17
4.135731778437517278e+03 -5.828455127675421744e-18 1.088752150107823375e-17
4.141225796260336210e+03 1.927396014111498738e-17 1.152490199513891892e-17
4.146719814083154233e+03 5.645173319198326418e-18 1.034663229900530144e-17
4.152213831905972256e+03 5.449033280386965589e-18 1.105582550035022344e-17
4.157707849728791189e+03 9.832808221677258827e-18 1.033202087924089293e-17
4.163201867551610121e+03 -1.387934145474820552e-17 1.476600928941625361e-17
4.168695885374428144e+03 -1.870776873461669560e-17 1.133716037683302533e-17
4.174189903197246167e+03 1.277655905114749647e-17 1.033924948030247536e-17
4.179683921020065100e+03 2.675337997704709534e-17 1.146127616958418229e-17
4.185177938842884032e+03 -3.910537981688238875e-18 1.026118046798551925e-17
4.190671956665702055e+03 4.088563500980030306e-18 1.024386603637150082e-17
4.196165974488520078e+03 2.007655120910121925e-17 1.298334712055984902e-17
4.201659992311339010e+03 2.530064420772744124e-17 1.065449597950942603e-17
4.207154010134157943e+03 3.983644867288844189e-17 1.043512627911489997e-17
4.212648027956975966e+03 8.529414109119880695e-18 1.227221838889705149e-17
4.218142045779793989e+03 7.076391554485845286e-18 1.074251979281403937e-17
4.223636063602612921e+03 1.218986720062525405e-17 1.065966662683779314e-17
4.229130081425431854e+03 1.246856716747452227e-17 9.783998775410426878e-18
4.234624099248249877e+03 -3.190341935718383417e-17 1.110839814022875842e-17
4.240118117071067900e+03 4.112951689813296688e-17 9.860234005764529889e-18
4.245612134893886832e+03 1.975862523249387859e-17 1.240272319609731085e-17
4.251106152716705765e+03 1.259480036017260645e-18 9.940797235385520207e-18
4.256600170539523788e+03 6.719147211198995439e-18 9.345691284557832593e-18
4.262094188362341811e+03 5.132730981771602255e-18 9.173757397870580127e-18
4.267588206185160743e+03 -1.111747750527010909e-17 1.034718532211497053e-17
4.273082224007979676e+03 1.973258565244201375e-18 9.717357170508464967e-18
4.278576241830797699e+03 1.899723125733995617e-17 9.007935685426915766e-18
4.284070259653615722e+03 -3.036413904580763774e-17 1.042349876320310669e-17
4.289564277476434654e+03 -1.743635668598747801e-17 9.702885114909575335e-18
4.295058295299253587e+03 -1.907807012137753719e-17 9.907185476834007992e-18
4.300552313122071610e+03 1.068480761332928197e-17 9.496025724388604878e-18
4.306046330944889633e+03 3.351609237752965391e-17 9.616911186076762292e-18
4.311540348767708565e+03 2.850955148735778238e-17 9.296398189828328456e-18
4.317034366590527497e+03 2.059474562685924169e-17 9.625144417641145362e-18
4.322528384413345520e+03 2.974311875543021934e-17 1.106809674072248125e-17
4.328022402236163543e+03 2.122432073599713410e-17 9.995002894399111474e-18
4.333516420058982476e+03 3.923039045703703548e-18 1.251610105094439563e-17
4.339010437881801408e+03 1.385129558777524743e-17 1.108332286737087726e-17
4.344504455704619431e+03 -8.261828464912247487e-18 1.059981647687946221e-17
4.349998473527437454e+03 -2.992501928624820798e-19 9.192633767223851877e-18
4.355492491350256387e+03 2.449827502319632697e-18 9.057276917161832673e-18
4.360986509173075319e+03 4.050119168585236767e-17 9.274885834446999333e-18
4.366480526995893342e+03 2.231699771741405565e-17 8.751192115237578482e-18
4.371974544818711365e+03 2.685821097581667329e-18 9.861757405943258507e-18
4.377468562641530298e+03 1.952248803801652629e-17 1.035144551119698883e-17
4.382962580464349230e+03 3.537961898460893013e-17 9.764642703662734088e-18
4.388456598287167253e+03 2.064196238626067790e-17 9.051867077842775259e-18
4.393950616109985276e+03 -1.424739231387208273e-17 1.323925118750875139e-17
4.399444633932804209e+03 2.262312428567819766e-17 8.987124605340886205e-18
4.404938651755623141e+03 1.522893138337247102e-17 8.682118746899549290e-18
4.410432669578441164e+03 -1.009855975311789757e-17 9.917635629286060064e-18
4.415926687401259187e+03 -2.778653184624907651e-17 1.233119445105199270e-17
4.421420705224078119e+03 6.639192946479943382e-18 9.408239684392163365e-18
4.426914723046897052e+03 4.212033700694066134e-17 8.827357470635217933e-18
4.432408740869715075e+03 -7.483211314373693662e-18 9.031652178809860891e-18
4.437902758692533098e+03 1.198413195897325544e-17 8.508887178731064003e-18
4.443396776515352030e+03 -5.088167334679552769e-20 8.855629622803161500e-18
4.448890794338170963e+03 9.402546230687765214e-18 8.906357232824350599e-18
4.454384812160988986e+03 1.841727916535114146e-17 8.654557177694092411e-18
4.459878829983807009e+03 4.066242032663922201e-17 9.641274708327776415e-18
4.465372847806625941e+03 1.392500385873578171e-17 9.461800779952146474e-18
4.470866865629444874e+03 1.760997211520795146e-17 9.011752170066210409e-18
4.476360883452262897e+03 3.435215502701487458e-17 9.077981430453888105e-18
4.481854901275080920e+03 1.690963760379107096e-17 8.237800519003814763e-18
4.487348919097899852e+03 2.496409256305632315e-17 9.282654413335055881e-18
4.492842936920718785e+03 2.632892855103356064e-17 8.071278910392436780e-18
4.498336954743536808e+03 -1.209197287858383208e-17 9.449347151216359839e-18
4.503830972566354831e+03 -2.106349841013285206e-17 1.055874020825336986e-17
4.509324990389173763e+03 -3.324269059816006587e-18 8.597890584187556591e-18
4.514819008211992696e+03 1.458406984829759064e-17 8.450563661477659889e-18
4.520313026034810719e+03 5.349491516309340443e-18 9.187309265393715510e-18
4.525807043857628742e+03 2.406143666125922858e-17 8.873166226796594601e-18
4.531301061680447674e+03 1.141121296270855707e-17 8.018587136628419264e-18
4.536795079503266606e+03 1.473020783674463281e-17 8.173083984603717139e-18
4.542289097326084629e+03 4.420650496052170440e-17 9.882649728423202933e-18
4.547783115148902652e+03 2.006661512531250343e-17 9.441216312948316537e-18
4.553277132971721585e+03 1.258092459247218880e-16 1.056729805286734725e-17
4.558771150794540517e+03 2.321191683770192817e-17 8.983261870648786267e-18
4.564265168617358540e+03 2.232209099749840093e-17 8.987818807290458311e-18
4.569759186440176563e+03 2.751719188204299807e-17 7.977879837127765673e-18
4.575253204262995496e+03 1.382945594406009073e-17 8.499870133688987667e-18
4.580747222085814428e+03 1.775726697538423274e-17 9.729616313802237611e-18
4.586241239908632451e+03 2.639117867333091618e-17 8.342801593241271339e-18
4.591735257731450474e+03 1.581613440879634204e-17 7.794974975539759483e-18
4.597229275554269407e+03 1.094898465559819741e-17 8.290416434360117289e-18
4.602723293377088339e+03 -3.817747696956715076e-17 1.408338397082396577e-17
4.608217311199906362e+03 2.377386809387898031e-17 8.299358968669206533e-18
4.613711329022724385e+03 7.630045132046375969e-18 8.840959439632824366e-18
4.619205346845543318e+03 2.420770619193564335e-17 8.255222065469277365e-18
4.624699364668362250e+03 2.024975701187779785e-17 9.003454768074071399e-18
4.630193382491180273e+03 -7.395529653918325987e-19 1.196797116211362936e-17
4.635687400313998296e+03 -4.478776151240172942e-18 8.841325780003107577e-18
4.641181418136817229e+03 3.061588174144290973e-17 8.453609331971584312e-18
4.646675435959636161e+03 1.992681785110167275e-18 9.771883676723609748e-18
4.652169453782454184e+03 7.363393233033903290e-18 7.701273846458636740e-18
4.657663471605272207e+03 4.388365522766327178e-17 8.301219084026873774e-18
4.663157489428091139e+03 -7.555089001930598334e-18 9.609286235774922296e-18
4.668651507250910072e+03 6.518258755909988983e-17 1.074926432361134550e-17
4.674145525073728095e+03 8.045559381643129572e-18 8.316752917178125404e-18
4.679639542896546118e+03 1.229115614253598096e-17 9.524750943723440714e-18
4.685133560719365050e+03 2.433941774676652722e-17 8.070849954086181884e-18
4.690627578542183983e+03 3.144096465457182830e-17 9.476675814954795088e-18
4.696121596365002006e+03 1.214505463612620148e-17 7.953425812679874347e-18
4.701615614187820029e+03 1.022233017030510150e-17 8.192193760210745724e-18
4.707109632010638961e+03 2.166990165344569555e-17 8.727396572846691268e-18
4.712603649833457894e+03 1.153039117658496640e-17 8.201233365226290343e-18
4.718097667656275917e+03 3.275886813790211766e-17 8.811651201227297294e-18
4.723591685479093940e+03 2.180748505873049728e-17 1.008814566004879935e-17
4.729085703301912872e+03 3.802006310009357709e-18 1.025604638354173683e-17
4.734579721124731805e+03 3.370922783336532482e-19 1.102364785107474465e-17
4.740073738947549828e+03 8.492170499326283434e-18 1.053643253168850940e-17
4.745567756770367851e+03 -8.763313986352343794e-18 1.002871758153174777e-17
4.751061774593186783e+03 -6.748442436758914707e-19 8.848085735959450277e-18
4.756555792416005715e+03 2.206983271545476256e-17 9.007558881064531893e-18
4.762049810238823738e+03 -3.048530649177183386e-18 9.908906836979714702e-18
4.767543828061641761e+03 1.546950601644352762e-17 8.270140706796020456e-18
4.773037845884460694e+03 -1.156309304870244812e-17 8.827897691931039512e-18
4.778531863707279626e+03 -3.761876419856891117e-18 1.093589860981282193e-17
4.784025881530097649e+03 9.448027400581923722e-18 8.660316492631144448e-18
4.789519899352915672e+03 3.144016112333057772e-17 8.318959124867464737e-18
4.795013917175734605e+03 2.427846952695501751e-17 9.009895404244169856e-18
4.800507934998553537e+03 1.923807873921084810e-17 8.052052508700553163e-18
4.806001952821371560e+03 -1.101919356424615560e-17 9.456822450482274424e-18
4.811495970644189583e+03 2.756732564878650869e-17 9.764788972944451219e-18
4.816989988467008516e+03 2.124081053327093643e-17 8.242373964917018749e-18
4.822484006289827448e+03 9.492779968818645500e-18 7.887284705206259651e-18
4.827978024112645471e+03 9.327118882821539771e-18 8.232828099380382552e-18
4.833472041935463494e+03 8.570620472994096937e-18 1.175055337433951921e-17
4.838966059758282427e+03 6.137458032960794530e-18 7.691160946370559507e-18
4.844460077581101359e+03 3.277748758642951960e-17 9.186636410984690474e-18
4.849954095403919382e+03 1.434745123598942537e-16 1.503768600766883927e-17
4.855448113226737405e+03 7.475388648333321395e-18 8.302346212572762700e-18
4.860942131049556338e+03 1.694060966224303000e-17 8.620321477829042476e-18
4.866436148872375270e+03 2.939300634194983312e-17 8.667431526069164159e-18
4.871930166695193293e+03 2.129462177657245959e-17 8.402162721426546609e-18
4.877424184518011316e+03 5.615195925599282844e-18 8.552685253661835917e-18
4.882918202340830248e+03 7.880792969095399550e-18 7.646357438828985533e-18
4.888412220163649181e+03 9.483658137605845958e-18 8.524016900777849989e-18
4.893906237986467204e+03 2.759583332070897590e-17 1.100230530093585168e-17
4.899400255809285227e+03 8.116246736292406147e-18 8.046171594389230726e-18
4.904894273632104159e+03 1.545800760488550142e-16 1.224187470923112216e-17
4.910388291454923092e+03 3.675978649886944399e-17 9.417944654407786750e-18
4.915882309277741115e+03 2.646876007040264642e-17 7.639154345495766182e-18
4.921376327100559138e+03 -3.501764459470110601e-18 9.234612755860539813e-18
4.926870344923378070e+03 1.760642712326383330e-17 8.197460103033040383e-18
4.932364362746197003e+03 9.686813882218829081e-18 9.383879019952292997e-18
4.937858380569015026e+03 3.075120730002632310e-17 9.393259565972227635e-18
4.943352398391833049e+03 -3.742029042349434690e-17 1.348450443818793892e-17
4.948846416214651981e+03 -6.488070108369698298e-21 7.706675731583998908e-18
4.954340434037470914e+03 1.982291892569455767e-17 8.385598767130725964e-18
4.959834451860288937e+03 2.130439365847667827e-17 7.556324211966200535e-18
4.965328469683106960e+03 1.206826069898814571e-17 8.273763799102237411e-18
4.970822487505925892e+03 1.619378185203248833e-17 8.001358748046108013e-18
4.976316505328744825e+03 -1.838922651205795784e-19 7.732516478718287595e-18
4.981810523151562847e+03 2.441127674752606195e-17 7.919120205826552862e-18
4.987304540974380870e+03 1.180921196573453605e-17 9.434663710044336834e-18
4.992798558797199803e+03 -1.476723828476127413e-17 1.018179605540879615e-17
4.998292576620018735e+03 1.994399988925981509e-17 9.387244923073754282e-18
5.003786594442836758e+03 2.673424713565432472e-17 7.918757064049998109e-18
5.009280612265654781e+03 4.816311594927134170e-18 7.363018885909754367e-18
5.014774630088473714e+03 8.526585622614110257e-18 7.295872873624674719e-18
5.020268647911292646e+03 4.336160566463615384e-17 7.557161391733109820e-18
5.025762665734110669e+03 6.612615140356540594e-18 8.454401519890423893e-18
5.031256683556928692e+03 1.862913694052524739e-17 7.680612940198442713e-18
5.036750701379747625e+03 1.444175650762581372e-17 8.290319573333970583e-18
5.042244719202566557e+03 1.522833131452193015e-17 7.431875206488667950e-18
5.047738737025384580e+03 1.742710324373187518e-17 7.859587745460524924e-18
5.053232754848202603e+03 1.672744913238011517e-17 7.461237305927485579e-18
5.058726772671021536e+03 1.402942140727358771e-18 7.912172881238617220e-18
5.064220790493840468e+03 1.878657025486579820e-17 7.536834977076767983e-18
5.069714808316658491e+03 -3.893135271114870392e-18 9.553998918757246721e-18
5.075208826139476514e+03 -9.552241600101681489e-18 8.380531292565385968e-18
5.080702843962295447e+03 -7.312186837114345987e-18 9.447336692440852603e-18
5.086196861785114379e+03 1.371918523295488062e-16 9.928662802179692481e-18
5.091690879607932402e+03 2.913096471132209892e-17 8.674427327447605771e-18
5.097184897430750425e+03 1.682995555729958050e-17 1.020136604811905452e-17
5.102678915253569357e+03 2.892656472346924545e-17 7.915153586144981770e-18
5.108172933076388290e+03 1.697310763009877682e-17 8.062172427484094254e-18
5.113666950899206313e+03 3.770320628533811382e-20 7.584956077918889269e-18
5.119160968722024336e+03 -3.675389581655615752e-18 8.198354331083845283e-18
5.124654986544843268e+03 -6.993568303916821516e-19 8.642093939138140355e-18
5.130149004367662201e+03 4.760437891559425451e-17 9.214262430796629516e-18
5.135643022190480224e+03 2.062310294622499081e-17 7.306244711423035988e-18
5.141137040013298247e+03 1.692107301439371721e-17 7.419727233220429416e-18
5.146631057836117179e+03 8.462436323626323611e-18 7.855324060412991830e-18
5.152125075658936112e+03 -1.563534740083623012e-18 9.037329291937943084e-18
5.157619093481754135e+03 2.610093516323479260e-17 7.919488850216284486e-18
5.163113111304572158e+03 1.045695398862212668e-17 7.204361569436853717e-18
5.168607129127391090e+03 -3.593659056346504264e-17 8.787515818411992991e-18
5.174101146950210023e+03 1.597559988599321179e-17 7.903098302828736430e-18
5.179595164773028046e+03 -1.894675698873451101e-17 9.346249067995175051e-18
5.185089182595846069e+03 2.836528177533034411e-17 9.341347269764044256e-18
5.190583200418665001e+03 3.084238316541123800e-17 7.459048498259235466e-18
5.196077218241483934e+03 2.430452276889989901e-17 8.117602157884383830e-18
5.201571236064301957e+03 3.123752857206577126e-17 7.484138251047570610e-18
5.207065253887119979e+03 3.524755337635546157e-17 7.974083503728918696e-18
5.212559271709938912e+03 4.623429461763916693e-17 7.685652534479926818e-18
5.218053289532757844e+03 2.970401086587256339e-17 8.806281340378508350e-18
5.223547307355575867e+03 1.842787172362588693e-17 7.915867627754984438e-18
5.229041325178393890e+03 -5.267810090000246380e-20 7.377026906687100323e-18
5.234535343001212823e+03 2.532897193956729590e-16 1.117791270738566995e-17
5.240029360824031755e+03 1.853230312807893086e-16 1.217253323627389274e-17
5.245523378646849778e+03 1.591049201772536197e-17 7.597863787894795388e-18
5.251017396469667801e+03 7.035393607455632330e-18 8.303063232027962832e-18
5.256511414292486734e+03 2.170680363788672918e-17 7.801400901556750563e-18
5.262005432115305666e+03 2.846964717142599055e-17 8.852204257235123707e-18
5.267499449938123689e+03 1.569390869701494406e-17 9.126508542184510645e-18
5.272993467760941712e+03 2.857437350411752124e-18 7.411637808555979780e-18
5.278487485583760645e+03 1.694098481580477717e-17 7.563438558154261852e-18
5.283981503406579577e+03 2.953138237425901060e-17 7.281282581039503598e-18
5.289475521229397600e+03 -1.452521263474241730e-17 8.624190594965745812e-18
5.294969539052215623e+03 -1.130858508960464068e-17 8.442631888107788772e-18
5.300463556875034556e+03 2.575839859218807415e-17 7.368138622315825205e-18
5.305000000000000000e+03 1.102502559764811038e-17 6.320046751568527591e-18
5.305957574697853488e+03 1.117388199302470529e-17 7.290820844765581694e-18
5.311451592520671511e+03 3.490852505667225168e-17 6.617877203692845643e-18
5.314761295350815999e+03 3.734724585430032765e-17 5.323972141284861915e-18
5.316945610343489534e+03 4.828466962377049988e-17 6.716111859896171950e-18
5.322439628166308466e+03 2.991272962680697440e-17 6.696165430392094450e-18
5.324522590701631998e+03 2.171701392073151087e-17 5.289550908318288228e-18
5.327933645989127399e+03 1.072257676367674849e-17 6.183986441161220909e-18
5.333427663811945422e+03 4.686016878773830983e-17 7.882699942262697624e-18
5.334283886052447997e+03 3.982742305903159318e-17 7.118663559996260532e-18
5.338921681634763445e+03 -1.053309989905966335e-17 6.954239105443953180e-18
5.344045181403263996e+03 1.573118172690756299e-17 6.086075268086980938e-18
5.344415699457582377e+03 1.814865177873286528e-17 6.389398248657690536e-18
5.349909717280401310e+03 3.092983492257212805e-17 6.753077121190517219e-18
5.353806476754079995e+03 2.181320029868092296e-17 5.574545368778615993e-18
5.355403735103219333e+03 2.490333339794773368e-17 6.727012527515065250e-18
5.360897752926037356e+03 2.665774377190812269e-17 6.370322557506594607e-18
5.363567772104895994e+03 1.712592810651690603e-17 4.912628985265703830e-18
5.366391770748856288e+03 1.633427981499905063e-17 6.279698736430593279e-18
5.371885788571675221e+03 -5.041313448247176911e-18 7.391254466885115239e-18
5.373329067455711993e+03 1.758203469071342956e-18 6.059142633824633128e-18
5.377379806394493244e+03 2.293412717100280462e-17 6.521429015560023588e-18
5.382873824217311267e+03 5.330707942895615024e-17 8.196332889269942184e-18
5.383090362806527992e+03 5.173453149390592089e-17 7.978053143367040659e-18
5.388367842040130199e+03 3.013548372131056585e-17 9.027348585944988849e-18
5.392851658157343991e+03 1.943051376203153298e-17 6.725394561077227448e-18
5.393861859862949132e+03 2.134240234812672137e-17 7.793765624688345355e-18
5.399355877685767155e+03 4.356344949576109610e-17 7.050796002431961007e-18
5.402612953508159990e+03 2.543196836909840194e-17 5.466069200382581664e-18
5.404849895508585178e+03 2.257947568980388535e-17 6.980197343479720899e-18
5.410343913331404110e+03 2.313914179939704281e-17 6.712981148920160645e-18
5.412374248858975989e+03 2.058554757480084749e-17 5.548004716144194272e-18
5.415837931154223043e+03 2.836864915691501063e-17 7.164507262500121015e-18
5.421331948977041066e+03 5.028429126878470394e-18 8.572205473586008837e-18
5.422135544209791988e+03 -5.854292328093897038e-18 7.764351420210575784e-18
5.426825966799859088e+03 -2.906368411388672006e-17 6.333526131179930167e-18
5.431896839560607987e+03 1.185934241461554123e-17 6.921271539156899406e-18
5.432319984622678021e+03 1.903938605634714623e-17 7.315050614084889217e-18
5.437814002445496953e+03 2.019253451859596635e-17 6.754745219024049035e-18
5.441658134911423986e+03 2.621367180543803262e-17 5.775780608327619806e-18
5.443308020268314976e+03 3.157529392198070283e-17 6.949280271673484681e-18
5.448802038091132999e+03 -1.407503305616890648e-16 6.925426047639968510e-18
5.451419430262239985e+03 -5.466630092943944691e-17 5.144944484252314979e-18
5.454296055913951932e+03 -1.449747503595176380e-16 6.942989483442403246e-18
5.459790073736770864e+03 3.119585666633930235e-17 6.274936575063391060e-18
5.461180725613055984e+03 2.506752237988098724e-17 5.333492142769904210e-18
5.465284091559588887e+03 1.858848135112887696e-17 5.530145445042692015e-18
5.470778109382406910e+03 3.565415901075331365e-17 6.342867447840034736e-18
5.470942020963871983e+03 3.501541838599741533e-17 6.227401253077935198e-18
5.476272127205225843e+03 3.074536340604663367e-17 5.271563887537856563e-18
5.480703316314687982e+03 -6.196604778146731410e-18 5.674325100185891213e-18
5.481766145028044775e+03 -4.357034533186830658e-18 6.359190166797974209e-18
5.487260162850862798e+03 2.278778592896019323e-17 5.780182843821674750e-18
5.490464611665503980e+03 3.383247872798837413e-17 5.005114593149090404e-18
5.492754180673680821e+03 5.079260048428437408e-17 5.991938220206441419e-18
5.498248198496499754e+03 3.003016822879815635e-17 6.842655158571094736e-18
5.500225907016319979e+03 3.327416570808815355e-17 5.680970505503803769e-18
5.503742216319318686e+03 5.778873397055016773e-17 5.962016990129740496e-18
5.509236234142136709e+03 2.010289141546116473e-17 6.190368501427238676e-18
5.509987202367135978e+03 1.720788306889463074e-17 5.716417033362129511e-18
5.514730251964954732e+03 4.388957526382106917e-17 5.291562803359474254e-18
5.519748497717951977e+03 5.041976229545593021e-17 6.228953549364515850e-18
5.520224269787773665e+03 5.380832446961256186e-17 6.544180115094665042e-18
5.525718287610592597e+03 3.867386697671608426e-17 5.524748698414016558e-18
5.529509793068767976e+03 2.589049228772873860e-17 5.221954440846955613e-18
5.531212305433410620e+03 2.121003853764972800e-17 6.340154645192754911e-18
5.536706323256228643e+03 1.749559172815434009e-17 5.833009581023517303e-18
5.539271088419583975e+03 1.983486176888231068e-17 4.868885477154161883e-18
5.542200341079047575e+03 2.396043014294343106e-17 5.576990101530247986e-18
5.547694358901866508e+03 1.908322132047695914e-17 6.365062521240023582e-18
5.549032383770399974e+03 2.506165076889119284e-17 5.573234556750077901e-18
5.553188376724684531e+03 5.400468355739642095e-17 6.068195508727177899e-18
5.558682394547502554e+03 3.317238161108139588e-17 6.145426773867729419e-18
5.558793679121215973e+03 3.267866927816798429e-17 6.063058737976714634e-18
5.564176412370321486e+03 4.133565087644348856e-17 5.302950316975320300e-18
5.568554974472031972e+03 4.125983962319685571e-17 5.363648188464028834e-18
5.569670430193140419e+03 4.612200052166544747e-17 6.064333558680363661e-18
5.575164448015958442e+03 3.438457263441188334e-17 5.390056267186081792e-18
5.578316269822847971e+03 2.258557939764882375e-17 4.957444428765876574e-18
5.580658465838776465e+03 2.372648348672110633e-17 5.971198885183528515e-18
5.586152483661595397e+03 4.539517796635444618e-17 6.578604040366351642e-18
5.588077565173663970e+03 3.235626679199102421e-17 5.452468886643500343e-18
5.591646501484414330e+03 4.114450810937004949e-17 5.781604550235616392e-18
5.597140519307232353e+03 4.305485211744567543e-17 6.401443503618142157e-18
5.597838860524479969e+03 4.150690687946583185e-17 5.968707004627850303e-18
5.602634537130050376e+03 4.824886562582719680e-17 5.178360177570296753e-18
5.607600155875295968e+03 2.980506389878257388e-17 6.783938761728010991e-18
5.608128554952869308e+03 3.144521988738181880e-17 7.086140527294148841e-18
5.613622572775688241e+03 3.964996162727834408e-17 5.372043757288747564e-18
5.617361451226111967e+03 3.569909457651375639e-17 5.094309770141760717e-18
5.619116590598506264e+03 4.581909254310761355e-17 6.013014261360660793e-18
5.624610608421324287e+03 4.328589098888485578e-17 6.011521693793994571e-18
5.627122746576927966e+03 4.360400995786613916e-17 5.061099929190023196e-18
5.630104626244143219e+03 4.998959667323029599e-17 5.523161315801579836e-18
5.635598644066962152e+03 4.034163912583441292e-17 6.474259971919576809e-18
5.636884041927743965e+03 3.856934399236222122e-17 5.676598875900574729e-18
5.641092661889780175e+03 5.139302438499380704e-17 5.114861101237573148e-18
5.646586679712598198e+03 5.032050997207095685e-17 6.071547666700085383e-18
5.646645337278559964e+03 5.014355217838260566e-17 6.038114412233777869e-18
5.652080697535417130e+03 4.809847805800106143e-17 5.110056206946717829e-18
5.656406632629375963e+03 2.510895319699876492e-17 5.551295858191955788e-18
5.657574715358236062e+03 2.439642053019425575e-17 6.319202294116641207e-18
5.663068733181054085e+03 4.673186512412734384e-17 5.868325959579709597e-18
5.666167927980191962e+03 3.162388427855308287e-17 5.134424699605931471e-18
5.668562751003872108e+03 3.012519647732856583e-17 5.882874755904962945e-18
5.674056768826691041e+03 3.663437222072569056e-18 7.142720126173107172e-18
5.675929223331007961e+03 7.544830536505554740e-19 5.865808144736953278e-18
5.679550786649509973e+03 3.949850456935699890e-18 6.345203047780560104e-18
5.685044804472327996e+03 -3.828453834743238618e-18 7.638962555405090780e-18
5.685690518681823960e+03 -5.750382231029224352e-19 7.143514537933720557e-18
5.690538822295146019e+03 2.325030772235054305e-17 5.736022150364628647e-18
5.695451814032639959e+03 4.710607013547866531e-17 6.855300437121500175e-18
5.696032840117964952e+03 2.871938069256671490e-17 8.231359343777491237e-18
5.705213109383455958e+03 4.895290926568433265e-17 9.459215830074747631e-18
5.714974404734271957e+03 4.763273005914920821e-17 9.368835173570188830e-18
5.724735700085087956e+03 4.191182075884200385e-17 9.848979799543177331e-18
5.734496995435903955e+03 6.298845940568763367e-17 8.589116831011891080e-18
5.744258290786719954e+03 1.623597455448199419e-17 8.175866308215216614e-18
5.754019586137535953e+03 6.276161214987986571e-17 9.117362023468755779e-18
5.763780881488351952e+03 5.736316914641507199e-17 8.880736966744522085e-18
5.773542176839167951e+03 3.642226954752182776e-17 8.142448361846647261e-18
5.783303472189983950e+03 5.125898896873160955e-18 7.769015904409114901e-18
5.793064767540799949e+03 3.222684616637907653e-17 8.489244829487501795e-18
5.802826062891615948e+03 2.934187571267827272e-17 8.778064974776968795e-18
5.812587358242431947e+03 8.375353054481173847e-18 7.993198593364917456e-18
5.822348653593247946e+03 5.557934179852208913e-18 1.003364686477646853e-17
5.832109948944063945e+03 3.006462520689495134e-17 7.814818938000746128e-18
5.841871244294879943e+03 3.335697190748179557e-17 7.518794550645841548e-18
5.851632539645695942e+03 6.411695528416507823e-17 7.861653759033117741e-18
5.861393834996511941e+03 2.481699738655631391e-17 1.411494798716512211e-17
5.871155130347327940e+03 4.979632727308533644e-17 8.557042409590868832e-18
5.880916425698143939e+03 -4.888574670180976005e-17 1.786577215297346072e-17
5.890677721048959938e+03 1.539873866276677841e-17 7.370323308382878956e-18
5.900439016399775937e+03 2.439065550167279198e-17 7.282929064369202197e-18
5.910200311750591936e+03 7.421515759758039691e-18 7.906331495959582416e-18
5.919961607101407935e+03 1.290248838909720919e-17 7.742818912666293958e-18
5.929722902452223934e+03 5.387496941130530751e-18 9.856980488635341909e-18
5.939484197803039933e+03 3.452203493378189547e-17 9.562208501531277183e-18
5.949245493153855932e+03 5.240389304414012419e-17 9.054900835487258818e-18
5.959006788504671931e+03 4.680110551355890363e-17 8.222917074413879893e-18
5.968768083855487930e+03 7.373609939571682186e-17 8.101825388772518434e-18
5.978529379206303929e+03 9.165871952826251299e-17 8.155184104124240391e-18
5.988290674557119928e+03 7.865308218838852194e-17 7.890235755252983635e-18
5.998051969907935927e+03 5.394883431517102077e-17 7.590789696634992349e-18
6.007813265258751926e+03 4.831460826012164743e-17 8.083442295426514638e-18
6.017574560609567925e+03 5.660763307639596631e-17 7.758216434382384749e-18
6.027335855960383924e+03 7.120884656634129709e-17 7.864324579445423907e-18
6.037097151311199923e+03 5.633526178041967907e-17 8.184955744621508220e-18
6.046858446662015922e+03 -1.454137283478024554e-18 1.674897933189474181e-17
6.056619742012831921e+03 3.831840092604107816e-17 7.374179277573523741e-18
6.066381037363647920e+03 4.543676529173991896e-17 9.379728872187283913e-18
6.076142332714463919e+03 5.708958946002069866e-17 8.424796916120137953e-18
6.085903628065279918e+03 3.579109190694154398e-17 7.761641945097790756e-18
6.095664923416095917e+03 6.885206454647940578e-18 8.645214375050067774e-18
6.105426218766911916e+03 5.748110099325231128e-17 7.385798019270322537e-18
6.115187514117727915e+03 4.103075491674359322e-17 7.780389083422576714e-18
6.124948809468543914e+03 9.156095071507043519e-18 8.085492908687257304e-18
6.134710104819359913e+03 1.209151216329899126e-18 7.636501508961713531e-18
6.144471400170175912e+03 3.129589383694192381e-17 8.997941032604467573e-18
6.154232695520991911e+03 -1.128269691565323478e-17 1.792695276946592070e-17
6.163993990871807910e+03 2.376496259287537396e-17 6.956056547710077938e-18
6.173755286222623909e+03 3.761041445353032225e-17 1.142760721959507962e-17
6.183516581573439908e+03 2.658901781689721460e-17 7.417786222042171801e-18
6.193277876924255906e+03 -2.419720285903343999e-17 1.042652740476769656e-17
6.203039172275071905e+03 -7.316010271945568251e-18 8.224883582829457903e-18
6.212800467625887904e+03 3.378865124326260311e-17 7.116853716772040156e-18
6.222561762976703903e+03 4.063081609966283422e-17 7.889265243236946484e-18
6.232323058327519902e+03 1.443311328245643491e-15 2.992125223332786101e-17
6.242084353678335901e+03 2.701820368023398215e-17 9.225639662840635106e-18
6.251845649029151900e+03 3.675919244743481658e-17 7.215757847512077928e-18
6.261606944379967899e+03 3.737742914393575419e-17 8.497514276132113745e-18
6.271368239730783898e+03 4.587409196499898045e-17 6.972217499886439938e-18
6.281129535081599897e+03 4.070751411641277941e-17 7.080933926491892598e-18
6.290890830432415896e+03 5.235510591165738676e-17 7.316912859139159960e-18
6.300652125783231895e+03 3.522711621569773601e-17 7.809700896854578916e-18
6.310413421134047894e+03 5.334631672992705995e-17 7.098562238576816902e-18
6.320174716484863893e+03 5.543986548168394193e-17 7.855556013826295678e-18
6.329936011835679892e+03 6.266543008746397925e-17 7.234862797384296144e-18
6.339697307186495891e+03 -2.587488338802873075e-17 1.138284798245627473e-17
6.349458602537311890e+03 1.841132322270533086e-17 9.759959215143007557e-18
6.359219897888127889e+03 4.588786454481764421e-17 6.953063897124254394e-18
6.368981193238943888e+03 5.134675835871886179e-17 6.946173525080033567e-18
6.378742488589759887e+03 8.011562818873024239e-17 6.996829319098776068e-18
6.388503783940575886e+03 5.973499424583659864e-17 6.798273499022613762e-18
6.398265079291391885e+03 5.005961548087536689e-17 7.065144345843416645e-18
6.408026374642207884e+03 1.783508454845825921e-17 1.128183918586337205e-17
6.417787669993023883e+03 1.788347487591050048e-17 8.035885889134244529e-18
6.427548965343839882e+03 4.623073902842570552e-17 6.479146209403831740e-18
6.437310260694655881e+03 3.373538002932828975e-17 6.704248857828638133e-18
6.447071556045471880e+03 3.542573689668340784e-17 6.817169251798646204e-18
6.456832851396287879e+03 3.184346015854750455e-17 6.315053742456695796e-18
6.466594146747103878e+03 3.815944064527756106e-17 6.561152982230193224e-18
6.476355442097919877e+03 3.193213107801926337e-17 6.417260332010093995e-18
6.486116737448735876e+03 4.642418484071808348e-17 6.481456612789142252e-18
6.495878032799551875e+03 5.779424967184361062e-17 6.702312954348608597e-18
6.505639328150367874e+03 4.964795744153491862e-17 6.393977695378872360e-18
6.515400623501183873e+03 4.466745734785261496e-17 6.432895454173692351e-18
6.525161918851999872e+03 6.179222902605467029e-17 6.677580667938626048e-18
6.534923214202815871e+03 6.299171917459686359e-17 6.921513092832419784e-18
6.544684509553631869e+03 1.832231274633372839e-17 7.480144802899573331e-18
6.554445804904447868e+03 5.757749126782338663e-17 7.233320624551043396e-18
6.564207100255263867e+03 5.094275500070656537e-17 7.987603961987416998e-18
6.573968395606079866e+03 6.907986065204110985e-17 6.861976091644178022e-18
6.583729690956895865e+03 6.997884591981409931e-17 8.789287266630205128e-18
6.593490986307711864e+03 6.847688853892219351e-17 6.820175182790163551e-18
6.603252281658527863e+03 5.516513342824139785e-17 8.571929612597377269e-18
6.613013577009343862e+03 6.720556288115536251e-17 6.971761096162920034e-18
6.622774872360159861e+03 4.082825891119822393e-17 6.804379371266299412e-18
6.632536167710975860e+03 3.571233025569576999e-17 6.416600892620512138e-18
6.642297463061791859e+03 5.105638205526323015e-17 6.583365828735154739e-18
6.652058758412607858e+03 2.315676939052486816e-17 6.597056455688832254e-18
6.661820053763423857e+03 4.810774633199712329e-17 7.474494968982507583e-18
6.671581349114239856e+03 6.248570996936305985e-17 6.953076331102604819e-18
6.681342644465055855e+03 4.691961508663551639e-17 7.252890401050047556e-18
6.691103939815871854e+03 3.710868750868057257e-17 6.472135573243721320e-18
6.700865235166687853e+03 4.382712729519312269e-17 6.735116511084478831e-18
6.710626530517503852e+03 4.499235917116038115e-17 6.628435012330804184e-18
6.720387825868319851e+03 -4.119188041131324011e-18 8.064932996705479780e-18
6.730149121219135850e+03 2.230481425684387345e-17 7.007522733391964939e-18
6.739910416569951849e+03 3.207577706297753367e-17 6.803932955372657676e-18
6.749671711920767848e+03 2.353952465654114953e-17 7.312379502983525564e-18
6.759433007271583847e+03 6.472625126464165592e-17 6.830377888913590539e-18
6.769194302622399846e+03 5.177811491815587898e-17 6.510882417862104485e-18
6.778955597973215845e+03 4.465388192984512255e-17 6.774697804404461583e-18
6.788716893324031844e+03 5.399246405511209900e-17 8.502042768581515612e-18
6.798478188674847843e+03 1.532258194871506937e-17 8.179748307463886652e-18
6.808239484025663842e+03 4.397592552830959189e-17 7.986379440408539065e-18
6.818000779376479841e+03 2.477311696623358136e-17 8.235019564401838755e-18
6.827762074727295840e+03 2.888455609996441181e-17 8.656897002710973330e-18
6.837523370078111839e+03 2.358964391021097945e-17 8.010917296732681554e-18
6.847284665428927838e+03 4.075129777806981776e-17 6.967372909694819392e-18
6.857045960779743837e+03 6.065288048807654590e-17 6.970799130654844394e-18
6.866807256130559836e+03 4.219295111294630143e-18 6.614375872592261757e-18
6.876568551481375835e+03 2.730394619988619595e-17 6.399787449757289061e-18
6.886329846832191834e+03 -3.211837997285264059e-17 1.289736584677525393e-17
6.896091142183007833e+03 2.644517049454226105e-17 6.933488675178741619e-18
6.905852437533823831e+03 1.266756493381367069e-17 6.606001877318163091e-18
6.915613732884639830e+03 1.271150919264804749e-17 7.395713083930629205e-18
6.925375028235455829e+03 1.981802537352146526e-17 6.465456609047469677e-18
6.935136323586271828e+03 1.973788711040376356e-17 6.219495508611250895e-18
6.944897618937087827e+03 5.251964038937548845e-18 7.608542218849875592e-18
6.954658914287903826e+03 4.531937957407928306e-16 2.733787412024065701e-17
6.964420209638719825e+03 -4.276648648780840671e-17 1.143869683066113723e-17
6.974181504989535824e+03 -8.964400846778653647e-18 8.231309154010026837e-18
6.983942800340351823e+03 -3.913587175616117566e-18 6.421630088107395112e-18
6.993704095691167822e+03 1.955174197503301615e-17 6.894217328604122368e-18
7.003465391041983821e+03 1.183334698525372624e-17 7.341735709512351018e-18
7.013226686392799820e+03 1.015362788201439296e-17 6.696424390535514182e-18
7.022987981743615819e+03 3.237912761550648535e-17 6.328360199721862305e-18
7.032749277094431818e+03 3.978202008363093105e-17 6.626997845195929369e-18
7.042510572445247817e+03 5.688354502403888644e-17 6.632604449874058393e-18
7.052271867796063816e+03 6.898867598217884291e-17 1.551923668012181661e-17
7.062033163146879815e+03 7.403975892090329850e-17 6.873878355016059049e-18
7.071794458497695814e+03 3.078526252374189023e-17 7.203155521275680000e-18
7.081555753848511813e+03 2.767980738446248411e-17 6.901492247834277288e-18
7.091317049199327812e+03 3.260548436139305618e-17 6.622513566929903909e-18
7.101078344550143811e+03 2.411148685495507442e-17 6.340875049991643762e-18
7.110839639900959810e+03 3.342681303212698261e-17 6.215794036423952403e-18
7.120600935251775809e+03 5.046476285001764869e-17 7.923215920633307754e-18
7.130362230602591808e+03 5.025082029729514070e-17 7.166794917030107925e-18
7.140123525953407807e+03 8.308337594743571017e-17 7.366840429614345868e-18
7.149884821304223806e+03 6.703455778636670901e-17 7.756717593263351339e-18
7.159646116655039805e+03 4.685452177308781663e-17 6.631768776347590493e-18
7.169407412005855804e+03 5.379511439821945376e-17 7.310110129009471811e-18
7.179168707356671803e+03 6.716803723053705685e-17 6.673723170151262654e-18
7.188930002707487802e+03 4.782708240173360037e-17 7.349703339453208049e-18
7.198691298058303801e+03 2.875058686707240802e-17 9.442983277728145575e-18
7.208452593409119800e+03 5.529145604511700623e-17 7.246502325711117950e-18
7.218213888759935799e+03 8.575655215716983079e-17 7.530003114360814979e-18
7.227975184110751798e+03 7.741332747297970413e-17 7.631807070551641931e-18
7.237736479461567797e+03 6.694059764194463608e-17 7.121395354095083022e-18
7.247497774812383796e+03 6.577997426934873229e-17 7.029676256421891762e-18
7.257259070163199794e+03 4.593166758667886226e-17 7.407574750430263701e-18
7.267020365514015793e+03 5.485022392278263548e-17 7.373456389254318672e-18
7.276781660864831792e+03 5.717546054298510527e-17 7.383176882047538935e-18
7.286542956215647791e+03 6.275437621379055477e-17 7.179360479567973049e-18
7.296304251566463790e+03 4.337915379279768870e-17 7.452814351436493498e-18
7.306065546917279789e+03 6.090879976804705627e-17 7.491365317346074371e-18
7.315826842268095788e+03 2.488007867726689338e-17 6.921430184048811161e-18
7.325588137618911787e+03 1.924541238031543645e-17 7.447359977881035500e-18
7.335349432969727786e+03 4.564350707355498112e-17 9.249151540456629688e-18
7.345110728320543785e+03 -3.256821229312994805e-17 1.559820722640239762e-17
7.354872023671359784e+03 5.391269648083236007e-17 7.861972374999283209e-18
7.364633319022175783e+03 5.128650100348707957e-17 1.113058591091309270e-17
7.374394614372991782e+03 5.472583431412909709e-17 7.469160072429453307e-18
7.384155909723807781e+03 3.939545021646064921e-17 7.162580336970375538e-18
7.393917205074623780e+03 3.121908331130821097e-17 8.504756177554841457e-18
7.403678500425439779e+03 4.428929897270307330e-17 7.097092702064832276e-18
7.413439795776255778e+03 3.736485016963135543e-17 7.707047229421596797e-18
7.423201091127071777e+03 6.427357918657579383e-17 8.652443304827759959e-18
7.432962386477887776e+03 2.990516847924423047e-16 2.434814890470355947e-17
7.442723681828703775e+03 4.614935443285006764e-17 7.730363221074917241e-18
7.452484977179519774e+03 4.779615817051728942e-17 7.294110007725362694e-18
7.462246272530335773e+03 3.174858656532465824e-17 8.634968207458458153e-18
7.472007567881151772e+03 3.014136001824112344e-17 7.718948201793336917e-18
7.481768863231967771e+03 5.253692310736643671e-17 8.221624461343782453e-18
7.491530158582783770e+03 2.408255346672381825e-17 8.160831035329373706e-18
7.501291453933599769e+03 2.634063858219620053e-17 7.720965981247983197e-18
7.511052749284415768e+03 2.457583232886353392e-17 9.429393725207038175e-18
7.520814044635231767e+03 5.134234317416071136e-17 7.357546501904993517e-18
7.530575339986047766e+03 5.096331135418012824e-17 8.272172930100920160e-18
7.540336635336863765e+03 4.676164009419041251e-17 9.633794370745908651e-18
7.550097930687679764e+03 4.381739042680345319e-17 7.918315970661882724e-18
7.559859226038495763e+03 3.645911001499999148e-17 7.621892280140519159e-18
7.569620521389311762e+03 4.929347349076542813e-17 7.944940636425334801e-18
7.579381816740127761e+03 -1.481878727069403765e-17 1.657654034182101386e-17
7.589143112090943760e+03 5.949008544415960638e-17 7.986200151273293687e-18
7.598904407441759759e+03 4.748651017525835738e-17 7.979159747159616064e-18
7.608665702792575757e+03 2.184652782988157595e-17 8.133536637548613729e-18
7.618426998143391756e+03 3.280580721328848566e-17 8.307370520151071980e-18
7.628188293494207755e+03 2.772109082967009255e-17 7.777173905069927826e-18
7.637949588845023754e+03 6.067963456818044954e-18 1.140515459042919002e-17
7.647710884195839753e+03 6.745540006661344176e-17 8.062861176846415024e-18
7.657472179546655752e+03 3.131629681659921364e-17 7.791905887749386738e-18
7.667233474897471751e+03 3.855408344101733695e-17 7.635424358690985325e-18
7.676994770248287750e+03 2.583007755347991948e-17 7.611557748579482437e-18
7.686756065599103749e+03 1.319627562663002640e-17 7.719735317482581476e-18
7.696517360949919748e+03 3.644011535408631051e-17 7.830832812366428502e-18
7.706278656300735747e+03 3.863425999458162458e-17 8.513012122810461604e-18
7.716039951651551746e+03 7.991178891109084723e-18 8.214767520100909332e-18
7.725801247002367745e+03 -1.838130112264705885e-17 9.915129592606154252e-18
7.735562542353183744e+03 4.530190553236419159e-18 8.545076826035893964e-18
7.745323837703999743e+03 -4.746746069395655701e-18 9.623372885721192003e-18
7.755085133054815742e+03 1.269210055205540676e-17 8.282710119724340651e-18
7.764846428405631741e+03 -6.002890531532446578e-17 1.345502450088483002e-17
7.774607723756447740e+03 9.210170325758603698e-18 7.924176659804705525e-18
7.784369019107263739e+03 3.071688494615061959e-17 9.287777078962375500e-18
7.794130314458079738e+03 -1.283845883454604812e-18 9.156269175686555145e-18
7.803891609808895737e+03 2.178394011231532459e-17 8.547280491891698047e-18
7.813652905159711736e+03 1.683425053990539185e-17 8.190936587998144233e-18
7.823414200510527735e+03 2.864317088410023432e-17 8.932860278654243987e-18
7.833175495861343734e+03 1.826830775041168732e-17 8.762861596436434628e-18
7.842936791212159733e+03 2.402476132775034602e-17 1.065322907761588980e-17
7.852698086562975732e+03 2.307800898663759937e-17 9.094491113527341176e-18
7.862459381913791731e+03 1.425401236619133851e-17 9.623494202530555201e-18
7.872220677264607730e+03 2.613672460935309288e-17 8.912195230560948748e-18
7.881981972615423729e+03 8.049977787582397407e-18 1.133947373562200903e-17
7.891743267966239728e+03 -1.677765294679837818e-19 1.177258022120318507e-17
7.901504563317055727e+03 1.602696253098141209e-17 9.276976472636110721e-18
7.911265858667871726e+03 3.601121362545627548e-17 9.156704740759095735e-18
7.921027154018687725e+03 2.857374570185543181e-17 2.186780780975798287e-17
7.930788449369503724e+03 2.509786209835170136e-17 9.712010924905894167e-18
7.940549744720319723e+03 2.486442383152172598e-18 1.030757290523531026e-17
7.950311040071135722e+03 7.585993836903538790e-18 1.090234846449955170e-17
7.960072335421951720e+03 2.049667633910204662e-17 1.431528488688948958e-17
7.969833630772767719e+03 5.657698895324812555e-17 1.052663664431689855e-17
7.979594926123583718e+03 1.340261282251934918e-17 9.597551863479734058e-18
7.989356221474399717e+03 7.764872639117936115e-18 1.120756204258602623e-17
7.999117516825215716e+03 2.436024757174002599e-17 1.108226262785675028e-17
8.008878812176031715e+03 2.061909748790029312e-17 9.604810981256716451e-18
8.018640107526847714e+03 -6.527994501099541752e-18 1.098253760438286625e-17
8.028401402877663713e+03 -8.327955840953122008e-18 1.618025741397732681e-17
8.038162698228479712e+03 2.345926582096097413e-17 1.003073526324159135e-17
8.047923993579295711e+03 -6.832928409568898555e-18 1.419520010842991111e-17
8.057685288930111710e+03 3.093777867276889298e-17 1.169438357029428855e-17
8.067446584280927709e+03 -4.033872679769001729e-17 2.706813377743988732e-17
8.077207879631743708e+03 1.610397283454475676e-17 1.134404385232901719e-17
8.086969174982559707e+03 1.718692019813036511e-17 1.171578831759854219e-17
8.096730470333375706e+03 2.039254513305117645e-17 1.153018727683710130e-17
8.106491765684191705e+03 2.956161715063315095e-17 1.224993490570963429e-17
8.116253061035007704e+03 -5.581144709911530873e-17 1.996103073579712365e-17
8.126014356385823703e+03 -1.469476941193717228e-17 1.213519873592107326e-17
8.135775651736639702e+03 3.982439203354088636e-18 1.202844672564363583e-17
8.145536947087455701e+03 1.785928547228857859e-17 1.091881229548715712e-17
8.155298242438271700e+03 -9.042767401369664553e-18 1.104041414607928827e-17
8.165059537789087699e+03 -2.421027419870003674e-17 1.457494837656858851e-17
8.174820833139903698e+03 7.813288633743965987e-19 1.157216300301997092e-17
8.184582128490719697e+03 9.093088575014712497e-18 1.477683353174160698e-17
8.194343423841535696e+03 1.258813844542929787e-15 3.149831098499909865e-17
8.204104719192351695e+03 1.203467116055670758e-15 2.891301670851420642e-17
8.213866014543167694e+03 -2.462215061463543493e-17 1.270890840117776114e-17
8.223627309893983693e+03 -3.470101884688012197e-17 1.400759417682006186e-17
8.233388605244799692e+03 1.470649210856551717e-17 1.516766006809345729e-17
8.243149900595615691e+03 1.952495489187607052e-17 1.256627182225115424e-17
8.252911195946431690e+03 1.172255434988176442e-17 1.214745866609204791e-17
8.262672491297247689e+03 4.180656778528104190e-17 1.442600715330068149e-17
8.272433786648063688e+03 3.617306028609097834e-17 1.232232109015359118e-17
8.282195081998879687e+03 2.237218738099516268e-17 1.331120004019754035e-17
8.291956377349695686e+03 2.413725193329013832e-17 1.253574458323396914e-17
8.301717672700511685e+03 3.078811852424972416e-17 1.387557418272534208e-17
8.311478968051327683e+03 5.273177005671241621e-17 1.479111589108078507e-17
8.321240263402143682e+03 7.775684329945986226e-17 1.350946726268266915e-17
8.331001558752959681e+03 3.335587906369448692e-17 1.221626394199447302e-17
8.340762854103775680e+03 3.529102214652662340e-17 1.285977519097286501e-17
8.350524149454591679e+03 3.332068374912610086e-17 1.263689778992092865e-17
8.360285444805407678e+03 4.902842532634235674e-18 1.315122445589068163e-17
8.370046740156223677e+03 1.428840482737556265e-17 1.315594281537736807e-17
8.379808035507039676e+03 4.571663473418079684e-17 1.208606261422443805e-17
8.389569330857855675e+03 1.088112597780446420e-17 1.600426951095453458e-17
8.399330626208671674e+03 2.146060562614387623e-17 1.244356085449260880e-17
8.409091921559487673e+03 -7.586470080145158410e-18 1.247073290712251559e-17
8.418853216910303672e+03 1.146013724697726864e-17 1.296480992388694997e-17
8.428614512261119671e+03 -2.391978119845505030e-17 1.534602992648549973e-17
8.438375807611935670e+03 2.688439914826241712e-17 1.419817609962139017e-17
8.448137102962751669e+03 1.683397445907260131e-17 1.414025833348163299e-17
8.457898398313567668e+03 -7.120349466261634993e-18 1.205636077040042404e-17
8.467659693664383667e+03 -4.551244136376091017e-18 1.161851307559361472e-17
8.477420989015199666e+03 5.229047569020611820e-19 1.185426930772886893e-17
8.487182284366015665e+03 1.713947814853682804e-17 1.264733401509159404e-17
8.496943579716831664e+03 5.560821686093684693e-17 1.348737538203498977e-17
8.506704875067647663e+03 -3.714533652384356945e-18 1.346387825879544923e-17
8.516466170418463662e+03 -2.189549658033220632e-17 1.475362294817242185e-17
8.526227465769279661e+03 -8.198978861083557172e-17 1.851053879986734542e-17
8.535988761120095660e+03 -1.034467634631572856e-17 1.318044894580504352e-17
8.545750056470911659e+03 -3.496610853458537734e-18 1.281737594473224035e-17
8.555511351821727658e+03 -3.832236957767009899e-17 1.650629202437628326e-17
8.565272647172543657e+03 -1.517199047441867822e-17 1.680610334234773131e-17
8.575033942523359656e+03 5.981708997649925193e-17 1.555205484682462957e-17
8.584795237874175655e+03 -1.249458685256265017e-17 1.336192975876096620e-17
8.594556533224991654e+03 -3.013766189805563035e-18 1.422136595010813316e-17
8.604317828575807653e+03 3.701498924018866124e-17 1.449490939097729261e-17
8.614079123926623652e+03 3.550148303115986941e-17 1.730185905000986979e-17
8.623840419277439651e+03 3.043557561590754896e-17 1.872707822493700439e-17
8.633601714628255650e+03 2.498405933601531740e-17 1.312835965887993042e-17
8.643363009979071649e+03 5.475024342174801461e-17 1.279154868954348495e-17
8.653124305329887648e+03 2.729877976338734875e-17 1.645013701148137787e-17
8.662885600680703647e+03 1.770905115827241597e-17 1.841134685933294283e-17
8.672646896031519645e+03 7.050193316406690287e-17 1.663817804119365370e-17
8.682408191382335644e+03 8.856362049091218907e-17 1.287441259060307612e-17
8.692169486733151643e+03 7.960294086765921270e-17 1.779894808149324170e-17
8.701930782083967642e+03 1.986019422553705188e-16 1.828117814360816133e-17
8.711692077434783641e+03 7.065443478327887088e-17 1.323784165530933373e-17
8.721453372785599640e+03 6.434436437062639923e-17 1.289802523613225270e-17
8.731214668136415639e+03 8.612057353007778468e-17 1.288170590838353098e-17
8.740975963487231638e+03 3.106716522597047353e-17 1.283072771208432250e-17
8.750737258838047637e+03 5.183184734110925982e-17 1.333768256833763469e-17
8.760498554188863636e+03 5.947707723069741014e-17 1.349556958663200927e-17
8.770259849539679635e+03 4.116331674795955376e-17 1.421379273430176725e-17
8.780021144890495634e+03 4.391734485991494106e-17 1.470655588330508348e-17
8.789782440241311633e+03 1.051098421586084500e-16 1.330928772455544090e-17
8.799543735592127632e+03 2.325675742673838538e-17 1.886339133190856730e-17
8.809305030942943631e+03 -8.961699146935521324e-18 2.649620564263185916e-17
8.819066326293759630e+03 6.906658445071682194e-16 2.211293154251804477e-17
8.828827621644575629e+03 8.743831758876985118e-16 2.680159957113760618e-17
8.838588916995391628e+03 9.583867381268695507e-17 1.291244256531288893e-17
8.848350212346207627e+03 5.189419972450355384e-17 1.232750380252861543e-17
8.858111507697023626e+03 8.389185787896247218e-17 1.340955764603505227e-17
8.867872803047839625e+03 7.553252027839476379e-17 1.344341630044367112e-17
8.877634098398655624e+03 8.151617662832248190e-17 1.411525629310985496e-17
8.887395393749471623e+03 9.066655166443698262e-17 1.339988791123368273e-17
8.897156689100287622e+03 6.237681629875119349e-17 1.418820644223875136e-17
8.906917984451103621e+03 2.749273601870991891e-17 1.445787411545775095e-17
8.916679279801919620e+03 -1.710366803973882762e-17 1.348463563595268464e-17
8.926440575152735619e+03 -2.562889088429273954e-17 1.458723484688943411e-17
8.936201870503551618e+03 2.067697640472997581e-17 1.389697678673322281e-17
8.945963165854367617e+03 5.088268126152497274e-17 1.302906930630226107e-17
8.955724461205183616e+03 4.837377122891383085e-17 1.315218992398580872e-17
8.965485756555999615e+03 6.178252578679293499e-17 1.357927541944873529e-17
8.975247051906815614e+03 -2.912841965294827455e-18 1.285365186049026472e-17
8.985008347257631613e+03 -6.763223762810208005e-17 2.144596762897248507e-17
8.994769642608447612e+03 5.381140700661484036e-17 1.780163128104312170e-17
9.004530937959263611e+03 4.956164401166000811e-17 1.458744799758814826e-17
9.014292233310079610e+03 5.249171376034865016e-17 1.525952299159510681e-17
9.024053528660895608e+03 3.302051413958253092e-17 1.304007764556040147e-17
9.033814824011711607e+03 9.780827231940157950e-18 1.660363974796472061e-17
9.043576119362527606e+03 -2.609157241704667461e-17 1.594862415953031689e-17
9.053337414713343605e+03 2.876693663556976801e-19 1.320424903994503213e-17
9.063098710064159604e+03 -9.414504707069225658e-18 1.296082110287200123e-17
9.072860005414975603e+03 6.703805226721525125e-17 1.535834366988720996e-17
9.082621300765791602e+03 7.316617854785558762e-17 1.500481479160393924e-17
9.092382596116607601e+03 4.622154888775556188e-18 1.332539898017194618e-17
9.102143891467423600e+03 8.409474872555055383e-18 1.437282870227466607e-17
9.111905186818239599e+03 5.260887468842055955e-18 1.336976751105024568e-17
9.121666482169055598e+03 3.403260087592297381e-17 1.468889690751240558e-17
9.131427777519871597e+03 -6.399700345657558288e-17 1.762019697813012983e-17
9.141189072870687596e+03 -7.820441690880031058e-17 1.883358756844318415e-17
9.150950368221503595e+03 -3.946287152803131928e-17 1.247401581506027668e-17
9.160711663572319594e+03 -1.266611587074105371e-17 1.359260194658225470e-17
9.170472958923135593e+03 6.169496919369601458e-17 1.957307991817271864e-17
9.180234254273951592e+03 1.153230096260929749e-17 1.573090712890656920e-17
9.189995549624767591e+03 -1.072454118284352283e-17 1.309151626686375862e-17
9.199756844975583590e+03 -3.443519511464045384e-17 1.292680672167205171e-17
9.209518140326399589e+03 1.005322473884491480e-17 1.659160987937850695e-17
9.219279435677215588e+03 -4.158026718238486285e-17 2.108386397494909468e-17
9.229040731028031587e+03 6.928412736775298113e-18 1.408219389564246013e-17
9.238802026378847586e+03 -1.363208304706970538e-17 1.308400225782630283e-17
9.248563321729663585e+03 6.135227324759709053e-18 1.329896285671387613e-17
9.258324617080479584e+03 -9.838361898188135575e-18 1.543281418461983488e-17
9.268085912431295583e+03 -6.245728680147248496e-17 2.612939644854026581e-17
9.277847207782111582e+03 6.857009714185666415e-18 1.329672486654445907e-17
9.287608503132927581e+03 9.570210190046036690e-18 1.317478504731068459e-17
9.297369798483743580e+03 -1.204723294203321265e-16 2.106475666230755756e-17
9.307131093834559579e+03 -2.086121627043031852e-17 1.550392321406438536e-17
9.316892389185375578e+03 1.472249299798451932e-17 1.513247234299386503e-17
9.326653684536191577e+03 4.608952932866880516e-17 1.388561065079218084e-17
9.336414979887007576e+03 2.036244403645576043e-17 1.452200539056655884e-17
9.346176275237823575e+03 -4.563135607851901022e-17 1.473934623686036682e-17
9.355937570588639574e+03 1.168471190374544899e-17 1.512200452976832439e-17
9.365698865939455573e+03 -2.903932609544879109e-17 1.682910477261918406e-17
9.375460161290271571e+03 -5.807248336393867861e-18 1.532460656854044169e-17
9.385221456641087570e+03 9.182701838056151710e-18 1.629647632227641369e-17
9.394982751991903569e+03 7.638638752761935583e-17 1.495989110961419782e-17
9.404744047342719568e+03 1.584410320882965044e-17 1.415573029499851688e-17
9.414505342693535567e+03 1.454696692617290261e-17 1.478539238354932973e-17
9.424266638044351566e+03 -3.167560182611158497e-17 1.479381293986876359e-17
9.434027933395167565e+03 -6.293724294572526685e-17 1.789845548754693707e-17
9.443789228745983564e+03 8.590072031878503035e-19 1.538981360669994853e-17
9.453550524096799563e+03 1.919107689237151892e-17 1.539536542448572404e-17
9.463311819447615562e+03 2.939377990015661050e-17 1.513932248046660819e-17
9.473073114798431561e+03 -3.848937210662955904e-18 1.569141470380695361e-17
9.482834410149247560e+03 -2.847850179561068741e-18 1.582002810397786002e-17
9.492595705500063559e+03 -5.282769192822102137e-18 1.534047871873889691e-17
9.502357000850879558e+03 1.829436589328257465e-17 1.614775740799385958e-17
9.512118296201695557e+03 -1.131000507424692412e-17 1.659588363792974468e-17
9.521879591552511556e+03 -1.007942452750656848e-16 2.258469327052124916e-17
9.531640886903327555e+03 -1.456354442566339840e-17 1.906307697822613742e-17
9.541402182254143554e+03 4.745049670550582287e-17 1.909004806647309665e-17
9.551163477604959553e+03 -4.734579012309647172e-18 2.526052747379845669e-17
9.560924772955775552e+03 6.659898611920091842e-17 1.722174215779431779e-17
9.570686068306591551e+03 3.647385468532173951e-17 1.690170457148410859e-17
9.580447363657407550e+03 1.329225814339860556e-17 1.701098152236034134e-17
9.590208659008223549e+03 -4.662409191296459951e-17 1.990704273766368301e-17
9.599969954359039548e+03 -3.698528366335002344e-17 1.914176852427423157e-17
9.609731249709855547e+03 3.674588385965307188e-17 1.967667964351304201e-17
9.619492545060671546e+03 -2.174332594056218743e-17 1.916107956889267005e-17
9.629253840411487545e+03 3.015183025568134189e-17 1.784785714107350849e-17
9.639015135762303544e+03 5.247018103392965778e-17 1.856884473321638206e-17
9.648776431113119543e+03 3.790469354850443542e-17 1.981958628770679769e-17
9.658537726463935542e+03 5.933868631470395777e-17 2.548378248198689125e-17
9.668299021814751541e+03 -1.363758249969116617e-17 1.959473572889174473e-17
9.678060317165567540e+03 -5.532364032038213418e-18 2.078808093745029706e-17
9.687821612516383539e+03 7.834700586451878261e-17 2.008846597743743514e-17
9.697582907867199538e+03 4.011237703403004785e-17 3.437862862320642754e-17
9.707344203218015537e+03 -3.502500998399978944e-18 2.508081018127653628e-17
9.717105498568831536e+03 4.051861188106649793e-18 2.434604712262472366e-17
9.726866793919647534e+03 -3.418035465497054328e-17 2.413973994658633598e-17
9.736628089270463533e+03 3.936809741230113423e-16 8.079066085547095860e-17
9.746389384621279532e+03 -2.000731847047253778e-16 2.701703286022619325e-17
9.756150679972095531e+03 -2.222419984180097353e-16 2.447288725430337707e-17
9.765911975322911530e+03 -3.811681940536431322e-17 3.649497821260748365e-17
9.775673270673727529e+03 3.593991533076277826e-17 6.922488787177270468e-17
9.785434566024543528e+03 -4.698100282537758970e-18 2.237685075023201649e-17
9.795195861375359527e+03 -5.131973053559486414e-18 2.256508720738990381e-17
9.804957156726175526e+03 4.224596975230232342e-17 2.371618626720475086e-17
9.814718452076991525e+03 7.413574751630896871e-17 2.439601284832620067e-17
9.824479747427807524e+03 -1.332731592821035257e-17 2.572832530029276011e-17
9.834241042778623523e+03 -1.162232507296505647e-17 3.051612448996488665e-17
9.844002338129439522e+03 -6.214330938384652606e-17 2.670139461162842405e-17
9.853763633480255521e+03 -5.315383159105875265e-18 2.830679493728281743e-17
9.863524928831071520e+03 1.018849117580783588e-16 3.002910028022272672e-17
9.873286224181887519e+03 9.388903669210598535e-17 2.804613946838504543e-17
9.883047519532703518e+03 -1.201468291947070635e-17 2.708237929857890019e-17
9.892808814883519517e+03 -1.700679868373867737e-17 2.772235782943172644e-17
9.902570110234335516e+03 -1.208317077543833655e-17 3.085648011550514586e-17
9.912331405585151515e+03 -5.205134271782399692e-17 3.118443381055519288e-17
9.922092700935967514e+03 -6.262394632386469443e-17 3.043375304409732654e-17
9.931853996286783513e+03 -9.498435004477149356e-18 3.567538960520302824e-17
9.941615291637599512e+03 8.643839948197660539e-18 3.332226640439298151e-17
9.951376586988415511e+03 1.136424595297029053e-17 3.981231177394285335e-17
9.961137882339231510e+03 1.227216709043361102e-16 3.583699778068483146e-17
9.970899177690047509e+03 2.048937085235647842e-16 4.492501552229359620e-17
9.980660473040863508e+03 4.089999090202452266e-18 3.505323863255984882e-17
9.990421768391679507e+03 -1.082149439412047227e-17 3.699313217506943915e-17
1.000018306374249551e+04 -2.435458697621711020e-17 3.674655552340169508e-17
1.000994435909331150e+04 -1.293268513811880566e-17 3.780714049291356305e-17
1.001970565444412750e+04 6.834535062139229833e-18 4.078237986485261172e-17
1.002946694979494350e+04 7.086469173503115237e-17 4.059109024823901304e-17
1.003922824514575950e+04 -1.807354414954760224e-16 5.356291541233552501e-17
1.004898954049657550e+04 -1.945134971651365977e-16 5.880292531648555193e-17
1.005875083584739150e+04 -2.150470438684099482e-17 4.114967829588804438e-17
1.006851213119820750e+04 3.482721418497231300e-17 4.536727492557177052e-17
1.007827342654902350e+04 -1.637045094977888418e-16 7.512725061017173428e-17
1.008803472189983950e+04 -3.414955472971748539e-17 4.702364861995521396e-17
1.009779601725065550e+04 -4.310320745342779278e-17 5.047226675379463007e-17
1.010755731260147149e+04 5.537053608278667496e-16 6.428537399344690047e-17
1.011731860795228749e+04 1.155609344925133083e-16 5.724070979694301426e-17
1.012707990330310349e+04 -2.108904130905627007e-17 5.527654546384687319e-17
1.013684119865391949e+04 -5.454064538337316999e-17 5.572497013121355289e-17
1.014660249400473549e+04 -2.215480217480901969e-17 5.961831258771675093e-17
1.015636378935555149e+04 -2.623918963698448777e-17 5.880049544641701348e-17
1.016612508470636749e+04 -3.596300704731708755e-16 7.356042909334839617e-17
1.017588638005718349e+04 -1.892093385473417248e-16 6.886960675463865466e-17
1.018564767540799949e+04 -8.010953403777762352e-17 6.797007389027747430e-17
1.019540897075881549e+04 -1.713485830584174499e-16 7.221944033607383393e-17
1.020517026610963148e+04 -5.344949849427194524e-16 1.015992663152110001e-16
1.021493156146044748e+04 4.392922239473587782e-17 9.484207921013537930e-17
1.022469285681126348e+04 -3.670289698139676740e-16 1.619621811185584919e-16
1.023445415216207948e+04 -2.537950872105925218e-16 1.062522994388374900e-16
