# obs_wvl flux error
2.975000000000000000e+03 -6.950121855018676163e-16 2.591240015866803394e-16
2.977747492909902576e+03 3.249955912157358124e-17 2.020324020061011515e-16
2.980494985819805152e+03 8.664308891079471370e-17 1.840693370685287781e-16
2.983242478729707727e+03 -3.220737487646698949e-16 1.738281289519874879e-16
2.985989971639610303e+03 -6.185628270839541875e-17 1.692550405819333406e-16
2.988737464549512879e+03 -4.868250157780362047e-17 1.999512285541172096e-16
2.991484957459415455e+03 2.855827526903623378e-16 1.771140418668599608e-16
2.994232450369318030e+03 2.935848279112805200e-16 1.746540914273094219e-16
2.996979943279220606e+03 -1.524725893796330099e-17 1.560326651912922926e-16
2.999727436189123182e+03 -2.875455597261416308e-16 2.403618958520490373e-16
3.002474929099025758e+03 -1.979250988044088120e-14 2.723305818070521793e-16
3.005222422008928334e+03 -9.075706489441573995e-15 1.953697068353597996e-16
3.007969914918830909e+03 6.550164541385517521e-16 1.818442717409667957e-16
3.010717407828733485e+03 1.571690422527357921e-15 2.046074587306647231e-16
3.013464900738636061e+03 1.024503301476361447e-15 1.804129357451687308e-16
3.016212393648538637e+03 5.701942830827987223e-16 1.731590863745014836e-16
3.018959886558441212e+03 9.945373057397567563e-16 1.744333481971580389e-16
3.021707379468343788e+03 6.730695381172897659e-16 1.640062466601077438e-16
3.024454872378246364e+03 3.534834949029096018e-16 1.478080435427943058e-16
3.027202365288148940e+03 3.373205903297970758e-16 1.726389219766881917e-16
3.029949858198051516e+03 1.115992035374994936e-15 1.711571904014569280e-16
3.032697351107954091e+03 6.766746039266636920e-16 1.369487694081110426e-16
3.035444844017856667e+03 -1.864177185661840165e-16 1.256517340261335753e-16
3.038192336927759243e+03 4.158904026259824334e-16 1.318844280952496657e-16
3.040939829837661819e+03 -1.937485815542776860e-17 2.127094291935142543e-16
3.043687322747564394e+03 -1.824203736572777042e-16 1.418324062196325922e-16
3.046434815657466970e+03 -1.660283646784879362e-16 1.408901378317556091e-16
3.049182308567369546e+03 1.193405648247219398e-16 1.291218583938118737e-16
3.051929801477272122e+03 8.310305289053844912e-17 1.218405854923711252e-16
3.054677294387174697e+03 1.628683289105230643e-16 1.167302872372047679e-16
3.057424787297077273e+03 7.959789846081774763e-16 1.266696833310544159e-16
3.060172280206979849e+03 4.375587948225934403e-16 1.825285139839746173e-16
3.062919773116882425e+03 3.711801475027581749e-16 1.333320240398806161e-16
3.065667266026785001e+03 -1.441526531892014951e-16 1.297727313190369775e-16
3.068414758936687576e+03 2.508780292129835560e-16 1.247814169874363394e-16
3.071162251846590152e+03 3.312264488214052818e-16 1.354496468009182711e-16
3.073909744756492728e+03 5.089727612781734386e-16 1.193729219537686701e-16
3.076657237666395304e+03 1.307893805506110224e-16 1.031930038561882539e-16
3.079404730576297879e+03 -1.384676272445454095e-16 1.128068109983718702e-16
3.082152223486200455e+03 2.010217512091944843e-16 1.279996241453644669e-16
3.084899716396103031e+03 3.992844043789164947e-16 1.194683038044499470e-16
3.087647209306005607e+03 2.099363927687600286e-16 1.108477891433321811e-16
3.090394702215908183e+03 1.264533154267972020e-16 1.020753323472831738e-16
3.093142195125810758e+03 6.266850882523288849e-16 1.142666001595947473e-16
3.095889688035713334e+03 2.910977944335452526e-16 1.091445731493767506e-16
3.098637180945615910e+03 3.017160129904665548e-16 1.108091007491031876e-16
3.101384673855518486e+03 2.558767550820172975e-16 1.125110111450336437e-16
3.104132166765421061e+03 1.636862640518158755e-16 1.196947114666354959e-16
3.106879659675323637e+03 2.348612146712738337e-16 1.080896679786922189e-16
3.109627152585226213e+03 1.241062058957961552e-17 9.606300737707909257e-17
3.112374645495128789e+03 -9.893232313439211688e-17 9.310731149765954260e-17
3.115122138405031365e+03 -5.728176932537341900e-17 9.351922830770701919e-17
3.117869631314933940e+03 9.413634060151195542e-17 1.011650333965425829e-16
3.120617124224836516e+03 -3.971701123634875290e-17 1.355398987199595831e-16
3.123364617134739092e+03 1.522230670865957183e-16 1.025475825190874646e-16
3.126112110044641668e+03 -7.890665679050012357e-17 9.010004038123478669e-17
3.128859602954544243e+03 9.278495063793851151e-17 9.674224457290482422e-17
3.131607095864446819e+03 -2.287559794832427383e-16 1.953833113121327084e-16
3.134354588774349395e+03 -1.283650398876630359e-16 1.223961183710576831e-16
3.137102081684251971e+03 -9.704420269958538823e-20 1.007324491148339468e-16
3.139849574594154547e+03 -5.083643965152336125e-17 9.897736197442307568e-17
3.142597067504057122e+03 -7.001160959615630067e-17 1.090877066888475567e-16
3.145344560413959698e+03 1.567111975685788514e-16 9.881044886655743094e-17
3.148092053323862274e+03 6.475192238443111415e-16 1.128782323840851679e-16
3.150839546233764850e+03 2.855001876370991151e-16 9.298693529393768917e-17
3.153587039143667425e+03 4.938701403272720129e-17 9.278658868227339262e-17
3.156334532053570001e+03 -2.451036247049362588e-16 1.054793874821604673e-16
3.159082024963472577e+03 5.836378571105558828e-17 9.771813964050005230e-17
3.161829517873375153e+03 4.967463944166855739e-16 9.428437951627097452e-17
3.164577010783277728e+03 3.204709689105636463e-16 9.727974540001299603e-17
3.167324503693180304e+03 1.348828736024048001e-16 8.717316563496717517e-17
3.170071996603082880e+03 -1.456826167395784472e-16 9.220554570824588987e-17
3.172819489512985456e+03 1.281336280246761568e-16 9.578501685150461299e-17
3.175566982422888032e+03 -1.484427142061380681e-16 9.955998052848381800e-17
3.178314475332790607e+03 2.906230898074843759e-16 9.381971178599011644e-17
3.181061968242693183e+03 5.272310139979502287e-16 9.956655376616658311e-17
3.183809461152595759e+03 2.935758634297816223e-16 9.746476616513890667e-17
3.186556954062498335e+03 2.392713392316406985e-16 9.896819035453159551e-17
3.189304446972400910e+03 5.865975004981198958e-17 2.275604540813991460e-16
3.192051939882303486e+03 9.796505655463630911e-17 1.187961966629896845e-16
3.194799432792206062e+03 -8.748492799895394953e-17 9.187180616342952627e-17
3.197546925702108638e+03 4.772670339853852023e-17 8.440370429411175531e-17
3.200294418612011214e+03 1.436503650355242165e-16 8.033043838762906228e-17
3.203041911521913789e+03 1.106442557631928330e-16 7.604842060843595387e-17
3.205789404431816365e+03 2.534829709827902170e-16 8.583145434230770918e-17
3.208536897341718941e+03 1.135067554522624983e-16 8.164407237819594451e-17
3.211284390251621517e+03 1.192054067575840023e-16 1.153665311967258047e-16
3.214031883161524092e+03 1.314131247107937352e-16 8.313725769355276135e-17
3.216779376071426668e+03 -1.060754957137866154e-16 7.996975074447769640e-17
3.219526868981329244e+03 1.780717139282888897e-16 7.955364975983021465e-17
3.222274361891231820e+03 1.276828199401901154e-16 7.532781795768768692e-17
3.225021854801134396e+03 6.599546476742524533e-17 8.756520247679553271e-17
3.227769347711036971e+03 3.091159012625411433e-16 8.776008458988868584e-17
3.230516840620939547e+03 6.459103429651631877e-16 8.387695161080853611e-17
3.233264333530842123e+03 -1.829201896262066357e-17 9.454229732761501814e-17
3.236011826440744699e+03 2.766316541902857721e-17 7.958529305483316386e-17
3.238759319350647274e+03 1.875779577956164781e-17 7.158677369688149359e-17
3.241506812260549850e+03 2.754465513165198565e-16 8.017801676034899263e-17
3.244254305170452426e+03 -2.346457836185619647e-16 1.871103086281052287e-16
3.247001798080355002e+03 -7.019377684813192566e-17 9.502132267564170217e-17
3.249749290990257578e+03 3.050299615299391307e-16 7.210810744637674642e-17
3.252496783900160153e+03 -8.848630604761139541e-17 7.467729307434963928e-17
3.255244276810062729e+03 1.116078080728837597e-16 7.317334287645264880e-17
3.257991769719965305e+03 -2.000722691966219838e-16 1.218092972653139345e-16
3.260739262629867881e+03 -1.505342603674195776e-17 8.785512867548174725e-17
3.263486755539770456e+03 2.228938251401199003e-16 7.474284165225155377e-17
3.266234248449673032e+03 5.005364360353435718e-17 6.865342738249599100e-17
3.268981741359575608e+03 9.368217445530112577e-17 7.557136132549320200e-17
3.271729234269478184e+03 1.318089306188424095e-16 9.955730872085901077e-17
3.274476727179380759e+03 2.333680344458585853e-16 7.551008878122287019e-17
3.277224220089283335e+03 1.128604612786781158e-16 6.821736543705117336e-17
3.279971712999185911e+03 -2.322284009008570124e-17 9.552677942127015248e-17
3.282719205909088487e+03 8.822750504613590040e-17 7.591016754976117760e-17
3.285466698818991063e+03 6.065360339877070278e-17 7.289478525678911536e-17
3.288214191728893638e+03 2.712547817859126529e-16 7.285991781223679622e-17
3.290961684638796214e+03 2.752589083368304122e-16 8.727241399581529046e-17
3.293709177548698790e+03 4.067723495015448481e-16 7.819399197891992883e-17
3.296456670458601366e+03 2.844018913085168157e-16 7.056217459028153115e-17
3.299204163368503941e+03 6.945784276386792080e-16 8.015146428922944730e-17
3.301951656278406517e+03 5.811315649411861326e-16 8.210584026250919573e-17
3.304699149188309093e+03 2.144740430423429562e-16 1.243870275486041644e-16
3.307446642098211669e+03 4.821727562308583798e-18 7.892092896732532597e-17
3.310194135008114245e+03 -1.211465344625837890e-16 9.429027967572400640e-17
3.312941627918016820e+03 2.358773152752481532e-16 7.474538656612506152e-17
3.315689120827919396e+03 1.472048874992118671e-16 6.867653831667425088e-17
3.318436613737821972e+03 1.717310334188605167e-16 6.517385810447474150e-17
3.321184106647724548e+03 2.561396569894402187e-16 6.896605517142043350e-17
3.323931599557627123e+03 1.630158715275496785e-16 6.555508320093372641e-17
3.326679092467529699e+03 1.667636672608309591e-16 6.758318422121818480e-17
3.329426585377432275e+03 2.861034188343123495e-16 6.564635728075559320e-17
3.332174078287334851e+03 2.719997672041468630e-16 7.048452612847897227e-17
3.334921571197237427e+03 -9.633108305543122613e-17 1.008897128247381302e-16
3.337669064107140002e+03 -2.898773268978172859e-16 1.335560055238857805e-16
3.340416557017042578e+03 4.328305137858094097e-17 7.523057701672629306e-17
3.343164049926945154e+03 -3.944687548403263370e-17 6.088753315523499466e-17
3.345911542836847730e+03 -8.916813352314500709e-17 6.108590870919761890e-17
3.348659035746750305e+03 3.673069184961323919e-16 7.331369958161350718e-17
3.351406528656652881e+03 -1.394394031252779875e-16 1.264764794858611168e-16
3.354154021566555457e+03 -1.107874161638688781e-17 7.274131866505846169e-17
3.356901514476458033e+03 1.084078628540592738e-16 6.425896671692820866e-17
3.359649007386360609e+03 1.064910705753928435e-17 7.409454756625804865e-17
3.362396500296263184e+03 1.049137194301695753e-16 6.258286685474053566e-17
3.365143993206165760e+03 -1.192272858983754417e-17 7.574270985410438297e-17
3.367891486116068336e+03 -2.475594143956088547e-17 6.315785036162607109e-17
3.370638979025970912e+03 3.895703051050945588e-17 6.195859414310099448e-17
3.373386471935873487e+03 1.725769580253796534e-16 6.311484216799144011e-17
3.376133964845776063e+03 9.461505678437828440e-17 6.654947649452553187e-17
3.378881457755678639e+03 2.356267783437986906e-16 6.896057587017620454e-17
3.381628950665581215e+03 1.815669725368590947e-16 8.190995160868623333e-17
3.384376443575483790e+03 2.691384073431573553e-16 6.473748362838918043e-17
3.387123936485386366e+03 6.923100697547436274e-16 7.095582737017369493e-17
3.389871429395288942e+03 7.340662886451138352e-16 6.707946404091642815e-17
3.392618922305191518e+03 4.358371294342882931e-16 7.064521358544583199e-17
3.395366415215094094e+03 3.151354440424081180e-16 8.643790424063424701e-17
3.398113908124996669e+03 2.994713949397034248e-16 1.368811425593328753e-16
3.400861401034899245e+03 1.036830204556179203e-16 7.229385028255789367e-17
3.403608893944801821e+03 2.006905028363394469e-16 5.615325009543300700e-17
3.406356386854704397e+03 2.444800608739983435e-16 5.890280849633719587e-17
3.409103879764606972e+03 2.866599956093135448e-18 7.189965743665272628e-17
3.411851372674509548e+03 1.992695935566319555e-16 6.023952759597256377e-17
3.414598865584412124e+03 -7.309393901534931652e-17 7.099141927448299752e-17
3.417346358494314700e+03 2.661086727682772196e-17 6.355839934124483528e-17
3.420093851404217276e+03 1.927636269217368663e-16 7.481583611859508665e-17
3.422841344314119851e+03 8.464545730802812870e-18 7.309411176002097867e-17
3.425588837224022427e+03 -6.690060495473773932e-17 6.252493516738436707e-17
3.428336330133925003e+03 2.618541113233641671e-16 5.882169183489203461e-17
3.431083823043827579e+03 2.402428277665128295e-16 5.567800329132702172e-17
3.433831315953730154e+03 1.410084254939097425e-16 5.694644911440030952e-17
3.436578808863632730e+03 5.139278084225867213e-17 5.731980597583664122e-17
3.439326301773535306e+03 2.849719525917132696e-17 5.596690712049392300e-17
3.442073794683437882e+03 5.016929922585278668e-17 5.784224782444229035e-17
3.444821287593340458e+03 1.186302729854149746e-16 7.023903586331548053e-17
3.447568780503243033e+03 2.504559228103166063e-16 7.247536218220228692e-17
3.450316273413145609e+03 5.647695142955275575e-17 9.822701542438272783e-17
3.453063766323048185e+03 9.796778610430645938e-17 6.042774043960998635e-17
3.455811259232950761e+03 3.086680357818404901e-16 6.035000299813923139e-17
3.458558752142853336e+03 2.238130434970713504e-16 6.833669819774728099e-17
3.461306245052755912e+03 1.988247840037443291e-16 5.495343111070896532e-17
3.464053737962658488e+03 1.126557741131667483e-16 5.698933818779114486e-17
3.466801230872561064e+03 1.391098143513378610e-16 5.238215134027424790e-17
3.469548723782463640e+03 7.998128179521921640e-17 5.515689696862713076e-17
3.472296216692366215e+03 3.895196434218265363e-17 5.128515761005113178e-17
3.475043709602268791e+03 4.216540557325376348e-16 5.804455203417812478e-17
3.477791202512171367e+03 2.360725958597600102e-16 5.521341630183184944e-17
3.480538695422073943e+03 3.150786926717467266e-16 5.651087079123685208e-17
3.483286188331976518e+03 1.249814542098784663e-16 6.579234822094709486e-17
3.486033681241879094e+03 1.236140329180486421e-16 5.393318992230885577e-17
3.488781174151781670e+03 2.606445263763703447e-16 5.280490648277802553e-17
3.491528667061684246e+03 1.952347372228626664e-16 7.315845007123813098e-17
3.494276159971586821e+03 1.014955898743829139e-16 6.707868602758710169e-17
3.497023652881489397e+03 8.655792317482293830e-17 6.229008192852737527e-17
3.499771145791391973e+03 8.466080707238123890e-17 5.271929594779827744e-17
3.502518638701294549e+03 -2.155596751549190738e-16 6.253811974421883521e-17
3.505266131611197125e+03 -1.133851492898196526e-16 9.528525294485507826e-17
3.508013624521099700e+03 2.660359764241869612e-16 7.394780195425063049e-17
3.510761117431002276e+03 2.140676253596318794e-16 7.107666852249678863e-17
3.513508610340904852e+03 9.543653493438480446e-17 5.797936115292707784e-17
3.516256103250807428e+03 7.637201302046899442e-17 5.113858593886228208e-17
3.519003596160710003e+03 1.119059739251148574e-16 5.001017229439464421e-17
3.521751089070612579e+03 1.619700554681686459e-16 5.003787189329839577e-17
3.524498581980515155e+03 2.254813073479515757e-16 4.965708574434788501e-17
3.527246074890417731e+03 3.040629456730683683e-16 5.247882584733918887e-17
3.529993567800320307e+03 2.759450803454800810e-16 5.233612722839386337e-17
3.532741060710222882e+03 1.414934309810201310e-16 4.970963879756917084e-17
3.535488553620125458e+03 1.971117426683782374e-16 5.412664599181065511e-17
3.538236046530028034e+03 2.747493686130915558e-16 5.641550101960748705e-17
3.540983539439930610e+03 2.366657261187602566e-16 5.349998367399986178e-17
3.543731032349833185e+03 -5.665372121003158727e-17 1.245226725766676036e-16
3.546478525259735761e+03 1.831596356816135089e-16 7.126492518321980986e-17
3.549226018169638337e+03 3.961544755623630842e-16 5.191231781352226879e-17
3.551973511079540913e+03 3.184055820502362675e-16 5.039273206652698335e-17
3.554721003989443489e+03 1.548388151173771127e-16 5.357530386542012604e-17
3.557468496899346064e+03 1.366213234009492370e-16 5.317943621131674368e-17
3.560215989809248640e+03 1.004392983153658816e-16 4.933671190146427860e-17
3.562963482719151216e+03 7.302704069426592269e-17 5.125908012011327950e-17
3.565710975629053792e+03 8.367701626340486017e-17 4.679360384245350246e-17
3.568458468538956367e+03 1.057553089191241713e-16 4.970506483834098956e-17
3.571205961448858943e+03 1.537026773318469754e-16 4.730159364715876360e-17
3.573953454358761519e+03 1.231740867119188999e-16 4.923975328640257562e-17
3.576700947268664095e+03 1.469206197076003395e-16 4.639761861688100108e-17
3.579448440178566671e+03 1.782653459630599171e-16 4.786500428568987210e-17
3.582195933088469246e+03 1.800714190066555270e-16 5.130311124071462993e-17
3.584943425998371822e+03 2.700794369403174319e-16 4.821320721207914355e-17
3.587690918908274398e+03 3.163027608341196582e-16 4.968575948557286342e-17
3.590438411818176974e+03 4.871135697319106397e-16 5.421945456414597043e-17
3.593185904728079549e+03 4.331830904097350504e-16 5.339364884445422312e-17
3.595933397637982125e+03 2.862794941606582897e-16 5.003707870674016610e-17
3.598680890547884701e+03 1.898383269284152508e-16 4.653284694436301735e-17
3.601428383457787277e+03 2.432384724304031048e-16 4.663351734293674056e-17
3.604175876367689852e+03 2.671034428018469885e-16 4.726493295098472507e-17
3.606923369277592428e+03 2.904087593570410353e-16 4.733687874377219312e-17
3.609670862187495004e+03 1.437963818385191030e-16 4.892003480757105313e-17
3.612418355097397580e+03 2.085571783494257714e-16 4.972292683476288038e-17
3.615165848007300156e+03 2.009615007084502835e-16 5.110782729731296614e-17
3.617913340917202731e+03 1.086211210641135664e-16 4.945163072642165592e-17
3.620660833827105307e+03 -1.925929872006657808e-17 5.872683116891718909e-17
3.623408326737007883e+03 1.155839702812691661e-16 5.003543067356822942e-17
3.626155819646910459e+03 2.324342299899017815e-16 4.611354704394531230e-17
3.628903312556813034e+03 1.933325586274039014e-16 4.755459966035097106e-17
3.631650805466715610e+03 1.783654421570273233e-16 4.531114264592727511e-17
3.634398298376618186e+03 2.043393222368931767e-16 4.408390466150562723e-17
3.637145791286520762e+03 3.058439922034263887e-16 4.798321693822138277e-17
3.639893284196423338e+03 2.910252176765626911e-16 4.644730292671817246e-17
3.642640777106325913e+03 3.594828944061464939e-16 4.763338247386975096e-17
3.645388270016228489e+03 4.143635303301801454e-16 4.512981491712375435e-17
3.648135762926131065e+03 3.548049385833039926e-16 4.571192415696388675e-17
3.650883255836033641e+03 3.849670589739459840e-16 5.660828731612601106e-17
3.653630748745936216e+03 4.434350769448253448e-16 4.768641024231278078e-17
3.656378241655838792e+03 4.628055688483870571e-16 4.615087094590774631e-17
3.659125734565741368e+03 2.746697775917625437e-16 4.638553710194832724e-17
3.661873227475643944e+03 3.536381006761710012e-16 4.828549306025769458e-17
3.664620720385546520e+03 4.459130382530004002e-16 4.463120905428550678e-17
3.667368213295449095e+03 2.682175108049292648e-16 4.205725967816406532e-17
3.670115706205351671e+03 2.542374696508119800e-16 4.900591581657726440e-17
3.672863199115254247e+03 4.430579015449892879e-16 4.955687837708773088e-17
3.675610692025156823e+03 4.166944760887965257e-16 4.856302482871590556e-17
3.678358184935059398e+03 7.830428556584462017e-16 5.809697098972071885e-17
3.681105677844961974e+03 5.079864241275240295e-16 5.816893836974644808e-17
3.683853170754864550e+03 3.160111261706802094e-16 4.496793077228258975e-17
3.686600663664767126e+03 4.459246606169232528e-16 5.495342233831984948e-17
3.689348156574669702e+03 4.709985507943077198e-16 4.754305379337879862e-17
3.692095649484572277e+03 3.305475466178349095e-16 4.670139733589614464e-17
3.694843142394474853e+03 3.459630185245467125e-16 5.217796675909504668e-17
3.697590635304377429e+03 3.425696408671954132e-16 4.443466988865971478e-17
3.700338128214280005e+03 4.213500643749591484e-16 4.209125330409899819e-17
3.703085621124182580e+03 3.412481061966162237e-16 4.091620744576216405e-17
3.705833114034085156e+03 3.966993054569224792e-16 4.464010780944261739e-17
3.708580606943987732e+03 2.949505364566807609e-16 4.213676355392381124e-17
3.711328099853890308e+03 3.515652095897366515e-16 4.332771853736446959e-17
3.714075592763792883e+03 4.250125563642254428e-16 4.279230763061739325e-17
3.716823085673695459e+03 3.485410199630265363e-16 4.105657056909116881e-17
3.719570578583598035e+03 3.606635063926657285e-16 6.375457395998235130e-17
3.722318071493500611e+03 4.231806680167062927e-16 4.621055532305896026e-17
3.725065564403403187e+03 3.605731195377897705e-16 4.014047509063785445e-17
3.727813057313305762e+03 4.479127686509960922e-16 4.240615919404569577e-17
3.730560550223208338e+03 3.758691221909980480e-16 4.183669667193007221e-17
3.733308043133110914e+03 2.607176656687958324e-16 5.713369846975931120e-17
3.736055536043013490e+03 4.319055745435455651e-16 4.711074724256375843e-17
3.738803028952916065e+03 5.479803179305503464e-16 4.514779500109217212e-17
3.741550521862818641e+03 4.983650400452517793e-16 4.267571422627872117e-17
3.744298014772721217e+03 4.411475791976498410e-16 3.928118951541360707e-17
3.747045507682623793e+03 5.041754222649484173e-16 3.952865531765900258e-17
3.749793000592526369e+03 4.572704151335204841e-16 3.876981176024973138e-17
3.752540493502428944e+03 3.091313329710956165e-16 6.193316229531007021e-17
3.755287986412331520e+03 3.750917124777725960e-16 4.737584863629853870e-17
3.758035479322234096e+03 2.902131692044662264e-16 3.867310084783950948e-17
3.760782972232136672e+03 2.352889778627481322e-16 3.831583970343400083e-17
3.763530465142039247e+03 9.824481771544137955e-17 6.061164012478486611e-17
3.766277958051941823e+03 1.430777576158457861e-16 4.633501978328934737e-17
3.769025450961844399e+03 2.417723831096387058e-16 4.570352137526954898e-17
3.771772943871746975e+03 2.338375722247112717e-16 3.774345515889305830e-17
3.774520436781649551e+03 2.672127339160675546e-16 4.953269759126836134e-17
3.777267929691552126e+03 2.593729384480987659e-16 3.878162715045014445e-17
3.780015422601454702e+03 2.379892474746103492e-16 6.256715175874303576e-17
3.782762915511357278e+03 1.572785615252031755e-16 5.266485544439591906e-17
3.785510408421259854e+03 3.190741850938482297e-16 5.117838097119146262e-17
3.788257901331162429e+03 4.367930862001717787e-16 4.236657679436670456e-17
3.791005394241065005e+03 4.080051454826477657e-16 3.669010909182473017e-17
3.793752887150967581e+03 5.187293639688801731e-16 3.784206603368371462e-17
3.796500380060870157e+03 5.563215091079858282e-16 3.856802164891278110e-17
3.799247872970772733e+03 3.246115690400167510e-16 5.848671284416199496e-17
3.801995365880675308e+03 4.349641287165791364e-16 4.666721443110318797e-17
3.804742858790577884e+03 4.890211113203324752e-16 3.528894586354556710e-17
3.807490351700480460e+03 5.566679215454599741e-16 3.538496128668905338e-17
3.810237844610383036e+03 7.737999972119233523e-16 7.180499603362360455e-17
3.812985337520285611e+03 6.602085396585503333e-16 4.741277428001263836e-17
3.815732830430188187e+03 4.872259820033824429e-16 3.424994234012662620e-17
3.818480323340090763e+03 5.829563335766582486e-16 3.474424197423073214e-17
3.821227816249993339e+03 5.293448589528219090e-16 3.337732155369490206e-17
3.823975309159895914e+03 5.219925813313326997e-16 3.348574109620765225e-17
3.826722802069798490e+03 5.393478835100990804e-16 3.808769130804083205e-17
3.829470294979701066e+03 4.962823826261880788e-16 3.635827399267234704e-17
3.832217787889603642e+03 5.406475671822552715e-16 3.484944813808076462e-17
3.834965280799506218e+03 6.382592628928638502e-16 3.735404855834897081e-17
3.837712773709408793e+03 6.478437516886946279e-16 3.411090788414157811e-17
3.840460266619311369e+03 6.156885736462151048e-16 3.528847474150591040e-17
3.843207759529213945e+03 7.609139283766421477e-16 3.852442055320221360e-17
3.845955252439116521e+03 7.904460846622791510e-16 5.434874180016121245e-17
3.848702745349019096e+03 7.189902399822364600e-16 6.638642846325910126e-17
3.851450238258921672e+03 4.773900984131286204e-16 4.546900323257420981e-17
3.854197731168824248e+03 4.352474130415851524e-16 3.190462836377648330e-17
3.856945224078726824e+03 2.089064688688842684e-16 6.358167290774077630e-17
3.859692716988629400e+03 3.907825582822802223e-16 4.695633039291744000e-17
3.862440209898531975e+03 5.106492994172502589e-16 3.503437966061170646e-17
3.865187702808434551e+03 3.724938855850586951e-16 3.160757125102393243e-17
3.867935195718337127e+03 4.677384888308946879e-16 3.148764066246836687e-17
3.870682688628239703e+03 5.699220648309712891e-16 3.249731640089826954e-17
3.873430181538142278e+03 5.201648072711584307e-16 3.175431837078834779e-17
3.876177674448044854e+03 4.688498676136986606e-16 3.046497991361212249e-17
3.878925167357947430e+03 5.071677123771446103e-16 4.037917440853832589e-17
3.881672660267850006e+03 5.630200386625666201e-16 3.379947439089833705e-17
3.884420153177752582e+03 6.753301070831125026e-16 3.877629155740609774e-17
3.887167646087655157e+03 6.262266262190975943e-16 3.334255838402960715e-17
3.889915138997557733e+03 6.059850031634386521e-16 4.125803171988561536e-17
3.892662631907460309e+03 6.967422334625009739e-16 3.549357862200743637e-17
3.895410124817362885e+03 6.877998450761267363e-16 3.105587733104362246e-17
3.898157617727265460e+03 7.783128546587544494e-16 3.235613169039799127e-17
3.900905110637168036e+03 7.300098457581508775e-16 3.181743344090571439e-17
3.903652603547070612e+03 8.614508454292055825e-16 4.678468509892454416e-17
3.906400096456973188e+03 7.458151848047033203e-16 3.862333173866630086e-17
3.909147589366875764e+03 5.925666418398911498e-16 3.592624746227113393e-17
3.911895082276778339e+03 5.398365412617267560e-16 3.161810504954561592e-17
3.914642575186680915e+03 5.661820054363512073e-16 3.351136074094684638e-17
3.917390068096583491e+03 4.999960110275070746e-16 3.115488440580364426e-17
3.920137561006486067e+03 4.531321446008765521e-16 2.880051280265544826e-17
3.922885053916388642e+03 3.735576632379088000e-16 3.251505849843037006e-17
3.925632546826291218e+03 3.529905778934129082e-16 2.930576430387772478e-17
3.928380039736193794e+03 3.883407963712630771e-16 2.801842938371253384e-17
3.931127532646096370e+03 4.088897372419307339e-16 2.798571010135786135e-17
3.933875025555998945e+03 3.090251503857220691e-16 2.621073475073259590e-17
3.936622518465901521e+03 2.613494416495794944e-16 2.538567131238773436e-17
3.939370011375804097e+03 4.203992137476642630e-16 2.706324096790395782e-17
3.942117504285706673e+03 4.859606592574297402e-16 2.743862235114962348e-17
3.944864997195609249e+03 4.802715637155771933e-16 3.121974461063378322e-17
3.947612490105511824e+03 4.338683300364220458e-16 3.893907739677835531e-17
3.950359983015414400e+03 4.323923394198287309e-16 3.488205662624311539e-17
3.953107475925316976e+03 4.215634564580522126e-16 2.887187866778506014e-17
3.955854968835219552e+03 3.935737672292724684e-16 2.881600687909528831e-17
3.958602461745122127e+03 4.796354598371869670e-16 2.850918005761289060e-17
3.961349954655024703e+03 4.147747475260105349e-16 3.190060153111171228e-17
3.964097447564927279e+03 2.896722671011025904e-16 3.774687563931796598e-17
3.966844940474829855e+03 4.309903908560763972e-16 3.033060997777558731e-17
3.969592433384732431e+03 4.285168018083811831e-16 3.369667693724893227e-17
3.972339926294635006e+03 4.118046394397385199e-16 3.195875341843539095e-17
3.975087419204537582e+03 4.000012547208851481e-16 2.654080468739362906e-17
3.977834912114440158e+03 4.126741863257869459e-16 2.577839721188467244e-17
3.980582405024342734e+03 3.863599839131185712e-16 2.563368768696236582e-17
3.983329897934245309e+03 3.734769526191119944e-16 3.101474512766807784e-17
3.986077390844147885e+03 4.724427856933639015e-16 3.470704413234135965e-17
3.988824883754050461e+03 4.114233311064574689e-16 3.485487486503431078e-17
3.991572376663953037e+03 3.915127953801307861e-16 2.844257545811801441e-17
3.994319869573855613e+03 5.145355755998291079e-16 2.606676951067158947e-17
3.997067362483758188e+03 5.267776655487354707e-16 2.588873066862058825e-17
3.999814855393660764e+03 5.279706964717894773e-16 2.679108241317165709e-17
4.002562348303563340e+03 5.465158666359461636e-16 2.920976926270618874e-17
4.005309841213465916e+03 5.637024516398478822e-16 2.720026395450015222e-17
4.008057334123368491e+03 5.841896856463766417e-16 2.669115074287390891e-17
4.010804827033271067e+03 6.062683580953151527e-16 2.668336910899608756e-17
4.013552319943173643e+03 6.286368123467934276e-16 2.605215504073061989e-17
4.016299812853076219e+03 5.778202450823444025e-16 2.986678539441060633e-17
4.019047305762978795e+03 5.241614867495993672e-16 2.678319359810594714e-17
4.021794798672881370e+03 5.341665478658914282e-16 2.615679107791064466e-17
4.024542291582783946e+03 6.566874381043793684e-16 2.806814203123520372e-17
4.027289784492686522e+03 6.267106983280122239e-16 2.762846876280959427e-17
4.030037277402589098e+03 5.731159323362943770e-16 2.697318629843499960e-17
4.032784770312491673e+03 5.450961335025179933e-16 2.512854037116528254e-17
4.035532263222394249e+03 5.467111042723796107e-16 2.545900747528772582e-17
4.038279756132296825e+03 5.227615260369881888e-16 3.015725703795395008e-17
4.041027249042199401e+03 5.907158663715196020e-16 2.977965304032812116e-17
4.043774741952101976e+03 5.633944412883949046e-16 2.625826094739476788e-17
4.046522234862004552e+03 5.992967804469016182e-16 2.731268379982745395e-17
4.049269727771907128e+03 5.844300185896927250e-16 2.786121500804545187e-17
4.052017220681809704e+03 4.909617585840867481e-16 2.571225761883540254e-17
4.054764713591712280e+03 5.071889294831469722e-16 2.708102418805689327e-17
4.057512206501614855e+03 5.030486899474789217e-16 2.695782357070963972e-17
4.060259699411517431e+03 5.159906944174757245e-16 2.534875328647217081e-17
4.063007192321420007e+03 5.090486194055786257e-16 3.018342551607923611e-17
4.065754685231322583e+03 4.517691035841301679e-16 2.688149140468822935e-17
4.068502178141225158e+03 4.333237052907879171e-16 4.141880891423339121e-17
4.071249671051127734e+03 4.177006786569179525e-16 3.691930510983315885e-17
4.073997163961030310e+03 4.677465028618468453e-16 2.710293322572760082e-17
4.076744656870932886e+03 4.372466732131870690e-16 2.327992618236290917e-17
4.079492149780835462e+03 4.202940196240693098e-16 2.698415689317175928e-17
4.082239642690738037e+03 4.488457723266700604e-16 2.585588409790523399e-17
4.084987135600640613e+03 4.991008102171518286e-16 2.445182602513563601e-17
4.087734628510543189e+03 5.377080173088956618e-16 2.432102954386403949e-17
4.090482121420445765e+03 5.028931916716177453e-16 2.411554907471471117e-17
4.093229614330348340e+03 4.796810498942303629e-16 2.343615288037667779e-17
4.095977107240250916e+03 4.925958510753074575e-16 2.606985693207321010e-17
4.098724600150153492e+03 5.603154119142242735e-16 2.582106323898298305e-17
4.101472093060056068e+03 6.499856069787629564e-16 2.479083313708308037e-17
4.104219585969958644e+03 6.228174060509589600e-16 2.426584330843430458e-17
4.106967078879861219e+03 5.527764785645807332e-16 2.632729978423537522e-17
4.109714571789763795e+03 5.247343926396484438e-16 2.506828728433569608e-17
4.112462064699666371e+03 5.631958734862655710e-16 2.488253560601156300e-17
4.115209557609568947e+03 5.839300483756422074e-16 3.240281450779432295e-17
4.117957050519471522e+03 4.755969826033504700e-16 3.544448410710532272e-17
4.120704543429374098e+03 3.994653490726471770e-16 2.328298702219160353e-17
4.123452036339276674e+03 4.094702856667448659e-16 2.230297360859954004e-17
4.126199529249179250e+03 4.782705117910544375e-16 2.261390942429599283e-17
4.128947022159081826e+03 4.347054266579667660e-16 2.208532141492608933e-17
4.131694515068984401e+03 4.064724999468501215e-16 2.538771349889172562e-17
4.134442007978886977e+03 4.136398379716672637e-16 2.617944047710242532e-17
4.137189500888789553e+03 4.667549884965487835e-16 2.814338023177841630e-17
4.139936993798692129e+03 3.905116010695453728e-16 2.471724454762203250e-17
4.142684486708594704e+03 3.625532822684060627e-16 2.335100115399690798e-17
4.145431979618497280e+03 3.994516326719540901e-16 2.494368320787211914e-17
4.148179472528399856e+03 4.118349484795156439e-16 2.434644984390093937e-17
4.150926965438302432e+03 3.026356792907462652e-16 2.393986923805723754e-17
4.153674458348205007e+03 2.205214257029529387e-16 2.324190282174773533e-17
4.156421951258107583e+03 2.417110691311092464e-16 2.197958537369124947e-17
4.159169444168010159e+03 2.708109611059671935e-16 2.189824425089919502e-17
4.161916937077912735e+03 2.894817481657315540e-16 2.109122659425915692e-17
4.164664429987815311e+03 3.101883798846265913e-16 2.125977131474838470e-17
4.167411922897717886e+03 2.761683841585046226e-16 2.155182710716411650e-17
4.170159415807620462e+03 3.120339173346717627e-16 2.407204717102531507e-17
4.172906908717523038e+03 3.728042169551727654e-16 2.679804063973586995e-17
4.175654401627425614e+03 3.202481227905515921e-16 2.814439120319787887e-17
4.178401894537328189e+03 2.199008874288874894e-16 2.893932086120906526e-17
4.181149387447230765e+03 2.631839881936928645e-16 2.442569290876264005e-17
4.183896880357133341e+03 2.814322188581813420e-16 2.129474057226161324e-17
4.186644373267035917e+03 3.156012209244701554e-16 2.366869861997579917e-17
4.189391866176938493e+03 3.372437968962693565e-16 2.298627243404044107e-17
4.192139359086841068e+03 4.057426524435532333e-16 2.251172561487189051e-17
4.194886851996743644e+03 4.272802782721848416e-16 2.307003320116701171e-17
4.197634344906646220e+03 3.682782114116629095e-16 2.381642684057464669e-17
4.200381837816548796e+03 3.807904670006240636e-16 3.255723651943889114e-17
4.203129330726451371e+03 4.318407784551211707e-16 2.817697014552661886e-17
4.205876823636353947e+03 4.346800844520971804e-16 2.201386091751493053e-17
4.208624316546256523e+03 4.266006667724628716e-16 2.194640234544889992e-17
4.211371809456159099e+03 4.523566782998208702e-16 2.208381613559774571e-17
4.214119302366061675e+03 4.360942990063288805e-16 2.293817775200965692e-17
4.216866795275964250e+03 5.608229652467251901e-16 2.483075659299329864e-17
4.219614288185866826e+03 5.844322248192930750e-16 2.333921691587954233e-17
4.222361781095769402e+03 5.160536227549367827e-16 2.341737510671699981e-17
4.225109274005671978e+03 4.550673644413170694e-16 2.281223210060530095e-17
4.227856766915574553e+03 4.602799669786001786e-16 2.323719442706673579e-17
4.230604259825477129e+03 4.914109952639601067e-16 2.384057965802432926e-17
4.233351752735379705e+03 4.962070046950718102e-16 2.252786039731159721e-17
4.236099245645282281e+03 4.719019953501642843e-16 2.160028539907884338e-17
4.238846738555184857e+03 6.132663686289467963e-16 2.428760158583750060e-17
4.241594231465087432e+03 5.752677185123371084e-16 2.336661459168297363e-17
4.244341724374990008e+03 4.248196262160008708e-16 2.150288724014707824e-17
4.247089217284892584e+03 4.049412367791071561e-16 2.804311517046994065e-17
4.249836710194795160e+03 3.944526577771379243e-16 2.744137898392511216e-17
4.252584203104697735e+03 4.232026800647759963e-16 2.228886111759884536e-17
4.255331696014600311e+03 4.318611408655123721e-16 2.065114714850769650e-17
4.258079188924502887e+03 3.861739193682291635e-16 2.080788735989849811e-17
4.260826681834405463e+03 3.701006288381109057e-16 2.123663705219203778e-17
4.263574174744308038e+03 3.159348174605789527e-16 2.047004436816233644e-17
4.266321667654210614e+03 3.249909339775384094e-16 2.010298877528120219e-17
4.269069160564113190e+03 3.348091723267447595e-16 1.990481898392289821e-17
4.271816653474015766e+03 3.595522989104628626e-16 2.014992204335918133e-17
4.274564146383918342e+03 3.228472410734660579e-16 2.150908492998840536e-17
4.277311639293820917e+03 3.033823678914139265e-16 2.105593848431323846e-17
4.280059132203723493e+03 3.164145951835035508e-16 2.015752251718150743e-17
4.282806625113626069e+03 2.291504939149424297e-16 2.532707928195566399e-17
4.285554118023528645e+03 3.333715954777908047e-16 2.540301801486247228e-17
4.288301610933431220e+03 3.679211046732917958e-16 2.173764566397996394e-17
4.291049103843333796e+03 3.237738963581797716e-16 2.199818723958288937e-17
4.293796596753236372e+03 3.285058351071498407e-16 2.350785305879606907e-17
4.296544089663138948e+03 3.486725622210770123e-16 2.215898162433609230e-17
4.299291582573041524e+03 4.017745936529855703e-16 2.185069414522240575e-17
4.302039075482944099e+03 4.396356919724056527e-16 2.205177691547177183e-17
4.304786568392846675e+03 3.636559687843807402e-16 3.047035095111853454e-17
4.307534061302749251e+03 3.755128930891253017e-16 2.858799199758994366e-17
4.310281554212651827e+03 4.321093986169849804e-16 2.553992194453275771e-17
4.313029047122554402e+03 4.610246820977208647e-16 2.378284041836375139e-17
4.315776540032456978e+03 4.793451301132804046e-16 2.137757024134110261e-17
4.318524032942359554e+03 4.579116057207838724e-16 2.082377126947530930e-17
4.321271525852262130e+03 4.871383180823914241e-16 2.172510968129696777e-17
4.324019018762164706e+03 5.013331212043562452e-16 2.269228325366193536e-17
4.326766511672067281e+03 5.111402755671740390e-16 2.227230788494685918e-17
4.329514004581969857e+03 5.608875489165032702e-16 2.179530289623980005e-17
4.332261497491872433e+03 5.644709529078946377e-16 2.093143485785814181e-17
4.335008990401775009e+03 5.156672896344514712e-16 2.044195155496650371e-17
4.337756483311677584e+03 5.404473861656928704e-16 2.106027884931245990e-17
4.340503976221580160e+03 5.901100505611358219e-16 2.169584569663591879e-17
4.343251469131482736e+03 5.479909718446027032e-16 2.136939381869929937e-17
4.345998962041385312e+03 4.894348472381963553e-16 2.074937948620218328e-17
4.348746454951287888e+03 4.550944565261860717e-16 2.311007283819371765e-17
4.351493947861190463e+03 4.202808844165587566e-16 2.558258915790553139e-17
4.354241440771093039e+03 4.242208701219703795e-16 2.301459972709526852e-17
4.356988933680995615e+03 3.807613328538147214e-16 2.025411664532974875e-17
4.359736426590898191e+03 3.292678882741365795e-16 2.014379349232283797e-17
4.362483919500800766e+03 3.210994636586805537e-16 2.055780633887223040e-17
4.365231412410703342e+03 3.599223883268770521e-16 2.019006554782495048e-17
4.367978905320605918e+03 3.968672930578226486e-16 1.977304550364345539e-17
4.370726398230508494e+03 3.474436340581551690e-16 2.144608029231008728e-17
4.373473891140411070e+03 3.415731217112756925e-16 2.117486502051180086e-17
4.376221384050313645e+03 3.300607524048433531e-16 2.305588706358426524e-17
4.378968876960216221e+03 3.279319148953737097e-16 2.191616713423988677e-17
4.381716369870118797e+03 3.704484111671376804e-16 2.084789623496429470e-17
4.384463862780021373e+03 3.428135979736098379e-16 2.205408608050247065e-17
4.387211355689923948e+03 3.476324306609014017e-16 2.085163808678615113e-17
4.389958848599826524e+03 3.764882972240706952e-16 1.996270985603027230e-17
4.392706341509729100e+03 3.737099968373874205e-16 2.742392572540098917e-17
4.395453834419631676e+03 4.603142318338371460e-16 2.735388347528336242e-17
4.398201327329534251e+03 4.239102195248342479e-16 1.976640501251715999e-17
4.400948820239436827e+03 3.765174956480329239e-16 1.926085125768139596e-17
4.403696313149339403e+03 3.485106330374464989e-16 1.854046924879696021e-17
4.406443806059241979e+03 3.524506450985805653e-16 1.929930012729893439e-17
4.409191298969144555e+03 3.825679484850675206e-16 1.992912353706004421e-17
4.411938791879047130e+03 3.830833374056173240e-16 2.077276417089820403e-17
4.414686284788949706e+03 3.724075843153225857e-16 2.571626574448901638e-17
4.417433777698852282e+03 3.736512229405997146e-16 2.476656834515880043e-17
4.420181270608754858e+03 3.816495224632326095e-16 1.954334813923339001e-17
4.422928763518657433e+03 3.911202703706853784e-16 2.024767160849792418e-17
4.425676256428560009e+03 3.831684619787458616e-16 1.991172209013207020e-17
4.428423749338462585e+03 3.597626229934731951e-16 1.833200999758784719e-17
4.431171242248365161e+03 3.377038743665236279e-16 1.955158602643720099e-17
4.433918735158267737e+03 3.623649530446968006e-16 1.942327157509497731e-17
4.436666228068170312e+03 3.386266138755615215e-16 1.869724945289746267e-17
4.439413720978072888e+03 3.220716630862734590e-16 1.949848460115165005e-17
4.442161213887975464e+03 4.401744086544535680e-16 2.198809817249671236e-17
4.444908706797878040e+03 6.041592599255608909e-16 2.329145933096230609e-17
4.447656199707780615e+03 5.787197660957118303e-16 2.373893826251338420e-17
4.450403692617683191e+03 4.063554144819186055e-16 2.121571794759654397e-17
4.453151185527585767e+03 3.898085837406296895e-16 2.004476162286195765e-17
4.455898678437488343e+03 4.218101874667700338e-16 2.037714807935413507e-17
4.458646171347390919e+03 4.076006109458159697e-16 1.923265801994402130e-17
4.461393664257293494e+03 4.175147349269989987e-16 2.002218819787046555e-17
4.464141157167196070e+03 4.541506838654152503e-16 2.200595396675588764e-17
4.466888650077098646e+03 5.042929132337154104e-16 2.161370352951088418e-17
4.469636142987001222e+03 5.021966102224612154e-16 1.961000847132562036e-17
4.472383635896903797e+03 5.025648692919229247e-16 1.922669967677281325e-17
4.475131128806806373e+03 5.344632641846780525e-16 3.753325915484370790e-17
4.477878621716708949e+03 4.836597354731316563e-16 3.664989115083648895e-17
4.480626114626611525e+03 5.061122627194455643e-16 2.183970264010706370e-17
4.483373607536514101e+03 4.906869763091314792e-16 2.070278012671879270e-17
4.486121100446416676e+03 4.137677350490487876e-16 1.895699193267070266e-17
4.488868593356319252e+03 3.809199149374408163e-16 1.838560078935762743e-17
4.491616086266221828e+03 3.454104881450260592e-16 1.789362192457121577e-17
4.494363579176124404e+03 3.227288559725135707e-16 1.819902115946558552e-17
4.497111072086026979e+03 3.336979872971161636e-16 1.856906543072166055e-17
4.499858564995929555e+03 3.635027613169207330e-16 1.841378994175910664e-17
4.502606057905832131e+03 2.565996686151487927e-16 3.126841025964176224e-17
4.505353550815734707e+03 2.387370477803010636e-16 3.043254803754744034e-17
4.508101043725637282e+03 2.630083118089862620e-16 1.805417908092800464e-17
4.510848536635539858e+03 3.121215157589516431e-16 2.166193602770912258e-17
4.513596029545442434e+03 3.418480236013607911e-16 2.120817291784608421e-17
4.516343522455345010e+03 2.440901032714529337e-16 1.751722115002420344e-17
4.519091015365247586e+03 2.204254655546809560e-16 1.710932746171430920e-17
4.521838508275150161e+03 2.588756072753589199e-16 1.733859372215971420e-17
4.524586001185052737e+03 2.716208503949420376e-16 1.736143459619015818e-17
4.527333494094955313e+03 2.302660954607850987e-16 1.686153896856835513e-17
4.530080987004857889e+03 2.279236247050399791e-16 2.041890356204490152e-17
4.532828479914760464e+03 2.700762131564021210e-16 2.053457325242534022e-17
4.535575972824663040e+03 2.889855164105322642e-16 2.456912518943904671e-17
4.538323465734565616e+03 2.746916201242671253e-16 2.428569852975677175e-17
4.541070958644468192e+03 2.591511561301446347e-16 1.780137088110656539e-17
4.543818451554370768e+03 1.770298683710661412e-16 3.029959069268054353e-17
4.546565944464273343e+03 1.575984184476640545e-16 2.994657248152435310e-17
4.549313437374175919e+03 2.031652841612690753e-16 2.603378472705733511e-17
4.552060930284078495e+03 2.870381047123438155e-16 2.458702553765881377e-17
4.554808423193981071e+03 2.685997536536413910e-16 1.771181659169002758e-17
4.557555916103883646e+03 2.761450991675187404e-16 1.761291580921755341e-17
4.560303409013786222e+03 3.751185806551606459e-16 2.278951633643946192e-17
4.563050901923688798e+03 3.378620829741558924e-16 2.349020255539404189e-17
4.565798394833591374e+03 2.395131574897403160e-16 1.855962362272321536e-17
4.568545887743493950e+03 2.265782444706872464e-16 2.075164868517645239e-17
4.571293380653396525e+03 2.198026573236984691e-16 2.032357166151329485e-17
4.574040873563299101e+03 2.636685866352724787e-16 1.719721120155407114e-17
4.576788366473201677e+03 3.094664717056060951e-16 1.821455497870595764e-17
4.579535859383104253e+03 2.793100647797850753e-16 1.884721264428516193e-17
4.582283352293006828e+03 2.235417899626690340e-16 1.766896143017610941e-17
4.585030845202909404e+03 2.472189673102934875e-16 1.783654387113774294e-17
4.587778338112811980e+03 2.836515396114411407e-16 1.803471421374644534e-17
4.590525831022714556e+03 2.740327472698350753e-16 1.682569915219355419e-17
4.593273323932617132e+03 3.069432256115359933e-16 1.763894020023371157e-17
4.596020816842519707e+03 2.986390582699131854e-16 2.124761736435683493e-17
4.598768309752422283e+03 2.726590197284988329e-16 2.479739164569018520e-17
4.601515802662324859e+03 3.193384165674251224e-16 3.595185486289382623e-17
4.604263295572227435e+03 3.592022217875442112e-16 3.333710628578578750e-17
4.607010788482130010e+03 3.949921150331517304e-16 1.914574202481825668e-17
4.609758281392032586e+03 4.102414310059671362e-16 2.226338329191364419e-17
4.612505774301935162e+03 4.054597584721642537e-16 2.172887110035572149e-17
4.615253267211837738e+03 4.034229105380518737e-16 1.875373804880775073e-17
4.618000760121740313e+03 3.744059810022189253e-16 1.810779053859300533e-17
4.620748253031642889e+03 3.583422438901457856e-16 1.814904954991047218e-17
4.623495745941545465e+03 3.915583961185454901e-16 1.823569104020679717e-17
4.626243238851448041e+03 3.782331810355198171e-16 1.824128368829129251e-17
4.628990731761350617e+03 3.608704473437292214e-16 1.812490129507615722e-17
4.631738224671253192e+03 3.955677638440154515e-16 1.965226692091070127e-17
4.634485717581155768e+03 3.827944760646917284e-16 1.981800076499881233e-17
4.637233210491058344e+03 4.091928680818405080e-16 1.845666873150465151e-17
4.639980703400960920e+03 4.446083981096578713e-16 1.845669152665070897e-17
4.642728196310863495e+03 4.333962382787094870e-16 2.002948092641520694e-17
4.645475689220766071e+03 4.840803794825551692e-16 2.072489941255385579e-17
4.648223182130668647e+03 4.767178928534335176e-16 1.946591701475206250e-17
4.650970675040571223e+03 4.088631481237455403e-16 1.844154471810638535e-17
4.653718167950473799e+03 3.668111432919048039e-16 1.775980135923813922e-17
4.656465660860376374e+03 3.619540320456630146e-16 2.330565521144484064e-17
4.659213153770278950e+03 3.566849414024850454e-16 2.384087624733967641e-17
4.661960646680181526e+03 3.646139436267873244e-16 1.852116425369783848e-17
4.664708139590084102e+03 4.140773336612194267e-16 1.985960083801385933e-17
4.667455632499986677e+03 3.920113200828506026e-16 2.249034435734501189e-17
4.670203125409889253e+03 3.677298328314972421e-16 2.081292560538275147e-17
4.672950618319791829e+03 3.671711388554204137e-16 1.844341170526303253e-17
4.675698111229694405e+03 3.744896596062573446e-16 1.848547578195216373e-17
4.678445604139596981e+03 4.166908100194259213e-16 2.112715195760080777e-17
4.681193097049499556e+03 4.100499227538646012e-16 2.128693178967997302e-17
4.683940589959402132e+03 4.248925657506411558e-16 1.891360591955920426e-17
4.686688082869304708e+03 5.098838886055640097e-16 2.684905744406538442e-17
4.689435575779207284e+03 5.190736839908982994e-16 2.701042937012825705e-17
4.692183068689109859e+03 4.699333063908677026e-16 1.894009169964854804e-17
4.694930561599012435e+03 5.110792449392219668e-16 1.917127662859771559e-17
4.697678054508915011e+03 5.482852676825214547e-16 1.960549025960582051e-17
4.700425547418817587e+03 5.482735491584552999e-16 1.887689953052871165e-17
4.703173040328720163e+03 5.912936888593368277e-16 2.019063069596683158e-17
4.705920533238622738e+03 6.364590836985515364e-16 2.180025057081853922e-17
4.708668026148525314e+03 6.289843491224162269e-16 2.084591232047928608e-17
4.711415519058427890e+03 5.865763970963196759e-16 2.003632955031310681e-17
4.714163011968330466e+03 5.908221329717814343e-16 2.113386063268152906e-17
4.716910504878233041e+03 6.832008428119962477e-16 2.132717402432827505e-17
4.719657997788135617e+03 7.236737342310740055e-16 2.171324143565039412e-17
4.722405490698038193e+03 6.994385557959873226e-16 2.155831892511611697e-17
4.725152983607940769e+03 6.375205900414059736e-16 2.095197629639741376e-17
4.727900476517843344e+03 6.218474231983041185e-16 2.181336184812009364e-17
4.730647969427745920e+03 6.266277170907105682e-16 2.105134727892687330e-17
4.733395462337648496e+03 5.320207081931565821e-16 2.094049349810124233e-17
4.736142955247551072e+03 5.081261368069072431e-16 2.102551024599395434e-17
4.738890448157453648e+03 5.312372305298020762e-16 1.951841687830267955e-17
4.741637941067356223e+03 4.819618302089945092e-16 2.090284918448757052e-17
4.744385433977258799e+03 4.488601925504311140e-16 2.058399495030867952e-17
4.747132926887161375e+03 4.384254999523528294e-16 1.976385016045147604e-17
4.749880419797063951e+03 4.736512159409153173e-16 2.401456459001719955e-17
4.752627912706966526e+03 5.164936210601602050e-16 2.379147497733986262e-17
4.755375405616869102e+03 4.958404426481218543e-16 2.391795764247055680e-17
4.758122898526771678e+03 4.877413736530884995e-16 2.367477051609259253e-17
4.760870391436674254e+03 4.618705895214794808e-16 2.200073319659479763e-17
4.763617884346576830e+03 4.417731589862370209e-16 2.106922949952877790e-17
4.766365377256479405e+03 4.416047897544254234e-16 1.820713217943993345e-17
4.769112870166381981e+03 4.435242805117017015e-16 2.062098782969993238e-17
4.771860363076284557e+03 5.151532655314183210e-16 2.115067919311647347e-17
4.774607855986187133e+03 5.844402999807729276e-16 2.009850782099847857e-17
4.777355348896089708e+03 5.700841662525511028e-16 2.150572209607681750e-17
4.780102841805992284e+03 5.379490037520118681e-16 2.145443248867043433e-17
4.782850334715894860e+03 5.348719781133057197e-16 2.049209749005915025e-17
4.785597827625797436e+03 5.873421298986023887e-16 3.189834277470810298e-17
4.788345320535700012e+03 5.690717239732247403e-16 3.130633719571728422e-17
4.791092813445602587e+03 5.011916276717686126e-16 2.126680781291280854e-17
4.793840306355505163e+03 5.635530528432746958e-16 2.152005118476074968e-17
4.796587799265407739e+03 5.660872755047630947e-16 1.919108799335447163e-17
4.799335292175310315e+03 4.907938991718218941e-16 1.882907547525190791e-17
4.802082785085212890e+03 4.863819463083736082e-16 1.990489509764211562e-17
4.804830277995115466e+03 5.105434225255750522e-16 2.042370842680008348e-17
4.807577770905018042e+03 5.616994791605335011e-16 3.314116830899523032e-17
4.810325263814920618e+03 6.055775878864196803e-16 3.282408588305682040e-17
4.813072756724823194e+03 5.456239283883094067e-16 1.975367371431069235e-17
4.815820249634725769e+03 4.443654753578911914e-16 2.092299218095611854e-17
4.818567742544628345e+03 3.855750457702335826e-16 1.996765051842436949e-17
4.821315235454530921e+03 3.962113602681020057e-16 1.780484310844400145e-17
4.824062728364433497e+03 3.978227358637497628e-16 1.819484482219374644e-17
4.826810221274336072e+03 3.423262212105825169e-16 1.931259343323526196e-17
4.829557714184238648e+03 3.039921653931967630e-16 2.227639504977952100e-17
4.832305207094141224e+03 2.829924765844751377e-16 2.054456744714879430e-17
4.835052700004043800e+03 2.355535526132319633e-16 1.795731307772979971e-17
4.837800192913946375e+03 2.247167663791242748e-16 1.817704702362368609e-17
4.840547685823848951e+03 2.581102173964548844e-16 2.436364660042904825e-17
4.843295178733751527e+03 3.216765112386835634e-16 2.537115801677335678e-17
4.846042671643654103e+03 3.230051900793588401e-16 1.882818866401841859e-17
4.848790164553556679e+03 3.192194932171435695e-16 1.961170855856449270e-17
4.851537657463459254e+03 3.295434705738396514e-16 1.920321233394649014e-17
4.854285150373361830e+03 3.290134987628740688e-16 1.819020146027555532e-17
4.857032643283264406e+03 3.195840028491272333e-16 1.905884075121712954e-17
4.859780136193166982e+03 3.215823705751789062e-16 1.898828361144017419e-17
4.862527629103069557e+03 3.126190579306110272e-16 1.773657552850155113e-17
4.865275122012972133e+03 3.172310848454482267e-16 1.791178514360422388e-17
4.868022614922874709e+03 3.904081082581266507e-16 1.887361013427836176e-17
4.870770107832777285e+03 4.014753272236177215e-16 1.950223146386316031e-17
4.873517600742679861e+03 3.443167997468528358e-16 2.177266393045576705e-17
4.876265093652582436e+03 3.537065897660965346e-16 2.103007810738021967e-17
4.879012586562485012e+03 3.584999432926388273e-16 1.868264134849414483e-17
4.881760079472387588e+03 3.847966660401339294e-16 1.826009120614334773e-17
4.884507572382290164e+03 3.988360821052016460e-16 1.852419602929209179e-17
4.887255065292192739e+03 3.928878675892236194e-16 2.308185051340684586e-17
4.890002558202095315e+03 4.383795593463251195e-16 2.464249823537359834e-17
4.892750051111997891e+03 4.051354852685887347e-16 2.448035135364884481e-17
4.895497544021900467e+03 3.903750302227362595e-16 2.156958671177204967e-17
4.898245036931803043e+03 4.467607349779536568e-16 1.805287205967332333e-17
4.900992529841705618e+03 4.619136462129343645e-16 2.559806782485850660e-17
4.903740022751608194e+03 4.896564589783509742e-16 2.775443410638359033e-17
4.906487515661510770e+03 4.792521567472472834e-16 1.991336996222924733e-17
4.909235008571413346e+03 4.378401562726748232e-16 2.107015673946514751e-17
4.911982501481315921e+03 3.803169408234842509e-16 1.962424158573313325e-17
4.914729994391218497e+03 3.472260066426886508e-16 1.747682414604089487e-17
4.917477487301121073e+03 3.631933257040178636e-16 1.743637920264360945e-17
4.920224980211023649e+03 3.659385502575554444e-16 1.966758557062855204e-17
4.922972473120926225e+03 3.251988732862116093e-16 2.121970549836577376e-17
4.925719966030828800e+03 3.186190570469727232e-16 2.021300268285673271e-17
4.928467458940731376e+03 3.074918188318958029e-16 1.876351006194052790e-17
4.931214951850633952e+03 2.878226369436986219e-16 1.810224734120656126e-17
4.933962444760536528e+03 3.034815557812044373e-16 1.810029789602930993e-17
4.936709937670439103e+03 3.234765966915221000e-16 1.763205599563230853e-17
4.939457430580341679e+03 3.444371804436321479e-16 1.772520519488120965e-17
4.942204923490244255e+03 3.026168410610862544e-16 1.746962150571464644e-17
4.944952416400146831e+03 2.628246492022609090e-16 1.691178582191934406e-17
4.947699909310049406e+03 2.592371156664536295e-16 1.694770651852362065e-17
4.950447402219951982e+03 2.591260326804757523e-16 1.840872384800038293e-17
4.953194895129854558e+03 2.795970754982202721e-16 1.808931771014893793e-17
4.955942388039757134e+03 3.248742969233063481e-16 1.711250384114001368e-17
4.958689880949659710e+03 2.833502570280185174e-16 1.883402940376736078e-17
4.961437373859562285e+03 2.950425201955638917e-16 2.094122229114518316e-17
4.964184866769464861e+03 3.542735830615650142e-16 1.960333234491081948e-17
4.966932359679367437e+03 3.499436222276116653e-16 1.759762857694136525e-17
4.969679852589270013e+03 3.281465517727860077e-16 1.728013253083234011e-17
4.972427345499172588e+03 3.205651574336228618e-16 1.795102531821707635e-17
4.975174838409075164e+03 3.882986893373279554e-16 1.839182760373279845e-17
4.977922331318977740e+03 4.431697846364286522e-16 1.924641457688857083e-17
4.980669824228880316e+03 4.485371028217678006e-16 1.902494032750678761e-17
4.983417317138782892e+03 4.110954276342517994e-16 1.763493728668648096e-17
4.986164810048685467e+03 3.578256930333618990e-16 1.687826334384519862e-17
4.988912302958588043e+03 3.343515627922774169e-16 2.526510525216441923e-17
4.991659795868490619e+03 3.281197399302625685e-16 2.742139540394123593e-17
4.994407288778393195e+03 3.467208670808174421e-16 2.190960615623574450e-17
4.997154781688295770e+03 4.018895532237246508e-16 2.213938798967441850e-17
4.999902274598198346e+03 4.332323387445230512e-16 3.259603063858832823e-17
5.002649767508100922e+03 4.085037675491333571e-16 2.683213930391554022e-17
5.005397260418003498e+03 3.861942361324803799e-16 1.773331909205992840e-17
5.008144753327906074e+03 3.135272776948958132e-16 1.767792067609761145e-17
5.010892246237808649e+03 2.706313314901043893e-16 2.463704603509461113e-17
5.013639739147711225e+03 3.182320517586739511e-16 2.492507440167453491e-17
5.016387232057613801e+03 3.075968273445082562e-16 1.887100795285185129e-17
5.019134724967516377e+03 3.033223483029741078e-16 1.823674395075252407e-17
5.021882217877418952e+03 3.060612911731136243e-16 1.806066011569513770e-17
5.024629710787321528e+03 3.198049232398318107e-16 1.779403643966109029e-17
5.027377203697224104e+03 3.095802979601032602e-16 1.701066927101112987e-17
5.030124696607126680e+03 2.577925287778606269e-16 1.744605130680659279e-17
5.032872189517029256e+03 2.462173716771353097e-16 1.655239388387328805e-17
5.035619682426931831e+03 2.674205468672859411e-16 1.743987410063571860e-17
5.038367175336834407e+03 2.848325661827398132e-16 1.779919096427947204e-17
5.041114668246736983e+03 3.000567476035060277e-16 1.744413710153079262e-17
5.043862161156639559e+03 3.358718244027647382e-16 1.735500431710788910e-17
5.046609654066542134e+03 4.034283393540218547e-16 1.865345337509152443e-17
5.049357146976444710e+03 4.120887931204714721e-16 1.848485591058272353e-17
5.052104639886347286e+03 3.773921453214353912e-16 1.777416867498754162e-17
5.054852132796249862e+03 3.105838974700341308e-16 1.704584349642026803e-17
5.057599625706152437e+03 3.646934880759195680e-16 1.925958442958943511e-17
5.060347118616055013e+03 3.871779988554440076e-16 2.000510514635941662e-17
5.063094611525957589e+03 3.546513726043810432e-16 1.820761993111830006e-17
5.065842104435860165e+03 3.286102803905057986e-16 1.742911703859925543e-17
5.068589597345762741e+03 3.481038578411270443e-16 1.700135597874202228e-17
5.071337090255665316e+03 3.640927975595313438e-16 1.693940912056319720e-17
5.074084583165567892e+03 3.651317652954997089e-16 1.704278894880163063e-17
5.076832076075470468e+03 3.047247502633704154e-16 2.754392505952464166e-17
5.079579568985373044e+03 2.954329980055951073e-16 2.507433157197278005e-17
5.082327061895275619e+03 3.417188376661928979e-16 1.829448222176984116e-17
5.085074554805178195e+03 4.303278339350974638e-16 1.800932088813512858e-17
5.087822047715080771e+03 4.263614638028734245e-16 1.791862079779851034e-17
5.090569540624983347e+03 3.662387311141553348e-16 1.754583426727104190e-17
5.093317033534885923e+03 3.513888642578078927e-16 1.729929459082333911e-17
5.096064526444788498e+03 3.430104140442973805e-16 3.407956740444307966e-17
5.098812019354691074e+03 3.639904548630065543e-16 3.138697865225909097e-17
5.101559512264593650e+03 4.027849517775994478e-16 2.086797545235868603e-17
5.104307005174496226e+03 3.924666591211011294e-16 1.947812682127547485e-17
5.107054498084398801e+03 3.954385660139265546e-16 1.889492545785969617e-17
5.109801990994301377e+03 3.608006162078628005e-16 1.789719993470845480e-17
5.112549483904203953e+03 3.548820559506813575e-16 1.762223672946602332e-17
5.115296976814106529e+03 3.626508655109333538e-16 1.675886833573912853e-17
5.118044469724009105e+03 3.409024313678343067e-16 2.013131555241630760e-17
5.120791962633911680e+03 2.813753082902525600e-16 1.809247853128428248e-17
5.123539455543814256e+03 2.691001665508412216e-16 1.907447764165545297e-17
5.126286948453716832e+03 2.935601275884085372e-16 1.779649295738151955e-17
5.129034441363619408e+03 3.715320145344895081e-16 1.720807848951927012e-17
5.131781934273521983e+03 3.484185082081333886e-16 1.743633752801692159e-17
5.134529427183424559e+03 3.092588256111072569e-16 1.671934116198815272e-17
5.137276920093327135e+03 3.147731065019245720e-16 1.761100018669006820e-17
5.140024413003229711e+03 2.686016184870328432e-16 1.661843520912823157e-17
5.142771905913132287e+03 2.503380160707223895e-16 1.567070866257203972e-17
5.145519398823034862e+03 2.967378298540793813e-16 1.987003238297716561e-17
5.148266891732937438e+03 2.942494810999911900e-16 1.808337585027972508e-17
5.151014384642840014e+03 1.989047335453042506e-16 2.765957089576762433e-17
5.153761877552742590e+03 2.635696425752891082e-16 2.283995952052784857e-17
5.156509370462645165e+03 2.829811294942332778e-16 2.019958093883405501e-17
5.159256863372547741e+03 2.854727682327595601e-16 2.093499131558094367e-17
5.162004356282450317e+03 2.757148317910558962e-16 2.274684447024548902e-17
5.164751849192352893e+03 2.504677464518579360e-16 1.893073029156401181e-17
5.167499342102255468e+03 2.454447643492613231e-16 2.549300376036531563e-17
5.170246835012158044e+03 2.376103383482654524e-16 2.037134661601160883e-17
5.172994327922060620e+03 2.213662173616918540e-16 1.746025069262667484e-17
5.175741820831963196e+03 2.746024459164534065e-16 2.219944649762320710e-17
5.178489313741865772e+03 2.836789189177892888e-16 1.840107055118732256e-17
5.181236806651768347e+03 2.513502962279092597e-16 1.588653965107407803e-17
5.183984299561670923e+03 2.548479721749116632e-16 1.656315980402959859e-17
5.186731792471573499e+03 2.371515708970711558e-16 1.659740223356764682e-17
5.189479285381476075e+03 2.085221240359379157e-16 1.578934879708925225e-17
5.192226778291378650e+03 2.539336880143700905e-16 1.582283338108030640e-17
5.194974271201281226e+03 2.788608044653286288e-16 1.871708096062443816e-17
5.197721764111183802e+03 2.278859851817892233e-16 1.698585268893417509e-17
5.200469257021086378e+03 2.341633049986837257e-16 1.606530838942447023e-17
5.203216749930988954e+03 3.014384610393987452e-16 2.204837750451909592e-17
5.205964242840891529e+03 2.882130755536682799e-16 1.950574586554517145e-17
5.208711735750794105e+03 2.817865464107851565e-16 1.788142931029941154e-17
5.211459228660696681e+03 3.259303799436380908e-16 1.750758352427755983e-17
5.214206721570599257e+03 3.090486114663256937e-16 2.006606207253011334e-17
5.216954214480501832e+03 3.016133859344001375e-16 1.852685523304158623e-17
5.219701707390404408e+03 3.340365409131617006e-16 2.693630520215605588e-17
5.222449200300306984e+03 3.064188676384537310e-16 2.040186181983397696e-17
5.225196693210209560e+03 2.764991869110814672e-16 1.632843965832708777e-17
5.227944186120112136e+03 2.449484249204910585e-16 1.618323984915838189e-17
5.230691679030014711e+03 2.938514534245008216e-16 1.752151425103759391e-17
5.233439171939917287e+03 3.146298618224857484e-16 1.757828300354814124e-17
5.236186664849819863e+03 3.225480146517009968e-16 1.741744786356220384e-17
5.238934157759722439e+03 3.231335665238242064e-16 1.724414547586362108e-17
5.241681650669625014e+03 3.226835507729345443e-16 1.801066240404083309e-17
5.244429143579527590e+03 3.033795453233269624e-16 1.916610313146869125e-17
5.247176636489430166e+03 3.174176278940552722e-16 2.057767989617346957e-17
5.249924129399332742e+03 2.815738297189649584e-16 1.731579396456573150e-17
5.252671622309235318e+03 2.756302128039822894e-16 1.728449208333052518e-17
5.255419115219137893e+03 3.127684301845108568e-16 1.949762097077681486e-17
5.258166608129040469e+03 3.142546354004853369e-16 2.190619789400895925e-17
5.260914101038943045e+03 2.956448563791082013e-16 1.868420634675934899e-17
5.263661593948845621e+03 3.210295201345231188e-16 1.778975069727939308e-17
5.266409086858748196e+03 2.980158846607068920e-16 1.826060557200020316e-17
5.269156579768650772e+03 2.858126366526778676e-16 1.689797153117713093e-17
5.271904072678553348e+03 3.013600867791031241e-16 2.055712750067967247e-17
5.274651565588455924e+03 2.821353496606903495e-16 1.889515094572724972e-17
5.277399058498358499e+03 2.494094516753359464e-16 1.711068097780440100e-17
5.280146551408261075e+03 3.288975311225098034e-16 1.785183051853784971e-17
5.282894044318163651e+03 2.876290235153678980e-16 1.671126272652213195e-17
5.285641537228066227e+03 2.809937206256108515e-16 2.024560520633620116e-17
5.288389030137968803e+03 3.179840091529728893e-16 1.814804531508446892e-17
5.291136523047871378e+03 3.633224560421029133e-16 1.881584061098122379e-17
5.293884015957773954e+03 2.846071490119848231e-16 2.543757915692279085e-17
5.296631508867676530e+03 2.983117614218662049e-16 1.916687289467474797e-17
5.299379001777579106e+03 3.294937824659035729e-16 2.106110737505614050e-17
5.302126494687481681e+03 3.330088367333107936e-16 1.622086139653120025e-17
5.304000000000000000e+03 3.319973649155019057e-16 1.292571124704960013e-17
5.304873987597384257e+03 3.265841526485025383e-16 1.627659414159187501e-17
5.307621480507286833e+03 3.127044222810902364e-16 1.514540761717857110e-17
5.308880781826789644e+03 3.014402251085209149e-16 1.373501751960264001e-17
5.310368973417189409e+03 2.740464279873226091e-16 1.787545996015586945e-17
5.313116466327091985e+03 3.195213829260226170e-16 1.667125875475500061e-17
5.313761563653579287e+03 3.275303012906940448e-16 1.423938663633287637e-17
5.315863959236994560e+03 3.082752196281434183e-16 1.451231047225735016e-17
5.318611452146897136e+03 3.241936904521153388e-16 1.761249615668960167e-17
5.318642345480368931e+03 3.248936709830794163e-16 1.748658623908448236e-17
5.321358945056799712e+03 3.081442243733570911e-16 1.536616792416734753e-17
5.323523127307158575e+03 3.537974306855617582e-16 1.449157095412232832e-17
5.324106437966702288e+03 3.503368959980545467e-16 1.678330646711467513e-17
5.326853930876604863e+03 3.310401016094944977e-16 1.429811407554933708e-17
5.328403909133948218e+03 3.193652405287073680e-16 1.150324151622313822e-17
5.329601423786507439e+03 3.015407056323844640e-16 1.434813189917629294e-17
5.332348916696410015e+03 3.283592180415282292e-16 1.544777117601016355e-17
5.333284690960737862e+03 3.277297582845947424e-16 1.280105115352249303e-17
5.335096409606312591e+03 3.298913669165465652e-16 1.589687345028698451e-17
5.337843902516215167e+03 3.368440321829673832e-16 1.650638341589936769e-17
5.338165472787527506e+03 3.392655773305315718e-16 1.508595505028957465e-17
5.340591395426117742e+03 3.464328049623651507e-16 1.398227736102976795e-17
5.343046254614317149e+03 3.477289269243082716e-16 1.459275627258591361e-17
5.343338888336020318e+03 3.463842915071356575e-16 1.578121962843640627e-17
5.346086381245922894e+03 3.557856649528322813e-16 1.479472149533051182e-17
5.347927036441106793e+03 3.469435878776397140e-16 1.268143143831517888e-17
5.348833874155825470e+03 3.495513901501122691e-16 1.590484917608700855e-17
5.351581367065728045e+03 3.686830621887026661e-16 1.615511641092000857e-17
5.352807818267896437e+03 3.558746996749401454e-16 1.228302447845138117e-17
5.354328859975630621e+03 3.482915164614498354e-16 1.530296117128959146e-17
5.357076352885533197e+03 3.683598920282534910e-16 1.764771718853593969e-17
5.357688600094686080e+03 3.801858734165395462e-16 1.507096277548817158e-17
5.359823845795435773e+03 4.029502450823077997e-16 1.497945587645132233e-17
5.362569381921475724e+03 3.795794623839759603e-16 1.655859497376264497e-17
5.362571338705338349e+03 3.795541886634160665e-16 1.656765244070827233e-17
5.365318831615240924e+03 3.961104327699517146e-16 1.573874714820862101e-17
5.367450163748265368e+03 3.607179320617022248e-16 1.669728044213154214e-17
5.368066324525143500e+03 3.503216960810241513e-16 1.952517615713343259e-17
5.370813817435046076e+03 3.160976699459914017e-16 1.955107824343025635e-17
5.372330945575055011e+03 3.688971153012870480e-16 1.605191305319425429e-17
5.373561310344948652e+03 3.864529947456494039e-16 2.001711784956825447e-17
5.376308803254851227e+03 4.291079977752463897e-16 1.767571046069787208e-17
5.377211727401844655e+03 4.369702503002223987e-16 1.398337927391144369e-17
5.379056296164753803e+03 4.510791006585773610e-16 1.704720716988516272e-17
5.381803789074656379e+03 4.587534911738619776e-16 1.849353995942310583e-17
5.382092509228634299e+03 4.552588483693815516e-16 1.703078597841193793e-17
5.384551281984558955e+03 4.714057281359327072e-16 1.599045210100991349e-17
5.386973291055423942e+03 4.177630675892143487e-16 1.534967442575188640e-17
5.387298774894461530e+03 4.148263150027745724e-16 1.685658761898105157e-17
5.390046267804364106e+03 4.364342650461577259e-16 1.947643893257960220e-17
5.391854072882213586e+03 4.334483850785718454e-16 1.601187627396200585e-17
5.392793760714266682e+03 4.400491517718787973e-16 2.120127892382284940e-17
5.395541253624169258e+03 4.226717313179418357e-16 2.215947299360745556e-17
5.396734854709003230e+03 4.154306741974254920e-16 1.659066169809692798e-17
5.398288746534071834e+03 4.240375135597199335e-16 1.690630790553441185e-17
5.401036239443974409e+03 3.789888578361321328e-16 1.753785028985657605e-17
5.401615636535792873e+03 3.873393995102485343e-16 1.510689092157276215e-17
5.403783732353876985e+03 4.178411976146995699e-16 1.733965563978160069e-17
5.406496418362582517e+03 4.065441095808589675e-16 1.700023268182347787e-17
5.406531225263779561e+03 4.064497677117722445e-16 1.716579303203652606e-17
5.409278718173682137e+03 4.240301833810758619e-16 1.782365730775680693e-17
5.411377200189372161e+03 4.102422531727464225e-16 1.833575890786932998e-17
5.412026211083584712e+03 4.107303970741512368e-16 2.123922656306522658e-17
5.414773703993487288e+03 3.567652477115361035e-16 1.843625836318746852e-17
5.416257982016161804e+03 3.451119531132940382e-16 1.627259880835628535e-17
5.417521196903389864e+03 3.313243751384528581e-16 1.972838052415050361e-17
5.420268689813292440e+03 3.535814231401376084e-16 2.310418871767171551e-17
5.421138763842951448e+03 3.366384489614766153e-16 1.944327558833710717e-17
5.423016182723195016e+03 3.624495059818380681e-16 1.755348408760179862e-17
5.425763675633097591e+03 3.706369734253668719e-16 1.842963981965571496e-17
5.426019545669741092e+03 3.712975564984255961e-16 1.720080974548492499e-17
5.428511168543000167e+03 3.901756496609541462e-16 1.574836843208916108e-17
5.430900327496530736e+03 4.068403855310859612e-16 2.304151001923056454e-17
5.431258661452902743e+03 4.082560503910489736e-16 2.422802145932515339e-17
5.434006154362805319e+03 3.963498315335255848e-16 1.614018030115077554e-17
5.435781109323320379e+03 3.882481371280629182e-16 1.704265932723222331e-17
5.436753647272707894e+03 3.757364021576279819e-16 2.086587404034797312e-17
5.439501140182610470e+03 3.617683662111664068e-16 1.794049960113207632e-17
5.440661891150110023e+03 3.728862598381580497e-16 1.422373457908914378e-17
5.442248633092513046e+03 3.553402598191320662e-16 1.534696150104326816e-17
5.444996126002415622e+03 3.889435240746029721e-16 1.857265921115549529e-17
5.445542672976899667e+03 3.895888285493669843e-16 1.583045131502346726e-17
5.447743618912318198e+03 -6.549489489075282773e-18 1.664751934946833171e-17
5.450423454803689310e+03 -1.038689039712157522e-16 1.753063138738024866e-17
5.450491111822220773e+03 -1.229613590056869349e-16 1.788466374675390097e-17
5.453238604732123349e+03 -1.203438831381526927e-16 1.571340860120261231e-17
5.455304236630478954e+03 3.281311804239246836e-16 1.425713877837088649e-17
5.455986097642025925e+03 3.060652537530105183e-16 1.683326036922771400e-17
5.458733590551928501e+03 3.599867927945698264e-16 1.562687141255248111e-17
5.460185018457268598e+03 3.835411476773520112e-16 1.309794450790069704e-17
5.461481083461831076e+03 3.820650116809362975e-16 1.605438615671261813e-17
5.464228576371733652e+03 4.215735793920026262e-16 1.667898616529084466e-17
5.465065800284058241e+03 4.025956455033292686e-16 1.409636866118718680e-17
5.466976069281636228e+03 4.386502863873255830e-16 1.608584818396288619e-17
5.469723562191538804e+03 4.139533203225745379e-16 1.684153377777542365e-17
5.469946582110847885e+03 4.111267177793588551e-16 1.601976400927347664e-17
5.472471055101441380e+03 4.145890191846105672e-16 1.549171782311446748e-17
5.474827363937637529e+03 3.912556442577540854e-16 1.507921188197206672e-17
5.475218548011343955e+03 3.913615221608395930e-16 1.637854537910148384e-17
5.477966040921246531e+03 3.922940080400895056e-16 1.487595450945602474e-17
5.479708145764427172e+03 3.756226625368847118e-16 1.362162784396916643e-17
5.480713533831149107e+03 3.782101535645503958e-16 1.665222792853097392e-17
5.483461026741051683e+03 3.890211724246402109e-16 1.846974204059117447e-17
5.484588927591216816e+03 3.901053750944452744e-16 1.496643667050470637e-17
5.486208519650954258e+03 4.232038388219593030e-16 1.619390432817962670e-17
5.488956012560856834e+03 3.701882801193107453e-16 2.169791760361603774e-17
5.489469709418006460e+03 3.625005857174553527e-16 2.000436101731142951e-17
5.491703505470759410e+03 3.621536658315790136e-16 1.470345738255344890e-17
5.494350491244796103e+03 3.552672720829183437e-16 1.699068685087914733e-17
5.494450998380661986e+03 3.564161767003438580e-16 1.740116674514615421e-17
5.497198491290564561e+03 4.208253239555287657e-16 1.479201134916444172e-17
5.499231273071585747e+03 4.347491581452893229e-16 1.465527268960225449e-17
5.499945984200467137e+03 4.612326964645780649e-16 1.737237769772519051e-17
5.502693477110369713e+03 3.662910217801002751e-16 1.467865735959946697e-17
5.504112054898375391e+03 3.519621917617936320e-16 1.283151680403672449e-17
5.505440970020272289e+03 3.623471912262032948e-16 1.544040908022433771e-17
5.508188462930174865e+03 3.494107467481073901e-16 1.607291308236766189e-17
5.508992836725165034e+03 3.416013769189628413e-16 1.391424437252655204e-17
5.510935955840077440e+03 3.567869743248590423e-16 1.509857524749758304e-17
5.513683448749980016e+03 3.487727247411624582e-16 1.644711363876216902e-17
5.513873618551954678e+03 3.446317640795807309e-16 1.578987830535990376e-17
5.516430941659882592e+03 3.533613685163405211e-16 1.607365998949844530e-17
5.518754400378744322e+03 3.308361110402726291e-16 1.620553066121000635e-17
5.519178434569785168e+03 3.388112924399985406e-16 1.795876790020998964e-17
5.521925927479687743e+03 3.574312928366765022e-16 1.477618256099743697e-17
5.523635182205533965e+03 3.538678783884508049e-16 1.354411810765099815e-17
5.524673420389590319e+03 3.494800829751618820e-16 1.652285387728718365e-17
5.527420913299492895e+03 3.621777415098474420e-16 1.749185838809603880e-17
5.528515964032323609e+03 3.606885942622203591e-16 1.408201220958839230e-17
5.530168406209395471e+03 3.188073566442058051e-16 1.553225371354326552e-17
5.532915899119298047e+03 2.497413416676863152e-16 1.706339038555372432e-17
5.533396745859113253e+03 2.550828999034691775e-16 1.553094790835380930e-17
5.535663392029200622e+03 2.570888760304227440e-16 1.434859770716650452e-17
5.538277527685902896e+03 2.844524915836858087e-16 1.833615825181057781e-17
5.538410884939103198e+03 2.834086270065410817e-16 1.873085455772234305e-17
5.541158377849005774e+03 3.273152648316143624e-16 1.410729705941066665e-17
5.543158309512692540e+03 3.495402236389627642e-16 1.526987341155499122e-17
5.543905870758908350e+03 3.487918233110592153e-16 1.773074295894806652e-17
5.546653363668810925e+03 3.674826156294932828e-16 1.695276631325926862e-17
5.548039091339482184e+03 3.603745227367207402e-16 1.513888132025593595e-17
5.549400856578713501e+03 4.106547683521683798e-16 1.769518593810839112e-17
5.552148349488616077e+03 3.416125270950406523e-16 1.898250073469327399e-17
5.552919873166271827e+03 3.439846264607713333e-16 1.555505802516774152e-17
5.554895842398518653e+03 3.839736225769956287e-16 1.660479804831398707e-17
5.557643335308421229e+03 3.526256966477811972e-16 1.664401304206153037e-17
5.557800654993061471e+03 3.527080135611470236e-16 1.611210137232118076e-17
5.560390828218323804e+03 3.540592285575226420e-16 1.456936747957094169e-17
5.562681436819851115e+03 3.735918584981002287e-16 1.618051343994481726e-17
5.563138321128226380e+03 3.698582644477212172e-16 1.784301204487139749e-17
5.565885814038128956e+03 4.340169241565171938e-16 1.599214145093687340e-17
5.567562218646640758e+03 4.435961505904179677e-16 1.468084589898521053e-17
5.568633306948031532e+03 4.504415227442228567e-16 1.777745533271390580e-17
5.571380799857934107e+03 4.045882236691348127e-16 1.803845214507797339e-17
5.572443000473430402e+03 4.054296410715028934e-16 1.522782653686128083e-17
5.574128292767836683e+03 4.169331549438571406e-16 1.680984957714468413e-17
5.576875785677739259e+03 4.672198211116243899e-16 2.012791000721454621e-17
5.577323782300220046e+03 4.626310373633928546e-16 1.863410856227765780e-17
5.579623278587641835e+03 4.308314865253667100e-16 1.510547931115178398e-17
5.582204564127009689e+03 4.235586902380368188e-16 1.701898117755891427e-17
5.582370771497544411e+03 4.209838163957187734e-16 1.755080153076517383e-17
5.585118264407446986e+03 3.352818688610504205e-16 1.522988380817687935e-17
5.587085345953799333e+03 3.010145057042456747e-16 1.755430648629946418e-17
5.587865757317349562e+03 2.897867829084123799e-16 1.987897757175015773e-17
5.590613250227252138e+03 3.928277420088913180e-16 1.808318325135306160e-17
5.591966127780588977e+03 3.887520763988026620e-16 1.567959713341739873e-17
5.593360743137154714e+03 3.649161932929349938e-16 1.639684137576952158e-17
5.596108236047057289e+03 3.667628968552145193e-16 1.713844779511483559e-17
5.596846909607378620e+03 3.798667660462130084e-16 1.484796322768478563e-17
5.598855728956959865e+03 4.099011097663123439e-16 1.477640195937792199e-17
5.601603221866862441e+03 4.197414468475633473e-16 1.833887281939586362e-17
5.601727691434168264e+03 4.211119020669601368e-16 1.791152990778406124e-17
5.604350714776765017e+03 4.415547841357143509e-16 1.499204450686795158e-17
5.606608473260957908e+03 4.540991946221967335e-16 1.684148812163615836e-17
5.607098207686667592e+03 4.556180412723347759e-16 1.852338409771634486e-17
5.609845700596570168e+03 5.069125864311770087e-16 1.719826841754680947e-17
5.611489255087747551e+03 4.824147424014515688e-16 1.778427676603976125e-17
5.612593193506472744e+03 4.715791812918161485e-16 2.086799721424825563e-17
5.615340686416375320e+03 3.829941657889151165e-16 1.815191844405154473e-17
5.616370036914537195e+03 3.878701092927987311e-16 1.512070135587352412e-17
5.618088179326277896e+03 3.751226104654924165e-16 1.520522280384309466e-17
5.620835672236180471e+03 4.113002300841191529e-16 1.778527224833828348e-17
5.621250818741326839e+03 4.092598368010454221e-16 1.639349770555366357e-17
5.623583165146083047e+03 3.927178671295886254e-16 1.444858367926807359e-17
5.626131600568116482e+03 3.881214255291976980e-16 1.747238845296272001e-17
5.626330658055985623e+03 3.873072377127018288e-16 1.810639821931644841e-17
5.629078150965888199e+03 3.343535289642322926e-16 1.509301593161028585e-17
5.631012382394906126e+03 3.221884508146140567e-16 1.941134356489272770e-17
5.631825643875790774e+03 3.261235091600936028e-16 2.167058429915844939e-17
5.634573136785693350e+03 4.017783310669561151e-16 1.749786238659327975e-17
5.635893164221695770e+03 3.648304889108603395e-16 1.544995666419912394e-17
5.637320629695595926e+03 3.564127341569798571e-16 1.685058788524883992e-17
5.640068122605498502e+03 3.386897915582989955e-16 1.801887215389861543e-17
5.640773946048485413e+03 3.458820779472566537e-16 1.584190709113054922e-17
5.642815615515401078e+03 3.458058698278313013e-16 1.455113743587391198e-17
5.645563108425303653e+03 3.600832937212484599e-16 1.740860194662679333e-17
5.645654727875275057e+03 3.621139854192155783e-16 1.714633057060445997e-17
5.648310601335206229e+03 3.420603825288884422e-16 1.517383531318626113e-17
5.650535509702064701e+03 3.732426838557636037e-16 1.579153589013645304e-17
5.651058094245108805e+03 3.608602074705893156e-16 1.714039248791415164e-17
5.653805587155011381e+03 3.734453986438950273e-16 1.554636858968024369e-17
5.655416291528854345e+03 3.485703669338753962e-16 1.444958923061789709e-17
5.656553080064913956e+03 3.278797442878893066e-16 1.709991970919139664e-17
5.659300572974816532e+03 3.513672952100658415e-16 2.313988337105750109e-17
5.660297073355643988e+03 3.484409096499723897e-16 1.880829038051048480e-17
5.662048065884719108e+03 3.397047154218156278e-16 1.658195907786472831e-17
5.664795558794621684e+03 3.138497825709303312e-16 1.640617925163261188e-17
5.665177855182433632e+03 3.132088237309269507e-16 1.521394110734665009e-17
5.667543051704524260e+03 3.267096282727155413e-16 1.375206505905720687e-17
5.670058637009223276e+03 3.268991595265545277e-16 1.600890657779912831e-17
5.670290544614426835e+03 3.265302121868679391e-16 1.669620821738279560e-17
5.673038037524329411e+03 3.034376713253905803e-16 1.411398769834897322e-17
5.674939418836012919e+03 2.937690891197027747e-16 1.446604048420396573e-17
5.675785530434231987e+03 2.875202877056828923e-16 1.697663156772207118e-17
5.678533023344134563e+03 3.495167709862021988e-16 2.162393723363098068e-17
5.679820200662802563e+03 3.166905271256025994e-16 1.764518908215313628e-17
5.681280516254037138e+03 2.862460570053994837e-16 2.211411410930541845e-17
5.684028009163939714e+03 3.402133971393204089e-16 1.720412388451945619e-17
5.684700982489592207e+03 3.399359371250883323e-16 1.505189803982873990e-17
5.686775502073842290e+03 3.209933227012604152e-16 1.405145998096648175e-17
5.689522994983744866e+03 3.369947761260260291e-16 2.082545180839356797e-17
5.689581764316381850e+03 3.369630917773955637e-16 2.073177677404879553e-17
5.692270487893647442e+03 2.826684515937881451e-16 1.438300447116105699e-17
5.694462546143171494e+03 2.833772458007017417e-16 1.712232231405786024e-17
5.695017980803550017e+03 2.797930542131943721e-16 1.869626460622930761e-17
5.697765473713452593e+03 3.006273407340734323e-16 1.421855619708098348e-17
5.699343327969961138e+03 3.075280311362126808e-16 2.302275948270584959e-17
5.704224109796750781e+03 3.380712736525300292e-16 2.314838592679880470e-17
5.709104891623540425e+03 4.255606199056447352e-16 2.719813460582515372e-17
5.713985673450330069e+03 3.207741903546855881e-16 2.274919096307995265e-17
5.718866455277119712e+03 3.188638841882583904e-16 2.330263758489310659e-17
5.723747237103909356e+03 3.884910581279533815e-16 2.559781681377639220e-17
5.728628018930699000e+03 3.965242890054351817e-16 2.340525946400336199e-17
5.733508800757488643e+03 4.187567928237085403e-16 2.334424059659923997e-17
5.738389582584278287e+03 3.962046772288331115e-16 2.446601692763970434e-17
5.743270364411067931e+03 3.546892125644445566e-16 2.255961707181343550e-17
5.748151146237857574e+03 3.237708582094528124e-16 2.331652619085022230e-17
5.753031928064647218e+03 3.735059057730035947e-16 2.413790972583093302e-17
5.757912709891436862e+03 2.762250121537629973e-16 2.489832275148369976e-17
5.762793491718226505e+03 3.515253376767641711e-16 2.221996473665578174e-17
5.767674273545016149e+03 3.723242856106867804e-16 2.213044256412931849e-17
5.772555055371805793e+03 2.950910637311766788e-16 2.135861221798936675e-17
5.777435837198595436e+03 3.161708756928487020e-16 2.321275481215267785e-17
5.782316619025385080e+03 3.798205959989547969e-16 4.885815760661538267e-17
5.787197400852174724e+03 2.652835500660982562e-16 2.051619970214135580e-17
5.792078182678964367e+03 2.748466108257787950e-16 2.230128064278968908e-17
5.796958964505754011e+03 2.551500853318820649e-16 2.113879839441694776e-17
5.801839746332543655e+03 3.124821275991199910e-16 2.117525628532965977e-17
5.806720528159333298e+03 2.354686855780077514e-16 2.052525353214151519e-17
5.811601309986122942e+03 2.537265406736588288e-16 2.088781545205247492e-17
5.816482091812912586e+03 2.932686628318745470e-16 2.124612224597290212e-17
5.821362873639702229e+03 3.050132161930969119e-16 2.717970800490206741e-17
5.826243655466491873e+03 2.315895791636933110e-16 1.973403074140697199e-17
5.831124437293281517e+03 2.188838929858655779e-16 2.038108664960537042e-17
5.836005219120071160e+03 3.193882945242842454e-16 2.087877763191289031e-17
5.840886000946860804e+03 3.412863281335972926e-16 2.069816621364995477e-17
5.845766782773650448e+03 3.420355945019575847e-16 2.160262068535692063e-17
5.850647564600440091e+03 3.078343926122132576e-16 2.160339001417560747e-17
5.855528346427229735e+03 4.185806334744512546e-16 2.198252144112479868e-17
5.860409128254019379e+03 2.569416189063541488e-16 2.529871911142189822e-17
5.865289910080809022e+03 2.832176399093264797e-16 2.265744290827589456e-17
5.870170691907598666e+03 2.819764523574909920e-16 2.007255201912404150e-17
5.875051473734388310e+03 3.301671278832806169e-16 2.146270417075177500e-17
5.879932255561177953e+03 2.197958610817768642e-16 4.293258959704944068e-17
5.884813037387967597e+03 3.106976159227013000e-16 1.976713116858398394e-17
5.889693819214757241e+03 3.235396104884476829e-16 2.041030584340091684e-17
5.894574601041546885e+03 3.736623114799111634e-16 2.125683304447249275e-17
5.899455382868336528e+03 3.401605407655564166e-16 2.058837752657364701e-17
5.904336164695126172e+03 2.205914128740093022e-16 2.972746469115686192e-17
5.909216946521915816e+03 3.167118376400388221e-16 2.006311339394727586e-17
5.914097728348705459e+03 3.028080219199897187e-16 1.984806600843093512e-17
5.918978510175495103e+03 2.678951177105429979e-16 1.909546266565440719e-17
5.923859292002284747e+03 3.007556942949685488e-16 2.056633430621276319e-17
5.928740073829074390e+03 3.131477819423063770e-16 2.561583670884693142e-17
5.933620855655864034e+03 3.416196512449315501e-16 2.088212252535729573e-17
5.938501637482653678e+03 3.465550974975280551e-16 2.037002030477694816e-17
5.943382419309443321e+03 3.092905673388932932e-16 2.544066702394441801e-17
5.948263201136232965e+03 3.873050135286611970e-16 2.127774635239418535e-17
5.953143982963022609e+03 3.650276965323602949e-16 2.089556409493962624e-17
5.958024764789812252e+03 3.646401804076417645e-16 2.056037886604091644e-17
5.962905546616601896e+03 3.627269655079343072e-16 2.354870947449253325e-17
5.967786328443391540e+03 3.876327827561349432e-16 2.088069295394221324e-17
5.972667110270181183e+03 2.709189477551018046e-16 1.899935764965030253e-17
5.977547892096970827e+03 4.397712770861416897e-16 2.218405045445686821e-17
5.982428673923760471e+03 3.062044851114353365e-16 2.150023968896575092e-17
5.987309455750550114e+03 2.981995447024269514e-16 2.646517711853090586e-17
5.992190237577339758e+03 2.692163140840840601e-16 1.989190841951647939e-17
5.997071019404129402e+03 2.220981596990617781e-16 2.484193413798792459e-17
6.001951801230919045e+03 2.255264996254384169e-16 2.030510830767449835e-17
6.006832583057708689e+03 3.366358440474750517e-16 2.014200891247289951e-17
6.011713364884498333e+03 3.376427867862097520e-16 1.961996465731586659e-17
6.016594146711287976e+03 3.401967158577185383e-16 2.002249756516947266e-17
6.021474928538077620e+03 2.950439258218935595e-16 1.913529767759072802e-17
6.026355710364867264e+03 3.146182822628380764e-16 1.916565288552636898e-17
6.031236492191656907e+03 3.187027759450139740e-16 2.022193955139882413e-17
6.036117274018446551e+03 2.940577948490966205e-16 2.106443142167634208e-17
6.040998055845236195e+03 2.746961329187348754e-16 2.582049558984943645e-17
6.045878837672025838e+03 2.941675823048186513e-16 3.369212831935766776e-17
6.050759619498815482e+03 3.265313521066041936e-16 1.893103150208027365e-17
6.055640401325605126e+03 3.138131585732532869e-16 1.884270860074393359e-17
6.060521183152394769e+03 3.021861159963940822e-16 1.908764365399068036e-17
6.065401964979184413e+03 3.613701918254291718e-16 2.132545504712637011e-17
6.070282746805974057e+03 2.404791271580511560e-16 3.197736531158960279e-17
6.075163528632763700e+03 2.833353582698595463e-16 1.803796926293391904e-17
6.080044310459553344e+03 4.007468070834205881e-16 1.972109653330283080e-17
6.084925092286342988e+03 3.048407260658634040e-16 2.184096388175678400e-17
6.089805874113132631e+03 3.191520250018702408e-16 2.137149166090244985e-17
6.094686655939922275e+03 3.334651889362826512e-16 2.457836029783377803e-17
6.099567437766711919e+03 2.666201774780045357e-16 1.799033251397408471e-17
6.104448219593501562e+03 2.487212655546112189e-16 1.806350442674433750e-17
6.109329001420291206e+03 2.671982849300536227e-16 1.865157702829141848e-17
6.114209783247080850e+03 2.094563019401498832e-16 1.864219070487411977e-17
6.119090565073870494e+03 2.167313677720447956e-16 1.772542338247155472e-17
6.123971346900660137e+03 1.985757471218077224e-16 1.861556503831638385e-17
6.128852128727449781e+03 2.146654406485593339e-16 1.747078389647716673e-17
6.133732910554239425e+03 3.908453029498897294e-16 1.893613527087810735e-17
6.138613692381029068e+03 2.434775575382768724e-16 1.735919558804583561e-17
6.143494474207818712e+03 1.845849085068164065e-16 1.892304902654310112e-17
6.148375256034608356e+03 1.714885515411267667e-16 2.262918774352329552e-17
6.153256037861397999e+03 2.106627200611918258e-16 3.361298801547093156e-17
6.158136819688187643e+03 2.022813668034817528e-16 1.655115162022239885e-17
6.163017601514977287e+03 2.748056257433434548e-16 1.709823239917604898e-17
6.167898383341766930e+03 3.164319285702706588e-16 1.794508656880672517e-17
6.172779165168556574e+03 2.795968326627931089e-16 2.062347570589772227e-17
6.177659946995346218e+03 3.671654952466833931e-16 1.932071901357959716e-17
6.182540728822135861e+03 2.378737888895040518e-16 2.258483452717998015e-17
6.187421510648925505e+03 3.280977702651309771e-16 1.898609367207476575e-17
6.192302292475715149e+03 3.104876223779019103e-16 2.154994696847664039e-17
6.197183074302504792e+03 3.083431768595018582e-16 2.037752979345041563e-17
6.202063856129294436e+03 2.807606683588825448e-16 1.844812713067439025e-17
6.206944637956084080e+03 3.769993106806891804e-16 1.851243607372987797e-17
6.211825419782873723e+03 3.138740989682235407e-16 1.759023564519941860e-17
6.216706201609663367e+03 3.476298369085458370e-16 1.831313970004356999e-17
6.221586983436453011e+03 3.241116962656789016e-16 1.829228472441036012e-17
6.226467765263242654e+03 3.335320872942671832e-16 2.030783990354846505e-17
6.231348547090032298e+03 2.951196540591323670e-16 1.427987519811555586e-17
6.236229328916821942e+03 2.724757021007513593e-16 1.720672029263070663e-17
6.241110110743611585e+03 2.662289960965006569e-16 2.114625289423829313e-17
6.245990892570401229e+03 1.968300687246069599e-16 2.635283369612853219e-17
6.250871674397190873e+03 2.390134712575159007e-16 1.687303233461115719e-17
6.255752456223980516e+03 3.111516294104860597e-16 1.915639508369742265e-17
6.260633238050770160e+03 3.257080689384260082e-16 2.041465746193945623e-17
6.265514019877559804e+03 2.539689274129762264e-16 1.670242003908718046e-17
6.270394801704349447e+03 2.969308318341614333e-16 1.830370518291711139e-17
6.275275583531139091e+03 2.626476600450455999e-16 1.719990924840774836e-17
6.280156365357928735e+03 2.909211253645297120e-16 1.759373237078735644e-17
6.285037147184718378e+03 3.134004493798524239e-16 1.757793435126548904e-17
6.289917929011508022e+03 3.827121592619740964e-16 1.912994097698685837e-17
6.294798710838297666e+03 3.275230107708408526e-16 1.868020976330110356e-17
6.299679492665087309e+03 4.294100442106874738e-16 1.905048673586732151e-17
6.304560274491876953e+03 3.412043585305366841e-16 2.035047001544507269e-17
6.309441056318666597e+03 3.459366478476978581e-16 1.765590819465240608e-17
6.314321838145456240e+03 2.852900908844332092e-16 1.749413758529294703e-17
6.319202619972245884e+03 3.094203643905584476e-16 1.893104520469620383e-17
6.324083401799035528e+03 3.231499784915532315e-16 1.817549736345595552e-17
6.328964183625825171e+03 2.603611501267491851e-16 1.735596848631523844e-17
6.333844965452614815e+03 3.077287498010938023e-16 1.736763072454212733e-17
6.338725747279404459e+03 2.275096998911721297e-16 1.959715310877333606e-17
6.343606529106194102e+03 1.475435861903683254e-16 2.588072314908678325e-17
6.348487310932983746e+03 2.858285716519697570e-16 1.990961147233506457e-17
6.353368092759773390e+03 2.723495045226292723e-16 2.029925483124726334e-17
6.358248874586563034e+03 3.064101524305540161e-16 1.759246670975720987e-17
6.363129656413352677e+03 2.578846352146053349e-16 1.627594817615414031e-17
6.368010438240142321e+03 2.366643952979519074e-16 1.696011699841232707e-17
6.372891220066931965e+03 2.503139684438384424e-16 1.606536788388333350e-17
6.377772001893721608e+03 2.708101395656941877e-16 1.607472611884407329e-17
6.382652783720511252e+03 2.431974925692188422e-16 1.684416030439667548e-17
6.387533565547300896e+03 2.175738290445945379e-16 1.601902189964122897e-17
6.392414347374090539e+03 2.708194774775275480e-16 1.631501943548460280e-17
6.397295129200880183e+03 3.076884208486376931e-16 1.753945675663662564e-17
6.402175911027669827e+03 2.612929160560849923e-16 1.804170770911587125e-17
6.407056692854459470e+03 2.686077993163086423e-16 1.741403444322836390e-17
6.411937474681249114e+03 1.070962628316289646e-16 3.343202501036782696e-17
6.416818256508038758e+03 2.537776426875909107e-16 1.756524480844015829e-17
6.421699038334828401e+03 2.616744534807597583e-16 1.644736516475202325e-17
6.426579820161618045e+03 2.861099585076226706e-16 1.597247449434445710e-17
6.431460601988407689e+03 2.657773035456314757e-16 1.681217453926064421e-17
6.436341383815197332e+03 2.761685666825241224e-16 1.656215484761793448e-17
6.441222165641986976e+03 2.052612608580627927e-16 1.526407020297352065e-17
6.446102947468776620e+03 2.461403700670188857e-16 1.616027743048043058e-17
6.450983729295566263e+03 2.491534943664555790e-16 1.537630162632917647e-17
6.455864511122355907e+03 2.530547227458481340e-16 1.621040096568290119e-17
6.460745292949145551e+03 2.430279396193980355e-16 1.542586708533799245e-17
6.465626074775935194e+03 2.877694018394988427e-16 1.617340990612500252e-17
6.470506856602724838e+03 2.669256151676312969e-16 1.556341234992597588e-17
6.475387638429514482e+03 2.454672455871467816e-16 1.548717152471459882e-17
6.480268420256304125e+03 2.650480585387993961e-16 1.646703087603583565e-17
6.485149202083093769e+03 2.796939565479444243e-16 1.583191917813497485e-17
6.490029983909883413e+03 2.559116376314869433e-16 1.599041260992344855e-17
6.494910765736673056e+03 3.031699859085947623e-16 1.682762565053221017e-17
6.499791547563462700e+03 3.172515385783808419e-16 1.671285478869006829e-17
6.504672329390252344e+03 3.211403456552469633e-16 1.633575360262051096e-17
6.509553111217041987e+03 2.558367461803610613e-16 1.573529311590245029e-17
6.514433893043831631e+03 2.744815747857341246e-16 1.576301424882762904e-17
6.519314674870621275e+03 3.043676609076129995e-16 1.628097355832940273e-17
6.524195456697410918e+03 2.906583145290617555e-16 1.610111442198943533e-17
6.529076238524200562e+03 2.847285269284312875e-16 1.621362716602383758e-17
6.533957020350990206e+03 2.505511692450081821e-16 1.590168295158313165e-17
6.538837802177779849e+03 3.165174641133567551e-16 1.701728313068176712e-17
6.543718584004569493e+03 2.563120837860877114e-16 1.668646390545605012e-17
6.548599365831359137e+03 2.773991357014078239e-16 1.810272399255199346e-17
6.553480147658148780e+03 3.400598460263480981e-16 1.710878185687590491e-17
6.558360929484938424e+03 3.269439166600425804e-16 1.689217815318555124e-17
6.563241711311728068e+03 2.708794220244711765e-16 1.655816735367027557e-17
6.568122493138517711e+03 2.738135821009110298e-16 1.597164639593813036e-17
6.573003274965307355e+03 3.089719253748857019e-16 1.611055130764305311e-17
6.577884056792096999e+03 3.613970523763584319e-16 1.751163529732026535e-17
6.582764838618886643e+03 2.781681502171910379e-16 1.624671101993645104e-17
6.587645620445676286e+03 3.368095956041785766e-16 1.844068482789018306e-17
6.592526402272465930e+03 2.839989306690738809e-16 1.687274666122972218e-17
6.597407184099255574e+03 2.479385246840340520e-16 1.586167290367238766e-17
6.602287965926045217e+03 2.652481536735925184e-16 1.882868391308178082e-17
6.607168747752834861e+03 2.430776763546680587e-16 1.559420776623234797e-17
6.612049529579624505e+03 2.923976466817455043e-16 1.599609062463402334e-17
6.616930311406414148e+03 2.795225135732649786e-16 1.677005300968565544e-17
6.621811093233203792e+03 2.772353445505448668e-16 1.629171923337537078e-17
6.626691875059993436e+03 2.579236075677429367e-16 1.572453598110656633e-17
6.631572656886783079e+03 2.195580936870756078e-16 1.528331771533257189e-17
6.636453438713572723e+03 2.691339873623074538e-16 1.744818989910342179e-17
6.641334220540362367e+03 2.920437090359408098e-16 1.618082979682006101e-17
6.646215002367152010e+03 2.543602465188344885e-16 1.562158145021905499e-17
6.651095784193941654e+03 2.949289715892694819e-16 1.624043746433518677e-17
6.655976566020731298e+03 2.820697048538420899e-16 1.729144487480514727e-17
6.660857347847520941e+03 2.997286727101684048e-16 1.618480469931768129e-17
6.665738129674310585e+03 3.287536713321677983e-16 1.988029000219359947e-17
6.670618911501100229e+03 3.667237675557099322e-16 1.709016332545893517e-17
6.675499693327889872e+03 3.398098067913698764e-16 1.715183369154587684e-17
6.680380475154679516e+03 3.050828276314473534e-16 1.834077461278828889e-17
6.685261256981469160e+03 2.773177428934250495e-16 1.578983547056579632e-17
6.690142038808258803e+03 2.689766690552536644e-16 1.588489562560160980e-17
6.695022820635048447e+03 2.532507502709622690e-16 1.572679088094028805e-17
6.699903602461838091e+03 2.671245435618692073e-16 1.714847806532861225e-17
6.704784384288627734e+03 2.467559401987260247e-16 1.597847093848023746e-17
6.709665166115417378e+03 2.919820698047488752e-16 1.620709938422639769e-17
6.714545947942207022e+03 2.924802258438369970e-16 1.678211272816395323e-17
6.719426729768996665e+03 2.900704478367742028e-16 1.644963888467178058e-17
6.724307511595786309e+03 2.748780382156011186e-16 2.286479349940605047e-17
6.729188293422575953e+03 2.418797457727176009e-16 1.549722888263533368e-17
6.734069075249365596e+03 2.372427277259068739e-16 1.604117147014012470e-17
6.738949857076155240e+03 2.965691128312979313e-16 1.687080969181253251e-17
6.743830638902944884e+03 2.843552545022490487e-16 1.611064082143666990e-17
6.748711420729734527e+03 2.559811773558402600e-16 1.842587521616682820e-17
6.753592202556524171e+03 3.055988937753033820e-16 1.638127730147959585e-17
6.758472984383313815e+03 3.014265127607851741e-16 1.708376645555845176e-17
6.763353766210103458e+03 2.601812335821068264e-16 1.636555783020093254e-17
6.768234548036893102e+03 2.067798730243850589e-16 1.638400232075753764e-17
6.773115329863682746e+03 2.488431183353387136e-16 1.561865480844815131e-17
6.777996111690472389e+03 2.489427986088446288e-16 1.721441540310852986e-17
6.782876893517262033e+03 2.644681634297802777e-16 1.603096234523275757e-17
6.787757675344051677e+03 2.712590739061458094e-16 1.621661127658592671e-17
6.792638457170841320e+03 2.151561946292063093e-16 1.558337110875451848e-17
6.797519238997630964e+03 2.087867057122817035e-16 1.552801016188276328e-17
6.802400020824420608e+03 1.996668590184008727e-16 1.500393033955447613e-17
6.807280802651210251e+03 1.989801708422117407e-16 1.665159976464433043e-17
6.812161584477999895e+03 2.223923688311658672e-16 1.852903823744112406e-17
6.817042366304789539e+03 1.698341440041248935e-16 1.529835936963676562e-17
6.821923148131579183e+03 1.926120508216919291e-16 1.988894160920400529e-17
6.826803929958368826e+03 1.868068464378427188e-16 1.543647418025663954e-17
6.831684711785158470e+03 1.937485405381817250e-16 2.508154051557447126e-17
6.836565493611948114e+03 1.230172088639790707e-16 1.893858248390729181e-17
6.841446275438737757e+03 2.665630123583089325e-16 2.076970865237819459e-17
6.846327057265527401e+03 2.300590696938051729e-16 1.638180903512852499e-17
6.851207839092317045e+03 2.259140907312955161e-16 1.565570232709085869e-17
6.856088620919106688e+03 2.823996547898386557e-16 1.629455420802447621e-17
6.860969402745896332e+03 1.934901030601700260e-16 1.628776012154924288e-17
6.865850184572685976e+03 1.852452849436170430e-16 2.435847123904660241e-17
6.870730966399475619e+03 2.098833930694145197e-16 1.733586551856379937e-17
6.875611748226265263e+03 2.216107233052566977e-16 1.512053586518391466e-17
6.880492530053054907e+03 2.178859798095720201e-16 1.600328693256266974e-17
6.885373311879844550e+03 2.398284404850015738e-16 3.022500318715020304e-17
6.890254093706634194e+03 2.107968004789422090e-16 1.561285395113622264e-17
6.895134875533423838e+03 1.891566159003742031e-16 1.513030996564087827e-17
6.900015657360213481e+03 2.208496541370932500e-16 1.569043952172958279e-17
6.904896439187003125e+03 2.307297516832553756e-16 1.603429592007105683e-17
6.909777221013792769e+03 1.995817177355161659e-16 1.566453567032427281e-17
6.914658002840582412e+03 2.381670005622222819e-16 1.753281040227635317e-17
6.919538784667372056e+03 2.543467613300147757e-16 1.627318469771934816e-17
6.924419566494161700e+03 2.381230753535038563e-16 1.606775778197173780e-17
6.929300348320951343e+03 2.495541820317640353e-16 1.707648490518030240e-17
6.934181130147740987e+03 2.436268772771466433e-16 1.558968454001219781e-17
6.939061911974530631e+03 2.270641608865796458e-16 1.571298451508321325e-17
6.943942693801320274e+03 2.747913562030524979e-16 1.630707212405447240e-17
6.948823475628109918e+03 3.907338104091261869e-16 2.759145471029226113e-17
6.953704257454899562e+03 2.777620960714362740e-16 1.534252226051808288e-17
6.958585039281689205e+03 2.101040509944868804e-16 1.600338290860589402e-17
6.963465821108478849e+03 1.886697503453027471e-16 1.687239546124678081e-17
6.968346602935268493e+03 1.337888433228888267e-16 3.017050497361937012e-17
6.973227384762058136e+03 2.492141658773649360e-16 1.742167605231434291e-17
6.978108166588847780e+03 2.301848652472700648e-16 1.693897362075220101e-17
6.982988948415637424e+03 2.016531758886755774e-16 1.574517523134722843e-17
6.987869730242427067e+03 2.072677683842076101e-16 1.614459007705941361e-17
6.992750512069216711e+03 2.274566569904741621e-16 1.615275168555061497e-17
6.997631293896006355e+03 2.091705133450332362e-16 1.575309699896053372e-17
7.002512075722795998e+03 2.151666917589563991e-16 1.586772473853481326e-17
7.007392857549585642e+03 2.250059286657490886e-16 1.974232926199599986e-17
7.012273639376375286e+03 1.959593792855220432e-16 1.556650157931271596e-17
7.017154421203164929e+03 2.507800604937043018e-16 1.713855465491815365e-17
7.022035203029954573e+03 1.975678029052544130e-16 1.581223134274360047e-17
7.026915984856744217e+03 2.849782219990437160e-16 2.614825678165673898e-17
7.031796766683533860e+03 2.137707563219359376e-16 1.720997592203691629e-17
7.036677548510323504e+03 2.593842748443522270e-16 1.583888024557696374e-17
7.041558330337113148e+03 2.953668267646883383e-16 1.676304475028943049e-17
7.046439112163902792e+03 1.883274230345109892e-16 1.531061260615495983e-17
7.051319893990692435e+03 2.584436639285002861e-16 2.361074736469171578e-17
7.056200675817482079e+03 2.366278887590428081e-16 1.698102680423881375e-17
7.061081457644271723e+03 2.303668710045188177e-16 1.558591988465840591e-17
7.065962239471061366e+03 2.299191584956130661e-16 1.637970717689214834e-17
7.070843021297851010e+03 2.810969586112648346e-16 1.836914245070034767e-17
7.075723803124640654e+03 2.210066886394586180e-16 1.587260609175283709e-17
7.080604584951430297e+03 2.111372266599486007e-16 1.577552210060368604e-17
7.085485366778219941e+03 2.023262533366278484e-16 1.771935975242947653e-17
7.090366148605009585e+03 2.092406631240343139e-16 1.565083941818130512e-17
7.095246930431799228e+03 2.561554442589278317e-16 1.628590522981387362e-17
7.100127712258588872e+03 2.197054106322435797e-16 1.619619522249686967e-17
7.105008494085378516e+03 1.632956429443770394e-16 1.530886380564923791e-17
7.109889275912168159e+03 2.101181063807088742e-16 1.516975277408582657e-17
7.114770057738957803e+03 2.712341129910835353e-16 1.603310835035912707e-17
7.119650839565747447e+03 2.543740693832928379e-16 1.647273880096579104e-17
7.124531621392537090e+03 2.226725631516523652e-16 1.695331068239427944e-17
7.129412403219326734e+03 2.150846529449893485e-16 2.056875623983679341e-17
7.134293185046116378e+03 2.234405371315553552e-16 1.569270767022843792e-17
7.139173966872906021e+03 2.048816111077969198e-16 1.561490239548918772e-17
7.144054748699695665e+03 2.025973156477084890e-16 1.674544865780876033e-17
7.148935530526485309e+03 2.446167313957491183e-16 1.642510453388393540e-17
7.153816312353274952e+03 1.820585749423963456e-16 1.900610362672635669e-17
7.158697094180064596e+03 1.384417043441106240e-16 2.213020185521605179e-17
7.163577876006854240e+03 1.981692511150099102e-16 1.562072867850888250e-17
7.168458657833643883e+03 1.760003500988927729e-16 2.069002910527133054e-17
7.173339439660433527e+03 2.381971995185368573e-16 1.735982106431978279e-17
7.178220221487223171e+03 1.985597146429387198e-16 1.553039989584269973e-17
7.183101003314012814e+03 2.300936935621566712e-16 1.605159061549628483e-17
7.187981785140802458e+03 2.063620236810334361e-16 1.642853264373249262e-17
7.192862566967592102e+03 1.655306808383677701e-16 1.943832492430223349e-17
7.197743348794381745e+03 1.690049164174965555e-16 2.113950648109480798e-17
7.202624130621171389e+03 2.141876067156391986e-16 2.596038523687447701e-17
7.207504912447961033e+03 2.108244460031986340e-16 2.328044299307705258e-17
7.212385694274750676e+03 1.828035669470995015e-16 2.031515714324710914e-17
7.217266476101540320e+03 1.797092962929404294e-16 1.826496425191393718e-17
7.222147257928329964e+03 1.584147859836700769e-16 1.657098678207544089e-17
7.227028039755119607e+03 1.966072708197723728e-16 1.642999304610329462e-17
7.231908821581909251e+03 1.794538038073650703e-16 1.563402360992304501e-17
7.236789603408698895e+03 2.079753438678215328e-16 1.677929035038692157e-17
7.241670385235488538e+03 2.268375371239049957e-16 1.699041910959347202e-17
7.246551167062278182e+03 1.959126300953358443e-16 1.600846917686792791e-17
7.251431948889067826e+03 2.515099068365569203e-16 1.815699655581656433e-17
7.256312730715857469e+03 2.195710875611167400e-16 1.645901934128281648e-17
7.261193512542647113e+03 2.031646447680799808e-16 1.708325067912225706e-17
7.266074294369436757e+03 2.199925589262955068e-16 1.699886422996366703e-17
7.270955076196226400e+03 1.798036319670042506e-16 1.608069325555785026e-17
7.275835858023016044e+03 2.078344962440846731e-16 1.668083658285088362e-17
7.280716639849805688e+03 2.157371448094973414e-16 1.654451622044648196e-17
7.285597421676595332e+03 2.258321794311536983e-16 1.752125168240892411e-17
7.290478203503384975e+03 2.140010347676930975e-16 1.926693301604980150e-17
7.295358985330174619e+03 2.029934368627746710e-16 1.787412533342271855e-17
7.300239767156964263e+03 2.037741633656357534e-16 1.723577899319857516e-17
7.305120548983753906e+03 2.174968686671075619e-16 1.841990636306090748e-17
7.310001330810543550e+03 1.913480789946444469e-16 1.840570585412524115e-17
7.314882112637333194e+03 1.427865915356336619e-16 1.829632651716885542e-17
7.319762894464122837e+03 2.086495152190850014e-16 1.855192134357293943e-17
7.324643676290912481e+03 2.084022058272113205e-16 1.845640830797413142e-17
7.329524458117702125e+03 1.412940403242102078e-16 1.892051311027375216e-17
7.334405239944491768e+03 2.206732270970189411e-16 2.298172335599703637e-17
7.339286021771281412e+03 2.528006653897079510e-16 1.801750876599183122e-17
7.344166803598071056e+03 2.141639719431923788e-16 2.812879528316238176e-17
7.349047585424860699e+03 1.657677656030300884e-16 2.224246831660341586e-17
7.353928367251650343e+03 1.926417888562137448e-16 1.782268894771445395e-17
7.358809149078439987e+03 2.212560707786235000e-16 1.746057823860501628e-17
7.363689930905229630e+03 1.616727329456657834e-16 2.033641555573998406e-17
7.368570712732019274e+03 2.111744061446385624e-16 1.744990431235901209e-17
7.373451494558808918e+03 1.964218905613965853e-16 1.778847533468884724e-17
7.378332276385598561e+03 2.179845547891263742e-16 1.834203801450986979e-17
7.383213058212388205e+03 1.761353857843644781e-16 1.797472611124492140e-17
7.388093840039177849e+03 2.017813917012070331e-16 1.754072910374250668e-17
7.392974621865967492e+03 1.461162014085806791e-16 2.016135897601451588e-17
7.397855403692757136e+03 2.039648121858281192e-16 1.993624562006251782e-17
7.402736185519546780e+03 2.210755871636094124e-16 1.779574278590579481e-17
7.407616967346336423e+03 2.149815220489571828e-16 1.766670200641793884e-17
7.412497749173126067e+03 1.868780244899446289e-16 1.921137114035518574e-17
7.417378530999915711e+03 1.867830089529385853e-16 1.757270692095776447e-17
7.422259312826705354e+03 1.874250208855006604e-16 1.885965229931480025e-17
7.427140094653494998e+03 1.872660008176968669e-16 1.856115775408098364e-17
7.432020876480284642e+03 1.704611364389155029e-16 1.898736733657325865e-17
7.436901658307074285e+03 1.551447715805456087e-16 1.716060338244183865e-17
7.441782440133863929e+03 2.173725127585283173e-16 1.787933347113338073e-17
7.446663221960653573e+03 1.745157203692668057e-16 1.744238597870462245e-17
7.451544003787443216e+03 1.177653424914182919e-16 1.686891373678309032e-17
7.456424785614232860e+03 2.620158952857456002e-16 1.961758567102035081e-17
7.461305567441022504e+03 1.594676053652972949e-16 2.000400809823885917e-17
7.466186349267812147e+03 1.600872478574212963e-16 2.197319805378589288e-17
7.471067131094601791e+03 1.328471304726252330e-16 1.740718458530896824e-17
7.475947912921391435e+03 1.671340106083102018e-16 1.744862366325808446e-17
7.480828694748181078e+03 1.964407319163856492e-16 1.812222286871951852e-17
7.485709476574970722e+03 1.658350849690536239e-16 1.773306950707396100e-17
7.490590258401760366e+03 1.290651116367382330e-16 1.966252426985032965e-17
7.495471040228550009e+03 1.927789562515443819e-16 1.944162955232281123e-17
7.500351822055339653e+03 1.158215416265360750e-16 1.822331767653618125e-17
7.505232603882129297e+03 1.505306617419258279e-16 1.895915741901804929e-17
7.510113385708918941e+03 1.537193403970574153e-16 1.741980626668410228e-17
7.514994167535708584e+03 1.978244414555514074e-16 1.844371089787013750e-17
7.519874949362498228e+03 1.542019905152130273e-16 1.771640141094135474e-17
7.524755731189287872e+03 1.831925673538787827e-16 1.971671793929417325e-17
7.529636513016077515e+03 1.764901481805705495e-16 2.133315057505668249e-17
7.534517294842867159e+03 2.208095369959755100e-16 2.213493457535110321e-17
7.539398076669656803e+03 2.002169227079420231e-16 2.356207864012624784e-17
7.544278858496446446e+03 1.427799676285925177e-16 1.780453152941216764e-17
7.549159640323236090e+03 1.601641380673743693e-16 1.803801726008948196e-17
7.554040422150025734e+03 1.475951271788412033e-16 2.051161502436866363e-17
7.558921203976815377e+03 2.059420105265487120e-16 1.920877805014185165e-17
7.563801985803605021e+03 2.120815551991931500e-16 1.878231361891500768e-17
7.568682767630394665e+03 2.041747932847818016e-16 1.989835125136458598e-17
7.573563549457184308e+03 2.028937092509110231e-16 1.894312617441278754e-17
7.578444331283973952e+03 6.739462608128152521e-17 3.268136288707189326e-17
7.583325113110763596e+03 1.948574201424045751e-16 2.303898836221559975e-17
7.588205894937553239e+03 2.413978951107427318e-16 2.006676422172564080e-17
7.593086676764342883e+03 1.828928596776156495e-16 1.926167411844209400e-17
7.597967458591132527e+03 2.276984989979961812e-16 2.029867651367610364e-17
7.602848240417922170e+03 1.897715893143749646e-16 1.986412375712124852e-17
7.607729022244711814e+03 2.348021984902832135e-16 2.140031843428632070e-17
7.612609804071501458e+03 2.209467915719004677e-16 1.916833749371707351e-17
7.617490585898291101e+03 1.457187464528998154e-16 2.028501355535499051e-17
7.622371367725080745e+03 1.126684585912662676e-16 1.905418903403000408e-17
7.627252149551870389e+03 2.345643316948278358e-16 2.062804163713944289e-17
7.632132931378660032e+03 2.069482567442033944e-16 2.074370609924699280e-17
7.637013713205449676e+03 1.723942280481862765e-16 1.886882375558733659e-17
7.641894495032239320e+03 2.206683589222180426e-16 1.943677500081452002e-17
7.646775276859028963e+03 3.931853277791939360e-16 2.307787543360967722e-17
7.651656058685818607e+03 1.748592184372672497e-16 1.943169382422411282e-17
7.656536840512608251e+03 1.668337379934477397e-16 1.958802802665169600e-17
7.661417622339397894e+03 1.655469624953464875e-16 2.757405790587847626e-17
7.666298404166187538e+03 2.107537371574617698e-16 1.998995364324792627e-17
7.671179185992977182e+03 1.797066314925231127e-16 1.962027907652959327e-17
7.676059967819766825e+03 2.048641380090208654e-16 1.963209657939172097e-17
7.680940749646556469e+03 2.083439367805730098e-16 2.016508803729363384e-17
7.685821531473346113e+03 1.383983583648624426e-16 1.960658002973262268e-17
7.690702313300135756e+03 1.428757246048163795e-16 1.953234854463500175e-17
7.695583095126925400e+03 1.751384123899137822e-16 1.971218211915029847e-17
7.700463876953715044e+03 1.219406622554356850e-16 1.899204221381718909e-17
7.705344658780504687e+03 1.402033928897701788e-16 1.944700551337040756e-17
7.710225440607294331e+03 9.934755483716203632e-17 2.266814311043958935e-17
7.715106222434083975e+03 1.829378738351432453e-16 2.311600824452837479e-17
7.719987004260873618e+03 1.657720621561970903e-16 2.100136814539412147e-17
7.724867786087663262e+03 4.988164396574435742e-17 2.406751140373018440e-17
7.729748567914452906e+03 1.934511847352056745e-16 2.258906991439709345e-17
7.734629349741242549e+03 1.377485106232148737e-16 2.106672174843710509e-17
7.739510131568032193e+03 1.502585684087508138e-16 2.273686002241091799e-17
7.744390913394821837e+03 1.649403014047982928e-16 2.110862596743732707e-17
7.749271695221611481e+03 1.805966145028513616e-16 2.132951708049061184e-17
7.754152477048401124e+03 2.195618892052333537e-16 2.272459406949159209e-17
7.759033258875190768e+03 1.819729224363331249e-16 2.124242754359768442e-17
7.763914040701980412e+03 1.593655657939729324e-17 3.218674636134597811e-17
7.768794822528770055e+03 1.095691432095910636e-16 2.126915720078831192e-17
7.773675604355559699e+03 1.142455389764532437e-16 2.751769103958080252e-17
7.778556386182349343e+03 1.615540671326923499e-16 2.105142986652822878e-17
7.783437168009138986e+03 1.582632447742742455e-16 2.196349143858595728e-17
7.788317949835928630e+03 1.436503195750446671e-16 2.089117883450968519e-17
7.793198731662718274e+03 1.502106545453552124e-16 2.267240966861019658e-17
7.798079513489507917e+03 1.755066849846581310e-16 2.355528537487229136e-17
7.802960295316297561e+03 1.548787646275260754e-16 2.568504426592708977e-17
7.807841077143087205e+03 2.315973180982762977e-16 2.576365069702417538e-17
7.812721858969876848e+03 8.834046937697684701e-17 2.159554576001727239e-17
7.817602640796666492e+03 1.339022704896802813e-16 2.152634603311589844e-17
7.822483422623456136e+03 1.051458731762913749e-16 2.166882770129642389e-17
7.827364204450245779e+03 2.010201901701196300e-16 2.271841195622118215e-17
7.832244986277035423e+03 1.742152784918133061e-16 2.274731272513262544e-17
7.837125768103825067e+03 2.092140414664361316e-16 2.306338097714744388e-17
7.842006549930614710e+03 1.161098887042915973e-16 2.705797840707071329e-17
7.846887331757404354e+03 1.532930445929455208e-16 2.291804879743443866e-17
7.851768113584193998e+03 1.609311228402299192e-16 2.314745260064187933e-17
7.856648895410983641e+03 1.395831090441495664e-16 2.352203354810577330e-17
7.861529677237773285e+03 1.548511739933254552e-16 2.345162674448020901e-17
7.866410459064562929e+03 2.549404671516490544e-16 2.748819185289004975e-17
7.871291240891352572e+03 1.888975111135356691e-16 2.435118087934660759e-17
7.876172022718142216e+03 2.205465448431064229e-16 2.441944659945668100e-17
7.881052804544931860e+03 1.436985596346889287e-16 2.689442218412927729e-17
7.885933586371721503e+03 1.539925368119698415e-16 2.375764165131932772e-17
7.890814368198511147e+03 1.442963033815266681e-16 2.775482338683727733e-17
7.895695150025300791e+03 1.756405732375491280e-16 2.407675349172740212e-17
7.900575931852090434e+03 1.983360212476095156e-16 2.566870825978960420e-17
7.905456713678880078e+03 2.338141510086919742e-16 2.701867017200451845e-17
7.910337495505669722e+03 1.124402359051727175e-16 2.360740066708334993e-17
7.915218277332459365e+03 1.658881337019739118e-16 2.477701568947244338e-17
7.920099059159249009e+03 1.963747194622405833e-16 1.775937308180817974e-17
7.924979840986038653e+03 2.259295746978069930e-16 2.527747546485174476e-17
7.929860622812828296e+03 2.107050930652244072e-16 2.611428942009581466e-17
7.934741404639617940e+03 1.617213321153225796e-16 2.505874763314964251e-17
7.939622186466407584e+03 2.088615479234010964e-16 2.870800439175465150e-17
7.944502968293197227e+03 1.836802528147688751e-16 2.676128981020830432e-17
7.949383750119986871e+03 1.273169084667298412e-16 2.543442845215539811e-17
7.954264531946776515e+03 2.387851766031591351e-16 2.668110217198817668e-17
7.959145313773566158e+03 1.650919531885758336e-16 3.759056690921871599e-17
7.964026095600355802e+03 1.462170772863034688e-16 2.680078254125488313e-17
7.968906877427145446e+03 1.722712403493390256e-16 2.501688428638214335e-17
7.973787659253935090e+03 1.420365017593182818e-16 2.988483489430643425e-17
7.978668441080724733e+03 1.405841114360660411e-16 2.611066104602698297e-17
7.983549222907514377e+03 1.257255502518503140e-16 2.498194139770952971e-17
7.988430004734304021e+03 1.334686106609168184e-16 2.657010997174427023e-17
7.993310786561093664e+03 1.689142757961938474e-16 2.547806834959939517e-17
7.998191568387883308e+03 1.713053178240862682e-16 2.687535129733382736e-17
8.003072350214672952e+03 1.396795321787838455e-16 2.603709194361122021e-17
8.007953132041462595e+03 1.683546552202467001e-16 2.572813030424654142e-17
8.012833913868252239e+03 1.364797145439637045e-16 2.531581110113594140e-17
8.017714695695041883e+03 1.518573659603197713e-16 2.959663738963844363e-17
8.022595477521831526e+03 7.903869520345080125e-17 2.468238728009439736e-17
8.027476259348621170e+03 1.737694576478746495e-16 2.994929216816610663e-17
8.032357041175410814e+03 1.287454494045240833e-16 2.545858669684545923e-17
8.037237823002200457e+03 8.822413081778763608e-17 2.630415058422380008e-17
8.042118604828990101e+03 1.409398730991123231e-16 3.018787188281574868e-17
8.046999386655779745e+03 1.510376369049288566e-16 3.098916665172858217e-17
8.051880168482569388e+03 1.780850444292729948e-16 2.738493379291071435e-17
8.056760950309359032e+03 1.586508387538070390e-16 2.647947206645989476e-17
8.061641732136148676e+03 1.702144977736709228e-16 2.683132397591161199e-17
8.066522513962938319e+03 -5.893634527542892930e-18 6.740489304642528990e-17
8.071403295789727963e+03 1.665800097189891188e-16 2.833259950615892598e-17
8.076284077616517607e+03 1.711886718640704993e-16 3.109638975316035592e-17
8.081164859443307250e+03 1.381622907682707408e-16 2.659351190613303703e-17
8.086045641270096894e+03 1.728372964789640259e-16 2.746505244320466454e-17
8.090926423096886538e+03 1.606467919573908941e-16 2.756134858544419020e-17
8.095807204923676181e+03 1.299186899174732307e-16 2.871732821885976294e-17
8.100687986750465825e+03 1.640088998926334695e-16 3.068367026272265371e-17
8.105568768577255469e+03 1.841113684585942866e-16 2.808699822239978278e-17
8.110449550404045112e+03 1.495205455404519464e-16 2.729501007844851279e-17
8.115330332230834756e+03 -3.727079813194568380e-17 5.870394641077246735e-17
8.120211114057624400e+03 1.636978648455932400e-16 2.756472801282823223e-17
8.125091895884414043e+03 1.426874348594163592e-16 2.747403610341020267e-17
8.129972677711203687e+03 2.517727052244472007e-16 3.735308664099374752e-17
8.134853459537993331e+03 6.273984314954561762e-17 2.703684325072576912e-17
8.139734241364782974e+03 1.618302592316062993e-16 2.853873358552542621e-17
8.144615023191572618e+03 1.760057424798665951e-16 2.769533631613791697e-17
8.149495805018362262e+03 2.449832924112559958e-16 2.947586447513625834e-17
8.154376586845151905e+03 1.311353486441813070e-16 2.708472696526196109e-17
8.159257368671941549e+03 1.731844982305096673e-16 2.774950076944677810e-17
8.164138150498731193e+03 1.655568346247477422e-16 3.705494272913314558e-17
8.169018932325520836e+03 9.734016573237494157e-17 2.767445169881562473e-17
8.173899714152310480e+03 9.942005156331912053e-17 2.019635143420811578e-17
8.178780495979100124e+03 1.041409141547931121e-16 2.851458992826267128e-17
8.183661277805889767e+03 9.844206063195210981e-17 3.067924344748368256e-17
8.188542059632679411e+03 -1.451986843210518616e-16 5.798465124435851863e-17
8.193422841459469055e+03 1.445621152405796893e-16 3.007557186384700680e-17
8.198303623286257789e+03 1.601267913258576157e-16 2.160930082981770779e-17
8.203184405113048342e+03 1.661915435506583624e-16 2.973950875783324657e-17
8.208065186939838895e+03 7.887549290487315646e-17 2.908820973173767134e-17
8.212945968766627630e+03 1.515132594897383648e-16 2.836202473646576037e-17
8.217826750593416364e+03 3.773256993077253949e-16 4.420603585270674034e-17
8.222707532420206917e+03 1.201215186319766613e-16 3.189017776593886340e-17
8.227588314246997470e+03 1.427364888353175446e-16 2.965031975882202647e-17
8.232469096073786204e+03 8.008066714903393659e-17 3.796834552150230541e-17
8.237349877900574938e+03 1.455314436159201780e-16 2.952286567476176374e-17
8.242230659727365492e+03 1.964736687726764681e-16 2.961626407826149214e-17
8.247111441554156045e+03 2.371496629118209697e-16 3.090424213388357802e-17
8.251992223380944779e+03 5.696860583799766705e-17 3.614544993647646922e-17
8.256873005207733513e+03 1.581052496998507384e-16 2.888359507596399592e-17
8.261753787034524066e+03 1.444248909939964134e-16 3.169040264364975742e-17
8.266634568861314619e+03 7.805341946476912372e-17 2.901473685357481483e-17
8.271515350688103354e+03 1.228716680358730732e-16 2.820351481496895512e-17
8.276396132514892088e+03 1.722421968422947027e-16 3.038229138621221244e-17
8.281276914341682641e+03 1.121277182969806767e-17 3.836124305414007655e-17
8.286157696168473194e+03 1.338404287703663605e-16 2.964322805260913505e-17
8.291038477995261928e+03 4.136748073626785543e-17 6.858341577905178826e-17
8.295919259822050662e+03 4.352978303160470903e-17 2.780894039405484592e-17
8.300800041648841216e+03 2.173581316029350620e-17 3.123254187813605739e-17
8.305680823475631769e+03 1.211900095733450490e-16 3.701183355501111698e-17
8.310561605302420503e+03 1.470829254587194428e-16 3.063540478782811133e-17
8.315442387129209237e+03 1.396548090617086327e-16 3.042685833602734960e-17
8.320323168955999790e+03 1.267545382735665787e-16 2.916177787318641855e-17
8.325203950782790344e+03 1.568493456661948777e-16 2.951988629723598543e-17
8.330084732609579078e+03 1.674277505277525327e-16 2.953120767170670700e-17
8.334965514436367812e+03 1.125138940918334891e-16 3.002078845572677172e-17
8.339846296263158365e+03 2.144009674967249122e-16 3.026164102321139326e-17
8.344727078089948918e+03 1.893752514596372955e-16 3.677713553202618598e-17
8.349607859916737652e+03 1.528488515169096264e-16 3.287921633510508476e-17
8.354488641743526387e+03 8.846552985888481618e-17 2.929816578418296658e-17
8.359369423570316940e+03 1.479781619547229745e-16 2.943164387090520234e-17
8.364250205397107493e+03 9.362035937136849374e-17 3.401828167520544240e-17
8.369130987223896227e+03 1.779169433666597710e-16 3.107949062499427796e-17
8.374011769050684961e+03 1.430495471508525397e-16 3.060067004313406693e-17
8.378892550877475514e+03 9.790792896554953764e-17 2.898340458592958717e-17
8.383773332704266068e+03 1.282824072450501112e-16 2.919951095115520123e-17
8.388654114531054802e+03 -7.473565034308627147e-17 4.472748692447824759e-17
8.393534896357843536e+03 4.113788352337161446e-17 3.245911128570966358e-17
8.398415678184634089e+03 1.296557170260076028e-16 3.014258514642169727e-17
8.403296460011424642e+03 8.793619628024210412e-17 3.041669133437534305e-17
8.408177241838213376e+03 6.203988031092287250e-17 3.195824672179520724e-17
8.413058023665002111e+03 6.190090600940464896e-17 2.875606743696063702e-17
8.417938805491792664e+03 1.108714779355016405e-16 3.134162084584316255e-17
8.422819587318583217e+03 1.152938849796670229e-16 2.919826419730740780e-17
8.427700369145371951e+03 1.827287958608029817e-16 3.875362003587491286e-17
8.432581150972160685e+03 2.365526716620627070e-16 3.015919518064547710e-17
8.437461932798951239e+03 2.429752989324691129e-16 3.215096990536803029e-17
8.442342714625741792e+03 2.040779134758004157e-16 5.253617790662665855e-17
8.447223496452530526e+03 2.267390916150451160e-16 3.024228058982015793e-17
8.452104278279319260e+03 1.235728132529366882e-16 2.868243331094067007e-17
8.456985060106109813e+03 1.924783554753791671e-16 3.165470747419304736e-17
8.461865841932900366e+03 1.453055662401507492e-16 2.949990517624882912e-17
8.466746623759689101e+03 6.718310053226038827e-17 2.794053331508859558e-17
8.471627405586477835e+03 1.605663261377119707e-16 2.947020505175262306e-17
8.476508187413268388e+03 1.420698150858548068e-16 2.958373256131963526e-17
8.481388969240058941e+03 1.060795563036264523e-16 2.882680721905726505e-17
8.486269751066847675e+03 5.806921776698984301e-17 3.065868767083141970e-17
8.491150532893636409e+03 2.539453718516137844e-16 3.170875670393798752e-17
8.496031314720426963e+03 2.175104624560998155e-16 3.065515121274365206e-17
8.500912096547217516e+03 9.401945563085670968e-17 3.565369165235174862e-17
8.505792878374006250e+03 2.469767401827830330e-16 3.351403076896812251e-17
8.510673660200794984e+03 2.097164176565259909e-16 3.104316679170892057e-17
8.515554442027585537e+03 1.483058639328271362e-16 3.286495478470623341e-17
8.520435223854376090e+03 1.261539862836730316e-16 2.938686930415623982e-17
8.525316005681164825e+03 5.821281770671255576e-17 2.882760343132941133e-17
8.530196787507953559e+03 1.468282563134614735e-16 3.018925561337560642e-17
8.535077569334744112e+03 6.272154838880133980e-17 2.859847064301433818e-17
8.539958351161534665e+03 6.546493482490939507e-17 3.561409967635452548e-17
8.544839132988323399e+03 6.736896962368574916e-17 2.819149867360902415e-17
8.549719914815112134e+03 1.164983401196038343e-16 2.986924252854447558e-17
8.554600696641902687e+03 1.378611762063299875e-16 3.253253267544477494e-17
8.559481478468693240e+03 1.470017412822543759e-17 3.152535649116149829e-17
8.564362260295481974e+03 9.172553677408095388e-17 4.115742467875695719e-17
8.569243042122270708e+03 1.690699061312934152e-16 3.039825893923148938e-17
8.574123823949061261e+03 3.262567099436107198e-17 3.559292285160555461e-17
8.579004605775851815e+03 1.128218401055451924e-16 2.868777419504691535e-17
8.583885387602640549e+03 1.541053734832570123e-16 2.962892392233050110e-17
8.588766169429429283e+03 1.563547433529160061e-18 3.352443340110350193e-17
8.593646951256219836e+03 1.964083688762329979e-16 3.051338225416187406e-17
8.598527733083010389e+03 1.407095663749427996e-16 3.107812643930627576e-17
8.603408514909799123e+03 1.192114312295609414e-16 3.448549148934264081e-17
8.608289296736587858e+03 1.836949606688581541e-16 3.176443795164880786e-17
8.613170078563378411e+03 4.586943555789646235e-17 2.934510638305610113e-17
8.618050860390168964e+03 1.076382752559035315e-16 6.287460744741906334e-17
8.622931642216957698e+03 9.846092647086010663e-17 2.915274397351217762e-17
8.627812424043746432e+03 2.809790149697250957e-17 3.481891291013923984e-17
8.632693205870536985e+03 2.414059040117162016e-16 3.083832952230991746e-17
8.637573987697327539e+03 1.893624493537476802e-16 2.929239829585090030e-17
8.642454769524116273e+03 1.412324327640759312e-16 2.995357439645749947e-17
8.647335551350905007e+03 1.856550763207589669e-16 2.982127462544117088e-17
8.652216333177695560e+03 9.567347376881077066e-17 3.081249580740645433e-17
8.657097115004486113e+03 -3.444524950017135420e-17 6.628361208457730999e-17
8.661977896831274848e+03 2.834937165367313842e-16 3.276935852447478566e-17
8.666858678658063582e+03 1.760319745281237810e-16 3.112173289818989571e-17
8.671739460484854135e+03 9.667976304840708466e-17 3.529909619477932787e-17
8.676620242311644688e+03 5.922536777303302888e-17 2.848178060981261192e-17
8.681501024138433422e+03 1.879839254726995879e-16 2.979146522545552909e-17
8.686381805965222156e+03 4.986362161000763133e-17 2.889798937656001272e-17
8.691262587792012710e+03 3.781285857996715921e-17 3.282645495423677275e-17
8.696143369618803263e+03 4.657613421777985187e-17 3.849176414640809065e-17
8.701024151445591997e+03 2.239243068200721689e-16 3.151572044953321156e-17
8.705904933272380731e+03 8.286474331149656733e-17 3.683586714466463360e-17
8.710785715099171284e+03 1.746163943454345029e-16 3.038639612812189095e-17
8.715666496925961837e+03 1.734936717661147761e-16 2.375719284878248633e-17
8.720547278752750572e+03 1.556256810363878217e-16 3.252856987745994359e-17
8.725428060579539306e+03 1.145911397919570377e-16 3.008614696132415189e-17
8.730308842406329859e+03 1.193640329121259040e-16 2.978659319286726556e-17
8.735189624233120412e+03 1.852041564470759164e-16 3.061764010533222562e-17
8.740070406059909146e+03 1.631511696006108761e-16 2.885489316337572583e-17
8.744951187886697880e+03 4.756182925760547331e-17 3.300448588858209406e-17
8.749831969713488434e+03 1.450906274493976469e-16 2.989922838988016478e-17
8.754712751540278987e+03 1.035922311168230630e-16 3.057997855544494806e-17
8.759593533367067721e+03 1.866234541134176263e-16 3.082608091086524858e-17
8.764474315193856455e+03 1.915914657284776268e-16 3.184838188631150516e-17
8.769355097020647008e+03 9.028355340938097751e-17 3.180965396393482520e-17
8.774235878847437561e+03 5.965056186766588904e-17 3.879521286251386983e-17
8.779116660674226296e+03 1.805031867987350158e-16 3.046973569827443936e-17
8.783997442501015030e+03 1.196482774551773387e-16 3.091190263737517383e-17
8.788878224327805583e+03 1.585114119693154488e-16 2.878271600296453471e-17
8.793759006154596136e+03 8.559195909894677280e-17 2.791350771695660334e-17
8.798639787981384870e+03 8.757806412231420834e-17 3.242947820092262280e-17
8.803520569808173605e+03 1.949782689652315335e-16 3.317783468846139254e-17
8.808401351634964158e+03 -1.213888776668450097e-16 4.216715551962665079e-17
8.813282133461754711e+03 1.535290973768574241e-16 2.928401958830842203e-17
8.818162915288543445e+03 1.515094293963787467e-16 2.969977832846823451e-17
8.823043697115332179e+03 3.944370787289261127e-16 9.703344202645313896e-17
8.827924478942122732e+03 2.028148449293760702e-16 3.351902438434647676e-17
8.832805260768913286e+03 1.092316203355295306e-16 3.055251037735592454e-17
8.837686042595702020e+03 1.339021571340508996e-16 3.508265892000972814e-17
8.842566824422490754e+03 1.543531553674417042e-16 2.852283634003057517e-17
8.847447606249281307e+03 1.352303784374427448e-16 2.892632828552965460e-17
8.852328388076071860e+03 1.055984174516685203e-16 2.966639542363776152e-17
8.857209169902860594e+03 1.158803863821665459e-16 3.014898983828058455e-17
8.862089951729649329e+03 2.122714539381630036e-16 3.100438818395063586e-17
8.866970733556439882e+03 6.165503871370924876e-17 2.976147618441023510e-17
8.871851515383230435e+03 6.910499890426093995e-17 3.235320245174854089e-17
8.876732297210019169e+03 9.039113169671460672e-17 3.064825241020040381e-17
8.881613079036807903e+03 2.018174399557926403e-16 2.991527296285641562e-17
8.886493860863598456e+03 8.701525257339826752e-17 2.886420300296219827e-17
8.891374642690389010e+03 1.577046643119156090e-16 3.062628534956097621e-17
8.896255424517177744e+03 1.532682112799336971e-16 2.995118444200062628e-17
8.901136206343966478e+03 1.070324895416524190e-16 2.930019317132300820e-17
8.906016988170757031e+03 9.894668779561180969e-17 2.881971407925469824e-17
8.910897769997547584e+03 1.270276228604476554e-16 3.293846783109339958e-17
8.915778551824336319e+03 1.734831199361838310e-16 2.990999205260362983e-17
8.920659333651125053e+03 1.954671592161201772e-16 2.955016972851661418e-17
8.925540115477915606e+03 6.666374888448533797e-17 3.442197710506818476e-17
8.930420897304706159e+03 1.683797678773250680e-16 3.481087487902389851e-17
8.935301679131494893e+03 2.067749000633230094e-16 3.132720081223974184e-17
8.940182460958283627e+03 2.709152464801579003e-16 3.324855873871693339e-17
8.945063242785074181e+03 1.512052579695705993e-16 2.967362601640731324e-17
8.949944024611864734e+03 3.279121974086963995e-17 3.078387324172520609e-17
8.954824806438653468e+03 2.156960173201344989e-16 3.131958524436374522e-17
8.959705588265442202e+03 1.980740476585514947e-16 3.286355981267816722e-17
8.964586370092232755e+03 1.915870998299824817e-16 3.177119691698580576e-17
8.969467151919023308e+03 1.794748541714302271e-16 2.942510673794731017e-17
8.974347933745812043e+03 1.454586273171380501e-16 2.881907784840556374e-17
8.979228715572600777e+03 8.676449990607233580e-17 5.115393086045212565e-17
8.984109497399391330e+03 -2.067430255302592096e-17 4.234376800100863089e-17
8.988990279226181883e+03 2.142703436459576442e-17 3.177148946559843124e-17
8.993871061052970617e+03 6.573345416776167165e-17 4.024178688559811858e-17
8.998751842879759351e+03 1.308777692290068938e-16 3.077821474010606972e-17
9.003632624706549905e+03 2.249648833595885170e-16 3.614635347430146712e-17
9.008513406533340458e+03 1.146126917271436636e-16 2.846055882641300761e-17
9.013394188360129192e+03 4.022045787996593085e-17 3.069598499842762171e-17
9.018274970186917926e+03 6.221637633208078239e-17 2.441029043691210890e-17
9.023155752013708479e+03 1.079976205997644399e-16 3.252215426462898231e-17
9.028036533840499033e+03 1.808251268277777869e-16 3.285485474548961622e-17
9.032917315667287767e+03 1.491393231605032197e-16 2.958059060246273363e-17
9.037798097494076501e+03 7.629844167400280128e-17 3.110626723545656966e-17
9.042678879320867054e+03 7.907655464272000178e-17 2.861839479679530060e-17
9.047559661147657607e+03 1.458229780604003552e-16 2.979852194499683577e-17
9.052440442974446341e+03 6.415557968587452583e-17 3.138562372273056605e-17
9.057321224801235076e+03 9.980782572222814023e-17 2.828289505549459906e-17
9.062202006628025629e+03 7.742725218179549747e-17 3.288220125957258245e-17
9.067082788454816182e+03 8.068768554431654734e-17 2.910626613785538622e-17
9.071963570281604916e+03 7.792530010131064439e-17 3.085359902020303840e-17
9.076844352108393650e+03 2.016854579808434190e-16 3.085150992708849932e-17
9.081725133935184203e+03 3.008031267038992309e-16 3.438709006928011553e-17
9.086605915761974757e+03 1.533190195312005715e-16 3.073778545257187356e-17
9.091486697588763491e+03 6.806746814425115395e-17 3.091043746405822239e-17
9.096367479415552225e+03 4.643320239071029796e-17 2.873938634271291084e-17
9.101248261242342778e+03 1.517372267705978661e-16 3.437402046572348120e-17
9.106129043069133331e+03 7.536832422637669340e-17 3.156792018863553123e-17
9.111009824895922065e+03 9.120040304989486730e-17 2.961784591950000053e-17
9.115890606722710800e+03 1.237343626449603102e-16 3.202073556633579557e-17
9.120771388549501353e+03 2.436283454214121372e-16 3.295372417629231588e-17
9.125652170376291906e+03 1.440050877710054667e-16 3.163829552403228125e-17
9.130532952203080640e+03 1.389042529444325712e-16 3.052411617202568416e-17
9.135413734029869374e+03 -7.804844378359427305e-17 5.524373986004939196e-17
9.140294515856659928e+03 -3.922994247051142061e-17 3.524901748878227863e-17
9.145175297683450481e+03 -2.402087717387323566e-19 2.943954302878331904e-17
9.150056079510239215e+03 2.709027964854710986e-16 3.271853484316355927e-17
9.154936861337027949e+03 1.661157726809095427e-16 3.023358659114163664e-17
9.159817643163818502e+03 -2.392800889091664792e-17 3.029974575400619878e-17
9.164698424990609055e+03 3.828348343290868585e-17 2.885458083758964865e-17
9.169579206817397790e+03 5.069206541258507737e-17 2.998584575503152736e-17
9.174459988644186524e+03 1.153013059088866902e-16 3.781726586474974027e-17
9.179340770470977077e+03 9.089697865110467158e-17 2.973196422303553817e-17
9.184221552297767630e+03 6.899817280771239888e-17 3.212476068599536426e-17
9.189102334124556364e+03 1.434041151730915608e-16 3.133132802278743134e-17
9.193983115951345098e+03 1.105908206896776713e-16 2.947684025777018226e-17
9.198863897778135652e+03 1.292899397406039838e-16 2.981879487801290206e-17
9.203744679604926205e+03 -6.575468199096932669e-18 2.915549094305685361e-17
9.208625461431714939e+03 7.186135936780548990e-17 3.921971915155597496e-17
9.213506243258503673e+03 1.385543084795251758e-16 2.942107853073467749e-17
9.218387025085294226e+03 -1.840981713729644407e-17 3.630043284718695519e-17
9.223267806912084779e+03 1.228636007814508944e-16 3.035871121490431133e-17
9.228148588738873514e+03 2.053142036503343368e-16 3.268555535515229163e-17
9.233029370565662248e+03 1.020843462037936736e-16 3.174203479741434052e-17
9.237910152392452801e+03 8.480659910928353159e-17 2.990572137064080822e-17
9.242790934219243354e+03 1.056936184463553946e-16 3.233618341867458837e-17
9.247671716046032088e+03 1.114874495263971534e-16 3.099712905277922208e-17
9.252552497872820823e+03 1.398896301885774546e-16 3.002291005543779681e-17
9.257433279699611376e+03 1.451314296456137219e-16 3.829441826829408279e-17
9.262314061526401929e+03 8.038731426644848806e-17 3.016004638522641687e-17
9.267194843353190663e+03 -1.251685608443128556e-16 5.794125622426303718e-17
9.272075625179979397e+03 2.180320458761504576e-17 3.100744255802796301e-17
9.276956407006769950e+03 8.392950890528394588e-17 3.025287708591805894e-17
9.281837188833560504e+03 1.128285409977240502e-16 3.102007149480943193e-17
9.286717970660349238e+03 1.272325804266105813e-16 3.567176053452691647e-17
9.291598752487137972e+03 2.250648142912216209e-17 3.168523478846933775e-17
9.296479534313928525e+03 7.798218745116322385e-17 5.320057287163002031e-17
9.301360316140719078e+03 1.586953577397443130e-16 3.219296710509957205e-17
9.306241097967507812e+03 2.113024229556199620e-16 3.501198407826385792e-17
9.311121879794296547e+03 1.117419218385848410e-16 4.616442155141114851e-17
9.316002661621087100e+03 2.205897070464224128e-16 3.617534034983112680e-17
9.320883443447877653e+03 2.019972326689824211e-16 3.662068479553619967e-17
9.325764225274666387e+03 1.083536195846183035e-16 3.185276844405871591e-17
9.330645007101455121e+03 7.078054421299963689e-17 3.211812525711913894e-17
9.335525788928245674e+03 1.129559934976667141e-16 3.158797052972351925e-17
9.340406570755036228e+03 9.017409663623735162e-17 3.088685893390016617e-17
9.345287352581824962e+03 6.910289031170136556e-17 3.744418502762769257e-17
9.350168134408613696e+03 2.758869664880155918e-16 3.570582651973436328e-17
9.355048916235404249e+03 1.976642111202000844e-16 3.265279873078642937e-17
9.359929698062194802e+03 8.911209341180162361e-17 4.661648210968455252e-17
9.364810479888983537e+03 2.420915240216068949e-17 3.662253928789231761e-17
9.369691261715772271e+03 1.068701968652768709e-16 3.840580368363254840e-17
9.374572043542562824e+03 2.135318271630455162e-16 3.684906569712838664e-17
9.379452825369353377e+03 2.748879528218524535e-17 4.000406858706281136e-17
9.384333607196142111e+03 1.014787075720135814e-16 3.451022219412250171e-17
9.389214389022930845e+03 1.187858260237804936e-16 2.685675412652535243e-17
9.394095170849721399e+03 1.291032662779529618e-16 3.576482799728995885e-17
9.398975952676511952e+03 1.265200742288269036e-16 3.377187023684224927e-17
9.403856734503300686e+03 4.001389759800801398e-17 3.196246173354862993e-17
9.408737516330089420e+03 4.037934872604836738e-17 3.393386777938354271e-17
9.413618298156879973e+03 6.566775499108695652e-17 3.375489585661796171e-17
9.418499079983670526e+03 3.834591482540962401e-17 3.343332840909966405e-17
9.423379861810459261e+03 4.432328992732343193e-17 3.365548166434485910e-17
9.428260643637247995e+03 8.569353510066141327e-18 3.523759631308205297e-17
9.433141425464038548e+03 8.317606428951001838e-17 3.899593975352276710e-17
9.438022207290829101e+03 8.377572235624587339e-17 4.230996378417379124e-17
9.442902989117617835e+03 -3.775564153010424809e-18 3.346286007575848698e-17
9.447783770944406569e+03 5.161657115388545445e-17 3.541016375264406465e-17
9.452664552771197123e+03 2.015203103236412425e-16 4.120729469200887210e-17
9.457545334597987676e+03 -4.881166299395577086e-17 4.311127512563654329e-17
9.462426116424776410e+03 3.997288088169745069e-17 3.393812385450433768e-17
9.467306898251565144e+03 2.151774095317459479e-16 3.604324960253216444e-17
9.472187680078355697e+03 8.330098789086481353e-17 3.783461495434063616e-17
9.477068461905146251e+03 4.654657140548542180e-17 3.413480064205430173e-17
9.481949243731934985e+03 7.779479627197839419e-17 3.723303330648689831e-17
9.486830025558723719e+03 8.744098860722639819e-17 3.594714106640437772e-17
9.491710807385514272e+03 1.285474217765649653e-17 3.416518293137569374e-17
9.496591589212304825e+03 8.245051467829101746e-17 3.671236940417743321e-17
9.501472371039093559e+03 4.739633741325674744e-17 3.494576752384145715e-17
9.506353152865882294e+03 8.341094915686945568e-17 4.350156331889709262e-17
9.511233934692672847e+03 9.718298121457202411e-17 3.997581364534986039e-17
9.516114716519463400e+03 9.295430060334606544e-17 4.280179055511425612e-17
9.520995498346252134e+03 8.143169919456931895e-17 3.744057562492765812e-17
9.525876280173040868e+03 4.182755720408890280e-17 3.701656243625448422e-17
9.530757061999831421e+03 2.797246996027928229e-17 4.005430188049273448e-17
9.535637843826621975e+03 2.393548819285877272e-17 3.685605819977981424e-17
9.540518625653410709e+03 7.557311631020603126e-17 4.022825095675775554e-17
9.545399407480199443e+03 1.849024994616521802e-16 3.929662880406814621e-17
9.550280189306989996e+03 -1.148865350154395481e-16 5.842262839526406990e-17
9.555160971133780549e+03 6.625029841227977147e-17 4.070074294582792943e-17
9.560041752960569283e+03 8.575017502666314716e-17 3.804559674756435964e-17
9.564922534787358018e+03 1.911581273434378093e-16 4.046292384683382800e-17
9.569803316614148571e+03 3.494849233529847702e-17 3.892906875136014392e-17
9.574684098440939124e+03 1.679094951769323977e-17 3.953803948123515170e-17
9.579564880267727858e+03 2.460405594463508895e-16 4.496553904516418606e-17
9.584445662094516592e+03 1.721622998336782318e-17 4.173029504539604682e-17
9.589326443921307146e+03 -1.131436173828254385e-17 3.967271875509839848e-17
9.594207225748097699e+03 5.695794440102778069e-17 5.174313567250380457e-17
9.599088007574886433e+03 1.917208113214808700e-16 4.161802742900937446e-17
9.603968789401675167e+03 4.788006328614704705e-17 3.960263764059417868e-17
9.608849571228465720e+03 -4.713166675405004327e-17 4.182603807029716005e-17
9.613730353055256273e+03 1.781046921779944412e-16 4.463486894165476987e-17
9.618611134882045008e+03 9.231319395040151639e-17 4.189936763105135168e-17
9.623491916708833742e+03 7.202137971600617452e-17 4.194946295946295685e-17
9.628372698535624295e+03 6.953323184089349048e-17 4.168732002253045400e-17
9.633253480362414848e+03 1.389732851706982027e-16 5.005741273982958866e-17
9.638134262189203582e+03 2.719422449026258471e-16 4.534293179868259746e-17
9.643015044015992316e+03 7.650411252002037495e-17 4.381652328742053152e-17
9.647895825842782870e+03 2.484108761139464588e-16 5.377463891203556709e-17
9.652776607669573423e+03 -9.943740082040480951e-17 5.656573268981384179e-17
9.657657389496362157e+03 -1.020510474222819762e-16 5.822976185012794786e-17
9.662538171323150891e+03 4.275086332143264856e-17 5.139634044398744066e-17
9.667418953149941444e+03 1.430947966150886216e-16 4.478151596460687110e-17
9.672299734976731997e+03 3.691227999966193089e-17 4.600472043663866733e-17
9.677180516803520732e+03 8.685789025608228822e-17 4.868430824840113925e-17
9.682061298630309466e+03 2.251946131392411329e-16 4.771982281793277705e-17
9.686942080457100019e+03 1.373856880174821164e-16 4.572134906806703218e-17
9.691822862283890572e+03 1.532621594525209226e-16 4.893323315860180561e-17
9.696703644110679306e+03 6.477960046954755065e-17 5.340411101220253496e-17
9.701584425937468041e+03 -1.096905149178673224e-16 7.190650006692235721e-17
9.706465207764258594e+03 1.519227248295614876e-16 4.839508602693880468e-17
9.711345989591049147e+03 7.654677322621372177e-17 4.750153432366152033e-17
9.716226771417837881e+03 -7.454036858617362656e-17 5.818858491575682731e-17
9.721107553244626615e+03 -1.134105961640519283e-17 4.764782024011940445e-17
9.725988335071417168e+03 -1.140138724107543866e-16 6.545641976051230510e-17
9.730869116898207722e+03 -2.387560868648050801e-16 6.789798025343258296e-17
9.735749898724996456e+03 -1.085541038501457287e-16 4.772764060404922310e-17
9.740630680551785190e+03 5.709044416141347000e-17 6.049534455580834634e-17
9.745511462378575743e+03 -1.838804179379041244e-16 9.237326170668335148e-17
9.750392244205366296e+03 -1.262152124760370011e-16 6.503585595624344547e-17
9.755273026032155030e+03 -4.421371194173042047e-17 5.388044039097823783e-17
9.760153807858943765e+03 1.127192408890513917e-16 5.608655983212159211e-17
9.765034589685734318e+03 5.038420204222552653e-17 1.165220277560092740e-16
9.769915371512524871e+03 1.447591122783235741e-16 5.475933751902581865e-17
9.774796153339313605e+03 -2.322027429141501073e-16 7.917352460063680658e-17
9.779676935166102339e+03 8.111960529904037815e-17 6.569825089399572082e-17
9.784557716992892892e+03 6.997253196453835665e-17 5.486899087269263134e-17
9.789438498819683446e+03 1.653615517622095854e-16 5.647466701089716080e-17
9.794319280646472180e+03 1.536654750668506285e-16 5.725994281639389436e-17
9.799200062473260914e+03 7.865521529807156525e-17 5.572826640993651897e-17
9.804080844300051467e+03 1.488327179551595519e-16 5.890569116511164333e-17
9.808961626126842020e+03 1.446803528465083623e-16 5.906131871395556617e-17
9.813842407953630754e+03 1.313272959201209751e-16 5.948409680716929871e-17
9.818723189780419489e+03 3.883578438976021689e-17 5.942647184055382702e-17
9.823603971607210042e+03 1.750396243019194811e-16 6.455814050470513117e-17
9.828484753434000595e+03 3.053512156318170893e-16 8.505826972864482690e-17
9.833365535260789329e+03 1.206653797841477031e-16 6.453014643210286626e-17
9.838246317087578063e+03 3.816612958885665998e-17 8.214807884478680433e-17
9.843127098914368617e+03 -1.206837863370133343e-16 5.993385880208472865e-17
9.848007880741159170e+03 -1.339946019360192477e-16 6.546526484031811874e-17
9.852888662567947904e+03 6.463863508978314431e-17 6.507045837740100820e-17
9.857769444394736638e+03 9.202581200081576176e-18 6.705648380812625790e-17
9.862650226221527191e+03 2.683346580852078476e-16 6.960642473857571279e-17
9.867531008048317744e+03 -3.171209428566547060e-16 1.134287295915978919e-16
9.872411789875106479e+03 -1.741154017270018024e-17 6.607301876890979026e-17
9.877292571701895213e+03 7.461996183907813361e-17 6.856074361533461538e-17
9.882173353528685766e+03 1.083037316925824467e-16 6.819971749552844592e-17
9.887054135355476319e+03 1.549781371034361430e-16 7.014804529214754679e-17
9.891934917182265053e+03 1.872593669689240971e-16 6.885758191878207876e-17
9.896815699009053787e+03 1.359480938803659140e-17 7.318321974768309831e-17
9.901696480835844341e+03 6.614326602383180802e-17 7.601492554750956684e-17
9.906577262662634894e+03 -7.619793515269360569e-17 9.578485735563266207e-17
9.911458044489423628e+03 9.654203669660297906e-17 7.413367619951205143e-17
9.916338826316212362e+03 -3.964990300159726692e-16 8.539477976479423867e-17
9.921219608143002915e+03 -1.056759845006177118e-16 7.303855822296439606e-17
9.926100389969793468e+03 2.658553400593902212e-17 7.832558802090044897e-17
9.930981171796582203e+03 1.101988883576298907e-16 7.833326404545971631e-17
9.935861953623370937e+03 -2.404458891208437018e-17 7.791656676599577338e-17
9.940742735450161490e+03 -1.337694520587025838e-16 8.156435935920316348e-17
9.945623517276952043e+03 3.654852514187462256e-17 8.517434549998873712e-17
9.950504299103740777e+03 2.731524280143102355e-17 1.052177669643013172e-16
9.955385080930529512e+03 2.573065453159089785e-16 1.081899638102244843e-16
9.960265862757320065e+03 2.298040201914329415e-17 8.204217561479856239e-17
9.965146644584110618e+03 -3.767094003213387390e-17 9.208941061970299983e-17
9.970027426410899352e+03 -2.142531023470199657e-16 9.347482269954983576e-17
9.974908208237688086e+03 2.076394648835740950e-16 9.951416703819694626e-17
9.979788990064478639e+03 -1.457325825605869649e-16 8.369773619268226405e-17
9.984669771891269193e+03 2.523774406944774335e-16 8.728976015603759006e-17
9.989550553718057927e+03 -4.005837822726529026e-17 8.510296318122479276e-17
9.994431335544846661e+03 9.053149055140316432e-17 9.042882571208563314e-17
9.999312117371637214e+03 9.121064079697751004e-17 9.058881043808013670e-17
1.000419289919842777e+04 1.449229774451536838e-16 9.679517868298098609e-17
1.000907368102521650e+04 -2.850751123442968356e-17 9.112143558234593580e-17
1.001395446285200524e+04 6.894518605604419424e-17 9.140489094448363587e-17
1.001883524467879579e+04 1.209853388180103076e-16 1.043166663703190949e-16
1.002371602650558634e+04 2.864472562191377412e-16 1.025704551108434253e-16
1.002859680833237508e+04 4.088342135861755890e-16 1.031225477326006641e-16
1.003347759015916381e+04 1.717788727123973066e-16 9.763504878158001158e-17
1.003835837198595436e+04 -2.036928339680985144e-16 1.127782316775581274e-16
1.004323915381274492e+04 -5.629417986435231090e-16 1.331771719265866892e-16
1.004811993563953365e+04 2.780268224323523510e-16 1.294860630211829749e-16
1.005300071746632239e+04 9.143649504708559408e-17 1.044058739384037811e-16
1.005788149929311294e+04 -7.712646790401258873e-17 1.036130304152855986e-16
1.006276228111990349e+04 2.979185746120118564e-16 1.054797082503887812e-16
1.006764306294669223e+04 3.256154721952005944e-16 1.111068286450294584e-16
1.007252384477348096e+04 3.256275131791731807e-16 1.101413393299000025e-16
1.007740462660027151e+04 9.731267109677198793e-17 1.161534995341435024e-16
1.008228540842706207e+04 -1.786777501780067465e-16 1.114794483617255612e-16
1.008716619025385080e+04 -2.075630637742340584e-16 1.250811065703482797e-16
1.009204697208063953e+04 3.343566953439078828e-16 1.211704190182670931e-16
1.009692775390743009e+04 9.904480565884012433e-17 1.140116105906640734e-16
1.010180853573422064e+04 -3.706470269307650317e-16 1.092404433344611408e-16
1.010668931756100937e+04 -1.265677336072954739e-16 1.123331220605266970e-16
1.011157009938779811e+04 1.570837604441404180e-16 1.242750026339815240e-16
1.011645088121458866e+04 2.050821902764414605e-16 1.219261362307295300e-16
1.012133166304137922e+04 -2.017873177723932131e-16 1.788154411525423953e-16
1.012621244486816795e+04 -1.327453541421091415e-16 1.218155298619103093e-16
1.013109322669495668e+04 -1.751449789414537196e-16 1.387049345073393199e-16
1.013597400852174724e+04 1.502258065081441736e-16 1.417941840466768737e-16
1.014085479034853779e+04 -3.006366861370296902e-16 1.346529140108983124e-16
1.014573557217532652e+04 6.855029790841918283e-17 1.369327444411769865e-16
1.015061635400211526e+04 8.351974205520287038e-16 1.815946583360233814e-16
1.015549713582890581e+04 -3.664490921360906713e-17 1.386387178417345489e-16
1.016037791765569636e+04 -1.183455583320583874e-16 1.397747216266248899e-16
1.016525869948248510e+04 -5.968022562154905328e-17 1.453024681323187199e-16
1.017013948130927383e+04 -1.071547060400092245e-16 2.098105348976337888e-16
1.017502026313606439e+04 -5.776078427245992273e-17 1.463838165910073400e-16
1.017990104496285494e+04 -3.221920769769983208e-16 1.570882632736018917e-16
1.018478182678964367e+04 4.309005194242600405e-16 1.817939058556999347e-16
1.018966260861643241e+04 4.108772693896448885e-16 1.847203086702093233e-16
1.019454339044322296e+04 -5.043228343525159467e-16 1.715957039479002062e-16
1.019942417227001351e+04 -2.448308680685840385e-16 1.688826556149382370e-16
1.020430495409680225e+04 -5.732916010512544829e-16 1.862799420887308451e-16
1.020918573592359098e+04 -4.627614606198551311e-16 2.126522168093940470e-16
1.021406651775038154e+04 4.450040731865013730e-17 1.815515476004736924e-16
1.021894729957717209e+04 2.119763892599105231e-16 1.842357192713549860e-16
1.022382808140396082e+04 3.722116888530094858e-16 3.767021391629318017e-16
1.022870886323074956e+04 -2.821394520572634874e-16 2.236150579369548136e-16
1.023358964505754011e+04 -2.845392852720958292e-17 2.561119162956272557e-16
1.023847042688433066e+04 1.972940291172616260e-16 1.975582500807871902e-16
