# obs_wvl flux error  |  merged epoch (native): STIS CCD,STIS MAMA
1.580000000000000000e+03 4.707170119183992640e-14 6.741771718795849799e-14
1.581548252428790420e+03 7.460777648519122842e-14 3.846567505074991011e-14
1.583096504857580840e+03 3.995460108425606970e-14 1.966720474183637481e-14
1.584644757286371259e+03 -1.325098466035805426e-14 1.160070828804424760e-14
1.586193009715161679e+03 4.027867497078310231e-15 9.143119102629496960e-15
1.587741262143952099e+03 -2.660912602181605491e-15 6.801436639007450623e-15
1.589289514572742519e+03 -3.874629072236816459e-15 5.404547467708418523e-15
1.590837767001532939e+03 8.949274515620853990e-16 5.029816252719990861e-15
1.592386019430323358e+03 -3.879811541408683855e-15 4.055506067836091647e-15
1.593934271859113778e+03 -4.063851258830114276e-15 3.493735201675178007e-15
1.595482524287904198e+03 -4.805404086048737327e-15 2.953123342647504704e-15
1.597030776716694618e+03 7.305850108873806751e-16 2.966004593845760059e-15
1.598579029145485038e+03 3.759983819808036334e-15 2.909760339921000818e-15
1.600127281574275457e+03 -9.219423157018145671e-16 2.306281284907685763e-15
1.601675534003065877e+03 -1.986632501296729993e-15 1.976491450751941851e-15
1.603223786431856297e+03 -1.816115306565593935e-15 1.802060784348413313e-15
1.604772038860646717e+03 -2.086302921608058558e-16 1.726996693917974186e-15
1.606320291289437137e+03 -1.158765066677108418e-15 1.489113650146069022e-15
1.607868543718227556e+03 -2.779766949267192752e-15 1.223293022056976753e-15
1.609416796147017976e+03 -6.608174320317439269e-16 1.249448812439864380e-15
1.610965048575808396e+03 -3.268314887324345757e-17 1.206666047142302524e-15
1.612513301004598816e+03 2.206469699531821892e-15 1.288365403558650258e-15
1.614061553433389236e+03 2.840297429748164532e-15 1.232521791671562763e-15
1.615609805862179655e+03 1.213086388813037890e-15 1.049672182147961115e-15
1.617158058290970075e+03 2.768269966868926680e-16 9.098484105110541436e-16
1.618706310719760495e+03 -1.711220844562297492e-16 8.350481557730047690e-16
1.620254563148550915e+03 -6.787524568636394035e-16 7.363908719363277839e-16
1.621802815577341335e+03 -6.391249692449786022e-17 7.260896799265261752e-16
1.623351068006131754e+03 2.406660702346775814e-16 7.030483599420855349e-16
1.624899320434922174e+03 -2.840569325546137625e-16 6.246118039052876414e-16
1.626447572863712594e+03 -1.747310590968096073e-17 6.128608809808629467e-16
1.627995825292503014e+03 -3.382332372480634989e-16 5.514477312595770982e-16
1.629544077721293434e+03 -7.008590865251312942e-16 5.090894350414311309e-16
1.631092330150083853e+03 4.976361094144090719e-16 5.741727369890859712e-16
1.632640582578874273e+03 5.792229380979117357e-16 5.383108011589636948e-16
1.634188835007664693e+03 2.135431934743843570e-17 4.821372239529570372e-16
1.635737087436455113e+03 2.316332605084391784e-16 4.774575738517135705e-16
1.637285339865245533e+03 -1.078556789461559393e-16 4.298423707054334574e-16
1.638833592294035952e+03 -3.806138499412200344e-16 3.979832891048708135e-16
1.640381844722826372e+03 -2.843967822563791770e-16 3.911957373491482046e-16
1.641930097151616792e+03 -4.332546659394959537e-16 3.601704591143363058e-16
1.643478349580407212e+03 5.270459775350147150e-17 3.935081288248353886e-16
1.645026602009197632e+03 4.621093056953375557e-16 4.031333473277819948e-16
1.646574854437988051e+03 7.422007782854429372e-16 4.091468182059309001e-16
1.648123106866778471e+03 8.254499685005361870e-16 4.007716855406960073e-16
1.649671359295568891e+03 2.094624199932372262e-17 3.282636387608190488e-16
1.651219611724359311e+03 -3.182181298578492009e-16 3.050701840064097331e-16
1.652767864153149731e+03 -5.813473578219159694e-17 3.178255358752676453e-16
1.654316116581940150e+03 3.387265279802857401e-17 3.101380031920491452e-16
1.655864369010730570e+03 -6.684384076773374716e-17 2.946170467958256618e-16
1.657412621439520990e+03 -2.777431592287225340e-16 2.712274513826393062e-16
1.658960873868311410e+03 -2.848821729986941095e-17 2.881364168654684781e-16
1.660509126297101830e+03 1.815989682594890707e-16 2.903216779917417167e-16
1.662057378725892249e+03 1.782771430408602255e-16 2.878098921479994729e-16
1.663605631154682669e+03 1.692241165176672499e-16 2.864870472494069306e-16
1.665153883583473089e+03 1.649631664065867639e-16 2.779770865529501630e-16
1.666702136012263509e+03 -1.055814532435837199e-16 2.441172774666762059e-16
1.668250388441053929e+03 -3.492156443972291911e-16 2.232188975811188703e-16
1.669798640869844348e+03 -1.705019890212552176e-16 2.370057259362461648e-16
1.671346893298634768e+03 1.037880453934364147e-16 2.521102577535262096e-16
1.672895145727425188e+03 2.276049483983761348e-16 2.602168593570155388e-16
1.674443398156215608e+03 -8.816092504795954360e-17 2.209914061277137514e-16
1.675991650585006028e+03 -1.775937721582961018e-16 2.188423467085820205e-16
1.677539903013796447e+03 2.136509718629142104e-16 2.519202394001027034e-16
1.679088155442586867e+03 -3.022844681707941520e-16 1.913207706096522230e-16
1.680636407871377287e+03 -3.027625596239285551e-16 2.035544822554327627e-16
1.682184660300167707e+03 1.446146903184316824e-16 2.353977404555329083e-16
1.683732912728958127e+03 -8.767005076592551686e-18 2.068274652200393025e-16
1.685281165157748546e+03 1.126485088580835470e-16 2.272365593069760300e-16
1.686829417586538966e+03 2.188099100427210741e-16 2.255573380846903387e-16
1.688377670015329386e+03 2.422527829838508279e-16 2.248024744924740822e-16
1.689925922444119806e+03 1.469119072042791150e-17 1.991522818640918780e-16
1.691474174872910226e+03 2.426612784804094966e-16 2.273717479680711267e-16
1.693022427301700645e+03 -1.807099142735298300e-16 1.782546407393218358e-16
1.694570679730491065e+03 5.068099198326752781e-17 2.075692521596882897e-16
1.696118932159281485e+03 2.716942926469890928e-16 2.151116460842628217e-16
1.697667184588071905e+03 4.247624754941756245e-16 2.234639617123185038e-16
1.699215437016862325e+03 4.427886114966429173e-17 1.847297470866367301e-16
1.700763689445652744e+03 1.467788488853895357e-16 2.011804623337519895e-16
1.702311941874443164e+03 -2.116448981721588240e-16 1.583917574071614994e-16
1.703860194303233584e+03 -1.418634244284091388e-16 1.769044753183113489e-16
1.705408446732024004e+03 2.563005120207177455e-16 2.017590205765222073e-16
1.706956699160814424e+03 1.100141672631434787e-16 1.838018059305504747e-16
1.708504951589604843e+03 -5.877533929041389272e-18 1.775426350315078101e-16
1.710053204018395263e+03 -2.706446084232411956e-16 1.534433609150314377e-16
1.711601456447185683e+03 -3.860695352129917195e-17 1.762829932200949688e-16
1.713149708875976103e+03 -9.773003260822103604e-17 1.634654175907520707e-16
1.714697961304766523e+03 1.359641787279202827e-16 1.844722140843362749e-16
1.716246213733556942e+03 1.142749761738976245e-16 1.776633340969703894e-16
1.717794466162347362e+03 -9.333022444127194728e-18 1.669725820940861070e-16
1.719342718591137782e+03 -1.776240166661934306e-16 1.464563009216594195e-16
1.720890971019928202e+03 -2.335961272094919102e-16 1.437774325661940681e-16
1.722439223448718622e+03 -1.432338160419883153e-16 1.532005912281880912e-16
1.723987475877509041e+03 2.561877925420542052e-16 1.833294550883220873e-16
1.725535728306299461e+03 2.238050961976143382e-16 1.753754976141505634e-16
1.727083980735089881e+03 2.040618793797730902e-16 1.737220350271696703e-16
1.728632233163880301e+03 3.119731494945684302e-16 1.840148077474070225e-16
1.730180485592670721e+03 1.859463329516229374e-17 1.510208524276790870e-16
1.731728738021461140e+03 1.610052880965628340e-16 1.709357627649950394e-16
1.733276990450251560e+03 4.375706335080496308e-17 1.544297860349449711e-16
1.734825242879041980e+03 7.547451850388498381e-17 1.593549311821885705e-16
1.736373495307832400e+03 -8.735403359902692400e-18 1.515820923785119031e-16
1.737921747736622820e+03 1.713617635927474966e-16 1.669108753356491229e-16
1.739470000165413239e+03 -9.161932132359813077e-17 1.359198010677983094e-16
1.741018252594203659e+03 -1.721483765441317616e-16 1.333536151202859076e-16
1.742566505022994079e+03 3.487089046774696339e-17 1.491713334834282931e-16
1.744114757451784499e+03 -1.191282920275024295e-16 1.312719525239642924e-16
1.745663009880574918e+03 1.681601262692020893e-16 1.610435958121624447e-16
1.747211262309365338e+03 4.653012214696214296e-17 1.398656209040657994e-16
1.748759514738155758e+03 1.806019072240507783e-16 1.607455083261045759e-16
1.750307767166946178e+03 -3.120814903459510551e-17 1.348303119974312193e-16
1.751856019595736598e+03 9.267587257161667910e-18 1.436899141432849917e-16
1.753404272024527017e+03 2.255150036219202738e-16 1.590454220315039657e-16
1.754952524453317437e+03 -1.180198523903843947e-16 1.181765434006243869e-16
1.756500776882107857e+03 -2.865750038060397190e-16 1.081703088716046062e-16
1.758049029310898277e+03 -6.899489176382208031e-17 1.331886327257858952e-16
1.759597281739688697e+03 -1.719175245903494985e-17 1.320037028330027406e-16
1.761145534168479116e+03 -1.524409634244356298e-17 1.349118130596599835e-16
1.762693786597269536e+03 -1.024889905068487392e-16 1.247809991134091097e-16
1.764242039026059956e+03 9.963349173925558012e-17 1.442825809496282960e-16
1.765790291454850376e+03 -9.699211709669452956e-17 1.206862190307692881e-16
1.767338543883640796e+03 1.870903075393665927e-16 1.501367686980215853e-16
1.768886796312431215e+03 6.740015329596630391e-17 1.332199630929753337e-16
1.770435048741221635e+03 2.299405906590201317e-17 1.299462640750813982e-16
1.771983301170012055e+03 -9.502146957431460264e-17 1.183844763735830189e-16
1.773531553598802475e+03 -2.000216077092069912e-17 1.277012769609011359e-16
1.775079806027592895e+03 -1.416026981715257153e-16 1.112499373981091672e-16
1.776628058456383314e+03 2.563106269576842617e-16 1.523204440942922255e-16
1.778176310885173734e+03 -5.041788762105151399e-19 1.215427510066866232e-16
1.779724563313964154e+03 1.213840028369122684e-16 1.366808808793239226e-16
1.781272815742754574e+03 3.730158540014620742e-17 1.271623975360217966e-16
1.782821068171544994e+03 -1.456876988460283974e-17 1.215300998762139745e-16
1.784369320600335413e+03 2.701644906096993128e-17 1.271419866382360392e-16
1.785917573029125833e+03 -1.471756781421651661e-16 1.051421084851429054e-16
1.787465825457916253e+03 -3.115388127502149292e-17 1.192791588307315726e-16
1.789014077886706673e+03 2.371678773603401369e-17 1.212308244092133897e-16
1.790562330315497093e+03 1.030414271588901680e-16 1.317793655253102515e-16
1.792110582744287512e+03 3.359760228956511062e-17 1.187132988826438875e-16
1.793658835173077932e+03 1.141105183122738777e-16 1.286665729417848401e-16
1.795207087601868352e+03 2.203622124584185784e-17 1.155639022306153020e-16
1.796755340030658772e+03 -3.789241628029577828e-17 1.171377088734949763e-16
1.798303592459449192e+03 -1.456326613071483882e-16 9.987192560814631429e-17
1.799851844888239611e+03 -2.856631651537339907e-17 1.149763527246007424e-16
1.801400097317030031e+03 1.948985341979660438e-16 1.346590844519705097e-16
1.802948349745820451e+03 1.259666177858141632e-16 1.234112343535074770e-16
1.804496602174610871e+03 5.975777190241543400e-17 1.197723282429481866e-16
1.806044854603401291e+03 1.419967197677631842e-16 1.266664909643634857e-16
1.807593107032191710e+03 -1.412288500329723045e-16 9.329964450481059694e-17
1.809141359460982130e+03 1.997973018899917149e-16 1.323502961719626665e-16
1.810689611889772550e+03 1.371517274008316099e-16 1.202810504807974712e-16
1.812237864318562970e+03 -5.606838965451427279e-17 1.039153374071668332e-16
1.813786116747353390e+03 4.594269592356380038e-17 1.161809820348869123e-16
1.815334369176143809e+03 -7.912133258222860364e-17 9.673378210418866400e-17
1.816882621604934229e+03 3.790880049634880682e-17 1.155488151224430114e-16
1.818430874033724649e+03 -1.221078717983090035e-16 9.166663925307767153e-17
1.819979126462515069e+03 8.109338990051582266e-17 1.157549000904164885e-16
1.821527378891305489e+03 9.884487342805012917e-17 1.165628443232070123e-16
1.823075631320095908e+03 -8.802502937975503678e-17 9.349931423860380818e-17
1.824623883748886328e+03 4.650007757275525670e-17 1.093724647382918352e-16
1.826172136177676748e+03 3.607061334402595504e-17 1.073546129777683237e-16
1.827720388606467168e+03 1.051993714519313606e-16 1.150065537777645743e-16
1.829268641035257588e+03 4.720619736575791395e-17 1.075911531733170929e-16
1.830816893464048007e+03 1.501110619242691891e-16 1.175013026082432764e-16
1.832365145892838427e+03 6.606881484229409374e-17 1.068254340301488499e-16
1.833913398321628847e+03 6.348908686819347536e-17 1.101396696505663078e-16
1.835461650750419267e+03 1.177469989486973366e-16 1.135637151789975556e-16
1.837009903179209687e+03 1.616331337457264233e-16 1.157781647204873675e-16
1.838558155608000106e+03 4.856391726908944683e-17 1.032630584379632139e-16
1.840106408036790526e+03 -7.228705343889966136e-17 9.219355359058043217e-17
1.841654660465580946e+03 1.397582299631339417e-16 1.143717961104582907e-16
1.843202912894371366e+03 1.986990871042660987e-16 1.186242521594780004e-16
1.844751165323161786e+03 2.735254331115913499e-16 1.224606102459467248e-16
1.846299417751952205e+03 6.013276863110836679e-17 1.011769956176932601e-16
1.847847670180742625e+03 7.824246920082623168e-17 1.049815376507218735e-16
1.849395922609533045e+03 7.637249294102643634e-17 1.056086534711142138e-16
1.850944175038323465e+03 2.782156560661940836e-17 9.972544135041439087e-17
1.852492427467113885e+03 9.319537082915361401e-17 1.071864538261508089e-16
1.854040679895904304e+03 1.869371047033795138e-16 1.143242308990711630e-16
1.855588932324694724e+03 1.630947571045587305e-16 1.110406253301800114e-16
1.857137184753485144e+03 3.582692328147008647e-17 9.949355232142356437e-17
1.858685437182275564e+03 1.170942692993266599e-16 1.064223650166159423e-16
1.860233689611065984e+03 2.018591610249415519e-16 1.159325810464292380e-16
1.861781942039856403e+03 2.203655138338628055e-16 1.158638558918111428e-16
1.863330194468646823e+03 2.246686960425273616e-16 1.150326514818412980e-16
1.864878446897437243e+03 8.565162681969186430e-17 1.004523807389902165e-16
1.866426699326227663e+03 2.437642345392676792e-16 1.159702562946918962e-16
1.867974951755018083e+03 7.110606575915531667e-17 9.891204708502742707e-17
1.869523204183808502e+03 1.266136755677589750e-16 1.051950901406120257e-16
1.871071456612598922e+03 1.114161202754893604e-16 1.041046326701291050e-16
1.872619709041389342e+03 6.621819770902320284e-17 9.910864751824896008e-17
1.874167961470179762e+03 1.373104109959148854e-16 1.049519005380703138e-16
1.875716213898970182e+03 6.987635827382678531e-17 1.008296360126812867e-16
1.877264466327760601e+03 2.037162091944307517e-16 1.131335436623215658e-16
1.878812718756551021e+03 9.869869278245073025e-17 1.005171349220413659e-16
1.880360971185341441e+03 1.394988509757639039e-16 1.052032186965598514e-16
1.881909223614131861e+03 1.058567641200028440e-16 1.000792727903694184e-16
1.883457476042922281e+03 -6.937738014049237635e-17 8.344893004084116614e-17
1.885005728471712700e+03 -2.301129653610005571e-17 8.837265435370657054e-17
1.886553980900503120e+03 3.386788735054944544e-16 1.226901121095869273e-16
1.888102233329293540e+03 6.072316201509813584e-17 9.449929609793619962e-17
1.889650485758083960e+03 2.023748110799375824e-16 1.101488043150618489e-16
1.891198738186874380e+03 1.430336259026456767e-16 1.028091257361921611e-16
1.892746990615664799e+03 1.877360939971347467e-16 1.080427044174720321e-16
1.894295243044455219e+03 2.102239273296473118e-16 1.092148543242168375e-16
1.895843495473245639e+03 5.679296814820864765e-17 9.526044817005402745e-17
1.897391747902036059e+03 2.818546106820565765e-16 1.134693400635755017e-16
1.898940000330826479e+03 2.854532947070865607e-16 1.143992825792402656e-16
1.900488252759616898e+03 1.033732115050430991e-16 9.880779262498162477e-17
1.902036505188407318e+03 4.366665791569605378e-17 9.173975832886366656e-17
1.903584757617197738e+03 1.937620710874354532e-16 1.081058894044492707e-16
1.905133010045988158e+03 5.367997926874993232e-16 1.318313298862793369e-16
1.906681262474778578e+03 2.476731224142747509e-16 1.102272023598073912e-16
1.908229514903568997e+03 4.256384435499100997e-16 1.222190735875356606e-16
1.909777767332359417e+03 2.716428098851375127e-16 1.113616846812646131e-16
1.911326019761149837e+03 1.288780342045989888e-16 9.972227527348786343e-17
1.912874272189940257e+03 1.923208591594549795e-16 1.021107413763664809e-16
1.914422524618730677e+03 1.883068341704467650e-16 1.031077975977313147e-16
1.915970777047521096e+03 2.209190835524462447e-16 1.061370443561057950e-16
1.917519029476311516e+03 2.501107651198251078e-16 1.093869401850940554e-16
1.919067281905101936e+03 2.866965319814542032e-16 1.112634417649165107e-16
1.920615534333892356e+03 4.409019121372129536e-16 1.231803356929731865e-16
1.922163786762682776e+03 1.654824801832864830e-16 1.006948508549442193e-16
1.923712039191473195e+03 4.306691848546935999e-16 1.208701706728850142e-16
1.925260291620263615e+03 3.268484512438681436e-16 1.137633872012400639e-16
1.926808544049054035e+03 1.881429306081703194e-16 1.009807151877027204e-16
1.928356796477844455e+03 3.101239853233751090e-16 1.099400228197406348e-16
1.929905048906634875e+03 2.344580462369571950e-16 1.035254239834597868e-16
1.931453301335425294e+03 6.878736157616564583e-17 8.717671472322629601e-17
1.933001553764215714e+03 1.800086727979485560e-16 9.814040963088853450e-17
1.934549806193006134e+03 2.431198244375371962e-17 8.204390795734308057e-17
1.936098058621796554e+03 2.814929954119519583e-17 8.328936905571124421e-17
1.937646311050586974e+03 1.666637720369936141e-16 9.465180170840963912e-17
1.939194563479377393e+03 8.129833526621843164e-17 8.713262205693906463e-17
1.940742815908167813e+03 2.673776688620421054e-16 1.030917071810415865e-16
1.942291068336958233e+03 2.130582007544089668e-16 9.763901610642892956e-17
1.943839320765748653e+03 1.092800523801544277e-16 8.745363207485979172e-17
1.945387573194539073e+03 4.303127500901007791e-17 8.133049414335097492e-17
1.946935825623329492e+03 1.222962477908590541e-17 7.856609418995963465e-17
1.948484078052119912e+03 1.029607215679396090e-16 8.417465970830410528e-17
1.950032330480910332e+03 1.862874625135535219e-16 9.607842427198344371e-17
1.951580582909700752e+03 1.602429448915496745e-16 8.923442884109207495e-17
1.953128835338491172e+03 1.264878941655432991e-16 8.711058868839919985e-17
1.954677087767281591e+03 5.635096989041121277e-17 8.176068864532752121e-17
1.956225340196072011e+03 3.367548624166170192e-17 7.483778369390754384e-17
1.957773592624862431e+03 2.265332848823735965e-16 9.548595103621862201e-17
1.959321845053652851e+03 6.282769766890642050e-17 7.886663116612153201e-17
1.960870097482443271e+03 1.739925399418762398e-16 8.984805843900100520e-17
1.962418349911233690e+03 1.691999021983152446e-16 8.841788898126490404e-17
1.963966602340024110e+03 -4.030691097286656687e-17 6.734433508928301514e-17
1.965514854768814530e+03 8.041790706945621280e-17 7.861166968767594511e-17
1.967063107197604950e+03 9.201367706919156572e-17 7.866451762970016430e-17
1.968611359626395370e+03 2.696115622606182567e-16 9.509762779538549282e-17
1.970159612055185789e+03 1.428739664023175463e-16 8.379486250814635845e-17
1.971707864483976209e+03 7.476282866325476139e-17 7.819251225900257263e-17
1.973256116912766629e+03 1.036964394871636716e-16 8.111188670430929086e-17
1.974804369341557049e+03 -1.782993220797861470e-17 6.649358917044136990e-17
1.976352621770347469e+03 9.350530115456815076e-19 6.958436784635325440e-17
1.977900874199137888e+03 1.117301042391754076e-16 7.830896698766179692e-17
1.979449126627928308e+03 -2.108817158679031583e-17 6.607377267891020742e-17
1.980997379056718728e+03 1.513867952042590303e-16 8.116513397637693308e-17
1.982545631485509148e+03 1.599532911827080347e-16 8.441296438196642694e-17
1.984093883914299568e+03 2.506739880969640171e-17 6.801871522653281390e-17
1.985642136343089987e+03 1.663737465451163362e-16 8.179374123553427371e-17
1.987190388771880407e+03 5.263834316512276574e-17 7.063178447741036655e-17
1.988738641200670827e+03 8.410602866377299188e-17 7.412520270986552010e-17
1.990286893629461247e+03 3.295917283051740871e-17 6.738341814908806323e-17
1.991835146058251667e+03 1.731704221881069146e-16 8.035945367550336621e-17
1.993383398487042086e+03 1.413304321842290544e-16 7.732559432091703563e-17
1.994931650915832506e+03 1.276113898041468782e-16 7.637671231487463001e-17
1.996479903344622926e+03 9.620093297342246743e-17 7.199994606821023013e-17
1.998028155773413346e+03 7.878735937287871753e-17 6.916223580086608936e-17
1.999576408202203766e+03 1.327788987174849887e-16 7.509104377427989406e-17
2.001124660630994185e+03 9.683450475451426654e-17 7.138143065075324141e-17
2.002672913059784605e+03 9.708932775062152987e-17 7.007404711206763740e-17
2.004221165488575025e+03 1.291435891499837463e-16 7.309401416044421814e-17
2.005769417917365445e+03 8.242046576830208689e-17 6.623898320832534681e-17
2.007317670346155865e+03 2.013705026179861189e-16 7.958514154195625220e-17
2.008865922774946284e+03 8.552512343255852284e-17 6.765809764587995136e-17
2.010414175203736704e+03 6.448119212417254840e-17 6.502570703977480313e-17
2.011962427632527124e+03 1.094730878591872345e-16 6.947921126647538807e-17
2.013510680061317544e+03 8.307611828225666767e-17 6.520916764732824748e-17
2.015058932490107964e+03 1.573564460489463057e-16 7.271467398610324513e-17
2.016607184918898383e+03 1.430590206172639668e-16 6.931230096080116736e-17
2.018155437347688803e+03 2.830587325809857325e-16 8.172284333047734181e-17
2.019703689776479223e+03 1.117566115652875725e-16 6.587445273112803418e-17
2.021251942205269643e+03 2.460111048575357400e-16 7.596442815905454322e-17
2.022800194634060063e+03 3.137501038133771850e-16 8.398247219202677675e-17
2.024348447062850482e+03 8.387413616469185681e-17 6.363270239167637373e-17
2.025896699491640902e+03 1.001093930466304280e-16 6.301848430585764892e-17
2.027444951920431322e+03 2.725928611974476500e-16 7.825673196752251056e-17
2.028993204349221742e+03 4.806765126677069743e-17 5.859080660205302650e-17
2.030541456778012162e+03 9.838337278247486173e-17 6.329931712208658166e-17
2.032089709206802581e+03 7.101510621671509814e-17 6.077053425093076897e-17
2.033637961635593001e+03 9.348325363669520398e-17 6.214463668380117016e-17
2.035186214064383421e+03 1.626082511904118512e-16 6.742067816710855221e-17
2.036734466493173841e+03 1.348815427949947111e-16 6.525840373483849114e-17
2.038282718921964261e+03 2.372518720580498658e-16 7.274064317997271610e-17
2.039830971350754680e+03 1.589857893971862591e-16 6.757670116203857795e-17
2.041379223779545100e+03 1.354786282886471586e-16 6.370259069608194549e-17
2.042927476208335520e+03 2.195943405147539936e-16 7.132000234723329455e-17
2.044475728637125940e+03 8.327960613949766232e-17 5.660296602770385936e-17
2.046023981065916360e+03 2.793992563113046982e-16 7.575200621293997481e-17
2.047572233494706779e+03 1.927182468753602372e-16 6.790697877536115551e-17
2.049120485923497199e+03 1.833129407195148083e-16 6.696104527092634405e-17
2.050668738352287619e+03 7.964285149833543716e-17 5.899608067279168384e-17
2.052216990781078039e+03 1.131205283974964499e-16 5.856498020577585830e-17
2.053765243209868459e+03 1.648806343699023692e-16 6.473125460447250272e-17
2.055313495638658878e+03 1.548930424069576604e-16 6.419814817262204245e-17
2.056861748067449298e+03 6.822704344930916509e-17 5.508013062078896883e-17
2.058410000496239718e+03 5.911500977724136964e-17 5.422129481740675188e-17
2.059958252925030138e+03 1.264302947737200925e-16 6.034215263100105699e-17
2.061506505353820558e+03 1.568501176325643805e-16 6.211318485440608693e-17
2.063054757782610977e+03 1.275553545448771227e-16 6.050622093628977508e-17
2.064603010211401397e+03 6.959166727381893110e-17 5.387080027008074114e-17
2.066151262640191817e+03 1.011129177915820810e-16 5.691420345784619380e-17
2.067699515068982237e+03 1.036928640246645589e-16 5.601821512993718412e-17
2.069247767497772656e+03 1.480165501436876781e-16 5.926009788025985597e-17
2.070796019926563076e+03 1.146276123180128084e-16 5.682570254254930897e-17
2.072344272355353496e+03 1.872270371012393945e-16 6.288348754743793994e-17
2.073892524784143916e+03 9.790260761965043805e-17 5.501867919838737585e-17
2.075440777212934336e+03 1.220249516309199324e-16 5.663940206385388355e-17
2.076989029641724755e+03 1.967072605939388195e-16 6.055263423899463535e-17
2.078537282070515175e+03 2.321262008237878017e-16 6.504841870214693886e-17
2.080085534499305595e+03 1.580572456693741423e-16 5.830368320257478995e-17
2.081633786928096015e+03 1.125130795981231103e-16 5.615674364379329368e-17
2.083182039356886435e+03 5.473592673531403587e-17 4.920775070733136718e-17
2.084730291785676854e+03 1.378329295394163161e-16 5.564109924838191038e-17
2.086278544214467274e+03 9.896099020606495537e-17 5.368746454535808450e-17
2.087826796643257694e+03 6.701879269252453401e-17 4.888760533558091527e-17
2.089375049072048114e+03 1.050458024050668812e-16 5.277808471836020554e-17
2.090923301500838534e+03 1.030253170453375642e-16 5.273335987928849930e-17
2.092471553929628953e+03 2.652001138061180654e-17 4.476081781958882097e-17
2.094019806358419373e+03 4.546587126266807681e-17 4.770993144517312082e-17
2.095568058787209793e+03 2.614585507108926751e-17 4.444128582700508232e-17
2.097116311216000213e+03 3.944805996313559614e-17 4.647621000048078353e-17
2.098664563644790633e+03 1.600420370884574830e-17 4.344795039570431043e-17
2.100212816073581052e+03 1.494047445435699422e-17 4.125704247816336271e-17
2.101761068502371472e+03 1.123679009389931638e-16 5.286816714031835264e-17
2.103309320931161892e+03 6.809313956423346002e-17 4.601791267012094186e-17
2.104857573359952312e+03 1.135547508987496720e-16 5.142905771719643365e-17
2.106405825788742732e+03 7.601273934906834383e-17 4.654825396160640315e-17
2.107954078217533151e+03 1.011327193292456183e-16 4.985260509819714500e-17
2.109502330646323571e+03 9.051083180605917861e-17 4.754330715738077351e-17
2.111050583075113991e+03 1.641902624719081097e-16 5.327946924938293268e-17
2.112598835503904411e+03 9.685171471906656287e-17 4.836046712005830350e-17
2.114147087932694831e+03 9.401389518578668974e-17 4.798910987807911082e-17
2.115695340361485250e+03 1.048610255355979668e-16 4.796727321630194531e-17
2.117243592790275670e+03 9.644577270642473734e-17 4.818499170550768982e-17
2.118791845219066090e+03 9.238973173399977334e-17 4.713999329135404630e-17
2.120340097647856510e+03 6.238359544290113190e-17 4.381221204485371482e-17
2.121888350076646930e+03 8.627146153906665535e-17 4.495364977537544832e-17
2.123436602505437349e+03 1.485636938688760803e-16 5.173211561531799523e-17
2.124984854934227769e+03 1.036963681263069349e-16 4.656805075817903319e-17
2.126533107363018189e+03 1.302367332887361605e-16 4.913447308734959050e-17
2.128081359791808609e+03 7.676307771240062815e-17 4.474085742859822776e-17
2.129629612220599029e+03 8.274822871947168647e-17 4.579299982152080845e-17
2.131177864649389448e+03 9.633604613446623026e-17 4.603181483187848071e-17
2.132726117078179868e+03 8.135259015859378723e-17 4.377027356033405600e-17
2.134274369506970288e+03 1.245771586618687936e-16 4.811715690434325916e-17
2.135822621935760708e+03 9.683246463256670957e-17 4.403582948878436830e-17
2.137370874364551128e+03 1.484612510689000404e-16 5.090956570272376166e-17
2.138919126793341547e+03 5.010527602813628073e-17 4.051001798784670242e-17
2.140467379222131967e+03 7.373473070721105616e-17 4.331904989668955466e-17
2.142015631650922387e+03 9.114761557148468434e-17 4.358095645769514290e-17
2.143563884079712807e+03 1.585891220611279733e-16 4.976200767604477815e-17
2.145112136508503227e+03 6.937280149684444508e-17 4.201701249063986797e-17
2.146660388937293646e+03 1.198642995306027930e-16 4.525537699309484551e-17
2.148208641366084066e+03 1.327421183259467619e-16 4.811196704230402205e-17
2.149756893794874486e+03 4.551413362179692690e-17 3.943731411924018517e-17
2.151305146223664906e+03 9.798566915174046332e-17 4.427464748414656828e-17
2.152853398652455326e+03 8.116238260588445950e-17 4.166041596950575173e-17
2.154401651081245745e+03 1.140402158560100382e-16 4.405374414564179152e-17
2.155949903510036165e+03 1.235465469605028206e-16 4.517520302110439566e-17
2.157498155938826585e+03 1.315217303573828569e-16 4.626839263305355514e-17
2.159046408367617005e+03 8.772692712811672903e-17 4.316676837622261921e-17
2.160594660796407425e+03 5.317239897526549549e-17 3.810732924217416297e-17
2.162142913225197844e+03 1.324938353444596977e-16 4.549396627256060364e-17
2.163691165653988264e+03 1.042519918438363130e-16 4.185684831846996547e-17
2.165239418082778684e+03 1.487340468098450581e-16 4.708867020065986493e-17
2.166787670511569104e+03 4.233580700431764580e-17 3.808989931229319968e-17
2.168335922940359524e+03 1.696720214223594061e-17 3.411455694972833782e-17
2.169884175369149943e+03 1.002602489579762931e-16 4.192696613715633979e-17
2.171432427797940363e+03 1.045906235770976770e-16 4.197523108207655540e-17
2.172980680226730783e+03 7.386114007948166619e-17 3.965387740234149663e-17
2.174528932655521203e+03 9.656647472102191992e-17 4.051482972444343815e-17
2.176077185084311623e+03 1.443887510228719012e-16 4.521507018439532281e-17
2.177625437513102042e+03 4.071724700407609155e-17 3.608630828781536614e-17
2.179173689941892462e+03 8.246838582595586348e-17 3.849597519883035179e-17
2.180721942370682882e+03 1.577517701209028944e-16 4.515667454965148505e-17
2.182270194799473302e+03 1.068394133554632939e-16 4.178221393219742861e-17
2.183818447228263722e+03 1.058754836844905808e-16 4.108044084205328563e-17
2.185366699657054141e+03 8.996475839422964087e-17 4.103146456150716626e-17
2.186914952085844561e+03 8.683592700321497433e-18 3.304564520832685948e-17
2.188463204514634981e+03 5.626180173984527177e-17 3.581764670573088041e-17
2.190011456943425401e+03 1.225045503293261446e-16 4.241563534743000673e-17
2.191559709372215821e+03 9.324634323577762113e-17 3.893738849297192184e-17
2.193107961801006240e+03 1.610585763492740853e-16 4.455051126593725657e-17
2.194656214229796660e+03 1.102722841041536412e-16 4.122369961271895724e-17
2.196204466658587080e+03 1.125592935031395164e-16 4.083228793039030441e-17
2.197752719087377500e+03 9.093440098790895325e-17 3.935638620659311103e-17
2.199300971516167920e+03 8.724952625374734743e-17 3.824467966585630853e-17
2.200849223944958339e+03 1.102048701306821742e-16 4.055650777517808461e-17
2.202397476373748759e+03 8.410157684211712248e-17 3.975054091113272485e-17
2.203945728802539179e+03 2.022932898871114506e-17 3.255333075864109681e-17
2.205493981231329599e+03 4.285792528001274719e-17 3.494239917937144408e-17
2.207042233660120019e+03 6.323508839789448873e-17 3.638000107614105185e-17
2.208590486088910438e+03 5.687993851149245161e-17 3.540143251122581786e-17
2.210138738517700858e+03 1.027267579611465635e-16 3.854612465128425898e-17
2.211686990946491278e+03 1.125570024717712497e-16 3.905901003359036878e-17
2.213235243375281698e+03 1.067948106816453307e-16 4.016161558330089346e-17
2.214783495804072118e+03 7.141301052254328655e-17 3.605146581341013612e-17
2.216331748232862537e+03 1.060135872502909402e-16 3.909545898653744123e-17
2.217880000661652957e+03 1.126003685587856910e-16 3.896324951017774679e-17
2.219428253090443377e+03 9.249893700524302435e-17 3.819259776923535359e-17
2.220976505519233797e+03 5.189565424786002371e-17 3.311007816345509716e-17
2.222524757948024217e+03 1.006500374590759046e-16 3.904710451024726709e-17
2.224073010376814636e+03 6.158348943199254506e-17 3.331798263453724863e-17
2.225621262805605056e+03 1.314480781561265502e-16 4.043954943179930250e-17
2.227169515234395476e+03 5.760384896078996839e-17 3.503035922993050334e-17
2.228717767663185896e+03 3.537354873142397530e-17 3.160316538445841418e-17
2.230266020091976316e+03 7.763872981434399918e-17 3.654189733457358337e-17
2.231814272520766735e+03 -3.359629321757917759e-18 2.831338346555424707e-17
2.233362524949557155e+03 1.910949533435417955e-17 3.091380315636733341e-17
2.234910777378347575e+03 2.032101443647571971e-17 2.950283527714908410e-17
2.236459029807137995e+03 8.101644979131544491e-17 3.460264015829964243e-17
2.238007282235928415e+03 1.038264073390910456e-16 3.772465693695011519e-17
2.239555534664718834e+03 7.589970450139443954e-17 3.413287807948792010e-17
2.241103787093509254e+03 1.170443940119735797e-16 3.752593462363273787e-17
2.242652039522299674e+03 9.676281277554326427e-17 3.737333685410310623e-17
2.244200291951090094e+03 4.322365551929475039e-17 3.211702099855323523e-17
2.245748544379880514e+03 5.079864341690758584e-17 3.279823118501787476e-17
2.247296796808670933e+03 3.174715747581501455e-17 3.032377925146564204e-17
2.248845049237461353e+03 7.887243931647689168e-17 3.507964914314660289e-17
2.250393301666251773e+03 6.433118435256856595e-17 3.369176753748614114e-17
2.251941554095042193e+03 3.668319806636651671e-17 3.097940633464607150e-17
2.253489806523832613e+03 5.039670870738053625e-17 3.192605973642967337e-17
2.255038058952623032e+03 4.564146525111647909e-17 3.164657088493125359e-17
2.256586311381413452e+03 6.140426832542796589e-17 3.297175942442511250e-17
2.258134563810203872e+03 9.981362056245652163e-17 3.542216260186534057e-17
2.259682816238994292e+03 8.948181878000226062e-17 3.493673229935269589e-17
2.261231068667784712e+03 6.896759481241431609e-17 3.371896625221123619e-17
2.262779321096575131e+03 7.658688067510670443e-17 3.239997252226066762e-17
2.264327573525365551e+03 1.320765589062209323e-16 3.869595200866285441e-17
2.265875825954155971e+03 4.764226723813821494e-17 3.206047039085627077e-17
2.267424078382946391e+03 4.119726926752566545e-17 3.037494568022597444e-17
2.268972330811736811e+03 4.742561390885480211e-17 3.135277104413541369e-17
2.270520583240527230e+03 5.617870673860254149e-17 3.312562622185997592e-17
2.272068835669317650e+03 2.789756718039954454e-17 2.908266520285136962e-17
2.273617088098108070e+03 6.710265098328235537e-17 3.377011659319415451e-17
2.275165340526898490e+03 3.744902995025433196e-17 2.845931120457408448e-17
2.276713592955688910e+03 1.396899000657357064e-16 3.739942030512196973e-17
2.278261845384479329e+03 1.177631636419565375e-16 3.699743783166042315e-17
2.279810097813269749e+03 7.829401961732180205e-17 3.253089825523937654e-17
2.281358350242060169e+03 1.293671524305631958e-16 3.614135239878638815e-17
2.282906602670850589e+03 1.537976140102829943e-16 3.937542900755351625e-17
2.284454855099641009e+03 8.302931176887972265e-17 3.262147627285409520e-17
2.286003107528431428e+03 1.123240468484705387e-16 3.616530856891838247e-17
2.287551359957221848e+03 5.852535304047192446e-17 3.193462799721288483e-17
2.289099612386012268e+03 6.891078786724593680e-17 3.160053636824415482e-17
2.290647864814802688e+03 9.268849949667885603e-17 3.492800644289250558e-17
2.292196117243593108e+03 4.036555707254316637e-17 2.995091966862014203e-17
2.293744369672383527e+03 6.791611790597804370e-17 3.206846292945725331e-17
2.295292622101173947e+03 6.923115313602786356e-17 3.127999044149921462e-17
2.296840874529964367e+03 1.014805867747766440e-16 3.521290539191160501e-17
2.298389126958754787e+03 2.896702981317159816e-17 2.849398061088093048e-17
2.299937379387545207e+03 3.011409041184496475e-17 2.836389048519185413e-17
2.301485631816335626e+03 7.071900613310958610e-17 3.345589136026372877e-17
2.303033884245126046e+03 1.702141074697712965e-17 2.671871618187370372e-17
2.304582136673916466e+03 9.389219374244911724e-17 3.330117098981297685e-17
2.306130389102706886e+03 1.151442063054741931e-16 3.564919180564616078e-17
2.307678641531497306e+03 6.678886542931175325e-17 3.166844997325303660e-17
2.309226893960287725e+03 9.014019274212418894e-17 3.264676224082261083e-17
2.310775146389078145e+03 1.037961831774315068e-16 3.488652208118720244e-17
2.312323398817868565e+03 3.894717307469724948e-17 2.974713048712155524e-17
2.313871651246658985e+03 5.744673126252357217e-17 2.906622651293069712e-17
2.315419903675449405e+03 1.507695897855513256e-16 3.682636502016557747e-17
2.316968156104239824e+03 1.655980220665729283e-16 3.836884557051438166e-17
2.318516408533030244e+03 1.289443568540467552e-16 3.569438211782845839e-17
2.320064660961820664e+03 4.852324687327789665e-17 2.968346617424942274e-17
2.321612913390611084e+03 7.042039212467430087e-17 3.154276953794097405e-17
2.323161165819401504e+03 8.036270088722860138e-17 3.194681084797670074e-17
2.324709418248191923e+03 1.092828700854302699e-16 3.409236608523719441e-17
2.326257670676982343e+03 1.164785694161295881e-16 3.449078836537913785e-17
2.327805923105772763e+03 1.101185629388719573e-16 3.399437922074881235e-17
2.329354175534563183e+03 1.302406102386911521e-16 3.500724997891783704e-17
2.330902427963353603e+03 1.278505930734446498e-16 3.414889320709386382e-17
2.332450680392144022e+03 1.878168764772387383e-16 3.940769888159896305e-17
2.333998932820934442e+03 1.038684331096517726e-16 3.288528112686813314e-17
2.335547185249724862e+03 1.470087517701096269e-16 3.547500834266060706e-17
2.337095437678515282e+03 1.645664916486829755e-16 3.628049524556526132e-17
2.338643690107305702e+03 2.056564233005069339e-16 4.016202178031426591e-17
2.340191942536096121e+03 1.785647541164338959e-16 3.850012181675364124e-17
2.341740194964886541e+03 1.377812671128724381e-16 3.478549134283962740e-17
2.343288447393676961e+03 1.536389445576027964e-16 3.667842266050282871e-17
2.344836699822467381e+03 1.105237587661511460e-16 3.410484925878087388e-17
2.346384952251257801e+03 9.423877418366341717e-17 3.078115423371313187e-17
2.347933204680048220e+03 2.000068224083507318e-16 3.920509372896057028e-17
2.349481457108838640e+03 2.094553139834375855e-16 3.951110996456453198e-17
2.351029709537629060e+03 1.752397175437799218e-16 3.720403810694884051e-17
2.352577961966419480e+03 1.945119481060610260e-16 3.867458004676238295e-17
2.354126214395209900e+03 1.735120910931591199e-16 3.660113173661511006e-17
2.355674466824000319e+03 2.169017286885476799e-16 3.943779089725510525e-17
2.357222719252790739e+03 2.488493268799536655e-16 4.137719421292978417e-17
2.358770971681581159e+03 2.126085445820538091e-16 3.991986234054409119e-17
2.360319224110371579e+03 1.899331398793940524e-16 3.763658863306425546e-17
2.361867476539161999e+03 2.471094100547966883e-16 4.119020794311904937e-17
2.363415728967952418e+03 2.631370739622729604e-16 4.145725580564308987e-17
2.364963981396742838e+03 2.848717205327483557e-16 4.297795132898993354e-17
2.366512233825533258e+03 2.787896064888502814e-16 4.272686411854776979e-17
2.368060486254323678e+03 2.278757638098938113e-16 4.002791011413983521e-17
2.369608738683114098e+03 2.611497520114806859e-16 4.122133956468506846e-17
2.371156991111904517e+03 2.950686357794884287e-16 4.396622953750116529e-17
2.372705243540694937e+03 2.912504691483523376e-16 4.339580391639190771e-17
2.374253495969485357e+03 2.801844965135641261e-16 4.143589372490322956e-17
2.375801748398275777e+03 3.394352025145666376e-16 4.633873745952635494e-17
2.377350000827066197e+03 2.913956333927110014e-16 4.327372509244273264e-17
2.378898253255856616e+03 2.598212878335683689e-16 4.177009234810581328e-17
2.380446505684647036e+03 2.347064078864260562e-16 4.147832482704798808e-17
2.381994758113437456e+03 2.293104052735056181e-16 3.866914517088300747e-17
2.383543010542227876e+03 2.980154085534076753e-16 4.477148999367469258e-17
2.385091262971018296e+03 2.133537281939117333e-16 3.878568229939525263e-17
2.386639515399808715e+03 2.087180946271191470e-16 3.783260262973489619e-17
2.388187767828599135e+03 2.761556100720157395e-16 4.198340597097253613e-17
2.389736020257389555e+03 2.867204156651213443e-16 4.224567814600808484e-17
2.391284272686179975e+03 2.935927558847637618e-16 4.343643707947266396e-17
2.392832525114970394e+03 2.440844646245721208e-16 3.991987531624139579e-17
2.394380777543760814e+03 2.467954472091608072e-16 4.129584914950527101e-17
2.395929029972551234e+03 1.795292162770379349e-16 3.628326109215598272e-17
2.397477282401341654e+03 2.088273964985776972e-16 3.837230496328325131e-17
2.399025534830132074e+03 2.241656700488397519e-16 3.906945609976889026e-17
2.400573787258922493e+03 2.901306660780103971e-16 4.244063658763324564e-17
2.402122039687712913e+03 2.927646084784640745e-16 4.295352658257153664e-17
2.403670292116503333e+03 2.971328575167953285e-16 4.199647886902890228e-17
2.405218544545293753e+03 3.413375207146995429e-16 4.597529856226389822e-17
2.406766796974084173e+03 2.450621815500264663e-16 4.039221272670318355e-17
2.408315049402874592e+03 2.581435430827725153e-16 3.978068288609411856e-17
2.409863301831665012e+03 3.308106645465876737e-16 4.459769289776849536e-17
2.411411554260455432e+03 3.349712601459238037e-16 4.431631934726854556e-17
2.412959806689245852e+03 3.515712685437516555e-16 4.557525872535932198e-17
2.414508059118036272e+03 3.357165547830515062e-16 4.472150773633843377e-17
2.416056311546826691e+03 3.710792740816449536e-16 4.638575783056460042e-17
2.417604563975617111e+03 3.453412681077474397e-16 4.525913089647433066e-17
2.419152816404407531e+03 3.176442867851996122e-16 4.378857762107047287e-17
2.420701068833197951e+03 3.134733378601743988e-16 4.359394644109643413e-17
2.422249321261988371e+03 3.382885523079200954e-16 4.457256816936425153e-17
2.423797573690778790e+03 3.564760890966030885e-16 4.582117750700903093e-17
2.425345826119569210e+03 2.544237611115490083e-16 4.136624886511688643e-17
2.426894078548359630e+03 2.411820688070224443e-16 3.808300182604163085e-17
2.428442330977150050e+03 3.968531788312891573e-16 4.790786856298078253e-17
2.429990583405940470e+03 3.203505932136268076e-16 4.347667043649214162e-17
2.431538835834730889e+03 3.714142535556010345e-16 4.666602928102629956e-17
2.433087088263521309e+03 2.889720941729551281e-16 4.249089952328729910e-17
2.434635340692311729e+03 3.061329056704062185e-16 4.246747909245298141e-17
2.436183593121102149e+03 3.187646545942082512e-16 4.345057259020501584e-17
2.437731845549892569e+03 3.002345383075529357e-16 4.311670442036736630e-17
2.439280097978682988e+03 2.395227877623888298e-16 3.960227176812271755e-17
2.440828350407473408e+03 2.246558577289910292e-16 3.801733537930883818e-17
2.442376602836263828e+03 2.597377601116760951e-16 4.024931611111561482e-17
2.443924855265054248e+03 2.574208319586348834e-16 4.067171785801774464e-17
2.445473107693844668e+03 2.729347647336848079e-16 4.172367310813523345e-17
2.447021360122635087e+03 2.690451638428352089e-16 4.123271054677375367e-17
2.448569612551425507e+03 2.553380803054845359e-16 4.043121917403936132e-17
2.450117864980215927e+03 2.429070664971339229e-16 3.910986897585089684e-17
2.451666117409006347e+03 2.953473278842637069e-16 4.166537984383151224e-17
2.453214369837796767e+03 2.753344040821963037e-16 4.215283959588996380e-17
2.454762622266587186e+03 1.880063515412742807e-16 3.720386113411232143e-17
2.456310874695377606e+03 1.726197648619753498e-16 3.490697750941650186e-17
2.457859127124168026e+03 2.563699190955676464e-16 3.998042359855812791e-17
2.459407379552958446e+03 2.942518544335862444e-16 4.263983117281418277e-17
2.460955631981748866e+03 2.653443665188926973e-16 4.037205634624551986e-17
2.462503884410539285e+03 2.770391420742844262e-16 4.145745104726525822e-17
2.464052136839329705e+03 2.435538935958578339e-16 3.957866382345482087e-17
2.465600389268120125e+03 2.122574847591072769e-16 3.694219972158407953e-17
2.467148641696910545e+03 2.732343538246953750e-16 4.170254699393246858e-17
2.468696894125700965e+03 2.206780605373633690e-16 3.784926006623302546e-17
2.470245146554491384e+03 2.418987705539074319e-16 3.934164253791249056e-17
2.471793398983281804e+03 2.686004438293123566e-16 4.099507643411580850e-17
2.473341651412072224e+03 2.521636768453054197e-16 4.009863576455107793e-17
2.474889903840862644e+03 2.213686208097161569e-16 3.759181644514070462e-17
2.476438156269653064e+03 2.370372337630335177e-16 4.039133512914233110e-17
2.477986408698443483e+03 1.836152258351962387e-16 3.531206786638324108e-17
2.479534661127233903e+03 1.905877350816859751e-16 3.730258099295042677e-17
2.481082913556024323e+03 1.783095071150986393e-16 3.456752443523725447e-17
2.482631165984814743e+03 2.919442218006421150e-16 4.203966419515985426e-17
2.484179418413605163e+03 2.395342933232226858e-16 3.955042250164868931e-17
2.485727670842395582e+03 2.385189165599213383e-16 3.935158779651638239e-17
2.487275923271186002e+03 2.123486113586854521e-16 3.801268645958183253e-17
2.488824175699976422e+03 1.701619772342218915e-16 3.561630565003923351e-17
2.490372428128766842e+03 1.694572170826714589e-16 3.492613805017304895e-17
2.491920680557557262e+03 2.052368907818835794e-16 3.732931658659276799e-17
2.493468932986347681e+03 2.063189477928999965e-16 3.783996293601393281e-17
2.495017185415138101e+03 1.391854473162019230e-16 3.372528015497625548e-17
2.496565437843928521e+03 1.529393429882638266e-16 3.338848076358559968e-17
2.498113690272718941e+03 2.191019165142560779e-16 3.856329643663022543e-17
2.499661942701509361e+03 1.908616974835776408e-16 3.682418043072197913e-17
2.501210195130299780e+03 1.667115378416427853e-16 3.479195781696590733e-17
2.502758447559090200e+03 1.668001420584324879e-16 3.656602925086067744e-17
2.504306699987880620e+03 1.036333690713913913e-16 3.092417831648668941e-17
2.505854952416671040e+03 1.474451243229519929e-16 3.443177069287412953e-17
2.507403204845461460e+03 1.594765042072736203e-16 3.400576485436490146e-17
2.508951457274251879e+03 2.230985420134345700e-16 3.864016850189862128e-17
2.510499709703042299e+03 1.850767146852943368e-16 3.661753990148528445e-17
2.512047962131832719e+03 2.060307197665831438e-16 3.708238907967669244e-17
2.513596214560623139e+03 2.014205817832703131e-16 3.781649237982271757e-17
2.515144466989413559e+03 1.844817593407921027e-16 3.640779419063678384e-17
2.516692719418203978e+03 1.927966288726377833e-16 3.613678407400356412e-17
2.518240971846994398e+03 1.669377747989704470e-16 3.516362708052682621e-17
2.519789224275784818e+03 1.708921995885005699e-16 3.497488361386648936e-17
2.521337476704575238e+03 1.759152677469960433e-16 3.662234396145605252e-17
2.522885729133365658e+03 1.416052234867254822e-16 3.192103429862805986e-17
2.524433981562156077e+03 2.708126939782527267e-16 4.126786431907504892e-17
2.525982233990946497e+03 1.862138821265081479e-16 3.536307684633610783e-17
2.527530486419736917e+03 2.447270829370810236e-16 3.970577054361016908e-17
2.529078738848527337e+03 1.895103168532749817e-16 3.592645256310197905e-17
2.530626991277317757e+03 2.418459713725828818e-16 3.916318159291979381e-17
2.532175243706108176e+03 2.569502591080062469e-16 4.038196927111409298e-17
2.533723496134898596e+03 2.158216770941939445e-16 3.738221435164322628e-17
2.535271748563689016e+03 2.943834537676906815e-16 4.177101549798363914e-17
2.536820000992479436e+03 2.952782528692571191e-16 4.213923654612851183e-17
2.538368253421269856e+03 2.890304921935376406e-16 4.133443889873450376e-17
2.539916505850060275e+03 3.610905598593446847e-16 4.443076912572760090e-17
2.541464758278850695e+03 3.707145773775044727e-16 4.490242910940640296e-17
2.543013010707641115e+03 4.815014477456831068e-16 5.010442552547011728e-17
2.544561263136431535e+03 4.761093940138689146e-16 5.055863491046984147e-17
2.546109515565221955e+03 3.957299283937873794e-16 4.708929154902040346e-17
2.547657767994012374e+03 4.266458861203269870e-16 4.715797664917844556e-17
2.549206020422802794e+03 4.740168638089177845e-16 5.007013123554670657e-17
2.550754272851593214e+03 5.926762077221412500e-16 5.460374817091663422e-17
2.552302525280383634e+03 5.733198676838673446e-16 5.380048288073100140e-17
2.553850777709174054e+03 5.273371380110282641e-16 5.286879453250645632e-17
2.555399030137964473e+03 5.755683206383724834e-16 5.355576017080635797e-17
2.556947282566754893e+03 6.285835974050534838e-16 5.565102723733219744e-17
2.558495534995545313e+03 6.700564782446141200e-16 5.924918151483748096e-17
2.560043787424335733e+03 5.651752168318164907e-16 5.276770584135314496e-17
2.561592039853126153e+03 6.633550781299061173e-16 5.750465668303684666e-17
2.563140292281916572e+03 6.826985599579990664e-16 5.873616309479670455e-17
2.564688544710706992e+03 5.946250364724251176e-16 5.500868910730331922e-17
2.566236797139497412e+03 4.939186575276880241e-16 5.123407335564660545e-17
2.567785049568287832e+03 5.348278567027808636e-16 5.234268595684616101e-17
2.569333301997078252e+03 6.268257425838248023e-16 5.603358982622174721e-17
2.570881554425868671e+03 7.268072887468046854e-16 6.129779344584364180e-17
2.572429806854659091e+03 5.406624783315698751e-16 5.249171216538422620e-17
2.573978059283449511e+03 6.032149321949353529e-16 5.534003459034103411e-17
2.575526311712239931e+03 5.710002405584353897e-16 5.385477272653003686e-17
2.577074564141030351e+03 6.277407556206151979e-16 5.684021814124071119e-17
2.578622816569820770e+03 5.069065606632109582e-16 5.214402538378933313e-17
2.580171068998611190e+03 5.311761140892821677e-16 5.284509127754704220e-17
2.581719321427401610e+03 5.248929147344138079e-16 5.368992425735509461e-17
2.583267573856192030e+03 5.329870519430947172e-16 5.132511419941411194e-17
2.584815826284982450e+03 6.534053733756662188e-16 5.895050676737055088e-17
2.586364078713772869e+03 5.060927595335282075e-16 5.184210605167599710e-17
2.587912331142563289e+03 5.194418015224436517e-16 5.357369469861857654e-17
2.589460583571353709e+03 3.935261181554825869e-16 4.687412103978191322e-17
2.591008836000144129e+03 4.635130588231383056e-16 5.104458220632408902e-17
2.592557088428934549e+03 4.172292138524929217e-16 4.774763607848725452e-17
2.594105340857724968e+03 4.914624134005286650e-16 5.178054252897094876e-17
2.595653593286515388e+03 4.511714251703669691e-16 4.936011349369334837e-17
2.597201845715305808e+03 4.890818995031235388e-16 5.168213263188910675e-17
2.598750098144096228e+03 5.334023541708382814e-16 5.500968567928519241e-17
2.600298350572886648e+03 3.358451795261248491e-16 4.492468490166404375e-17
2.601846603001677067e+03 3.222902912878192774e-16 4.328731842291800993e-17
2.603394855430467487e+03 4.135911298834891148e-16 4.851324968685673821e-17
2.604943107859257907e+03 4.329928214966633905e-16 4.974045393291370841e-17
2.606491360288048327e+03 4.055932362419292713e-16 4.782663517034594676e-17
2.608039612716838747e+03 4.066354924828126535e-16 4.833231678589051536e-17
2.609587865145629166e+03 4.110238327504909686e-16 4.932722418239520882e-17
2.611136117574419586e+03 3.420943397887797423e-16 4.547586350961321475e-17
2.612684370003210006e+03 3.324983472963458750e-16 4.556012131077427938e-17
2.614232622432000426e+03 3.096380312117691854e-16 4.401103664328377306e-17
2.615780874860790846e+03 3.827958894619390574e-16 4.722512308739809025e-17
2.617329127289581265e+03 3.690114736556970882e-16 4.565698387916675923e-17
2.618877379718371685e+03 4.990587912840300677e-16 5.351948676371336930e-17
2.620425632147162105e+03 4.178876825317204870e-16 4.948447277964900380e-17
2.621973884575952525e+03 4.049368876541948420e-16 4.890369185798086016e-17
2.623522137004742945e+03 3.827383992320201199e-16 4.816912845605941186e-17
2.625070389433533364e+03 4.012729289180007741e-16 4.800557137263221057e-17
2.626618641862323784e+03 4.701495433105061056e-16 5.308072268281600993e-17
2.628166894291114204e+03 2.929162670387879520e-16 4.355754451102902749e-17
2.629715146719904624e+03 3.509428154416278281e-16 4.574162218335991849e-17
2.631263399148695044e+03 4.307417472165792422e-16 5.094079091094560557e-17
2.632811651577485463e+03 3.437578180958659243e-16 4.637087684369097178e-17
2.634359904006275883e+03 3.211568192887097173e-16 4.496387363468654397e-17
2.635908156435066303e+03 3.580771092687345891e-16 4.733495991059741131e-17
2.637456408863856723e+03 3.652927306045647722e-16 4.792477337818686851e-17
2.639004661292647143e+03 2.850717380497391181e-16 4.301199073307709384e-17
2.640552913721437562e+03 3.162699300622966144e-16 4.578646706226541187e-17
2.642101166150227982e+03 2.520694117605385794e-16 4.150777141991813309e-17
2.643649418579018402e+03 3.017064569628857340e-16 4.461872140100180132e-17
2.645197671007808822e+03 3.685057976906085792e-16 4.863411196659263684e-17
2.646745923436599242e+03 2.456654249384333424e-16 4.090610386064247590e-17
2.648294175865389661e+03 2.923291298167391000e-16 4.444510868870924173e-17
2.649842428294180081e+03 2.491550437956048327e-16 4.190768497836355801e-17
2.651390680722970501e+03 2.346534204502358558e-16 4.113433994935987277e-17
2.652938933151760921e+03 2.136452190237306702e-16 4.029276024303446145e-17
2.654487185580551341e+03 2.016261591881002008e-16 3.996149631802260865e-17
2.656035438009341760e+03 1.935045217142765059e-16 3.831238774252366380e-17
2.657583690438132180e+03 2.809511015400355179e-16 4.464749049542640779e-17
2.659131942866922600e+03 2.394032489109471607e-16 4.125663449943548586e-17
2.660680195295713020e+03 2.862069736629183082e-16 4.415895628022468397e-17
2.662228447724503440e+03 2.939535905966369187e-16 4.529541860857414765e-17
2.663776700153293859e+03 2.101605698496588572e-16 4.072742942674859009e-17
2.665324952582084279e+03 1.468809023770421663e-16 3.681485758417403588e-17
2.666873205010874699e+03 2.379862981141961788e-16 4.187079443876490436e-17
2.668421457439665119e+03 2.016777722601289318e-16 4.038397264276672982e-17
2.669969709868455539e+03 2.037647713456061557e-16 4.083891490630509786e-17
2.671517962297245958e+03 1.450548481595535868e-16 3.567622446543321762e-17
2.673066214726036378e+03 2.274627683383484148e-16 4.103587471067131047e-17
2.674614467154826798e+03 3.400074682907315797e-16 4.786170554835478352e-17
2.676162719583617218e+03 3.016705193257733877e-16 4.597957784676205881e-17
2.677710972012407638e+03 2.036782657175940329e-16 4.173261382607409099e-17
2.679259224441198057e+03 1.744633255879652206e-16 3.816033172319201020e-17
2.680807476869988477e+03 2.108447094399380244e-16 4.093774439305455968e-17
2.682355729298778897e+03 2.916742388621838013e-16 4.608025803109729919e-17
2.683903981727569317e+03 2.287782103088844718e-16 4.197932852660072759e-17
2.685452234156359737e+03 2.822126389536469302e-16 4.529079442756330320e-17
2.687000486585150156e+03 2.526584912673003340e-16 4.404767780602729878e-17
2.688548739013940576e+03 3.109392327833676823e-16 4.680383423024183960e-17
2.690096991442730996e+03 2.475279810426083887e-16 4.338119621850860703e-17
2.691645243871521416e+03 2.379692238912249274e-16 4.316421728082927111e-17
2.693193496300311836e+03 3.365813712459205420e-16 4.773596992668097954e-17
2.694741748729102255e+03 3.806600167356058658e-16 5.132694674707607998e-17
2.696290001157892675e+03 2.612120124307709386e-16 4.500202206208375986e-17
2.697838253586683095e+03 3.499257813924540491e-16 4.961497908066768597e-17
2.699386506015473515e+03 2.265972536856433720e-16 4.202967440943352490e-17
2.700934758444263935e+03 4.465083573914500098e-16 5.422095213964855180e-17
2.702483010873054354e+03 4.423963728761256872e-16 5.420613185000689324e-17
2.704031263301844774e+03 5.094896997827968888e-16 5.793040343680792292e-17
2.705579515730635194e+03 4.402541635615879137e-16 5.348710220080128477e-17
2.707127768159425614e+03 5.869769337709265911e-16 6.029316027508014875e-17
2.708676020588216034e+03 6.963409773870439067e-16 6.616569037131693689e-17
2.710224273017006453e+03 5.099574098343827752e-16 5.658098267859175613e-17
2.711772525445796873e+03 7.343548187872156091e-16 6.752556087716171339e-17
2.713320777874587293e+03 6.628349209108436171e-16 6.517573635368402880e-17
2.714869030303377713e+03 7.297901396844343845e-16 6.665941450601427986e-17
2.716417282732168132e+03 7.912171522399380854e-16 6.863039594367025617e-17
2.717965535160958552e+03 8.800765780971662454e-16 7.328479131118748312e-17
2.719513787589748972e+03 8.920972333098905032e-16 7.313517379966771546e-17
2.721062040018539392e+03 7.778577886175324908e-16 6.930302686926243894e-17
2.722610292447329812e+03 6.997764781838648467e-16 6.523619626876824150e-17
2.724158544876120231e+03 8.949154035762068373e-16 7.429323072778077890e-17
2.725706797304910651e+03 7.443124217125004883e-16 6.863306178784085044e-17
2.727255049733701071e+03 7.183812042642566790e-16 6.717663100788504603e-17
2.728803302162491491e+03 7.575968695656134426e-16 7.008878862855974931e-17
2.730351554591281911e+03 7.967776739204685292e-16 6.999028617566875742e-17
2.731899807020072330e+03 9.106581383161050357e-16 7.581051397507961718e-17
2.733448059448862750e+03 8.202602177882458316e-16 7.187337651016619676e-17
2.734996311877653170e+03 9.265052382152000433e-16 7.617252948331094876e-17
2.736544564306443590e+03 9.228698302084073648e-16 7.626126503978266192e-17
2.738092816735234010e+03 9.753814409304289191e-16 7.794131323383779616e-17
2.739641069164024429e+03 8.083997483778215655e-16 7.256059042824482196e-17
2.741189321592814849e+03 8.499385904288408803e-16 7.427892499450451619e-17
2.742737574021605269e+03 8.918087924714598116e-16 7.563500590320813686e-17
2.744285826450395689e+03 1.029463742258093718e-15 8.180344530742771205e-17
2.745834078879186109e+03 8.964893781060289924e-16 7.611209355514882803e-17
2.747382331307976528e+03 8.582151884232734842e-16 7.538045258255714995e-17
2.748930583736766948e+03 8.283062219709783727e-16 7.429970649361566533e-17
2.750478836165557368e+03 9.283960490069828590e-16 7.665634540403102749e-17
2.752027088594347788e+03 8.898607784341315005e-16 7.720681520438443894e-17
2.753575341023138208e+03 9.728096666607576899e-16 7.961991468490244435e-17
2.755123593451928627e+03 1.068716079838425564e-15 8.412266796911324537e-17
2.756671845880719047e+03 9.497270505548245026e-16 7.965962472702845447e-17
2.758220098309509467e+03 9.075864783958736983e-16 7.724403864875331325e-17
2.759768350738299887e+03 9.275796543280063139e-16 7.961574905367655497e-17
2.761316603167090307e+03 9.080505954556850335e-16 7.903146072825789409e-17
2.762864855595880726e+03 8.236854749328604483e-16 7.385489235130328272e-17
2.764413108024671146e+03 9.021027896636154081e-16 8.005695589994756500e-17
2.765961360453461566e+03 8.108368036541076079e-16 7.488926107047404763e-17
2.767509612882251986e+03 7.793840791593672484e-16 7.339543484516932403e-17
2.769057865311042406e+03 8.270469604336653903e-16 7.657391610066801655e-17
2.770606117739832825e+03 9.928514629956214708e-16 8.129560346266111297e-17
2.772154370168623245e+03 9.726548575659578941e-16 8.192666008178189235e-17
2.773702622597413665e+03 8.611151740721462004e-16 7.794691632383087516e-17
2.775250875026204085e+03 1.089639129888093425e-15 8.500682706339747886e-17
2.776799127454994505e+03 9.373559220879148946e-16 8.247257331158869522e-17
2.778347379883784924e+03 9.288488533872499111e-16 8.058879867013235781e-17
2.779895632312575344e+03 1.065647419507115902e-15 8.672084464953925181e-17
2.781443884741365764e+03 1.013124943137883460e-15 8.434903884696847654e-17
2.782992137170156184e+03 1.074523757655969899e-15 8.743494001226927276e-17
2.784540389598946604e+03 1.120580845523778598e-15 8.891549140126253440e-17
2.786088642027737023e+03 1.169946058876062269e-15 9.112598029351644210e-17
2.787636894456527443e+03 1.167682112975954581e-15 9.111838162222076172e-17
2.789185146885317863e+03 1.249885637217028769e-15 9.425752971542380578e-17
2.790733399314108283e+03 1.098825677453357750e-15 8.939395528493258944e-17
2.792281651742898703e+03 1.115230336180418049e-15 9.131508697172859075e-17
2.793829904171689122e+03 1.142147327227384777e-15 9.026900483790548214e-17
2.795378156600479542e+03 1.125298343582688781e-15 9.470849488946726479e-17
2.796926409029269962e+03 1.009472939393022884e-15 8.942340078770182031e-17
2.798474661458060382e+03 8.217838799875505971e-16 7.892934765417734368e-17
2.800022913886850802e+03 9.818032591778498584e-16 8.688538912948896832e-17
2.801571166315641221e+03 9.235534801927802045e-16 8.453472193403662729e-17
2.803119418744431641e+03 1.015546066156403057e-15 8.782261414414203810e-17
2.804667671173222061e+03 9.864235675049156996e-16 8.607861071479833112e-17
2.806215923602012481e+03 8.021057619099053257e-16 7.860889369590304881e-17
2.807764176030802901e+03 8.814029175082882181e-16 8.286544360327186965e-17
2.809312428459593320e+03 7.110198350207267236e-16 7.527389427138526709e-17
2.810860680888383740e+03 8.288474132466909856e-16 8.063659902249896956e-17
2.812408933317174160e+03 1.080939338687889716e-15 9.032089661110030798e-17
2.813957185745964580e+03 9.539630289634455179e-16 8.357738651393400908e-17
2.815505438174755000e+03 8.464439502047908381e-16 8.004558465230553306e-17
2.817053690603545419e+03 7.580046132486726317e-16 7.649803263594672433e-17
2.818601943032335839e+03 9.528102542937043819e-16 8.420642632462467051e-17
2.820150195461126259e+03 9.890933289743091050e-16 8.517931335222509611e-17
2.821698447889916679e+03 1.176715649796448360e-15 9.174474087638837267e-17
2.823246700318707099e+03 1.396418396887389171e-15 9.985498937106498868e-17
2.824794952747497518e+03 1.050095310398199532e-15 8.578602930543018143e-17
2.826343205176287938e+03 1.110850142514271943e-15 8.862312365157541787e-17
2.827891457605078358e+03 1.199957192018154875e-15 9.246349897856578025e-17
2.829439710033868778e+03 1.060023385155114704e-15 8.652646129012833763e-17
2.830987962462659198e+03 1.193163690166803428e-15 9.244356284428690739e-17
2.832536214891449617e+03 1.263432887717804865e-15 9.367162932494341459e-17
2.834084467320240037e+03 1.009789833254393617e-15 8.497119400470044269e-17
2.835632719749030457e+03 1.286445077050168958e-15 9.484548605518105175e-17
2.837180972177820877e+03 1.112257516672037731e-15 8.782263849202325144e-17
2.838729224606611297e+03 1.178454838264333806e-15 9.157972847274562802e-17
2.840277477035401716e+03 1.058403111882430806e-15 8.642915339352511976e-17
2.841825729464192136e+03 1.164507722569901240e-15 9.021310283774225379e-17
2.843373981892982556e+03 1.151405573195786083e-15 9.072014571730596679e-17
2.844922234321772976e+03 9.970325974565985272e-16 8.299505350581903581e-17
2.846470486750563396e+03 1.113719148114804502e-15 8.924694943927693159e-17
2.848018739179353815e+03 1.122814654905083020e-15 8.825142400509096242e-17
2.849566991608144235e+03 1.134143189623896899e-15 8.817559640271559660e-17
2.851115244036934655e+03 1.178773838368323576e-15 9.172203931065878345e-17
2.852663496465725075e+03 1.167956122012273590e-15 8.952589070509585571e-17
2.854211748894515495e+03 1.143213025791841952e-15 9.042058962704093882e-17
2.855760001323305914e+03 1.078736959996537894e-15 8.619835135874975278e-17
2.857308253752096334e+03 1.269316841429998398e-15 9.286494823138541513e-17
2.858856506180886754e+03 1.196420202570233654e-15 9.104627994655862991e-17
2.860404758609677174e+03 1.151768817448650474e-15 8.863859510871860678e-17
2.861953011038467594e+03 1.264847593844540515e-15 9.279607656367439507e-17
2.863501263467258013e+03 1.271203780830590797e-15 9.331863676877708574e-17
2.865049515896048433e+03 1.347106820272274053e-15 9.628547575129756407e-17
2.866597768324838853e+03 1.207014591925418394e-15 9.180058563342556530e-17
2.868146020753629273e+03 1.231631840935096510e-15 9.186353570959305021e-17
2.869694273182419693e+03 1.034704109284748574e-15 8.461181106888036134e-17
2.871242525611210112e+03 1.049203642229813271e-15 8.484405271015235942e-17
2.872790778040000532e+03 1.303118133578112043e-15 9.433691570496068796e-17
2.874339030468790952e+03 1.344648381039313558e-15 9.508187199077261462e-17
2.875887282897581372e+03 1.347380202236211400e-15 9.642092648366611256e-17
2.877435535326371792e+03 1.292671127527277976e-15 9.356430093462532970e-17
2.878983787755162211e+03 1.299424789357894485e-15 9.433929180159040365e-17
2.880532040183952631e+03 1.597425058944459644e-15 1.039242067190547615e-16
2.882080292612743051e+03 1.418776779418410069e-15 9.788028840453845512e-17
2.883628545041533471e+03 1.544928097909002871e-15 1.022630461264929197e-16
2.885176797470323891e+03 1.587099192615735993e-15 1.028993055367704880e-16
2.886725049899114310e+03 1.743974451920874139e-15 1.080093652256042421e-16
2.888273302327904730e+03 1.592923704198466420e-15 1.023270454465859966e-16
2.889821554756695150e+03 1.526500971578382361e-15 9.994727554008539695e-17
2.891369807185485570e+03 1.720026874692732008e-15 1.064889335121695186e-16
2.892918059614275990e+03 1.760351950404709451e-15 1.058515906549218086e-16
2.894466312043066409e+03 1.660008591389058020e-15 1.044027016364147750e-16
2.896014564471856829e+03 1.613201416080328646e-15 1.027183301016748898e-16
2.897562816900647249e+03 1.770951250142060917e-15 1.090352955406031262e-16
2.899111069329437669e+03 1.973211101303842487e-15 1.121459766319050353e-16
2.900659321758228089e+03 1.910226271021073316e-15 1.093086415168841486e-16
2.902207574187018508e+03 1.999891465780027610e-15 1.155033138441669901e-16
2.903755826615808928e+03 1.988503934979222143e-15 1.119015189934302990e-16
2.905304079044599348e+03 2.082618281568386254e-15 1.162158847244633296e-16
2.906852331473389768e+03 2.052491295431303105e-15 1.155508822640204821e-16
2.908400583902180188e+03 2.284545391489904294e-15 1.195803426691020725e-16
2.909948836330970607e+03 2.141619020319518701e-15 1.179949333916253418e-16
2.911497088759761027e+03 2.188812500333670913e-15 1.184756880575439781e-16
2.913045341188551447e+03 2.186943275364457482e-15 1.176201258727481307e-16
2.914593593617341867e+03 2.407341386562786241e-15 1.239614849517291087e-16
2.916141846046132287e+03 2.490697820466941780e-15 1.272960080252444183e-16
2.917690098474922706e+03 2.704622495228800134e-15 1.315685252808627387e-16
2.919238350903713126e+03 2.786921670967687812e-15 1.325763716296645436e-16
2.920786603332503546e+03 2.530872592840419878e-15 1.263480512150478195e-16
2.922334855761293966e+03 2.408995450841923563e-15 1.232277213635438057e-16
2.923883108190084386e+03 2.608528035364274042e-15 1.302447384487020044e-16
2.925431360618874805e+03 2.808447792750784910e-15 1.346260244758756192e-16
2.926979613047665225e+03 2.738423752729529088e-15 1.325259448909368947e-16
2.928527865476455645e+03 2.790016389595201729e-15 1.346312955810615017e-16
2.930076117905246065e+03 2.828596603408735885e-15 1.340203639347069887e-16
2.931624370334036485e+03 2.921979285070829388e-15 1.381526911417562489e-16
2.933172622762826904e+03 2.704791304779528838e-15 1.305742264521611850e-16
2.934720875191617324e+03 2.783581876081421627e-15 1.325400114218426276e-16
2.936269127620407744e+03 2.842344016750391256e-15 1.353886560650346865e-16
2.937817380049198164e+03 3.045519331686082857e-15 1.384843903343361702e-16
2.939365632477988584e+03 2.781851096855583304e-15 1.330031016981180829e-16
2.940913884906779003e+03 2.993286644236536456e-15 1.386851381994963548e-16
2.942462137335569423e+03 2.883138172583728987e-15 1.364363840920448028e-16
2.944010389764359843e+03 2.900578594649367249e-15 1.353107218042035962e-16
2.945558642193150263e+03 2.863592439716675093e-15 1.350828933331501842e-16
2.947106894621940683e+03 2.816213950106449424e-15 1.338322772472600411e-16
2.948655147050731102e+03 2.868983319856767041e-15 1.343785276099181975e-16
2.950203399479521522e+03 3.069438941372460036e-15 1.413734506194354369e-16
2.951751651908311942e+03 2.754974958655390700e-15 1.313579718902369706e-16
2.953299904337102362e+03 2.836315869506889617e-15 1.358191141199592655e-16
2.954848156765892782e+03 2.949469496150610304e-15 1.370897513136190638e-16
2.956396409194683201e+03 2.927852077910885360e-15 1.365737474228998504e-16
2.957944661623473621e+03 2.781208092911029697e-15 1.320977555335095409e-16
2.959492914052264041e+03 3.073572955901408703e-15 1.430296506016055585e-16
2.961041166481054461e+03 2.990411530581032475e-15 1.340300214282467471e-16
2.962589418909844881e+03 2.678490397489135602e-15 1.306857536529561901e-16
2.964137671338635300e+03 2.647927021890172024e-15 1.310691587455945387e-16
2.965685923767425720e+03 2.864328030909758279e-15 1.361075413146876354e-16
2.967234176196216140e+03 2.565619034804762293e-15 1.283794074363535048e-16
2.968000000000000000e+03 2.597577605905009959e-15 9.123389258264811360e-17
2.968782428625006560e+03 2.640121108394756205e-15 1.292494068513779923e-16
2.970330681053796980e+03 2.812823648482930503e-15 1.365131786642356026e-16
2.970746861372191688e+03 2.850265492502848271e-15 1.068150334322659302e-16
2.971878933482587399e+03 2.957405610627136600e-15 1.391112994107846970e-16
2.973427185911377819e+03 2.820755035911399219e-15 1.331781093501704027e-16
2.973493722744383376e+03 2.825933184049506592e-15 1.276356820174055431e-16
2.974975438340168239e+03 2.925671883697732764e-15 1.388312571188160506e-16
2.976240584116575064e+03 2.862658030681145318e-15 1.128545895006551753e-16
2.976523690768958659e+03 2.847389972840085739e-15 1.343705407119467980e-16
2.978071943197749079e+03 2.436189061325474881e-15 1.241256496628112932e-16
2.978987445488766753e+03 2.686499012492981850e-15 9.658779395993563109e-17
2.979620195626539498e+03 2.880547500708048312e-15 1.384079532048717116e-16
2.981168448055329918e+03 2.746236140736322903e-15 1.336802888939028548e-16
2.981734306860958441e+03 2.584096004559613915e-15 9.577564124042996714e-17
2.982716700484120338e+03 2.292326339409856495e-15 1.205597510381210831e-16
2.984264952912910758e+03 2.614185761147829653e-15 1.341293944606812475e-16
2.984481168233150129e+03 2.633363392367414609e-15 1.170388308437368932e-16
2.985813205341701178e+03 2.757705016193601087e-15 1.332022743976875506e-16
2.987228029605341817e+03 2.634741279987626776e-15 1.205787168382671241e-16
2.987361457770491597e+03 2.623113264282102994e-15 1.312371127178837428e-16
2.988909710199282017e+03 2.435174277360496364e-15 1.268759619696292300e-16
2.989974890977533505e+03 2.499025219993801107e-15 9.775556480130612268e-17
2.990457962628072437e+03 2.521381569232356371e-15 1.294679613035688903e-16
2.992006215056862857e+03 2.473542328481200510e-15 1.282347763735055109e-16
2.992721752349725193e+03 2.461302573182903386e-15 9.141386804815881845e-17
2.993554467485653277e+03 2.419902764789168672e-15 1.285775116386025605e-16
2.995102719914443696e+03 2.450101399439143818e-15 1.287833891261633434e-16
2.995468613721916881e+03 2.467766940765370227e-15 1.032645786241520111e-16
2.996650972343234116e+03 2.553363120171066825e-15 1.298212934655727948e-16
2.998199224772024536e+03 2.537674435060081289e-15 1.305472009223416259e-16
2.998215475094108569e+03 2.536291044708977231e-15 1.291987608107233574e-16
2.999747477200814956e+03 2.466403961809840267e-15 1.281675124656036177e-16
3.000962336466300258e+03 2.383321139614708535e-15 1.043806211960944657e-16
3.001295729629605376e+03 2.377198841219273537e-15 1.280169163891752740e-16
3.002843982058395795e+03 2.363828865612786956e-15 1.274598800305727740e-16
3.003709197838491946e+03 2.293405244685137998e-15 8.916386788160593802e-17
3.004392234487186215e+03 2.265321563079631340e-15 1.227890114794240226e-16
3.005940486915976635e+03 2.138089039519836711e-15 1.227878584135575395e-16
3.006456059210683634e+03 2.206970456113300821e-15 9.279724453377504745e-17
3.007488739344767055e+03 2.311940125674095282e-15 1.294098157535510230e-16
3.009036991773557475e+03 2.378001637638710233e-15 1.298670742152091113e-16
3.009202920582875322e+03 2.378328070199207974e-15 1.169336615698482298e-16
3.010585244202347894e+03 2.331481960117616611e-15 1.300371987210832438e-16
3.011949781955067010e+03 2.274381346081811350e-15 1.128890645970073172e-16
3.012133496631138314e+03 2.261474334364914170e-15 1.267069629897474031e-16
3.013681749059928734e+03 2.051242300985076012e-15 1.199164668806401378e-16
3.014696643327258698e+03 2.046638599853910768e-15 9.142029417463152236e-17
3.015230001488719154e+03 2.044005284420616294e-15 1.240350184841923561e-16
3.016778253917509574e+03 1.958920625872607340e-15 1.196860293894075616e-16
3.017443504699450386e+03 2.019154251614176756e-15 8.700238541027860479e-17
3.018326506346299993e+03 2.110663578104126654e-15 1.240567947692340003e-16
3.019874758775090413e+03 2.186960414334592540e-15 1.255739556333399756e-16
3.020190366071642075e+03 2.122476503441546084e-15 1.029855328559604070e-16
3.021423011203880833e+03 1.892554914239529271e-15 1.162246675665261103e-16
3.022937227443833763e+03 2.005632602450555911e-15 1.208220259706575880e-16
3.022971263632671253e+03 2.007974564451768624e-15 1.234746750301566329e-16
3.024519516061461673e+03 1.932849553897988849e-15 1.168112539228520362e-16
3.025684088816025451e+03 1.888942633076608612e-15 9.617121497861286751e-17
3.026067768490252092e+03 1.877193561003452163e-15 1.215620304404659113e-16
3.027616020919042512e+03 2.061813123206387568e-15 1.248021866302766386e-16
3.028430950188217139e+03 1.981194205054068710e-15 8.678496869991108682e-17
3.029164273347832932e+03 1.927602038974489927e-15 1.194475023098296757e-16
3.030712525776623352e+03 1.789683891367486843e-15 1.182490824550886362e-16
3.031177811560408827e+03 1.845742391643823084e-15 9.104975059321584841e-17
3.032260778205413772e+03 1.983038661963782665e-15 1.237423810527448182e-16
3.033809030634204191e+03 2.062886388189130486e-15 1.261009260068087511e-16
3.033924672932600515e+03 2.054417253045593226e-15 1.171613142856384526e-16
3.035357283062994611e+03 1.981259717759008894e-15 1.215321380905637408e-16
3.036671534304792203e+03 1.920069911219948615e-15 1.057417210417801189e-16
3.036905535491785031e+03 1.913790222658455574e-15 1.224107432745087551e-16
3.038453787920575451e+03 2.191509654938313888e-15 1.305634967121425080e-16
3.039418395676983891e+03 2.250256652451451742e-15 9.629369187867410356e-17
3.040002040349365870e+03 2.280561958467091965e-15 1.319369684216255141e-16
3.041550292778156290e+03 2.331452396130690125e-15 1.350488477587923832e-16
3.042165257049175580e+03 2.320502380763976391e-15 9.737124956709866405e-17
3.043098545206946710e+03 2.311061573947567492e-15 1.315468949800952937e-16
3.044646797635737130e+03 2.050157019598373866e-15 1.277274617995732078e-16
3.044912118421367268e+03 2.063433694887524419e-15 1.084611094304151872e-16
3.046195050064527550e+03 2.108669913503407033e-15 1.291259147932877865e-16
3.047658979793558956e+03 2.287004201977823305e-15 1.268420740492859167e-16
3.047743302493317969e+03 2.296446307368553633e-15 1.337962595912433972e-16
3.049291554922108389e+03 2.147569785254957425e-15 1.298439222927293752e-16
3.050405841165750644e+03 2.254866561755503965e-15 1.056065207979795848e-16
3.050839807350898809e+03 2.293940697078108737e-15 1.368677940601815587e-16
3.052388059779689229e+03 2.331218014964545442e-15 1.354389339559078400e-16
3.053152702537942332e+03 2.231795351982012774e-15 9.559877465736627920e-17
3.053936312208479649e+03 2.140551275189864828e-15 1.323227326549489214e-16
3.055484564637270068e+03 2.113229455624676000e-15 1.315050696332107565e-16
3.055899563910134020e+03 2.106133637564230933e-15 1.030992427120846896e-16
3.057032817066060488e+03 2.154562854092445828e-15 1.320823609409614846e-16
3.058581069494850908e+03 2.331569390638157954e-15 1.390913367421422541e-16
3.058646425282325708e+03 2.326690612381357524e-15 1.334720864644719003e-16
3.060129321923641328e+03 2.250108481642761884e-15 1.332754815093399389e-16
3.061393286654517397e+03 2.158935760289079565e-15 1.143879877680505855e-16
3.061677574352431748e+03 2.136773225325267882e-15 1.362684341834667213e-16
3.063225826781222167e+03 2.140878452902598786e-15 1.350050881385796938e-16
3.064140148026709085e+03 2.162421144587179162e-15 9.921405529106435503e-17
3.064774079210012587e+03 2.134902826155285144e-15 1.375871696067000097e-16
3.066322331638803007e+03 2.071091351004519747e-15 1.334150475027145797e-16
3.066887009398900773e+03 2.109661370389293192e-15 9.899260020294634517e-17
3.067870584067593427e+03 2.198931846821121373e-15 1.357948185804172931e-16
3.069418836496383847e+03 2.319824898988191819e-15 1.412055443572873062e-16
3.069633870771092461e+03 2.310163710151887846e-15 1.235610659124377022e-16
3.070967088925174266e+03 2.288187320233955537e-15 1.379520701051056086e-16
3.072380732143284149e+03 2.172060506543999530e-15 1.263630284529380999e-16
3.072515341353964686e+03 2.164826492493453200e-15 1.374477590446296669e-16
3.074063593782755106e+03 2.184180531839096897e-15 1.371748415344711650e-16
3.075127593515475837e+03 2.250811256241810791e-15 1.082346186286792001e-16
3.075611846211545526e+03 2.289869934312846817e-15 1.431657935776830336e-16
3.077160098640335946e+03 2.241480603472316602e-15 1.443375649425463374e-16
3.077874454887667525e+03 2.267773931160032436e-15 1.030983502487020479e-16
3.078708351069126365e+03 2.219352812077251757e-15 1.426319673857505108e-16
3.080256603497916785e+03 2.010716087550019280e-15 1.358900337745521806e-16
3.080621316259859213e+03 1.992902083978594851e-15 1.092418400635700752e-16
3.081804855926707205e+03 2.022759409500967246e-15 1.347795777641050057e-16
3.083353108355497625e+03 2.225706631756546171e-15 1.434280626500050805e-16
3.083368177632050902e+03 2.225585874638748933e-15 1.420688599696858181e-16
3.084901360784288045e+03 2.395623806820967633e-15 1.447504916097831103e-16
3.086115039004242590e+03 2.353106397120776762e-15 1.207537635221318602e-16
3.086449613213078464e+03 2.383732589653980078e-15 1.477894707519322586e-16
3.087997865641868884e+03 2.372717522369010120e-15 1.460911493974450782e-16
3.088861900376434278e+03 2.382537251615860434e-15 1.077434413681530824e-16
3.089546118070659304e+03 2.449012879849649624e-15 1.511602571251497189e-16
3.091094370499449724e+03 2.312572964619820206e-15 1.489242056425635632e-16
3.091608761748625966e+03 2.234138838197262582e-15 1.108640088097741813e-16
3.092642622928240144e+03 2.033012687793151150e-15 1.397716182106396577e-16
3.094190875357030563e+03 2.206869569052660867e-15 1.484431336608983628e-16
3.094355623120817654e+03 2.222578698363694770e-15 1.340935846382213592e-16
3.095739127785820983e+03 2.416338598991217286e-15 1.499188755049457327e-16
3.097102484493009342e+03 2.130002419770404655e-15 1.289175801620799525e-16
3.097287380214611403e+03 2.103887775472512262e-15 1.443986165557566367e-16
3.098835632643401823e+03 2.202195573768994565e-15 1.492542395999876517e-16
3.099849345865201030e+03 2.273327159782769718e-15 1.145621167996521432e-16
3.100383885072192243e+03 2.323102156314947735e-15 1.538261828705597424e-16
3.101932137500982662e+03 2.042388963702607240e-15 1.452371095389055718e-16
3.102596207237392719e+03 2.079914688743622111e-15 1.062442486011954181e-16
3.103480389929773082e+03 2.107532001672923700e-15 1.489434960073947250e-16
3.105028642358563502e+03 2.272766766022674782e-15 1.546720081175447370e-16
3.105343068609584407e+03 2.266667571648707709e-15 1.280739722163934390e-16
3.106576894787353922e+03 2.296281082612484578e-15 1.522417608575724782e-16
3.108089929981776095e+03 2.278057503185859573e-15 1.528151968634911241e-16
3.108125147216144342e+03 2.279424745998757666e-15 1.561831253370241670e-16
3.109673399644934761e+03 2.368351845454755021e-15 1.549364230531463947e-16
3.110836791353967783e+03 2.310360309609831644e-15 1.248640463059046079e-16
3.111221652073725181e+03 2.320840222122866526e-15 1.563585202230971224e-16
3.112769904502515601e+03 1.927767905154846442e-15 1.482070854687473410e-16
3.113583652726159471e+03 1.977868805306910032e-15 1.081030580031711573e-16
3.114318156931306021e+03 1.980957318255081721e-15 1.532830072584707083e-16
3.115866409360096441e+03 2.095220222045150014e-15 1.544955631052603149e-16
3.116330514098351159e+03 2.110733547040382457e-15 1.192611623756025044e-16
3.117414661788886860e+03 2.240332481476786473e-15 1.560693591196775820e-16
3.118962914217677280e+03 2.417945305699231547e-15 1.622107995543638277e-16
3.119077375470542847e+03 2.395387319759495389e-15 1.511449259334542058e-16
3.120511166646467700e+03 2.357388537286614013e-15 1.578107709731698780e-16
3.121824236842734535e+03 2.149484458093236376e-15 1.375375676474584229e-16
3.122059419075258120e+03 2.147543940099215298e-15 1.587784826936456707e-16
3.123607671504048540e+03 1.978823464870167935e-15 1.532456317806776745e-16
3.124571098214926224e+03 1.908299503497652229e-15 1.139004017957556814e-16
3.125155923932838959e+03 1.866100282812422090e-15 1.547636813292536525e-16
3.126704176361629379e+03 2.115648877807768342e-15 1.623487860621265996e-16
3.127317959587117912e+03 2.159152809231825668e-15 1.194423653180078193e-16
3.128252428790419799e+03 2.209861652669897445e-15 1.632093913373887091e-16
3.129800681219210219e+03 2.204246465565834267e-15 1.660607075480871132e-16
3.130064820959309600e+03 2.220077239692158155e-15 1.418092179901187368e-16
3.131348933648000639e+03 2.334906519027585111e-15 1.663142072961808161e-16
3.132811682331501288e+03 2.235024360901506872e-15 1.588658980527627052e-16
3.132897186076791058e+03 2.231606716436746636e-15 1.674145135462580527e-16
3.134445438505581478e+03 2.196220774809598045e-15 1.612708487067233132e-16
3.135558543703692976e+03 2.198341291931485997e-15 1.315541769619198748e-16
3.135993690934371898e+03 2.228487411749198203e-15 1.690948301442732135e-16
3.137541943363162318e+03 2.178414779617261806e-15 1.739895435283655612e-16
3.138305405075884664e+03 2.320252637424002031e-15 1.273284647635156678e-16
3.139090195791952738e+03 2.323608899933702261e-15 1.799753292763983483e-16
3.140638448220743157e+03 2.227634860095999425e-15 1.740724392148356388e-16
3.141052266448076352e+03 2.199937277825961374e-15 1.370567431999988771e-16
3.142186700649533577e+03 2.169474988692366826e-15 1.682732623717617607e-16
3.143734953078323997e+03 2.458380883541997063e-15 1.834824935649419537e-16
3.143799127820268041e+03 2.461734543070133283e-15 1.765149161038247005e-16
3.145283205507114417e+03 2.479419020851333310e-15 1.785211695461982498e-16
3.146545989192459729e+03 2.547845187428884440e-15 1.565491272816398098e-16
3.146831457935904837e+03 2.577570102766402839e-15 6.654520615441800558e-16
3.149292850564651417e+03 1.827129393980127767e-15 7.083057259166405420e-16
3.152039711936843105e+03 3.552518633364491997e-15 7.212572872188322287e-16
3.154786573309034793e+03 2.351611849536711879e-15 6.957280154663937259e-16
3.157533434681226481e+03 2.796220371036111053e-15 7.157113166205005619e-16
3.160280296053418169e+03 3.105501413051954356e-15 8.500765817360907892e-16
3.163027157425609857e+03 2.087768911626805329e-15 6.838404011983786301e-16
3.165774018797801546e+03 2.497144503922836627e-15 6.840340032184772199e-16
3.168520880169993234e+03 2.527793576699069274e-15 6.820549030768057402e-16
3.171267741542184922e+03 2.114041863937894236e-15 6.774254880432480459e-16
3.174014602914376610e+03 3.362655427575821890e-15 6.788908450010536411e-16
3.176761464286568298e+03 2.581457980870042494e-15 6.666017741879251870e-16
3.179508325658759986e+03 3.085779953559278312e-15 6.872400749831774300e-16
3.182255187030951674e+03 3.703071875848012948e-15 6.617511879678786666e-16
3.185002048403143363e+03 3.979941716674299120e-15 6.859100423175255560e-16
3.187748909775335051e+03 3.421558507153246525e-15 6.474776720182172504e-16
3.190495771147526739e+03 3.745124917470046858e-15 6.483698145023903434e-16
3.193242632519718427e+03 2.984232480462431767e-15 6.603465920340993350e-16
3.195989493891910115e+03 2.968296553001949791e-15 6.561757407293333853e-16
3.198736355264101803e+03 2.937595870292753581e-15 6.393739185694523777e-16
3.201483216636293491e+03 3.453858224543556801e-15 6.304188633303610081e-16
3.204230078008485179e+03 3.482714055013050722e-15 6.300760696123268239e-16
3.206976939380676868e+03 2.812753907359710443e-15 6.554472600518695089e-16
3.209723800752868556e+03 3.248646176345946925e-15 7.245942136636831721e-16
3.212470662125060244e+03 4.167872835885164159e-15 6.259870786796733214e-16
3.215217523497251932e+03 3.026091350007197159e-15 6.258912523662653684e-16
3.217964384869443620e+03 2.331799862984869974e-15 5.966316970823215047e-16
3.220711246241635308e+03 3.745216921096256637e-15 6.092498869751054730e-16
3.223458107613826996e+03 3.550731720536037394e-15 6.515317291532294493e-16
3.226204968986018685e+03 3.528258120512877335e-15 5.959621649387247652e-16
3.228951830358210373e+03 3.335905636024631908e-15 5.916960057715594697e-16
3.231698691730402061e+03 1.990458443616585564e-15 6.465227813643190541e-16
3.234445553102593749e+03 2.880236856553011347e-15 5.832770341600736880e-16
3.237192414474785437e+03 3.714940214170805755e-15 6.362423556884776948e-16
3.239939275846977125e+03 3.519301371223474713e-15 5.870021766956776927e-16
3.242686137219168813e+03 2.528584286140160957e-15 5.695628122116616915e-16
3.245432998591360501e+03 3.423160547189674834e-15 5.824682759781907680e-16
3.248179859963552190e+03 3.001484460285681637e-15 5.742239781427999207e-16
3.250926721335743878e+03 2.199147042192325304e-15 5.592035768832271703e-16
3.253673582707935566e+03 3.812543546803852314e-15 5.957067261481832694e-16
3.256420444080127254e+03 2.125006152304968039e-15 5.560310207582963893e-16
3.259167305452318942e+03 2.487456690755188968e-15 5.560410538302875675e-16
3.261914166824510630e+03 1.135546472119537441e-15 5.446572636369448519e-16
3.264661028196702318e+03 2.741400862752408843e-15 5.724117409305413581e-16
3.267407889568894007e+03 2.878800082843379856e-15 5.547421508743684229e-16
3.270154750941085695e+03 2.708165539580297205e-15 5.563177130031889831e-16
3.272901612313277383e+03 2.524887253931807387e-15 4.703139800322027985e-16
3.275648473685469071e+03 2.233384477519622519e-15 6.241788435294899368e-16
3.278395335057660759e+03 2.341520769303186238e-15 5.421919007722468967e-16
3.281142196429852447e+03 2.133800052783884290e-15 5.377371061558427118e-16
3.283889057802044135e+03 4.918061346504172208e-15 5.712443785744656196e-16
3.286635919174235823e+03 3.063577324791193710e-15 5.328758716037001314e-16
3.289382780546427512e+03 2.544701686407537501e-15 5.341337493978238949e-16
3.292129641918619200e+03 3.171972504924268259e-15 5.400458844744393889e-16
3.294876503290810888e+03 2.660398397726358009e-15 5.303231790564536539e-16
3.297623364663002576e+03 1.749812899038289020e-15 5.180380810474805548e-16
3.300370226035194264e+03 2.285301868620672307e-15 5.256123551645798982e-16
3.303117087407385952e+03 2.132355362746217540e-15 5.301338644907299302e-16
3.305863948779577640e+03 2.608151682645500347e-15 5.245429939539395685e-16
3.308610810151769329e+03 3.044392858530892929e-15 5.220268746726056603e-16
3.311357671523961017e+03 3.060939985866427625e-15 5.251707857756460738e-16
3.314104532896152705e+03 1.895718121963942105e-15 5.066794981292864464e-16
3.316851394268344393e+03 2.954633392944141540e-15 5.149364711067941217e-16
3.319598255640536081e+03 2.195135033421424362e-15 5.175771915128181159e-16
3.322345117012727769e+03 2.426962549886169178e-15 5.205492569890111910e-16
3.325091978384919457e+03 3.096188150584611273e-15 6.497906781796951087e-16
3.327838839757111145e+03 3.740216247759402855e-15 5.214298619942839531e-16
3.330585701129302834e+03 4.322442247564364812e-15 5.197610976211893370e-16
3.333332562501494522e+03 3.505575253948856379e-15 5.067112803093195300e-16
3.336079423873686210e+03 3.570009206116126901e-15 5.040113751182891291e-16
3.338826285245877898e+03 3.321894884517488430e-15 4.977902766354794437e-16
3.341573146618069586e+03 3.292817381698090357e-15 4.994450889252876118e-16
3.344320007990261274e+03 3.584439636052052898e-15 5.134276801732512751e-16
3.347066869362452962e+03 5.132701468557257825e-14 1.131951680631569019e-15
3.349813730734644651e+03 1.139735670962955100e-14 5.225834872676327045e-16
3.352560592106836339e+03 2.897121149818560236e-15 4.891772757506640537e-16
3.355307453479028027e+03 3.461767130735884131e-15 4.949743507725718547e-16
3.358054314851219715e+03 3.005003489438984096e-15 4.842539800888395461e-16
3.360801176223411403e+03 3.528006867924605253e-15 4.955507342340384468e-16
3.363548037595603091e+03 3.907456100241399036e-15 4.875334048754832702e-16
3.366294898967794779e+03 2.835253582555946230e-15 4.721766905923330897e-16
3.369041760339986467e+03 3.979214170456558244e-15 4.871144028271888732e-16
3.371788621712178156e+03 3.598021767670845299e-15 4.781083970336247281e-16
3.374535483084369844e+03 3.779842865235334346e-15 4.785191406414257509e-16
3.377282344456561532e+03 3.356929735037211701e-15 4.742905439550024297e-16
3.380029205828753220e+03 3.331493700751040300e-15 4.860846478494667156e-16
3.382776067200944908e+03 3.063048153296859050e-15 4.661899292325566694e-16
3.385522928573136596e+03 3.324930586383124484e-15 4.732490678282557895e-16
3.388269789945328284e+03 3.977793235704459597e-15 5.550008944153822655e-16
3.391016651317519973e+03 3.752645610933045697e-15 5.236654016827221821e-16
3.393763512689711661e+03 3.609584220537635334e-15 4.825734228980180394e-16
3.396510374061903349e+03 4.259486033066024701e-15 4.866165267819112982e-16
3.399257235434095037e+03 3.794486006107658317e-15 4.966281682760293731e-16
3.402004096806286725e+03 3.304367763812704481e-15 4.747403765080411653e-16
3.404750958178478413e+03 3.718021969812292970e-15 4.619263741508968008e-16
3.407497819550670101e+03 3.994505525014871128e-15 4.606452608684290315e-16
3.410244680922861789e+03 3.929963235859196409e-15 5.171278886638651348e-16
3.412991542295053478e+03 3.964306107268419066e-15 4.572217808704283709e-16
3.415738403667245166e+03 4.130333889869222141e-15 4.702775285240634061e-16
3.418485265039436854e+03 5.234312581001920381e-15 5.559951145854706082e-16
3.421232126411628542e+03 4.757908307016427425e-15 4.588710712737047811e-16
3.423978987783820230e+03 5.929297678295945223e-15 4.692218403010938347e-16
3.426725849156011918e+03 5.587272965399243321e-15 4.612587750582096012e-16
3.429472710528203606e+03 4.193757203345086811e-15 4.600113466639148324e-16
3.432219571900395295e+03 5.287883146003224070e-15 4.602302602839990358e-16
3.434966433272586983e+03 5.919540110364302990e-15 4.813502041062665304e-16
3.437713294644778671e+03 4.654309534674271223e-15 4.549371177579411266e-16
3.440460156016970359e+03 4.761664396930714335e-15 4.451234093900042336e-16
3.443207017389162047e+03 4.914537648683664106e-15 4.486487784098688415e-16
3.445953878761353735e+03 5.149506537720194512e-15 4.585472541913174140e-16
3.448700740133545423e+03 4.601242823944069528e-15 4.567707178310613488e-16
3.451447601505737111e+03 5.599116782691004073e-15 4.511461271898142236e-16
3.454194462877928800e+03 5.010913683583239079e-15 4.405432808296687358e-16
3.456941324250120488e+03 5.295542503698288396e-15 4.417587098265010280e-16
3.459688185622312176e+03 4.580662583832339227e-15 4.303182502993728404e-16
3.462435046994503864e+03 4.797970201414816616e-15 4.329564374095288847e-16
3.465181908366695552e+03 4.769122509673171001e-15 4.300283983443433672e-16
3.467928769738887240e+03 5.487251016242825101e-15 4.381159620039446348e-16
3.470675631111078928e+03 4.630755418222994146e-15 4.385059669640815621e-16
3.473422492483270617e+03 4.874209469150286435e-15 4.286722046544313151e-16
3.476169353855462305e+03 5.648071143827373334e-15 4.360187417960964686e-16
3.478916215227653993e+03 4.888292431385672790e-15 4.262840188984069356e-16
3.481663076599845681e+03 4.892679954690515338e-15 4.240936348472622709e-16
3.484409937972037369e+03 5.291261439614435215e-15 4.375993299222290368e-16
3.487156799344229057e+03 4.810455690300074466e-15 4.414636832712456475e-16
3.489903660716420745e+03 4.617913257097824449e-15 4.974526655940549990e-16
3.492650522088612433e+03 4.050514198555862766e-15 4.139465874925098391e-16
3.495397383460804122e+03 4.639664131313981339e-15 4.211688212814659986e-16
3.498144244832995810e+03 6.223706634809453930e-15 4.313829248088107210e-16
3.500891106205187498e+03 5.283995934476761002e-15 4.201724760310081006e-16
3.503637967577379186e+03 5.689573251576522823e-15 4.261303500363016238e-16
3.506384828949570874e+03 6.024883315326737105e-15 4.280935453027683881e-16
3.509131690321762562e+03 6.076014073233772732e-15 4.294758912874726477e-16
3.511878551693954250e+03 6.015283128110044307e-15 4.241330691822110631e-16
3.514625413066145939e+03 5.664230136304302736e-15 4.504078834142912119e-16
3.517372274438337627e+03 6.004079462317053720e-15 4.214189683890052599e-16
3.520119135810529315e+03 6.606550644425059950e-15 4.289994819892441813e-16
3.522865997182721003e+03 7.269102606002490799e-15 4.315193934735697475e-16
3.525612858554912691e+03 6.765811456769550616e-15 4.489738325227171990e-16
3.528359719927104379e+03 7.085596861377372810e-15 4.508670071710037985e-16
3.531106581299296067e+03 7.287936527023372693e-15 4.437008813776205671e-16
3.533853442671487755e+03 7.997459141683630084e-15 4.586275665025781394e-16
3.536600304043679444e+03 7.698130650800014017e-15 4.400291905007487581e-16
3.539347165415871132e+03 7.829103025856183480e-15 4.308041152092255525e-16
3.542094026788062820e+03 7.327275805839435747e-15 4.330627581469546170e-16
3.544840888160254508e+03 8.365558723512398085e-15 4.494233534869488107e-16
3.547587749532446196e+03 8.175210798637222696e-15 4.363306023245139199e-16
3.550334610904637884e+03 7.560281996975126557e-15 4.346410566795663227e-16
3.553081472276829572e+03 8.131229759575714553e-15 4.326537007708649803e-16
3.555828333649021260e+03 8.703661858890500634e-15 4.339362249254220229e-16
3.558575195021212949e+03 8.203592162745126355e-15 4.479127711986355004e-16
3.561322056393404637e+03 8.946667056689712080e-15 4.506145749986797468e-16
3.564068917765596325e+03 8.412602632368397677e-15 4.401620199555926220e-16
3.566815779137788013e+03 8.230675578562185699e-15 4.353933423415751356e-16
3.569562640509979701e+03 8.859170265152644485e-15 4.330723068501534288e-16
3.572309501882171389e+03 9.355197043115275596e-15 4.493019033733822991e-16
3.575056363254363077e+03 9.392594610431243241e-15 4.720111321066743918e-16
3.577803224626554766e+03 9.783383781775808077e-15 4.478512013478308324e-16
3.580550085998746454e+03 9.200207607517445362e-15 4.287455529784093082e-16
3.583296947370938142e+03 9.375381837047001922e-15 4.320726685237057837e-16
3.586043808743129830e+03 9.486336364956852566e-15 4.311997282172173323e-16
3.588790670115321518e+03 8.758549165461413079e-15 4.202127062069956268e-16
3.591537531487513206e+03 9.993144432588535537e-15 4.341219869878754731e-16
3.594284392859704894e+03 9.773187879322274750e-15 4.263189983690914379e-16
3.597031254231896582e+03 9.008501824043790158e-15 4.220747899924859999e-16
3.599778115604088271e+03 9.283048764935220585e-15 4.251661805318826730e-16
3.602524976976279959e+03 9.686879126139503562e-15 4.373466394256285117e-16
3.605271838348471647e+03 9.901659944453473281e-15 5.383670529589582372e-16
3.608018699720663335e+03 9.894053059792454003e-15 4.351882115552900124e-16
3.610765561092855023e+03 9.467629841545585596e-15 4.760307276190964347e-16
3.613512422465046711e+03 9.225736853937183952e-15 4.262496038744872763e-16
3.616259283837238399e+03 9.535216615668484059e-15 4.212783926971134708e-16
3.619006145209430088e+03 9.906540037584900994e-15 4.234754733519235377e-16
3.621753006581621776e+03 9.472057778324383645e-15 4.233876031828734990e-16
3.624499867953813464e+03 8.690956005685109377e-15 4.095348790265377835e-16
3.627246729326005152e+03 8.838470963408168672e-15 4.126729209742697189e-16
3.629993590698196840e+03 8.510015280513810592e-15 4.297890460974754228e-16
3.632740452070388528e+03 8.122135783979209895e-15 3.991077626600777743e-16
3.635487313442580216e+03 7.844895720899293658e-15 4.073867621584882010e-16
3.638234174814771904e+03 8.454361998304207816e-15 4.037370278638879986e-16
3.640981036186963593e+03 8.105630427628205137e-15 3.966243704815345272e-16
3.643727897559155281e+03 8.565611520053091608e-15 3.980573049635793231e-16
3.646474758931346969e+03 7.563195500949419672e-15 4.158203106481254707e-16
3.649221620303538657e+03 7.619078338040171567e-15 4.004616681825582484e-16
3.651968481675730345e+03 7.956869243542217780e-15 4.092963180026055554e-16
3.654715343047922033e+03 8.350524045614650358e-15 3.916694566372809190e-16
3.657462204420113721e+03 8.813511542613211823e-15 3.966179544026472548e-16
3.660209065792305410e+03 9.700783958734310450e-15 4.121842615900582603e-16
3.662955927164497098e+03 8.632365042307568421e-15 3.912696302225515781e-16
3.665702788536688786e+03 1.002425469662024721e-14 4.019810447107739461e-16
3.668449649908880474e+03 1.068552586602090105e-14 4.056271437240404294e-16
3.671196511281072162e+03 1.103416168481478247e-14 4.427022605222739042e-16
3.673943372653263850e+03 1.141197893197214191e-14 4.406745053634370416e-16
3.676690234025455538e+03 1.191130419157970199e-14 4.167160182389537405e-16
3.679437095397647226e+03 1.265367147181077036e-14 4.183340949001542084e-16
3.682183956769838915e+03 1.392549098067061975e-14 4.575384515161225404e-16
3.684930818142030603e+03 1.351458904648419165e-14 4.288368449993346538e-16
3.687677679514222291e+03 1.522151957839196834e-14 4.380282603931704523e-16
3.690424540886413979e+03 1.485689584241614176e-14 4.274810689399734844e-16
3.693171402258605667e+03 1.652373007405202267e-14 5.172414708783956626e-16
3.695918263630797355e+03 1.650364021526689773e-14 4.571507858393710773e-16
3.698665125002989043e+03 2.695749935238549333e-14 5.413025989179369156e-16
3.701411986375180732e+03 1.948493467302117872e-14 4.527754559632770289e-16
3.704158847747372420e+03 1.717813737184172041e-14 4.513612450036351446e-16
3.706905709119564108e+03 1.653440954750988767e-14 4.289296330594166358e-16
3.709652570491755796e+03 1.685368346465015037e-14 4.295528771173025942e-16
3.712399431863947484e+03 1.629676691365815994e-14 4.229464831109689175e-16
3.715146293236139172e+03 1.540289594848473726e-14 4.192901257631970241e-16
3.717893154608330860e+03 1.470652460387117609e-14 4.092920389775219985e-16
3.720640015980522548e+03 1.369947461403999896e-14 3.996132082545353618e-16
3.723386877352714237e+03 1.436792540760451893e-14 4.058298698680467466e-16
3.726133738724905925e+03 1.371929834094551981e-14 4.101981884245256248e-16
3.728880600097097613e+03 1.300388034642648706e-14 3.899440528861776776e-16
3.731627461469289301e+03 1.219847112962500095e-14 3.831168539940391262e-16
3.734374322841480989e+03 1.095589330900826539e-14 3.678275904057609046e-16
3.737121184213672677e+03 1.099921557507561753e-14 3.738970444738360979e-16
3.739868045585864365e+03 1.070802414450955654e-14 3.619993307258664548e-16
3.742614906958056054e+03 1.066807757291742617e-14 3.620579707537294591e-16
3.745361768330247742e+03 1.076020989805443845e-14 3.605447035562769411e-16
3.748108629702439430e+03 1.075329652591391947e-14 3.587667635134773149e-16
3.750855491074631118e+03 1.087733763358206571e-14 3.593311080236752649e-16
3.753602352446822806e+03 1.022668713583526826e-14 3.600866964225288134e-16
3.756349213819014494e+03 1.043363856073595588e-14 3.510118728490781650e-16
3.759096075191206182e+03 9.797818604900334306e-15 3.547344824962923824e-16
3.761842936563397870e+03 9.911393758865550598e-15 3.431647973498028192e-16
3.764589797935589559e+03 1.063875173751319019e-14 3.529094121597633122e-16
3.767336659307781247e+03 9.990961764171626453e-15 3.392405170364705798e-16
3.770083520679972935e+03 9.738814883110044761e-15 3.346993931757918509e-16
3.772830382052164623e+03 1.013859065641006404e-14 3.432498088170887657e-16
3.775577243424356311e+03 9.958777520714682868e-15 3.502901754197208761e-16
3.778324104796547999e+03 9.779271093372915858e-15 3.839351925476777282e-16
3.781070966168739687e+03 9.116868536345354588e-15 3.311345221489135521e-16
3.783817827540931376e+03 9.039565261663325392e-15 3.610115725030067294e-16
3.786564688913123064e+03 8.694168142206457527e-15 3.238303620316190264e-16
3.789311550285314752e+03 9.102990035443061386e-15 3.226210030518376586e-16
3.792058411657506440e+03 8.223108044245588629e-15 3.102809580711667120e-16
3.794805273029698128e+03 7.998490486701786205e-15 3.060492806986402589e-16
3.797552134401889816e+03 8.087115323937640632e-15 3.085358672790716986e-16
3.800298995774081504e+03 7.327032613988106606e-15 3.138118233274529988e-16
3.803045857146273192e+03 7.753322407034086417e-15 3.072596406164212884e-16
3.805792718518464881e+03 8.880358900355015020e-15 3.096965778993650324e-16
3.808539579890656569e+03 7.973397590602801939e-15 2.977564498159410299e-16
3.811286441262848257e+03 7.635484399574376382e-15 2.954699172880431939e-16
3.814033302635039945e+03 8.425539303110869989e-15 3.233831038347866461e-16
3.816780164007231633e+03 7.364067007944182249e-15 2.927333931983431163e-16
3.819527025379423321e+03 7.697425086341453457e-15 2.904872902283361911e-16
3.822273886751615009e+03 7.424565653093797159e-15 2.899413912344125817e-16
3.825020748123806698e+03 7.645885613297263538e-15 2.994487533621609162e-16
3.827767609495998386e+03 7.411167187957727270e-15 2.865666309857294820e-16
3.830514470868190074e+03 7.757157023885034800e-15 2.913330132168109775e-16
3.833261332240381762e+03 8.352523454779415220e-15 2.895888448704710598e-16
3.836008193612573450e+03 8.100423887979564009e-15 2.873473166344945180e-16
3.838755054984765138e+03 8.329301618057118008e-15 2.856977996503577068e-16
3.841501916356956826e+03 8.704899903461854477e-15 2.873750293403649685e-16
3.844248777729148514e+03 9.003521628383789388e-15 2.900543554548400447e-16
3.846995639101340203e+03 9.423655358368320717e-15 2.905667570749712089e-16
3.849742500473531891e+03 9.062527471915162411e-15 2.909391111377766601e-16
3.852489361845723579e+03 9.682050061958176416e-15 2.893497920520047047e-16
3.855236223217915267e+03 9.976321481031942177e-15 2.890369631124624497e-16
3.857983084590106955e+03 1.042184294241962495e-14 2.954343211381494449e-16
3.860729945962298643e+03 1.093564824186350525e-14 2.971590485574335355e-16
3.863476807334490331e+03 1.067091013100227820e-14 2.929881032294263009e-16
3.866223668706682020e+03 1.171681210886814315e-14 2.995194560657154691e-16
3.868970530078873708e+03 1.617778231346502453e-14 3.343240701980689553e-16
3.871717391451065396e+03 1.439666887005884814e-14 3.092886252911804855e-16
3.874464252823257084e+03 1.296724590704259614e-14 3.077044497411884810e-16
3.877211114195448772e+03 1.328952631986637277e-14 3.345020054641096450e-16
3.879957975567640460e+03 1.330332307005799432e-14 3.112338734765789598e-16
3.882704836939832148e+03 1.409677607364104686e-14 3.141602142880376717e-16
3.885451698312023836e+03 1.483991385055359209e-14 3.114077958668731038e-16
3.888198559684215525e+03 1.557594703514061598e-14 3.417062896356550382e-16
3.890945421056407213e+03 1.533471510588857462e-14 3.136719793942474818e-16
3.893692282428598901e+03 1.598091411428079436e-14 3.167372120121899171e-16
3.896439143800790589e+03 1.718674079533830571e-14 3.248181724391811950e-16
3.899186005172982277e+03 1.721643470995579019e-14 3.187846322371133648e-16
3.901932866545173965e+03 1.782896282336133512e-14 3.270916648813282048e-16
3.904679727917365653e+03 1.899691914089789451e-14 3.308480305196724275e-16
3.907426589289557342e+03 1.926408210733377326e-14 3.336262083964748963e-16
3.910173450661749030e+03 1.881794249986907137e-14 3.260880400525601233e-16
3.912920312033940718e+03 2.008848017092239628e-14 3.361262246114487702e-16
3.915667173406132406e+03 2.009910401846784399e-14 3.353303626129575370e-16
3.918414034778324094e+03 2.030014485886285234e-14 3.322760015094972519e-16
3.921160896150515782e+03 2.069109963114751550e-14 3.324451947292668675e-16
3.923907757522707470e+03 2.079925982653136864e-14 3.329244605819249205e-16
3.926654618894899158e+03 2.213704391473320465e-14 3.418052524823795033e-16
3.929401480267090847e+03 2.246265039259903852e-14 3.419590024765903270e-16
3.932148341639282535e+03 2.304029082234701914e-14 3.443490930519632441e-16
3.934895203011474223e+03 2.262098317804660570e-14 3.370387917357990055e-16
3.937642064383665911e+03 2.239730469250515604e-14 3.365542819122277603e-16
3.940388925755857599e+03 2.252329024072471306e-14 3.362952781930253730e-16
3.943135787128049287e+03 2.234000128997371269e-14 3.343169516087017430e-16
3.945882648500240975e+03 2.245274052744818522e-14 3.336168590204607239e-16
3.948629509872432664e+03 2.183223398810379635e-14 3.282644414775370402e-16
3.951376371244624352e+03 2.262242990338700929e-14 3.315945791950468194e-16
3.954123232616816040e+03 2.262811091856157193e-14 3.294052462363594415e-16
3.956870093989007728e+03 2.289255479673540163e-14 3.337575497641802100e-16
3.959616955361199416e+03 2.311178351116845879e-14 3.315729234442649734e-16
3.962363816733391104e+03 2.309041760991042785e-14 3.309669791657607916e-16
3.965110678105582792e+03 2.298068235029536737e-14 3.283929752526908876e-16
3.967857539477774480e+03 2.315111024091942051e-14 3.296777651721586599e-16
3.970604400849966169e+03 2.345045129042098946e-14 3.284313477877345481e-16
3.973351262222157857e+03 2.381638180735066069e-14 3.348353487169592345e-16
3.976098123594349545e+03 2.413104111260870695e-14 3.303927572485964656e-16
3.978844984966541233e+03 2.400358590243029109e-14 3.274249332221912654e-16
3.981591846338732921e+03 2.337277910243426747e-14 3.339402532550531991e-16
3.984338707710924609e+03 2.400796869912615327e-14 3.319791917449352470e-16
3.987085569083116297e+03 2.253760618109231963e-14 3.174823657521008271e-16
3.989832430455307986e+03 2.143440039486233796e-14 3.148527964153364872e-16
3.992579291827499674e+03 2.061387421086733823e-14 3.062267885230347923e-16
3.995326153199691362e+03 2.023626767863555205e-14 3.044081630110108177e-16
3.998073014571883050e+03 1.949639559556065473e-14 2.980176245972500651e-16
4.000819875944074738e+03 1.885154402958306286e-14 2.949926316038910945e-16
4.003566737316266426e+03 1.843272611662301738e-14 2.965199317825891326e-16
4.006313598688458114e+03 1.846084543379961347e-14 2.940389189754902088e-16
4.009060460060649802e+03 1.900588202145630896e-14 2.992942717228331667e-16
4.011807321432841491e+03 1.789802136340740682e-14 2.875944190774606961e-16
4.014554182805033179e+03 1.735744817599962323e-14 2.834725047150575659e-16
4.017301044177224867e+03 1.706962112371506043e-14 2.813621375975883163e-16
4.020047905549416555e+03 1.646107706379640749e-14 2.761584826625543168e-16
4.022794766921608243e+03 1.610006333143418240e-14 2.731246208687982467e-16
4.025541628293799931e+03 1.652937232539732577e-14 3.048228463988170038e-16
4.028288489665991619e+03 1.611629813175010758e-14 2.777651492183034416e-16
4.031035351038183308e+03 1.504622690912171906e-14 2.637064981766824579e-16
4.033782212410374996e+03 1.480946574921304695e-14 2.686726311051688405e-16
4.036529073782566684e+03 1.456499020637113492e-14 2.621546160529370111e-16
4.039275935154758372e+03 1.452674997154065367e-14 2.599027684251528353e-16
4.042022796526950060e+03 1.448676154839988170e-14 2.640939072090183550e-16
4.044769657899141748e+03 1.414837763195973894e-14 2.593189411138601447e-16
4.047516519271333436e+03 1.454732797842010728e-14 2.729498212178897231e-16
4.050263380643525124e+03 1.463633835030090252e-14 2.636764243964184413e-16
4.053010242015716813e+03 1.454981715370349522e-14 2.582461627607400812e-16
4.055757103387908501e+03 1.468130663093581952e-14 2.613037888291687336e-16
4.058503964760100189e+03 1.423507443359867891e-14 2.620078709443289523e-16
4.061250826132291877e+03 1.475725463725196880e-14 2.588161837759333879e-16
4.063997687504483565e+03 1.549615974757327353e-14 2.715468805467093657e-16
4.066744548876675253e+03 1.519164733125895055e-14 2.608122363373631736e-16
4.069491410248866941e+03 1.552963415039512378e-14 2.746339906974650674e-16
4.072238271621058630e+03 1.529572932008034142e-14 2.616071423727093025e-16
4.074985132993250318e+03 1.598036728974667494e-14 2.649417271451465575e-16
4.077731994365442006e+03 1.595111009869807949e-14 2.683907304653347750e-16
4.080478855737633694e+03 1.555126262083057006e-14 2.610857321426236237e-16
4.083225717109825382e+03 1.634432698889877071e-14 2.691606635494730353e-16
4.085972578482017070e+03 1.631329594585079061e-14 2.942822804891223625e-16
4.088719439854208758e+03 1.695996225309929248e-14 2.737992411835779812e-16
4.091466301226400446e+03 1.722462775954210846e-14 2.686516253737822554e-16
4.094213162598592135e+03 1.617871963208069203e-14 2.713083628331027432e-16
4.096960023970783368e+03 1.619325756967412828e-14 2.644811000668071603e-16
4.099706885342975511e+03 1.673082998849747137e-14 2.647468322472611845e-16
4.102453746715167654e+03 1.559124901513174890e-14 2.572508372923526170e-16
4.105200608087358887e+03 1.532569803308979707e-14 2.578865342997486043e-16
4.107947469459550121e+03 1.565040942811470639e-14 2.588237483666906605e-16
4.110694330831742263e+03 1.522378855731709025e-14 2.539909406102097847e-16
4.113441192203934406e+03 1.561607583587377181e-14 2.577728099616403888e-16
4.116188053576125640e+03 1.590556443338103934e-14 2.589168829218011590e-16
4.118934914948316873e+03 1.574274375617276481e-14 2.566600214556151253e-16
4.121681776320509016e+03 1.492987182964638070e-14 2.527704112704404099e-16
4.124428637692701159e+03 1.472703498790764712e-14 2.537524570944875138e-16
4.127175499064892392e+03 1.478799740328973631e-14 2.511924356099400050e-16
4.129922360437083626e+03 1.494327534049463252e-14 2.521163777951309138e-16
4.132669221809275768e+03 1.517044780184673109e-14 2.512584346628371515e-16
4.135416083181467911e+03 1.562662888976755570e-14 2.547225610402180300e-16
4.138162944553659145e+03 1.531228475817530983e-14 2.500601918435504622e-16
4.140909805925850378e+03 1.534206660592435591e-14 2.499445705953010043e-16
4.143656667298042521e+03 1.574535550016778988e-14 2.526146236896367407e-16
4.146403528670234664e+03 1.556552356170838074e-14 2.523186080462241331e-16
4.149150390042425897e+03 1.565396593905177714e-14 2.514586560916642696e-16
4.151897251414617131e+03 1.619472615111841650e-14 2.678030336513434569e-16
4.154644112786809274e+03 1.579754487609456722e-14 2.542910434450659609e-16
4.157390974159001416e+03 1.535362134535921506e-14 2.472915189792796056e-16
4.160137835531192650e+03 1.549552486086098933e-14 2.540653390271242780e-16
4.162884696903383883e+03 1.538181990486184478e-14 2.510927310468537772e-16
4.165631558275576026e+03 1.555916165216616144e-14 2.487678660029249553e-16
4.168378419647768169e+03 1.585438360743376410e-14 2.482553488153319951e-16
4.171125281019959402e+03 1.572130021863422071e-14 2.484185126487297872e-16
4.173872142392150636e+03 1.616626556934064551e-14 2.530861844354505426e-16
4.176619003764342779e+03 1.642324341960688299e-14 2.539660341983283754e-16
4.179365865136534921e+03 1.611695973254821157e-14 2.483285310109466011e-16
4.182112726508726155e+03 1.588953435384651345e-14 2.477076320668007497e-16
4.184859587880917388e+03 1.625296029357673526e-14 2.497739322628272392e-16
4.187606449253109531e+03 1.588053981509160482e-14 2.470460195055082783e-16
4.190353310625301674e+03 1.637263262396370724e-14 2.502553337006615821e-16
4.193100171997492907e+03 1.702695707291998582e-14 2.517386154261554576e-16
4.195847033369684141e+03 1.730851594573645432e-14 2.564722086320629784e-16
4.198593894741876284e+03 1.739667744037867431e-14 2.573324546173141423e-16
4.201340756114068427e+03 1.771912568437142108e-14 2.552105024199222047e-16
4.204087617486259660e+03 1.817129815117935139e-14 2.566158510362472655e-16
4.206834478858450893e+03 1.830629881822665991e-14 2.592945004436475310e-16
4.209581340230643036e+03 1.835901744983061140e-14 2.624645652793157727e-16
4.212328201602835179e+03 1.802368978814536440e-14 2.565416600284541343e-16
4.215075062975026412e+03 1.767191905658347536e-14 2.543354913184796647e-16
4.217821924347217646e+03 1.790732838102932240e-14 2.566904740677847758e-16
4.220568785719409789e+03 1.750862106016953401e-14 2.511958214218361732e-16
4.223315647091601932e+03 1.771718501370946022e-14 2.529203124959830895e-16
4.226062508463793165e+03 1.731620146425499401e-14 2.485160233782247149e-16
4.228809369835984398e+03 1.713658310375586135e-14 2.482163245973563116e-16
4.231556231208176541e+03 1.711868352063687984e-14 2.477536131781156051e-16
4.234303092580368684e+03 1.718075934024784872e-14 2.510975679104533239e-16
4.237049953952559918e+03 1.700761396228843377e-14 2.496895300000696233e-16
4.239796815324751151e+03 1.688434974390117511e-14 2.471295533345787632e-16
4.242543676696943294e+03 1.733366007690970141e-14 2.700595539311578894e-16
4.245290538069135437e+03 1.719690685210146411e-14 2.542226574086645820e-16
4.248037399441326670e+03 1.692593265858923943e-14 2.479010607327807850e-16
4.250784260813517903e+03 1.670199203002401005e-14 2.448111719548602491e-16
4.253531122185710046e+03 1.643031384577927017e-14 2.423244472638946697e-16
4.256277983557902189e+03 1.652953553049022341e-14 2.421994689336728691e-16
4.259024844930093423e+03 1.613681931154513979e-14 2.408567938991350598e-16
4.261771706302284656e+03 1.658033009533420107e-14 2.496703299513714702e-16
4.264518567674476799e+03 1.648121335844559261e-14 2.425825885351835778e-16
4.267265429046668942e+03 1.625545140972297576e-14 2.399397537953679871e-16
4.270012290418860175e+03 1.700929805898757756e-14 2.444161204680631182e-16
4.272759151791051409e+03 1.721787079366286235e-14 2.435817554104788273e-16
4.275506013163243551e+03 1.704169243680252645e-14 2.419525461825002806e-16
4.278252874535435694e+03 1.664059279040569654e-14 2.409896802335363108e-16
4.280999735907626928e+03 1.722022336741354339e-14 2.446179337313178473e-16
4.283746597279818161e+03 1.714147036707376660e-14 2.426438631270091095e-16
4.286493458652010304e+03 1.741697503053968200e-14 2.513317483130547905e-16
4.289240320024202447e+03 1.703384031794202663e-14 2.423121431871286099e-16
4.291987181396393680e+03 1.703146144337170806e-14 2.402232986286349175e-16
4.294734042768584914e+03 1.669666354461043956e-14 2.375628950221532654e-16
4.297480904140777056e+03 1.663625648308034496e-14 2.371876372298853446e-16
4.300227765512969199e+03 1.693038132239445885e-14 2.394045942371586029e-16
4.302974626885160433e+03 1.693635346213022594e-14 2.385959478904836945e-16
4.305721488257351666e+03 1.710819305098599515e-14 2.393700697230689689e-16
4.308468349629543809e+03 1.694832740800053688e-14 2.391147986047505698e-16
4.311215211001735952e+03 1.693145395559480538e-14 2.374978086087984475e-16
4.313962072373927185e+03 1.689536566255842486e-14 2.412503568099143017e-16
4.316708933746118419e+03 1.603220558804960240e-14 2.395541519262294747e-16
4.319455795118310562e+03 1.611305793035702616e-14 2.354040276871615922e-16
4.322202656490502704e+03 1.573624222419750904e-14 2.293652552297871788e-16
4.324949517862693938e+03 1.491906704816693358e-14 2.264005951779468867e-16
4.327696379234885171e+03 1.481692529145149776e-14 2.251116220751962108e-16
4.330443240607077314e+03 1.450932408563740643e-14 2.302292438613573645e-16
4.333190101979269457e+03 1.423177688366051503e-14 2.224241435312233480e-16
4.335936963351460690e+03 1.414276778351028002e-14 2.264592207168390171e-16
4.338683824723651924e+03 1.373060063807050242e-14 2.194270608643643698e-16
4.341430686095844067e+03 1.309720348592952592e-14 2.129211615426621989e-16
4.344177547468036209e+03 1.322623128584276231e-14 2.133288000618069330e-16
4.346924408840227443e+03 1.310537960044921137e-14 2.115862716843213574e-16
4.349671270212418676e+03 1.285608144265021783e-14 2.105286366089462469e-16
4.352418131584610819e+03 1.295830047953042174e-14 2.106207953745035930e-16
4.355164992956802962e+03 1.273544721656029548e-14 2.104786102878461238e-16
4.357911854328994195e+03 1.268036333935045845e-14 2.096489099085784549e-16
4.360658715701185429e+03 1.266839680669423687e-14 2.088064610288185937e-16
4.363405577073377572e+03 1.238722347884814743e-14 2.076278132104631520e-16
4.366152438445569715e+03 1.238713221473605758e-14 2.084317914951244398e-16
4.368899299817760948e+03 1.216571006510320689e-14 2.062012152113595330e-16
4.371646161189952181e+03 1.204094898166485577e-14 2.039171648063803139e-16
4.374393022562144324e+03 1.157702980230792098e-14 1.997396832442815377e-16
4.377139883934336467e+03 1.138958092791237488e-14 1.991246896979401925e-16
4.379886745306527700e+03 1.159246298228857945e-14 2.016986757916653261e-16
4.382633606678718934e+03 1.107430179300881231e-14 1.966271669666838742e-16
4.385380468050911077e+03 1.099843340206369021e-14 1.971753937141901743e-16
4.388127329423103220e+03 1.068419232332353503e-14 1.934942294156963404e-16
4.390874190795294453e+03 1.032511187447998991e-14 1.925432175051569626e-16
4.393621052167485686e+03 1.025185737056402192e-14 1.921037936457791119e-16
4.396367913539677829e+03 1.021883590779839113e-14 1.960804437018516697e-16
4.399114774911869972e+03 1.016546506261460058e-14 1.981215904430903145e-16
4.401861636284061206e+03 1.005049452561862050e-14 1.949145677139673650e-16
4.404608497656252439e+03 9.340819420619320792e-15 1.867991332022077954e-16
4.407355359028444582e+03 9.332438093403233698e-15 1.856389773834819723e-16
4.410102220400636725e+03 9.423792494088580465e-15 1.847137011741204280e-16
4.412849081772827958e+03 9.110993911232619866e-15 1.817512126742712795e-16
4.415595943145019191e+03 9.160428710665354348e-15 1.831329907413698111e-16
4.418342804517211334e+03 9.538668616396091613e-15 1.925024122962958570e-16
4.421089665889403477e+03 9.308600384388186860e-15 1.865855386100821377e-16
4.423836527261594711e+03 8.946960713098475646e-15 1.811434626761450363e-16
4.426583388633785944e+03 9.050989287824561541e-15 1.825513812619189990e-16
4.429330250005978087e+03 9.283979169016425339e-15 1.839409648027835765e-16
4.432077111378170230e+03 9.350650045348340258e-15 1.829070223409631436e-16
4.434823972750361463e+03 9.218084221836771233e-15 1.809583775235329359e-16
4.437570834122552696e+03 9.005032892074139935e-15 1.795511825474555921e-16
4.440317695494744839e+03 8.929631461583473834e-15 1.815171486597612986e-16
4.443064556866936982e+03 9.121450695510400711e-15 1.821109619957571898e-16
4.445811418239128216e+03 9.086268408566340283e-15 1.795290215077863669e-16
4.448558279611319449e+03 9.076309355487612555e-15 1.790052287327117879e-16
4.451305140983511592e+03 9.401521039163310837e-15 1.812813116596785865e-16
4.454052002355703735e+03 9.537099932902857767e-15 1.854330015852108268e-16
4.456798863727894968e+03 9.874408138686538499e-15 2.112108660440763176e-16
4.459545725100086202e+03 1.034501372626033050e-14 1.966209701935452738e-16
4.462292586472278344e+03 1.013373702665031142e-14 1.843748038168559608e-16
4.465039447844470487e+03 1.046473739734880199e-14 1.876930519605280446e-16
4.467786309216661721e+03 1.093369119490505996e-14 1.900781959879264086e-16
4.470533170588852954e+03 1.103094104989091547e-14 1.894892103726163214e-16
4.473280031961045097e+03 1.135829851416748458e-14 1.936578986975728800e-16
4.476026893333237240e+03 1.191822721120959524e-14 1.954248393979619361e-16
4.478773754705428473e+03 1.195317231705408465e-14 1.944980814636174741e-16
4.481520616077619707e+03 1.205425624408508962e-14 1.957250314015792133e-16
4.484267477449811850e+03 1.232970914263489629e-14 1.967513961253538508e-16
4.487014338822003992e+03 1.223883184599690225e-14 1.956441113646814767e-16
4.489761200194195226e+03 1.223788215082749890e-14 1.964897041102118044e-16
4.492508061566386459e+03 1.238638459085781276e-14 1.970725859302223325e-16
4.495254922938578602e+03 1.250725932616631877e-14 1.987768706913588502e-16
4.498001784310770745e+03 1.345103554286196702e-14 2.038224097461849767e-16
4.500748645682961978e+03 1.391181398364088103e-14 2.066864188620822359e-16
4.503495507055153212e+03 1.469798286855865186e-14 2.140604992607081116e-16
4.506242368427345355e+03 1.486690413577419469e-14 2.118485359229677753e-16
4.508989229799537497e+03 1.504022155871813829e-14 2.113078890445558417e-16
4.511736091171728731e+03 1.566498207108029178e-14 2.141666720844046754e-16
4.514482952543919964e+03 1.557640899054035670e-14 2.370995906753221490e-16
4.517229813916112107e+03 1.604548083446117212e-14 2.289956618216194251e-16
4.519976675288304250e+03 1.699769930378770401e-14 2.280314745899271361e-16
4.522723536660495483e+03 1.717833730138865896e-14 2.232221650453187388e-16
4.525470398032686717e+03 1.750343965396105555e-14 2.226400515555869116e-16
4.528217259404878860e+03 1.769020752993788866e-14 2.236959474606417141e-16
4.530964120777071003e+03 1.812375944305312618e-14 2.264445105918109098e-16
4.533710982149262236e+03 1.848162736897399745e-14 2.277042136329504093e-16
4.536457843521453469e+03 1.917359316525485359e-14 2.338250222867734651e-16
4.539204704893645612e+03 1.980552553433086748e-14 2.354229217797731035e-16
4.541951566265837755e+03 1.991711416981692980e-14 2.353822024059913854e-16
4.544698427638028988e+03 2.029248771356367257e-14 2.370064911209313319e-16
4.547445289010220222e+03 2.049885352984767485e-14 2.371407170885059563e-16
4.550192150382412365e+03 2.102188888136264905e-14 2.392318333423530797e-16
4.552939011754604508e+03 2.139947869608710932e-14 2.440274042303318017e-16
4.555685873126795741e+03 2.158160011339276006e-14 2.429774956828369774e-16
4.558432734498986974e+03 2.194615383995737820e-14 2.430265485805855208e-16
4.561179595871179117e+03 2.240723474933647665e-14 2.452140674027830521e-16
4.563926457243371260e+03 2.325386676253935896e-14 2.488559797799956164e-16
4.566673318615562494e+03 2.378299413099831253e-14 2.522612171208905166e-16
4.569420179987753727e+03 2.416543986429668563e-14 2.547396131582270131e-16
4.572167041359945870e+03 2.432830792695958716e-14 2.532636072360374172e-16
4.574913902732138013e+03 2.441909609676921094e-14 2.832330276257230960e-16
4.577660764104329246e+03 2.488796451809107869e-14 2.664424526930692681e-16
4.580407625476520479e+03 2.501315118855039352e-14 2.556389592680669349e-16
4.583154486848712622e+03 2.505584347307679564e-14 2.565534952541687744e-16
4.585901348220904765e+03 2.588186102823335574e-14 2.603715517482807815e-16
4.588648209593095999e+03 2.632924425067743142e-14 2.619507306339874067e-16
4.591395070965287232e+03 2.605293155608760570e-14 2.620554726591888166e-16
4.594141932337479375e+03 2.586415347117293971e-14 2.601595379614015442e-16
4.596888793709671518e+03 2.587286840320905045e-14 2.607580701470529156e-16
4.599635655081862751e+03 2.599157252393504879e-14 2.620474489573303007e-16
4.602382516454053984e+03 2.627141889132877292e-14 2.616370790074419766e-16
4.605129377826246127e+03 2.606913485936660224e-14 2.601860353933422856e-16
4.607876239198438270e+03 2.616301688809811971e-14 2.624359294963648934e-16
4.610623100570629504e+03 2.630503092924145702e-14 2.628043293333191143e-16
4.613369961942820737e+03 2.599057697617622567e-14 2.603802532098900187e-16
4.616116823315012880e+03 2.612242195194696967e-14 2.638326779239289208e-16
4.618863684687205023e+03 2.627507328014460432e-14 2.634589671496019231e-16
4.621610546059396256e+03 2.612621229726231676e-14 2.659826216507275904e-16
4.624357407431587490e+03 2.633629283450745785e-14 2.669347567933924500e-16
4.627104268803779632e+03 2.676792628815933681e-14 2.658643367828326997e-16
4.629851130175971775e+03 2.714344601355121953e-14 2.670948866819172956e-16
4.632597991548163009e+03 2.676336654662002674e-14 2.644878589368613534e-16
4.635344852920354242e+03 2.686467817311159603e-14 2.662807661513116963e-16
4.638091714292546385e+03 2.784082350316546019e-14 2.985469402399862277e-16
4.640838575664738528e+03 2.737124593510409645e-14 2.768158492413125682e-16
4.643585437036929761e+03 2.642122979660658744e-14 2.622717854846539968e-16
4.646332298409120995e+03 2.586921728556270633e-14 2.618863282135700208e-16
4.649079159781313138e+03 2.612378835989070444e-14 2.644022527551027819e-16
4.651826021153505280e+03 2.568943666799445781e-14 2.592627098253260811e-16
4.654572882525696514e+03 2.570466373342645361e-14 2.614522520961390871e-16
4.657319743897887747e+03 2.561554223012673376e-14 2.606878578850127284e-16
4.660066605270079890e+03 2.533391314691829765e-14 2.610822341677913224e-16
4.662813466642272033e+03 2.509853190441000469e-14 2.688231753895120707e-16
4.665560328014463266e+03 2.388051176895439886e-14 2.586185011955320372e-16
4.668307189386654500e+03 2.377594998867679561e-14 2.538334635898915999e-16
4.671054050758846643e+03 2.377646048784443336e-14 2.524663005077938707e-16
4.673800912131038785e+03 2.296737531209073674e-14 2.502525499970727918e-16
4.676547773503230019e+03 2.235818023150985761e-14 2.642941907665172939e-16
4.679294634875421252e+03 2.186124717953663939e-14 2.568683245950081560e-16
4.682041496247613395e+03 2.121916522048158587e-14 2.434141232829962099e-16
4.684788357619805538e+03 2.016726052573067863e-14 2.448112544125576176e-16
4.687535218991996771e+03 1.962903482374827348e-14 2.374960775782280128e-16
4.690282080364188005e+03 1.918462987649325722e-14 2.318530866942598349e-16
4.693028941736380148e+03 1.911349441651501337e-14 2.372752198626966442e-16
4.695775803108572291e+03 1.843997760148969988e-14 2.321490090394418092e-16
4.698522664480763524e+03 1.812992556941723685e-14 2.381880046780947520e-16
4.701269525852954757e+03 1.776297738296243957e-14 2.283963293017274377e-16
4.704016387225146900e+03 1.743516348339532603e-14 2.240709309870189590e-16
4.706763248597339043e+03 1.711650911221241671e-14 2.221632464176720425e-16
4.709510109969530276e+03 1.688064588557150708e-14 2.206634135339860674e-16
4.712256971341721510e+03 1.627880916323834433e-14 2.206530882770104714e-16
4.715003832713913653e+03 1.593318386691977031e-14 2.177916814659207976e-16
4.717750694086105796e+03 1.606456766075301928e-14 2.171624327994821368e-16
4.720497555458297029e+03 1.609434472164761910e-14 2.172953044388112625e-16
4.723244416830488262e+03 1.561478629469596328e-14 2.146636442920483481e-16
4.725991278202680405e+03 1.537961354130646410e-14 2.138894879425503557e-16
4.728738139574872548e+03 1.515042217204007178e-14 2.124611356753279430e-16
4.731485000947063781e+03 1.529743470570264049e-14 2.138198371074036206e-16
4.734231862319255015e+03 1.523462706629520957e-14 2.127241911937082842e-16
4.736978723691447158e+03 1.494884397618090212e-14 2.135318949730288651e-16
4.739725585063639301e+03 1.515775216644473429e-14 2.143556458850078557e-16
4.742472446435830534e+03 1.496891839018116247e-14 2.129477511056246490e-16
4.745219307808021767e+03 1.419591129060534319e-14 2.105431338726316258e-16
4.747966169180213910e+03 1.449456316977065015e-14 2.122211657722074721e-16
4.750713030552406053e+03 1.486729580384540817e-14 2.128339002635252589e-16
4.753459891924597287e+03 1.478995163242783003e-14 2.117237043378366302e-16
4.756206753296788520e+03 1.444327863118221311e-14 2.101017995804287954e-16
4.758953614668980663e+03 1.382189032872386464e-14 2.059460092228075824e-16
4.761700476041172806e+03 1.307255098071544281e-14 2.022740853319447412e-16
4.764447337413364039e+03 1.261150850975787568e-14 2.007304775575659636e-16
4.767194198785555272e+03 1.262901627158674415e-14 2.002729957164330477e-16
4.769941060157747415e+03 1.247120959834946577e-14 2.004015528733782734e-16
4.772687921529939558e+03 1.222825033558040027e-14 1.986729632365112238e-16
4.775434782902130792e+03 1.216207461485933820e-14 2.030113513411197924e-16
4.778181644274322025e+03 1.210468466077132694e-14 1.983154232906233899e-16
4.780928505646514168e+03 1.138279477836951409e-14 1.913169972997075692e-16
4.783675367018706311e+03 1.118495403371959484e-14 1.910756940513330349e-16
4.786422228390897544e+03 1.135710267901228087e-14 1.937845709245853172e-16
4.789169089763088778e+03 1.136569130804081588e-14 1.922600309015404773e-16
4.791915951135280920e+03 1.136112080932118219e-14 1.922220409331854711e-16
4.794662812507473063e+03 1.179386980840160384e-14 1.956414544906704964e-16
4.797409673879664297e+03 1.165647325128677420e-14 2.065581111643221797e-16
4.800156535251855530e+03 1.181168184245677076e-14 1.985175245889076674e-16
4.802903396624047673e+03 1.198660503212175209e-14 1.953654471101808473e-16
4.805650257996239816e+03 1.204939702173992371e-14 1.994950446603550421e-16
4.808397119368431049e+03 1.206790231702543420e-14 1.965531096868602497e-16
4.811143980740622283e+03 1.233807342225040787e-14 1.979587156432193595e-16
4.813890842112814425e+03 1.279915817678760992e-14 2.011405731567445476e-16
4.816637703485006568e+03 1.302555986660308627e-14 2.010597539290401690e-16
4.819384564857197802e+03 1.326238900667916451e-14 2.048684569051146869e-16
4.822131426229389035e+03 1.300836411870487881e-14 2.027065472580704857e-16
4.824878287601581178e+03 1.327864552089374208e-14 2.037438810560034245e-16
4.827625148973773321e+03 1.364668155925774345e-14 2.101661247262798390e-16
4.830372010345964554e+03 1.373994907946394980e-14 2.071147729277142993e-16
4.833118871718155788e+03 1.397989370283922181e-14 2.149243039386340603e-16
4.835865733090347931e+03 1.414575692726680866e-14 2.514654354849613680e-16
4.838612594462540073e+03 1.459611412741508868e-14 2.604032825935005787e-16
4.841359455834731307e+03 1.429115393603871484e-14 2.431475407144243018e-16
4.844106317206922540e+03 1.438071595050944622e-14 2.159445020873412076e-16
4.846853178579114683e+03 1.340396946962452751e-14 2.036837742788806013e-16
4.849600039951306826e+03 1.352440050235072043e-14 2.078319780202104099e-16
4.852346901323498059e+03 1.369960486154718610e-14 2.064036902651268441e-16
4.855093762695689293e+03 1.303194580181591269e-14 2.099703888898820158e-16
4.857840624067881436e+03 1.282442812724766938e-14 2.072351854476582951e-16
4.860587485440073579e+03 1.308584037407531419e-14 2.103650832183603346e-16
4.863334346812264812e+03 1.293378776719070488e-14 2.059977573638669432e-16
4.866081208184456045e+03 1.199006313025485656e-14 1.954737245011892661e-16
4.868828069556648188e+03 1.140992094050081353e-14 2.117925022994546754e-16
4.871574930928840331e+03 1.165951756172004911e-14 1.992199679697741305e-16
4.874321792301031564e+03 1.171336237174646572e-14 1.947079121683824182e-16
4.877068653673222798e+03 1.182622912900346421e-14 1.947110426447073352e-16
4.879815515045414941e+03 1.159557002976236827e-14 1.924028564676208974e-16
4.882562376417607084e+03 1.148053539933582193e-14 1.989529021924341066e-16
4.885309237789798317e+03 1.114696823378698366e-14 1.928883383481132025e-16
4.888056099161989550e+03 1.103647023654548580e-14 1.908004393480115981e-16
4.890802960534181693e+03 1.070412777875931690e-14 1.877654426611260718e-16
4.893549821906373836e+03 1.089150689508633680e-14 1.955076644220268308e-16
4.896296683278565069e+03 1.097124425348291516e-14 1.923856191770482056e-16
4.899043544650756303e+03 1.119866998111090253e-14 1.979174605831489402e-16
4.901790406022948446e+03 1.113396050669499692e-14 1.914903765879102084e-16
4.904537267395140589e+03 1.132868913306887407e-14 1.940705728317156522e-16
4.907284128767331822e+03 1.134417622167507470e-14 1.993926226355983294e-16
4.910030990139523055e+03 1.168302245029967783e-14 2.012038810374596339e-16
4.912777851511715198e+03 1.226262083813549521e-14 2.157464076460546988e-16
4.915524712883907341e+03 1.176789776073368619e-14 1.976754971286459590e-16
4.918271574256098575e+03 1.191980776703275130e-14 1.956543558035288754e-16
4.921018435628289808e+03 1.295644589852528300e-14 2.017317442979959174e-16
4.923765297000481951e+03 1.289121476400460645e-14 2.010871412735505072e-16
4.926512158372674094e+03 1.281124975937986077e-14 2.008858350809002811e-16
4.929259019744865327e+03 1.326679705465463342e-14 2.042844818487709369e-16
4.932005881117056560e+03 1.361412412179128586e-14 2.255832721691296599e-16
4.934752742489248703e+03 1.431456881739560927e-14 2.937676755991608249e-16
4.937499603861440846e+03 1.461079897806592613e-14 2.269277377067724089e-16
4.940246465233632080e+03 1.462168637874329825e-14 2.128249827975018464e-16
4.942993326605823313e+03 1.519666562169929955e-14 2.189871571776628096e-16
4.945740187978015456e+03 1.554462953766126605e-14 2.160200764431717657e-16
4.948487049350207599e+03 1.567779574312032200e-14 2.302667274427433810e-16
4.951233910722398832e+03 1.691940601821773767e-14 2.398406942944234215e-16
4.953980772094590066e+03 1.685108233309280614e-14 2.237974845755971393e-16
4.956727633466782208e+03 1.718707789100533814e-14 2.246697563933832150e-16
4.959474494838974351e+03 1.674921120241956068e-14 2.213071575835737830e-16
4.962221356211165585e+03 1.718063763354937185e-14 2.247457115980088841e-16
4.964968217583356818e+03 1.708575660391086313e-14 2.324154328474442424e-16
4.967715078955548961e+03 1.680410443817469995e-14 2.238452093313998091e-16
4.970461940327741104e+03 1.662969571464472505e-14 2.209212888205857830e-16
4.973208801699932337e+03 1.680641973523066757e-14 2.223590836979879802e-16
4.975955663072123571e+03 1.669334142047381564e-14 2.214371372495706356e-16
4.978702524444315713e+03 1.673426074804600391e-14 2.263457717227891325e-16
4.981449385816507856e+03 1.642477188332544957e-14 2.207684567440602992e-16
4.984196247188699090e+03 1.564453922805787350e-14 2.189335286972359491e-16
4.986943108560890323e+03 1.515774881149048804e-14 2.144684254266566530e-16
4.989689969933082466e+03 1.528466466365933810e-14 2.367352801487210760e-16
4.992436831305274609e+03 1.517999592692687923e-14 2.187951762747189380e-16
4.995183692677465842e+03 1.434699993833901928e-14 2.129360128413980881e-16
4.997930554049657076e+03 1.406131867729733229e-14 2.098060697572662856e-16
5.000677415421849219e+03 1.448206763281659660e-14 2.120144437259242919e-16
5.003424276794041361e+03 1.397258230806027458e-14 2.082737248910085367e-16
5.006171138166232595e+03 1.359713798134705205e-14 2.070926791178307674e-16
5.008917999538423828e+03 1.353472319616487716e-14 2.066018316281670597e-16
5.011664860910615971e+03 1.341858702105831206e-14 2.059390221087353479e-16
5.014411722282808114e+03 1.310021607171892912e-14 2.064143325197038909e-16
5.017158583654999347e+03 1.305547647380555211e-14 2.062240512317455235e-16
5.019905445027190581e+03 1.252242399192207432e-14 2.009955618159626089e-16
5.022652306399382724e+03 1.242441867172391853e-14 2.003704469418789208e-16
5.025399167771574866e+03 1.214700140476440365e-14 1.983872472354046955e-16
5.028146029143766100e+03 1.205144518480924150e-14 1.992442249955652832e-16
5.030892890515957333e+03 1.188006325704687102e-14 1.996321958244049324e-16
5.033639751888149476e+03 1.215596755023017289e-14 2.017086206516096882e-16
5.036386613260341619e+03 1.184630774728705234e-14 1.974827718962005877e-16
5.039133474632532852e+03 1.138249803028462992e-14 1.951826332576497149e-16
5.041880336004724086e+03 1.076201927463096754e-14 1.901726671448882531e-16
5.044627197376916229e+03 1.104706503619104583e-14 1.959154072290315300e-16
5.047374058749108372e+03 1.078011843782106522e-14 1.921822605843766572e-16
5.050120920121299605e+03 1.108807071500692877e-14 1.942167788901731544e-16
5.052867781493490838e+03 1.143323997587001220e-14 1.965357884808841487e-16
5.055614642865682981e+03 1.136831170816403118e-14 2.042586474589397523e-16
5.058361504237875124e+03 1.140049343453887389e-14 1.967962174652336216e-16
5.061108365610066357e+03 1.112956783498315340e-14 1.936628081721841497e-16
5.063855226982257591e+03 1.180652888589128501e-14 2.062417108764417342e-16
5.066602088354449734e+03 1.172761581813076668e-14 2.015141027053660287e-16
5.069348949726641877e+03 1.135564364839686917e-14 2.150698733066700420e-16
5.072095811098833110e+03 1.149965003101901562e-14 2.025503574113150664e-16
5.074842672471024343e+03 1.096720647728078149e-14 2.021234881885138853e-16
5.077589533843216486e+03 1.095801641099928992e-14 1.951457185865397448e-16
5.080336395215408629e+03 1.119792239339697932e-14 1.963594906928257358e-16
5.083083256587599863e+03 1.119426921403020567e-14 1.999952868573992375e-16
5.085830117959791096e+03 1.179519351531240867e-14 2.080516182641646809e-16
5.088576979331983239e+03 1.165798099067219782e-14 1.987981115137116310e-16
5.091323840704175382e+03 1.187428598591323257e-14 2.060236592281695907e-16
5.094070702076366615e+03 1.178400648868216151e-14 2.013761202386311278e-16
5.096817563448557848e+03 1.182257114682562818e-14 2.002903985122293594e-16
5.099564424820749991e+03 1.211251511587711150e-14 2.044647860860325485e-16
5.102311286192942134e+03 1.190301947111122338e-14 2.085344761811520817e-16
5.105058147565133368e+03 1.162755226255361746e-14 1.998477317420415594e-16
5.107805008937324601e+03 1.179222914429224946e-14 2.020051211319312314e-16
5.110551870309516744e+03 1.196843484196209372e-14 2.033556032388016835e-16
5.113298731681708887e+03 1.177356762238920544e-14 2.016337666417257907e-16
5.116045593053900120e+03 1.176613922893699501e-14 2.132416919645090207e-16
5.118792454426091354e+03 1.184135587960012675e-14 2.034736751305633429e-16
5.121539315798283496e+03 1.187492324455728524e-14 2.021714170569131547e-16
5.124286177170475639e+03 1.206696194204720488e-14 2.052868513686909063e-16
5.127033038542666873e+03 1.246479533206314833e-14 2.372421022081064289e-16
5.129779899914858106e+03 1.216711626716436559e-14 2.077677284981063705e-16
5.132526761287050249e+03 1.226434110845821299e-14 2.074530133214119671e-16
5.135273622659242392e+03 1.244121642510842390e-14 2.078600646230316269e-16
5.138020484031433625e+03 1.250653867670648061e-14 2.139999668302597365e-16
5.140767345403624859e+03 1.241161024903862754e-14 2.105234518766532423e-16
5.143514206775817001e+03 1.261497484111221960e-14 2.108443083060002434e-16
5.146261068148009144e+03 1.223471957122027890e-14 2.071013518922282350e-16
5.149007929520200378e+03 1.241078302424756665e-14 2.096123538769201400e-16
5.151754790892391611e+03 1.240635369110497745e-14 2.347107647264848474e-16
5.154501652264583754e+03 1.266378034084688556e-14 2.136061820379810357e-16
5.157248513636775897e+03 1.296407999894979719e-14 2.137161741851603750e-16
5.159995375008967130e+03 1.316064816519630184e-14 2.159374045963346123e-16
5.162742236381158364e+03 1.311919632030108113e-14 2.153542352668587172e-16
5.165489097753350507e+03 1.302443985972286834e-14 2.148800328850768273e-16
5.168235959125542649e+03 1.334644386301859764e-14 2.227699334245962877e-16
5.170982820497733883e+03 1.353577423415958652e-14 2.189398759222614866e-16
5.173729681869925116e+03 1.423773252468339685e-14 2.245664722720968151e-16
5.176476543242117259e+03 1.413824014174176379e-14 2.232088070357637389e-16
5.179223404614309402e+03 1.467868557848413149e-14 2.345169362660470302e-16
5.181970265986500635e+03 1.495412261580500932e-14 2.280411220680987519e-16
5.184717127358691869e+03 1.490018054772026039e-14 2.297961037507206917e-16
5.187463988730884012e+03 1.542008713715870820e-14 2.336148874235782333e-16
5.190210850103076154e+03 1.526064379405147791e-14 2.305139061632100254e-16
5.192957711475267388e+03 1.607325168389441964e-14 2.397113356801901982e-16
5.195704572847458621e+03 1.553891395794637968e-14 2.335105070637486084e-16
5.198451434219650764e+03 1.638125002017803101e-14 2.403709411118727502e-16
5.201198295591842907e+03 1.647725554063520487e-14 2.409934528848924013e-16
5.203945156964034140e+03 1.652772791962575378e-14 2.415625647193720576e-16
5.206692018336225374e+03 1.728913817651566318e-14 2.555209871677370902e-16
5.209438879708417517e+03 1.700268072191253359e-14 2.459546363148179755e-16
5.212185741080609660e+03 1.734487439056851604e-14 2.488316768862665472e-16
5.214932602452800893e+03 1.744538219312158639e-14 2.517910347078709093e-16
5.217679463824992126e+03 1.759883074078700029e-14 2.507070342991521351e-16
5.220426325197184269e+03 1.736785590194286394e-14 2.499301810622504808e-16
5.223173186569376412e+03 1.790280663963813148e-14 2.542280983579614117e-16
5.225920047941567645e+03 1.787242562859239841e-14 2.534104704973195335e-16
5.228666909313758879e+03 1.858829924446759351e-14 2.590397444898102357e-16
5.231413770685951022e+03 1.949757965881908080e-14 2.659726002988902128e-16
5.234160632058143165e+03 1.981435264107149254e-14 2.679244817802941468e-16
5.236907493430334398e+03 1.950800678705402205e-14 2.644899597767241046e-16
5.239654354802525631e+03 1.980077309106951506e-14 2.666693662367277290e-16
5.242401216174717774e+03 1.963578197907940029e-14 2.657509593887012853e-16
5.245148077546909917e+03 1.995548897188340912e-14 2.686067067218958951e-16
5.247894938919101151e+03 2.048641902067538236e-14 2.752673695628521518e-16
5.250641800291292384e+03 2.057812473582854685e-14 2.778625794531151484e-16
5.253388661663484527e+03 1.996044245480210727e-14 3.058102642267561100e-16
5.256135523035676670e+03 2.049491465446887170e-14 2.756208701386967069e-16
5.258882384407867903e+03 2.112904165843194605e-14 2.791060298545362069e-16
5.261629245780059136e+03 2.174369190861542621e-14 3.044890043495644871e-16
5.264376107152251279e+03 2.072315172581926556e-14 2.809975965895396564e-16
5.267122968524443422e+03 2.084012946030906129e-14 2.823270663970602192e-16
5.269869829896634656e+03 2.124818035239757747e-14 2.828159720768675473e-16
5.272616691268825889e+03 2.204292992471035102e-14 2.895407576033553518e-16
5.275363552641018032e+03 2.180603989236856320e-14 2.938268593203275585e-16
5.278110414013210175e+03 2.160486471403020884e-14 2.876337149357839352e-16
5.280857275385401408e+03 2.163069584502530526e-14 2.887908801894613589e-16
5.283604136757592642e+03 2.151134145226836749e-14 2.887461915120133494e-16
5.286350998129784784e+03 2.149561656343013469e-14 2.913180876675797118e-16
5.289097859501976927e+03 2.094915454308462836e-14 2.374346932944479512e-16
5.291000000000000000e+03 2.109837621919615249e-14 1.940725943515199174e-16
5.291844720874168161e+03 2.098799695604497802e-14 2.342551210407348002e-16
5.294591582246359394e+03 2.030506625805280326e-14 1.820004695854914481e-16
5.295879326139040131e+03 2.048538746674191475e-14 1.604768280742870173e-16
5.297338443618551537e+03 2.034213497053348195e-14 1.758283376174572650e-16
5.300085304990743680e+03 2.025742319588198548e-14 2.191308187615684465e-16
5.300758652278080262e+03 2.021254889638606574e-14 1.891777084546326960e-16
5.302832166362934913e+03 1.968531290254414648e-14 1.808618542800128204e-16
5.305579027735126147e+03 1.912829921444931886e-14 2.068347189029183581e-16
5.305637978417120394e+03 1.914134924537169889e-14 2.044277690455923769e-16
5.308325889107318289e+03 1.971788963424284724e-14 1.796411964033126052e-16
5.310517304556160525e+03 1.965294660347554741e-14 1.862965255019233014e-16
5.311072750479510432e+03 1.953164637160429225e-14 2.069620951405231279e-16
5.313819611851701666e+03 1.894928225603318821e-14 1.824021071490451815e-16
5.315396630695200656e+03 1.875962450118032061e-14 1.671098157673463033e-16
5.316566473223892899e+03 1.871160855880095413e-14 1.996472044892351798e-16
5.319313334596085042e+03 1.823345329954981118e-14 2.036282005879345284e-16
5.320275956834240787e+03 2.175445373540799180e-14 1.869470526756876795e-16
5.322060195968277185e+03 2.427587459691401059e-14 2.111227947451711622e-16
5.324807057340468418e+03 2.145253039680191831e-14 2.281439226470368484e-16
5.325155282973280919e+03 2.087280101103536347e-14 2.089588613376388033e-16
5.327553918712659652e+03 2.097219971786987945e-14 1.894001479393425267e-16
5.330034609112321050e+03 1.836122056424892287e-14 1.992990513185667323e-16
5.330300780084851795e+03 1.849265918234297326e-14 2.112620535871539695e-16
5.333047641457043937e+03 1.802621865725588968e-14 1.768471735107666353e-16
5.334913935251361181e+03 1.720016074881080134e-14 1.736229852946988153e-16
5.335794502829235171e+03 1.724529694966675533e-14 2.065662667748187115e-16
5.338541364201426404e+03 1.675080093148975177e-14 2.031980361238181602e-16
5.339793261390401312e+03 1.673692595012802850e-14 1.713718589369773132e-16
5.341288225573618547e+03 1.705891785293592524e-14 1.850249332378430728e-16
5.344035086945810690e+03 1.692071960638005637e-14 2.079183183842650198e-16
5.344672587529441444e+03 1.685187357452763638e-14 1.823322833164526760e-16
5.346781948318001923e+03 1.707450281398937881e-14 1.745111224816561438e-16
5.349528809690193157e+03 1.701393166731540423e-14 2.093255334091095192e-16
5.349551913668481575e+03 1.701141604766543928e-14 2.083442633386133724e-16
5.352275671062385300e+03 1.725138212398953417e-14 1.808258957978059680e-16
5.354431239807521706e+03 1.710044096644457439e-14 1.879083569974536019e-16
5.355022532434577442e+03 1.716081839396071495e-14 2.124590195557122159e-16
5.357769393806768676e+03 1.717693937158631993e-14 1.903745101640599710e-16
5.359310565946561837e+03 1.718980946856354588e-14 1.716770317209502840e-16
5.360516255178959909e+03 1.738313172877325207e-14 2.065519714402209526e-16
5.363263116551152052e+03 1.725086886876407783e-14 2.144293641487314768e-16
5.364189892085601969e+03 1.724373866717458568e-14 1.784932508637795173e-16
5.366009977923344195e+03 1.726957727188346593e-14 1.847087617298080292e-16
5.368756839295535428e+03 1.742179114048597227e-14 2.194679750192319993e-16
5.369069218224642100e+03 1.740264962920354212e-14 2.058078242485218154e-16
5.371503700667726662e+03 1.708499611994776917e-14 1.789407969351176935e-16
5.373948544363682231e+03 1.734918270392679372e-14 2.037030044580062747e-16
5.374250562039918805e+03 1.736416771181262597e-14 2.167717262191085569e-16
5.376997423412110948e+03 1.734292992287235417e-14 1.859202823429239839e-16
5.378827870502722362e+03 1.722349738846128381e-14 1.797707346963833639e-16
5.379744284784302181e+03 1.724161651526904352e-14 2.157373871373538460e-16
5.382491146156493414e+03 1.770959116054358402e-14 2.150874107773474146e-16
5.383707196641762494e+03 1.761115510545161309e-14 1.790163582763371843e-16
5.385238007528685557e+03 1.751251079590922147e-14 1.959969100486248626e-16
5.387984868900877700e+03 1.675369326782391190e-14 2.117803297212986239e-16
5.388586522780802625e+03 1.669866641709349040e-14 1.865514395392219140e-16
5.390731730273068933e+03 1.686513002806900061e-14 1.765206937254860046e-16
5.393465848919842756e+03 1.723911914028551255e-14 2.127312211127389515e-16
5.393478591645260167e+03 1.724139933061908837e-14 2.132759164320349858e-16
5.396225453017452310e+03 1.689000857213336502e-14 1.784399754129629164e-16
5.398345175058882887e+03 1.719823711972933601e-14 1.904170104568414462e-16
5.398972314389644453e+03 1.740547056410014863e-14 2.164862009840443585e-16
5.401719175761835686e+03 1.724365251103484786e-14 1.915671229919014407e-16
5.403224501197923018e+03 1.728569420294521247e-14 1.707459816083952840e-16
5.404466037134026919e+03 1.742183619861206294e-14 2.039095612351377119e-16
5.407212898506219062e+03 1.715028496997736184e-14 2.110193233523349207e-16
5.408103827336963150e+03 1.714917255906649246e-14 1.764110120671399479e-16
5.409959759878411205e+03 1.727080799599634618e-14 1.813762714991560536e-16
5.412706621250602439e+03 1.741151858201750824e-14 2.173023798350035701e-16
5.412983153476003281e+03 1.742685620904386669e-14 2.042768456883487495e-16
5.415453482622793672e+03 1.783608645665470964e-14 1.785881179608153437e-16
5.417862479615043412e+03 1.778949902358077950e-14 1.954309464364062835e-16
5.418200343994985815e+03 1.778791608886383563e-14 2.092708557113243983e-16
5.420947205367177958e+03 1.765575734506996255e-14 1.766165285457870670e-16
5.422741805754083543e+03 1.780953878317695083e-14 1.727070834418483567e-16
5.423694066739369191e+03 1.795921134292004433e-14 2.073847308583396231e-16
5.426440928111560424e+03 1.755060114616356337e-14 1.975282195657863572e-16
5.427621131893123675e+03 1.753900267974868463e-14 1.653986500997129375e-16
5.429187789483752567e+03 1.770115243361715016e-14 1.809524488963960325e-16
5.431934650855944710e+03 1.766075702745519625e-14 2.036502645017631609e-16
5.432500458032163806e+03 1.763256884474847041e-14 1.819975916829221207e-16
5.434681512228135944e+03 1.752822098592937251e-14 1.663919645707924114e-16
5.437379784171203937e+03 1.756497923287922974e-14 1.976688142876713296e-16
5.437428373600327177e+03 1.756833600414392514e-14 1.995072429331440384e-16
5.440175234972519320e+03 1.751247766896999986e-14 1.641863343456879068e-16
5.442259110310244068e+03 1.744186882301852949e-14 1.773474313457930132e-16
5.442922096344711463e+03 1.749233773362257252e-14 2.016153259092813005e-16
5.445668957716902696e+03 1.746237823195550562e-14 1.794914545035791440e-16
5.447138436449284200e+03 1.746064152465040780e-14 1.607704188335955367e-16
5.448415819089093930e+03 1.763323580692503214e-14 1.867206614917927790e-16
5.451162680461286072e+03 1.722010745875664570e-14 1.651223117529867722e-16
5.452017762588324331e+03 1.715293837855500178e-14 1.459898675762416867e-16
5.453909541833478215e+03 1.698654140639208929e-14 1.424941660555026592e-16
5.456656403205669449e+03 1.699202023778177787e-14 1.971201856615096930e-16
5.456897088727364462e+03 1.698854087705647872e-14 1.879543931272333886e-16
5.459403264577860682e+03 1.669936384987695993e-14 1.573327481609229831e-16
5.461776414866404593e+03 1.686132318189762881e-14 1.753067726902400168e-16
5.462150125950052825e+03 1.687283343537364580e-14 1.882110584920548466e-16
5.464896987322244968e+03 1.705700860889425614e-14 1.610534881652617222e-16
5.466655741005444725e+03 1.695964952287065958e-14 1.574512242301838743e-16
5.467643848694436201e+03 1.689986040604258222e-14 1.878296938782581268e-16
5.470390710066627435e+03 1.645857388856049887e-14 1.841270550897665620e-16
5.471535067144484856e+03 1.655435623058775437e-14 1.544180697379945478e-16
5.473137571438819577e+03 1.658091795704071376e-14 1.659529400953669754e-16
5.475884432811011720e+03 1.653567229638262579e-14 1.824974786630969554e-16
5.476414393283524987e+03 1.728973708077405056e-14 1.671238410876015842e-16
5.478631294183202954e+03 1.759272082570062433e-14 1.592040766974068348e-16
5.481293719422565118e+03 1.592710896880744383e-14 1.760125743210909264e-16
5.481378155555394187e+03 1.581504098658137712e-14 1.787433773475154104e-16
5.484125016927586330e+03 1.565025131299611779e-14 1.462682652718512056e-16
5.486173045561605250e+03 1.529449725074006516e-14 1.539071841249988703e-16
5.486871878299778473e+03 1.527655887067059023e-14 1.754159082818935831e-16
5.489618739671969706e+03 1.489475496492392698e-14 1.580740611254669478e-16
5.491052371700645381e+03 1.482631160890366460e-14 1.420555428525139082e-16
5.492365601044160940e+03 1.497232113801835309e-14 1.634731737775071531e-16
5.495112462416353083e+03 1.421727576980002823e-14 1.697620912981805817e-16
5.495931697839685512e+03 1.423406810151820948e-14 1.460801119984673111e-16
5.497859323788545225e+03 1.411866179016733023e-14 1.406380367299884695e-16
5.500606185160736459e+03 1.410877291716546594e-14 1.826831140537623289e-16
5.500811023978725643e+03 1.412210019736625812e-14 1.770782529710092770e-16
5.503353046532927692e+03 1.430321212603164189e-14 1.379824925493103597e-16
5.505690350117765774e+03 1.424991069391109144e-14 1.560287283541108699e-16
5.506099907905119835e+03 1.427157476901357758e-14 1.688471836871292271e-16
5.508846769277311978e+03 1.367033797457394407e-14 1.432083397529623325e-16
5.510569676256805906e+03 1.348649544587316506e-14 1.379792270696190771e-16
5.511593630649503211e+03 1.360465253720211255e-14 1.653526876508325461e-16
5.514340492021694445e+03 1.334808549320973022e-14 1.634788360309499257e-16
5.515449002395846037e+03 1.326445046184331740e-14 1.358717823363307401e-16
5.517087353393886588e+03 1.327185332006242009e-14 1.440667343536839068e-16
5.519834214766078730e+03 1.302936991568292927e-14 1.639343584270058451e-16
5.520328328534886168e+03 1.294953623377742660e-14 1.487716628838145996e-16
5.522581076138269964e+03 1.296220976879895661e-14 1.325062636143473208e-16
5.525207654673926299e+03 1.262843581741941798e-14 1.555042989597983491e-16
5.525327937510461197e+03 1.262878636609217686e-14 1.590144649232589988e-16
5.528074798882653340e+03 1.258991674035754556e-14 1.327508669675415728e-16
5.530086980812966431e+03 1.266434087337128785e-14 1.431785943775691455e-16
5.530821660254845483e+03 1.278514092291861412e-14 1.643773705896852866e-16
5.533568521627036716e+03 1.265693401610606387e-14 1.456860743564402708e-16
5.534966306952006562e+03 1.256201136081404897e-14 1.287124450406668186e-16
5.536315382999227950e+03 1.270134145873635562e-14 1.478994143166608559e-16
5.539062244371420093e+03 1.297074478319767504e-14 1.590337275259687705e-16
5.539845633091046693e+03 1.310654470916472184e-14 1.370591871166200105e-16
5.541809105743612236e+03 1.349509080871781349e-14 1.355752311669933408e-16
5.544555967115803469e+03 1.379281913611579022e-14 1.674843270503262806e-16
5.544724959230086824e+03 1.383372408774321365e-14 1.624354603182532974e-16
5.547302828487994702e+03 1.421553022971277262e-14 1.384244583838147120e-16
5.549604285369126956e+03 1.411252693297693420e-14 1.527562188426419085e-16
5.550049689860186845e+03 1.403226521189237674e-14 1.660398474909627947e-16
5.552796551232378988e+03 1.426979702341868395e-14 1.416299264849217021e-16
5.554483611508167087e+03 1.444699856080524883e-14 1.351468719372890322e-16
5.555543412604570221e+03 1.454080053769724386e-14 1.639626829350316108e-16
5.558290273976761455e+03 1.472049925366503772e-14 1.650329552098695432e-16
5.559362937647207218e+03 1.466487944279595603e-14 1.356846904914549812e-16
5.561037135348953598e+03 1.484365881650315365e-14 1.437035631350094591e-16
5.563783996721145741e+03 1.556848430831065448e-14 1.673419170762657298e-16
5.564242263786247349e+03 1.560152824560181532e-14 1.528234873985727263e-16
5.566530858093336974e+03 1.544751955236447477e-14 1.368234188744158371e-16
5.569121589925287481e+03 1.555046174614228197e-14 1.612859425433944197e-16
5.569277719465528207e+03 1.553674571298536823e-14 1.662041030216769162e-16
5.572024580837720350e+03 1.579245936670190386e-14 1.439338789838306939e-16
5.574000916064327612e+03 1.611114411015782363e-14 1.480716882184249940e-16
5.574771442209912493e+03 1.612569922576807625e-14 1.726206981379743510e-16
5.577518303582103727e+03 1.619655158244770186e-14 1.580589721363355036e-16
5.578880242203367743e+03 1.627258843167095167e-14 1.385027545678486637e-16
5.580265164954294960e+03 1.614156713472215435e-14 1.587931952984099624e-16
5.583012026326487103e+03 1.613949427144904194e-14 1.715856069869740188e-16
5.583759568342407874e+03 1.615824504182223193e-14 1.486499017282900672e-16
5.585758887698679246e+03 1.626132004881992614e-14 1.429953842735844357e-16
5.588505749070870479e+03 1.621879547790520039e-14 1.737351246244253978e-16
5.588638894481448006e+03 1.622012289464263975e-14 1.694688828696443441e-16
5.591252610443061712e+03 1.681347071225766125e-14 1.476128303333599521e-16
5.593518220620488137e+03 1.659802263573468527e-14 1.625947688717447305e-16
5.593999471815253855e+03 1.665571155251006620e-14 1.815571104253575112e-16
5.596746333187445998e+03 1.648158720613069028e-14 1.490505334265532768e-16
5.598397546759528268e+03 1.647031597356828896e-14 1.372406204532398106e-16
5.599493194559637232e+03 1.663287677941250096e-14 1.669251932155605273e-16
5.602240055931828465e+03 1.675121477294834419e-14 1.677129949621529148e-16
5.603276872898568399e+03 1.680933205354803619e-14 1.401865132182231965e-16
5.604986917304020608e+03 1.678074645060526637e-14 1.491228267142567757e-16
5.607733778676212751e+03 1.632254950453122516e-14 1.646985850098046313e-16
5.608156199037608530e+03 1.631940354843174002e-14 1.510146798136595003e-16
5.610480640048403984e+03 1.653888829675299757e-14 1.372475022508373145e-16
5.613035525176648662e+03 1.663384286355816027e-14 1.635123040865515286e-16
5.613227501420595217e+03 1.666069048942864902e-14 1.698816567769837701e-16
5.615974362792787360e+03 1.664600186762598539e-14 1.462255963623981746e-16
5.617914851315688793e+03 1.634245490616053927e-14 1.415818355831319864e-16
5.618721224164979503e+03 1.633479752523291113e-14 1.635094754453261206e-16
5.621468085537170737e+03 1.611442614697022836e-14 1.545150865846202430e-16
5.622794177454728924e+03 1.598721393389047087e-14 1.318819437709059532e-16
5.624214946909361970e+03 1.631187070385557622e-14 1.513292869229469322e-16
5.626961808281554113e+03 1.669158384504623735e-14 1.840957574656020391e-16
5.627673503593769055e+03 1.653726508052236625e-14 1.542430566201244744e-16
5.629708669653746256e+03 1.696374330690596843e-14 1.563681359833361024e-16
5.632455531025937489e+03 1.653057709833688895e-14 1.637622957490620132e-16
5.632552829732809187e+03 1.652017957609109427e-14 1.606673702162646501e-16
5.635202392398128723e+03 1.643589343623361980e-14 1.335251259683518198e-16
5.637432155871849318e+03 1.638858098478387970e-14 1.449014669968813813e-16
5.637949253770320865e+03 1.643123289941918187e-14 1.611286884655795105e-16
5.640696115142513008e+03 1.663731843003365657e-14 1.429698558779846950e-16
5.642311482010889449e+03 1.658804305552858876e-14 1.318722051115595836e-16
5.643442976514704242e+03 1.658990398177187321e-14 1.592203392800045955e-16
5.646189837886895475e+03 1.614604632289635134e-14 1.634272647377283018e-16
5.647190808149929580e+03 1.614037817204478202e-14 1.340988056610869281e-16
5.648936699259087618e+03 1.599030213872094638e-14 1.414869711081178300e-16
5.651683560631279761e+03 1.581358761665471413e-14 1.579894687165599412e-16
5.652070134288969712e+03 1.587969312582078937e-14 1.461016340635518959e-16
5.654430422003470994e+03 1.590070463932799124e-14 1.306907469327072689e-16
5.656949460428009843e+03 1.606993224808884481e-14 1.510361001652668744e-16
5.657177283375662228e+03 1.604737006083935931e-14 1.580724250438277857e-16
5.659924144747854371e+03 1.607299862369133351e-14 1.350004203442851759e-16
5.661828786567049974e+03 1.595996353054982743e-14 1.338347093074876197e-16
5.662671006120046513e+03 1.596551127987593183e-14 1.586479203818211314e-16
5.665417867492237747e+03 1.555741875413134789e-14 1.472923028884873005e-16
5.666708112706090105e+03 1.545459775412314592e-14 1.251836541794694627e-16
5.668164728864428980e+03 1.546941675148739272e-14 1.414794556472161057e-16
5.670911590236621123e+03 1.545013694571426897e-14 1.545268681010719903e-16
5.671587438845130237e+03 1.537863827009725124e-14 1.343661594823434869e-16
5.673658451608813266e+03 1.553704832300354432e-14 1.289988895496819357e-16
5.676405312981004499e+03 1.543861626474341893e-14 1.539833653859826891e-16
5.676466764984170368e+03 1.542465468021646682e-14 1.520907961035717885e-16
5.679152174353195733e+03 1.509989647131505769e-14 1.297834656871130123e-16
5.681346091123210499e+03 1.512788320579254904e-14 1.528808274621289378e-16
5.681899035725387876e+03 1.514256255447655530e-14 1.685127861218130534e-16
5.684645897097580018e+03 1.517324940536643959e-14 1.441339699151254319e-16
5.686225417262250630e+03 1.527118890341536201e-14 1.295139546307309178e-16
5.687392758469771252e+03 1.503200936737594531e-14 1.485327393902827201e-16
5.690139619841962485e+03 1.473743300853798396e-14 1.535321175948597501e-16
5.691104743401290762e+03 1.458042552920971615e-14 2.314205958447982559e-16
5.695984069540330893e+03 1.504394766228165145e-14 2.246196350891453312e-16
5.700863395679371024e+03 1.488919707709669799e-14 2.209378761206789105e-16
5.705742721818411155e+03 1.403283085258752957e-14 2.176405659968040672e-16
5.710622047957451286e+03 1.445694869596484966e-14 2.190257396274075929e-16
5.715501374096491418e+03 1.429134101928638680e-14 2.180493312437496433e-16
5.720380700235531549e+03 1.471912747557790952e-14 2.195911432535183599e-16
5.725260026374571680e+03 1.413327768885616470e-14 2.172608158971521364e-16
5.730139352513611811e+03 1.435971640938040381e-14 2.277176306518979512e-16
5.735018678652651943e+03 1.353555161925996103e-14 2.115454559695356766e-16
5.739898004791692074e+03 1.379343390867862709e-14 2.140172920132031494e-16
5.744777330930732205e+03 1.363603279391549091e-14 2.149199902675516931e-16
5.749656657069772336e+03 1.355833283815734699e-14 2.110691928904196063e-16
5.754535983208812468e+03 1.334197995929561024e-14 2.097506673614045439e-16
5.759415309347852599e+03 1.270081168415996439e-14 2.052405589921854315e-16
5.764294635486892730e+03 1.268598404143292281e-14 2.069072756939845954e-16
5.769173961625932861e+03 1.251776673079005965e-14 2.026776236368575564e-16
5.774053287764972993e+03 1.176601371120539345e-14 2.030995696933509965e-16
5.778932613904013124e+03 1.129516861702013349e-14 1.946137978558616896e-16
5.783811940043053255e+03 1.097393933842949500e-14 1.920461085587489026e-16
5.788691266182093386e+03 1.116717413073326399e-14 1.932073985970207286e-16
5.793570592321133518e+03 1.067666600943360647e-14 2.064139792145092158e-16
5.798449918460173649e+03 1.075927186190276234e-14 1.930176517825109720e-16
5.803329244599213780e+03 1.076190483390215640e-14 1.895946133705560535e-16
5.808208570738253911e+03 1.098438495632608417e-14 1.908333793063765655e-16
5.813087896877294042e+03 1.098589749202727407e-14 1.944909444292457327e-16
5.817967223016334174e+03 1.163663926433636902e-14 2.019316942070228680e-16
5.822846549155374305e+03 1.117762564817243268e-14 1.911949147848903852e-16
5.827725875294414436e+03 1.174178738800320600e-14 1.952831642641025623e-16
5.832605201433454567e+03 1.177696600471829864e-14 1.931934326050064957e-16
5.837484527572494699e+03 1.227744450842923925e-14 1.998097411986435614e-16
5.842363853711534830e+03 1.242077489719542118e-14 2.006835297824065189e-16
5.847243179850574961e+03 1.336846178610027240e-14 2.021186556066317329e-16
5.852122505989615092e+03 1.319458540350530160e-14 2.009467605259782673e-16
5.857001832128655224e+03 1.363872509859521538e-14 2.081656475454706162e-16
5.861881158267695355e+03 1.422028806973586899e-14 2.056318496202455282e-16
5.866760484406735486e+03 1.470108907404881064e-14 2.128382225209735168e-16
5.871639810545775617e+03 1.494167222123872863e-14 2.208342853103444855e-16
5.876519136684815749e+03 1.486389402464752540e-14 2.085768104411527480e-16
5.881398462823855880e+03 1.542416023703829836e-14 2.126359996412911861e-16
5.886277788962896011e+03 1.541758254533138576e-14 2.126747729792866091e-16
5.891157115101936142e+03 1.483921450544714999e-14 2.097752151422523560e-16
5.896036441240976274e+03 1.565235413943925604e-14 2.177282922554662605e-16
5.900915767380016405e+03 1.556896381371294638e-14 2.347043804114750230e-16
5.905795093519056536e+03 1.560168979160338951e-14 2.398263775122239475e-16
5.910674419658096667e+03 1.550126927338921828e-14 2.131590259954798955e-16
5.915553745797136799e+03 1.580387834869870791e-14 2.162590016770579073e-16
5.920433071936176930e+03 1.609356195040017493e-14 2.153479517197471574e-16
5.925312398075217061e+03 1.542779451755242942e-14 2.147439531863917864e-16
5.930191724214257192e+03 1.534080571888022543e-14 1.579063181101181227e-16
5.935071050353297323e+03 1.527313398094667235e-14 2.203582020317173987e-16
5.939950376492337455e+03 1.516207594339909158e-14 2.109106712477921381e-16
5.944829702631377586e+03 1.530873440939735658e-14 2.125440888522883660e-16
5.949709028770417717e+03 3.024933609643688578e-14 3.407947355075009896e-16
5.954588354909457848e+03 1.533965303344601751e-14 2.090410278014347497e-16
5.959467681048497980e+03 1.448827038606445871e-14 2.065461398341525491e-16
5.964347007187538111e+03 1.400626468142840038e-14 2.037520745246879875e-16
5.969226333326578242e+03 1.395307915710787586e-14 2.036164294461933856e-16
5.974105659465618373e+03 1.385403047397236503e-14 2.035655093624090823e-16
5.978984985604658505e+03 1.372554141502576648e-14 2.052919158350065114e-16
5.983864311743698636e+03 1.379460773899021460e-14 2.027673406041141433e-16
5.988743637882738767e+03 1.390309828451020194e-14 2.033781134305368559e-16
5.993622964021778898e+03 1.380519179540193752e-14 2.022653022418966816e-16
5.998502290160819030e+03 1.354815969828596746e-14 2.035030732507952283e-16
6.003381616299859161e+03 1.336945617383294973e-14 1.990381154829611764e-16
6.008260942438899292e+03 1.358742065029746140e-14 2.012471004941879497e-16
6.013140268577939423e+03 1.356804128550638327e-14 2.005624142126376919e-16
6.018019594716979555e+03 1.380716242925341540e-14 2.022471011778217536e-16
6.022898920856019686e+03 1.403569967431859746e-14 2.120463684982128823e-16
6.027778246995059817e+03 1.350062354060444319e-14 1.982679350018192536e-16
6.032657573134099948e+03 1.366626339312571689e-14 1.985608038016513770e-16
6.037536899273140079e+03 1.315497905850168887e-14 1.947378798919801641e-16
6.042416225412180211e+03 1.273719632429071647e-14 1.927646575301712673e-16
6.047295551551220342e+03 1.270153294195426621e-14 1.926216428501348895e-16
6.052174877690260473e+03 1.236388847230439455e-14 1.917310274384238339e-16
6.057054203829300604e+03 1.269253205651816913e-14 2.033236264337942188e-16
6.061933529968340736e+03 2.000744902718557297e-14 2.693981427901828671e-16
6.066812856107380867e+03 1.238532860445869853e-14 2.071369941650128180e-16
6.071692182246420998e+03 1.218606213679787343e-14 1.881185218411531171e-16
6.076571508385461129e+03 1.236850863290112487e-14 1.879275952897523013e-16
6.081450834524501261e+03 1.248216963156632742e-14 1.869949104907313979e-16
6.086330160663541392e+03 1.248018130346570868e-14 1.872525594619860338e-16
6.091209486802581523e+03 1.240131846641879119e-14 1.863036329575597632e-16
6.096088812941621654e+03 1.196328784087935743e-14 1.825380397798116028e-16
6.100968139080661786e+03 1.184430867491632041e-14 1.903084975910868888e-16
6.105847465219701917e+03 1.089349790289427189e-14 1.751397807069773526e-16
6.110726791358742048e+03 1.043554331971627055e-14 1.722118270070607964e-16
6.115606117497782179e+03 9.755162462684541868e-15 1.678415121694489946e-16
6.120485443636822311e+03 9.168356521214831183e-15 1.647916285280171437e-16
6.125364769775862442e+03 8.424391908955674440e-15 1.594362273173929958e-16
6.130244095914902573e+03 7.878630861025175860e-15 1.557569226260115589e-16
6.135123422053942704e+03 7.356154763005049815e-15 1.587554009591919787e-16
6.140002748192982835e+03 6.763071318801865657e-15 1.517827377595798315e-16
6.144882074332022967e+03 6.357242242393377487e-15 1.447515013982485949e-16
6.149761400471063098e+03 5.967260721183915865e-15 1.457277133676522053e-16
6.154640726610103229e+03 5.751472151664828584e-15 1.447452309829732026e-16
6.159520052749143360e+03 5.651367696068129288e-15 1.423791050681253342e-16
6.164399378888183492e+03 5.481614832202268770e-15 1.393240681241737383e-16
6.169278705027223623e+03 5.236421466197601029e-15 1.377434185136955045e-16
6.174158031166263754e+03 5.364073944727348067e-15 1.441781724783843154e-16
6.179037357305303885e+03 5.359665168716278623e-15 1.370295205878409463e-16
6.183916683444344017e+03 5.178921658326832180e-15 1.354673563684161255e-16
6.188796009583384148e+03 5.306080806400054047e-15 1.473401986198595533e-16
6.193675335722424279e+03 5.326275716400004292e-15 1.382801541186722928e-16
6.198554661861464410e+03 6.747777840451134328e-15 1.849004487914201526e-16
6.203433988000504542e+03 5.993964665670676945e-15 1.424524097686340112e-16
6.208313314139544673e+03 6.103041529032111439e-15 1.434149826482336324e-16
6.213192640278584804e+03 6.033081233055390406e-15 1.611202106765373229e-16
6.218071966417624935e+03 6.377314445421270136e-15 1.454556364601245877e-16
6.222951292556665067e+03 6.169924688100216086e-15 1.425533673308090122e-16
6.227830618695705198e+03 6.926220120061856104e-15 1.462453105173481865e-16
6.232709944834745329e+03 6.890334845190266152e-15 1.465654843226253875e-16
6.237589270973785460e+03 7.355976522474176939e-15 1.523045351399329808e-16
6.242468597112825591e+03 7.645123231715318165e-15 1.524394351545831578e-16
6.247347923251865723e+03 8.078136360912394766e-15 1.534416361638202354e-16
6.252227249390905854e+03 7.971608911677104455e-15 1.545935701738750130e-16
6.257106575529945985e+03 8.656385687219035179e-15 1.565370214926168037e-16
6.261985901668986116e+03 8.710278107522233998e-15 1.561765284015087532e-16
6.266865227808026248e+03 8.938616590112007903e-15 1.575465687384323830e-16
6.271744553947066379e+03 9.269948836695216430e-15 1.596777186944240884e-16
6.276623880086106510e+03 9.494774273125030943e-15 1.620878271616631377e-16
6.281503206225146641e+03 1.021872886766765355e-14 1.670844174984587026e-16
6.286382532364186773e+03 1.024325797109550641e-14 1.644270885458046101e-16
6.291261858503226904e+03 1.082325799853868748e-14 1.677331266365342953e-16
6.296141184642267035e+03 1.084601276020012849e-14 1.670184719122811269e-16
6.301020510781307166e+03 1.134291615167539150e-14 1.704253635131171614e-16
6.305899836920347298e+03 1.189359931364010946e-14 1.738106753626871926e-16
6.310779163059387429e+03 1.187460900774915509e-14 1.722667859261580524e-16
6.315658489198427560e+03 1.181986896492652343e-14 1.757469909888642576e-16
6.320537815337467691e+03 1.225962364156892556e-14 1.738689657598797009e-16
6.325417141476507823e+03 1.232424275711611342e-14 1.745923719015795687e-16
6.330296467615547954e+03 1.266271986411312788e-14 1.756374477708524054e-16
6.335175793754588085e+03 1.273983320787831560e-14 1.754801546428506113e-16
6.340055119893628216e+03 1.288212236859844418e-14 1.782938065668810268e-16
6.344934446032668347e+03 1.310362984543226848e-14 1.781522175736008613e-16
6.349813772171708479e+03 1.341882704805645273e-14 1.781107224022088748e-16
6.354693098310748610e+03 1.326877713010465734e-14 1.763778103569220082e-16
6.359572424449788741e+03 1.318448620732079376e-14 1.756194792721642177e-16
6.364451750588828872e+03 1.335611298581194244e-14 1.757441510486193554e-16
6.369331076727869004e+03 1.371153178871312592e-14 1.775510380290773058e-16
6.374210402866909135e+03 1.353492748947188097e-14 1.767636369455195035e-16
6.379089729005949266e+03 1.373398539261917498e-14 1.779633624642788721e-16
6.383969055144989397e+03 1.367721490683784272e-14 1.758028157395329674e-16
6.388848381284029529e+03 1.416212934631001294e-14 1.797862903869402786e-16
6.393727707423069660e+03 1.415195788379346416e-14 1.798584461632915515e-16
6.398607033562109791e+03 1.370938757174450647e-14 1.772526575120518083e-16
6.403486359701149922e+03 1.387668746046485674e-14 1.757916184388914247e-16
6.408365685840190054e+03 1.408603505678197813e-14 1.775937700828253208e-16
6.413245011979230185e+03 1.415417310724995322e-14 1.772578838707191195e-16
6.418124338118270316e+03 1.392924789577007110e-14 1.761693696320749544e-16
6.423003664257310447e+03 1.394443182525636060e-14 1.774740785111565421e-16
6.427882990396350579e+03 1.406037174092052319e-14 1.770698666283093260e-16
6.432762316535390710e+03 1.404419497646128972e-14 1.759081223769932401e-16
6.437641642674430841e+03 1.398007722497008824e-14 1.766283859154558908e-16
6.442520968813470972e+03 1.416773300477232194e-14 1.766386431325963307e-16
6.447400294952511103e+03 1.405526667919934791e-14 1.751954707648013321e-16
6.452279621091551235e+03 1.398597814035160050e-14 1.745642629140296695e-16
6.457158947230591366e+03 1.381283972841684598e-14 1.734356250187771456e-16
6.462038273369631497e+03 1.348784207897680786e-14 1.749458669085704862e-16
6.466917599508671628e+03 1.334090525603291094e-14 1.748408482879347997e-16
6.471796925647711760e+03 1.387394053906639799e-14 1.747648088901117556e-16
6.476676251786751891e+03 1.356216866170701798e-14 1.720475658610671679e-16
6.481555577925792022e+03 1.345548583178617241e-14 1.716765533184169749e-16
6.486434904064832153e+03 1.328928209971304167e-14 1.707848666115241778e-16
6.491314230203872285e+03 1.354915331445193088e-14 1.763438515724392960e-16
6.496193556342912416e+03 1.305566942946468087e-14 1.685172168244576652e-16
6.501072882481952547e+03 1.304458450915795116e-14 1.694969489131992978e-16
6.505952208620992678e+03 1.317295143011183301e-14 1.693521894303826020e-16
6.510831534760032810e+03 1.298544422078094061e-14 1.682978317518611194e-16
6.515710860899072941e+03 1.325656871359410334e-14 1.711277390705080917e-16
6.520590187038113072e+03 1.310296123754338695e-14 1.835988611715146000e-16
6.525469513177153203e+03 1.279204280158344557e-14 1.673751930693334365e-16
6.530348839316193335e+03 1.267702904137946943e-14 1.725744615028544460e-16
6.535228165455233466e+03 1.237931942983234445e-14 1.657119452832544902e-16
6.540107491594273597e+03 1.226969642306768484e-14 1.648108273913383879e-16
6.544986817733313728e+03 1.230884023305748347e-14 1.663006721412641846e-16
6.549866143872353859e+03 1.226564432041687302e-14 1.653791366589667629e-16
6.554745470011393991e+03 1.241445909056869569e-14 1.658884355342924643e-16
6.559624796150434122e+03 1.196725649821941015e-14 1.638281211114466496e-16
6.564504122289474253e+03 1.226095382541333065e-14 1.669716159785830964e-16
6.569383448428514384e+03 1.175095504020295385e-14 1.608000486642402054e-16
6.574262774567554516e+03 1.153699613196402564e-14 1.607247953300976142e-16
6.579142100706594647e+03 1.225580591234777371e-14 1.661806925194375021e-16
6.584021426845634778e+03 1.161342051903449893e-14 1.609146726954286856e-16
6.588900752984674909e+03 1.152520624359171768e-14 1.601588081982075402e-16
6.593780079123715041e+03 1.141927488622016171e-14 1.665922119102731091e-16
6.598659405262755172e+03 1.119920868775368331e-14 1.588418286460689558e-16
6.603538731401795303e+03 1.128559676243949161e-14 1.626746351881645683e-16
6.608418057540835434e+03 1.100440308783720662e-14 1.572508278919889678e-16
6.613297383679875566e+03 1.083352835498556803e-14 1.570365046815882734e-16
6.618176709818915697e+03 1.081183348817325193e-14 1.574481497104515998e-16
6.623056035957955828e+03 1.048177889362935171e-14 1.546131407674191368e-16
6.627935362096995959e+03 1.061065964749840966e-14 1.548184022694332245e-16
6.632814688236036091e+03 1.024358829817686827e-14 1.536786087896824581e-16
6.637694014375076222e+03 1.036497168551937002e-14 1.580018967279906499e-16
6.642573340514116353e+03 1.027163976416015249e-14 1.561644578298192375e-16
6.647452666653156484e+03 9.883698593526782053e-15 1.509019091690543988e-16
6.652331992792196615e+03 9.713210053065327215e-15 1.494132608062213927e-16
6.657211318931236747e+03 9.678902101408847175e-15 1.544862233180453188e-16
6.662090645070276878e+03 9.591820831768983088e-15 1.494463289943243115e-16
6.666969971209317009e+03 9.382504570146170086e-15 1.474437472631197641e-16
6.671849297348357140e+03 9.329804589825196535e-15 1.470654720855215282e-16
6.676728623487397272e+03 9.365312573035447083e-15 1.572385360877318141e-16
6.681607949626437403e+03 9.213968191879506509e-15 1.480155481293702155e-16
6.686487275765477534e+03 1.149909253485773840e-14 1.623451954772436580e-16
6.691366601904517665e+03 9.031995696782289243e-15 1.540356461726221911e-16
6.696245928043557797e+03 8.829229641631583816e-15 1.450659809874100633e-16
6.701125254182597928e+03 8.870281342513262722e-15 1.425783806018007222e-16
6.706004580321638059e+03 8.793823053560101678e-15 1.418176859501911721e-16
6.710883906460678190e+03 8.169494512121979950e-15 1.379910639157821077e-16
6.715763232599718322e+03 8.457378926478354106e-15 1.399876467448602483e-16
6.720642558738758453e+03 8.250047037484125912e-15 1.432029631983525259e-16
6.725521884877798584e+03 8.313019349538949115e-15 1.395483578238595916e-16
6.730401211016838715e+03 8.310876421945125611e-15 1.418409879132515379e-16
6.735280537155878847e+03 8.337885440096559254e-15 1.413129697973830539e-16
6.740159863294918978e+03 8.175694315936724346e-15 1.396555923211873605e-16
6.745039189433959109e+03 8.197940590306318575e-15 1.384029139300701319e-16
6.749918515572999240e+03 7.840402526032236031e-15 1.353765505314683594e-16
6.754797841712039371e+03 7.881111767550262334e-15 1.361262103510275201e-16
6.759677167851079503e+03 7.758000007620644286e-15 1.341527789344293818e-16
6.764556493990119634e+03 7.933459412422252083e-15 1.377573619995647862e-16
6.769435820129159765e+03 7.995141284157083734e-15 1.401079668499200599e-16
6.774315146268199896e+03 7.807053069782118945e-15 1.349624008555951011e-16
6.779194472407240028e+03 7.776020449266783376e-15 1.344693149679744353e-16
6.784073798546280159e+03 8.062566903287184324e-15 1.374842401119984219e-16
6.788953124685320290e+03 7.519030664163129913e-15 1.316414002428652260e-16
6.793832450824360421e+03 7.660026955605186975e-15 1.352283844596318579e-16
6.798711776963400553e+03 7.469846641688941236e-15 1.316643462479581174e-16
6.803591103102440684e+03 7.404558857664105522e-15 1.334718019585305815e-16
6.808470429241480815e+03 7.426776286873426552e-15 1.315625573717754127e-16
6.813349755380520946e+03 7.161428871075576641e-15 1.294550889623233760e-16
6.818229081519561078e+03 7.286247206614784990e-15 1.308966661066215483e-16
6.823108407658601209e+03 7.004854674767634875e-15 1.354626733844988498e-16
6.827987733797641340e+03 7.152821086752262748e-15 1.404870384664959945e-16
6.832867059936681471e+03 6.990951010250985118e-15 1.296749858070068603e-16
6.837746386075721603e+03 6.813983197508981334e-15 1.337524812546570660e-16
6.842625712214761734e+03 6.808179383131637609e-15 1.282587574448439444e-16
6.847505038353801865e+03 6.871842303489357039e-15 1.282127026988414121e-16
6.852384364492841996e+03 6.707636696300164329e-15 1.269957777593573879e-16
6.857263690631882127e+03 6.931086156770626192e-15 1.280053074795454927e-16
6.862143016770922259e+03 6.751133373219859534e-15 1.285013212810967749e-16
6.867022342909962390e+03 7.013522175919680890e-15 1.298107323396200167e-16
6.871901669049002521e+03 6.883697289323639249e-15 1.269618907757170784e-16
6.876780995188042652e+03 7.060983534282057654e-15 1.284481742427278513e-16
6.881660321327082784e+03 7.184237777684473712e-15 1.294391900613076682e-16
6.886539647466122915e+03 6.934990882279124217e-15 1.274156919227851944e-16
6.891418973605163046e+03 7.177624122474267864e-15 1.362234635025881889e-16
6.896298299744203177e+03 6.696998298070440772e-15 1.259248684491356679e-16
6.901177625883243309e+03 6.895867757722351276e-15 1.268104669998762853e-16
6.906056952022283440e+03 6.746820996224750796e-15 1.254611740824979760e-16
6.910936278161323571e+03 6.584418750774611750e-15 1.247651725821245474e-16
6.915815604300363702e+03 6.617541014588159841e-15 1.251818181668241853e-16
6.920694930439403834e+03 6.557622043505483172e-15 1.294199957543879219e-16
6.925574256578443965e+03 6.587496280845441691e-15 1.284329737210502892e-16
6.930453582717484096e+03 6.609582291495818319e-15 1.268704479868339922e-16
6.935332908856524227e+03 6.349303151488247110e-15 1.227842266059772785e-16
6.940212234995564359e+03 6.586546601016537531e-15 1.241901682333370013e-16
6.945091561134604490e+03 6.477170461664361033e-15 1.236940827110877140e-16
6.949970887273644621e+03 6.333567903753025154e-15 1.222354382925652465e-16
6.954850213412684752e+03 6.086820953015128535e-15 1.230238513180069315e-16
6.959729539551724883e+03 6.402969851865389424e-15 1.224814342303046759e-16
6.964608865690765015e+03 6.220835178529162934e-15 1.206007806309699118e-16
6.969488191829805146e+03 6.037049731950566468e-15 1.231801246079302768e-16
6.974367517968845277e+03 6.185155358984845425e-15 1.218875608183136090e-16
6.979246844107885408e+03 6.237498081024315806e-15 1.224352943132562591e-16
6.984126170246925540e+03 6.213602271950383073e-15 1.206039298192484337e-16
6.989005496385965671e+03 7.217136510760256220e-15 1.279256879608048912e-16
6.993884822525005802e+03 6.229659783301443218e-15 1.194078936443031269e-16
6.998764148664045933e+03 6.088998240754549855e-15 1.231583600129299361e-16
7.003643474803086065e+03 6.368720538776089976e-15 1.297704984079139152e-16
7.008522800942126196e+03 6.297084926520442680e-15 1.215861867356701946e-16
7.013402127081166327e+03 6.016328966659566004e-15 1.194092345597370408e-16
7.018281453220206458e+03 5.897463174124738717e-15 1.239373657170623892e-16
7.023160779359246590e+03 5.972067170341406129e-15 1.268740048630675247e-16
7.028040105498286721e+03 6.008535617743657055e-15 1.184931993694133309e-16
7.032919431637326852e+03 6.084557480352400802e-15 1.191172826629219362e-16
7.037798757776366983e+03 6.025722847858981711e-15 1.190154736828174604e-16
7.042678083915407115e+03 6.027603169830816738e-15 1.177691646087698488e-16
7.047557410054447246e+03 6.250853653720919165e-15 1.192302483894636428e-16
7.052436736193487377e+03 5.833962807796454449e-15 1.163302073885122566e-16
7.057316062332527508e+03 5.780080508406366616e-15 1.177606904847118988e-16
7.062195388471567639e+03 5.714853964270020698e-15 1.172755809061049004e-16
7.067074714610607771e+03 5.796275723088428673e-15 1.168341674942886040e-16
7.071954040749647902e+03 5.636603161007198225e-15 1.167080143603300121e-16
7.076833366888688033e+03 5.682288005381859804e-15 1.158499305410248807e-16
7.081712693027728164e+03 5.576200135254208203e-15 1.146911440494603630e-16
7.086592019166768296e+03 5.929202789113547216e-15 1.173451303334237594e-16
7.091471345305808427e+03 5.789386560812135276e-15 1.173769797029791004e-16
7.096350671444848558e+03 5.755465844542504437e-15 1.154405627102750213e-16
7.101229997583888689e+03 5.656971164607946272e-15 1.204180633156472897e-16
7.106109323722928821e+03 5.800501923606380116e-15 1.158451703878356306e-16
7.110988649861968952e+03 5.940055375969901104e-15 1.163500449734600312e-16
7.115867976001009083e+03 6.060005209619368017e-15 1.175270346054699045e-16
7.120747302140049214e+03 5.812747104885268233e-15 1.158473617125441109e-16
7.125626628279089346e+03 5.682434005602273598e-15 1.146907831024230750e-16
7.130505954418129477e+03 5.687638748442007295e-15 1.153824950815351178e-16
7.135385280557169608e+03 5.606480626115521329e-15 1.142534324981431999e-16
7.140264606696209739e+03 5.777418305945161291e-15 1.156671009484279850e-16
7.145143932835249871e+03 5.807296353537652433e-15 1.178802601406847952e-16
7.150023258974290002e+03 5.755976542781966039e-15 1.159380612177361516e-16
7.154902585113330133e+03 5.722561143533205676e-15 1.160697582942266138e-16
7.159781911252370264e+03 5.914587497041858565e-15 1.169975474659644491e-16
7.164661237391410396e+03 5.797029089170289132e-15 1.165160993793007763e-16
7.169540563530450527e+03 5.774955606454503582e-15 1.175423772995269742e-16
7.174419889669490658e+03 5.619920073931961224e-15 1.181347988079981458e-16
7.179299215808530789e+03 5.830932276552866236e-15 1.165209794566800281e-16
7.184178541947570920e+03 5.772988591726930330e-15 1.154916832510116518e-16
7.189057868086611052e+03 5.504143763915634610e-15 1.187556535999395009e-16
7.193937194225651183e+03 1.946815570849518745e-15 1.224610881385886205e-16
7.198816520364691314e+03 4.799266193012133903e-15 1.175568880869809221e-16
7.203695846503731445e+03 5.824374336567938777e-15 1.182477548863686872e-16
7.208575172642771577e+03 5.636008472804475586e-15 1.155559648657397295e-16
7.213454498781811708e+03 5.664677438160262819e-15 1.165167963675366048e-16
7.218333824920851839e+03 5.463627210723812722e-15 1.154779773319585009e-16
7.223213151059891970e+03 5.685425363578831400e-15 1.167017425332174880e-16
7.228092477198932102e+03 5.718755468186971917e-15 1.221723749384447276e-16
7.232971803337972233e+03 5.781651293549254965e-15 1.175196592309998974e-16
7.237851129477012364e+03 7.094544654584485125e-15 1.481475286512334092e-16
7.242730455616052495e+03 5.984571304027020437e-15 1.191699739579184926e-16
7.247609781755092627e+03 5.747217564914055162e-15 1.175236049342152634e-16
7.252489107894132758e+03 5.924831919225884607e-15 1.197266236857324550e-16
7.257368434033172889e+03 5.857100669322140044e-15 1.187263788710192695e-16
7.262247760172213020e+03 5.927926020464093175e-15 1.189733190011658008e-16
7.267127086311253152e+03 5.689943307158775174e-15 1.310041312828195023e-16
7.272006412450293283e+03 5.633927647380181152e-15 1.187713402098556480e-16
7.276885738589333414e+03 5.631334666720255455e-15 1.176576229338863977e-16
7.281765064728373545e+03 5.860633766344757036e-15 1.203290924404147874e-16
7.286644390867413676e+03 6.022545432508070489e-15 1.203866449194525511e-16
7.291523717006453808e+03 6.044931709158264000e-15 1.205071033042355468e-16
7.296403043145493939e+03 5.941823648544373461e-15 1.220076234213150084e-16
7.301282369284534070e+03 5.918486472840473057e-15 1.210280468588804143e-16
7.306161695423574201e+03 5.901601646383262066e-15 1.261912143699290924e-16
7.311041021562614333e+03 6.004368239548862778e-15 1.222606061882100320e-16
7.315920347701654464e+03 5.880520555457726532e-15 1.198927312822554752e-16
7.320799673840694595e+03 5.892562904068311012e-15 1.240029844532139302e-16
7.325678999979734726e+03 5.689838919214389571e-15 1.219066888994842334e-16
7.330558326118774858e+03 5.643113806182722994e-15 1.195122552697259221e-16
7.335437652257814989e+03 5.850122962791954611e-15 1.281370615406295799e-16
7.340316978396855120e+03 5.814475476781833844e-15 1.208438719627086373e-16
7.345196304535895251e+03 5.875630759606426493e-15 1.303526829149698743e-16
7.350075630674935383e+03 5.769878770734253604e-15 1.218686920853379374e-16
7.354954956813975514e+03 5.633937428050091904e-15 1.211502578379289898e-16
7.359834282953015645e+03 5.723503261845597104e-15 1.208486097509483886e-16
7.364713609092055776e+03 5.589002227617247502e-15 1.196669753178231173e-16
7.369592935231095908e+03 5.536005549316305113e-15 1.217499993579855338e-16
7.374472261370136039e+03 5.589986356415972792e-15 1.208246979241235728e-16
7.379351587509176170e+03 5.418857360444286799e-15 1.185643847056567156e-16
7.384230913648216301e+03 5.447244931772353162e-15 1.199008781280984735e-16
7.389110239787256432e+03 5.561149465344875146e-15 1.249269776449358044e-16
7.393989565926296564e+03 5.421147576262787028e-15 1.195671275978826626e-16
7.398868892065336695e+03 5.009907234598320602e-15 1.160756463094456240e-16
7.403748218204376826e+03 4.757568992002724470e-15 1.158186445640856193e-16
7.408627544343416957e+03 4.885402636286343004e-15 1.158867262995288227e-16
7.413506870482457089e+03 4.881104001228442250e-15 1.160961424360049484e-16
7.418386196621497220e+03 4.661841474333723907e-15 1.154460895504492686e-16
7.423265522760537351e+03 4.956801322306597102e-15 1.218178052541015651e-16
7.428144848899577482e+03 4.825196095423220234e-15 1.188797394718497782e-16
7.433024175038617614e+03 4.634814646446322849e-15 1.153744943560670608e-16
7.437903501177657745e+03 4.505611809261676611e-15 1.150615082157489460e-16
7.442782827316697876e+03 4.621354657444330474e-15 1.149002888805225102e-16
7.447662153455738007e+03 4.712551904363527378e-15 1.153103287506980770e-16
7.452541479594778139e+03 4.506284423448385859e-15 1.145379715387742725e-16
7.457420805733818270e+03 4.501682432136281648e-15 1.142388140406882672e-16
7.462300131872858401e+03 4.408465595728923676e-15 1.138545638477635151e-16
7.467179458011898532e+03 4.350307552832052390e-15 1.127566891277216013e-16
7.472058784150938664e+03 4.388490305040061894e-15 1.132089629990393093e-16
7.476938110289978795e+03 4.437202399515416907e-15 1.138224730052719102e-16
7.481817436429018926e+03 4.268069560310886169e-15 1.130677821485334131e-16
7.486696762568059057e+03 4.164460909010854867e-15 1.116072376367235060e-16
7.491576088707099188e+03 3.911592931053550944e-15 1.150965989653160665e-16
7.496455414846139320e+03 3.948218922057832307e-15 1.111307306885755920e-16
7.501334740985179451e+03 3.699034357452460956e-15 1.112241601072609748e-16
7.506214067124219582e+03 3.381339801337004330e-15 1.177182693794676732e-16
7.511093393263259713e+03 3.464591997793938836e-15 1.173255294434106751e-16
7.515972719402299845e+03 3.207384941221088015e-15 1.149535452791666104e-16
7.520852045541339976e+03 2.999912863480534133e-15 1.132483474184364593e-16
7.525731371680380107e+03 3.035180254427715434e-15 1.082588363853537111e-16
7.530610697819420238e+03 3.172449324012045424e-15 1.055269938903794102e-16
7.535490023958460370e+03 3.027916064547111033e-15 1.051810635160064227e-16
7.540369350097500501e+03 2.994910885054109375e-15 1.037789735694161256e-16
7.545248676236540632e+03 2.953925393544620951e-15 1.042811570319040437e-16
7.550128002375580763e+03 3.106771005176772695e-15 1.049542714456416382e-16
7.555007328514620895e+03 3.152507637265402682e-15 1.067416651273357515e-16
7.559886654653661026e+03 2.996430417759053622e-15 1.058091389957400154e-16
7.564765980792701157e+03 3.179802755618360470e-15 1.118840778095486604e-16
7.569645306931741288e+03 3.354027612412371584e-15 1.132253085001093258e-16
7.574524633070781420e+03 3.337005077840175225e-15 1.090528095200958929e-16
7.579403959209821551e+03 3.640262897912796300e-15 1.101382307774350554e-16
7.584283285348861682e+03 3.889765556033067105e-15 1.120080553037374808e-16
7.589162611487901813e+03 3.808166146793324217e-15 1.127782150603845969e-16
7.594041937626941944e+03 3.822682201182449272e-15 1.132946949380723784e-16
7.598921263765982076e+03 3.894832075292967010e-15 1.115438357787052419e-16
7.603800589905022207e+03 3.899129617265980848e-15 1.116128021698860342e-16
7.608679916044062338e+03 3.891982378742057307e-15 1.127148240846930540e-16
7.613559242183102469e+03 3.869818539048987656e-15 1.119755318706972204e-16
7.618438568322142601e+03 3.759208189103006116e-15 1.114652751441976131e-16
7.623317894461182732e+03 3.751566926708145861e-15 1.116574933088978311e-16
7.628197220600222863e+03 4.034949002380480082e-15 1.125504534055217896e-16
7.633076546739262994e+03 4.152687206914968276e-15 1.133330570844232200e-16
7.637955872878303126e+03 4.138688459073992163e-15 1.149514767821495969e-16
7.642835199017343257e+03 4.266687818744779826e-15 1.151223720956868970e-16
7.647714525156383388e+03 4.101159767407443156e-15 1.132603506307655885e-16
7.652593851295423519e+03 4.203707715481434951e-15 1.286278491993213167e-16
7.657473177434463651e+03 3.905067310837724389e-15 1.134174178299784198e-16
7.662352503573503782e+03 4.175852232707797199e-15 1.178350018428439296e-16
7.667231829712543913e+03 4.278860223037944598e-15 1.155208447402926400e-16
7.672111155851584044e+03 4.425713152578023578e-15 1.166621399839187901e-16
7.676990481990624176e+03 4.672848527699205583e-15 1.181796690638298370e-16
7.681869808129664307e+03 4.743015799288644949e-15 1.184987914599593713e-16
7.686749134268704438e+03 4.825780061068470369e-15 1.272773789818233904e-16
7.691628460407744569e+03 4.620013592852484007e-15 1.196870952846557578e-16
7.696507786546784700e+03 4.321095984125782648e-15 1.169689334898147410e-16
7.701387112685824832e+03 4.444477518326066785e-15 1.190183625911216765e-16
7.706266438824864963e+03 4.337244812542964293e-15 1.193085518696184890e-16
7.711145764963905094e+03 4.345721668520016118e-15 1.195820366301399324e-16
7.716025091102945225e+03 4.499015541764581956e-15 1.194670309938308945e-16
7.720904417241985357e+03 4.748903613654965785e-15 1.261858543818635014e-16
7.725783743381025488e+03 4.522241343301379390e-15 1.213530077456233953e-16
7.730663069520065619e+03 4.892069190375535638e-15 1.459033998200970594e-16
7.735542395659105750e+03 4.473770968888140730e-15 1.227240328842638243e-16
7.740421721798145882e+03 4.360355561899223382e-15 1.205082088837703848e-16
7.745301047937186013e+03 4.382520964564145564e-15 1.209455432331452737e-16
7.750180374076226144e+03 4.199011598194128647e-15 1.203244247588220660e-16
7.755059700215266275e+03 4.161906545711570333e-15 1.211409344625811241e-16
7.759939026354306407e+03 4.279396424342368406e-15 1.211903688280242952e-16
7.764818352493346538e+03 4.579628791398452430e-15 1.240502550114186804e-16
7.769697678632386669e+03 4.614631724134366649e-15 1.246602209450430613e-16
7.774577004771426800e+03 4.610402115597203744e-15 1.238894072124465781e-16
7.779456330910466932e+03 4.976456548577763700e-15 1.308752074128746949e-16
7.784335657049507063e+03 4.723586383633511243e-15 1.298330776398809582e-16
7.789214983188547194e+03 4.788016716178934330e-15 1.323570277936961078e-16
7.794094309327587325e+03 4.479773703624217847e-15 1.249399838693210227e-16
7.798973635466627456e+03 4.339857920799802267e-15 1.243765151911017495e-16
7.803852961605667588e+03 4.441991030888102010e-15 1.256054246477574531e-16
7.808732287744707719e+03 4.604186216496742348e-15 1.347570147034230487e-16
7.813611613883747850e+03 4.647397511652737156e-15 1.284677545935191596e-16
7.818490940022787981e+03 5.002627459518641279e-15 1.362347921531024814e-16
7.823370266161828113e+03 5.011790172979439388e-15 1.314140610522006300e-16
7.828249592300868244e+03 5.114197919324552578e-15 1.316170396134456800e-16
7.833128918439908375e+03 5.050034289514634156e-15 1.346967011035637275e-16
7.838008244578948506e+03 5.128035942827364596e-15 1.324398440330398829e-16
7.842887570717988638e+03 4.617034760603964468e-15 1.285734439660552786e-16
7.847766896857028769e+03 4.639427592902026960e-15 1.298357958496111066e-16
7.852646222996068900e+03 4.868663687322273031e-15 1.340673780650115714e-16
7.857525549135109031e+03 4.891417689986593047e-15 1.323171016566443148e-16
7.862404875274149163e+03 4.768154094196243858e-15 1.331696603659362687e-16
7.867284201413189294e+03 4.606333996942966894e-15 1.312529836216582403e-16
7.872163527552229425e+03 4.698673021026121605e-15 1.446219402582913934e-16
7.877042853691269556e+03 4.870804055799460282e-15 1.367391448057235374e-16
7.881922179830309688e+03 5.229127583160250420e-15 1.393258089094627378e-16
7.886801505969349819e+03 5.230199143510238373e-15 1.364879507956524794e-16
7.891680832108389950e+03 5.325469048191483826e-15 1.381445898192724097e-16
7.896560158247430081e+03 5.220677439573472306e-15 1.387386420333503522e-16
7.901439484386470212e+03 5.328758467275662272e-15 1.402541389517701392e-16
7.906318810525510344e+03 5.221108408703871992e-15 1.390512465078208299e-16
7.911198136664550475e+03 4.883672729443166986e-15 1.397020402368151165e-16
7.916077462803590606e+03 5.043400254643306112e-15 1.401410911064989498e-16
7.920956788942630737e+03 5.075139264020407519e-15 1.409406395136296693e-16
7.925836115081670869e+03 5.076171395272143160e-15 1.387190351488615190e-16
7.930715441220711000e+03 5.379272233036134656e-15 1.412093708994675818e-16
7.935594767359751131e+03 5.517328846176814289e-15 1.422918503148363624e-16
7.940474093498791262e+03 5.589222306498485575e-15 1.433163542180886096e-16
7.945353419637831394e+03 5.471557106634332675e-15 1.442548495409415424e-16
7.950232745776871525e+03 5.306415516688373723e-15 1.421509266728708686e-16
7.955112071915911656e+03 5.119024029300049406e-15 1.413036509421234959e-16
7.959991398054951787e+03 4.789947045854353126e-15 1.419429788550172324e-16
7.964870724193991919e+03 4.890153026748159391e-15 1.483761996447250045e-16
7.969750050333032050e+03 4.900861298433044846e-15 1.473522493508385783e-16
7.974629376472072181e+03 4.812408766783584394e-15 1.423730339932746256e-16
7.979508702611112312e+03 4.746453095168551059e-15 1.414854100190068597e-16
7.984388028750152444e+03 5.176862080877952383e-15 1.454020733980872790e-16
7.989267354889192575e+03 5.052703672003557972e-15 1.430164832250260806e-16
7.994146681028232706e+03 5.156699334766388780e-15 1.441739578795544945e-16
7.999026007167272837e+03 4.913016526894991553e-15 1.437320064165142924e-16
8.003905333306312968e+03 4.594225148749171691e-15 1.489044634407888338e-16
8.008784659445353100e+03 4.451886338336912904e-15 1.495677327297266215e-16
8.013663985584393231e+03 4.637097131162350333e-15 1.436148453618425553e-16
8.018543311723433362e+03 4.531821626469925595e-15 1.420761130894733217e-16
8.023422637862473493e+03 4.729942803828072171e-15 1.445934438878928319e-16
8.028301964001513625e+03 4.640899402944597121e-15 1.451219749579605362e-16
8.033181290140553756e+03 4.630962584464718575e-15 1.683383912433395081e-16
8.038060616279593887e+03 4.461512648818574013e-15 1.497629336269621103e-16
8.042939942418634018e+03 4.419602438373008131e-15 1.439130975308713220e-16
8.047819268557674150e+03 4.693103035360740494e-15 1.467589557693585215e-16
8.052698594696714281e+03 4.693901455653720102e-15 1.470739713028568030e-16
8.057577920835754412e+03 4.641135562893635208e-15 1.467940653520659573e-16
8.062457246974794543e+03 4.382560158997717445e-15 1.480099398766790500e-16
8.067336573113834675e+03 4.281623616739021466e-15 1.455985320908037301e-16
8.072215899252874806e+03 4.162937822002178828e-15 1.441653864491453482e-16
8.077095225391914937e+03 4.192062895344173698e-15 1.473843552068168177e-16
8.081974551530955068e+03 4.085946041251316396e-15 1.447829676424683939e-16
8.086853877669995200e+03 3.970460391369884731e-15 1.449772133245713319e-16
8.091733203809035331e+03 3.895557834057093624e-15 1.450695142333418780e-16
8.096612529948075462e+03 3.820405522104069634e-15 1.457751786161742139e-16
8.101491856087115593e+03 4.083463010070433983e-15 1.474137707640781987e-16
8.106371182226155724e+03 4.117181538732419739e-15 1.479619851555023371e-16
8.111250508365195856e+03 4.015244644445744054e-15 1.496321964271706175e-16
8.116129834504235987e+03 4.003204358176462083e-15 1.503311694720412615e-16
8.121009160643276118e+03 3.775305790732694182e-15 1.479557829411008563e-16
8.125888486782316249e+03 3.861715116641310366e-15 1.477925052881295218e-16
8.130767812921356381e+03 4.042910216541310374e-15 1.495027002237376131e-16
8.135647139060396512e+03 3.952295451982528920e-15 1.491728601160381052e-16
8.140526465199436643e+03 3.731730959179415272e-15 1.507228741110057130e-16
8.145405791338476774e+03 3.577185875371405187e-15 1.553129781990084744e-16
8.150285117477516906e+03 3.467276508080627704e-15 1.494064042816197269e-16
8.155164443616557037e+03 3.493790829543818865e-15 1.465951167495538818e-16
8.160043769755597168e+03 3.304068275843991613e-15 1.458624537777939802e-16
8.164923095894637299e+03 3.262837385845308302e-15 1.459968713411235440e-16
8.169802422033677431e+03 3.106292837494343193e-15 1.457208901340434341e-16
8.174681748172717562e+03 3.283029388696034355e-15 1.529558084501708465e-16
8.179561074311757693e+03 3.126974963115591848e-15 1.508103148863715598e-16
8.184440400450797824e+03 2.855467607850327083e-15 1.479583864659696418e-16
8.189319726589837956e+03 3.083825767682399859e-15 1.475982525117759838e-16
8.194199052728878087e+03 2.632911089484719037e-15 1.432565282213141171e-16
8.199078378867918218e+03 2.374451209734134880e-15 1.419974595441460553e-16
8.203957705006958349e+03 2.621154448591357894e-15 1.501012745770594543e-16
8.208837031145998480e+03 2.484670157623856855e-15 1.447272931212469264e-16
8.213716357285038612e+03 2.121085495607118339e-15 1.442374780077760469e-16
8.218595683424078743e+03 1.999608549980263519e-15 1.406155902187062235e-16
8.223475009563118874e+03 1.901620708733067885e-15 1.397309215128578326e-16
8.228354335702159005e+03 1.691345227242424719e-15 1.409477423370545331e-16
8.233233661841199137e+03 1.779264489081477207e-15 1.403741292518447090e-16
8.238112987980239268e+03 1.674377495841619391e-15 1.393863818976506801e-16
8.242992314119279399e+03 1.719051901478633042e-15 1.401397216387396063e-16
8.247871640258319530e+03 1.830916831558229016e-15 1.407668992521733550e-16
8.252750966397359662e+03 1.481822687049030107e-15 1.375977518430246009e-16
8.257630292536399793e+03 1.365574287512311198e-15 1.377660910676018810e-16
8.262509618675439924e+03 1.209583200538828720e-15 1.369762114850370648e-16
8.267388944814480055e+03 1.654018593950851344e-15 1.409239149630512002e-16
8.272268270953520187e+03 1.683143250768333146e-15 1.446746543761860940e-16
8.277147597092560318e+03 1.528181691544568951e-15 1.463512497382668956e-16
8.282026923231600449e+03 1.306389494491448202e-15 1.418632954235387298e-16
8.286906249370640580e+03 1.235364826490116579e-15 1.427301960580255891e-16
8.291785575509680712e+03 1.623764185291336013e-15 1.422856757097565275e-16
8.296664901648720843e+03 1.624706382195447219e-15 1.409811590857566436e-16
8.301544227787760974e+03 1.579572296931105787e-15 1.414580897002768191e-16
8.306423553926801105e+03 1.810273970554541413e-15 1.439045666898222463e-16
8.311302880065841237e+03 1.706597449035651887e-15 1.428838285817827261e-16
8.316182206204881368e+03 2.006575542816814795e-15 1.503935094292002154e-16
8.321061532343921499e+03 2.160508425375516688e-15 1.486278373924055908e-16
8.325940858482961630e+03 1.807227073369093697e-15 1.511435328748584257e-16
8.330820184622001761e+03 1.984161230844171943e-15 1.515976816364175601e-16
8.335699510761041893e+03 1.923335816281630536e-15 1.511228226350827299e-16
8.340578836900082024e+03 2.011742130214643765e-15 1.536951042875090213e-16
8.345458163039122155e+03 1.931594813229843674e-15 1.488847625366677792e-16
8.350337489178162286e+03 1.955978560119253037e-15 1.495820900846162532e-16
8.355216815317202418e+03 3.181339428653069155e-15 2.093538140590963053e-16
8.360096141456242549e+03 2.372895594098384017e-15 1.626170608516120584e-16
8.364975467595282680e+03 1.638588358112558350e-15 1.451138168215176301e-16
8.369854793734322811e+03 1.666981393022348654e-15 1.460536335215913777e-16
8.374734119873362943e+03 1.777195653794000255e-15 1.512754572122247441e-16
8.379613446012403074e+03 1.875649768082041752e-15 1.471408431809216906e-16
8.384492772151443205e+03 1.843114858497175404e-15 1.470869245296614081e-16
8.389372098290483336e+03 2.258757705618992789e-15 1.534477843811086314e-16
8.394251424429523468e+03 2.194852829739207359e-15 1.502905868975153874e-16
8.399130750568563599e+03 2.274927411664635491e-15 1.720067482620978399e-16
8.404010076707603730e+03 2.091312139317492992e-15 1.524123197256498528e-16
8.408889402846643861e+03 1.929500994168372297e-15 1.532372276217492249e-16
8.413768728985683993e+03 1.958615229623839502e-15 1.570330784197707925e-16
8.418648055124724124e+03 2.051482925122079996e-15 1.515494473495172568e-16
8.423527381263764255e+03 2.430975334774206279e-15 1.525570780264914052e-16
8.428406707402804386e+03 2.350967555089858816e-15 1.552168881501131197e-16
8.433286033541844517e+03 2.343314365567064982e-15 1.532436574531705133e-16
8.438165359680884649e+03 2.456814818045575906e-15 1.625577996790441995e-16
8.443044685819924780e+03 2.698531511665088368e-15 1.714594612997329250e-16
8.447924011958964911e+03 2.652367424374211845e-15 1.691320706931939645e-16
8.452803338098005042e+03 2.521819385723215586e-15 1.572048430412881872e-16
8.457682664237045174e+03 2.681910547724877944e-15 1.560555291048590272e-16
8.462561990376085305e+03 2.969539216560142710e-15 1.778057354437723492e-16
8.467441316515125436e+03 2.740032978807910408e-15 1.604340704265062347e-16
8.472320642654165567e+03 2.856033026203067542e-15 1.578333893105499891e-16
8.477199968793205699e+03 2.801750708074278206e-15 1.591784218482706495e-16
8.482079294932245830e+03 2.859732859308967614e-15 1.933930278134752737e-16
8.486958621071285961e+03 3.086622026740405915e-15 1.654011139431927084e-16
8.491837947210326092e+03 3.071518860743224189e-15 1.597274855347516927e-16
8.496717273349366224e+03 3.438311669860288936e-15 1.623460707531574875e-16
8.501596599488406355e+03 3.746760520641270622e-15 1.647829365947676663e-16
8.506475925627446486e+03 3.832887720192657448e-15 1.649729627518855112e-16
8.511355251766486617e+03 4.153422866620850245e-15 1.689927516143559278e-16
8.516234577905526749e+03 4.614247187702572086e-15 1.707275339093031290e-16
8.521113904044566880e+03 4.353007404310855630e-15 1.694914059395111144e-16
8.525993230183607011e+03 4.639484812623244258e-15 1.720399707934450859e-16
8.530872556322647142e+03 5.127580158087130988e-15 1.783339622050728699e-16
8.535751882461687273e+03 5.361033005986987775e-15 1.777052110575550716e-16
8.540631208600727405e+03 5.397594637581866964e-15 1.830537225701623803e-16
8.545510534739767536e+03 5.579860007271383684e-15 1.796894734967799272e-16
8.550389860878807667e+03 5.418115009728198649e-15 1.784720238067660851e-16
8.555269187017847798e+03 5.129145598594140349e-15 1.764701041127653708e-16
8.560148513156887930e+03 5.131466115063342028e-15 1.757657358127294679e-16
8.565027839295928061e+03 5.035801262866923340e-15 1.744185293335866028e-16
8.569907165434968192e+03 5.270273097465783336e-15 1.760252270034825835e-16
8.574786491574008323e+03 4.858456954266062965e-15 1.820576353727081824e-16
8.579665817713048455e+03 5.320640135338090390e-15 1.796553967726921214e-16
8.584545143852088586e+03 5.528750462548261004e-15 1.780381491617673157e-16
8.589424469991128717e+03 5.651572128322822610e-15 1.785942479705564504e-16
8.594303796130168848e+03 6.013769096271498691e-15 1.826269669055821901e-16
8.599183122269208980e+03 6.014745862124506667e-15 1.893620493055125317e-16
8.604062448408249111e+03 5.912338566677323000e-15 1.819611399695123940e-16
8.608941774547289242e+03 5.786183541651574806e-15 1.798125943089267198e-16
8.613821100686329373e+03 6.078496599798098434e-15 1.829781875533047594e-16
8.618700426825369505e+03 6.417489696832222670e-15 1.855839292098919378e-16
8.623579752964409636e+03 6.534190574094736038e-15 1.857498332092916281e-16
8.628459079103449767e+03 6.516850603568015577e-15 1.929198333054454906e-16
8.633338405242489898e+03 6.454819753032862802e-15 1.879578166227762948e-16
8.638217731381530029e+03 6.345513196412558256e-15 1.854898719555461063e-16
8.643097057520570161e+03 6.223582504365067543e-15 1.842992892421334759e-16
8.647976383659610292e+03 6.100602421157464968e-15 1.842763775403866907e-16
8.652855709798650423e+03 6.025133266490237484e-15 1.939625524228001580e-16
8.657735035937690554e+03 6.021345080635930765e-15 1.846988748159229602e-16
8.662614362076730686e+03 6.099857631355620503e-15 1.846749064603406937e-16
8.667493688215770817e+03 6.203552911053319292e-15 1.871629610286747217e-16
8.672373014354810948e+03 6.199041377876571428e-15 1.858895033505572878e-16
8.677252340493851079e+03 6.932107490270739632e-15 1.928564760164116649e-16
8.682131666632891211e+03 6.982679663790561216e-15 1.930205881577260390e-16
8.687010992771931342e+03 6.948526692032968636e-15 1.915407229158016515e-16
8.691890318910971473e+03 6.889673828363530823e-15 2.047101536461009291e-16
8.696769645050011604e+03 6.620435783075980798e-15 1.938806565393449968e-16
8.701648971189051736e+03 6.375218082413911840e-15 1.885031495460778794e-16
8.706528297328091867e+03 6.908453708713782603e-15 2.033096468530339549e-16
8.711407623467131998e+03 6.668350730229785166e-15 1.934321377586584477e-16
8.716286949606172129e+03 6.314898766552160693e-15 1.890094556498497970e-16
8.721166275745212261e+03 6.517791909617887810e-15 1.900603500397083116e-16
8.726045601884252392e+03 6.641615528865428741e-15 1.971598863385540530e-16
8.730924928023292523e+03 6.645800201223792264e-15 1.929028855748416223e-16
8.735804254162332654e+03 7.263703536011898933e-15 1.965126218556394390e-16
8.740683580301372785e+03 7.454590061041833903e-15 2.000021360122965673e-16
8.745562906440412917e+03 7.247910603296081508e-15 2.016890327083339804e-16
8.750442232579453048e+03 7.309160192439403053e-15 1.995626697142660950e-16
8.755321558718493179e+03 6.803525573156695094e-15 2.035254085212357996e-16
8.760200884857533310e+03 5.974722881787094624e-15 2.007997638427191827e-16
8.765080210996573442e+03 6.053714509261871813e-15 1.916035087527388084e-16
8.769959537135613573e+03 6.323485933341163243e-15 1.929156456191427888e-16
8.774838863274653704e+03 6.179129360220960732e-15 1.907501293883639148e-16
8.779718189413693835e+03 6.337345478757852072e-15 1.927357783833829812e-16
8.784597515552733967e+03 5.830826322973219906e-15 1.871107992708418396e-16
8.789476841691774098e+03 6.364273464964861513e-15 2.139397518087999532e-16
8.794356167830814229e+03 6.387550423128099486e-15 1.993875176011845752e-16
8.799235493969854360e+03 6.535804998819915469e-15 1.941748113176119412e-16
8.804114820108894492e+03 6.048833730174014273e-15 1.972796127474357570e-16
8.808994146247934623e+03 6.451764969705296193e-15 2.024082566652131291e-16
8.813873472386974754e+03 6.251803394203578378e-15 1.925750418215306585e-16
8.818752798526014885e+03 6.088281084816132499e-15 1.996053199720670840e-16
8.823632124665055017e+03 6.003829831579129542e-15 1.920992186112544027e-16
8.828511450804095148e+03 6.088000624360559811e-15 1.974692616895467064e-16
8.833390776943135279e+03 5.604730586971255086e-15 1.979492114016512476e-16
8.838270103082175410e+03 5.909186493288981130e-15 1.916169080102186036e-16
8.843149429221215541e+03 6.350212894439245098e-15 2.305865208074012578e-16
8.848028755360255673e+03 5.793076472841606058e-15 2.041003533116405349e-16
8.852908081499295804e+03 5.636902522121165021e-15 1.903107547281283258e-16
8.857787407638335935e+03 5.467122092168098210e-15 1.884421867431005703e-16
8.862666733777376066e+03 5.613778342775898760e-15 1.894070338230200191e-16
8.867546059916416198e+03 6.217262455659363795e-15 2.155923899916390184e-16
8.872425386055456329e+03 5.849836192681430819e-15 1.930338529823452529e-16
8.877304712194496460e+03 5.735987122649200885e-15 1.805970883147160904e-16
8.882184038333536591e+03 5.779508663506959407e-15 2.551167416527794479e-16
8.887063364472576723e+03 5.544988809469270572e-15 2.331271776499824942e-16
8.891942690611616854e+03 5.138504605320665781e-15 1.897293192811244704e-16
8.896822016750656985e+03 4.980718472067065329e-15 1.975256682559157251e-16
8.901701342889697116e+03 4.717140169042232870e-15 1.874965660440020566e-16
8.906580669028737248e+03 4.566554867530669662e-15 2.060752308669023810e-16
8.911459995167777379e+03 4.226742011597785068e-15 2.041979008062780206e-16
8.916339321306817510e+03 4.055081508916981678e-15 1.817262442672896542e-16
8.921218647445857641e+03 4.546937407255878076e-15 2.007227013596159131e-16
8.926097973584897773e+03 4.037901684070009603e-15 1.812880200110688968e-16
8.930977299723937904e+03 3.848812305539653333e-15 1.834080393551598173e-16
8.935856625862978035e+03 3.297764221240158957e-15 1.964094040691969157e-16
8.940735952002018166e+03 3.490632940378552997e-15 1.800437565440252247e-16
8.945615278141058297e+03 3.310082842040008323e-15 1.763445150743549696e-16
8.950494604280098429e+03 3.376247394375009232e-15 1.765433033771233986e-16
8.955373930419138560e+03 3.405139796998943543e-15 1.806144051077232815e-16
8.960253256558178691e+03 3.636119491849040757e-15 2.365959765162390010e-16
8.965132582697218822e+03 3.519080885871827991e-15 1.825581162757352768e-16
8.970011908836258954e+03 3.152989575934669282e-15 1.813906477137896937e-16
8.974891234975299085e+03 3.179146506850104276e-15 1.781902241746746416e-16
8.979770561114339216e+03 3.570615731410578363e-15 1.877627309002053380e-16
8.984649887253379347e+03 3.649956313155064696e-15 1.833639784468804773e-16
8.989529213392419479e+03 3.840727114785551436e-15 1.885741922656336503e-16
8.994408539531459610e+03 3.654672135888698641e-15 1.921773300750654758e-16
8.999287865670499741e+03 3.369538173470775243e-15 1.875312296119748886e-16
9.004167191809539872e+03 3.620796397232528273e-15 1.859143293064787599e-16
9.009046517948580004e+03 3.182792604706440125e-15 1.789392416477287227e-16
9.013925844087620135e+03 3.516322829861287286e-15 1.872387150952733161e-16
9.018805170226660266e+03 3.869710352474735800e-15 1.929416857871954500e-16
9.023684496365700397e+03 3.837626804954420983e-15 1.915959577276882678e-16
9.028563822504740529e+03 4.650117808091853856e-15 2.560333061808315294e-16
9.033443148643780660e+03 3.818837123056690928e-15 1.910004931060295296e-16
9.038322474782820791e+03 3.839356264434408833e-15 1.858089303950059033e-16
9.043201800921860922e+03 4.234876561280180562e-15 1.926522424131569162e-16
9.048081127060901053e+03 4.150118926008292696e-15 1.905305100253029537e-16
9.052960453199941185e+03 3.949479250671335394e-15 1.928149930907189002e-16
9.057839779338981316e+03 4.189086276125352164e-15 1.946370039861787827e-16
9.062719105478021447e+03 3.962673404156285195e-15 1.907191718452002094e-16
9.067598431617061578e+03 3.439838924211854687e-15 1.859014873185526998e-16
9.072477757756101710e+03 3.354487852110497360e-15 2.158102571447824457e-16
9.077357083895141841e+03 3.231843736891789613e-15 1.855983162364102743e-16
9.082236410034181972e+03 3.210196424820437738e-15 2.150092286744758946e-16
9.087115736173222103e+03 3.431403368064207017e-15 1.879691235091427062e-16
9.091995062312262235e+03 3.545417615883269774e-15 1.907218885328736296e-16
9.096874388451302366e+03 3.604895497856096039e-15 2.030989794659834679e-16
9.101753714590342497e+03 3.375374866041732804e-15 2.006188886959852363e-16
9.106633040729382628e+03 3.215755966595118513e-15 1.968515478587938104e-16
9.111512366868422760e+03 4.030623662081443557e-15 2.164011670781743683e-16
9.116391693007462891e+03 3.941755382585055005e-15 1.989225202459252926e-16
9.121271019146503022e+03 4.012646651031023893e-15 1.945919126688342527e-16
9.126150345285543153e+03 4.055960614163883594e-15 1.988909272431461193e-16
9.131029671424583285e+03 3.855521230271595104e-15 1.984781546242893001e-16
9.135908997563623416e+03 3.855143175330210849e-15 1.944085775787638391e-16
9.140788323702663547e+03 4.385265446486752337e-15 2.007401382023184846e-16
9.145667649841703678e+03 3.831594867829993846e-15 2.008925957153621900e-16
9.150546975980743809e+03 3.444233677807263381e-15 2.042214171727861019e-16
9.155426302119783941e+03 3.119903531348327200e-15 1.896229606696696157e-16
9.160305628258824072e+03 2.973924168894109360e-15 1.989562633158764232e-16
9.165184954397864203e+03 2.908520223123363544e-15 1.903731942731434552e-16
9.170064280536904334e+03 3.160013953557786670e-15 1.915468267658251571e-16
9.174943606675944466e+03 3.613711760695312831e-15 1.963239682204789697e-16
9.179822932814984597e+03 3.662561223675333601e-15 2.059830407112635336e-16
9.184702258954024728e+03 3.808536145345591344e-15 1.970678056297107728e-16
9.189581585093064859e+03 3.914078474337161370e-15 1.997497963112176315e-16
9.194460911232104991e+03 4.028312673158780195e-15 2.012134138153192571e-16
9.199340237371145122e+03 3.617293289596126344e-15 1.970267834979118863e-16
9.204219563510185253e+03 3.314296388155489469e-15 2.177561609933252836e-16
9.209098889649225384e+03 2.961531688143434709e-15 1.931992816389029239e-16
9.213978215788265516e+03 3.189259810408228925e-15 1.943876910100074706e-16
9.218857541927305647e+03 2.865551454740231580e-15 1.929224197586962205e-16
9.223736868066345778e+03 3.039570905640973192e-15 2.460129041757276194e-16
9.228616194205385909e+03 2.638915924007150944e-15 1.938378649218879054e-16
9.233495520344426041e+03 3.336658103375006897e-15 1.996823582025923014e-16
9.238374846483466172e+03 3.411027390857076280e-15 2.000482330466496340e-16
9.243254172622506303e+03 3.287273519516390031e-15 2.080941438625549584e-16
9.248133498761546434e+03 3.335194626808146919e-15 2.018825693345539621e-16
9.253012824900586565e+03 3.876332743365063605e-15 2.098474258261297692e-16
9.257892151039626697e+03 3.621335865272404464e-15 2.032740559030208690e-16
9.262771477178666828e+03 3.373958810493686431e-15 2.032936153013420663e-16
9.267650803317706959e+03 3.532214587480289347e-15 2.121110844320448359e-16
9.272530129456747090e+03 3.778035012492114412e-15 2.086329150447241414e-16
9.277409455595787222e+03 3.030482567085062933e-15 2.171780388703850739e-16
9.282288781734827353e+03 3.075376375889906249e-15 2.056786816910396949e-16
9.287168107873867484e+03 2.851186698929984229e-15 2.023119621527783559e-16
9.292047434012907615e+03 2.823546255090667908e-15 2.026188498138641889e-16
9.296926760151947747e+03 2.985430298936280652e-15 2.101579881249365110e-16
9.301806086290987878e+03 2.862390211456177984e-15 2.034263143160844234e-16
9.306685412430028009e+03 3.147498265404754161e-15 2.098165512369958797e-16
9.311564738569068140e+03 2.897688933681783205e-15 2.076706396582044309e-16
9.316444064708108272e+03 3.132908440583324523e-15 2.223448204828462785e-16
9.321323390847148403e+03 3.086411051673907820e-15 2.084985328672881438e-16
9.326202716986188534e+03 2.808471725847635128e-15 2.095035835718662077e-16
9.331082043125228665e+03 2.982065326346849452e-15 2.129842265275212073e-16
9.335961369264268797e+03 3.255629025253112913e-15 2.189667051411886366e-16
9.340840695403308928e+03 3.963127068095970515e-15 2.299548469012419849e-16
9.345720021542349059e+03 3.391822500265001950e-15 2.172017716194048371e-16
9.350599347681389190e+03 4.208248802353228007e-15 2.345784065965904254e-16
9.355478673820429321e+03 3.797886912226699962e-15 2.260041624234958890e-16
9.360357999959469453e+03 3.321088691482599713e-15 2.227536225788276253e-16
9.365237326098509584e+03 3.942585226236970292e-15 2.420962712891362379e-16
9.370116652237549715e+03 3.431804276841987346e-15 2.249762169646670089e-16
9.374995978376589846e+03 2.915414463594938701e-15 2.194403936535377189e-16
9.379875304515629978e+03 2.799609085218613389e-15 2.241400561933321466e-16
9.384754630654670109e+03 2.388485573747949843e-15 2.156951539595908952e-16
9.389633956793710240e+03 2.975441840572654002e-15 2.236194409669328195e-16
9.394513282932750371e+03 2.772127092649370491e-15 2.259336501152821986e-16
9.399392609071790503e+03 3.115267794137848628e-15 2.254394331235302284e-16
9.404271935210830634e+03 3.007846841425534304e-15 2.257160431297060681e-16
9.409151261349870765e+03 3.654820810284120430e-15 2.330333656202247760e-16
9.414030587488910896e+03 1.301050243686335084e-14 3.939943257421292573e-16
9.418909913627951028e+03 3.910677343486543887e-15 2.410253343753455169e-16
9.423789239766991159e+03 3.590715137510927880e-15 2.403463019093439725e-16
9.428668565906031290e+03 2.934975414122958107e-15 2.314150110622508407e-16
9.433547892045071421e+03 2.814837892863961278e-15 2.320985064441384592e-16
9.438427218184111553e+03 2.726738414542366898e-15 2.375179020763116283e-16
9.443306544323151684e+03 2.609277749546113575e-15 2.470844226138388962e-16
9.448185870462191815e+03 2.314905136440273121e-15 2.312265105844370183e-16
9.453065196601231946e+03 2.485123741911616021e-15 2.347165201292828454e-16
9.457944522740272077e+03 2.429030218674635098e-15 2.325290529822565330e-16
9.462823848879312209e+03 3.307143927423069906e-15 2.832410589261853287e-16
9.467703175018352340e+03 2.391705508167898144e-15 2.367555627977438003e-16
9.472582501157392471e+03 2.742636822477389384e-15 2.373179570542308758e-16
9.477461827296432602e+03 2.418782130015526599e-15 2.373458880410044594e-16
9.482341153435472734e+03 2.733745938039628034e-15 2.378284892172049784e-16
9.487220479574512865e+03 2.959000513428459769e-15 2.507220588762444021e-16
9.492099805713552996e+03 2.594862255419510424e-15 2.371207321777780405e-16
9.496979131852593127e+03 2.676199039241180649e-15 2.385589914046400181e-16
9.501858457991633259e+03 2.889532771823960139e-15 2.410461390791250929e-16
9.506737784130673390e+03 3.101347247022894064e-15 2.619731016995126936e-16
9.511617110269713521e+03 3.738838677821040819e-15 2.691660748023483958e-16
9.516496436408753652e+03 3.088116688172805643e-15 2.441140430860776014e-16
9.521375762547793784e+03 2.793710165659244117e-15 2.461131201766947354e-16
9.526255088686833915e+03 3.030102185074457892e-15 2.454615737710789664e-16
9.531134414825874046e+03 2.475232778214075002e-15 2.365242503627809780e-16
9.536013740964914177e+03 2.611759995655853892e-15 2.398639687530584058e-16
9.540893067103954309e+03 2.408031017999400641e-15 2.389710766312888380e-16
9.545772393242994440e+03 3.178841178740372923e-15 3.232969351784477394e-16
9.550651719382034571e+03 2.180695647194807179e-15 2.367436323016336422e-16
9.555531045521074702e+03 1.818970049972544133e-15 2.370907399837746969e-16
9.560410371660114834e+03 1.996108829290138605e-15 2.402718109090352625e-16
9.565289697799154965e+03 3.106844624015297442e-15 2.353851231422420888e-16
9.570169023938195096e+03 2.328974773217488700e-14 5.258614626023699497e-16
9.575048350077235227e+03 1.963861094878158585e-15 2.373794752769536511e-16
9.579927676216275358e+03 1.961810132914768271e-15 2.451835447853653691e-16
9.584807002355315490e+03 2.147865307197316427e-15 2.402129028037806044e-16
9.589686328494355621e+03 2.223207908419747989e-15 2.451577988152374419e-16
9.594565654633395752e+03 2.249485868550832687e-15 2.541383887412991779e-16
9.599444980772435883e+03 1.812205195625640845e-15 2.379802824875717647e-16
9.604324306911476015e+03 2.618765641433104031e-15 2.453621302856856991e-16
9.609203633050516146e+03 2.672354521788374199e-15 2.473809036887878189e-16
9.614082959189556277e+03 2.504685150604901861e-15 2.553005094804978044e-16
9.618962285328596408e+03 2.533760761109543354e-15 2.499053505126997348e-16
9.623841611467636540e+03 2.796612789580032729e-15 2.865274767763406714e-16
9.628720937606676671e+03 2.447016191319686560e-15 2.547153038674529903e-16
9.633600263745716802e+03 2.314854795694160974e-15 2.468260846128254646e-16
9.638479589884756933e+03 2.307132462990714112e-15 2.479366269652336650e-16
9.643358916023797065e+03 2.118282908789638138e-15 2.473714122354839994e-16
9.648238242162837196e+03 2.093321561778676611e-15 2.501885415006490601e-16
9.653117568301877327e+03 2.117732948539924626e-15 2.597504543525998483e-16
9.657996894440917458e+03 2.018609254820216247e-15 2.490722364228668018e-16
9.662876220579957590e+03 1.867938817807777586e-15 2.501892908881011932e-16
9.667755546718997721e+03 1.760371809314610939e-15 2.513174209099695239e-16
9.672634872858037852e+03 1.950986684584800005e-15 2.560187761767678633e-16
9.677514198997077983e+03 1.615118938804988828e-15 2.816975267156142766e-16
9.682393525136118114e+03 1.863160039219325577e-15 2.594055215724188180e-16
9.687272851275158246e+03 1.807384200696245310e-15 2.552372516125429040e-16
9.692152177414198377e+03 1.549701224584959662e-15 2.523510230667566852e-16
9.697031503553238508e+03 2.296222994876481264e-15 2.626588412187237101e-16
9.701910829692278639e+03 1.862107229429443635e-15 2.812749848241958124e-16
9.706790155831318771e+03 2.672703492268018870e-15 2.879953745267212634e-16
9.711669481970358902e+03 2.129671637335009992e-15 2.641565386071886341e-16
9.716548808109399033e+03 2.256820989320508030e-15 2.676984984385336203e-16
9.721428134248439164e+03 1.816368505812438225e-15 2.635431588443142989e-16
9.726307460387479296e+03 1.650909208857073060e-15 2.649396995322459879e-16
9.731186786526519427e+03 1.710181600381126926e-15 2.672425552176446168e-16
9.736066112665559558e+03 1.799074634588746909e-15 2.676530697441968730e-16
9.740945438804599689e+03 1.775605620763732997e-15 2.753647171014902887e-16
9.745824764943639821e+03 1.448511422958357654e-15 2.752804500554466922e-16
9.750704091082679952e+03 1.236711260848644042e-15 2.763814614322970280e-16
9.755583417221720083e+03 1.876445375536970515e-15 2.729829533974487047e-16
9.760462743360760214e+03 1.453802389762305205e-15 2.709216591779703231e-16
9.765342069499800346e+03 1.385839575082385212e-15 2.735536617055945948e-16
9.770221395638840477e+03 1.591709680165525542e-15 2.753568744897117868e-16
9.775100721777880608e+03 1.756680463536303788e-15 2.793445173875683828e-16
9.779980047916920739e+03 1.567627319716622905e-15 2.785721457578844742e-16
9.784859374055960870e+03 2.117654493177838185e-15 2.897890244777841381e-16
9.789738700195001002e+03 1.975509962135660681e-15 2.840196337294968594e-16
9.794618026334041133e+03 2.179479029656209136e-15 2.896609666350985543e-16
9.799497352473081264e+03 1.949138263269096659e-15 2.909767181460464601e-16
9.804376678612121395e+03 1.686338848715804965e-15 2.893057571509763181e-16
9.809256004751161527e+03 2.070962983923450088e-15 2.955084457959372119e-16
9.814135330890201658e+03 1.464067950546257500e-15 2.900866322927537281e-16
9.819014657029241789e+03 1.165783617402805554e-15 2.883424536167905509e-16
9.823893983168281920e+03 1.386594774827648726e-15 2.978283733027864173e-16
9.828773309307322052e+03 1.150215584027736417e-15 2.938255302658140284e-16
9.833652635446362183e+03 1.434916329256629275e-15 3.021770081413096083e-16
9.838531961585402314e+03 1.664085519846550586e-15 3.059624533386756945e-16
9.843411287724442445e+03 5.335136283324966705e-15 3.251487849749675107e-16
9.848290613863482577e+03 1.357015575580715970e-14 5.004076317357233655e-16
9.853169940002522708e+03 1.042303653866264617e-15 3.001903762791323217e-16
9.858049266141562839e+03 1.633106837518104558e-15 3.077707044871945502e-16
9.862928592280602970e+03 1.999234280250052701e-15 3.108610743092040607e-16
9.867807918419643102e+03 1.709888579747961033e-15 3.144131709044047076e-16
9.872687244558683233e+03 1.617788743859631584e-15 3.165717731850856724e-16
9.877566570697723364e+03 1.753287926092540717e-15 3.372442329297170987e-16
9.882445896836763495e+03 1.761057777221531381e-15 3.430830919055075498e-16
9.887325222975803626e+03 2.258227922227865070e-15 4.512206984214012087e-16
9.892204549114843758e+03 2.184096274451442704e-15 3.343258013260931955e-16
9.897083875253883889e+03 1.919318951275316704e-15 3.268615240727135517e-16
9.901963201392924020e+03 1.505854522515719413e-15 3.331930003271360310e-16
9.906842527531964151e+03 1.286746231901640663e-15 3.239950895379590753e-16
9.911721853671004283e+03 1.203798369566864733e-15 3.283122056780856072e-16
9.916601179810044414e+03 1.303142094827498728e-15 3.384076474759689205e-16
9.921480505949084545e+03 1.268330859944983544e-15 3.476970051977109825e-16
9.926359832088124676e+03 1.598581743577520411e-15 3.469938845867181725e-16
9.931239158227164808e+03 1.491801791983836059e-15 3.433569180599850768e-16
9.936118484366204939e+03 1.656764703944152934e-15 3.449408345590313271e-16
9.940997810505245070e+03 2.130817345591105572e-15 3.579938472013554275e-16
9.945877136644285201e+03 1.376774736386317354e-15 3.508980182407258497e-16
9.950756462783325333e+03 1.467164474424692364e-15 3.702481520574594240e-16
9.955635788922365464e+03 2.019646709863528436e-15 3.671472477257053449e-16
9.960515115061405595e+03 1.779780216831942750e-15 4.056561470537820341e-16
9.965394441200445726e+03 3.336032640790862851e-15 3.678353216180797194e-16
9.970273767339485858e+03 6.280378189120404349e-15 4.144063582910329135e-16
9.975153093478525989e+03 1.368864355895109155e-15 3.990782937615029034e-16
9.980032419617566120e+03 9.831767173115625601e-16 3.667590326331988625e-16
9.984911745756606251e+03 9.969578355762559177e-16 3.714536275864872473e-16
9.989791071895646382e+03 8.432317514083729752e-16 3.743629592191787634e-16
9.994670398034686514e+03 1.041029433502638050e-15 3.792044441118056479e-16
9.999549724173726645e+03 1.297474141595462506e-15 3.910652454867062052e-16
1.000442905031276678e+04 1.819628385273147666e-15 3.925011954488084095e-16
1.000930837645180691e+04 1.881382922475828988e-15 4.230146955625658377e-16
1.001418770259084704e+04 1.986987779225105852e-15 4.584166874260912934e-16
1.001906702872988717e+04 2.347562124604128931e-15 4.362573733821598718e-16
1.002394635486892730e+04 2.360740892808729013e-15 4.174467608289490421e-16
1.002882568100796743e+04 1.389735209212137055e-15 4.175771705482285890e-16
1.003370500714700756e+04 1.413324479716676898e-15 4.230841263560008279e-16
1.003858433328604769e+04 2.020127575740543563e-15 4.246192669057116558e-16
1.004346365942508783e+04 1.763002305315419950e-15 4.289119220159857150e-16
1.004834298556412796e+04 1.120744769568595512e-15 4.355014747138838546e-16
1.005322231170316809e+04 1.740508659660857850e-15 4.571206373093861633e-16
1.005810163784220822e+04 1.963339589285633739e-15 4.445235851784034759e-16
1.006298096398124835e+04 1.488885556261349374e-15 4.486344412984204243e-16
1.006786029012028848e+04 1.197810673888618943e-15 4.860226963148707585e-16
1.007273961625932861e+04 1.624323975168808946e-15 5.281502563112333226e-16
1.007761894239836874e+04 1.449527575617954339e-15 4.639674691852265776e-16
1.008249826853740888e+04 1.329178556654981762e-15 4.721704010254014055e-16
1.008737759467644901e+04 2.373730823297676690e-15 5.718194288970354836e-16
1.009225692081548914e+04 3.143240944659169096e-15 6.386761139029988490e-16
1.009713624695452927e+04 2.664761165890002856e-15 5.119013370721522667e-16
1.010201557309356940e+04 1.928766814863543002e-15 5.255028339979381367e-16
1.010689489923260953e+04 1.303788106831412947e-15 5.099023496018852055e-16
1.011177422537164966e+04 1.502279124216443975e-15 5.287629609303296949e-16
1.011665355151068979e+04 2.180171774646675275e-15 6.190302452703534575e-16
1.012153287764972993e+04 2.007670283643984480e-15 6.503429683446114715e-16
1.012641220378877006e+04 1.786173468241301427e-15 5.455287861708478990e-16
1.013129152992781019e+04 1.834732665964109560e-15 5.552760106225736125e-16
1.013617085606685032e+04 1.276168219630732941e-15 5.655328783448603816e-16
1.014105018220589045e+04 1.117894425580476098e-15 5.900802156081637129e-16
1.014592950834493058e+04 1.062554631702436612e-15 6.039640672183566532e-16
1.015080883448397071e+04 9.797033398851750972e-16 6.014777822968193765e-16
1.015568816062301084e+04 1.312088041050327024e-15 6.100666464177169398e-16
1.016056748676205098e+04 1.367437432018003678e-15 6.229602565937759415e-16
1.016544681290109111e+04 1.489398257414481977e-15 6.371348348389736478e-16
1.017032613904013124e+04 -2.308595423821249442e-15 6.519260829056527290e-16
1.017520546517917137e+04 -3.513898251680229635e-15 6.576623104397115613e-16
1.018008479131821150e+04 7.737138033503942346e-16 6.712151964041605451e-16
1.018496411745725163e+04 1.548431292974606885e-15 6.923216730673468611e-16
1.018984344359629176e+04 1.749314880588715386e-15 7.110581814822323610e-16
1.019472276973533189e+04 2.788953169911849438e-15 7.336583301151939844e-16
1.019960209587437203e+04 1.280709897547468006e-15 7.448705994752394736e-16
1.020448142201341216e+04 1.284614234520222104e-15 7.840211199385273860e-16
1.020936074815245229e+04 2.920558212991653021e-15 8.215450177831345225e-16
1.021424007429149242e+04 2.404929571657086632e-15 8.333203335519002034e-16
1.021911940043053255e+04 2.420182927430882452e-15 8.410839495415482891e-16
1.022399872656957268e+04 9.013489828242901957e-16 8.595098213532170954e-16
