# obs_wvl flux error  |  merged epoch (resel): STIS CCD,STIS MAMA
1.138000000000000000e+03 -4.183982576913343598e-15 2.025427701538619406e-18
1.139166208228667983e+03 -1.529554753917333281e-15 5.041373864366017143e-19
1.140332416457335967e+03 -7.158863525018804955e-16 1.879456438267317481e-19
1.141498624686003950e+03 -4.234365542387744333e-16 1.259718408897850143e-19
1.142664832914671933e+03 -1.947719249658014560e-16 9.476007699909901420e-20
1.143831041143339917e+03 -1.283929824897979401e-16 6.291341383930659605e-20
1.144997249372007900e+03 -1.674100036627826430e-16 3.614525974378831518e-20
1.146163457600675883e+03 -9.169414219405896984e-17 4.975335035264242804e-20
1.147329665829343867e+03 -9.169414219405896984e-17 1.135780517595801530e-17
1.148495874058011850e+03 -3.964663209564927341e-17 5.204684282398469107e-17
1.149662082286679833e+03 -1.479906604666561971e-17 2.582646642425140659e-20
1.150828290515347817e+03 -3.964663209564927341e-17 1.589304450066775873e-20
1.151994498744015800e+03 -3.418507070757391116e-17 1.363779871417666261e-20
1.153160706972683784e+03 -9.360029911396818175e-18 1.824424942349835405e-20
1.154326915201351767e+03 -2.766644306772503527e-17 1.091590392753899209e-20
1.155493123430019750e+03 -7.943148811855784798e-18 1.369594959921861694e-20
1.156659331658687734e+03 -7.502181707363977907e-18 1.290667196935518072e-20
1.157825539887355717e+03 -7.160497627565678764e-18 1.225458301353243262e-20
1.158991748116023700e+03 -6.481810793636425112e-18 1.313445521476681780e-20
1.160157956344691684e+03 -2.221571358835512070e-17 7.976313216521103401e-21
1.161324164573359667e+03 -6.122477939029957837e-18 1.040879748703591488e-20
1.162490372802027650e+03 -5.809893056519526271e-18 9.784127191551376606e-21
1.163656581030695634e+03 -1.873686843267848864e-17 1.205242981455920207e-17
1.164822789259363617e+03 -5.387564451545323736e-18 1.021783440554468580e-20
1.165988997488031600e+03 -5.221023951188396428e-18 8.811740658640576472e-21
1.167155205716699584e+03 -4.884532413672888869e-18 8.210336688582276219e-21
1.168321413945367567e+03 -4.727754138076644320e-18 9.014911308251110842e-21
1.169487622174035550e+03 7.141084185008175216e-18 1.895293085085636314e-17
1.170653830402703534e+03 -2.764366010704976353e-17 6.940186957692504928e-18
1.171820038631371517e+03 -3.176510224273428199e-18 1.166862351105645851e-17
1.172986246860039500e+03 5.537610402997425260e-17 2.196938657124239276e-17
1.174152455088707484e+03 5.134246924141301108e-17 1.955063076002067648e-17
1.175318663317375467e+03 5.557547499763257575e-17 1.972490412455707869e-17
1.176484871546043451e+03 2.318047793094951890e-17 9.759950276668515731e-18
1.177651079774711434e+03 8.843114547249581241e-17 2.290610804736292613e-17
1.178817288003379417e+03 7.581579290788168785e-17 2.125082149152410452e-17
1.179983496232047401e+03 6.463446353417253693e-17 2.032470339200062029e-17
1.181149704460715384e+03 7.825067168501399787e-17 2.171205532461296128e-17
1.182315912689383367e+03 8.476786147302958803e-17 2.244180308609791888e-17
1.183482120918051351e+03 1.004274057748252314e-16 2.373770767224030127e-17
1.184648329146719334e+03 1.163964750497899882e-16 2.364614470014267672e-17
1.185814537375387317e+03 1.707993431289790189e-16 2.740614117946688604e-17
1.186980745604055301e+03 9.591467148133386631e-17 1.972395045523050222e-17
1.188146953832723284e+03 1.568645989888730816e-16 2.707738871347321575e-17
1.189313162061391267e+03 1.619877735258230382e-16 2.692074556542575738e-17
1.190479370290059251e+03 1.247369005611524554e-16 2.401303800988840839e-17
1.191645578518727234e+03 1.274066163726130463e-16 2.393346829649751584e-17
1.192811786747395217e+03 1.168150777099268489e-16 2.266183824105969690e-17
1.193977994976063201e+03 7.550256303341211607e-17 1.793944114017474523e-17
1.195144203204731184e+03 1.118359851002817900e-16 2.133795053350418789e-17
1.196310411433399167e+03 1.208213134686785629e-16 2.207765340042333708e-17
1.197476619662067151e+03 1.105130492114123372e-16 2.135511556382523424e-17
1.198642827890735134e+03 1.124872811091924710e-16 2.073531277302109098e-17
1.199809036119403117e+03 1.190862754126842340e-16 2.114035413991778714e-17
1.200975244348071101e+03 1.145284009427425983e-16 2.106098313587800267e-17
1.202141452576739084e+03 7.467671041250146951e-17 1.708918761962536586e-17
1.203307660805407068e+03 7.942753899573696633e-17 1.784710552002052323e-17
1.204473869034075051e+03 7.040077536660698691e-17 1.593269465238204736e-17
1.205640077262743034e+03 7.942753899573696633e-17 2.281798243593894156e-17
1.206806285491411018e+03 7.467671041250146951e-17 2.252478562370929261e-17
1.207972493720079001e+03 9.791567772265603815e-17 1.878308435829741681e-17
1.209138701948746984e+03 4.019967058148265095e-17 1.967304857792956762e-17
1.210304910177414968e+03 4.192094554310120150e-17 1.957844257349940526e-17
1.211471118406082951e+03 -8.462246895974662426e-18 2.418038952666059519e-17
1.212637326634750934e+03 -1.404382301855166838e-17 4.659488152697852893e-17
1.213803534863418918e+03 -8.386190599385815311e-18 9.830269762219285062e-17
1.214969743092086901e+03 -1.467923809877772907e-16 1.027890797876671620e-16
1.216135951320754884e+03 -6.167215183415153134e-17 1.095128083960220174e-16
1.217302159549422868e+03 -6.419095058515884766e-18 1.054904517058095695e-16
1.218468367778090851e+03 3.289937380606934665e-17 5.138334130100957518e-17
1.219634576006758834e+03 -6.419095058515884766e-18 1.988369082683521805e-17
1.220800784235426818e+03 2.524739369141447427e-18 1.183777891323782181e-17
1.221966992464094801e+03 2.428190159446902875e-17 1.567728776469191804e-17
1.223133200692762784e+03 4.363409414736652734e-17 1.531831464230937277e-17
1.224299408921430768e+03 6.602871088610755644e-17 1.520789422669518061e-17
1.225465617150098751e+03 9.750579482989193123e-17 1.674279140519879200e-17
1.226631825378766735e+03 7.933352538644113379e-17 1.491262154647001464e-17
1.227798033607434718e+03 1.062324808914707546e-16 1.716959539498455888e-17
1.228964241836102701e+03 7.332928706862373301e-17 1.426225767150992247e-17
1.230130450064770685e+03 7.444735664716921946e-17 1.427611665508375184e-17
1.231296658293438668e+03 5.655515978927038805e-17 1.265879954127465419e-17
1.232462866522106651e+03 7.069296654866814172e-17 1.400680431762901913e-17
1.233629074750774635e+03 6.056354401883738200e-17 1.245455181029506568e-17
1.234795282979442618e+03 6.674340025890661923e-17 1.306458541279315790e-17
1.235961491208110601e+03 6.502211616810965160e-17 1.284146756883139757e-17
1.237127699436778585e+03 4.893721460656687930e-17 1.153904709084987352e-17
1.238293907665446568e+03 3.518077356902094412e-17 9.647426274596373219e-18
1.239460115894114551e+03 5.621754299288865367e-17 1.182157430352076365e-17
1.240626324122782535e+03 2.550657992607049209e-17 7.967181664850573750e-18
1.241792532351450518e+03 3.584688108349604105e-17 1.000419967784009887e-17
1.242958740580118501e+03 1.005955150379982722e-17 6.263565687537943929e-18
1.244124948808786485e+03 2.827238226039177455e-17 8.633628099211611209e-18
1.245291157037454468e+03 3.610762753394862756e-17 9.521326230962606428e-18
1.246457365266122451e+03 4.410274676060199494e-17 1.074999384044146543e-17
1.247623573494790435e+03 3.608218176073018903e-17 9.583310298608626448e-18
1.248789781723458418e+03 2.494056678092672332e-17 7.499345295225091874e-18
1.249955989952126401e+03 1.953379693972317515e-17 7.176134033336966277e-18
1.251122198180794385e+03 2.030313468448156641e-17 7.697718762606306923e-18
1.252288406409462368e+03 1.695246232413504790e-17 7.480431982400593765e-18
1.253454614638130352e+03 1.639666730330401485e-17 7.438472828169864863e-18
1.254620822866798335e+03 4.382841367885861996e-18 3.182600579987717505e-18
1.255787031095466318e+03 2.506360054774721164e-17 8.399172277457266025e-18
1.256953239324134302e+03 9.135947586517258181e-18 4.701314649251879704e-18
1.258119447552802285e+03 1.373400283260069870e-17 6.567911696767151860e-18
1.259285655781470268e+03 6.357943626222257127e-18 4.924575849152524857e-18
1.260451864010138252e+03 -6.510396282079607012e-19 1.444758627813363588e-18
1.261618072238806235e+03 1.145426841181918817e-17 6.563958236477572713e-18
1.262784280467474218e+03 2.167811123722562150e-18 4.867461299914493297e-18
1.263950488696142202e+03 1.289114974388590649e-17 6.410689054776738725e-18
1.265116696924810185e+03 9.283532473555216427e-18 5.396549425977071565e-18
1.266282905153478168e+03 7.820344714229304873e-18 5.349814720996072771e-18
1.267449113382146152e+03 9.283532473555216427e-18 7.402089098427898523e-18
1.268615321610814135e+03 5.773165099694223184e-18 3.850367364753358090e-18
1.269781529839482118e+03 9.377584815116106860e-18 6.018675143652271171e-18
1.270947738068150102e+03 -1.977054524063996153e-18 3.584074279079727851e-18
1.272113946296818085e+03 -1.051809276302284244e-18 6.436817262193853610e-18
1.273280154525486068e+03 -1.051809276302284244e-18 6.160349415570351223e-18
1.274446362754154052e+03 -1.103329441794590653e-18 2.331972184691100353e-21
1.275612570982822035e+03 -1.110308497423287607e-18 2.347149678940826446e-21
1.276778779211490018e+03 -1.098360802767399147e-18 2.492866024863924408e-21
1.277944987440158002e+03 -1.051809276302284244e-18 2.309304687071591203e-21
1.279111195668825985e+03 -1.068164366663848438e-18 2.004236747548735433e-21
1.280277403897493969e+03 -1.073825176973465454e-18 2.019031657122870411e-21
1.281443612126161952e+03 -2.796215186783012102e-18 3.056695069744770942e-19
1.282609820354829935e+03 -1.773692011061705076e-18 1.281946945562032685e-19
1.283776028583497919e+03 -1.020942053360731399e-18 2.218728403216598939e-21
1.284942236812165902e+03 -1.052099563310393854e-18 5.378827508032707024e-18
1.286108445040833885e+03 -1.934629826269927904e-18 4.078500462854561477e-18
1.287274653269501869e+03 -1.031165635897518078e-18 5.046989262929411403e-18
1.288440861498169852e+03 -1.052099563310393854e-18 2.001677747884611671e-21
1.289607069726837835e+03 -1.031165635897518078e-18 2.266835407529547937e-21
1.290773277955505819e+03 -1.027602168662788727e-18 2.441997797692280147e-21
1.291939486184173802e+03 -2.536624203905042459e-18 2.820714364594865008e-19
1.293105694412841785e+03 -1.275112424785603552e-17 9.503544561244610910e-19
1.294271902641509769e+03 -7.211403275933246879e-20 1.952792520710785326e-21
1.295438110870177752e+03 2.059551137250108565e-21 1.980020541388433854e-21
1.296604319098845735e+03 6.729674285440992261e-21 6.581085276442745672e-18
1.297770527327513719e+03 6.729674285440992261e-21 6.549724475885955285e-18
1.298936735556181702e+03 6.729674285440992261e-21 7.660972554454470333e-18
1.300102943784849685e+03 2.502478485131168875e-19 3.159978686228706012e-18
1.301269152013517669e+03 6.729674285440992261e-21 2.025223855637551968e-21
1.302435360242185652e+03 -7.865445888506596097e-20 3.197824618799221647e-20
1.303601568470853636e+03 -6.165753841956999003e-19 2.903350529924420381e-19
1.304767776699521619e+03 -1.553438404827203431e-20 2.432095833894225103e-21
1.305933984928189602e+03 -5.908537489059996167e-21 2.051058140486446352e-21
1.307100193156857586e+03 -8.824288960636971050e-18 1.009768628830875956e-17
1.308266401385525569e+03 -5.908537489059996167e-21 3.303040429103082442e-18
1.309432609614193552e+03 -9.923315237042026006e-19 2.517517632941166312e-21
1.310598817842861536e+03 -5.908537489059996167e-21 2.150817257987922136e-18
1.311765026071529519e+03 -9.061944384818319218e-19 6.649721682461416216e-18
1.312931234300197502e+03 -9.061944384818319218e-19 2.729060084314910961e-18
1.314097442528865486e+03 -9.663968402329107104e-19 2.322846796077528204e-21
1.315263650757533469e+03 -9.572325166498536134e-19 2.019702859185248101e-21
1.316429858986201452e+03 -9.061944384818319218e-19 1.769814481187872467e-18
1.317596067214869436e+03 -9.061944384818319218e-19 4.695255572094984327e-18
1.318762275443537419e+03 -9.061944384818319218e-19 5.691014474841499177e-18
1.319928483672205402e+03 -9.061944384818319218e-19 6.210629341783527092e-18
1.321094691900873386e+03 -9.061944384818319218e-19 2.871865939604417028e-21
1.322260900129541369e+03 -9.107956672671216737e-19 2.333013416342195108e-21
1.323427108358209352e+03 -9.245084911142280679e-19 2.024430489224207827e-21
1.324593316586877336e+03 -9.864079605081496998e-19 2.133727049186732086e-21
1.325759524815545319e+03 -9.630497645834215472e-19 2.078420890193190261e-21
1.326925733044213302e+03 -9.287455219590746356e-19 2.047222472914075652e-21
1.328091941272881286e+03 -9.283640252428381609e-19 5.005773282690116588e-18
1.329258149501549269e+03 -9.283640252428381609e-19 2.960233531304794153e-18
1.330424357730217253e+03 -9.283640252428381609e-19 2.084564123748173865e-21
1.331590565958885236e+03 -2.911310941218611363e-18 3.929292400193934244e-19
1.332756774187553219e+03 -9.248091994966585728e-19 2.410029924226809757e-21
1.333922982416221203e+03 -9.283640252428381609e-19 6.327152199862884687e-18
1.335089190644889186e+03 -9.399206782457122086e-19 2.154139102988475672e-21
1.336255398873557169e+03 -9.399206782457122086e-19 5.547610904989712438e-18
1.337421607102225153e+03 -2.010942333412829779e-18 2.403012274310580769e-19
1.338587815330893136e+03 -1.379837229856051487e-18 1.061572716824041676e-19
1.339754023559561119e+03 -9.977800134878487492e-19 2.834508315715269698e-21
1.340920231788229103e+03 -8.726011601144326927e-19 6.750331701087488959e-18
1.342086440016897086e+03 -8.726011601144326927e-19 3.035761406650651144e-21
1.343252648245565069e+03 -8.749525835588133826e-19 2.502169175123973896e-21
1.344418856474233053e+03 -8.726011601144326927e-19 4.502562281465381749e-18
1.345585064702901036e+03 -8.726011601144326927e-19 5.714206860417466581e-18
1.346751272931569019e+03 -8.689055391372132350e-19 2.135501468205518423e-21
1.347917481160237003e+03 -8.733711997914986995e-19 2.152578226663814120e-21
1.349083689388904986e+03 -8.762798293879036792e-19 2.162831662086208994e-21
1.350249897617572969e+03 -8.772323381557855660e-19 2.172294851554599774e-21
1.351416105846240953e+03 -8.839928816791503610e-19 2.195324813539994851e-21
1.352582314074908936e+03 -8.974215902342903251e-19 2.233281503256217079e-21
1.353748522303576920e+03 -8.794256567856802346e-19 2.221203706683674273e-21
1.354914730532244903e+03 -8.983341082052714751e-19 2.274238672083761272e-21
1.356080938760912886e+03 -9.178077150750782586e-19 2.301752532870357129e-21
1.357247146989580870e+03 -9.056563975210434582e-19 2.610214575580741999e-21
1.358413355218248853e+03 -8.700165288751861119e-19 2.246012912164610492e-21
1.359579563446916836e+03 -8.434481952585259142e-19 7.527458648129301382e-18
1.360745771675584820e+03 -8.434481952585259142e-19 3.262760927009046853e-18
1.361911979904252803e+03 -8.434481952585259142e-19 2.212480270336272986e-21
1.363078188132920786e+03 -8.434481952585259142e-19 5.116442855921944092e-18
1.364244396361588770e+03 -8.312750539270570023e-19 2.202558186038387528e-18
1.365410604590256753e+03 -8.312750539270570023e-19 7.737375028605054781e-18
1.366576812818924736e+03 -7.814508933787566142e-19 2.650874457531840549e-21
1.367743021047592720e+03 -8.489233414136586993e-19 2.701502763792640479e-21
1.368909229276260703e+03 -8.312750539270570023e-19 2.289618020787287867e-21
1.370075437504928686e+03 -2.128055207078023982e-18 2.715062008069075203e-19
1.371241645733596670e+03 -8.026058385262093623e-19 7.973498517249281801e-18
1.372407853962264653e+03 -8.457931814195706063e-19 3.230889570424472208e-21
1.373574062190932636e+03 -7.732389353426795063e-19 3.089021109801843136e-21
1.374740270419600620e+03 -7.732389353426795063e-19 8.048608926379983487e-18
1.375906478648268603e+03 -8.026058385262093623e-19 2.338401524105033634e-21
1.377072686876936586e+03 -8.026058385262093623e-19 6.913016844191054454e-18
1.378238895105604570e+03 -8.026058385262093623e-19 6.718677172459856651e-18
1.379405103334272553e+03 -8.574101891686032605e-19 2.487328413540682272e-21
1.380571311562940537e+03 -8.485030793396556238e-19 2.469690065926688195e-21
1.381737519791608520e+03 -8.116207730583113911e-19 2.425874128921584961e-21
1.382903728020276503e+03 -8.170069373986655093e-19 2.468335252450487609e-21
1.384069936248944487e+03 -8.229704530993881907e-19 2.478140148256752193e-21
1.385236144477612470e+03 -1.030981161774318526e-18 4.683758321820256881e-18
1.386402352706280453e+03 -8.170069373986655093e-19 5.169253046190552122e-18
1.387568560934948437e+03 -8.170069373986655093e-19 6.092353276814937676e-18
1.388734769163616420e+03 -7.512664092558983206e-19 3.592081463073134558e-18
1.389900977392284403e+03 -8.404630628548150382e-19 2.572090723383111687e-21
1.391067185620952387e+03 -8.601692612728318150e-19 3.206113856012383973e-21
1.392233393849620370e+03 -7.512664092558983206e-19 8.340960761024378190e-18
1.393399602078288353e+03 -7.512664092558983206e-19 2.849986403112256475e-21
1.394565810306956337e+03 -7.940009693369289142e-19 2.565265427424768050e-21
1.395732018535624320e+03 -8.378385013911540535e-19 3.040108180257394319e-21
1.396898226764292303e+03 6.281392324553358933e-18 6.069352666911102583e-18
1.398064434992960287e+03 6.281392324553358933e-18 6.233068052313880817e-18
1.399230643221628270e+03 6.281392324553358933e-18 7.031533279722132122e-18
1.400396851450296253e+03 6.281392324553358933e-18 5.748795680036071089e-18
1.401563059678964237e+03 6.281392324553358933e-18 5.735179891189928444e-18
1.402729267907632220e+03 -7.500567728845142457e-19 2.969322104029224083e-21
1.403895476136300204e+03 -7.500567728845142457e-19 4.563473245512561644e-18
1.405061684364968187e+03 -7.500567728845142457e-19 7.754139861366505822e-18
1.406227892593636170e+03 -7.500567728845142457e-19 3.452627634125151045e-18
1.407394100822304154e+03 -7.965585058039053482e-19 2.730494163589867659e-21
1.408560309050972137e+03 -7.746222281882010088e-19 2.713908266418607384e-21
1.409726517279640120e+03 -7.575581832533998874e-19 2.730006652003114745e-21
1.410892725508308104e+03 -6.063153355051496185e-18 3.795936652786073851e-19
1.412058933736976087e+03 -7.575581832533998874e-19 5.857154480025779751e-18
1.413225141965644070e+03 -7.575581832533998874e-19 3.821117608273811977e-18
1.414391350194312054e+03 -7.896407506250559047e-19 3.495188389568238934e-21
1.415557558422980037e+03 -7.896407506250559047e-19 9.155351565740549003e-18
1.416723766651648020e+03 -7.896407506250559047e-19 5.267578784746143906e-18
1.417889974880316004e+03 -3.870584132721637363e-18 5.140294486043039046e-18
1.419056183108983987e+03 -6.035630983025173904e-18 2.708929749920086238e-19
1.420222391337651970e+03 -6.311657922396088656e-18 3.165882397078131171e-21
1.421388599566319954e+03 -7.209163385010122864e-19 2.849188710856399437e-21
1.422554807794987937e+03 -7.142552604374482113e-19 3.276862508790708703e-21
1.423721016023655920e+03 -7.360545121389592958e-19 3.352439208394007495e-21
1.424887224252323904e+03 -7.501235394032858293e-19 2.943869914928006219e-21
1.426053432480991887e+03 -7.149109582154153420e-19 2.904999831207021051e-21
1.427219640709659870e+03 -7.501313824949814747e-19 3.016477628666879551e-21
1.428385848938327854e+03 -7.534561263970518819e-19 3.055748519396350799e-21
1.429552057166995837e+03 -7.362761386733661172e-19 3.046487903882207422e-21
1.430718265395663821e+03 -7.143040670807305467e-19 3.025834656213688043e-21
1.431884473624331804e+03 -7.485755741296619063e-19 3.764950154392304883e-21
1.433050681852999787e+03 -3.162966672929703288e-18 4.433955395736620872e-19
1.434216890081667771e+03 -2.049192906814496510e-18 1.526860671620303711e-19
1.435383098310335754e+03 -7.671544782993029883e-19 3.182993766926977918e-21
1.436549306539003737e+03 -6.578825169124531311e-19 2.992753177143145430e-21
1.437715514767671721e+03 -6.727902011067465458e-19 3.492595273672422564e-21
1.438881722996339704e+03 -6.727902011067465458e-19 5.088660590666448317e-18
1.440047931225007687e+03 -8.275767850975528854e-18 1.122121850533970805e-18
1.441214139453675671e+03 -6.571753753778810719e-19 6.485105572194694875e-18
1.442380347682343654e+03 -6.571753753778810719e-19 3.661848861369009587e-18
1.443546555911011637e+03 -2.980442838638340971e-18 2.517008106200055157e-21
1.444712764139679621e+03 -6.436432466837996436e-19 3.130771978407775244e-21
1.445878972368347604e+03 -6.571753753778810719e-19 3.827751102071965767e-21
1.447045180597015587e+03 -6.869535452879549639e-19 3.749355974826497679e-21
1.448211388825683571e+03 -6.301187671250667105e-19 3.197965666049991663e-21
1.449377597054351554e+03 -6.649995305762171771e-19 3.290783231596285713e-21
1.450543805283019537e+03 -6.713778950001376352e-19 3.791981509284954929e-21
1.451710013511687521e+03 -8.891700041231619649e-18 3.344657773793355160e-21
1.452876221740355504e+03 -8.816043895165439354e-18 3.378385517807086648e-21
1.454042429969023488e+03 -6.479670202371774590e-18 4.100843037828749437e-19
1.455208638197691471e+03 -4.172470053491539358e-18 2.483156414353287162e-21
1.456374846426359454e+03 -6.192298892681351862e-19 1.005725785922930923e-17
1.457541054655027438e+03 -5.974292819018387900e-19 3.379347963466781441e-21
1.458707262883695421e+03 -5.052490377544708472e-19 3.707583561246179451e-21
1.459873471112363404e+03 -6.192298892681351862e-19 3.440159560522899727e-21
1.461039679341031388e+03 -6.054001416970928086e-19 4.728236751351941355e-18
1.462205887569699371e+03 -4.255282566237124287e-18 1.824124562628002246e-19
1.463372095798367354e+03 -6.130432123768730313e-19 3.484598557060330558e-21
1.464538304027035338e+03 -6.241220588933470374e-19 3.523275824007719519e-21
1.465704512255703321e+03 -6.054001416970928086e-19 4.021106693305076327e-21
1.466870720484371304e+03 -6.017292135341682908e-19 3.567018997004904467e-21
1.468036928713039288e+03 -6.054001416970928086e-19 5.996613237895152250e-18
1.469203136941707271e+03 -6.035144519357794771e-19 1.039777177518035976e-17
1.470369345170375254e+03 -6.284396874097915055e-19 4.415285295360780066e-21
1.471535553399043238e+03 -6.035144519357794771e-19 4.142410758985297359e-21
1.472701761627711221e+03 -6.152463238183372888e-19 4.441997772495222267e-21
1.473867969856379204e+03 -5.908146465700003903e-19 4.174690564539981052e-21
1.475034178085047188e+03 -6.216413170827850515e-19 3.763840967300173724e-21
1.476200386313715171e+03 -1.665500001102529524e-18 2.969554290099983016e-18
1.477366594542383154e+03 -5.781352091980270049e-19 3.798032464668923462e-18
1.478532802771051138e+03 -5.781352091980270049e-19 3.787744354780194299e-21
1.479699010999719121e+03 -5.746198719143834084e-19 3.781408128663129562e-21
1.480865219228387105e+03 -5.053533647672014631e-19 3.688011795023328562e-21
1.482031427457055088e+03 -5.746198719143834084e-19 6.329749150570144707e-18
1.483197635685723071e+03 -2.023424123456756500e-18 3.098185761677518926e-21
1.484363843914391055e+03 -1.820770563031489059e-18 2.840787185772972338e-21
1.485530052143059038e+03 -4.993604319018941086e-19 6.466378859439619877e-18
1.486696260371727021e+03 -5.949590837902859067e-18 4.019721260819091444e-21
1.487862468600395005e+03 -4.733538142036157444e-19 6.926513232004233251e-18
1.489028676829062988e+03 -4.993604319018941086e-19 3.923024111201738649e-21
1.490194885057730971e+03 -4.733538142036157444e-19 3.901254294094153938e-21
1.491361093286398955e+03 -4.650776954085989009e-19 3.917840768980034605e-21
1.492527301515066938e+03 -4.733538142036157444e-19 1.202390732181164711e-17
1.493693509743734921e+03 -7.275399509652305271e-19 3.884883840114845768e-21
1.494859717972402905e+03 -5.626757483640205350e-19 5.016246869712159658e-21
1.496025926201070888e+03 -5.095266739062995148e-19 4.629064556866090345e-21
1.497192134429738871e+03 -4.469893165835338808e-19 4.079499083870833924e-21
1.498358342658406855e+03 -1.465582396317792553e-18 3.130520840368786396e-21
1.499524550887074838e+03 -5.198344924205752435e-19 4.274134676579081416e-21
1.500690759115742821e+03 -4.771929238447564202e-19 4.220570996842439232e-21
1.501856967344410805e+03 -4.973868973786808946e-19 4.314692174050964542e-21
1.503023175573078788e+03 -4.880967449474851223e-19 4.347070956566053971e-21
1.504189383801746771e+03 -4.880967449474851223e-19 7.417859653004849769e-18
1.505355592030414755e+03 -4.146004388195645478e-18 4.297375698504954827e-21
1.506521800259082738e+03 -4.880967449474851223e-19 3.786657768548948171e-18
1.507688008487750722e+03 -3.660952188431656044e-19 4.861427084049208365e-21
1.508854216716418705e+03 -2.082409968053990956e-18 3.113232902153748710e-21
1.510020424945086688e+03 -3.698589440479115260e-18 4.411925806786299595e-21
1.511186633173754672e+03 -4.237678781195902649e-19 1.155752603279220361e-17
1.512352841402422655e+03 -4.237678781195902649e-19 4.507497117541564392e-21
1.513519049631090638e+03 -4.478814072608240592e-19 4.611840342731584819e-21
1.514685257859758622e+03 -4.710388183698976839e-19 5.354557627949733127e-21
1.515851466088426605e+03 -3.288181492120023965e-19 5.219874721944925239e-21
1.517017674317094588e+03 -4.167341737973126305e-19 5.171908689506649141e-21
1.518183882545762572e+03 -5.137360094098108457e-19 4.922632302406615179e-21
1.519350090774430555e+03 -6.204246933106244082e-19 5.521776790577974361e-21
1.520516299003098538e+03 -3.904440569051419461e-19 5.591981249798688716e-21
1.521682507231766522e+03 -3.642063971065947297e-19 5.265781587705541402e-21
1.522848715460434505e+03 -4.797122435281933448e-19 5.060313627315943276e-21
1.524014923689102488e+03 -7.895499270873201266e-19 3.693028946524103986e-21
1.525181131917770472e+03 -4.075584142868993874e-19 7.159272867652540345e-18
1.526347340146438455e+03 -1.037723638618594123e-18 5.487255695175794809e-21
1.527513548375106438e+03 -3.659239220565512159e-19 5.898357726640735848e-21
1.528679756603774422e+03 -4.075584142868993874e-19 5.619884742204725580e-21
1.529845964832442405e+03 -1.031483459587603600e-18 3.084415240476535419e-21
1.531012173061110389e+03 -1.030152078500939826e-18 3.676039892111531957e-21
1.532178381289778372e+03 -3.644746067155418525e-19 5.274128799297922995e-21
1.533344589518446355e+03 -3.512562113683233524e-19 6.034610886478189265e-21
1.534510797747114339e+03 -3.777514537385499167e-19 5.367010860435726066e-21
1.535677005975782322e+03 -4.128635007552911650e-19 4.245549742721977216e-21
1.536843214204450305e+03 -3.260424579237853229e-19 5.383072201407791734e-21
1.538009422433118289e+03 -4.430842103951354668e-19 5.635288522553632035e-21
1.539175630661786272e+03 -4.105997533693468683e-19 4.372601580061703120e-21
1.540341838890454255e+03 -2.448745790960648613e-19 4.348048724330789873e-21
1.541508047119122239e+03 -3.734000060306449085e-19 6.169951022475591561e-21
1.542674255347790222e+03 -4.189982272913934714e-19 6.822229394400175765e-21
1.543840463576458205e+03 -3.638035175175503375e-19 7.328176729885089251e-21
1.545006671805126189e+03 -8.279777199656632459e-20 4.556946314113924080e-21
1.546172880033794172e+03 -2.876901143760854531e-19 5.791589896627775403e-21
1.547339088262462155e+03 -5.117454525230793619e-20 8.436947343662206199e-18
1.548505296491130139e+03 -4.308416101160723308e-20 4.341272275030895270e-21
1.549671504719798122e+03 1.522202805225852060e-20 4.749863259722542883e-21
1.550837712948466105e+03 -5.117454525230793619e-20 5.432070325406813132e-21
1.552003921177134089e+03 4.978280028742909425e-19 4.347317550035878871e-21
1.553170129405802072e+03 5.993164330161929059e-20 4.584016496069481060e-21
1.554336337634470055e+03 -5.088509082834097586e-20 5.013194270606259119e-21
1.555502545863138039e+03 -2.549780374310205129e-19 7.184082903533336504e-21
1.556668754091806022e+03 -3.324003164231445272e-19 6.772518258910373701e-21
1.557834962320474006e+03 -4.379309528974048939e-19 6.628919327207830888e-21
1.559001170549141989e+03 -4.501232288497335876e-19 7.630112374068782448e-21
1.560167378777809972e+03 2.739982630686737035e-19 5.176641737898065209e-21
1.561333587006477956e+03 -3.126684261937552025e-19 4.134404975746157761e-21
1.562499795235145939e+03 -3.126684261937552025e-19 4.281363770433328572e-21
1.563666003463813922e+03 7.051983241102434002e-19 4.184945537338779733e-21
1.564832211692481906e+03 -3.126684261937552025e-19 6.836307227881224353e-21
1.565998419921149889e+03 -3.995128271291031608e-19 7.068070059351892916e-21
1.567164628149817872e+03 8.926627115492217334e-19 4.205125598766773017e-21
1.568330836378485856e+03 4.813339737661578425e-19 5.713773764129530900e-21
1.569497044607153839e+03 5.648996333671532092e-19 5.763488349754370401e-21
1.570663252835821822e+03 8.240652284102794163e-19 6.169884524603239117e-21
1.571829461064489806e+03 9.262336994127774169e-19 5.670814024954499292e-21
1.572995669293157789e+03 5.116450125150012390e-19 5.387578909864073994e-21
1.574161877521825772e+03 6.740679012039548843e-19 5.841206279944401467e-21
1.575328085750493756e+03 6.194153437291478839e-19 6.445432248369847883e-21
1.576494293979161739e+03 6.194153437291478839e-19 7.195698897611147378e-21
1.577660502207829722e+03 -4.724600684753704431e-19 8.027550837020247928e-21
1.578826710436497706e+03 5.837746600875878085e-19 5.832815234595008465e-21
1.579992918665165689e+03 -4.034029654782139863e-19 8.017326445276003395e-21
1.581159126893833673e+03 1.327567525836398202e-18 5.869017231297089268e-21
1.582325335122501656e+03 1.319508438001594406e-18 6.098903594856421724e-21
1.583000000000000000e+03 1.615255191746330983e-18 3.905190339433941215e-21
1.583491543351169639e+03 1.830728614127237129e-18 5.081665705487214725e-21
1.584657751579837623e+03 1.687014027264365494e-18 4.902702401131763754e-21
1.585823959808505606e+03 6.870738576428903630e-19 6.248739098144565106e-21
1.586096319438977389e+03 7.149018501585799043e-19 4.991955349625226641e-21
1.586990168037173589e+03 8.062296621016939363e-19 6.027186788033444497e-21
1.588156376265841573e+03 1.916419089354194263e-18 5.263334489244112117e-21
1.589192638877954778e+03 2.047346955991069855e-18 4.342282700502933948e-21
1.589322584494509556e+03 2.063765093019699878e-18 4.842021753345671349e-21
1.590488792723177539e+03 2.063765093019699878e-18 8.264364778419255988e-21
1.591655000951845523e+03 2.241725797779928689e-18 6.379345928979994227e-21
1.592288958316932167e+03 2.272942296068423225e-18 4.089956586535547768e-21
1.592821209180513506e+03 2.299150679638321768e-18 5.284056128060695465e-21
1.593987417409181489e+03 1.903071865371813567e-18 5.440339616215541023e-21
1.595153625637849473e+03 2.241725797779928689e-18 9.704806785504568846e-21
1.595385277755909556e+03 2.088139774626527942e-18 7.908716989661066009e-21
1.596319833866517456e+03 1.911169730618457953e-18 7.234251506963866770e-21
1.597486042095185439e+03 2.088139774626527942e-18 6.558623255698016278e-21
1.598481597194886945e+03 2.047185038779306805e-18 4.859263332892035636e-21
1.598652250323853423e+03 2.040164769486757553e-18 5.580087083026161420e-21
1.599818458552521406e+03 -3.102720622478069471e-19 9.398494218919471905e-21
1.600984666781189389e+03 2.051018901415984953e-18 8.742807689778454802e-21
1.601577916633864334e+03 2.047185038779306805e-18 5.623861624975153900e-21
1.602150875009857373e+03 3.260213894370296717e-18 7.136095357551434570e-21
1.603317083238525356e+03 2.051018901415984953e-18 7.106640086997413407e-21
1.604483291467193339e+03 1.988211672772106257e-18 7.140596801507771606e-21
1.604674236072841722e+03 2.026828355599197945e-18 6.077506698293669721e-21
1.605649499695861323e+03 2.224065929939798926e-18 6.903904331329941562e-21
1.606815707924529306e+03 2.336069895545639713e-18 6.833608324426534785e-21
1.607770555511819111e+03 2.331372596244363177e-18 4.996072024402864586e-21
1.607981916153197290e+03 2.330332826433324398e-18 5.911516277164789958e-21
1.609148124381865273e+03 2.115010345061216458e-18 7.439167885186466484e-21
1.610314332610533256e+03 2.373067096091743172e-18 7.020988863227744762e-21
1.610866874950796500e+03 2.334583584644154450e-18 6.987936962641582895e-18
1.611480540839201240e+03 2.334583584644154450e-18 1.474530976482958728e-17
1.612646749067869223e+03 2.334583584644154450e-18 1.155955912419637783e-17
1.613812957296537206e+03 2.334583584644154450e-18 6.031661095746642370e-21
1.613963194389773889e+03 2.331959385591118622e-18 5.331723853347043234e-21
1.614979165525205190e+03 2.314213263631454873e-18 7.012615462168919195e-21
1.616145373753873173e+03 1.964648748479454440e-18 6.778493948198214487e-21
1.617059513828751278e+03 1.913547400964815941e-18 5.598545073981537010e-21
1.617311581982541156e+03 1.899456478813441178e-18 6.893397114083631068e-21
1.618477790211209140e+03 1.745231315307161907e-18 6.896373797009251781e-21
1.619643998439877123e+03 2.048784292052198676e-18 6.946794428282733232e-21
1.620155833267728667e+03 1.494267002412649944e-18 5.167314589829518117e-21
1.620810206668545106e+03 7.853246373502002467e-19 7.729167340016706367e-21
1.621976414897213090e+03 7.434197873750510353e-19 8.579679112270625688e-21
1.623142623125881073e+03 1.641663859272956233e-18 7.014745586189596349e-21
1.623252152706706056e+03 1.668895083761291331e-18 6.382471199691822656e-21
1.624308831354549056e+03 1.931606816239537379e-18 6.191620258544128827e-21
1.625475039583217040e+03 1.650487715423487362e-18 6.536037866064732659e-21
1.626348472145683445e+03 1.177437157303521623e-18 7.096027854204204526e-21
1.626641247811885023e+03 1.018869932583684184e-18 9.217837642992348292e-21
1.627807456040553006e+03 -5.731587542187236134e-19 1.149732175313056633e-20
1.628973664269220990e+03 4.648716217526020953e-19 7.944220418482165128e-21
1.629444791584660834e+03 8.598353049468770999e-19 5.409068597949661901e-21
1.630139872497888973e+03 1.442547291998144235e-18 6.473317222947959775e-21
1.631306080726556957e+03 1.334396173741365282e-18 6.464478504639754606e-21
1.632472288955224940e+03 1.171250290523976429e-18 6.891519933920697040e-21
1.632541111023638223e+03 1.164156839802797300e-18 6.503368051573400836e-21
1.633638497183892923e+03 1.051049633876693230e-18 8.315532437355247396e-21
1.634804705412560907e+03 1.278981842456863658e-18 7.937722292103075799e-21
1.635637430462615612e+03 2.307123542865526505e-19 6.722813030328603892e-21
1.635970913641228890e+03 -1.890905905362923161e-19 8.862242256050936832e-21
1.637137121869896873e+03 -2.755646486632896814e-19 8.506576679749150890e-21
1.638303330098564857e+03 4.688018897417462137e-19 7.073531651173263718e-21
1.638733749901593001e+03 4.978244927163959752e-19 5.105044443963833747e-21
1.639469538327232840e+03 5.474378086526446703e-19 6.716183039950393406e-21
1.640635746555900823e+03 3.553829579840723015e-19 6.929277379701224391e-21
1.641801954784568807e+03 -6.994701522982201641e-19 9.125631445441539191e-21
1.641830069340570390e+03 -6.981647338936404108e-19 8.908418824398073757e-21
1.642968163013236790e+03 -6.453203108096990606e-19 9.239351730456960599e-21
1.644134371241904773e+03 -9.683442613016928664e-20 7.149720852307773292e-21
1.644926388779547779e+03 -6.418427095140156730e-19 6.660740781958410254e-21
1.645300579470572757e+03 -8.993331827849380962e-19 9.207565759631631505e-21
1.646466787699240740e+03 -8.469912315793043180e-19 9.742060541003200919e-21
1.647632995927908723e+03 -4.626631472671959786e-19 7.984971505666316575e-21
1.648022708218525167e+03 -6.370197195639815928e-19 6.123875964286790809e-21
1.648799204156576707e+03 -9.844230755383149437e-19 9.094053270814910303e-21
1.649965412385244690e+03 -9.048420034067962562e-19 6.996256437243467229e-21
1.651119027657502556e+03 -1.157653509761913139e-18 7.739795044103784480e-21
1.651131620613912673e+03 -1.160413219400443023e-18 7.823910529109617826e-21
1.652297828842580657e+03 -1.427323231230718107e-18 7.670787105462845329e-21
1.653464037071248640e+03 -1.472562614301427106e-18 7.251487592643876182e-21
1.654215347096479945e+03 -1.650693627224612442e-18 5.426456888962326478e-21
1.654630245299916623e+03 -1.749063677372484395e-18 7.410326353668030609e-21
1.655796453528584607e+03 -1.946232706531653198e-18 7.626359149383572569e-21
1.656962661757252590e+03 -1.988574058249985685e-18 8.055555786702291354e-21
1.657311666535457334e+03 -2.139575985900258334e-18 6.204204149016640809e-21
1.658128869985920574e+03 -2.493152518008563206e-18 8.602872587828146633e-21
1.659295078214588557e+03 -2.198184004327002303e-18 1.020460347685522284e-20
1.660407985974434723e+03 -1.137963561929686888e-18 1.206336451116850854e-20
1.660461286443256540e+03 -1.087186393333623738e-18 1.263166386523300582e-20
1.661627494671924524e+03 -1.228667275411987393e-18 1.288593878698108229e-20
1.662793702900592507e+03 -4.178484241538029408e-18 1.011159718373602782e-20
1.663504305413412112e+03 -3.170989690510527644e-18 7.071321794001614660e-21
1.663959911129260490e+03 -2.525029995774001294e-18 9.625410709866666892e-21
1.665126119357928474e+03 -1.215235406413461179e-18 1.293212326227164602e-20
1.666292327586596457e+03 -3.384395699103134691e-18 9.864656208630216791e-21
1.666600624852389501e+03 -3.408188351492346570e-18 7.642493237462411217e-21
1.667458535815264440e+03 -3.474398505706349906e-18 9.067415972849981449e-21
1.668624744043932424e+03 -3.407812745415835697e-18 9.799445973291770243e-21
1.669696944291366890e+03 -4.994916404451940661e-18 7.621520342256599635e-21
1.669790952272600407e+03 -5.134069886907089005e-18 8.245111481382466011e-21
1.670957160501268390e+03 -5.147451861428792084e-18 8.011759685349835453e-21
1.672123368729936374e+03 -6.208208281356801169e-18 7.906796062677306361e-21
1.672793263730344279e+03 -6.251025986017383946e-18 6.164099518194542273e-21
1.673289576958604357e+03 -6.282748193420981918e-18 8.990968892826677039e-21
1.674455785187272340e+03 -6.243176173669450256e-18 7.474318007420939970e-21
1.675621993415940324e+03 -6.404324071676812155e-18 8.122705179484004002e-21
1.675889583169321668e+03 -6.582000221069887917e-18 6.575872123803824634e-21
1.676788201644608307e+03 -7.178670095862552259e-18 8.790078420888265992e-21
1.677954409873276290e+03 -5.571051082268395210e-18 9.760376347389100603e-21
1.678985902608299057e+03 -1.969505831582697976e-18 1.329886445635933676e-20
1.679120618101944274e+03 -1.499135206178810910e-18 1.498159567603388593e-20
1.680286826330612257e+03 -7.169618955698126938e-18 9.261611210764197268e-21
1.681453034559280241e+03 -1.989613997138455496e-18 1.409354097927536651e-20
1.682082222047276446e+03 -5.417787659415869530e-18 8.081945463980976959e-21
1.682619242787948224e+03 -8.343783803448152135e-18 8.927633212302930006e-21
1.683785451016616207e+03 -8.329912277330860725e-18 9.645065509923414595e-21
1.684951659245284191e+03 -9.417954430316673116e-18 8.814358374515025319e-21
1.685178541486253835e+03 -9.752442911445830142e-18 7.285247919792921055e-21
1.686117867473952174e+03 -1.113727508657597897e-17 8.400956886091918033e-21
1.687284075702620157e+03 -1.007977148611076037e-17 8.666740564323911764e-21
1.688274860925231224e+03 -1.160122856909061081e-17 7.263797332626368719e-21
1.688450283931288141e+03 -1.187060910140742617e-17 8.411057959306088118e-21
1.689616492159956124e+03 -1.071848555421356492e-17 9.849887528449867573e-21
1.690782700388624107e+03 -2.353090234289066977e-18 1.469236726519742290e-20
1.691371180364208612e+03 -5.585534478412554940e-18 8.931601140633674733e-21
1.691948908617292091e+03 -8.758919764089226447e-18 1.025869526628255317e-20
1.693115116845960074e+03 -1.208408670673719645e-17 8.851607955593832054e-21
1.694281325074628057e+03 -1.378970118335805653e-17 8.324622635891039563e-21
1.694467499803186001e+03 -1.383582783621757572e-17 7.133155751100924433e-21
1.695447533303296041e+03 -1.407863935140217877e-17 8.730431511582147899e-21
1.696613741531964024e+03 -1.511684697638778121e-17 8.552113592189528249e-21
1.697563819242163390e+03 -1.505636448189145357e-17 7.637018826281309778e-21
1.697779949760632007e+03 -1.504260543309544321e-17 9.170242502939809886e-21
1.698946157989299991e+03 -1.195099438894193788e-17 1.135565977536089013e-20
1.700112366217967974e+03 -1.365288952290556140e-17 1.208048319441012901e-20
1.700660138681140779e+03 -1.560582584764897300e-17 7.892548289961638650e-21
1.701278574446635957e+03 -1.781069373474830951e-17 9.814783967571986230e-21
1.702444782675303941e+03 -1.806476333759389407e-17 1.040516453974070054e-20
1.703610990903971924e+03 -1.071902984646490694e-17 1.419860312568721593e-20
1.703756458120118168e+03 -1.059512003555968893e-17 1.253208913432575750e-20
1.704777199132639907e+03 -9.725649561716477249e-18 1.295076036538648031e-20
1.705943407361307891e+03 -9.915721543596712082e-18 1.354061897404786245e-20
1.706852777559095557e+03 -1.275956878494152810e-17 1.091853548292415568e-20
1.707109615589975874e+03 -1.356276921883826087e-17 1.346993472804298139e-20
1.708275823818643858e+03 -2.091277844765246361e-17 1.069534252946478898e-20
1.709442032047311841e+03 -3.269162263529262891e-18 2.228574568225121114e-20
1.709949096998072946e+03 -4.160833962497526184e-18 1.372011102794719808e-20
1.710608240275979824e+03 -5.319935855332473235e-18 1.250942425589455054e-20
1.711774448504647808e+03 -2.909357221778181808e-17 5.763981477528919410e-17
1.713045416437050335e+03 -3.244752036032062973e-17 7.278242503690339737e-17
1.716141735876027724e+03 -1.122242448351912065e-16 6.911041368552273968e-17
1.719238055315005113e+03 -7.507156685559216382e-18 7.071454568972038140e-17
1.722334374753982502e+03 -3.523668379936810461e-17 6.855916308490560371e-17
1.725430694192959891e+03 -1.621697866179590854e-16 6.317499182750625945e-17
1.728527013631937280e+03 2.747517153150778945e-17 6.695688300651060368e-17
1.731623333070914668e+03 1.710325029002656712e-17 6.445660612905679943e-17
1.734719652509892057e+03 2.054384508725194003e-17 6.371793622425307626e-17
1.737815971948869446e+03 -5.474084117401647333e-17 6.025995866930665335e-17
1.740912291387846835e+03 -3.652808146352265070e-17 5.952178441383604443e-17
1.744008610826824224e+03 3.237942805339198333e-17 5.942983598475152704e-17
1.747104930265801613e+03 -5.943495691752595686e-17 5.610667497625577557e-17
1.750201249704779002e+03 1.665902520799531779e-17 5.747314939181943896e-17
1.753297569143756391e+03 -3.079876819617675254e-17 5.477281535285344524e-17
1.756393888582733780e+03 -4.330056917749788244e-18 5.458472559306690794e-17
1.759490208021711169e+03 3.508898897657130821e-17 5.405065222314122662e-17
1.762586527460688558e+03 4.009754086505079855e-17 5.333324268004827938e-17
1.765682846899665947e+03 -4.732895229896893092e-17 4.908902712628267681e-17
1.768779166338643336e+03 -5.196610126885681028e-17 4.878165777601388092e-17
1.771875485777620725e+03 -7.073143906843460532e-17 4.654967896390400597e-17
1.774971805216598113e+03 -1.664271603154755210e-17 4.706720697264106491e-17
1.778068124655575502e+03 -1.655080872532511627e-17 4.708278413732137081e-17
1.781164444094552891e+03 1.725337863854595627e-18 4.747347638419531082e-17
1.784260763533530280e+03 -4.499631893251769956e-18 4.671980945989001985e-17
1.787357082972507669e+03 4.783162287300967848e-18 4.512279965407841788e-17
1.790453402411485058e+03 2.760860426195851756e-17 4.481926183585766245e-17
1.793549721850462447e+03 -1.907355981078903198e-17 4.318413912559589352e-17
1.796646041289439836e+03 -3.394081929660312964e-17 4.200903705635401756e-17
1.799742360728417225e+03 2.671573704969417789e-17 4.295401132493870981e-17
1.802838680167394614e+03 1.681669367477271301e-17 4.305123928206653083e-17
1.805934999606372003e+03 -9.923469798245218548e-18 4.024947168779000473e-17
1.809031319045349392e+03 -3.681288511226414396e-18 3.973193115051631770e-17
1.812127638484326781e+03 1.608678189818704711e-17 3.987301046721559316e-17
1.815223957923304170e+03 5.305276461058259387e-18 3.822994483111216929e-17
1.818320277362281558e+03 6.718201715591923136e-17 4.093219574133942455e-17
1.821416596801258947e+03 2.680176362440266552e-17 3.835170254282535282e-17
1.824512916240236336e+03 5.858668968334145653e-17 3.911473535424547771e-17
1.827609235679213725e+03 2.236460918716429620e-17 3.757933701961196077e-17
1.830705555118191114e+03 6.041493386119926354e-18 3.568877727819293954e-17
1.833801874557168503e+03 1.638972968005654806e-17 3.586231537889641419e-17
1.836898193996145892e+03 -8.204747387141096780e-18 3.413514528460756455e-17
1.839994513435123281e+03 -1.757236695029616673e-17 3.427397980380217480e-17
1.843090832874100670e+03 -4.548702686530577434e-17 3.263177138372220456e-17
1.846187152313078059e+03 5.841648898251097794e-18 3.447699543806514737e-17
1.849283471752055448e+03 -9.892247156979216174e-18 3.363356792054531922e-17
1.852379791191032837e+03 3.555102265769291939e-17 3.374600940852505737e-17
1.855476110630010226e+03 2.165862888306891926e-17 3.304325550227047092e-17
1.858572430068987615e+03 1.540254164921170753e-17 3.260951870720750236e-17
1.861668749507965003e+03 -1.008474094928909820e-17 3.143221161643891525e-17
1.864765068946942392e+03 -3.221798236349814283e-17 3.085089978723009724e-17
1.867861388385919781e+03 -1.077488591939387402e-17 3.083130441951916120e-17
1.870957707824897170e+03 3.333554593773887437e-17 3.157963904683595588e-17
1.874054027263874559e+03 4.404470573322541769e-17 3.187219079571827666e-17
1.877150346702851948e+03 9.174437005092403677e-18 3.069989962543131263e-17
1.880246666141829337e+03 8.203341965632711917e-18 3.042429642623955028e-17
1.883342985580806726e+03 3.320917704820292434e-17 3.087384560733160576e-17
1.886439305019784115e+03 -1.633584332704581654e-17 2.830877038445433650e-17
1.889535624458761504e+03 3.150535428948599034e-17 2.954928784122630772e-17
1.892631943897738893e+03 1.824590882808596454e-17 2.944855219130439107e-17
1.895728263336716282e+03 -4.547933891794074325e-17 2.716767733014767615e-17
1.898824582775693671e+03 -1.243834388983573289e-17 2.765520247471400982e-17
1.901920902214671059e+03 -4.163727091633916536e-17 2.630812088567599116e-17
1.905017221653648448e+03 5.669863596712768748e-18 2.690465769514789898e-17
1.908113541092625837e+03 -1.423912640046247512e-19 2.704347256570185643e-17
1.911209860531603226e+03 -2.091345532774993010e-17 2.612473096462267568e-17
1.914306179970580615e+03 1.040918071664310272e-17 2.672165373299786961e-17
1.917402499409558004e+03 -3.408783592664007031e-17 2.525639006250289105e-17
1.920498818848535393e+03 -2.666391402265443162e-17 2.477090229393838041e-17
1.923595138287512782e+03 4.057144669954330053e-18 2.569418444297495139e-17
1.926691457726490171e+03 9.323808379771615935e-20 2.520026548003027021e-17
1.929787777165467560e+03 9.404400798013085142e-18 2.511346118626288819e-17
1.932884096604444949e+03 3.547000149144220737e-17 2.595519546208220523e-17
1.935980416043422338e+03 4.235959654310315965e-18 2.486697298994024656e-17
1.939076735482399727e+03 -5.313836138883378463e-18 2.422577654083466916e-17
1.942173054921377116e+03 9.498347723171339756e-19 2.423015812930251570e-17
1.945269374360354504e+03 4.272850656666608297e-17 2.566374432824559595e-17
1.948365693799331893e+03 4.067052066348457496e-17 2.508686536376461765e-17
1.951462013238309282e+03 1.409539484326549216e-17 2.382633425812441831e-17
1.954558332677286671e+03 1.484625670200182297e-17 2.394956243485589250e-17
1.957654652116264060e+03 -8.648541130490890214e-18 2.288166083238492671e-17
1.960750971555241449e+03 -3.627669277115059095e-17 2.203979045663541126e-17
1.963847290994218838e+03 -1.722241311239545342e-17 2.239326762103966394e-17
1.966943610433196227e+03 6.544958152576115199e-18 2.307829075676693763e-17
1.970039929872173616e+03 4.345374239996197421e-18 2.236798267153660513e-17
1.973136249311151005e+03 2.876680066187917336e-17 2.252361684530324430e-17
1.976232568750128394e+03 2.719737759135846601e-17 2.230475724201040271e-17
1.979328888189105783e+03 -2.953546403171687508e-19 2.147972444261438372e-17
1.982425207628083172e+03 1.132401150147931503e-17 2.191719294438622555e-17
1.985521527067060561e+03 -2.789720771414238014e-18 2.107490786038526555e-17
1.988617846506037949e+03 4.401187330026393383e-18 2.130745752397413003e-17
1.991714165945015338e+03 2.415915704174254193e-18 2.102439853232844931e-17
1.994810485383992727e+03 1.053019597917487180e-17 2.085920118467286966e-17
1.997906804822970116e+03 -4.086283991451891371e-18 2.052360254822195498e-17
2.001003124261947505e+03 -3.414399983949986966e-17 1.900441928366870728e-17
2.004099443700924894e+03 -3.076686422681202542e-17 1.873681284906543277e-17
2.007195763139902283e+03 7.547632298714847809e-18 2.022004929812221283e-17
2.010292082578879672e+03 7.582667962486695647e-18 1.989535534294279102e-17
2.013388402017857061e+03 3.198451661423952984e-17 2.049707092287853472e-17
2.016484721456834450e+03 1.286026273010417930e-17 1.948335991785941774e-17
2.019581040895811839e+03 -3.848779358964475922e-18 1.859240347152484573e-17
2.022677360334789228e+03 1.597186936780744961e-17 1.914737363509807851e-17
2.025773679773766617e+03 1.687993988043832562e-17 1.921728251655361157e-17
2.028869999212744005e+03 3.577291454941194369e-17 1.992537883989188449e-17
2.031966318651721394e+03 -9.604066123909305975e-18 1.804059910350284775e-17
2.035062638090698783e+03 2.808057981587047966e-18 1.857399264994240504e-17
2.038158957529676172e+03 1.241941891160330564e-17 1.864093689645924477e-17
2.041255276968653561e+03 2.331775076972886566e-17 1.872500146525047391e-17
2.044351596407630950e+03 -2.604190853438862216e-17 1.692264477032339472e-17
2.047447915846608339e+03 -1.147905497261458857e-17 1.705269632812663865e-17
2.050544235285585728e+03 1.257905166041999974e-17 1.736290114550258343e-17
2.053640554724563117e+03 1.522366040748780273e-17 1.759198968919360925e-17
2.056736874163540506e+03 2.753811287633904086e-17 1.804934724457004889e-17
2.059833193602517895e+03 3.256600692726856407e-18 1.714938395844611465e-17
2.062929513041495284e+03 -2.670759185365592246e-17 1.565113460392193870e-17
2.066025832480472673e+03 3.452392410492959907e-17 1.767270198210727471e-17
2.069122151919450062e+03 4.662501649897151181e-17 1.763274422148111494e-17
2.072218471358427450e+03 -1.831630922674362849e-18 1.603168362967127498e-17
2.075314790797404839e+03 2.724393178141344872e-19 1.590660033980936740e-17
2.078411110236382228e+03 1.005652995431743744e-17 1.645635321363680929e-17
2.081507429675359617e+03 -9.200514312045722935e-18 1.538401130648100046e-17
2.084603749114337006e+03 -1.900080638821616231e-17 1.491613699470456083e-17
2.087700068553314395e+03 -3.354264701222584174e-18 1.533871466067469897e-17
2.090796387992291784e+03 1.324445169235286996e-17 1.580926414842491595e-17
2.093892707431269173e+03 3.125374948046027365e-18 1.537041262059747175e-17
2.096989026870246562e+03 -5.113044075133566017e-18 1.470732752619037309e-17
2.100085346309223951e+03 -1.228496625032643783e-17 1.451701789250089016e-17
2.103181665748201340e+03 -3.087565523627583516e-18 1.460681033361500809e-17
2.106277985187178729e+03 -7.016751421416717364e-18 1.416159688087587128e-17
2.109374304626156118e+03 3.427952946024445518e-18 1.471245709640759131e-17
2.112470624065133507e+03 6.788992648123290943e-18 1.488312048881865837e-17
2.115566943504110895e+03 -1.403237872824717607e-17 1.383626377141574748e-17
2.118663262943088284e+03 8.332978038055186466e-18 1.445302800505564339e-17
2.121759582382065673e+03 1.142356047339017769e-17 1.450407710793204783e-17
2.124855901821043062e+03 2.600852229866932383e-17 1.477294642872676755e-17
2.127952221260020451e+03 -2.372710970215123208e-17 1.304329785882016762e-17
2.131048540698997840e+03 4.551784508333406981e-18 1.390712152767279378e-17
2.134144860137975229e+03 -1.308150407190634827e-17 1.327134577102572389e-17
2.137241179576952618e+03 1.160788649363477931e-17 1.383372239806499890e-17
2.140337499015930007e+03 1.357572106460714564e-17 1.396068933867918798e-17
2.143433818454907396e+03 -1.007778036456843212e-18 1.351180503476545280e-17
2.146530137893884785e+03 7.692104243830268714e-18 1.363634318403287467e-17
2.149626457332862174e+03 2.720977647733773772e-17 1.402677006337918899e-17
2.152722776771839563e+03 3.123539750428035300e-17 1.408272796655053654e-17
2.155819096210816951e+03 9.419508327885521429e-19 1.312879142633668570e-17
2.158915415649794340e+03 1.390367398966117800e-17 1.338026374044607010e-17
2.162011735088771729e+03 1.548247152110550734e-18 1.295814822745805808e-17
2.165108054527749118e+03 1.043929922194425162e-17 1.320705356507187264e-17
2.168204373966726507e+03 2.502886191270593203e-17 1.330522765967886743e-17
2.171300693405703896e+03 9.927965956903836470e-18 1.296144406800339951e-17
2.174397012844681285e+03 -1.568246531757127132e-18 1.240145191192359227e-17
2.177493332283658674e+03 1.030638862355071660e-17 1.284778107850574743e-17
2.180589651722636063e+03 -8.276042048417517514e-18 1.233570047521164256e-17
2.183685971161613452e+03 -1.743477795700628931e-17 1.202085839013334642e-17
2.186782290600590841e+03 1.349576280725635298e-17 1.268015137435409875e-17
2.189878610039568230e+03 2.427447513003801603e-17 1.286999805434105429e-17
2.192974929478545619e+03 1.457143011466560423e-17 1.290459418835713929e-17
2.196071248917523008e+03 7.359663492096868593e-19 1.207507555380045568e-17
2.199167568356500396e+03 2.464807325442416171e-17 1.281236557759585650e-17
2.202263887795477785e+03 1.098965939944415915e-17 1.231348792541197621e-17
2.205360207234455174e+03 -2.655663016416286352e-18 1.180687696958452987e-17
2.208456526673432563e+03 1.371884153915124098e-17 1.226929363888999021e-17
2.211552846112409952e+03 -2.222516641122797046e-18 1.161738750214777573e-17
2.214649165551387341e+03 -1.678154948298904324e-18 1.166033831128479459e-17
2.217745484990364730e+03 2.770359426347263144e-17 1.257952696221058504e-17
2.220841804429342119e+03 8.101482962828606261e-18 1.165520001898496941e-17
2.223938123868319508e+03 1.574209421859493633e-17 1.212163942939660410e-17
2.227034443307296897e+03 4.557160501618192466e-19 1.157337259872579354e-17
2.230130762746274286e+03 7.887575417782694647e-18 1.153964032501404594e-17
2.233227082185251675e+03 7.328016222134271211e-18 1.141536479544669122e-17
2.236323401624229064e+03 -1.114700807223083163e-17 1.061446157610585305e-17
2.239419721063206453e+03 1.184723853519515881e-17 1.171530576999330318e-17
2.242516040502183841e+03 -1.103564645904969199e-18 1.095476921912079603e-17
2.245612359941161230e+03 1.180232032049026135e-17 1.151566795748008109e-17
2.248708679380138619e+03 -2.160160365533489409e-18 1.086686456489908124e-17
2.251804998819116008e+03 -5.704113811296812093e-18 1.068961540018492262e-17
2.254901318258093397e+03 -2.598303457967883300e-18 1.081649622839529546e-17
2.257997637697070786e+03 1.685642532783140767e-17 1.151335743780977523e-17
2.261093957136048175e+03 1.923184873434023906e-17 1.133142292429618437e-17
2.264190276575025564e+03 1.696205179255164113e-17 1.129568186829875998e-17
2.267286596014002953e+03 1.931577965455606918e-17 1.143835692474664335e-17
2.270382915452980342e+03 4.157347533230239910e-17 1.220577692492657654e-17
2.273479234891957731e+03 2.235150276955716363e-17 1.138375200550488997e-17
2.276575554330935120e+03 1.564379205833599659e-17 1.129079262117567088e-17
2.279671873769912509e+03 1.048401209850115482e-17 1.102670946933093153e-17
2.282768193208889898e+03 2.586691889382554119e-17 1.128933385644177133e-17
2.285864512647867286e+03 1.513816209229622531e-17 1.101487744710490188e-17
2.288960832086844675e+03 1.620688247084475760e-17 1.100759387229530139e-17
2.292057151525822064e+03 2.082737819250578425e-17 1.114828637230578399e-17
2.295153470964799453e+03 1.652435971475842221e-17 1.090954451981061099e-17
2.298249790403776842e+03 3.309717542807481293e-18 1.042584012655696210e-17
2.301346109842754231e+03 1.207622713068135676e-17 1.073482726308396865e-17
2.304442429281731620e+03 9.405314215117858753e-18 1.049486125323964253e-17
2.307538748720709009e+03 2.538657915281256287e-17 1.108207118848695884e-17
2.310635068159686398e+03 1.893516875073535416e-17 1.081603141805551511e-17
2.313731387598663787e+03 2.146654033573655529e-18 1.025141423688051937e-17
2.316827707037641176e+03 1.744623806341084781e-17 1.072254954870113635e-17
2.319924026476618565e+03 1.181530494302000490e-17 1.054145832637505505e-17
2.323020345915595954e+03 3.497742209218893091e-17 1.129201587080934307e-17
2.326116665354573342e+03 1.906708548550895429e-17 1.062541269202114401e-17
2.329212984793550731e+03 2.347964944052893417e-17 1.081336824172431165e-17
2.332309304232528120e+03 1.888680915545392583e-17 1.053918522082134476e-17
2.335405623671505509e+03 2.895892076691092786e-17 1.069931694525222496e-17
2.338501943110482898e+03 2.780580185406094455e-17 1.085008875684802704e-17
2.341598262549460287e+03 2.061615641479419395e-17 1.060315319892271936e-17
2.344694581988437676e+03 7.923982076023264897e-18 1.014597638060476771e-17
2.347790901427415065e+03 -8.097465778969753116e-18 9.704324936033791562e-18
2.350887220866392454e+03 5.441311411079903306e-18 1.011101396756817836e-17
2.353983540305369843e+03 1.473419821738138064e-17 1.040954610425191817e-17
2.357079859744347232e+03 -3.812213714200688866e-18 9.681751922836891769e-18
2.360176179183324621e+03 1.472237070832571981e-17 1.025960832596677815e-17
2.363272498622302010e+03 8.245076701202507628e-18 1.008778465351103199e-17
2.366368818061279399e+03 2.583923593202639931e-17 1.067371978554887313e-17
2.369465137500256787e+03 -1.288028509071360104e-17 9.201557164962709650e-18
2.372561456939234176e+03 2.286954776415982763e-17 1.047702514360812255e-17
2.375657776378211565e+03 1.529428159058615898e-18 9.806562292296178175e-18
2.378754095817188954e+03 2.002849454643105996e-17 1.018908954922275313e-17
2.381850415256166343e+03 1.919832141363001847e-17 1.028204507932835727e-17
2.384946734695143732e+03 2.598730354783747460e-18 9.679656493055192006e-18
2.388043054134121121e+03 1.683651434838819398e-18 9.609894465746228513e-18
2.391139373573098510e+03 1.852023670603622212e-17 1.002295633947741245e-17
2.394235693012075899e+03 2.329810327640592900e-17 1.027726390813011010e-17
2.397332012451053288e+03 1.192053101320394087e-17 9.817482500922956882e-18
2.400428331890030677e+03 1.491448843163281700e-17 9.901004981523855119e-18
2.403524651329008066e+03 2.247664724695676405e-17 1.016212536209206523e-17
2.406620970767985455e+03 1.798400040144140382e-17 1.006958046190722598e-17
2.409717290206962844e+03 1.146868556125682560e-17 9.797762812893557742e-18
2.412813609645940232e+03 3.132117127473840831e-18 9.435920789924043449e-18
2.415909929084917621e+03 1.403920452424718385e-17 9.817592078790848000e-18
2.419006248523895010e+03 8.530551451812124683e-18 9.582594191053728052e-18
2.422102567962872399e+03 1.835061804285153345e-17 1.003432998931263246e-17
2.425198887401849788e+03 2.387054900634803321e-17 1.012520343603841486e-17
2.428295206840827177e+03 6.642982736850776820e-18 9.481323936087273307e-18
2.431391526279804566e+03 6.328507243174639665e-18 9.484242593406438285e-18
2.434487845718781955e+03 7.461365187451713253e-18 9.403653169084586742e-18
2.437584165157759344e+03 1.461544686149640006e-17 9.687146226840189374e-18
2.440680484596736733e+03 1.325161804258990551e-17 9.636830092454244074e-18
2.443776804035714122e+03 2.595809096225381645e-17 1.011328811162309359e-17
2.446873123474691511e+03 4.951872282318858490e-18 9.264873807577617804e-18
2.449969442913668900e+03 1.897181400750321231e-17 9.831513056464918167e-18
2.453065762352646288e+03 2.907658568691657164e-17 1.005778554604832003e-17
2.456162081791623677e+03 1.867085700822032118e-17 9.589349266780101939e-18
2.459258401230601066e+03 1.265087857094685102e-17 9.533504987073880847e-18
2.462354720669578455e+03 1.439104182408610529e-17 9.620281516455635528e-18
2.465451040108555844e+03 1.785508055316599034e-17 9.642209581544077408e-18
2.468547359547533233e+03 3.257613699544731036e-17 1.002235929972874085e-17
2.471643678986510622e+03 1.289993943731277084e-17 9.478841446159962549e-18
2.474739998425488011e+03 7.774871994115213135e-18 9.214394448790288190e-18
2.477836317864465400e+03 7.962537534047191978e-18 9.322547663586549878e-18
2.480932637303442789e+03 1.204260538576824683e-17 9.507887033244768172e-18
2.484028956742420178e+03 5.785214734543724218e-18 8.958398288458783858e-18
2.487125276181397567e+03 2.494953196352418820e-17 1.003346289632486241e-17
2.490221595620374956e+03 1.675277433571280478e-17 9.484984112975837954e-18
2.493317915059352345e+03 -1.885794985459731343e-18 8.855860735974141986e-18
2.496414234498329733e+03 6.088054923971178695e-18 9.063270558678108712e-18
2.499510553937307122e+03 1.326689536237119088e-17 9.308523241490465758e-18
2.502606873376284511e+03 7.236328181620020109e-18 9.218936906939041935e-18
2.505703192815261900e+03 2.472091007254900954e-18 8.937577965564026765e-18
2.508799512254239289e+03 2.306157405089637289e-17 9.685076166588917648e-18
2.511895831693216678e+03 3.054758854173401687e-17 9.919369369541526935e-18
2.514992151132194067e+03 1.500859206920177797e-17 9.225200979081328874e-18
2.518088470571171456e+03 -2.411916010609420106e-18 8.641139491634565525e-18
2.521184790010148845e+03 8.489844358877111929e-18 9.054346876251616107e-18
2.524281109449126234e+03 2.368188342840468973e-17 9.469873202576764183e-18
2.527377428888103623e+03 1.652180610593442491e-17 9.173355109383973562e-18
2.530473748327081012e+03 5.140530333567531618e-18 8.821430500064746345e-18
2.533570067766058401e+03 5.988789820652070611e-18 8.874373120659483693e-18
2.536666387205035790e+03 1.672463593228644375e-17 9.293088017015839077e-18
2.539762706644013178e+03 7.673366743330486106e-18 8.914894745844139866e-18
2.542859026082990567e+03 1.758529056976013846e-17 9.242463764010897203e-18
2.545955345521967956e+03 7.235612232152126050e-18 8.842018203522511380e-18
2.549051664960945345e+03 1.212959786749231277e-17 9.164003910266772640e-18
2.552147984399922734e+03 8.128007972944815932e-18 8.975898818043917265e-18
2.555244303838900123e+03 1.614934025349316702e-17 9.185171071107602827e-18
2.558340623277877512e+03 1.635847973398471530e-17 9.098606630977362695e-18
2.561436942716854901e+03 2.515040611577895648e-17 9.381112331844287232e-18
2.564533262155832290e+03 2.043017535736894991e-17 9.374971674173334820e-18
2.567629581594809679e+03 3.002698779981329889e-20 8.715882058699267358e-18
2.570725901033787068e+03 1.479874516773817754e-17 9.194393586136528306e-18
2.573822220472764457e+03 4.132155856193130027e-18 8.797259370396309231e-18
2.576918539911741846e+03 8.436800982061135792e-18 8.864012048709979490e-18
2.580014859350719234e+03 3.109695773948139077e-17 9.480246508446944857e-18
2.583111178789696623e+03 2.649071590234381958e-17 9.297037711084217706e-18
2.586207498228674012e+03 -6.199757829952629073e-18 8.346088270754947926e-18
2.589303817667651401e+03 1.434861001728617554e-17 9.009366078628093360e-18
2.592400137106628790e+03 1.769770929355768512e-17 9.109798652682908676e-18
2.595496456545606179e+03 2.066609203394179336e-17 9.178339417677857758e-18
2.598592775984583568e+03 1.309365475421533067e-17 8.913127176751048029e-18
2.601689095423560957e+03 2.638429024213127389e-18 8.502509082486931881e-18
2.604785414862538346e+03 2.037237955358368005e-17 9.114840581055564028e-18
2.607881734301515735e+03 7.044487251329421887e-18 8.571768267056278835e-18
2.610978053740493124e+03 3.353763531805626088e-17 9.584288229837534042e-18
2.614074373179470513e+03 4.301787651889977573e-17 9.838181115312804968e-18
2.617170692618447902e+03 4.254653745920463476e-17 9.723738734695388996e-18
2.620267012057425291e+03 3.955363427478515859e-17 9.721461580833122265e-18
2.623363331496402679e+03 3.911250939275613146e-17 9.556765655398103143e-18
2.626459650935380068e+03 2.069161565108657512e-17 9.008962340371642525e-18
2.629555970374357457e+03 2.223685824587761000e-17 9.203758388624611210e-18
2.632652289813334846e+03 1.850563566933295453e-17 9.154499820869189712e-18
2.635748609252312235e+03 1.893460321905716491e-17 9.211347126478171996e-18
2.638844928691289624e+03 2.275036431731497364e-17 9.136107242408763954e-18
2.641941248130267013e+03 2.063391335029569164e-17 9.020584468182451174e-18
2.645037567569244402e+03 1.296496430618170539e-17 8.794691785157360093e-18
2.648133887008221791e+03 2.173605524649211748e-17 9.087376653356251515e-18
2.651230206447199180e+03 2.900754460944233703e-17 9.315598006783388118e-18
2.654326525886176569e+03 3.167022567908942627e-17 9.347045065692841026e-18
2.657422845325153958e+03 2.989571722084488268e-17 9.256368647013978242e-18
2.660519164764131347e+03 2.527398945086363322e-17 9.296491070205096453e-18
2.663615484203108736e+03 1.920742725895045372e-17 9.041281245729708044e-18
2.666711803642086124e+03 2.577695755083958547e-17 9.128293928257763764e-18
2.669808123081063513e+03 3.304126329295355622e-17 9.510438210829483141e-18
2.672904442520040902e+03 1.531905817353215139e-17 8.815739682255203378e-18
2.676000761959018291e+03 1.598767097235807388e-17 8.845628089444892387e-18
2.679097081397995680e+03 9.326278747463917144e-18 8.710589557726047882e-18
2.682193400836973069e+03 1.066187309613604987e-17 8.917101310839237816e-18
2.685289720275950458e+03 1.522972617212028937e-17 9.023149622825081217e-18
2.688386039714927847e+03 1.267361892618554254e-17 8.913326980106150639e-18
2.691482359153905236e+03 1.693255082118145950e-17 9.090270850864390234e-18
2.694578678592882625e+03 2.140508899958922630e-17 9.162176384894014650e-18
2.697674998031860014e+03 2.718438041521863431e-17 9.495918128604570749e-18
2.700771317470837403e+03 1.954586713830162332e-17 9.188989309922634365e-18
2.703867636909814792e+03 2.211805352783993651e-17 9.246954859960864175e-18
2.706963956348792181e+03 2.022639655287162556e-17 8.989679720057788521e-18
2.710060275787769569e+03 4.848620134492570955e-17 9.948310494061251667e-18
2.713156595226746958e+03 2.331369586323144225e-17 9.085723144845470666e-18
2.716252914665724347e+03 3.858022215996610402e-17 9.736597696110959637e-18
2.719349234104701736e+03 5.098643627073296378e-17 1.008534483107465327e-17
2.722445553543679125e+03 6.819095756504696055e-17 1.061039633466547126e-17
2.725541872982656514e+03 5.122716213386722858e-17 1.001117315443560951e-17
2.728638192421633903e+03 5.996356088180948127e-17 1.023334721322827940e-17
2.731734511860611292e+03 6.587038297625336492e-17 1.045226266173982789e-17
2.734830831299588681e+03 5.958743716776317189e-17 1.040518038813931121e-17
2.737927150738566070e+03 4.755633588770898231e-17 1.003135476239078207e-17
2.741023470177543459e+03 5.740194185279661134e-17 1.043111557197220930e-17
2.744119789616520848e+03 5.619429609352188120e-17 1.035946014574637606e-17
2.747216109055498237e+03 3.241972378685490251e-17 9.586093397604696893e-18
2.750312428494475625e+03 5.694525940617464556e-17 1.040621382318643025e-17
2.753408747933453014e+03 4.424991717974516505e-17 1.006579763460027141e-17
2.756505067372430403e+03 5.805223488769270150e-17 1.042209835675204182e-17
2.759601386811407792e+03 5.681075288535563614e-17 1.043336276282429254e-17
2.762697706250385181e+03 5.879488453127810115e-17 1.047519692406553063e-17
2.765794025689362570e+03 7.216649214197786958e-17 1.092688501711325998e-17
2.768890345128339959e+03 6.648477109558728307e-17 1.055950474834262512e-17
2.771986664567317348e+03 7.387544671016819008e-17 1.081855535396296744e-17
2.775082984006294737e+03 7.181988415377069908e-17 1.098502585962163581e-17
2.778179303445272126e+03 6.602414110402239124e-17 1.068815893007283624e-17
2.781275622884249515e+03 8.835797392787641464e-17 1.131036417300358922e-17
2.784371942323226904e+03 8.928655487343504188e-17 1.137495419160804697e-17
2.787468261762204293e+03 7.778186747334669521e-17 1.107344531675191047e-17
2.790564581201181682e+03 9.191771691968977353e-17 1.135285060377445427e-17
2.793660900640159070e+03 7.636993797641098108e-17 1.096189525726964888e-17
2.796757220079136459e+03 6.606951791852282657e-17 1.095171759025065336e-17
2.799853539518113848e+03 6.333730345739927726e-17 1.084506727064755634e-17
2.802949858957091237e+03 5.173418140623105846e-17 1.075526533562012508e-17
2.806046178396068626e+03 4.577841031000531776e-17 1.066290265233234418e-17
2.809142497835046015e+03 4.834491665522292887e-17 1.064028743558682413e-17
2.812238817274023404e+03 3.202643501292810591e-17 1.006744088319384270e-17
2.815335136713000793e+03 5.588742336741652723e-17 1.078598823681245913e-17
2.818431456151978182e+03 7.951176153664699445e-17 1.134398678936222457e-17
2.821527775590955571e+03 7.546757895253992770e-17 1.129559980651266861e-17
2.824624095029932960e+03 6.683175620450752323e-17 1.119198462354990594e-17
2.827720414468910349e+03 7.872988046503453535e-17 1.152268356428289534e-17
2.830816733907887738e+03 6.339327749843224463e-17 1.113090810597350226e-17
2.833913053346865127e+03 5.146556014256800194e-17 1.072683641583051866e-17
2.837009372785842515e+03 7.211737192505996062e-17 1.161634476838982188e-17
2.840105692224819904e+03 5.002236987437789031e-17 1.078012195887187715e-17
2.843202011663797293e+03 6.482428659466398262e-17 1.107691430219956661e-17
2.846298331102774682e+03 7.288228073245927008e-17 1.135621029626479052e-17
2.849394650541752071e+03 7.061889348918703305e-17 1.149016412396276877e-17
2.852490969980729460e+03 5.398728765183391195e-17 1.099032315071654779e-17
2.855587289419706849e+03 5.723800545551724872e-17 1.128066176846480268e-17
2.858683608858684238e+03 5.630214446636956164e-17 1.131445793607014665e-17
2.861779928297661627e+03 6.087115239398861234e-17 1.156401632076248684e-17
2.864876247736639016e+03 5.188376328515359665e-17 1.133448686215847085e-17
2.867972567175616405e+03 5.689138193198591519e-17 1.137671045824954505e-17
2.871068886614593794e+03 4.101807982654210208e-17 1.127013478097807260e-17
2.874165206053571183e+03 3.997546131130956897e-17 1.117310321803132538e-17
2.877261525492548571e+03 3.575243377357330955e-17 1.117857912379349152e-17
2.880357844931525960e+03 3.226246990824597181e-17 1.126701579638755559e-17
2.883454164370503349e+03 2.494432014026383243e-17 1.109125850182300816e-17
2.886550483809480738e+03 2.331551527717567381e-17 1.092263462217556307e-17
2.889646803248458127e+03 5.369797047825445303e-17 1.182919281129904704e-17
2.892743122687435516e+03 1.743225989976276079e-17 1.086859997649112466e-17
2.895839442126412905e+03 4.515119750956506888e-18 1.033788522534815157e-17
2.898935761565390294e+03 4.398811512917693596e-17 1.184365209369594939e-17
2.902032081004367683e+03 2.257756322159332428e-17 1.126292073983487306e-17
2.905128400443345072e+03 4.139496153479004010e-17 1.187302861121357716e-17
2.908224719882322461e+03 3.410537431827988590e-17 1.185200055714342646e-17
2.911321039321299850e+03 1.857817445495563517e-17 1.128738548325194283e-17
2.914417358760277239e+03 2.882324752749352816e-17 1.179692022252297523e-17
2.917513678199254628e+03 3.035026646894935893e-17 1.204962321668225091e-17
2.920609997638232016e+03 4.007905295320610021e-17 1.239306514408161798e-17
2.923706317077209405e+03 2.446960085360162383e-17 1.211466328788904992e-17
2.926802636516186794e+03 1.940691366425728935e-17 1.188729567194723477e-17
2.929898955955164183e+03 2.656754684309439496e-17 1.210647301345606764e-17
2.932995275394141572e+03 1.507509805902441433e-17 1.205647001211642101e-17
2.936091594833118961e+03 3.409133584393102273e-17 1.277114363388420415e-17
2.939187914272096350e+03 6.779616975688460517e-17 1.363599455803020216e-17
2.942284233711073739e+03 4.553149417789410433e-17 1.303800947536352289e-17
2.945380553150051128e+03 2.886471287757132203e-17 1.305603832551442574e-17
2.948476872589028517e+03 3.007870929106669564e-17 1.288932582287217147e-17
2.951573192028005906e+03 4.793579906600184651e-17 1.325757023383303273e-17
2.954669511466983295e+03 9.319216568215363449e-17 1.485092546839146899e-17
2.957765830905960684e+03 3.760349476791558979e-17 1.322211670579067471e-17
2.960862150344938073e+03 7.162336312965312480e-17 1.473440380513319906e-17
2.963958469783915461e+03 6.880548135704786076e-17 1.452583066088585346e-17
2.967054789222892850e+03 5.741892158510169188e-17 1.424757204869492861e-17
2.970151108661870239e+03 7.684589223603545005e-17 1.504363241032460278e-17
2.973247428100847628e+03 1.158685584853997186e-16 1.648936521105313889e-17
2.976343747539825017e+03 5.163763077507646778e-17 1.454557227974302737e-17
2.979440066978802406e+03 7.560783621811743959e-17 1.530871966762952939e-17
2.982536386417779795e+03 6.379739623442976840e-17 1.551961766845308206e-17
2.983000000000000000e+03 6.215304728304635488e-17 1.341999694836917024e-17
2.985632705856757184e+03 5.740659128555269382e-17 1.530180277375499417e-17
2.988495634684798461e+03 6.635734761564160189e-17 1.491029127340297466e-17
2.988729025295734573e+03 6.709446973554365598e-17 1.604984320365886839e-17
2.991825344734711962e+03 7.280127428694783828e-17 1.582928229160456189e-17
2.993991269369596921e+03 7.402773675412854315e-17 1.242306864455313923e-17
2.994921664173689351e+03 7.776859617350394686e-17 1.624886784255240141e-17
2.998017983612666740e+03 6.687441772397402509e-17 1.618359441132813724e-17
2.999486904054395382e+03 5.750661250980094613e-17 1.146102201700109974e-17
3.001114303051644129e+03 4.668732391690569424e-17 1.569505624510211128e-17
3.004210622490621517e+03 6.946410297344846737e-17 1.689910936540627844e-17
3.004982538739193842e+03 6.551274078054213598e-17 1.342561690917876274e-17
3.007306941929598906e+03 4.441011828739487563e-17 1.652701162998441211e-17
3.010403261368576295e+03 1.103332632974542925e-17 1.572481123368869148e-17
3.010478173423992303e+03 1.136646838336999927e-17 1.535704164254584341e-17
3.013499580807553684e+03 2.516892396270768771e-17 1.611703745310113528e-17
3.015973808108790763e+03 2.512135905466906783e-17 1.361679979051503901e-17
3.016595900246531073e+03 2.613145691825925698e-17 1.644154425693779927e-17
3.019692219685508462e+03 3.286957825575168634e-17 1.694847069621685672e-17
3.021469442793589224e+03 2.611098240479086668e-17 1.226001677910421899e-17
3.022788539124485851e+03 1.435119828909600581e-17 1.689241273672314807e-17
3.025884858563463240e+03 1.952802571318445066e-17 1.728304866157077879e-17
3.026965077478387684e+03 2.630919852935472237e-17 1.299993882266421400e-17
3.028981178002440629e+03 3.191447221396185790e-17 1.732683843163618287e-17
3.032077497441418018e+03 5.415191509879126015e-17 1.833477323598200955e-17
3.032460712163186145e+03 4.988885599304397812e-17 1.633036322230160874e-17
3.035173816880395407e+03 2.879705111860421703e-17 1.739650537054865985e-17
3.037956346847984605e+03 3.433485732827671728e-17 1.655701520048703556e-17
3.038270136319372796e+03 3.606799753953741572e-17 1.820621232285536603e-17
3.041366455758350185e+03 5.882576619960679817e-17 1.877565020261468716e-17
3.043451981532783066e+03 3.697792154133026766e-17 1.430704523863349358e-17
3.044462775197327574e+03 2.331837356876209668e-17 1.868363791867739359e-17
3.047559094636304962e+03 4.645094489910534143e-17 1.924253958907508639e-17
3.048947616217581526e+03 6.190783921767563182e-17 1.443257999571522986e-17
3.050655414075282351e+03 9.032735278689547456e-17 2.019561600383692287e-17
3.053751733514259740e+03 8.177896225120212947e-17 2.139846367776525739e-17
3.054443250902379987e+03 7.532308703037718264e-17 1.746522251424311234e-17
3.056848052953237129e+03 4.388338584232364027e-17 1.989237191447687637e-17
3.059938885587178447e+03 8.664262837726708894e-17 2.199998943948692808e-17
3.059944372392214518e+03 8.669949033426170357e-17 2.203460334893155474e-17
3.063040691831191907e+03 4.928051576403468467e-17 2.093800113336685391e-17
3.065434520271976908e+03 4.191098854431187174e-17 1.766721794680819533e-17
3.066137011270169296e+03 4.011524183470085491e-17 2.171472255373753409e-17
3.069233330709146685e+03 7.630248688409711760e-17 2.376550543677982271e-17
3.070930154956775368e+03 9.227961904629052282e-17 1.755885460783247679e-17
3.072329650148124074e+03 8.840094391682052105e-17 2.451131592500281944e-17
3.075425969587101463e+03 4.602477122196790559e-17 2.235767565881761403e-17
3.076425789641573829e+03 5.417469643699919971e-17 1.744128141977780285e-17
3.078522289026078852e+03 4.656283479736866414e-17 2.139283215163858613e-17
3.081618608465056241e+03 5.958407294646454892e-17 2.339552426062670611e-17
3.081921424326372289e+03 5.723587218386721952e-17 2.155197705376998058e-17
3.084714927904033630e+03 5.568401173590737174e-17 2.201103076835818092e-17
3.087417059011170750e+03 1.137121531341839036e-16 2.315936559116107522e-17
3.087811247343011019e+03 1.250572941979772451e-16 2.595995088379418637e-17
3.090907566781988407e+03 1.018877432046779610e-16 2.354560294980289993e-17
3.092912693695969210e+03 7.040277315194185683e-17 1.900404268079456579e-17
3.094003886220965796e+03 6.599213856594628724e-17 2.464122099546119484e-17
3.097100205659943185e+03 4.114259229503297959e-17 2.462882735448635450e-17
3.098408328380767671e+03 4.731703313691970256e-17 1.887803065401477699e-17
3.100196525098920574e+03 4.706177510850313529e-17 2.438880550482874741e-17
3.103292844537897963e+03 6.563986504025408530e-17 2.642217405217946483e-17
3.103903963065566131e+03 7.323469280775782618e-17 2.270071528762519269e-17
3.106389163976875352e+03 7.647689355174743832e-17 2.427452381839566423e-17
3.109399597750364592e+03 1.149434268543031242e-16 2.683632075812896640e-17
3.109485483415852741e+03 1.154597100526936500e-16 2.739989025975847964e-17
3.112581802854830130e+03 8.847085173631698856e-17 2.441494875417672717e-17
3.114895232435163052e+03 8.414766474861467946e-17 2.300421805645482772e-17
3.115678122293807519e+03 8.446202704684285953e-17 2.766378415645407228e-17
3.118774441732784908e+03 1.424131241512096377e-16 2.828168172609654423e-17
3.120390867119961513e+03 1.049419508272168304e-16 2.223367228875925911e-17
3.121870761171762297e+03 1.023745307517954723e-16 2.841910578044073555e-17
3.124967080610739686e+03 1.025223346684470726e-16 2.946312406756068476e-17
3.125886501804759973e+03 7.354964789266314176e-17 2.366583017306749763e-17
3.128063400049717075e+03 1.031507270791089359e-16 2.617446908841240270e-17
3.131159719488694464e+03 1.154984164921495742e-16 2.958053978830796158e-17
3.131382136489558434e+03 1.109765408434101438e-16 2.813679858413206288e-17
3.134256038927671852e+03 9.670743107935531408e-17 2.745597481021811525e-17
3.136877771174356894e+03 8.622639777137253275e-17 2.946485305834719794e-17
3.137352358366649241e+03 8.439984449076715392e-17 3.297044060933554917e-17
3.140448677805626630e+03 3.851931664235369133e-17 3.136794278708924881e-17
3.142373405859155355e+03 3.201787858864950936e-17 2.574909405137378166e-17
3.143544997244604019e+03 -3.344526842014420247e-18 3.335396353212650053e-17
3.146641316683581408e+03 9.665077450753330242e-17 3.163673853594505520e-17
3.147869040543953815e+03 9.656739273075237609e-17 2.555148404710638222e-17
3.149737636122558797e+03 7.743259205490251236e-17 2.810821917000845636e-17
3.152833955561536186e+03 6.686554200298196216e-17 3.814528844200296489e-17
3.153364675228752276e+03 8.311560794154529069e-17 4.948995593804340149e-17
3.158860309913550736e+03 4.655097325139714602e-17 5.217211483590008858e-17
3.164355944598349197e+03 1.429641118220812226e-16 4.905280462412354714e-17
3.169851579283147657e+03 9.316200772078215262e-17 4.849388190872875631e-17
3.175347213967946118e+03 2.540867979829226398e-18 4.786041928683173558e-17
3.180842848652744578e+03 -6.074349113321405066e-17 4.685674597819867056e-17
3.186338483337543039e+03 2.181906143192743991e-17 4.507539459084510796e-17
3.191834118022341499e+03 1.256025197094016380e-16 4.862693939097475719e-17
3.197329752707139960e+03 5.567460547577630716e-17 5.473191648182559035e-17
3.202825387391938420e+03 1.719063884600216103e-16 4.400808818447538358e-17
3.208321022076736881e+03 1.328474362939352850e-16 4.309627615828599468e-17
3.213816656761535342e+03 5.340691766921710024e-17 4.336643057417140975e-17
3.219312291446333802e+03 1.225839105966988241e-16 4.156055464287661249e-17
3.224807926131132263e+03 1.587395162956771469e-16 4.497839940945590159e-17
3.230303560815930723e+03 2.306930346312096995e-16 4.414572774239516895e-17
3.235799195500729184e+03 2.914174965787072630e-16 4.230230054890580236e-17
3.241294830185527644e+03 1.107521680779388551e-16 5.671742850414729046e-17
3.246790464870326105e+03 1.184729249609061452e-16 4.261525276728541499e-17
3.252286099555124565e+03 1.778650034945686447e-16 4.008836387924646573e-17
3.257781734239923026e+03 1.628478115843914060e-16 3.980947005516104017e-17
3.263277368924721486e+03 8.535707252897225302e-17 3.921277329861939828e-17
3.268773003609519947e+03 1.361098702864449590e-17 3.806804295307152773e-17
3.274268638294318407e+03 1.857499982518972117e-16 4.128531326321555589e-17
3.279764272979116868e+03 1.069685005385217539e-17 4.161389344269796603e-17
3.285259907663915328e+03 1.902909396712002702e-16 3.756474443609609056e-17
3.290755542348713789e+03 1.127720726951495229e-16 3.694552430797856836e-17
3.296251177033512249e+03 1.561540738512535901e-16 3.649070243257596505e-17
3.301746811718310710e+03 1.206048455462953402e-16 3.594300850049613207e-17
3.307242446403109170e+03 6.185271608541127263e-17 3.528998516843992145e-17
3.312738081087907631e+03 9.462349823268815013e-17 3.480957344416166707e-17
3.318233715772706091e+03 8.797928150240237776e-17 3.619277221592561291e-17
3.323729350457504552e+03 1.219773749920440334e-16 3.807964354489805994e-17
3.329224985142303012e+03 1.547379353142953763e-16 3.526332203746399761e-17
3.334720619827101473e+03 1.547240577754197773e-16 3.451563144727443600e-17
3.340216254511899933e+03 9.330181763153794666e-17 3.490657363374081413e-17
3.345711889196698394e+03 1.564941161730344931e-16 3.536630305306674667e-17
3.351207523881496854e+03 1.253365653846724736e-16 3.473255042218417174e-17
3.356703158566295315e+03 1.433550271156237367e-17 5.465506013945056525e-17
3.362198793251093775e+03 1.783758567393357584e-17 5.663934725268158083e-17
3.367694427935892236e+03 2.325104090688424227e-16 3.930557322891258570e-17
3.373190062620690696e+03 3.125284055166106726e-16 3.444585436218270966e-17
3.378685697305489157e+03 3.040923739216194447e-16 3.413637506993031088e-17
3.384181331990287617e+03 2.418960464053433948e-16 3.427918895475702377e-17
3.389676966675086078e+03 2.610253732170260660e-16 3.480960549550577897e-17
3.395172601359884538e+03 3.181982215534969260e-16 3.695420032045708290e-17
3.400668236044682999e+03 1.543408470624307919e-16 4.892096038640102707e-17
3.406163870729481459e+03 1.798843968868653293e-16 4.508595782419311590e-17
3.411659505414279920e+03 2.309928418249178476e-16 3.409041913886336388e-17
3.417155140099078380e+03 1.424686982392528089e-16 6.910037683749742672e-17
3.422650774783876841e+03 1.729170637327992761e-16 3.294735888135766566e-17
3.428146409468675301e+03 1.817923097996413059e-16 3.449947565131226001e-17
3.433642044153473762e+03 2.327902672660410953e-16 3.238098161402575423e-17
3.439137678838272222e+03 2.756937959850728544e-16 4.113070267349039384e-17
3.444633313523070683e+03 2.943569419102465252e-16 3.130830221144972582e-17
3.450128948207869144e+03 2.985638838145018576e-16 3.104735432442787983e-17
3.455624582892667604e+03 3.185409918460791405e-16 4.551412365956418688e-17
3.461120217577466065e+03 3.731554484782114491e-16 3.529141379316042350e-17
3.466615852262264525e+03 2.880001570909690801e-16 3.253441200007591430e-17
3.472111486947062986e+03 3.879180812620098657e-16 3.154384875010777864e-17
3.477607121631861446e+03 4.426475558569662754e-16 3.146244202173047186e-17
3.483102756316659907e+03 4.476407305927238341e-16 3.337112590415305100e-17
3.488598391001458367e+03 5.117151930077889150e-16 3.718137505656206634e-17
3.494094025686256828e+03 4.701144873045426925e-16 3.245638425347500287e-17
3.499589660371055288e+03 4.428648221339465320e-16 3.893720777108884045e-17
3.505085295055853749e+03 4.702643239383036460e-16 3.348079966205740683e-17
3.510580929740652209e+03 4.729364346361249903e-16 3.189217421803505983e-17
3.516076564425450670e+03 4.133374614894507809e-16 3.341905320794034905e-17
3.521572199110249130e+03 2.969265510785912782e-16 2.999625499473778933e-17
3.527067833795047591e+03 3.268259680375336311e-16 2.985987406456707225e-17
3.532563468479846051e+03 2.948256945969978208e-16 2.916824978919466205e-17
3.538059103164644512e+03 2.953709647898748965e-16 3.308843987148330728e-17
3.543554737849442972e+03 2.989938886839522194e-16 2.875149883962455216e-17
3.549050372534241433e+03 3.214333258564031480e-16 2.874465705248727503e-17
3.554546007219039893e+03 3.084307295865027115e-16 3.129431984729537302e-17
3.560041641903838354e+03 2.450336340544902971e-16 2.937627091837466098e-17
3.565537276588636814e+03 3.329754243304138524e-16 3.332530572950055657e-17
3.571032911273435275e+03 3.642619032746515770e-16 2.879123784246021061e-17
3.576528545958233735e+03 3.258015085052750472e-16 2.830693589576073591e-17
3.582024180643032196e+03 3.169483831604209868e-16 2.901085448726795611e-17
3.587519815327830656e+03 3.196054045939418557e-16 2.928971232905575843e-17
3.593015450012629117e+03 3.006293102087758764e-16 3.069513661193370868e-17
3.598511084697427577e+03 2.912069660367324470e-16 2.866206765178620963e-17
3.604006719382226038e+03 3.294035477711737863e-16 2.870346724801903703e-17
3.609502354067024498e+03 3.432300557517499773e-16 2.984754952225078997e-17
3.614997988751822959e+03 4.144618980741513940e-16 2.855710737352874634e-17
3.620493623436621419e+03 3.741863362344074652e-16 2.796967515369516744e-17
3.625989258121419880e+03 2.746095077064637124e-16 5.062666025285940986e-17
3.631484892806218340e+03 5.130579474617355853e-16 2.915095988928954980e-17
3.636980527491016801e+03 4.575280211736716163e-16 2.910645121788559373e-17
3.642476162175815261e+03 4.301512261645794043e-16 2.853607377495471684e-17
3.647971796860613722e+03 4.473732524733163029e-16 2.802524060204250499e-17
3.653467431545412182e+03 4.616255608330913302e-16 2.912960714799649718e-17
3.658963066230210643e+03 3.648099396020091387e-16 3.833504595491304058e-17
3.664458700915009103e+03 4.515128269411888794e-16 2.698867889491992002e-17
3.669954335599807564e+03 3.873404510869391638e-16 2.970346063060620033e-17
3.675449970284606025e+03 2.956683926959043602e-16 2.697522815167255422e-17
3.680945604969404485e+03 3.039937908291961950e-16 2.563532596348139835e-17
3.686441239654202946e+03 2.100668243728654750e-16 2.504208760255750070e-17
3.691936874339001406e+03 2.343257370530766047e-16 2.612987378700855889e-17
3.697432509023799867e+03 2.559371331722227393e-16 2.545561233995594541e-17
3.702928143708598327e+03 2.652392804911962021e-16 2.441974278392430984e-17
3.708423778393396788e+03 3.872274612034625774e-16 2.901408565907466791e-17
3.713919413078195248e+03 3.693394611979761031e-16 2.523654187398038946e-17
3.719415047762993709e+03 3.891739165698296577e-16 2.495891086841428451e-17
3.724910682447792169e+03 3.449919701290433473e-16 3.381816486853031296e-17
3.730406317132590630e+03 5.063346266916266605e-16 3.478031880408394565e-17
3.735901951817389090e+03 6.279928242344997893e-16 2.684975847167591498e-17
3.741397586502187551e+03 7.555453379742417506e-16 2.723878752951340901e-17
3.746893221186986011e+03 7.555453379742417506e-16 2.764594690767242411e-17
3.752388855871784472e+03 7.555453379742417506e-16 2.765396530504500968e-17
3.757884490556582932e+03 7.555453379742417506e-16 2.714513753581281667e-17
3.763380125241381393e+03 7.899301163646042114e-16 2.836706152964218514e-17
3.768875759926179853e+03 6.904849282814283866e-16 2.562891135040285906e-17
3.774371394610978314e+03 6.354235583416607751e-16 2.488739398197368593e-17
3.779867029295776774e+03 5.595132274527203166e-16 2.559198468983428596e-17
3.785362663980575235e+03 5.831352863955038223e-16 2.352465850107484950e-17
3.790858298665373695e+03 5.600832005497758384e-16 2.347551933417052012e-17
3.796353933350172156e+03 5.600832005497758384e-16 2.307303020862542562e-17
3.801849568034970616e+03 4.820028131074424502e-16 2.316865509426247892e-17
3.807345202719769077e+03 4.880280461991639503e-16 2.436598050083590818e-17
3.812840837404567537e+03 5.030679502728376832e-16 2.341233388739266205e-17
3.818336472089365998e+03 4.820028131074424502e-16 2.199454835007171847e-17
3.823832106774164458e+03 4.332147375242432021e-16 3.106321811420571376e-17
3.829327741458962919e+03 4.332147375242432021e-16 2.116976563248709083e-17
3.834823376143761379e+03 4.321317681458657261e-16 2.220372585163014228e-17
3.840319010828559840e+03 3.627665698298892478e-16 2.037055064511867220e-17
3.845814645513358300e+03 2.704453521725993891e-16 1.911340966306013708e-17
3.851310280198156761e+03 2.299833291539130380e-16 1.817799397941087493e-17
3.856805914882955221e+03 7.976253424464752762e-17 4.655685375511826953e-17
3.862301549567753682e+03 1.630212423700497672e-16 1.845319453875365801e-17
3.867797184252552142e+03 1.860806583783584946e-16 1.899299508327283345e-17
3.873292818937350603e+03 1.757093757365848567e-16 1.787799726014477447e-17
3.878788453622149063e+03 1.860806583783584946e-16 1.912192489522299695e-17
3.884284088306947524e+03 1.778703447746908051e-16 1.963170024359809674e-17
3.889779722991745984e+03 2.069371424961583587e-16 1.777690534940803338e-17
3.895275357676544445e+03 2.287935654927702132e-16 1.790843091261283127e-17
3.900770992361342905e+03 2.495647341987728540e-16 1.713438543957378819e-17
3.906266627046141366e+03 2.864581034048784034e-16 1.708891952678133213e-17
3.911762261730939827e+03 3.658624944355078871e-16 1.898093220683820483e-17
3.917257896415738287e+03 4.097628460911668569e-16 2.279572327693628209e-17
3.922753531100536748e+03 5.519594019195694666e-16 1.949574123684856598e-17
3.928249165785335208e+03 6.602401049910658907e-16 2.172610865495554700e-17
3.933744800470133669e+03 8.484783343036973655e-16 2.364342711122363989e-17
3.939240435154932129e+03 9.989882195234668895e-16 2.237706662811811954e-17
3.944736069839730590e+03 1.051949801548490472e-15 2.265654187389930305e-17
3.950231704524529050e+03 1.321246050290428257e-15 2.437021744710174242e-17
3.955727339209327511e+03 1.610221404275322303e-15 2.651761829272076899e-17
3.961222973894125971e+03 1.819665828531226000e-15 2.873704631154058135e-17
3.966718608578924432e+03 1.938882700315626373e-15 2.797117795418707187e-17
3.972214243263722892e+03 1.938882700315626373e-15 3.602007257042462999e-17
3.977709877948521353e+03 1.938882700315626373e-15 3.805599552774979688e-17
3.983205512633319813e+03 1.938882700315626373e-15 2.809118516950969178e-17
3.988701147318118274e+03 1.938882700315626373e-15 2.708592642884287457e-17
3.994196782002916734e+03 1.927984760037597262e-15 3.035804570851511634e-17
3.999692416687715195e+03 1.927984760037597262e-15 3.422503977534558120e-17
4.005188051372513655e+03 1.830352868290175669e-15 3.251450836395263566e-17
4.010683686057312116e+03 1.830352868290175669e-15 2.591122338872432356e-17
4.016179320742110576e+03 1.731381102639802069e-15 2.548371288441739520e-17
4.021674955426909037e+03 1.615618912874438163e-15 2.460917285049162311e-17
4.027170590111707497e+03 1.406877350951214967e-15 2.327794702044772934e-17
4.032666224796505958e+03 1.288396954945027190e-15 2.262698618703013429e-17
4.038161859481304418e+03 1.193858268339444396e-15 2.278664177980996063e-17
4.043657494166102879e+03 1.293948915070856720e-15 2.310994194722150005e-17
4.049153128850901339e+03 1.428473311590335216e-15 2.794784687517199259e-17
4.054648763535699800e+03 1.898293904890200832e-15 2.964891277488439747e-17
4.060144398220498260e+03 2.507705364002128351e-15 2.960716653418667946e-17
4.065640032905296721e+03 3.337279236363551800e-15 4.012092988644902364e-17
4.071135667590095181e+03 4.658959961596619255e-15 4.687683792049706645e-17
4.076631302274893642e+03 5.186442631705403131e-15 4.495750569340395365e-17
4.082126936959692102e+03 5.288501349904313935e-15 3.944308059983440006e-17
4.087622571644490563e+03 4.710971186654111839e-15 3.705561992799020481e-17
4.093118206329289023e+03 4.560054572845364862e-15 3.661805208283276743e-17
4.098613841014087484e+03 4.393258913451526113e-15 3.610736871895254445e-17
4.104109475698885944e+03 3.943231284940882514e-15 3.437843249878012126e-17
4.109605110383684405e+03 3.497127251997602684e-15 3.440350884108513292e-17
4.115100745068482865e+03 3.407556538667982258e-15 3.243257592139308964e-17
4.120596379753281326e+03 3.269487565890619868e-15 4.286646399113817824e-17
4.126092014438079786e+03 3.107728725165362548e-15 4.164336519580981665e-17
4.131587649122878247e+03 2.865976573165254986e-15 3.157455456101275476e-17
4.137083283807676708e+03 2.515994420600288517e-15 2.804496824491791493e-17
4.142578918492475168e+03 2.182296129139870924e-15 2.638902880987166591e-17
4.148074553177273629e+03 1.884960953059527988e-15 2.752007677810611625e-17
4.153570187862072089e+03 1.697912286161448782e-15 3.100916556194065927e-17
4.159065822546870550e+03 1.610087598457459746e-15 2.452069899093619287e-17
4.164561457231669010e+03 1.423737237103910220e-15 2.236185509322128324e-17
4.170057091916467471e+03 1.284006879607692868e-15 2.627224768560595040e-17
4.175552726601265931e+03 1.151968059811269579e-15 2.049029760423620038e-17
4.181048361286064392e+03 1.053946340367827071e-15 1.977544983372994485e-17
4.186543995970862852e+03 1.099562554642602422e-15 3.058406587758123528e-17
4.192039630655661313e+03 1.107710452423586915e-15 3.301253343009746401e-17
4.197535265340459773e+03 1.263699185875189852e-15 2.110135310837287365e-17
4.203030900025258234e+03 1.340100106873322392e-15 2.472795502450187344e-17
4.208526534710056694e+03 1.450572333327186919e-15 2.285677009502507760e-17
4.214022169394855155e+03 1.622706384520601097e-15 2.271587209297062190e-17
4.219517804079653615e+03 1.865972119639064029e-15 2.918940803911630164e-17
4.225013438764452076e+03 2.197566904516095855e-15 3.324791253474011940e-17
4.230509073449250536e+03 2.622406407071507918e-15 3.971152005513606439e-17
4.236004708134048997e+03 2.818511982963535612e-15 3.531306481534532887e-17
4.241500342818847457e+03 2.791012587610444761e-15 3.271943929315520116e-17
4.246995977503645918e+03 2.557744584137386504e-15 2.762548238343584029e-17
4.252491612188444378e+03 2.109787579444936123e-15 2.546949235619454249e-17
4.257987246873242839e+03 1.675763796052220093e-15 2.343800325408053707e-17
4.263482881558041299e+03 1.462480376544947582e-15 2.174307997440332794e-17
4.268978516242839760e+03 1.336977646937355326e-15 2.128928837503417113e-17
4.274474150927638220e+03 1.234747652703959815e-15 2.088705305488217811e-17
4.279969785612436681e+03 1.262073277145447666e-15 2.164992213281595840e-17
4.285465420297235141e+03 1.317375108095939266e-15 2.064254803092688715e-17
4.290961054982033602e+03 1.461033071390266803e-15 2.149713266032785283e-17
4.296456689666832062e+03 1.604000544174025884e-15 2.205221182620435679e-17
4.301952324351630523e+03 1.730570518509547644e-15 2.332939853363695199e-17
4.307447959036428983e+03 1.856299056969259493e-15 2.326124846998653821e-17
4.312943593721227444e+03 1.930522806881263998e-15 2.368929013850180774e-17
4.318439228406025904e+03 2.058098059963767628e-15 2.471384618137481388e-17
4.323934863090824365e+03 2.130052738466803343e-15 2.471365278363680640e-17
4.329430497775622825e+03 2.154912144319679406e-15 2.617543169549433800e-17
4.334926132460421286e+03 2.049005154602941678e-15 2.612370426866160378e-17
4.340421767145219746e+03 1.876181574745029271e-15 2.320756095718202775e-17
4.345917401830018207e+03 1.644520944946777502e-15 2.185161582333375595e-17
4.351413036514816667e+03 1.493550529499601749e-15 2.124894985864521434e-17
4.356908671199615128e+03 1.392262034872766691e-15 2.047351280266056462e-17
4.362404305884413589e+03 1.437012236579013813e-15 2.089633330325812115e-17
4.367899940569212049e+03 1.524162058124820558e-15 2.320148908020767148e-17
4.373395575254010510e+03 1.631187782554801961e-15 2.178569517864515140e-17
4.378891209938808970e+03 1.771310862901390598e-15 2.443894370868212052e-17
4.384386844623607431e+03 1.839023447908376550e-15 2.514226827227011146e-17
4.389882479308405891e+03 1.972473933381613163e-15 2.496981569388642006e-17
4.395378113993204352e+03 2.126368153530780697e-15 2.405650537925924040e-17
4.400873748678002812e+03 2.126368153530780697e-15 2.862730147749704034e-17
4.406369383362801273e+03 2.126368153530780697e-15 2.461393202173424367e-17
4.411865018047599733e+03 2.126368153530780697e-15 2.422458456775067056e-17
4.417360652732398194e+03 2.126368153530780697e-15 2.403912171370788707e-17
4.422856287417196654e+03 2.100884762519497745e-15 2.554582156109939984e-17
4.428351922101995115e+03 2.079295647904430920e-15 2.692857576123924109e-17
4.433847556786793575e+03 2.059041292061888140e-15 2.738560922119466297e-17
4.439343191471592036e+03 2.166898931323969281e-15 2.376815294256397987e-17
4.444838826156390496e+03 2.482459448766179550e-15 2.505566253394772819e-17
4.450334460841188957e+03 2.786773956398519630e-15 3.126062977040042411e-17
4.455830095525987417e+03 2.968513250625563146e-15 3.341410130541136934e-17
4.461325730210785878e+03 2.855304716686820890e-15 3.127558851735802182e-17
4.466821364895584338e+03 2.717485381078890301e-15 2.594906371714370338e-17
4.472316999580382799e+03 2.551809488153034084e-15 3.452025904703570162e-17
4.477812634265181259e+03 2.480551281413328535e-15 3.431939263522094727e-17
4.483308268949979720e+03 2.392348446642539944e-15 2.464776120616568035e-17
4.488803903634778180e+03 2.203416818646976145e-15 2.480855593054550173e-17
4.494299538319576641e+03 2.067585454556839802e-15 2.323048341246258067e-17
4.499795173004375101e+03 1.820448776684804997e-15 2.562647546293838443e-17
4.505290807689173562e+03 1.683011069454785010e-15 2.623430632435611950e-17
4.510786442373972022e+03 1.509818842415182424e-15 2.330578907743278882e-17
4.516282077058770483e+03 1.477352690240848645e-15 2.383500055375501937e-17
4.521777711743568943e+03 1.496752816411626950e-15 2.484117472755360041e-17
4.527273346428367404e+03 1.537106790482975780e-15 2.086746630927476575e-17
4.532768981113165864e+03 1.635334101470839778e-15 2.559604493045951341e-17
4.538264615797964325e+03 1.852856926046393677e-15 2.251716822744182095e-17
4.543760250482762785e+03 2.018028633749176258e-15 2.314835780018368794e-17
4.549255885167561246e+03 2.249045686534029684e-15 2.503982514380141431e-17
4.554751519852359706e+03 2.521237811591017591e-15 2.961620081935229088e-17
4.560247154537158167e+03 2.945149586271900769e-15 3.273036675337447888e-17
4.565742789221956627e+03 3.481421705790213966e-15 2.855691271228991162e-17
4.571238423906755088e+03 4.254621241197516367e-15 3.139562865035109716e-17
4.576734058591553548e+03 5.436951273947507195e-15 3.958412690116759793e-17
4.582229693276352009e+03 5.869469450062795300e-15 3.944818924767113046e-17
4.587725327961150469e+03 5.869469450062795300e-15 4.078311721425345942e-17
4.593220962645948930e+03 5.869469450062795300e-15 4.730111345035118130e-17
4.598716597330747391e+03 5.869469450062795300e-15 3.948087480953945591e-17
4.604212232015545851e+03 5.869469450062795300e-15 3.624869582850436861e-17
4.609707866700344312e+03 5.403363243429281413e-15 3.521669918073569751e-17
4.615203501385142772e+03 5.356067373979550003e-15 3.541769007673970570e-17
4.620699136069941233e+03 6.139395228846950020e-15 3.824758099915397575e-17
4.626194770754739693e+03 6.139395228846950020e-15 6.112128866893947344e-17
4.631690405439538154e+03 6.197335651890903371e-15 4.564612268361581426e-17
4.637186040124336614e+03 6.495230645724391561e-15 5.337554647085521069e-17
4.642681674809135075e+03 6.495230645724391561e-15 3.832437282513309076e-17
4.648177309493933535e+03 6.049509604418936136e-15 3.721170497864649635e-17
4.653672944178731996e+03 6.197335651890903371e-15 3.797803616209067085e-17
4.659168578863530456e+03 7.000700998619875383e-15 4.138299059356645461e-17
4.664664213548328917e+03 8.296900478065619477e-15 4.272904055666475774e-17
4.670159848233127377e+03 8.847217629456751581e-15 7.032203185725660111e-17
4.675655482917925838e+03 8.889955172414970538e-15 5.945365405450419707e-17
4.681151117602724298e+03 8.892265136586338262e-15 7.149248561331012932e-17
4.686646752287522759e+03 8.577778793531412110e-15 4.710689946581000063e-17
4.692142386972321219e+03 8.102888667938992471e-15 4.263171621269780109e-17
4.697638021657119680e+03 7.870656306496596792e-15 4.252290238606727847e-17
4.703133656341918140e+03 7.717489941265763523e-15 5.077198135813923250e-17
4.708629291026716601e+03 7.635549151828665712e-15 5.482794813353463207e-17
4.714124925711515061e+03 7.513974287880539121e-15 4.085500703310179448e-17
4.719620560396313522e+03 7.571900917422085853e-15 4.099263870975232369e-17
4.725116195081111982e+03 7.892462420102438342e-15 6.676461259279674733e-17
4.730611829765910443e+03 7.902865134262844841e-15 5.372706688750929815e-17
4.736107464450708903e+03 7.513974287880539121e-15 6.381311936247456611e-17
4.741603099135507364e+03 7.377664132671848324e-15 4.299858876534623259e-17
4.747098733820305824e+03 6.691613756814690102e-15 4.249597787963691673e-17
4.752594368505104285e+03 6.334394571910216362e-15 3.854682057548386486e-17
4.758090003189902745e+03 6.100825291078760421e-15 3.866791568806980611e-17
4.763585637874701206e+03 5.842198961885049735e-15 4.040321024779714991e-17
4.769081272559499666e+03 5.866189693274217704e-15 4.983340206404154709e-17
4.774576907244298127e+03 5.730011417566293838e-15 5.027846402194310754e-17
4.780072541929096587e+03 5.463988035102478775e-15 4.524180978859448220e-17
4.785568176613895048e+03 5.370618628816391460e-15 3.796474556888849693e-17
4.791063811298693508e+03 5.665329461721987311e-15 3.633791227475800856e-17
4.796559445983491969e+03 6.262232271584785647e-15 3.950849783050690816e-17
4.802055080668290429e+03 6.594568943035365168e-15 5.290415431456726248e-17
4.807550715353088890e+03 6.664436921585412850e-15 5.327827330177220068e-17
4.813046350037887350e+03 6.955491514508676393e-15 6.379011081472546235e-17
4.818541984722685811e+03 6.833500659515587524e-15 4.610835162451380388e-17
4.824037619407484272e+03 6.693701192643154654e-15 5.266333184841801260e-17
4.829533254092282732e+03 5.898733321589014058e-15 3.668914403695707648e-17
4.835028888777081193e+03 4.837154860623320843e-15 3.305313805270770606e-17
4.840524523461879653e+03 4.193624462249591961e-15 3.091379392331064614e-17
4.846020158146678114e+03 4.460475259746021815e-15 3.203240041289620025e-17
4.851515792831476574e+03 4.887145742040647993e-15 3.939657575950807834e-17
4.857011427516275035e+03 4.955270517123570624e-15 4.549895894569142057e-17
4.862507062201073495e+03 4.955270517123570624e-15 3.556988651121112959e-17
4.868002696885871956e+03 4.955270517123570624e-15 5.515672749983600615e-17
4.873498331570670416e+03 5.081233418045137310e-15 3.992574661613502061e-17
4.878993966255468877e+03 4.957987389095038101e-15 4.524578703636566671e-17
4.884489600940267337e+03 4.382758737641339496e-15 3.128114501327343241e-17
4.889985235625065798e+03 3.676291983072117886e-15 3.262713790721630755e-17
4.895480870309864258e+03 3.448156242646291781e-15 3.077342390145211583e-17
4.900976504994662719e+03 3.555464606805259620e-15 2.855290617170561416e-17
4.906472139679461179e+03 4.079632389666512950e-15 3.104119487039272502e-17
4.911967774364259640e+03 5.158236398559285811e-15 3.738516478918832205e-17
4.917463409049058100e+03 6.718917275949748717e-15 3.890298147742984434e-17
4.922959043733856561e+03 8.645940495219559850e-15 4.423638599459055632e-17
4.928454678418655021e+03 1.049612818151507438e-14 5.024593758822291365e-17
4.933950313103453482e+03 1.140720047442224179e-14 5.839294309328632318e-17
4.939445947788251942e+03 1.140720047442224179e-14 5.300961127681595807e-17
4.944941582473050403e+03 1.140720047442224179e-14 5.794054099701861805e-17
4.950437217157848863e+03 1.140720047442224179e-14 5.748200083635455610e-17
4.955932851842647324e+03 1.140720047442224179e-14 5.274889847140569938e-17
4.961428486527445784e+03 1.027466426481130962e-14 4.609296325337790803e-17
4.966924121212244245e+03 8.590472118579556299e-15 4.299495061075161826e-17
4.972419755897042705e+03 6.567349112755346657e-15 4.079440685545862835e-17
4.977915390581841166e+03 4.714761482159885231e-15 3.656580369455385671e-17
4.983411025266639626e+03 3.648571351100830737e-15 2.833319786934622276e-17
4.988906659951438087e+03 3.243881528125709372e-15 2.686892129742111262e-17
4.994402294636236547e+03 3.446510729239240623e-15 2.792534450626694007e-17
4.999897929321035008e+03 4.251755452458117716e-15 2.998823164163149957e-17
5.005393564005833468e+03 5.290894444286540256e-15 3.364504542853568950e-17
5.010889198690631929e+03 6.500954126428274582e-15 3.642866294151570649e-17
5.016384833375430389e+03 7.905514363872692671e-15 3.996646318703968356e-17
5.021880468060228850e+03 9.529686170263692084e-15 4.359383388551528099e-17
5.027376102745027310e+03 1.063403187925234388e-14 4.669792450720790814e-17
5.032871737429825771e+03 1.063403187925234388e-14 7.683770707255719841e-17
5.038367372114624231e+03 1.063403187925234388e-14 6.260191145346784642e-17
5.043863006799422692e+03 1.063403187925234388e-14 7.034650393870922280e-17
5.049358641484221152e+03 1.063403187925234388e-14 4.920241652824639562e-17
5.054854276169019613e+03 9.646763804005189498e-15 4.942598512328216993e-17
5.060349910853818074e+03 8.584475903244405203e-15 4.321060726910639002e-17
5.065845545538616534e+03 8.005441475433153965e-15 4.054555503853968839e-17
5.071341180223414995e+03 7.923342316611855290e-15 4.011017756995097618e-17
5.076836814908213455e+03 7.880863997955685207e-15 6.457707721461861203e-17
5.082332449593011916e+03 7.803313096944920408e-15 6.291859438629709360e-17
5.087828084277810376e+03 7.617299806924701668e-15 4.586128909962925766e-17
5.093323718962608837e+03 7.178702356566054603e-15 3.832139343838397539e-17
5.098819353647407297e+03 6.486279895819883824e-15 4.142443834779184613e-17
5.104314988332205758e+03 5.763387256733290369e-15 3.390968198746009164e-17
5.109810623017004218e+03 5.150950585389978619e-15 3.206153805123822441e-17
5.115306257701802679e+03 4.569497770268799824e-15 3.082820090078744000e-17
5.120801892386601139e+03 4.019243354142894339e-15 3.308903763179090491e-17
5.126297527071399600e+03 3.366738382279740817e-15 2.633712759740075410e-17
5.131793161756198060e+03 2.885365303307001396e-15 2.483135491869491745e-17
5.137288796440996521e+03 2.702142044821452172e-15 2.459496064796962029e-17
5.142784431125794981e+03 2.736862127665118917e-15 2.405204007348492332e-17
5.148280065810593442e+03 2.884082661780889813e-15 2.596057467259337494e-17
5.153775700495391902e+03 3.232098489343455599e-15 2.764582377397017342e-17
5.159271335180190363e+03 3.507263812769027427e-15 3.051412990264854080e-17
5.164766969864988823e+03 3.799329030634649965e-15 2.794299939072265731e-17
5.170262604549787284e+03 4.311799216994803336e-15 2.945931948077413836e-17
5.175758239234585744e+03 4.719975842875966562e-15 3.363229564368439565e-17
5.181253873919384205e+03 5.120797663452596807e-15 3.707840573235506409e-17
5.186749508604182665e+03 5.150846862256041455e-15 4.279597866111619156e-17
5.192245143288981126e+03 5.150846862256041455e-15 4.212860150693179260e-17
5.197740777973779586e+03 5.150846862256041455e-15 3.288507026166147988e-17
5.203236412658578047e+03 5.235763197837113712e-15 3.217386662181794060e-17
5.208732047343376507e+03 5.150846862256041455e-15 3.255332710296490010e-17
5.214227682028174968e+03 5.377742657252844760e-15 3.422015293691980906e-17
5.219723316712973428e+03 5.867263897560202214e-15 3.386966193185538873e-17
5.225218951397771889e+03 6.256920235018725065e-15 4.534785040053249989e-17
5.230714586082570349e+03 6.262559120423565358e-15 4.632907774340067080e-17
5.236210220767368810e+03 6.112827563196313735e-15 5.690935116426846076e-17
5.241705855452167270e+03 5.688712293538159961e-15 3.672069923465212850e-17
5.247201490136965731e+03 5.248058512181273568e-15 3.330695136137766840e-17
5.252697124821764191e+03 5.227661823646951984e-15 3.234259003172231053e-17
5.258192759506562652e+03 5.384022788548549341e-15 3.502651869612876015e-17
5.263688394191361112e+03 5.582721245217472284e-15 4.447260702274411080e-17
5.269184028876159573e+03 5.582721245217472284e-15 6.727023476943256157e-17
5.274679663560958033e+03 5.582721245217472284e-15 5.222564758886415287e-17
5.280175298245756494e+03 5.582721245217472284e-15 5.556570544701692430e-17
5.285670932930554955e+03 5.582721245217472284e-15 3.339468761903941171e-17
5.291166567615353415e+03 5.157876236669396909e-15 3.244350721486671900e-17
5.296662202300151876e+03 4.996635890486876890e-15 3.240177040059017018e-17
5.302157836984950336e+03 5.227561103605451580e-15 3.235538346069356711e-17
5.307653471669748797e+03 5.598602634068125138e-15 3.351577766020445746e-17
5.313149106354547257e+03 5.916658835752296015e-15 3.436514576033829894e-17
5.318644741039345718e+03 6.527137352419167670e-15 3.627505410441008241e-17
5.324140375724144178e+03 7.324596334969575814e-15 3.821728391609455021e-17
5.346122914463338020e+03 7.324596334969575814e-15 4.193107691668791669e-17
5.351618549148136481e+03 7.435365744567417020e-15 4.383941844566273291e-17
5.357114183832934941e+03 7.900164458355319829e-15 4.599214058472603080e-17
5.362609818517733402e+03 8.146453643714954074e-15 4.047109487953451915e-17
5.368105453202531862e+03 8.226377448306879513e-15 4.782555173884647671e-17
5.373601087887330323e+03 8.226377448306879513e-15 6.429559448285404557e-17
5.379096722572128783e+03 8.226377448306879513e-15 8.351833533689067028e-17
5.384592357256927244e+03 8.226377448306879513e-15 5.611837116536519427e-17
5.390087991941725704e+03 8.226377448306879513e-15 4.107474742907350661e-17
5.395583626626524165e+03 7.889271527418654857e-15 4.007536145170629100e-17
5.401079261311322625e+03 7.549503740323811056e-15 4.135432602936534255e-17
5.406574895996121086e+03 7.621730827764648188e-15 4.255377000270696543e-17
5.412070530680919546e+03 8.017191656172952663e-15 4.387063789323124305e-17
5.417566165365718007e+03 8.849584400158004618e-15 4.520858964589573496e-17
5.423061800050516467e+03 9.338145951960283487e-15 6.402969911064311567e-17
5.428557434735314928e+03 9.950369831554468596e-15 7.989776267420495261e-17
5.434053069420113388e+03 9.950369831554468596e-15 8.165839265941760749e-17
5.439548704104911849e+03 9.950369831554468596e-15 5.739591872012890772e-17
5.445044338789710309e+03 9.950369831554468596e-15 5.029800885821254313e-17
5.450539973474508770e+03 9.950369831554468596e-15 4.768032044635075973e-17
5.456035608159307230e+03 9.862792670452175648e-15 4.599438939114502567e-17
5.461531242844105691e+03 9.210077996700615620e-15 4.624117489633949702e-17
5.467026877528904151e+03 8.769452796036317134e-15 4.401124505879533481e-17
5.472522512213702612e+03 8.335760709327226542e-15 4.617402604966210719e-17
5.478018146898501072e+03 7.964474614985491054e-15 5.376813191354179032e-17
5.483513781583299533e+03 7.518583475179801274e-15 4.783369605768903473e-17
5.489009416268097993e+03 7.001154128456008133e-15 4.350024609054892881e-17
5.494505050952896454e+03 6.579331861975080536e-15 3.855652711104304739e-17
5.500000685637694914e+03 5.874723740681661269e-15 4.195618834788592884e-17
5.505496320322493375e+03 5.582858194156187530e-15 4.209227282527717477e-17
5.510991955007291835e+03 5.714831313155290164e-15 4.403636485431162523e-17
5.516487589692090296e+03 6.483396220679797226e-15 3.834009873764277595e-17
5.521983224376888757e+03 7.745776095244776564e-15 4.138063617162359026e-17
5.527478859061687217e+03 9.281559264371290704e-15 4.840183747020543563e-17
5.532974493746485678e+03 1.024444456464833334e-14 5.102076217261194482e-17
5.538470128431284138e+03 1.094758314372849873e-14 5.483200107378772581e-17
5.543965763116082599e+03 1.119098572966733422e-14 6.415855208297604654e-17
5.549461397800881059e+03 1.134568245135517759e-14 5.595986000647875607e-17
5.554957032485679520e+03 1.108862294867721770e-14 5.749381505305447219e-17
5.560452667170477980e+03 1.072928075533012068e-14 5.446454000747726494e-17
5.565948301855276441e+03 1.039028085652154972e-14 4.858804187308266664e-17
5.571443936540074901e+03 9.870544978430772192e-15 4.781942420875069365e-17
5.576939571224873362e+03 9.578280329441829486e-15 4.713618628496078975e-17
5.582435205909671822e+03 9.164581375455713962e-15 6.327559820606279786e-17
5.587930840594470283e+03 8.987302443999486406e-15 6.148709225629332541e-17
5.593426475279268743e+03 8.602143772339931741e-15 5.673585198768609906e-17
5.598922109964067204e+03 8.210364363413440151e-15 5.857846640014531344e-17
5.604417744648865664e+03 7.677463697138833883e-15 4.708701266691593555e-17
5.609913379333664125e+03 7.124684935534343155e-15 4.171659822190656933e-17
5.615409014018462585e+03 6.336809111783970164e-15 3.906205976981915682e-17
5.620904648703261046e+03 5.535807297625345670e-15 3.699417030661064095e-17
5.626400283388059506e+03 4.760930417173430676e-15 3.717151060390974301e-17
5.631895918072857967e+03 4.264308707297772254e-15 3.616752940033604181e-17
5.637391552757656427e+03 4.234103368551275188e-15 3.349746501591503076e-17
5.642887187442454888e+03 4.463916654993327794e-15 3.425773492074752265e-17
5.648382822127253348e+03 5.039093646814822375e-15 3.592107982204776129e-17
5.653878456812051809e+03 6.008914568344020840e-15 3.926842188272548323e-17
5.659374091496850269e+03 6.858944205800214404e-15 4.201860906284865251e-17
5.664869726181648730e+03 7.554123224024485121e-15 4.954431049793431012e-17
5.670365360866447190e+03 8.168959765001895003e-15 4.659317433173538381e-17
5.675860995551245651e+03 8.854348310165163322e-15 5.537458149676586151e-17
5.681356630236044111e+03 9.010211815212632527e-15 6.221947170707696611e-17
5.686852264920842572e+03 9.010211815212632527e-15 5.139984156206043654e-17
5.692347899605641032e+03 9.010211815212632527e-15 7.064787729126809400e-17
5.697843534290439493e+03 9.010211815212632527e-15 7.209999520889300943e-17
5.703339168975237953e+03 9.010211815212632527e-15 5.105069636996706037e-17
