# obs_wvl flux error  |  merged epoch (native): STIS CCD,STIS MAMA
1.597000000000000000e+03 -3.598695709375147878e-15 3.717073645951619876e-15
1.598548025145667907e+03 -3.046341627359222465e-15 3.144578468453421817e-15
1.600096050291335814e+03 -2.859404029522614457e-16 3.257893485355037831e-15
1.601644075437003721e+03 1.897190807342038711e-15 2.230867655762222185e-15
1.603192100582671628e+03 1.101754670994095645e-15 2.121572972478814486e-15
1.604740125728339535e+03 1.101754670994095645e-15 1.812360278287718712e-15
1.606288150874007442e+03 -8.378789928876284040e-16 1.687225267396762039e-15
1.607836176019675349e+03 1.525918395691582766e-15 1.671935342939713985e-15
1.609384201165343256e+03 2.051536261038471569e-15 1.512200694286523898e-15
1.610932226311011163e+03 1.282848040207991547e-15 1.380837299761846308e-15
1.612480251456679071e+03 -5.447864055907853076e-16 1.206130951998311250e-15
1.614028276602346978e+03 9.662002757788431129e-16 1.203788214113481180e-15
1.615576301748014885e+03 9.624249237104280436e-16 1.079695407872155201e-15
1.617124326893682792e+03 -9.951673022877980433e-16 9.323373417242976547e-16
1.618672352039350699e+03 -5.832086220546967124e-16 9.158305201516242319e-16
1.620220377185018606e+03 -9.783210239880678700e-16 8.057788271982933077e-16
1.621768402330686513e+03 1.295213936175249640e-16 8.311919746314780493e-16
1.623316427476354420e+03 4.185617568442212809e-16 7.902586973360193696e-16
1.624864452622022327e+03 3.522225985784137874e-16 7.330433759798520776e-16
1.626412477767690234e+03 -3.590249841108552548e-16 6.577520813884820755e-16
1.627960502913358141e+03 7.988915577013980295e-16 6.964333460069801050e-16
1.629508528059026048e+03 -1.003558444979311670e-16 5.951216108447316839e-16
1.631056553204693955e+03 -3.812384855554127897e-16 5.744569102594328186e-16
1.632604578350361862e+03 -3.560994901314664321e-16 5.489935722006417033e-16
1.634152603496029769e+03 -7.131622069263589205e-16 5.023187765183359368e-16
1.635700628641697676e+03 -4.034536633648700295e-16 4.985430014744726024e-16
1.637248653787365583e+03 -1.028888978685655010e-15 4.408689697906080559e-16
1.638796678933033490e+03 -6.423934127715485528e-16 4.539531347913990833e-16
1.640344704078701398e+03 -3.760462117767256397e-16 4.471303878310955315e-16
1.641892729224369305e+03 2.711956563288173533e-16 4.539106855694206952e-16
1.643440754370037212e+03 4.472998705280041427e-16 4.577122161072302690e-16
1.644988779515705119e+03 -2.093118379347450242e-16 4.014852354674567483e-16
1.646536804661373026e+03 6.860555356808872103e-16 4.413063380247987250e-16
1.648084829807040933e+03 -1.295588848566820015e-16 3.703496751708604211e-16
1.649632854952708840e+03 -3.657205515474296051e-16 3.753990937077592710e-16
1.651180880098376747e+03 1.913208225259205598e-16 3.865811432887053061e-16
1.652728905244044654e+03 -4.495906045220622744e-16 3.331568039675791358e-16
1.654276930389712561e+03 -5.758706587650120303e-16 3.265735874139070187e-16
1.655824955535380468e+03 -4.246043695309457601e-16 3.237339065461953529e-16
1.657372980681048375e+03 9.909972629234768772e-18 3.380210882999235648e-16
1.658921005826716282e+03 -1.764405224817436072e-16 3.205195606439624018e-16
1.660469030972384189e+03 -3.394021159400313231e-16 3.075327357033212565e-16
1.662017056118052096e+03 9.019134530022064942e-17 3.221557496283551722e-16
1.663565081263720003e+03 -1.123077185253764289e-16 3.033860139039663347e-16
1.665113106409387910e+03 -3.928925031355101450e-16 2.839059968512571538e-16
1.666661131555055817e+03 -3.056319871142907849e-16 2.844492548091668590e-16
1.668209156700723724e+03 -3.064216334858214866e-16 2.760400065571060587e-16
1.669757181846391632e+03 -1.315728406338874721e-16 2.877781879094562760e-16
1.671305206992059539e+03 1.926791421336938080e-16 2.892454253857718185e-16
1.672853232137727446e+03 -2.067948292017960696e-16 2.665297624182321586e-16
1.674401257283395353e+03 -1.894786129764562615e-16 2.650269398029739012e-16
1.675949282429063260e+03 3.178351463128876362e-16 2.902663072140251083e-16
1.677497307574731167e+03 -1.266371804779444329e-16 2.559393525910462254e-16
1.679045332720399074e+03 8.655241385937023282e-17 2.676761706717741192e-16
1.680593357866066981e+03 1.044098087940311362e-16 2.589119235844338232e-16
1.682141383011734888e+03 -2.618627680143091319e-16 2.395656805276184290e-16
1.683689408157402795e+03 2.751350184478488488e-16 2.663084324879270446e-16
1.685237433303070702e+03 1.435816535657667431e-16 2.510437432497993723e-16
1.686785458448738609e+03 8.551837055355170155e-17 2.419372473600864914e-16
1.688333483594406516e+03 2.454479720444666939e-16 2.542917597464024344e-16
1.689881508740074423e+03 5.311656332257267976e-16 2.623524643325784263e-16
1.691429533885742330e+03 2.406745875635368160e-16 2.400043656080455133e-16
1.692977559031410237e+03 -1.721343440196596319e-16 2.199111823339991783e-16
1.694525584177078144e+03 -1.835584009162045133e-17 2.257242924033790974e-16
1.696073609322746051e+03 2.661856206340946802e-18 2.274502010727762754e-16
1.697621634468413959e+03 4.691351522458701869e-16 2.482992883166826900e-16
1.699169659614081866e+03 6.394830894809942116e-17 2.229500042303800562e-16
1.700717684759749773e+03 -6.817961125102717234e-17 2.123838392877374006e-16
1.702265709905417680e+03 1.022565371482518935e-16 2.223020465611687081e-16
1.703813735051085587e+03 1.237310041534965181e-16 2.150870891713514571e-16
1.705361760196753494e+03 -3.192053770025029554e-16 1.926308396826069502e-16
1.706909785342421401e+03 -3.228593043607516055e-16 1.922004196876127288e-16
1.708457810488089308e+03 -6.565087195592017590e-17 2.062718939591713267e-16
1.710005835633757215e+03 -7.059195435966127506e-17 2.016316285994180517e-16
1.711553860779425122e+03 2.000593726476137532e-16 2.171475899627381585e-16
1.713101885925093029e+03 2.369240161198611026e-16 2.120538629000290814e-16
1.714649911070760936e+03 1.234403573712735294e-16 2.043132810989439704e-16
1.716197936216428843e+03 3.148076843786163400e-16 2.136875760071697743e-16
1.717745961362096750e+03 2.764900577572725103e-16 2.079357120052109741e-16
1.719293986507764657e+03 -9.260153914036282446e-17 1.862119080343514255e-16
1.720842011653432564e+03 -2.704430885449066156e-16 1.765303908822650289e-16
1.722390036799100471e+03 8.551809808349657777e-17 1.972774578248748236e-16
1.723938061944768378e+03 1.224036856529824780e-16 1.964910525692172164e-16
1.725486087090436286e+03 3.652833088301181801e-16 2.039240843174737953e-16
1.727034112236104193e+03 1.667812131244042610e-16 1.946735993649140029e-16
1.728582137381772100e+03 1.477641329647409638e-16 1.925458194822956650e-16
1.730130162527440007e+03 2.041583467689269772e-16 1.938293014916125287e-16
1.731678187673107914e+03 3.859717811718779342e-16 2.004254526297651193e-16
1.733226212818775821e+03 1.795110842374190186e-16 1.868660212753277538e-16
1.734774237964443728e+03 -7.662730259251231153e-17 1.681505001102351415e-16
1.736322263110111635e+03 1.014183083362953588e-16 1.833764979481116221e-16
1.737870288255779542e+03 -1.587902784123708722e-16 1.675172588060958093e-16
1.739418313401447449e+03 3.546619453509107943e-16 1.958287133592451254e-16
1.740966338547115356e+03 9.130730359773897722e-17 1.732047391896086832e-16
1.742514363692783263e+03 1.675282645186030062e-16 1.824068220843591682e-16
1.744062388838451170e+03 -2.688067747425650181e-16 1.477230882610188223e-16
1.745610413984119077e+03 2.339089265322646719e-16 1.824766010981697457e-16
1.747158439129786984e+03 6.055820467412514167e-17 1.675350184682149072e-16
1.748706464275454891e+03 -2.534523685583470988e-17 1.654811275398467183e-16
1.750254489421122798e+03 8.428110110865577065e-17 1.695614060600929107e-16
1.751802514566790705e+03 2.018857801197252307e-16 1.724352554625205270e-16
1.753350539712458612e+03 2.029472251085383425e-16 1.712493154158919776e-16
1.754898564858126520e+03 2.682157851671463804e-16 1.746056970061653345e-16
1.756446590003794427e+03 4.468863712740324259e-17 1.634372792753363694e-16
1.757994615149462334e+03 1.573871786655241098e-16 1.657400193598433232e-16
1.759542640295130241e+03 -1.410898127669529850e-18 1.570973808484964055e-16
1.761090665440798148e+03 1.898702626790255176e-16 1.653322365137531618e-16
1.762638690586466055e+03 -1.388469956497759533e-16 1.468833635575613198e-16
1.764186715732133962e+03 2.484142787529608871e-16 1.701802979211665827e-16
1.765734740877801869e+03 3.563521757859971170e-19 1.521126902727016265e-16
1.767282766023469776e+03 2.671081266445066347e-16 1.654368512333563239e-16
1.768830791169137683e+03 2.045760801866572884e-16 1.625354007934673001e-16
1.770378816314805590e+03 1.210730809900443245e-16 1.551650194979789279e-16
1.771926841460473497e+03 1.618820026861515645e-16 1.577224595155487373e-16
1.773474866606141404e+03 2.454043180766051244e-16 1.618422150766444471e-16
1.775022891751809311e+03 -2.644367719686321657e-17 1.436747754521635128e-16
1.776570916897477218e+03 -4.477847365811223175e-17 1.437990568534463596e-16
1.778118942043145125e+03 5.168887529278163961e-17 1.489825822637098410e-16
1.779666967188813032e+03 3.737828788391256587e-16 1.629508510394509879e-16
1.781214992334480939e+03 3.999643578941049974e-16 1.652911217789120480e-16
1.782763017480148847e+03 1.347716831941957345e-16 1.509034420652990049e-16
1.784311042625816754e+03 8.765049619758209229e-17 1.463115785255511671e-16
1.785859067771484661e+03 1.696640452002613301e-16 1.510491975162934099e-16
1.787407092917152568e+03 2.168103909173556187e-16 1.512092793147432811e-16
1.788955118062820475e+03 3.154935971305479090e-16 1.586811393197015051e-16
1.790503143208488382e+03 2.963418392478611748e-16 1.536151227720183059e-16
1.792051168354156289e+03 3.113248129537252757e-17 1.367086703237827320e-16
1.793599193499824196e+03 2.459241193140408311e-16 1.517136621764707487e-16
1.795147218645492103e+03 3.706430431864948513e-16 1.544558128550452544e-16
1.796695243791160010e+03 9.419002739036150136e-17 1.404455675725179653e-16
1.798243268936827917e+03 5.276789531374474423e-17 1.376565153356774618e-16
1.799791294082495824e+03 1.568613290233967627e-16 1.398246614980460171e-16
1.801339319228163731e+03 4.559416796978797457e-16 1.567407336678314099e-16
1.802887344373831638e+03 4.558344265493720187e-17 1.330856429449841154e-16
1.804435369519499545e+03 9.181533414037647972e-17 1.354868817901093498e-16
1.805983394665167452e+03 4.910402844197619506e-17 1.309497244343843280e-16
1.807531419810835359e+03 -3.222541523858689622e-17 1.244066993854436179e-16
1.809079444956503266e+03 1.074702797035056776e-16 1.314520295774565913e-16
1.810627470102171173e+03 4.036061549283282565e-16 1.490666448175896094e-16
1.812175495247839081e+03 2.712877588426482874e-16 1.387331883229839032e-16
1.813723520393506988e+03 5.162374711715976116e-17 1.249544609384567892e-16
1.815271545539174895e+03 2.732892523015037484e-16 1.363138485128523019e-16
1.816819570684842802e+03 3.153854966148401869e-16 1.392699140337488389e-16
1.818367595830510709e+03 -8.497469314035773769e-17 1.147028734254363895e-16
1.819915620976178616e+03 1.359164843273517065e-16 1.240016964166114746e-16
1.821463646121846523e+03 2.820547453479622573e-16 1.328456933467140073e-16
1.823011671267514430e+03 2.736577249237823389e-16 1.289725306582706931e-16
1.824559696413182337e+03 1.213178944116881228e-16 1.223750571602504085e-16
1.826107721558850244e+03 2.672570296870115181e-16 1.274544280518233117e-16
1.827655746704518151e+03 2.098319787316351588e-16 1.231114811227953628e-16
1.829203771850186058e+03 2.950639782161568514e-16 1.271396889644814321e-16
1.830751796995853965e+03 2.873585939142259074e-16 1.246491546788439954e-16
1.832299822141521872e+03 1.807123661331600609e-16 1.212316687678289911e-16
1.833847847287189779e+03 2.062280748913631070e-16 1.193539447310777231e-16
1.835395872432857686e+03 3.080938712173896105e-16 1.228180009940026375e-16
1.836943897578525593e+03 1.071291868921701254e-16 1.130646134830164753e-16
1.838491922724193500e+03 3.849416098369706580e-16 1.253743895759916292e-16
1.840039947869861408e+03 3.764036988712201013e-16 1.227103603545535194e-16
1.841587973015529315e+03 2.206456323785837985e-16 1.183210722174490027e-16
1.843135998161197222e+03 2.800388290482922448e-16 1.167523739321424023e-16
1.844684023306865129e+03 2.430670126664558820e-16 1.147368385784006837e-16
1.846232048452533036e+03 1.271002061029225017e-16 1.075318556879009140e-16
1.847780073598200943e+03 2.071157463930461968e-16 1.119661244345128803e-16
1.849328098743868850e+03 3.000832342134014949e-16 1.156767457867580067e-16
1.850876123889536757e+03 1.748182079324681617e-17 9.923724947780746037e-17
1.852424149035204664e+03 2.970480442493667736e-16 1.131212638708004115e-16
1.853972174180872571e+03 2.181594057161986685e-16 1.083303797984721651e-16
1.855520199326540478e+03 3.289976969749716937e-16 1.142847814182341601e-16
1.857068224472208385e+03 3.442086953801201356e-16 1.131127688529919762e-16
1.858616249617876292e+03 1.357427215147883030e-16 1.001700276303976266e-16
1.860164274763544199e+03 3.211408011456400444e-16 1.114022381608942924e-16
1.861712299909212106e+03 3.121231229931941234e-16 1.094840877860780134e-16
1.863260325054880013e+03 2.372986847436508437e-16 1.062909730624968814e-16
1.864808350200547920e+03 2.505305202657326824e-16 1.046872463535845701e-16
1.866356375346215827e+03 3.047077870819568986e-16 1.047405113598059213e-16
1.867904400491883735e+03 4.482339110850859399e-16 1.127638153785172157e-16
1.869452425637551642e+03 2.086292940186404468e-16 1.024247735951706391e-16
1.871000450783219549e+03 2.565528998995900548e-16 1.029334028216188814e-16
1.872548475928887456e+03 2.776572277038547882e-16 1.033301927894663310e-16
1.874096501074555363e+03 2.661380233209681187e-16 1.011431798409006192e-16
1.875644526220223270e+03 2.123106717993441173e-16 9.845977352807993568e-17
1.877192551365891177e+03 3.914490753023702366e-16 1.047374333027755816e-16
1.878740576511559084e+03 6.017423005135468440e-16 1.129970738036721449e-16
1.880288601657226991e+03 5.433142389906614184e-16 1.125991466267289576e-16
1.881836626802894898e+03 3.643835297508334237e-16 1.034051088033644248e-16
1.883384651948562805e+03 2.959739468375564554e-16 9.859936089914807903e-17
1.884932677094230712e+03 4.356425254852473285e-16 1.044706707064918111e-16
1.886480702239898619e+03 3.680082776301031834e-16 1.009580024846509928e-16
1.888028727385566526e+03 4.217094639617368748e-16 1.035814560165966011e-16
1.889576752531234433e+03 4.610114280251829745e-16 1.027774428426363060e-16
1.891124777676902340e+03 5.084320619534315921e-16 1.060155063938809598e-16
1.892672802822570247e+03 4.739574229171660993e-16 1.042252275644693404e-16
1.894220827968238154e+03 3.565325368452953775e-16 9.695223705648643115e-17
1.895768853113906061e+03 4.596092459039147158e-16 1.024248115584655974e-16
1.897316878259573969e+03 4.254282521888644944e-16 9.999612079920664965e-17
1.898864903405241876e+03 5.453263909944216759e-16 1.041807516584468830e-16
1.900412928550909783e+03 2.648496388206349707e-16 9.195727009743878541e-17
1.901960953696577690e+03 3.380745646876545236e-16 9.256024283824118456e-17
1.903508978842245597e+03 4.107700460592031024e-16 9.653220417478446225e-17
1.905057003987913504e+03 3.670236995302719067e-16 9.470816669966814440e-17
1.906605029133581411e+03 3.608187824922581547e-16 9.168225969397646687e-17
1.908153054279249318e+03 4.685374704418497483e-16 9.765396471787870832e-17
1.909701079424917225e+03 4.986101061759880947e-16 9.893951476012496317e-17
1.911249104570585132e+03 2.225464444199127963e-16 8.456721951845888595e-17
1.912797129716253039e+03 3.399190362021153891e-16 8.969050429189253422e-17
1.914345154861920946e+03 3.603776032247987322e-16 8.969640786816871997e-17
1.915893180007588853e+03 3.558532666226603643e-16 9.013692477705180590e-17
1.917441205153256760e+03 3.242890329537840676e-16 8.721085736472668373e-17
1.918989230298924667e+03 2.368625499455620910e-16 8.374473113733588844e-17
1.920537255444592574e+03 2.551812568155697414e-16 8.287481698301974593e-17
1.922085280590260481e+03 4.808905317159587522e-16 9.339690701412323943e-17
1.923633305735928388e+03 4.796501579982273755e-16 9.280927186332061240e-17
1.925181330881596296e+03 3.705675393900647030e-16 8.568856576991582394e-17
1.926729356027264203e+03 4.177681274191899509e-16 9.084482816329368123e-17
1.928277381172932110e+03 2.248043937291296713e-16 7.909904578665386256e-17
1.929825406318600017e+03 2.876084666770957859e-16 8.180407402779587551e-17
1.931373431464267924e+03 4.659995021013746513e-16 8.962960867212765533e-17
1.932921456609935831e+03 4.002620835719141471e-16 8.565590008629878883e-17
1.934469481755603738e+03 3.447818561781256155e-16 8.343501779903335860e-17
1.936017506901271645e+03 2.902403808273574056e-16 7.980658842169760695e-17
1.937565532046939552e+03 3.044960864330362230e-16 8.133621810690192540e-17
1.939113557192607459e+03 3.593389801316231911e-16 8.147841985058483456e-17
1.940661582338275366e+03 4.372487197607231925e-16 8.692254457998156268e-17
1.942209607483943273e+03 2.111514136210680129e-16 7.491875244096489933e-17
1.943757632629611180e+03 2.104872025304600942e-16 7.497188567668114406e-17
1.945305657775279087e+03 2.827325664396938739e-16 7.658380927806164948e-17
1.946853682920946994e+03 3.105897298223628059e-16 7.886634575236082146e-17
1.948401708066614901e+03 4.356194511915716037e-16 8.233968210274525854e-17
1.949949733212282808e+03 4.463176037933929313e-16 8.454587993878746590e-17
1.951497758357950715e+03 2.671504035029473901e-16 7.499219230824226029e-17
1.953045783503618622e+03 3.573963186228371719e-16 7.800572399478200089e-17
1.954593808649286530e+03 4.269732642902080214e-16 8.119511841994215951e-17
1.956141833794954437e+03 4.486924066392589374e-16 8.174061658358004998e-17
1.957689858940622344e+03 3.558504961712239195e-16 7.624712908714845764e-17
1.959237884086290251e+03 4.177921486842155464e-16 8.047042086250785233e-17
1.960785909231958158e+03 2.965820719009081160e-16 7.400146181242796224e-17
1.962333934377626065e+03 3.237194622972200115e-16 7.608651232838982471e-17
1.963881959523293972e+03 2.222523145173780928e-16 6.841800458576314799e-17
1.965429984668961879e+03 4.001382730949629329e-16 7.705378211799335385e-17
1.966978009814629786e+03 4.795998711666068185e-16 8.109590701182545761e-17
1.968526034960297693e+03 2.990667818031090684e-16 7.407756696789441821e-17
1.970074060105965600e+03 1.661747274650036731e-16 6.619117010423709281e-17
1.971622085251633507e+03 3.093894462812517951e-16 7.103171858943009040e-17
1.973170110397301414e+03 4.174597215375210489e-16 7.645380699819235946e-17
1.974718135542969321e+03 3.176660023140118645e-16 7.188443859659060044e-17
1.976266160688637228e+03 3.807599406685815174e-16 7.375516582580444201e-17
1.977814185834305135e+03 3.914396868879915172e-16 7.394772827485385502e-17
1.979362210979973042e+03 3.509452285059335696e-16 7.320841641405263510e-17
1.980910236125640949e+03 3.882916127762583496e-16 7.305001808073578987e-17
1.982458261271308857e+03 4.489755036973714125e-16 7.509536795086369895e-17
1.984006286416976764e+03 4.055553150957779519e-16 7.430338546980801161e-17
1.985554311562644671e+03 3.240960463327345018e-16 6.896809856773483335e-17
1.987102336708312578e+03 3.956432392498300244e-16 7.220972850804784901e-17
1.988650361853980485e+03 3.897159292818053466e-16 7.105060504774406128e-17
1.990198386999648392e+03 3.527179385161621199e-16 7.031433272947903245e-17
1.991746412145316299e+03 2.871918537566879628e-16 6.540760918267323218e-17
1.993294437290984206e+03 4.791388913982451415e-16 7.410703395803501010e-17
1.994842462436652113e+03 4.430964495874462963e-16 7.189584545493600117e-17
1.996390487582320020e+03 4.359116435077558213e-16 7.280666454851834056e-17
1.997938512727987927e+03 3.956690558527059335e-16 6.802814789962558858e-17
1.999486537873655834e+03 4.658676683638922672e-16 7.181926326246683828e-17
2.001034563019323741e+03 4.133474172497119603e-16 7.021475574798424607e-17
2.002582588164991648e+03 3.307557221889437196e-16 6.473831991240646239e-17
2.004130613310659555e+03 3.392276487325642723e-16 6.630671417532952953e-17
2.005678638456327462e+03 3.358974123763346813e-16 6.394721313869284314e-17
2.007226663601995369e+03 4.039367918805561921e-16 6.799665219266683611e-17
2.008774688747663276e+03 3.913003027400819406e-16 6.630230975912639179e-17
2.010322713893331183e+03 4.251263883533026836e-16 6.719504593992698422e-17
2.011870739038999091e+03 4.170352099570477493e-16 6.680273046221985601e-17
2.013418764184666998e+03 4.687938092998496348e-16 6.820891150990514141e-17
2.014966789330334905e+03 4.322336369017470790e-16 6.849914284036335387e-17
2.016514814476002812e+03 3.186564832706193126e-16 6.072253336526701792e-17
2.018062839621670719e+03 4.993858556543152270e-16 6.800304458259396326e-17
2.019610864767338626e+03 4.845858363786317693e-16 6.760747863624099524e-17
2.021158889913006533e+03 3.869746986939668124e-16 6.389528564649608867e-17
2.022706915058674440e+03 4.109061564217962614e-16 6.385711400479745589e-17
2.024254940204342347e+03 4.710272127591863571e-16 6.600775861270726039e-17
2.025802965350010254e+03 4.135734558598517823e-16 6.345000846960301407e-17
2.027350990495678161e+03 3.516345988057763282e-16 6.055336980301607263e-17
2.028899015641346068e+03 4.273556596072500664e-16 6.426706334418094069e-17
2.030447040787013975e+03 4.060137804192327566e-16 6.217683058860836519e-17
2.031995065932681882e+03 4.241031758407653880e-16 6.353472254308401467e-17
2.033543091078349789e+03 3.651836205808683488e-16 5.983991139126623374e-17
2.035091116224017696e+03 3.296174429971814459e-16 5.867410610766233870e-17
2.036639141369685603e+03 3.663415911842188241e-16 6.017106927608443949e-17
2.038187166515353510e+03 3.037493055853248149e-16 5.713847817509120609e-17
2.039735191661021418e+03 2.990346455822222932e-16 5.718985541088368743e-17
2.041283216806689325e+03 3.126324571138700060e-16 5.594422651109711455e-17
2.042831241952357232e+03 3.033756810582758371e-16 5.706912646993438880e-17
2.044379267098025139e+03 2.818590941888759845e-16 5.535740987505222795e-17
2.045927292243693046e+03 2.848376760439879235e-16 5.454184433827486578e-17
2.047475317389360953e+03 3.217229036134029158e-16 5.554251033543742789e-17
2.049023342535028860e+03 3.496485245437105177e-16 5.732959973431309889e-17
2.050571367680696767e+03 3.138235719085545804e-16 5.524135815447087664e-17
2.052119392826364674e+03 3.409004245279909938e-16 5.557877672640535890e-17
2.053667417972032581e+03 3.629459537271646459e-16 5.727206366539031925e-17
2.055215443117700488e+03 2.984865607379019431e-16 5.458432015483119927e-17
2.056763468263368395e+03 2.377596225352085000e-16 5.152963072615523436e-17
2.058311493409036302e+03 2.645084983504863317e-16 5.248049808334318385e-17
2.059859518554704209e+03 2.738066045194057969e-16 5.195545043441739010e-17
2.061407543700372116e+03 3.031203683061957449e-16 5.373539662373932343e-17
2.062955568846040023e+03 2.681947395855505848e-16 5.098461774228560369e-17
2.064503593991707930e+03 3.206673329499375944e-16 5.363240194660211349e-17
2.066051619137375837e+03 3.144939771100560283e-16 5.364205395202743924e-17
2.067599644283043745e+03 2.995747400967785791e-16 5.179558170178349920e-17
2.069147669428711652e+03 3.082945878251964585e-16 5.316176202127537849e-17
2.070695694574379559e+03 2.324787180916674388e-16 4.952320946945582889e-17
2.072243719720047466e+03 2.380713948531341527e-16 5.014903714509046767e-17
2.073791744865715373e+03 2.000105681314770817e-16 4.663892566894361455e-17
2.075339770011383280e+03 3.194776720475245621e-16 5.263078461123400473e-17
2.076887795157051187e+03 2.484616193925613283e-16 4.946084810600485353e-17
2.078435820302719094e+03 2.246295134518043679e-16 4.685565366789350661e-17
2.079983845448387001e+03 3.505404900365351393e-16 5.350095572314466361e-17
2.081531870594054908e+03 3.050370795307214937e-16 4.965561771307125286e-17
2.083079895739722815e+03 3.446699397700899392e-16 5.279222273208441055e-17
2.084627920885390722e+03 2.765067401378928130e-16 4.836132650708117784e-17
2.086175946031058629e+03 3.313427733356996397e-16 5.029901860401822949e-17
2.087723971176726536e+03 3.329975936579560811e-16 5.107163373388333014e-17
2.089271996322394443e+03 2.395804092175812437e-16 4.634329091742624235e-17
2.090820021468062350e+03 2.715820550330018403e-16 4.830074564670392864e-17
2.092368046613730257e+03 2.656019094918053209e-16 4.739285968063575868e-17
2.093916071759398164e+03 2.932609260279041377e-16 4.790080873557025658e-17
2.095464096905066071e+03 3.265000205263692403e-16 4.966038782286096720e-17
2.097012122050733979e+03 2.838766453809528652e-16 4.707486571524652476e-17
2.098560147196401886e+03 2.672589364089233484e-16 4.652783925200273864e-17
2.100108172342069793e+03 2.773730024946375312e-16 4.569046103874559459e-17
2.101656197487737700e+03 3.297400801262278473e-16 4.863898904957110926e-17
2.103204222633405607e+03 2.559484940714654759e-16 4.559216220203389072e-17
2.104752247779073514e+03 2.596112141514053344e-16 4.588797096464122801e-17
2.106300272924741421e+03 2.443370148802806817e-16 4.428927310835170301e-17
2.107848298070409328e+03 2.970951239364254099e-16 4.651861795568746002e-17
2.109396323216077235e+03 2.293755555605002212e-16 4.387126066772382483e-17
2.110944348361745142e+03 1.796607604949469177e-16 4.152760281798172694e-17
2.112492373507413049e+03 2.124011705070450272e-16 4.273136545805940072e-17
2.114040398653080956e+03 2.506306491491150278e-16 4.379695050783189346e-17
2.115588423798748863e+03 2.678808609651244487e-16 4.441399395460812170e-17
2.117136448944416770e+03 2.326179566616346653e-16 4.288793720030268313e-17
2.118684474090084677e+03 2.783128124837215759e-16 4.382885963219027854e-17
2.120232499235752584e+03 3.138955772857527640e-16 4.591987630350590819e-17
2.121780524381420491e+03 2.277572882532798493e-16 4.265260719969107422e-17
2.123328549527088398e+03 1.965426991257884536e-16 4.102785671953131319e-17
2.124876574672756306e+03 1.852293959594832753e-16 3.982190048583896653e-17
2.126424599818424213e+03 2.599392012591459896e-16 4.274291652250532924e-17
2.127972624964092120e+03 2.805999408591794485e-16 4.362122802354472970e-17
2.129520650109760027e+03 2.443407987196420159e-16 4.203260260154918493e-17
2.131068675255427934e+03 2.760158630072329294e-16 4.293409465346347267e-17
2.132616700401095841e+03 2.090906070197734304e-16 4.101623535344804897e-17
2.134164725546763748e+03 1.841607514097270835e-16 3.910769333812042938e-17
2.135712750692431655e+03 2.783956189485941035e-16 4.236210419611006461e-17
2.137260775838099562e+03 3.037644666290408750e-16 4.434696835502306330e-17
2.138808800983767469e+03 2.688312501361084767e-16 4.189295684353517856e-17
2.140356826129435376e+03 2.537294742789890006e-16 4.179159770601231269e-17
2.141904851275103283e+03 2.219385522117274987e-16 3.983364447872600322e-17
2.143452876420771190e+03 2.283905624166638927e-16 4.049860132919558065e-17
2.145000901566439097e+03 2.335855877418219292e-16 3.996036387092507594e-17
2.146548926712107004e+03 3.015378550989185788e-16 4.219719738107468835e-17
2.148096951857774911e+03 3.409838810816499459e-16 4.381315501306541865e-17
2.149644977003442818e+03 3.228677785372971307e-16 4.413210184166707608e-17
2.151193002149110725e+03 1.920088996468196402e-16 3.788088000983616541e-17
2.152741027294778632e+03 2.611084573900657232e-16 4.031027080366518933e-17
2.154289052440446540e+03 3.118354909894059412e-16 4.209514368107751403e-17
2.155837077586114447e+03 2.480850982637651191e-16 4.029179544553885339e-17
2.157385102731782354e+03 2.057648694729896891e-16 3.825227105634967002e-17
2.158933127877450261e+03 2.519182153267962651e-16 3.957132546641779738e-17
2.160481153023118168e+03 3.021173932354682281e-16 4.114098602119306639e-17
2.162029178168786075e+03 3.063843190667304857e-16 4.173757895596934485e-17
2.163577203314453982e+03 2.442791829028499125e-16 3.913924263426868720e-17
2.165125228460121889e+03 2.653170920917494646e-16 3.926590925392951538e-17
2.166673253605789796e+03 2.618288593335530162e-16 4.065276795767843529e-17
2.168221278751457703e+03 1.772123053759523260e-16 3.589142777245645703e-17
2.169769303897125610e+03 2.649613042800657493e-16 3.959404785077026605e-17
2.171317329042793517e+03 2.581963482447833531e-16 3.904636244425268771e-17
2.172865354188461424e+03 2.485787774525499293e-16 3.843447230558095766e-17
2.174413379334129331e+03 2.223299223725692039e-16 3.772871987458394857e-17
2.175961404479797238e+03 1.917598373193640549e-16 3.598362149540264923e-17
2.177509429625465145e+03 2.324296013763749106e-16 3.802236536242254978e-17
2.179057454771133052e+03 2.082663292075615367e-16 3.681530707435961564e-17
2.180605479916800959e+03 2.145278178248205831e-16 3.682805890172372895e-17
2.182153505062468867e+03 2.165936236237065477e-16 3.701514369848115924e-17
2.183701530208136774e+03 2.135612844844837900e-16 3.573127472907199157e-17
2.185249555353804681e+03 2.637694039268890452e-16 3.897456748709853609e-17
2.186797580499472588e+03 1.878006418431500097e-16 3.500838688600160377e-17
2.188345605645140495e+03 2.356541822215525907e-16 3.611859121941349285e-17
2.189893630790808402e+03 2.640445048389127045e-16 3.887188035327711773e-17
2.191441655936476309e+03 1.322815394785458536e-16 3.302871638018365743e-17
2.192989681082144216e+03 1.324339232969856776e-16 3.300899685202382943e-17
2.194537706227812123e+03 1.944230263262575165e-16 3.491059825558768303e-17
2.196085731373480030e+03 2.098238676433543867e-16 3.556981688054239506e-17
2.197633756519147937e+03 1.674799889491130668e-16 3.423060900453403093e-17
2.199181781664815844e+03 2.110957289998444253e-16 3.505837898926141913e-17
2.200729806810483751e+03 2.769184707066442446e-16 3.759966873089878220e-17
2.202277831956151658e+03 2.342652786538216549e-16 3.666817019137037359e-17
2.203825857101819565e+03 1.298099053961504164e-16 3.262017829295245495e-17
2.205373882247487472e+03 1.102613715453737958e-16 3.076457504567600963e-17
2.206921907393155379e+03 1.958525106941631915e-16 3.466597367061667018e-17
2.208469932538823286e+03 2.060790958177291992e-16 3.494589778639742334e-17
2.210017957684491194e+03 1.845480798183437354e-16 3.458759003003992289e-17
2.211565982830159101e+03 1.391938076258238612e-16 3.201837458141872840e-17
2.213114007975827008e+03 1.772493606001467770e-16 3.376891917275154707e-17
2.214662033121494915e+03 1.301640556033426506e-16 3.167518129593304349e-17
2.216210058267162822e+03 1.440715190034025245e-16 3.232264979466061990e-17
2.217758083412830729e+03 1.497665023957380090e-16 3.208256597451753428e-17
2.219306108558498636e+03 1.552867798715647109e-16 3.232801169593925521e-17
2.220854133704166543e+03 1.930416605186649262e-16 3.314010851204109993e-17
2.222402158849834450e+03 2.503749206941293261e-16 3.561925342205932232e-17
2.223950183995502357e+03 2.401367835009565929e-16 3.504201186079853755e-17
2.225498209141170264e+03 2.164467359419045978e-16 3.418544242519991466e-17
2.227046234286838171e+03 1.951106452007367866e-16 3.318679729338422659e-17
2.228594259432506078e+03 2.408404626447470524e-16 3.442598222275276572e-17
2.230142284578173985e+03 2.169282220180969093e-16 3.381817167895530434e-17
2.231690309723841892e+03 1.749358003855283108e-16 3.209035682792855111e-17
2.233238334869509799e+03 1.775034726549664897e-16 3.246088729143792353e-17
2.234786360015177706e+03 1.593919554052987674e-16 3.117813551650769959e-17
2.236334385160845613e+03 1.829100637786228925e-16 3.259451814810342170e-17
2.237882410306513520e+03 1.564743933633566934e-16 3.142150841018927835e-17
2.239430435452181428e+03 1.870659364205393945e-16 3.195712514521129611e-17
2.240978460597849335e+03 2.038715848656123266e-16 3.278978826282291799e-17
2.242526485743517242e+03 2.081241672848648187e-16 3.320026761593805229e-17
2.244074510889185149e+03 1.775213679402636396e-16 3.182828540350125443e-17
2.245622536034853056e+03 1.789219155699851428e-16 3.130161396372801149e-17
2.247170561180520963e+03 2.648138619822459878e-16 3.437693622252493036e-17
2.248718586326188870e+03 2.456107404855269032e-16 3.429644292255614534e-17
2.250266611471856777e+03 2.349797478580571317e-16 3.293046940723293197e-17
2.251814636617524684e+03 2.545601284782022304e-16 3.441841335708101334e-17
2.253362661763192591e+03 2.290689155319206164e-16 3.315290065234665378e-17
2.254910686908860498e+03 2.857657275309219051e-16 3.503083915556628665e-17
2.256458712054528405e+03 2.680921424072406492e-16 3.451781251494465924e-17
2.258006737200196312e+03 2.359353273932817106e-16 3.330022386854562549e-17
2.259554762345864219e+03 2.235028641120412143e-16 3.297571749619755720e-17
2.261102787491532126e+03 2.456019645172316986e-16 3.272149211427032664e-17
2.262650812637200033e+03 2.881057345191961221e-16 3.531011489512851559e-17
2.264198837782867940e+03 2.695049983638260401e-16 3.409769206999308979e-17
2.265746862928535847e+03 3.126479274760458348e-16 3.569078267734232374e-17
2.267294888074203755e+03 2.975157889283267602e-16 3.532357017783361468e-17
2.268842913219871662e+03 3.168401385459247030e-16 3.543536270541144722e-17
2.270390938365539569e+03 3.255352616408606359e-16 3.587134294153000578e-17
2.271938963511207476e+03 3.053280993914023120e-16 3.515323986265092628e-17
2.273486988656875383e+03 2.726876222198735536e-16 3.404180764851241653e-17
2.275035013802543290e+03 2.995931072643294173e-16 3.443379228672314724e-17
2.276583038948211197e+03 3.435813866268557663e-16 3.661540775924881842e-17
2.278131064093879104e+03 3.180974336268074879e-16 3.545513310317821725e-17
2.279679089239547011e+03 3.162953363228001605e-16 3.532632432719588117e-17
2.281227114385214918e+03 3.149493743147933806e-16 3.515317765564323929e-17
2.282775139530882825e+03 3.628803651386611137e-16 3.620229221243688720e-17
2.284323164676550732e+03 3.981726703619637795e-16 3.750660188075203482e-17
2.285871189822218639e+03 4.099411674345480610e-16 3.808236693412459469e-17
2.287419214967886546e+03 3.892282876424867967e-16 3.648877662803707325e-17
2.288967240113554453e+03 4.067136400028280580e-16 3.788894618825556387e-17
2.290515265259222360e+03 3.950011576616660456e-16 3.717968787413499841e-17
2.292063290404890267e+03 4.292226321309799112e-16 3.829064096240145815e-17
2.293611315550558174e+03 4.705636396996157042e-16 3.985833954988622162e-17
2.295159340696226081e+03 4.629484331228315643e-16 3.881198385192450464e-17
2.296707365841893989e+03 4.795012630098547768e-16 3.918542965024633220e-17
2.298255390987561896e+03 4.694196547114614099e-16 3.901041834983591812e-17
2.299803416133229803e+03 4.281415576089956854e-16 3.766524815023842396e-17
2.301351441278897710e+03 3.995948673688582959e-16 3.697593789814215103e-17
2.302899466424565617e+03 3.879983711159042870e-16 3.643534873607012106e-17
2.304447491570233524e+03 4.087498516890757031e-16 3.710872018682960426e-17
2.305995516715901431e+03 4.238102388491343595e-16 3.761313737348148805e-17
2.307543541861569338e+03 4.450366368910588846e-16 3.786963189249905915e-17
2.309091567007237245e+03 4.890226870210747700e-16 3.906500766774219799e-17
2.310639592152905152e+03 4.576491871534747035e-16 3.862247365026480040e-17
2.312187617298573059e+03 4.117409030019201921e-16 3.709416633260532713e-17
2.313735642444240966e+03 4.796448343481858854e-16 3.861862093633612320e-17
2.315283667589908873e+03 5.252273949982361394e-16 4.009501134697373348e-17
2.316831692735576780e+03 5.019486197511462874e-16 3.911046695577691442e-17
2.318379717881244687e+03 5.428625739605629892e-16 3.996598409269426242e-17
2.319927743026912594e+03 5.393777525240384759e-16 4.058063066384326625e-17
2.321475768172580501e+03 5.033958062603622019e-16 3.909389692721094257e-17
2.323023793318248408e+03 4.669650973136216204e-16 3.807500238647733896e-17
2.324571818463916316e+03 4.840930787157854076e-16 3.860658900725444184e-17
2.326119843609584223e+03 5.271566387954042548e-16 3.970249361850986400e-17
2.327667868755252130e+03 5.376444176471012488e-16 3.996797897240546499e-17
2.329215893900920037e+03 5.367516436834304883e-16 3.977534341791471881e-17
2.330763919046587944e+03 5.063914504344358235e-16 3.864202869844826877e-17
2.332311944192255851e+03 5.222190478864642467e-16 3.967046121457829893e-17
2.333859969337923758e+03 4.843212067441709970e-16 3.802858591297388366e-17
2.335407994483591665e+03 5.449350412183296420e-16 4.012024503169631225e-17
2.336956019629259572e+03 5.612589484213356631e-16 4.007011763965829590e-17
2.338504044774927479e+03 5.741794196205323649e-16 4.034017357121049889e-17
2.340052069920595386e+03 4.963898983952942006e-16 3.862478491903785018e-17
2.341600095066263293e+03 5.081643564714728594e-16 3.877954083491569698e-17
2.343148120211931200e+03 5.372678530612256677e-16 3.952625624272348607e-17
2.344696145357599107e+03 4.708841591443136146e-16 3.815320106381941345e-17
2.346244170503267014e+03 4.084562326043885070e-16 3.590373983835531307e-17
2.347792195648934921e+03 4.438864617423115711e-16 3.702029040468026296e-17
2.349340220794602828e+03 5.017767327448656172e-16 3.766303382117664601e-17
2.350888245940270735e+03 5.396060063444174161e-16 3.929790811477235014e-17
2.352436271085938642e+03 5.728090064600484300e-16 3.972601867587513111e-17
2.353984296231606550e+03 6.047351391292782381e-16 4.077230288082033963e-17
2.355532321377274457e+03 6.049373798960074281e-16 4.093706225176327006e-17
2.357080346522942364e+03 6.071075697011734367e-16 4.062002591384797434e-17
2.358628371668610271e+03 6.121546510194532787e-16 4.130501925082966635e-17
2.360176396814278178e+03 5.978183654944633578e-16 4.029153819340613906e-17
2.361724421959946085e+03 5.939241547332573705e-16 4.026826983981158358e-17
2.363272447105613992e+03 5.827683981250857825e-16 4.014299646894264388e-17
2.364820472251281899e+03 5.952207328776154907e-16 4.001125104250421375e-17
2.366368497396949806e+03 6.238470433491207180e-16 4.125278667150530744e-17
2.367916522542617713e+03 5.736651202342058040e-16 4.010583503720570427e-17
2.369464547688285620e+03 5.401997367817701797e-16 3.873017381250882882e-17
2.371012572833953527e+03 5.526707275125946894e-16 3.892858355407912272e-17
2.372560597979621434e+03 5.658055312146776030e-16 3.949010994085082763e-17
2.374108623125289341e+03 5.175530441778005931e-16 3.812483441200919588e-17
2.375656648270957248e+03 5.160867138784103547e-16 3.827626626021783504e-17
2.377204673416625155e+03 4.817736573138289932e-16 3.756895828369080571e-17
2.378752698562293062e+03 4.322302374695616849e-16 3.564109275590953950e-17
2.380300723707960969e+03 5.035060199443696255e-16 3.808523731842010233e-17
2.381848748853628877e+03 4.783600043269146345e-16 3.698986686762608927e-17
2.383396773999296784e+03 4.293789771898816445e-16 3.601529714522323716e-17
2.384944799144964691e+03 3.654269005315861679e-16 3.356422088278047359e-17
2.386492824290632598e+03 3.820597672586824027e-16 3.441475711122711718e-17
2.388040849436300505e+03 3.941958935740621033e-16 3.479747799263163997e-17
2.389588874581968412e+03 4.817393718184299258e-16 3.701665206665219829e-17
2.391136899727636319e+03 5.233400625641144025e-16 3.843779236258274019e-17
2.392684924873304226e+03 5.280270988341252639e-16 3.763401628073227556e-17
2.394232950018972133e+03 6.117420628411131980e-16 3.949903360654867271e-17
2.395780975164640040e+03 6.055557458663555435e-16 4.021656384184698219e-17
2.397329000310307947e+03 5.434780431574859480e-16 3.822186030600141258e-17
2.398877025455975854e+03 5.327404554803507881e-16 3.802323368868911695e-17
2.400425050601643761e+03 4.914939567016752317e-16 3.753833557966649314e-17
2.401973075747311668e+03 4.720730828260478817e-16 3.618540033677275548e-17
2.403521100892979575e+03 5.003804068036262155e-16 3.732094628597328146e-17
2.405069126038647482e+03 4.715655346869253683e-16 3.642382316145310601e-17
2.406617151184315389e+03 4.309537105252043663e-16 3.524835879063278856e-17
2.408165176329983296e+03 4.130544908993607511e-16 3.539404957410521238e-17
2.409713201475651204e+03 3.770760801879096964e-16 3.374071361507899481e-17
2.411261226621319111e+03 3.934138385300240816e-16 3.462380396988781126e-17
2.412809251766987018e+03 3.315521373457160073e-16 3.244270505714882779e-17
2.414357276912654925e+03 3.428635029411110742e-16 3.279065114860784214e-17
2.415905302058322832e+03 3.370670961115281911e-16 3.278348112934330700e-17
2.417453327203990739e+03 3.475647074477751025e-16 3.294713207991574419e-17
2.419001352349658646e+03 3.833563157695289360e-16 3.426881705817751182e-17
2.420549377495326553e+03 3.363078643008980806e-16 3.280312373861928507e-17
2.422097402640994460e+03 3.120217441531502956e-16 3.182037834266694281e-17
2.423645427786662367e+03 3.278494253493611997e-16 3.241321695610511876e-17
2.425193452932330274e+03 3.131474920619319099e-16 3.196311590163713758e-17
2.426741478077998181e+03 3.436422703484627233e-16 3.268998149987544312e-17
2.428289503223666088e+03 3.485353209521167483e-16 3.284192937535074594e-17
2.429837528369333995e+03 3.190686586263653514e-16 3.179021883816213820e-17
2.431385553515001902e+03 3.806980127919137047e-16 3.385739927774677159e-17
2.432933578660669809e+03 3.767340505133472608e-16 3.394433189076685751e-17
2.434481603806337716e+03 3.359744826442844305e-16 3.271588055306461894e-17
2.436029628952005623e+03 3.714459247415943568e-16 3.348244276704431997e-17
2.437577654097673530e+03 3.965002629889773904e-16 3.410610534261045068e-17
2.439125679243341438e+03 3.735841020908136074e-16 3.369725923347570178e-17
2.440673704389009345e+03 3.454632045231227967e-16 3.281767763388741578e-17
2.442221729534677252e+03 4.130388321148477996e-16 3.417619937280253099e-17
2.443769754680345159e+03 4.599373974121604471e-16 3.581588634815312758e-17
2.445317779826013066e+03 4.171118898172470518e-16 3.456357253506856993e-17
2.446865804971680973e+03 4.381970720086743398e-16 3.525368752073406391e-17
2.448413830117348880e+03 4.456519849233856231e-16 3.529269775188068381e-17
2.449961855263016787e+03 4.378776079085881043e-16 3.540455642200469137e-17
2.451509880408684694e+03 4.281089153586635158e-16 3.443319772769902720e-17
2.453057905554352601e+03 4.636931374943824961e-16 3.622320593055601072e-17
2.454605930700020508e+03 3.694824651424641779e-16 3.292157260693375737e-17
2.456153955845688415e+03 3.387671131018480739e-16 3.201098550655276585e-17
2.457701980991356322e+03 3.938086614479079723e-16 3.353202759651813444e-17
2.459250006137024229e+03 4.045012242720769648e-16 3.398257529828238258e-17
2.460798031282692136e+03 3.576180768135729616e-16 3.277574481917896885e-17
2.462346056428360043e+03 3.698522516607417036e-16 3.268490984502630207e-17
2.463894081574027950e+03 4.167585457370640096e-16 3.451994752336415090e-17
2.465442106719695857e+03 3.931372533219566436e-16 3.394366773719598077e-17
2.466990131865363765e+03 4.007361566443977460e-16 3.353807591738416401e-17
2.468538157011031672e+03 4.397403388576502375e-16 3.479174704896601049e-17
2.470086182156699579e+03 3.766586546485119170e-16 3.323482842247471351e-17
2.471634207302367486e+03 3.509290626184170800e-16 3.204304797533168098e-17
2.473182232448035393e+03 3.845367494535891103e-16 3.354834638276042141e-17
2.474730257593703300e+03 4.034579131487370550e-16 3.367390373616532114e-17
2.476278282739371207e+03 4.683585432469068645e-16 3.576005303663253216e-17
2.477826307885039114e+03 4.376037005481728122e-16 3.481177890321443768e-17
2.479374333030707021e+03 4.111053778102060739e-16 3.424876373694109439e-17
2.480922358176374928e+03 3.882523791892302712e-16 3.309286715182956520e-17
2.482470383322042835e+03 4.335240377035647724e-16 3.438470619450383303e-17
2.484018408467710742e+03 4.732023783321651719e-16 3.566816859054486942e-17
2.485566433613378649e+03 4.187761640448652840e-16 3.420858056316589170e-17
2.487114458759046556e+03 3.959997584313948770e-16 3.381791004254129712e-17
2.488662483904714463e+03 4.001130729429914937e-16 3.353910467986681515e-17
2.490210509050382370e+03 4.039286041317854986e-16 3.396552682662085378e-17
2.491758534196050277e+03 3.963114755686328367e-16 3.365343578014586560e-17
2.493306559341718184e+03 3.961288307722067236e-16 3.335975166356859697e-17
2.494854584487386091e+03 3.898625091420126732e-16 3.343281846726182946e-17
2.496402609633053999e+03 4.093696555449518156e-16 3.404745710629219483e-17
2.497950634778721906e+03 4.344251725740991566e-16 3.382148285193369438e-17
2.499498659924389813e+03 4.225611602549461830e-16 3.460047084483407405e-17
2.501046685070057720e+03 3.748538790556637894e-16 3.268090291673645563e-17
2.502594710215725627e+03 3.904095644677652571e-16 3.351484249128986459e-17
2.504142735361393534e+03 3.654959829801191930e-16 3.261285423635204343e-17
2.505690760507061441e+03 4.222684955204182753e-16 3.411302369319230716e-17
2.507238785652729348e+03 4.708750166223021957e-16 3.526358407704708877e-17
2.508786810798397255e+03 4.859480162963996152e-16 3.598916195907004396e-17
2.510334835944065162e+03 4.283400194691456394e-16 3.433079914076319172e-17
2.511882861089733069e+03 3.709909893216937191e-16 3.290278222006525094e-17
2.513430886235400976e+03 3.946230414806399389e-16 3.338260787340571794e-17
2.514978911381068883e+03 4.587429431225498948e-16 3.510964357501169526e-17
2.516526936526736790e+03 4.633080557482863217e-16 3.534956368056294918e-17
2.518074961672404697e+03 4.193686622464315512e-16 3.426435868084933335e-17
2.519622986818072604e+03 4.246434290246589907e-16 3.405588615095971525e-17
2.521171011963740511e+03 4.303366472054981275e-16 3.426529311175171305e-17
2.522719037109408418e+03 4.418533735404436909e-16 3.486208582561831200e-17
2.524267062255076326e+03 4.682889414602248799e-16 3.551749124045789918e-17
2.525815087400744233e+03 4.482202242677528544e-16 3.492705399709636373e-17
2.527363112546412140e+03 4.568369137628513406e-16 3.488871681921710154e-17
2.528911137692080047e+03 4.416354919525807592e-16 3.469901043739845634e-17
2.530459162837747954e+03 4.028790632131077976e-16 3.365058280849591643e-17
2.532007187983415861e+03 4.356803642451451084e-16 3.448853838961689367e-17
2.533555213129083768e+03 4.760622418277607209e-16 3.546649364739413428e-17
2.535103238274751675e+03 5.214693598148764219e-16 3.648747535075944652e-17
2.536651263420419582e+03 5.222318481357814313e-16 3.625493311440939729e-17
2.538199288566087489e+03 5.024936938558770966e-16 3.637525428141838284e-17
2.539747313711755396e+03 5.088985740969638109e-16 3.581009209633598445e-17
2.541295338857423303e+03 5.451119968548987712e-16 3.733869444107152677e-17
2.542843364003091210e+03 5.135602509314506310e-16 3.607057367993234038e-17
2.544391389148759117e+03 5.028425434992681913e-16 3.591470569217599059e-17
2.545939414294427024e+03 4.694994768111835512e-16 3.522283106083018507e-17
2.547487439440094931e+03 5.233784879017408393e-16 3.590894827971469700e-17
2.549035464585762838e+03 5.836194855692523824e-16 3.792388713676876011e-17
2.550583489731430745e+03 5.448775819813814750e-16 3.768148151142267502e-17
2.552131514877098653e+03 4.725210222374526426e-16 3.529799506924862519e-17
2.553679540022766560e+03 5.099347062043280358e-16 3.615798071998869386e-17
2.555227565168434467e+03 5.752169212734078391e-16 3.774825895964227787e-17
2.556775590314102374e+03 5.551961912256088393e-16 3.777991678237045835e-17
2.558323615459770281e+03 5.325183569220679019e-16 3.665744813414207604e-17
2.559871640605438188e+03 6.082326710487079772e-16 3.818760247570837621e-17
2.561419665751106095e+03 5.421018598346226413e-16 3.756720324367940632e-17
2.562967690896774002e+03 4.640032288470532186e-16 3.517063186950384306e-17
2.564515716042441909e+03 4.990553327100302916e-16 3.594119151854439864e-17
2.566063741188109816e+03 5.914563731880339432e-16 3.840916974468892103e-17
2.567611766333777723e+03 5.759704963627779006e-16 3.791377637061041106e-17
2.569159791479445630e+03 5.116621136906190176e-16 3.662304109773491726e-17
2.570707816625113537e+03 5.702034739788917801e-16 3.765536171978197326e-17
2.572255841770781444e+03 5.811707111109556777e-16 3.806142376853365709e-17
2.573803866916449351e+03 5.797199784179566959e-16 3.814128950136028617e-17
2.575351892062117258e+03 6.294883322295931779e-16 3.896893986393545419e-17
2.576899917207785165e+03 6.434012753525758888e-16 3.951987303579448462e-17
2.578447942353453072e+03 6.099417240578469457e-16 3.926790270587687279e-17
2.579995967499120979e+03 5.368698235742295799e-16 3.712704625740752781e-17
2.581543992644788887e+03 5.455235962743367345e-16 3.707599586610532988e-17
2.583092017790456794e+03 5.967242790923309033e-16 3.847103997724344306e-17
2.584640042936124701e+03 5.611064695521702757e-16 3.742252132512453233e-17
2.586188068081792608e+03 5.313495503269817883e-16 3.732001432293655373e-17
2.587736093227460515e+03 4.956065501624118773e-16 3.608809161315814804e-17
2.589284118373128422e+03 4.947898807474812276e-16 3.626591344170671598e-17
2.590832143518796329e+03 5.359905650847018249e-16 3.686898962378465875e-17
2.592380168664464236e+03 5.698903609138865938e-16 3.802227396468460960e-17
2.593928193810132143e+03 5.472130425535095355e-16 3.682073555052252934e-17
2.595476218955800050e+03 5.699475977761708951e-16 3.831427793900462568e-17
2.597024244101467957e+03 5.264464868807169210e-16 3.642452031247685341e-17
2.598572269247135864e+03 6.024749751144021839e-16 3.931949142547848709e-17
2.600120294392803771e+03 5.309154316516641011e-16 3.719175711585200215e-17
2.601668319538471678e+03 4.858790575162796148e-16 3.661097455878213489e-17
2.603216344684139585e+03 4.465580791598823184e-16 3.429145256345671901e-17
2.604764369829807492e+03 5.416249916044817494e-16 3.713339611649884172e-17
2.606312394975475399e+03 6.424489852503198654e-16 3.941261446975060086e-17
2.607860420121143306e+03 6.879086326843699277e-16 4.109631674291791472e-17
2.609408445266811214e+03 6.322333638977178591e-16 3.959974176540257668e-17
2.610956470412479121e+03 6.518528894539768136e-16 4.019791974753718712e-17
2.612504495558147028e+03 6.636727817648925565e-16 4.027914075233036429e-17
2.614052520703814935e+03 7.209859800997980447e-16 4.142756051145004007e-17
2.615600545849482842e+03 7.864268238279225180e-16 4.270872489074869647e-17
2.617148570995150749e+03 8.242773121556874050e-16 4.402839678148258852e-17
2.618696596140818656e+03 7.686731323266975664e-16 4.325487297811552724e-17
2.620244621286486563e+03 7.669577193159476071e-16 4.219211673203638586e-17
2.621792646432154470e+03 8.456859212422651071e-16 4.445128177011321150e-17
2.623340671577822377e+03 8.021687995954025068e-16 4.354790830604320264e-17
2.624888696723490284e+03 8.019513199576698265e-16 4.322178080563013708e-17
2.626436721869158191e+03 8.509302209773579999e-16 4.455763233476607419e-17
2.627984747014826098e+03 8.180597485691563694e-16 4.392144238102772650e-17
2.629532772160494005e+03 8.746443646254546128e-16 4.517758148665791967e-17
2.631080797306161912e+03 8.766863284391579619e-16 4.520153061986001814e-17
2.632628822451829819e+03 9.312936767238771484e-16 4.613402056533326723e-17
2.634176847597497726e+03 1.018457245790023972e-15 4.858804969542147403e-17
2.635724872743165633e+03 9.559892133534385611e-16 4.618713847325048191e-17
2.637272897888833540e+03 9.965756240301776702e-16 4.757219831882448081e-17
2.638820923034501448e+03 9.991374210774798390e-16 4.763288416538927434e-17
2.640368948180169355e+03 1.072989484511899811e-15 4.904171981769798211e-17
2.641916973325837262e+03 1.074467829307661433e-15 4.945481610515924280e-17
2.643464998471505169e+03 9.602808423037581713e-16 4.714780169177496997e-17
2.645013023617173076e+03 1.001737942089307731e-15 4.747390785655643005e-17
2.646561048762840983e+03 1.100112429635931619e-15 4.971780422073262759e-17
2.648109073908508890e+03 1.118664020451714163e-15 5.009182575067447417e-17
2.649657099054176797e+03 1.208502931055515494e-15 5.191902217675240950e-17
2.651205124199844704e+03 1.182756656028144432e-15 5.107265841067921529e-17
2.652753149345512611e+03 1.198459289173226719e-15 5.196942833665609685e-17
2.654301174491180518e+03 1.196904910689109727e-15 5.172684368476500518e-17
2.655849199636848425e+03 1.181761426169084405e-15 5.133702241312153382e-17
2.657397224782516332e+03 1.201970670796603538e-15 5.256626077574785987e-17
2.658945249928184239e+03 1.143929245511441964e-15 5.040279564036226380e-17
2.660493275073852146e+03 1.233804457198972491e-15 5.271899135656725020e-17
2.662041300219520053e+03 1.309622246464483154e-15 5.395472550036002624e-17
2.663589325365187960e+03 1.309541576787224815e-15 5.499503036504680263e-17
2.665137350510855867e+03 1.389784436343210684e-15 5.478400617256970863e-17
2.666685375656523775e+03 1.447888628933069368e-15 5.657927976447177743e-17
2.668233400802191682e+03 1.414732065534624681e-15 5.574135457004917178e-17
2.669781425947859589e+03 1.508081904817561613e-15 5.760324469919611696e-17
2.671329451093527496e+03 1.442963205919897108e-15 5.653117360036215990e-17
2.672877476239195403e+03 1.516828975888163135e-15 5.748371856418998436e-17
2.674425501384863310e+03 1.611387013047298961e-15 6.002701748032235113e-17
2.675973526530531217e+03 1.635596864983761264e-15 6.034700873327614205e-17
2.677521551676199124e+03 1.687575959886777791e-15 6.064804601566553138e-17
2.679069576821867031e+03 1.801497526993218634e-15 6.285333868966161062e-17
2.680617601967534938e+03 1.825191793753033816e-15 6.304214656305718764e-17
2.682165627113202845e+03 1.848107154409765680e-15 6.356728574849701155e-17
2.683713652258870752e+03 1.919527236683124630e-15 6.521337975791855519e-17
2.685261677404538659e+03 1.926513658857048181e-15 6.514635510403906752e-17
2.686809702550206566e+03 2.030468483359652804e-15 6.671473025780208791e-17
2.688357727695874473e+03 2.029779409282507467e-15 6.724880252819036535e-17
2.689905752841542380e+03 2.016550757388539734e-15 6.712508798429206614e-17
2.691453777987210287e+03 2.000472294954154091e-15 6.575179622439545400e-17
2.693001803132878194e+03 2.056302540986434118e-15 6.707092495392877713e-17
2.694549828278546102e+03 2.131302697806087546e-15 6.882937228644648153e-17
2.696097853424214009e+03 2.219616281417960757e-15 6.922417277174656485e-17
2.697645878569881916e+03 2.316720021770793447e-15 7.268899060373446767e-17
2.699193903715549823e+03 2.344107018051293754e-15 7.209320352376613728e-17
2.700741928861217730e+03 2.306074341678414409e-15 7.096421070219584958e-17
2.702289954006885637e+03 2.386410291153780472e-15 7.442243164356712121e-17
2.703837979152553544e+03 2.386410291153780472e-15 7.353114611393342478e-17
2.705386004298221451e+03 2.409844013344913609e-15 7.384856610267451286e-17
2.706934029443889358e+03 2.443442297872207947e-15 7.389053118593597147e-17
2.708482054589557265e+03 2.443442297872207947e-15 7.432817271803794999e-17
2.710030079735225172e+03 2.432317512720448071e-15 7.354839038829025611e-17
2.711578104880893079e+03 2.477876341123856026e-15 7.462227903804270034e-17
2.713126130026560986e+03 2.499894300132949979e-15 7.471132244011158435e-17
2.714674155172228893e+03 2.483638984637655724e-15 7.422258477230013550e-17
2.716222180317896800e+03 2.614405816554030129e-15 7.706844405735401095e-17
2.717770205463564707e+03 2.673190885402557490e-15 7.760727337822297333e-17
2.719318230609232614e+03 2.634564360176971046e-15 7.692820586771078451e-17
2.720866255754900521e+03 2.657397857802884468e-15 7.735096001459861244e-17
2.722414280900568428e+03 2.639283611001259244e-15 7.672094947775283701e-17
2.723962306046236336e+03 2.700246339400277485e-15 7.848554696448079569e-17
2.725510331191904243e+03 2.700246339400277485e-15 7.943489874105476992e-17
2.727058356337572150e+03 2.700246339400277485e-15 8.297604680226944406e-17
2.728606381483240057e+03 2.832336232119784897e-15 7.996483108480764738e-17
2.730154406628907964e+03 2.841421630075002167e-15 8.042273651035571097e-17
2.731702431774575871e+03 2.634772465868291670e-15 7.689008481236534151e-17
2.733250456920243778e+03 2.780979782460733382e-15 8.201674025849140949e-17
2.734798482065911685e+03 2.840606419353581024e-15 8.186324995753327018e-17
2.736346507211579592e+03 2.840606419353581024e-15 8.155430300509773078e-17
2.737894532357247499e+03 2.781670019898572695e-15 8.035587681830596308e-17
2.739442557502915406e+03 2.865779895647033788e-15 8.179057948289264210e-17
2.740990582648583313e+03 2.852058034583740190e-15 8.113513682764841316e-17
2.742538607794251220e+03 2.929134815163358747e-15 8.196042065253330679e-17
2.744086632939919127e+03 2.955977677951293506e-15 8.264195517058562739e-17
2.745634658085587034e+03 3.046040145715730802e-15 8.455771542946946459e-17
2.747182683231254941e+03 2.986992696455034964e-15 8.332761543857734050e-17
2.748730708376922848e+03 3.082197054211080333e-15 8.600185954756794790e-17
2.750278733522590755e+03 2.988397945225220755e-15 8.356645808940618114e-17
2.751826758668258663e+03 3.047697751443612117e-15 8.488892289014483668e-17
2.753374783813926570e+03 3.163859067431752360e-15 8.686840027253792034e-17
2.754922808959594477e+03 3.216477922321651699e-15 8.730654041884307417e-17
2.756470834105262384e+03 3.295308711920136483e-15 8.779222551784279747e-17
2.758018859250930291e+03 3.378247797908448532e-15 8.928183723591388055e-17
2.759566884396598198e+03 3.405060684746735053e-15 9.180668752979371023e-17
2.761114909542266105e+03 3.413086160499298772e-15 9.086962447220676038e-17
2.762662934687934012e+03 3.405060684746735053e-15 9.174541732036440202e-17
2.764210959833601919e+03 3.442634839391152034e-15 9.080561426659799209e-17
2.765758984979269826e+03 3.564497577619743052e-15 9.387980551373859646e-17
2.767307010124937733e+03 3.564497577619743052e-15 9.323156865141266490e-17
2.768855035270605640e+03 3.601933414619510212e-15 9.475972453614564448e-17
2.770403060416273547e+03 3.620159933388610446e-15 9.317526464694009492e-17
2.771951085561941454e+03 3.674064495213035405e-15 9.721949395888560742e-17
2.773499110707609361e+03 3.686655405738255355e-15 9.596319718567859566e-17
2.775047135853277268e+03 3.609807036533269420e-15 9.397887575272316850e-17
2.776595160998945175e+03 3.755326393095226007e-15 9.721104735162909556e-17
2.778143186144613082e+03 3.801719446483132534e-15 9.693241484055978574e-17
2.779691211290280989e+03 3.839669699034583727e-15 9.932940843140974665e-17
2.781239236435948897e+03 3.801719446483132534e-15 9.794941923318461396e-17
2.782787261581616804e+03 3.944927998666421523e-15 9.784357120764361868e-17
2.784335286727284711e+03 3.987277329928459846e-15 1.009934470530492327e-16
2.785883311872952618e+03 4.172371951762220636e-15 1.019073092332901286e-16
2.787431337018620525e+03 4.178347564816013368e-15 1.040348052693675720e-16
2.788979362164288432e+03 4.178347564816013368e-15 1.052899392854058052e-16
2.790527387309956339e+03 4.178347564816013368e-15 1.056361180234949112e-16
2.792075412455624246e+03 4.236436411250194378e-15 1.047553306720758813e-16
2.793623437601292153e+03 4.178347564816013368e-15 1.069231882813650261e-16
2.795171462746960060e+03 3.998665264179236787e-15 1.016469197886427878e-16
2.796719487892627967e+03 3.410217165136303471e-15 9.817381958724184658e-17
2.798267513038295874e+03 2.528446869683480672e-15 8.384516396815480418e-17
2.799815538183963781e+03 2.490298487535406575e-15 8.094614159947977132e-17
2.801363563329631688e+03 3.482100212633757167e-15 9.661839145767892280e-17
2.802911588475299595e+03 3.436590416704661384e-15 1.019108055421239287e-16
2.804459613620967502e+03 3.436590416704661384e-15 9.727268390841556948e-17
2.806007638766635409e+03 3.047614020984786246e-15 9.235990305808189445e-17
2.807555663912303316e+03 3.454688560725775302e-15 9.487140890661540935e-17
2.809103689057971224e+03 4.810197686067170608e-15 1.125604520290155922e-16
2.810651714203639131e+03 5.562315080480037763e-15 1.216110559572488618e-16
2.812199739349307038e+03 5.874086342790027307e-15 1.260843336455066497e-16
2.813747764494974945e+03 6.159878743844069147e-15 1.265024359070429086e-16
2.815295789640642852e+03 6.678292249741789541e-15 1.433811928143580208e-16
2.816843814786310759e+03 6.782257684504634312e-15 1.416017507548132533e-16
2.818391839931978666e+03 6.605365103696958354e-15 1.323893404991752193e-16
2.819939865077646573e+03 6.993404251239505218e-15 1.376431232769115696e-16
2.821487890223314480e+03 7.248414535771971148e-15 1.411153622396723368e-16
2.823035915368982387e+03 7.587959915172340430e-15 1.448425432597550820e-16
2.824583940514650294e+03 7.592457963669053494e-15 1.437026702126194468e-16
2.826131965660318201e+03 7.788907629362333969e-15 1.454667678204354874e-16
2.827679990805986108e+03 8.117425811122868372e-15 1.497341969200684894e-16
2.829228015951654015e+03 8.224960647639106670e-15 1.507895817251221050e-16
2.830776041097321922e+03 8.483196144709931286e-15 1.536245520309118877e-16
2.832324066242989829e+03 8.573707650176474365e-15 1.540389573628362922e-16
2.833872091388657736e+03 9.053268516846403847e-15 1.575533823495690312e-16
2.835420116534325643e+03 9.358261662312968212e-15 1.615299821372769852e-16
2.836968141679993550e+03 9.468939369445492027e-15 1.632441772858629956e-16
2.838516166825661458e+03 9.422238755860895808e-15 1.614412892501522166e-16
2.840064191971329365e+03 9.688588419522536623e-15 1.669878920086786066e-16
2.841612217116997272e+03 1.004911390887830507e-14 1.686390282412396083e-16
2.843160242262665179e+03 1.030577155987456790e-14 1.737432494418828034e-16
2.844708267408333086e+03 1.047663766955942849e-14 1.724977245430196154e-16
2.846256292554000993e+03 1.067292221570673918e-14 1.758021371970992310e-16
2.847804317699668900e+03 1.041977308563547513e-14 1.741082639619842803e-16
2.849352342845336807e+03 1.088328466638722725e-14 1.787596387844569126e-16
2.850900367991004714e+03 1.052232120551389391e-14 1.767456949770959893e-16
2.852448393136672621e+03 1.061806499933508443e-14 1.772913800643871629e-16
2.853996418282340528e+03 1.020333753109974340e-14 1.748095024195265394e-16
2.855544443428008435e+03 1.014450619801607274e-14 1.737968034856396379e-16
2.857092468573676342e+03 1.050424329334530417e-14 1.776427994201274065e-16
2.858640493719344249e+03 1.096317683767134628e-14 1.842192350775192444e-16
2.860188518865012156e+03 1.138547087904217992e-14 1.861293944908182554e-16
2.861736544010680063e+03 1.177909566447774335e-14 1.898802270853735737e-16
2.863284569156347970e+03 1.174899102177303968e-14 1.933951502503794051e-16
2.864832594302015877e+03 1.175354442108361688e-14 1.892651612179009544e-16
2.866380619447683785e+03 1.186159367200747870e-14 1.953615513182603807e-16
2.867928644593351692e+03 1.205485164179735680e-14 1.931794047458794532e-16
2.869476669739019599e+03 1.235988328329525441e-14 2.002342039702814541e-16
2.871024694884687506e+03 1.238376997409379335e-14 2.033111881759161913e-16
2.872572720030355413e+03 1.233487880460331261e-14 2.003832401458743811e-16
2.874120745176023320e+03 1.258923114671586738e-14 2.024279192465593908e-16
2.875668770321691227e+03 1.249952640517224744e-14 2.025190314771698399e-16
2.877216795467359134e+03 1.227898468721030280e-14 1.979690270511245794e-16
2.878764820613027041e+03 1.259787605647819698e-14 2.049311447679955640e-16
2.880312845758694948e+03 1.295852939639338994e-14 2.073100486510027648e-16
2.881860870904362855e+03 1.279468488025930704e-14 2.043059598084517517e-16
2.883408896050030762e+03 1.273686921611358363e-14 2.095136038109618824e-16
2.884956921195698669e+03 1.179471346485228470e-14 2.001235537120261952e-16
2.886504946341366576e+03 1.161130382137246894e-14 2.023210428263072959e-16
2.888052971487034483e+03 1.204186164256742286e-14 2.029554837963575325e-16
2.889600996632702390e+03 1.231152637324630123e-14 2.067215657461826662e-16
2.891149021778370297e+03 1.235701871086470122e-14 2.064354317847883488e-16
2.892697046924038204e+03 1.203083825124865242e-14 2.026483355762830846e-16
2.894245072069706112e+03 1.224095976888308109e-14 2.070259131810823452e-16
2.895793097215374019e+03 1.211340942154779386e-14 2.090260850682028740e-16
2.897341122361041926e+03 1.238127364901126014e-14 2.097530154283565557e-16
2.898889147506709833e+03 1.233744934705216983e-14 2.130801264533818558e-16
2.900437172652377740e+03 1.221374537322702975e-14 2.101737642104303367e-16
2.901985197798045647e+03 1.195244288983398510e-14 2.104522052982925365e-16
2.903533222943713554e+03 1.211971405406718138e-14 2.115615644021293896e-16
2.905081248089381461e+03 1.179821628784579454e-14 2.067952207292855879e-16
2.906629273235049368e+03 1.195343162160973336e-14 2.121472790208921999e-16
2.908177298380717275e+03 1.268950256595130584e-14 2.175009199172712360e-16
2.909725323526385182e+03 1.247949923557512564e-14 2.176868153939184817e-16
2.911273348672053089e+03 1.222652255233795186e-14 2.153760731689615944e-16
2.912821373817720996e+03 1.213744710334654179e-14 2.127716893070168012e-16
2.914369398963388903e+03 1.217980976723126965e-14 2.200781929216874938e-16
2.915917424109056810e+03 1.184527722089430279e-14 2.148571122546998872e-16
2.917465449254724717e+03 1.213778762614614153e-14 2.211998364581354821e-16
2.919013474400392624e+03 1.186885639317303680e-14 2.143570743523418249e-16
2.920561499546060531e+03 1.250094383661044224e-14 2.228787918117308955e-16
2.922109524691728438e+03 1.251222089366362570e-14 2.302848438731146445e-16
2.923657549837396346e+03 1.266267175248326945e-14 2.286316010173565248e-16
2.925205574983064253e+03 1.195218189508384146e-14 2.237516021256404807e-16
2.926753600128732160e+03 1.219507277965825428e-14 2.265176770727437680e-16
2.928301625274400067e+03 1.231667058955486760e-14 2.248358503784827211e-16
2.929849650420067974e+03 1.217350918627872166e-14 2.276148264635734735e-16
2.931397675565735881e+03 1.207651933292940280e-14 2.268409208571145175e-16
2.932945700711403788e+03 1.266257216357365723e-14 2.307853728986174246e-16
2.934493725857071695e+03 1.227733976303428097e-14 2.295070465830076179e-16
2.936041751002739602e+03 1.251699054777325135e-14 2.355405886318958571e-16
2.937589776148407509e+03 1.221131260404808504e-14 2.305429785993109529e-16
2.939137801294075416e+03 1.215930729952628632e-14 2.314483456391943155e-16
2.940685826439743323e+03 1.193829320377067031e-14 2.298148001124036116e-16
2.942233851585411230e+03 1.194949782054682044e-14 2.309677058789481827e-16
2.943781876731079137e+03 1.226458852463621624e-14 2.373819176298367662e-16
2.945329901876747044e+03 1.212852202989629215e-14 2.343548738345081168e-16
2.946877927022414951e+03 1.166604945550468443e-14 2.332683443175508045e-16
2.948425952168082858e+03 1.152084446607650922e-14 2.307456347317206823e-16
2.949973977313750765e+03 1.149529959989707941e-14 2.320824401273127537e-16
2.951522002459418673e+03 1.129573313562803787e-14 2.311634889389884979e-16
2.953070027605086580e+03 1.130274929232446251e-14 2.318683115511431810e-16
2.954618052750754487e+03 1.139914447099265214e-14 2.338679337849633203e-16
2.956166077896422394e+03 1.180241445049594582e-14 2.401709936061066771e-16
2.957714103042090301e+03 1.150111296747099861e-14 2.350862688200980038e-16
2.959262128187758208e+03 1.124766964933470239e-14 2.371956216373945413e-16
2.960810153333426115e+03 1.143092708965653497e-14 2.377792581873189523e-16
2.962358178479094022e+03 1.209418123193458849e-14 2.497017720954660350e-16
2.963906203624761929e+03 1.162786807771512326e-14 2.407621497977288644e-16
2.965454228770429836e+03 1.179612302477407726e-14 2.457224845232392147e-16
2.967002253916097743e+03 1.166808540279260851e-14 1.863077903711643242e-16
2.968550279061765650e+03 1.171282991102334653e-14 1.867989455475257888e-16
2.969000000000000000e+03 1.171867346122037742e-14 1.575986657066514973e-16
2.970098304207433557e+03 1.142043280344393120e-14 1.575445103735502596e-16
2.971646329353101464e+03 1.156609861159734886e-14 1.823518601856910091e-16
2.971747040107341945e+03 1.159869042214268177e-14 1.759759388345192412e-16
2.973194354498769371e+03 1.162648984770958747e-14 1.501602784767613436e-16
2.974494080214683891e+03 1.172697536302126740e-14 1.647385374347191793e-16
2.974742379644437278e+03 1.169686856852911259e-14 1.803058629216371270e-16
2.976290404790105185e+03 1.209483968232687302e-14 1.654828852074224722e-16
2.977241120322025836e+03 1.224937781504008268e-14 1.536882993438633634e-16
2.977838429935773092e+03 1.212249166762228092e-14 1.880157291677666357e-16
2.979386455081440999e+03 1.195279826590457024e-14 1.823416996111470754e-16
2.979988160429367781e+03 1.210612453116544767e-14 1.500323763902761686e-16
2.980934480227108907e+03 1.214790259602701995e-14 1.545903695726773963e-16
2.982482505372776814e+03 1.199932756998000762e-14 1.581831198703493731e-16
2.982735200536709726e+03 1.198782686551538369e-14 1.475448245050764298e-16
2.984030530518444721e+03 1.197743742531753831e-14 1.456532161854865833e-16
2.985482240644051672e+03 1.230928840547240894e-14 1.885846729101047702e-16
2.985578555664112628e+03 1.232296280814523937e-14 1.958225907248986549e-16
2.987126580809780535e+03 1.226580400300904436e-14 1.566178577528593398e-16
2.988229280751393617e+03 1.228128279968200558e-14 1.537356658713006425e-16
2.988674605955448442e+03 1.210131421068251954e-14 1.774622995307999386e-16
2.990222631101116349e+03 1.213029652781408511e-14 1.681450961908380464e-16
2.990976320858735562e+03 1.237533340270577955e-14 1.482360379257204649e-16
2.991770656246784256e+03 1.245416393235786708e-14 1.661279691229129111e-16
2.993318681392452163e+03 1.229523583487392006e-14 1.797081892064694532e-16
2.993723360966077507e+03 1.240543258160072306e-14 1.571822046883687031e-16
2.994866706538120070e+03 1.239214912645006063e-14 1.489026571456161486e-16
2.996414731683787977e+03 1.224209077784548278e-14 1.761415873041441030e-16
2.996470401073419453e+03 1.224212691298049534e-14 1.730229650133796310e-16
2.997962756829455884e+03 1.224911701526480826e-14 1.436455667347369680e-16
2.999217441180761398e+03 1.253727235667362429e-14 1.629736596265771305e-16
2.999510781975123791e+03 1.252939180218254021e-14 1.790154799107404362e-16
3.001058807120791698e+03 1.274652651649834101e-14 1.664346507902321925e-16
3.001964481288103343e+03 1.286925956097566521e-14 1.546629856552733631e-16
3.002606832266459605e+03 1.286073600811026313e-14 1.854500301477355585e-16
3.004154857412127512e+03 1.276054121977348278e-14 2.383560355176781024e-16
3.004711521395445288e+03 1.279064067901534676e-14 1.825433212401378558e-16
3.005702882557795419e+03 1.279704796769875816e-14 2.164374355117722215e-16
3.007250907703463326e+03 1.233856896671689959e-14 1.754789600431184553e-16
3.007458561502787234e+03 1.240761206718530021e-14 1.647693058619102042e-16
3.008798932849131234e+03 1.245926460757211450e-14 1.418425305070832820e-16
3.010205601610129179e+03 1.278159125824342376e-14 1.698108079517071233e-16
3.010346957994799141e+03 1.277003855702899974e-14 1.773568333493700274e-16
3.011894983140467048e+03 1.273459293360734376e-14 1.462859926344959904e-16
3.012952641717471124e+03 1.287461053990114732e-14 1.533991729051819009e-16
3.013443008286134955e+03 1.291082714448448938e-14 1.778760903015601579e-16
3.014991033431802862e+03 1.309773554012604392e-14 2.104021191001812627e-16
3.015699681824813069e+03 1.318412405497896759e-14 1.694606462792504728e-16
3.016539058577470769e+03 1.303047242704214006e-14 1.989784272361202025e-16
3.018087083723138676e+03 1.262889721275849855e-14 1.748825185553807758e-16
3.018446721932155015e+03 1.265877366659430892e-14 1.569983439366719668e-16
3.019635108868806583e+03 1.278157028168796344e-14 1.406041839763295856e-16
3.021183134014474490e+03 1.299088734614282323e-14 1.758330701758471330e-16
3.021193762039496960e+03 1.299036739931239115e-14 1.753154175678451132e-16
3.022731159160142397e+03 1.309925305533556117e-14 1.406185700894323634e-16
3.023940802146838905e+03 1.322115761351679012e-14 1.578716314358210837e-16
3.024279184305810304e+03 1.328132610347536844e-14 1.746967758385293851e-16
3.025827209451478211e+03 1.341551360733685872e-14 1.565464302565663367e-16
3.026687842254180850e+03 1.341551360733685872e-14 1.506461479284025463e-16
3.027375234597146118e+03 1.345738274308343765e-14 1.707984908014568300e-16
3.028923259742814025e+03 1.333115274162104525e-14 1.740129212067957972e-16
3.029434882361522796e+03 1.345738274308343765e-14 1.518819241986522780e-16
3.030471284888481932e+03 1.350078156851543848e-14 1.443336492002305082e-16
3.032019310034149839e+03 1.351517361643781024e-14 1.746500346773375306e-16
3.032181922468864741e+03 1.358866436273122047e-14 1.672329584694565754e-16
3.033567335179817746e+03 1.381657726699833601e-14 1.388655172616617454e-16
3.034928962576206686e+03 1.395998475286461193e-14 1.675550224080360886e-16
3.035115360325485653e+03 1.395998475286461193e-14 1.759679231528706845e-16
3.036663385471153561e+03 1.395998475286461193e-14 1.511903058845068059e-16
3.037676002683548631e+03 1.424758230721983078e-14 1.590772291595276425e-16
3.038211410616821468e+03 1.415094404347034625e-14 1.840088111868724151e-16
3.039759435762489375e+03 1.450251968727329330e-14 1.742024722025475210e-16
3.040423042790890577e+03 1.459686575983938008e-14 1.542244582862973346e-16
3.041307460908157282e+03 1.449824994830707538e-14 1.552731869227232989e-16
3.042855486053825189e+03 1.478109351773857550e-14 1.785075031832687143e-16
3.043170082898232522e+03 1.490670792675250970e-14 1.648690808301403672e-16
3.044403511199493096e+03 1.488924656462138082e-14 1.400647687432317029e-16
3.045917123005574467e+03 1.491470559198038140e-14 1.757778624645793160e-16
3.045951536345161003e+03 1.490540035872766313e-14 1.771974094972243318e-16
3.047499561490828910e+03 1.491082304803723974e-14 1.398597321690380098e-16
3.048664163112916413e+03 1.496747373784868987e-14 1.616773820417654412e-16
3.049047586636496817e+03 1.496487035640944011e-14 1.782250742966265590e-16
3.050595611782164724e+03 1.531742518304350206e-14 1.582244029282526238e-16
3.051411203220258358e+03 1.550885167782184465e-14 1.554385682400170332e-16
3.052143636927832631e+03 1.550885167782184465e-14 1.660193908577867839e-16
3.053691662073500538e+03 1.569362177505017400e-14 1.795102796371403584e-16
3.054158243327600303e+03 1.572700192199478607e-14 1.605775061028862355e-16
3.055239687219168445e+03 1.574049873740458403e-14 1.447175070432727263e-16
3.056787712364836352e+03 1.569362177505017400e-14 1.871802706992715176e-16
3.056905283434942248e+03 1.572700192199478607e-14 1.818796355646765222e-16
3.058335737510504259e+03 1.588211617493877109e-14 1.446505567305406770e-16
3.059652323542284194e+03 1.618936488192422024e-14 1.750732834053882123e-16
3.059883762656172166e+03 1.614398249602692772e-14 1.850683821617348297e-16
3.061431787801840073e+03 1.624462068979650697e-14 1.507598443281658820e-16
3.062399363649626139e+03 1.642511221840856973e-14 1.602430744661438109e-16
3.062979812947507980e+03 1.646566862350355398e-14 1.827152597526871802e-16
3.064527838093175887e+03 1.656202318279544802e-14 1.829886049825649869e-16
3.065146403756968084e+03 1.656202318279544802e-14 1.621036779345571097e-16
3.066075863238843795e+03 1.655242791995857950e-14 1.539106351274785460e-16
3.067623888384511702e+03 1.680284167239419877e-14 1.810152347755509050e-16
3.067893443864310029e+03 1.686785388726048629e-14 1.705473658430864510e-16
3.069171913530179609e+03 1.701666453631955117e-14 1.399243904231961296e-16
3.070640483971651975e+03 1.723011566999120184e-14 1.787678304736794834e-16
3.070719938675847516e+03 1.721816394861126934e-14 1.816498484728417880e-16
3.072267963821515423e+03 1.776360255459238975e-14 1.447837054628457521e-16
3.073387524078993920e+03 1.819204444284465497e-14 1.713336941677100987e-16
3.073815988967183330e+03 1.826134358438427472e-14 1.883249434335116117e-16
3.075364014112851237e+03 1.847798555568762592e-14 1.689851813437239632e-16
3.076134564186335865e+03 1.860232673035020068e-14 1.650296371639440540e-16
3.076912039258519144e+03 1.870663333003106082e-14 1.703925276695650425e-16
3.078460064404187051e+03 1.909018187786109139e-14 2.052614658786927504e-16
3.078881604293677810e+03 1.908301345754038160e-14 1.845088067100011208e-16
3.080008089549854958e+03 1.934580491650305102e-14 1.658797342716470621e-16
3.081556114695522865e+03 1.941292498815268478e-14 2.127553986276218090e-16
3.081628644401019756e+03 1.940437396936282233e-14 2.089798079087451531e-16
3.083104139841190772e+03 1.961713569544958276e-14 1.654915831146691407e-16
3.084375684508361701e+03 1.969031831154012820e-14 1.979746182999549492e-16
3.084652164986858679e+03 1.974753983368817780e-14 2.120995881694901382e-16
3.086200190132526586e+03 1.968989018118403616e-14 1.623698736040451887e-16
3.087122724615703646e+03 1.977139394709211086e-14 1.715047184677193775e-16
3.087748215278194493e+03 1.977139394709211086e-14 1.896058728064657979e-16
3.089296240423862400e+03 2.051121165921871093e-14 1.921071152787478037e-16
3.089869764723045591e+03 2.056560987663061349e-14 1.724623819315329881e-16
3.090844265569530307e+03 2.054580939775590073e-14 1.572295629898916919e-16
3.092392290715198214e+03 2.095857522110675364e-14 1.996554188588846323e-16
3.092616804830387537e+03 2.103017738630816347e-14 1.908939023165856922e-16
3.093940315860866122e+03 2.104494580567250362e-14 1.519836838525079474e-16
3.095363844937729482e+03 2.124356153664325695e-14 1.939230726594357335e-16
3.095488341006534029e+03 2.121510799610894721e-14 1.984414162088212315e-16
3.097036366152201936e+03 2.136335324579719575e-14 1.544773372280260614e-16
3.098110885045071427e+03 2.169284509716533795e-14 1.807319941015838583e-16
3.098584391297869843e+03 2.166040243482442506e-14 1.976607452561594359e-16
3.100132416443537750e+03 2.197132448353210716e-14 1.833132004044966683e-16
3.100857925152413372e+03 2.222015093775968887e-14 1.777537031663111448e-16
3.101680441589205657e+03 2.208932435427898722e-14 1.736468749102450994e-16
3.103228466734873564e+03 2.226169863005610367e-14 2.001772604176386724e-16
3.103604965259755318e+03 2.233113977325328078e-14 1.864943466081095517e-16
3.104776491880541471e+03 2.215618399740765743e-14 1.538953902845055824e-16
3.106324517026209378e+03 2.215453185996463730e-14 2.009474123839478016e-16
3.106352005367097263e+03 2.216400718507186594e-14 2.000160644711279647e-16
3.107872542171877285e+03 2.232119017025303355e-14 1.532946916271154641e-16
3.109099045474439208e+03 2.251477243889942147e-14 1.899799004243407557e-16
3.109420567317545192e+03 2.241315085555163859e-14 2.014613041517265638e-16
3.110968592463213099e+03 2.232160437438198948e-14 1.689411421362177366e-16
3.111846085581781153e+03 2.254197977320401493e-14 1.806589684631051918e-16
3.112516617608881006e+03 2.235891575480223497e-14 1.922078933838383098e-16
3.114064642754548913e+03 2.256399269145947113e-14 2.308348610103534821e-16
3.114593125689123099e+03 2.232160437438198948e-14 2.052535696716456269e-16
3.115612667900216820e+03 2.219083951718302660e-14 1.812164618300696484e-16
3.117160693045884727e+03 2.194366666100414901e-14 1.979370799319487917e-16
3.117340165796465044e+03 2.198864855626972282e-14 1.920755581696445163e-16
3.118708718191552634e+03 2.167951086818265712e-14 1.484557673195867450e-16
3.120087205903806989e+03 2.161240689797610896e-14 1.897893290747747704e-16
3.120256743337220541e+03 2.156130720986440567e-14 1.951586374627609076e-16
3.121804768482888448e+03 2.135606537636167725e-14 1.535642112133978702e-16
3.122834246011148934e+03 2.162656693188039478e-14 1.795944292083914839e-16
3.123352793628556356e+03 2.139503643664019063e-14 1.955142222494805054e-16
3.124900818774224263e+03 2.145101316522329111e-14 1.856780014940455661e-16
3.125581286118490880e+03 2.164742553606946664e-14 1.774250854053935763e-16
3.126448843919892170e+03 2.141009562766470721e-14 1.661935995384387291e-16
3.127996869065560077e+03 2.144142469700236049e-14 1.985545099026740082e-16
3.128328326225832825e+03 2.149712648245180154e-14 1.874646845933008500e-16
3.129544894211227984e+03 2.140159313474308394e-14 1.494569606888733002e-16
3.131075366333174770e+03 2.145587120904116273e-14 1.937377163390432521e-16
3.131092919356895891e+03 2.145417295633551938e-14 1.942660063564771451e-16
3.132640944502563798e+03 2.099119362456591780e-14 1.538106236975005571e-16
3.133822406440516716e+03 2.086847410036130827e-14 1.919990913143466739e-16
3.134188969648231705e+03 2.078607524809182158e-14 2.055397705387268187e-16
3.135736994793899612e+03 2.098735702602064644e-14 1.655151449308389493e-16
3.136569446547858661e+03 2.120817221255583798e-14 1.744407407960466840e-16
3.137285019939567519e+03 2.102156344760139833e-14 1.775677314603727196e-16
3.138833045085235426e+03 2.072508539761865151e-14 1.940036268133240537e-16
3.139316486655200606e+03 2.084190530441534633e-14 1.793529364743220000e-16
3.140381070230903333e+03 2.061774616184139394e-14 1.518285674661932727e-16
3.141929095376571240e+03 2.072283795513879226e-14 1.967198959563962890e-16
3.142063526762542551e+03 2.076274932784545375e-14 1.926475306931434424e-16
3.143477120522239147e+03 2.060635011024707364e-14 1.453771687602945605e-16
3.144810566869884497e+03 2.084934822517468594e-14 1.858848676859082969e-16
3.145025145667907054e+03 2.078978818273721409e-14 1.918377772065645574e-16
3.146573170813574961e+03 2.063542509068451297e-14 1.568188121829529259e-16
3.147557606977226442e+03 2.082212121524353772e-14 1.807459934082378063e-16
3.148121195959242868e+03 2.063847495413853093e-14 1.973384288605126136e-16
3.149669221104910775e+03 2.036129789295163917e-14 1.839357973266296766e-16
3.150304647084568387e+03 2.031314319231846653e-14 1.719864869178372935e-16
3.151217246250578683e+03 2.024711034434393998e-14 1.517260121734529071e-16
3.152765271396246590e+03 2.030689638652006570e-14 1.427834579485929951e-16
3.153051687191910332e+03 2.033182179007342598e-14 1.391883198839450826e-16
3.154313296541914497e+03 2.030025567394052651e-14 1.225448510745031543e-16
3.155798727299252278e+03 2.052231616340180493e-14 1.902053811712886735e-16
3.155861321687582404e+03 2.050963065026728917e-14 1.917863347994088194e-16
3.157409346833250311e+03 2.019437423043094529e-14 1.435438228314328475e-16
3.158545767406594223e+03 2.021814157231981245e-14 1.780155059667068129e-16
3.158957371978918218e+03 2.010618573938877263e-14 1.889898767809167140e-16
3.160505397124586125e+03 1.990113624815100595e-14 1.765971384538959046e-16
3.161292807513936168e+03 2.016232129010246315e-14 1.818806224747506781e-16
3.162053422270254032e+03 1.983349714985823445e-14 1.792252700907558775e-16
3.163601447415921939e+03 1.979889687575146465e-14 1.841478129516805477e-16
3.164039847621278113e+03 1.990866410104523558e-14 1.734088012581551311e-16
3.165149472561589846e+03 1.979875580708647147e-14 1.401634812637602813e-16
3.166697497707257753e+03 1.979889687575146465e-14 1.863484270645874078e-16
3.166786887728620059e+03 1.986727048039959650e-14 2.057395321669453680e-16
3.169533927835962004e+03 1.977633406470234236e-14 2.033429607727494333e-16
3.172280967943303949e+03 1.936111553299739233e-14 2.038648074966858924e-16
3.175028008050645894e+03 1.918540045965873210e-14 2.070327967196140719e-16
3.177775048157987840e+03 1.891787939891464707e-14 1.999966594436195152e-16
3.180522088265329785e+03 1.873297234966522237e-14 2.001719153404631537e-16
3.183269128372671730e+03 1.855339634841697661e-14 1.937507735552614040e-16
3.186016168480013675e+03 1.835209768888346026e-14 2.027772750712319567e-16
3.188763208587355621e+03 1.813122357970381878e-14 1.903945873000876936e-16
3.191510248694697566e+03 1.815440819838319035e-14 1.886020796664543676e-16
3.194257288802039511e+03 1.748000979801198203e-14 1.855830672069714686e-16
3.197004328909381456e+03 1.749036263629775666e-14 1.850707237320895892e-16
3.199751369016723402e+03 1.752893481189954842e-14 1.876882021916960519e-16
3.202498409124065347e+03 1.736668352820957148e-14 1.835049364281424654e-16
3.205245449231407292e+03 1.761553068073933147e-14 2.484566394742576463e-16
3.207992489338749238e+03 1.742176282088064763e-14 1.866242480353008823e-16
3.210739529446091183e+03 1.694458299844147588e-14 1.821764299636698600e-16
3.213486569553433128e+03 1.672123490861587141e-14 1.782726242894098554e-16
3.216233609660775073e+03 1.651000371433354249e-14 1.865609943982770536e-16
3.218980649768117019e+03 1.664206087076041964e-14 1.765135791694185134e-16
3.221727689875458964e+03 1.637483430783355080e-14 1.730167982535525106e-16
3.224474729982800909e+03 1.643330280959476147e-14 1.874067175588876497e-16
3.227221770090142854e+03 1.617632232429305965e-14 1.712715919794161732e-16
3.229968810197484800e+03 1.644043387964920745e-14 1.715115584489628794e-16
3.232715850304826745e+03 1.621283667510079354e-14 1.936087743371470057e-16
3.235462890412168690e+03 1.613398721021357601e-14 1.696021112839132036e-16
3.238209930519510635e+03 1.621283667510079354e-14 1.836269712082141029e-16
3.240956970626852581e+03 1.621521360209481974e-14 1.737335852348202358e-16
3.243704010734194526e+03 1.604776211077928008e-14 1.675362555467648583e-16
3.246451050841536471e+03 1.594761827870456151e-14 1.748649222876036107e-16
3.249198090948878416e+03 1.634068449321753751e-14 1.687110603188546843e-16
3.251945131056220362e+03 1.621521360209481974e-14 1.669247229296736235e-16
3.254692171163562307e+03 1.631101756546271206e-14 1.709444872944506836e-16
3.257439211270904252e+03 1.634068449321753751e-14 1.681071624775238020e-16
3.260186251378246197e+03 1.636048832128810537e-14 1.656307085537296930e-16
3.262933291485588143e+03 1.622909658670274206e-14 1.717090670702415988e-16
3.265680331592930088e+03 1.635967339050466866e-14 1.718548803789506409e-16
3.268427371700272033e+03 1.664968567027775020e-14 1.691450410140325761e-16
3.271174411807613978e+03 1.746187381381664553e-14 1.769547140694238422e-16
3.273921451914955924e+03 1.746376190240529376e-14 1.705340898859726562e-16
3.276668492022297869e+03 1.746976411786765706e-14 1.676456716302022990e-16
3.279415532129639814e+03 1.746376190240529376e-14 1.696084127791441494e-16
3.282162572236981759e+03 1.765677947909053787e-14 1.697027566638472759e-16
3.284909612344323705e+03 1.765677947909053787e-14 1.700020186697689093e-16
3.287656652451665650e+03 1.765677947909053787e-14 1.678932029805738346e-16
3.290403692559007595e+03 1.802795235901986180e-14 1.672398922175942316e-16
3.293150732666349541e+03 1.810887994035021099e-14 1.711551708844052595e-16
3.295897772773691486e+03 1.850175884229276636e-14 1.703733966008726846e-16
3.298644812881033431e+03 1.850175884229276636e-14 1.685823068210223146e-16
3.301391852988375376e+03 1.874999872131162247e-14 1.212743153006965785e-16
3.304138893095717322e+03 1.901634028738698190e-14 1.719395091307260445e-16
3.306885933203059267e+03 1.931833051707563661e-14 1.720383528159481670e-16
3.309632973310401212e+03 1.970221750076857037e-14 1.727519003976406726e-16
3.312380013417743157e+03 2.025712555785569333e-14 1.748801645657268836e-16
3.315127053525085103e+03 2.050344429129358767e-14 1.735518369312404277e-16
3.317874093632427048e+03 2.058248991999388053e-14 1.729208720863193674e-16
3.320621133739768993e+03 2.129410328749206410e-14 1.763362814712200919e-16
3.323368173847110938e+03 2.135015935307259107e-14 1.789082073429556018e-16
3.326115213954452884e+03 2.181303445870417621e-14 1.932707682004122356e-16
3.328862254061794829e+03 2.203556021996008149e-14 1.338621822822169723e-16
3.331609294169136774e+03 2.226496066779371646e-14 1.807527943026784336e-16
3.334356334276478719e+03 2.250308658207179330e-14 1.774041162871044738e-16
3.337103374383820665e+03 2.252917987298830984e-14 1.272582503208243221e-16
3.339850414491162610e+03 2.255283836744524650e-14 1.793437020553617016e-16
3.342597454598504555e+03 2.255283836744524650e-14 1.793437020553617016e-16
3.345344494705846500e+03 2.239157121832565306e-14 2.635269058543018277e-16
3.348091534813188446e+03 2.238874945083724893e-14 2.681195973656394158e-16
3.350838574920530391e+03 2.266461860591706868e-14 1.634725384094109393e-16
3.353585615027872336e+03 2.296079315176544067e-14 1.790125254078750710e-16
3.356332655135214281e+03 2.342696400604246787e-14 1.788963560557738646e-16
3.359079695242556227e+03 2.357100617359065926e-14 1.782856571654318153e-16
3.361826735349898172e+03 2.414717725854693729e-14 1.789484834648169769e-16
3.364573775457240117e+03 2.428488402621595845e-14 1.782425228461133657e-16
3.367320815564582063e+03 2.436650644665451096e-14 1.778270736534985781e-16
3.370067855671924008e+03 2.510782965834171266e-14 1.809869767353766344e-16
3.372814895779265953e+03 2.510782965834171266e-14 1.803134423685403107e-16
3.375561935886607898e+03 2.510782965834171266e-14 1.799866077241457409e-16
3.378308975993949844e+03 2.510782965834171266e-14 1.793703769731016575e-16
3.381056016101291789e+03 2.510782965834171266e-14 1.300763962297119456e-16
3.383803056208633734e+03 2.510782965834171266e-14 1.847289257757677296e-16
3.386550096315975679e+03 2.413223684553690901e-14 1.736664091468026072e-16
3.389297136423317625e+03 2.200819110016304786e-14 3.018145150678562798e-16
3.392044176530659570e+03 2.696305249175066905e-14 1.962603144126140720e-16
3.394791216638001515e+03 2.722735843832949259e-14 1.868865140518083978e-16
3.397538256745343460e+03 2.781513792957758527e-14 1.860797032904158858e-16
3.400285296852685406e+03 2.787857559143933618e-14 1.936796752488722868e-16
3.403032336960027351e+03 2.824961913432954659e-14 1.829702791149427997e-16
3.405779377067369296e+03 2.834920981972110044e-14 1.832092005774744526e-16
3.408526417174711241e+03 2.875452376907666848e-14 1.847875655732359439e-16
3.411273457282053187e+03 2.892979513095622577e-14 1.984624357789468759e-16
3.414020497389395132e+03 2.932714644922377422e-14 1.864161287015164478e-16
3.416767537496737077e+03 2.971870816253036051e-14 1.860741544302395172e-16
3.419514577604079022e+03 3.024750629068050592e-14 1.951628329940018890e-16
3.422261617711420968e+03 3.145330679440224823e-14 1.891581558267125597e-16
3.425008657818762913e+03 3.264911037287373120e-14 1.923915923661383316e-16
3.427755697926104858e+03 3.288671903610426075e-14 1.926655027970316743e-16
3.430502738033446803e+03 3.378830379448661614e-14 2.000227279969458816e-16
3.433249778140788749e+03 3.468802320149428969e-14 2.316944572370647816e-16
3.435996818248130694e+03 3.558972245411692697e-14 2.017286185944806366e-16
3.438743858355472639e+03 3.594504591245848003e-14 1.993734096949722392e-16
3.441490898462814584e+03 3.648317315914985030e-14 1.995652890268543012e-16
3.444237938570156530e+03 3.738095474600115132e-14 2.031929372149525006e-16
3.446984978677498475e+03 3.759115555999524874e-14 2.032853532325817140e-16
3.449732018784840420e+03 3.806427368747378623e-14 1.480596409539086267e-16
3.452479058892182366e+03 3.832529478425811727e-14 2.090357935117609337e-16
3.455226098999524311e+03 3.832529478425811727e-14 2.048189834800580142e-16
3.457973139106866256e+03 3.993319498867651923e-14 2.064477982565747603e-16
3.460720179214208201e+03 4.102297390666594030e-14 2.080354963109934152e-16
3.463467219321550147e+03 4.210387255983200605e-14 2.100699424158686897e-16
3.466214259428892092e+03 4.269917323493196725e-14 2.118093749975354245e-16
3.468961299536234037e+03 4.321293468386713640e-14 2.119763121089508946e-16
3.471708339643575982e+03 4.423721584899667992e-14 2.168108630088911716e-16
3.474455379750917928e+03 4.501421493836462560e-14 2.143521482571875533e-16
3.477202419858259873e+03 4.708942185918637946e-14 2.199532169702934775e-16
3.479949459965601818e+03 4.809468933418367004e-14 2.213145419234780533e-16
3.482696500072943763e+03 4.922684342569070924e-14 2.231344125019452159e-16
3.485443540180285709e+03 4.982290701833639313e-14 2.246747100484250652e-16
3.488190580287627654e+03 5.062035071628389373e-14 2.265347139575236113e-16
3.490937620394969599e+03 5.094493698276089289e-14 2.349860777687633470e-16
3.493684660502311544e+03 5.129766590642438887e-14 2.268414215155167703e-16
3.496431700609653490e+03 5.293642590075707549e-14 2.314663084657072169e-16
3.499178740716995435e+03 5.346250739021521225e-14 2.311611076595843829e-16
3.501925780824337380e+03 5.382437346118110421e-14 2.307244296039774990e-16
3.504672820931679325e+03 5.430812253579504139e-14 2.421295432161427066e-16
3.507419861039021271e+03 5.432589802816488456e-14 2.511072317876124121e-16
3.510166901146363216e+03 5.532680817028114504e-14 2.323451913495202728e-16
3.512913941253705161e+03 5.536553271509765672e-14 2.411388451385113735e-16
3.515660981361047106e+03 5.513790051022060335e-14 1.706282852042998992e-16
3.518408021468389052e+03 5.487244773144661636e-14 2.398608577095618461e-16
3.521155061575730997e+03 5.479295708721057695e-14 1.705194577616930998e-16
3.523902101683072942e+03 5.469992406074986047e-14 2.411634885033205533e-16
3.526649141790414888e+03 5.469992406074986047e-14 2.411634885033205533e-16
3.529396181897756833e+03 5.458087018491853249e-14 1.709528610642617627e-16
3.532143222005098778e+03 5.444076247207614572e-14 2.407017761377281545e-16
3.534890262112440723e+03 5.444076247207614572e-14 2.407017761377281545e-16
3.537637302219782669e+03 5.422629199491602326e-14 2.272434248271799474e-16
3.540384342327124614e+03 5.364248404357097766e-14 2.244105885744570256e-16
3.543131382434466559e+03 5.346273561555288488e-14 2.245038072974348219e-16
3.545878422541808504e+03 5.246408457381959459e-14 2.223019448779928773e-16
3.548625462649150450e+03 5.141276676829318032e-14 2.192282475539909564e-16
3.551372502756492395e+03 5.108868364102853287e-14 1.624942613804218564e-16
3.554119542863834340e+03 5.075636905129549126e-14 2.287721905783781902e-16
3.556866582971176285e+03 5.058173387892516215e-14 2.170719226515153495e-16
3.559613623078518231e+03 4.911185074271240332e-14 2.164308695938691029e-16
3.562360663185860176e+03 4.876415112793077444e-14 1.594280138423455089e-16
3.565107703293202121e+03 4.842952211134288198e-14 2.215604461863367936e-16
3.567854743400544066e+03 4.822626560426889575e-14 2.106595282813868097e-16
3.570601783507886012e+03 4.720864074477578615e-14 2.088305515433501132e-16
3.573348823615227957e+03 4.668810282885372534e-14 2.077784595417388447e-16
3.576095863722569902e+03 4.590391874233111245e-14 2.140974254357812724e-16
3.578842903829911847e+03 4.554555168265447750e-14 2.056349003130521098e-16
3.581589943937253793e+03 4.466914348245267278e-14 2.020600774371413538e-16
3.584336984044595738e+03 4.284590703384958622e-14 1.975857181813037923e-16
3.587084024151937683e+03 4.222559495188585067e-14 1.972712228500065155e-16
3.589831064259279628e+03 4.140379015406883707e-14 1.945408362838014563e-16
3.592578104366621574e+03 4.054854642867674540e-14 1.922181893310313841e-16
3.595325144473963519e+03 3.874503123435755303e-14 1.860495041034771593e-16
3.598072184581305464e+03 3.766437144637594858e-14 1.834807164731651950e-16
3.600819224688647409e+03 3.668621959038770309e-14 1.816995583016591676e-16
3.603566264795989355e+03 3.560208465039266619e-14 1.827275485835066025e-16
3.606313304903331300e+03 3.514626226467746680e-14 1.781642665733974634e-16
3.609060345010673245e+03 3.347542816782583076e-14 1.731889466750349301e-16
3.611807385118015191e+03 3.325254521036196528e-14 1.729111830243816221e-16
3.614554425225357136e+03 3.225873290146617427e-14 1.701448139611028374e-16
3.617301465332699081e+03 3.184100382848660250e-14 1.682200494215608298e-16
3.620048505440041026e+03 3.112695851511274865e-14 1.655578047973850188e-16
3.622795545547382972e+03 2.962162975109324381e-14 1.633032028748061583e-16
3.625542585654724917e+03 2.941175746520310581e-14 1.617468325012851469e-16
3.628289625762066862e+03 2.839883224236091516e-14 1.586831220599086775e-16
3.631036665869408807e+03 2.744046207054708274e-14 1.607793397999396650e-16
3.633783705976750753e+03 2.656314732721009779e-14 1.514078067646043688e-16
3.636530746084092698e+03 2.545603197592609277e-14 1.490047011366744334e-16
3.639277786191434643e+03 2.497968031033540197e-14 1.462883891441062316e-16
3.642024826298776588e+03 2.412742447332607609e-14 1.439622394142447132e-16
3.644771866406118534e+03 2.357534698203948365e-14 1.419406160192194645e-16
3.647518906513460479e+03 2.260521079265607595e-14 1.394946063611638467e-16
3.650265946620802424e+03 2.189616415952772125e-14 1.376157500879252599e-16
3.653012986728144369e+03 2.153189413931924514e-14 1.385062303630236022e-16
3.655760026835486315e+03 2.080753785365896256e-14 1.326637363791771692e-16
3.658507066942828260e+03 2.050256152204203008e-14 1.321216111041108952e-16
3.661254107050170205e+03 1.983633211436209457e-14 1.297627495654424958e-16
3.664001147157512150e+03 1.969958389946421810e-14 1.301603531935784784e-16
3.666748187264854096e+03 1.920424367187176889e-14 1.302677388161834899e-16
3.669495227372196041e+03 1.911041143793150750e-14 1.269187710734380632e-16
3.672242267479537986e+03 1.895902828207127447e-14 1.327493888054334769e-16
3.674989307586879931e+03 1.867035331810068834e-14 1.335184727767577252e-16
3.677736347694221877e+03 1.861609400110750076e-14 1.251026220773052505e-16
3.680483387801563822e+03 1.796336789011292804e-14 1.222692771579945756e-16
3.683230427908905767e+03 1.788745196031313798e-14 9.372828495871596016e-17
3.685977468016247713e+03 1.785091781965515711e-14 1.317617453573595877e-16
3.688724508123589658e+03 1.780884949874805008e-14 1.203597383603317972e-16
3.691471548230931603e+03 1.791656292010732734e-14 9.554360665759456842e-17
3.694218588338273548e+03 1.806200859450629581e-14 1.415503889680753036e-16
3.696965628445615494e+03 1.806200859450629581e-14 1.415503889680753036e-16
3.699712668552957439e+03 1.806200859450629581e-14 1.253814648654633083e-16
3.702459708660299384e+03 1.806200859450629581e-14 1.348380234379993972e-16
3.705206748767641329e+03 1.823669787785392707e-14 1.203931536062231423e-16
3.707953788874983275e+03 1.823669787785392707e-14 9.428645766374697320e-17
3.710700828982325220e+03 1.823669787785392707e-14 1.358319504271533144e-16
3.713447869089667165e+03 1.823669787785392707e-14 1.180483827927340404e-16
3.716194909197009110e+03 1.898056865850326279e-14 1.199972863479085571e-16
3.718941949304351056e+03 1.905294521596301514e-14 1.201356890116977303e-16
3.721688989411693001e+03 1.963342847995073908e-14 1.212870130130351623e-16
3.724436029519034946e+03 2.004006607078484538e-14 1.254541733921299078e-16
3.727183069626376891e+03 2.032650251273629697e-14 1.288336367381409169e-16
3.729930109733718837e+03 2.068893543268113836e-14 1.233804682247364087e-16
3.732677149841060782e+03 2.124294720508982118e-14 1.249829264440324952e-16
3.735424189948402727e+03 2.173171548987479640e-14 1.242936336227200596e-16
3.738171230055744672e+03 2.233795604076192104e-14 1.260328338778453684e-16
3.740918270163086618e+03 2.271188116244657397e-14 1.259294955921589802e-16
3.743665310270428563e+03 2.367011741333250603e-14 1.286407334668193930e-16
3.746412350377770508e+03 2.433095622296494036e-14 1.403418316243338456e-16
3.749159390485112453e+03 2.473580851127630061e-14 1.302220861384108355e-16
3.751906430592454399e+03 2.547790144119406862e-14 1.335569123388703615e-16
3.754653470699796344e+03 2.574803176998704384e-14 1.349992148293064430e-16
3.757400510807138289e+03 2.660702265513305886e-14 1.328996134191870581e-16
3.760147550914480234e+03 2.710015379741632601e-14 1.374889012338708930e-16
3.762894591021822180e+03 2.819436020636543070e-14 1.361977705037019433e-16
3.765641631129164125e+03 2.873629724276101008e-14 1.391249107057995308e-16
3.768388671236506070e+03 2.999765138857698326e-14 1.389984027145302866e-16
3.771135711343848016e+03 3.092550616366662094e-14 1.400326559088238407e-16
3.773882751451189961e+03 3.225302186194475996e-14 1.428669994007686741e-16
3.776629791558531906e+03 3.316880057485055306e-14 1.529798240447971774e-16
3.779376831665873851e+03 3.445594489934761859e-14 1.570604371070377923e-16
3.782123871773215797e+03 3.545410336512345847e-14 1.486094911545988410e-16
3.784870911880557742e+03 3.628279036324237646e-14 1.620377825773059243e-16
3.787617951987899687e+03 3.671945579388268390e-14 1.501625885499019661e-16
3.790364992095241632e+03 3.840752401038623875e-14 1.528877454152454273e-16
3.793112032202583578e+03 3.905842269076208820e-14 1.536139552707323277e-16
3.795859072309925523e+03 4.029240317882472736e-14 1.549463030591542076e-16
3.798606112417267468e+03 4.211585626144326783e-14 1.591125057924355826e-16
3.801353152524609413e+03 4.385280266511342249e-14 1.631443951023407957e-16
3.804100192631951359e+03 4.524077127374351722e-14 1.618251913340449320e-16
3.806847232739293304e+03 4.694759202598073252e-14 1.645482210981383656e-16
3.809594272846635249e+03 4.831242526727351850e-14 1.662933736358102346e-16
3.812341312953977194e+03 4.948048891417230081e-14 1.695173082378596259e-16
3.815088353061319140e+03 5.159481669581916805e-14 1.703970116490575544e-16
3.817835393168661085e+03 5.355405647186457668e-14 1.738882577404360472e-16
3.820582433276003030e+03 5.524931453923492326e-14 1.749704142615967687e-16
3.823329473383344975e+03 5.675705888018605318e-14 1.770798877386876218e-16
3.826076513490686921e+03 5.723282614899679955e-14 1.412984450357573958e-16
3.828823553598028866e+03 5.772463128154992074e-14 1.959487771346573952e-16
3.831570593705370811e+03 5.960731221420216802e-14 1.802586789816132948e-16
3.834317633812712756e+03 6.071167139889643690e-14 1.798290666932131188e-16
3.837064673920054702e+03 6.187803933138669924e-14 1.814052488240693955e-16
3.839811714027396647e+03 6.334189098742662223e-14 1.821040852208150060e-16
3.842558754134738592e+03 6.439382114864612437e-14 1.835147161658706340e-16
3.845305794242080538e+03 6.505514450499461548e-14 1.843056171498785149e-16
3.848052834349422483e+03 6.697568135794920487e-14 1.858685424231171399e-16
3.850799874456764428e+03 6.867897691877559179e-14 1.887126536224940741e-16
3.853546914564106373e+03 6.991074547706396100e-14 1.874867102389757638e-16
3.856293954671448319e+03 7.089126318306777706e-14 1.886691882070415492e-16
3.859040994778790264e+03 7.146156113164115307e-14 1.905984788097749822e-16
3.861788034886132209e+03 7.306135904427182834e-14 1.919750269481277250e-16
3.864535074993474154e+03 7.387594415420513624e-14 1.910735746602560614e-16
3.867282115100816100e+03 7.425657100250471166e-14 1.559727369308135099e-16
3.870029155208158045e+03 7.473328325537792471e-14 2.206583825672904422e-16
3.872776195315499990e+03 7.738654489119557958e-14 1.938120355514067876e-16
3.875523235422841935e+03 7.811707664045694165e-14 1.949425818682529436e-16
3.878270275530183881e+03 7.817565226510241361e-14 1.970476989770153959e-16
3.881017315637525826e+03 7.921939563194405521e-14 1.949832188821309252e-16
3.883764355744867771e+03 8.034612221329826737e-14 1.959176902565914636e-16
3.886511395852209716e+03 8.057098538552421008e-14 1.939163219588633099e-16
3.889258435959551662e+03 8.062366666824088973e-14 1.575262746899366662e-16
3.892005476066893607e+03 8.068811460995584106e-14 2.161259754409816607e-16
3.894752516174235552e+03 8.100151462248314859e-14 1.573382243934041081e-16
3.897499556281577497e+03 8.150750717807533907e-14 2.178559872961893904e-16
3.900246596388919443e+03 8.161107076007037441e-14 1.580370415257441261e-16
3.902993636496261388e+03 8.175950084523893733e-14 2.163657916441730591e-16
3.905740676603603333e+03 8.175950084523893733e-14 1.920344081530873990e-16
3.908487716710945278e+03 8.210771386315132388e-14 1.576952756254220567e-16
3.911234756818287224e+03 8.268180655109438892e-14 2.184842342801458651e-16
3.913981796925629169e+03 8.278771030947031179e-14 1.924216168280083779e-16
3.916728837032971114e+03 8.281999402851431327e-14 1.917716738057019641e-16
3.919475877140313059e+03 8.282244790165649295e-14 2.163741693294170208e-16
3.922222917247655005e+03 8.306780253423139558e-14 1.907299958072859556e-16
3.924969957354996950e+03 8.310236179753793806e-14 2.154501887328605630e-16
3.927716997462338895e+03 8.310236179753793806e-14 2.154501887328605630e-16
3.930464037569680841e+03 8.174276509206380500e-14 1.875095481109372197e-16
3.933211077677022786e+03 8.154794791910904839e-14 2.121433324021103719e-16
3.935958117784364731e+03 7.957648085923343499e-14 1.829412698127912906e-16
3.938705157891706676e+03 7.939693813713769104e-14 1.831628057392312400e-16
3.941452197999048622e+03 7.923782990971794713e-14 1.512272803694634888e-16
3.944199238106390567e+03 7.894295568806886099e-14 2.057471351544869339e-16
3.946946278213732512e+03 7.828774005259854722e-14 1.800552676167803802e-16
3.949693318321074457e+03 7.724692735744272436e-14 1.794736030047989245e-16
3.952440358428416403e+03 7.664718541733886194e-14 1.760233793371546757e-16
3.955187398535758348e+03 7.571867585089076432e-14 1.748073568679370150e-16
3.957934438643100293e+03 7.523631703176483204e-14 1.748748202848114649e-16
3.960681478750442238e+03 7.461885461618699622e-14 1.727385094933582691e-16
3.963428518857784184e+03 7.437095551233851452e-14 1.734619619678767647e-16
3.966175558965126129e+03 7.366629492922210710e-14 1.710014612593048127e-16
3.968922599072468074e+03 7.270213825050375435e-14 1.699976921100933419e-16
3.971669639179810019e+03 7.212403729743501729e-14 1.687368948487542857e-16
3.974416679287151965e+03 7.189439308123893579e-14 1.718446018088427299e-16
3.977163719394493910e+03 7.163726374552960111e-14 1.456378709281487932e-16
3.979910759501835855e+03 7.123163549890149104e-14 2.056583422788130417e-16
3.982657799609177800e+03 7.123163549890149104e-14 1.694545847425223187e-16
3.985404839716519746e+03 7.123163549890149104e-14 1.654918271417017872e-16
3.988151879823861691e+03 7.081128709995706256e-14 1.645196881524477654e-16
3.990898919931203636e+03 7.038771566903226944e-14 1.644296017076981961e-16
3.993645960038545581e+03 7.080173232558769980e-14 1.641343035109669917e-16
3.996393000145887527e+03 7.080173232558769980e-14 1.634598439608129708e-16
3.999140040253229472e+03 7.080173232558769980e-14 1.639553871037187299e-16
4.001887080360571417e+03 7.075936315406376560e-14 1.637627039130662058e-16
4.004634120467913363e+03 7.022463677044253139e-14 1.629945209622717475e-16
4.007381160575255308e+03 7.023548658582903912e-14 1.611851582348071663e-16
4.010128200682597253e+03 7.098782362919830078e-14 1.633976377810610421e-16
4.012875240789939198e+03 7.098782362919830078e-14 1.628400803589113344e-16
4.015622280897281144e+03 7.172759069977547986e-14 1.628769090892345310e-16
4.018369321004623089e+03 7.218252498106079508e-14 1.382148085119066707e-16
4.021116361111965034e+03 7.276112627989037018e-14 1.878565022892756276e-16
4.023863401219306979e+03 7.306396032562166268e-14 1.626812082731020205e-16
4.026610441326648925e+03 7.425359429764347575e-14 1.701985292964679386e-16
4.029357481433990870e+03 7.436947730420656505e-14 1.633726216845144735e-16
4.032104521541332815e+03 7.496232754245490741e-14 1.634168131771563600e-16
4.034851561648674760e+03 7.558505793311603329e-14 1.639909290466765435e-16
4.037598601756016706e+03 7.630465334600783736e-14 1.647740390421213816e-16
4.040345641863358651e+03 7.680746108315127775e-14 1.648099686892771021e-16
4.043092681970700596e+03 7.777453690613507223e-14 1.661245727350312120e-16
4.045839722078042541e+03 7.777453690613507223e-14 1.654392474417517627e-16
4.048586762185384487e+03 7.777453690613507223e-14 1.702234133712843811e-16
4.051333802292726432e+03 7.781520905993413123e-14 1.654111811328104912e-16
4.054080842400068377e+03 7.795964861194424714e-14 1.654910086129112035e-16
4.056827882507410322e+03 7.795964861194424714e-14 1.638868026706764373e-16
4.059574922614752268e+03 7.860810407986319847e-14 1.655761725708828939e-16
4.062321962722094213e+03 7.911432986965776835e-14 1.684721864059038182e-16
4.065069002829436158e+03 7.977198282141240505e-14 1.690351632971975279e-16
4.067816042936778103e+03 7.977198282141240505e-14 1.662218367128577580e-16
4.070563083044120049e+03 8.050895570541153313e-14 1.676342187548890927e-16
4.073310123151461994e+03 8.050895570541153313e-14 1.653795609920589193e-16
4.076057163258803939e+03 8.153036095097127120e-14 1.667386951407569808e-16
4.078804203366145885e+03 8.142464441571812780e-14 1.660631058547887608e-16
4.081551243473487830e+03 8.139116712860135959e-14 1.654589223467831478e-16
4.084298283580829775e+03 8.162443121117747187e-14 1.667819031833606426e-16
4.087045323688171720e+03 8.133149560789052870e-14 1.658365387057074874e-16
4.089792363795513666e+03 8.114191087452143536e-14 1.650392812756208679e-16
4.092539403902855611e+03 8.039964030868277916e-14 1.642249894568235356e-16
4.095286444010197556e+03 7.920841392728630357e-14 1.653181642389737336e-16
4.098033484117539047e+03 7.880380592279425777e-14 1.624796956458649618e-16
4.100780524224881447e+03 7.855271918324225296e-14 1.618987829598644681e-16
4.103527564332223847e+03 7.855271918324225296e-14 1.618040579691710006e-16
4.106274604439565337e+03 7.828749773559145339e-14 1.607399982323411910e-16
4.109021644546906828e+03 7.737958210871668919e-14 1.598396482311146741e-16
4.111768684654249228e+03 7.646417643573933920e-14 1.589257909919223005e-16
4.114515724761591628e+03 7.646417643573933920e-14 1.590740993772531009e-16
4.117262764868933118e+03 7.646148165301348006e-14 1.585398851753260170e-16
4.120009804976274609e+03 7.616405138291696792e-14 1.577851360060156603e-16
4.122756845083617009e+03 7.600228639451837254e-14 1.381553810331151226e-16
4.125503885190959409e+03 7.579355844116938967e-14 1.852171079209618252e-16
4.128250925298300899e+03 7.562686227797185004e-14 1.567191886817940840e-16
4.130997965405642390e+03 7.549358994430510675e-14 1.563055369819077953e-16
4.133745005512984790e+03 7.549358994430510675e-14 1.849823426701228315e-16
4.155721326371720352e+03 7.487472351628737656e-14 1.540040149611639138e-16
4.158468366479062752e+03 7.458650894674463587e-14 1.363719095619399793e-16
4.161215406586404242e+03 7.447392176692865795e-14 1.830791041178633652e-16
4.163962446693745733e+03 7.348004187195966935e-14 1.506979637177997925e-16
4.166709486801088133e+03 7.341058218161267684e-14 1.507575046681225084e-16
4.169456526908430533e+03 7.313910737681869223e-14 1.336667537876932566e-16
4.172203567015772023e+03 7.251475488872019537e-14 1.776251383798317304e-16
4.174950607123113514e+03 7.213186285058026882e-14 1.500941350783555415e-16
4.177697647230455914e+03 7.172582859624620938e-14 1.486676911538093378e-16
4.180444687337798314e+03 7.165650722524424809e-14 1.763700605451274717e-16
4.183191727445139804e+03 7.104707414817826362e-14 1.759820562792948442e-16
4.185938767552481295e+03 7.091604457528169481e-14 2.104292685891127139e-16
4.188685807659823695e+03 7.071263077900057524e-14 1.776376833462219018e-16
4.191432847767166095e+03 7.055927383942209562e-14 1.538394403848080538e-16
4.194179887874507585e+03 7.032843410284886354e-14 1.738573902466567932e-16
4.196926927981849076e+03 6.993907070414136494e-14 1.459240610804498259e-16
4.199673968089191476e+03 6.969758455202745772e-14 1.446596092371075714e-16
4.202421008196533876e+03 6.899909114556966622e-14 1.437676979870116985e-16
4.205168048303875366e+03 6.868504374584262696e-14 1.431679110934527214e-16
4.207915088411216857e+03 6.839770589788955452e-14 1.431263222553942921e-16
4.210662128518559257e+03 6.757709325083496072e-14 1.426982198184970158e-16
4.213409168625901657e+03 6.719997847806959830e-14 1.410180780810126207e-16
4.216156208733243147e+03 6.642480585401126960e-14 1.407037687606398457e-16
4.218903248840584638e+03 6.621085148151056844e-14 1.406171351846221499e-16
4.221650288947927038e+03 6.532922260466002747e-14 1.383340080343266904e-16
4.224397329055269438e+03 6.470898016942243563e-14 1.383306572678427730e-16
4.227144369162610928e+03 6.452617992505549761e-14 1.376308099224531065e-16
4.229891409269952419e+03 6.376479680131301053e-14 1.363786687297896572e-16
4.232638449377294819e+03 6.273063929973993760e-14 1.351529187899706001e-16
4.235385489484637219e+03 6.226351706235086763e-14 1.347142813680980411e-16
4.238132529591978710e+03 6.163280092946844401e-14 1.339844939193254083e-16
4.240879569699320200e+03 6.045633125875979367e-14 1.324769535203164336e-16
4.243626609806662600e+03 5.936123936737528454e-14 1.373344814030316317e-16
4.246373649914005000e+03 5.836827896093863295e-14 1.300142864088815747e-16
4.249120690021346491e+03 5.760147073789890275e-14 1.320521867527581602e-16
4.251867730128687981e+03 5.697874751121216411e-14 1.286297414331323867e-16
4.254614770236030381e+03 5.614971363451991618e-14 1.270107940113050443e-16
4.257361810343372781e+03 5.553590459996254625e-14 1.258421185471893614e-16
4.260108850450714272e+03 5.494062269123367477e-14 1.255202881046766394e-16
4.262855890558055762e+03 5.418020562361958421e-14 1.254744330468276178e-16
4.265602930665398162e+03 5.349586273086350392e-14 1.234410075017443008e-16
4.268349970772740562e+03 5.263709364232903579e-14 1.224586357066330729e-16
4.271097010880082053e+03 5.136874506280017385e-14 1.204568968135079528e-16
4.273844050987423543e+03 5.047639071263293810e-14 1.192499452603651196e-16
4.276591091094765943e+03 4.933557346512632077e-14 1.173857792718079868e-16
4.279338131202108343e+03 4.798628179639676077e-14 1.155784173936237197e-16
4.282085171309449834e+03 4.706793531997572304e-14 1.148554141359683605e-16
4.284832211416791324e+03 4.577974184371752036e-14 1.131722482669319156e-16
4.287579251524133724e+03 4.530198700907531036e-14 1.149621355725319574e-16
4.290326291631476124e+03 4.459334180300702440e-14 1.114706671773974706e-16
4.293073331738817615e+03 4.428356179503749471e-14 1.106279742053854932e-16
4.295820371846159105e+03 4.397459361740766172e-14 1.101035764624695296e-16
4.298567411953501505e+03 4.371371935754533307e-14 1.097812414545215864e-16
4.301314452060843905e+03 4.392682158417858659e-14 1.100052594238970032e-16
4.304061492168185396e+03 4.398083053346393823e-14 1.006648684983486665e-16
4.306808532275526886e+03 4.398083053346393823e-14 1.322638903112935784e-16
4.309555572382869286e+03 4.398083053346393823e-14 1.092740218531040210e-16
4.312302612490211686e+03 4.398083053346393823e-14 1.001802778528389764e-16
4.315049652597553177e+03 4.393825188127135906e-14 1.319725506821075017e-16
4.317796692704894667e+03 4.436622298746954049e-14 1.132007269085671287e-16
4.320543732812237067e+03 4.458517659188961361e-14 1.099566852834156191e-16
4.323290772919579467e+03 4.498757588868215302e-14 1.105581898692823301e-16
4.326037813026920958e+03 4.527392380596696240e-14 1.100749430304406034e-16
4.328784853134262448e+03 4.545742102540144106e-14 1.103132453467019217e-16
4.331531893241604848e+03 4.610500769521597330e-14 1.159848747814159104e-16
4.334278933348947248e+03 4.669481824729116176e-14 1.118216304572597853e-16
4.337025973456288739e+03 4.681984778753194466e-14 1.126898814436810650e-16
4.339773013563630229e+03 4.682401181740382390e-14 1.365172662559310476e-16
4.342520053670972629e+03 4.712426178819248927e-14 1.264768914808627855e-16
4.345267093778315029e+03 4.719870192381944718e-14 1.541621933919896026e-16
4.348014133885656520e+03 4.759823750852518726e-14 1.127695070854423247e-16
4.350761173992998010e+03 4.789851847717803454e-14 1.033076101729235936e-16
4.353508214100340410e+03 4.836635039413665627e-14 1.367067369383199939e-16
4.356255254207682810e+03 4.851875228243792273e-14 1.042728768229076845e-16
4.359002294315024301e+03 4.887450239985345612e-14 1.380050796277832261e-16
4.361749334422365791e+03 4.926682208366254762e-14 1.145811051311618353e-16
4.364496374529708191e+03 4.950346410633774797e-14 1.058497719996452501e-16
4.367243414637050591e+03 4.966908139480238425e-14 1.380442681364835384e-16
4.369990454744392082e+03 4.966908139480238425e-14 1.136195517347958175e-16
4.372737494851733572e+03 4.999233566810574393e-14 1.139824931425392129e-16
4.375484534959075972e+03 5.017047433774678817e-14 1.055142205297517678e-16
4.378231575066418372e+03 5.037414035164929839e-14 1.381791184286643832e-16
4.380978615173759863e+03 5.090519323987275533e-14 1.171245898516394521e-16
4.383725655281101353e+03 5.131662662635948188e-14 1.148392466079134611e-16
4.386472695388443753e+03 5.138747442956024907e-14 1.150601909958140823e-16
4.389219735495786153e+03 5.154604805203124923e-14 1.154077211700711112e-16
4.391966775603127644e+03 5.183952900843814796e-14 1.151886714939462338e-16
4.394713815710469135e+03 5.229164543795413425e-14 1.156428893897812211e-16
4.397460855817811535e+03 5.276896378234379961e-14 1.154744808761706870e-16
4.400207895925153935e+03 5.365296234325027458e-14 1.165730291508803381e-16
4.402954936032495425e+03 5.440820125744157009e-14 1.174899162829862458e-16
4.405701976139836916e+03 5.493590044666863592e-14 1.176372459402394205e-16
4.408449016247179316e+03 5.595526755394991867e-14 1.190587219546628122e-16
4.411196056354521716e+03 5.624662325118660524e-14 1.188795459997162062e-16
4.413943096461863206e+03 5.679992887177316070e-14 1.193517393403793247e-16
4.416690136569204697e+03 5.728053553725139219e-14 1.198004897535217706e-16
4.419437176676547097e+03 5.815023822935281846e-14 1.214259768052112187e-16
4.422184216783889497e+03 5.838832778823155442e-14 1.221142238168072545e-16
4.424931256891230987e+03 5.866173363004208545e-14 1.217562771802965760e-16
4.427678296998572478e+03 5.956800335634237245e-14 1.222736112979676276e-16
4.430425337105914878e+03 5.979370365047125036e-14 1.232104776163566849e-16
4.433172377213257278e+03 6.011926223458107523e-14 1.223413231212514222e-16
4.435919417320598768e+03 6.081172054742810788e-14 1.227347391311752073e-16
4.438666457427940259e+03 6.103251063429006907e-14 1.228163215310289992e-16
4.441413497535282659e+03 6.137540507939083532e-14 1.231684148933015110e-16
4.444160537642625059e+03 6.192550856444398342e-14 1.233419397828536303e-16
4.446907577749966549e+03 6.204601719558833217e-14 1.503228048003226727e-16
4.449654617857308040e+03 6.262540152815495539e-14 1.235087313312084635e-16
4.452401657964650440e+03 6.277550907481804776e-14 1.505516889845385457e-16
4.455148698071992840e+03 6.277550907481804776e-14 1.505516889845385457e-16
4.457895738179334330e+03 6.299882753869162946e-14 1.152194022091950168e-16
4.460642778286675821e+03 6.333756608656563977e-14 1.512416237898567750e-16
4.463389818394018221e+03 6.333756608656563977e-14 1.512416237898567750e-16
4.466136858501360621e+03 6.333756608656563977e-14 1.241814669359543311e-16
4.468883898608702111e+03 6.333756608656563977e-14 1.157579053364780574e-16
4.471630938716043602e+03 6.333756608656563977e-14 1.507603370222489214e-16
4.474377978823386002e+03 6.291744892406648038e-14 1.234463411554529323e-16
4.477125018930728402e+03 6.339594160090722648e-14 1.236983291805176329e-16
4.479872059038069892e+03 6.400798791088419414e-14 1.245011835692145380e-16
4.482619099145411383e+03 6.428471057311838055e-14 1.246341933197527971e-16
4.537559901292250288e+03 6.444475351584030842e-14 1.157754430785045993e-16
4.540306941399592688e+03 6.444475351584030842e-14 1.515429028212832889e-16
4.543053981506935088e+03 6.444475351584030842e-14 1.158331080341409319e-16
4.545801021614276578e+03 6.444475351584030842e-14 1.511914370877319577e-16
4.548548061721618069e+03 6.447215420490311670e-14 1.241216168058717620e-16
4.551295101828960469e+03 6.447924469745250353e-14 1.512628790228769376e-16
4.554042141936302869e+03 6.471192720016183922e-14 1.240919300378899344e-16
4.556789182043644360e+03 6.477205382292294811e-14 1.511870563392078769e-16
4.559536222150985850e+03 6.478782530892067057e-14 1.241801392844841058e-16
4.562283262258328250e+03 6.468066225309149632e-14 1.156016689090079467e-16
4.565030302365670650e+03 6.441496506115126919e-14 1.512952780331094146e-16
4.567777342473012141e+03 6.434951920596004904e-14 1.155425967961114697e-16
4.570524382580353631e+03 6.419340834720385636e-14 1.508540135722593266e-16
4.573271422687696031e+03 6.419340834720385636e-14 1.282154834332986161e-16
4.576018462795038431e+03 6.415238641234324604e-14 1.240340409119675091e-16
4.578765502902379922e+03 6.401454739983943064e-14 1.149463808977074006e-16
4.581512543009721412e+03 6.371959166903695682e-14 1.500170523761434720e-16
4.584259583117063812e+03 6.327375191934852511e-14 1.225185167941695032e-16
4.587006623224406212e+03 6.309492073914032463e-14 1.223870044876272243e-16
4.589753663331747703e+03 6.293766393136007558e-14 1.226345419572311601e-16
4.592500703439089193e+03 6.279217781129016058e-14 1.137811192196736009e-16
4.595247743546431593e+03 6.253279686598001152e-14 1.486572336235552987e-16
4.597994783653773993e+03 6.240177967664856481e-14 1.135066532376444371e-16
4.600741823761115484e+03 6.209228552329915107e-14 1.494332216823586446e-16
4.603488863868456974e+03 6.185747973032629687e-14 1.216658187243408460e-16
4.606235903975799374e+03 6.110628071500295596e-14 1.207841303420889480e-16
4.608982944083141774e+03 5.980517890321907615e-14 1.193960688149350315e-16
4.611729984190483265e+03 5.881742357971952730e-14 1.186634815841660684e-16
4.614477024297824755e+03 5.809139004303623476e-14 1.180313849880474400e-16
4.617224064405167155e+03 5.731010335896720233e-14 1.173611696769590773e-16
4.619971104512509555e+03 5.642856361434909485e-14 1.162501179296949946e-16
4.622718144619851046e+03 5.585925366670514097e-14 1.165220128747584563e-16
4.625465184727192536e+03 5.521609385936969063e-14 1.163813682457079015e-16
4.628212224834534936e+03 5.426273872757207989e-14 1.142310343941069956e-16
4.630959264941877336e+03 5.390067627168497764e-14 1.137939399910981255e-16
4.633706305049218827e+03 5.302011539557615860e-14 1.128660818949662306e-16
4.636453345156560317e+03 5.255255071590999192e-14 1.126367257569346839e-16
4.639200385263902717e+03 5.188726205469156346e-14 1.114520802247495897e-16
4.641947425371245117e+03 5.185321060154181663e-14 1.273130242704334200e-16
4.644694465478586608e+03 5.165678339902047713e-14 1.121772848823394744e-16
4.647441505585928098e+03 5.147895138699458489e-14 1.115801257834981133e-16
4.650188545693270498e+03 5.132063065589869889e-14 1.117826040052620657e-16
4.652935585800612898e+03 5.102917079756344445e-14 1.104502840817748284e-16
4.655682625907954389e+03 5.102917079756344445e-14 1.116752602555031358e-16
4.658429666015295879e+03 5.102917079756344445e-14 1.114096883669731251e-16
4.661176706122638279e+03 5.100363117569573176e-14 1.110580224744867693e-16
4.663923746229980679e+03 5.100363117569573176e-14 1.180621147431480512e-16
4.666670786337322170e+03 5.100363117569573176e-14 1.119602524811385604e-16
4.669417826444663660e+03 5.093713430267949254e-14 1.113373016315664175e-16
4.672164866552006060e+03 5.091818383499042826e-14 1.113830519307972068e-16
4.674911906659348460e+03 5.086293270365162712e-14 1.018557006219626045e-16
4.677658946766689951e+03 5.068988035306781770e-14 1.336996111568896175e-16
4.680405986874031441e+03 5.062417603939265489e-14 1.112477972203910727e-16
4.683153026981373841e+03 5.049268058422121500e-14 1.111503408235608795e-16
4.685900067088716241e+03 4.956975620103419366e-14 1.102895233987483671e-16
4.688647107196057732e+03 4.895504203104922134e-14 1.096529024248214566e-16
4.691394147303399222e+03 4.866830093013648304e-14 1.101121561459604975e-16
4.694141187410741622e+03 4.820274945591076543e-14 1.095276919025688011e-16
4.696888227518084022e+03 4.753503030935713396e-14 1.078039953483442169e-16
4.699635267625425513e+03 4.689866050685157155e-14 1.073335574731731935e-16
4.702382307732767003e+03 4.654128221232857620e-14 1.070264699350913959e-16
4.705129347840109403e+03 4.559741736147251989e-14 1.060795747508573441e-16
4.707876387947451803e+03 4.458105229081760315e-14 1.044074888070602080e-16
4.710623428054793294e+03 4.414449772341745881e-14 1.041571535727523298e-16
4.713370468162134785e+03 4.318313914188228365e-14 1.028973838730294361e-16
4.716117508269477185e+03 4.253008645089953322e-14 1.028016805158133994e-16
4.718864548376819585e+03 4.191524657260596915e-14 1.015008021687387317e-16
4.721611588484161075e+03 4.138413609619974730e-14 1.012032179076550132e-16
4.724358628591502566e+03 4.035542910469579596e-14 9.997502985400147625e-17
4.727105668698844966e+03 4.014408468622634311e-14 1.001399338894927068e-16
4.729852708806187366e+03 4.015666516919658173e-14 9.030317863209948947e-17
4.732599748913528856e+03 4.018309055181350231e-14 1.196408627008281600e-16
4.735346789020870347e+03 4.018309055181350231e-14 1.196408627008281600e-16
4.738093829128212747e+03 4.018309055181350231e-14 1.005187298100669324e-16
4.740840869235555147e+03 4.018309055181350231e-14 1.200799963444203113e-16
4.743587909342896637e+03 4.016524842342560118e-14 1.004223132027580100e-16
4.746334949450238128e+03 4.033405787882347873e-14 1.008587020046280774e-16
4.749081989557580528e+03 4.037388641724842797e-14 1.203000263873594167e-16
4.751829029664922928e+03 4.046226614890223001e-14 9.043991082399943262e-17
4.754576069772264418e+03 4.057532440463265666e-14 1.206233547451941441e-16
4.757323109879605909e+03 4.057532440463265666e-14 1.206233547451941441e-16
4.760070149986948309e+03 4.057532440463265666e-14 1.014226508590991405e-16
4.762817190094290709e+03 4.057532440463265666e-14 1.011382813081559269e-16
4.765564230201632199e+03 4.057532440463265666e-14 1.201898591646571542e-16
4.768311270308973690e+03 4.057532440463265666e-14 1.201898591646571542e-16
4.771058310416316090e+03 4.057532440463265666e-14 1.029248126091590718e-16
4.773805350523658490e+03 4.057532440463265666e-14 1.222002124556264310e-16
4.776552390630999980e+03 4.057532440463265666e-14 1.222002124556264310e-16
4.779299430738341471e+03 4.051317839696962991e-14 1.011890283721907365e-16
4.782046470845683871e+03 4.010288180843809744e-14 1.004887078987875463e-16
4.784793510953026271e+03 4.002088032068138842e-14 1.005470704357086466e-16
4.787540551060367761e+03 3.916333987061398652e-14 9.939705461035827644e-17
4.790287591167709252e+03 3.847289510493065059e-14 9.860465088702548994e-17
4.793034631275051652e+03 3.813662049105205325e-14 9.826643302234775511e-17
4.795781671382394052e+03 3.778175391763054340e-14 9.787610659798073087e-17
4.798528711489735542e+03 3.739117067934288793e-14 9.731737121576639660e-17
4.801275751597077033e+03 3.710764995651951355e-14 9.705713532165832158e-17
4.804022791704419433e+03 3.673388893131773575e-14 9.655154039879878698e-17
4.806769831811761833e+03 3.608094644444738573e-14 9.773120814490720509e-17
4.809516871919103323e+03 3.566180624266121856e-14 9.522024485541548022e-17
4.812263912026444814e+03 3.545112811617953579e-14 9.494225577189489471e-17
4.815010952133787214e+03 3.494098987078560511e-14 9.466976676281729675e-17
4.817757992241129614e+03 3.476429326684540216e-14 9.574182629611912110e-17
4.820505032348471104e+03 3.411331928121830539e-14 9.514437969534759236e-17
4.823252072455812595e+03 3.387806126118456801e-14 9.479468241569235501e-17
4.825999112563154995e+03 3.340704332641760632e-14 9.861499396573750996e-17
4.828746152670497395e+03 3.276343288938467849e-14 9.136086674128422961e-17
4.831493192777838885e+03 3.234831518961055940e-14 9.160211148348817385e-17
4.834240232885180376e+03 3.216679494799174445e-14 9.069669791264010124e-17
4.836987272992522776e+03 3.145401243521946313e-14 8.989438532859091761e-17
4.839734313099865176e+03 3.136633858682198968e-14 9.038891861265781060e-17
4.842481353207206666e+03 3.125562189466504108e-14 7.784141045303066819e-17
4.845228393314548157e+03 3.103039472509422358e-14 1.040975169511361301e-16
4.847975433421890557e+03 3.102790481847425139e-14 7.704391541127689842e-17
4.850722473529232957e+03 3.102320510943792908e-14 1.043281018186914121e-16
4.853469513636574447e+03 3.089250139715994210e-14 8.938021845067122349e-17
4.856216553743915938e+03 3.082867436657283174e-14 9.024158389286750363e-17
4.858963593851258338e+03 3.054686103339105286e-14 8.958471783677367582e-17
4.861710633958600738e+03 3.031226117568607215e-14 8.943431563337487301e-17
4.864457674065942228e+03 3.026164151106252438e-14 8.878301607668429771e-17
4.867204714173283719e+03 3.009236457096679294e-14 8.864664023992531122e-17
4.869951754280626119e+03 3.022793542882636618e-14 8.882547584563063389e-17
4.872698794387968519e+03 3.040478787328929711e-14 8.940782031608748582e-17
4.875445834495310010e+03 3.043610727670281500e-14 8.958165520136023775e-17
4.878192874602651500e+03 3.054130039510345303e-14 7.591186482358407200e-17
4.880939914709993900e+03 3.072927451234531981e-14 1.028929236035772078e-16
4.883686954817336300e+03 3.119979981937190608e-14 9.119398305035941732e-17
4.886433994924677791e+03 3.146908450106982924e-14 9.069195264350216203e-17
4.889181035032019281e+03 3.154049594666053524e-14 9.127546285047527548e-17
4.891928075139361681e+03 3.176561779255687022e-14 9.103922924143142682e-17
4.894675115246704081e+03 3.206002631604989528e-14 9.300000855282010572e-17
4.897422155354045572e+03 3.213406459456262607e-14 9.186844377112123162e-17
4.900169195461387062e+03 3.219478599456681459e-14 9.350958184956942077e-17
4.902916235568729462e+03 3.276011818722515008e-14 9.314680539034498227e-17
4.905663275676071862e+03 3.287874231077789441e-14 9.329155901248155807e-17
4.908410315783413353e+03 3.325008377655927057e-14 9.715606233842670896e-17
4.911157355890754843e+03 3.330610120382340722e-14 1.108212975736652683e-16
4.913904395998097243e+03 3.351982438277741086e-14 8.056008915652426254e-17
4.916651436105439643e+03 3.388354050462560885e-14 1.086567181118467046e-16
4.919398476212781134e+03 3.388354050462560885e-14 1.086567181118467046e-16
4.922145516320122624e+03 3.388354050462560885e-14 1.086567181118467046e-16
4.924892556427465024e+03 3.425562195134994130e-14 9.553547245209378085e-17
4.927639596534807424e+03 3.430925926391562020e-14 1.081792893146158107e-16
4.930386636642148915e+03 3.450456128874301848e-14 9.565122841070641272e-17
4.933133676749490405e+03 3.463713165458508218e-14 9.600963186155694572e-17
4.935880716856832805e+03 3.497085712396084395e-14 1.003882725255490903e-16
4.938627756964175205e+03 3.504288182336495565e-14 1.002962141611784396e-16
4.941374797071516696e+03 3.528367370599594263e-14 9.703157834719679486e-17
4.944121837178858186e+03 3.555246523301015133e-14 9.708376168685121855e-17
4.946868877286200586e+03 3.587935522690055149e-14 9.781814296275622895e-17
4.949615917393542986e+03 3.596133878982362898e-14 8.044929280398266618e-17
4.952362957500884477e+03 3.602995926241768510e-14 1.136041250601957657e-16
4.955109997608225967e+03 3.645962779308980012e-14 1.061018668426785914e-16
4.957857037715568367e+03 3.684466915264377993e-14 1.207001013654998620e-16
4.960604077822910767e+03 3.698969360342929855e-14 1.160784910077309359e-16
4.963351117930252258e+03 3.730062733034548491e-14 1.003983129699623905e-16
4.966098158037593748e+03 3.776239270411725732e-14 1.012917916342949218e-16
4.968845198144936148e+03 3.815801019153539325e-14 1.017176512285174273e-16
4.971592238252278548e+03 3.836576626640109517e-14 8.171773389134448641e-17
4.974339278359620039e+03 3.862080943137051470e-14 1.131751558119706660e-16
4.977086318466961529e+03 3.886181159639879317e-14 1.028468272758650078e-16
4.979833358574303929e+03 3.900399878621727209e-14 8.227234239777067812e-17
4.982580398681646329e+03 3.917648337356006982e-14 1.143726089364820305e-16
4.985327438788987820e+03 3.926309981675159246e-14 1.037824139601360693e-16
4.988074478896329310e+03 3.926309981675159246e-14 1.036057830182427672e-16
4.990821519003671710e+03 3.938893875640729242e-14 8.230737082274114306e-17
4.993568559111014110e+03 3.959227151857646545e-14 1.147326244088447099e-16
4.996315599218355601e+03 3.962444188782282542e-14 8.246061393570427968e-17
4.999062639325697091e+03 3.967128614002814191e-14 1.144949522578010736e-16
5.001809679433039491e+03 3.994932357435686284e-14 1.054706023588559158e-16
5.004556719540381891e+03 4.028166793459027514e-14 1.060559980578673181e-16
5.007303759647723382e+03 4.028166793459027514e-14 1.061595462490427210e-16
5.010050799755064872e+03 4.038387692388424692e-14 1.062484139189202924e-16
5.012797839862407272e+03 4.105131816383361332e-14 1.068962912605607139e-16
5.015544879969749672e+03 4.160980510034549511e-14 1.083068385837100007e-16
5.018291920077091163e+03 4.171878432788188387e-14 1.085003485231857874e-16
5.021038960184432653e+03 4.171878432788188387e-14 1.177545203272928331e-16
5.023786000291775053e+03 4.171878432788188387e-14 1.089182654192600169e-16
5.026533040399117453e+03 4.171878432788188387e-14 1.178684065540291340e-16
5.029280080506458944e+03 4.172448045164540986e-14 1.095723514133992065e-16
5.032027120613800435e+03 4.132514523344081945e-14 1.081455127096443329e-16
5.034774160721142835e+03 4.322677861462528096e-14 1.112957545665732480e-16
5.037521200828485235e+03 4.342421590078027273e-14 8.544783197631797551e-17
5.040268240935826725e+03 4.347794368454727110e-14 1.194262589627074025e-16
5.043015281043168216e+03 4.394063837822033800e-14 1.117695505287331559e-16
5.045762321150510616e+03 4.407764054098481907e-14 1.122654958298769348e-16
5.048509361257853016e+03 4.440134038973976319e-14 1.137330643046190544e-16
5.051256401365194506e+03 4.507417244120151452e-14 1.140905168688392445e-16
5.054003441472535997e+03 4.519708455755823603e-14 1.140816299974085173e-16
5.056750481579878397e+03 4.555813398185982663e-14 1.149772665371955074e-16
5.059497521687220797e+03 4.578286706077616944e-14 1.149509475698252354e-16
5.062244561794562287e+03 4.578286706077616944e-14 1.150557769639656978e-16
5.064991601901903778e+03 4.578286706077616944e-14 1.161923555986763186e-16
5.067738642009246178e+03 4.659141897546940169e-14 1.169009561170297900e-16
5.070485682116588578e+03 4.684497870807220108e-14 1.171132225718505413e-16
5.073232722223930068e+03 4.684497870807220108e-14 1.169657303628900287e-16
5.075979762331271559e+03 4.700270743594015592e-14 1.172982027494854518e-16
5.078726802438613959e+03 4.714172647523002315e-14 1.177725917565877779e-16
5.081473842545956359e+03 4.723170578283744121e-14 9.400554860909748457e-17
5.084220882653297849e+03 4.733177757609667580e-14 1.441871363584289363e-16
5.086967922760639340e+03 4.747159507552939451e-14 1.206802298239868193e-16
5.089714962867981740e+03 4.736230043351105306e-14 1.186286395340016605e-16
5.092462002975324140e+03 4.738181021818382274e-14 1.206988958191715501e-16
5.095209043082665630e+03 4.647293573691533431e-14 1.180316860250330505e-16
5.097956083190007121e+03 4.647293573691533431e-14 1.186012594039937093e-16
5.100703123297349521e+03 4.647293573691533431e-14 1.183781848351639829e-16
5.103450163404691921e+03 4.647293573691533431e-14 1.225013061985957331e-16
5.106197203512033411e+03 4.625333261728710859e-14 1.180410334734517712e-16
5.108944243619374902e+03 4.623879336601403878e-14 1.217214932566399420e-16
5.111691283726717302e+03 4.635388919479048849e-14 1.186686332228805428e-16
5.114438323834059702e+03 4.583772267145285932e-14 1.180965565481799706e-16
5.117185363941401192e+03 4.635388919479048849e-14 1.192585174780482541e-16
5.119932404048742683e+03 4.635388919479048849e-14 8.627088485331278939e-17
5.122679444156085083e+03 4.631622234178844888e-14 1.216626244668057681e-16
5.125426484263427483e+03 4.635388919479048849e-14 1.201413666437077981e-16
5.128173524370768973e+03 4.639272745280068781e-14 1.229756425395736256e-16
5.130920564478110464e+03 4.644806883824421733e-14 1.209707393801829753e-16
5.133667604585452864e+03 4.627971896217015591e-14 1.203511079392287748e-16
5.136414644692795264e+03 4.673546477847340651e-14 1.209595275454730571e-16
5.139161684800136754e+03 4.675563072076966191e-14 1.211770322671429491e-16
5.141908724907478245e+03 4.673546477847340651e-14 1.214920016935964921e-16
5.144655765014820645e+03 4.747121358999600153e-14 1.227198790586801357e-16
5.147402805122163045e+03 4.747121358999600153e-14 1.227768750686140032e-16
5.150149845229504535e+03 4.779013745134389991e-14 1.234591622315483328e-16
5.152896885336846026e+03 4.794609176359395891e-14 1.241725842014581022e-16
5.155643925444188426e+03 4.808206180382479195e-14 1.235817324616126105e-16
5.158390965551530826e+03 4.845371561841052218e-14 1.234497639669487124e-16
5.161138005658872316e+03 4.845371561841052218e-14 1.231657794061284595e-16
5.163885045766213807e+03 4.903873874503791976e-14 1.234810947260810046e-16
5.166632085873556207e+03 4.903873874503791976e-14 1.235560700796154148e-16
5.169379125980898607e+03 4.903873874503791976e-14 1.237207586886271917e-16
5.172126166088240097e+03 4.903873874503791976e-14 1.232634878978963558e-16
5.174873206195581588e+03 4.903873874503791976e-14 1.230646326591180774e-16
5.177620246302923988e+03 4.900162780535489181e-14 1.223132499331773096e-16
5.180367286410266388e+03 4.900289887121075927e-14 1.278016872107847511e-16
5.183114326517607878e+03 4.900162780535489181e-14 1.215873921101700567e-16
5.185861366624949369e+03 4.891020184653832366e-14 1.217501515733770149e-16
5.188608406732291769e+03 4.891020184653832366e-14 1.208548640424590068e-16
5.191355446839634169e+03 4.864219792139833191e-14 1.202388905957949247e-16
5.194102486946975660e+03 4.776442558649178073e-14 1.198894277816929514e-16
5.196849527054317150e+03 4.742570710402097491e-14 1.184870449047470850e-16
5.199596567161659550e+03 4.742570710402097491e-14 1.185788036126248920e-16
5.202343607269001950e+03 4.712375019090716535e-14 1.182574736014658821e-16
5.205090647376343441e+03 4.670712116652861734e-14 1.171829927533909892e-16
5.207837687483684931e+03 4.619253529399811061e-14 1.179422271896503785e-16
5.210584727591027331e+03 4.533029078301095181e-14 1.149311941485882012e-16
5.213331767698369731e+03 4.507588871102498188e-14 1.143718887705021772e-16
5.216078807805711222e+03 4.478985192198447025e-14 1.143211616317143006e-16
5.218825847913052712e+03 4.388469709585299754e-14 1.228661748511140276e-16
5.221572888020395112e+03 4.319561385842824742e-14 1.389903024612043001e-16
5.224319928127737512e+03 4.319561385842824742e-14 1.138028801304876955e-16
5.227066968235079003e+03 4.281658817846497111e-14 1.101768617072038947e-16
5.229814008342420493e+03 4.254997676553797732e-14 1.096241151877789639e-16
5.232561048449762893e+03 4.218414517965982250e-14 1.089528691931096308e-16
5.235308088557105293e+03 4.148160723746333067e-14 1.075848833893508251e-16
5.238055128664446784e+03 4.152107581867824282e-14 1.079465239554077254e-16
5.240802168771788274e+03 4.152107581867824282e-14 1.072357845931565008e-16
5.243549208879130674e+03 4.134709468150627730e-14 1.069174914428801304e-16
5.246296248986473074e+03 4.086402493469674061e-14 1.057177928008237228e-16
5.249043289093814565e+03 4.084528889558091809e-14 1.056749952369763672e-16
5.251790329201156055e+03 4.104917978580761786e-14 1.059655526043084139e-16
5.254537369308498455e+03 4.099024916122442885e-14 1.057729143059460833e-16
5.257284409415840855e+03 4.101917657815020786e-14 1.182639312357274897e-16
5.260031449523182346e+03 4.101917657815020786e-14 8.389113971074654543e-17
5.262778489630523836e+03 4.101917657815020786e-14 1.061759058809586453e-16
5.265525529737866236e+03 4.089457021501616985e-14 1.065104516765131759e-16
5.268272569845208636e+03 4.089457021501616985e-14 1.046757596592361060e-16
5.271019609952550127e+03 4.085190612232692661e-14 1.038681452012126319e-16
5.273766650059891617e+03 4.073146041106872443e-14 1.039828864674815200e-16
5.276513690167234017e+03 4.079872915521787034e-14 1.039962089421354241e-16
5.279260730274576417e+03 4.073146041106872443e-14 1.034217349802465363e-16
5.282007770381917908e+03 4.068562188888030256e-14 1.034253625982275135e-16
5.284754810489259398e+03 4.062416305733650233e-14 1.028430542371985999e-16
5.287501850596601798e+03 4.040865380265134662e-14 1.024822001971054036e-16
5.290248890703944198e+03 4.039178770237853748e-14 1.042856605877445837e-16
5.292995930811285689e+03 4.026997988743193321e-14 1.023686564850482881e-16
5.295742970918627179e+03 4.025520872237928796e-14 1.012630702626226985e-16
5.298490011025969579e+03 4.056861214916914324e-14 1.021976365424634587e-16
5.301237051133311979e+03 4.056861214916914324e-14 1.016637194250576545e-16
5.303984091240653470e+03 4.057333624681894187e-14 8.173679114564566713e-17
5.306000000000000000e+03 4.064401455440052715e-14 7.496916342923944664e-17
5.306731131347994960e+03 4.056861214916914324e-14 8.874661471303471811e-17
5.309478171455337360e+03 4.085578993668951012e-14 6.761564780924643878e-17
5.310881459792301030e+03 4.085578993668951012e-14 5.908559948477909715e-17
5.312225211562679760e+03 4.085578993668951012e-14 7.593981241848450457e-17
5.314972251670021251e+03 4.085578993668951012e-14 8.032130641489981353e-17
5.315762919584602059e+03 4.085578993668951012e-14 6.697281902134816307e-17
5.317719291777362741e+03 4.074705773686564689e-14 6.787343977219480951e-17
5.320466331884705141e+03 4.061718070872112959e-14 7.320705485143155589e-17
5.320644379376903089e+03 4.061718070872112959e-14 7.067124760260546880e-17
5.323213371992047541e+03 4.057857760906956500e-14 7.196410375930472831e-17
5.325525839169204119e+03 4.034595010199823513e-14 7.584452359540746068e-17
5.325960412099389032e+03 4.028265139365004409e-14 8.536661654052963220e-17
5.328707452206730522e+03 4.032552649157134720e-14 7.825672156749017357e-17
5.330407298961505148e+03 4.029000522181970665e-14 6.589717968624333067e-17
5.331454492314072922e+03 4.029000522181970665e-14 8.487464506222734595e-17
5.334201532421415322e+03 4.016636387123657482e-14 8.528340816120504739e-17
5.335288758753806178e+03 4.004865514193100165e-14 6.587187555084791899e-17
5.336948572528756813e+03 3.970566262525317338e-14 7.900988128677046850e-17
5.339695612636098303e+03 3.933713446621206612e-14 8.476695006489846677e-17
5.340170218546107208e+03 3.937314179199040131e-14 7.425026136206116834e-17
5.342442652743440703e+03 3.922924637933924425e-14 7.432661818580967257e-17
5.345051678338408237e+03 3.937314179199040131e-14 7.947443767105994134e-17
5.345189692850783103e+03 3.937314179199040131e-14 8.234769728052603273e-17
5.347936732958124594e+03 3.931943313518297022e-14 7.574254210575553110e-17
5.349933138130709267e+03 3.941311119943308765e-14 6.903383477130559661e-17
5.350683773065466085e+03 3.945665733734962513e-14 8.450441750124510442e-17
5.353430813172808485e+03 3.936262324670284703e-14 8.315879760409601324e-17
5.354814597923010297e+03 3.925911223759167417e-14 6.433543545820143545e-17
5.356177853280150885e+03 3.912964143866843541e-14 7.984146128829611780e-17
5.358924893387492375e+03 3.881048989523099277e-14 7.742487737330573953e-17
5.359696057715311326e+03 3.877406984418349445e-14 6.443160517321837406e-17
5.361671933494833866e+03 3.848394224422725386e-14 6.766678285411519647e-17
5.364418973602176266e+03 3.852634832256321307e-14 7.650676652047646762e-17
5.364577517507612356e+03 3.852634832256321307e-14 7.364696434485829329e-17
5.367166013709518666e+03 3.852634832256321307e-14 6.722545069492527456e-17
5.369458977299913386e+03 3.831580586386403206e-14 7.384270345046496762e-17
5.369913053816860156e+03 3.825767163287660693e-14 8.258289160694881131e-17
5.372660093924201647e+03 3.795041561145547784e-14 7.119712952721003612e-17
5.374340437092214415e+03 3.790009305215740398e-14 6.086432643446765513e-17
5.375407134031544047e+03 3.773583594348584440e-14 7.775385804842097194e-17
5.378154174138886447e+03 3.756353947926681995e-14 7.702887156119837694e-17
5.379221896884515445e+03 3.762746813397580806e-14 6.044389597479906001e-17
5.380901214246227937e+03 3.731948410862121509e-14 7.026141838578474209e-17
5.383648254353569428e+03 3.715624823295363857e-14 8.164630944005926133e-17
5.384103356676816475e+03 3.714443931339618255e-14 7.261999157333155202e-17
5.386395294460911828e+03 3.665891295057549631e-14 6.807535264741289655e-17
5.388984816469117504e+03 3.656472102878187381e-14 7.341083763524287151e-17
5.389142334568254228e+03 3.654215619892946965e-14 7.654910846453985352e-17
5.391889374675595718e+03 3.626428229822163974e-14 6.561131907401204868e-17
5.393866276261418534e+03 3.605048332951245380e-14 6.039308420478147284e-17
5.394636414782937209e+03 3.593683024859025881e-14 7.280334128642800370e-17
5.397383454890279609e+03 3.550627983436394777e-14 7.155446609457929853e-17
5.398747736053719564e+03 3.557194128818331260e-14 5.715069749672368752e-17
5.400130494997622009e+03 3.541705270227297905e-14 7.130895651079775761e-17
5.402877535104963499e+03 3.511793124855970846e-14 7.366140292673948777e-17
5.403629195846020593e+03 3.514439900969497971e-14 6.075894041726481425e-17
5.405624575212304990e+03 3.484490877536585501e-14 6.506782573720275550e-17
5.408371615319647390e+03 3.469702856895820184e-14 7.230974795947922687e-17
5.408510655638321623e+03 3.470411300354771343e-14 6.976412615465578872e-17
5.411118655426989790e+03 3.432693726951824079e-14 6.095617209039926643e-17
5.413392115430622653e+03 3.423251402786366986e-14 6.103084017078985211e-17
5.413865695534331280e+03 3.415379793377302163e-14 6.834123485040642478e-17
5.416612735641672771e+03 3.372516633431393593e-14 6.102500885942164042e-17
5.418273575222923682e+03 3.383905240979294241e-14 5.787896692934444723e-17
5.419359775749015171e+03 3.374280108657979786e-14 7.270220139554121427e-17
5.422106815856357571e+03 3.338828867975187079e-14 6.843847051387710913e-17
5.423155035015224712e+03 3.342920683973932891e-14 5.432232121658618344e-17
5.424853855963699061e+03 3.321506012360368283e-14 6.127074319317945779e-17
5.427600896071040552e+03 3.315576375176397651e-14 6.771032661479930634e-17
5.428036494807525742e+03 3.322905460779996693e-14 6.084022770115980401e-17
5.430347936178382952e+03 3.321666974711238203e-14 5.809110153805678457e-17
5.432917954599826771e+03 3.339125045698230640e-14 6.441162098805543246e-17
5.433094976285725352e+03 3.336568546071498375e-14 6.718625966811081819e-17
5.435842016393066842e+03 3.315063289541756924e-14 5.918336022708288683e-17
5.437799414392127801e+03 3.340719301233704014e-14 5.599496544869663025e-17
5.438589056500408333e+03 3.335765844694878035e-14 6.765512156803897667e-17
5.441336096607750733e+03 3.344906577937120192e-14 6.267898216230390666e-17
5.442680874184428831e+03 3.365227659329165391e-14 5.179047918421657794e-17
5.444083136715093133e+03 3.361587232878157244e-14 6.204249441872054532e-17
5.446830176822434623e+03 3.397475588138385908e-14 6.683728799281670420e-17
5.447562333976729860e+03 3.408005640376464076e-14 5.627006581913961864e-17
5.449577216929776114e+03 3.417492942610282385e-14 5.848050935759491582e-17
5.452324257037118514e+03 3.443925649372410750e-14 6.834413334679259458e-17
5.452443793769030890e+03 3.445751963042311889e-14 6.635818353470988890e-17
5.455071297144460914e+03 3.460378495682927052e-14 5.920044530231515169e-17
5.457325253561331920e+03 3.469720143855014819e-14 6.014744046837041594e-17
5.457818337251802404e+03 3.465596035319440460e-14 6.793902885279456923e-17
5.460565377359143895e+03 3.500198023624196683e-14 6.103402191162654645e-17
5.462206713353632949e+03 3.535613479026870221e-14 5.334180767815855561e-17
5.463312417466486295e+03 3.532578143690719986e-14 6.692615063484903959e-17
5.466059457573828695e+03 3.551805327024885876e-14 6.615962517793251269e-17
5.467088173145933979e+03 3.562113383719679377e-14 5.319875141328273530e-17
5.468806497681170185e+03 3.549567590395199681e-14 5.888908456148471982e-17
5.471553537788511676e+03 3.565701935144947024e-14 6.655935531811351797e-17
5.471969632938235009e+03 3.568624123107887183e-14 6.029446758507914050e-17
5.474300577895854076e+03 3.571995558435106323e-14 6.097338186045970617e-17
5.476851092730536038e+03 3.588453577086419703e-14 8.374033671572508274e-17
5.477047618003196476e+03 3.587475710302008271e-14 8.769753483154661790e-17
5.479794658110537966e+03 3.579374236403615287e-14 7.223933066743921406e-17
5.481732552522837068e+03 3.616716651542512206e-14 6.075127628464540826e-17
5.482541698217879457e+03 3.610719439813701712e-14 7.441592693436420200e-17
5.485288738325221857e+03 3.630313100344243606e-14 6.539302278894933335e-17
5.486614012315138098e+03 3.649928934571039452e-14 5.293870845181063492e-17
5.488035778432564257e+03 3.630449536110528781e-14 6.398838930951665582e-17
5.490782818539905747e+03 3.647471970869059704e-14 6.606710739469205858e-17
5.491495472107439127e+03 3.653830695521040583e-14 5.610743235806346938e-17
5.493529858647247238e+03 3.623882165713635873e-14 5.785477701779327402e-17
5.496276898754589638e+03 3.637307210447836929e-14 6.864054196306173173e-17
5.496376931899740157e+03 3.638190926137731850e-14 6.696722388834809692e-17
5.499023938861932038e+03 3.624598935801633001e-14 5.910727500402774935e-17
5.501258391692041187e+03 3.639910369193475738e-14 6.198353903875088854e-17
5.501770978969273528e+03 3.636766039320206896e-14 6.999691672499669760e-17
5.504518019076615019e+03 3.621102673655189454e-14 5.918520318282589037e-17
5.506139851484342216e+03 3.617457274241734033e-14 5.174403342953945514e-17
5.507265059183957419e+03 3.603406081219312630e-14 6.430304115509867656e-17
5.510012099291299819e+03 3.617810507179622266e-14 6.478425392066946553e-17
5.511021311276643246e+03 3.624029148868489469e-14 5.219249259142921157e-17
5.512759139398641310e+03 3.610491080109414835e-14 5.777315186323333792e-17
5.515506179505982800e+03 3.599945833495699933e-14 6.630627609150424034e-17
5.515902771068944276e+03 3.605426012513552693e-14 6.013439402576953982e-17
5.518253219613325200e+03 3.608262105889674410e-14 5.722753700720171807e-17
5.520784230861245305e+03 3.634655566957534146e-14 6.314156132076809937e-17
5.521000259720667600e+03 3.634013682419744393e-14 6.654257658375883707e-17
5.523747299828009091e+03 3.631391430873050435e-14 6.161288336993246385e-17
5.525665690653546335e+03 3.664037821389037990e-14 5.649416407041126080e-17
5.526494339935350581e+03 3.661359569539808916e-14 6.977526506241143203e-17
5.529241380042692981e+03 3.683676308087160895e-14 6.386329060507288348e-17
5.530547150445847365e+03 3.700122253979589102e-14 5.180007365562777255e-17
5.531988420150035381e+03 3.691932692301247372e-14 6.218919942169132310e-17
5.534735460257376872e+03 3.689837893958251987e-14 6.484478647954864845e-17
5.535428610238148394e+03 3.696195568924605800e-14 5.518906867599841097e-17
5.537482500364718362e+03 3.688127306997989598e-14 5.600049913783020798e-17
5.540229540472060762e+03 3.719596068829382178e-14 6.642047627792498882e-17
5.540310070030449424e+03 3.721157189789575867e-14 6.519915543598100999e-17
5.542976580579403162e+03 3.744157932101544287e-14 5.723055497361565339e-17
5.545191529822750454e+03 3.744157932101544287e-14 5.772699068907394787e-17
5.545723620686744653e+03 3.744157932101544287e-14 6.527542933242167121e-17
5.548470660794086143e+03 3.746868225054699542e-14 6.105973205305767675e-17
5.550072989615051483e+03 3.752775827171217541e-14 5.329119029945936559e-17
5.551217700901428543e+03 3.742403238821267586e-14 6.678526154079748669e-17
5.553964741008770943e+03 3.780208862476045366e-14 6.626636663706726536e-17
5.554954449407352513e+03 3.793024266436223626e-14 5.313832474957356527e-17
5.556711781116112434e+03 3.777498565005581635e-14 5.884221395975327693e-17
5.559458821223453924e+03 3.770733132547918673e-14 6.491298118007760954e-17
5.559835909199653543e+03 3.773516801536552516e-14 5.938825084377608570e-17
5.562205861330796324e+03 3.741465432713064297e-14 5.532004706506251581e-17
5.564717368991954572e+03 3.751061253742788064e-14 6.120342078466320533e-17
5.564952901438138724e+03 3.747893770490432969e-14 6.468172454939695180e-17
5.567699941545480215e+03 3.727725645596573856e-14 5.610461985208232700e-17
5.569598828784255602e+03 3.748823549555538604e-14 5.306581506569117200e-17
5.570446981652821705e+03 3.738639132098485047e-14 6.427516648837854431e-17
5.573194021760164105e+03 3.740191715237830269e-14 6.624894006451187165e-17
5.574480288576556632e+03 3.752732884177192059e-14 5.253530537234832562e-17
5.575941061867506505e+03 3.730359728328568007e-14 6.451412939412767859e-17
5.578688101974847996e+03 3.723584232248578748e-14 6.409917007700952388e-17
5.579361748368857661e+03 3.730936875944072373e-14 5.487237947086139878e-17
5.581435142082189486e+03 3.714164819289380833e-14 5.549452209573390851e-17
5.584182182189531886e+03 3.720526820215403827e-14 6.522930615643207757e-17
5.584243208161158691e+03 3.720765538523673880e-14 6.428859808776402621e-17
5.586929222296874286e+03 3.703977725624316496e-14 5.479228734907669081e-17
5.589124667953459721e+03 3.706719552168988533e-14 5.560782763934733822e-17
5.589676262404215777e+03 3.702644255749612170e-14 6.310034906523944628e-17
5.592423302511557267e+03 3.671000344768066049e-14 5.888698208548630234e-17
5.594006127745760750e+03 3.683097787213084107e-14 5.106573458623470297e-17
5.595170342618899667e+03 3.670546263294014789e-14 6.374751701248522156e-17
5.597917382726242067e+03 3.684948068896613079e-14 6.355400686568413019e-17
5.598887587538061780e+03 3.686854003189895005e-14 5.142165823840200557e-17
5.600664422833583558e+03 3.685268898643641146e-14 5.596267580445971774e-17
5.603411462940925048e+03 3.690349701640625024e-14 6.287256443663491620e-17
5.603769047330362810e+03 3.691038845377653758e-14 5.790867600748235804e-17
5.606158503048267448e+03 3.678042952591575043e-14 5.312011721814334324e-17
5.608650507122663839e+03 3.668422437486962214e-14 7.148245430727383278e-17
5.608905543155609848e+03 3.666879013054672950e-14 7.467964114465476593e-17
5.611652583262951339e+03 3.641802171650744196e-14 6.522683981252500335e-17
5.613531966914964869e+03 3.650832969214089574e-14 5.624749797653517831e-17
5.614399623370292829e+03 3.649697804295442652e-14 6.484283539225995543e-17
5.617146663477635229e+03 3.630174350871910194e-14 6.126313025628250497e-17
5.618413426707265899e+03 3.638746502939381454e-14 5.001475848518288038e-17
5.619893703584977629e+03 3.623167537955648221e-14 5.947613076360928400e-17
5.622640743692319120e+03 3.634367667329033444e-14 6.828020344701974910e-17
5.623294886499566928e+03 3.623167537955648221e-14 5.749193138929274037e-17
5.625387783799660610e+03 3.608543281943128119e-14 5.824345403034311325e-17
5.628134823907003010e+03 3.602002051034784212e-14 6.171168553904325121e-17
5.628176346291867958e+03 3.602288142048592201e-14 6.115636214649793736e-17
5.630881864014345410e+03 3.589551439534042916e-14 5.107607782463984813e-17
5.633057806084168988e+03 3.599756794793824782e-14 5.315115298762747261e-17
5.633628904121686901e+03 3.594604521445726418e-14 5.995458201273997672e-17
5.636375944229028391e+03 3.584975696145307502e-14 5.628780874544728520e-17
5.637939265876470017e+03 3.586304301973685111e-14 4.937048381079896515e-17
5.639122984336370791e+03 3.580837023456192510e-14 6.078697603273026532e-17
5.641870024443713191e+03 3.563773025746406632e-14 6.286933323702798188e-17
5.642820725668771047e+03 3.563773025746406632e-14 5.114834027925777707e-17
5.644617064551054682e+03 3.550458369988755112e-14 5.525407429102007220e-17
5.647364104658396172e+03 3.550322931209610536e-14 6.260626972151508007e-17
5.647702185461072077e+03 3.554323682099362422e-14 5.790862071858332367e-17
5.650111144765738572e+03 3.523318531036029581e-14 5.233879725536662626e-17
5.652583645253373106e+03 3.532515203456267973e-14 5.751113617330286462e-17
5.652858184873080972e+03 3.523318531036029581e-14 6.109219661263559545e-17
5.655605224980422463e+03 3.499979945656238140e-14 5.588508350608497688e-17
5.657465105045674136e+03 3.499979945656238140e-14 5.239704072095012696e-17
5.658352265087763953e+03 3.495977691482038271e-14 6.425792595388774627e-17
5.661099305195106353e+03 3.480070629775743539e-14 6.478013400666442761e-17
5.662346564837975166e+03 3.480070629775743539e-14 5.132124058308711721e-17
5.663846345302448754e+03 3.465350581513658977e-14 6.197159761311540123e-17
5.666593385409790244e+03 3.451322970653494760e-14 5.981304858740855473e-17
5.667228024630276195e+03 3.451322970653494760e-14 5.220185960180272482e-17
5.669340425517131735e+03 3.427075120884625382e-14 5.042627034531824710e-17
5.672087465624474135e+03 3.416981223988994144e-14 6.023360415604758713e-17
5.672109484422577225e+03 3.416981223988994144e-14 5.995423168868491618e-17
5.674834505731816535e+03 3.393455669718681191e-14 5.142881116301836279e-17
5.676990944214878255e+03 3.390094712630698643e-14 5.347232716520052600e-17
5.677581545839158025e+03 3.381322557253078708e-14 6.107017299824825081e-17
5.680328585946499516e+03 3.364479002550618736e-14 5.588388312727651584e-17
5.681872404007179284e+03 3.364479002550618736e-14 4.878565609247546517e-17
5.683075626053841916e+03 3.354618127459005433e-14 5.982210034856367142e-17
5.685822666161184316e+03 3.306373641562525449e-14 6.390887024295233978e-17
5.686753863799480314e+03 3.296027129045524138e-14 5.149771784819341346e-17
5.688569706268525806e+03 3.262053332493257937e-14 5.745972254992687262e-17
5.691316746375867297e+03 3.230663673724782178e-14 6.673486730158247612e-17
5.691635323591781344e+03 3.196103998863789042e-14 1.299654664089190345e-16
5.696516783384082373e+03 3.163594206363868709e-14 8.081500501283948710e-17
5.701398243176383403e+03 3.129720373721274452e-14 8.756414418440494883e-17
5.706279702968684433e+03 3.029221215471241882e-14 8.975331632385278667e-17
5.711161162760985462e+03 2.963080768844525021e-14 9.016745397587500773e-17
5.716042622553286492e+03 2.934882483156238105e-14 8.789098824725702599e-17
5.720924082345587522e+03 2.895025695676929604e-14 8.233386738698487046e-17
5.725805542137888551e+03 2.880592101093908518e-14 8.121929821981434547e-17
5.730687001930189581e+03 2.856259230838993698e-14 8.602024468466751685e-17
5.735568461722490611e+03 2.851278613297105676e-14 8.294152479292234277e-17
5.740449921514791640e+03 2.856259230838993698e-14 8.228652744077807804e-17
5.745331381307092670e+03 2.849177499539580011e-14 8.014507481124178661e-17
5.750212841099393700e+03 2.845674829458568897e-14 8.033890440029116653e-17
5.755094300891694729e+03 2.834427968562906373e-14 9.555754243738552635e-17
5.759975760683995759e+03 2.867663661165684960e-14 7.251968217005865622e-17
5.764857220476296789e+03 2.892688368539492085e-14 7.307964661493325309e-17
5.769738680268597818e+03 2.892688368539492085e-14 7.321485346374996218e-17
5.774620140060898848e+03 2.908747513842431263e-14 8.019030407862917029e-17
5.779501599853199878e+03 2.908747513842431263e-14 8.438874836670667836e-17
5.784383059645500907e+03 2.947820910178176698e-14 8.063649663396387529e-17
5.789264519437801937e+03 2.959193655141965620e-14 8.587416224040342137e-17
5.794145979230102967e+03 2.959193655141965620e-14 8.713469637912476170e-17
5.799027439022403996e+03 2.959193655141965620e-14 8.314611091285002231e-17
5.803908898814705026e+03 2.959193655141965620e-14 1.033803838051722863e-16
5.808790358607006056e+03 3.009026706731837650e-14 9.141408828620163688e-17
5.813671818399307085e+03 3.034005559999061198e-14 8.104125480804350765e-17
5.818553278191608115e+03 3.034005559999061198e-14 9.082325903521067049e-17
5.823434737983909145e+03 3.034005559999061198e-14 1.072682967014230663e-16
5.828316197776210174e+03 3.082909560161378061e-14 8.988987469513112254e-17
5.833197657568511204e+03 3.100558616072831238e-14 7.418613790322590292e-17
5.838079117360812234e+03 3.120520000231979370e-14 8.506595144228962475e-17
5.842960577153113263e+03 3.120520000231979370e-14 8.605469105884922223e-17
5.847842036945414293e+03 3.131578127962985540e-14 8.544383165435280861e-17
5.852723496737715323e+03 3.139760058315285333e-14 8.056011190386871104e-17
5.857604956530016352e+03 3.139760058315285333e-14 1.028489043600995859e-16
5.862486416322317382e+03 3.139760058315285333e-14 7.979797694479605065e-17
5.867367876114618412e+03 3.140946847070259566e-14 8.505881291534511504e-17
5.872249335906919441e+03 3.139760058315285333e-14 8.343785809450363291e-17
5.877130795699220471e+03 3.145017070122629876e-14 9.647422704329232748e-17
5.882012255491521501e+03 3.145017070122629876e-14 7.871279755467267337e-17
5.886893715283822530e+03 3.145017070122629876e-14 1.000325727500382407e-16
5.891775175076123560e+03 3.145017070122629876e-14 8.085524381473885862e-17
5.896656634868424590e+03 3.145017070122629876e-14 7.803829293637933304e-17
5.901538094660725619e+03 3.136595039655852797e-14 1.014019201077600566e-16
5.906419554453026649e+03 3.136595039655852797e-14 1.095840537529676529e-16
5.911301014245327679e+03 3.136595039655852797e-14 8.941112012349880298e-17
5.955234152376036945e+03 3.095375620022138178e-14 7.292973880786670090e-17
5.960115612168337975e+03 3.000621143727845222e-14 8.176906560203237990e-17
5.964997071960639005e+03 2.938463483736541471e-14 8.147654474920481151e-17
5.969878531752940034e+03 2.847170219704805760e-14 7.990601317003537021e-17
5.974759991545241064e+03 2.783433457249352659e-14 6.849687886860964850e-17
5.979641451337542094e+03 2.676112064948711692e-14 7.327175987104704914e-17
5.984522911129843123e+03 2.560956264329816185e-14 8.208674614015180952e-17
5.989404370922144153e+03 2.471913397637215085e-14 8.429190659933987763e-17
5.994285830714445183e+03 2.392929472884589128e-14 8.278769659842238946e-17
5.999167290506746212e+03 2.311370545920401792e-14 6.978740267158473645e-17
6.004048750299047242e+03 2.232093881343115011e-14 6.354379271019160670e-17
6.008930210091348272e+03 2.151339651306070173e-14 6.307653044808478029e-17
6.013811669883649301e+03 2.071602001409430891e-14 5.679378229057703158e-17
6.018693129675950331e+03 1.975813593059100076e-14 5.893963273845695515e-17
6.023574589468251361e+03 1.883523454134794059e-14 5.563721496644769848e-17
6.028456049260552390e+03 1.797401266830071145e-14 5.548402122951346795e-17
6.033337509052853420e+03 1.725427657802359008e-14 5.157246739089697317e-17
6.038218968845154450e+03 1.662547636945865484e-14 5.039000299680697536e-17
6.043100428637455479e+03 1.587887223338173349e-14 5.120599296552743984e-17
6.047981888429756509e+03 1.526337579609162720e-14 5.269578470649914725e-17
6.052863348222057539e+03 1.458967091044558819e-14 5.038291286573167235e-17
6.057744808014358568e+03 1.428522782479268893e-14 4.810566480055570994e-17
6.062626267806659598e+03 1.390509260568168471e-14 4.938929562759771624e-17
6.067507727598960628e+03 1.367956760130693306e-14 4.564815743148937657e-17
6.072389187391261657e+03 1.338216620966499145e-14 4.721753561807431261e-17
6.077270647183562687e+03 1.313769466147761837e-14 4.749798263364760155e-17
6.082152106975863717e+03 1.315484555670398095e-14 4.716019541746819910e-17
6.087033566768164746e+03 1.309974485917925734e-14 4.925194946350945342e-17
6.091915026560465776e+03 1.334970635399380437e-14 4.392546181920385905e-17
6.096796486352766806e+03 1.346872233461339549e-14 4.530173163109821682e-17
6.101677946145067835e+03 1.365112470433496105e-14 4.890487120014068266e-17
6.106559405937368865e+03 1.421121837714245087e-14 4.870468917048887781e-17
6.111440865729669895e+03 1.449290476751403346e-14 4.719419438518952433e-17
6.116322325521970924e+03 1.468152484910578386e-14 5.312825635136839178e-17
6.121203785314271954e+03 1.499389151347702365e-14 5.369142295863817723e-17
6.126085245106572984e+03 1.555610344263441979e-14 5.093044351398110907e-17
6.130966704898874013e+03 1.598494614117085994e-14 5.117486368967705217e-17
6.135848164691175043e+03 1.638271302689900451e-14 5.481323023489907596e-17
6.140729624483476073e+03 1.682276810067638646e-14 5.221085258497135980e-17
6.145611084275777102e+03 1.733875456472389034e-14 6.033397142970585314e-17
6.150492544068078132e+03 1.808864514847909932e-14 5.728301070420080038e-17
6.155374003860379162e+03 1.867365845120827309e-14 5.920310573380126244e-17
6.160255463652680191e+03 1.922440171875653615e-14 5.385881101494184634e-17
6.165136923444981221e+03 2.000457228972693930e-14 5.372689572597418770e-17
6.170018383237282251e+03 2.066830166445279628e-14 5.364715762836946214e-17
6.174899843029583280e+03 2.140330555335267966e-14 5.393562898141617300e-17
6.179781302821884310e+03 2.204728414921665760e-14 5.431246375120380951e-17
6.184662762614185340e+03 2.264669550834680963e-14 5.709890614103552387e-17
6.189544222406486369e+03 2.325344036821415398e-14 6.039845538342860391e-17
6.194425682198787399e+03 2.379267771440534435e-14 6.769257882772181871e-17
6.199307141991088429e+03 2.448696208931168202e-14 6.394771758348813304e-17
6.204188601783389458e+03 2.519516977862641132e-14 6.509358099681887380e-17
6.209070061575690488e+03 2.551588038108252060e-14 7.239158089280834537e-17
6.213951521367991518e+03 2.581053969797633194e-14 8.549103998705069529e-17
6.218832981160292547e+03 2.644249708990899915e-14 6.546184814940880620e-17
6.223714440952593577e+03 2.670574183703647403e-14 7.054445246846842396e-17
6.228595900744894607e+03 2.718451271114309490e-14 6.732202105693767849e-17
6.233477360537195636e+03 2.782297266393158777e-14 7.220542751800099609e-17
6.238358820329496666e+03 2.818442904853500217e-14 6.911591451655909065e-17
6.243240280121797696e+03 2.838416238765687612e-14 7.244422178807625884e-17
6.248121739914098725e+03 2.886729367699068090e-14 6.832456928153935621e-17
6.253003199706399755e+03 2.905726874391501013e-14 8.589366056645304412e-17
6.257884659498700785e+03 2.915937403768484905e-14 6.641170722781387784e-17
6.262766119291001814e+03 2.941521131489752139e-14 8.879268376799009043e-17
6.267647579083302844e+03 2.941521131489752139e-14 8.879268376799009043e-17
6.272529038875603874e+03 2.987199116056585729e-14 8.112159733822249661e-17
6.277410498667904903e+03 2.992359022629926962e-14 1.002647060997002219e-16
6.282291958460205933e+03 2.992359022629926962e-14 9.906661749958364724e-17
6.287173418252506963e+03 3.002754733498128178e-14 9.130861117056185697e-17
6.292054878044807992e+03 3.035632083548911274e-14 7.138193886105728952e-17
6.296936337837109022e+03 3.036473194648010059e-14 7.654020346731500545e-17
6.301817797629410052e+03 3.023659949264075053e-14 1.058807926203473374e-16
6.306699257421711081e+03 3.006938160301023250e-14 7.940648929226963849e-17
6.311580717214012111e+03 3.001358028155880377e-14 7.404940590747884929e-17
6.316462177006313141e+03 2.997107720517723021e-14 7.398792092327964807e-17
6.321343636798614170e+03 2.988426502204723926e-14 6.889824294769432001e-17
6.326225096590915200e+03 2.980110227345353386e-14 7.223559661665628271e-17
6.331106556383216230e+03 2.986269518945612218e-14 7.359430624932621904e-17
6.335988016175517259e+03 2.988950427224917681e-14 7.416888689519073066e-17
6.340869475967818289e+03 3.016578544470977164e-14 7.410243988195817286e-17
6.345750935760119319e+03 3.024592454171285269e-14 7.595516364280211190e-17
6.350632395552420348e+03 3.063716428167753033e-14 7.835924069414160625e-17
6.355513855344721378e+03 3.093423327734786419e-14 7.337122735869548552e-17
6.360395315137022408e+03 3.093423327734786419e-14 7.385939214430363304e-17
6.365276774929323437e+03 3.093423327734786419e-14 7.345841767678899546e-17
6.370158234721624467e+03 3.093423327734786419e-14 7.293262921481650903e-17
6.375039694513925497e+03 3.093423327734786419e-14 7.335805817457428966e-17
6.379921154306226526e+03 3.093423327734786419e-14 7.024028439509959068e-17
6.384802614098527556e+03 3.093423327734786419e-14 7.008882179914246838e-17
6.389684073890828586e+03 3.084867249807660403e-14 8.181790607149586271e-17
6.394565533683129615e+03 3.050890689147804169e-14 8.108266100147938512e-17
6.399446993475430645e+03 3.048095119911240428e-14 8.001724375959769581e-17
6.404328453267731675e+03 3.030967999193401705e-14 7.431590343805083758e-17
6.409209913060032704e+03 3.031575535900812203e-14 7.271765588731476889e-17
6.414091372852333734e+03 3.030967999193401705e-14 7.702433128467978122e-17
6.418972832644634764e+03 3.021903580888548906e-14 7.810397871522833071e-17
6.423854292436935793e+03 3.021903580888548906e-14 7.162545656315414756e-17
6.428735752229236823e+03 3.017601926182408401e-14 7.080973760455197224e-17
6.433617212021537853e+03 3.017601926182408401e-14 7.100826761989059768e-17
6.438498671813838882e+03 3.010489867229970861e-14 7.180077608106123296e-17
6.443380131606139912e+03 3.003441528816249476e-14 6.849990658647002756e-17
6.448261591398440942e+03 3.009092319267415691e-14 6.388412524829438802e-17
6.453143051190741971e+03 3.009092319267415691e-14 6.543177982078355744e-17
6.458024510983043001e+03 3.007679892033809173e-14 6.657743555750638709e-17
6.462905970775344031e+03 3.006004433457728342e-14 7.161680102908104646e-17
6.467787430567645060e+03 3.006004433457728342e-14 7.964844301210712096e-17
6.472668890359946090e+03 3.006004433457728342e-14 6.559153708631454095e-17
6.477550350152247120e+03 2.992502933703669802e-14 7.037828563038884176e-17
6.482431809944548149e+03 2.979223143142122668e-14 8.245094249537773519e-17
6.487313269736849179e+03 2.988634938974359683e-14 8.429229533010569011e-17
6.492194729529150209e+03 2.978687753235613565e-14 8.794636298768385081e-17
6.497076189321451238e+03 2.995144117423370171e-14 8.481194993695702018e-17
6.501957649113752268e+03 2.995144117423370171e-14 6.601429467899577388e-17
6.506839108906053298e+03 2.995144117423370171e-14 6.427700551609139478e-17
6.511720568698354327e+03 2.995144117423370171e-14 6.683324444307560320e-17
6.516602028490655357e+03 2.995144117423370171e-14 6.869203164481179740e-17
6.521483488282956387e+03 2.983756819641292141e-14 6.648798300156866218e-17
6.526364948075257416e+03 2.935796882144301935e-14 7.063906747168717353e-17
6.531246407867558446e+03 2.935796882144301935e-14 6.970440576765293375e-17
6.536127867659859476e+03 2.935796882144301935e-14 6.493793347480807058e-17
6.541009327452160505e+03 2.933432592861122801e-14 7.195271975123671358e-17
6.545890787244461535e+03 2.903049706114947686e-14 6.974670510920639182e-17
6.550772247036762565e+03 2.880605356170336813e-14 6.755621596145807371e-17
6.555653706829063594e+03 2.877239961475836674e-14 6.737777268537057009e-17
6.560535166621364624e+03 2.877239961475836674e-14 6.555269415662980031e-17
6.565416626413665654e+03 2.856673587212873876e-14 6.887432491082528551e-17
6.570298086205966683e+03 2.840734914863385519e-14 6.968774860416484043e-17
6.575179545998267713e+03 2.835625001437136860e-14 7.607822813593037705e-17
6.580061005790568743e+03 2.831711499898436193e-14 6.718508174272897901e-17
6.584942465582869772e+03 2.829377337747286282e-14 6.290120984366258496e-17
6.589823925375170802e+03 2.812284505852841146e-14 6.810799479869890803e-17
6.594705385167471832e+03 2.804984842072560679e-14 6.271282609817816852e-17
6.599586844959772861e+03 2.795535987297871902e-14 6.511375475610068922e-17
6.604468304752073891e+03 2.759834240002181582e-14 7.615664901416296795e-17
6.609349764544374921e+03 2.740278860779844064e-14 8.490092090921184572e-17
6.614231224336675950e+03 2.737644231210052277e-14 6.857577804273577827e-17
6.619112684128976980e+03 2.728088156159661403e-14 6.205959396031448681e-17
6.623994143921278010e+03 2.727221729581606648e-14 6.310622734539046613e-17
6.628875603713579039e+03 2.713569405371536667e-14 6.668828283052324660e-17
6.633757063505880069e+03 2.686844655674068748e-14 6.558072678403844825e-17
6.638638523298181099e+03 2.679803251339406701e-14 6.641405688435697516e-17
6.643519983090482128e+03 2.679803251339406701e-14 6.255490251240020873e-17
6.648401442882783158e+03 2.665077752209646491e-14 6.270683231307131353e-17
6.653282902675084188e+03 2.665077752209646491e-14 6.103458707926816316e-17
6.658164362467385217e+03 2.641892379146588881e-14 6.243024663059334256e-17
6.663045822259686247e+03 2.641892379146588881e-14 6.248763736743059329e-17
6.667927282051987277e+03 2.640784200826670222e-14 6.363236698829277994e-17
6.672808741844288306e+03 2.607419459522242341e-14 5.987120332074412882e-17
6.677690201636589336e+03 2.573303301575521936e-14 6.136929112626509991e-17
6.682571661428890366e+03 2.531216948805886315e-14 6.496387923732549625e-17
6.687453121221191395e+03 2.521207648064277560e-14 5.995841627036949173e-17
6.692334581013492425e+03 2.508324129521409989e-14 5.978414551784277416e-17
6.697216040805793455e+03 2.508324129521409989e-14 5.943549854501013764e-17
6.702097500598094484e+03 2.485145170956384673e-14 6.017999047217472911e-17
6.706978960390395514e+03 2.452944321281325616e-14 6.030955965979307827e-17
6.711860420182696544e+03 2.426975212867308468e-14 8.294583370877536919e-17
6.716741879974997573e+03 2.416117662258955671e-14 6.110629507044432726e-17
6.721623339767298603e+03 2.396895737738661994e-14 6.075534748480473910e-17
6.726504799559599633e+03 2.362099473602222766e-14 7.961931346007209656e-17
6.731386259351900662e+03 2.362099473602222766e-14 5.864937493021320121e-17
6.736267719144201692e+03 2.359542688611316860e-14 5.853483905929838629e-17
6.741149178936502722e+03 2.359035851862995260e-14 5.949338775569463184e-17
6.746030638728803751e+03 2.338999543311759513e-14 6.134823414916865784e-17
6.750912098521104781e+03 2.335292734633678978e-14 5.792770015134507887e-17
6.755793558313405811e+03 2.335292734633678978e-14 5.618681677456232878e-17
6.760675018105706840e+03 2.312431927656670257e-14 5.645319117945882778e-17
6.765556477898007870e+03 2.304765091578327374e-14 5.697309966208766028e-17
6.770437937690308900e+03 2.286814725291205671e-14 5.597335287131695204e-17
6.775319397482609929e+03 2.278630509927646248e-14 5.598657997881802277e-17
6.780200857274910959e+03 2.266155616415724222e-14 5.407968813325093298e-17
6.785082317067211989e+03 2.265631805602546482e-14 5.681097494734999549e-17
6.789963776859513018e+03 2.265631805602546482e-14 5.884872758720332677e-17
6.794845236651814048e+03 2.255459977449769297e-14 6.729488793395327141e-17
6.799726696444115078e+03 2.255459977449769297e-14 6.268906631792551860e-17
6.804608156236416107e+03 2.247981342050024639e-14 5.640412767620202854e-17
6.809489616028717137e+03 2.244236190136096585e-14 5.695665432675296233e-17
6.814371075821018167e+03 2.236297760082537492e-14 6.088358944594227094e-17
6.819252535613319196e+03 2.218804043736366851e-14 7.099761782206841927e-17
6.824133995405620226e+03 2.231777892481209150e-14 6.758159063074155421e-17
6.829015455197921256e+03 2.218804043736366851e-14 5.282553899302745033e-17
6.833896914990222285e+03 2.218804043736366851e-14 5.708623947721487035e-17
6.838778374782523315e+03 2.213706069855981758e-14 5.705059752395956792e-17
6.843659834574824345e+03 2.203558760946041364e-14 5.483051469486347575e-17
6.848541294367125374e+03 2.190110592401706882e-14 5.573223459139212667e-17
6.853422754159426404e+03 2.174223101169379609e-14 5.930294186412585816e-17
6.858304213951727434e+03 2.177654710682947784e-14 5.947923206713030031e-17
6.863185673744028463e+03 2.186902211851009905e-14 6.402606058834807666e-17
6.868067133536329493e+03 2.190110592401706882e-14 5.521087935572982609e-17
6.872948593328630523e+03 2.189638601826741606e-14 5.584862362481786843e-17
6.877830053120931552e+03 2.200686248179030637e-14 5.565335143562692386e-17
6.882711512913232582e+03 2.201909177617766273e-14 5.415614472490939183e-17
6.887592972705533612e+03 2.209857982542025251e-14 5.367921731522519345e-17
6.892474432497834641e+03 2.201909177617766273e-14 5.521820111916304082e-17
6.897355892290135671e+03 2.218641909334755085e-14 5.471836373296100230e-17
6.902237352082436701e+03 2.217799034288342114e-14 5.455458538738641212e-17
6.907118811874737730e+03 2.217799034288342114e-14 5.277171860995221450e-17
6.912000271667038760e+03 2.217799034288342114e-14 5.319308912476933311e-17
6.916881731459339790e+03 2.223551633770079974e-14 5.500368092254074117e-17
6.921763191251640819e+03 2.191756288420065572e-14 5.500006931528284729e-17
6.926644651043941849e+03 2.182655187372015532e-14 5.543395353619608128e-17
6.931526110836242879e+03 2.171039176347625306e-14 5.457380015269841721e-17
6.936407570628543908e+03 2.157193113237934102e-14 5.537336681389467843e-17
6.941289030420844938e+03 2.148629419244965445e-14 5.205977867608358382e-17
6.946170490213145968e+03 2.135021598190900630e-14 5.485130143961795963e-17
6.951051950005446997e+03 2.150574470837895297e-14 6.950954197238251521e-17
6.955933409797748027e+03 2.116592893447884197e-14 6.921951371332936443e-17
6.960814869590049057e+03 2.101925488588103381e-14 6.530760538315236218e-17
6.965696329382350086e+03 2.092603492448450667e-14 6.888073679670442119e-17
6.970577789174651116e+03 2.090535272637466496e-14 5.887902384745741502e-17
6.975459248966952146e+03 2.072686943056550361e-14 6.666648755964757063e-17
6.980340708759253175e+03 2.100063648078674779e-14 5.598931412530242351e-17
6.985222168551554205e+03 2.085622531600333418e-14 5.554988230353295339e-17
6.990103628343855235e+03 2.093445073681270757e-14 6.334201598596380943e-17
6.994985088136156264e+03 2.108928560921171573e-14 5.499629139446112923e-17
6.999866547928457294e+03 2.136621120008854049e-14 5.419643519739528288e-17
7.004748007720758324e+03 2.146355350619680378e-14 5.046627108301724222e-17
7.009629467513059353e+03 2.150943613951956341e-14 5.091367708498010050e-17
7.014510927305360383e+03 2.148705807149733972e-14 5.048678179612282912e-17
7.019392387097661413e+03 2.135943883566202553e-14 5.120350199735153441e-17
7.024273846889962442e+03 2.129089637004098406e-14 5.364393849308608610e-17
7.029155306682263472e+03 2.135291559881335192e-14 5.358041436727538702e-17
7.034036766474564502e+03 2.155875945369871259e-14 5.337252705444766886e-17
7.038918226266865531e+03 2.164812681417851652e-14 5.137782921132409364e-17
7.043799686059166561e+03 2.166246845068599170e-14 5.494254132468059031e-17
7.048681145851467591e+03 2.160738953592669338e-14 5.397963348362667762e-17
7.053562605643768620e+03 2.151712820986500752e-14 5.876172785000185759e-17
7.058444065436069650e+03 2.146409551503266147e-14 5.268492151162975751e-17
7.063325525228370680e+03 2.136762650988637673e-14 5.561448124309543299e-17
7.068206985020671709e+03 2.128661222424910558e-14 5.722558348497908647e-17
7.073088444812972739e+03 2.133562471010266641e-14 7.119564937586122424e-17
7.077969904605273769e+03 2.197006015880803300e-14 5.824850479398074861e-17
7.082851364397574798e+03 2.209166759617375949e-14 5.206022660608890796e-17
7.087732824189875828e+03 2.186379550848356403e-14 5.509357870972621187e-17
7.092614283982176858e+03 2.205153418334344460e-14 5.260148014572717389e-17
7.097495743774477887e+03 2.165136425481609688e-14 5.565475388478546116e-17
7.102377203566778917e+03 2.154890693365855691e-14 5.554986548234873923e-17
7.107258663359079947e+03 2.171467227297865306e-14 5.199694629231336690e-17
7.112140123151380976e+03 2.183072158867106400e-14 5.160129776676419611e-17
7.117021582943682006e+03 2.196427884221738528e-14 5.170209152447696607e-17
7.121903042735983036e+03 2.203038526536124888e-14 5.519246568795949079e-17
7.126784502528284065e+03 2.187585933973781239e-14 5.723003047735649912e-17
7.131665962320585095e+03 2.147983107322235560e-14 6.002961900445936738e-17
7.136547422112886125e+03 2.147307181486070189e-14 5.542960086177955236e-17
7.141428881905187154e+03 2.154912019093200697e-14 5.251783327012210283e-17
7.146310341697488184e+03 2.135297885636595006e-14 5.570829064284326615e-17
7.151191801489789214e+03 2.155213833915803327e-14 5.408743220493679772e-17
7.156073261282090243e+03 2.175356012009758998e-14 5.162201871188449182e-17
7.160954721074391273e+03 2.177646492094587140e-14 5.201570158124408334e-17
7.165836180866692303e+03 2.160516898966960234e-14 5.201702806326138917e-17
7.170717640658993332e+03 2.144182972169709858e-14 5.635024667717877913e-17
7.175599100451294362e+03 2.113352402613590879e-14 5.934384369232230381e-17
7.180480560243595392e+03 2.090178516695635065e-14 5.858958820547003121e-17
7.185362020035896421e+03 2.096909856451607658e-14 5.444858436927473547e-17
7.190243479828197451e+03 2.069749933675435969e-14 5.534947010387751104e-17
7.195124939620498481e+03 2.054888780017799829e-14 5.841757709538357866e-17
7.200006399412799510e+03 2.065644798130255075e-14 6.457726344761184672e-17
7.204887859205100540e+03 2.072173180626610483e-14 6.433768820093488630e-17
7.209769318997401570e+03 2.095970266413331213e-14 5.580571967703255061e-17
7.214650778789702599e+03 2.101218786686262046e-14 5.609117239644832558e-17
7.219532238582003629e+03 2.091266012423966044e-14 5.574449481554856663e-17
7.224413698374304659e+03 2.079834845079633566e-14 5.202499688252019166e-17
7.229295158166605688e+03 2.048428121892174134e-14 5.107167697164840649e-17
7.234176617958906718e+03 2.033896696839515064e-14 5.073752420932119098e-17
7.239058077751207747e+03 2.052816611704605428e-14 5.110285571824657427e-17
7.243939537543508777e+03 2.061728796244799372e-14 5.201686490077249268e-17
7.248820997335809807e+03 2.043561368748443153e-14 5.201416025133440897e-17
7.253702457128110836e+03 2.041662852482492344e-14 5.139229512826787237e-17
7.258583916920411866e+03 2.036334609283414981e-14 5.164819092665820158e-17
7.263465376712712896e+03 2.016968160191481284e-14 5.171619053897418291e-17
7.268346836505013925e+03 1.983910803596128795e-14 5.464646780656732150e-17
7.273228296297314955e+03 1.947456150126666487e-14 5.313771148871494739e-17
7.278109756089615985e+03 1.923091233530571941e-14 5.516584228575364390e-17
7.282991215881917014e+03 1.934151096380719934e-14 5.143725895209876630e-17
7.287872675674218044e+03 1.919303628350318993e-14 5.183175234537230591e-17
7.292754135466519074e+03 1.917719496836206465e-14 5.246368026927303822e-17
7.297635595258820103e+03 1.917226700411930620e-14 5.491339987945728287e-17
7.302517055051121133e+03 1.930316763998754357e-14 5.104086427814802564e-17
7.307398514843422163e+03 1.911820528927156067e-14 5.151371733796242370e-17
7.312279974635723192e+03 1.906275134745425567e-14 5.066733365210814110e-17
7.317161434428024222e+03 1.874993823921742223e-14 5.058886668531781016e-17
7.322042894220325252e+03 1.865518090987562285e-14 5.228049613753132954e-17
7.326924354012626281e+03 1.835221810858738539e-14 5.441176377839772531e-17
7.331805813804927311e+03 1.804833981651477008e-14 5.078512339000532101e-17
7.336687273597228341e+03 1.806585596787937031e-14 5.468203386470394939e-17
7.341568733389529370e+03 1.823019674630298373e-14 5.361303359392319791e-17
7.346450193181830400e+03 1.829433197311627949e-14 5.257161419583750006e-17
7.351331652974131430e+03 1.838618115853194001e-14 5.099166061067056407e-17
7.356213112766432459e+03 1.836832820796732116e-14 5.046831223253715904e-17
7.361094572558733489e+03 1.829433197311627949e-14 5.041939503287402111e-17
7.365976032351034519e+03 1.804344812250096252e-14 5.050561448905549498e-17
7.370857492143335548e+03 1.783580784571707397e-14 4.988086868138015796e-17
7.375738951935636578e+03 1.786573116575921068e-14 4.991569207400201323e-17
7.380620411727937608e+03 1.783580784571707397e-14 5.047853530567554092e-17
7.385501871520238637e+03 1.779377177054113659e-14 5.033351833232405137e-17
7.390383331312539667e+03 1.771675154844100764e-14 5.166005996872361196e-17
7.395264791104840697e+03 1.763698460172973654e-14 6.135694281253691211e-17
7.400146250897141726e+03 1.763698460172973654e-14 5.094336258339162668e-17
7.405027710689442756e+03 1.726083746420927770e-14 5.095022955558165306e-17
7.409909170481743786e+03 1.688266899599142426e-14 5.322006334505166456e-17
7.414790630274044815e+03 1.665865227110491626e-14 5.163044191301250234e-17
7.419672090066345845e+03 1.631843394142861889e-14 4.844192054111901214e-17
7.424553549858646875e+03 1.604911802819243993e-14 4.832030487576560168e-17
7.429435009650947904e+03 1.576757059657517994e-14 4.854092336857989969e-17
7.434316469443248934e+03 1.576757059657517994e-14 5.472482418758203059e-17
7.439197929235549964e+03 1.516151839372504674e-14 4.737309698537134428e-17
7.444079389027850993e+03 1.507218760903497513e-14 5.013666764768092636e-17
7.448960848820152023e+03 1.503107272020961239e-14 4.777829663092924163e-17
7.453842308612453053e+03 1.476397897066349822e-14 4.817074103537502416e-17
7.458723768404754082e+03 1.459600953394753214e-14 4.930192777705833376e-17
7.463605228197055112e+03 1.442849435594530967e-14 4.664930848535234442e-17
7.468486687989356142e+03 1.430475088394023027e-14 4.710889311698058663e-17
7.473368147781657171e+03 1.412526246256497161e-14 4.576918925170325942e-17
7.478249607573958201e+03 1.414200462151642949e-14 4.577853960861485786e-17
7.483131067366259231e+03 1.419793280164347833e-14 4.581773909883422294e-17
7.488012527158560260e+03 1.419793280164347833e-14 4.660700154996812932e-17
7.492893986950861290e+03 1.419793280164347833e-14 4.973652719712236359e-17
7.497775446743162320e+03 1.419793280164347833e-14 4.740483703211215267e-17
7.502656906535463349e+03 1.419793280164347833e-14 4.747794231490208773e-17
7.507538366327764379e+03 1.403475296985887809e-14 4.668143081469210270e-17
7.512419826120065409e+03 1.397893110211012318e-14 4.653642289004910422e-17
7.517301285912366438e+03 1.393068944334846770e-14 4.705814203761941947e-17
7.522182745704667468e+03 1.380155072121028487e-14 4.627188495403666566e-17
7.527064205496968498e+03 1.390112081499336293e-14 4.656198821252906458e-17
7.531945665289269527e+03 1.390112081499336293e-14 4.685619767003927550e-17
7.536827125081570557e+03 1.390112081499336293e-14 5.883214242431532423e-17
7.541708584873871587e+03 1.390112081499336293e-14 4.692784245631076845e-17
7.546590044666172616e+03 1.390112081499336293e-14 4.712558701707869994e-17
7.551471504458473646e+03 1.369395484130159121e-14 4.653267688450314849e-17
7.556352964250774676e+03 1.372558983166555110e-14 4.588212293254026675e-17
7.561234424043075705e+03 1.372595535909859974e-14 4.610284047190830304e-17
7.566115883835376735e+03 1.370022661481694205e-14 4.662183030758218891e-17
7.570997343627677765e+03 1.388905803606097027e-14 4.704531015909777097e-17
7.575878803419978794e+03 1.440041660921240406e-14 4.794668772834812110e-17
7.580760263212279824e+03 1.471011494604345966e-14 4.989511949201463311e-17
7.585641723004580854e+03 1.471011494604345966e-14 4.767776504237792908e-17
7.590523182796881883e+03 1.471011494604345966e-14 4.780818549131743144e-17
7.595404642589182913e+03 1.471011494604345966e-14 4.799221909940804607e-17
7.600286102381483943e+03 1.471011494604345966e-14 4.785343709076914949e-17
7.605167562173784972e+03 1.463301156584219700e-14 4.780094187573974023e-17
7.610049021966086002e+03 1.486528394185632314e-14 4.882923170853621671e-17
7.614930481758387032e+03 1.505007556674533682e-14 5.156683628774027836e-17
7.619811941550688061e+03 1.544649980509909796e-14 4.926936845800932989e-17
7.624693401342989091e+03 1.562622035044373985e-14 4.984987873973124585e-17
7.629574861135290121e+03 1.582387532141574217e-14 5.050563298474336963e-17
7.634456320927591150e+03 1.598322714475243071e-14 5.056930122803916396e-17
7.639337780719892180e+03 1.598322714475243071e-14 6.319493120293640746e-17
7.644219240512193210e+03 1.598322714475243071e-14 5.060023884267072510e-17
7.649100700304494239e+03 1.598322714475243071e-14 6.321089909748113110e-17
7.653982160096795269e+03 1.598322714475243071e-14 5.064496000447100711e-17
7.658863619889096299e+03 1.580544183207281365e-14 5.056140536483350264e-17
7.663745079681397328e+03 1.580894378455821046e-14 5.176082994277230789e-17
7.668626539473698358e+03 1.610948877669072615e-14 5.139064070587436846e-17
7.673507999265999388e+03 1.643731631046792005e-14 5.146819197586433471e-17
7.678389459058300417e+03 1.678521486189681325e-14 5.230423031929119576e-17
7.717441137396708655e+03 1.695702072857609290e-14 5.596615923982402621e-17
7.722322597189009684e+03 1.719733000623747558e-14 5.526444076441825858e-17
7.727204056981310714e+03 1.740270179821694699e-14 5.597507309836890539e-17
7.732085516773611744e+03 1.802412035974959488e-14 5.606150051101992224e-17
7.736966976565912773e+03 1.803687204476357719e-14 6.929406473153490171e-17
7.741848436358213803e+03 1.803646306121414910e-14 5.621798149000930144e-17
7.746729896150514833e+03 1.803502551293856282e-14 7.142412098330795222e-17
7.751611355942815862e+03 1.795224557729755955e-14 5.801656827242047037e-17
7.756492815735116892e+03 1.756243536143480537e-14 5.947106371228797566e-17
7.761374275527417922e+03 1.709114292435599421e-14 5.543720195585798318e-17
7.766255735319718951e+03 1.657656546196892139e-14 5.760730815052589198e-17
7.771137195112019981e+03 1.627502499261014414e-14 6.128134433822347604e-17
7.776018654904321011e+03 1.602610248100194188e-14 7.769567591017007408e-17
7.780900114696622040e+03 1.610897011974275198e-14 5.443594164722819136e-17
7.785781574488923070e+03 1.602610248100194188e-14 6.762844061520832434e-17
7.790663034281224100e+03 1.602610248100194188e-14 6.762844061520832434e-17
7.795544494073525129e+03 1.602610248100194188e-14 5.172700607843297237e-17
7.800425953865826159e+03 1.596062149632204719e-14 6.715725206851851808e-17
7.805307413658127189e+03 1.581450918005345955e-14 5.467450084526383726e-17
7.810188873450428218e+03 1.511063662522372998e-14 5.360498856789401757e-17
7.815070333242729248e+03 1.439736133733789961e-14 5.387139037888536612e-17
7.819951793035030278e+03 1.389900192997154824e-14 5.326512821608995026e-17
7.824833252827331307e+03 1.348466994281409866e-14 5.183967423293187486e-17
7.829714712619632337e+03 1.334705184275192261e-14 5.229835001074437980e-17
7.834596172411933367e+03 1.302409572712823110e-14 5.161457666737560989e-17
7.839477632204234396e+03 1.291881516889670746e-14 5.057647503025401168e-17
7.844359091996535426e+03 1.272522929900709433e-14 5.086759452180810827e-17
7.849240551788836456e+03 1.258322098507259887e-14 5.005050808109758147e-17
7.854122011581137485e+03 1.224315428421835656e-14 4.971354994366248155e-17
7.859003471373438515e+03 1.162184735107437391e-14 4.869594386805125768e-17
7.863884931165739545e+03 1.105654488188827219e-14 4.866201285707721665e-17
7.868766390958040574e+03 1.026702282637547091e-14 4.641005492785682871e-17
7.873647850750341604e+03 9.536170673053557088e-15 4.525755323736028541e-17
7.878529310542642634e+03 9.150890174509895560e-15 4.577024099108568391e-17
7.883410770334943663e+03 8.756828768562626177e-15 4.408852443949221345e-17
7.888292230127244693e+03 8.408369411330263151e-15 4.314040698301708820e-17
7.893173689919545723e+03 8.324170361844061432e-15 4.377184263059459941e-17
7.898055149711846752e+03 8.073627771420567123e-15 4.472819624282902603e-17
7.902936609504147782e+03 7.976281828332606770e-15 4.296124315531084379e-17
7.907818069296448812e+03 7.785406476700273198e-15 4.219750920876420934e-17
7.912699529088749841e+03 7.426257124049648840e-15 4.142176072814306449e-17
7.917580988881050871e+03 7.147588051200827939e-15 4.134614161901368181e-17
7.922462448673351901e+03 6.983672918707656912e-15 4.720821430487016247e-17
7.927343908465652930e+03 6.749453647173266225e-15 3.998383685328181275e-17
7.932225368257953960e+03 6.502254269113293048e-15 3.999448179844498524e-17
7.937106828050254990e+03 6.259125139190207945e-15 3.883288355279001750e-17
7.941988287842556019e+03 6.088660120001997195e-15 3.884987010744238462e-17
7.946869747634857049e+03 5.806843278692556635e-15 4.204622535509585939e-17
7.951751207427158079e+03 5.719006007202462320e-15 4.045243763292149247e-17
7.956632667219459108e+03 5.558071705496114325e-15 3.930281180364283293e-17
7.961514127011760138e+03 5.338261058577323967e-15 3.948059884077775527e-17
7.966395586804061168e+03 5.381084641841708806e-15 3.734887133206503266e-17
7.971277046596362197e+03 5.501319820346257139e-15 4.053384399599518667e-17
7.976158506388663227e+03 5.638565649022745334e-15 3.894532945011722706e-17
7.981039966180964257e+03 5.641814071434282563e-15 3.818365538144224614e-17
7.985921425973265286e+03 5.674060261353849888e-15 4.601851916582788736e-17
7.990802885765566316e+03 5.545117025889021202e-15 3.441584404232807133e-17
7.995684345557867346e+03 5.482092839659748698e-15 3.791656091597965712e-17
8.000565805350168375e+03 5.448561913958838481e-15 3.822309153680120394e-17
8.005447265142469405e+03 5.376916218155724953e-15 3.819197379304117539e-17
8.010328724934770435e+03 5.300175105326008766e-15 3.793490032869866071e-17
8.015210184727071464e+03 5.235217715389711009e-15 3.772388524292118891e-17
8.020091644519372494e+03 5.291602920636598628e-15 3.900780689096805935e-17
8.024973104311673524e+03 5.294558256970848385e-15 3.806992248207983829e-17
8.029854564103974553e+03 5.400483493452641354e-15 3.942322847702079059e-17
8.034736023896275583e+03 5.427824395455235762e-15 4.624889227514635578e-17
8.039617483688576613e+03 5.427824395455235762e-15 4.624889227514635578e-17
8.044498943480877642e+03 5.336180543354423300e-15 3.490305478853045385e-17
8.049380403273178672e+03 5.293305822552358655e-15 4.643883941356813263e-17
8.054261863065479702e+03 5.268203923715585329e-15 3.897354020866563980e-17
8.059143322857780731e+03 5.136525612099051453e-15 3.847290172918693880e-17
8.064024782650081761e+03 5.028616593399075301e-15 3.897061799240617702e-17
8.068906242442382791e+03 4.925611469365337454e-15 4.995664891935136655e-17
8.073787702234683820e+03 5.146306193776060704e-15 3.920616820028553807e-17
8.078669162026984850e+03 5.395183065800251740e-15 4.012740161399419990e-17
8.083550621819285880e+03 5.395183065800251740e-15 3.958440550946666352e-17
8.088432081611586909e+03 5.579032197882847861e-15 4.068276014559413311e-17
8.093313541403887939e+03 5.579032197882847861e-15 4.105531840251348306e-17
8.098195001196188969e+03 5.579032197882847861e-15 4.126357473387926006e-17
8.103076460988489998e+03 5.579032197882847861e-15 4.103675120488501077e-17
8.107957920780791028e+03 5.579032197882847861e-15 4.294198333602127355e-17
8.112839380573092058e+03 5.530755396992486736e-15 4.118827778071402617e-17
8.117720840365393087e+03 5.592310136683453946e-15 4.877828634468018408e-17
8.122602300157694117e+03 5.592310136683453946e-15 4.413046453861937651e-17
8.127483759949995147e+03 5.688742413729142497e-15 4.194120653983639161e-17
8.132365219742296176e+03 5.806748746722714610e-15 4.300060962094480114e-17
8.137246679534597206e+03 5.944870789452617068e-15 4.319878944319111538e-17
8.142128139326898236e+03 5.944870789452617068e-15 4.268847749842107021e-17
8.147009599119199265e+03 6.060907140776283142e-15 4.398273507762539453e-17
8.151891058911500295e+03 6.060907140776283142e-15 4.427531595174199067e-17
8.156772518703801325e+03 6.060907140776283142e-15 4.379936305469167043e-17
8.161653978496102354e+03 6.122004578983100358e-15 4.367910007025530868e-17
8.166535438288403384e+03 6.060907140776283142e-15 4.655926240212813119e-17
8.171416898080704414e+03 6.125343686623914726e-15 4.465309289932166745e-17
8.176298357873005443e+03 6.039418963469474179e-15 4.555305119528592132e-17
8.181179817665306473e+03 6.175049324607070898e-15 4.503535033804173189e-17
8.186061277457607503e+03 6.348856671100772754e-15 4.646112694380811030e-17
8.190942737249908532e+03 6.798406229144676629e-15 5.783468334194459062e-17
8.195824197042209562e+03 6.903619088324690689e-15 5.696270762250058126e-17
8.200705656834510592e+03 6.903619088324690689e-15 4.103321216550644001e-17
8.205587116626811621e+03 6.916615667151467404e-15 4.683692554210788196e-17
8.210468576419112651e+03 7.100580683602840341e-15 4.769998897665604466e-17
8.215350036211413681e+03 7.244310997480538594e-15 4.777229724429475283e-17
8.220231496003714710e+03 7.678134714208312535e-15 5.231889620179116362e-17
8.225112955796015740e+03 7.687858897009990423e-15 5.001717068826853182e-17
8.229994415588316770e+03 8.003403545448206311e-15 5.042063582919041239e-17
8.234875875380617799e+03 8.257016117501306869e-15 5.274624693417265201e-17
8.239757335172918829e+03 8.633734889015782309e-15 5.226857527150644934e-17
8.244638794965219859e+03 8.637120108550246611e-15 5.410009732083636526e-17
8.249520254757520888e+03 8.637120108550246611e-15 5.769833837920238699e-17
8.254401714549821918e+03 8.637120108550246611e-15 5.341164638469088853e-17
8.259283174342122948e+03 8.672964670490439924e-15 5.233031462267355861e-17
8.264164634134423977e+03 8.845212365012338949e-15 5.362049421400293100e-17
8.269046093926725007e+03 8.905996853692320004e-15 5.324272777436203787e-17
8.273927553719026037e+03 9.005133198505064282e-15 5.355619136466004833e-17
8.278809013511327066e+03 9.190025015924244497e-15 5.441655506981180137e-17
8.283690473303628096e+03 9.411278294136191461e-15 5.556455244268446374e-17
8.288571933095929126e+03 9.482129235849392032e-15 5.539390687162209556e-17
8.293453392888230155e+03 9.556722547870696336e-15 5.799212126988875552e-17
8.298334852680531185e+03 9.556722547870696336e-15 5.610854414983265050e-17
8.303216312472832215e+03 9.556722547870696336e-15 5.678903352973811188e-17
8.308097772265133244e+03 9.556722547870696336e-15 5.756478667944687258e-17
8.312979232057434274e+03 9.560126443975721751e-15 5.612942591095128488e-17
8.317860691849735304e+03 9.953811549259625284e-15 5.663020702191620506e-17
8.322742151642036333e+03 1.040553612923539556e-14 5.812793879171478842e-17
8.327623611434337363e+03 1.083938113538007281e-14 5.919533621695686697e-17
8.332505071226638393e+03 1.102670599028140206e-14 5.946245221409712197e-17
8.337386531018939422e+03 1.127717235386735564e-14 6.030782271642986677e-17
8.342267990811240452e+03 1.160295961701581135e-14 6.861736057115276204e-17
8.347149450603541482e+03 1.190869363276657462e-14 6.386979356140567065e-17
8.352030910395842511e+03 1.223372472496858545e-14 6.277460874807907774e-17
8.356912370188143541e+03 1.223372472496858545e-14 6.336808693299839143e-17
8.361793829980444571e+03 1.223372472496858545e-14 6.356165581242664734e-17
8.366675289772745600e+03 1.230482955567905235e-14 6.383580326586587795e-17
8.371556749565046630e+03 1.223372472496858545e-14 6.381858021204841599e-17
8.376438209357347660e+03 1.259759335784225149e-14 6.404042685337753051e-17
8.381319669149648689e+03 1.263091687950405372e-14 6.385741999503866878e-17
8.386201128941949719e+03 1.270280114099046007e-14 6.468173691486595431e-17
8.391082588734250749e+03 1.273467191931931358e-14 6.731109237658463789e-17
8.395964048526551778e+03 1.288485097727672765e-14 6.521038397776596867e-17
8.400845508318852808e+03 1.310378584593748372e-14 6.622939040018175867e-17
8.405726968111153838e+03 1.329944324077387257e-14 6.606629723865324938e-17
8.410608427903454867e+03 1.367119065124145592e-14 6.708594852576562086e-17
8.415489887695755897e+03 1.403699019217898381e-14 6.721096539838020308e-17
8.420371347488056927e+03 1.429130324494199933e-14 6.885541625283904694e-17
8.425252807280357956e+03 1.429130324494199933e-14 6.965018478774958919e-17
8.469185945411067223e+03 1.429130324494199933e-14 6.819506722944498369e-17
8.474067405203368253e+03 1.446508901221167520e-14 6.879981452808472037e-17
8.478948864995669283e+03 1.482266236860956216e-14 6.976852148722391464e-17
8.483830324787970312e+03 1.520512113692994292e-14 7.172421159783840811e-17
8.488711784580271342e+03 1.568903130014001475e-14 7.210956693010534247e-17
8.493593244372572372e+03 1.585042736502015496e-14 7.206316562885102515e-17
8.498474704164873401e+03 1.643635408571470147e-14 7.469375440938450065e-17
8.503356163957174431e+03 1.671992113375034288e-14 7.468198952836094424e-17
8.508237623749475460e+03 1.678347546667898981e-14 7.612259587236238036e-17
8.513119083541776490e+03 1.678347546667898981e-14 8.731111726412391235e-17
8.518000543334077520e+03 1.678347546667898981e-14 6.262356920298275923e-17
8.522882003126378549e+03 1.678347546667898981e-14 7.530026258529096356e-17
8.527763462918679579e+03 1.678347546667898981e-14 7.465493517774542583e-17
8.532644922710980609e+03 1.598482113918413941e-14 7.292849583953786826e-17
8.537526382503281638e+03 1.552173627416330290e-14 7.180484758647794549e-17
8.542407842295582668e+03 1.527984375256268755e-14 7.499581649005897677e-17
8.547289302087883698e+03 1.516119045969981521e-14 7.155641851332884989e-17
8.552170761880184727e+03 1.532546390231706319e-14 7.145881946669871722e-17
8.557052221672485757e+03 1.549558052912586870e-14 7.360873684683175675e-17
8.561933681464786787e+03 1.544275449604020018e-14 7.199870751875753210e-17
8.566815141257087816e+03 1.605683812163454618e-14 7.549449094880717478e-17
8.571696601049388846e+03 1.633828177788462509e-14 7.426738262383171156e-17
8.576578060841689876e+03 1.670134814815870344e-14 7.534554515628792208e-17
8.581459520633990905e+03 1.715718138983545368e-14 7.526991891751339610e-17
8.586340980426291935e+03 1.715718138983545368e-14 7.571062737053166707e-17
8.591222440218592965e+03 1.715718138983545368e-14 7.791929399082292316e-17
8.596103900010893994e+03 1.715718138983545368e-14 7.742399321549302475e-17
8.600985359803195024e+03 1.715718138983545368e-14 7.717678190701264499e-17
8.605866819595496054e+03 1.693363013565821980e-14 7.663462671541409706e-17
8.610748279387797083e+03 1.643930185369967085e-14 7.618147941290276205e-17
8.615629739180098113e+03 1.564106173753609539e-14 7.298911034251887283e-17
8.620511198972399143e+03 1.579505464128941534e-14 8.198756399054470271e-17
8.625392658764700172e+03 1.539547512124897817e-14 7.244042232152258439e-17
8.630274118557001202e+03 1.567057223263004071e-14 7.429216222531194018e-17
8.635155578349302232e+03 1.573496313115586486e-14 7.822944857822270715e-17
8.640037038141603261e+03 1.605264250398107728e-14 8.013018869282003159e-17
8.644918497933904291e+03 1.660535254451356101e-14 8.049663018423509139e-17
8.649799957726205321e+03 1.711348072134964677e-14 7.720884212324492524e-17
8.654681417518506350e+03 1.711348072134964677e-14 7.689193170520456835e-17
8.659562877310807380e+03 1.711348072134964677e-14 8.521625411902775473e-17
8.664444337103108410e+03 1.711348072134964677e-14 8.272263256422089313e-17
8.669325796895409439e+03 1.711348072134964677e-14 7.658174938707886270e-17
8.674207256687710469e+03 1.596645575515082891e-14 8.174543663825052161e-17
8.679088716480011499e+03 1.537856188963830887e-14 7.322962495283563568e-17
8.683970176272312528e+03 1.516180780570548831e-14 7.998712448072637451e-17
8.688851636064613558e+03 1.514135394197519873e-14 7.797231490938456118e-17
8.693733095856914588e+03 1.540479114199453835e-14 7.327349490994101834e-17
8.698614555649215617e+03 1.568408114907893669e-14 7.327509426277000418e-17
8.703496015441516647e+03 1.568408114907893669e-14 7.595365995205993751e-17
8.708377475233817677e+03 1.568408114907893669e-14 7.654716254414827963e-17
8.713258935026118706e+03 1.568408114907893669e-14 7.731031573849151812e-17
8.718140394818419736e+03 1.568408114907893669e-14 7.448635259577426586e-17
8.723021854610720766e+03 1.566309887822580159e-14 7.353665722454237458e-17
8.727903314403021795e+03 1.566309887822580159e-14 1.045850174995054697e-16
8.732784774195322825e+03 1.488405862099683951e-14 6.260274282306024258e-17
8.737666233987623855e+03 1.402604104469791206e-14 6.980926067155931451e-17
8.742547693779924884e+03 1.390093500309895639e-14 7.033086901590029006e-17
8.747429153572225914e+03 1.402123944057463698e-14 7.057831651481636575e-17
8.752310613364526944e+03 1.394291249279789512e-14 6.962007427304509884e-17
8.757192073156827973e+03 1.383548148979998459e-14 6.987664053307592646e-17
8.762073532949129003e+03 1.394412226032885191e-14 7.046156709543537566e-17
8.766954992741430033e+03 1.408815872804808988e-14 7.035835108948037615e-17
8.771836452533731062e+03 1.428950807023633967e-14 7.095272108103267705e-17
8.776717912326032092e+03 1.437823909840985765e-14 7.382806248584630683e-17
8.781599372118333122e+03 1.468523298419596541e-14 7.169561275091573692e-17
8.786480831910634151e+03 1.440939867943649738e-14 7.692419515637395922e-17
8.791362291702935181e+03 1.388468415712851542e-14 7.648797210236227970e-17
8.796243751495236211e+03 1.338704714689683123e-14 7.355299522483641208e-17
8.801125211287537240e+03 1.271448487325687435e-14 7.395373652775129724e-17
8.806006671079838270e+03 1.207038623885504174e-14 8.201926326429219890e-17
8.810888130872139300e+03 1.228388425803508194e-14 7.393067241745794839e-17
8.815769590664440329e+03 1.176492614867045063e-14 6.519693316501106394e-17
8.820651050456741359e+03 1.154896865090887173e-14 6.455349774506636537e-17
8.825532510249042389e+03 1.176935621127796009e-14 8.249885219315172648e-17
8.830413970041343418e+03 1.142555629098511698e-14 6.531198604994478330e-17
8.835295429833644448e+03 1.144685645230866203e-14 7.047564878317425893e-17
8.840176889625945478e+03 1.108546360339194671e-14 7.236685038519703856e-17
8.845058349418246507e+03 1.089913095413542806e-14 6.278244671441809094e-17
8.849939809210547537e+03 1.077463219697862813e-14 6.264331037546006251e-17
8.854821269002848567e+03 1.112660304208109557e-14 6.377619844150354761e-17
8.859702728795149596e+03 1.171400232453220174e-14 7.640198903942838805e-17
8.864584188587450626e+03 1.137860505596617694e-14 6.454145754786513967e-17
8.869465648379751656e+03 1.107677135799855031e-14 6.397544273901453839e-17
8.874347108172052685e+03 1.092469477466282069e-14 6.363919300435515764e-17
8.879228567964353715e+03 1.074181053615772912e-14 6.275517007002632229e-17
8.884110027756654745e+03 1.073404072571148099e-14 6.442354430983372649e-17
8.888991487548955774e+03 1.092175950192010588e-14 6.320230372295840366e-17
8.893872947341256804e+03 1.108959256676066806e-14 6.853748861433353461e-17
8.898754407133557834e+03 1.114856701901857596e-14 7.182547081309440682e-17
8.903635866925858863e+03 1.103940763584967072e-14 6.369614904442117698e-17
8.908517326718159893e+03 1.076660253448738378e-14 6.327386043341600621e-17
8.913398786510460923e+03 1.074518419487205942e-14 6.477362465222929285e-17
8.918280246302761952e+03 1.066338885252493325e-14 6.502414215151837843e-17
8.923161706095062982e+03 1.057773816429045129e-14 6.244019971063414573e-17
8.928043165887364012e+03 1.049457728469777943e-14 6.378243969700799511e-17
8.932924625679665041e+03 1.077048826472500854e-14 6.551871959476241075e-17
8.937806085471966071e+03 1.086348126854374397e-14 6.334391537143833234e-17
8.942687545264267101e+03 1.098318484771265702e-14 7.033007867025551697e-17
8.947569005056568130e+03 1.124673514296475888e-14 5.178743394430365705e-17
8.952450464848869160e+03 1.143993492651102480e-14 6.532232668163041593e-17
8.957331924641170190e+03 1.159521232613025831e-14 6.572598210581421130e-17
8.962213384433471219e+03 1.147173699791037241e-14 6.518732934265100126e-17
8.967094844225772249e+03 1.167231418799182418e-14 6.794161606203981849e-17
8.971976304018073279e+03 1.203711858638051181e-14 6.607603811482299598e-17
8.976857763810374308e+03 1.206374256784739995e-14 6.634789066011777614e-17
8.981739223602675338e+03 1.190828659086191012e-14 7.267630787048629695e-17
8.986620683394976368e+03 1.124720796775135708e-14 6.791337442468917693e-17
8.991502143187277397e+03 1.084564893324038977e-14 6.422095422171838453e-17
8.996383602979578427e+03 1.055362419798914043e-14 6.496596036086932560e-17
9.001265062771879457e+03 1.085008667665208947e-14 6.340902456741813312e-17
9.006146522564180486e+03 1.119282925799355223e-14 6.475054881297247769e-17
9.011027982356481516e+03 1.124265775650978980e-14 6.422723789398368846e-17
9.015909442148782546e+03 1.147705634223563046e-14 6.554511595425648236e-17
9.020790901941083575e+03 1.168800971319855056e-14 6.563133720450724884e-17
9.025672361733384605e+03 1.163786597069575861e-14 6.528220236680219999e-17
9.030553821525685635e+03 1.171515492355691324e-14 6.572641344091644811e-17
9.035435281317986664e+03 1.191332457386053149e-14 6.668267782409568031e-17
9.040316741110287694e+03 1.222015274484796193e-14 6.710006242200582453e-17
9.045198200902588724e+03 1.231687058571509373e-14 6.726715919633390129e-17
9.050079660694889753e+03 1.252978719049239133e-14 6.819612989791243588e-17
9.054961120487190783e+03 1.257027164748544625e-14 6.887849648538590955e-17
9.059842580279491813e+03 1.249095470948718273e-14 6.749283611136862439e-17
9.064724040071792842e+03 1.222833462984808945e-14 6.757642655023473699e-17
9.069605499864093872e+03 1.174852842015100880e-14 6.588001866605156146e-17
9.074486959656394902e+03 1.163353288751313000e-14 6.571198324100473221e-17
9.079368419448695931e+03 1.130438064256815717e-14 6.550026503455105351e-17
9.084249879240996961e+03 1.075695721758493081e-14 6.424398892511719247e-17
9.089131339033297991e+03 1.083021641059948237e-14 6.371804820814603497e-17
9.094012798825599020e+03 1.137352600679724600e-14 6.528759918496216076e-17
9.098894258617900050e+03 1.168442026708731393e-14 6.580631347109800659e-17
9.103775718410201080e+03 1.195256716146222212e-14 6.708629059417211586e-17
9.108657178202502109e+03 1.246203287417107971e-14 6.816479139664475060e-17
9.113538637994803139e+03 1.287344978458126731e-14 6.874420307235555616e-17
9.118420097787104169e+03 1.313225962349910002e-14 6.972569870201301074e-17
9.123301557579405198e+03 1.333744665928109412e-14 6.979415248120625212e-17
9.128183017371706228e+03 1.347320526496747008e-14 7.243990287310981527e-17
9.133064477164007258e+03 1.339658249163045243e-14 7.000424897083733604e-17
9.137945936956308287e+03 1.322911641583477709e-14 7.310552548423097445e-17
9.142827396748609317e+03 1.306667018217433706e-14 7.073882064503879957e-17
9.147708856540910347e+03 1.263764971634960199e-14 6.848477014031480956e-17
9.152590316333211376e+03 1.219063665114938635e-14 6.765665606761814139e-17
9.157471776125512406e+03 1.178907944915268091e-14 6.749773609689790080e-17
9.162353235917813436e+03 1.122925989753224487e-14 6.680087158367433241e-17
9.167234695710114465e+03 1.072779109225607487e-14 6.697134982044615905e-17
9.172116155502415495e+03 1.068900708197139520e-14 8.627703374608263791e-17
9.176997615294716525e+03 1.103479064972457421e-14 6.610301437492825446e-17
9.181879075087017554e+03 1.144474286959760772e-14 6.535365396958786370e-17
9.186760534879318584e+03 1.185145467939953138e-14 6.659801030135360571e-17
9.191641994671619614e+03 1.231877082005909066e-14 6.777640684649615792e-17
9.196523454463920643e+03 1.276069576248184795e-14 6.880499657371258931e-17
9.201404914256221673e+03 1.327555669967906901e-14 7.777204397038279550e-17
9.206286374048522703e+03 1.327555669967906901e-14 7.777204397038279550e-17
9.211167833840823732e+03 1.323486534576576590e-14 6.995300165964635646e-17
9.216049293633124762e+03 1.289694567775060557e-14 8.068268740516498674e-17
9.220930753425425792e+03 1.289694567775060557e-14 8.068268740516498674e-17
9.225812213217726821e+03 1.279500821972231539e-14 7.243980004392776757e-17
9.230693673010027851e+03 1.184729525491831810e-14 6.968280289970578099e-17
9.235575132802328881e+03 1.091168601321942531e-14 6.491324902375023816e-17
9.240456592594629910e+03 1.050238686493481290e-14 6.343579982867764715e-17
9.245338052386930940e+03 1.053273429100377687e-14 6.423481161845016374e-17
9.250219512179231970e+03 1.079807733074567493e-14 6.409465461299962828e-17
9.255100971971532999e+03 1.111242578431247515e-14 6.496115746762824288e-17
9.259982431763834029e+03 1.151018164694022007e-14 6.687764620060417414e-17
9.264863891556135059e+03 1.178307139758721738e-14 6.749320331940274323e-17
9.269745351348436088e+03 1.239334620651377754e-14 7.711162289440041519e-17
9.274626811140737118e+03 1.288673577841474931e-14 6.991835520330675899e-17
9.279508270933038148e+03 1.321925633567549373e-14 7.064971696594909355e-17
9.284389730725339177e+03 1.357062316795394630e-14 7.989938045230177165e-17
9.289271190517640207e+03 1.339932014970432324e-14 7.150773584067687973e-17
9.294152650309941237e+03 1.204495081149128954e-14 8.091468840592895952e-17
9.299034110102242266e+03 1.194686305345648603e-14 7.225704429182495104e-17
9.303915569894543296e+03 1.111448642970720435e-14 6.612908005186118982e-17
9.308797029686844326e+03 1.059477674398890707e-14 6.491214710225750161e-17
9.313678489479145355e+03 1.030345415400411819e-14 6.618839671317747618e-17
9.318559949271446385e+03 9.965225576960923247e-15 6.282179111268727279e-17
9.323441409063747415e+03 1.007523566556289169e-14 6.333088911521474082e-17
9.328322868856048444e+03 1.025309551151791365e-14 6.712055895132663823e-17
9.333204328648349474e+03 1.051868030414817765e-14 6.446460227597939194e-17
9.338085788440650504e+03 1.069461320268682619e-14 6.542078602634950734e-17
9.342967248232951533e+03 1.074993260288032311e-14 6.519105506049202371e-17
9.347848708025252563e+03 1.101596730449415034e-14 6.709423540172965765e-17
9.352730167817553593e+03 1.111205757747591470e-14 6.657608520728584087e-17
9.357611627609854622e+03 1.198103742344787199e-14 6.847559002468431873e-17
9.362493087402155652e+03 1.265170494155778016e-14 7.400901469722045353e-17
9.367374547194456682e+03 1.294577543309391990e-14 8.045695974216661613e-17
9.372256006986757711e+03 1.294577543309391990e-14 8.045695974216661613e-17
9.377137466779058741e+03 1.282524214444289354e-14 6.164687903149343582e-17
9.382018926571359771e+03 1.275123398796623730e-14 8.636824386237676801e-17
9.386900386363660800e+03 1.269296785137399339e-14 7.674186529420689494e-17
9.391781846155961830e+03 1.217055715042104427e-14 8.125849254604890565e-17
9.396663305948262860e+03 1.133351433237554166e-14 7.080706157790947075e-17
9.401544765740563889e+03 1.036834760900678959e-14 6.579338968681026315e-17
9.406426225532864919e+03 9.859806285599273422e-15 6.385874528153425905e-17
9.411307685325165949e+03 9.425553438399173700e-15 6.504704964382383406e-17
9.416189145117466978e+03 8.997014332457275533e-15 6.268310784407678065e-17
9.421070604909768008e+03 9.055944985006577598e-15 6.199427392600536198e-17
9.425952064702069038e+03 9.280962368463104513e-15 6.302093761757671317e-17
9.430833524494370067e+03 9.728588957434517023e-15 6.522913564784821940e-17
9.435714984286671097e+03 1.002598765425623657e-14 6.695822522113584962e-17
9.440596444078972127e+03 1.035440126053919684e-14 6.814941081121354102e-17
9.445477903871273156e+03 1.088663857274707478e-14 7.211538688010483600e-17
9.450359363663574186e+03 1.157698458989107546e-14 7.952455513825194291e-17
9.455240823455875216e+03 1.157698458989107546e-14 7.952455513825194291e-17
9.460122283248176245e+03 1.147238020163802828e-14 5.781563947782645802e-17
9.465003743040477275e+03 1.141062731905033087e-14 7.905826350078845057e-17
9.469885202832778305e+03 1.125831323779450576e-14 6.946292397200481273e-17
9.474766662625079334e+03 1.007809690588740460e-14 6.660657560500031701e-17
9.479648122417380364e+03 8.911580365172159700e-15 6.286500059450007294e-17
9.484529582209681394e+03 8.359142093003283399e-15 6.165985623359244637e-17
9.489411042001982423e+03 8.178927210752583037e-15 6.077618141903500291e-17
9.494292501794283453e+03 8.163545831748525044e-15 6.051640009406233476e-17
9.499173961586584483e+03 8.458024864232481764e-15 6.198019100061915324e-17
9.504055421378885512e+03 8.474582948367107629e-15 6.219269788579227857e-17
9.508936881171186542e+03 8.601729769701997035e-15 6.488482344762564647e-17
9.513818340963487572e+03 8.778509854152278199e-15 6.498499359950738895e-17
9.518699800755788601e+03 8.790590623474966022e-15 6.385228823011899373e-17
9.523581260548089631e+03 9.220209486329047694e-15 6.975436034665782834e-17
9.528462720340390661e+03 9.680861411234014163e-15 6.618361846555575122e-17
9.533344180132691690e+03 9.963787471955684594e-15 8.138751146150917056e-17
9.538225639924992720e+03 9.963787471955684594e-15 8.138751146150917056e-17
9.543107099717293750e+03 9.963787471955684594e-15 7.080585207932874820e-17
9.547988559509594779e+03 9.963787471955684594e-15 7.834856900499755452e-17
9.552870019301895809e+03 9.963787471955684594e-15 7.834856900499755452e-17
9.557751479094196839e+03 9.823340282242956321e-15 6.800601557228627777e-17
9.562632938886497868e+03 8.898536537562977000e-15 6.511657795663421659e-17
9.567514398678798898e+03 8.317591590607329062e-15 6.380362030921123675e-17
9.572395858471099928e+03 7.785323835898682334e-15 6.252736429071462116e-17
9.577277318263400957e+03 7.797649632759698210e-15 6.325452016959751861e-17
9.582158778055701987e+03 7.578531260872836999e-15 6.243163061240942304e-17
9.587040237848003017e+03 7.763966946853734357e-15 7.404107314695883831e-17
9.591921697640304046e+03 8.138013174956837573e-15 6.404827536150840565e-17
9.596803157432605076e+03 8.388512658234214362e-15 6.787203562094906095e-17
9.601684617224906106e+03 8.904768899328199682e-15 6.752419254767495195e-17
9.606566077017207135e+03 9.289965139118363385e-15 7.853489640105879932e-17
9.611447536809508165e+03 9.289965139118363385e-15 7.853489640105879932e-17
9.616328996601809195e+03 9.222148528776265763e-15 5.854411159208083931e-17
9.621210456394110224e+03 9.185992691875845273e-15 7.939204742156584830e-17
9.626091916186411254e+03 8.986104567017121857e-15 6.819897500289477785e-17
9.630973375978712284e+03 7.822006544693591537e-15 6.673933147152065735e-17
9.635854835771013313e+03 7.397554790638373458e-15 6.376885041809387258e-17
9.640736295563314343e+03 7.136935567351553706e-15 6.252445565167562953e-17
9.645617755355615373e+03 7.123629056810818694e-15 6.231637540849160915e-17
9.650499215147916402e+03 7.402326988863110499e-15 6.566436228509525270e-17
9.655380674940217432e+03 7.442845990170837070e-15 7.472055891260991470e-17
9.660262134732518462e+03 7.766994848569042143e-15 7.345985761565063554e-17
9.665143594524819491e+03 8.227284352240323806e-15 7.996891911632016411e-17
9.670025054317120521e+03 8.796842882028502029e-15 6.875580070921649645e-17
9.674906514109421551e+03 9.108116482705284900e-15 8.314495924327403443e-17
9.679787973901722580e+03 9.095871617240542989e-15 6.438689201126641732e-17
9.684669433694023610e+03 9.051725643804409570e-15 7.413759170519455682e-17
9.689550893486324640e+03 8.760528321198432647e-15 6.983176271201357493e-17
9.694432353278625669e+03 8.121133229504431760e-15 7.177402505642530587e-17
9.699313813070926699e+03 7.359541559075458359e-15 6.998719538955830369e-17
9.704195272863227729e+03 6.931130097639997430e-15 1.098678749401536581e-16
9.709076732655528758e+03 6.496184894219431292e-15 6.517354095609299341e-17
9.713958192447829788e+03 6.309650226591610737e-15 6.453638090364601731e-17
9.718839652240130818e+03 6.465836306551130926e-15 6.470973141593517260e-17
9.723721112032431847e+03 6.365705920210870998e-15 6.359027022055793070e-17
9.728602571824732877e+03 6.503622821150369081e-15 7.269922686020925903e-17
9.733484031617033907e+03 6.503622821150369081e-15 7.474747676436933804e-17
9.738365491409334936e+03 6.510353927295316091e-15 1.198878829662054781e-16
9.743246951201635966e+03 6.503622821150369081e-15 6.777060040645475639e-17
9.748128410993936996e+03 6.510353927295316091e-15 8.025846735299897644e-17
9.753009870786238025e+03 6.849744252427882706e-15 6.859056375489328531e-17
9.757891330578539055e+03 7.231192026884543242e-15 6.883087703964333567e-17
9.762772790370840085e+03 7.452783401823855647e-15 7.141388199531633999e-17
9.767654250163141114e+03 7.871139961551896428e-15 9.540841203507843681e-17
9.772535709955442144e+03 8.498697452979497163e-15 9.454086772373948653e-17
9.777417169747743174e+03 8.537198162021584160e-15 7.875207933079191987e-17
9.782298629540044203e+03 8.705623366828986465e-15 9.001472731775143139e-17
9.787180089332345233e+03 8.603098874784728452e-15 7.490662785287744768e-17
9.792061549124646262e+03 8.029011456364680868e-15 7.300933292435317835e-17
9.796943008916947292e+03 7.382428064209909940e-15 7.141564479804426699e-17
9.801824468709248322e+03 6.979780349228078233e-15 6.996658502285962812e-17
9.806705928501549351e+03 6.635404018004696809e-15 7.027885678326135753e-17
9.811587388293850381e+03 6.268814740607966551e-15 7.000883495021803563e-17
9.816468848086151411e+03 6.262566879443352221e-15 7.136108633913811856e-17
9.821350307878452440e+03 6.174046188759079303e-15 6.982446020454395782e-17
9.826231767670753470e+03 6.247526139087765074e-15 6.866249128670007539e-17
9.831113227463054500e+03 6.497092209410336360e-15 7.333715693388701819e-17
9.835994687255355529e+03 6.744213362166978204e-15 7.258663437043160957e-17
9.840876147047656559e+03 7.242237293332360287e-15 7.872132364431975187e-17
9.845757606839957589e+03 7.370938305247334843e-15 7.537489224830034422e-17
9.850639066632258618e+03 7.370938305247334843e-15 9.473228393492915756e-17
9.855520526424559648e+03 7.370938305247334843e-15 9.473228393492915756e-17
9.860401986216860678e+03 7.370938305247334843e-15 7.219421046256960943e-17
9.865283446009161707e+03 7.370938305247334843e-15 9.430651091259096273e-17
9.870164905801462737e+03 7.298627491660322344e-15 7.712123350171755098e-17
9.875046365593763767e+03 6.996884886982572445e-15 7.724311775462123058e-17
9.879927825386064796e+03 6.800959510970377075e-15 7.691164788513075686e-17
9.884809285178365826e+03 6.435389220584941126e-15 7.557972172594746906e-17
9.889690744970666856e+03 6.288051916630772450e-15 8.072434945873332183e-17
9.894572204762967885e+03 6.288051916630772450e-15 7.519649423621754666e-17
9.899453664555268915e+03 6.243803388044593273e-15 7.625744251569317743e-17
9.904335124347569945e+03 6.091512495140278993e-15 7.561449868311265746e-17
9.909216584139870974e+03 6.164760465890458624e-15 7.989606278709882235e-17
9.914098043932172004e+03 6.043435741980257239e-15 7.777262501869837031e-17
9.918979503724473034e+03 5.830902246954959569e-15 7.930916357305874905e-17
9.923860963516774063e+03 6.170065478042953357e-15 7.639714844438513078e-17
9.928742423309075093e+03 6.211327172950403303e-15 7.870901424321289077e-17
9.933623883101376123e+03 6.211327172950403303e-15 7.779671495849879380e-17
9.938505342893677152e+03 6.343285424558610838e-15 7.868261030373605309e-17
9.943386802685978182e+03 6.644062244168390446e-15 8.092902145524104226e-17
9.948268262478279212e+03 6.825019737788307622e-15 8.656787283817049080e-17
9.953149722270580241e+03 6.925017425722690004e-15 8.470427453898745127e-17
9.958031182062881271e+03 7.088241109734155432e-15 8.700257404760306554e-17
9.962912641855182301e+03 7.269740772036630137e-15 8.484347953977178457e-17
9.967794101647483330e+03 7.415686286970768094e-15 9.123739553044887483e-17
9.972675561439784360e+03 7.599588114631636314e-15 8.778806090827059248e-17
9.977557021232085390e+03 7.761094800785225817e-15 9.336258417518405272e-17
9.982438481024386419e+03 7.761094800785225817e-15 9.081433433967482006e-17
9.987319940816687449e+03 7.761094800785225817e-15 9.070488903146123917e-17
9.992201400608988479e+03 7.761094800785225817e-15 9.037271822597243908e-17
9.997082860401289508e+03 7.761094800785225817e-15 9.321127961563619527e-17
1.000196432019359054e+04 7.668218719253506472e-15 9.390367624842839052e-17
1.000684577998589157e+04 7.104814180999912367e-15 9.300890546674798840e-17
1.001172723977819260e+04 6.520494738993134534e-15 9.059848369035381756e-17
1.001660869957049363e+04 6.066102691374667446e-15 8.869987192080079830e-17
1.002149015936279466e+04 6.031943200050577985e-15 8.907108500402751719e-17
1.002637161915509569e+04 6.066102691374667446e-15 9.980984438042885907e-17
1.003125307894739672e+04 6.058453833897804101e-15 9.113178682494095767e-17
1.003613453873969775e+04 6.058453833897804101e-15 9.074005799308947562e-17
1.004101599853199878e+04 5.778613072145104966e-15 9.690188838312753975e-17
1.004589745832429981e+04 5.860642717059708740e-15 1.096569249609027988e-16
1.005077891811660083e+04 5.929864630350844739e-15 1.006929297474873058e-16
1.005566037790890186e+04 6.061593521075296409e-15 9.290032956308141830e-17
1.006054183770120289e+04 6.061593521075296409e-15 9.367898211951889985e-17
1.006542329749350392e+04 6.083566741188695216e-15 9.601120482669021599e-17
1.007030475728580495e+04 6.083566741188695216e-15 9.910723030979149826e-17
1.007518621707810598e+04 6.450021865082012638e-15 1.161658176802623944e-16
1.008006767687040701e+04 5.791109166303413276e-15 1.768018815764125382e-16
1.008494913666270804e+04 6.961762072165637920e-15 1.152475391374974239e-16
1.008983059645500907e+04 7.089913568061989060e-15 1.027214692098090283e-16
1.009471205624731010e+04 7.326061232917483279e-15 1.078195836883153994e-16
1.009959351603961113e+04 7.326061232917483279e-15 1.065208129428449220e-16
1.010447497583191216e+04 7.326061232917483279e-15 1.082542444763827729e-16
1.010935643562421319e+04 7.326061232917483279e-15 1.121234500232087372e-16
1.011423789541651422e+04 7.326061232917483279e-15 1.145866260290402284e-16
1.011911935520881525e+04 7.045050555285806143e-15 1.106463232375856291e-16
1.012400081500111628e+04 6.510487010440870257e-15 1.139698295379390841e-16
1.012888227479341731e+04 6.311196533669534328e-15 1.098622218057576292e-16
1.013376373458571834e+04 6.092605405967998055e-15 1.128128193143326158e-16
1.013864519437801937e+04 5.726894467539991148e-15 1.084706702125440072e-16
1.014352665417032040e+04 5.579374206355965724e-15 1.107462566676864503e-16
1.014840811396262143e+04 5.398630318102425726e-15 1.180831194117709449e-16
1.015328957375492246e+04 5.170700556241338983e-15 1.405385587022140358e-16
1.015817103354722349e+04 5.384140659630624401e-15 1.138807958995701312e-16
1.016305249333952452e+04 5.170700556241338983e-15 1.167581235972933568e-16
1.016793395313182555e+04 5.011237747385492665e-15 1.255410728585708020e-16
1.017281541292412658e+04 4.863760517580511419e-15 1.580030246134946672e-16
1.017769687271642761e+04 5.146453456863684684e-15 1.238731180018689791e-16
1.018257833250872864e+04 5.042564036894945364e-15 1.224051736239940962e-16
1.018745979230102967e+04 5.068716585199531990e-15 1.245404839397599089e-16
1.019234125209333070e+04 5.324203374048064388e-15 1.271279343881908480e-16
1.019722271188563172e+04 5.578652195376294184e-15 1.314925088141344259e-16
1.020210417167793275e+04 6.449037386334647778e-15 1.428871558657001582e-16
1.020698563147023378e+04 6.449037386334647778e-15 1.561161642120900280e-16
1.021186709126253481e+04 6.449037386334647778e-15 2.599463646993458582e-16
1.021674855105483584e+04 6.565067513216790629e-15 1.657787228531192241e-16
1.022163001084713687e+04 6.565067513216790629e-15 1.649873038628493255e-16
1.022651147063943790e+04 6.325411233616988135e-15 3.110036314054833622e-16
1.023139293043173893e+04 6.565067513216790629e-15 2.120601497662618559e-16
1.023627439022403996e+04 6.678272657819335887e-15 1.762221162450345106e-16
1.024115585001634099e+04 5.626068930870770428e-15 1.481834563141971236e-16
