# obs_wvl flux error  |  merged epoch (resel): STIS CCD
3.700552098397887676e+03 7.685903271519110153e-15 4.281388118296557409e-16
3.701104196795775351e+03 8.011888058399123215e-15 1.356993471265166989e-16
3.701656295193663027e+03 8.118838198159677767e-15 1.288950152060414156e-16
3.702208393591550703e+03 8.288144848800350555e-15 1.306196225165261768e-16
3.702760491989438378e+03 8.001599925226551889e-15 1.330328586726906375e-16
3.703312590387326054e+03 6.313760294166868431e-15 1.425198831017111181e-16
3.703864688785213730e+03 7.813419294668130154e-15 1.353565173250106392e-16
3.704416787183101405e+03 7.449416149227377174e-15 1.398785493476339783e-16
3.704968885580989081e+03 7.185104478920784564e-15 1.365995187774114658e-16
3.705520983978876757e+03 7.238740223261875671e-15 1.365040554414521427e-16
3.706073082376764432e+03 7.026068996593355044e-15 1.212441301139970271e-16
3.706625180774652108e+03 7.119998710072714797e-15 1.187557538422663856e-16
3.707177279172539784e+03 7.078650842120042979e-15 1.241703825236173707e-16
3.707729377570427459e+03 7.459624775930989424e-15 1.305337145670641320e-16
3.708281475968315135e+03 7.754584413829143330e-15 1.268674560285821939e-16
3.708833574366202811e+03 7.639777530606429048e-15 1.186275389344934304e-16
3.709385672764090486e+03 7.925230374675931534e-15 1.208062779829593959e-16
3.709937771161978162e+03 7.814750611846600432e-15 1.192665255497686013e-16
3.710489869559865838e+03 8.214915248002877772e-15 1.266564252816685044e-16
3.711041967957753513e+03 7.558498669831149350e-15 1.477966908070790660e-16
3.711594066355641189e+03 7.813185102683425102e-15 1.295872634003174861e-16
3.712146164753528865e+03 6.956823519159732447e-15 1.217895643529114337e-16
3.712698263151416540e+03 7.431675953354216884e-15 1.291362645004636147e-16
3.713250361549304216e+03 7.351009510606603664e-15 1.164827938140984357e-16
3.713802459947191892e+03 7.337860856609348355e-15 1.453866783514474171e-16
3.714354558345079568e+03 7.262206230297122108e-15 1.408956747036819497e-16
3.714906656742967243e+03 7.379790350292341490e-15 1.347394299436259294e-16
3.715458755140854919e+03 7.609773506150729505e-15 1.147759105523909103e-16
3.716010853538742595e+03 7.940597933872254773e-15 1.157501624488267191e-16
3.716562951936630270e+03 7.763941100615455370e-15 1.144882994711245730e-16
3.717115050334517946e+03 8.246110739740629698e-15 1.172948427573388959e-16
3.717667148732405622e+03 8.333526372729163907e-15 1.318221753239785603e-16
3.718219247130293297e+03 8.347290974968194530e-15 1.220446250997781226e-16
3.718771345528180973e+03 7.954016713689001943e-15 1.227912613040781300e-16
3.719323443926068649e+03 7.937951647401124605e-15 1.244812068425071969e-16
3.719875542323956324e+03 7.968561906764100364e-15 1.142809970423693378e-16
3.720427640721844000e+03 7.953393885129059753e-15 1.207307285064568546e-16
3.720979739119731676e+03 7.768665879084283979e-15 1.188001925249596996e-16
3.721531837517619351e+03 7.473320460472296186e-15 1.205306186020978447e-16
3.722083935915507027e+03 7.219205815848467218e-15 1.238730798358160235e-16
3.722636034313394703e+03 7.194298451042013920e-15 1.230022915176243739e-16
3.723188132711282378e+03 7.104671264040156751e-15 1.336578734696558439e-16
3.723740231109170054e+03 7.007785732422846845e-15 1.116443086208351586e-16
3.724292329507057730e+03 6.984430966901793365e-15 1.142293528163819377e-16
3.724844427904945405e+03 7.231586375953507512e-15 1.129054180912403092e-16
3.725396526302833081e+03 7.480135670453262999e-15 1.136407594353103341e-16
3.725948624700720757e+03 8.112515954845381952e-15 1.168885014264237971e-16
3.726500723098608432e+03 8.294991843517974887e-15 1.184746975259779761e-16
3.727052821496496108e+03 8.397359385082097301e-15 1.274168832232303422e-16
3.727604919894383784e+03 8.728652461299770515e-15 1.274532481523670759e-16
3.728157018292271459e+03 9.039779418108782147e-15 1.297124588781229598e-16
3.728709116690159135e+03 9.349092038006537700e-15 1.425221237567545809e-16
3.729261215088046811e+03 9.157246850505379820e-15 1.300795245439729680e-16
3.729813313485934486e+03 9.065634017837561686e-15 1.256019866605976856e-16
3.730365411883822162e+03 8.735842384683680125e-15 1.267442590136876655e-16
3.730917510281709838e+03 9.258414058366062147e-15 1.259803145008233100e-16
3.731469608679597513e+03 8.909795849275856159e-15 1.259215676641355244e-16
3.732021707077485189e+03 8.706586639609344201e-15 1.254604405804808724e-16
3.732573805475372865e+03 8.639600421721091890e-15 1.247266235972458360e-16
3.733125903873260540e+03 8.509853241456544325e-15 1.244149696123372114e-16
3.733678002271148216e+03 8.157181699929155007e-15 1.224791193389759332e-16
3.734230100669035892e+03 7.622804635385611666e-15 1.223246269738221724e-16
3.734782199066923567e+03 8.075402809521484587e-15 1.276914171827540663e-16
3.735334297464811243e+03 7.389683817561786256e-15 1.230574243833258521e-16
3.735886395862698919e+03 7.081224751001617727e-15 1.184045719049788604e-16
3.736438494260586594e+03 7.176666528241543603e-15 1.219363728178731315e-16
3.736990592658474270e+03 7.333056388685390856e-15 1.195111629658560204e-16
3.737542691056361946e+03 7.159610841655997562e-15 1.218101799209521125e-16
3.738094789454249621e+03 7.515877586534188330e-15 1.262553602937792971e-16
3.738646887852137297e+03 7.903851666942090087e-15 1.495527398771446112e-16
3.739198986250024973e+03 7.962670994997265307e-15 1.305099551983035663e-16
3.739751084647912649e+03 8.291147626171519455e-15 1.306549557497440128e-16
3.740303183045800324e+03 8.621008003906890829e-15 1.244517343604896571e-16
3.740855281443688000e+03 8.608838074451135067e-15 1.235404045648443151e-16
3.741407379841575676e+03 8.719526812274307774e-15 1.234202289747681656e-16
3.741959478239463351e+03 9.633033688042143858e-15 1.478038384138665701e-16
3.742511576637351027e+03 9.055606635750335556e-15 1.402559529523356034e-16
3.743063675035238703e+03 9.473248781496721652e-15 1.285964409819116452e-16
3.743615773433126378e+03 9.286930453184463780e-15 1.252353895721427316e-16
3.744167871831014054e+03 9.213777333114759788e-15 1.228987751977274523e-16
3.744719970228901730e+03 8.964228456372828210e-15 1.228228206728019406e-16
3.745272068626789405e+03 9.098470669505656752e-15 1.385365033687976279e-16
3.745824167024677081e+03 8.964954137856372949e-15 1.218538149953088921e-16
3.746376265422564757e+03 8.972591941148381669e-15 1.355904190020062743e-16
3.746928363820452432e+03 8.843280968733167702e-15 1.235006729193710172e-16
3.747480462218340108e+03 8.854772447554547431e-15 1.227002352294428410e-16
3.748032560616227784e+03 8.156237714906735932e-15 1.300986438012872312e-16
3.748584659014115459e+03 8.105856724798007567e-15 1.183888648382248864e-16
3.749136757412003135e+03 7.783721315321100264e-15 1.112621199712205993e-16
3.749688855809890811e+03 7.379153196360079254e-15 1.106091217323955651e-16
3.750240954207778486e+03 7.094049553257640801e-15 1.079903182679510475e-16
3.750793052605666162e+03 6.961662726431573402e-15 1.063655609482473190e-16
3.751345151003553838e+03 6.536061794809176542e-15 1.113668255600570534e-16
3.751897249401441513e+03 6.606344783489583710e-15 1.116844180606797239e-16
3.752449347799329189e+03 6.586398735453136818e-15 1.098701308868000325e-16
3.753001446197216865e+03 6.773015011172825412e-15 1.118597991354708358e-16
3.753553544595104540e+03 7.230352093719617274e-15 1.077813855742350703e-16
3.754105642992992216e+03 7.174611751888418350e-15 1.175553714623527535e-16
3.754657741390879892e+03 7.542054426014666370e-15 1.381952912921906893e-16
3.755209839788767567e+03 7.987318652088907657e-15 1.210840297906764012e-16
3.755761938186655243e+03 8.326298893371073849e-15 1.101244281962726402e-16
3.756314036584542919e+03 8.670799791187791457e-15 1.158313286722736170e-16
3.756866134982430594e+03 8.829837160696180438e-15 1.324640488378184341e-16
3.757418233380318270e+03 8.830958047101147375e-15 1.248178493949372687e-16
3.757970331778205946e+03 9.278058423072555071e-15 1.219240545779262359e-16
3.758522430176093621e+03 9.505536967274599947e-15 1.278864379297691719e-16
3.759074528573981297e+03 9.606129137178481907e-15 1.555620891590201649e-16
3.759626626971868973e+03 9.303352229158715729e-15 1.527321110103402195e-16
3.760178725369756648e+03 9.541852786578084410e-15 1.211565090713703888e-16
3.760730823767644324e+03 9.753482794053770384e-15 1.304592258994103641e-16
3.761282922165532000e+03 9.704724529489495393e-15 1.257041753224214188e-16
3.761835020563419675e+03 9.557349662907518686e-15 1.227465404208094480e-16
3.762387118961307351e+03 9.487550891501610884e-15 1.177532834335817928e-16
3.762939217359195027e+03 9.182481496725359294e-15 1.352531898655072485e-16
3.763491315757082702e+03 9.473499022787707423e-15 1.284316918668855691e-16
3.764043414154970378e+03 9.620148663628232597e-15 1.317876094149295794e-16
3.764595512552858054e+03 9.049476623670189062e-15 1.216321274169013704e-16
3.765147610950745729e+03 9.465525004096104158e-15 1.189417558323200863e-16
3.765699709348633405e+03 9.269883410449508766e-15 1.307886432335830295e-16
3.766251807746521081e+03 9.261238587538139500e-15 1.243692039608602597e-16
3.766803906144408757e+03 9.080509279313727933e-15 1.245121576525301085e-16
3.767356004542296432e+03 8.788738668815999798e-15 1.273768139391543427e-16
3.767908102940184108e+03 8.597104679230467721e-15 1.157531649897352478e-16
3.768460201338071784e+03 8.171508790233893661e-15 1.183825796568988694e-16
3.769012299735959459e+03 7.949033392328520861e-15 1.146097667538328091e-16
3.769564398133847135e+03 7.667450742942068032e-15 1.117312701831162963e-16
3.770116496531734811e+03 7.085331498503999472e-15 1.087360739049050141e-16
3.770668594929622486e+03 6.771794203050198897e-15 1.077699701035190285e-16
3.771220693327510162e+03 6.517412887627033630e-15 1.076566774943939992e-16
3.771772791725397838e+03 6.527193190543107545e-15 1.077189564358530716e-16
3.772324890123285513e+03 6.579571419885988578e-15 1.385733941554223239e-16
3.772876988521173189e+03 6.214637819465022878e-15 1.181346238342484607e-16
3.773429086919060865e+03 6.398737586693494998e-15 1.192217037707976586e-16
3.773981185316948540e+03 6.771807082267381503e-15 1.090513242399082604e-16
3.774533283714836216e+03 6.858228151474465987e-15 1.098673912807968214e-16
3.775085382112723892e+03 7.491740354913119264e-15 1.128861494589724678e-16
3.775637480510611567e+03 4.723022952200306061e-15 1.294092934439158753e-16
3.776189578908499243e+03 8.331004259909886749e-15 1.314513295908615842e-16
3.776741677306386919e+03 8.131172315133174243e-15 1.527195815764144917e-16
3.777293775704274594e+03 8.684654574333628276e-15 1.319385174783341087e-16
3.777845874102162270e+03 8.825634857440164221e-15 1.196963659244177191e-16
3.778397972500049946e+03 9.272959050196980229e-15 1.200343053202828907e-16
3.778950070897937621e+03 9.123268506637167914e-15 1.193881136683331233e-16
3.779502169295825297e+03 9.203111291629656798e-15 1.195714931624262393e-16
3.780054267693712973e+03 9.476920580608563659e-15 1.232144927665608223e-16
3.780606366091600648e+03 9.597200276751779019e-15 1.239790753402344649e-16
3.781158464489488324e+03 9.702931752108049090e-15 1.556791732366684611e-16
3.781710562887376000e+03 9.581280963357298912e-15 1.544790396775049824e-16
3.782262661285263675e+03 9.399917332450620457e-15 1.348069762740962174e-16
3.782814759683151351e+03 9.468351939844139784e-15 1.460782749193603843e-16
3.783366858081039027e+03 9.124272504830683429e-15 1.329543587776283741e-16
3.783918956478926702e+03 9.663148578742477922e-15 1.300131461462588419e-16
3.784471054876814378e+03 9.621981480940922463e-15 1.405467745439668815e-16
3.785023153274702054e+03 9.348664159967716636e-15 1.283777882442887667e-16
3.785575251672589729e+03 9.651069922976460618e-15 1.271522185241257037e-16
3.786127350070477405e+03 9.594651978830517117e-15 1.136052202447992756e-16
3.786679448468365081e+03 9.716321347082328359e-15 1.138919372853620006e-16
3.787231546866252756e+03 9.572919369021001798e-15 1.203848128147710487e-16
3.787783645264140432e+03 9.392678547429009695e-15 1.161995065690389271e-16
3.788335743662028108e+03 9.472517685360290097e-15 1.271883604522134552e-16
3.788887842059915783e+03 9.572671867456045719e-15 1.194420549255812278e-16
3.789439940457803459e+03 9.488550558213696885e-15 1.241531930142579044e-16
3.789992038855691135e+03 9.659850105826021927e-15 1.260085993117694519e-16
3.790544137253578810e+03 9.529909072235061109e-15 1.151502770658583455e-16
3.791096235651466486e+03 9.611138028650067866e-15 1.205053109372940245e-16
3.791648334049354162e+03 9.290036524008510329e-15 1.131301305497141498e-16
3.792200432447241838e+03 9.207469663985365296e-15 1.078956161781892285e-16
3.792752530845129513e+03 8.933035834485353123e-15 1.100891741389779506e-16
3.793304629243017189e+03 8.927235426200366569e-15 1.074315598248462229e-16
3.793856727640904865e+03 8.996400619915401666e-15 1.114375151876662831e-16
3.794408826038792540e+03 8.855281002457646071e-15 1.166043720536265456e-16
3.794960924436680216e+03 8.505184640736829849e-15 1.065479831194926850e-16
3.795513022834567892e+03 8.382323475826336792e-15 1.088445677337389568e-16
3.796065121232455567e+03 8.049353087792207855e-15 1.139655628159239928e-16
3.796617219630343243e+03 7.631199451820277541e-15 1.174526224700160740e-16
3.797169318028230919e+03 7.060263084088383962e-15 1.151492067655190016e-16
3.797721416426118594e+03 6.615953863656583138e-15 1.115762369497439720e-16
3.798273514824006270e+03 6.395844699335202612e-15 1.068607314868337970e-16
3.798825613221893946e+03 6.350127462980991142e-15 1.090941606073801917e-16
3.799377711619781621e+03 5.811109122476767686e-15 1.104092748356279481e-16
3.799929810017669297e+03 5.299156935297662135e-15 9.638100591836067305e-17
3.800481908415556973e+03 5.961103220918374495e-15 9.376400880367102646e-17
3.801034006813444648e+03 6.530118391823278424e-15 9.855159091715751171e-17
3.801586105211332324e+03 6.873938868341300076e-15 1.050192688085724288e-16
3.802138203609220000e+03 7.230737382862904916e-15 1.120138636933304900e-16
3.802690302007107675e+03 7.840882789939372895e-15 1.198476507670088360e-16
3.803242400404995351e+03 7.752481434014173781e-15 1.048412151797511369e-16
3.803794498802883027e+03 8.272440707418919542e-15 1.231734600222088316e-16
3.804346597200770702e+03 8.758888639998390793e-15 1.259214503858972389e-16
3.804898695598658378e+03 9.027125055655737197e-15 1.129381053618924430e-16
3.805450793996546054e+03 8.784904269102909395e-15 1.112090845207619254e-16
3.806002892394433729e+03 8.974181695804181280e-15 1.099114063457880403e-16
3.806554990792321405e+03 8.831809543740795290e-15 1.095180325715614549e-16
3.807107089190209081e+03 9.064243591342230351e-15 1.113842817553522740e-16
3.807659187588096756e+03 9.009616699202783932e-15 1.113980799772739244e-16
3.808211285985984432e+03 9.004344822151285039e-15 1.172350788912412128e-16
3.808763384383872108e+03 9.344821028200801617e-15 1.172266286283623070e-16
3.809315482781759783e+03 9.127337763267494343e-15 1.232600684573935857e-16
3.809867581179647459e+03 8.922483104192405243e-15 1.285490434715722465e-16
3.810419679577535135e+03 9.101417102982057534e-15 1.348198625744455824e-16
3.810971777975422810e+03 9.391073739740796763e-15 1.132571999354244888e-16
3.811523876373310486e+03 9.487639710685519864e-15 1.148837270429144174e-16
3.812075974771198162e+03 9.724626076804509390e-15 1.179518029992253184e-16
3.812628073169085837e+03 9.306106578941272039e-15 1.198747814373163929e-16
3.813180171566973513e+03 9.683517326232173626e-15 1.215309594826256733e-16
3.813732269964861189e+03 9.680112942623893064e-15 1.187810864649561717e-16
3.814284368362748864e+03 9.794366367173908667e-15 1.193190689029411518e-16
3.814836466760636540e+03 9.863750680598683964e-15 1.233048733696118996e-16
3.815388565158524216e+03 9.578190237631932154e-15 1.165767762724655523e-16
3.815940663556411891e+03 9.410452779452633079e-15 1.149407227839606080e-16
3.816492761954299567e+03 9.399039190576717994e-15 1.204110951132358241e-16
3.817044860352187243e+03 9.686342135068289268e-15 1.226401452213853382e-16
3.817596958750074918e+03 9.466711685560527529e-15 1.172521070473656616e-16
3.818149057147962594e+03 9.273496952804406309e-15 1.142662334807875281e-16
3.818701155545850270e+03 8.974245545716483162e-15 1.338437145034822375e-16
3.819253253943737946e+03 8.723815552308737753e-15 1.250865056113531652e-16
3.819805352341625621e+03 8.348844464120727135e-15 1.400405499114760292e-16
3.820357450739513297e+03 8.365494611889097967e-15 1.411966414634860692e-16
3.820909549137400973e+03 8.002589390912778184e-15 1.057577935589647417e-16
3.821461647535288648e+03 7.936317786154676171e-15 1.117004514775147705e-16
3.822013745933176324e+03 8.080933002516284454e-15 1.212561043220061077e-16
3.822565844331064000e+03 8.255120638522052336e-15 1.149136493118019235e-16
3.823117942728951675e+03 8.371611468978267454e-15 1.079924825185909763e-16
3.823670041126839351e+03 8.853054455669973004e-15 1.074941549497932200e-16
3.824222139524727027e+03 9.006250340365929598e-15 1.074967168907763389e-16
3.824774237922614702e+03 9.395031292801229007e-15 1.728814750635628042e-16
3.825326336320502378e+03 9.409055838108815487e-15 1.409216870203895026e-16
3.825878434718390054e+03 9.545582087531783216e-15 1.116996827923044248e-16
3.826430533116277729e+03 1.013734571098615632e-14 1.172753076942412812e-16
3.826982631514165405e+03 9.843362583318639418e-15 1.442693467688266385e-16
3.827534729912053081e+03 9.577020028881471322e-15 1.212932171357710943e-16
3.828086828309940756e+03 9.214456556954716146e-15 1.242614854889658923e-16
3.828638926707828432e+03 9.182594488349993252e-15 1.188590361618690253e-16
3.829191025105716108e+03 9.193392014829242098e-15 1.241220828632560286e-16
3.829743123503603783e+03 9.048173940161944212e-15 1.093973370859034905e-16
3.830295221901491459e+03 8.881981585966802413e-15 1.148605428073274219e-16
3.830847320299379135e+03 8.971941951694201114e-15 1.244093149653343301e-16
3.831399418697266810e+03 8.798854270040803638e-15 1.195268051242913959e-16
3.831951517095154486e+03 8.491976830791821666e-15 1.113121703746051524e-16
3.832503615493042162e+03 8.298237232882452217e-15 9.931926628001634346e-17
3.833055713890929837e+03 8.044151017281217891e-15 1.028721931830291582e-16
3.833607812288817513e+03 7.728104756871307659e-15 1.276559835066563995e-16
3.834159910686705189e+03 7.273602874232614231e-15 9.727527146760967288e-17
3.834712009084592864e+03 6.927426617363673846e-15 9.165423282675259397e-17
3.835264107482480540e+03 6.637665321615955230e-15 9.042073391061801061e-17
3.835816205880368216e+03 6.309521044155396438e-15 9.206253845474224133e-17
3.836368304278255891e+03 6.176401139622656799e-15 1.078075918996687014e-16
3.836920402676143567e+03 6.016905848831792593e-15 1.111567553746547286e-16
3.837472501074031243e+03 6.001789709239925518e-15 1.072113152566361918e-16
3.838024599471918918e+03 6.030713368899933386e-15 9.459002096246405398e-17
3.838576697869806594e+03 6.326127663015102639e-15 9.315273404438617176e-17
3.839128796267694270e+03 6.547705936832472602e-15 9.585189717543246006e-17
3.839680894665581945e+03 7.089387696863218689e-15 9.103869932935490191e-17
3.840232993063469621e+03 7.465236151289915077e-15 9.707559137604817349e-17
3.840785091461357297e+03 7.833641463813128552e-15 9.943306861975033549e-17
3.841337189859244972e+03 7.888197307479521131e-15 9.902487436350521415e-17
3.841889288257132648e+03 8.124395333030347728e-15 1.033000667268409865e-16
3.842441386655020324e+03 8.486431996574132261e-15 1.018831391754032200e-16
3.842993485052907999e+03 8.687772712285911302e-15 1.095673840923127065e-16
3.843545583450795675e+03 8.604709111815966000e-15 1.095770697250709381e-16
3.844097681848683351e+03 8.907548040116192618e-15 1.108922016931665494e-16
3.844649780246571027e+03 8.812045564430410174e-15 1.064017655299612093e-16
3.845201878644458702e+03 8.901427468564674317e-15 1.051166506320031810e-16
3.845753977042346378e+03 8.817564742207654441e-15 1.051645987104028209e-16
3.846306075440234054e+03 9.150807594357893776e-15 1.056578403665983744e-16
3.846858173838121729e+03 9.200254957340700440e-15 1.082248984090276477e-16
3.847410272236009405e+03 9.257141980564841784e-15 1.029545888693587853e-16
3.847962370633897081e+03 9.274350745938785088e-15 1.022743351471693031e-16
3.848514469031784756e+03 9.256070586956163275e-15 1.081387050780675161e-16
3.849066567429672432e+03 9.278793783403105279e-15 1.046585864389145773e-16
3.849618665827560108e+03 8.952581552127642799e-15 1.236278593383346722e-16
3.850170764225447783e+03 9.403835632971483011e-15 1.168532511245592555e-16
3.850722862623335459e+03 9.204256882830212016e-15 1.065200154664763555e-16
3.851274961021223135e+03 9.441081376842498752e-15 1.119683106115731255e-16
3.851827059419110810e+03 9.386365222613028766e-15 1.106728289037479331e-16
3.852379157816998486e+03 9.258879184291981990e-15 1.046520355184364908e-16
3.852931256214886162e+03 9.408173103034883811e-15 1.195203247534213669e-16
3.853483354612773837e+03 9.335806113684471540e-15 1.176360763859206758e-16
3.854035453010661513e+03 9.492478671160491128e-15 1.256838925108442168e-16
3.854587551408549189e+03 9.016803783921279467e-15 1.533697762530265696e-16
3.855139649806436864e+03 9.357917958034322695e-15 1.076928160428034314e-16
3.855691748204324540e+03 9.166896823887218311e-15 1.116021907966923013e-16
3.856243846602212216e+03 9.143065400682389655e-15 1.114849944543045834e-16
3.856795945000099891e+03 9.277973753041815784e-15 1.139742459820244986e-16
3.857348043397987567e+03 9.081658174389446580e-15 1.274106084851428081e-16
3.857900141795875243e+03 9.502156436214409967e-15 1.094747745199989553e-16
3.858452240193762918e+03 9.313114898400358396e-15 1.151290046005467377e-16
3.859004338591650594e+03 9.382374663172368037e-15 1.231806625118294040e-16
3.859556436989538270e+03 9.521632864235029298e-15 1.315117625716529700e-16
3.860108535387425945e+03 9.541152046055014354e-15 1.101757611914811483e-16
3.860660633785313621e+03 9.449730723862216933e-15 1.208097110087516550e-16
3.861212732183201297e+03 9.370387323470177121e-15 1.196103330431436502e-16
3.861764830581088972e+03 9.481766271991880222e-15 1.082896043499556534e-16
3.862316928978976648e+03 9.524273315763754462e-15 1.227158245835657393e-16
3.862869027376864324e+03 9.559779540405809958e-15 1.140631951708814126e-16
3.863421125774751999e+03 9.387904618242007812e-15 1.236770581795998067e-16
3.863973224172639675e+03 9.191531989242173005e-15 1.085398000451270185e-16
3.864525322570527351e+03 9.363617400830142947e-15 1.096816991849249057e-16
3.865077420968415026e+03 9.416857922057920497e-15 1.136757022899425027e-16
3.865629519366302702e+03 9.061486183522789664e-15 1.073488066263238288e-16
3.866181617764190378e+03 8.981261213674836054e-15 1.118940578965997106e-16
3.866733716162078053e+03 9.212583496168279794e-15 1.273071923401869416e-16
3.867285814559965729e+03 8.788022694217942105e-15 1.118661091591055995e-16
3.867837912957853405e+03 9.005916839123374367e-15 1.044898419379385295e-16
3.868390011355741080e+03 9.103863096750395396e-15 1.172877641392327586e-16
3.868942109753628756e+03 1.021136134309695835e-14 1.339619146061879767e-16
3.869494208151516432e+03 9.272636837970235366e-15 1.342961448665430876e-16
3.870046306549404107e+03 9.628054839034750432e-15 1.203434910850840047e-16
3.870598404947291783e+03 9.040492157703729944e-15 1.164983799559022717e-16
3.871150503345179459e+03 8.571471161811108098e-15 9.967502508651337260e-17
3.871702601743067135e+03 8.741103738200124802e-15 1.005443685259758832e-16
3.872254700140954810e+03 8.789600129498611702e-15 1.064830020308633803e-16
3.872806798538842486e+03 8.929180627587220366e-15 1.077863708717863186e-16
3.873358896936730162e+03 9.124936202896609895e-15 1.006663505404265509e-16
3.873910995334617837e+03 8.644604346746359860e-15 9.811190483114560061e-17
3.874463093732505513e+03 8.855735576254905547e-15 1.130618350840779510e-16
3.875015192130393189e+03 8.916662935198741163e-15 1.027068656853913021e-16
3.875567290528280864e+03 8.878620214352451553e-15 1.215769518647349988e-16
3.876119388926168540e+03 8.982407971351735569e-15 1.187269183906790800e-16
3.876671487324056216e+03 9.028968025651749805e-15 1.136401824946481214e-16
3.877223585721943891e+03 8.970815814670133928e-15 9.997570438395249533e-17
3.877775684119831567e+03 8.918551038257545442e-15 9.711300110578454525e-17
3.878327782517719243e+03 8.885143625555689390e-15 9.749222798813320063e-17
3.878879880915606918e+03 9.104474845374224692e-15 9.738504644315350017e-17
3.879431979313494594e+03 8.866554904333606974e-15 1.045256809429894569e-16
3.879984077711382270e+03 8.809974214826835453e-15 9.609323147693573049e-17
3.880536176109269945e+03 8.989569036303983163e-15 1.015243752590399289e-16
3.881088274507157621e+03 8.991567021767791567e-15 9.599139836308852818e-17
3.881640372905045297e+03 8.735993451567967895e-15 9.562948116858755293e-17
3.882192471302932972e+03 8.939924947021270908e-15 9.716670918739790423e-17
3.882744569700820648e+03 8.779908966228016325e-15 1.026713446746026339e-16
3.883296668098708324e+03 8.700268109558741988e-15 9.497605850401760135e-17
3.883848766496595999e+03 8.608736849096087787e-15 9.432571248910846054e-17
3.884400864894483675e+03 8.595772085401512121e-15 1.026975514240860040e-16
3.884952963292371351e+03 8.189295988311782346e-15 9.256731677635211386e-17
3.885505061690259026e+03 8.192270546726450487e-15 9.549214714392689321e-17
3.886057160088146702e+03 8.068622871110354092e-15 9.393434645438862083e-17
3.886609258486034378e+03 7.924485004877398812e-15 9.112009933965826369e-17
3.887161356883922053e+03 7.504192304039099324e-15 8.868370407575079692e-17
3.887713455281809729e+03 7.435691654377340684e-15 9.391285837314858254e-17
3.888265553679697405e+03 6.906947046633796891e-15 9.290098337869266168e-17
3.888817652077585080e+03 6.722287593537395341e-15 9.739457797667168452e-17
3.889369750475472756e+03 6.518971452908706111e-15 9.735974761267529767e-17
3.889921848873360432e+03 5.907548250705317221e-15 8.105131537049245908e-17
3.890473947271248107e+03 5.904417101829624361e-15 8.104526249700509756e-17
3.891026045669135783e+03 6.065510327133103718e-15 8.617795537449440964e-17
3.891578144067023459e+03 5.796177571220615414e-15 8.030726441994227292e-17
3.892130242464911134e+03 6.096062530441396310e-15 9.172256970401784288e-17
3.892682340862798810e+03 6.218705099566610592e-15 9.591733555365843971e-17
3.893234439260686486e+03 6.471423442678556616e-15 9.759024616520511125e-17
3.893786537658574161e+03 7.006726279770056556e-15 1.061854409060309957e-16
3.894338636056461837e+03 8.123416067307125175e-15 9.393813690652086692e-17
3.894890734454349513e+03 7.664148271371868579e-15 1.052760506697930659e-16
3.895442832852237188e+03 7.875149067745411426e-15 9.333463408786581882e-17
3.895994931250124864e+03 7.925583005232789646e-15 9.072385723765214631e-17
3.896547029648012540e+03 8.202764946744434046e-15 9.731915139985713449e-17
3.897099128045900216e+03 8.328946344676629002e-15 9.118812722833841758e-17
3.897651226443787891e+03 8.394923737299424289e-15 9.203960422272634951e-17
3.898203324841675567e+03 8.596340330002736078e-15 1.076898825676603430e-16
3.898755423239563243e+03 9.038581992838322990e-15 9.841814542312556981e-17
3.899307521637450918e+03 8.679686569004435709e-15 9.332472378094044932e-17
3.899859620035338594e+03 8.960534670629787526e-15 1.076483278135410886e-16
3.900411718433226270e+03 8.856141963079850252e-15 1.292108368706888312e-16
3.900963816831113945e+03 8.874942397442453945e-15 1.134450120406751969e-16
3.901515915229001621e+03 9.077444421885980484e-15 1.021434676236357277e-16
3.902068013626889297e+03 9.158864760979553654e-15 1.030401700100897163e-16
3.902620112024776972e+03 8.907884040020567936e-15 1.188504918038490937e-16
3.903172210422664648e+03 9.353867649148843052e-15 9.970821347260603424e-17
3.903724308820552324e+03 9.268959222776300492e-15 1.041019008190459736e-16
3.904276407218439999e+03 9.234176494406705937e-15 1.180273730826718899e-16
3.904828505616327675e+03 9.390353286470698858e-15 1.135008041338929705e-16
3.905380604014215351e+03 9.072821049020758151e-15 1.069326051655938291e-16
3.905932702412103026e+03 9.301283493886499667e-15 1.107828049343307788e-16
3.906484800809990702e+03 9.188141671936050774e-15 1.087289356293196673e-16
3.907036899207878378e+03 9.209917182528193584e-15 1.042878437370958215e-16
3.907588997605766053e+03 9.151347468240793989e-15 9.918920134078796669e-17
3.908141096003653729e+03 9.172541908355427158e-15 9.731048010976152448e-17
3.908693194401541405e+03 9.067477393576693027e-15 1.014089663406210314e-16
3.909245292799429080e+03 9.232011606700371156e-15 1.162630253268811438e-16
3.909797391197316756e+03 8.857627490445940687e-15 1.168581861426947476e-16
3.910349489595204432e+03 9.239813077829645638e-15 1.100537847091381267e-16
3.910901587993092107e+03 9.289624231652417962e-15 1.053072234099336859e-16
3.911453686390979783e+03 9.499775330158840269e-15 1.186830531550261466e-16
3.912005784788867459e+03 9.166936005268068095e-15 1.037521383416165151e-16
3.912557883186755134e+03 8.939847612838802687e-15 1.103436079709090019e-16
3.913109981584642810e+03 9.216477772853050197e-15 1.139735092364432285e-16
3.913662079982530486e+03 9.091051067718105333e-15 1.269501676236840384e-16
3.914214178380418161e+03 9.228572231039742720e-15 1.337405424995530667e-16
3.914766276778305837e+03 9.197672020497364826e-15 1.223946473145942229e-16
3.915318375176193513e+03 8.856757625776102270e-15 9.936308202121842674e-17
3.915870473574081188e+03 9.101118414917105069e-15 1.001768763592537626e-16
3.916422571971968864e+03 9.216730115280470188e-15 1.007010576296365041e-16
3.916974670369856540e+03 8.930508904058677760e-15 1.068312453871876003e-16
3.917526768767744215e+03 9.269992411135305880e-15 1.006451118296600085e-16
3.918078867165631891e+03 9.063403773014003055e-15 9.979186654739591406e-17
3.918630965563519567e+03 9.006877566817856374e-15 1.004631663245288975e-16
3.919183063961407242e+03 8.826688460454948844e-15 1.007780204496905601e-16
3.919735162359294918e+03 8.936890193008962328e-15 1.128991545185779355e-16
3.920287260757182594e+03 8.777853351414708267e-15 1.174130505852837740e-16
3.920839359155070269e+03 8.822139195399808474e-15 1.044612919296013547e-16
3.921391457552957945e+03 8.737413126602058510e-15 1.046472848834368701e-16
3.921943555950845621e+03 8.723299960258585821e-15 1.114968689985218118e-16
3.922495654348733297e+03 8.807687391135701571e-15 1.063395882425653765e-16
3.923047752746620972e+03 8.835804423668666780e-15 1.056897417745576391e-16
3.923599851144508648e+03 8.560777975357689861e-15 1.041716627926898991e-16
3.924151949542396324e+03 8.856549244360599890e-15 1.021468201959421517e-16
3.924704047940283999e+03 8.757798970832419266e-15 1.010441674717873389e-16
3.925256146338171675e+03 8.656993080683814334e-15 9.998379904183526439e-17
3.925808244736059351e+03 8.653668419981626196e-15 9.873322506286156711e-17
3.926360343133947026e+03 8.336914582241083603e-15 9.758199259994783725e-17
3.926912441531834702e+03 8.274029342079954236e-15 1.029641434518622917e-16
3.927464539929722378e+03 8.087153368126773913e-15 1.073849533761720817e-16
3.928016638327610053e+03 8.239734559135421316e-15 9.798308814251566071e-17
3.928568736725497729e+03 8.277600900477339813e-15 9.892598226042019023e-17
3.929120835123385405e+03 8.350707158432639959e-15 9.854086807920442926e-17
3.929672933521273080e+03 9.243533434584105349e-15 1.135126225834406437e-16
3.930225031919160756e+03 8.460437603341071577e-15 9.863327727785128541e-17
3.930777130317048432e+03 8.388108774418532169e-15 1.030416872438925584e-16
3.931329228714936107e+03 8.345260845739045216e-15 1.138029853828249038e-16
3.931881327112823783e+03 7.748745581200622974e-15 1.005763831268843888e-16
3.932433425510711459e+03 7.553204694129190341e-15 1.079208835463945936e-16
3.932985523908599134e+03 7.286166426914986351e-15 1.103150403549636716e-16
3.933537622306486810e+03 8.136738476065755854e-15 1.171425486654201343e-16
3.934089720704374486e+03 8.472849865164560760e-15 1.069723920117574235e-16
3.934641819102262161e+03 7.982834809768240862e-15 9.706260590123652531e-17
3.935193917500149837e+03 7.924119882372963703e-15 1.061565979486302304e-16
3.935746015898037513e+03 8.004139237927506280e-15 1.085399703791992890e-16
3.936298114295925188e+03 8.450465100987882156e-15 1.107149266886222225e-16
3.936850212693812864e+03 8.916154447469180709e-15 1.003774593279098777e-16
3.937402311091700540e+03 8.549915983185118827e-15 9.723507473213637809e-17
3.937954409489588215e+03 8.670513873902502636e-15 1.219225453053620684e-16
3.938506507887475891e+03 8.934381431426725529e-15 1.229599941523205471e-16
3.939058606285363567e+03 8.862504565527114401e-15 9.800561318088187367e-17
3.939610704683251242e+03 8.917607782745647510e-15 9.889825137713604948e-17
3.940162803081138918e+03 9.057474791128905670e-15 1.109541823977029531e-16
3.940714901479026594e+03 9.086648491168678225e-15 1.185126699209414836e-16
3.941266999876914269e+03 9.313064621742023264e-15 1.172801480394924601e-16
3.941819098274801945e+03 9.000114072330176274e-15 1.054199235118258549e-16
3.942371196672689621e+03 8.987482431114920991e-15 1.027665191812920020e-16
3.942923295070577296e+03 8.829669163867516721e-15 9.893865311184013100e-17
3.943475393468464972e+03 9.024074626745485585e-15 1.060933429620125277e-16
3.944027491866352648e+03 9.008598834315658337e-15 1.099911914499602611e-16
3.944579590264240323e+03 8.965851229449795661e-15 1.107337621380005951e-16
3.945131688662127999e+03 8.890117841975425820e-15 1.104646287607591300e-16
3.945683787060015675e+03 8.829564707837727313e-15 9.900929144043696114e-17
3.946235885457903350e+03 8.837191121425598788e-15 1.100171497369748355e-16
3.946787983855791026e+03 8.656966218237564658e-15 1.010120362048510294e-16
3.947340082253678702e+03 8.675484514358907227e-15 1.008479681272823574e-16
3.947892180651566377e+03 8.784106735229528213e-15 1.018258467970075073e-16
3.948444279049454053e+03 9.157538281195157813e-15 1.002689612878820276e-16
3.948996377447341729e+03 8.816948942279567430e-15 9.773187602912425400e-17
3.949548475845229405e+03 8.829840609527750598e-15 9.825625033373659443e-17
3.950100574243117080e+03 9.004567966233163020e-15 9.634881457943545492e-17
3.950652672641004756e+03 8.913185234949465624e-15 9.623940203950932053e-17
3.951204771038892432e+03 8.953711880333179897e-15 1.076926611636107647e-16
3.951756869436780107e+03 8.950846702823329720e-15 1.110889186441003973e-16
3.952308967834667783e+03 8.780089032724957125e-15 1.099894987412167783e-16
3.952861066232555459e+03 9.125686762981715917e-15 1.104220996048991824e-16
3.953413164630443134e+03 8.952887453344809567e-15 1.083719934997849539e-16
3.953965263028330810e+03 8.967037627846416330e-15 9.917621496658355125e-17
3.954517361426218486e+03 8.627793942200017696e-15 1.010730384326379581e-16
3.955069459824106161e+03 8.933370212499198330e-15 9.548471125266454061e-17
3.955621558221993837e+03 8.540772303394153443e-15 1.037674667798621255e-16
3.956173656619881513e+03 8.748758535313596724e-15 9.545186832682810210e-17
3.956725755017769188e+03 8.601588058526977943e-15 9.353938185570170153e-17
3.957277853415656864e+03 8.727744710244747289e-15 9.439035737771324881e-17
3.957829951813544540e+03 8.748385282435665840e-15 9.427732812876752668e-17
3.958382050211432215e+03 8.889447709959615583e-15 9.753014940891299661e-17
3.958934148609319891e+03 8.731562778082524201e-15 9.488667093426108011e-17
3.959486247007207567e+03 8.696424609236318128e-15 9.468114887597922039e-17
3.960038345405095242e+03 8.751661607188388906e-15 9.450785870390076569e-17
3.960590443802982918e+03 8.705190181399672477e-15 9.898036567537976731e-17
3.961142542200870594e+03 8.705305420593724607e-15 1.030525333038751526e-16
3.961694640598758269e+03 8.753163065377687537e-15 9.662570827507194998e-17
3.962246738996645945e+03 8.050089338050095924e-15 1.048531943578707454e-16
3.962798837394533621e+03 8.573186507533806851e-15 1.062565056085239873e-16
3.963350935792421296e+03 8.308189129565475666e-15 9.406722427478095350e-17
3.963903034190308972e+03 7.994685964075946169e-15 9.216129121821720525e-17
3.964455132588196648e+03 8.134131310342868989e-15 9.373773951276904343e-17
3.965007230986084323e+03 8.028364165934188215e-15 9.472435259215571128e-17
3.965559329383971999e+03 7.874902311438246279e-15 9.663943151498405525e-17
3.966111427781859675e+03 7.568529348788103817e-15 9.966873942601705776e-17
3.966663526179747350e+03 7.272141289335606788e-15 8.989971959725749759e-17
3.967215624577635026e+03 6.773889003659219163e-15 8.831194540090541712e-17
3.967767722975522702e+03 6.602408868358799480e-15 8.369531257046720930e-17
3.968319821373410377e+03 6.724340472895286602e-15 9.651759236039718686e-17
3.968871919771298053e+03 6.619330334887387896e-15 8.575934894887314680e-17
3.969424018169185729e+03 6.011133263733762011e-15 9.237152423429958918e-17
3.969976116567073404e+03 5.649784932955855475e-15 9.159877437764747709e-17
3.970528214964961080e+03 5.397972867582488332e-15 8.852869914231012363e-17
3.971080313362848756e+03 5.599648708938457905e-15 8.885568938690999057e-17
3.971632411760736431e+03 5.399825007507221762e-15 8.782129841135726359e-17
3.972184510158624107e+03 5.461277779225681620e-15 8.853422731943536830e-17
3.972736608556511783e+03 5.692844383029899196e-15 9.601867138116600838e-17
3.973288706954399458e+03 5.817027676082647896e-15 9.903153089522107312e-17
3.973840805352287134e+03 5.976712146982803908e-15 9.735896512296503205e-17
3.974392903750174810e+03 6.328568941707641284e-15 9.443116979642249904e-17
3.974945002148062486e+03 6.477147652089719729e-15 1.011952554936035696e-16
3.975497100545950161e+03 6.853039550954932601e-15 9.051931722130465142e-17
3.976049198943837837e+03 7.138977877739523297e-15 8.992256037912425582e-17
3.976601297341725513e+03 7.365938434723885493e-15 8.886948731360018839e-17
3.977153395739613188e+03 7.151808878939068021e-15 9.928571927101519168e-17
3.977705494137500864e+03 7.707641650463027872e-15 9.052421716306787550e-17
3.978257592535388540e+03 7.863893003978569810e-15 8.953562024644390249e-17
3.978809690933276215e+03 8.280514464670049570e-15 9.798181053324243439e-17
3.979361789331163891e+03 8.425907668234456826e-15 1.026280743793161339e-16
3.979913887729051567e+03 8.378400788277835077e-15 1.049637655133150783e-16
3.980465986126939242e+03 8.124829280360642811e-15 9.034356607650439481e-17
3.981018084524826918e+03 8.238692383948443024e-15 1.029428961440760456e-16
3.981570182922714594e+03 8.406285804020227989e-15 9.379010140522475005e-17
3.982122281320602269e+03 8.357635308517438398e-15 9.128308353434481787e-17
3.982674379718489945e+03 8.410300466299999509e-15 9.135973235983587805e-17
3.983226478116377621e+03 7.965401140399841459e-15 9.478126864342161518e-17
3.983778576514265296e+03 8.116417962285346440e-15 9.484080059134429242e-17
4.820207649314093942e+03 5.140903767661618754e-15 9.615548014350732652e-17
4.820759747711981618e+03 5.042248381442044574e-15 6.983870532946741522e-17
4.821311846109869293e+03 4.132850277786128177e-15 6.917063649949606493e-17
4.821863944507756969e+03 4.926520215832276843e-15 7.035175902839008893e-17
4.822416042905644645e+03 5.006388677586270151e-15 6.679245085647268127e-17
4.822968141303532320e+03 5.051931622290623039e-15 7.110140466310894360e-17
4.823520239701419996e+03 5.014695176051961890e-15 6.928518192997850711e-17
4.824072338099307672e+03 5.030024094007543255e-15 6.488361624377302377e-17
4.824624436497195347e+03 5.052429640970227922e-15 8.153982146411610017e-17
4.825176534895083023e+03 4.897938719392246079e-15 7.004320295565346966e-17
4.825728633292970699e+03 5.151725307289036755e-15 7.144151506793575860e-17
4.826280731690858374e+03 5.175919526896792369e-15 8.280449235372290452e-17
4.826832830088746050e+03 5.136675268706943915e-15 7.196895174364710875e-17
4.827384928486633726e+03 5.070321700673578755e-15 6.846847833457545314e-17
4.827937026884521401e+03 5.021450840964336924e-15 6.484432359272254079e-17
4.828489125282409077e+03 5.039969469369726788e-15 6.544190535879293305e-17
4.829041223680296753e+03 4.901277030445829850e-15 6.460599645992065428e-17
4.829593322078184428e+03 5.012775047449963224e-15 6.767810794398364309e-17
4.830145420476072104e+03 5.051038126290232176e-15 7.815489179905646384e-17
4.830697518873959780e+03 5.148626736604966701e-15 8.039995533358027939e-17
4.831249617271847455e+03 5.048097587226782135e-15 7.381349020016051056e-17
4.831801715669735131e+03 5.033448902158163274e-15 8.555196416443051336e-17
4.832353814067622807e+03 4.927022668755480860e-15 7.170668638890432003e-17
4.832905912465510482e+03 4.971200018673531961e-15 6.374654901579098434e-17
4.833458010863398158e+03 4.966107697981461305e-15 6.385217925797368699e-17
4.834010109261285834e+03 4.955656195916548734e-15 7.317312319317690292e-17
4.834562207659173509e+03 4.876568031233864282e-15 6.359706671469432914e-17
4.835114306057061185e+03 5.028506153443890651e-15 6.430520809823055114e-17
4.835666404454948861e+03 4.913305379345154141e-15 6.357510168447364516e-17
4.836218502852836536e+03 4.956618071042569636e-15 6.776977093969984374e-17
4.836770601250724212e+03 4.946596803442831307e-15 6.730618916546041106e-17
4.837322699648611888e+03 5.001640882164424089e-15 7.248487651501489351e-17
4.837874798046499563e+03 5.136394989543757283e-15 7.104493956016882952e-17
4.838426896444387239e+03 5.080804538531651404e-15 6.941469362863935389e-17
4.838978994842274915e+03 4.950548969591795382e-15 6.355715101222474974e-17
4.839531093240162591e+03 4.838080693053053214e-15 6.346656127965583464e-17
4.840083191638050266e+03 5.114124886231931999e-15 6.429267705294316129e-17
4.840635290035937942e+03 5.102026372113611254e-15 6.913365101782349082e-17
4.841187388433825618e+03 4.920710662477251342e-15 7.415751480634832690e-17
4.841739486831713293e+03 5.089261310290207678e-15 6.511277047839898282e-17
4.842291585229600969e+03 5.122219026421832654e-15 6.495271850035365516e-17
4.842843683627488645e+03 4.823131475264775317e-15 6.289134845248892533e-17
4.843395782025376320e+03 4.957182829044898594e-15 6.334772602729071118e-17
4.843947880423263996e+03 5.062460858439221019e-15 6.363231227701556068e-17
4.844499978821151672e+03 5.004359618735212210e-15 6.346235952558957190e-17
4.845052077219039347e+03 5.014865103257098872e-15 6.508742042501547458e-17
4.845604175616927023e+03 5.032220593901430967e-15 6.459306754460522312e-17
4.846156274014814699e+03 5.025635870133918710e-15 6.380184404926814973e-17
4.846708372412702374e+03 4.991873924952231003e-15 6.922892290138100947e-17
4.847260470810590050e+03 5.056456576921146838e-15 6.405464468746834935e-17
4.847812569208477726e+03 4.916886130303309146e-15 6.407298386685415474e-17
4.848364667606365401e+03 4.664196720316722269e-15 6.402214766547869721e-17
4.848916766004253077e+03 4.916761081799777132e-15 6.325673613622106308e-17
4.849468864402140753e+03 4.913021733691552696e-15 6.732153471845086852e-17
4.850020962800028428e+03 4.821249608426011937e-15 6.690972085595589201e-17
4.850573061197916104e+03 4.957761098792768411e-15 6.962020145812881964e-17
4.851125159595803780e+03 5.153792392719710026e-15 7.053873751783789676e-17
4.851677257993691455e+03 4.971444796127568693e-15 6.333226390292827658e-17
4.852229356391579131e+03 4.968218536627528482e-15 6.463254166371776947e-17
4.852781454789466807e+03 4.938123596042977463e-15 6.673486580245359577e-17
4.853333553187354482e+03 4.852520772143782434e-15 6.798584390174552310e-17
4.853885651585242158e+03 4.894751504036067031e-15 6.353297856515104355e-17
4.854437749983129834e+03 4.902777769045643148e-15 6.386277683171020699e-17
4.854989848381017509e+03 4.872104492693522574e-15 6.305637844739555195e-17
4.855541946778905185e+03 4.629316519729987791e-15 6.387735916785585904e-17
4.856094045176792861e+03 4.736842389790895296e-15 7.085689897812440923e-17
4.856646143574680536e+03 4.664669371154913113e-15 6.852854330852230670e-17
4.857198241972568212e+03 4.743341257292356477e-15 6.764008100505029327e-17
4.857750340370455888e+03 4.458656297908693880e-15 6.510909374565881452e-17
4.858302438768343563e+03 4.544917533883088283e-15 6.161831092917442296e-17
4.858854537166231239e+03 4.416760400904743324e-15 6.107095305193486512e-17
4.859406635564118915e+03 4.391756667370167303e-15 7.065734034310975950e-17
4.859958733962006590e+03 4.411177170171292211e-15 7.288328746566551958e-17
4.860510832359894266e+03 4.175481779781096063e-15 7.396744658449897703e-17
4.861062930757781942e+03 4.282641057190136142e-15 9.629736888480082249e-17
4.861615029155669617e+03 3.998763255735479994e-15 6.279584173108009474e-17
4.862167127553557293e+03 4.056777244628759816e-15 5.894838349295139624e-17
4.862719225951444969e+03 3.812715480215432571e-15 6.106549960214623223e-17
4.863271324349332644e+03 3.997967820824732144e-15 6.629069295060340055e-17
4.863823422747220320e+03 4.043818368446430550e-15 6.431209599046792602e-17
4.864375521145107996e+03 3.929699769544873780e-15 6.378948542854714968e-17
4.864927619542995672e+03 4.205065416377487169e-15 6.718365274686271459e-17
4.865479717940883347e+03 4.100414008517292513e-15 6.679281288249792868e-17
4.866031816338771023e+03 4.224520267747873324e-15 6.484925670644343152e-17
4.866583914736658699e+03 4.237399072930011587e-15 6.479582481652230576e-17
4.867136013134546374e+03 4.219791715220689725e-15 6.065950910341433074e-17
4.867688111532434050e+03 4.254321986480043191e-15 6.137024689882396096e-17
4.868240209930321726e+03 4.281099357398407933e-15 7.892573106134215149e-17
4.868792308328209401e+03 4.563307110785359270e-15 7.903441751094676912e-17
4.869344406726097077e+03 4.598841963404666121e-15 7.106917832424412894e-17
4.869896505123984753e+03 4.607327651180141726e-15 6.668801610010595556e-17
4.870448603521872428e+03 4.590819513539085620e-15 7.684840046593488670e-17
4.871000701919760104e+03 4.796118260203188323e-15 7.476229321587310292e-17
4.871552800317647780e+03 4.712332865258187146e-15 6.447993499001308397e-17
4.872104898715535455e+03 4.645233722667925285e-15 6.381018409643811443e-17
4.872656997113423131e+03 4.655580588282945339e-15 6.341773381701180303e-17
4.873209095511310807e+03 4.695104165189935765e-15 6.361869315973201723e-17
4.873761193909198482e+03 4.580648535872754153e-15 6.381764774075912722e-17
4.874313292307086158e+03 4.787163949289262701e-15 6.699822412846439195e-17
4.874865390704973834e+03 4.792168066853009299e-15 6.790424939043956399e-17
4.875417489102861509e+03 4.819208527204612945e-15 6.977115216859779556e-17
4.875969587500749185e+03 4.674372472570308229e-15 6.975675477182864267e-17
4.876521685898636861e+03 4.820147180668874920e-15 6.934788785537436188e-17
4.877073784296524536e+03 4.640493268533461033e-15 6.753931182538767201e-17
4.877625882694412212e+03 4.856801987986249515e-15 6.529698116589210362e-17
4.878177981092299888e+03 4.864850954853936075e-15 6.620858511005107933e-17
4.878730079490187563e+03 5.046410086307878406e-15 7.999977356629172122e-17
4.879282177888075239e+03 4.846332658255509364e-15 7.071692608280693841e-17
4.879834276285962915e+03 4.964809229067297851e-15 6.999276010471570193e-17
4.880386374683850590e+03 4.839086314307491533e-15 6.960556329587223567e-17
4.880938473081738266e+03 4.802035875055965915e-15 6.479111012490551021e-17
4.881490571479625942e+03 4.822389009729124920e-15 6.566602177692678243e-17
4.882042669877513617e+03 4.667639723920255613e-15 7.022789595127196423e-17
4.882594768275401293e+03 4.835598448251006437e-15 7.145132205982360550e-17
4.883146866673288969e+03 5.028960730268043341e-15 7.392090732352524372e-17
4.883698965071176644e+03 4.975477776493045233e-15 7.218417437158838294e-17
4.884251063469064320e+03 4.789539487702170669e-15 6.782694670085142866e-17
4.884803161866951996e+03 4.809059980625662244e-15 6.753920782918087417e-17
4.885355260264839671e+03 4.984326923494858954e-15 7.334405830178466180e-17
4.885907358662727347e+03 4.933731101050763123e-15 7.088693269004854997e-17
4.886459457060615023e+03 4.839828991622778174e-15 6.772545198743736642e-17
4.887011555458502698e+03 4.858874620186141949e-15 6.588305372664424701e-17
4.887563653856390374e+03 4.784110151093534294e-15 6.552308040791842381e-17
4.888115752254278050e+03 4.903605744227777746e-15 6.614428774477266058e-17
4.888667850652165725e+03 4.797658077116611919e-15 6.799374948624263736e-17
4.889219949050053401e+03 4.858080289771394612e-15 8.117698190279305700e-17
4.889772047447941077e+03 4.966272972205100910e-15 7.851436311985430579e-17
4.890324145845828752e+03 4.843666357422880505e-15 6.893282171588981487e-17
4.890876244243716428e+03 4.917201944040764027e-15 6.673418798237063211e-17
4.891428342641604104e+03 4.791924359090955324e-15 6.580193457921426021e-17
4.891980441039491780e+03 4.888472436632542801e-15 7.104411094025799683e-17
4.892532539437379455e+03 4.859635930996822153e-15 7.792675656548610565e-17
4.893084637835267131e+03 4.485098870730144071e-15 6.641736573483573766e-17
4.893636736233154807e+03 3.470962481373734853e-15 6.675401750337128724e-17
4.894188834631042482e+03 4.936806297916633064e-15 6.921351683807820584e-17
4.894740933028930158e+03 5.267192680246624556e-15 7.519206450999604662e-17
4.895293031426817834e+03 5.517219862633988587e-15 7.478273666891005605e-17
4.895845129824705509e+03 4.948969675611252511e-15 6.658693476058918116e-17
4.896397228222593185e+03 4.883993866201831958e-15 6.677347791683137913e-17
4.896949326620480861e+03 4.836919379819887897e-15 6.845494843558138375e-17
4.897501425018368536e+03 4.731685232280178238e-15 6.633388538099197359e-17
4.898053523416256212e+03 4.993598063226923967e-15 6.958078893786786019e-17
4.898605621814143888e+03 4.693332601746824803e-15 6.547226795721199001e-17
4.899157720212031563e+03 4.904178175902095065e-15 7.169916966887013823e-17
4.899709818609919239e+03 4.896395159828269448e-15 7.814825377742668864e-17
4.900261917007806915e+03 4.665990977846603529e-15 8.294235097609406429e-17
4.900814015405694590e+03 4.020916667594570298e-15 7.261478582749737656e-17
4.901366113803582266e+03 4.779672909442059281e-15 7.260050481930447671e-17
4.901918212201469942e+03 4.684497129501355518e-15 7.976586567992830336e-17
4.902470310599357617e+03 4.774380293630967431e-15 6.763968392155599287e-17
4.903022408997245293e+03 4.969663104639601609e-15 6.917320683465359789e-17
4.903574507395132969e+03 4.807189879237881425e-15 6.680720311160817955e-17
4.904126605793020644e+03 4.851894721949445669e-15 6.702807547778096885e-17
4.904678704190908320e+03 4.771837598286874444e-15 6.972596627609378085e-17
4.905230802588795996e+03 4.798226844841579027e-15 7.191362520305663740e-17
4.905782900986683671e+03 5.114164873718321288e-15 7.439191038493213652e-17
4.906334999384571347e+03 4.702044446075630943e-15 7.634560433756757701e-17
4.906887097782459023e+03 4.742653861892727340e-15 6.951524364302122864e-17
4.907439196180346698e+03 4.785246028784316564e-15 7.438753500923439287e-17
4.907991294578234374e+03 4.817622642996805167e-15 6.749825989917441075e-17
4.908543392976122050e+03 4.863190217667685407e-15 6.714392922737333435e-17
4.909095491374009725e+03 4.708893143498209314e-15 7.703281627039110743e-17
4.909647589771897401e+03 4.692334547940190534e-15 7.999193610532171743e-17
4.910199688169785077e+03 4.826553381966218933e-15 7.859450106565628598e-17
4.910751786567672752e+03 4.770479685344570717e-15 7.803812391869424336e-17
4.911303884965560428e+03 4.904085677062672049e-15 6.697125603458616155e-17
4.911855983363448104e+03 4.841386178961711003e-15 6.805597244666748167e-17
4.912408081761335779e+03 4.791426837430437473e-15 6.654137095613616558e-17
4.912960180159223455e+03 4.848741667228912755e-15 6.723153806638122922e-17
4.913512278557111131e+03 4.720903459558984967e-15 6.616127497651932485e-17
4.914064376954998806e+03 4.737772542609855593e-15 6.617872126220405394e-17
4.914616475352886482e+03 4.718538207405291213e-15 6.638063395865096336e-17
4.915168573750774158e+03 4.937433332849034699e-15 6.686225893832211714e-17
4.915720672148661833e+03 4.625614833382342654e-15 6.627844015864570797e-17
4.916272770546549509e+03 4.842637018196432717e-15 6.680191409478499172e-17
4.916824868944437185e+03 4.777202919923694934e-15 6.827150570414188913e-17
4.917376967342324861e+03 4.785172257814603645e-15 8.862482106447578408e-17
4.917929065740212536e+03 4.567993383682884388e-15 6.806847638103481837e-17
4.918481164138100212e+03 4.946977999656952927e-15 6.951581347307579815e-17
4.919033262535987888e+03 4.854998839349631137e-15 7.111518379046995909e-17
4.919585360933875563e+03 4.634410913365194771e-15 6.614323147371498542e-17
4.920137459331763239e+03 4.666169588173408278e-15 8.265910705397984042e-17
4.920689557729650915e+03 4.842543098910098166e-15 7.917710409473636016e-17
4.921241656127538590e+03 4.665163566050854637e-15 7.798553534499363809e-17
4.921793754525426266e+03 4.589193459300327017e-15 8.656785181165004359e-17
4.922345852923313942e+03 4.511120142038392716e-15 6.921164365581884008e-17
4.922897951321201617e+03 4.463949002301319142e-15 7.118897766750411478e-17
4.923450049719089293e+03 4.340787525070363759e-15 6.361869250297313058e-17
4.924002148116976969e+03 4.260371505046474921e-15 7.313575878061555924e-17
4.924554246514864644e+03 4.470862170978529733e-15 7.425902922818139908e-17
4.925106344912752320e+03 4.173217075625575505e-15 7.242379959292330104e-17
4.925658443310639996e+03 4.479627270821804801e-15 6.604816329964786953e-17
4.926210541708527671e+03 4.498905673698111649e-15 6.408709203944117722e-17
4.926762640106415347e+03 4.391254591026445767e-15 6.696486468648317723e-17
4.927314738504303023e+03 4.353716271794012436e-15 6.405057035201980768e-17
4.927866836902190698e+03 4.485683949206435935e-15 6.436863463204331061e-17
4.928418935300078374e+03 5.073558710890567742e-15 6.737495871566299775e-17
4.928971033697966050e+03 4.578835717784381646e-15 6.525728306581881225e-17
4.929523132095853725e+03 4.593941612074762916e-15 6.713508739993208386e-17
4.930075230493741401e+03 4.709511824682565476e-15 6.667897458818456218e-17
4.930627328891629077e+03 4.629330659640180531e-15 6.747389391751471567e-17
4.931179427289516752e+03 4.636168693478639141e-15 6.680979570418142749e-17
4.931731525687404428e+03 4.773906769723528009e-15 8.158236406711072406e-17
4.932283624085292104e+03 4.767633872869262851e-15 6.977978967102387361e-17
4.932835722483179779e+03 4.633044229895381336e-15 7.010046296176406785e-17
4.933387820881067455e+03 4.697924744722326047e-15 6.519316963988729084e-17
4.933939919278955131e+03 4.705855825289120947e-15 6.499822924275944455e-17
4.934492017676842806e+03 4.858571546271273113e-15 7.259630768077191185e-17
4.935044116074730482e+03 4.754271478824375160e-15 7.207114266478651974e-17
4.935596214472618158e+03 4.856115479681191860e-15 6.654132972875714157e-17
4.936148312870505833e+03 4.832281833974196209e-15 7.173043872632169052e-17
4.936700411268393509e+03 4.695409950584702439e-15 6.520527185427649273e-17
4.937252509666281185e+03 4.680052554378332962e-15 6.671219912773462013e-17
4.937804608064168860e+03 4.843528166969623542e-15 6.638218061322050238e-17
4.938356706462056536e+03 4.749404043574027699e-15 7.475627164020309420e-17
4.938908804859944212e+03 4.720449760808395134e-15 6.931959380049225954e-17
4.939460903257831887e+03 4.669605419258900481e-15 7.278221752177896205e-17
4.940013001655719563e+03 4.845858817440896208e-15 6.668618742863721536e-17
4.940565100053607239e+03 4.791572080529650972e-15 7.563615242611869939e-17
4.941117198451494914e+03 4.851146444850105976e-15 7.579538799231119085e-17
4.941669296849382590e+03 4.769625085361186530e-15 7.560901518925790235e-17
4.942221395247270266e+03 4.672165946434561986e-15 1.038648197832385462e-16
4.942773493645157942e+03 4.732362237191422304e-15 6.869587896150304008e-17
4.943325592043045617e+03 4.712232527705243851e-15 6.446510483281472056e-17
4.943877690440933293e+03 4.677776605086510309e-15 7.785830485235255928e-17
4.944429788838820969e+03 4.658730580795762419e-15 7.407538489509267222e-17
4.944981887236708644e+03 4.552273829726422461e-15 7.382188833881023652e-17
4.945533985634596320e+03 4.559865022604880820e-15 7.335662526920672340e-17
4.946086084032483996e+03 4.823238936372487075e-15 6.480815020235168432e-17
4.946638182430371671e+03 4.806445353659162748e-15 6.830134541373384191e-17
4.947190280828259347e+03 4.640495159778154617e-15 6.495841420935142637e-17
4.947742379226147023e+03 4.595833368970175773e-15 7.329057307339490037e-17
4.948294477624034698e+03 4.717885933368050090e-15 6.448127570356270108e-17
4.948846576021922374e+03 4.592449493317335235e-15 6.403408269526514414e-17
4.949398674419810050e+03 4.596081271136344764e-15 6.397534438131592250e-17
4.949950772817697725e+03 4.669779549144026760e-15 6.512094688201087874e-17
4.950502871215585401e+03 4.633319679382014431e-15 7.350824104740712762e-17
4.951054969613473077e+03 4.669106098906468951e-15 6.653010932231665006e-17
4.951607068011360752e+03 4.503085200011216466e-15 6.627711791474241595e-17
4.952159166409248428e+03 4.584050980794672277e-15 6.492107863752705286e-17
4.952711264807136104e+03 4.616970897342042433e-15 6.434303921300515382e-17
4.953263363205023779e+03 4.654400449927118696e-15 6.439903977618855903e-17
4.953815461602911455e+03 4.653476357557401760e-15 6.955345567936002057e-17
4.954367560000799131e+03 4.792798203017888789e-15 7.268149087603844907e-17
4.954919658398686806e+03 4.593639562568497496e-15 8.421807736689582424e-17
4.955471756796574482e+03 4.653769354495461924e-15 6.392497768697707148e-17
4.956023855194462158e+03 4.755894673205741397e-15 6.437120326610325831e-17
4.956575953592349833e+03 4.668692976210088171e-15 6.383846964892775602e-17
4.957128051990237509e+03 4.615821595692316006e-15 6.555040777585956871e-17
4.957680150388125185e+03 4.520558882089580955e-15 7.432486065421495110e-17
4.958232248786012860e+03 4.569881343030719755e-15 7.549149951635518070e-17
4.958784347183900536e+03 4.536381371577819152e-15 6.639089196629316387e-17
4.959336445581788212e+03 4.664096650966827147e-15 7.737117591922034082e-17
4.959888543979675887e+03 4.624198078868278089e-15 7.514926953888271663e-17
4.960440642377563563e+03 4.782350853202473084e-15 6.487196679519672098e-17
4.960992740775451239e+03 5.061041627968653585e-15 7.503912788448170064e-17
4.961544839173338914e+03 4.943597772426459341e-15 6.533062839943977004e-17
4.962096937571226590e+03 4.817779159046754008e-15 6.515877298187804500e-17
4.962649035969114266e+03 4.906351667672518197e-15 6.574258568783566743e-17
4.963201134367001941e+03 4.715006774423317297e-15 6.483994175338668352e-17
4.963753232764889617e+03 4.936217105011490646e-15 6.950461980831424662e-17
4.964305331162777293e+03 4.922343977300111229e-15 7.198426910542238648e-17
4.964857429560664968e+03 4.768227237329179153e-15 7.436879901452794623e-17
4.965409527958552644e+03 4.710529580920190195e-15 6.576552160906179953e-17
4.965961626356440320e+03 4.946982324383783816e-15 6.606112796862361131e-17
4.966513724754327995e+03 4.822924387083099912e-15 6.997220435218398907e-17
4.967065823152215671e+03 4.821573363966810095e-15 8.323336371509143506e-17
4.967617921550103347e+03 4.732249934675987555e-15 7.378803780667207582e-17
4.968170019947991022e+03 4.599826132562558196e-15 7.327367484399657764e-17
4.968722118345878698e+03 4.598876818818910429e-15 7.373399886139208958e-17
4.969274216743766374e+03 4.618845170924579479e-15 6.430613781761663459e-17
4.969826315141654050e+03 4.603364303842791476e-15 6.600454224294232354e-17
4.970378413539541725e+03 4.600100053125292504e-15 6.425518661594107317e-17
4.970930511937429401e+03 4.880801409926970898e-15 6.785086546940553115e-17
4.971482610335317077e+03 4.536011647214197490e-15 8.050672456247296549e-17
4.972034708733204752e+03 4.627014117891000357e-15 6.422528320503012043e-17
4.972586807131092428e+03 4.465575178437208526e-15 6.884435158451468545e-17
4.973138905528980104e+03 4.512406886776572406e-15 8.035930624724484403e-17
4.973691003926867779e+03 4.553610606927366402e-15 6.468154059525997252e-17
4.974243102324755455e+03 4.621530876595701350e-15 6.891294513818156677e-17
4.974795200722643131e+03 4.522832024445057458e-15 6.485336204786294948e-17
4.975347299120530806e+03 4.549974736728712146e-15 6.545507011201556921e-17
4.975899397518418482e+03 4.694526738369560171e-15 6.852793137346594311e-17
4.976451495916306158e+03 4.644419426458251141e-15 7.953971672142922648e-17
4.977003594314193833e+03 4.716517475589783210e-15 8.685628176427126710e-17
4.977555692712081509e+03 4.619895121323617171e-15 8.269911573821978652e-17
4.978107791109969185e+03 4.449776935123526998e-15 6.538923793733446759e-17
4.978659889507856860e+03 4.618596477610421586e-15 6.863481713893989293e-17
4.979211987905744536e+03 4.575302816306536183e-15 6.798918076892568373e-17
4.979764086303632212e+03 4.452325715907384390e-15 6.400741395581068038e-17
4.980316184701519887e+03 4.672531578587140585e-15 7.109435359729756181e-17
4.980868283099407563e+03 4.540780223397897218e-15 6.727890806651721013e-17
4.981420381497295239e+03 4.540512350975005718e-15 6.336559396745321792e-17
4.981972479895182914e+03 4.524236526514647810e-15 6.376550790894303459e-17
4.982524578293070590e+03 4.508874756727717569e-15 6.818025606131712651e-17
4.983076676690958266e+03 4.500385705249477785e-15 7.283933338161698305e-17
4.983628775088845941e+03 4.556743601485141990e-15 7.150695816589278208e-17
4.984180873486733617e+03 4.564105275799527870e-15 6.441015535397303537e-17
4.984732971884621293e+03 4.544293153260282994e-15 6.385296620249144420e-17
4.985285070282508968e+03 4.541610853621787323e-15 6.321232875868823834e-17
4.985837168680396644e+03 4.692318566059716251e-15 6.440747119411989847e-17
4.986389267078284320e+03 4.663563434037136659e-15 7.496452543459817810e-17
4.986941365476171995e+03 4.420226390354064737e-15 6.940659528024623804e-17
4.987493463874059671e+03 4.588995409662516883e-15 8.280470796267699115e-17
4.988045562271947347e+03 4.466912020984105039e-15 7.039596206186075630e-17
4.988597660669835022e+03 4.457657824580142527e-15 6.309162333272068103e-17
4.989149759067722698e+03 4.317208798427453921e-15 7.389181222901054886e-17
4.989701857465610374e+03 4.592028847782743135e-15 6.999024000237020460e-17
4.990253955863498049e+03 4.638300946746861754e-15 7.006865862993267583e-17
4.990806054261385725e+03 4.502384866233285731e-15 6.752827122296917617e-17
4.991358152659273401e+03 4.400417031655510165e-15 6.272532160491158054e-17
4.991910251057161076e+03 4.554172349062543709e-15 6.772866828908182217e-17
4.992462349455048752e+03 4.507280618507765501e-15 6.941388901052043168e-17
4.993014447852936428e+03 4.523356487787415599e-15 7.020945999148986427e-17
4.993566546250824103e+03 4.579740110419093917e-15 6.779374178483225426e-17
4.994118644648711779e+03 4.453637453716966638e-15 6.257073094344623937e-17
4.994670743046599455e+03 4.541759410186107251e-15 6.270741230846929041e-17
4.995222841444487131e+03 4.497130683654027029e-15 6.335147883006949423e-17
4.995774939842374806e+03 4.569297757763174575e-15 6.336850691615489057e-17
4.996327038240262482e+03 4.778886939909613496e-15 6.914613298389794678e-17
4.996879136638150158e+03 4.508888042643141715e-15 6.318385334486197545e-17
4.997431235036037833e+03 4.439133821674309265e-15 6.420827378651796361e-17
4.997983333433925509e+03 4.476521668236895197e-15 6.255088980468293401e-17
4.998535431831813185e+03 4.497793210369060960e-15 6.648115044518486350e-17
4.999087530229700860e+03 4.518084617317200222e-15 7.958815352983673812e-17
4.999639628627588536e+03 4.408853416429465677e-15 6.683242935702449744e-17
5.000191727025476212e+03 4.651423054298060128e-15 7.076403357708053443e-17
5.000743825423363887e+03 4.554726221529954358e-15 6.258617728907036063e-17
5.001295923821251563e+03 4.271978787777510489e-15 6.875536797525824083e-17
5.001848022219139239e+03 4.644202864069884367e-15 6.330116187013818957e-17
5.002400120617026914e+03 4.325061390499385105e-15 6.152588715832162454e-17
5.002952219014914590e+03 4.423106492742402404e-15 6.563967749006387935e-17
5.003504317412802266e+03 4.538749904757296550e-15 6.706959074086359833e-17
5.004056415810689941e+03 4.457871847144352376e-15 6.199213903991888811e-17
5.004608514208577617e+03 4.450986775904996970e-15 6.520061461675344255e-17
5.005160612606465293e+03 4.471180634985127700e-15 6.147717563456362532e-17
5.005712711004352968e+03 4.592564866046634356e-15 6.852808163282843036e-17
5.006264809402240644e+03 4.575133910211775962e-15 6.504367827046756189e-17
5.006816907800128320e+03 4.585016003941558929e-15 6.414181935668314111e-17
5.007369006198015995e+03 4.405241887354781578e-15 6.321273690619702889e-17
5.007921104595903671e+03 4.896698218005957238e-15 6.312431453050340762e-17
5.008473202993791347e+03 5.050815993580212315e-15 6.413950188695645304e-17
5.009025301391679022e+03 5.172940241095495829e-15 6.484865955653968835e-17
5.009577399789566698e+03 5.040265436563928764e-15 6.486035972455991337e-17
5.010129498187454374e+03 5.123575604709896722e-15 7.398967179982402603e-17
5.010681596585342049e+03 5.319800771929968758e-15 8.194237857084224054e-17
5.011233694983229725e+03 5.168265026558331583e-15 8.079903473308807720e-17
5.011785793381117401e+03 5.200657258434831417e-15 6.356830660337935118e-17
5.012337891779005076e+03 5.182176075701944255e-15 6.280466697454465938e-17
5.012889990176892752e+03 5.095409353892592938e-15 6.244286869925002516e-17
5.013442088574780428e+03 5.157324102794137443e-15 6.972915443277467432e-17
5.013994186972668103e+03 4.930108047151214531e-15 6.128135888781607952e-17
5.014546285370555779e+03 4.964979858579590952e-15 7.729860051483474807e-17
5.015098383768443455e+03 5.010940736321051712e-15 7.705999284983372011e-17
5.015650482166331130e+03 5.008034864087934168e-15 6.588199685899601695e-17
5.016202580564218806e+03 4.779046892603405850e-15 6.389554018130689934e-17
5.016754678962106482e+03 4.785985468938740218e-15 6.123240634088211012e-17
5.017306777359994157e+03 4.575084469320200069e-15 6.005350929080409294e-17
5.017858875757881833e+03 4.338072013722046454e-15 5.844664705699404954e-17
5.018410974155769509e+03 4.117354976131441533e-15 5.765388560362010740e-17
5.018963072553657184e+03 4.217227868881835111e-15 5.768989411756707743e-17
5.019515170951544860e+03 4.317209242088225982e-15 6.116171766403693546e-17
5.020067269349432536e+03 4.318493924470547891e-15 6.449037292928243410e-17
5.020619367747320211e+03 4.316157626139355693e-15 6.091783642112051560e-17
5.021171466145207887e+03 4.338283844150314033e-15 5.833758999054546990e-17
5.021723564543095563e+03 4.286599487606588097e-15 5.779834823227618287e-17
5.022275662940983239e+03 4.236815622968983020e-15 6.219969069234091294e-17
5.022827761338870914e+03 4.271182978317836528e-15 6.265233568582822964e-17
5.023379859736758590e+03 4.380741006379324951e-15 6.650266318383956666e-17
5.023931958134646266e+03 4.406745265437792690e-15 7.291751686726450442e-17
5.024484056532533941e+03 4.524088178746387264e-15 6.851084196959807895e-17
5.025036154930421617e+03 4.561336768309241395e-15 6.397857361666004097e-17
5.025588253328309293e+03 4.413676669056838071e-15 5.710314698527184004e-17
5.026140351726196968e+03 4.467433490934852497e-15 5.746378061068070590e-17
5.026692450124084644e+03 4.416132545281827431e-15 5.698822246725725791e-17
5.027244548521972320e+03 4.285448860861647185e-15 6.052828164225363608e-17
5.027796646919859995e+03 4.302525529751150809e-15 6.559779457630381716e-17
5.028348745317747671e+03 4.501701686935473638e-15 6.007038177301088592e-17
5.028900843715635347e+03 4.521038350553535906e-15 5.714167101589904042e-17
5.029452942113523022e+03 4.361482541020290173e-15 5.999843249864261683e-17
5.030005040511410698e+03 4.269555462869230616e-15 7.542068435678618864e-17
5.030557138909298374e+03 4.379007337751492230e-15 6.854378519252888409e-17
5.031109237307186049e+03 4.497410683659893863e-15 5.994280970897475932e-17
5.031661335705073725e+03 4.412404839996798396e-15 5.940299843359674471e-17
5.032213434102961401e+03 4.577838722812278563e-15 5.774657446858952311e-17
5.032765532500849076e+03 4.569518237522380053e-15 6.730687381833474212e-17
5.033317630898736752e+03 4.496407171319094301e-15 6.957184156515925326e-17
5.033869729296624428e+03 4.437221902283997263e-15 6.404979046047195371e-17
5.034421827694512103e+03 4.433879333041934720e-15 5.646420827094220455e-17
5.034973926092399779e+03 4.391084256620932825e-15 5.638102846002738086e-17
5.035526024490287455e+03 4.359372017605516168e-15 5.660468259598652937e-17
5.036078122888175130e+03 4.452976512440630593e-15 6.037160395568593090e-17
5.036630221286062806e+03 4.340877504565870221e-15 5.931461006526548713e-17
5.037182319683950482e+03 4.443436959817693489e-15 5.908309519128405279e-17
5.037734418081838157e+03 4.449640262227432595e-15 5.841670792648327324e-17
5.038286516479725833e+03 4.514331142714079026e-15 5.710641270410082102e-17
5.038838614877613509e+03 4.196032523933495561e-15 5.693677294029565995e-17
5.039390713275501184e+03 4.384806701887499750e-15 5.690098960028604487e-17
5.039942811673388860e+03 4.613386870256914228e-15 5.794569360151774937e-17
5.040494910071276536e+03 4.330717589925967705e-15 5.637970080735291008e-17
5.041047008469164211e+03 4.363773517971520371e-15 5.691761571598999638e-17
5.041599106867051887e+03 4.403939684676647872e-15 5.755017319974408931e-17
5.042151205264939563e+03 4.443168665668884056e-15 6.065984882104615539e-17
5.042703303662827238e+03 4.432905953616734396e-15 6.546506959207139232e-17
5.043255402060714914e+03 4.349031097190470494e-15 6.137353116650109913e-17
5.043807500458602590e+03 4.481671771549242933e-15 5.754755510901234561e-17
5.044359598856490265e+03 4.214850393287392612e-15 6.431598486598626182e-17
5.044911697254377941e+03 4.235021676591403449e-15 5.724803336573113826e-17
5.045463795652265617e+03 4.424323347282194581e-15 6.172649154104319028e-17
5.046015894050153292e+03 4.326373477096173323e-15 6.058135490354325839e-17
5.046567992448040968e+03 4.443439753464408414e-15 5.827777496416648754e-17
5.047120090845928644e+03 4.402691750516161391e-15 5.819013660273225373e-17
5.047672189243816320e+03 4.330019234770253177e-15 6.089483287128666112e-17
5.048224287641703995e+03 4.547280182862019681e-15 6.130532046716754130e-17
5.048776386039591671e+03 4.672268057034910138e-15 6.061830582301735862e-17
5.049328484437479347e+03 4.514481901860595102e-15 7.489489564225946431e-17
5.049880582835367022e+03 4.341310855054240673e-15 6.902028986618598802e-17
5.050432681233254698e+03 4.248322526705361787e-15 6.679485264834550093e-17
5.050984779631142374e+03 4.288699986658873959e-15 5.980526593049132235e-17
5.051536878029030049e+03 4.364424185055778051e-15 5.888957435533518577e-17
5.052088976426917725e+03 4.271306325390944724e-15 5.890434908828222908e-17
5.052641074824805401e+03 3.982498254351366068e-15 5.961167721635676864e-17
5.053193173222693076e+03 4.196670181140951991e-15 5.867928922065506581e-17
5.053745271620580752e+03 4.306292753694185434e-15 5.927033404327517743e-17
5.054297370018468428e+03 4.237919435927600384e-15 5.915405130774584596e-17
5.054849468416356103e+03 4.289842096206994976e-15 6.490762315943584939e-17
5.055401566814243779e+03 4.452742870733882159e-15 6.044778446610108955e-17
5.055953665212131455e+03 4.504369129791471348e-15 6.119252130229605854e-17
5.056505763610019130e+03 4.467551213514580012e-15 6.498903034400930992e-17
5.057057862007906806e+03 4.463123692229809185e-15 6.481120922769737498e-17
5.057609960405794482e+03 4.375210182908086344e-15 6.070028486847886974e-17
5.058162058803682157e+03 4.390646497058507587e-15 6.118174748683187387e-17
5.058714157201569833e+03 4.497124449915246345e-15 6.150230058100049996e-17
5.059266255599457509e+03 4.298908876379192027e-15 6.080592342646254456e-17
5.059818353997345184e+03 4.434168672725785274e-15 6.163178603353167563e-17
5.060370452395232860e+03 4.413053048891799163e-15 6.368121438798448745e-17
5.060922550793120536e+03 4.322480858124367851e-15 7.013298692555255841e-17
5.061474649191008211e+03 4.368338709862195995e-15 6.115097860431458696e-17
5.062026747588895887e+03 4.459431216798104054e-15 6.234578575382121945e-17
5.062578845986783563e+03 4.391351757749095387e-15 6.241031577310793712e-17
5.063130944384671238e+03 4.639517420607128428e-15 7.560225733663966252e-17
5.063683042782558914e+03 4.441332570029327739e-15 7.153493135274968793e-17
5.064235141180446590e+03 4.616854651030035426e-15 7.529370439365252768e-17
5.064787239578334265e+03 4.500102888649056145e-15 6.537480900387247349e-17
5.065339337976221941e+03 4.499092044964455439e-15 6.529438059865289337e-17
5.065891436374109617e+03 4.614186122223302748e-15 6.363244515055224415e-17
5.066443534771997292e+03 4.520946125520680676e-15 6.098346096714271805e-17
5.066995633169884968e+03 4.481639377541427525e-15 6.076784285998886520e-17
5.067547731567772644e+03 4.460622397055177365e-15 6.276289970604895857e-17
5.068099829965660319e+03 4.375634767886287827e-15 6.395910248248468403e-17
5.068651928363547995e+03 4.354719672659166442e-15 7.146677552242428777e-17
5.069204026761435671e+03 4.405529309207671012e-15 6.566593999477125139e-17
5.069756125159323346e+03 4.436041851375036483e-15 6.218660264344745421e-17
5.070308223557211022e+03 4.438650672458712530e-15 6.302717758415149153e-17
5.070860321955098698e+03 4.203922458172136150e-15 5.988177689059643270e-17
5.071412420352986373e+03 4.500576408220230511e-15 5.906238310676930824e-17
5.071964518750874049e+03 4.336218287601710200e-15 5.817424048421520373e-17
5.072516617148761725e+03 4.428781001019311601e-15 5.841841415087458123e-17
5.073068715546649400e+03 4.528051699631708036e-15 6.783929554655976383e-17
5.073620813944537076e+03 4.561676474322884641e-15 7.478753675010120908e-17
5.074172912342424752e+03 4.436132496470658504e-15 5.999756440092476333e-17
5.074725010740312428e+03 4.415914206923712688e-15 5.733572875734395311e-17
5.075277109138200103e+03 4.512197567974107258e-15 5.744336769455356050e-17
5.075829207536087779e+03 4.540549070650695233e-15 5.393243133840894381e-17
5.076381305933975455e+03 4.546095095109581013e-15 4.178501068424128647e-17
5.076933404331863130e+03 4.416347188375626316e-15 3.816817760009056787e-17
5.077485502729750806e+03 4.402102440297975479e-15 3.773543381297272650e-17
5.078037601127638482e+03 4.393387469890767856e-15 4.576714128048766744e-17
5.078589699525526157e+03 4.341557564645727234e-15 4.107450767849504233e-17
5.079141797923413833e+03 4.417143431308507248e-15 4.290374688745683015e-17
5.079693896321301509e+03 4.371027264100953420e-15 3.991259254403879440e-17
5.080245994719189184e+03 4.337698339206188759e-15 4.097719066793374515e-17
5.080798093117076860e+03 4.402787118527727223e-15 4.025191030546092214e-17
5.081350191514964536e+03 4.291202551220047867e-15 4.171178869637543805e-17
5.081902289912852211e+03 4.473821034589253934e-15 4.887285688071109086e-17
5.082454388310739887e+03 4.392694836439913243e-15 3.921781781749658727e-17
5.083006486708627563e+03 4.374453053798912096e-15 4.202261189055158644e-17
5.083558585106515238e+03 4.425662070856337538e-15 4.120422528513107482e-17
5.084110683504402914e+03 4.391633669599817234e-15 3.807809782627884048e-17
5.084662781902290590e+03 4.334785156504751055e-15 3.911137665676376379e-17
5.085214880300178265e+03 4.413871354644139941e-15 3.787099234953569039e-17
5.085766978698065941e+03 4.386931019723913166e-15 3.945064612446004652e-17
5.086319077095953617e+03 4.385355657234714284e-15 3.871198100272001108e-17
5.086871175493841292e+03 4.294160720642928950e-15 3.830327907211621067e-17
5.087423273891728968e+03 4.329024614681116629e-15 3.952725019807201603e-17
5.087975372289616644e+03 4.474058998368228747e-15 4.372499088039344665e-17
5.088527470687504319e+03 4.368047353964236018e-15 4.006367573822628600e-17
5.089079569085391995e+03 4.456899465800072593e-15 4.067803605129354152e-17
5.089631667483279671e+03 4.364647353680997861e-15 4.156279535219633714e-17
5.090183765881167346e+03 4.474851614658107916e-15 3.988687158837007910e-17
5.090735864279055022e+03 4.381781084952615275e-15 4.033474877184184101e-17
5.091287962676942698e+03 4.371992202738939134e-15 4.115131267140593929e-17
5.091840061074830373e+03 4.381462786891362155e-15 3.854644591209383887e-17
5.092392159472718049e+03 4.361585688739738623e-15 3.894032858800913274e-17
5.092944257870605725e+03 4.448536556728789592e-15 3.963907556689939765e-17
5.093496356268493400e+03 4.348325483374410328e-15 4.228525103849783457e-17
5.094048454666381076e+03 4.399399050925707595e-15 3.875332945983813176e-17
5.094600553064268752e+03 4.357898084637830431e-15 3.889863100882499531e-17
5.095152651462156427e+03 4.425654014333657581e-15 4.063297308409254658e-17
5.095704749860044103e+03 4.408861960100707619e-15 4.315147465248633655e-17
5.096256848257931779e+03 4.468373483035223424e-15 4.010649187044793040e-17
5.096808946655819454e+03 4.526511867949942914e-15 4.020766432237497740e-17
5.097361045053707130e+03 4.402875658387496778e-15 3.989179555051155313e-17
5.097913143451594806e+03 4.266449999251048096e-15 4.327874479843633385e-17
5.098465241849482481e+03 4.333150399853400202e-15 4.358456835616107693e-17
5.099017340247370157e+03 4.272386324835775588e-15 4.332533114077257096e-17
5.099569438645257833e+03 4.291427010250207101e-15 4.344040573000969792e-17
5.100121537043145509e+03 4.303381723657823193e-15 4.072286639575602438e-17
5.100673635441033184e+03 4.351847834229036277e-15 4.858300156099905112e-17
5.101225733838920860e+03 4.376655674951822288e-15 5.024169175654478328e-17
5.101777832236808536e+03 4.363315671719680546e-15 5.233228604492773082e-17
5.102329930634696211e+03 4.322142643969377659e-15 5.160520766193915586e-17
5.102882029032583887e+03 4.329727460961040758e-15 5.130047100601282045e-17
5.103434127430471563e+03 4.319021812103365262e-15 6.414118663379437795e-17
5.103986225828359238e+03 4.395174248619574678e-15 5.725802277051868737e-17
5.104538324226246914e+03 4.263494648858856035e-15 4.983234054537277296e-17
5.105090422624134590e+03 4.305161253951459198e-15 5.160228991562117299e-17
5.105642521022022265e+03 4.128432130200625003e-15 4.830944479117564164e-17
5.106194619419909941e+03 4.195908890601572093e-15 5.277649661889490207e-17
5.106746717817797617e+03 4.246873418926028688e-15 5.273608491794580455e-17
5.107298816215685292e+03 4.305338728566856765e-15 4.859412303365947348e-17
5.107850914613572968e+03 4.273978353542612987e-15 5.001053495915112490e-17
5.108403013011460644e+03 4.421624742520759452e-15 5.279041504929774482e-17
5.108955111409348319e+03 4.408705654084305839e-15 5.445739682253743582e-17
5.109507209807235995e+03 4.286368600509886289e-15 5.028977275539057249e-17
5.110059308205123671e+03 4.356895077175191211e-15 5.105465673375511285e-17
5.110611406603011346e+03 4.212110285112256162e-15 4.905369433308410137e-17
5.111163505000899022e+03 4.220610888294236206e-15 5.458681332279409362e-17
5.111715603398786698e+03 4.252940544071846710e-15 5.416482004876499258e-17
5.112267701796674373e+03 4.191022497463110453e-15 4.988867756895463331e-17
5.112819800194562049e+03 4.264405727174717728e-15 5.005709146257391058e-17
5.113371898592449725e+03 4.320810615717345126e-15 5.652645351305047954e-17
5.113923996990337400e+03 4.284056095215528980e-15 5.269007573487945356e-17
5.114476095388225076e+03 4.207633089786348398e-15 5.669644938717254298e-17
5.115028193786112752e+03 4.278007645314587376e-15 5.805864083575873443e-17
5.115580292184000427e+03 4.251188920184167228e-15 5.395433407867550308e-17
5.116132390581888103e+03 4.256918078909268165e-15 5.412527770807568762e-17
5.116684488979775779e+03 4.308109207529793158e-15 5.198065935326899047e-17
5.117236587377663454e+03 4.301436285423481653e-15 5.908643906563785686e-17
5.117788685775551130e+03 4.305582256099050905e-15 5.816884380028387029e-17
5.118340784173438806e+03 4.224226877558842498e-15 5.175298162970303798e-17
5.118892882571326481e+03 4.248575413755709323e-15 5.657711608360448546e-17
5.119444980969214157e+03 4.271382967375470671e-15 5.408299945496221812e-17
5.119997079367101833e+03 4.249562720430345589e-15 5.287936192405848924e-17
5.120549177764989508e+03 4.184620282018369744e-15 5.144151869573439527e-17
5.121101276162877184e+03 4.220295717567795443e-15 4.905627719214117160e-17
5.121653374560764860e+03 4.231455153407456694e-15 5.032171116443518233e-17
5.122205472958652535e+03 4.191276047555036519e-15 5.776423376469522418e-17
5.122757571356540211e+03 4.390471983552349683e-15 6.053152780806248781e-17
5.123309669754427887e+03 4.359584584488466790e-15 5.761205832824922343e-17
5.123861768152315562e+03 4.217627349247401795e-15 5.410136879808351305e-17
5.124413866550203238e+03 4.090467837553344726e-15 5.415776503086259614e-17
5.124965964948090914e+03 4.245936070444730237e-15 4.863252369120336430e-17
5.125518063345978589e+03 4.231929106808897777e-15 4.995534717662552339e-17
5.126070161743866265e+03 4.169362497887394912e-15 6.173903868773092564e-17
5.126622260141753941e+03 4.255903327654569588e-15 5.311775323734704808e-17
5.127174358539641617e+03 4.236631839351121714e-15 5.023190158843893729e-17
5.127726456937529292e+03 4.244847374575611785e-15 5.262076281830173012e-17
5.128278555335416968e+03 4.158199390765541894e-15 4.824810940593249610e-17
5.128830653733304644e+03 4.158896512031730619e-15 4.937294627653160586e-17
5.129382752131192319e+03 4.104555556702386874e-15 5.431647385650327952e-17
5.129934850529079995e+03 4.116116445453219686e-15 5.786874064982478370e-17
5.130486948926967671e+03 4.540596091164800831e-15 4.929076759513123810e-17
5.131039047324855346e+03 4.168345198998149072e-15 5.428553374681034555e-17
5.131591145722743022e+03 4.216451096281212575e-15 4.854766675571518614e-17
5.132143244120630698e+03 4.151265303705606422e-15 5.438286274625330185e-17
5.132695342518518373e+03 4.183295018082855072e-15 5.791847254307592609e-17
5.133247440916406049e+03 4.112531823910815270e-15 5.842355218003244262e-17
5.133799539314293725e+03 4.079631932401380984e-15 5.740817154347556061e-17
5.134351637712181400e+03 4.122594540441680630e-15 5.240844923273536326e-17
5.134903736110069076e+03 4.126628060539804223e-15 5.403331228068051646e-17
5.135455834507956752e+03 4.120673690765037393e-15 4.843619849198119766e-17
5.136007932905844427e+03 4.254054664995682288e-15 5.949118017795252823e-17
5.136560031303732103e+03 4.386065872574290432e-15 5.961832418917141526e-17
5.137112129701619779e+03 4.249666989855032646e-15 5.149817427267115812e-17
5.137664228099507454e+03 4.232803995351966605e-15 5.021784366309077426e-17
5.138216326497395130e+03 4.161598642430074843e-15 4.958786378269569432e-17
5.138768424895282806e+03 4.231356901119569499e-15 5.508793565005266384e-17
5.139320523293170481e+03 4.218164534136534020e-15 5.634057501010482939e-17
5.139872621691058157e+03 4.177826442808759899e-15 4.822845428258494271e-17
5.140424720088945833e+03 4.128217774242427944e-15 5.753301590329963248e-17
5.140976818486833508e+03 4.371249588018463702e-15 5.734989651580714202e-17
5.141528916884721184e+03 4.204110994647247644e-15 5.644126507809492969e-17
5.142081015282608860e+03 4.310358426842866225e-15 5.195532720828170329e-17
5.142633113680496535e+03 4.161590342307021925e-15 5.000223057193696101e-17
5.143185212078384211e+03 4.135131424897842063e-15 5.201140838518756313e-17
5.143737310476271887e+03 4.194050977473441227e-15 5.228789995101854526e-17
5.144289408874159562e+03 4.248315650921483776e-15 5.163319044463738079e-17
5.144841507272047238e+03 4.184637815270752537e-15 5.229670460599747579e-17
5.145393605669934914e+03 4.188200517865132949e-15 5.023035098929237618e-17
5.145945704067822589e+03 4.094313556859820259e-15 5.291635380382087545e-17
5.146497802465710265e+03 4.194388819132901566e-15 5.805293077533791052e-17
5.147049900863597941e+03 4.261505858669604281e-15 6.120715788884237807e-17
5.147601999261485616e+03 4.141654169519944019e-15 4.806387406065605970e-17
5.148154097659373292e+03 4.211581230768441506e-15 5.745918154883652267e-17
5.148706196057260968e+03 4.107641659749854102e-15 6.181560005546900362e-17
5.149258294455148643e+03 4.174273552008346815e-15 5.388331039596696435e-17
5.149810392853036319e+03 4.176646839608020847e-15 5.571193096582579564e-17
5.150362491250923995e+03 4.187242745140273743e-15 6.379138680638685699e-17
5.150914589648811670e+03 4.113790586188952253e-15 5.603533547227998851e-17
5.151466688046699346e+03 3.957643115106387738e-15 5.549693662948903161e-17
5.152018786444587022e+03 4.062325584865583516e-15 4.932034314890592371e-17
5.152570884842474698e+03 4.199756084224675303e-15 5.029010154305607005e-17
5.153122983240362373e+03 4.209182839305673598e-15 4.847066349372311447e-17
5.153675081638250049e+03 4.051510668019942676e-15 4.776372816859399963e-17
5.154227180036137725e+03 4.098202285222489340e-15 5.033163401775140714e-17
5.154779278434025400e+03 4.167902205330874434e-15 5.046584948397548756e-17
5.155331376831913076e+03 4.221874712808921529e-15 5.760080131371350263e-17
5.155883475229800752e+03 4.207552579299525274e-15 5.724266774714272081e-17
5.156435573627688427e+03 4.151752674063949461e-15 4.800769135438094019e-17
5.156987672025576103e+03 4.132354164327818156e-15 4.821623234520998853e-17
5.157539770423463779e+03 4.361581948781036953e-15 5.710842921347030621e-17
5.158091868821351454e+03 4.001536242121672785e-15 6.694187414761457081e-17
5.158643967219239130e+03 4.104263001497642577e-15 6.856912599624253474e-17
5.159196065617126806e+03 3.905281903033626023e-15 5.595570857371184556e-17
5.159748164015014481e+03 4.106327752743365778e-15 5.381878313266284896e-17
5.160300262412902157e+03 4.116886332023499611e-15 5.349777257368059543e-17
5.160852360810789833e+03 4.071407349939950438e-15 4.911728325328054190e-17
5.161404459208677508e+03 4.177374071968246152e-15 5.408135840255110532e-17
5.161956557606565184e+03 4.000213572173598664e-15 5.772816180859375204e-17
5.162508656004452860e+03 4.052347724293714770e-15 5.032938088477444457e-17
5.163060754402340535e+03 4.113894386755198433e-15 4.788304966482901932e-17
5.163612852800228211e+03 4.103071468838834971e-15 4.771083463038429523e-17
5.164164951198115887e+03 4.195865866934354028e-15 5.360507161984609291e-17
5.164717049596003562e+03 4.228769353647741342e-15 5.921825579962447838e-17
5.165269147993891238e+03 4.208740994258217968e-15 5.881474678297611782e-17
5.165821246391778914e+03 4.244444190303466935e-15 5.382942935434835070e-17
5.166373344789666589e+03 4.070478481950350619e-15 5.058643471227664870e-17
5.166925443187554265e+03 4.037288475621629546e-15 4.768999121509115438e-17
5.167477541585441941e+03 4.152847578882446853e-15 5.046707753655364452e-17
5.168029639983329616e+03 4.098603737825594941e-15 5.532523712652583290e-17
5.168581738381217292e+03 4.131404193111482844e-15 5.250413177171467412e-17
5.169133836779104968e+03 4.156856631731824289e-15 4.791479107463100561e-17
5.169685935176992643e+03 4.185035671350730094e-15 5.360929063312700104e-17
5.170238033574880319e+03 4.185282798976587406e-15 5.404714985870706759e-17
5.170790131972767995e+03 4.122699234208209124e-15 4.794281240635743545e-17
5.171342230370655670e+03 4.043912476673249140e-15 4.940162201966497033e-17
5.171894328768543346e+03 4.212952194313185701e-15 5.159952248344915832e-17
5.172446427166431022e+03 4.226997647053500276e-15 5.314954794694568084e-17
5.172998525564318697e+03 4.148378268266065674e-15 5.034384496819468730e-17
5.173550623962206373e+03 4.262863166891369192e-15 4.817286658827615669e-17
5.174102722360094049e+03 4.123767799427984291e-15 5.240438490835419316e-17
5.174654820757981724e+03 4.104489284913397167e-15 5.006715022963695439e-17
5.175206919155869400e+03 4.096235370403477625e-15 4.859471671098487160e-17
5.175759017553757076e+03 4.153264728918892853e-15 5.006653559870930043e-17
5.176311115951644751e+03 4.174989225484869181e-15 5.181769147289256838e-17
5.176863214349532427e+03 4.174562891463480560e-15 5.256212327725773268e-17
5.177415312747420103e+03 4.119020657806293296e-15 5.046273259483099616e-17
5.177967411145307778e+03 4.105416249625476694e-15 4.769345909361937726e-17
5.178519509543195454e+03 4.129576875885505155e-15 5.095815369285383712e-17
5.179071607941083130e+03 4.139728845257881914e-15 4.881545395263836406e-17
5.179623706338970806e+03 3.985595411486631209e-15 5.039833412978024657e-17
5.180175804736858481e+03 3.992030241861819280e-15 5.285852476983618423e-17
5.180727903134746157e+03 4.064008963806180241e-15 5.327535855317436982e-17
5.181280001532633833e+03 4.077206361314034508e-15 5.667676930261457287e-17
5.181832099930521508e+03 4.246994922855019270e-15 6.070778257178039812e-17
5.182384198328409184e+03 4.159554006533956185e-15 6.015397061715624630e-17
5.182936296726296860e+03 4.239441040685837177e-15 5.015323726322054737e-17
5.183488395124184535e+03 4.256810676567793718e-15 5.031475699536304552e-17
5.184040493522072211e+03 4.054469245696941973e-15 4.981919626127022597e-17
5.184592591919959887e+03 4.064702472337208208e-15 5.246991801371925145e-17
5.185144690317847562e+03 4.055390922506168937e-15 5.449014547054869271e-17
5.185696788715735238e+03 4.109735258001706134e-15 5.226899334200221767e-17
5.186248887113622914e+03 4.067205509927263964e-15 7.249465459451395331e-17
5.186800985511510589e+03 4.088776822606660631e-15 7.029837985948553102e-17
5.187353083909398265e+03 4.162488532442516679e-15 5.902696271810778765e-17
5.187905182307285941e+03 4.082465785593463433e-15 4.731020262422402131e-17
5.188457280705173616e+03 4.083604257556038268e-15 4.835767630289555580e-17
5.189009379103061292e+03 4.069357456381719839e-15 4.715166524500387930e-17
5.189561477500948968e+03 3.999882747577828744e-15 4.727893199695066297e-17
5.190113575898836643e+03 3.883081058707405443e-15 5.285672431323996450e-17
5.190665674296724319e+03 4.010598877381831728e-15 5.254394024116132866e-17
5.191217772694611995e+03 4.025525037664074651e-15 5.088749770857405940e-17
5.191769871092499670e+03 4.059380473498577624e-15 5.063909198107438381e-17
5.192321969490387346e+03 4.048659622193078154e-15 4.728624256237069468e-17
5.192874067888275022e+03 3.910341477144168989e-15 5.532972785796316672e-17
5.193426166286162697e+03 4.113399605898134131e-15 5.159398331278140035e-17
5.193978264684050373e+03 4.119691667639718102e-15 5.320763584872066926e-17
5.194530363081938049e+03 4.119369229081936952e-15 5.087375215147250423e-17
5.195082461479825724e+03 4.084506389671177177e-15 5.076255701646874328e-17
5.195634559877713400e+03 3.970373972736796657e-15 4.955333557853611363e-17
5.196186658275601076e+03 3.982141268805335856e-15 4.893578790830824192e-17
5.196738756673488751e+03 4.029322879551127930e-15 5.254303941955594921e-17
5.197290855071376427e+03 4.159888314438230992e-15 5.318669247449567595e-17
5.197842953469264103e+03 4.083875878603381289e-15 5.284759809803896471e-17
5.198395051867151778e+03 4.130192519497578933e-15 4.958862181939475753e-17
5.198947150265039454e+03 3.921938624845697462e-15 4.911699878452109104e-17
5.199499248662927130e+03 3.905607243977875762e-15 4.735908260706288264e-17
5.200051347060814805e+03 4.134319714756293008e-15 4.745160297010559632e-17
5.200603445458702481e+03 4.029411823590095529e-15 4.708441553925182328e-17
5.201155543856590157e+03 4.099376279347447006e-15 4.820372890693881701e-17
5.201707642254477832e+03 4.096964460747232126e-15 4.757373522492409620e-17
5.202259740652365508e+03 3.935336988801296978e-15 5.031804103132760778e-17
5.202811839050253184e+03 4.045539907102114611e-15 5.317254367029524539e-17
5.203363937448140859e+03 4.142304065925816958e-15 5.490724032554131805e-17
5.203916035846028535e+03 3.974254793756193707e-15 5.347827890695151678e-17
5.204468134243916211e+03 4.033300158809541303e-15 5.689201104683809984e-17
5.205020232641803887e+03 4.206434161168551531e-15 6.002725863905509457e-17
5.205572331039691562e+03 4.172541823285607467e-15 6.648883234528451676e-17
5.206124429437579238e+03 4.018183487577097654e-15 5.126857855474539120e-17
5.206676527835466914e+03 4.034144385610453418e-15 4.774193938243343863e-17
5.207228626233354589e+03 4.091610160534195512e-15 5.014997807718050588e-17
5.207780724631242265e+03 4.076637890376114975e-15 6.592676735300300185e-17
5.208332823029129941e+03 4.154456910166035330e-15 5.947084470789908391e-17
5.208884921427017616e+03 4.053859655842513731e-15 5.584835632831284548e-17
5.209437019824905292e+03 4.012702676613271251e-15 5.293793493589579385e-17
5.209989118222792968e+03 3.968609203262666145e-15 5.297040040544706436e-17
5.210541216620680643e+03 4.130801045921188180e-15 5.527868503427786562e-17
5.211093315018568319e+03 4.030104634186819800e-15 5.562871647194591768e-17
5.211645413416455995e+03 4.045285657133252550e-15 5.098705617519709418e-17
5.212197511814343670e+03 3.945908816234635626e-15 4.709617092569222177e-17
5.212749610212231346e+03 4.046768842137348706e-15 4.760799835670224215e-17
5.213301708610119022e+03 4.076456657268950716e-15 4.988982701695221258e-17
5.213853807008006697e+03 4.004768279403614160e-15 5.587884091680452451e-17
5.214405905405894373e+03 3.971295751217752390e-15 5.305139949875364653e-17
5.214958003803782049e+03 4.143342712496424782e-15 5.456055246781569998e-17
5.215510102201669724e+03 3.914589616172457580e-15 5.408973965424300338e-17
5.216062200599557400e+03 3.931782481035029398e-15 5.441160471891959042e-17
5.216614298997445076e+03 3.956430106922940221e-15 5.948222413375735058e-17
5.217166397395332751e+03 4.042414392798560725e-15 5.487199722416988737e-17
5.217718495793220427e+03 4.104974818010564626e-15 5.954564783783639637e-17
5.218270594191108103e+03 3.992265283659216257e-15 5.493663813483034720e-17
5.218822692588995778e+03 3.943366422707988969e-15 5.665785831759928931e-17
5.219374790986883454e+03 3.963750269740812372e-15 4.991374916078671631e-17
5.219926889384771130e+03 3.892608788323583191e-15 4.956267629045362248e-17
5.220478987782658805e+03 4.074601031274691343e-15 4.827701873295784287e-17
5.221031086180546481e+03 4.001523918625935720e-15 4.974591499104306071e-17
5.221583184578434157e+03 3.896432327217449021e-15 5.744085915707786088e-17
5.222135282976321832e+03 3.947091128698101633e-15 5.525925448590267178e-17
5.222687381374209508e+03 4.110395380757156524e-15 5.921530562250009830e-17
5.223239479772097184e+03 4.035543236696085169e-15 5.422284512577364280e-17
5.223791578169984859e+03 4.067226354230022345e-15 5.083478013853597488e-17
5.224343676567872535e+03 4.047557756966107471e-15 5.838472432823404419e-17
5.224895774965760211e+03 4.058698855934015721e-15 5.424964955374845029e-17
5.225447873363647886e+03 4.043461924949819852e-15 5.150256984350058875e-17
5.225999971761535562e+03 3.933427969992329975e-15 5.845198136825593831e-17
5.226552070159423238e+03 4.073333646356774887e-15 5.693738041540966375e-17
5.227104168557310913e+03 4.026535080125339197e-15 5.524625301677507005e-17
5.227656266955198589e+03 3.989018997056543484e-15 4.979948684008433528e-17
5.228208365353086265e+03 3.961591754802516786e-15 5.484537435415416044e-17
5.228760463750973940e+03 3.914759908653814142e-15 6.539974562519274994e-17
5.229312562148861616e+03 3.872866359477099627e-15 5.742471965725749369e-17
5.229864660546749292e+03 3.981165411651432974e-15 5.119361680658603348e-17
5.230416758944636967e+03 4.007791674050348814e-15 5.694898487100151189e-17
5.230968857342524643e+03 4.084455160241422395e-15 5.937844782825675595e-17
5.231520955740412319e+03 4.059143810384099560e-15 6.075299395185142789e-17
5.232073054138299995e+03 3.988417539191794531e-15 5.792894611648067352e-17
5.232625152536187670e+03 4.034495932453118713e-15 5.769578352463162285e-17
5.233177250934075346e+03 4.120477005838702714e-15 6.354310754702610697e-17
5.233729349331963022e+03 3.912609581352754818e-15 5.702932889183560993e-17
5.234281447729850697e+03 3.714168586628301621e-15 5.524186661842680095e-17
5.234833546127738373e+03 3.978414257237734826e-15 5.861038843724579835e-17
5.235385644525626049e+03 3.925787527293959284e-15 5.798617509846149391e-17
5.235937742923513724e+03 3.891384653060633277e-15 5.692425821423481754e-17
5.236489841321401400e+03 3.878594067910338067e-15 5.137514331360752909e-17
5.237041939719289076e+03 3.995360411166952695e-15 5.536350520358324932e-17
5.237594038117176751e+03 4.026672239717956986e-15 7.162703767532518252e-17
5.238146136515064427e+03 3.978015865794369379e-15 5.765061801527181185e-17
5.238698234912952103e+03 3.836249241921240862e-15 5.097781780380664487e-17
5.239250333310839778e+03 3.974956608599427975e-15 5.251550291304555802e-17
5.239802431708727454e+03 3.862745071557628738e-15 6.161930093632950896e-17
5.240354530106615130e+03 3.970372831869695155e-15 6.288223099046180721e-17
5.240906628504502805e+03 3.913116636331306696e-15 5.324415613272790156e-17
5.241458726902390481e+03 3.896363061351767901e-15 6.254186548791044381e-17
5.242010825300278157e+03 4.004886880402865793e-15 6.070786608316430662e-17
5.242562923698165832e+03 3.991059049542676808e-15 5.959685073882350462e-17
5.243115022096053508e+03 3.958291173293690371e-15 5.728647451331604482e-17
5.243667120493941184e+03 4.164913802922893907e-15 5.502434312736586700e-17
5.244219218891828859e+03 3.921936602792127228e-15 5.351142673764717066e-17
5.244771317289716535e+03 3.938891355194562432e-15 5.836890673167912158e-17
5.245323415687604211e+03 3.842211216093276360e-15 5.395154878440778802e-17
5.245875514085491886e+03 3.911165187926274093e-15 6.429557036912877537e-17
5.246427612483379562e+03 3.967836916555554784e-15 6.035188956766732193e-17
5.246979710881267238e+03 3.945023795527222233e-15 7.123051229946986402e-17
5.247531809279154913e+03 3.914543602074824921e-15 6.029740605880985885e-17
5.248083907677042589e+03 3.992155619351920563e-15 6.277311256369004260e-17
5.248636006074930265e+03 3.962629984842968031e-15 7.942386156266961662e-17
5.249188104472817940e+03 3.941274891678372724e-15 6.051733460553774089e-17
5.249740202870705616e+03 3.777796869064264776e-15 5.967288115078145374e-17
5.250292301268593292e+03 3.956094625950698790e-15 5.367997521704613796e-17
5.250844399666480967e+03 3.953306512178875804e-15 6.027003356686686285e-17
5.251396498064368643e+03 3.887302017806090564e-15 5.465694154332054132e-17
5.251948596462256319e+03 3.953730888291931835e-15 5.614251297081842021e-17
5.252500694860143994e+03 3.947571129649040677e-15 5.471605758929136880e-17
5.253052793258031670e+03 3.936998706099114489e-15 5.611435975392998188e-17
5.253604891655919346e+03 3.861588199809328404e-15 5.282388485905379467e-17
5.254156990053807021e+03 3.928783171317112277e-15 5.282792251568186887e-17
5.254709088451694697e+03 3.896469766595023137e-15 5.465882395813001006e-17
5.255261186849582373e+03 3.940115413072202875e-15 5.612889552869000694e-17
5.255813285247470048e+03 3.887195905090291130e-15 5.879973270331854481e-17
5.256365383645357724e+03 3.891358037716874574e-15 5.449221471395874069e-17
5.256917482043245400e+03 4.027957200373188589e-15 5.866915869305948088e-17
5.257469580441133076e+03 3.853188098287769663e-15 5.369780067585209178e-17
5.258021678839020751e+03 3.789739587303432036e-15 5.178385477996804699e-17
5.258573777236908427e+03 3.895387881308769116e-15 5.113330752119786415e-17
5.259125875634796103e+03 3.847337312541042861e-15 6.065317977402712434e-17
5.259677974032683778e+03 3.865866295205448291e-15 5.563414852011901363e-17
5.260230072430571454e+03 3.888399124697602001e-15 5.143540363143858695e-17
5.260782170828459130e+03 3.823171710023828971e-15 5.964573985561302173e-17
5.261334269226346805e+03 3.943784654523365814e-15 5.620957801598805826e-17
5.261886367624234481e+03 3.951031204593227434e-15 5.265753448671291200e-17
5.262438466022122157e+03 3.925883422485692017e-15 5.312987248391039130e-17
5.262990564420009832e+03 3.904242914579003849e-15 6.920259649427740702e-17
5.263542662817897508e+03 3.933501967159810598e-15 5.905659721844926998e-17
5.264094761215785184e+03 3.806410959933353958e-15 5.437226995313508706e-17
5.264646859613672859e+03 3.941608788507766245e-15 5.307017782048120536e-17
5.265198958011560535e+03 3.851218764193439144e-15 5.310280165414551236e-17
5.265751056409448211e+03 3.891811934589151846e-15 5.097372831798407813e-17
5.266303154807335886e+03 3.861817702108949151e-15 5.340847714854759385e-17
5.266855253205223562e+03 3.901465958289155355e-15 5.016458244362642089e-17
5.267407351603111238e+03 3.773198639123820975e-15 4.790823792934176467e-17
5.267959450000998913e+03 3.819778248370237269e-15 4.822376085448554612e-17
5.268511548398886589e+03 3.867605929052532783e-15 5.109321108354199479e-17
5.269063646796774265e+03 3.894296849202744795e-15 5.202573349533486483e-17
5.269615745194661940e+03 3.843066572891788334e-15 5.198649152055965365e-17
5.270167843592549616e+03 3.822897478131036578e-15 4.762156036275871687e-17
5.270719941990437292e+03 3.784616639427449653e-15 4.742647598512400200e-17
5.271272040388324967e+03 3.820102742860991221e-15 5.131569362637264629e-17
5.271824138786212643e+03 3.800446430550192920e-15 4.934240460967766007e-17
5.272376237184100319e+03 4.042898013007511538e-15 5.897244535631274627e-17
5.272928335581987994e+03 3.785273215448974157e-15 6.584942663663632680e-17
5.273480433979875670e+03 3.897905231493879640e-15 6.040734066260614817e-17
5.274032532377763346e+03 3.762730916478678095e-15 5.287335837368432279e-17
5.274584630775651021e+03 3.830491411861177076e-15 5.353300366892380917e-17
5.275136729173538697e+03 3.930715793128148314e-15 6.068253436139216832e-17
5.275688827571426373e+03 3.908698054105794753e-15 6.191206629887269600e-17
5.276240925969314048e+03 3.857968105650804921e-15 4.750626082010086550e-17
5.276793024367201724e+03 3.883831874585706326e-15 4.759593334744180065e-17
5.277345122765089400e+03 3.863130154406109315e-15 4.760127262298517606e-17
5.277897221162977075e+03 3.857811490381268303e-15 4.999568570219891345e-17
5.278449319560864751e+03 3.915727845257502168e-15 4.994239405594728186e-17
5.279001417958752427e+03 3.713873277147803918e-15 5.596331470938519153e-17
5.279553516356640102e+03 3.811115642463865325e-15 4.929456930472058429e-17
5.280105614754527778e+03 3.941613412969551649e-15 6.094780201505859116e-17
5.280657713152415454e+03 3.908340695335196262e-15 5.328208279508529249e-17
5.281209811550303129e+03 3.872167790649721984e-15 4.788842911235037575e-17
5.281761909948190805e+03 3.790615469093181591e-15 4.768341429128715364e-17
5.282314008346078481e+03 3.884163089886080425e-15 5.402349703296633915e-17
5.282866106743966157e+03 5.093458014600277179e-15 5.535504239876043273e-17
5.283418205141853832e+03 4.013042976721392001e-15 5.739508099591013734e-17
5.283970303539741508e+03 4.194372247964895005e-15 5.785806932161854179e-17
5.284522401937629184e+03 3.909004241576175092e-15 5.174381182678058270e-17
5.285074500335516859e+03 3.907503626096233289e-15 4.909646632299481005e-17
5.285626598733404535e+03 3.902395636077109560e-15 5.240218252700866222e-17
5.286178697131292211e+03 3.862817220356784857e-15 5.370242134164935863e-17
5.286730795529179886e+03 3.779646428237345967e-15 6.148985497004882818e-17
5.287282893927067562e+03 3.725421571915835692e-15 5.259590354451336219e-17
5.287834992324955238e+03 4.042264101908183914e-15 5.701127149595508987e-17
5.288387090722842913e+03 4.018008007780820233e-15 5.739088960828896710e-17
5.288939189120730589e+03 3.715227512140962856e-15 5.324102998668588571e-17
5.289491287518618265e+03 3.864590849413667097e-15 7.127297433474662634e-17
5.290043385916505940e+03 3.839788399051141057e-15 6.759764178237060604e-17
5.290595484314393616e+03 3.838030314008444944e-15 5.230143740995138654e-17
5.291147582712281292e+03 3.795492587044576793e-15 5.108708786208658449e-17
5.291699681110168967e+03 3.676600243023982892e-15 5.140682059175317900e-17
5.292251779508056643e+03 3.725280278184937168e-15 5.331876653458732473e-17
5.292803877905944319e+03 3.869653788878089303e-15 5.645057264159534888e-17
5.293355976303831994e+03 3.893029140389508189e-15 5.694857163693534151e-17
5.293908074701719670e+03 3.802911783013791592e-15 5.385144454425683833e-17
5.294460173099607346e+03 3.888925846853770102e-15 5.361990749435867175e-17
5.295012271497495021e+03 3.900719016982290099e-15 5.427164388476138423e-17
5.295564369895382697e+03 3.774904538982169690e-15 5.376754003640763370e-17
5.296116468293270373e+03 3.880233212107123758e-15 5.444183794133315652e-17
5.296668566691158048e+03 3.897111664404975265e-15 5.744272084749879103e-17
5.297220665089045724e+03 3.822449236703372127e-15 6.088531813924710575e-17
5.297772763486933400e+03 3.792770211029235757e-15 6.483103655431791848e-17
5.298324861884821075e+03 3.868630512011547798e-15 6.567678164206257766e-17
5.298876960282708751e+03 3.797446521977230203e-15 5.414055432547207256e-17
5.299429058680596427e+03 3.741310224464086560e-15 5.415483157401801772e-17
5.299981157078484102e+03 3.778625780901145394e-15 5.352391539408628382e-17
5.300533255476371778e+03 3.746665792100652742e-15 5.299008822346730869e-17
5.301085353874259454e+03 3.736656523014710929e-15 5.454206737299299836e-17
5.301637452272147129e+03 3.918396829717610386e-15 5.882222356294161054e-17
5.302189550670034805e+03 3.866518633331327865e-15 5.800239739356935731e-17
5.302741649067922481e+03 3.676169933635688680e-15 5.518961832270559969e-17
5.303293747465810156e+03 3.685971565113310336e-15 8.476594998570414866e-17
5.303845845863697832e+03 3.864150679452882524e-15 5.795034959826371775e-17
5.304397944261585508e+03 3.959188224387898244e-15 6.224826404041463620e-17
5.304950042659473183e+03 3.863842460844337192e-15 5.719786185330845796e-17
5.305502141057360859e+03 3.694423353601355901e-15 5.277511705430772219e-17
5.306054239455248535e+03 3.686624642478124386e-15 5.446540234078302270e-17
5.306606337853136210e+03 3.866067843398203456e-15 6.351394459972133967e-17
5.307158436251023886e+03 3.782519502090117606e-15 6.028177304972199074e-17
5.307710534648911562e+03 3.816557791281733547e-15 4.983587334408149859e-17
5.308262633046799237e+03 3.785986500635146283e-15 5.543465530400062322e-17
5.308814731444686913e+03 3.765745358611324122e-15 5.503372540007476344e-17
5.309366829842574589e+03 3.743265025253836399e-15 5.123643719015827847e-17
5.309918928240462265e+03 3.791728056358264000e-15 4.883370801266855605e-17
5.310471026638349940e+03 3.827924927293430055e-15 4.889490418108861185e-17
5.311023125036237616e+03 3.850673058578248764e-15 5.048208729111791184e-17
5.311575223434125292e+03 3.774585105223020997e-15 5.114487212935455574e-17
5.312127321832012967e+03 3.778043999748516886e-15 5.050672735673681136e-17
5.312679420229900643e+03 3.729580950900516256e-15 5.452401519231114391e-17
5.313231518627788319e+03 3.717547636914683216e-15 5.516055278840783498e-17
5.313783617025675994e+03 3.683590662187778957e-15 5.685860596918380251e-17
5.314335715423563670e+03 3.636106808152937820e-15 5.694607446885871756e-17
5.314887813821451346e+03 3.879773373646365682e-15 5.370128269385771670e-17
5.315439912219339021e+03 4.108451419535183111e-15 6.731643972947124823e-17
5.315992010617226697e+03 3.840812078621197164e-15 5.569770922967157327e-17
5.316544109015114373e+03 3.881483046912032738e-15 5.306272252668582955e-17
5.317096207413002048e+03 3.856677818287683317e-15 5.408654594574706670e-17
5.317648305810889724e+03 3.873516333902735253e-15 5.378109319383537633e-17
5.318200404208777400e+03 3.825701824676548382e-15 5.023490191335989336e-17
5.318752502606665075e+03 3.748256762611445616e-15 4.845820995027933407e-17
5.319304601004552751e+03 3.764723702502815336e-15 5.154163835685785202e-17
5.319856699402440427e+03 3.767627058438925309e-15 5.539348737616966825e-17
5.320408797800328102e+03 3.706894530506886267e-15 5.123639054386917928e-17
5.320960896198215778e+03 3.711640324530027083e-15 5.157633679408312715e-17
5.321512994596103454e+03 3.782138322825602602e-15 4.941317601076659632e-17
5.322065092993991129e+03 3.788393561053650907e-15 4.942170185368752281e-17
5.322617191391878805e+03 3.788029657886179566e-15 5.442554855032159044e-17
5.323169289789766481e+03 3.807085365014374770e-15 5.641638475044509536e-17
5.323721388187654156e+03 3.849891903849228230e-15 5.390370238891670294e-17
5.324273486585541832e+03 4.032653556814591412e-15 5.981318625072973119e-17
5.324825584983429508e+03 3.925765997200929638e-15 6.162362815229223650e-17
5.325377683381317183e+03 3.763630689375408981e-15 5.836335293373122049e-17
5.325929781779204859e+03 3.817488244993672501e-15 6.259454976392477469e-17
5.326481880177092535e+03 3.736316930675066634e-15 6.168035296207376807e-17
5.327033978574980210e+03 3.734241433785238072e-15 5.808718902182063614e-17
5.327586076972867886e+03 3.683624110416067072e-15 5.443983068085487389e-17
5.328138175370755562e+03 3.788933278488465217e-15 5.721646091205847613e-17
5.328690273768643237e+03 3.790644404252968047e-15 6.105857350593687414e-17
5.329242372166530913e+03 3.698358862621933654e-15 6.101630376447965621e-17
5.329794470564418589e+03 3.790930175816357658e-15 6.140293202515284373e-17
5.330346568962306264e+03 3.846300923741156311e-15 5.723373316389804194e-17
5.330898667360193940e+03 3.817474195199751532e-15 5.888823530473144931e-17
5.331450765758081616e+03 3.804770830197636029e-15 5.616950484923070878e-17
5.332002864155969291e+03 3.791192516281119893e-15 5.940471824376737502e-17
5.332554962553856967e+03 3.752386285367896425e-15 7.169027876532023243e-17
5.333107060951744643e+03 3.690118019406404709e-15 5.459396211726245501e-17
5.333659159349632318e+03 3.780457451470570407e-15 5.509134981759054887e-17
5.334211257747519994e+03 3.839225042787126805e-15 6.457124644046110227e-17
5.334763356145407670e+03 3.633363915397359910e-15 5.324064399620897805e-17
5.335315454543295346e+03 3.621390718593798767e-15 5.246659697641907175e-17
5.335867552941183021e+03 3.685406155716238338e-15 5.350282969953508010e-17
5.336419651339070697e+03 3.710901503160147734e-15 5.263898495553789011e-17
5.336971749736958373e+03 3.839933697686480194e-15 5.138546162547103030e-17
5.337523848134846048e+03 3.801657635758051117e-15 5.231381483324637570e-17
5.338075946532733724e+03 3.713828232363891285e-15 5.016419106515784284e-17
5.338628044930621400e+03 3.804825662152448724e-15 5.782141284519980096e-17
5.339180143328509075e+03 3.782760912455568388e-15 5.014337002709116296e-17
5.339732241726396751e+03 3.681101326227703002e-15 5.530209332899088116e-17
5.340284340124284427e+03 3.669327984570108254e-15 5.686893539380746904e-17
5.340836438522172102e+03 3.641307267614562421e-15 6.292549311507703394e-17
5.341388536920059778e+03 3.691422180006142012e-15 5.981737514791773855e-17
5.341940635317947454e+03 3.752024949949202557e-15 5.074846648717470191e-17
5.342492733715835129e+03 3.629966049326132943e-15 5.077664448167157388e-17
5.343044832113722805e+03 3.639033262701117813e-15 4.848005643069446057e-17
5.343596930511610481e+03 3.717121161336782913e-15 5.064847761903590352e-17
5.344149028909498156e+03 3.697253380650002512e-15 4.966306225341819664e-17
5.344701127307385832e+03 3.678376740994634703e-15 5.065318740089305038e-17
5.345253225705273508e+03 3.739891339582062153e-15 4.856088833095329760e-17
5.345805324103161183e+03 3.592520649423401182e-15 5.739889454926211797e-17
5.346357422501048859e+03 3.689244514366068168e-15 5.040277520485489685e-17
5.346909520898936535e+03 3.704648488821464126e-15 5.476158545823277640e-17
5.347461619296824210e+03 3.734895347365156511e-15 5.868048297959184375e-17
5.348013717694711886e+03 3.678652413130399939e-15 5.344910437182760136e-17
5.348565816092599562e+03 3.737488430958750978e-15 5.419928306244081971e-17
5.349117914490487237e+03 3.748545260426476159e-15 6.146541856784320631e-17
5.349670012888374913e+03 3.627589524346514263e-15 6.082239768184260263e-17
5.350222111286262589e+03 3.662065526007942549e-15 5.932814203498388468e-17
5.350774209684150264e+03 3.656911375805491912e-15 5.527490601394517052e-17
5.351326308082037940e+03 3.665302391787162984e-15 6.203156135589456452e-17
5.351878406479925616e+03 3.769207499933943965e-15 5.677140764082949640e-17
5.352430504877813291e+03 3.803209658920767864e-15 5.783139923214190191e-17
5.352982603275700967e+03 3.782897938391555581e-15 5.655813122486875746e-17
5.353534701673588643e+03 3.709175785529473208e-15 5.583909698756232943e-17
5.354086800071476318e+03 3.628238145195652792e-15 5.669081877943836928e-17
5.354638898469363994e+03 3.825275046136396548e-15 5.642720740339083950e-17
5.355190996867251670e+03 3.849008475088227071e-15 5.552031216651474035e-17
5.355743095265139345e+03 3.706194695904933428e-15 7.014514737293673381e-17
5.356295193663027021e+03 3.814903176197247042e-15 5.509954654086667866e-17
5.448112591086259272e+03 -6.534699231338860847e-17 3.048980914070970596e-11
5.449225182172518544e+03 3.365725649962991734e-15 1.317002295892205119e-16
5.450337773258777815e+03 3.442631753798831646e-15 7.702491332664457689e-17
5.451450364345037087e+03 3.567018094465191430e-15 5.974024795078511300e-17
5.452562955431296359e+03 3.679797001671466201e-15 5.797142745057993272e-17
5.453675546517555631e+03 3.548029324234990218e-15 5.063782299105293359e-17
5.454788137603814903e+03 3.265657633944918586e-15 4.911364326304772050e-17
5.455900728690074175e+03 3.492791953921580744e-15 5.002471626087409497e-17
5.457013319776333446e+03 3.590658156369209495e-15 4.900335746222717117e-17
5.458125910862592718e+03 3.584428098724912149e-15 4.847527174376741257e-17
5.459238501948851990e+03 3.489175225583728771e-15 4.782978848587431278e-17
5.460351093035111262e+03 3.539619597160534407e-15 4.796000861950084101e-17
5.461463684121370534e+03 3.533412601652842950e-15 4.775187497684253899e-17
5.462576275207629806e+03 3.569125585726971299e-15 4.850868133771707569e-17
5.463688866293889077e+03 3.524904408930514194e-15 4.855102407633037281e-17
5.464801457380148349e+03 3.515489449036364158e-15 4.764832426245302474e-17
5.465914048466407621e+03 3.437507951500122051e-15 4.747736240335254323e-17
5.467026639552666893e+03 3.506749199245756070e-15 5.177852592086495794e-17
5.468139230638926165e+03 3.476100710685376645e-15 5.170703197025778735e-17
5.469251821725185437e+03 3.656503966462478137e-15 5.121186419562077822e-17
5.470364412811444708e+03 3.767306552670506274e-15 5.613307390897794334e-17
5.471477003897703980e+03 3.663752926850454583e-15 5.675760559577414216e-17
5.472589594983963252e+03 3.504360036422978860e-15 5.307080034341635513e-17
5.473702186070222524e+03 3.518769738416175395e-15 5.637867966517243311e-17
5.474814777156481796e+03 3.497026658057144215e-15 5.303343046485532052e-17
5.475927368242741068e+03 3.647464733526859299e-15 4.821107166734264924e-17
5.477039959329000339e+03 3.474931528299926618e-15 5.663978949117759933e-17
5.478152550415259611e+03 3.481928405133074180e-15 5.155565822884513695e-17
5.479265141501518883e+03 3.538449068443937065e-15 6.664479777131783262e-17
5.480377732587778155e+03 3.532163364592656265e-15 7.160418774587391014e-17
5.481490323674037427e+03 3.528035427887512605e-15 6.137616533220671780e-17
5.482602914760296699e+03 3.457538760103554164e-15 5.039641960936046204e-17
5.483715505846555970e+03 3.549222710104316225e-15 4.897773398164960057e-17
5.484828096932815242e+03 3.485930536233223619e-15 4.615071383929424999e-17
5.485940688019074514e+03 3.428880330450131680e-15 4.552749284919470199e-17
5.487053279105333786e+03 3.382918785348235129e-15 4.572692110431681547e-17
5.488165870191593058e+03 3.432062030582548959e-15 4.548556243391551795e-17
5.489278461277852330e+03 3.522668528878336799e-15 4.650516849688772687e-17
5.490391052364111601e+03 3.470733283529842229e-15 4.593972655675931174e-17
5.491503643450370873e+03 3.446227263671555170e-15 4.546662163308758849e-17
5.492616234536630145e+03 3.580084496834509018e-15 5.247697231999336224e-17
5.493728825622889417e+03 3.396738455016254807e-15 5.042230467510189772e-17
5.494841416709148689e+03 3.448408594871801639e-15 4.733091963489414890e-17
5.495954007795407961e+03 3.412585157849293592e-15 4.533415726678165984e-17
5.497066598881667232e+03 3.511500314313629785e-15 4.741983931045066141e-17
5.498179189967926504e+03 3.459640748905553520e-15 4.539390744902369296e-17
5.499291781054185776e+03 3.439485657027545877e-15 4.513635606895440217e-17
5.500404372140445048e+03 3.562905684125735568e-15 4.749204233772560922e-17
5.501516963226704320e+03 3.538897915495018459e-15 4.869276665628297385e-17
5.502629554312963592e+03 3.415756648569470092e-15 4.955286611821813639e-17
5.503742145399222863e+03 3.423769347067400647e-15 4.756795993688937667e-17
5.504854736485482135e+03 3.342959683550377219e-15 4.980264076625124806e-17
5.505967327571741407e+03 3.453927259182569904e-15 4.569201117791658784e-17
5.507079918658000679e+03 3.409408655940491964e-15 4.666909824025448062e-17
5.508192509744259951e+03 3.489784568687166682e-15 4.886134236013564464e-17
5.509305100830519223e+03 3.253719855960517405e-15 4.952691654176343025e-17
5.510417691916778494e+03 3.420595687386571263e-15 5.001614874811133185e-17
5.511530283003037766e+03 3.363403294383689385e-15 4.417740851470673701e-17
5.512642874089297038e+03 3.323244907051465762e-15 4.801583155468882297e-17
5.513755465175556310e+03 3.416407289492373458e-15 4.807168018600775335e-17
5.514868056261815582e+03 3.517762089934031320e-15 4.420775880775099496e-17
5.515980647348074854e+03 3.562311903276092550e-15 4.707898045036932912e-17
5.517093238434334125e+03 3.417993450764084678e-15 4.608965020783491684e-17
5.518205829520593397e+03 3.318809920813086033e-15 4.371292668964316121e-17
5.519318420606852669e+03 3.411655365474270227e-15 4.466258811732398639e-17
5.520431011693111941e+03 3.335371609240622482e-15 4.622625344858941008e-17
5.521543602779371213e+03 3.459240160063438765e-15 4.687429914165864238e-17
5.522656193865630485e+03 3.371657596566524407e-15 4.325196875679987943e-17
5.523768784951889756e+03 3.376766977580532438e-15 4.615110521520256149e-17
5.524881376038149028e+03 3.382397710820819550e-15 4.669189267599408388e-17
5.525993967124408300e+03 3.435252589834109144e-15 4.766718350507203325e-17
5.527106558210667572e+03 3.496334033016669795e-15 4.386638384555728766e-17
5.528219149296926844e+03 3.459101522071991549e-15 4.400506847990792933e-17
5.529331740383186116e+03 3.506326329308403467e-15 4.351571537977588591e-17
5.530444331469445387e+03 3.756606012254076997e-15 4.471883667350090379e-17
5.531556922555704659e+03 3.440630493620418325e-15 4.693517598681784984e-17
5.532669513641963931e+03 3.362192102832331250e-15 5.002624963850284454e-17
5.533782104728223203e+03 3.415263544268348822e-15 4.287283654513338276e-17
5.534894695814482475e+03 3.368902872274441643e-15 4.253963393760989705e-17
5.536007286900741747e+03 3.369746591672915038e-15 4.289388552598958296e-17
5.537119877987001018e+03 3.507442729346034266e-15 4.431546666088066879e-17
5.538232469073260290e+03 3.294067940019721006e-15 4.405228437521133835e-17
5.539345060159519562e+03 3.397420989872956034e-15 5.501814635478512682e-17
5.540457651245778834e+03 3.229492572363192463e-15 5.370940434640436936e-17
5.541570242332038106e+03 3.253884356351471313e-15 5.224530964149014859e-17
5.542682833418297378e+03 3.422554264597906543e-15 4.252623562668234218e-17
5.543795424504556649e+03 3.480466332593645088e-15 4.570568151063478250e-17
5.544908015590815921e+03 3.499669046269879199e-15 4.433550823184776876e-17
5.546020606677075193e+03 3.307070935688308497e-15 4.209648119963783296e-17
5.547133197763334465e+03 3.377316609817106190e-15 4.222697844860105979e-17
5.548245788849593737e+03 3.284158551042159771e-15 4.236189142541325361e-17
5.549358379935853009e+03 3.440027440312747532e-15 4.466686991248755213e-17
5.550470971022112280e+03 3.415905418043719579e-15 4.223938640613078004e-17
5.551583562108371552e+03 3.314581448890753540e-15 4.165840547322996489e-17
5.552696153194630824e+03 3.433078040076583527e-15 4.251693286735304486e-17
5.553808744280890096e+03 3.453422822212308247e-15 4.781182654212477506e-17
5.554921335367149368e+03 3.436657707478994739e-15 4.739107269333842718e-17
5.556033926453408640e+03 3.373268132706825550e-15 4.219930283692531798e-17
5.557146517539667911e+03 3.330986481327348758e-15 4.187898174832127742e-17
5.558259108625927183e+03 3.254150029270439178e-15 4.276138825912050426e-17
5.559371699712186455e+03 3.326598658221896380e-15 4.421277911485424553e-17
5.560484290798445727e+03 3.314704939835961798e-15 4.425630381227716969e-17
5.561596881884704999e+03 3.265181333993443555e-15 4.110549825199738066e-17
5.562709472970964271e+03 3.388604533401809075e-15 4.233609105570743175e-17
5.563822064057223542e+03 3.244316327451409818e-15 4.088599441886321527e-17
5.564934655143482814e+03 3.246063900152806127e-15 4.190791218015905721e-17
5.566047246229742086e+03 3.850815842436384762e-15 4.563279087670444799e-17
5.567159837316001358e+03 3.327920650953543635e-15 4.101927058083059410e-17
5.568272428402260630e+03 3.203038509851964286e-15 4.076624045398498906e-17
5.569385019488519902e+03 3.280816124456191477e-15 4.120428358494655444e-17
5.570497610574779173e+03 3.284613430295429310e-15 4.419655945512705409e-17
5.571610201661038445e+03 3.419921702931313500e-15 4.239943989251806375e-17
5.572722792747297717e+03 3.443495023553676929e-15 4.365854329171488770e-17
5.573835383833556989e+03 3.847027474011159875e-15 4.300841182750185065e-17
5.574947974919816261e+03 3.617292095880885940e-15 4.527115493257897535e-17
5.576060566006075533e+03 3.352182520541768678e-15 4.992322261035379985e-17
5.577173157092334804e+03 3.247418741140509115e-15 4.715818128970156924e-17
5.578285748178594076e+03 3.243344611926069692e-15 4.653718507563723038e-17
5.579398339264853348e+03 3.241016729781706167e-15 4.236314911089502607e-17
5.580510930351112620e+03 3.243348202118148393e-15 4.474902529452317553e-17
5.581623521437371892e+03 3.237871968042303548e-15 4.029394445313682280e-17
5.582736112523631164e+03 3.235683924562748438e-15 4.032720790283814836e-17
5.583848703609890435e+03 3.275494783833556964e-15 4.401269136210968403e-17
5.584961294696149707e+03 3.319352635934773063e-15 4.675047881852240743e-17
5.586073885782408979e+03 3.223463828850981713e-15 4.027560214879330831e-17
5.587186476868668251e+03 3.266990813132586883e-15 4.027555035079825224e-17
5.588299067954927523e+03 3.221280190580010493e-15 4.006556622394446697e-17
5.589411659041186795e+03 3.284564257361686939e-15 4.023288171163710133e-17
5.590524250127446066e+03 3.340217874577936991e-15 4.406153239677437316e-17
5.591636841213705338e+03 3.338632710254296692e-15 4.396708543277516048e-17
5.592749432299964610e+03 3.261735536432453115e-15 4.102179006955983511e-17
5.593862023386223882e+03 3.255427929378941352e-15 4.520546827124792922e-17
5.594974614472483154e+03 3.207459961739082782e-15 3.980398326249046102e-17
5.596087205558742426e+03 3.200493815173563766e-15 3.965787131510726784e-17
5.597199796645001697e+03 3.206359081304815843e-15 3.976678751781420109e-17
5.598312387731260969e+03 3.260601005799986987e-15 4.385979339156760569e-17
5.599424978817520241e+03 3.310459108341540957e-15 4.495252724399085012e-17
5.600537569903779513e+03 2.310845448017955521e-15 3.992150183643275464e-17
5.601650160990038785e+03 3.161338046361498752e-15 3.963596923171427587e-17
5.602762752076298057e+03 3.159933535669647267e-15 4.143369086373945019e-17
5.603875343162557328e+03 3.295701403202095705e-15 4.303828085724702344e-17
5.604987934248816600e+03 3.188163876554729092e-15 4.182391117012049252e-17
5.606100525335075872e+03 3.195394298612589756e-15 4.300169746514982486e-17
5.607213116421335144e+03 3.162638298129956278e-15 4.277787058946051904e-17
5.608325707507594416e+03 3.220306091004781576e-15 3.970580647303802014e-17
5.609438298593853688e+03 3.261909304225581080e-15 4.233134177546899513e-17
5.610550889680112959e+03 3.159584012096194750e-15 4.519097570130444834e-17
5.611663480766372231e+03 3.116053576263885299e-15 4.246834694579270890e-17
5.612776071852631503e+03 3.112059645297561875e-15 3.906251559701824418e-17
5.613888662938890775e+03 3.136744782774345404e-15 3.959642463516895977e-17
5.615001254025150047e+03 2.743379229594288994e-15 4.012120501422873135e-17
5.616113845111409319e+03 3.055233269038885746e-15 4.217149729328717016e-17
5.617226436197668590e+03 3.112894287300553875e-15 5.228870136946489931e-17
5.618339027283927862e+03 3.102572504531694486e-15 5.095714819371371876e-17
5.619451618370187134e+03 3.181883119936853830e-15 4.830008040872148889e-17
5.620564209456446406e+03 3.193979012606558607e-15 4.757913996030720811e-17
5.621676800542705678e+03 3.124250503805959763e-15 4.041850049264167346e-17
5.622789391628964950e+03 3.246578082206276262e-15 3.991151116715684462e-17
5.623901982715224221e+03 3.310211724874201818e-15 4.159773347400134163e-17
5.625014573801483493e+03 3.257962664847045101e-15 4.210100995458830923e-17
5.626127164887742765e+03 3.244550817270193466e-15 4.064628868118879227e-17
5.627239755974002037e+03 3.284656139430011231e-15 5.180893598988104652e-17
5.628352347060261309e+03 3.290512599032807052e-15 6.953735419140729218e-17
5.629464938146520581e+03 3.170127546537821374e-15 4.380881367398659086e-17
5.630577529232779852e+03 3.211901894997786104e-15 3.925761433516112557e-17
5.631690120319039124e+03 3.134141167700231702e-15 3.879862759876637508e-17
5.632802711405298396e+03 3.108224406713528794e-15 4.101370088102370891e-17
5.633915302491557668e+03 3.191129446793187284e-15 4.221949837615941754e-17
5.635027893577816940e+03 3.242205944395321769e-15 3.944864082449556758e-17
5.636140484664076212e+03 3.154181699641520304e-15 3.874218689505989722e-17
5.637253075750335483e+03 3.170398420866874016e-15 3.948593874976659530e-17
5.638365666836594755e+03 3.183888473178219250e-15 3.887903779960535693e-17
5.639478257922854027e+03 3.238788051282767382e-15 3.906926853640989642e-17
5.640590849009113299e+03 3.115565492903914416e-15 4.162781919033992262e-17
5.641703440095372571e+03 3.064043506529685849e-15 3.971865318029215172e-17
5.642816031181631843e+03 3.141331446180606315e-15 4.023080859161015174e-17
5.643928622267891114e+03 3.215674350524182348e-15 3.870496849330394458e-17
5.645041213354150386e+03 3.139468804925676613e-15 4.767135625112354344e-17
5.646153804440409658e+03 3.157257613472230033e-15 4.743203029416894864e-17
5.647266395526668930e+03 3.115764110576102375e-15 4.062386778418135528e-17
5.648378986612928202e+03 3.102399279334124694e-15 4.142932040281501001e-17
5.649491577699187474e+03 3.014946402093330045e-15 3.814847150535571621e-17
5.650604168785446745e+03 3.132242082220506790e-15 3.823138368413418009e-17
5.651716759871706017e+03 3.229811382229934322e-15 3.869729789377683689e-17
5.652829350957965289e+03 3.195919573233745709e-15 4.024900140113627263e-17
5.653941942044224561e+03 3.183241102078748504e-15 4.177089841427991971e-17
5.655054533130483833e+03 3.121383741812887523e-15 3.865951762075775173e-17
5.656167124216743105e+03 3.203917715793967026e-15 4.168871540101212511e-17
5.657279715303002376e+03 3.226884476253902367e-15 5.473198709243354382e-17
5.658392306389261648e+03 3.208653350163194784e-15 4.369403742541568635e-17
5.659504897475520920e+03 3.173055777388184393e-15 4.194288742308642034e-17
5.660617488561780192e+03 3.146835072399883465e-15 3.801731028964611100e-17
5.661730079648039464e+03 3.063755269792276727e-15 3.801833248676318295e-17
5.662842670734298736e+03 3.163057710783851033e-15 3.808179298807808900e-17
5.663955261820558007e+03 3.155514021930473526e-15 3.796752269592676357e-17
5.665067852906817279e+03 3.123465771879694828e-15 3.778684874576502523e-17
5.666180443993076551e+03 3.125903643300915002e-15 3.777696142151347798e-17
5.667293035079335823e+03 3.099868755155422408e-15 4.064124453028115281e-17
5.668405626165595095e+03 3.160415199619043552e-15 4.030477520996688527e-17
5.669518217251854367e+03 3.122135231236416363e-15 3.781410303928359963e-17
5.670630808338113638e+03 3.120367271973962656e-15 3.772213194938947646e-17
5.671743399424372910e+03 3.116870663529166849e-15 3.808563159231438534e-17
5.672855990510632182e+03 3.061052216010228990e-15 3.806600494873157209e-17
5.673968581596891454e+03 3.065172476820202681e-15 4.467449051215303996e-17
5.675081172683150726e+03 3.106700404739762381e-15 4.349501985942109893e-17
5.676193763769409998e+03 3.140899540826877594e-15 3.785389044295125037e-17
5.677306354855669269e+03 3.157737629996239840e-15 3.774102157161593378e-17
5.678418945941928541e+03 3.145496085535575269e-15 4.011716931640728572e-17
5.679531537028187813e+03 3.111332622080025378e-15 5.147740349998539440e-17
5.680644128114447085e+03 3.070541630098741815e-15 5.114796121281445291e-17
5.681756719200706357e+03 3.157517243028084181e-15 5.091427939490267501e-17
5.682869310286965629e+03 3.141082951360676608e-15 4.694768809343761433e-17
5.683981901373224900e+03 3.131911176297192055e-15 4.636053013320507408e-17
5.685094492459484172e+03 3.143976749318809590e-15 4.663810939412060144e-17
5.686207083545743444e+03 3.108095847108226545e-15 5.848956247164814898e-17
5.687319674632002716e+03 3.204305988239138342e-15 4.085532607442485232e-17
5.688432265718261988e+03 3.161196182706910396e-15 4.027950768613456623e-17
5.689544856804521260e+03 3.148120203212542092e-15 4.009631776978891785e-17
5.690657447890780531e+03 3.010152013552368695e-15 3.686292535413118497e-17
5.691770038977039803e+03 3.086201558037363817e-15 3.860896778679633061e-17
5.692882630063299075e+03 3.144541138241298318e-15 3.885162004801914355e-17
5.693995221149558347e+03 3.035882409829833137e-15 3.689257061149963124e-17
5.695107812235817619e+03 3.117647348044618298e-15 4.016389565158029548e-17
5.696220403322076891e+03 3.066529810529769588e-15 3.854804124184579789e-17
5.697332994408336162e+03 3.042172632109827235e-15 4.129893557874725587e-17
5.698445585494595434e+03 2.669460178980695233e-15 3.861982492503828922e-17
5.699558176580854706e+03 2.830767633446753859e-15 3.678095862290119914e-17
5.700670767667113978e+03 3.110888690039306759e-15 3.684796072585303260e-17
5.701783358753373250e+03 3.099609969668178181e-15 3.950146877532559197e-17
5.702895949839632522e+03 3.131483162832988816e-15 3.961747652563202021e-17
5.704008540925891793e+03 3.098486157836423032e-15 3.711995375811158738e-17
5.705121132012151065e+03 2.954473674460013857e-15 3.625760699259539872e-17
5.706233723098410337e+03 3.053256931210979585e-15 3.648230036798622230e-17
5.707346314184669609e+03 3.074476896806583358e-15 3.986083123180088063e-17
5.708458905270928881e+03 3.040326253218281645e-15 3.678957541377483056e-17
5.709571496357188153e+03 3.004494985945917122e-15 3.636486842249277721e-17
5.710684087443447424e+03 3.043388105716216956e-15 3.889600199297667497e-17
5.711796678529706696e+03 3.061039618880115909e-15 3.904923855071932876e-17
5.712909269615965968e+03 3.072060276318909975e-15 3.653886558580236345e-17
5.714021860702225240e+03 3.003547165647575703e-15 3.690462009869375877e-17
5.715134451788484512e+03 3.053450967256246487e-15 3.679909344220586783e-17
5.716247042874743784e+03 2.847604687423512746e-15 3.687129888800613308e-17
5.717359633961003055e+03 3.119440664753904920e-15 3.665894717850814958e-17
5.718472225047262327e+03 3.125484980499785535e-15 3.966335456802185753e-17
5.719584816133521599e+03 3.078324850844529843e-15 4.054183397999963643e-17
5.720697407219780871e+03 3.030779744859800447e-15 4.307214438300921722e-17
5.721809998306040143e+03 3.096424679574621231e-15 4.391751246486756651e-17
5.722922589392299415e+03 3.471091278079602467e-15 4.365436582521625751e-17
5.724035180478558686e+03 3.116264190007231795e-15 4.898408813335478291e-17
5.725147771564817958e+03 3.051103641824035300e-15 3.609856928428177475e-17
5.726260362651077230e+03 2.971924043577870790e-15 3.572201987562334342e-17
5.727372953737336502e+03 3.002865297200449280e-15 3.591679266040694990e-17
5.728485544823595774e+03 2.971192583189728696e-15 3.800234886648054241e-17
5.729598135909855046e+03 3.000045369941386405e-15 3.754396987851896037e-17
5.730710726996114317e+03 3.159087433515128195e-15 3.947988167461373074e-17
5.731823318082373589e+03 2.897755095906596888e-15 3.879470834512784595e-17
5.732935909168632861e+03 3.012204181553487958e-15 4.036610653925906233e-17
5.734048500254892133e+03 3.047860363385921289e-15 3.872751752696098518e-17
5.735161091341151405e+03 2.963620846051767410e-15 3.583358793398096406e-17
5.736273682427410677e+03 2.938346997332399656e-15 4.264999690420225108e-17
5.737386273513669948e+03 3.009082628978500758e-15 3.831152465210883097e-17
5.738498864599929220e+03 3.054476564726899622e-15 3.788972440842330755e-17
5.739611455686188492e+03 2.973672849833464699e-15 3.750808708336033100e-17
5.740724046772447764e+03 2.806475001240036403e-15 3.523390117255165925e-17
5.741836637858707036e+03 2.954001658796490902e-15 4.388345892617236519e-17
5.742949228944966308e+03 3.009552842543948668e-15 4.631767078405354418e-17
5.744061820031225579e+03 2.949263623271532651e-15 4.408440393391308575e-17
5.745174411117484851e+03 3.084191260462423064e-15 3.849829890119356309e-17
5.746287002203744123e+03 3.050502252431793269e-15 4.398790501458427766e-17
5.747399593290003395e+03 3.039154828504826971e-15 4.385888927786611662e-17
5.748512184376262667e+03 3.023034293565853392e-15 4.401958455205656309e-17
5.749624775462521939e+03 2.988416874346982051e-15 4.314267591302941966e-17
5.750737366548781210e+03 2.925952380908553303e-15 3.810413604191888046e-17
5.751849957635040482e+03 2.996786240184475730e-15 3.871059054470397745e-17
5.752962548721299754e+03 3.001451813754835480e-15 3.597565019804446249e-17
5.754075139807559026e+03 3.040279652526218419e-15 3.925696677820067151e-17
5.755187730893818298e+03 3.087598305548668763e-15 5.600805945786034840e-17
5.756300321980077570e+03 3.514554452902988285e-15 5.863145063386789437e-17
5.757412913066336841e+03 3.032364050967335059e-15 5.202017322889382418e-17
5.758525504152596113e+03 2.986873775996352690e-15 4.073732821129294364e-17
5.759638095238855385e+03 2.884215779967245437e-15 4.053895797170071998e-17
5.760750686325114657e+03 2.963804365051460318e-15 3.698314347614017586e-17
5.761863277411373929e+03 2.996986657715270697e-15 3.561046267306855526e-17
5.762975868497633201e+03 2.989372483120465771e-15 4.211883182681429442e-17
5.764088459583892472e+03 2.976182962042617298e-15 4.181692776911184836e-17
5.765201050670151744e+03 2.960014927597422795e-15 5.252347418355251576e-17
5.766313641756411016e+03 2.947543781250196108e-15 4.361296249913689790e-17
5.767426232842670288e+03 3.036417852391045033e-15 4.801711018813786375e-17
5.768538823928929560e+03 3.005933320629646006e-15 3.996754028410816091e-17
5.769651415015188832e+03 2.973402018747585681e-15 4.454520266692916634e-17
5.770764006101448103e+03 2.939267138002174511e-15 3.941875944175524919e-17
5.771876597187707375e+03 2.975169525722938434e-15 3.576788415147052352e-17
5.772989188273966647e+03 2.916186102932102183e-15 3.513455279198345066e-17
5.774101779360225919e+03 2.949681941726786431e-15 3.593077751866603993e-17
5.775214370446485191e+03 2.867016945867219199e-15 4.135345568875596314e-17
5.776326961532744463e+03 2.949198753355907482e-15 4.074547072918673798e-17
5.777439552619003734e+03 2.941466623325714383e-15 3.763208630047444035e-17
5.778552143705263006e+03 2.905133343332515013e-15 3.521169984379937663e-17
5.779664734791522278e+03 2.951352888481426977e-15 3.558562279209821592e-17
5.780777325877781550e+03 2.967030828424396541e-15 3.569277535501465999e-17
5.781889916964040822e+03 2.862489636521706142e-15 3.947077079559549121e-17
5.783002508050300094e+03 2.915822363605714072e-15 3.884770342979079470e-17
5.784115099136559365e+03 2.947518751347623359e-15 3.563028712294822994e-17
5.785227690222818637e+03 2.933274904996866979e-15 3.527279419848079247e-17
5.786340281309077909e+03 2.997091969285834357e-15 3.590870111304383100e-17
5.787452872395337181e+03 2.936286548058766807e-15 3.524160271682098520e-17
5.788565463481596453e+03 2.912824411873476278e-15 4.226739274042891147e-17
5.789678054567855725e+03 2.930465096217597108e-15 3.960141637818325610e-17
5.790790645654114996e+03 2.993672488828179799e-15 4.598049956948430672e-17
5.791903236740374268e+03 2.926717393535886025e-15 3.676854177724997864e-17
5.793015827826633540e+03 2.975876613873725111e-15 4.389874043946646102e-17
5.794128418912892812e+03 3.350020674703358154e-15 4.321998946269612452e-17
5.795241009999152084e+03 2.911225346685156211e-15 3.530348973452963970e-17
5.796353601085411356e+03 2.924520579887716630e-15 3.514993080358599440e-17
5.797466192171670627e+03 2.864576519899882440e-15 3.744273896869697906e-17
5.798578783257929899e+03 2.904197769797168227e-15 4.324115750265214021e-17
5.799691374344189171e+03 2.882738157999092491e-15 3.517498478597415631e-17
5.800803965430448443e+03 2.886568061369910052e-15 3.793332299677144284e-17
5.801916556516707715e+03 2.962640791186799632e-15 3.930356606983729415e-17
5.803029147602966987e+03 2.914319729767647372e-15 3.669447355594635566e-17
5.804141738689226258e+03 2.907651742050501836e-15 3.650445633607588624e-17
5.805254329775485530e+03 2.882287446332211543e-15 3.559197711017191985e-17
5.806366920861744802e+03 2.960645652753563257e-15 3.888365337215928417e-17
5.807479511948004074e+03 2.946944301604105789e-15 3.996036978181905219e-17
5.808592103034263346e+03 2.866652085379385069e-15 3.553969949009312264e-17
5.809704694120522618e+03 2.854795590046789085e-15 3.527471417607724082e-17
5.810817285206781889e+03 2.917522240105006967e-15 3.542112337701465616e-17
5.811929876293041161e+03 2.809050533369046706e-15 3.526485589933469955e-17
5.813042467379300433e+03 2.823798329611961843e-15 3.494644861286351855e-17
5.814155058465559705e+03 2.863318334173301042e-15 3.533497137260499389e-17
5.815267649551818977e+03 2.895001951997206831e-15 3.775297039156365670e-17
5.816380240638078249e+03 2.861539752469804767e-15 3.504495250251401384e-17
5.817492831724337520e+03 2.704226623711169684e-15 3.573912665410819152e-17
5.818605422810596792e+03 2.960325197955804424e-15 3.719090230814428637e-17
5.819718013896856064e+03 2.863704601483685972e-15 3.537318669679825199e-17
5.820830604983115336e+03 2.884019355796119994e-15 3.657366438801510332e-17
5.821943196069374608e+03 2.941775905268615615e-15 3.984652096534517590e-17
5.823055787155633880e+03 2.846376523900065751e-15 3.754368194814903659e-17
5.824168378241893151e+03 3.017518362295703635e-15 3.925792507338651573e-17
5.825280969328152423e+03 3.063788188484677052e-15 4.372534226151537172e-17
5.826393560414411695e+03 2.913417450738023931e-15 3.892247269701343610e-17
5.827506151500670967e+03 2.916352961453568128e-15 3.760897533178534626e-17
5.828618742586930239e+03 2.902640789593591901e-15 3.555742055485634429e-17
5.829731333673189511e+03 2.764286543479220959e-15 3.473389541650469806e-17
5.830843924759448782e+03 2.916052515776643879e-15 4.344506956663167745e-17
5.831956515845708054e+03 2.973945211209051425e-15 4.153526835582920034e-17
5.833069106931967326e+03 2.944121048839711838e-15 3.957332790176183006e-17
5.834181698018226598e+03 2.919562766167439149e-15 3.539364877246799412e-17
5.835294289104485870e+03 2.852821026564425059e-15 3.746675018428952601e-17
5.836406880190745142e+03 3.776083259579350002e-15 4.407234151408471994e-17
5.837519471277004413e+03 2.914395888259915367e-15 4.895200273787626887e-17
5.838632062363263685e+03 2.804762788795562963e-15 3.677596639680984533e-17
5.839744653449522957e+03 2.850064735224924700e-15 3.534090294522428415e-17
5.840857244535782229e+03 2.818751672717593864e-15 3.930323184047880833e-17
5.841969835622041501e+03 2.831216841023050890e-15 4.228807287064007893e-17
5.843082426708300773e+03 2.848355482633241394e-15 3.673013200443241040e-17
5.844195017794560044e+03 2.905077164003133811e-15 3.626309486024216048e-17
5.845307608880819316e+03 2.892743499930608152e-15 3.993038611605749570e-17
5.846420199967078588e+03 2.807974573110684950e-15 4.006066178618756995e-17
5.847532791053337860e+03 2.852993587040975235e-15 3.565486386770093447e-17
5.848645382139597132e+03 2.887119020457214751e-15 3.617206408424071903e-17
5.849757973225856404e+03 2.845278111113782362e-15 4.474173227361090714e-17
5.850870564312115675e+03 2.830699796618696098e-15 4.411479628453892767e-17
5.851983155398374947e+03 2.838232741652398808e-15 4.545510033594536295e-17
5.853095746484634219e+03 2.860281455510599826e-15 4.560701780732163115e-17
5.854208337570893491e+03 2.815412518271523783e-15 3.543231167798522447e-17
5.855320928657152763e+03 2.815931357556739350e-15 3.561363360869877845e-17
5.856433519743412035e+03 2.874575151002547495e-15 3.855899308014686112e-17
5.857546110829671306e+03 2.853384354218104182e-15 3.967797707643226620e-17
5.858658701915930578e+03 2.861520135626067603e-15 3.901499608061799115e-17
5.859771293002189850e+03 2.798973149515254072e-15 3.788216500689893096e-17
5.860883884088449122e+03 2.825783001702106824e-15 4.360014878372967092e-17
5.861996475174708394e+03 2.797346086806383697e-15 3.565345993727872032e-17
5.863109066260967666e+03 2.855140979462862151e-15 3.693474488173434825e-17
5.864221657347226937e+03 2.841266430855322407e-15 3.623490478915614493e-17
5.865334248433486209e+03 2.888283452931199099e-15 3.612656415154119899e-17
5.866446839519745481e+03 2.794302750479964239e-15 3.568016755128754709e-17
5.867559430606004753e+03 3.033226278028439841e-15 3.695295551343781092e-17
5.868672021692264025e+03 3.300723653164532732e-15 3.992708686657883897e-17
5.869784612778523297e+03 2.752689593242443384e-15 4.423645255549838267e-17
5.870897203864782568e+03 2.760803371377504968e-15 4.493764598127644445e-17
5.872009794951041840e+03 2.760852790969006144e-15 4.472522617981349042e-17
5.873122386037301112e+03 2.753143873261711564e-15 4.452786128751062822e-17
5.874234977123560384e+03 3.230213890128385706e-15 4.024435600084994958e-17
5.875347568209819656e+03 2.619576726495542677e-15 3.894724517817357222e-17
5.876460159296078928e+03 2.541289530757336455e-15 4.028886907810589741e-17
5.877572750382338199e+03 2.513197535757108410e-15 3.524872949825602856e-17
5.878685341468597471e+03 2.609943049803136416e-15 3.591603492630681946e-17
5.879797932554856743e+03 2.652543029166990646e-15 3.618692738569748845e-17
5.880910523641116015e+03 2.675250793184941981e-15 3.636281192432586980e-17
5.882023114727375287e+03 2.766172737729996382e-15 3.657787727613826749e-17
5.883135705813634559e+03 2.706659571081368325e-15 4.196100576062249459e-17
5.884248296899893830e+03 2.834324049047145498e-15 3.671285836275136121e-17
5.885360887986153102e+03 2.668943130310013033e-15 3.605336164662648148e-17
5.886473479072412374e+03 2.434805899739456367e-15 3.536991375921001181e-17
5.887586070158671646e+03 2.840739421011377459e-15 3.787833632210746669e-17
5.888698661244930918e+03 2.755957856039351370e-15 3.661013395558750483e-17
5.889811252331190190e+03 2.766686589537398377e-15 3.790367016789599859e-17
5.890923843417449461e+03 2.581367819972790584e-15 3.589939560552113783e-17
5.892036434503708733e+03 2.500228907087515482e-15 3.563771896924952500e-17
5.893149025589968005e+03 2.668554504351466329e-15 3.688696579190327480e-17
5.894261616676227277e+03 2.731403468780769260e-15 3.701233662066428710e-17
5.895374207762486549e+03 2.820153494873173298e-15 3.762109961893354221e-17
5.896486798848745821e+03 2.733454051482865561e-15 4.110476017917469668e-17
5.897599389935005092e+03 2.755373037529231525e-15 4.074378369896121120e-17
5.898711981021264364e+03 2.768528213627620626e-15 3.946976849276703611e-17
5.899824572107523636e+03 2.791809848149835143e-15 3.816160435382703607e-17
5.900937163193782908e+03 2.802849442189220633e-15 3.756861508430181414e-17
5.902049754280042180e+03 2.806936643186454951e-15 3.758831704506140653e-17
5.903162345366301452e+03 2.769705192343197204e-15 3.759722886630501419e-17
5.904274936452560723e+03 2.735763752930748643e-15 3.932694918038035741e-17
5.905387527538819995e+03 2.685224492720615855e-15 3.758812499754154855e-17
5.906500118625079267e+03 2.798985913171486781e-15 4.215974120599175603e-17
5.907612709711338539e+03 2.889544078618428914e-15 4.206742406974520087e-17
5.908725300797597811e+03 2.838839162853175739e-15 4.407242771118805550e-17
5.909837891883857083e+03 2.848291386863741603e-15 4.299167193198914014e-17
5.910950482970116354e+03 2.801416227208885438e-15 3.969869800637052703e-17
5.912063074056375626e+03 2.863989417419350339e-15 4.579587670086898484e-17
5.913175665142634898e+03 2.736134730759095296e-15 3.820044466975773880e-17
5.914288256228894170e+03 2.729246987461963962e-15 3.868384804541011420e-17
5.915400847315153442e+03 3.435399048410805336e-15 4.171238240168867815e-17
5.916513438401412714e+03 2.827501989861464912e-15 3.817027977534804189e-17
5.917626029487671985e+03 2.799180907135284058e-15 3.814814198758851775e-17
5.918738620573931257e+03 2.758792242710511475e-15 4.020800882177176588e-17
5.919851211660190529e+03 2.782592231213175492e-15 4.189253004778012974e-17
5.920963802746449801e+03 3.086970897689207483e-15 4.328653665524320071e-17
5.922076393832709073e+03 3.028202256362174413e-15 4.563140245564756060e-17
5.923188984918968345e+03 2.887997245131812044e-15 3.850181088596081187e-17
5.924301576005227616e+03 2.747542734123504510e-15 3.780161696923926279e-17
5.925414167091486888e+03 2.810271109638955329e-15 4.100948642511676701e-17
5.926526758177746160e+03 2.925214678495250982e-15 3.894439805446037306e-17
5.927639349264005432e+03 3.175318665449233347e-15 3.978645593386754085e-17
5.928751940350264704e+03 3.738949992377479000e-15 4.609102630295714531e-17
5.929864531436523976e+03 2.731819851172817960e-15 5.371990440746944036e-17
5.930977122522783247e+03 2.669764107658676086e-15 4.036189220024063595e-17
5.932089713609042519e+03 2.761673835690097755e-15 4.111745027268112404e-17
5.933202304695301791e+03 2.682544534759720436e-15 3.728131606850068474e-17
5.934314895781561063e+03 2.724561394269471401e-15 3.838407156532910277e-17
5.935427486867820335e+03 2.799114170000037746e-15 3.925086631118738093e-17
5.936540077954079607e+03 2.720187937055501047e-15 4.071534726944396664e-17
5.937652669040338878e+03 2.756164041730541784e-15 3.809045796170142680e-17
5.938765260126598150e+03 2.736942328617601562e-15 3.714958154345928759e-17
5.939877851212857422e+03 2.704420838493755417e-15 3.726968737411117365e-17
5.940990442299116694e+03 2.774717019070556189e-15 3.709442432361297880e-17
5.942103033385375966e+03 2.732758507145884411e-15 3.878700687675975808e-17
5.943215624471635238e+03 2.701243075802600424e-15 3.951574742970598591e-17
5.944328215557894509e+03 2.790072019818015731e-15 3.678053066665521458e-17
5.945440806644153781e+03 2.717412925151777212e-15 3.632637312664136970e-17
5.946553397730413053e+03 2.783533376907291207e-15 3.647103504458859020e-17
5.947665988816672325e+03 2.713158796524130854e-15 3.620821730399274274e-17
5.948778579902931597e+03 2.765866028543920976e-15 3.752971786957375810e-17
5.949891170989190869e+03 2.713764313494288722e-15 3.935926528728597464e-17
5.951003762075450140e+03 3.351837861395193243e-15 4.347187179807564267e-17
5.952116353161709412e+03 2.763143718021677947e-15 4.648250907002610017e-17
5.953228944247968684e+03 2.758156017901627785e-15 3.906786845535522664e-17
5.954341535334227956e+03 2.723803537277295849e-15 3.566153291516914785e-17
5.955454126420487228e+03 2.714656263106677917e-15 3.726202638601239521e-17
5.956566717506746500e+03 2.701409771309547256e-15 4.393346607945394029e-17
5.957679308593005771e+03 2.706578984991693767e-15 4.423766486225746583e-17
5.958791899679265043e+03 2.676564208068991055e-15 4.433316944792311567e-17
5.959904490765524315e+03 2.696965584177211496e-15 3.502687798302056826e-17
5.961017081851783587e+03 2.712730115445884086e-15 3.524064633755938318e-17
5.962129672938042859e+03 2.705359027371482748e-15 3.509999633800306727e-17
5.963242264024302131e+03 2.689503036590698440e-15 3.749215411365456103e-17
5.964354855110561402e+03 2.680116425307512285e-15 3.744669102065467980e-17
5.965467446196820674e+03 2.621116382714229912e-15 3.748168180510140798e-17
5.966580037283079946e+03 2.771483958567145296e-15 3.506646601038587635e-17
5.967692628369339218e+03 2.679882786061952683e-15 3.661495895275087839e-17
5.968805219455598490e+03 2.714892362897879148e-15 4.080543609017801913e-17
5.969917810541857762e+03 2.682517462014606505e-15 3.730398908010372699e-17
5.971030401628117033e+03 2.653795404599328366e-15 3.457548994783755037e-17
5.972142992714376305e+03 2.723283444830039641e-15 4.050824644625213735e-17
5.973255583800635577e+03 2.684272395646337498e-15 3.607739378180548494e-17
5.974368174886894849e+03 2.613492722869112451e-15 4.257003373550582185e-17
5.975480765973154121e+03 2.619382522508158316e-15 3.689386100466348949e-17
5.976593357059413393e+03 2.714365616212718994e-15 3.865348453018543042e-17
5.977705948145672664e+03 2.748437202501711688e-15 3.833840338702741765e-17
5.978818539231931936e+03 2.691495517935223309e-15 3.661573198653597916e-17
5.979931130318191208e+03 2.714333136622567664e-15 3.404829209705802085e-17
5.981043721404450480e+03 2.712767935465850841e-15 3.593178692188224798e-17
5.982156312490709752e+03 2.761517120903019018e-15 3.410865597360872397e-17
5.983268903576969024e+03 3.491359346215834747e-15 3.815381995257322996e-17
5.984381494663228295e+03 2.692578961694011595e-15 3.379826072764669889e-17
5.985494085749487567e+03 2.641764679139618700e-15 3.351285217317515414e-17
5.986606676835746839e+03 2.643430953592792711e-15 3.372422002945386667e-17
5.987719267922006111e+03 2.628529575540152995e-15 3.459893800551336890e-17
5.988831859008265383e+03 2.598476714973651032e-15 3.380579178439744605e-17
5.989944450094524655e+03 2.604864943572801317e-15 3.311884502207120737e-17
5.991057041180783926e+03 2.595186603720053944e-15 4.485973496109865726e-17
5.992169632267043198e+03 2.576210546557065100e-15 4.447434547405551350e-17
5.993282223353302470e+03 2.675503304388661183e-15 4.090385713599674294e-17
5.994394814439561742e+03 2.668626599810607078e-15 3.344563773711978871e-17
5.995507405525821014e+03 2.688968655016000697e-15 3.557763546997343456e-17
5.996619996612080286e+03 2.729439458607446457e-15 4.137954843793610582e-17
5.997732587698339557e+03 2.679502653471992766e-15 4.070472600951717694e-17
5.998845178784598829e+03 2.695319649969665387e-15 3.638111395477517805e-17
5.999957769870858101e+03 2.602900681414222527e-15 3.406790394592178992e-17
6.001070360957117373e+03 2.663219069458354381e-15 3.570351705705398030e-17
6.002182952043376645e+03 2.668414656615017435e-15 3.860469258118767905e-17
6.003295543129635917e+03 2.585900978194545774e-15 4.298063275396707029e-17
6.004408134215895188e+03 2.647487940033776982e-15 4.573195395426085623e-17
6.005520725302154460e+03 2.622308692002808626e-15 3.715482400921611666e-17
6.006633316388413732e+03 2.680750998636170964e-15 3.485970186960602096e-17
6.007745907474673004e+03 2.616047814955714511e-15 3.376045002794281347e-17
6.008858498560932276e+03 2.676237744457884421e-15 3.427260045331755767e-17
6.009971089647191548e+03 2.599294761132003970e-15 3.343199072631748662e-17
6.011083680733450819e+03 2.651511013452754827e-15 3.373685689943027615e-17
6.012196271819710091e+03 2.655356927637342638e-15 3.398195155489348206e-17
6.013308862905969363e+03 2.712962969776641990e-15 3.411655902287563113e-17
6.014421453992228635e+03 2.616666468068376079e-15 3.359101891950064058e-17
6.015534045078487907e+03 2.256394154602272119e-15 3.421528661395252440e-17
6.016646636164747179e+03 2.398331610624042391e-15 3.557323167716617886e-17
6.017759227251006450e+03 2.598111714292661178e-15 4.268691566569009027e-17
6.297019589902083680e+03 2.375764900727672987e-15 3.419124867070422951e-17
6.298132180988342952e+03 2.337239423006354626e-15 3.270239390257257133e-17
6.299244772074602224e+03 2.374327815679459374e-15 2.736889046554138935e-17
6.300357363160861496e+03 2.168358381798895425e-15 2.690851441644264613e-17
6.301469954247120768e+03 2.302223604002198149e-15 2.908299120786855996e-17
6.302582545333380040e+03 2.335974351754386794e-15 2.889588782358968907e-17
6.303695136419639311e+03 2.347312327267378576e-15 3.182725534494769684e-17
6.304807727505898583e+03 2.320020174384463419e-15 2.935148837751306497e-17
6.305920318592157855e+03 2.385000205921029289e-15 2.983876024446821307e-17
6.307032909678417127e+03 2.405648708528038984e-15 3.159354643989766166e-17
6.308145500764676399e+03 2.350591460044341018e-15 2.753025559188333655e-17
6.309258091850935671e+03 2.308980309499188740e-15 2.737375776756843629e-17
6.310370682937194942e+03 2.312277044188004876e-15 2.652119655057147184e-17
6.311483274023454214e+03 2.325884249579787861e-15 2.670164743800589940e-17
6.312595865109713486e+03 2.353075062046275280e-15 3.894799777209231952e-17
6.313708456195972758e+03 2.318371027291323862e-15 3.909258667886468146e-17
6.314821047282232030e+03 2.362526640960785219e-15 4.269509580772320225e-17
6.315933638368491302e+03 2.365772352490213543e-15 4.035843973167272390e-17
6.317046229454750573e+03 2.373994198803105702e-15 3.801023637250153917e-17
6.318158820541009845e+03 2.557243615292303984e-15 3.702770378870679913e-17
6.319271411627269117e+03 2.365686158356631838e-15 3.977244151040983324e-17
6.320384002713528389e+03 2.332249056560612754e-15 3.625646839997014342e-17
6.321496593799787661e+03 2.405312860419023495e-15 3.483998831656630902e-17
6.322609184886046933e+03 2.324373236031918565e-15 3.655764799115887681e-17
6.323721775972306204e+03 2.331598264790086262e-15 5.588171066713476982e-17
6.324834367058565476e+03 2.224056033605777903e-15 5.468329501632201920e-17
6.325946958144824748e+03 2.315676655259409811e-15 3.311445982472776097e-17
6.327059549231084020e+03 2.253823363326505145e-15 3.134531898222203716e-17
6.328172140317343292e+03 2.277827244128915611e-15 3.144872297121432152e-17
6.329284731403602564e+03 2.278255803149925572e-15 2.691695035488828734e-17
6.330397322489861835e+03 2.230652474985269617e-15 2.610342035563707317e-17
6.331509913576121107e+03 2.313058820645221538e-15 3.065214973438513816e-17
6.332622504662380379e+03 2.281464908135831853e-15 2.951870176431065197e-17
6.333735095748639651e+03 2.312919644946481100e-15 2.873653517092241320e-17
6.334847686834898923e+03 2.245511061222997768e-15 2.636028977715744864e-17
6.335960277921158195e+03 2.222967643635145540e-15 2.627858972538916498e-17
6.337072869007417466e+03 2.257577912535941958e-15 2.914398130031926337e-17
6.338185460093676738e+03 2.397682942298732598e-15 2.878284874486770904e-17
6.339298051179936010e+03 2.326102141994135135e-15 2.997371248744283227e-17
6.340410642266195282e+03 2.345072782906198240e-15 3.035332333292047149e-17
6.341523233352454554e+03 2.279953970977030634e-15 2.625255160344971518e-17
6.342635824438713826e+03 2.281131344130704280e-15 2.743001472705080497e-17
6.343748415524973097e+03 2.270541882524137633e-15 2.698910286773573263e-17
6.344861006611232369e+03 2.185833745407151602e-15 2.591941784545881895e-17
6.345973597697491641e+03 2.211998026216481903e-15 2.622639935993775590e-17
6.347086188783750913e+03 2.276380341659667559e-15 2.677820286427033507e-17
6.348198779870010185e+03 2.229119726384181760e-15 2.618247540472441161e-17
6.349311370956269457e+03 2.248285678826845193e-15 2.622723485296690758e-17
6.350423962042528728e+03 2.208710243124534381e-15 2.598323901944613620e-17
6.351536553128788000e+03 2.276176234709046925e-15 2.661626834202079213e-17
6.352649144215047272e+03 2.253712686466567367e-15 2.614844246237921448e-17
6.353761735301306544e+03 2.290497694713597408e-15 2.647604143667146112e-17
6.354874326387565816e+03 2.156628081515986395e-15 2.781039373737035454e-17
6.355986917473825088e+03 2.249335533629130138e-15 2.907239735016627716e-17
6.357099508560084359e+03 2.251264098934626262e-15 2.855547670145041890e-17
6.358212099646343631e+03 2.361750918687479422e-15 2.960965289442031120e-17
6.359324690732602903e+03 2.291827860158624545e-15 2.755255759521480945e-17
6.360437281818862175e+03 2.235105156312942453e-15 3.241890128567204890e-17
6.361549872905121447e+03 2.211769552838608414e-15 2.972830883501204605e-17
6.362662463991380719e+03 2.221702453136682678e-15 3.011022150506043767e-17
6.363775055077639990e+03 2.138333905513067507e-15 2.997471860407671096e-17
6.364887646163899262e+03 2.176907902537632698e-15 3.745775848388171720e-17
6.366000237250158534e+03 2.195668311369099999e-15 3.834742116205625077e-17
6.367112828336417806e+03 2.302927920135985530e-15 5.289755466054916814e-17
6.368225419422677078e+03 2.250951117025308294e-15 2.918066108628665319e-17
6.369338010508936350e+03 2.202876188808023982e-15 3.091438055249317472e-17
6.370450601595195621e+03 2.224433677082554399e-15 2.884474696118666495e-17
6.371563192681454893e+03 2.202991668138244111e-15 2.785906801486209337e-17
6.372675783767714165e+03 2.218371336716037477e-15 2.557362371118234540e-17
6.373788374853973437e+03 2.215866257497072671e-15 2.588798637299447674e-17
6.374900965940232709e+03 2.204995568709406741e-15 2.857900513811989416e-17
6.376013557026491981e+03 2.155688695823228782e-15 2.818773027050911022e-17
6.377126148112751252e+03 2.193096236487183423e-15 2.905072440271743915e-17
6.378238739199010524e+03 2.158160346598743657e-15 3.634496630820800190e-17
6.379351330285269796e+03 2.169245596485148886e-15 4.871947594694329517e-17
6.380463921371529068e+03 2.271282350535850406e-15 6.739234918193739178e-17
6.381576512457788340e+03 2.204308546463623714e-15 2.862170200240374064e-17
6.382689103544047612e+03 2.205845523627513919e-15 2.520330747780640373e-17
6.383801694630306883e+03 2.165969799879927883e-15 2.672488201401414301e-17
6.384914285716566155e+03 2.208310565210178658e-15 3.088360798266895109e-17
6.386026876802825427e+03 2.204339446336715281e-15 2.686932081967237800e-17
6.387139467889084699e+03 2.198803478038321757e-15 2.569921609907008079e-17
6.388252058975343971e+03 2.164597591252185490e-15 2.677794917935120822e-17
6.389364650061603243e+03 2.203715193520313405e-15 2.847227270021897541e-17
6.390477241147862514e+03 2.252926056832337739e-15 2.778369732818378834e-17
6.391589832234121786e+03 2.231367746399398442e-15 3.137016103022012906e-17
6.392702423320381058e+03 2.155840473034728433e-15 3.799830372528304493e-17
6.393815014406640330e+03 2.174512635442749589e-15 3.561543495607106857e-17
6.394927605492899602e+03 2.190572681104198908e-15 3.010626923229280421e-17
6.396040196579158874e+03 2.238992950637807042e-15 2.914703282643360172e-17
6.397152787665418145e+03 2.195947581130649643e-15 2.718774867159624810e-17
6.398265378751677417e+03 2.140617847922953746e-15 2.605261571333467801e-17
6.399377969837936689e+03 2.152476483897445069e-15 2.846651309047284875e-17
6.400490560924195961e+03 2.137092793091464707e-15 2.522905249151370260e-17
6.401603152010455233e+03 2.151921570344783671e-15 2.533965469312072306e-17
6.402715743096714505e+03 2.195468001070402327e-15 2.580206598056115501e-17
6.403828334182973776e+03 2.090662419250639228e-15 2.970570320553386996e-17
6.404940925269233048e+03 2.165220103390443401e-15 2.871779395301288345e-17
6.406053516355492320e+03 2.103546507431178465e-15 3.114489198437547796e-17
6.407166107441751592e+03 2.149029284304447403e-15 3.811764385727146553e-17
6.408278698528010864e+03 2.207506768717072000e-15 3.204928436606363951e-17
6.409391289614270136e+03 2.138887983663277464e-15 3.205091925223782859e-17
6.410503880700529407e+03 2.081137163459600233e-15 2.920299096201682573e-17
6.411616471786788679e+03 2.160102284375822603e-15 2.585645935324886988e-17
6.412729062873047951e+03 2.076320548815510444e-15 2.459850783247081717e-17
6.413841653959307223e+03 2.160866210579495484e-15 2.477247220863862045e-17
6.414954245045566495e+03 2.126670401829166718e-15 2.798922795180278723e-17
6.416066836131825767e+03 2.157988979984232616e-15 3.643572823159336201e-17
6.417179427218085038e+03 2.161572880433154069e-15 3.013409640904404482e-17
6.418292018304344310e+03 2.212645470540790379e-15 2.592083966746462530e-17
6.419404609390603582e+03 2.157808219291868928e-15 2.630632845788163076e-17
6.420517200476862854e+03 2.111167836722515201e-15 3.082098244999179264e-17
6.421629791563122126e+03 2.125649859487773054e-15 3.265216355106330340e-17
6.422742382649381398e+03 2.096808112705605345e-15 2.700632785683520519e-17
6.423854973735640669e+03 2.129204406440360185e-15 4.371954559448704524e-17
6.424967564821899941e+03 2.133415931876750391e-15 3.377100968892351936e-17
6.426080155908159213e+03 2.129824591010160772e-15 3.002576053751227829e-17
6.427192746994418485e+03 2.084061273995221903e-15 2.748690786256115294e-17
6.428305338080677757e+03 2.126108052233116232e-15 2.965917291095288429e-17
6.429417929166937029e+03 2.080697041646346209e-15 2.666584778866083235e-17
6.430530520253196300e+03 2.061528730608286330e-15 2.639086373928575347e-17
6.431643111339455572e+03 2.134743886634685205e-15 2.525275549211709895e-17
6.432755702425714844e+03 2.120932408643018720e-15 2.519525262963193442e-17
6.433868293511974116e+03 2.124281891163031766e-15 2.435262961388228486e-17
6.434980884598233388e+03 2.114631004552772689e-15 2.791221327710066788e-17
6.436093475684492660e+03 2.077006442794417533e-15 2.636294209058360164e-17
6.437206066770751931e+03 2.076094402805929897e-15 2.689981623197028445e-17
6.438318657857011203e+03 2.179538441543959547e-15 2.951148078777968760e-17
6.439431248943270475e+03 2.111610108464175372e-15 3.130116875552941934e-17
6.440543840029529747e+03 2.115853310323593556e-15 2.589309025326161657e-17
6.441656431115789019e+03 2.247474132914415316e-15 2.789768383091502121e-17
6.442769022202048291e+03 2.146906260264705723e-15 3.052551389965376741e-17
6.443881613288307562e+03 2.086529801478052432e-15 2.472518629362386723e-17
6.444994204374566834e+03 2.097867882458009619e-15 2.422630807267932158e-17
6.446106795460826106e+03 1.623123916999270067e-15 2.425981110180840102e-17
6.447219386547085378e+03 2.100688483135251247e-15 2.596785704630464343e-17
6.448331977633344650e+03 2.109438220699462594e-15 2.826673572526363298e-17
6.449444568719603922e+03 2.102109087270110866e-15 2.577026246917650478e-17
6.450557159805863193e+03 2.064610246195453021e-15 2.528596735383771504e-17
6.451669750892122465e+03 2.093728016320216476e-15 2.677035327667741671e-17
6.452782341978381737e+03 2.110014322461394484e-15 2.477421881051850740e-17
6.453894933064641009e+03 2.091632400384236389e-15 2.479643333035034384e-17
6.455007524150900281e+03 2.081439532560054246e-15 2.408898214635397852e-17
6.456120115237159553e+03 2.108635180965237546e-15 2.393668349866765502e-17
6.457232706323418824e+03 2.108239502825993819e-15 2.487380671648958961e-17
6.458345297409678096e+03 2.052647268653668876e-15 2.940438728847461465e-17
6.459457888495937368e+03 1.769417077580621584e-15 2.402952334004383904e-17
6.460570479582196640e+03 1.544889279007267140e-15 2.408467323730917916e-17
6.461683070668455912e+03 1.987615681308925474e-15 2.387620550260080558e-17
6.462795661754715184e+03 2.099010672248932041e-15 2.854887080174262470e-17
6.463908252840974455e+03 2.043355352175456495e-15 2.484088976806788381e-17
6.465020843927233727e+03 2.034159258525837916e-15 2.403344088971184086e-17
6.466133435013492999e+03 2.098466992714534379e-15 2.394454824823829864e-17
6.467246026099752271e+03 2.133363187226491114e-15 2.556324318934777039e-17
6.468358617186011543e+03 2.108938399656434313e-15 2.614333646410418188e-17
6.469471208272270815e+03 2.033458274926389839e-15 2.430542793618653181e-17
6.470583799358530086e+03 2.036187214876375407e-15 2.396194563413312942e-17
6.471696390444789358e+03 2.052505284782143398e-15 2.362153429959514669e-17
6.472808981531048630e+03 2.078200329488745623e-15 2.416127163962272443e-17
6.473921572617307902e+03 2.132903463665315363e-15 2.927680953015717450e-17
6.475034163703567174e+03 2.097814780339244495e-15 2.754862729307351344e-17
6.476146754789826446e+03 2.076366474022157701e-15 2.582263818948768350e-17
6.477259345876085717e+03 2.015002458621451522e-15 2.575530293793696038e-17
6.478371936962344989e+03 2.029540229783358481e-15 2.350083071300575211e-17
6.479484528048604261e+03 2.016039991399103112e-15 2.379110063035234995e-17
6.480597119134863533e+03 2.017106711217385487e-15 2.713847300258044738e-17
6.481709710221122805e+03 2.022623300153472806e-15 2.431385182565565404e-17
6.482822301307382077e+03 2.076395254836260129e-15 2.562413494369384392e-17
6.483934892393641348e+03 2.067220594212290817e-15 2.651941775694812916e-17
6.485047483479900620e+03 2.098330819524597088e-15 2.544805559411862055e-17
6.486160074566159892e+03 2.039724250171960992e-15 2.560394870362478124e-17
6.487272665652419164e+03 2.040421645930876607e-15 2.471948324617173601e-17
6.488385256738678436e+03 2.035966067578481944e-15 2.352868844100570017e-17
6.489497847824937708e+03 2.003940847684091168e-15 2.335567870639296212e-17
6.490610438911196979e+03 1.989288927192831588e-15 2.499899546098144733e-17
6.491723029997456251e+03 2.089569817532859000e-15 2.500637039773279277e-17
6.492835621083715523e+03 2.040329684550524235e-15 2.335338930733027865e-17
6.493948212169974795e+03 2.106293763925785098e-15 2.988581176516923143e-17
6.495060803256234067e+03 1.966143933353695921e-15 2.325300631370846512e-17
6.496173394342493339e+03 2.052670807669032121e-15 2.339356316428205502e-17
6.497285985428752610e+03 2.074069774381409433e-15 2.727945930493016497e-17
6.498398576515011882e+03 2.087641458267335920e-15 2.740424439756786128e-17
6.499511167601271154e+03 2.070823348295526564e-15 2.811189456789109150e-17
6.500623758687530426e+03 2.034610577434761634e-15 2.752009896197993130e-17
6.501736349773789698e+03 2.068792937361415382e-15 3.014567368653327117e-17
6.502848940860048970e+03 2.140596197207015491e-15 3.242659047767061309e-17
6.503961531946308241e+03 2.050368770871131653e-15 2.599003781886276767e-17
6.505074123032567513e+03 2.036014893874027306e-15 2.490680755266473541e-17
6.506186714118826785e+03 2.030135310301475764e-15 2.320147196855344586e-17
6.507299305205086057e+03 1.990443251882285488e-15 2.327029408049031772e-17
6.508411896291345329e+03 2.057954906922774448e-15 2.335435019374519289e-17
6.509524487377604601e+03 2.009053968878417929e-15 2.310217207935971370e-17
6.510637078463863872e+03 2.058847317467834598e-15 2.415980984609320159e-17
6.511749669550123144e+03 2.045334848092218354e-15 2.322223411067302647e-17
6.512862260636382416e+03 2.049706247630762585e-15 2.380634864787199943e-17
6.513974851722641688e+03 2.065790229204524443e-15 2.491590785513582438e-17
6.515087442808900960e+03 2.038579542473033745e-15 2.470163789285867245e-17
6.516200033895160232e+03 2.056712998993945669e-15 2.465780044500289068e-17
6.517312624981419503e+03 2.036455164322333423e-15 2.469632700769744048e-17
6.518425216067678775e+03 2.004774657010831281e-15 2.346351102913376184e-17
6.519537807153938047e+03 2.008512658330293346e-15 2.484867966450144126e-17
6.520650398240197319e+03 1.994756792299622507e-15 2.672295785843612870e-17
6.521762989326456591e+03 2.034176427256339508e-15 2.624270783480477549e-17
6.522875580412715863e+03 2.055808009222555228e-15 2.619635998067123282e-17
6.523988171498975134e+03 1.996774045334380747e-15 2.420838586696052085e-17
6.525100762585234406e+03 1.998058227272452967e-15 2.423245777525473604e-17
6.526213353671493678e+03 2.049940115587659087e-15 2.858683200310085129e-17
6.527325944757752950e+03 2.028474358420072543e-15 2.675944939971354834e-17
6.528438535844012222e+03 2.042296264901782830e-15 2.710475062442609488e-17
6.529551126930271494e+03 2.042944211741598643e-15 2.312136733736298518e-17
6.530663718016530765e+03 1.998286451873139001e-15 2.325668903996543261e-17
6.531776309102790037e+03 2.045231611674538326e-15 3.122902524626827461e-17
6.532888900189049309e+03 2.114418507865570000e-15 2.729315740960984965e-17
6.534001491275308581e+03 2.020056446730659636e-15 3.070564926529561427e-17
6.535114082361567853e+03 2.020669846960851224e-15 3.354014788032191249e-17
6.536226673447827125e+03 1.987885128808118078e-15 3.280841591263818466e-17
6.537339264534086396e+03 2.018234694251368637e-15 3.509887548542743656e-17
6.538451855620345668e+03 2.055689884039148191e-15 2.886473760147999089e-17
6.539564446706604940e+03 2.015214984859758036e-15 2.412710240729458058e-17
6.540677037792864212e+03 2.032736492266395620e-15 2.298993963277104930e-17
6.541789628879123484e+03 2.009124063519109933e-15 2.291678045285061177e-17
6.542902219965382756e+03 1.975307191460310769e-15 2.433025617910246895e-17
6.544014811051642027e+03 1.676160567425461028e-15 2.433943928530977599e-17
6.545127402137901299e+03 1.861438187338978956e-15 2.428514313703218594e-17
6.546239993224160571e+03 2.121412403868062553e-15 2.597408916417939436e-17
6.547352584310419843e+03 2.147874080444413850e-15 2.486085581027459803e-17
6.548465175396679115e+03 2.113145142802731801e-15 2.365164150607933069e-17
6.549577766482938387e+03 2.058926335366089421e-15 2.328321152394806915e-17
6.550690357569197658e+03 2.053515316362247159e-15 2.318724303605036555e-17
6.551802948655456930e+03 2.104524289032536001e-15 2.328278639480405043e-17
6.552915539741716202e+03 2.134190545933896508e-15 2.880634773017736448e-17
6.554028130827975474e+03 2.152341599109573147e-15 2.732000385858634185e-17
6.555140721914234746e+03 2.128150473380947787e-15 2.913666770280072479e-17
6.556253313000494018e+03 2.156210193911346658e-15 2.629998668859790845e-17
6.557365904086753289e+03 2.144281961187664260e-15 2.567835255864837218e-17
6.558478495173012561e+03 2.089590735533449798e-15 2.670123643718481726e-17
6.559591086259271833e+03 2.185055669073686829e-15 2.734422010816566983e-17
6.560703677345531105e+03 2.752943329338691901e-15 2.576154848900576095e-17
6.561816268431790377e+03 3.036232578404507090e-15 2.869158425300889991e-17
6.562928859518049649e+03 3.312082597191440900e-15 2.885309846086437105e-17
6.564041450604308920e+03 3.387613507315339492e-15 2.778192119074694804e-17
6.565154041690568192e+03 3.392959981370126180e-15 3.359757183317036037e-17
6.566266632776827464e+03 3.200307440209081862e-15 3.276877555033954676e-17
6.567379223863086736e+03 3.108262996611178977e-15 2.987645552328955190e-17
6.568491814949346008e+03 2.902454514692721751e-15 2.867708741051175340e-17
6.569604406035605280e+03 2.781163355092708316e-15 3.280628807156563750e-17
6.570716997121864551e+03 2.799533594646009021e-15 2.804604722285050041e-17
6.571829588208123823e+03 2.567121663699475517e-15 2.902272792588674044e-17
6.572942179294383095e+03 2.548573612892077730e-15 2.557462904407291533e-17
6.574054770380642367e+03 2.488727295957018644e-15 2.790943921959783078e-17
6.575167361466901639e+03 2.486081327087095724e-15 3.220722102748406770e-17
6.576279952553160911e+03 2.508940005223623626e-15 3.539726754463913499e-17
6.577392543639420182e+03 2.314995073170249405e-15 3.529162493884624497e-17
6.578505134725679454e+03 2.272477715471510660e-15 3.055250504820368808e-17
6.579617725811938726e+03 2.240303958620145226e-15 2.751511982323201015e-17
6.580730316898197998e+03 2.099113976027234534e-15 2.320276152113652090e-17
6.581842907984457270e+03 2.231579596897272738e-15 2.670544588559478040e-17
6.582955499070716542e+03 2.328927671666268474e-15 2.602086622710858760e-17
6.584068090156975813e+03 2.248205883964377342e-15 2.382405413107969522e-17
6.585180681243235085e+03 2.217973133289829090e-15 2.374724933030103322e-17
6.586293272329494357e+03 2.301155820426937111e-15 2.753229662416821220e-17
6.587405863415753629e+03 2.321892272385629697e-15 2.891870846535699745e-17
6.588518454502012901e+03 2.383804677061508262e-15 2.755378003983048944e-17
6.589631045588272173e+03 2.377779290904646640e-15 2.560616122764186021e-17
6.590743636674531444e+03 2.357428305372458743e-15 2.407018366926435714e-17
6.591856227760790716e+03 2.408699620737577789e-15 2.459338427686815949e-17
6.592968818847049988e+03 2.353389436951030779e-15 2.649664500758872408e-17
6.594081409933309260e+03 2.215266145100659546e-15 2.528139490394270895e-17
6.595194001019568532e+03 2.250812961792115907e-15 2.729899962864282225e-17
6.596306592105827804e+03 2.242296788678413394e-15 2.570532006736884546e-17
6.597419183192087075e+03 2.352547945422246785e-15 2.414381516534596963e-17
6.598531774278346347e+03 2.320480555062696781e-15 2.418549580615575517e-17
6.599644365364605619e+03 2.149684864023063382e-15 2.807393729080182778e-17
6.600756956450864891e+03 2.050496139156788151e-15 2.325882045978030715e-17
6.601869547537124163e+03 2.034003437487998754e-15 2.333966641569272878e-17
6.602982138623383435e+03 1.959840708522655397e-15 3.349991332103200807e-17
6.604094729709642706e+03 1.952073349259419329e-15 2.920655975653568398e-17
6.605207320795901978e+03 1.847041457640239222e-15 2.394383692457277112e-17
6.606319911882161250e+03 1.956936433271437783e-15 2.670900088091312910e-17
6.607432502968420522e+03 1.967869628551856712e-15 2.541471848691634002e-17
6.608545094054679794e+03 1.896319490428576011e-15 2.467158411181474616e-17
6.609657685140939066e+03 1.897501073489414958e-15 2.255367163175860029e-17
6.610770276227198337e+03 1.855312117676636390e-15 2.234655148197147376e-17
6.611882867313457609e+03 1.871484568718348098e-15 2.228703567780097938e-17
6.612995458399716881e+03 1.966432104556761049e-15 2.476832797162965560e-17
6.614108049485976153e+03 1.891753673999950926e-15 2.308040268757348676e-17
6.615220640572235425e+03 2.168130670219881831e-15 2.791940128306999446e-17
6.616333231658494697e+03 2.007564911247683440e-15 3.022782473939906388e-17
6.617445822744753968e+03 1.959479040856492137e-15 2.369290182641211334e-17
6.618558413831013240e+03 1.950330906108029014e-15 2.252761268380737763e-17
6.619671004917272512e+03 2.002432845452356864e-15 2.531261167182527450e-17
6.620783596003531784e+03 1.933910845901757697e-15 2.565013596037450881e-17
6.621896187089791056e+03 1.945930241656691130e-15 2.628918657154663184e-17
6.623008778176050328e+03 1.890531318493924642e-15 2.394792468617101635e-17
6.624121369262309599e+03 1.904278869096782720e-15 2.433581520602322805e-17
6.625233960348568871e+03 1.880561286115901435e-15 2.275745050747429640e-17
6.626346551434828143e+03 1.892049949610849056e-15 2.460151077322237656e-17
6.627459142521087415e+03 1.955962456449921500e-15 2.643150545086785649e-17
6.628571733607346687e+03 1.925297529641695430e-15 2.588126579425562112e-17
6.629684324693605959e+03 1.890325434565838298e-15 2.247320870166714245e-17
6.630796915779865230e+03 1.912529827676263445e-15 2.254692091265698964e-17
6.631909506866124502e+03 1.945439758878998636e-15 2.278206861049734539e-17
6.633022097952383774e+03 1.921551975982617247e-15 2.316844801526502433e-17
6.634134689038643046e+03 1.889340904275321493e-15 2.325868287689926796e-17
6.635247280124902318e+03 1.820508768134829008e-15 2.468826351005911969e-17
6.636359871211161590e+03 1.824526400536103901e-15 2.620564924331049000e-17
6.637472462297420861e+03 1.824682001070129592e-15 2.317415581674336641e-17
6.638585053383680133e+03 1.845999553403743213e-15 2.361498375018446032e-17
6.639697644469939405e+03 1.856478450332026849e-15 2.346521748440921237e-17
6.640810235556198677e+03 1.880922832570690305e-15 2.241121861736593126e-17
6.641922826642457949e+03 1.880669210870956864e-15 2.353511943794528242e-17
6.643035417728717221e+03 1.853770317674234217e-15 2.517050949906347209e-17
6.644148008814976492e+03 1.971917349924457483e-15 2.745832254352454100e-17
6.645260599901235764e+03 1.921833441619465651e-15 2.534915130028703870e-17
6.646373190987495036e+03 1.853250754861563344e-15 2.336554798677550100e-17
6.647485782073754308e+03 1.879993018471207538e-15 2.228351841741985675e-17
6.648598373160013580e+03 1.882252576902764154e-15 2.434797665826078494e-17
6.649710964246272852e+03 1.900212961184825719e-15 2.619809668380272222e-17
6.650823555332532123e+03 1.872909077730144712e-15 2.348330048285463152e-17
6.651936146418791395e+03 1.903270163325425231e-15 2.469766797020964567e-17
6.653048737505050667e+03 1.881361577005208275e-15 2.305910557091117868e-17
6.654161328591309939e+03 1.816177168376448504e-15 2.268274809072842877e-17
6.655273919677569211e+03 1.854378996152147675e-15 2.268238152903356122e-17
6.656386510763828483e+03 1.915904860452088044e-15 2.280801389145092136e-17
6.657499101850087754e+03 1.855098633038117877e-15 2.326883307809683966e-17
6.658611692936347026e+03 1.879301786246415280e-15 2.499677779150466451e-17
6.659724284022606298e+03 1.899953143877806575e-15 2.405129459063661247e-17
6.660836875108865570e+03 1.920153707793198274e-15 2.505474067856195607e-17
6.661949466195124842e+03 1.908976407805786119e-15 2.250624782217257672e-17
6.663062057281384114e+03 1.830725118662303873e-15 2.437827090360458339e-17
6.664174648367643385e+03 1.864753749182085243e-15 2.307478928445991506e-17
6.665287239453902657e+03 1.849893134899670301e-15 2.252173662830143850e-17
6.666399830540161929e+03 1.919894904252181977e-15 2.564278013879719600e-17
6.667512421626421201e+03 1.922214943426440246e-15 2.587788844180260355e-17
6.668625012712680473e+03 1.870964504902830789e-15 2.495186611299648088e-17
6.669737603798939745e+03 1.848473005615911523e-15 2.441290125698669787e-17
6.670850194885199016e+03 1.874757659712926165e-15 2.246753348647123564e-17
6.671962785971458288e+03 1.892863830218433077e-15 2.366987922169637833e-17
6.673075377057717560e+03 1.874146646061657000e-15 2.473085555115665676e-17
6.674187968143976832e+03 1.886515368066971866e-15 2.264489643662455244e-17
6.675300559230236104e+03 1.821044659502527011e-15 2.332650465228358421e-17
6.676413150316495376e+03 1.859792369295884213e-15 2.578097677285849000e-17
6.677525741402754647e+03 1.818579435066395428e-15 2.684282270719093557e-17
6.678638332489013919e+03 1.770662477983314182e-15 2.401425104900263525e-17
6.679750923575273191e+03 1.773858869973014845e-15 2.235416210770108485e-17
6.680863514661532463e+03 1.721854871969377124e-15 2.211299930516880262e-17
6.681976105747791735e+03 1.984205680373425789e-15 2.280835928099495333e-17
6.683088696834051007e+03 1.833367753663345069e-15 2.572294616932031849e-17
6.684201287920310278e+03 1.711190170103190770e-15 2.595040753218508931e-17
6.685313879006569550e+03 1.856356122800247523e-15 2.619181436879019486e-17
6.686426470092828822e+03 2.165662056747908489e-15 2.364806846249818477e-17
6.687539061179088094e+03 1.872448867403420639e-15 3.129448166592043466e-17
6.688651652265347366e+03 1.894240633346231678e-15 2.564759891770378193e-17
6.689764243351606638e+03 1.883730985932826999e-15 2.388554392490463710e-17
6.690876834437865909e+03 1.846101901838541525e-15 2.276311863502765682e-17
6.691989425524125181e+03 1.905941513621606466e-15 2.311465214403115266e-17
6.693102016610384453e+03 1.971056728819839160e-15 2.470833183553137853e-17
6.694214607696643725e+03 1.873116714808882032e-15 2.759312529371731739e-17
6.695327198782902997e+03 1.875039831155621495e-15 2.461870580560232289e-17
6.696439789869162269e+03 1.880412216223196002e-15 2.634830074378188351e-17
6.697552380955421540e+03 1.853894208272489150e-15 2.580264635464517192e-17
6.698664972041680812e+03 1.866331949785115612e-15 2.972001162161306700e-17
6.699777563127940084e+03 1.828561394974295778e-15 2.618007510223121155e-17
6.700890154214199356e+03 1.888191920625560062e-15 2.673312403303562014e-17
6.702002745300458628e+03 1.824547932672984588e-15 3.133055418353475082e-17
6.703115336386717900e+03 1.862045745867578112e-15 2.377361240158074168e-17
6.704227927472977171e+03 1.830824700564967172e-15 2.587051556369133729e-17
6.705340518559236443e+03 1.887664076744405010e-15 3.120180241135331751e-17
6.706453109645495715e+03 1.888884317939156549e-15 2.995506268081872696e-17
6.707565700731754987e+03 1.851887470044592596e-15 2.614758328024467472e-17
6.708678291818014259e+03 1.919743528225093400e-15 2.521599748473190164e-17
6.709790882904273531e+03 1.841940548152032201e-15 2.298057733219343760e-17
6.710903473990532802e+03 1.892526402667403646e-15 2.361511440958606615e-17
6.712016065076792074e+03 1.834683905645889877e-15 2.754937159790185381e-17
6.713128656163051346e+03 1.883456055884826191e-15 2.695734979332307516e-17
6.714241247249310618e+03 1.898761286643708722e-15 2.699127066017203956e-17
6.715353838335569890e+03 1.918892933517892244e-15 2.545893950454369798e-17
6.716466429421829162e+03 1.905078165674432411e-15 2.497554565809203896e-17
6.717579020508088433e+03 1.901140242707235653e-15 2.320489011675730649e-17
6.718691611594347705e+03 1.959303678702482604e-15 2.506902767225375914e-17
6.719804202680606977e+03 1.887624819516343870e-15 2.595738929114063051e-17
6.720916793766866249e+03 1.917352567021005450e-15 2.345328473651162403e-17
6.722029384853125521e+03 1.844440681390161774e-15 2.506032038197320656e-17
6.723141975939384793e+03 1.851176271167971007e-15 2.398625765812332734e-17
6.724254567025644064e+03 1.921549700533599213e-15 2.377061820902417144e-17
6.725367158111903336e+03 1.839867343556274243e-15 2.352156568152842250e-17
6.726479749198162608e+03 1.885306091701928528e-15 2.528031707053485654e-17
6.727592340284421880e+03 1.801153196198065054e-15 2.917669213535200281e-17
6.728704931370681152e+03 2.071160014833795597e-15 3.443382932747177775e-17
6.729817522456940424e+03 1.974940768443532824e-15 2.517260844636718449e-17
6.730930113543199695e+03 1.869416017356231521e-15 2.750500737322239639e-17
6.732042704629458967e+03 1.837442532369675517e-15 2.777753705733378886e-17
6.733155295715718239e+03 1.906942544638039176e-15 2.416914553099890292e-17
6.734267886801977511e+03 1.934290757200557849e-15 2.440082559731348941e-17
6.735380477888236783e+03 1.931654250888932807e-15 2.895346255216607114e-17
6.736493068974496055e+03 1.915425633689877600e-15 2.402082095659693602e-17
6.737605660060755326e+03 1.921720154650404030e-15 2.406900742293498771e-17
6.738718251147014598e+03 1.824853096623547821e-15 2.419302036016900948e-17
6.739830842233273870e+03 1.739088763906000449e-15 2.432428622995062423e-17
6.740943433319533142e+03 1.885346008823967826e-15 2.490702508452541695e-17
6.742056024405792414e+03 1.828615147678367572e-15 2.392304477662703597e-17
6.743168615492051686e+03 1.890385007510142433e-15 2.411343429929564731e-17
6.744281206578310957e+03 1.883228217076330379e-15 2.505904976858710104e-17
6.745393797664570229e+03 2.002395470579107903e-15 2.946405936653561941e-17
6.746506388750829501e+03 1.985170965967786880e-15 2.523523891036849670e-17
6.747618979837088773e+03 1.875315937060165685e-15 2.470760838564789017e-17
6.748731570923348045e+03 1.879555363697387675e-15 2.439859024295719416e-17
6.749844162009607317e+03 1.877771047377886255e-15 2.621115911086915361e-17
6.750956753095866588e+03 1.879806854718669172e-15 2.548267230469597985e-17
6.752069344182125860e+03 1.844672795418586503e-15 2.451282089005013090e-17
6.753181935268385132e+03 1.801606649022459653e-15 2.411703550199873551e-17
6.754294526354644404e+03 1.818876153669677973e-15 2.402990634767906912e-17
6.755407117440903676e+03 1.838100909350833999e-15 2.438829512661504955e-17
6.756519708527162948e+03 1.791799671065736595e-15 2.709167376147962462e-17
6.757632299613422219e+03 1.830910006745421416e-15 2.669974307682150475e-17
6.758744890699681491e+03 1.828982278639870852e-15 2.667919850108717408e-17
6.759857481785940763e+03 1.992782696426935307e-15 2.922957376681466782e-17
6.760970072872200035e+03 1.807952583827953116e-15 2.497130241704367850e-17
6.762082663958459307e+03 1.796582534259713239e-15 2.423337840657853844e-17
6.763195255044718579e+03 1.859176751949985037e-15 2.429030581289401180e-17
6.764307846130977850e+03 1.804773235901834610e-15 2.403337958749299472e-17
6.765420437217237122e+03 1.805386432441884803e-15 2.403620692527487003e-17
6.766533028303496394e+03 1.877746196354871452e-15 2.428673376461974851e-17
6.767645619389755666e+03 1.819986625176884736e-15 2.906050107865260140e-17
6.768758210476014938e+03 1.751188205728976000e-15 2.774456010759565140e-17
6.769870801562274210e+03 1.839297255335318966e-15 2.818776453855022107e-17
6.770983392648533481e+03 1.931172447348820857e-15 3.260726027528523569e-17
6.772095983734792753e+03 1.852500183740341772e-15 2.892219037104199359e-17
6.773208574821052025e+03 1.858815988650352502e-15 2.595458213311661550e-17
6.774321165907311297e+03 1.939828549646333218e-15 2.634948976015899684e-17
6.775433756993570569e+03 1.833054924706774857e-15 2.396361801594812802e-17
6.776546348079829841e+03 1.844113866286268074e-15 2.397704158927429024e-17
6.777658939166089112e+03 1.920931646387571954e-15 2.508761589343105811e-17
6.778771530252348384e+03 1.825464542432832691e-15 2.452165782228731959e-17
6.779884121338607656e+03 1.838604328125924000e-15 2.472870965896901630e-17
6.780996712424866928e+03 1.855927786176944351e-15 2.553853291635781873e-17
6.782109303511126200e+03 1.852826497531998973e-15 2.547241055559878912e-17
6.783221894597385472e+03 1.842721835625486785e-15 2.588570912289705751e-17
6.784334485683644743e+03 1.826182290715342626e-15 2.405058740901485055e-17
6.785447076769904015e+03 1.853579314177516819e-15 2.422198901558009245e-17
6.786559667856163287e+03 1.838662565075744565e-15 2.452710897564532133e-17
6.787672258942422559e+03 1.865894615700094323e-15 2.793858012733672005e-17
6.788784850028681831e+03 1.928011821191418216e-15 3.163952898973986393e-17
6.789897441114941103e+03 1.853860614716857312e-15 2.946896627985613196e-17
6.791010032201200374e+03 1.846043956490806688e-15 2.974326412036855089e-17
6.792122623287459646e+03 1.913539410274694025e-15 2.357786204944208064e-17
6.793235214373718918e+03 1.827768104777580730e-15 2.333008371286347793e-17
6.794347805459978190e+03 1.880537265612509950e-15 2.624692595606664576e-17
6.795460396546237462e+03 1.865208164712081276e-15 2.432627307635608631e-17
6.796572987632496734e+03 1.863303287259444681e-15 2.565323624603189830e-17
6.797685578718756005e+03 1.842911669151586307e-15 2.374180863673624741e-17
6.798798169805015277e+03 1.799951736396943758e-15 2.429495794663987782e-17
6.799910760891274549e+03 1.839979142615191569e-15 2.290524537662305939e-17
6.801023351977533821e+03 1.834239349474000289e-15 2.277471366032914251e-17
6.802135943063793093e+03 1.832525245288822772e-15 2.272168679438968513e-17
6.803248534150052365e+03 1.818501351641599053e-15 2.284360429191903983e-17
6.804361125236311636e+03 1.813201539235512607e-15 2.285433622596003997e-17
6.805473716322570908e+03 1.849724543174189303e-15 2.257664619186616966e-17
6.806586307408830180e+03 1.860741844471614262e-15 2.275764418407910204e-17
6.807698898495089452e+03 1.803831097791663735e-15 2.301515372446963199e-17
6.808811489581348724e+03 1.809046210074601366e-15 2.679622775728823574e-17
6.809924080667607996e+03 1.910827608063837116e-15 3.421381805976773773e-17
6.811036671753867267e+03 1.850321011002388468e-15 2.692632937966795717e-17
6.812149262840126539e+03 1.799143057178644223e-15 2.536979607274064609e-17
6.813261853926385811e+03 1.793423038306436437e-15 2.209914709111071661e-17
6.814374445012645083e+03 1.809465525875132916e-15 2.322517799671675189e-17
6.815487036098904355e+03 1.801376580926636962e-15 2.275637541146385311e-17
6.816599627185163627e+03 1.834711440335203491e-15 2.459077309815637801e-17
6.817712218271422898e+03 1.854963343088245157e-15 2.347119718905640955e-17
6.818824809357682170e+03 1.770635879422560391e-15 2.457131484757853765e-17
6.819937400443941442e+03 1.787599724507292218e-15 2.636370188321406099e-17
6.821049991530200714e+03 1.925102576200114204e-15 2.729431142114860802e-17
6.822162582616459986e+03 1.941742869896301620e-15 2.546299960319855277e-17
6.823275173702719258e+03 1.829729590067546145e-15 2.707003702035032225e-17
6.824387764788978529e+03 1.863407166053397677e-15 2.470712692906879283e-17
6.825500355875237801e+03 1.859265050662506727e-15 2.391005649497458398e-17
6.826612946961497073e+03 1.847555806402672743e-15 2.673385084141585303e-17
6.827725538047756345e+03 1.826466339860982735e-15 3.084822369356023551e-17
6.828838129134015617e+03 1.774033763342433306e-15 3.070029172531381714e-17
6.829950720220274889e+03 1.778746870255865194e-15 2.642716629548988343e-17
6.831063311306534160e+03 1.832245283159558127e-15 3.518630280173069125e-17
6.832175902392793432e+03 1.788148476885569212e-15 2.681484247507130984e-17
6.833288493479052704e+03 1.761352664759526825e-15 2.555272201400696152e-17
6.834401084565311976e+03 1.742188762297016663e-15 2.487699184595163866e-17
6.835513675651571248e+03 1.802747250706771703e-15 2.484792699465901033e-17
6.836626266737830520e+03 1.784000862383032084e-15 2.133956611149134310e-17
6.837738857824089791e+03 1.774074439289553488e-15 2.128189978177243194e-17
6.838851448910349063e+03 1.846211679633996713e-15 2.282473828726582323e-17
6.839964039996608335e+03 1.892667157610327883e-15 2.399740249664149040e-17
6.841076631082867607e+03 1.821236023275701437e-15 2.150584620628224013e-17
6.842189222169126879e+03 1.889274573993346033e-15 2.185529631607658433e-17
6.843301813255386151e+03 1.856901537282140657e-15 2.373258626705244771e-17
6.844414404341645422e+03 1.820637335697694641e-15 2.485949481456503721e-17
6.845526995427904694e+03 1.890624789671035407e-15 2.505633935643642998e-17
6.846639586514163966e+03 1.837808501106603480e-15 2.492882686931101015e-17
6.847752177600423238e+03 1.814353115847669519e-15 2.915528467690089615e-17
6.848864768686682510e+03 1.688272672349585949e-15 2.689180594018684114e-17
6.849977359772941782e+03 1.754291197099914140e-15 2.510794869302358662e-17
6.851089950859201053e+03 1.828397002939605398e-15 2.546689266921374513e-17
6.852202541945460325e+03 1.782991082327089982e-15 2.384162489390110451e-17
6.853315133031719597e+03 1.796520656290096945e-15 2.186517140937202366e-17
6.854427724117978869e+03 1.813555580720864484e-15 2.571507679542838698e-17
6.855540315204238141e+03 1.817221817598634081e-15 2.544995277482351802e-17
6.856652906290497413e+03 1.881371370990856028e-15 2.553907684345990298e-17
6.857765497376756684e+03 2.131814430287111266e-15 2.840494848849627634e-17
6.858878088463015956e+03 1.917165938410392316e-15 2.438876600944584092e-17
6.859990679549275228e+03 1.776654888984243859e-15 2.344818627644170921e-17
6.861103270635534500e+03 1.401009787397288634e-15 2.341915604453834028e-17
6.862215861721793772e+03 1.677995150107757746e-15 2.203840084563748769e-17
6.863328452808053044e+03 1.704233332473567122e-15 2.637689253805488891e-17
