# obs_wvl flux error  |  merged epoch (native): STIS CCD
2.975000000000000000e+03 4.574501641280726904e-15 7.641144891631485797e-17
2.977747617786004412e+03 4.153197099823700878e-15 5.879064961035025018e-17
2.980495235572008824e+03 4.490403301970108279e-15 7.622989990040389625e-17
2.983242853358013235e+03 5.142383353600017170e-15 6.248513395130880477e-17
2.985990471144017647e+03 6.273062290695704122e-15 7.467859652884659610e-17
2.988738088930022059e+03 6.130575166711128839e-15 6.606640144785235605e-17
2.991485706716026471e+03 6.042549816162552577e-15 6.156106682064996227e-17
2.994233324502030882e+03 7.019194603877420495e-15 6.435459175261117597e-17
2.996980942288035294e+03 7.168112079665182244e-15 6.366906964123729123e-17
2.999728560074039706e+03 7.790331164457489612e-15 7.058217371519748639e-17
3.002476177860044118e+03 7.454112895462492800e-15 6.581264144753264049e-17
3.005223795646048529e+03 7.440477616143476954e-15 6.392304449073833708e-17
3.007971413432052941e+03 7.662991263809134860e-15 6.587340285788467377e-17
3.010719031218057353e+03 8.182150100690132423e-15 6.576463667243906865e-17
3.013466649004061765e+03 8.629062700376097471e-15 7.137009158590336808e-17
3.016214266790066176e+03 9.051275153610990985e-15 7.295930445816679078e-17
3.018961884576070588e+03 8.255352536368612796e-15 6.458037950227362227e-17
3.021709502362075000e+03 8.040325955877451736e-15 6.304601809224893429e-17
3.024457120148079412e+03 7.763743926840381230e-15 6.236352303819983339e-17
3.027204737934083823e+03 6.968243168381048399e-15 6.284322062248632036e-17
3.029952355720088235e+03 8.115412771620003335e-15 6.711536655400800115e-17
3.032699973506092647e+03 7.841295875329728661e-15 6.635751387887603252e-17
3.035447591292097059e+03 8.180597953838539598e-15 6.850928540545877343e-17
3.038195209078101470e+03 7.550233965484008465e-15 5.817343536503230793e-17
3.040942826864105882e+03 7.254516460233616464e-15 5.550441906145130949e-17
3.043690444650110294e+03 7.225635453763513026e-15 5.438569135740235861e-17
3.046438062436114706e+03 7.450738318357243276e-15 5.673020046291616430e-17
3.049185680222119117e+03 7.206257357259792404e-15 5.351801336242777355e-17
3.051933298008123529e+03 7.012181241323617148e-15 5.178913345819254400e-17
3.054680915794127941e+03 7.068960900412506636e-15 5.193829281894640355e-17
3.057428533580132353e+03 7.195709963536642843e-15 5.236106029284041107e-17
3.060176151366136764e+03 7.293062608364627198e-15 5.185066691457626801e-17
3.062923769152141176e+03 7.253485386003202595e-15 5.210710081126466187e-17
3.065671386938145588e+03 7.316493597156815171e-15 5.047385673597485726e-17
3.068419004724150000e+03 7.794684309603742439e-15 5.595613667903947570e-17
3.071166622510154411e+03 7.775559076435456904e-15 5.308293581201714629e-17
3.073914240296158823e+03 7.824379843713378490e-15 5.074279933232148588e-17
3.076661858082163235e+03 8.018206745115798844e-15 5.115327845018283533e-17
3.079409475868167647e+03 8.220961502994128569e-15 5.438487796838423846e-17
3.082157093654172058e+03 8.678286296872431498e-15 6.253426060102021804e-17
3.084904711440176470e+03 8.346257611125223796e-15 5.847768994284017414e-17
3.087652329226180882e+03 8.515621790153678573e-15 5.894325135309402155e-17
3.090399947012185294e+03 9.145665364074783909e-15 5.278558593476160801e-17
3.093147564798189705e+03 8.681016932267488140e-15 5.061103088655085490e-17
3.095895182584194117e+03 7.962650542590732046e-15 4.969561525401070278e-17
3.098642800370198529e+03 7.988858868863729108e-15 5.390294306283546024e-17
3.101390418156202941e+03 7.741246996145152167e-15 4.913908637064670445e-17
3.104138035942207352e+03 7.773541713894328001e-15 4.837397259255761431e-17
3.106885653728211764e+03 7.657571752218208221e-15 4.800175943210531528e-17
3.109633271514216176e+03 7.733291713993809856e-15 4.779448179933281593e-17
3.112380889300220588e+03 7.689422554422366615e-15 4.804006218630856246e-17
3.115128507086225000e+03 7.719618669121598689e-15 4.742561068430173356e-17
3.117876124872229411e+03 7.809449700581543502e-15 4.762804442951217215e-17
3.120623742658233823e+03 8.156349518376389544e-15 5.127783544492959283e-17
3.123371360444238235e+03 8.279723585160773514e-15 5.252463499658606731e-17
3.126118978230242647e+03 7.627903064315722526e-15 4.911890015054695301e-17
3.128866596016247058e+03 7.875263122471578060e-15 4.741331701104559305e-17
3.131614213802251470e+03 8.276904351170591544e-15 4.804360376573503096e-17
3.134361831588255882e+03 8.077793203459312915e-15 4.707684237389282569e-17
3.137109449374260294e+03 7.936639606476295197e-15 4.680828718936883920e-17
3.139857067160264705e+03 7.761541769153093106e-15 4.592683352110204107e-17
3.142604684946269117e+03 7.870638581937933739e-15 4.590469811104040600e-17
3.145352302732273529e+03 8.523146439416027878e-15 4.908850296944354879e-17
3.148099920518277941e+03 8.246576550585256513e-15 4.825643290150494058e-17
3.150847538304282352e+03 8.243606240544437625e-15 4.660673897969676146e-17
3.153595156090286764e+03 8.161530455995589628e-15 4.611463301284427682e-17
3.156342773876291176e+03 8.843992236132883103e-15 5.428911232632949485e-17
3.159090391662295588e+03 8.082693824466845695e-15 4.810231219120927743e-17
3.161838009448299999e+03 8.165583706294101638e-15 4.741247742227789880e-17
3.164585627234304411e+03 8.936671305180955112e-15 5.168791544706063390e-17
3.167333245020308823e+03 8.769251484651066297e-15 5.111364823534136089e-17
3.170080862806313235e+03 7.998173685666761493e-15 4.565220027010636648e-17
3.172828480592317646e+03 7.490915208851561231e-15 4.341831308410246804e-17
3.175576098378322058e+03 7.445669148413261025e-15 4.354214513363349029e-17
3.178323716164326470e+03 7.686196044624883290e-15 4.331991847493043602e-17
3.181071333950330882e+03 8.032915207771684540e-15 4.414652108608950510e-17
3.183818951736335293e+03 8.126303417230425036e-15 4.511902969441694436e-17
3.186566569522339705e+03 7.635080975649481047e-15 4.306801809411945029e-17
3.189314187308344117e+03 7.672396979428166901e-15 4.359641650320243534e-17
3.192061805094348529e+03 7.841321238902710216e-15 4.337183551322203236e-17
3.194809422880352940e+03 7.820624990253883396e-15 4.362248100451440327e-17
3.197557040666357352e+03 7.454784526023149430e-15 4.168446497302954562e-17
3.200304658452361764e+03 7.419303782755113071e-15 4.124639558864691092e-17
3.203052276238366176e+03 7.378867146821344594e-15 4.084572786885601298e-17
3.205799894024370587e+03 7.390687046438737866e-15 4.073192781315841161e-17
3.208547511810374999e+03 7.734326267003129526e-15 4.178809610932053755e-17
3.211295129596379411e+03 7.519943981736508219e-15 4.195683204530736463e-17
3.214042747382383823e+03 7.363202278786014656e-15 4.061224087120809754e-17
3.216790365168388234e+03 7.417781616378323918e-15 4.014288670491041079e-17
3.219537982954392646e+03 7.690608992356530193e-15 4.085482322995597872e-17
3.222285600740397058e+03 7.788982695740609551e-15 4.064891298633197491e-17
3.225033218526401470e+03 7.559381483035690504e-15 4.011614822878280808e-17
3.227780836312405881e+03 7.690134044820449191e-15 4.031218747411754407e-17
3.230528454098410293e+03 8.154161854829102373e-15 4.528812677923897597e-17
3.233276071884414705e+03 8.023632901062187850e-15 4.287574718666330958e-17
3.236023689670419117e+03 7.819628669119434668e-15 4.041168019305624627e-17
3.238771307456423528e+03 7.559563338047316338e-15 4.012555347721479938e-17
3.241518925242427940e+03 7.454058009280912897e-15 4.069335709412729967e-17
3.244266543028432352e+03 7.371142899992389439e-15 3.877199164263027652e-17
3.247014160814436764e+03 7.335845827299139288e-15 3.863101234027801484e-17
3.249761778600441176e+03 7.222584855309667965e-15 3.865799957605396409e-17
3.252509396386445587e+03 7.410438044419856828e-15 4.014000078259270024e-17
3.255257014172449999e+03 7.659249933163030863e-15 3.908946831044396198e-17
3.258004631958454411e+03 7.682525504654679927e-15 3.903178024177638526e-17
3.260752249744458823e+03 7.478265013720801340e-15 3.834267906903462411e-17
3.263499867530463234e+03 7.302003467957520881e-15 3.802200386094728597e-17
3.266247485316467646e+03 7.285226006056060896e-15 3.802376713866160208e-17
3.268995103102472058e+03 7.756886078274673268e-15 3.833808307323249852e-17
3.271742720888476470e+03 7.920571317588585332e-15 4.029184241603234956e-17
3.274490338674480881e+03 7.402253649000409166e-15 3.782980370645011526e-17
3.277237956460485293e+03 7.317705414923205553e-15 3.721577567113179702e-17
3.279985574246489705e+03 7.468841778735447063e-15 3.744081377247891137e-17
3.282733192032494117e+03 7.934442926508109443e-15 3.907825413588430810e-17
3.285480809818498528e+03 7.591347227087954177e-15 3.811663721053312266e-17
3.288228427604502940e+03 6.919485321158204798e-15 3.992079160450116346e-17
3.290976045390507352e+03 7.452683880179799085e-15 3.710305909808054717e-17
3.293723663176511764e+03 7.441147846041468588e-15 3.708882910279220200e-17
3.296471280962516175e+03 7.288067332785080333e-15 3.684279652890528597e-17
3.299218898748520587e+03 7.885716694809982813e-15 3.790428336628986748e-17
3.301966516534524999e+03 7.556639043793255645e-15 3.683506968408652320e-17
3.304714134320529411e+03 7.253729855055503130e-15 3.747757471749438360e-17
3.307461752106533822e+03 7.248450651658141799e-15 3.621327568573686271e-17
3.310209369892538234e+03 7.095753204040829936e-15 3.622624927533075518e-17
3.312956987678542646e+03 6.671984968793615420e-15 3.789308548366067612e-17
3.315704605464547058e+03 7.229015226794413367e-15 3.623501316254120265e-17
3.318452223250551469e+03 7.095512311026445672e-15 3.544693601328679025e-17
3.321199841036555881e+03 7.109271088918938163e-15 3.586666365165785776e-17
3.323947458822560293e+03 6.861373209642063751e-15 3.585902708031069082e-17
3.326695076608564705e+03 6.883674098812398448e-15 3.734633163386657004e-17
3.329442694394569116e+03 7.810473622184139920e-15 3.669615279463042050e-17
3.332190312180573528e+03 7.541890343097997887e-15 3.577065849366270413e-17
3.334937929966577940e+03 7.217987002136233081e-15 3.583382642278119291e-17
3.337685547752582352e+03 7.132758559487356203e-15 3.510820883502941964e-17
3.340433165538586763e+03 7.456570487821197245e-15 3.857249632011185969e-17
3.343180783324591175e+03 7.287294512445304041e-15 3.541940150342122783e-17
3.345928401110595587e+03 7.072671531447971870e-15 3.493380967538227018e-17
3.348676018896599999e+03 6.920012533239438913e-15 3.472429521488110408e-17
3.351423636682604410e+03 6.371118292838637465e-15 3.708928232147817213e-17
3.354171254468608822e+03 7.823167710414376892e-15 3.614714034053884957e-17
3.356918872254613234e+03 7.606617337968099631e-15 3.508216468296063535e-17
3.359666490040617646e+03 7.862722091154543407e-15 3.586979257617176631e-17
3.362414107826622057e+03 7.769393976901568826e-15 3.546558712073132398e-17
3.365161725612626469e+03 7.389904740603464759e-15 3.448685150890027309e-17
3.367909343398630881e+03 7.165649927726545474e-15 3.385643391003283883e-17
3.370656961184635293e+03 6.628326405281282580e-15 3.420914345365806450e-17
3.373404578970639704e+03 7.784977234570446545e-15 3.928432191028662238e-17
3.376152196756644116e+03 7.147410682361349995e-15 3.580012883199873739e-17
3.378899814542648528e+03 6.920955056927608893e-15 3.391379290165695502e-17
3.381647432328652940e+03 6.867036839137417118e-15 3.314618846483785974e-17
3.384395050114657352e+03 6.753709266374560921e-15 3.271780869439644739e-17
3.387142667900661763e+03 7.208697158990754520e-15 3.487717943943744536e-17
3.389890285686666175e+03 6.847598503986417623e-15 3.339927819440102268e-17
3.392637903472670587e+03 6.977218355149547226e-15 3.281470306893695680e-17
3.395385521258674999e+03 6.983764530971546577e-15 3.335131308990424991e-17
3.398133139044679410e+03 6.935139607817291482e-15 3.252148008516419805e-17
3.400880756830683822e+03 6.730861042591684659e-15 3.227262674324195575e-17
3.403628374616688234e+03 7.137572780365916315e-15 3.290307139081046131e-17
3.406375992402692646e+03 7.129383951053762739e-15 3.314475513982986163e-17
3.409123610188697057e+03 7.252642170481028304e-15 3.308753866525678185e-17
3.411871227974701469e+03 7.140042559830609759e-15 3.257232792858141685e-17
3.414618845760705881e+03 7.124180300664024136e-15 3.214329154697271117e-17
3.417366463546710293e+03 7.084587943336737847e-15 3.173202101681873723e-17
3.420114081332714704e+03 7.384532765310274382e-15 3.286614360593462477e-17
3.422861699118719116e+03 6.844612007764449682e-15 3.152270071570978978e-17
3.425609316904723528e+03 6.591272770191835006e-15 3.141203734988530245e-17
3.428356934690727940e+03 7.404328232276998567e-15 3.492032287936527348e-17
3.431104552476732351e+03 7.122369162494711042e-15 3.300952311522990719e-17
3.433852170262736763e+03 6.913951219701519528e-15 3.810036052866915232e-17
3.436599788048741175e+03 7.864631132644604076e-15 3.403754900701550959e-17
3.439347405834745587e+03 7.422514109926564975e-15 3.159707532689111034e-17
3.442095023620749998e+03 6.804942431338911575e-15 3.086667840592195655e-17
3.444842641406754410e+03 7.465877440648474635e-15 3.263112145434089714e-17
3.447590259192758822e+03 7.011729449942394367e-15 3.311430048695190478e-17
3.450337876978763234e+03 7.152297326147183981e-15 3.235455691888344822e-17
3.453085494764767645e+03 7.252188118522513574e-15 3.397853932334648236e-17
3.455833112550772057e+03 6.893966727451924134e-15 3.154851170234066311e-17
3.458580730336776469e+03 6.714680040901451546e-15 3.057623487581401164e-17
3.461328348122780881e+03 6.486355411420699037e-15 3.015019538607638726e-17
3.464075965908785292e+03 6.583896108695328454e-15 3.005572997975409464e-17
3.466823583694789704e+03 6.685499878773505384e-15 3.025524708179310382e-17
3.469571201480794116e+03 6.540005680537904859e-15 3.005135758068725578e-17
3.472318819266798528e+03 6.487829468184605887e-15 2.990224824851956789e-17
3.475066437052802939e+03 6.557650969436284134e-15 3.011656173906678560e-17
3.477814054838807351e+03 6.608664457060238418e-15 2.992493272897369444e-17
3.480561672624811763e+03 6.719832546749144946e-15 3.026130987744120993e-17
3.483309290410816175e+03 6.603143306845714075e-15 3.018083670412450187e-17
3.486056908196820586e+03 6.586788709182964261e-15 2.999336303759530245e-17
3.488804525982824998e+03 7.238306471064352943e-15 3.121197694984207630e-17
3.491552143768829410e+03 7.051921924746604529e-15 3.050661372071015053e-17
3.494299761554833822e+03 6.678193928060638157e-15 2.963222675720727723e-17
3.497047379340838233e+03 6.597863408388938232e-15 2.966503766360654995e-17
3.499794997126842645e+03 6.507109460396075466e-15 2.979405592873621397e-17
3.502542614912847057e+03 6.414600734880717536e-15 2.950651261787971635e-17
3.505290232698851469e+03 6.685773114619847144e-15 2.983679570975786479e-17
3.508037850484855880e+03 6.477924272951971324e-15 2.970217112466885272e-17
3.510785468270860292e+03 6.380514138945987228e-15 2.903189760148040809e-17
3.513533086056864704e+03 6.407078025352683474e-15 2.915374808622743081e-17
3.516280703842869116e+03 6.383528689530343825e-15 2.891851359192056965e-17
3.519028321628873528e+03 6.417409229866958239e-15 2.944611551514239170e-17
3.521775939414877939e+03 6.388229885073201651e-15 2.925758120177405258e-17
3.524523557200882351e+03 6.205671848088991737e-15 3.179766111286563660e-17
3.527271174986886763e+03 6.481501491764245443e-15 2.921833717688584015e-17
3.530018792772891175e+03 6.547087729406879219e-15 2.917884801218552399e-17
3.532766410558895586e+03 7.150085067674523535e-15 3.022529143425104048e-17
3.535514028344899998e+03 6.940943705377725197e-15 2.974895758354025211e-17
3.538261646130904410e+03 6.386449038258018857e-15 2.868534642133312868e-17
3.541009263916908822e+03 6.292274265820241011e-15 2.873690449192707955e-17
3.543756881702913233e+03 6.239531528664346038e-15 2.818533099267797725e-17
3.546504499488917645e+03 6.308173134469044089e-15 2.840823112191860220e-17
3.549252117274922057e+03 6.653228183900776534e-15 3.080916684294469636e-17
3.551999735060926469e+03 6.775447983350257998e-15 3.354690085028101885e-17
3.554747352846930880e+03 6.555976118871133335e-15 2.994043587608019689e-17
3.557494970632935292e+03 6.217594240791989676e-15 2.802488585558868845e-17
3.560242588418939704e+03 6.168235914121888326e-15 2.856323943334310921e-17
3.562990206204944116e+03 6.343531320073452924e-15 2.929766477678667721e-17
3.565737823990948527e+03 6.076484106409912691e-15 2.781276081196016222e-17
3.568485441776952939e+03 6.103888564943046740e-15 2.773391694226592600e-17
3.571233059562957351e+03 6.142028251735070033e-15 2.786090474451243989e-17
3.573980677348961763e+03 6.308165279545979952e-15 2.809267408103470299e-17
3.576728295134966174e+03 6.377452055293312632e-15 2.917503304931275989e-17
3.579475912920970586e+03 6.119824563665719168e-15 2.775639377898945734e-17
3.582223530706974998e+03 6.063170455623361229e-15 2.800177757359889143e-17
3.584971148492979410e+03 6.121753912653874631e-15 2.791770076135272817e-17
3.587718766278983821e+03 6.183026266153722182e-15 2.766923293523198202e-17
3.590466384064988233e+03 6.076148213371564160e-15 2.753449303877335135e-17
3.593214001850992645e+03 6.035627235672606007e-15 2.740445342263902068e-17
3.595961619636997057e+03 6.069043075105267912e-15 2.747735710969320049e-17
3.598709237423001468e+03 6.257013828788156988e-15 2.922646570617258931e-17
3.601456855209005880e+03 5.924917116116596886e-15 3.017217084128929391e-17
3.604204472995010292e+03 5.992845586841499100e-15 2.701696329220869936e-17
3.606952090781014704e+03 6.162423991152634378e-15 2.741287607313291187e-17
3.609699708567019115e+03 6.464351097950247503e-15 2.783010435179743170e-17
3.612447326353023527e+03 6.184058204994623989e-15 2.737613744593243157e-17
3.615194944139027939e+03 5.956405836199772288e-15 2.688106766154606454e-17
3.617942561925032351e+03 5.905904783036846972e-15 2.694104507274616708e-17
3.620690179711036762e+03 6.035698521755662119e-15 2.695961270596208547e-17
3.623437797497041174e+03 6.088026834113822278e-15 2.731869181164809758e-17
3.626185415283045586e+03 5.895877309385764855e-15 2.674584244654487444e-17
3.628933033069049998e+03 5.860149047018820241e-15 2.657258033964878706e-17
3.631680650855054409e+03 6.071697993569435459e-15 2.710485978414732082e-17
3.634428268641058821e+03 6.099688349112431910e-15 2.698583452326328259e-17
3.637175886427063233e+03 6.283372864775842469e-15 3.085681434540678089e-17
3.639923504213067645e+03 5.875642771834238525e-15 2.877527913253319957e-17
3.642671121999072056e+03 6.077045530284296427e-15 2.665011023679462834e-17
3.645418739785076468e+03 5.939932875122187987e-15 2.674201921575516461e-17
3.648166357571080880e+03 5.874710851526567540e-15 2.615959775790817012e-17
3.650913975357085292e+03 5.795588747548148716e-15 2.597300931958503614e-17
3.653661593143089704e+03 5.774775826325362343e-15 2.596975063142054037e-17
3.656409210929094115e+03 5.786915084866724185e-15 2.594303886873210246e-17
3.659156828715098527e+03 5.677533032958632319e-15 2.542782950977753018e-17
3.661904446501102939e+03 5.856439145638751245e-15 2.670208054516890906e-17
3.664652064287107351e+03 5.907995605503840490e-15 2.616390027619320976e-17
3.667399682073111762e+03 5.681285465616606515e-15 2.534285980234847088e-17
3.670147299859116174e+03 5.633459005678623923e-15 2.560566139821032414e-17
3.672894917645120586e+03 5.748423460697724400e-15 2.559802817599682843e-17
3.675642535431124998e+03 5.859743394589007627e-15 2.553028366974643169e-17
3.678390153217129409e+03 5.757087645465288568e-15 2.520789384862519082e-17
3.681137771003133821e+03 5.953272675583965440e-15 2.578768993619733576e-17
3.683885388789138233e+03 6.160942374920651486e-15 2.587600482219826995e-17
3.686633006575142645e+03 6.223783918325024673e-15 2.606117288633622510e-17
3.689380624361147056e+03 5.804285498207577383e-15 2.840698498275640918e-17
3.692128242147151468e+03 5.922540666579569393e-15 2.632826253111467029e-17
3.694875859933155880e+03 5.755097335323401874e-15 2.527673584633839888e-17
3.697623477719160292e+03 5.586380765533094578e-15 2.458576117160245610e-17
3.700371095505164703e+03 5.605552737830737471e-15 2.456658864287084829e-17
3.703118713291169115e+03 6.081566416957669358e-15 2.519282607718298925e-17
3.705866331077173527e+03 6.396599926087940815e-15 2.676583374686038581e-17
3.708613948863177939e+03 6.121776544198713434e-15 2.774454865958907946e-17
3.711361566649182350e+03 5.303295104882089854e-15 2.560626105640558661e-17
3.714109184435186762e+03 5.494246589354743641e-15 2.404492690084965492e-17
3.716856802221191174e+03 5.688891529703997845e-15 2.458654146380106650e-17
3.719604420007195586e+03 5.432204750669126935e-15 2.394784409399184767e-17
3.722352037793199997e+03 5.278696003830873721e-15 2.335286249021645671e-17
3.725099655579204409e+03 5.226099887265529911e-15 2.320065467975354210e-17
3.727847273365208821e+03 5.231372483292340957e-15 2.327181164847478298e-17
3.730594891151213233e+03 5.234305357636775166e-15 2.299809137952916045e-17
3.733342508937217644e+03 5.276612900988744687e-15 2.350972757021043425e-17
3.736090126723222056e+03 5.501627318569877922e-15 2.280048865807914805e-17
3.738837744509226468e+03 5.623391814761097933e-15 2.383553782783497696e-17
3.741585362295230880e+03 5.363849977977801399e-15 2.300376775813084095e-17
3.744332980081235291e+03 5.054073233557777585e-15 2.287325606952477652e-17
3.747080597867239703e+03 5.018359912000044587e-15 2.273380513007449562e-17
3.749828215653244115e+03 4.837480388411738019e-15 2.415982539718501778e-17
3.752575833439248527e+03 5.166453730720489824e-15 2.258970826801685920e-17
3.755323451225252938e+03 5.145431972180104786e-15 2.255145161642166736e-17
3.758071069011257350e+03 5.010039103507926217e-15 2.283021972994287988e-17
3.760818686797261762e+03 5.076653733467041594e-15 2.198907180253603999e-17
3.763566304583266174e+03 5.471618930126105479e-15 2.274757294331768762e-17
3.766313922369270585e+03 5.392804948957144306e-15 2.251112496661844376e-17
3.769061540155274997e+03 5.265469187399658959e-15 2.251772167931833537e-17
3.771809157941279409e+03 5.013065717060184417e-15 2.197260315183335859e-17
3.774556775727283821e+03 5.076739588822553914e-15 2.193252533089655166e-17
3.777304393513288232e+03 5.293149089323209212e-15 2.250901590397901329e-17
3.780052011299292644e+03 5.510251911896855099e-15 2.303854880231008771e-17
3.782799629085297056e+03 5.381818420520577833e-15 2.261592758111935384e-17
3.785547246871301468e+03 5.233264301613782394e-15 2.185218784360359047e-17
3.788294864657305880e+03 5.092765463014087783e-15 2.135849602207217525e-17
3.791042482443310291e+03 5.229891271450846192e-15 2.169848446292770786e-17
3.793790100229314703e+03 5.154160746860627035e-15 2.135269152470112614e-17
3.796537718015319115e+03 5.274151417399221504e-15 2.154506517674147049e-17
3.799285335801323527e+03 5.409344732539073061e-15 2.157402057496881002e-17
3.802032953587327938e+03 5.405726518738105178e-15 2.161190525696759458e-17
3.804780571373332350e+03 5.325757804494236412e-15 2.131087319463179819e-17
3.807528189159336762e+03 5.108403076123443024e-15 2.130163743713227572e-17
3.810275806945341174e+03 5.179508726153414690e-15 2.106509227506866223e-17
3.813023424731345585e+03 5.368041691639704235e-15 2.146590111187786232e-17
3.815771042517349997e+03 5.372362500898883274e-15 2.160058391890863705e-17
3.818518660303354409e+03 5.298045742432954468e-15 2.186218009122296106e-17
3.821266278089358821e+03 5.310332283878935600e-15 2.094202933225006453e-17
3.824013895875363232e+03 5.248493994961620621e-15 2.083336704749178186e-17
3.826761513661367644e+03 5.201002574525438078e-15 2.116182576228046762e-17
3.829509131447372056e+03 4.878596037457670076e-15 2.174886636223100659e-17
3.832256749233376468e+03 5.116284229821418861e-15 2.034859190037041192e-17
3.835004367019380879e+03 5.330507848526621913e-15 2.100156365041916475e-17
3.837751984805385291e+03 5.610297689419303013e-15 2.208346723654804399e-17
3.840499602591389703e+03 5.373642240939894516e-15 2.071814324745282516e-17
3.843247220377394115e+03 5.124022134734652037e-15 2.121701269604533759e-17
3.845994838163398526e+03 5.551979067751957156e-15 2.147419984620969232e-17
3.848742455949402938e+03 5.805488902152129887e-15 2.144008991900342528e-17
3.851490073735407350e+03 5.626174831045389389e-15 2.128345868555426772e-17
3.854237691521411762e+03 5.391594516350680235e-15 2.066303211937874133e-17
3.856985309307416173e+03 5.311913104159213313e-15 2.022638553550656679e-17
3.859732927093420585e+03 5.251345513972710269e-15 1.996216372070110236e-17
3.862480544879424997e+03 5.298690351720575111e-15 2.028986743845846002e-17
3.865228162665429409e+03 5.368197838996225316e-15 1.997905994499263947e-17
3.867975780451433820e+03 5.151482107183438656e-15 1.955779626369022181e-17
3.870723398237438232e+03 4.980951016700655946e-15 1.941306290048696087e-17
3.873471016023442644e+03 4.960640253787364629e-15 1.982181357948489671e-17
3.876218633809447056e+03 5.217553808364735375e-15 2.018138195626911580e-17
3.878966251595451467e+03 5.453715170436916806e-15 2.012729117603422986e-17
3.881713869381455879e+03 5.661803791261838956e-15 2.038170000268542422e-17
3.884461487167460291e+03 5.829491930870416932e-15 2.053316692643008337e-17
3.887209104953464703e+03 5.877033049640769518e-15 2.086598434083315794e-17
3.889956722739469114e+03 5.728434662014860235e-15 2.043990549256748329e-17
3.892704340525473526e+03 5.455479447571094267e-15 2.093242876995512316e-17
3.895451958311477938e+03 5.798528872752719263e-15 2.063270063120907746e-17
3.898199576097482350e+03 5.877891714429671940e-15 2.044956536681665967e-17
3.900947193883486761e+03 6.008342071154448777e-15 2.072609504527329777e-17
3.903694811669491173e+03 5.824884111326197602e-15 2.040948149869229172e-17
3.906442429455495585e+03 5.552357714947105868e-15 1.984664732719397391e-17
3.909190047241499997e+03 5.447955881472486417e-15 1.974055184622115292e-17
3.911937665027504408e+03 5.366012126784094343e-15 1.928718760391643678e-17
3.914685282813508820e+03 5.297991538107977515e-15 1.910086094283917151e-17
3.917432900599513232e+03 5.119401990077042481e-15 1.872219226833038796e-17
3.920180518385517644e+03 5.025176296383588681e-15 1.898752630021980657e-17
3.922928136171522056e+03 4.924933050961511380e-15 1.853068258919954668e-17
3.925675753957526467e+03 4.902117467322550602e-15 1.967765005643522724e-17
3.928423371743530879e+03 5.003871265374248595e-15 1.948955739650152920e-17
3.931170989529535291e+03 5.071475134987976391e-15 1.862657241882392743e-17
3.933918607315539703e+03 5.259960274129045034e-15 1.879550945634779849e-17
3.936666225101544114e+03 5.421049484312407631e-15 1.892486687820885497e-17
3.939413842887548526e+03 5.783716229288450545e-15 1.951903086132545525e-17
3.942161460673552938e+03 5.814783868281532275e-15 1.950944500156742344e-17
3.944909078459557350e+03 5.596925168049913059e-15 1.914300078758199581e-17
3.947656696245561761e+03 5.480478876876508074e-15 1.974321409811116767e-17
3.950404314031566173e+03 5.542194312664403984e-15 1.918697976660295818e-17
3.953151931817570585e+03 5.599717163047220506e-15 1.918321238298486824e-17
3.955899549603574997e+03 5.489149926005165459e-15 1.967472452922736139e-17
3.958647167389579408e+03 5.744542751393979892e-15 1.940326334490216597e-17
3.961394785175583820e+03 5.509430821779349058e-15 1.866645642698947075e-17
3.964142402961588232e+03 5.287203936533134296e-15 1.829491303784160313e-17
3.966890020747592644e+03 5.241879244959155967e-15 1.822791849276871788e-17
3.969637638533597055e+03 5.442953955365121806e-15 1.918282825086303520e-17
3.972385256319601467e+03 5.492284540816532715e-15 1.877556259238304560e-17
3.975132874105605879e+03 5.546527733731348603e-15 1.859257868781383132e-17
3.977880491891610291e+03 5.508605364695779180e-15 1.848541539257357791e-17
3.980628109677614702e+03 5.431205548690512361e-15 1.831674614889685456e-17
3.983375727463619114e+03 5.391000596974798229e-15 1.828234200862472844e-17
3.986123345249623526e+03 5.342553093467205636e-15 1.821097595590644616e-17
3.988870963035627938e+03 5.169827972762351279e-15 1.788817944599741439e-17
3.991618580821632349e+03 4.959252432612879121e-15 1.757686049078551537e-17
3.994366198607636761e+03 5.144361691707989891e-15 1.783051314870070492e-17
3.997113816393641173e+03 5.062100474292734795e-15 1.763995360549073472e-17
3.999861434179645585e+03 5.020327556918582807e-15 1.785496159145217834e-17
4.002609051965649996e+03 4.745383172814915276e-15 1.714034987082425312e-17
4.005356669751654408e+03 4.506854361188036614e-15 1.659745200327391761e-17
4.008104287537658820e+03 4.486688290141120761e-15 1.652229778676346603e-17
4.010851905323663232e+03 4.641366619958043387e-15 1.675928533270138985e-17
4.013599523109667643e+03 4.909006626440141594e-15 1.722417577304122370e-17
4.016347140895672055e+03 5.117345642012413568e-15 1.745113207116436031e-17
4.019094758681676467e+03 5.343681626050887161e-15 1.768877825097490076e-17
4.021842376467680879e+03 5.456068889466626421e-15 1.803363529540711819e-17
4.024589994253685290e+03 5.276296934646736181e-15 1.773674678474559164e-17
4.027337612039689702e+03 5.271535617834675092e-15 1.759711924298488837e-17
4.030085229825694114e+03 5.249332698630360716e-15 1.750993133993639871e-17
4.032832847611698526e+03 5.260996077555017932e-15 1.762303363898507105e-17
4.035580465397702937e+03 5.217138130810089694e-15 1.768150900520409661e-17
4.038328083183707349e+03 5.254244198473831031e-15 1.768813730096729063e-17
4.041075700969711761e+03 5.238470462497752158e-15 1.744325177827469182e-17
4.043823318755716173e+03 5.075221372596369428e-15 1.745255041985055737e-17
4.046570936541720585e+03 5.000364722332876072e-15 1.707482460323609950e-17
4.049318554327724996e+03 4.882694117064275159e-15 1.724703631727000931e-17
4.052066172113729408e+03 4.981052130772394580e-15 1.733652336468918209e-17
4.054813789899733820e+03 5.147168505881146439e-15 1.749759632679863121e-17
4.057561407685738232e+03 5.268748783992919357e-15 1.845540767844474005e-17
4.060309025471742643e+03 5.033819407112528018e-15 1.735362111978657210e-17
4.063056643257747055e+03 4.780357162640006596e-15 1.668481626017543916e-17
4.065804261043751467e+03 4.828091716256617176e-15 1.671532101831813879e-17
4.068551878829755879e+03 5.074873146654659998e-15 1.707476589687546086e-17
4.071299496615760290e+03 5.565048565450667003e-15 1.970287956655914985e-17
4.074047114401764702e+03 5.559790109678463001e-15 2.004469226782547894e-17
4.076794732187769114e+03 5.182048890881826651e-15 1.720500009605326048e-17
4.079542349973773526e+03 5.202563041607843006e-15 1.744129045631791725e-17
4.082289967759777937e+03 5.214209166330798220e-15 1.733202459910727746e-17
4.085037585545782349e+03 5.226054603247340147e-15 1.726074345605253018e-17
4.087785203331786761e+03 5.315711209080040993e-15 1.786088937517238058e-17
4.090532821117791173e+03 5.225642140788423736e-15 1.740071506755710862e-17
4.093280438903795584e+03 5.109865101640835058e-15 1.697677481969971290e-17
4.096028056689799996e+03 5.078097466105764360e-15 1.698777602098889317e-17
4.098775674475804408e+03 5.069286747842421815e-15 1.695804600528882636e-17
4.101523292261808820e+03 5.054651035428708052e-15 1.687072405153231527e-17
4.104270910047813231e+03 5.037031705723160048e-15 1.687455134942897206e-17
4.107018527833817643e+03 5.000586491375134550e-15 1.682730569758464068e-17
4.109766145619822055e+03 4.962267313423323194e-15 1.678368837971845017e-17
4.112513763405826467e+03 4.942474586178103007e-15 1.674610476648742500e-17
4.115261381191830878e+03 4.945273584657581647e-15 1.664978802493261323e-17
4.118008998977835290e+03 5.059336531747676096e-15 1.687078374066009127e-17
4.120756616763839702e+03 4.930885733700686846e-15 1.657938430981238616e-17
4.123504234549844114e+03 4.782711635596735872e-15 1.664108260818017837e-17
4.126251852335848525e+03 4.547574639757358030e-15 1.613249549064363910e-17
4.128999470121852937e+03 4.544048393411729190e-15 1.593676285958141319e-17
4.131747087907857349e+03 4.650284046221082099e-15 1.689316345555542607e-17
4.134494705693861761e+03 4.401053880887245355e-15 1.619613657146226339e-17
4.137242323479866172e+03 4.262517155494414045e-15 1.545218410929898666e-17
4.139989941265870584e+03 4.244312219796447982e-15 1.542770352995498739e-17
4.142737559051874996e+03 4.304849750377502064e-15 1.559120768802185912e-17
4.145485176837879408e+03 4.426671439543142587e-15 1.576062924868281251e-17
4.148232794623883819e+03 4.658268102492851152e-15 1.642626254148327144e-17
4.150980412409888231e+03 4.789076011796483233e-15 1.641022482048744802e-17
4.153728030195892643e+03 4.786731373505519710e-15 1.630451486528242237e-17
4.156475647981897055e+03 4.750117173495819432e-15 1.629134848081443511e-17
4.159223265767901466e+03 4.735856095569904986e-15 1.610816947443424814e-17
4.161970883553905878e+03 4.798316114202991096e-15 1.621453934493155136e-17
4.164718501339910290e+03 4.865393090350802695e-15 1.658082017406139440e-17
4.167466119125914702e+03 4.892767202409785212e-15 1.656452091741362076e-17
4.170213736911919113e+03 4.975888382774223412e-15 1.727193008286557844e-17
4.172961354697923525e+03 4.897485350711957104e-15 1.725632603686532440e-17
4.175708972483927937e+03 4.764317300774021417e-15 1.612291540780435620e-17
4.178456590269932349e+03 4.770643319958055422e-15 1.615502760885511236e-17
4.181204208055936761e+03 4.620747189462326318e-15 1.591432681282435303e-17
4.183951825841941172e+03 4.641136234189499263e-15 1.592792287707556700e-17
4.186699443627945584e+03 4.719727704459755212e-15 1.615280564148656257e-17
4.189447061413949996e+03 4.650674345937565428e-15 1.590636144839581020e-17
4.192194679199954408e+03 4.712117693872639826e-15 1.595094212352473539e-17
4.194942296985958819e+03 4.826483024385480248e-15 1.699734692204073923e-17
4.197689914771963231e+03 4.859936290622687868e-15 1.726531657502966285e-17
4.200437532557967643e+03 4.721513510648820580e-15 1.612080017710324964e-17
4.203185150343972055e+03 4.715371409447978493e-15 1.590762506370556724e-17
4.205932768129976466e+03 4.649371140393953829e-15 1.581978872028621518e-17
4.208680385915980878e+03 4.712846685229598615e-15 1.613430627012822448e-17
4.211428003701985290e+03 4.740947371034743658e-15 1.602996301451109922e-17
4.214175621487989702e+03 4.804646105380293667e-15 1.594568382194030859e-17
4.216923239273994113e+03 4.759322403589106254e-15 1.587600554185741620e-17
4.219670857059998525e+03 4.732906168579288850e-15 1.583575856610844472e-17
4.222418474846002937e+03 4.657489479329358550e-15 1.571487859954950225e-17
4.225166092632007349e+03 4.597865423675845636e-15 1.569336995541707530e-17
4.227913710418011760e+03 4.631746155307529809e-15 1.571421106087519270e-17
4.230661328204016172e+03 4.703746143821376200e-15 1.584359000768320291e-17
4.233408945990020584e+03 4.631869999834423683e-15 1.573455051222656108e-17
4.236156563776024996e+03 4.699157208627522570e-15 1.595362586081121946e-17
4.238904181562029407e+03 4.790508539928656290e-15 1.656638391276712326e-17
4.241651799348033819e+03 4.700112822454701685e-15 1.628585524907869485e-17
4.244399417134038231e+03 4.631150136882788819e-15 1.575014607658433591e-17
4.247147034920042643e+03 4.696211302991846890e-15 1.564137765495789052e-17
4.249894652706047054e+03 4.677182392968809751e-15 1.562412057350536575e-17
4.252642270492051466e+03 4.619353628968183888e-15 1.551051770889041772e-17
4.255389888278055878e+03 4.593194189759476341e-15 1.547456394872927808e-17
4.258137506064060290e+03 4.600842494846247437e-15 1.550055854304398114e-17
4.260885123850064701e+03 4.571962327333145091e-15 1.553072961201578986e-17
4.263632741636069113e+03 4.611408394504920380e-15 1.566827019015214253e-17
4.266380359422073525e+03 4.597225789387062105e-15 1.552086192139363659e-17
4.269127977208077937e+03 4.573710377507174941e-15 1.551629089894909451e-17
4.271875594994082348e+03 4.567558803761807700e-15 1.539906947936513536e-17
4.274623212780086760e+03 4.525252517472702909e-15 1.531233693242776512e-17
4.277370830566091172e+03 4.541194225098120066e-15 1.534045072360580642e-17
4.280118448352095584e+03 4.509651367723456264e-15 1.529342608572287551e-17
4.282866066138099995e+03 4.474305056615961871e-15 1.513248224556890357e-17
4.285613683924104407e+03 4.496176525002534076e-15 1.544048264499040692e-17
4.288361301710108819e+03 4.457731104953837988e-15 1.558888575324347012e-17
4.291108919496113231e+03 4.549929145230339807e-15 1.479931481621892843e-17
4.293856537282117642e+03 4.451036559010759424e-15 1.526197169468114488e-17
4.296604155068122054e+03 4.437810162452321044e-15 1.505637362927831493e-17
4.299351772854126466e+03 4.380981202707288808e-15 1.490407779321603176e-17
4.302099390640130878e+03 4.547391245816974818e-15 1.515896292544381171e-17
4.304847008426135289e+03 4.460083077227086792e-15 1.502274324141612125e-17
4.307594626212139701e+03 4.346197675798288508e-15 1.483108044545977082e-17
4.310342243998144113e+03 4.410001577648426135e-15 1.505858410075807518e-17
4.313089861784148525e+03 4.404424363802373354e-15 1.499617517800199073e-17
4.315837479570152937e+03 4.370870775421424310e-15 1.491786474753651494e-17
4.318585097356157348e+03 4.362807773374661751e-15 1.478164591584042119e-17
4.321332715142161760e+03 4.329126817520167606e-15 1.472703869159325420e-17
4.324080332928166172e+03 4.402231934669947098e-15 1.528138161058392839e-17
4.326827950714170584e+03 4.413863263952385325e-15 1.528410175592087614e-17
4.329575568500174995e+03 4.343538561922871171e-15 1.474439307840754031e-17
4.332323186286179407e+03 4.385693278259568408e-15 1.481078805180200992e-17
4.335070804072183819e+03 4.481543386378424808e-15 1.502879821593047280e-17
4.337818421858188231e+03 4.438539311676224371e-15 1.496282815763307694e-17
4.340566039644192642e+03 4.337008693236301944e-15 1.476156759667156955e-17
4.343313657430197054e+03 4.350891662985352273e-15 1.465506608113370889e-17
4.346061275216201466e+03 4.279140989673714676e-15 1.458470548731936169e-17
4.348808893002205878e+03 4.231047024104245815e-15 1.461490257204098447e-17
4.351556510788210289e+03 4.214874657388605093e-15 1.440120204453283654e-17
4.354304128574214701e+03 4.181868576386744611e-15 1.433637064308634275e-17
4.357051746360219113e+03 4.195320597140426937e-15 1.432727728868065584e-17
4.359799364146223525e+03 4.159107301586840593e-15 1.447837806516527245e-17
4.362546981932227936e+03 4.204065092851975726e-15 1.541021556455015750e-17
4.365294599718232348e+03 4.076649828965043403e-15 1.486250212381180368e-17
4.368042217504236760e+03 4.108074293436198952e-15 1.421935903384561182e-17
4.370789835290241172e+03 4.130525660195957467e-15 1.428000954811252673e-17
4.373537453076245583e+03 4.002271699198800462e-15 1.407526282721260552e-17
4.376285070862249995e+03 3.829362529380556347e-15 1.364120528793129542e-17
4.379032688648254407e+03 3.844556561485572726e-15 1.365478349870594331e-17
4.381780306434258819e+03 3.846306323352283200e-15 1.370586977223638282e-17
4.384527924220263230e+03 3.858421548903154985e-15 1.370856454574313111e-17
4.387275542006267642e+03 3.924559068041152848e-15 1.380443947972350474e-17
4.390023159792272054e+03 4.170471997197369427e-15 1.409984880107864497e-17
4.392770777578276466e+03 4.388870450600512258e-15 1.451143927857536557e-17
4.395518395364280877e+03 4.269226044815847596e-15 1.438133511184505249e-17
4.398266013150285289e+03 4.101432537886097720e-15 1.399003784390020430e-17
4.401013630936289701e+03 4.212123883982307496e-15 1.431255219571148866e-17
4.403761248722294113e+03 4.181261413927031794e-15 1.416190371884842926e-17
4.406508866508298524e+03 3.904519128977639372e-15 1.442206522643958603e-17
4.409256484294302936e+03 4.066203040177086583e-15 1.400042325717499468e-17
4.412004102080307348e+03 4.041254882435174027e-15 1.388254559989773818e-17
4.414751719866311760e+03 4.024405742888862504e-15 1.382520914933483724e-17
4.417499337652316171e+03 4.300296148854235531e-15 1.600819358792427961e-17
4.420246955438320583e+03 4.324923281900526334e-15 1.635200757606213095e-17
4.422994573224324995e+03 4.031249168603845109e-15 1.397622365196332491e-17
4.425742191010329407e+03 3.893553988459400803e-15 1.355879572824557587e-17
4.428489808796333818e+03 3.972715501241658797e-15 1.369359542070835558e-17
4.431237426582338230e+03 4.003372056909567030e-15 1.394873208951441056e-17
4.433985044368342642e+03 4.131604319861282296e-15 1.467051673401825715e-17
4.436732662154347054e+03 4.122368748467149582e-15 1.436192153890247998e-17
4.439480279940351465e+03 3.970410487273206506e-15 1.405150006733346554e-17
4.442227897726355877e+03 4.143254972894367263e-15 1.394162684300377819e-17
4.444975515512360289e+03 4.127086994630916757e-15 1.457570701559007611e-17
4.447723133298364701e+03 4.060786408878315640e-15 1.386792880970153816e-17
4.450470751084369113e+03 3.982102483432796966e-15 1.375423963841157801e-17
4.453218368870373524e+03 4.094299133126592264e-15 1.467694488838847749e-17
4.455965986656377936e+03 4.049732051066071422e-15 1.450467086875435759e-17
4.458713604442382348e+03 3.974926033171317089e-15 1.361643172602819084e-17
4.461461222228386760e+03 3.872500696862898565e-15 1.384385855384792137e-17
4.464208840014391171e+03 4.164900038512595945e-15 1.557925898382947462e-17
4.466956457800395583e+03 4.190699605669193970e-15 1.566499521872566550e-17
4.469704075586399995e+03 3.978674179822489394e-15 1.360403452692720492e-17
4.472451693372404407e+03 4.001984363834657992e-15 1.375038255998616701e-17
4.475199311158408818e+03 3.973860714907503809e-15 1.370369114266443804e-17
4.477946928944413230e+03 3.962203066295542136e-15 1.374537243949272267e-17
4.480694546730417642e+03 4.090462476446766323e-15 1.374776184312552438e-17
4.483442164516422054e+03 4.041453867713318956e-15 1.391922737826532734e-17
4.486189782302426465e+03 3.957720109125792161e-15 1.387225385621974532e-17
4.488937400088430877e+03 3.909319973116242159e-15 1.354991662890980457e-17
4.491685017874435289e+03 3.902593476192866888e-15 1.343077001311882024e-17
4.494432635660439701e+03 3.905001754400452133e-15 1.342209491852822195e-17
4.497180253446444112e+03 3.871002436576293523e-15 1.341785932413115932e-17
4.499927871232448524e+03 3.860026432722167668e-15 1.336933833262617599e-17
4.502675489018452936e+03 3.838781431798445259e-15 1.329681097158959591e-17
4.505423106804457348e+03 3.722089807429703162e-15 1.334887264484406375e-17
4.508170724590461759e+03 3.644978882969173565e-15 1.292842717432256027e-17
4.510918342376466171e+03 3.589758829620618245e-15 1.283161778050270490e-17
4.513665960162470583e+03 3.710022393015477459e-15 1.308131915414341148e-17
4.516413577948474995e+03 3.771554513920792820e-15 1.355004729687214127e-17
4.519161195734479406e+03 3.861643979434794813e-15 1.332556295514552353e-17
4.521908813520483818e+03 3.962167010731656652e-15 1.414691668804949020e-17
4.524656431306488230e+03 4.035405121762002798e-15 1.463426066703094676e-17
4.527404049092492642e+03 3.924260599636113730e-15 1.346519710828645856e-17
4.530151666878497053e+03 3.914299243316258302e-15 1.339790151642505339e-17
4.532899284664501465e+03 3.910823776132314401e-15 1.334082846488285827e-17
4.535646902450505877e+03 3.935367274941301240e-15 1.341814533504741557e-17
4.538394520236510289e+03 4.137879328680435506e-15 1.382550858960048005e-17
4.541142138022514700e+03 4.235223170440650247e-15 1.406730803470515110e-17
4.543889755808519112e+03 4.095383675298756641e-15 1.386656761646113581e-17
4.546637373594523524e+03 3.912843937410650040e-15 1.338872265100896764e-17
4.549384991380527936e+03 4.040044209328935062e-15 1.415226698366111343e-17
4.552132609166532347e+03 4.007293795057218239e-15 1.437266587873145006e-17
4.554880226952536759e+03 3.903697540224073926e-15 1.383748887511803060e-17
4.557627844738541171e+03 3.839910986563222085e-15 1.319147818781176494e-17
4.560375462524545583e+03 3.836080460684671038e-15 1.316881935949677852e-17
4.563123080310549994e+03 3.882175467092694483e-15 1.325752502288126095e-17
4.565870698096554406e+03 3.876008565546673417e-15 1.323286791986062224e-17
4.568618315882558818e+03 3.812034413249765091e-15 1.310691618965061013e-17
4.571365933668563230e+03 3.866431869690725164e-15 1.328370914088227914e-17
4.574113551454567641e+03 3.897872022904281354e-15 1.339580815733007377e-17
4.576861169240572053e+03 3.836435627302365173e-15 1.320403022320504769e-17
4.579608787026576465e+03 3.766364691881718701e-15 1.306922217907942946e-17
4.582356404812580877e+03 3.780197639755821324e-15 1.306068682067922701e-17
4.585104022598585289e+03 3.884903531945027117e-15 1.323180129519606968e-17
4.587851640384589700e+03 3.901183356124076506e-15 1.326763816202331869e-17
4.590599258170594112e+03 3.747899234970115741e-15 1.302309385880215588e-17
4.593346875956598524e+03 3.731101245048925150e-15 1.341765234178475795e-17
4.596094493742602936e+03 4.131789233545864465e-15 1.359888178970396579e-17
4.598842111528607347e+03 4.101405567894466079e-15 1.367540118003593577e-17
4.601589729314611759e+03 3.754191049496905712e-15 1.304192155275329291e-17
4.604337347100616171e+03 3.717690781378497086e-15 1.297381663509030832e-17
4.607084964886620583e+03 3.658871030128994578e-15 1.287260370297098600e-17
4.609832582672624994e+03 3.682131083356460705e-15 1.290631517034802367e-17
4.612580200458629406e+03 3.738775975422232591e-15 1.297653949312987223e-17
4.615327818244633818e+03 3.751167141954658774e-15 1.304811776500310917e-17
4.618075436030638230e+03 3.712749690216749284e-15 1.294376374026905330e-17
4.620823053816642641e+03 3.758938759098787676e-15 1.305675030863226988e-17
4.623570671602647053e+03 3.727620363417729172e-15 1.300453424724045464e-17
4.626318289388651465e+03 3.707205146993889947e-15 1.298222404720116484e-17
4.629065907174655877e+03 3.743342231236513628e-15 1.318131541647198869e-17
4.631813524960660288e+03 3.790380617541580227e-15 1.321548030477399103e-17
4.634561142746664700e+03 3.695225284228944431e-15 1.291135132327976549e-17
4.637308760532669112e+03 3.690039307022440992e-15 1.289374722759962114e-17
4.640056378318673524e+03 3.743519993413238374e-15 1.304425036717310097e-17
4.642803996104677935e+03 3.729915537331505708e-15 1.301091831804357928e-17
4.645551613890682347e+03 3.701268666303474055e-15 1.298533212130997569e-17
4.648299231676686759e+03 3.633222125593870179e-15 1.287609400028907769e-17
4.651046849462691171e+03 3.607881862423492153e-15 1.281489606029865088e-17
4.653794467248695582e+03 3.596687586206548670e-15 1.281539418240905769e-17
4.656542085034699994e+03 3.617081056424922416e-15 1.295006488168908996e-17
4.659289702820704406e+03 3.741616239913032948e-15 1.285649934700068355e-17
4.662037320606708818e+03 3.588965100569558870e-15 1.304402030581559202e-17
4.664784938392713229e+03 3.604688146374566605e-15 1.303039922063188755e-17
4.667532556178717641e+03 3.567561942590925664e-15 1.351695008486126154e-17
4.670280173964722053e+03 3.570549953142745739e-15 1.356991406011522214e-17
4.673027791750726465e+03 3.539277443054859776e-15 1.269810094284251126e-17
4.675775409536730876e+03 3.554166600274255922e-15 1.279855159892927158e-17
4.678523027322735288e+03 3.547679060409574082e-15 1.276074760458897776e-17
4.681270645108739700e+03 3.568661661416804824e-15 1.287932224651908888e-17
4.684018262894744112e+03 3.735757553710182671e-15 1.253679653141801602e-17
4.686765880680748523e+03 3.661340100406771819e-15 1.319176413372848338e-17
4.689513498466752935e+03 3.914521111938359978e-15 1.331039142828982120e-17
4.692261116252757347e+03 3.895810917678479706e-15 1.223778383890155440e-17
4.695008734038761759e+03 3.671076069562452387e-15 1.300554030569482160e-17
4.697756351824766170e+03 3.626469648688629976e-15 1.287702994657548076e-17
4.700503969610770582e+03 3.750378126135703675e-15 1.303278915069760988e-17
4.703251587396774994e+03 3.857930305966553304e-15 1.329491662846010398e-17
4.705999205182779406e+03 3.706811256845529585e-15 1.309171938291364826e-17
4.708746822968783817e+03 3.651983979334084551e-15 1.292017908333669224e-17
4.711494440754788229e+03 3.552858674823437303e-15 1.276927246846115675e-17
4.714242058540792641e+03 3.487479814642428339e-15 1.275825518441021552e-17
4.716989676326797053e+03 3.542926506506732615e-15 1.321559246232611148e-17
4.719737294112801465e+03 3.681316142296593730e-15 1.361052103900502164e-17
4.722484911898805876e+03 3.861039191213648569e-15 1.328164380763028437e-17
4.725232529684810288e+03 3.865390515510505999e-15 1.332769890494769134e-17
4.727980147470814700e+03 3.759611543769687884e-15 1.319161475922287646e-17
4.730727765256819112e+03 3.547521242783535029e-15 1.281527666338403257e-17
4.733475383042823523e+03 3.452969147956013209e-15 1.258849057353638532e-17
4.736223000828827935e+03 3.457044076654305137e-15 1.289241623490837388e-17
4.738970618614832347e+03 3.435921577978000937e-15 1.283173147145712667e-17
4.741718236400836759e+03 3.471818921592167704e-15 1.302488862422722628e-17
4.744465854186841170e+03 3.605608100234178267e-15 1.335353279299206697e-17
4.747213471972845582e+03 3.776224632939262216e-15 1.315246727093385020e-17
4.749961089758849994e+03 3.743932774012919225e-15 1.312322012660751827e-17
4.752708707544854406e+03 3.491408172920684140e-15 1.277583270992041489e-17
4.755456325330858817e+03 3.438323514263859838e-15 1.276024838573868509e-17
4.758203943116863229e+03 3.380170431181295323e-15 1.250797632546737810e-17
4.760951560902867641e+03 3.413936219785036492e-15 1.260769181711042957e-17
4.763699178688872053e+03 3.450535725386364978e-15 1.262498417315375801e-17
4.766446796474876464e+03 3.349238732695256286e-15 1.250690582076935964e-17
4.769194414260880876e+03 3.338387514441582969e-15 1.244423793382680235e-17
4.771942032046885288e+03 3.409157939747138465e-15 1.292844272638171868e-17
4.774689649832889700e+03 3.429625462839589342e-15 1.310625005869608532e-17
4.777437267618894111e+03 3.420556711208165633e-15 1.318859793926135289e-17
4.780184885404898523e+03 3.392028734650031177e-15 1.311914924602634353e-17
4.782932503190902935e+03 3.364360577144211504e-15 1.255070012799910733e-17
4.785680120976907347e+03 3.386822629977510757e-15 1.263489728728708289e-17
4.788427738762911758e+03 3.346295649934613644e-15 1.249563403757612306e-17
4.791175356548916170e+03 3.285115176846486823e-15 1.225503715130636461e-17
4.793922974334920582e+03 3.346252032851140449e-15 1.241596752148108970e-17
4.796670592120924994e+03 3.297571698374754988e-15 1.234694581605194505e-17
4.799418209906929405e+03 3.321461483381133834e-15 1.240900163459781811e-17
4.802165827692933817e+03 3.322209527857993447e-15 1.242098897360729137e-17
4.804913445478938229e+03 3.316191632834060165e-15 1.241396583643882175e-17
4.807661063264942641e+03 3.387758848971960669e-15 1.258804006131631089e-17
4.810408681050947052e+03 3.205567071375520073e-15 1.240016064353583604e-17
4.813156298836951464e+03 3.356095170857899967e-15 1.200547323857699455e-17
4.815903916622955876e+03 3.231939206463088843e-15 1.250835003707882004e-17
4.818651534408960288e+03 3.196388089905866222e-15 1.271124367878372868e-17
4.821399152194964699e+03 3.371278754458265998e-15 1.257617494600892909e-17
4.824146769980969111e+03 3.268864238577094959e-15 1.232946281078955957e-17
4.826894387766973523e+03 3.249671999306616748e-15 1.215659475150632639e-17
4.829642005552977935e+03 3.240030099518683515e-15 1.228173592719387084e-17
4.832389623338982346e+03 3.218215646387570888e-15 1.222615146623013449e-17
4.835137241124986758e+03 3.313654622272106438e-15 1.235677924952356510e-17
4.837884858910991170e+03 3.858213049569155211e-15 1.340451379926584769e-17
4.840632476696995582e+03 4.042905365492878028e-15 1.376706584849315964e-17
4.843380094482999993e+03 3.629677197640334762e-15 1.326468381420103631e-17
4.846127712269004405e+03 3.226141824913461629e-15 1.218235621654484596e-17
4.848875330055008817e+03 3.195270038735777375e-15 1.200897815247838333e-17
4.851622947841013229e+03 3.196829193457997090e-15 1.199529984259140336e-17
4.854370565627017641e+03 3.203958858420985157e-15 1.197866201470260401e-17
4.857118183413022052e+03 3.195665131477524453e-15 1.197247115081734944e-17
4.859865801199026464e+03 3.205320935640427671e-15 1.202816416784817304e-17
4.862613418985030876e+03 3.208246430171649694e-15 1.226359026491836324e-17
4.865361036771035288e+03 3.215836960859515986e-15 1.250188146476230778e-17
4.868108654557039699e+03 3.225973190651840554e-15 1.240130518104059900e-17
4.870856272343044111e+03 3.044127611865440743e-15 1.233065378233724280e-17
4.873603890129048523e+03 3.108674554352392976e-15 1.180727026411531758e-17
4.876351507915052935e+03 3.106889500487641049e-15 1.186713165767790585e-17
4.879099125701057346e+03 3.085851547474484648e-15 1.179734542195313859e-17
4.881846743487061758e+03 3.116164442904446741e-15 1.361277984471299065e-17
4.884594361273066170e+03 3.122500107079986922e-15 1.356545920480678680e-17
4.887341979059070582e+03 2.959933739156410366e-15 1.265253845945960143e-17
4.890089596845074993e+03 3.035121229963774007e-15 1.222894324872047585e-17
4.892837214631079405e+03 3.016427907985605390e-15 1.160934258864102928e-17
4.895584832417083817e+03 3.096196226912120728e-15 1.173517758393242908e-17
4.898332450203088229e+03 3.588903614230768854e-15 1.256748259706050480e-17
4.901080067989092640e+03 3.900185516494808580e-15 1.308512535958219541e-17
4.903827685775097052e+03 3.475387144021299301e-15 1.240640216052358872e-17
4.906575303561101464e+03 3.066439811940179949e-15 1.197306440193352180e-17
4.909322921347105876e+03 3.028916964796038509e-15 1.172977062981798461e-17
4.912070539133110287e+03 3.007607736890508699e-15 1.202999361830218126e-17
4.914818156919114699e+03 3.139447386575901358e-15 1.183343395211039079e-17
4.917565774705119111e+03 3.101533842869288499e-15 1.174355174156945093e-17
4.920313392491123523e+03 3.092289905397973247e-15 1.167282552920601028e-17
4.923061010277127934e+03 3.136547812069416502e-15 1.209387939252777661e-17
4.925808628063132346e+03 3.102331536018018080e-15 1.185277059282625223e-17
4.928556245849136758e+03 3.204596611150825262e-15 1.259954014464080278e-17
4.931303863635141170e+03 3.244222541813419669e-15 1.287272928222249590e-17
4.934051481421145581e+03 3.104544982286851406e-15 1.176026556323379403e-17
4.936799099207149993e+03 3.041931618773764448e-15 1.160451347122485530e-17
4.939546716993154405e+03 3.064123147928341617e-15 1.271362753182450816e-17
4.942294334779158817e+03 3.134595576130870863e-15 1.235712265694888537e-17
4.945041952565163228e+03 3.053766038649499164e-15 1.176932937331523534e-17
4.947789570351167640e+03 3.088144860013208330e-15 1.188263340812742401e-17
4.950537188137172052e+03 3.217938851377846342e-15 1.257936227328075808e-17
4.953284805923176464e+03 3.189260211789199682e-15 1.193412590836395890e-17
4.956032423709180875e+03 3.197940683199149996e-15 1.078056473792638459e-17
4.958780041495185287e+03 2.951884981378099026e-15 1.143434223827050951e-17
4.961527659281189699e+03 3.049495973608183406e-15 1.211382903603930528e-17
4.964275277067194111e+03 3.125681792524469688e-15 1.229778043179009455e-17
4.967022894853198522e+03 3.079146418358278500e-15 1.158013459781957484e-17
4.969770512639202934e+03 3.109455918789032038e-15 1.160085688234806956e-17
4.972518130425207346e+03 3.092431894629572312e-15 1.155775969315001881e-17
4.975265748211211758e+03 3.108807713094156762e-15 1.180697176409387826e-17
4.978013365997216169e+03 3.085535299947634329e-15 1.181622745518804909e-17
4.980760983783220581e+03 3.000867795555011956e-15 1.158629954477568410e-17
4.983508601569224993e+03 3.033469275235607211e-15 1.150053861308911514e-17
4.986256219355229405e+03 3.018727975301809127e-15 1.166911390806199307e-17
4.989003837141233817e+03 3.066902602484606685e-15 1.161673908195086926e-17
4.991751454927238228e+03 3.073433608686033902e-15 1.155433847332882918e-17
4.994499072713242640e+03 3.034408766956581887e-15 1.142331227087955397e-17
4.997246690499247052e+03 2.916766964179676578e-15 1.199844485495581273e-17
4.999994308285251464e+03 3.054609710317554186e-15 1.159048516552890827e-17
5.002741926071255875e+03 3.039667325550571700e-15 1.150319174293410156e-17
5.005489543857260287e+03 3.036350219922721692e-15 1.143081885606848449e-17
5.008237161643264699e+03 2.982612225422742037e-15 1.170491444437188155e-17
5.010984779429269111e+03 3.074069460695677079e-15 1.149986295947032764e-17
5.013732397215273522e+03 3.066432971519621683e-15 1.141563000462317667e-17
5.016480015001277934e+03 3.095511489340822120e-15 1.159387950952374012e-17
5.019227632787282346e+03 3.077587290603329573e-15 1.153389789707736174e-17
5.021975250573286758e+03 3.122181146906677964e-15 1.159670856004279559e-17
5.024722868359291169e+03 3.051702895025250787e-15 1.144851939827040905e-17
5.027470486145295581e+03 2.994246917306561302e-15 1.126568200651904599e-17
5.030218103931299993e+03 2.973282893090412630e-15 1.137829075302970047e-17
5.032965721717304405e+03 3.015679101905344709e-15 1.149783081969683529e-17
5.035713339503308816e+03 3.008429651519043892e-15 1.143403103635295813e-17
5.038460957289313228e+03 2.955685463705422595e-15 1.127580480165804188e-17
5.041208575075317640e+03 3.060597077378525093e-15 1.085330179165931085e-17
5.043956192861322052e+03 3.002623495401480532e-15 1.128381716591288911e-17
5.046703810647326463e+03 3.010867105922381216e-15 1.156266923558640126e-17
5.049451428433330875e+03 3.020181985930364939e-15 1.156216237639913386e-17
5.052199046219335287e+03 2.947233527029539256e-15 1.129861494834579132e-17
5.054946664005339699e+03 2.959262531047563330e-15 1.120053579926647946e-17
5.057694281791344110e+03 3.018855311239394719e-15 1.127210776179625078e-17
5.060441899577348522e+03 3.005810622009633523e-15 1.126505005073749040e-17
5.063189517363352934e+03 3.200662363705767776e-15 1.383652829034393749e-17
5.065937135149357346e+03 3.010999152678863533e-15 1.325535498571036863e-17
5.068684752935361757e+03 2.979906945992810733e-15 1.118272942529252886e-17
5.071432370721366169e+03 3.038253935636423493e-15 1.144195394135967387e-17
5.074179988507370581e+03 3.092693022365079954e-15 1.144713909072625711e-17
5.076927606293374993e+03 2.963365997903031602e-15 1.150172762109779939e-17
5.079675224079379404e+03 2.898217157497871758e-15 1.106970010050764677e-17
5.082422841865383816e+03 2.842758798785089804e-15 1.092229831441340851e-17
5.085170459651388228e+03 2.843831003729308496e-15 1.098487870836965758e-17
5.087918077437392640e+03 2.830948246417426755e-15 1.088249754175533768e-17
5.090665695223397051e+03 2.828310352153715244e-15 1.084612926034674545e-17
5.093413313009401463e+03 2.820806294180981390e-15 1.100434807318469283e-17
5.096160930795405875e+03 2.867897558536364008e-15 1.115653791198834404e-17
5.098908548581410287e+03 2.875533085070800901e-15 1.115762698506089322e-17
5.101656166367414698e+03 2.942564474235475667e-15 1.109245958003809307e-17
5.104403784153419110e+03 3.100052081649720727e-15 1.129706058915678351e-17
5.107151401939423522e+03 2.995287267491109048e-15 1.104373432302603561e-17
5.109899019725427934e+03 2.838286966421011803e-15 1.081484206792379737e-17
5.112646637511432345e+03 2.815558079805873057e-15 1.097961482541419026e-17
5.115394255297436757e+03 2.818988801345526025e-15 1.095774029086397389e-17
5.118141873083441169e+03 2.773320576151877106e-15 1.096939269915541214e-17
5.120889490869445581e+03 2.790821703259876920e-15 1.070535474976127578e-17
5.123637108655449993e+03 2.792979518597671516e-15 1.071778368871316355e-17
5.126384726441454404e+03 2.814730652345236698e-15 1.073081118338545229e-17
5.129132344227458816e+03 2.855507315560718998e-15 1.082486195492671131e-17
5.131879962013463228e+03 2.883650837706696621e-15 1.089706994988535648e-17
5.134627579799467640e+03 2.963415918833029668e-15 1.110808290263052952e-17
5.137375197585472051e+03 2.958215248622492905e-15 1.104606686166203678e-17
5.140122815371476463e+03 2.843557514561026966e-15 1.078805519584616824e-17
5.142870433157480875e+03 2.796495007258808238e-15 1.075713373916668993e-17
5.145618050943485287e+03 2.818800459625439658e-15 1.070385527311279675e-17
5.148365668729489698e+03 2.783806608900511295e-15 1.060949587346694122e-17
5.151113286515494110e+03 2.773907396171367943e-15 1.070247561891206112e-17
5.153860904301498522e+03 2.856824593835374379e-15 1.081929023543533625e-17
5.156608522087502934e+03 2.880265044523884446e-15 1.083371446608889830e-17
5.159356139873507345e+03 2.802526221615617598e-15 1.070651984067313614e-17
5.162103757659511757e+03 2.684530402765102807e-15 1.102923243139528325e-17
5.164851375445516169e+03 2.797483555706669884e-15 1.075239317480972176e-17
5.167598993231520581e+03 2.827578740381220501e-15 1.103612654258360946e-17
5.170346611017524992e+03 2.887512071034460007e-15 1.158815967359186689e-17
5.173094228803529404e+03 3.010980089235796375e-15 1.239542722017120830e-17
5.175841846589533816e+03 3.107992278294404059e-15 1.233247358965680702e-17
5.178589464375538228e+03 3.024192758583393402e-15 1.134171128465955585e-17
5.181337082161542639e+03 2.959206661664009811e-15 1.110256919209729654e-17
5.184084699947547051e+03 2.794936660549538082e-15 1.076455082780971242e-17
5.186832317733551463e+03 2.795245458975004076e-15 1.064568028632723219e-17
5.189579935519555875e+03 2.790637963261422247e-15 1.064135577582619274e-17
5.192327553305560286e+03 2.781355228955264535e-15 1.063000345679237981e-17
5.195075171091564698e+03 2.799249078544637661e-15 1.064186903051141735e-17
5.197822788877569110e+03 2.821054088281814022e-15 1.069275035701151078e-17
5.200570406663573522e+03 2.781839837440350566e-15 1.059879759039704394e-17
5.203318024449577933e+03 2.776902159671553646e-15 1.059103221655881513e-17
5.206065642235582345e+03 2.779223162025826408e-15 1.078744766335573315e-17
5.208813260021586757e+03 2.856114538879485552e-15 1.075581016963628769e-17
5.211560877807591169e+03 3.064742320039924798e-15 1.255905151852597875e-17
5.214308495593595580e+03 2.904617773646657308e-15 1.158032525785983443e-17
5.217056113379599992e+03 2.809793023890576488e-15 1.075456777839879971e-17
5.219803731165604404e+03 2.898090644169954250e-15 1.164935542373336676e-17
5.222551348951608816e+03 2.812616219195601520e-15 1.094246736141902966e-17
5.225298966737613227e+03 2.729783809906066447e-15 1.111842362593622413e-17
5.228046584523617639e+03 2.839930681404792314e-15 1.075871225636574407e-17
5.230794202309622051e+03 2.783064147422199331e-15 1.077894284707395279e-17
5.233541820095626463e+03 2.648193556814048658e-15 1.118126166879404882e-17
5.236289437881630874e+03 2.814363607562709297e-15 1.078829793464348648e-17
5.239037055667635286e+03 2.825783376553463274e-15 1.078984230439152257e-17
5.241784673453639698e+03 2.784042579171843668e-15 1.065212618184989080e-17
5.244532291239644110e+03 2.738310935440695909e-15 1.055193507093100292e-17
5.247279909025648521e+03 2.766019832173776788e-15 1.057064172537365212e-17
5.250027526811652933e+03 2.942998983207436736e-15 1.145756436980907343e-17
5.252775144597657345e+03 2.887569617661127376e-15 1.092361766457423523e-17
5.255522762383661757e+03 2.992697078737439983e-15 1.104602755008726030e-17
5.258270380169666169e+03 2.884536657299364214e-15 1.085928800457734860e-17
5.261017997955670580e+03 2.760104305921779271e-15 1.071918162903848929e-17
5.263765615741674992e+03 2.738648302516657537e-15 1.068000488110355695e-17
5.266513233527679404e+03 2.817415458991784847e-15 1.078847885828687483e-17
5.269260851313683816e+03 2.786415310828853867e-15 1.062969861529789126e-17
5.272008469099688227e+03 2.785868971502980231e-15 1.063695775669072061e-17
5.274756086885692639e+03 2.803853147832953555e-15 1.071085737980093463e-17
5.277503704671697051e+03 2.772133809758070607e-15 1.063467218763032818e-17
5.280251322457701463e+03 2.774531560334275330e-15 1.084981545091802972e-17
5.282998940243705874e+03 2.800678310242208985e-15 1.089090289499847164e-17
5.285746558029710286e+03 2.815033234982987938e-15 1.106182631294235097e-17
5.288494175815714698e+03 2.740592909832838497e-15 1.062236521834985761e-17
5.291241793601719110e+03 3.069477535097195141e-15 1.125815312630655692e-17
5.293989411387723521e+03 3.175197932580720568e-15 1.146181988560658949e-17
5.296737029173727933e+03 2.942592316369783138e-15 1.110979400426022699e-17
5.299484646959732345e+03 1.646950774972994262e-15 7.344489104421563161e-18
5.302232264745736757e+03 1.660002684711156277e-15 7.369090440565642797e-18
5.303000000000000000e+03 1.931018470139557628e-15 6.413364280678910980e-18
5.304979882531741168e+03 1.252694320115908773e-15 5.761908584764877497e-18
5.307727500317745580e+03 1.333348851134136125e-15 5.989004158097265538e-18
5.307881082019676796e+03 1.385385106009240548e-15 5.880050974986779980e-18
5.310475118103749992e+03 1.123592552167712376e-15 4.704998075116052049e-18
5.312762164039353593e+03 1.568367845985875244e-15 5.988900793821856322e-18
5.313222735889754404e+03 1.420797255729210630e-15 6.326051411045416950e-18
5.315970353675758815e+03 1.309926098410403940e-15 5.270520548368956911e-18
5.317643246059030389e+03 1.827602736718438284e-15 5.533863146558212658e-18
5.318717971461763227e+03 1.521155556752528913e-15 6.286159734612787060e-18
5.321465589247767639e+03 1.714601473164235699e-15 6.659666326335839570e-18
5.322524328078707185e+03 1.977683407073151703e-15 5.736379070039675683e-18
5.324213207033772051e+03 1.578975918993135231e-15 5.594277840765103198e-18
5.326960824819776462e+03 1.881198673126184497e-15 6.938302059065770073e-18
5.327405410098383982e+03 1.992961669691241065e-15 6.461759634598142697e-18
5.329708442605780874e+03 1.860917848070661453e-15 5.871288063856554815e-18
5.332286492118060778e+03 2.274714132803779571e-15 7.347789447638801240e-18
5.332456060391785286e+03 2.245008873772773403e-15 7.590061171526442332e-18
5.335203678177789698e+03 2.231989941911289098e-15 6.546991801368185929e-18
5.337167574137737574e+03 2.528422238456776028e-15 6.723382535464358317e-18
5.337951295963794109e+03 2.439398765092297499e-15 7.884309977781554105e-18
5.340698913749798521e+03 2.413774082582678765e-15 7.312699286975559590e-18
5.342048656157414371e+03 2.555887861725199943e-15 6.299884079325318872e-18
5.343446531535802933e+03 2.434733059969775450e-15 7.240871291739672327e-18
5.346194149321807345e+03 2.587120544349263533e-15 7.951215890876275869e-18
5.346929738177091167e+03 2.634820186019390174e-15 6.819799273773217480e-18
5.348941767107811756e+03 2.654353486566267150e-15 6.998363399281242309e-18
5.351689384893816168e+03 2.783189932455780187e-15 8.564833392728742642e-18
5.351810820196767963e+03 2.781672809987038210e-15 8.325244969525636659e-18
5.354437002679820580e+03 2.913442381812042127e-15 7.368459517389740175e-18
5.356691902216444760e+03 2.904982991032506489e-15 7.641168466916680285e-18
5.357184620465824992e+03 2.945259238910974954e-15 8.617857723110105657e-18
5.359932238251829403e+03 3.227097856830630923e-15 8.571864619232200682e-18
5.361572984236121556e+03 3.079434164679155347e-15 7.558952803501197504e-18
5.362679856037833815e+03 3.097135398092912307e-15 9.093856832041127129e-18
5.365427473823838227e+03 3.121428203717586541e-15 9.069905421296887643e-18
5.366454066255798352e+03 2.969061674896213776e-15 7.139856837316677031e-18
5.368175091609842639e+03 3.260299359657254001e-15 8.162418422215980532e-18
5.370922709395847050e+03 3.155320922284229972e-15 8.886233668421271286e-18
5.371335148275475149e+03 3.095342323430823426e-15 8.008352179335763240e-18
5.373670327181851462e+03 3.357874476377069768e-15 7.790382341693567376e-18
5.376216230295151945e+03 3.009170975337855880e-15 8.526516183517061838e-18
5.376417944967855874e+03 3.028906292117956659e-15 8.952068341765362623e-18
5.379165562753860286e+03 3.114573786873203617e-15 7.726871341268133580e-18
5.381097312314828741e+03 3.096669793714581452e-15 7.552893643721513082e-18
5.381913180539864697e+03 3.199417634179440161e-15 9.179267091399660946e-18
5.384660798325869109e+03 3.043686739184166124e-15 8.718475777885286365e-18
5.385978394334505538e+03 2.971972709107855467e-15 7.201539626597300697e-18
5.387408416111873521e+03 2.970583128222849491e-15 8.524649135986555359e-18
5.390156033897877933e+03 2.880177667768130883e-15 8.783878900049293537e-18
5.390859476354182334e+03 2.824046968963008380e-15 7.445498017158099467e-18
5.392903651683882345e+03 2.950394874899840022e-15 7.414636987167637649e-18
5.395651269469886756e+03 2.949993499258864982e-15 8.812528915575421450e-18
5.395740558373859130e+03 2.941586020402936805e-15 8.629503826726943842e-18
5.398398887255891168e+03 3.055446385562428874e-15 7.478360869343096791e-18
5.400621640393535927e+03 2.909936673969685649e-15 7.597699589957208172e-18
5.401146505041895580e+03 2.963687009528513999e-15 8.635728195066079168e-18
5.403894122827899992e+03 2.968442164510719453e-15 7.756512964524593938e-18
5.405502722413212723e+03 2.861849870416401583e-15 6.832911445077213298e-18
5.406641740613904403e+03 2.937111167983177207e-15 8.495379185101451782e-18
5.409389358399908815e+03 2.825816896875541258e-15 8.924971665360999005e-18
5.410383804432889519e+03 2.792069544015925318e-15 7.143064360663894042e-18
5.412136976185913227e+03 2.711446014398958829e-15 7.630470534889767187e-18
5.414884593971917639e+03 2.598917635459323400e-15 8.085187286758568159e-18
5.415264886452566316e+03 2.618573259406487160e-15 7.448335820478580236e-18
5.417632211757922050e+03 2.570058591873512753e-15 6.949999542610311251e-18
5.420145968472243112e+03 2.607926286992121918e-15 7.873736590783214447e-18
5.420379829543926462e+03 2.597065114621001152e-15 8.304744527640847221e-18
5.423127447329930874e+03 2.570020997438741122e-15 7.123551915146159700e-18
5.425027050491919908e+03 2.701470706008880884e-15 7.033306234527385242e-18
5.425875065115935286e+03 2.680478979698027900e-15 8.410735279143438065e-18
5.428622682901939697e+03 2.575286788941385219e-15 7.587323636571590201e-18
5.429908132511596705e+03 2.642906538055074500e-15 6.438402047194453515e-18
5.431370300687944109e+03 2.507284824216250823e-15 7.191473915522456644e-18
5.434117918473948521e+03 2.480674910889716811e-15 7.712816973023807875e-18
5.434789214531273501e+03 2.537349281362779533e-15 6.760418167736319668e-18
5.436865536259952933e+03 2.463514913151738315e-15 6.506965000887833162e-18
5.439613154045957344e+03 2.556942739034664591e-15 7.797567063249902823e-18
5.439670296550950297e+03 2.559585738280481450e-15 7.711664288924110062e-18
5.442360771831961756e+03 2.544420690574538354e-15 6.536021787074140931e-18
5.444551378570627094e+03 2.621569694135371543e-15 7.067686750370186530e-18
5.445108389617966168e+03 2.611272630217239522e-15 7.936430481819182941e-18
5.447856007403970580e+03 2.492720739284609132e-15 6.866528609374422403e-18
5.449432460590303890e+03 2.551979155371090681e-15 6.301270052804885811e-18
5.450603625189974991e+03 2.471813449476345450e-15 7.469245953817262445e-18
5.453351242975979403e+03 2.343200888864388707e-15 7.467670744598814956e-18
5.454313542609980686e+03 2.432110004221124488e-15 6.307016008246228356e-18
5.456098860761983815e+03 2.233643076552983509e-15 6.293134013303505548e-18
5.458846478547988227e+03 2.287884040530623813e-15 7.400599897546599541e-18
5.459194624629657483e+03 2.334803744969852607e-15 6.952997880232178480e-18
5.461594096333992638e+03 2.191267805849988759e-15 5.977976981441751909e-18
5.464075706649334279e+03 2.378037820573682805e-15 7.099359371802268102e-18
5.464341714119997050e+03 2.343555520530440506e-15 7.436945593088430466e-18
5.467089331906001462e+03 2.475349715622954319e-15 7.159175605757001016e-18
5.468956788669011075e+03 2.611046018769298520e-15 6.907672542346011965e-18
5.469836949692005874e+03 2.581929943712666309e-15 8.401159089593505674e-18
5.472584567478010285e+03 2.461891452612070698e-15 7.539230126972239350e-18
5.473837870688687872e+03 2.538147559578427685e-15 6.359728344677064219e-18
5.475332185264014697e+03 2.396635288958776466e-15 7.089371175552562451e-18
5.478079803050019109e+03 2.283985879545048351e-15 7.183806171993772006e-18
5.478718952708364668e+03 2.365298842817447695e-15 6.433784428528626768e-18
5.480827420836023521e+03 2.203623538928706237e-15 5.892543818596959882e-18
5.483575038622027932e+03 2.301348922035085624e-15 7.244715336827850931e-18
5.483600034728041464e+03 2.304297929141369840e-15 7.215160251939107630e-18
5.486322656408032344e+03 2.210732026277007602e-15 5.831125556935077872e-18
5.488481116747718261e+03 2.387026042635011946e-15 6.518599899114166687e-18
5.489070274194036756e+03 2.322888081153315546e-15 7.227585389763982490e-18
5.491817891980041168e+03 2.216395989584920143e-15 6.410748090654673967e-18
5.493362198767395057e+03 2.403908372258705538e-15 6.111222132763171369e-18
5.494565509766045579e+03 2.270695930059584184e-15 7.081561120173443184e-18
5.497313127552049991e+03 2.423127482507611376e-15 7.565649354339692435e-18
5.498243280787071853e+03 2.509419607908923930e-15 6.421255697716838640e-18
5.500060745338054403e+03 2.375616276732129515e-15 6.421495736074234041e-18
5.502808363124058815e+03 2.427363727694010660e-15 7.553833505325646606e-18
5.503124362806748650e+03 2.454842572126410266e-15 7.116715841152801773e-18
5.505555980910063226e+03 2.416615748184411962e-15 6.302155868119841025e-18
5.508005444826425446e+03 2.519608212043342484e-15 7.407183039880466299e-18
5.508303598696067638e+03 2.501733993853853931e-15 7.857186943893827601e-18
5.511051216482072050e+03 2.443071671124588443e-15 6.365881314507429266e-18
5.512886526846102242e+03 2.542314650972043912e-15 6.333351565026523490e-18
5.513798834268076462e+03 2.511818700126556656e-15 7.393812505365564519e-18
5.516546452054080873e+03 2.551024046212991031e-15 7.186954767755689447e-18
5.517767608865779039e+03 2.600655202416740480e-15 6.195359468012782598e-18
5.519294069840085285e+03 2.567030879961288291e-15 6.718144953840923567e-18
5.522041687626089697e+03 2.652307159187766349e-15 7.617674256223093888e-18
5.522648690885455835e+03 2.728459353730555450e-15 6.871125534444060137e-18
5.524789305412094109e+03 2.542535341507923540e-15 6.111714859147635822e-18
5.527529772905132631e+03 2.574421501282798132e-15 7.496353082907935550e-18
5.527536923198098521e+03 2.573372727387976373e-15 7.504990837859046685e-18
5.530284540984102932e+03 2.407546266459453146e-15 5.956118327358547834e-18
5.532410854924809428e+03 2.536044788726128884e-15 6.600775720011338145e-18
5.533032158770107344e+03 2.481603967049198740e-15 7.355613360190019927e-18
5.535779776556111756e+03 2.444536319687403563e-15 6.499079820795775570e-18
5.537291936944486224e+03 2.695649622762466645e-15 6.262573501657421350e-18
5.538527394342116168e+03 2.586025453039991823e-15 7.132819385582663680e-18
5.541275012128120579e+03 2.610500638647522434e-15 7.667595836510199375e-18
5.542173018964163020e+03 2.634768013375118091e-15 6.543352666495563111e-18
5.544022629914124991e+03 2.483595033435213214e-15 6.331622445705486545e-18
5.546770247700129403e+03 2.583065658716967413e-15 7.470368960220394295e-18
5.547054100983839817e+03 2.589970391355326624e-15 7.089605165505914778e-18
5.549517865486133815e+03 2.632638505011182490e-15 6.135932431598269339e-18
5.551935183003516613e+03 2.675689908543743752e-15 7.171219616891282455e-18
5.552265483272138226e+03 2.677929126818885534e-15 7.624457012090417296e-18
5.555013101058142638e+03 2.731332409680297662e-15 6.531743407357120559e-18
5.556816265023193409e+03 2.710424115234572939e-15 6.466672424956410095e-18
5.557760718844147050e+03 2.731758962749776071e-15 7.705344388499004603e-18
5.560508336630151462e+03 2.778521650108377393e-15 7.418542518064131552e-18
5.561697347042870206e+03 2.757031680964210335e-15 6.318614574740454170e-18
5.563255954416155873e+03 2.750261818925704284e-15 6.785533111946684736e-18
5.566003572202160285e+03 2.678535789258425295e-15 7.710485763248832177e-18
5.566578429062547002e+03 2.697292106857487100e-15 6.921469981325636028e-18
5.568751189988164697e+03 2.644493706242595778e-15 6.272895285778033281e-18
5.571459511082223798e+03 2.653858649523976030e-15 7.497530547782044691e-18
5.571498807774169109e+03 2.651688224883775374e-15 7.547644087463311870e-18
5.574246425560173520e+03 2.638783294395797287e-15 6.207486501615317449e-18
5.576340593101900595e+03 2.649897954865362250e-15 6.641516875922274412e-18
5.576994043346177932e+03 2.599375590845992630e-15 7.454450082741526128e-18
5.579741661132182344e+03 2.577179178888566328e-15 6.669162245055365394e-18
5.581221675121577391e+03 2.600562093377313331e-15 5.998018780567316677e-18
5.582489278918186756e+03 2.586388181101154114e-15 6.833744296878314723e-18
5.585236896704191167e+03 2.778243225794890730e-15 7.947810233925988578e-18
5.586102757141254187e+03 2.771033391112109841e-15 6.797834496652529087e-18
5.587984514490195579e+03 2.762356188636849618e-15 6.522945436556172452e-18
5.590732132276199991e+03 2.932192725849364099e-15 8.306413941726797226e-18
5.590983839160930984e+03 2.932775450195992030e-15 7.908197576839614020e-18
5.593479750062204403e+03 2.929152031171512785e-15 6.662904989206149570e-18
5.595864921180607780e+03 2.801946815314232372e-15 7.316867631579450236e-18
5.596227367848208814e+03 2.790236687888669363e-15 7.850112028952922244e-18
5.598974985634213226e+03 2.590302761089464046e-15 6.543245862980680781e-18
5.600746003200284576e+03 2.586221784290701752e-15 6.595100789348588875e-18
5.601722603420217638e+03 2.543921963110516189e-15 7.851404146283136136e-18
5.604470221206222050e+03 2.423173536346805700e-15 7.071299794477509340e-18
5.605627085219961373e+03 2.484005450069270210e-15 6.082115369758275993e-18
5.607217838992226461e+03 2.398793915125851872e-15 6.254100475845919801e-18
5.609965456778230873e+03 2.439552467808272564e-15 7.232552754157758320e-18
5.610508167239638169e+03 2.470236658081864092e-15 6.585894064038835026e-18
5.612713074564235285e+03 2.371012874121261135e-15 5.805674399689217640e-18
5.615389249259314965e+03 2.480173522502055757e-15 7.381280091159103653e-18
5.615460692350239697e+03 2.474851948912198693e-15 7.459077206437199324e-18
5.618208310136244108e+03 2.401465604371600852e-15 6.063406904986897123e-18
5.620270331278991762e+03 2.553925306901537897e-15 6.614855930983359097e-18
5.620955927922248520e+03 2.499428940164827618e-15 7.440240431263316234e-18
5.623703545708252932e+03 2.389532250138808742e-15 6.472652907888333683e-18
5.625151413298668558e+03 2.557547567189502336e-15 6.113224217641531233e-18
5.626451163494257344e+03 2.470127090830968622e-15 6.845377653936629927e-18
5.629198781280261755e+03 2.509647466687914368e-15 7.285104042618034202e-18
5.630032495318345354e+03 2.607005657437616216e-15 6.398918970574529763e-18
5.631946399066266167e+03 2.412713513614057248e-15 5.921762263548484872e-18
5.634694016852270579e+03 2.446646692909819780e-15 7.185352267983538141e-18
5.634913577338022151e+03 2.460459123957765560e-15 6.930547780738179736e-18
5.637441634638274991e+03 2.591177795193599122e-15 5.960824241272542146e-18
5.639794659357698947e+03 2.731798432454567354e-15 7.035168912207778335e-18
5.640189252424279402e+03 2.749898471819972568e-15 7.574246107277286941e-18
5.642936870210283814e+03 2.632470545301383775e-15 6.187712323287749218e-18
5.644675741377375743e+03 2.600012723907975236e-15 6.180195387271341711e-18
5.645684487996288226e+03 2.597175711867970276e-15 7.295986910980201245e-18
5.648432105782292638e+03 2.387361616883817108e-15 6.986253287079822569e-18
5.649556823397052540e+03 2.450261798670893791e-15 6.007509785832336512e-18
5.651179723568297049e+03 2.317868213555257123e-15 6.050764081872507644e-18
5.653927341354301461e+03 2.401557727018154227e-15 7.056093547963859932e-18
5.654437905416729336e+03 2.433201093898959201e-15 6.484589256627619904e-18
5.656674959140305873e+03 2.327040880459502289e-15 5.714332920763448552e-18
5.659318987436406132e+03 2.411359367482700197e-15 7.128902579418662726e-18
5.659422576926310285e+03 2.405486471724779495e-15 7.254932705095170340e-18
5.662170194712314697e+03 2.358279640951009489e-15 5.927136107689734070e-18
5.664200069456082929e+03 2.431529339605817655e-15 6.366526285542676467e-18
5.664917812498319108e+03 2.389388718490480534e-15 7.215718795919017585e-18
5.667665430284323520e+03 2.369406495469106608e-15 6.603295434998654917e-18
5.669081151475759725e+03 2.437895959192986588e-15 6.027221911466969364e-18
5.670413048070327932e+03 2.338973457352125253e-15 6.581078130691963142e-18
5.673160665856332344e+03 2.372517459774736635e-15 6.983256238989855080e-18
5.673962233495436521e+03 2.402710552632603423e-15 6.100284893392694208e-18
5.675908283642336755e+03 2.324178327064782024e-15 5.701036322246525964e-18
5.678655901428341167e+03 2.302267107565484098e-15 6.971462053188042409e-18
5.678843315515113318e+03 2.311376443649061451e-15 6.768650715102824075e-18
5.681403519214345579e+03 2.330366235157583571e-15 5.594472197768846001e-18
5.683724397534790114e+03 2.439151793903492686e-15 6.528454686808969439e-18
5.684151137000349991e+03 2.431425077054636593e-15 7.025721934855393008e-18
5.686898754786354402e+03 2.472342611133136154e-15 6.012925414266592644e-18
5.688605479554466910e+03 2.566552540238436167e-15 6.169307885648334727e-18
5.689646372572358814e+03 2.564174394877429563e-15 7.299530861466853600e-18
5.692393990358363226e+03 2.641443282734741719e-15 7.215922510806812825e-18
5.693486561574143707e+03 2.596206940120443870e-15 6.050045243943926414e-18
5.695141608144367638e+03 2.669233599253322574e-15 6.258028056297797620e-18
5.697889225930372049e+03 2.744830194948958765e-15 7.335180615759176754e-18
5.698367643593820503e+03 2.793672477163591294e-15 6.803139774397652687e-18
5.700636843716376461e+03 2.862281129048772423e-15 6.427612845950994558e-18
5.703248725613497299e+03 2.685881330089789262e-15 9.928435962738615462e-18
5.708129807633174096e+03 2.304497860546773955e-15 9.360462459302548233e-18
5.713010889652850892e+03 2.149853401789864451e-15 8.970132209905769887e-18
5.717891971672527688e+03 2.222262502025810077e-15 9.087421949403301176e-18
5.722773053692204485e+03 2.424631304383290907e-15 1.020066878675820128e-17
5.727654135711881281e+03 2.371257259947558795e-15 9.562122717678811226e-18
5.732535217731558078e+03 2.384821740386765140e-15 9.484803410482364428e-18
5.737416299751234874e+03 2.323769304985837598e-15 9.610737634508190899e-18
5.742297381770911670e+03 2.257149100868687485e-15 9.648589065364105958e-18
5.747178463790588467e+03 2.126435150694578599e-15 8.962649673251953987e-18
5.752059545810265263e+03 2.300613262576569926e-15 9.174280681974989886e-18
5.756940627829942059e+03 2.392951618984817728e-15 9.313079737836498648e-18
5.761821709849618856e+03 2.351072479787938518e-15 9.175647075242515426e-18
5.766702791869295652e+03 2.323526781335467260e-15 9.147054686159438851e-18
5.771583873888972448e+03 2.641377899529625437e-15 9.735661350500262042e-18
5.776464955908649245e+03 2.484454275964371009e-15 9.207882115187202620e-18
5.781346037928326041e+03 2.234815871871196457e-15 8.976242577037596927e-18
5.786227119948002837e+03 2.219207233052270603e-15 8.970139667077921428e-18
5.791108201967679634e+03 2.206567149925809998e-15 8.906804848074554116e-18
5.795989283987356430e+03 2.280610210280192505e-15 8.978137375080859847e-18
5.800870366007033226e+03 2.306910816570120446e-15 8.960601827037772688e-18
5.805751448026710023e+03 2.246550765790661925e-15 8.824680399893335434e-18
5.810632530046386819e+03 2.199605144172509708e-15 8.687362019762465356e-18
5.815513612066063615e+03 2.545717025201303914e-15 9.355763330654857424e-18
5.820394694085740412e+03 2.352207968960837066e-15 8.950039661756853948e-18
5.825275776105417208e+03 2.425989743776136195e-15 9.123012675867797381e-18
5.830156858125094004e+03 2.403142179462249534e-15 8.934492003331902490e-18
5.835037940144770801e+03 2.355739402583397196e-15 8.927633470042497128e-18
5.839919022164447597e+03 2.232216857839319827e-15 8.616397507208614334e-18
5.844800104184124393e+03 2.098203121013073995e-15 8.560539729445132360e-18
5.849681186203801190e+03 2.060279678367047357e-15 8.478528990101524054e-18
5.854562268223477986e+03 2.203700124437987360e-15 9.118704838961054779e-18
5.859443350243154782e+03 2.094739112168765941e-15 8.484007353273896819e-18
5.864324432262831579e+03 2.075213342407327225e-15 8.422630588889618617e-18
5.869205514282508375e+03 2.017364128640030378e-15 8.433810480243407751e-18
5.874086596302185171e+03 2.029858441073707237e-15 8.518076352477529594e-18
5.878967678321861968e+03 2.066247837907535793e-15 8.385156087544287872e-18
5.883848760341538764e+03 2.335396954476714444e-15 8.878237605081012345e-18
5.888729842361215560e+03 2.794145758631251218e-15 9.662251154020745924e-18
5.893610924380892357e+03 2.769787106273119065e-15 9.494775657358382041e-18
5.898492006400569153e+03 2.248705583164425411e-15 8.656740713008186770e-18
5.903373088420245949e+03 2.109146166559224468e-15 8.497607954055952879e-18
5.908254170439922746e+03 2.096532648611984334e-15 8.450343800240723961e-18
5.913135252459599542e+03 2.220392353780489815e-15 8.705312767617512484e-18
5.918016334479276338e+03 2.370350599375127737e-15 8.989698504615998762e-18
5.922897416498953135e+03 2.390110284552978999e-15 8.870840230635701753e-18
5.927778498518629931e+03 2.259318207241195372e-15 8.773366481442603452e-18
5.932659580538306727e+03 2.036093332858699501e-15 8.315408287794001532e-18
5.937540662557983524e+03 1.953072879505513464e-15 8.206854984720199758e-18
5.942421744577660320e+03 1.921174561511078431e-15 8.100927452637591890e-18
5.947302826597337116e+03 2.000624110366751104e-15 8.366139979146957548e-18
5.952183908617013913e+03 1.994255411841449671e-15 8.476785734911557475e-18
5.957064990636690709e+03 1.916324119122633629e-15 8.904773591298678604e-18
5.961946072656367505e+03 2.407128064068661035e-15 9.022964978654547690e-18
5.966827154676044302e+03 2.526604645552146651e-15 9.080260745413802702e-18
5.971708236695721098e+03 2.599359942385009825e-15 9.245424220514538942e-18
5.976589318715397894e+03 2.535056112616742863e-15 9.125357093194069241e-18
5.981470400735074691e+03 2.635621378802936085e-15 9.302407542702543883e-18
5.986351482754751487e+03 2.475995279973434383e-15 9.001052805841573142e-18
5.991232564774428283e+03 2.004751332845307140e-15 8.245837416030032836e-18
5.996113646794105080e+03 1.946555757189442221e-15 8.327282653098083547e-18
6.000994728813781876e+03 2.283003885273818661e-15 9.297944009236219725e-18
6.005875810833458672e+03 2.435190010475823970e-15 8.946973412520283798e-18
6.010756892853135469e+03 2.279331249394143065e-15 8.617487722798151592e-18
6.015637974872812265e+03 2.106663130058337869e-15 8.512438632130489915e-18
6.020519056892489061e+03 1.961170028325824039e-15 8.524756589995761881e-18
6.025400138912165858e+03 2.017062571023329312e-15 9.053063363282901802e-18
6.030281220931842654e+03 1.941417402707754383e-15 8.022662284977628788e-18
6.035162302951519450e+03 1.861800620557466986e-15 7.906650144625003075e-18
6.040043384971196247e+03 1.974211319502398715e-15 8.152589614462127857e-18
6.044924466990873043e+03 1.940024965043668392e-15 8.007769478656886077e-18
6.049805549010549839e+03 2.124189347948011492e-15 8.806657226111378935e-18
6.054686631030226636e+03 2.081044993633536202e-15 8.280704010284115137e-18
6.059567713049903432e+03 2.086275572423309368e-15 8.292963835998900396e-18
6.064448795069580228e+03 2.198392394818680494e-15 8.660741748742177951e-18
6.069329877089257025e+03 2.357065184579707471e-15 9.734633976859364075e-18
6.074210959108933821e+03 2.363038841594416127e-15 8.644108223452049031e-18
6.079092041128610617e+03 2.120260822471039450e-15 8.172807063545569909e-18
6.083973123148287414e+03 2.031578319304883062e-15 7.989013441728177647e-18
6.088854205167964210e+03 2.212377725625210808e-15 8.374945381535562392e-18
6.093735287187641006e+03 2.242259916386614231e-15 8.288468992062880582e-18
6.098616369207317803e+03 1.993686652442646332e-15 7.770967789529506852e-18
6.103497451226994599e+03 1.696776245970028944e-15 8.027054249869967972e-18
6.108378533246671395e+03 2.008824947333036473e-15 9.049375792710189415e-18
6.113259615266348192e+03 1.892762326455660169e-15 7.928870400844032221e-18
6.118140697286024988e+03 2.033355291244969662e-15 8.184827854132561989e-18
6.123021779305701784e+03 1.976823721906462005e-15 7.871590188494708768e-18
6.127902861325378581e+03 1.844350105080677262e-15 7.601928692093853796e-18
6.132783943345055377e+03 1.955169652785776144e-15 8.140514483240699938e-18
6.137665025364732173e+03 1.915077052428360473e-15 7.888558334450689655e-18
6.142546107384408970e+03 2.011895050608046805e-15 7.919730369146118916e-18
6.147427189404085766e+03 2.026537183119844799e-15 7.954471728931608161e-18
6.152308271423762562e+03 2.055098805501349922e-15 7.905793462054458526e-18
6.157189353443439359e+03 1.839309434586632948e-15 7.523753504052218571e-18
6.162070435463116155e+03 1.758850877361739321e-15 7.391913938649810573e-18
6.166951517482792951e+03 1.877144756484941021e-15 8.063301243676879870e-18
6.171832599502469748e+03 1.815391212982749624e-15 7.574215902292786063e-18
6.176713681522146544e+03 1.867555453459603487e-15 7.636797341255747937e-18
6.181594763541823340e+03 2.291574746782022402e-15 8.267946722425108626e-18
6.186475845561500137e+03 2.377690451709854538e-15 8.467260046423844010e-18
6.191356927581176933e+03 1.878534419058220549e-15 7.886356854233105650e-18
6.196238009600853729e+03 1.743522911043826516e-15 7.431808364091863631e-18
6.201119091620530526e+03 1.709246582278067731e-15 7.525888576563886991e-18
6.206000173640207322e+03 1.812197846967117887e-15 7.761301474697943308e-18
6.210881255659884118e+03 1.787622433278481470e-15 7.594044731850086193e-18
6.215762337679560915e+03 1.975651585067551517e-15 9.325039052757119435e-18
6.220643419699237711e+03 1.901853511809678954e-15 7.981232640259967254e-18
6.225524501718914507e+03 1.747964468645540116e-15 7.446242164138911790e-18
6.230405583738591304e+03 1.818790329882295698e-15 7.529083139169170809e-18
6.235286665758268100e+03 1.924513301994290052e-15 7.629071053624711305e-18
6.240167747777944896e+03 1.974086724111146532e-15 7.944190402595189115e-18
6.245048829797621693e+03 1.901910407989011030e-15 7.564739223099697521e-18
6.249929911817298489e+03 1.924071665048088389e-15 7.981238226976606600e-18
6.254810993836975285e+03 1.747437719937321124e-15 7.362784099132113921e-18
6.259692075856652082e+03 1.731773053205210073e-15 7.330832747484125475e-18
6.264573157876328878e+03 1.697860967697037502e-15 7.242695079903645711e-18
6.269454239896005674e+03 1.763845278460616946e-15 7.334055125842095042e-18
6.274335321915682471e+03 1.918929511660362379e-15 7.482396208549228481e-18
6.279216403935359267e+03 2.000159411001297846e-15 7.810087806721401687e-18
6.284097485955036063e+03 1.852863862450267834e-15 7.563244401546341620e-18
6.288978567974712860e+03 1.836259772994895069e-15 7.546576115129464077e-18
6.293859649994389656e+03 1.731240026192646558e-15 7.271024143759179379e-18
6.298740732014066452e+03 1.755671781678948308e-15 7.439385933725072632e-18
6.303621814033743249e+03 1.709427998124020547e-15 7.299871690758811182e-18
6.308502896053420045e+03 1.676891491101769335e-15 7.161471577443312495e-18
6.313383978073096841e+03 1.669489339211106907e-15 7.114177806049457805e-18
6.318265060092773638e+03 1.691572139475416178e-15 7.143762121534509275e-18
6.323146142112450434e+03 1.688257240820234937e-15 7.135828892190778811e-18
6.328027224132127230e+03 1.745329347473831928e-15 7.230230672592174982e-18
6.332908306151804027e+03 1.801686588449525956e-15 7.350024661157491111e-18
6.337789388171480823e+03 1.949821604209040237e-15 7.607790922345150556e-18
6.342670470191157619e+03 2.161630249723917949e-15 7.937997593208930423e-18
6.347551552210834416e+03 2.097071559883695565e-15 7.610517094898941387e-18
6.352432634230511212e+03 2.014495423364169050e-15 7.619708618378053705e-18
6.357313716250188008e+03 1.832605274124534075e-15 7.238840019411585877e-18
6.362194798269864805e+03 1.708267914749871365e-15 7.052515604296612388e-18
6.367075880289541601e+03 1.754471507178299776e-15 7.203052057798319502e-18
6.371956962309218397e+03 1.654226056672538140e-15 6.952708067887425791e-18
6.376838044328895194e+03 1.484205098256746385e-15 7.859130315987861411e-18
6.381719126348571990e+03 1.548380094311273854e-15 7.312622476731780011e-18
6.386600208368248786e+03 1.681095707419031737e-15 6.990414446813977064e-18
6.391481290387925583e+03 1.644744391414334890e-15 6.866552784635966948e-18
6.396362372407602379e+03 1.588490094354933731e-15 6.801618609722450204e-18
6.401243454427279175e+03 1.615270639297484456e-15 6.856128474642073145e-18
6.406124536446955972e+03 1.628199812973213148e-15 6.887093151052283749e-18
6.411005618466632768e+03 1.791511732961644044e-15 7.114647416021436191e-18
6.415886700486309564e+03 1.777187842567364763e-15 7.073070257441401207e-18
6.420767782505986361e+03 1.723009756658926178e-15 7.190957876486359604e-18
6.425648864525663157e+03 1.880731671046269955e-15 7.871753445162026361e-18
6.430529946545339953e+03 1.852322613519614962e-15 7.225073239106245110e-18
6.435411028565016750e+03 1.693694898677491477e-15 6.901045639296852030e-18
6.440292110584693546e+03 1.598124259010424329e-15 7.011710083698780638e-18
6.445173192604370342e+03 1.622346762078234152e-15 6.940731245006004464e-18
6.450054274624047139e+03 1.565291454207792722e-15 6.698531565005738015e-18
6.454935356643723935e+03 1.567399615020725012e-15 6.678208144318989894e-18
6.459816438663400731e+03 1.669952551524335435e-15 6.874914934087931832e-18
6.464697520683077528e+03 1.622593598749238894e-15 6.751482375606525980e-18
6.469578602702754324e+03 1.678169560836270551e-15 7.216868521463439663e-18
6.474459684722431120e+03 1.964330498860201325e-15 7.437547645000718491e-18
6.479340766742107917e+03 1.780965021547715845e-15 7.032488858776457627e-18
6.484221848761784713e+03 1.611893565153041182e-15 6.923727891310007035e-18
6.489102930781461509e+03 1.666723861744283567e-15 6.853748979184002135e-18
6.493984012801138306e+03 1.675483214402039662e-15 6.888094587288106228e-18
6.498865094820815102e+03 1.658463768819887993e-15 6.841874471287535252e-18
6.503746176840491898e+03 1.661435389575807281e-15 6.863611731970608144e-18
6.508627258860168695e+03 1.658159616445394120e-15 7.322070870708918585e-18
6.513508340879845491e+03 1.775071707501019166e-15 7.697412310991575287e-18
6.518389422899522287e+03 1.670905211195780055e-15 6.788249003816321644e-18
6.523270504919199084e+03 1.618364125298480294e-15 6.759989630409022884e-18
6.528151586938875880e+03 1.650569660306198312e-15 6.804965886263331254e-18
6.533032668958552676e+03 1.849237861973058309e-15 7.178974443584282084e-18
6.537913750978229473e+03 1.989714024396250244e-15 7.396199787275724366e-18
6.542794832997906269e+03 1.975802967272485945e-15 7.355133818134525317e-18
6.547675915017583065e+03 1.778484648193200487e-15 7.030553081834646128e-18
6.552556997037259862e+03 1.735432662055481804e-15 6.986770438557670413e-18
6.557438079056936658e+03 1.650571828775899076e-15 6.836422387354404309e-18
6.562319161076613454e+03 1.627242403409252471e-15 6.859569732469009111e-18
6.567200243096290251e+03 1.657912239597526465e-15 6.916096440834741761e-18
6.572081325115967047e+03 1.631276957179386131e-15 6.812878850450129668e-18
6.576962407135643844e+03 1.751843473168388089e-15 7.772798603419964274e-18
6.581843489155320640e+03 1.766885456896923561e-15 7.387488638728097732e-18
6.586724571174997436e+03 2.116930590704172899e-15 7.651154395134094091e-18
6.591605653194674233e+03 2.093430241607447801e-15 7.624800350814360566e-18
6.596486735214351029e+03 2.024511349291658905e-15 7.364738307419298651e-18
6.601367817234027825e+03 2.016700279181384999e-15 7.396936869209941809e-18
6.606248899253704622e+03 1.885056541150839335e-15 7.219384499277048406e-18
6.611129981273381418e+03 1.826274888373033449e-15 7.156822415618418719e-18
6.616011063293058214e+03 1.981209971762197434e-15 7.376928003251633632e-18
6.620892145312735011e+03 2.269678396896913596e-15 7.952005116588900542e-18
6.625773227332411807e+03 2.626042793763561367e-15 8.355488594783086235e-18
6.630654309352088603e+03 2.702932271339244730e-15 8.382268326634070757e-18
6.635535391371765400e+03 2.294840363466205481e-15 7.742397736814389163e-18
6.640416473391442196e+03 2.103701761460323851e-15 7.504361417158400110e-18
6.645297555411118992e+03 2.014796099796181449e-15 7.399246157930668671e-18
6.650178637430795789e+03 1.878830373724371028e-15 7.199536965906103190e-18
6.655059719450472585e+03 1.860136247860361694e-15 7.212214391494411062e-18
6.659940801470149381e+03 1.779468412168993167e-15 7.007150396303808246e-18
6.664821883489826178e+03 1.589519592195058832e-15 6.805789431093213465e-18
6.669702965509502974e+03 1.505900059467366505e-15 7.395333958938700395e-18
6.674584047529179770e+03 1.497373659704437726e-15 6.664818871281234192e-18
6.679465129548856567e+03 1.461002304831459330e-15 6.513433501328170749e-18
6.684346211568533363e+03 1.446617458519620756e-15 6.429801047459123677e-18
6.689227293588210159e+03 1.516556430284166815e-15 6.567670371761504633e-18
6.694108375607886956e+03 1.544233258400813732e-15 6.605534951040950172e-18
6.698989457627563752e+03 1.550464325195502377e-15 6.397237210077510710e-18
6.703870539647240548e+03 1.650294324389867022e-15 7.816910021113641910e-18
6.708751621666917345e+03 1.529236969682878044e-15 7.423161335970375719e-18
6.713632703686594141e+03 1.454630090285164457e-15 6.569504070413665805e-18
6.718513785706270937e+03 1.380851407214267764e-15 6.368992771345615290e-18
6.723394867725947734e+03 1.375278917628586825e-15 6.356331351348331243e-18
6.728275949745624530e+03 1.368364983574026730e-15 6.261072860072837779e-18
6.733157031765301326e+03 1.416108129205111597e-15 6.360075004040191603e-18
6.738038113784978123e+03 1.436430541787777576e-15 6.404449521770427913e-18
6.742919195804654919e+03 1.420278564825752596e-15 6.341547875236674495e-18
6.747800277824331715e+03 1.317845556732866807e-15 6.458531898921725846e-18
6.752681359844008512e+03 1.334169948558464131e-15 6.485768657572384073e-18
6.757562441863685308e+03 1.376531049619592846e-15 6.283631627068096305e-18
6.762443523883362104e+03 1.438713885636706945e-15 6.428041205145859163e-18
6.767324605903038901e+03 1.464651483144941097e-15 6.501462559434250706e-18
6.772205687922715697e+03 1.449992770066065143e-15 6.923116227696662671e-18
6.777086769942392493e+03 1.580613077258801142e-15 7.670494629761375548e-18
6.781967851962069290e+03 1.600446684327869218e-15 6.699338304612833980e-18
6.786848933981746086e+03 1.602876099471558091e-15 6.788571020762560695e-18
6.791730016001422882e+03 1.551929511060844216e-15 6.756027727287328708e-18
6.796611098021099679e+03 1.625364504809179305e-15 6.663765687174161566e-18
6.801492180040776475e+03 1.598429438667875561e-15 6.693147248328112431e-18
6.806373262060453271e+03 1.525389536488624712e-15 6.528998388737810352e-18
6.811254344080130068e+03 1.633088331886772252e-15 6.820946814207931636e-18
6.816135426099806864e+03 1.650021658135842830e-15 6.871491236840003619e-18
6.821016508119483660e+03 1.463853493716065447e-15 6.409704442420956235e-18
6.825897590139160457e+03 1.359751281581608551e-15 6.322954882103187528e-18
6.830778672158837253e+03 1.358732141756342108e-15 6.400983729465052295e-18
6.835659754178514049e+03 1.331313435006619238e-15 6.291882793605408153e-18
6.840540836198190846e+03 1.366213191196205193e-15 6.253952979461878287e-18
6.845421918217867642e+03 1.396030545089446007e-15 6.271002266085304541e-18
6.850303000237544438e+03 1.453925791608082019e-15 6.389502511909966286e-18
6.855184082257221235e+03 1.355761259406877510e-15 6.189089216578262924e-18
6.860065164276898031e+03 1.349186644311403663e-15 6.391965631121402300e-18
6.864946246296574827e+03 1.569277276398513349e-15 6.698502740611905065e-18
6.869827328316251624e+03 1.513791322821685496e-15 6.482282095630093197e-18
6.874708410335928420e+03 1.523169674649624192e-15 6.554433163856063958e-18
6.879589492355605216e+03 1.544932298471932665e-15 6.654931663959528309e-18
6.884470574375282013e+03 1.705136028431639069e-15 6.816717081272775596e-18
6.889351656394958809e+03 1.781794990133022061e-15 7.019876227274201094e-18
6.894232738414635605e+03 1.767906157763471919e-15 7.250476437780927217e-18
6.899113820434312402e+03 1.840674885546234012e-15 7.213292853193648369e-18
6.903994902453989198e+03 1.659684313658417384e-15 6.617988549358040745e-18
6.908875984473665994e+03 1.361524534835758032e-15 6.446853645369185583e-18
6.913757066493342791e+03 1.261585084570848774e-15 6.684426412448940930e-18
6.918638148513019587e+03 1.273035301584789543e-15 6.903714990018750288e-18
6.923519230532696383e+03 1.374670087610556386e-15 6.259310098506488749e-18
6.928400312552373180e+03 1.288686318231686746e-15 6.245750832426534557e-18
6.933281394572049976e+03 1.290308862979607575e-15 6.232323077005895919e-18
6.938162476591726772e+03 1.251703716373797054e-15 6.207981438259939338e-18
6.943043558611403569e+03 1.256070184982798378e-15 6.469238536128396474e-18
6.947924640631080365e+03 1.317100311205224045e-15 6.254187357916292660e-18
6.952805722650757161e+03 1.271091771965778256e-15 6.100540162104131099e-18
6.957686804670433958e+03 1.380157013785757559e-15 6.465718369734507806e-18
6.962567886690110754e+03 1.511356863851418662e-15 6.735085554537449400e-18
6.967448968709787550e+03 1.602407879891607481e-15 6.570297504436910484e-18
6.972330050729464347e+03 1.653233333123827690e-15 6.699940040862013240e-18
6.977211132749141143e+03 1.588658968440284779e-15 6.710904418867847194e-18
6.982092214768817939e+03 1.619476724808179041e-15 6.583030686174326073e-18
6.986973296788494736e+03 1.450095816669205418e-15 6.181517817861229360e-18
6.991854378808171532e+03 1.232392712255152957e-15 5.984831056275211720e-18
6.996735460827848328e+03 1.231831015093966701e-15 6.211215386149414650e-18
7.001616542847525125e+03 1.289253562303535715e-15 6.181749296823571886e-18
7.006497624867201921e+03 1.276973659597706037e-15 5.998717284088171112e-18
7.011378706886878717e+03 1.301292835383359157e-15 6.098536163590654694e-18
7.016259788906555514e+03 1.275117654464935694e-15 5.966399290145348777e-18
7.021140870926232310e+03 1.357735803266753094e-15 6.215697260148589404e-18
7.026021952945909106e+03 1.337300503258487951e-15 6.382319136498255931e-18
7.030903034965585903e+03 1.275547252149968110e-15 6.494043401581023041e-18
7.035784116985262699e+03 1.467430387149637085e-15 6.461115080015773078e-18
7.040665199004939495e+03 1.478532491173653777e-15 6.302510629410039634e-18
7.045546281024616292e+03 1.414533682132290889e-15 6.234457836581247277e-18
7.050427363044293088e+03 1.334216865313781837e-15 6.162328989070533648e-18
7.055308445063969884e+03 1.492486875482710191e-15 6.400609250502868173e-18
7.060189527083646681e+03 1.643961190531910150e-15 6.837104784944069055e-18
7.065070609103323477e+03 1.659255989949591787e-15 6.620066310709571844e-18
7.069951691123000273e+03 1.660091953620244772e-15 6.549573580832192683e-18
7.074832773142677070e+03 1.610124033576018388e-15 6.524163093962964882e-18
7.079713855162353866e+03 1.418827852247062218e-15 6.383018673642474789e-18
7.084594937182030662e+03 1.432469070607144186e-15 6.444542985763069473e-18
7.089476019201707459e+03 1.452036131839211185e-15 6.313816575169541752e-18
7.094357101221384255e+03 1.446348047287044909e-15 6.635737620302578660e-18
7.099238183241061051e+03 1.303947437670624782e-15 5.915983834943857980e-18
7.104119265260737848e+03 1.175489033253839300e-15 5.735455078675862597e-18
7.109000347280414644e+03 1.172231512003448587e-15 5.747497316490832204e-18
7.113881429300091440e+03 1.200383976564809210e-15 5.828015649347970353e-18
7.118762511319768237e+03 1.195547259154626846e-15 5.838381175619017051e-18
7.123643593339445033e+03 1.219256214028004747e-15 6.055231109175345056e-18
7.128524675359121829e+03 1.276817550905669074e-15 6.615890782545778476e-18
7.133405757378798626e+03 1.323294956621558759e-15 6.492205809953802330e-18
7.138286839398475422e+03 1.263034549916117368e-15 6.118826616161028147e-18
7.143167921418152218e+03 1.230883964769017456e-15 6.262489915214248979e-18
7.148049003437829015e+03 1.276235787084515221e-15 6.100989894754592639e-18
7.152930085457505811e+03 1.274647151126661829e-15 6.035734346246078697e-18
7.157811167477182607e+03 1.260383513619088868e-15 5.923393149380872647e-18
7.162692249496859404e+03 1.208762387693791478e-15 5.867269533639142739e-18
7.167573331516536200e+03 1.203256824281250224e-15 6.234484449999701744e-18
7.172454413536212996e+03 1.166257607305022752e-15 5.787280783513724581e-18
7.177335495555889793e+03 1.158208868967835209e-15 5.841482937367138790e-18
7.182216577575566589e+03 1.201759919199157325e-15 5.929821064081613005e-18
7.187097659595243385e+03 1.308049308624728446e-15 6.063955053008445169e-18
7.191978741614920182e+03 1.268311939514126704e-15 5.982255370720388142e-18
7.196859823634596978e+03 1.207118674483715803e-15 5.879285599583035170e-18
7.201740905654273774e+03 1.150267457357847775e-15 5.864408436165615002e-18
7.206621987673950571e+03 1.134578571885524341e-15 5.943661218462743327e-18
7.211503069693627367e+03 1.151916427517611559e-15 5.800216518848784195e-18
7.216384151713304163e+03 1.164832263362082604e-15 5.926057548909593700e-18
7.221265233732980960e+03 1.176390907557567919e-15 6.059342078847712225e-18
7.226146315752657756e+03 1.140735841107510454e-15 5.866936515297246176e-18
7.231027397772334552e+03 1.186953340977640920e-15 5.914893878604864494e-18
7.235908479792011349e+03 1.206297126562373756e-15 5.916092782532580329e-18
7.240789561811688145e+03 1.229511950030049663e-15 5.966052018823445042e-18
7.245670643831364941e+03 1.241728320836404241e-15 6.013215160611826943e-18
7.250551725851041738e+03 1.175814201718814418e-15 5.863165093115914698e-18
7.255432807870718534e+03 1.264219364844807568e-15 6.074764372738118237e-18
7.260313889890395330e+03 1.442028459418172450e-15 6.412505260946849164e-18
7.265194971910072127e+03 1.482950852276447086e-15 6.456560653048709215e-18
7.270076053929748923e+03 1.317415281862925083e-15 6.053688519911610209e-18
7.274957135949425719e+03 1.381598592564406612e-15 6.376237519682968791e-18
7.279838217969102516e+03 1.414560198900900234e-15 6.514940489743133602e-18
7.284719299988779312e+03 1.322832448843407633e-15 6.512731398917572311e-18
7.289600382008456108e+03 1.191706233510082234e-15 6.032493419831649358e-18
7.294481464028132905e+03 1.162230180453988387e-15 5.934492803398511173e-18
7.299362546047809701e+03 1.060445080336132452e-15 6.624616581912369546e-18
7.304243628067486497e+03 1.195676041282057392e-15 6.125644701216013557e-18
7.309124710087163294e+03 1.229815319772218769e-15 7.321793650695698043e-18
7.314005792106840090e+03 1.270658101209448575e-15 6.397122142127065250e-18
7.318886874126516886e+03 1.294626776150703597e-15 6.413384923882685398e-18
7.323767956146193683e+03 1.209898762022303330e-15 6.707757356640891437e-18
7.328649038165870479e+03 1.143989398179089320e-15 6.141339151051408191e-18
7.333530120185547275e+03 1.177578655486423213e-15 6.054347739145475406e-18
7.338411202205224072e+03 1.098609493780044567e-15 5.859767535595170399e-18
7.343292284224900868e+03 1.081781666812308035e-15 5.865161548381075549e-18
7.348173366244577664e+03 1.079401705843981808e-15 5.858692064058685918e-18
7.353054448264254461e+03 1.144975342420535251e-15 6.439159789249253946e-18
7.357935530283931257e+03 1.188526904244550088e-15 6.155509907621404961e-18
7.362816612303608053e+03 1.147273783065885537e-15 5.922148132713596006e-18
7.367697694323284850e+03 1.133329518885071630e-15 6.063036891271750233e-18
7.372578776342961646e+03 1.115180276296467515e-15 6.017287470077617125e-18
7.377459858362638442e+03 1.143979348959881791e-15 6.352548858001851434e-18
7.382340940382315239e+03 1.221482851413424527e-15 6.261853142068180250e-18
7.387222022401992035e+03 1.243085288363541096e-15 6.237946628776208118e-18
7.392103104421668831e+03 1.150101994709461669e-15 6.055804467564492334e-18
7.396984186441345628e+03 1.203663371668672645e-15 6.284307274115378178e-18
7.401865268461022424e+03 1.262133725258334572e-15 6.254105868153019110e-18
7.406746350480699220e+03 1.214403078309949139e-15 6.186292593086249115e-18
7.411627432500376017e+03 1.087728442606165602e-15 5.945387120477576266e-18
7.416508514520052813e+03 1.109608254249120990e-15 6.079341110752228953e-18
7.421389596539729610e+03 1.104159544483759033e-15 6.105257382633884003e-18
7.426270678559406406e+03 1.193094748008727286e-15 6.172478180469179201e-18
7.431151760579083202e+03 1.202505720801603840e-15 6.163304130837649165e-18
7.436032842598759999e+03 1.128605241853581816e-15 5.987567965486371508e-18
7.440913924618436795e+03 1.164446253053055888e-15 6.229227992600234485e-18
7.445795006638113591e+03 1.188658142733154162e-15 6.205720948767763421e-18
7.450676088657790388e+03 1.067823176080319258e-15 5.910002205162025337e-18
7.455557170677467184e+03 1.094472000005212643e-15 6.383421652269675706e-18
7.460438252697143980e+03 1.077121964892275205e-15 6.254615178620397554e-18
7.465319334716820777e+03 1.120981029133493031e-15 6.012607759507470605e-18
7.470200416736497573e+03 1.186062470483621569e-15 6.169958452752976966e-18
7.475081498756174369e+03 1.187494747755346414e-15 6.177178929657633616e-18
7.479962580775851166e+03 1.114454989019427242e-15 6.000187670015985411e-18
7.484843662795527962e+03 1.224684696852451649e-15 6.683795874616856374e-18
7.489724744815204758e+03 1.315809420469764384e-15 6.438143052592248996e-18
7.494605826834881555e+03 1.236699031144131648e-15 6.173650856619774753e-18
7.499486908854558351e+03 1.029564534003998107e-15 5.972482112774538045e-18
7.504367990874235147e+03 1.001002593373400389e-15 5.812211419572529524e-18
7.509249072893911944e+03 1.245601756000428317e-15 6.327258960752625576e-18
7.514130154913588740e+03 1.380393235182645303e-15 6.670522014723730677e-18
7.519011236933265536e+03 1.282394563554946139e-15 6.303618369582413952e-18
7.523892318952942333e+03 1.212711591893546068e-15 7.081358928384672415e-18
7.528773400972619129e+03 1.176550460649525463e-15 6.594775427284363466e-18
7.533654482992295925e+03 1.234820941313348138e-15 6.285214149161597459e-18
7.538535565011972722e+03 1.156350717803530222e-15 6.107848431982458486e-18
7.543416647031649518e+03 1.022432476254830864e-15 5.934547241547504789e-18
7.548297729051326314e+03 1.126884845662921034e-15 6.168805169204407719e-18
7.553178811071003111e+03 1.531134085205567042e-15 7.062053878517185982e-18
7.558059893090679907e+03 1.452557466090410030e-15 6.715352748879946227e-18
7.562940975110356703e+03 1.094997776936619059e-15 5.995707045181532304e-18
7.567822057130033500e+03 9.882873943227952635e-16 5.621361621708979047e-18
7.572703139149710296e+03 1.058933985223680429e-15 6.532200150285068867e-18
7.577584221169387092e+03 1.032285274972977096e-15 6.103646146538408380e-18
7.582465303189063889e+03 1.058668973169473800e-15 5.974344791833667408e-18
7.587346385208740685e+03 1.039710621849204124e-15 5.922945452057905648e-18
7.592227467228417481e+03 1.221427040863646053e-15 6.505628446268472226e-18
7.597108549248094278e+03 1.394804911036553180e-15 6.618626841151746702e-18
7.601989631267771074e+03 1.433176191493873435e-15 6.479519394235753461e-18
7.606870713287447870e+03 1.179307884132314155e-15 6.300193215670609603e-18
7.611751795307124667e+03 1.014587391826477719e-15 5.874494923119173055e-18
7.616632877326801463e+03 1.015337524772030538e-15 5.913845956789620789e-18
7.621513959346478259e+03 1.044716696369994172e-15 5.991118793635555293e-18
7.626395041366155056e+03 1.032943637968804371e-15 6.038268218468054187e-18
7.631276123385831852e+03 9.638135294941998726e-16 5.822628171717412538e-18
7.636157205405508648e+03 9.551099545584280690e-16 5.905850204113355057e-18
7.641038287425185445e+03 1.008126681054079374e-15 6.217891683252445451e-18
7.645919369444862241e+03 9.953402317914866246e-16 6.094588463807731254e-18
7.650800451464539037e+03 9.747793159149880891e-16 6.137400032193676415e-18
7.655681533484215834e+03 1.001151707984780266e-15 6.005837868415528097e-18
7.660562615503892630e+03 1.083356501150492647e-15 6.123821393057311810e-18
7.665443697523569426e+03 1.064990035536346499e-15 6.077637815812414665e-18
7.670324779543246223e+03 1.121138926046994837e-15 6.168300097386363013e-18
7.675205861562923019e+03 1.048293103055439285e-15 6.000320837903651047e-18
7.680086943582599815e+03 1.110975317192507753e-15 6.217331540037141558e-18
7.684968025602276612e+03 1.016870341900232635e-15 6.036879160998201585e-18
7.689849107621953408e+03 1.239938226864897268e-15 6.660979197577286189e-18
7.694730189641630204e+03 1.262977870895282435e-15 6.547550342310660154e-18
7.699611271661307001e+03 1.192656335393927560e-15 6.613085978273996234e-18
7.704492353680983797e+03 1.159225413749539445e-15 6.476354277897268639e-18
7.709373435700660593e+03 1.166991191471145558e-15 6.598914555912036064e-18
7.714254517720337390e+03 1.129300568558174198e-15 6.301494669316104528e-18
7.719135599740014186e+03 1.087758724199669828e-15 6.321313484056839899e-18
7.724016681759690982e+03 1.256947465695235842e-15 6.605555443590121951e-18
7.728897763779367779e+03 1.306953083142359480e-15 6.911189844221103416e-18
7.733778845799044575e+03 1.182291097790097808e-15 6.851900635096744353e-18
7.738659927818721371e+03 1.036177311318536135e-15 6.819151715709875011e-18
7.743541009838398168e+03 1.077708918592551164e-15 6.471557647617504571e-18
7.748422091858074964e+03 9.934741018185912193e-16 6.117187932674145051e-18
7.753303173877751760e+03 9.674622319626420907e-16 6.131413931016067962e-18
7.758184255897428557e+03 9.832503036073089633e-16 6.070792026717156682e-18
7.763065337917105353e+03 9.914619368995257727e-16 6.141090429987878626e-18
7.767946419936782149e+03 1.249128745577125585e-15 6.748825283840674769e-18
7.772827501956458946e+03 1.304396723452678377e-15 7.083863296152326850e-18
7.777708583976135742e+03 1.277151635965214466e-15 6.851007018307578469e-18
7.782589665995812538e+03 1.162554248617907166e-15 6.474762070293359632e-18
7.787470748015489335e+03 1.127595566077783215e-15 6.515714344895215533e-18
7.792351830035166131e+03 1.270236927878808511e-15 6.813211078201583534e-18
7.797232912054842927e+03 1.306289547419339026e-15 7.300971957221245319e-18
7.802113994074519724e+03 1.113186569275089757e-15 6.731870126398472933e-18
7.806995076094196520e+03 1.080507857896140773e-15 6.408468390171076395e-18
7.811876158113873316e+03 1.048860359894734186e-15 6.449564704661674528e-18
7.816757240133550113e+03 1.029743365600975567e-15 6.769842277813286250e-18
7.821638322153226909e+03 9.612623495707509382e-16 6.288667573053582684e-18
7.826519404172903705e+03 9.269146173159215415e-16 6.259663475362533486e-18
7.831400486192580502e+03 9.094126121072056873e-16 6.180722328943136659e-18
7.836281568212257298e+03 8.713041753272290839e-16 6.242277910005634988e-18
7.841162650231934094e+03 8.986985099323497160e-16 6.552808815595525567e-18
7.846043732251610891e+03 9.419688536960772253e-16 6.260269231511367306e-18
7.850924814271287687e+03 8.961830988885136549e-16 6.151476606843300860e-18
7.855805896290964483e+03 9.049589444538477414e-16 6.153299859693040923e-18
7.860686978310641280e+03 9.423442828080885051e-16 6.404955293970594651e-18
7.865568060330318076e+03 1.070677504264160143e-15 7.708240392498651715e-18
7.870449142349994872e+03 1.031342495788761169e-15 7.257229348155767029e-18
7.875330224369671669e+03 9.030136911006323239e-16 6.316536407197640589e-18
7.880211306389348465e+03 8.961503324507422597e-16 6.349580378802757772e-18
7.885092388409025261e+03 8.841505352999778508e-16 6.257501981070522808e-18
7.889973470428702058e+03 8.804883004327353154e-16 6.184911877250059621e-18
7.894854552448378854e+03 1.029215443099660526e-15 6.596838133039779427e-18
7.899735634468055650e+03 1.160409935194730776e-15 6.945047240489366653e-18
7.904616716487732447e+03 1.087336042369666725e-15 6.707415455173790624e-18
7.909497798507409243e+03 1.029376731936973969e-15 6.741092388439045128e-18
7.914378880527086039e+03 9.717816332885519554e-16 6.479518811267428947e-18
7.919259962546762836e+03 9.690664254673328752e-16 6.595567024209026172e-18
7.924141044566439632e+03 9.594743577098886646e-16 6.675168202437608705e-18
7.929022126586116428e+03 1.010403427099322740e-15 6.652223434977118390e-18
7.933903208605793225e+03 1.311075429852785964e-15 7.605469257499004290e-18
7.938784290625470021e+03 1.523267385173559336e-15 8.119494730694413214e-18
7.943665372645146817e+03 1.264398304750925556e-15 8.052424352801296050e-18
7.948546454664823614e+03 1.062933421323886954e-15 7.028979357275196001e-18
7.953427536684500410e+03 1.085063304106086805e-15 6.899504624847586152e-18
7.958308618704177206e+03 1.173041993714364256e-15 7.143462320702172570e-18
7.963189700723854003e+03 1.217811057906778659e-15 7.272020112053162337e-18
7.968070782743530799e+03 1.136353787853711153e-15 8.208963388637641638e-18
7.972951864763207595e+03 1.079190383662590484e-15 6.905145868917068996e-18
7.977832946782884392e+03 1.084712469267114868e-15 7.024355809737290726e-18
7.982714028802561188e+03 1.312398602027743727e-15 7.806821649720151669e-18
7.987595110822237984e+03 1.191448485446468195e-15 7.885221535891751909e-18
7.992476192841914781e+03 9.977111003175196641e-16 7.579249731080772470e-18
7.997357274861591577e+03 8.625935397600926412e-16 6.961533071189897628e-18
8.002238356881268373e+03 7.842615352014481232e-16 7.060153522521256976e-18
8.007119438900945170e+03 8.455787308642778399e-16 6.717935898900895677e-18
8.012000520920621966e+03 8.990978595953764260e-16 7.516925904374165570e-18
8.016881602940298762e+03 8.822907180900855626e-16 6.649809111372456579e-18
8.021762684959975559e+03 8.411424210514557944e-16 6.785166095250833925e-18
8.026643766979652355e+03 9.800157414937178619e-16 6.965630562977678717e-18
8.031524848999329151e+03 1.033724087269460741e-15 7.303291558579655827e-18
8.036405931019005948e+03 8.858873605649960509e-16 6.788560909642223324e-18
8.041287013038682744e+03 8.087888735469405761e-16 7.163067601940829081e-18
8.046168095058359540e+03 1.020667854350971069e-15 7.981318132144895663e-18
8.051049177078036337e+03 1.065853325800115137e-15 7.694259507337698802e-18
8.055930259097713133e+03 1.235736205759802950e-15 7.738687355235743379e-18
8.060811341117389929e+03 1.284658852363326558e-15 7.925925765599252630e-18
8.065692423137066726e+03 1.322445260516191614e-15 8.019642400738632358e-18
8.070573505156743522e+03 1.208084982602680689e-15 8.563724335362010926e-18
8.075454587176420318e+03 1.280285120642258437e-15 8.299409335642488141e-18
8.080335669196097115e+03 1.578230300473282183e-15 8.678965854110457965e-18
8.085216751215773911e+03 1.574623847603335881e-15 8.908177174645800794e-18
8.090097833235450707e+03 1.353003459084724592e-15 8.047564531705932779e-18
8.094978915255127504e+03 9.161104793304143930e-16 8.042703633911348273e-18
8.099859997274804300e+03 8.995731512224125150e-16 8.105624983062639793e-18
8.104741079294481096e+03 8.972499434637219297e-16 8.158868627331385073e-18
8.109622161314157893e+03 9.055124997548491865e-16 8.074866227473981312e-18
8.114503243333834689e+03 8.882907085115657605e-16 8.115062968797896901e-18
8.119384325353511485e+03 8.633509817302755169e-16 8.721134748603190936e-18
8.124265407373188282e+03 1.009833061712958330e-15 8.432325669503288492e-18
8.129146489392865078e+03 1.067397904382806008e-15 8.567737647658627224e-18
8.134027571412541874e+03 9.271258456210026431e-16 8.370465598490559134e-18
8.138908653432218671e+03 7.969239029855882880e-16 7.149449972955041051e-18
8.143789735451895467e+03 7.976062697346046485e-16 6.894483679826517277e-18
8.148670817471572263e+03 8.082347598922928285e-16 7.460395135999684894e-18
8.153551899491249060e+03 7.866846000210636271e-16 7.732067586204210173e-18
8.158432981510925856e+03 8.353371390853432955e-16 7.038123728624091118e-18
8.163314063530602652e+03 8.110581834004544913e-16 6.902159143465821960e-18
8.168195145550279449e+03 7.944591501827735999e-16 6.871725292921413211e-18
8.173076227569956245e+03 8.870361946699460286e-16 7.104835562418600382e-18
8.177957309589633041e+03 1.038446984788853779e-15 7.700111893684026226e-18
8.182838391609309838e+03 1.302146159515370372e-15 8.847857574975775261e-18
8.187719473628986634e+03 1.151035423011194784e-15 7.955444626304475524e-18
8.192600555648663430e+03 1.080500251005177866e-15 7.775339406341936404e-18
8.197481637668341136e+03 1.065349092134692528e-15 8.715564515098415295e-18
8.202362719688017023e+03 8.925827569830104380e-16 8.351216340135694678e-18
8.207243801707692910e+03 8.304211850005163844e-16 7.414155217034119922e-18
8.212124883727370616e+03 8.717589554412693453e-16 7.129383948751313958e-18
8.217005965747048322e+03 9.117358515306077418e-16 7.219197573530274775e-18
8.221887047766724208e+03 1.128685446917062593e-15 7.914874983792742572e-18
8.226768129786400095e+03 1.001468933251542337e-15 7.398108027939383936e-18
8.231649211806077801e+03 7.478245590748631354e-16 6.819921299751463029e-18
8.236530293825755507e+03 8.806289800779182173e-16 7.366252969087351899e-18
8.241411375845431394e+03 9.089817138575561732e-16 7.325768886457120283e-18
8.246292457865107281e+03 9.277957902016809459e-16 7.529130474145422023e-18
8.251173539884784986e+03 9.783775078513718504e-16 7.544422378296968026e-18
8.256054621904462692e+03 1.045943899929885135e-15 7.656744132674593255e-18
8.260935703924138579e+03 1.107037123080158350e-15 7.865320397193888128e-18
8.265816785943814466e+03 1.174838910275448707e-15 8.032590263971599137e-18
8.270697867963492172e+03 1.217751279256942019e-15 8.310068668278818522e-18
8.275578949983169878e+03 1.033317109233980684e-15 8.309269491743112717e-18
8.280460032002845765e+03 7.975300356157312372e-16 7.125279065450126445e-18
8.285341114022521651e+03 8.969033142912820720e-16 7.382230902326978423e-18
8.290222196042199357e+03 9.972897803790290482e-16 7.612671750081271802e-18
8.295103278061877063e+03 1.027068025016661042e-15 7.696655169845269307e-18
8.299984360081552950e+03 1.004232039863614605e-15 7.654348245005059971e-18
8.304865442101228837e+03 8.651635331498862894e-16 7.242563778274400965e-18
8.309746524120906543e+03 7.292753402744695980e-16 6.894808665922190582e-18
8.314627606140584248e+03 7.653053211011148889e-16 7.007951478835253054e-18
8.319508688160260135e+03 7.340286519629776770e-16 6.862644381221492205e-18
8.324389770179936022e+03 7.105132230782440109e-16 6.864385540262409426e-18
8.329270852199613728e+03 7.061143432119330209e-16 6.944603759564206727e-18
8.334151934219291434e+03 7.263308904404430808e-16 6.941265380601197417e-18
8.339033016238967321e+03 8.308789937799694052e-16 7.647066384318011892e-18
8.343914098258643207e+03 1.012277802976361896e-15 8.158668171010376166e-18
8.348795180278320913e+03 1.065062309131723060e-15 7.781965272093143094e-18
8.353676262297998619e+03 1.062657924280954048e-15 7.804683555686444075e-18
8.358557344317674506e+03 1.078467114351298257e-15 7.933307416877443876e-18
8.363438426337350393e+03 1.064017254589293555e-15 7.869099325159097109e-18
8.368319508357028099e+03 1.153175360571498154e-15 8.143793659931500425e-18
8.373200590376705804e+03 1.204632374133451066e-15 8.258062437871320964e-18
8.378081672396381691e+03 1.013536190295697404e-15 7.633410934621237893e-18
8.382962754416057578e+03 9.110121137133146157e-16 7.574641993170472956e-18
8.387843836435735284e+03 9.249571042546898125e-16 7.817772434841279121e-18
8.392724918455412990e+03 9.095115945064925328e-16 8.429041014542865335e-18
8.397606000475088877e+03 7.863851928599354610e-16 7.758689698638927549e-18
8.402487082494764763e+03 7.085975734157077273e-16 7.222524741773369966e-18
8.407368164514442469e+03 6.639288091623627798e-16 7.833735673734976138e-18
8.412249246534120175e+03 6.789855767169335961e-16 7.472643918971660533e-18
8.417130328553796062e+03 7.434888727711170803e-16 7.016210964991439734e-18
8.422011410573471949e+03 7.447553131012723976e-16 7.239417112541127307e-18
8.426892492593149655e+03 7.108536959008814506e-16 6.943393309341718193e-18
8.431773574612827360e+03 7.447372266425773738e-16 7.573008082646493793e-18
8.436654656632503247e+03 7.118358613976501115e-16 7.181484470540530811e-18
8.441535738652179134e+03 7.372467452389058283e-16 8.139100840653266054e-18
8.446416820671856840e+03 9.292750906220001412e-16 8.584987508073379014e-18
8.451297902691534546e+03 9.552633810442848450e-16 7.839320728994764784e-18
8.456178984711210433e+03 9.907799587854670940e-16 7.830804181532869816e-18
8.461060066730886319e+03 1.168140191564757523e-15 8.217785528174855609e-18
8.465941148750564025e+03 1.127189488461074540e-15 7.882000925672556016e-18
8.470822230770241731e+03 9.798936580510047145e-16 7.770032084960123088e-18
8.475703312789917618e+03 7.769290536215538786e-16 7.414034498640202654e-18
8.480584394809593505e+03 8.764598929463023630e-16 7.475110671004493689e-18
8.485465476829271211e+03 8.564345054036456027e-16 7.323498199007896329e-18
8.490346558848948916e+03 7.767305514277903163e-16 7.245623587639096485e-18
8.495227640868624803e+03 8.912807350888867021e-16 8.701973695047071603e-18
8.500108722888300690e+03 9.455131628196593342e-16 8.486511629530097855e-18
8.504989804907978396e+03 1.066182469908837903e-15 8.125098960186981010e-18
8.509870886927656102e+03 1.036740676546701667e-15 7.836312165119764758e-18
8.514751968947331989e+03 1.098382747054298332e-15 7.906619806087625139e-18
8.519633050967007875e+03 1.180850034416984501e-15 8.302937083566454253e-18
8.524514132986685581e+03 1.067196471465336062e-15 7.945492171018190128e-18
8.529395215006363287e+03 9.972141853795151861e-16 8.264651946611709657e-18
8.534276297026039174e+03 9.819808675253175791e-16 7.907321305672824860e-18
8.539157379045715061e+03 1.046267757835570729e-15 8.253733900245731110e-18
8.544038461065392767e+03 9.938059921502449123e-16 7.819695580114333046e-18
8.548919543085070472e+03 1.095838601551811605e-15 8.281258055329213689e-18
8.553800625104746359e+03 9.603147575388478005e-16 7.663239935060802249e-18
8.558681707124422246e+03 9.852541018328288142e-16 8.090347132207831640e-18
8.563562789144099952e+03 1.131879353481785993e-15 8.451647679173134310e-18
8.568443871163777658e+03 1.055734220628511445e-15 7.888853600005833707e-18
8.573324953183453545e+03 1.049700564608265257e-15 8.102837780188350411e-18
8.578206035203129431e+03 9.870930909693785769e-16 7.804935311470922250e-18
8.583087117222807137e+03 1.015671371835083090e-15 8.139058920285228118e-18
8.587968199242484843e+03 1.146955937682927719e-15 8.563641522426169400e-18
8.592849281262160730e+03 1.262282459010460201e-15 9.015556981011297764e-18
8.597730363281836617e+03 9.950988056774295260e-16 8.116222984509050139e-18
8.602611445301514323e+03 8.659410456037175531e-16 7.959837202606831989e-18
8.607492527321192028e+03 8.558458884550574741e-16 7.906271410524544321e-18
8.612373609340867915e+03 7.874316602212669591e-16 7.232359373467669785e-18
8.617254691360543802e+03 7.436364842848651791e-16 7.189010080647404846e-18
8.622135773380221508e+03 6.780843101912674902e-16 6.842199064453905093e-18
8.627016855399899214e+03 6.571286296259315668e-16 6.707754303351274927e-18
8.631897937419575101e+03 7.069693943092378320e-16 7.404284093604435491e-18
8.636779019439250987e+03 8.270922784087354980e-16 8.087796696399163946e-18
8.641660101458928693e+03 9.728583399553825189e-16 7.802309497045767970e-18
8.646541183478606399e+03 7.927912014760299396e-16 7.167523384919296243e-18
8.651422265498282286e+03 8.452392361197613759e-16 7.467955564650416033e-18
8.656303347517958173e+03 8.898442567594439097e-16 7.645809913971579322e-18
8.661184429537635879e+03 8.910373078497845451e-16 8.438261810628806780e-18
8.666065511557313584e+03 8.460975042765546342e-16 7.659199966509608270e-18
8.670946593576989471e+03 7.468998156077296671e-16 7.972924050592758296e-18
8.675827675596665358e+03 7.974808015932581769e-16 8.427434677670152406e-18
8.680708757616343064e+03 1.064772330558460390e-15 8.270935241204565835e-18
8.685589839636020770e+03 9.848569205993269711e-16 7.827132479021751899e-18
8.690470921655696657e+03 6.798550027134645577e-16 6.802715732335139856e-18
8.695352003675372544e+03 6.589307075664757418e-16 7.417013538282873009e-18
8.700233085695050249e+03 6.530313847377846371e-16 6.930508146126377885e-18
8.705114167714727955e+03 6.761192824755609517e-16 7.018876775886910351e-18
8.709995249734403842e+03 6.983736683161217457e-16 7.418238245500777805e-18
8.714876331754079729e+03 8.120044703438002402e-16 7.667407759369560008e-18
8.719757413773757435e+03 8.851831327632004303e-16 7.657212810057790234e-18
8.724638495793435141e+03 9.455054063387140092e-16 7.606613347195109279e-18
8.729519577813111027e+03 8.525112289933024506e-16 7.254099888591547660e-18
8.734400659832786914e+03 6.779160628245908200e-16 6.737560401131670917e-18
8.739281741852464620e+03 6.779232490132660432e-16 6.672481212099542229e-18
8.744162823872142326e+03 6.581867245859211424e-16 6.677698054447284953e-18
8.749043905891818213e+03 6.946417511741142069e-16 6.849444727629266015e-18
8.753924987911494100e+03 7.079450724777782772e-16 7.295872419755534296e-18
8.758806069931171805e+03 7.753587323571562941e-16 7.919225014344019940e-18
8.763687151950849511e+03 8.147621395942510298e-16 7.527290487898563268e-18
8.768568233970525398e+03 6.892737998125334798e-16 7.587376587497168363e-18
8.773449315990201285e+03 6.508824684265182052e-16 6.654679231108545699e-18
8.778330398009878991e+03 7.689632964086507489e-16 7.250807048825654810e-18
8.783211480029556697e+03 8.307078272272905285e-16 7.563532356118773733e-18
8.788092562049232583e+03 7.247649835311113698e-16 8.746652704210799281e-18
8.792973644068908470e+03 5.744800941212180249e-16 8.012495438256937979e-18
8.797854726088586176e+03 5.507086586662617976e-16 7.152886185952211372e-18
8.802735808108263882e+03 6.126337449340455817e-16 6.974676066473037266e-18
8.807616890127939769e+03 5.961015562990053991e-16 6.556455560375661098e-18
8.812497972147615656e+03 6.377203404642341655e-16 6.675781714048495857e-18
8.817379054167293361e+03 8.249033638706289998e-16 7.393743716080756795e-18
8.822260136186971067e+03 8.212242990665657159e-16 7.234962869785911991e-18
8.827141218206646954e+03 6.820118327991641369e-16 6.935155559910898915e-18
8.832022300226322841e+03 6.932889751028740271e-16 7.227557090650813244e-18
8.836903382246000547e+03 8.357344179820754307e-16 7.623897558331820817e-18
8.841784464265678253e+03 8.332255786275605438e-16 8.438481388461348835e-18
8.846665546285354139e+03 6.980025654411379541e-16 7.059849965807201770e-18
8.851546628305030026e+03 6.751332277481621296e-16 6.983367953751155473e-18
8.856427710324707732e+03 6.635661505917100261e-16 6.613172623753683031e-18
8.861308792344385438e+03 6.358411654371066257e-16 6.839391665820381408e-18
8.866189874364061325e+03 8.025076041275013358e-16 7.250498354539070378e-18
8.871070956383737212e+03 8.413206547685427992e-16 8.297586173114319587e-18
8.875952038403414917e+03 8.872442475540225961e-16 8.303307906220135752e-18
8.880833120423092623e+03 1.049211332148313286e-15 8.043058804942693424e-18
8.885714202442768510e+03 8.633927859246689358e-16 7.624903876795164307e-18
8.890595284462444397e+03 8.533012619095554120e-16 8.312723379992655626e-18
8.895476366482122103e+03 8.107134163711144950e-16 7.882531595742709424e-18
8.900357448501799809e+03 9.475544511852642713e-16 7.741149339055686838e-18
8.905238530521475695e+03 1.063507146578467403e-15 8.284541838853003064e-18
8.910119612541151582e+03 1.021318916455811440e-15 9.148334702277294533e-18
8.915000694560829288e+03 1.076332290398346221e-15 8.436262202100303313e-18
8.919881776580506994e+03 9.103730483026800556e-16 7.052949464049980126e-18
8.924762858600182881e+03 7.414589987756847245e-16 7.138136270462106061e-18
8.929643940619858768e+03 6.353713808004840372e-16 7.672262507573529425e-18
8.934525022639536473e+03 6.341751342950081936e-16 7.372429299223499274e-18
8.939406104659214179e+03 7.616356477260543851e-16 7.138429741904947637e-18
8.944287186678890066e+03 8.307108280303609409e-16 7.262816205430101245e-18
8.949168268698565953e+03 7.295766390943452086e-16 6.929983711009687660e-18
8.954049350718243659e+03 6.418544564207289781e-16 7.112174124958319319e-18
8.958930432737921365e+03 6.389761724942832044e-16 7.046463827549865498e-18
8.963811514757597251e+03 6.748223093809489643e-16 7.071040803343267554e-18
8.968692596777273138e+03 8.168709949246882554e-16 6.877334394496019695e-18
8.973573678796950844e+03 8.199329232496467873e-16 7.275743055375015231e-18
8.978454760816628550e+03 6.871515567985889104e-16 7.082037771578121609e-18
8.983335842836304437e+03 6.255503279667852861e-16 6.696496871162839137e-18
8.988216924855980324e+03 6.350558213764471771e-16 6.846021285138214775e-18
8.993098006875658029e+03 5.865950587525957553e-16 7.843461094478487598e-18
8.997979088895335735e+03 6.235732898948033206e-16 6.920359621689315298e-18
9.002860170915011622e+03 6.118957984541368403e-16 6.754067089627449478e-18
9.007741252934687509e+03 6.103891673208094531e-16 6.727270908032948538e-18
9.012622334954365215e+03 6.700654554258051171e-16 7.516931802891797060e-18
9.017503416974042921e+03 8.944801914347057235e-16 7.522871807584819780e-18
9.022384498993718807e+03 1.198631836137653367e-15 8.336822161152373229e-18
9.027265581013394694e+03 1.330744198851187226e-15 9.184742036063956149e-18
9.032146663033072400e+03 1.035327213551258635e-15 8.230290615291439715e-18
9.037027745052750106e+03 7.206473190405302484e-16 7.342429107898652056e-18
9.041908827072425993e+03 5.798701925728255270e-16 6.561833017979358839e-18
9.046789909092101880e+03 5.784798206580246929e-16 6.453834625560731938e-18
9.051670991111779585e+03 7.222442518887846554e-16 7.272599276519275812e-18
9.056552073131457291e+03 7.388986384929048911e-16 7.188517360301716075e-18
9.061433155151133178e+03 6.670002398838224306e-16 6.961476425830683903e-18
9.066314237170809065e+03 6.495136326743719976e-16 6.956788398551647942e-18
9.071195319190486771e+03 6.312277731465205303e-16 6.534206310044041387e-18
9.076076401210164477e+03 6.636574825252175954e-16 6.653452661209085610e-18
9.080957483229840363e+03 7.730635736824360658e-16 7.537972407445928064e-18
9.085838565249516250e+03 8.808348923835834217e-16 7.689214138811619510e-18
9.090719647269193956e+03 7.527099765313637705e-16 7.276178898911346200e-18
9.095600729288871662e+03 6.481405940860065345e-16 6.811243981363653868e-18
9.100481811308547549e+03 6.947817938262554303e-16 6.834647101133246087e-18
9.105362893328223436e+03 7.775671694801445566e-16 7.185843185400420827e-18
9.110243975347901142e+03 8.578314454992762932e-16 1.011701906606199570e-17
9.115125057367578847e+03 8.894159267121534793e-16 1.032288167674012711e-17
9.120006139387254734e+03 1.445896204856917967e-15 8.844604952177113928e-18
9.124887221406930621e+03 1.480196716616431483e-15 9.508790774157074202e-18
9.129768303426608327e+03 7.551006874914168557e-16 7.458093577282340643e-18
9.134649385446286033e+03 5.679910251826076904e-16 7.794429258306048087e-18
9.139530467465961920e+03 6.564333023177916654e-16 6.924022089956088117e-18
9.144411549485637806e+03 8.514172827764895691e-16 7.408754005250565291e-18
9.149292631505315512e+03 8.784999913226283313e-16 7.515338289012947157e-18
9.154173713524993218e+03 7.960353603575503779e-16 7.216091237763019873e-18
9.159054795544669105e+03 6.745898402427658414e-16 6.832747727576832961e-18
9.163935877564344992e+03 5.880449607281343736e-16 6.903746629087547745e-18
9.168816959584022698e+03 7.856673703112958384e-16 7.542433960122398289e-18
9.173698041603700403e+03 7.684040162504075344e-16 7.270805102855121183e-18
9.178579123623376290e+03 6.683712471403364462e-16 6.951642240589421566e-18
9.183460205643052177e+03 6.641868062887109174e-16 6.821808596368009952e-18
9.188341287662729883e+03 6.507449107881210552e-16 6.758570226242577041e-18
9.193222369682407589e+03 8.015259422325474298e-16 7.283486437073651273e-18
9.198103451702083476e+03 8.222734967474168450e-16 7.753717019845475467e-18
9.202984533721759362e+03 6.687115817199967057e-16 7.164371769171469055e-18
9.207865615741437068e+03 5.896469372578833887e-16 7.209872195268260826e-18
9.212746697761114774e+03 8.128647953224746861e-16 7.362916226961964079e-18
9.217627779780790661e+03 9.078317409337185303e-16 7.684640331840073316e-18
9.222508861800466548e+03 8.843287277176800995e-16 7.685195649910759597e-18
9.227389943820144254e+03 8.826489846947977428e-16 7.744402431306351093e-18
9.232271025839821959e+03 9.870178212759150774e-16 7.952176752967325075e-18
9.237152107859497846e+03 9.244061682738351431e-16 7.932832132110805095e-18
9.242033189879173733e+03 7.071344704390898391e-16 7.214142882471234288e-18
9.246914271898851439e+03 7.391004978642407740e-16 7.314170009232727849e-18
9.251795353918529145e+03 8.486714939194937374e-16 7.992274382444303389e-18
9.256676435938205032e+03 9.842551874549170155e-16 7.931860114622556903e-18
9.261557517957880918e+03 9.667091276148603601e-16 7.822792955207548766e-18
9.266438599977558624e+03 8.458214843059514340e-16 7.758894930763060894e-18
9.271319681997236330e+03 5.288917665820591444e-16 6.702687940468501869e-18
9.276200764016912217e+03 5.172421281488907619e-16 6.973806735710156016e-18
9.281081846036588104e+03 5.385910652649765507e-16 6.867730510745715144e-18
9.285962928056265810e+03 5.397535790107281839e-16 7.523404302881940407e-18
9.290844010075943515e+03 5.845756320465946242e-16 6.928990467926379964e-18
9.295725092095619402e+03 7.248498852799904560e-16 8.087630591647208109e-18
9.300606174115295289e+03 8.563616910738739514e-16 8.579074933202584177e-18
9.305487256134972995e+03 8.597225367628318008e-16 9.129067854429468426e-18
9.310368338154650701e+03 7.338764070401484856e-16 8.081809051821415953e-18
9.315249420174326588e+03 6.552354976415638462e-16 7.621417690816811008e-18
9.320130502194002474e+03 7.184151930087317874e-16 7.704251104396081056e-18
9.325011584213680180e+03 8.028766276635596179e-16 7.766153554511920110e-18
9.329892666233357886e+03 8.002394240310444851e-16 7.608875126946778157e-18
9.334773748253033773e+03 6.709369163321979015e-16 7.199117790018717167e-18
9.339654830272709660e+03 7.006040945050680147e-16 7.300208727514844006e-18
9.344535912292387366e+03 9.350957414022096535e-16 8.027037043778194319e-18
9.349416994312065071e+03 9.801429158925557397e-16 8.150760543850796149e-18
9.354298076331740958e+03 8.950209347349051921e-16 7.893870134857968892e-18
9.359179158351416845e+03 5.995558455622895837e-16 6.965533423466208195e-18
9.364060240371094551e+03 5.404112841490982460e-16 7.125954684714110881e-18
9.368941322390772257e+03 5.573555140992095611e-16 6.859052947114394163e-18
9.373822404410448144e+03 6.311031579136178802e-16 8.536177585030075410e-18
9.378703486430124030e+03 6.268491768270153365e-16 8.306713284499214631e-18
9.383584568449801736e+03 5.531062806267266269e-16 7.237464066242660168e-18
9.388465650469479442e+03 5.905710026726007612e-16 8.687645449448235532e-18
9.393346732489155329e+03 5.863740435694016971e-16 8.039138133598967430e-18
9.398227814508831216e+03 9.663954013257451666e-16 9.448874535980831788e-18
9.403108896528508922e+03 9.282596371792729074e-16 8.159615985756676459e-18
9.407989978548186627e+03 6.559292286709826941e-16 7.875500852337919342e-18
9.412871060567862514e+03 5.992707957117167459e-16 8.399968714530021321e-18
9.417752142587538401e+03 6.243191249729808393e-16 7.541096832746221434e-18
9.422633224607216107e+03 5.148806486431980727e-16 7.150118344837083882e-18
9.427514306626893813e+03 5.408341061959039665e-16 7.179811601438353352e-18
9.432395388646569700e+03 5.615996748309698408e-16 7.153157469844270941e-18
9.437276470666245586e+03 6.006625585600827379e-16 7.390340616774795671e-18
9.442157552685923292e+03 6.391494990547391705e-16 8.432238660746900961e-18
9.447038634705600998e+03 6.244128188107969271e-16 7.824868812873146393e-18
9.451919716725276885e+03 9.064160386799676583e-16 8.557542934860232833e-18
9.456800798744952772e+03 8.253180041439475048e-16 8.437509174010314450e-18
9.461681880764630478e+03 5.154129835669937191e-16 7.350702844516875085e-18
9.466562962784308183e+03 5.071066767515316103e-16 7.281219662825135518e-18
9.471444044803984070e+03 6.916937926615832783e-16 7.961207265978159217e-18
9.476325126823659957e+03 7.489168876825791129e-16 8.006047533354963000e-18
9.481206208843337663e+03 5.842751674956347224e-16 7.384618622917968365e-18
9.486087290863015369e+03 4.770516701944340245e-16 7.641208147233680137e-18
9.490968372882691256e+03 4.660972761277625693e-16 7.308335332506194765e-18
9.495849454902367142e+03 5.733484463488882719e-16 7.839391652889967478e-18
9.500730536922044848e+03 6.122079107815663322e-16 7.955723412800683769e-18
9.505611618941722554e+03 5.697311431688818490e-16 8.183804400347241336e-18
9.510492700961398441e+03 5.271156868354856238e-16 7.678856187227247236e-18
9.515373782981074328e+03 5.372154131154759031e-16 7.711057374124471808e-18
9.520254865000752034e+03 5.791506331902096466e-16 8.226946747977433455e-18
9.525135947020429739e+03 5.795711331595665652e-16 8.068863040343163121e-18
9.530017029040105626e+03 5.657633807319738083e-16 7.653726599426136192e-18
9.534898111059781513e+03 5.790166418653419786e-16 7.709202534921573525e-18
9.539779193079459219e+03 5.657881888947929542e-16 7.877791237689774554e-18
9.544660275099136925e+03 5.250084902888320539e-16 7.583884363748338118e-18
9.549541357118812812e+03 7.280805816776866430e-16 8.520158660396029257e-18
9.554422439138488699e+03 7.279792394352835544e-16 1.065035789601928926e-17
9.559303521158166404e+03 6.928375310301630867e-16 9.377484991350874326e-18
9.564184603177844110e+03 8.302941309979073433e-16 9.062095697622466879e-18
9.569065685197519997e+03 1.121571591435319509e-15 1.043160299528668638e-17
9.573946767217195884e+03 9.885240245682053505e-16 9.279237435538132602e-18
9.578827849236873590e+03 7.734978604943560917e-16 9.162871226360853675e-18
9.583708931256551296e+03 7.381845696576913248e-16 9.366875983608995711e-18
9.588590013276227182e+03 7.028405695705199583e-16 8.545454650511125833e-18
9.593471095295903069e+03 6.400896428982276141e-16 8.479757863183185358e-18
9.598352177315580775e+03 7.407667434179375804e-16 8.823891293877108893e-18
9.603233259335258481e+03 7.001423936314599784e-16 8.770754628721066491e-18
9.608114341354934368e+03 5.360412583190275376e-16 8.199692676888609787e-18
9.612995423374610255e+03 5.645164424596105190e-16 8.245856220895849301e-18
9.617876505394287960e+03 7.505734794396726425e-16 9.123462091210545421e-18
9.622757587413965666e+03 8.232184643526340914e-16 9.448946245733963481e-18
9.627638669433641553e+03 7.089985465691694234e-16 8.886338629364260549e-18
9.632519751453317440e+03 6.506730193643614504e-16 8.723351757787965533e-18
9.637400833472995146e+03 5.102480406801633826e-16 1.051551792018329675e-17
9.642281915492672852e+03 5.367961118168360782e-16 1.026629455663548697e-17
9.647162997512348738e+03 6.304492222709228405e-16 9.403788983784386281e-18
9.652044079532024625e+03 6.105494580648867579e-16 9.335555188088467949e-18
9.656925161551702331e+03 4.837488091541890950e-16 8.923373636949748769e-18
9.661806243571380037e+03 5.262810265105012543e-16 8.965723856254142388e-18
9.666687325591055924e+03 5.242039541686797374e-16 9.315944438305010243e-18
9.671568407610731811e+03 5.371074950737306107e-16 8.781240993888439516e-18
9.676449489630409516e+03 6.415979561077976514e-16 1.025583282676963792e-17
9.681330571650087222e+03 9.071430269558812498e-16 1.156151020709726626e-17
9.686211653669763109e+03 9.831072807472453480e-16 1.227348083548970677e-17
9.691092735689438996e+03 1.470564271979594572e-15 1.383463571906057121e-17
9.695973817709116702e+03 7.457742279016642238e-16 1.066349806108725739e-17
9.700854899728794408e+03 5.676527515841895450e-16 1.033123128521696016e-17
9.705735981748470294e+03 5.101097861378268971e-16 9.755303927211051217e-18
9.710617063768146181e+03 7.856597746020728936e-16 1.016102260216254615e-17
9.715498145787823887e+03 7.866448922327021792e-16 1.048879378308348473e-17
9.720379227807501593e+03 1.034895233242099779e-15 1.154249891755595779e-17
9.725260309827177480e+03 1.002936113261096939e-15 1.140298127626534611e-17
9.730141391846853367e+03 6.340808917188400318e-16 1.061432671486587426e-17
9.735022473866531072e+03 6.792838967551390484e-16 1.015218231428738168e-17
9.739903555886208778e+03 5.946010042911630726e-16 1.001721510336195893e-17
9.744784637905884665e+03 6.220759377274083695e-16 9.993605192627409639e-18
9.749665719925560552e+03 6.091222202349700306e-16 1.042671600649483978e-17
9.754546801945238258e+03 5.952602974061417031e-16 1.059059297071998696e-17
9.759427883964915964e+03 6.831777355545036458e-16 1.118930183484325969e-17
9.764308965984591850e+03 5.937282118262142901e-16 1.050411592578466487e-17
9.769190048004267737e+03 9.045812688214088396e-16 1.119135939257718454e-17
9.774071130023945443e+03 1.158801948405305314e-15 1.243286491466632865e-17
9.778952212043623149e+03 1.047675191763108043e-15 1.167416608175206408e-17
9.783833294063299036e+03 6.443355670573209835e-16 1.073969391003993535e-17
9.788714376082974923e+03 4.256864023701021478e-16 1.019030867408863651e-17
9.793595458102652628e+03 3.921147776682815371e-16 1.005688565556266885e-17
9.798476540122330334e+03 3.645185861530411682e-16 9.879067974702761015e-18
9.803357622142006221e+03 3.754601262167046149e-16 1.024319196845948786e-17
9.808238704161682108e+03 3.741579995882555443e-16 1.025155658805466556e-17
9.813119786181359814e+03 4.064853511293753512e-16 1.065624228835149456e-17
9.818000868201037520e+03 4.537375192915968979e-16 1.079946373624381020e-17
9.822881950220713406e+03 4.124039756023622361e-16 1.062557938665290593e-17
9.827763032240389293e+03 3.965427481653247736e-16 1.033444065657035197e-17
9.832644114260066999e+03 6.181882943605468893e-16 1.131992161289482597e-17
9.837525196279744705e+03 7.071349688125215728e-16 1.167118731003420270e-17
9.842406278299420592e+03 6.747154446211696448e-16 1.154798229370498215e-17
9.847287360319096479e+03 3.828698358177822000e-16 1.081136920689227300e-17
9.852168442338774184e+03 7.144724773733477893e-16 1.379463992722240101e-17
9.857049524358451890e+03 6.570975477912111744e-16 1.324349087919762988e-17
9.861930606378127777e+03 6.247440237678752295e-16 1.239399041452893900e-17
9.866811688397803664e+03 6.732968626206955095e-16 1.212387871407614320e-17
9.871692770417481370e+03 6.634765668201525840e-16 1.227992482842532516e-17
9.876573852437159076e+03 8.834072926908721791e-16 1.367278241778716617e-17
9.881454934456834962e+03 1.305563730750048532e-15 1.537144770496877570e-17
9.886336016476510849e+03 1.164785441043325910e-15 1.454726359670686331e-17
9.891217098496188555e+03 8.409229619063774598e-16 1.345365507434292648e-17
9.896098180515866261e+03 8.729939057091967009e-16 1.324403295635894731e-17
9.900979262535542148e+03 1.065934869752847766e-15 1.478152049417359150e-17
9.905860344555218035e+03 9.158576562305611698e-16 1.580263579499028593e-17
9.910741426574895740e+03 8.512168137187621306e-16 1.384549396712084201e-17
9.915622508594573446e+03 8.497489277401573121e-16 1.386456337075371904e-17
9.920503590614249333e+03 8.391758293623843610e-16 1.419624282226298262e-17
9.925384672633925220e+03 7.888136836966278603e-16 1.446807537966448866e-17
9.930265754653602926e+03 8.432507098612412562e-16 1.427231569682103165e-17
9.935146836673280632e+03 7.778745455201691878e-16 1.426264305293020217e-17
9.940027918692956518e+03 4.413557237814037321e-16 1.339355675218664545e-17
9.944909000712632405e+03 4.460878096440199265e-16 1.326705862094936223e-17
9.949790082732310111e+03 4.402033653594783132e-16 1.322793377541779056e-17
9.954671164751987817e+03 8.425658163130153593e-16 1.491392005718679953e-17
9.959552246771663704e+03 1.013473959267951827e-15 1.638754619545520283e-17
9.964433328791339591e+03 6.917492939285473045e-16 1.574705517021914309e-17
9.969314410811017297e+03 8.892259147752314413e-16 1.559163176392236943e-17
9.974195492830695002e+03 1.278995057356607746e-15 1.692919853519719787e-17
9.979076574850370889e+03 1.262181957747671927e-15 1.775658937628320122e-17
9.983957656870046776e+03 7.702124092564728663e-16 1.520089197124404303e-17
9.988838738889724482e+03 5.974853882902589779e-16 1.495814470295598090e-17
9.993719820909402188e+03 5.762399433661143320e-16 1.518788915106753499e-17
9.998600902929078075e+03 4.521606518602506835e-16 1.477585404930709704e-17
1.000348198494875396e+04 5.255292694319968920e-16 1.570912185404847506e-17
1.000836306696843167e+04 5.938349854339536830e-16 1.614284344271556465e-17
1.001324414898810937e+04 8.597694313765441063e-16 1.658388699147906213e-17
1.001812523100778526e+04 1.099744322670347027e-15 1.861936148877356716e-17
1.002300631302746115e+04 3.563755058558552681e-16 1.575643023331982876e-17
1.002788739504713885e+04 1.895520375796490142e-16 1.506623572699598080e-17
1.003276847706681656e+04 1.734821971234118402e-16 1.680104445319606517e-17
1.003764955908649245e+04 3.825652786878545578e-16 1.892185033494836586e-17
1.004253064110616833e+04 7.893715374577803272e-16 1.776861932129240740e-17
1.004741172312584604e+04 9.289446073840958449e-16 1.886043346606152446e-17
1.005229280514552374e+04 5.592071508706096630e-16 1.802529004823469145e-17
1.005717388716519963e+04 8.579085499816412702e-16 1.858316522196889726e-17
1.006205496918487552e+04 8.296323176015553006e-16 1.814564401629322563e-17
1.006693605120455322e+04 1.165492274693739265e-15 2.250889329691123411e-17
1.007181713322423093e+04 7.055555356131985284e-16 1.999233082898463143e-17
1.007669821524390682e+04 2.153395374490294033e-16 1.836894786222592884e-17
1.008157929726358270e+04 9.983806088593471191e-16 2.077254445071909202e-17
1.008646037928326041e+04 1.131170194820114828e-15 2.123830055732537819e-17
1.009134146130293811e+04 8.168307705831105607e-16 2.220218525397358972e-17
1.009622254332261400e+04 1.173791587994946122e-15 3.248333370917206361e-17
1.010110362534228989e+04 1.115954371079989156e-15 2.193280947921010250e-17
1.010598470736196759e+04 1.291633301488369551e-15 2.305235838694121480e-17
1.011086578938164530e+04 8.734406525682483309e-16 2.429096351819205049e-17
1.011574687140132119e+04 5.894895743253264324e-16 2.286455644823758948e-17
1.012062795342099707e+04 6.538639599429601459e-16 2.067339846341181892e-17
1.012550903544067478e+04 5.395930990804865631e-16 2.154300622314444970e-17
1.013039011746035249e+04 3.555568537422298460e-17 1.999818773123481390e-17
1.013527119948002837e+04 1.862441348780577235e-16 2.161201319289451810e-17
1.014015228149970426e+04 1.162801246604001187e-15 2.543722269682298171e-17
1.014503336351938196e+04 1.021967013667908634e-15 2.517063453240965392e-17
1.014991444553905967e+04 8.276126657878448183e-16 2.393775328426600145e-17
1.015479552755873556e+04 7.442591055911189682e-16 2.448747600573726620e-17
1.015967660957841144e+04 6.442611699016816296e-16 2.446706273901167668e-17
1.016455769159808915e+04 6.879436540985366209e-16 2.474914680347782544e-17
1.016943877361776686e+04 4.619268766378457955e-16 2.603916034392810474e-17
1.017431985563744274e+04 7.135090400698805600e-16 2.936857038392918735e-17
1.017920093765711863e+04 5.749972627474262970e-16 2.809765750798809748e-17
1.018408201967679634e+04 1.220509278926878509e-15 3.172017383750838975e-17
1.018896310169647404e+04 9.921532255546058694e-16 2.974270125602940972e-17
1.019384418371614993e+04 7.047300208284161772e-16 2.920435034399304497e-17
1.019872526573582581e+04 1.042255205233925435e-15 3.021910348555660732e-17
1.020360634775550352e+04 6.919787143718909904e-16 3.177681474045130444e-17
1.020848742977518123e+04 1.064874639567071990e-15 3.632970136355529000e-17
1.021336851179485711e+04 1.080633338944078873e-15 3.006010785913833276e-17
1.021824959381453300e+04 1.006609011192322023e-15 2.841753110937880956e-17
1.022313067583421071e+04 3.535883058006236124e-16 3.173853345981749555e-17
1.022801175785388841e+04 3.686875438373082950e-16 3.021630513855172746e-17
1.023289283987356430e+04 3.737721748579745773e-16 3.099164855778308700e-17
1.023777392189324019e+04 3.202493646635856751e-16 3.089416229978273643e-17
1.024265500391291789e+04 1.318093356263798039e-16 3.365902785009350287e-17
