# obs_wvl flux error  |  merged epoch (native): STIS CCD,STIS MAMA
1.138000000000000000e+03 -2.805620852123769966e-13 4.471266737311286260e-18
1.138583111357789676e+03 -2.454393610750110492e-13 3.621472742199914549e-18
1.139166222715579352e+03 -9.100647994478241051e-14 1.272782174394687494e-18
1.139749334073369027e+03 -5.548329230855150260e-14 5.772533421863987277e-19
1.140332445431158703e+03 -3.943387783778923125e-14 4.342477308451314699e-19
1.140915556788948379e+03 -3.090272339778891907e-14 3.291786000647025101e-19
1.141498668146738055e+03 -2.487105698855909471e-14 1.840544258646510553e-19
1.142081779504527731e+03 -1.940523402668387886e-14 1.222484905143241580e-19
1.142664890862317407e+03 -1.581840322311317275e-14 1.324187283201435419e-19
1.143248002220107082e+03 -1.283025024963707165e-14 1.217606146879385164e-19
1.143831113577896758e+03 -1.044532324993376103e-14 8.668189953901820519e-20
1.144414224935686434e+03 -8.554775920177888617e-15 9.127002853431045430e-20
1.144997336293476110e+03 -7.091541811590477421e-15 1.247586506952306754e-19
1.145580447651265786e+03 -6.120944146327267609e-15 1.052858388732596998e-19
1.146163559009055462e+03 -5.697123494231118507e-15 4.719190304968093470e-20
1.146746670366845137e+03 -5.116600755133888843e-15 3.915430828290539121e-20
1.147329781724634813e+03 -4.695701602883782671e-15 4.738630255056785121e-20
1.147912893082424489e+03 -4.027408394673850975e-15 3.464129095408793950e-20
1.148496004440214165e+03 -3.598021358638305964e-15 3.845677443657628301e-20
1.149079115798003841e+03 -3.441166758261542708e-15 5.252290094722222380e-20
1.149662227155793516e+03 -3.130393059602366193e-15 2.611308418913522336e-20
1.150245338513583192e+03 -2.877742710255225299e-15 3.239048626871296161e-20
1.150828449871372868e+03 -2.775908384137712388e-15 2.420130621637131153e-20
1.151411561229162544e+03 -2.480258206277093747e-15 2.712418764891237080e-20
1.151994672586952220e+03 -2.255443199618607484e-15 4.032827530970359421e-20
1.152577783944741896e+03 -2.386814203433004586e-15 3.112253160727202329e-20
1.153160895302531571e+03 -2.158567250723813792e-15 2.184067139426677088e-20
1.153744006660321247e+03 -2.041843854314934809e-15 2.348940445182701869e-17
1.154327118018110923e+03 -1.804642389830217055e-15 1.958820312003528358e-17
1.154910229375900599e+03 -1.766452643300021371e-15 2.070674036727570000e-17
1.155493340733690275e+03 -1.589491915257692626e-15 4.999357711458423198e-18
1.156076452091479950e+03 -1.533261123080299281e-15 2.643005244958177721e-20
1.156659563449269626e+03 -1.511456962866561048e-15 1.704457580627177498e-17
1.157242674807059302e+03 -1.425439049267012652e-15 3.782911689753773765e-18
1.157825786164848978e+03 -1.393348902144472865e-15 1.401953875435206315e-17
1.158408897522638654e+03 -1.302722679511207294e-15 4.309595414957011093e-17
1.158992008880428330e+03 -1.423571907663081440e-15 2.111385650354393182e-20
1.159575120238218005e+03 -1.339453134376867264e-15 1.464596369609534339e-20
1.160158231596007681e+03 -1.247054823389431539e-15 2.101532465970325738e-20
1.160741342953797357e+03 -1.238359379081337933e-15 1.418462611441499943e-17
1.161324454311587033e+03 -1.232772656901477256e-15 1.857307625420536651e-20
1.161907565669376709e+03 -1.201012854928412099e-15 1.772084198674742315e-20
1.162490677027166385e+03 -1.126198958749430668e-15 1.933096855322537797e-20
1.163073788384956060e+03 -1.117132748799336119e-15 1.336089980670756434e-17
1.163656899742745736e+03 -1.071816474803950290e-15 2.230441182086983138e-18
1.164240011100535412e+03 -1.047548140945362401e-15 1.721455542601550001e-17
1.164823122458325088e+03 -1.021596813759226376e-15 4.444211224614869093e-18
1.165406233816114764e+03 -8.892071685121874514e-16 4.139677657054115456e-17
1.165989345173904439e+03 -9.081842997205905088e-16 4.047960374361924079e-17
1.166572456531694115e+03 -8.982311527986426162e-16 3.713945642802818509e-17
1.167155567889483791e+03 -9.361663351583530333e-16 8.684759001100197677e-18
1.167738679247273467e+03 -6.977395221584955677e-16 5.636227160129236123e-17
1.168321790605063143e+03 -7.029585747964051058e-16 5.124878441630326949e-17
1.168904901962852819e+03 -6.579205375601378759e-16 5.475258454099119251e-17
1.169488013320642494e+03 -5.272438452264148755e-16 6.381471785162497074e-17
1.170071124678432170e+03 -5.316249483003015036e-16 6.142570241738477065e-17
1.170654236036221846e+03 -4.311536609537918970e-16 6.742478640538579803e-17
1.171237347394011522e+03 -3.317204629030523669e-16 7.193176632507991784e-17
1.171820458751801198e+03 -2.279178377842215637e-16 7.467524558976645774e-17
1.172403570109590873e+03 9.793597457003082603e-17 9.154601663514985511e-17
1.172986681467380549e+03 4.903305291312361875e-16 1.087009604486067039e-16
1.173569792825170225e+03 7.640590543548677840e-16 1.183418835266666957e-16
1.174152904182959901e+03 1.182139881397729329e-15 1.270393975301317004e-16
1.174736015540749577e+03 1.706702431268425484e-15 1.460372032888172599e-16
1.175319126898539253e+03 2.186433321259339625e-15 1.584666843196098552e-16
1.175902238256328928e+03 2.469016608655088648e-15 1.604607804504176424e-16
1.176485349614118604e+03 2.975343067400989462e-15 1.722044390380587050e-16
1.177068460971908280e+03 3.548895212277919696e-15 1.844976646031428551e-16
1.177651572329697956e+03 4.084817135310772251e-15 1.966336323665060378e-16
1.178234683687487632e+03 4.681429752997808773e-15 2.050188456724511788e-16
1.178817795045277308e+03 4.843554333632277296e-15 2.075894581505210414e-16
1.179400906403066983e+03 4.794050405714848985e-15 2.022296943148631515e-16
1.179984017760856659e+03 4.894943314694265925e-15 2.078498311148818787e-16
1.180567129118646335e+03 5.262573695174486531e-15 2.080165934386217828e-16
1.181150240476436011e+03 5.477632158197672364e-15 2.122684871017288027e-16
1.181733351834225687e+03 5.885694662391402986e-15 2.176936036120934421e-16
1.182316463192015362e+03 5.986658307593731709e-15 2.225621818862862459e-16
1.182899574549805038e+03 6.002804715059339279e-15 2.146589336540910958e-16
1.183482685907594714e+03 6.522829037383918434e-15 2.271167914747932282e-16
1.184065797265384390e+03 6.770796138958516842e-15 2.263089557953712896e-16
1.184648908623174066e+03 6.330760897813406336e-15 2.144299231326516102e-16
1.185232019980963742e+03 7.214095353738154137e-15 2.317044433444845595e-16
1.185815131338753417e+03 6.986261118167625059e-15 2.259219367599440722e-16
1.186398242696543093e+03 7.461607974757417918e-15 2.278508748562900386e-16
1.186981354054332769e+03 7.045288002010622750e-15 2.279896210229132757e-16
1.187564465412122445e+03 6.824365886633562953e-15 2.184382389831697090e-16
1.188147576769912121e+03 6.069970203591378676e-15 2.105024307819041136e-16
1.188730688127701796e+03 5.158589204749695439e-15 1.893842740949434601e-16
1.189313799485491472e+03 4.572478883000904099e-15 1.814590336898841355e-16
1.189896910843281148e+03 3.966305261397674189e-15 1.653802569399569421e-16
1.190480022201070824e+03 3.337047876494960883e-15 1.551506169684153347e-16
1.191063133558860500e+03 3.291960954033553664e-15 1.521805427390646826e-16
1.191646244916650176e+03 2.887448128527524810e-15 1.454433382414672941e-16
1.192229356274439851e+03 2.430933612246888438e-15 1.307863545727645860e-16
1.192812467632229527e+03 2.391251922145570716e-15 1.310862974752000642e-16
1.193395578990019203e+03 2.641756310310737469e-15 1.334985270671446936e-16
1.193978690347808879e+03 3.201643711760019892e-15 1.447731175814349636e-16
1.194561801705598555e+03 3.938301671488356308e-15 1.585967712735326014e-16
1.195144913063388231e+03 3.891868774746070501e-15 1.582334146550294359e-16
1.195728024421177906e+03 3.860121630384392001e-15 1.543675433997558952e-16
1.196311135778967582e+03 4.600945127385658199e-15 1.676403670992758242e-16
1.196894247136757258e+03 4.943808662113142618e-15 1.690923905156308360e-16
1.197477358494546934e+03 5.205544891156649636e-15 1.785779890198188059e-16
1.198060469852336610e+03 5.141525038257458970e-15 1.717901143446105447e-16
1.198643581210126285e+03 4.858963163925280156e-15 1.700812093515358736e-16
1.199226692567915961e+03 4.226302960684699242e-15 1.596628436113247568e-16
1.199809803925705637e+03 3.701983472242888165e-15 1.447844325875908733e-16
1.200392915283495313e+03 3.444249266315130172e-15 1.421989684032398317e-16
1.200976026641284989e+03 2.621166788523073055e-15 1.248999148848606565e-16
1.201559137999074665e+03 2.291732057409177154e-15 1.178341647609878890e-16
1.202142249356864340e+03 2.234662273523376131e-15 1.158483878929480779e-16
1.202725360714654016e+03 2.138195121501146299e-15 1.155333340249264979e-16
1.203308472072443692e+03 2.283620395394421526e-15 1.136330127144868768e-16
1.203891583430233368e+03 2.645256991364912445e-15 1.267092464385006105e-16
1.204474694788023044e+03 2.440167330990211002e-15 1.170057940009843013e-16
1.205057806145812719e+03 2.231979630524963760e-15 1.145414608356655432e-16
1.205640917503602395e+03 1.687286711925596898e-15 1.006357350155702882e-16
1.206224028861392071e+03 1.352066776108272744e-15 9.027422198832217615e-17
1.206807140219181747e+03 9.800656404579475255e-16 8.273668567011480194e-17
1.207390251576971423e+03 8.064422492353636665e-16 7.606492110056048160e-17
1.207973362934761099e+03 4.429619628930836157e-16 6.131217028338263424e-17
1.208556474292550774e+03 2.597307143454534629e-16 5.749031911647350826e-17
1.209139585650340450e+03 1.431460536659819152e-16 4.995216604556673472e-17
1.209722697008130126e+03 1.963551270845675945e-16 5.055719838747698764e-17
1.210305808365919802e+03 1.327754186882487045e-16 4.916973529141036856e-17
1.210888919723709478e+03 9.445028905191375402e-17 4.444419409266084321e-17
1.211472031081499154e+03 6.854025089320598244e-17 4.162995851600411480e-17
1.212055142439288829e+03 6.442179176492183642e-17 5.239557263672441745e-17
1.212638253797078505e+03 -1.727740716606533542e-17 4.776635398042588924e-17
1.213221365154868181e+03 -1.385294939568486944e-16 7.280585832845853041e-17
1.213804476512657857e+03 1.046611059937097481e-16 1.274785197385646408e-16
1.214387587870447533e+03 1.240928651473854593e-16 1.363732458956893047e-16
1.214970699228237208e+03 1.890204353675412387e-18 1.295135988160715885e-16
1.215553810586026884e+03 -1.853660153328801182e-16 1.266638900574729651e-16
1.216136921943816560e+03 -2.205176022657646848e-16 1.322332918768535322e-16
1.216720033301606236e+03 -1.914861462233356733e-16 1.281466486341910861e-16
1.217303144659395912e+03 9.824268665480252032e-18 1.292665935167696497e-16
1.217886256017185588e+03 1.370076610832624727e-16 1.157156795398105448e-16
1.218469367374975263e+03 3.029626882326357743e-17 6.871836443293476733e-17
1.219052478732764939e+03 3.447739725585044186e-17 4.502341252935963837e-17
1.219635590090554615e+03 3.022609466525084446e-17 4.031605513459893857e-17
1.220218701448344291e+03 -4.953082372172459231e-18 2.262522306337430401e-17
1.220801812806133967e+03 1.141477438482704397e-17 2.480757409194357893e-17
1.221384924163923642e+03 4.040717391754437454e-18 2.424915417477477409e-17
1.221968035521713318e+03 -1.951346663717977947e-17 2.215914102084716034e-17
1.222551146879502994e+03 2.870643741827074637e-17 2.449458588447807171e-17
1.223134258237292670e+03 2.846485444747598470e-17 2.704552076797216980e-17
1.223717369595082346e+03 5.598720879475357106e-18 2.530503777126594919e-17
1.224300480952872022e+03 -1.043894963186395744e-16 2.514500411592213110e-17
1.224883592310661697e+03 -1.063306104182517300e-16 2.707100813463160833e-17
1.225466703668451373e+03 -8.112400303894174031e-17 2.969958731578792026e-17
1.226049815026241049e+03 -1.063264241449758115e-16 2.506822961648667165e-17
1.226632926384030725e+03 -5.303939480668414322e-17 3.097156201617198693e-17
1.227216037741820401e+03 -7.912376395539126876e-17 2.790089921297343593e-17
1.227799149099610077e+03 -5.201331814987150267e-17 2.982095293184736212e-17
1.228382260457399752e+03 -2.236145536297679763e-17 3.101785225359003455e-17
1.228965371815189428e+03 3.654802513788925787e-17 3.486250032990043568e-17
1.229548483172979104e+03 8.108143125566214889e-18 3.236732468223754330e-17
1.230131594530768780e+03 -1.934595782512119519e-17 3.052248410485709487e-17
1.230714705888558456e+03 -2.476711251112287308e-17 2.969880721265106090e-17
1.231297817246348131e+03 4.477054866635081473e-17 3.453471522494554724e-17
1.231880928604137807e+03 3.272393038405575422e-17 3.273367199581063549e-17
1.232464039961927483e+03 -3.868104765350299373e-18 3.054202485973749717e-17
1.233047151319717159e+03 2.120422002423581254e-17 3.147932411263443438e-17
1.233630262677506835e+03 -9.178688479644244525e-18 3.031325557903726494e-17
1.234213374035296511e+03 -1.521049003687800196e-17 2.906577333519518066e-17
1.234796485393086186e+03 4.485099904830667649e-19 3.021906129434027886e-17
1.235379596750875862e+03 -5.081301258965912634e-17 2.568517333322251808e-17
1.235962708108665538e+03 -1.760365227719947294e-17 2.844124911283798754e-17
1.236545819466455214e+03 4.567747581528660123e-17 3.099898672364924738e-17
1.237128930824244890e+03 1.013830349766102899e-16 3.393892508997722125e-17
1.237712042182034565e+03 2.425452105876152323e-16 4.045969487326419682e-17
1.238295153539824241e+03 3.211976161994126262e-16 4.288921766329969060e-17
1.238878264897613917e+03 2.906691427075341230e-16 4.285236470598189119e-17
1.239461376255403593e+03 2.789686718580114047e-16 3.951113315997496119e-17
1.240044487613193269e+03 4.383722559936603390e-16 4.701421950934891952e-17
1.240627598970982945e+03 5.925539694714168574e-16 5.215917054381513302e-17
1.241210710328772620e+03 5.462922756205906942e-16 4.979980513750752891e-17
1.241793821686562296e+03 5.099926544199865142e-16 4.915075134384415819e-17
1.242376933044351972e+03 3.067571883083099184e-16 4.165216475779417609e-17
1.242960044402141648e+03 2.287133263636464235e-16 3.817531152459563872e-17
1.243543155759931324e+03 2.351270454052644476e-16 3.883063387759156820e-17
1.244126267117721000e+03 2.823611077490558269e-16 3.970426974040152224e-17
1.244709378475510675e+03 3.305567693974591965e-16 4.172139954701600515e-17
1.245292489833300351e+03 2.936553243990247854e-16 4.040919234900551202e-17
1.245875601191090027e+03 1.515637484317741834e-16 3.401062434404746017e-17
1.246458712548879703e+03 1.056894992534366593e-16 3.187816482540125919e-17
1.247041823906669379e+03 6.383334430422390072e-17 3.027948019961332369e-17
1.247624935264459054e+03 2.192971517973106584e-17 2.716911074542601372e-17
1.248208046622248730e+03 6.282009625901273399e-17 2.981904516218062176e-17
1.248791157980038406e+03 -6.391912891748672893e-18 2.497907253975146385e-17
1.249374269337828082e+03 8.847023296498149396e-18 2.657520818693625403e-17
1.249957380695617758e+03 1.615072957843710707e-17 2.635314991196837601e-17
1.250540492053407434e+03 2.529631959748224345e-17 2.777441767420152734e-17
1.251123603411197109e+03 9.864292323636897867e-18 2.524681096086890261e-17
1.251706714768986785e+03 2.292957592986139801e-17 2.703704045214205042e-17
1.252289826126776461e+03 1.979636354317633159e-17 2.604337184193284913e-17
1.252872937484566137e+03 -1.856812500829858633e-17 2.421781648836013810e-17
1.253456048842355813e+03 -2.994077292109678206e-17 2.195146395163630118e-17
1.254039160200145488e+03 -1.263772477884295413e-18 2.510899037944582371e-17
1.254622271557935164e+03 3.443184502877758188e-18 2.514819686773857904e-17
1.255205382915724840e+03 1.166850486748870883e-16 3.139097375298886502e-17
1.255788494273514516e+03 2.518203147645182690e-17 2.623626565033561112e-17
1.256371605631304192e+03 3.035991595445577471e-17 2.682744657078642023e-17
1.256954716989093868e+03 8.210241627330782161e-17 2.899307644120675461e-17
1.257537828346883543e+03 8.467969869732557066e-17 2.925839973287602953e-17
1.258120939704673219e+03 1.291146032295239231e-16 3.178753738085111519e-17
1.258704051062462895e+03 7.281137803688981285e-18 2.347856348001958550e-17
1.259287162420252571e+03 9.947256620558279091e-17 3.243749992480091916e-17
1.259870273778042247e+03 1.805409375539553248e-17 2.579064501412550062e-17
1.260453385135831923e+03 4.514537040886713042e-17 2.708764808477211328e-17
1.261036496493621598e+03 -2.580481451001382792e-17 2.148601465147898247e-17
1.261619607851411274e+03 -1.653693066191837073e-17 2.371365736108606155e-17
1.262202719209200950e+03 -1.121799074302400539e-17 2.248001594615283423e-17
1.262785830566990626e+03 3.731191518913162358e-17 2.663242861230387097e-17
1.263368941924780302e+03 7.858036324432079124e-17 2.778708836624884236e-17
1.263952053282569977e+03 6.662061633525548738e-17 2.718968050261917895e-17
1.264535164640359653e+03 1.106252816151013897e-16 2.944727181127412832e-17
1.265118275998149329e+03 1.128416467923557759e-16 2.958236339178465184e-17
1.265701387355939005e+03 1.423841891489609483e-16 3.033974645539719897e-17
1.266284498713728681e+03 1.459253420290967423e-16 3.139621702262538312e-17
1.266867610071518357e+03 2.137924474132999929e-16 3.487831089218004101e-17
1.267450721429308032e+03 2.083106812560464732e-16 3.363598418747637837e-17
1.268033832787097708e+03 1.668224633422542085e-16 3.121955592498245233e-17
1.268616944144887384e+03 1.281010929609995662e-16 2.910298805142515484e-17
1.269200055502677060e+03 2.197400926788665979e-16 3.428305534028653853e-17
1.269783166860466736e+03 1.819027256065015913e-16 3.221149373863489282e-17
1.270366278218256411e+03 2.248207596145127491e-16 3.346997655721200288e-17
1.270949389576046087e+03 2.165313970977951112e-16 3.401672422747912231e-17
1.271532500933835763e+03 1.600911872597920144e-16 2.967233811410567808e-17
1.272115612291625439e+03 2.656150785529372838e-16 3.595098595355549362e-17
1.272698723649415115e+03 2.357532017761033189e-16 3.376993693893003078e-17
1.273281835007204791e+03 2.425121746717260588e-16 3.435733510251726750e-17
1.273864946364994466e+03 2.919228347426187970e-16 3.641652572134746998e-17
1.274448057722784142e+03 2.408930403595126098e-16 3.382030310366966455e-17
1.275031169080573818e+03 2.790457051898504728e-16 3.602326237593383841e-17
1.275614280438363494e+03 2.904717618483036088e-16 3.580428930955075775e-17
1.276197391796153170e+03 3.060723164492550616e-16 3.624981246734245309e-17
1.276780503153942846e+03 2.853743341159774223e-16 3.588220388453674002e-17
1.277363614511732521e+03 2.513334773582445044e-16 3.452217840855714363e-17
1.277946725869522197e+03 2.667780418701998068e-16 3.471029417439417284e-17
1.278529837227311873e+03 2.668763623828646810e-16 3.555203024966318364e-17
1.279112948585101549e+03 2.817469103986009207e-16 3.483158216293400448e-17
1.279696059942891225e+03 2.103130748977737815e-16 3.224397660033145787e-17
1.280279171300680900e+03 2.052191149738347867e-16 3.224569448044013351e-17
1.280862282658470576e+03 2.621954827841293823e-16 3.422821508705936568e-17
1.281445394016260252e+03 2.564394241698183996e-16 3.380840408501503198e-17
1.282028505374049928e+03 2.034127321671272107e-16 3.232379701489421511e-17
1.282611616731839604e+03 1.806450280189310393e-16 3.080866619445422820e-17
1.283194728089629280e+03 1.389354735629067436e-16 2.917165438762316645e-17
1.283777839447418955e+03 1.428429508981089023e-16 2.857334983909508185e-17
1.284360950805208631e+03 1.287221014780037432e-16 2.868617025014944159e-17
1.284944062162998307e+03 1.047956379898728289e-16 2.685317668673793443e-17
1.285527173520787983e+03 1.371536694556037613e-16 2.880810537547562488e-17
1.286110284878577659e+03 7.139203338650543391e-17 2.519962680680098806e-17
1.286693396236367334e+03 7.000091606684589760e-17 2.573099579721591037e-17
1.287276507594157010e+03 3.818155156592139118e-17 2.332694899101425899e-17
1.287859618951946686e+03 1.667506701532593795e-17 2.249528661512125338e-17
1.288442730309736362e+03 -1.134704920849287169e-17 2.009355160089716223e-17
1.289025841667526038e+03 -6.697536059016026636e-19 2.124499004707962796e-17
1.289608953025315714e+03 -2.938887952660024418e-18 2.073296722173519693e-17
1.290192064383105389e+03 -1.972854369173068374e-17 1.992800311177532010e-17
1.290775175740895065e+03 -1.737987535553624744e-17 2.031615593554227375e-17
1.291358287098684741e+03 -2.651069679640664392e-17 1.894941914419066505e-17
1.291941398456474417e+03 -1.638991827801469260e-17 2.009917552098473288e-17
1.292524509814264093e+03 6.586499550460863358e-17 1.882541427863430075e-17
1.293107621172053769e+03 5.509628197286169152e-17 1.741276396262708536e-17
1.293690732529843444e+03 7.961965913562423794e-17 2.043511583429157152e-17
1.294273843887633120e+03 7.326536134878512151e-17 1.940361358434318922e-17
1.294856955245422796e+03 5.564940424617944391e-17 1.787404551350619919e-17
1.295440066603212472e+03 7.150113914605456469e-17 2.063490097172486066e-17
1.296023177961002148e+03 5.390162256072872077e-17 1.731799305481613102e-17
1.296606289318791823e+03 6.475841198087502494e-17 1.878478739040739506e-17
1.297189400676581499e+03 1.965323867944766593e-17 1.697477788539000591e-17
1.297772512034371175e+03 5.706386604845640816e-17 1.982495236681572565e-17
1.298355623392160851e+03 7.744626408200081503e-17 1.958539718037781970e-17
1.298938734749950527e+03 6.693754040028812274e-17 1.982879644925528328e-17
1.299521846107740203e+03 5.648033092963933122e-17 2.057089900805882830e-17
1.300104957465529878e+03 3.423677588820733376e-17 2.091810214460410673e-17
1.300688068823319554e+03 4.020054259367541407e-17 1.950786067811682603e-17
1.301271180181109230e+03 1.880111770621281123e-17 1.729667751601847010e-17
1.301854291538898906e+03 3.371152201966423443e-17 1.807201489544632718e-17
1.302437402896688582e+03 4.012748866982104712e-17 1.979591362906306434e-17
1.303020514254478257e+03 5.860038764986229022e-18 1.503479376732624268e-17
1.303603625612267933e+03 4.398382321167723576e-17 1.873036056672453794e-17
1.304186736970057609e+03 1.632703135598671360e-17 1.911083996677795859e-17
1.304769848327847285e+03 -1.041450215823763220e-17 1.596883392191990006e-17
1.305352959685636961e+03 6.280722103030584830e-17 2.011751283674070515e-17
1.305936071043426637e+03 6.772902720323645197e-17 1.874909447356027776e-17
1.306519182401216312e+03 7.656996273965180063e-17 2.094373805077790763e-17
1.307102293759005988e+03 4.262339416211979134e-17 1.917783829365430982e-17
1.307685405116795664e+03 2.228359880129041260e-18 1.558501075420819586e-17
1.308268516474585340e+03 -1.761282383176806244e-17 1.683395795638895001e-17
1.308851627832375016e+03 -2.104123324453524747e-17 1.870523243099068988e-17
1.309434739190164692e+03 -1.867995112984721992e-17 1.934290352765199943e-17
1.310017850547954367e+03 -2.530973432389572954e-17 1.806759865573814252e-17
1.310600961905744043e+03 7.612210085692323821e-18 2.104052472797768260e-17
1.311184073263533719e+03 -2.163919479372406114e-17 1.836742517406658831e-17
1.311767184621323395e+03 -3.950958142512943359e-17 1.636889322049206295e-17
1.312350295979113071e+03 -4.511645944590560677e-17 1.681498353276567960e-17
1.312933407336902746e+03 -3.208714622663068308e-17 1.813267214662568778e-17
1.313516518694692422e+03 -3.830145088388143116e-17 1.690610624917498261e-17
1.314099630052482098e+03 -5.456355818616465661e-17 1.542124353457797249e-17
1.314682741410271774e+03 -6.572875967308906346e-17 1.676450684735942857e-17
1.315265852768061450e+03 -2.622813146507847658e-17 1.820291086582806864e-17
1.315848964125851126e+03 -1.195583431085684999e-17 1.917395181011524993e-17
1.316432075483640801e+03 -5.617246878748967317e-17 1.518653832942934784e-17
1.317015186841430477e+03 -4.324380737911994034e-17 1.669717035622380510e-17
1.317598298199220153e+03 -1.980640033283328075e-17 1.915381793611499417e-17
1.318181409557009829e+03 -1.986770007075700006e-17 1.864230728336889767e-17
1.318764520914799505e+03 -5.253796912925797791e-17 1.561591896366915451e-17
1.319347632272589181e+03 -4.589233839967802964e-17 1.637738374436302207e-17
1.319930743630378856e+03 -8.287294391069981999e-17 1.233649942148016131e-17
1.320513854988168532e+03 -1.125184197211258834e-17 1.940380428480604823e-17
1.321096966345958208e+03 -2.837723122130571848e-17 1.776135766967615995e-17
1.321680077703747884e+03 -8.727659982007453687e-18 1.891858690850172670e-17
1.322263189061537560e+03 -6.328132188639540237e-17 1.410713909428849999e-17
1.322846300419327235e+03 -1.319668927948510812e-16 5.376415265491121227e-18
1.323429411777116911e+03 -6.045094864543316188e-17 1.363850459869293069e-17
1.324012523134906587e+03 -3.521122494071241719e-17 1.783676422872823457e-17
1.324595634492696263e+03 -9.422594334585621225e-17 1.197140266048276146e-17
1.325178745850485939e+03 -4.650873692252167346e-17 1.625853486881434512e-17
1.325761857208275615e+03 -4.964290067017113627e-17 1.565871464355774683e-17
1.326344968566065290e+03 -5.081462110249856610e-17 1.555254937544008407e-17
1.326928079923854966e+03 -3.205301022808838727e-17 1.742857620712363898e-17
1.327511191281644642e+03 -5.996559424137779286e-17 1.468454793229089793e-17
1.328094302639434318e+03 -5.179756495562045986e-17 1.435470194069816276e-17
1.328677413997223994e+03 -2.853083918959130494e-17 1.758048996232043022e-17
1.329260525355013669e+03 -1.362154017090083411e-17 1.988751018949899534e-17
1.329843636712803345e+03 -4.557237524883108342e-17 1.603774899158497550e-17
1.330426748070593021e+03 -6.961124142836916372e-17 1.211741810575306633e-17
1.331009859428382697e+03 -1.597096837392476161e-17 2.071429358840269904e-17
1.331592970786172373e+03 1.267877956724876580e-17 2.063008041859319728e-17
1.332176082143962049e+03 -3.463590723001090472e-17 1.655765338762174709e-17
1.332759193501751724e+03 -2.599522444906408927e-17 1.726170782290332171e-17
1.333342304859541400e+03 -6.062064368378315801e-17 1.392404799096393622e-17
1.333925416217331076e+03 -7.271168046632534514e-17 1.197992480211667382e-17
1.334508527575120752e+03 -4.126104156627748632e-17 1.655671073309709706e-17
1.335091638932910428e+03 -9.096878487193244923e-17 9.079812745425633998e-18
1.335674750290700104e+03 -5.946156397047929973e-17 1.458568698311267542e-17
1.336257861648489779e+03 -7.638633512714958824e-17 1.209752754307845086e-17
1.336840973006279455e+03 -2.089262490954248883e-17 1.752689251009594984e-17
1.337424084364069131e+03 2.571823219896895943e-18 1.982151523415967408e-17
1.338007195721858807e+03 -3.620400975949653134e-17 1.529697543076546547e-17
1.338590307079648483e+03 -2.257112824126920075e-17 1.774697839794220056e-17
1.339173418437438158e+03 -4.978138815823950608e-17 1.460698149419616384e-17
1.339756529795227834e+03 -4.460580244681283137e-17 1.583359188934097373e-17
1.340339641153017510e+03 1.261086849935790307e-17 1.965482571041715277e-17
1.340922752510807186e+03 -3.300173645435903918e-18 1.927067805539944437e-17
1.341505863868596862e+03 -2.482269815851508219e-17 1.654863701833330958e-17
1.342088975226386538e+03 -5.231319626067756878e-17 1.427670264870582732e-17
1.342672086584176213e+03 -5.837953476220028017e-17 1.437012906415797422e-17
1.343255197941965889e+03 -1.193700551402701476e-17 1.833703952830676859e-17
1.343838309299755565e+03 -5.880211342499236686e-17 1.191564198593328145e-17
1.344421420657545241e+03 -4.685764502423596768e-17 1.514848888316658138e-17
1.345004532015334917e+03 -6.232547171794535785e-17 1.320671558870954285e-17
1.345587643373124592e+03 -2.375298303414750259e-17 1.779087435306830310e-17
1.346170754730914268e+03 -1.012231071107796906e-17 1.852907655587293887e-17
1.346753866088703944e+03 -2.893795615823341924e-17 1.604989036421903811e-17
1.347336977446493620e+03 -4.584058977912379795e-17 1.555411330023575907e-17
1.347920088804283296e+03 -6.128764248084118066e-17 1.269281509750572351e-17
1.348503200162072972e+03 -2.577131184580924560e-17 1.743732279335376128e-17
1.349086311519862647e+03 1.498637223499311296e-17 2.024242784727867467e-17
1.349669422877652323e+03 -5.079332734349259759e-17 1.400523313801795544e-17
1.350252534235441999e+03 -7.075800851673587999e-17 1.212757334497144938e-17
1.350835645593231675e+03 -5.139531114858676665e-17 1.427693617121482311e-17
1.351418756951021351e+03 -2.738259914058378929e-17 1.687983495943352280e-17
1.352001868308811027e+03 -2.278451240171006518e-17 1.687750849463846009e-17
1.352584979666600702e+03 -3.716294038882681941e-17 1.594343518905159840e-17
1.353168091024390378e+03 -5.802630637486559338e-20 1.937432303032819792e-17
1.353751202382180054e+03 -2.252164160374274576e-17 1.767009930489284338e-17
1.354334313739969730e+03 -1.814373823878151527e-17 1.702244700302778355e-17
1.354917425097759406e+03 -2.700040046954963603e-18 1.871091308716580448e-17
1.355500536455549081e+03 -4.849245484090424157e-17 1.365086948942301824e-17
1.356083647813338757e+03 -2.607827378667229097e-17 1.679228571485447947e-17
1.356666759171128433e+03 -3.449389063740614699e-17 1.554645543976477435e-17
1.357249870528918109e+03 -7.292572335701392910e-17 9.878625457210666704e-18
1.357832981886707785e+03 -2.359452477448925788e-17 1.725224677073882623e-17
1.358416093244497461e+03 9.860912263418450271e-18 1.915169348798962549e-17
1.358999204602287136e+03 -7.935765966792285031e-17 1.016405839133569908e-17
1.359582315960076812e+03 -4.070367548227404485e-17 1.519554664881371500e-17
1.360165427317866488e+03 -4.191070002446608643e-17 1.448643857222266940e-17
1.360748538675656164e+03 -5.339527845336554173e-17 1.336732281460673342e-17
1.361331650033445840e+03 -4.852480272336933222e-17 1.427541263412746940e-17
1.361914761391235515e+03 -3.137588681148509727e-17 1.566143191331327873e-17
1.362497872749025191e+03 -4.843885045874105153e-17 1.338322458424260798e-17
1.363080984106814867e+03 -4.524131226428571204e-17 1.356338603140172584e-17
1.363664095464604543e+03 -8.275624074642924740e-17 7.292245135036317646e-18
1.364247206822394219e+03 -6.569888172386897199e-17 1.028607127209824352e-17
1.364830318180183895e+03 -4.820175616735482443e-17 1.430989628014540614e-17
1.365413429537973570e+03 -7.123565593006543831e-18 1.837515252854487634e-17
1.365996540895763246e+03 -3.587753679052716868e-17 1.501211277164186272e-17
1.366579652253552922e+03 -4.805041913476235612e-17 1.345595442831816913e-17
1.367162763611342598e+03 -4.375809365415023167e-17 1.477739873347417743e-17
1.367745874969132274e+03 -5.949500236325913956e-17 1.228489848846501543e-17
1.368328986326921950e+03 -5.539994636921428849e-17 1.297106118079833988e-17
1.368912097684711625e+03 -3.263188457428402576e-17 1.611140953358854450e-17
1.369495209042501301e+03 -6.329636657850508947e-17 1.062758861597681478e-17
1.370078320400290977e+03 -3.226878149809382338e-17 1.551867506705697832e-17
1.370661431758080653e+03 -3.322485174114811741e-17 1.505687910720149912e-17
1.371244543115870329e+03 -3.806700502886109097e-17 1.395778114064558845e-17
1.371827654473660004e+03 -6.948969256802070474e-17 8.508747048660100896e-18
1.372410765831449680e+03 -2.748837821145893655e-17 1.583086908165702529e-17
1.372993877189239356e+03 3.504832369878047295e-17 2.094439368968550904e-17
1.373576988547029032e+03 1.599796687543924194e-17 1.912647701551354552e-17
1.374160099904818708e+03 2.438315845176304232e-17 2.415923493852939440e-17
1.374743211262608384e+03 -4.626842237298417297e-17 1.418746008488706066e-17
1.375326322620398059e+03 -5.649234309053332137e-18 1.756786854126797435e-17
1.375909433978187735e+03 -4.503087317330892195e-17 1.183218942654883354e-17
1.376492545335977411e+03 -4.703709300530275326e-17 1.294066420739511409e-17
1.377075656693767087e+03 1.632418345950549380e-18 2.067061745923259742e-17
1.377658768051556763e+03 -4.953838634382022044e-17 1.284849029727793588e-17
1.378241879409346438e+03 -3.096934546816443876e-17 1.512440917663220559e-17
1.378824990767136114e+03 -5.396487578483905503e-17 1.277831562972534105e-17
1.379408102124925790e+03 -5.989138713928290566e-17 1.017033032239079316e-17
1.379991213482715466e+03 -9.181814011616646320e-18 1.739767703565261015e-17
1.380574324840505142e+03 -1.669680699440906857e-17 1.613903985763094048e-17
1.381157436198294818e+03 -5.876798527586546898e-17 9.419334565006869958e-18
1.381740547556084493e+03 -6.422791351623643267e-17 9.179001481803660080e-18
1.382323658913874169e+03 -5.025633186843118306e-17 1.379956512698501248e-17
1.382906770271663845e+03 -6.091217339733868790e-17 1.194197814712780510e-17
1.383489881629453521e+03 -3.752330260310034320e-17 1.393417554090905677e-17
1.384072992987243197e+03 -4.209249403450694830e-17 1.444270357213421928e-17
1.384656104345032873e+03 -5.769135401410673310e-17 9.431980476404694088e-18
1.385239215702822548e+03 -2.539905144963198049e-17 1.588371933187621994e-17
1.385822327060612224e+03 4.795357876966606234e-19 1.745795468930179483e-17
1.386405438418401900e+03 -2.751169994058608865e-17 1.431976352111621173e-17
1.386988549776191576e+03 -9.124304406686422379e-17 3.455072616180913227e-18
1.387571661133981252e+03 -4.658509445540571217e-17 1.198165628309822481e-17
1.388154772491770927e+03 -3.222356784781355689e-17 1.506115009598799499e-17
1.388737883849560603e+03 -1.302693924065624851e-17 1.614383362944179178e-17
1.389320995207350279e+03 -4.750003454879084134e-17 1.337537042974682600e-17
1.389904106565139955e+03 -3.770649590924317760e-17 1.397113632310799636e-17
1.390487217922929631e+03 -9.305797003459410035e-17 3.318185644370746924e-18
1.391070329280719307e+03 -5.567458309726344209e-17 1.110017495745993184e-17
1.391653440638508982e+03 7.460098484832419653e-18 1.874201435220040512e-17
1.392236551996298658e+03 3.393734641695693769e-17 2.044176676901614441e-17
1.392819663354088334e+03 2.110777048641827196e-17 1.980408377999566928e-17
1.393402774711878010e+03 -8.289589645716884862e-18 1.675831723669967195e-17
1.393985886069667686e+03 8.462673196762897520e-17 2.613270170323112391e-17
1.394568997427457361e+03 7.009937697157409263e-18 1.819428019163523956e-17
1.395152108785247037e+03 9.360207300985695400e-17 2.536713198988930324e-17
1.395735220143036713e+03 7.813475478526170169e-17 2.304075610590126530e-17
1.396318331500826389e+03 9.364213118601458227e-17 2.470857042005454109e-17
1.396901442858616065e+03 2.024039731181442945e-17 1.713150359115547445e-17
1.397484554216405741e+03 2.236952544086911907e-17 1.932785283593668101e-17
1.398067665574195416e+03 -2.616392625026871631e-17 1.417352591278418441e-17
1.398650776931985092e+03 -9.372783317936817496e-17 2.321747280767450567e-18
1.399233888289774768e+03 6.057347279416679168e-18 1.869105274286697661e-17
1.399816999647564444e+03 -1.948424210185690138e-17 1.502638982736306091e-17
1.400400111005354120e+03 6.316838085148445044e-17 2.330367267582439294e-17
1.400983222363143796e+03 2.730204439105835122e-17 1.925647286995905161e-17
1.401566333720933471e+03 3.884407235537511035e-17 2.044792084964862211e-17
1.402149445078723147e+03 3.222316167705063501e-18 1.726875446358804491e-17
1.402732556436512823e+03 5.078470043586148962e-17 2.095100888542824791e-17
1.403315667794302499e+03 7.051143620486648065e-17 2.333985197514709632e-17
1.403898779152092175e+03 1.318335347903473402e-16 2.749611927486541020e-17
1.404481890509881850e+03 1.095011719697142547e-16 2.496707465492958659e-17
1.405065001867671526e+03 5.824600340024016634e-17 2.207684985471680262e-17
1.405648113225461202e+03 6.042155615853933797e-17 2.186266667043818276e-17
1.406231224583250878e+03 8.408371541303944642e-17 2.413921805654836526e-17
1.406814335941040554e+03 9.033808104909393267e-17 2.419458344100384183e-17
1.407397447298830230e+03 2.755159760607714090e-17 1.970217490170338418e-17
1.407980558656619905e+03 7.267141979565011167e-18 1.747775596103389611e-17
1.408563670014409581e+03 -2.403436896682846315e-18 1.678853048222502652e-17
1.409146781372199257e+03 -4.022016924762957270e-17 1.122253433310112458e-17
1.409729892729988933e+03 5.232777366274897623e-18 1.784848179138685965e-17
1.410313004087778609e+03 4.720418542399093189e-17 2.063736104997405161e-17
1.410896115445568284e+03 1.478226800768030869e-17 1.857986110929046287e-17
1.411479226803357960e+03 4.148771847730687318e-18 1.610097437805526990e-17
1.412062338161147636e+03 -3.582959309472308752e-17 1.024009779612979763e-17
1.412645449518937312e+03 -3.529695621563720165e-18 1.577041297643909932e-17
1.413228560876726988e+03 -2.561227773064713132e-17 1.199783534574573937e-17
1.413811672234516664e+03 -8.945141425604052322e-17 1.550157598062242937e-18
1.414394783592306339e+03 -9.580581074971939623e-18 1.532534324583335120e-17
1.414977894950096015e+03 -4.394715098319412181e-18 1.551805426907058630e-17
1.415561006307885691e+03 -6.700785855402647202e-17 4.052806776828772559e-18
1.416144117665675367e+03 3.348354728131167145e-17 2.022788590743597421e-17
1.416727229023465043e+03 8.566778144370540218e-18 1.648167695639143439e-17
1.417310340381254719e+03 -2.860808770256803917e-17 1.277646512212996152e-17
1.417893451739044394e+03 1.534537465729109544e-17 1.800665370000699142e-17
1.418476563096834070e+03 -7.033737108548168272e-18 1.607235978927094425e-17
1.419059674454623746e+03 1.663067704268338935e-17 1.807002346254556546e-17
1.419642785812413422e+03 3.380639645219745353e-18 1.512705052738723889e-17
1.420225897170203098e+03 -6.121429561215261461e-17 9.936318073317670191e-19
1.420809008527992773e+03 -6.407049504565805723e-17 3.726645990079679447e-18
1.421392119885782449e+03 -3.390714102254000905e-17 1.001920251359465967e-17
1.421975231243572125e+03 -2.612361701217068276e-17 1.159334425235890686e-17
1.422558342601361801e+03 -6.498410452981849935e-17 4.363579023516854047e-18
1.423141453959151477e+03 -6.934502948043067424e-18 1.577093592746334376e-17
1.423724565316941153e+03 -8.285271090566936169e-18 1.460199425221009697e-17
1.424307676674730828e+03 6.551650443594142307e-19 1.615185107240226283e-17
1.424890788032520504e+03 -6.550944673507497555e-17 2.818042821458513927e-18
1.425473899390310180e+03 2.762168617203873267e-17 1.837329347145501576e-17
1.426057010748099856e+03 -6.189080887499975169e-18 1.479614288969617730e-17
1.426640122105889532e+03 -2.699259344327766694e-17 1.034410943317282659e-17
1.427223233463679207e+03 -1.993503250307727953e-17 1.330152832979294173e-17
1.427806344821468883e+03 -3.188352002482663764e-18 1.343654746637769284e-17
1.428389456179258559e+03 4.426492880092024451e-18 1.553458104247170008e-17
1.428972567537048235e+03 -4.913165734138364556e-17 8.746358089307669173e-18
1.429555678894837911e+03 -6.596333809535529147e-17 1.753881102879084640e-18
1.430138790252627587e+03 -5.676863009424338430e-18 1.476476647312188077e-17
1.430721901610417262e+03 -7.578225905097685809e-17 1.146890129479075611e-18
1.431305012968206938e+03 -8.341596989442842727e-18 1.440999244990542910e-17
1.431888124325996614e+03 -1.228128085464459237e-17 1.346340320595964661e-17
1.432471235683786290e+03 5.260411868435089078e-18 1.601210026411291263e-17
1.433054347041575966e+03 1.549573301740008138e-17 1.759420375749673705e-17
1.433637458399365642e+03 -3.684642335181472376e-17 6.819822995964676071e-18
1.434220569757155317e+03 2.553857290005879583e-17 1.835853399984774846e-17
1.434803681114944993e+03 -1.532267958423526940e-17 1.111834037571582861e-17
1.435386792472734669e+03 1.856125658798141375e-17 1.750254230972498314e-17
1.435969903830524345e+03 -1.068981559196229825e-18 1.452778024275471611e-17
1.436553015188314021e+03 6.293251396828016893e-18 1.571432131358413537e-17
1.437136126546103696e+03 -7.098319427410587134e-18 1.196091367573184255e-17
1.437719237903893372e+03 -4.518266406436289759e-17 4.596011951437446416e-21
1.438302349261683048e+03 8.607219595174298325e-18 1.557742541522951932e-17
1.438885460619472724e+03 1.719986338875938242e-17 1.803325866308368978e-17
1.439468571977262400e+03 1.332479408550815258e-17 1.427281036096633955e-17
1.440051683335052076e+03 -9.013799460515068072e-18 1.117682956122403330e-17
1.440634794692841751e+03 1.862734675183762467e-17 1.631192091213055023e-17
1.441217906050631427e+03 8.282199425193180070e-18 1.439908897696181326e-17
1.441801017408421103e+03 5.004404543018363259e-17 2.066365948147600770e-17
1.442384128766210779e+03 4.266530288905058156e-17 1.889403817704172152e-17
1.442967240124000455e+03 -5.909941800525315003e-18 1.288138780853714391e-17
1.443550351481790130e+03 -1.209741826576311952e-17 1.043087743224948533e-17
1.444133462839579806e+03 6.930511519179703065e-18 1.486567953637695495e-17
1.444716574197369482e+03 2.874549855314848972e-17 1.818052406961080295e-17
1.445299685555159158e+03 2.603077011178246638e-17 1.797048619643290963e-17
1.445882796912948834e+03 1.063786136089724049e-17 1.528953657311059032e-17
1.446465908270738510e+03 -5.329418021157330677e-17 2.117938248140051955e-18
1.447049019628528185e+03 8.215012124160525135e-18 1.515242544125778878e-17
1.447632130986317861e+03 5.148587968976595542e-17 1.961347054574187562e-17
1.448215242344107537e+03 -3.911011132408767833e-17 4.777319605945127085e-18
1.448798353701897213e+03 -3.680840055361208056e-17 3.426466121465626196e-18
1.449381465059686889e+03 -3.363643913069941330e-17 5.021913400865160427e-21
1.449964576417476565e+03 4.554267804394443225e-17 1.927174896320041650e-17
1.450547687775266240e+03 8.105658181334145525e-18 1.451320432274062427e-17
1.451130799133055916e+03 4.687880503001156254e-17 1.889404199967077929e-17
1.451713910490845592e+03 3.061153744351131628e-17 1.716037550538325655e-17
1.452297021848635268e+03 1.148498899901250264e-17 1.467835268480077713e-17
1.452880133206424944e+03 3.177854827677636809e-17 1.680173224063896105e-17
1.453463244564214619e+03 1.237300472295623572e-17 1.256521916243182982e-17
1.454046355922004295e+03 2.177808238119497132e-17 1.630534873765607972e-17
1.454629467279793971e+03 3.264309646636574532e-17 1.726483519425660102e-17
1.455212578637583647e+03 -3.324176956875451269e-17 3.678629886557713280e-18
1.455795689995373323e+03 5.633742319884090833e-17 2.033077054819260609e-17
1.456378801353162999e+03 3.497287798640616526e-17 1.684191690775384660e-17
1.456961912710952674e+03 -4.434873883254353582e-18 8.266750770275847215e-18
1.457545024068742350e+03 2.935009115473895124e-17 1.787786053147627836e-17
1.458128135426532026e+03 2.752275855323305714e-17 1.598087100775890126e-17
1.458711246784321702e+03 8.408075619135489895e-17 2.303692941964654627e-17
1.459294358142111378e+03 4.949748060085979079e-17 1.824844294930049328e-17
1.459877469499901053e+03 3.636164514957601516e-17 1.775941216234144363e-17
1.460460580857690729e+03 3.988505939079333593e-17 1.806076871932631281e-17
1.461043692215480405e+03 1.723097659822965647e-17 1.424379304824188578e-17
1.461626803573270081e+03 4.694581606805846318e-17 1.848238367789066473e-17
1.462209914931059757e+03 5.863310411393907940e-17 1.883350305805689398e-17
1.462793026288849433e+03 2.157251253816055682e-17 1.247884246420258167e-17
1.463376137646639108e+03 4.124839824237618907e-17 1.822323589321645484e-17
1.463959249004428784e+03 4.054358871317574127e-17 1.632505472497696196e-17
1.464542360362218460e+03 4.654886891469454631e-17 1.825233665331163892e-17
1.465125471720008136e+03 3.834716752792574544e-17 1.634601057313244510e-17
1.465708583077797812e+03 -2.227971445573121219e-17 3.834863390696926348e-18
1.466291694435587488e+03 5.240759202079926298e-17 1.851332973908899100e-17
1.466874805793377163e+03 3.543304427543370267e-17 1.655876551931808416e-17
1.467457917151166839e+03 -1.192735509473752376e-17 5.097616046145720218e-18
1.468041028508956515e+03 3.939685737674845405e-17 1.484055163206134524e-17
1.468624139866746191e+03 4.638183137715675869e-17 1.780193918166288771e-17
1.469207251224535867e+03 3.925257261048835349e-17 1.504315714263158101e-17
1.469790362582325542e+03 3.198087914035478405e-17 1.533611164134111682e-17
1.470373473940115218e+03 3.621472514437027908e-17 1.657334947323330618e-17
1.470956585297904894e+03 6.976009854034205144e-17 2.013151201719549279e-17
1.471539696655694570e+03 7.788353098238417705e-17 2.105335881447323250e-17
1.472122808013484246e+03 -2.811349530146293149e-17 1.250712302227575083e-18
1.472705919371273922e+03 3.949339534790553245e-17 1.668626453977514641e-17
1.473289030729063597e+03 -1.919043082479406176e-17 3.364153352755269957e-18
1.473872142086853273e+03 -1.065676351529500096e-17 3.717639803891267328e-18
1.474455253444642949e+03 -2.258512871739101346e-17 1.648366219287563740e-18
1.475038364802432625e+03 5.541520763227580466e-17 1.806689821504802946e-17
1.475621476160222301e+03 2.855130202884381054e-17 1.224331814017637417e-17
1.476204587518011976e+03 5.161924712029905446e-17 1.765550465792475618e-17
1.476787698875801652e+03 -2.482561972318489435e-17 6.841660926572401826e-19
1.477370810233591328e+03 -6.621227488578273543e-18 3.689586004841898712e-18
1.477953921591381004e+03 -2.305609459526869363e-17 1.081486510038816647e-18
1.478537032949170680e+03 3.015970985737957780e-17 1.209316694562734190e-17
1.479120144306960356e+03 1.092197303989697945e-16 2.421657198104784714e-17
1.479703255664750031e+03 -5.906354217222038228e-18 4.310241502563299658e-18
1.480286367022539707e+03 -1.875880663835693039e-17 7.307504258838531245e-21
1.480869478380329383e+03 7.698405595713419818e-17 1.975279181742993578e-17
1.481452589738119059e+03 9.205984706492796493e-17 2.198286775649791689e-17
1.482035701095908735e+03 9.892457991095037531e-17 2.235903080900345482e-17
1.482618812453698411e+03 6.985204127140180212e-17 1.665154049414568509e-17
1.483201923811488086e+03 8.675220799831472084e-17 2.080326332169251791e-17
1.483785035169277762e+03 1.764864571277810909e-16 3.087587891574446934e-17
1.484368146527067438e+03 1.592662854444742362e-16 2.806632197446261721e-17
1.484951257884857114e+03 1.538941441722218895e-16 2.757667945788520513e-17
1.485534369242646790e+03 1.816710401479742198e-16 3.028415697654470821e-17
1.486117480600436465e+03 2.181407780950281308e-16 3.349923117954500698e-17
1.486700591958226141e+03 1.579910276282327588e-16 2.518014257723871998e-17
1.487283703316015817e+03 2.174208044554378233e-16 3.282200164160643503e-17
1.487866814673805493e+03 2.473745475729753866e-16 3.590121642835595775e-17
1.488449926031595169e+03 2.924001858614942817e-16 3.822702338942396959e-17
1.489033037389384845e+03 2.324446714808463225e-16 3.326039550739676401e-17
1.489616148747174520e+03 1.546851380964503772e-16 2.717653423324365223e-17
1.490199260104964196e+03 9.390746543175748388e-17 2.191133750018920111e-17
1.490782371462753872e+03 7.464662178318200856e-17 1.859998851580688653e-17
1.491365482820543548e+03 9.604612750759604997e-17 2.118638331034742715e-17
1.491948594178333224e+03 5.388033934157108278e-17 1.240017161086460624e-17
1.492531705536122900e+03 7.543052286847497353e-18 4.357695307855603381e-18
1.493114816893912575e+03 1.114752465741699714e-16 2.308826803886845030e-17
1.493697928251702251e+03 -2.718509158150250390e-18 1.581326227482102111e-18
1.494281039609491927e+03 9.714075047276557291e-17 2.175705127760964392e-17
1.494864150967281603e+03 -1.234980594883242567e-18 1.600581898187025920e-18
1.495447262325071279e+03 6.847905395456814037e-17 1.747505473539655500e-17
1.496030373682860954e+03 4.600522713164266107e-17 1.248989595989167894e-17
1.496613485040650630e+03 2.246356589201085473e-17 6.067046558123805431e-21
1.497196596398440306e+03 1.079322022416648729e-18 8.002496161902904956e-21
1.497779707756229982e+03 7.650732898754261917e-17 1.902367825338402700e-17
1.498362819114019658e+03 9.641105831343835201e-17 2.059150330248370077e-17
1.498945930471809334e+03 1.892177613537928562e-17 3.706670315030267922e-18
1.499529041829599009e+03 9.560185542117784021e-18 2.846667179049190978e-18
1.500112153187388685e+03 7.392425476508857386e-17 1.598540923601104964e-17
1.500695264545178361e+03 2.031541192648677878e-17 3.851561986082248427e-18
1.501278375902968037e+03 -9.554731601821218050e-18 1.963548802764627263e-18
1.501861487260757713e+03 2.818429586641737037e-17 6.362815363356801874e-21
1.502444598618547388e+03 6.679610815513130199e-18 1.281977189411084358e-18
1.503027709976337064e+03 9.458020763440969573e-17 2.145341553698536253e-17
1.503610821334126740e+03 1.040961971605000890e-16 2.139321423661510340e-17
1.504193932691916416e+03 5.779646646483287433e-17 1.270269897149540321e-17
1.504777044049706092e+03 1.370715485451351651e-17 1.762998687391986091e-18
1.505360155407495768e+03 1.007127587653499210e-17 8.467427490726628700e-21
1.505943266765285443e+03 3.244560661445535731e-17 6.678486540284450530e-21
1.506526378123075119e+03 1.252359145496305929e-16 2.386715579380068212e-17
1.507109489480864795e+03 8.426128973333983406e-17 1.671969281161846050e-17
1.507692600838654471e+03 1.104123811618438385e-16 2.290261971097544327e-17
1.508275712196444147e+03 9.114464029964487369e-17 1.917429264021479000e-17
1.508858823554233823e+03 8.876143888905315169e-17 2.047989300261118533e-17
1.509441934912023498e+03 1.073173073924183576e-16 2.147067837401834007e-17
1.510025046269813174e+03 4.193938872789454832e-17 7.997620527209316116e-18
1.510608157627602850e+03 6.885153413613196329e-17 1.391571496004767206e-17
1.511191268985392526e+03 7.343492422081408459e-17 1.641575308913533343e-17
1.511774380343182202e+03 2.213558765436776576e-17 2.109286582521654285e-18
1.512357491700971877e+03 4.043389770106893422e-17 8.512961295473167474e-18
1.512940603058761553e+03 3.243062060871716824e-17 4.251874932233200872e-18
1.513523714416551229e+03 1.208775679111658390e-16 2.433954168779271377e-17
1.514106825774340905e+03 7.071022348658857418e-17 1.363481418190292938e-17
1.514689937132130581e+03 4.193692171910484853e-17 7.071974172420985776e-21
1.515273048489920257e+03 9.245980502126346293e-17 1.879441911090313885e-17
1.515856159847709932e+03 1.107147762896729551e-16 2.160126930902265534e-17
1.516439271205499608e+03 1.062850967474324454e-16 2.331752163932685091e-17
1.517022382563289284e+03 1.069571060589745904e-16 2.057940974340898655e-17
1.517605493921078960e+03 3.257193141851769508e-17 3.550622617276774533e-18
1.518188605278868636e+03 1.181273353154062081e-16 2.174132701110223187e-17
1.518771716636658311e+03 8.222182526419697404e-17 1.429235895711969625e-17
1.519354827994447987e+03 1.133550602184341637e-16 2.296764139750818208e-17
1.519937939352237663e+03 1.243610529607876039e-16 2.358714509461983599e-17
1.520521050710027339e+03 1.389883314475681637e-16 2.441799834434410373e-17
1.521104162067817015e+03 1.181808141351369127e-16 2.330792655861461396e-17
1.521687273425606691e+03 1.295708717756148352e-16 2.439245034200247640e-17
1.522270384783396366e+03 4.055218025066244731e-17 3.391422698433041603e-18
1.522853496141186042e+03 8.334983009838380547e-17 1.309283118907203594e-17
1.523436607498975718e+03 4.749616642948784689e-17 7.268059016458950756e-21
1.524019718856765394e+03 2.929422258974656807e-17 1.511299491063988493e-19
1.524602830214555070e+03 1.038686815804453065e-16 1.958185216354162092e-17
1.525185941572344746e+03 4.942131901944378719e-17 3.740903277962084034e-18
1.525769052930134421e+03 3.891881000467802936e-17 2.177068172623295683e-18
1.526352164287924097e+03 5.543718690527263162e-17 7.490133489806835835e-21
1.526935275645713773e+03 3.621607855922988150e-17 9.554992815796304737e-21
1.527518387003503449e+03 4.141158485337562113e-17 2.259091852885507584e-18
1.528101498361293125e+03 1.116835487853253633e-16 1.941737910579358041e-17
1.528684609719082800e+03 4.089387437543456614e-17 1.405048987272321898e-18
1.529267721076872476e+03 4.709167822809917572e-17 3.280535750498149743e-18
1.529850832434662152e+03 1.424937490226714873e-16 2.524725633809873006e-17
1.530433943792451828e+03 4.144383880292680484e-17 1.218017215827662668e-18
1.531017055150241504e+03 1.103228110878053145e-16 2.514589449618124605e-17
1.531600166508031180e+03 7.191651123592908078e-17 1.278898917509533798e-17
1.532183277865820855e+03 1.331080329608451618e-16 2.428492911138476454e-17
1.532766389223610531e+03 4.981803756816428486e-17 3.278821293283317081e-18
1.533349500581400207e+03 4.171958355518944754e-17 1.062456004734449200e-20
1.533932611939189883e+03 1.404809619660181464e-16 2.412076301611951277e-17
1.534515723296979559e+03 5.024350893096338585e-17 1.636811078787873344e-18
1.535098834654769234e+03 6.054061083636395904e-17 8.556352638341300508e-21
1.535681946012558910e+03 1.030795970879500818e-16 1.584649893199829650e-17
1.536265057370348586e+03 1.406525706349536087e-16 2.397689048131976751e-17
1.536848168728138262e+03 5.737036511858283271e-17 2.676690868443881598e-18
1.537431280085927938e+03 1.572721453517768647e-16 2.741922783790332494e-17
1.538014391443717614e+03 6.460726366214465051e-17 4.751563611628296562e-18
1.538597502801507289e+03 1.140306886976126597e-16 1.770149821273671362e-17
1.539180614159296965e+03 5.453961277532466774e-17 1.202866157001465871e-18
1.539763725517086641e+03 1.263796087116611786e-16 1.993807551528176942e-17
1.540346836874876317e+03 7.027186242609750463e-17 8.775591854963204156e-21
1.540929948232665993e+03 7.096530705283310308e-17 8.612149469179472993e-21
1.541513059590455669e+03 7.159681228709308721e-17 8.705126495165269250e-21
1.542096170948245344e+03 5.822695358268508470e-17 2.774534249229323326e-18
1.542679282306035020e+03 1.366964538193824171e-16 2.354087126266396605e-17
1.543262393663824696e+03 1.532446639446093473e-16 2.503007354247241330e-17
1.543845505021614372e+03 1.527127475520225110e-16 2.615341575609800365e-17
1.544428616379404048e+03 5.862369845976029023e-17 1.151787629501498767e-18
1.545011727737193723e+03 6.456065304592987180e-17 7.137286885652487506e-21
1.545594839094983399e+03 7.213424056553599909e-17 9.428626572379196199e-21
1.546177950452773075e+03 1.622445711531087410e-16 2.932089632627566352e-17
1.546761061810562751e+03 1.782550551511781069e-16 2.979806860095754595e-17
1.547344173168352427e+03 2.664924776999701407e-16 4.043175782133423367e-17
1.547927284526142103e+03 1.859885549486097596e-16 3.072944532286015062e-17
1.548510395883931778e+03 2.480727520697935253e-16 3.882656451455628860e-17
1.549093507241721454e+03 2.377149339777307035e-16 3.600738803593916973e-17
1.549676618599511130e+03 4.361855251503462004e-16 5.480943052796970305e-17
1.550259729957300806e+03 3.979942908527933495e-16 5.093378651934470957e-17
1.550842841315090482e+03 3.495474308351602358e-16 4.757397438701260253e-17
1.551425952672880157e+03 3.140502255582922494e-16 4.474612930893219083e-17
1.552009064030669833e+03 3.225012990254569923e-16 4.541348167842504187e-17
1.552592175388459509e+03 2.354274338857403611e-16 3.463483616138918317e-17
1.553175286746249185e+03 2.903559572392663216e-16 4.269018875351982342e-17
1.553758398104038861e+03 1.894969232654131090e-16 2.664164945291037630e-17
1.554341509461828537e+03 1.770528601797795173e-16 2.987025948463201369e-17
1.554924620819618212e+03 6.708595511405149819e-17 2.495735810788919560e-18
1.555507732177407888e+03 9.316646931028006453e-17 6.197909861412032264e-18
1.556090843535197564e+03 8.260735122114659536e-17 1.037552241619962102e-20
1.556673954892987240e+03 7.307334268574089864e-17 8.369929733792368176e-21
1.557257066250776916e+03 7.412928509346180111e-17 1.187390325234739949e-20
1.557840177608566592e+03 1.377346332057791602e-16 1.950455447005705724e-17
1.558423288966356267e+03 1.367607372246716613e-16 1.860974537661192291e-17
1.559006400324145943e+03 8.516374401084756097e-17 1.088470012168167591e-20
1.559589511681935619e+03 8.590446232396700615e-17 1.028953233946989564e-20
1.560172623039725295e+03 7.650863306155905102e-17 2.857794967372194842e-19
1.560755734397514971e+03 8.481764174045766122e-17 7.912287234098228693e-21
1.561338845755304646e+03 8.597465954979531271e-17 2.815103928413786514e-18
1.561921957113094322e+03 8.811410184872577173e-17 1.053446829243303037e-20
1.562505068470883998e+03 9.270651993662589000e-17 4.918639267122859836e-18
1.563088179828673674e+03 8.765666787818820050e-17 3.949905255318143741e-18
1.563671291186463350e+03 1.645353106554002722e-16 2.809469778261549225e-17
1.564254402544253026e+03 2.046433165819351441e-16 3.945175377192440796e-17
1.564837513902042701e+03 1.385788970505396972e-16 1.859575170216538921e-17
1.565420625259832377e+03 9.367385304165213493e-17 1.036690994590218500e-20
1.566003736617622053e+03 9.481322049272739601e-17 1.042581039807245854e-20
1.566586847975411729e+03 1.570850466891051091e-16 2.629457703709960062e-17
1.567169959333201405e+03 1.240469789591411425e-16 1.474670077626517729e-17
1.567753070690991080e+03 9.305788214703089489e-17 3.145182232410148851e-18
1.568336182048780756e+03 1.364425173669543137e-16 1.808193051318318826e-17
1.568919293406570432e+03 8.655377962896881951e-17 4.046994664149673112e-19
1.569502404764360108e+03 1.214703609682235574e-16 1.272384731024281642e-17
1.570085516122149784e+03 9.818712561629919590e-17 1.117177234747703200e-20
1.570668627479939460e+03 8.910314642770070207e-17 7.256067778978817870e-19
1.571251738837729135e+03 1.052130296988051011e-16 1.133076663668987798e-17
1.571834850195518811e+03 8.128988586198874901e-17 7.077093936484282845e-20
1.572417961553308487e+03 1.233805150233945834e-16 1.339632147359073458e-17
1.573001072911098163e+03 9.459772250659902089e-17 8.835275916500050611e-21
1.573584184268887839e+03 9.217176309059108780e-17 8.976254417924217303e-21
1.574167295626677515e+03 1.013633178845834506e-16 1.145403147489966978e-20
1.574750406984467190e+03 1.016814894494268675e-16 1.169796562659827000e-20
1.575333518342256866e+03 8.435735727576283557e-17 9.688284634486709264e-20
1.575916629700046542e+03 8.440283676004829364e-17 1.589766575582220250e-20
1.576499741057836218e+03 1.007143187470177607e-16 1.203170863271772493e-20
1.577082852415625894e+03 1.021798869100235989e-16 8.546350864639960845e-21
1.577665963773415569e+03 8.564304688001784900e-17 1.515941834766889928e-20
1.578249075131205245e+03 8.681126526700997204e-17 2.248828444985903369e-19
1.578832186488994921e+03 9.888347627255538880e-17 9.979709332786589209e-21
1.579415297846784597e+03 9.607464996919677099e-17 9.113523225985658000e-19
1.579998409204574273e+03 1.046946170669048249e-16 1.277652700284467990e-20
1.580581520562363949e+03 8.908841943198946656e-17 4.347496299281991836e-19
1.581164631920153624e+03 1.697233254265653600e-16 2.321697971487625252e-17
1.581747743277943300e+03 8.938414534129923153e-17 3.936702904907841851e-19
1.582330854635732976e+03 1.818403765610796498e-16 2.539675704912995956e-17
1.582913965993522652e+03 1.044081683102445471e-16 2.723125427515169874e-18
1.583497077351312328e+03 1.422813189346758886e-16 1.733830836606491763e-17
1.584080188709102003e+03 1.068878105511546662e-16 1.237052167978042110e-20
1.584663300066891679e+03 1.070916367380485028e-16 1.254547221251736255e-20
1.585246411424681355e+03 1.046816070194153372e-16 2.381392815173495099e-18
1.585829522782471031e+03 1.058188219593308350e-16 1.317838227138402436e-20
1.586412634140260707e+03 1.062390700943869943e-16 1.288927031159084273e-20
1.586995745498050383e+03 1.064921823087222288e-16 1.295819183173825762e-20
1.587578856855840058e+03 1.032416887132208827e-16 1.570829270866075182e-18
1.588161968213629734e+03 1.961292380602063752e-16 3.351399781578815346e-17
1.588745079571419410e+03 1.054889693533254821e-16 2.918790329507845387e-18
1.589328190929209086e+03 9.339062716598736665e-17 9.884007996523970980e-19
1.589911302286998762e+03 1.073642597819505064e-16 1.355149471985241982e-20
1.590494413644788438e+03 1.088256100520089456e-16 1.350118470538864013e-20
1.591077525002578113e+03 2.383303932819044810e-16 3.915999752577756936e-17
1.591660636360367789e+03 1.027161818633509332e-16 1.573369979939827952e-20
1.592243747718157465e+03 1.465571100659201625e-16 1.295034246627422069e-17
1.592826859075947141e+03 1.119259421884556975e-16 3.598931635236794839e-18
1.593409970433736817e+03 1.058021927180223578e-16 1.035446242489836673e-20
1.593993081791526492e+03 1.033004643729276624e-16 1.687581076660306140e-20
1.594576193149316168e+03 1.140723536168657130e-16 5.859391726465298225e-18
1.595159304507105844e+03 1.696529237713715453e-16 2.399946717762436030e-17
1.595742415864895520e+03 1.213160627409449527e-16 7.931210205173690717e-18
1.596325527222685196e+03 1.116687665706325381e-16 3.405204548977822432e-18
1.596908638580474872e+03 1.155720002879858340e-16 6.651801037363578457e-18
1.597491749938264547e+03 1.096274649536024496e-16 1.442175899563034139e-20
1.598074861296054223e+03 1.074639117393980009e-16 1.067590760075102591e-20
1.598657972653843899e+03 1.093747071255563548e-16 1.506649376478840855e-20
1.599241084011633575e+03 1.371684975875671525e-16 1.541905953803051161e-17
1.599824195369423251e+03 1.084324359005036182e-16 1.566613713573897177e-20
1.600407306727212926e+03 1.831946077964923935e-16 2.827748395475317800e-17
1.600990418085002602e+03 1.084577567780712316e-16 1.522813789012424829e-20
1.601573529442792278e+03 1.081439478332487154e-16 1.599488777520075531e-20
1.602156640800581954e+03 1.080104752368275484e-16 1.592685779963546473e-20
1.602739752158371630e+03 1.048536539490215459e-16 1.620435569346734682e-20
1.603322863516161306e+03 1.036774441428253127e-16 1.886463759253802243e-20
1.603905974873950981e+03 1.982036031193697155e-16 3.342520606452319223e-17
1.604489086231740657e+03 9.423595391112389596e-17 1.757774756046474249e-20
1.605072197589530333e+03 9.369314287363159362e-17 1.863002003914022708e-20
1.605655308947320009e+03 9.376276436457423119e-17 1.794625085744074089e-20
1.606238420305109685e+03 1.029813693475928387e-16 9.683957232314770993e-21
1.606821531662899361e+03 1.022212863688813903e-16 1.876171041636750036e-20
1.607404643020689036e+03 1.082772770751631414e-16 4.370010184442620291e-18
1.607987754378478712e+03 1.057579260462401942e-16 1.570852528276955916e-20
1.608570865736268388e+03 1.052721046009288990e-16 1.589812366454841510e-20
1.609153977094058064e+03 1.048154716768403564e-16 1.584129409905446418e-20
1.609737088451847740e+03 9.908974963019766852e-17 1.055807639524433748e-20
1.610320199809637415e+03 9.114001348053604579e-17 1.855324833776603455e-20
1.610903311167427091e+03 9.922310342813129944e-17 5.986460107285751561e-19
1.611486422525216767e+03 1.007784688243502757e-16 9.887909082246400635e-21
1.612069533883006443e+03 1.017668640920136384e-16 1.672875031352020113e-20
1.612652645240796119e+03 9.777595028017135618e-17 4.339653473803883272e-19
1.613235756598585795e+03 9.425010551114847209e-17 3.712635197558519895e-18
1.613818867956375470e+03 9.968261731190020611e-17 1.731690165223213270e-20
1.614401979314165146e+03 2.094293276587425105e-16 4.065550175335899841e-17
1.614985090671954822e+03 9.396043402583862432e-17 1.911576876626854498e-20
1.615568202029744498e+03 1.121003281993641449e-16 7.988986598373601166e-18
1.616151313387534174e+03 9.245831123042197459e-17 7.284118226342049908e-20
1.616734424745323849e+03 2.547362576196953020e-16 5.115507505493531328e-17
1.617317536103113525e+03 1.042270174800036103e-16 6.472948314673891938e-18
1.617900647460903201e+03 9.334863659270176383e-17 9.942839271028067412e-21
1.618483758818692877e+03 9.286226090145618735e-17 1.303465863869715559e-20
1.619066870176482553e+03 1.877935118188967788e-16 4.101318139348713668e-17
1.619649981534272229e+03 1.036054598231043888e-16 8.740750742858743730e-18
1.620233092892061904e+03 1.036671581414912336e-16 7.539573079038587591e-18
1.620816204249851580e+03 8.915596939116975201e-17 1.739333862018371080e-20
1.621399315607641256e+03 8.492640179842961165e-17 6.774236937796993525e-19
1.621982426965430932e+03 8.669649406801010600e-17 1.317246358407795665e-20
1.622565538323220608e+03 8.445534839911781991e-17 1.288888243049310257e-20
1.623148649681010284e+03 8.117160172157520982e-17 2.018528617024122524e-20
1.623731761038799959e+03 1.050801923393026497e-16 1.009801514332854782e-17
1.624314872396589635e+03 8.263068813307713251e-17 1.752868661967957396e-20
1.624897983754379311e+03 8.135055038667838318e-17 1.328160902518385362e-20
1.625481095112168987e+03 8.027795891921934669e-17 2.046864982164137283e-18
1.626064206469958663e+03 7.825338776348056142e-17 1.875580236860161000e-20
1.626647317827748338e+03 7.316311317585640433e-17 2.181350287980388748e-20
1.627230429185538014e+03 7.679962105626146093e-17 1.861103601046373871e-20
1.627813540543327690e+03 7.220515437811151754e-17 9.867577295805309873e-21
1.628396651901117366e+03 6.994972432219846603e-17 1.395223465381620522e-20
1.628979763258907042e+03 6.412632929385940810e-17 2.040602103817174734e-20
1.629562874616696718e+03 6.517229623851291581e-17 1.440006874945802016e-20
1.630145985974486393e+03 6.610074424598388779e-17 1.989310333594199950e-20
1.630729097332276069e+03 6.479076179741647863e-17 1.937882172517113983e-20
1.631312208690065745e+03 6.279690711128933820e-17 1.195267923982939612e-20
1.631895320047855421e+03 6.131868779200223140e-17 9.848597503481797713e-21
1.632478431405645097e+03 5.982230030224873653e-17 1.728237088915503231e-18
1.633061542763434772e+03 6.182894591897334609e-17 2.004680804169076966e-20
1.633644654121224448e+03 7.660459409962239000e-17 1.149199214935505005e-17
1.634227765479014124e+03 7.585566071718132432e-17 8.907577921562597457e-18
1.634810876836803800e+03 1.257654312902269311e-16 2.621007410861566579e-17
1.635393988194593476e+03 5.280474832637735323e-17 2.648830462058815183e-18
1.635977099552383152e+03 7.368893617390223897e-17 1.101298876373550007e-17
1.636560210910172827e+03 5.112784400521769559e-17 1.866978021306446015e-20
1.637143322267962503e+03 4.791367790635313195e-17 2.723232157368672198e-18
1.637726433625752179e+03 8.846310550679684252e-17 1.926520276940035105e-17
1.638309544983541855e+03 4.532203637990035021e-17 1.968591475065444814e-20
1.638892656341331531e+03 4.388903500294305805e-16 7.697532498307800827e-17
1.639475767699121207e+03 7.342890491546450377e-16 1.015706466015045236e-16
1.640058879056910882e+03 1.029359963632575523e-15 1.220398468206358085e-16
1.640641990414700558e+03 1.126168445289281407e-15 1.256567733137176106e-16
1.641225101772490234e+03 1.314727965616923088e-15 1.396686597129589369e-16
1.641808213130279910e+03 1.709692943962835503e-15 1.570584827122107170e-16
1.642391324488069586e+03 2.128454918340843690e-15 1.783991858243524709e-16
1.642974435845859261e+03 2.038567450814591158e-15 1.763313941807295107e-16
1.643557547203648937e+03 1.584625454605904522e-15 1.576931218495646686e-16
1.644140658561438613e+03 3.766152042582309548e-16 6.833645635673708529e-17
1.644723769919228289e+03 2.628366375963494606e-16 6.009658128087663665e-17
1.645306881277017965e+03 1.865415623866503117e-16 4.986049319250869663e-17
1.645889992634807641e+03 1.542139763214872844e-16 4.654461671045621348e-17
1.646473103992597316e+03 1.485161124833092738e-17 2.069659213074126107e-20
1.647056215350386992e+03 3.466108191446500530e-17 1.364052446541256032e-17
1.647639326708176668e+03 1.501208171566430032e-17 4.162629350267266790e-18
1.648222438065966344e+03 7.839619049284384952e-18 1.493471129276890384e-20
1.648805549423756020e+03 1.013616111284400777e-17 3.906849221328246540e-18
1.649388660781545695e+03 4.702823806189887130e-18 2.208270130585396618e-20
1.649971772139335371e+03 1.367302758757608714e-19 1.209970785671203325e-20
1.650554883497125047e+03 -1.018423825363121370e-18 1.575510085994056366e-20
1.651137994854914723e+03 -3.079701646797939393e-18 1.469027486238332656e-20
1.651721106212704399e+03 -5.468195526418013974e-18 2.210902246071678421e-20
1.652304217570494075e+03 -8.173690227998427866e-18 2.226671324473718095e-20
1.652887328928283750e+03 -1.267637510963614869e-17 1.490889312128977327e-20
1.653470440286073426e+03 -1.592881513145826640e-17 1.252787066936198064e-20
1.654053551643863102e+03 -1.686309124301789929e-17 2.082919216096976686e-20
1.654636663001652778e+03 -1.977429411805779945e-17 2.138279931340725743e-20
1.655219774359442454e+03 -2.379292002966281729e-17 1.487594335026079852e-20
1.655802885717232130e+03 -2.533822817741289004e-17 2.141596783743879462e-20
1.656385997075021805e+03 -2.812584379516365812e-17 2.126177299132765022e-20
1.656969108432811481e+03 1.430037014845360441e-16 5.425522633655756783e-17
1.657552219790601157e+03 -4.104141325498264689e-17 2.220318972724273081e-20
1.658135331148390833e+03 -2.408965861660766412e-17 7.210022475332328693e-18
1.658718442506180509e+03 -9.100989514549905452e-18 1.682843231336782891e-17
1.659301553863970184e+03 -4.674021721910034453e-17 2.121039916020242489e-20
1.659884665221759860e+03 -2.294620812983572403e-17 9.700751202042601363e-18
1.660467776579549536e+03 -4.806231937998341306e-17 1.583817354618372613e-20
1.661050887937339212e+03 -5.117737273316568124e-17 1.593075387292140685e-20
1.661633999295128888e+03 -5.372120629643454000e-17 2.212687472606985592e-20
1.662217110652918564e+03 -6.364075063223491222e-17 2.169033343239679586e-20
1.662800222010708239e+03 -4.997058802242679571e-17 7.436187268544422966e-18
1.663383333368497915e+03 -7.418227401258954873e-17 2.322608221406539922e-20
1.663966444726287591e+03 -6.445011864654592904e-17 5.698906151841818967e-18
1.664549556084077267e+03 -4.542792403330479128e-17 1.352869263903140597e-17
1.665132667441866943e+03 -7.085821890206097049e-17 5.614649887567092974e-18
1.665715778799656619e+03 -7.910541900455068864e-17 2.385078859872517013e-20
1.666298890157446294e+03 -6.879926829951950072e-17 1.154210248768429810e-17
1.666882001515235970e+03 -6.226989518762502535e-17 1.335043148923010911e-17
1.667465112873025646e+03 -6.134800588750747107e-17 1.857518110933675432e-17
1.668048224230815322e+03 -7.617189991224603195e-17 8.561253710545892093e-18
1.668631335588604998e+03 -7.764360889119112010e-17 1.026036100252141082e-17
1.669214446946394673e+03 -9.829251260530784709e-17 3.255795313609820711e-18
1.669797558304184349e+03 -1.054252061138112576e-16 2.324581722848803608e-20
1.670380669661974025e+03 -1.095635369368856486e-16 2.419693926347470157e-20
1.670963781019763701e+03 -1.166962151341598674e-16 1.410261528389075300e-20
1.671546892377553377e+03 -1.203438032906267258e-16 1.343903966088340959e-20
1.672130003735343053e+03 -1.162794932607633372e-16 2.349258579457100023e-20
1.672713115093132728e+03 -1.198420532774224626e-16 2.281243714081463353e-20
1.673296226450922404e+03 -1.388921873688874229e-16 2.370129832221325939e-20
1.673879337808712080e+03 -1.326383955304584369e-16 2.331928356672440696e-20
1.674462449166501756e+03 -8.336574793464633580e-17 2.181296451131065279e-17
1.675045560524291432e+03 -1.510864745751319158e-16 1.616224202786006150e-20
1.675628671882081107e+03 -1.487235947909378306e-16 1.363623197160794757e-20
1.676211783239870783e+03 -1.550615373251967493e-16 1.692078085525572949e-20
1.676794894597660459e+03 -1.541651877061843798e-16 2.622989835724097914e-20
1.677378005955450135e+03 -1.575282108401853738e-16 1.698149582792545863e-20
1.677961117313239811e+03 -1.707835969688446480e-16 1.444208953423271730e-20
1.678544228671029487e+03 -1.723393582131183251e-16 1.690965898260775666e-20
1.679127340028819162e+03 -1.750186059350644281e-16 1.376938164121838390e-20
1.679710451386608838e+03 -1.818072668010800492e-16 1.763307878229107609e-20
1.680293562744398514e+03 -1.867656424153048574e-16 1.629320643886917206e-20
1.680876674102188190e+03 -1.813554229970699963e-16 1.026596532900442845e-17
1.681459785459977866e+03 -1.841148576510953472e-16 3.835103941459767063e-18
1.682042896817767542e+03 -2.043683473070500780e-16 1.356413917290438640e-20
1.682626008175557217e+03 -2.049454167284482009e-16 1.499577032597452768e-20
1.683209119533346893e+03 -2.034192980711819007e-16 2.531329180812077876e-20
1.683792230891136569e+03 -2.079838485486992892e-16 2.436109048071214705e-20
1.684375342248926245e+03 -2.135984252179336694e-16 2.608837165556245375e-20
1.684958453606715921e+03 -2.138731915895777291e-16 1.694304425367025740e-20
1.685541564964505596e+03 -2.152811648430533933e-16 2.398151356221667702e-20
1.686124676322295272e+03 -1.929683009633095745e-16 1.828028026319777748e-17
1.686707787680084948e+03 -2.334056865770310327e-16 2.377545757167912459e-18
1.687290899037874624e+03 -2.413057831719175915e-16 2.616747749942016498e-20
1.687874010395664300e+03 -1.136492202022173935e-16 5.078460190065461927e-17
1.688457121753453976e+03 -2.466417733305237328e-16 3.244868322846832262e-18
1.689040233111243651e+03 -2.591592977389680887e-16 2.883004052542694421e-20
1.689623344469033327e+03 -2.348691764723940480e-16 2.249030248347444330e-17
1.690206455826823003e+03 -2.726285753614335495e-16 1.766759140063826829e-20
1.690789567184612679e+03 -2.918021409876262805e-16 2.361045966722395088e-20
1.691372678542402355e+03 -2.880049819153939050e-16 1.491128732319371433e-20
1.691955789900192030e+03 -2.945706626977990339e-16 1.544069432071323621e-20
1.692538901257981706e+03 -2.861029235293354107e-16 1.794535028269379003e-20
1.693122012615771382e+03 -3.018993262028650757e-16 1.512580730802234853e-20
1.693705123973561058e+03 -3.013028468766016985e-16 1.553633775031868622e-20
1.694288235331350734e+03 -3.300135875811168483e-16 2.089203834285806438e-20
1.694871346689140410e+03 -3.395721787937349080e-16 2.537008246163306211e-20
1.695454458046930085e+03 -3.273586311296328504e-16 1.355653473886885199e-20
1.696037569404719761e+03 -3.498166905030507193e-16 1.509983469620042427e-20
1.696620680762509437e+03 -3.598295894630328800e-16 1.795750211805720173e-20
1.697203792120299113e+03 -3.397647580020473052e-16 5.166273028863994596e-18
1.697786903478088789e+03 -3.391325084790401259e-16 2.666934287823468648e-20
1.698370014835878465e+03 -3.453041057331631943e-16 2.507086090051446090e-20
1.698953126193668140e+03 -3.713503231797178087e-16 1.799019125210124493e-20
1.699536237551457816e+03 -3.832301190536274797e-16 1.652981933347316119e-20
1.700119348909247492e+03 -3.985422045233358870e-16 1.564759330399515671e-20
1.700702460267037168e+03 -4.156813117603393557e-16 1.788849531148496469e-20
1.701285571624826844e+03 -3.934158544699834856e-16 3.058869220759233404e-20
1.701868682982616519e+03 -4.001645553941076078e-16 2.892311484119841161e-20
1.702451794340406195e+03 -4.291348727398955042e-16 1.998394138718941983e-20
1.703034905698195871e+03 -4.302805096490057764e-16 1.314082156793437124e-20
1.703618017055985547e+03 -4.387743622666004950e-16 1.330884936470799720e-20
1.704201128413775223e+03 -4.644130620608953956e-16 1.880904022538489928e-20
1.704784239771564899e+03 -4.725985726820794394e-16 1.786374491616674314e-20
1.705367351129354574e+03 -4.767951892369851908e-16 1.852056773576835809e-20
1.705950462487144250e+03 -4.606779954985087072e-16 3.147489342168075579e-20
1.706533573844933926e+03 -4.545029838851513430e-16 2.004801040787294162e-20
1.707116685202723602e+03 -4.773580076610879548e-16 1.590749589378680967e-20
1.707699796560513278e+03 -5.119316241904002584e-16 2.658859475144807941e-20
1.708282907918302953e+03 -5.172491904657970436e-16 1.621868123305243482e-20
1.708866019276092629e+03 -5.065372750954262759e-16 1.427048168585261282e-20
1.709449130633882305e+03 -4.956546550752317198e-16 2.060652025015392726e-20
1.710032241991671981e+03 -5.323858834116577655e-16 2.133142378880269888e-20
1.710615353349461657e+03 -5.487843329495462158e-16 1.749139607118147522e-20
1.711198464707251333e+03 -5.605846077417455255e-16 2.041639622317484108e-20
1.711781576065041008e+03 -4.479980450153379601e-16 2.743056673521097843e-20
1.712364687422830684e+03 -1.197721558065655349e-20 2.614612731989286582e-20
1.712947798780620360e+03 -3.022353237326663572e-17 2.186746923130688073e-20
1.713530910138410036e+03 -5.436084242037374812e-17 1.619917355732361892e-20
5.301000000000000000e+03 6.075279238846886441e-17 7.711410110543772152e-18
5.305882111253975381e+03 6.490776486154349653e-17 4.132653754932369969e-18
5.310764222507950763e+03 5.846340863352062715e-17 3.592723098495207884e-18
5.315646333761926144e+03 9.144897951552552297e-17 3.738734802596997687e-18
5.320528445015901525e+03 5.587680443509641359e-17 3.600608574677440959e-18
5.325410556269876906e+03 8.126692392486087932e-17 3.547239948661564387e-18
5.330292667523852288e+03 8.451918752228963627e-17 3.704440707656565726e-18
5.335174778777827669e+03 4.732624796042763837e-18 3.700710097408816142e-18
5.340056890031803050e+03 4.556961103238109831e-18 3.911397703115767508e-18
5.344939001285778431e+03 1.031541890038498507e-17 3.510489531543497355e-18
5.349821112539753813e+03 2.200551944843280766e-17 3.882260030018141169e-18
5.354703223793729194e+03 6.655070812753537417e-17 3.530304494425853881e-18
5.359585335047704575e+03 3.742121601287796087e-17 4.163287922619950208e-18
5.364467446301679956e+03 5.506602833324563483e-17 4.786387293158606194e-18
5.369349557555655338e+03 6.253454750805287417e-17 4.720179380690517841e-18
5.374231668809630719e+03 7.234591924492487551e-17 4.272332362247602179e-18
5.379113780063606100e+03 4.732314833692320309e-17 5.109975007078188168e-18
5.383995891317581481e+03 6.827434576612420059e-17 4.136532525716755950e-18
5.388878002571556863e+03 4.022363123052914065e-17 4.212899501533970450e-18
5.393760113825532244e+03 3.462893168837365011e-17 5.426927420356812981e-18
5.398642225079507625e+03 6.001467576049548538e-17 5.020563143306095639e-18
5.403524336333483006e+03 4.188451692208372019e-17 4.353289625116254174e-18
5.408406447587458388e+03 5.768390513628908962e-17 4.416038351980733510e-18
5.413288558841433769e+03 8.455385839536502488e-17 4.088666504259738569e-18
5.418170670095409150e+03 1.030374604753390545e-16 4.493998598185672031e-18
5.423052781349384531e+03 8.381712351286316045e-17 3.686726942795370613e-18
5.427934892603359913e+03 6.712411436426885920e-17 3.701787276195081119e-18
5.432817003857335294e+03 6.600763575098779776e-17 5.281541247239459324e-18
5.437699115111310675e+03 5.411507468765491662e-17 3.287632225390859471e-18
5.442581226365286057e+03 5.195190151440019374e-17 3.071161248742365360e-18
5.447463337619261438e+03 6.198426644260505603e-17 2.900885348226626061e-18
5.452345448873236819e+03 8.444528404349129473e-17 2.873188515199594815e-18
5.457227560127212200e+03 7.018799789991327332e-17 3.157521798900797383e-18
5.462109671381187582e+03 5.469125297006658144e-17 3.335367240065844373e-18
5.466991782635162963e+03 6.777554552437201766e-17 3.242798010747242609e-18
5.471873893889138344e+03 8.234145898437627596e-17 3.080997640632014368e-18
5.476756005143113725e+03 8.747720277047600330e-17 4.164254139917741551e-18
5.481638116397089107e+03 5.079021133655561874e-17 3.105609525138074881e-18
5.486520227651064488e+03 7.835661982488792648e-17 2.732912480637328171e-18
5.491402338905039869e+03 7.574774155470818479e-17 2.817730477402646975e-18
5.496284450159015250e+03 7.833404318341731405e-17 3.635821837603290214e-18
5.501166561412990632e+03 6.178830797864007062e-17 3.277313125858057862e-18
5.506048672666966013e+03 4.893465766954633723e-17 3.456194744963210569e-18
5.510930783920941394e+03 6.827663555509570615e-17 2.994216152816778427e-18
5.515812895174916775e+03 9.328504955730794893e-17 3.065019992931476305e-18
5.520695006428892157e+03 3.350115878329162179e-17 3.327676976510226799e-18
5.525577117682867538e+03 6.643518338767195125e-17 3.542136690917636172e-18
5.530459228936842919e+03 8.759212024122120062e-17 3.064085592152378505e-18
5.535341340190818300e+03 4.727426791617631956e-17 2.858384739842284816e-18
5.540223451444793682e+03 3.129788939433671495e-17 3.078070848884674973e-18
5.545105562698769063e+03 2.454920133464106048e-17 4.058430308667104207e-18
5.549987673952744444e+03 1.320479529667575695e-17 3.719496704319887405e-18
5.554869785206719826e+03 9.052049669953507296e-17 3.518272223938302953e-18
5.559751896460695207e+03 8.767428165639091120e-17 3.826778714789951059e-18
5.564634007714670588e+03 9.055391975335057968e-17 3.458155335284278344e-18
5.569516118968645969e+03 5.406089514717622250e-17 3.094832698480422663e-18
5.574398230222621351e+03 6.497025214603006547e-17 3.167140240693910628e-18
5.579280341476596732e+03 6.222053744413543959e-17 3.264831216483558010e-18
5.584162452730572113e+03 6.970475062568330016e-17 2.959376330241504034e-18
5.589044563984547494e+03 2.602840797636712787e-17 4.198177303422531468e-18
5.593926675238522876e+03 5.180582534715645669e-17 2.411424758716781639e-18
5.598808786492498257e+03 4.875296347717042186e-17 3.076434208843365016e-18
5.603690897746473638e+03 3.779341860124547362e-17 2.889457593075646571e-18
5.608573009000449019e+03 9.192555663406956162e-17 3.280249266832107245e-18
5.613455120254424401e+03 3.816858472740793249e-17 2.790743203325684240e-18
5.618337231508399782e+03 2.809820390272694078e-17 2.870503119623354097e-18
5.623219342762375163e+03 3.317709005425172468e-17 2.433253863091527924e-18
5.628101454016350544e+03 6.162050811116776285e-18 3.070802231390593601e-18
5.632983565270325926e+03 5.572811550281147506e-17 3.013155023726092867e-18
5.637865676524301307e+03 6.405011384116217600e-17 3.038486164548766570e-18
5.642747787778276688e+03 2.807423003945110839e-17 3.887813376794450991e-18
5.647629899032252069e+03 6.070432565142201149e-17 2.661418103552920946e-18
5.652512010286227451e+03 3.078440919256130240e-17 3.189660553090407954e-18
5.657394121540202832e+03 2.479007804354744567e-17 3.145739110169767148e-18
5.662276232794178213e+03 6.718405783665641670e-18 2.792378338206799600e-18
5.667158344048153594e+03 1.213702990311054459e-17 2.835175314389874569e-18
5.672040455302128976e+03 2.402550111580758818e-17 2.897753757212993162e-18
5.676922566556104357e+03 2.481540356922763690e-17 2.920634518915329314e-18
5.681804677810079738e+03 3.701744248183786433e-17 2.624187784678438328e-18
5.686686789064055120e+03 1.092674424130229607e-16 3.349918641147833416e-18
5.691568900318030501e+03 7.828151447534314211e-17 2.445881678209824902e-18
5.696451011572005882e+03 5.865988108661154576e-17 2.495129064989890460e-18
5.701333122825981263e+03 6.427009916686433942e-17 2.227913971458024455e-18
5.706215234079956645e+03 4.777479773872343842e-17 2.480524448771994498e-18
5.711097345333932026e+03 7.654279280651504530e-17 2.650417120898208801e-18
5.715979456587907407e+03 7.379271701953513540e-17 2.531190195861686526e-18
5.720861567841882788e+03 4.049788162663647881e-17 2.304450170727726211e-18
5.725743679095858170e+03 4.623405339635811071e-17 3.040734392116412238e-18
5.730625790349833551e+03 4.923817385226726423e-17 2.643291436754303679e-18
5.735507901603808932e+03 4.253605598951513840e-17 2.845632000482019702e-18
5.740390012857784313e+03 9.825697690809234044e-17 2.853084169333257671e-18
5.745272124111759695e+03 8.415365219792375395e-17 3.682304933795145806e-18
5.750154235365735076e+03 7.168556851595715628e-17 2.856994424733986665e-18
5.755036346619710457e+03 6.883027004453503338e-17 2.442225642803019844e-18
5.759918457873685838e+03 8.833098557201399298e-17 2.564480936771623381e-18
5.764800569127661220e+03 7.626271434878247659e-17 2.476621313701815794e-18
5.769682680381636601e+03 4.965711228586845109e-17 2.451966836876005981e-18
5.774564791635611982e+03 8.686704282019194548e-17 2.768970540863965766e-18
5.779446902889587363e+03 6.055129023344206816e-17 2.516583625762514434e-18
5.784329014143562745e+03 8.600398891098468287e-17 2.681871613410188606e-18
5.789211125397538126e+03 8.080666069193570852e-17 2.767385142609797979e-18
5.794093236651513507e+03 7.404483929461717657e-17 3.273547367173982645e-18
5.798975347905488889e+03 1.033591722745047200e-16 2.328560923339475842e-18
5.803857459159464270e+03 8.865396022209076951e-17 2.655167267890456426e-18
5.808739570413439651e+03 5.964751731388129422e-17 2.314187325341395702e-18
5.813621681667415032e+03 5.643997981406345304e-17 2.481577465371333322e-18
5.818503792921390414e+03 5.370322164052370700e-17 2.685200585310288231e-18
5.823385904175365795e+03 8.560655881848189335e-17 2.639867394329905238e-18
5.828268015429341176e+03 4.194496934965361172e-17 2.488087503488471009e-18
5.833150126683316557e+03 2.736744766212880906e-17 2.495578806921413025e-18
5.838032237937291939e+03 2.383420307008192745e-17 2.663721846901060209e-18
5.842914349191267320e+03 3.945958562099307216e-17 2.368883036571959789e-18
5.847796460445242701e+03 1.962729820302753010e-17 2.315804140103067652e-18
5.852678571699218082e+03 2.418293010475709993e-17 2.356916173397372826e-18
5.857560682953193464e+03 3.783468012226294319e-17 2.500633309592590366e-18
5.862442794207168845e+03 3.775270492649004899e-17 2.579605120016077076e-18
5.867324905461144226e+03 6.026893836527513478e-17 2.467132947295848379e-18
5.872207016715119607e+03 2.113748095288581113e-17 2.735367611903483702e-18
5.877089127969094989e+03 6.072717623504199504e-17 2.503039578359329870e-18
5.881971239223070370e+03 6.103518854603863770e-17 2.266602020452836485e-18
5.886853350477045751e+03 6.857479883858650036e-17 2.624486908870491220e-18
5.891735461731021132e+03 4.824419724079919438e-17 1.888851363635542370e-18
5.896617572984996514e+03 3.451285069702993740e-17 2.069732101499966682e-18
5.901499684238971895e+03 7.097588482340898542e-17 3.391199530520591971e-18
5.906381795492947276e+03 8.840447471381983846e-17 3.221378356230841656e-18
5.911263906746922657e+03 6.041395891965714138e-17 2.613147021452568261e-18
5.916146018000898039e+03 7.756490692232279312e-17 2.542439771331452822e-18
5.921028129254873420e+03 5.089073070769648340e-17 2.279768440124039004e-18
5.925910240508848801e+03 7.526495034705253694e-17 2.468494347926039752e-18
5.930792351762824183e+03 6.060842025358634037e-17 2.365405059147651304e-18
5.935674463016799564e+03 4.702065966301769800e-17 2.228974033228504421e-18
5.940556574270774945e+03 3.970127211890911319e-17 2.203456881565349895e-18
5.945438685524750326e+03 8.619405006664616105e-17 2.737466960824988531e-18
5.950320796778725708e+03 6.195213909881493844e-17 2.288787797876046449e-18
5.955202908032701089e+03 1.013922788527232146e-16 2.472633313404274427e-18
5.960085019286676470e+03 7.008463636207878162e-17 2.500434033972262299e-18
5.964967130540651851e+03 6.202079829564500981e-17 2.560963426304560879e-18
5.969849241794627233e+03 3.963893888627948250e-17 2.190867626259315365e-18
5.974731353048602614e+03 7.810938524272918579e-17 2.475136018694467502e-18
5.979613464302577995e+03 7.885760964326261556e-17 2.571055837021247275e-18
5.984495575556553376e+03 8.227858550021122603e-17 3.220292530584247381e-18
5.989377686810528758e+03 7.178615799357720840e-17 3.134659612000134880e-18
5.994259798064504139e+03 2.992111812543908431e-17 2.272164440879539111e-18
5.999141909318479520e+03 4.102835726511208443e-17 2.433937013539306238e-18
6.004024020572454901e+03 5.309535241799122930e-17 2.683916151349614050e-18
6.008906131826430283e+03 8.983261996812200157e-17 3.019769965014981351e-18
6.013788243080405664e+03 6.466976240175498385e-17 2.904762205532795236e-18
6.018670354334381045e+03 7.018336715544625052e-17 2.746625114155411606e-18
6.023552465588356426e+03 8.088953840823861308e-17 3.160160232482328728e-18
6.028434576842331808e+03 4.335214533558313644e-17 2.416854850832002882e-18
6.033316688096307189e+03 6.857664187614963930e-17 2.526769928616028223e-18
6.038198799350282570e+03 6.954618843053586151e-17 2.617105113309698958e-18
6.043080910604257951e+03 7.350748543662291928e-17 3.250686260390666819e-18
6.047963021858233333e+03 7.011662870238463583e-17 2.845217205111962655e-18
6.052845133112208714e+03 4.950575813907442054e-17 2.455730804076192386e-18
6.057727244366184095e+03 4.817805161157949935e-17 2.299713904439653182e-18
6.062609355620159477e+03 7.435490070460300034e-17 2.434291355428040846e-18
6.067491466874134858e+03 4.496345643489530337e-17 2.459182831606498851e-18
6.072373578128110239e+03 8.091953728477982562e-17 2.273629472773109719e-18
6.077255689382085620e+03 5.916677465015900719e-17 2.519388119752402575e-18
6.082137800636061002e+03 1.032784394492601819e-16 2.577037830296516334e-18
6.087019911890036383e+03 4.832310366077311157e-17 2.237459131317975009e-18
6.091902023144011764e+03 2.883029723336781845e-17 2.155443765207689349e-18
6.096784134397987145e+03 3.674831342188970095e-17 2.598303149144854554e-18
6.101666245651962527e+03 4.520086317986487389e-17 2.350625183583805544e-18
6.106548356905937908e+03 2.643793583949636754e-17 2.563332136779020263e-18
6.111430468159913289e+03 1.804120265790132494e-17 2.455383198488186907e-18
6.116312579413888670e+03 3.187457303407677036e-17 2.075289054356005020e-18
6.121194690667864052e+03 3.478914902837436378e-17 2.502777687871248317e-18
6.126076801921839433e+03 5.191411119091684011e-17 2.414703172304947983e-18
6.130958913175814814e+03 7.100370192858245904e-17 2.691298607311507679e-18
6.135841024429790195e+03 5.835499826685462110e-17 2.890739450973544987e-18
6.140723135683765577e+03 7.871687593607512799e-17 2.573118395115315495e-18
6.145605246937740958e+03 9.873625789789862923e-17 2.476024495013775210e-18
6.150487358191716339e+03 5.768987068229000540e-17 3.511888166148871833e-18
6.155369469445691720e+03 8.906081955765054855e-17 2.479114291677696133e-18
6.160251580699667102e+03 8.551505815002811310e-17 2.506779087472337909e-18
6.165133691953642483e+03 4.896613357401541522e-17 2.376503942838561029e-18
6.170015803207617864e+03 2.801831323020679107e-17 2.193636133399832816e-18
6.174897914461593246e+03 5.605675820158992322e-17 2.081770634700836966e-18
6.179780025715568627e+03 7.627444076469062042e-17 2.045505075068059865e-18
6.184662136969544008e+03 6.405895502091982989e-17 1.992071556207470427e-18
6.189544248223519389e+03 8.885736572307540006e-17 2.019694088000708799e-18
6.194426359477494771e+03 8.412686983546603100e-17 2.164741838139730696e-18
6.199308470731470152e+03 9.120607989557273587e-17 2.819472267767930909e-18
6.204190581985445533e+03 4.204821416218085375e-17 1.814868315858640046e-18
6.209072693239420914e+03 4.288125760374756729e-17 2.177587497159046688e-18
6.213954804493396296e+03 6.147395633340199242e-17 2.513734789110621607e-18
6.218836915747371677e+03 5.953874101429485185e-17 3.298908312189429653e-18
6.223719027001347058e+03 6.345647615653087209e-17 2.113922134790104876e-18
6.228601138255322439e+03 6.683125851938942057e-17 2.191127258402142885e-18
6.233483249509297821e+03 6.740193337047283590e-17 2.006288735789358320e-18
6.238365360763273202e+03 5.092504403452695645e-17 1.982099014790795439e-18
6.243247472017248583e+03 8.425440839129456388e-17 2.414294106659585527e-18
6.248129583271223964e+03 2.487115954336311499e-17 2.321029464353935696e-18
6.253011694525199346e+03 2.166684760925023430e-17 2.362941050202624575e-18
6.257893805779174727e+03 4.535870868480699133e-17 2.146275245761601772e-18
6.262775917033150108e+03 1.499095476006259564e-17 2.395708941076104526e-18
6.267658028287125489e+03 1.784457679725727333e-17 2.002262526810601837e-18
6.272540139541100871e+03 1.973547746699983027e-17 2.088477028831455303e-18
6.277422250795076252e+03 2.125885145716640358e-18 2.195628921408978691e-18
6.282304362049051633e+03 1.658844103840563490e-17 2.408378629763775839e-18
6.287186473303027014e+03 5.350309581561118864e-17 2.281414477608147285e-18
6.292068584557002396e+03 5.279789908013747407e-17 2.422041539230514710e-18
6.296950695810977777e+03 4.947280732945611712e-17 1.967597030386510452e-18
6.301832807064953158e+03 4.422130545594485809e-17 1.944706820592383214e-18
6.306714918318928540e+03 5.367659261715507778e-17 1.999183280797145737e-18
6.311597029572903921e+03 4.175822263930458285e-17 1.945478780021642630e-18
6.316479140826879302e+03 3.201399034135601217e-17 1.941741438462500372e-18
6.321361252080854683e+03 3.741415345692450873e-17 1.898734316003288968e-18
6.326243363334830065e+03 5.337694536274033793e-17 2.247518904688302934e-18
6.331125474588805446e+03 6.358685447965811538e-17 2.083231804948710056e-18
6.336007585842780827e+03 2.924509130518363385e-17 2.023881557900376933e-18
6.340889697096756208e+03 7.298021590970920950e-17 2.494341174475302973e-18
6.345771808350731590e+03 2.308432747403055203e-17 2.766624048468687347e-18
6.350653919604706971e+03 3.795819742976830145e-17 3.197532516828919196e-18
6.355536030858682352e+03 3.421669470691548937e-17 3.138719799392705280e-18
6.360418142112657733e+03 5.069895693381770297e-17 3.261084665547150005e-18
6.365300253366633115e+03 7.177218862527490923e-17 3.605069570141916795e-18
6.370182364620608496e+03 6.454516732822645350e-17 4.607281176141482228e-18
6.375064475874583877e+03 8.316892697822638091e-17 2.255448728014167349e-18
6.379946587128559258e+03 4.402317298166414637e-17 1.873697008935953075e-18
6.384828698382534640e+03 6.466831530257664137e-17 1.954883586993087183e-18
6.389710809636510021e+03 8.499820564953547562e-17 2.097019740043466503e-18
6.394592920890485402e+03 6.201297164132399562e-17 1.774577908434598734e-18
6.399475032144460783e+03 4.682665346230514542e-17 1.880783626396713805e-18
6.404357143398436165e+03 8.790761787993744352e-17 2.589952481063977690e-18
6.409239254652411546e+03 6.260786999675251568e-17 1.694200414428875440e-18
6.414121365906386927e+03 5.623123174611515705e-17 1.860246734434441816e-18
6.419003477160362308e+03 4.658388378016710151e-17 2.917417056716961454e-18
6.423885588414337690e+03 7.284651202254112581e-17 2.274717527679786258e-18
6.428767699668313071e+03 7.962557060583274626e-17 2.316723320853036319e-18
6.433649810922288452e+03 9.183439919902655652e-17 2.252056952912302789e-18
6.438531922176263834e+03 8.059704237021023942e-17 2.561591950926485693e-18
6.443414033430239215e+03 3.681107314138198934e-17 1.797645924182105632e-18
6.448296144684214596e+03 5.385649758448402357e-17 1.939319808566067581e-18
6.453178255938189977e+03 4.500346753495248753e-17 1.618996855020177036e-18
6.458060367192165359e+03 4.572956044533176258e-17 1.923323371766469120e-18
6.462942478446140740e+03 5.404635891975317911e-17 2.014905491054723296e-18
6.467824589700116121e+03 7.642473278871096576e-17 2.849653436267052243e-18
6.472706700954091502e+03 3.686716760144761126e-17 2.031302976766345174e-18
6.477588812208066884e+03 4.328798335862909141e-17 1.809953475012159807e-18
6.482470923462042265e+03 4.175087277338485328e-17 1.859548873805338941e-18
6.487353034716017646e+03 8.482325181265500082e-17 2.596690611170957845e-18
6.492235145969993027e+03 3.585486721911101686e-17 2.381272138611937559e-18
6.497117257223968409e+03 2.654562752747131951e-17 2.004808331024965275e-18
6.501999368477943790e+03 5.453665592008648009e-17 1.963222634256585160e-18
6.506881479731919171e+03 2.972057533073578344e-17 1.812204671919060155e-18
6.511763590985894552e+03 3.480138595676620485e-17 1.839091968150110497e-18
6.516645702239869934e+03 3.520425667674062539e-17 1.712052831151865517e-18
6.521527813493845315e+03 3.983429635409506660e-17 2.326127192013156061e-18
6.526409924747820696e+03 6.850408271556224105e-17 2.181102629521736419e-18
6.531292036001796077e+03 6.781935818778011738e-17 2.794527433154246190e-18
6.536174147255771459e+03 2.361277399801637383e-17 2.379165035156670699e-18
6.541056258509746840e+03 1.687266855292292047e-17 2.091928581622273801e-18
6.545938369763722221e+03 3.506362433859245822e-17 2.247587557080635638e-18
6.550820481017697603e+03 -1.083335370780332859e-18 2.453945720479157941e-18
6.555702592271672984e+03 4.699502901551592605e-17 2.028866652646659221e-18
6.560584703525648365e+03 5.666399825141537934e-17 1.885601045403989971e-18
6.565466814779623746e+03 6.663220664501568353e-17 1.828574458159762995e-18
6.570348926033599128e+03 8.449992735792174390e-17 1.793267369905931728e-18
6.575231037287574509e+03 7.062179484124516845e-17 1.819450746924404273e-18
6.580113148541549890e+03 5.907642785919734141e-17 1.754285995145988508e-18
6.584995259795525271e+03 6.992148328924445385e-17 1.754050708508304480e-18
6.589877371049500653e+03 7.093645065559969074e-17 1.762552466703207177e-18
6.594759482303476034e+03 6.103050183517445439e-17 1.765001247011026073e-18
6.599641593557451415e+03 8.355688383574877605e-17 1.925452862673241749e-18
6.604523704811426796e+03 8.936457621132592254e-17 2.494919272000347219e-18
6.609405816065402178e+03 6.552370093083566803e-17 2.091847553918831837e-18
6.614287927319377559e+03 9.289657731984193417e-17 2.474510044400837234e-18
6.619170038573352940e+03 2.710234397278909157e-17 2.226822140525390969e-18
6.624052149827328321e+03 5.080136553847550027e-17 1.780126383336220879e-18
6.628934261081303703e+03 3.933496048644120116e-17 1.689957545163223411e-18
6.633816372335279084e+03 5.613576681890110239e-17 1.844828651030233269e-18
6.638698483589254465e+03 3.947354564619454761e-17 1.976551710189094034e-18
6.643580594843229846e+03 6.315051272957361735e-17 1.871698535399231195e-18
6.648462706097205228e+03 8.215322656939365786e-17 1.958930604894366344e-18
6.653344817351180609e+03 4.170422230878646686e-17 1.760788808915254340e-18
6.658226928605155990e+03 6.168130958803733241e-17 1.971237464250549548e-18
6.663109039859131371e+03 7.774159267343742162e-17 2.088214777201108374e-18
6.667991151113106753e+03 5.629685474968849069e-17 1.613728916345946372e-18
6.672873262367082134e+03 7.673256325666951170e-17 1.786737171962258710e-18
6.677755373621057515e+03 5.647202516503128040e-17 1.725161184510503220e-18
6.682637484875032897e+03 5.374994799921082378e-17 1.703790002298871648e-18
6.687519596129008278e+03 8.963188914092228378e-17 2.307173143805387188e-18
6.692401707382983659e+03 6.322699353167359157e-17 1.888632776883574905e-18
6.697283818636959040e+03 5.646937922277615812e-17 1.693084067990839607e-18
6.702165929890934422e+03 3.817530537492855343e-17 1.913731458461458704e-18
6.707048041144909803e+03 2.255650987311095288e-17 2.017395197604180456e-18
6.711930152398885184e+03 3.204921339562721805e-17 2.249944947405624873e-18
6.716812263652860565e+03 1.543266521827378466e-17 2.555393291896901220e-18
6.721694374906835947e+03 7.437644751527000403e-17 2.768767578786836883e-18
6.726576486160811328e+03 7.805827203066525275e-17 2.355377122034594818e-18
6.731458597414786709e+03 5.589133063530638297e-17 2.434498953886867055e-18
6.736340708668762090e+03 2.754229669790467338e-17 2.343179010236763147e-18
6.741222819922737472e+03 2.483730048690326047e-17 2.217838204285150842e-18
6.746104931176712853e+03 2.849244233870504918e-17 2.160502988037848685e-18
6.750987042430688234e+03 4.259947937168132953e-17 1.938151360052456212e-18
6.755869153684663615e+03 5.201936641513635383e-17 2.008850771973114544e-18
6.760751264938638997e+03 6.112822300788757742e-17 2.107512381642121848e-18
6.765633376192614378e+03 8.163440047772920059e-17 2.259483363537314120e-18
6.770515487446589759e+03 4.504897868182573963e-17 2.205869880677410576e-18
6.775397598700565140e+03 1.119489231110487941e-16 2.525865447815925199e-18
6.780279709954540522e+03 4.807555513744760101e-17 1.811683216826972831e-18
6.785161821208515903e+03 5.035434497984603505e-17 1.906727450794220264e-18
6.790043932462491284e+03 5.557171525567374702e-17 1.787952388652150455e-18
6.794926043716466666e+03 4.859911659846243285e-17 1.817128376746571900e-18
6.799808154970442047e+03 5.289768052693459211e-17 1.857436463530588000e-18
6.804690266224417428e+03 5.455634949216131683e-17 1.948892030554171889e-18
6.809572377478392809e+03 7.506852113162169605e-17 2.195403717285689415e-18
6.814454488732368191e+03 5.758178618590751882e-17 1.981244902806792771e-18
6.819336599986343572e+03 7.606316895710945881e-17 2.138952358776775313e-18
6.824218711240318953e+03 5.556147613012029897e-17 1.828691865116111793e-18
6.829100822494294334e+03 7.132048142872805445e-17 1.952540746798680682e-18
6.833982933748269716e+03 6.821865356410788393e-17 3.211743907368825294e-18
6.838865045002245097e+03 3.582224803803407961e-17 2.417514735889240316e-18
6.843747156256220478e+03 3.770670442609608834e-17 2.327088216961778522e-18
6.848629267510195859e+03 -1.210640551863486382e-17 3.197609150711502382e-18
6.853511378764171241e+03 -5.876661124958199235e-18 2.560836739030300212e-18
6.858393490018146622e+03 1.058255665052882312e-17 2.166100753593181299e-18
6.863275601272122003e+03 2.043673438916238749e-17 2.133956667081775511e-18
6.868157712526097384e+03 -9.554087284227296804e-18 2.170270280714519480e-18
6.873039823780072766e+03 -4.122526224542695258e-18 2.572755676501324028e-18
6.877921935034048147e+03 2.002460608826396178e-17 2.443408902662741671e-18
6.882804046288023528e+03 4.335470661991963347e-17 1.982405473522409836e-18
6.887686157541998909e+03 5.057652260048710920e-17 1.984501996186877400e-18
6.892568268795974291e+03 4.659592991353415897e-17 2.291213020191141385e-18
6.897450380049949672e+03 5.856153482803578354e-17 2.750078614102094926e-18
6.902332491303925053e+03 6.004570999628794632e-17 1.888586826228970128e-18
6.907214602557900434e+03 6.781666176126133958e-17 1.910255223822368503e-18
6.912096713811875816e+03 5.321613659251057788e-17 1.898266191563923635e-18
6.916978825065851197e+03 6.713995383951118492e-17 1.801297063500642506e-18
6.921860936319826578e+03 9.127570997450414814e-17 2.201854778428012451e-18
6.926743047573801960e+03 8.322109242109383040e-17 2.349315534821207471e-18
6.931625158827777341e+03 7.693892262674558706e-17 2.291254098925876168e-18
6.936507270081752722e+03 4.149572029344051313e-17 2.095977363345871200e-18
6.941389381335728103e+03 7.376458064045436754e-17 2.626746205593939397e-18
6.946271492589703485e+03 2.183348520740774042e-17 2.368490842010270065e-18
6.951153603843678866e+03 -6.747210232250600944e-18 2.159128409062207451e-18
6.956035715097654247e+03 2.601681652928005522e-17 2.344768219102424666e-18
6.960917826351629628e+03 2.238492313139606022e-17 2.030749460716194490e-18
6.965799937605605010e+03 3.673734648007742475e-17 2.267356402874361455e-18
6.970682048859580391e+03 5.449562256827370239e-17 1.767965924392802692e-18
6.975564160113555772e+03 7.562199950172055154e-17 1.797842383119225773e-18
6.980446271367531153e+03 8.400729202012941827e-17 2.160748014851495277e-18
6.985328382621506535e+03 8.141848794775043719e-17 1.953199609507716803e-18
6.990210493875481916e+03 4.477026895961438097e-17 1.807140221487128516e-18
6.995092605129457297e+03 3.220134617488514760e-17 2.027761106477328330e-18
6.999974716383432678e+03 3.065121101102867133e-17 2.165669886480545275e-18
7.004856827637408060e+03 3.707826524150446086e-17 2.143195784711852406e-18
7.009738938891383441e+03 6.018144091382459371e-17 2.213380524488800125e-18
7.014621050145358822e+03 7.000337901328703476e-17 2.293395095034007576e-18
7.019503161399334203e+03 4.297613552954726060e-17 1.846760926830110227e-18
7.024385272653309585e+03 5.187086725502315628e-17 1.904557364417980298e-18
7.029267383907284966e+03 6.107420893738084836e-17 2.033561022920026847e-18
7.034149495161260347e+03 5.894044212321316993e-17 2.445770117415797525e-18
7.039031606415235728e+03 8.396659577211257067e-17 2.377774562614835854e-18
7.043913717669211110e+03 5.322524297883660132e-17 1.933815374079569260e-18
7.048795828923186491e+03 3.923978161798943135e-17 1.797129370884979466e-18
7.053677940177161872e+03 1.131994564772051951e-17 2.900954253095593618e-18
7.058560051431137254e+03 4.765386597345933873e-17 1.806713740547104438e-18
7.063442162685112635e+03 2.857743441456467790e-17 1.908958252491577858e-18
7.068324273939088016e+03 1.713398022885941896e-17 1.939404530430175353e-18
7.073206385193063397e+03 3.938950231284633185e-17 2.422854395966558684e-18
7.078088496447038779e+03 7.410715262009037144e-17 1.899461142142494138e-18
7.082970607701014160e+03 3.940885505148311370e-17 1.813513928737524939e-18
7.087852718954989541e+03 4.216006771228999846e-17 2.110914948984191605e-18
7.092734830208964922e+03 3.827855116142550054e-17 2.099895454475282987e-18
7.097616941462940304e+03 2.294179882764733791e-17 1.943374301630981156e-18
7.102499052716915685e+03 5.070841484026783022e-17 2.098364503441632129e-18
7.107381163970891066e+03 6.215744908135199979e-17 2.083141891968275085e-18
7.112263275224866447e+03 4.996843491820265498e-17 2.294035357630278717e-18
7.117145386478841829e+03 6.627319868512662423e-17 2.064552514762670042e-18
7.122027497732817210e+03 3.757686032208187757e-17 2.131195126495864533e-18
7.126909608986792591e+03 5.490974580595646807e-17 2.087072910696494261e-18
7.131791720240767972e+03 7.942137570022824415e-17 2.395556647050004266e-18
7.136673831494743354e+03 7.138846687419873164e-17 2.021832263132644687e-18
7.141555942748718735e+03 2.188027394075245013e-17 2.018929169579783857e-18
7.146438054002694116e+03 2.647187522113615750e-17 1.984566263563938765e-18
7.151320165256669497e+03 3.315248214272068352e-17 2.261053829700061795e-18
7.156202276510644879e+03 4.005576397212824513e-17 2.739745621864217061e-18
7.161084387764620260e+03 8.280702881361049044e-17 2.416311324085790540e-18
7.165966499018595641e+03 4.869745130765957943e-17 2.034871094855041264e-18
7.170848610272571023e+03 8.089858102911248988e-17 2.534816448385076162e-18
7.175730721526546404e+03 7.733327924809690025e-17 2.244903373670020939e-18
7.180612832780521785e+03 3.389507452655452653e-17 2.090248666998109310e-18
7.185494944034497166e+03 1.768944191852268200e-17 1.850177995295473472e-18
7.190377055288472548e+03 2.353845740583933128e-17 2.109482824339256664e-18
7.195259166542447929e+03 4.541716374326540750e-17 2.305952437972332307e-18
7.200141277796423310e+03 7.563091419692407146e-17 2.694787483077305824e-18
7.205023389050398691e+03 3.528664336695157429e-17 2.841362192199475548e-18
7.209905500304374073e+03 5.215444725294732843e-17 2.475903748274914652e-18
7.214787611558349454e+03 2.988123402089249699e-17 2.100502372426884707e-18
7.219669722812324835e+03 9.200875451972952969e-17 2.528128416269985747e-18
7.224551834066300216e+03 6.919184329673411646e-17 2.303751996423823459e-18
7.229433945320275598e+03 6.593234306294305204e-17 2.177313931017947270e-18
7.234316056574250979e+03 3.957675111137174123e-17 1.955297033157397936e-18
7.239198167828226360e+03 2.444211276907650545e-17 2.241407787115173681e-18
7.244080279082201741e+03 2.752718353322348768e-17 2.171176195817577999e-18
7.248962390336177123e+03 4.078577938340602912e-17 2.238028402564399868e-18
7.253844501590152504e+03 4.269206122091152635e-17 2.325151986090552313e-18
7.258726612844127885e+03 7.429440977847245286e-17 2.252368664896713617e-18
7.263608724098103266e+03 4.220724344578242604e-17 2.167436702796378321e-18
7.268490835352078648e+03 3.773747479745549707e-17 1.827766391653738153e-18
7.273372946606054029e+03 4.879178906947620350e-17 2.065586513683654499e-18
7.278255057860029410e+03 8.097284063461555489e-17 2.805257586771202429e-18
7.283137169114004791e+03 9.333946922760484143e-17 2.301552384709827428e-18
7.288019280367980173e+03 6.398819468171626669e-17 1.862327338009987080e-18
7.292901391621955554e+03 2.903646522326693366e-17 2.010404511929898620e-18
7.297783502875930935e+03 5.138014306734420999e-17 1.848446481905398744e-18
7.302665614129906317e+03 3.667222407732236356e-17 1.984827351015728750e-18
7.307547725383881698e+03 4.941423325586289712e-17 2.003539335018881890e-18
7.312429836637857079e+03 7.151113677672637806e-17 2.464667561016076961e-18
7.317311947891832460e+03 7.694474555595786550e-17 1.933821281064016727e-18
7.322194059145807842e+03 8.344015579825218602e-17 2.330004341134868777e-18
7.327076170399783223e+03 7.151534947572218014e-17 2.267382722723143861e-18
7.331958281653758604e+03 8.381670432121037383e-17 2.873253381909070097e-18
7.336840392907733985e+03 5.994355248612188575e-17 2.266937767933450667e-18
7.341722504161709367e+03 6.441169131613129349e-17 2.465108075908775802e-18
7.346604615415684748e+03 5.121798983825322492e-17 1.990605480687034553e-18
7.351486726669660129e+03 3.497472742695160699e-17 1.802749145006365880e-18
7.356368837923635510e+03 3.635042452433260715e-17 2.020003350086427281e-18
7.361250949177610892e+03 4.897475403183214307e-17 2.378503124097619307e-18
7.366133060431586273e+03 7.170034714132602188e-17 3.067797330471609416e-18
7.371015171685561654e+03 1.007696720870419469e-16 2.339811019227517446e-18
7.375897282939537035e+03 1.166654780603028301e-17 2.249823681901247360e-18
7.380779394193512417e+03 6.507871028440065121e-18 2.676810813217959816e-18
7.385661505447487798e+03 -1.218896425338912183e-17 2.485868901360203514e-18
7.390543616701463179e+03 4.671063962764637510e-17 2.690527538867874865e-18
7.395425727955438560e+03 6.508576310494833877e-17 3.443838781479760276e-18
7.400307839209413942e+03 1.363383518021981359e-16 2.854907371829172226e-18
7.405189950463389323e+03 7.790657274719024866e-17 2.901158900996316660e-18
7.410072061717364704e+03 4.539235410333671390e-17 2.309400148421343400e-18
7.414954172971340085e+03 3.202859269990134754e-17 2.365129668696552270e-18
7.419836284225315467e+03 1.287947796721938570e-17 2.539183626646115087e-18
7.424718395479290848e+03 6.132604454109904381e-18 2.837770419709759202e-18
7.429600506733266229e+03 1.227600909978703594e-17 2.451954253942090597e-18
7.434482617987241611e+03 2.816567036375961486e-17 2.348660881577989174e-18
7.439364729241216992e+03 1.217771210046014498e-16 2.294122228576188632e-18
7.444246840495192373e+03 9.115074257943669224e-17 2.431387028724047781e-18
7.449128951749167754e+03 4.708579041693717628e-17 3.051471662425556687e-18
7.454011063003143136e+03 6.710492313687679086e-17 2.714795300316396214e-18
7.458893174257118517e+03 4.090992723849743813e-17 2.264634332132926555e-18
7.463775285511093898e+03 5.324483147683797879e-17 2.435476381141152762e-18
7.468657396765069279e+03 6.765213754502484952e-17 2.072029262487198012e-18
7.473539508019044661e+03 5.637998468320298232e-17 2.487341708505922820e-18
7.478421619273020042e+03 5.432237030425484342e-17 2.455837236366562614e-18
7.483303730526995423e+03 5.249579681106265852e-17 2.575053407074198586e-18
7.488185841780970804e+03 6.702427463853521569e-17 2.434666913630174584e-18
7.493067953034946186e+03 4.829010627925364066e-17 2.084833139946596951e-18
7.497950064288921567e+03 5.935551876744919438e-17 2.168883964602013696e-18
7.502832175542896948e+03 7.497998894489851649e-17 2.576469289292625618e-18
7.507714286796872329e+03 4.309200396854456231e-17 2.363361483694240462e-18
7.512596398050847711e+03 3.386873115458005942e-17 2.372960363226763187e-18
7.517478509304823092e+03 6.817561739431506522e-17 2.372051353505643379e-18
7.522360620558798473e+03 2.989483185781299140e-17 2.636009262556405133e-18
7.527242731812773854e+03 3.565738275537026750e-17 2.089403426716093073e-18
7.532124843066749236e+03 4.077531918217435802e-17 2.067398080466909311e-18
7.537006954320724617e+03 5.980456047688553264e-17 2.167267335870669425e-18
7.541889065574699998e+03 7.123325235684106730e-17 2.286331604316123770e-18
7.546771176828675380e+03 5.947287396397420231e-17 1.994519344266374754e-18
7.551653288082650761e+03 4.171473798688060713e-17 2.173292664509415659e-18
7.556535399336626142e+03 3.716194194104904137e-17 2.182750107052862758e-18
7.561417510590601523e+03 4.155952173394823481e-17 2.235595138531941379e-18
7.566299621844576905e+03 5.031887669268492863e-17 1.967139007523321331e-18
7.571181733098552286e+03 3.801438413923372042e-17 2.421331366681070662e-18
7.576063844352527667e+03 7.485028949799692003e-17 2.576999433718076430e-18
7.580945955606503048e+03 5.640568759058828833e-17 2.611250392837552422e-18
7.585828066860478430e+03 3.099515816849541869e-17 2.520105122870775227e-18
7.590710178114453811e+03 1.581514068055783143e-17 2.418475925551291786e-18
7.595592289368429192e+03 3.893839646874041456e-17 2.317574168267699863e-18
7.600474400622404573e+03 4.310299653863366350e-17 2.434438443169258999e-18
7.605356511876379955e+03 5.857793718090026292e-17 2.897795284039858535e-18
7.610238623130355336e+03 6.938335138674424896e-17 3.119297672149308653e-18
7.615120734384330717e+03 6.438952473826039767e-17 2.685712138714569803e-18
7.620002845638306098e+03 7.900580400143301229e-17 2.766847974526383148e-18
7.624884956892281480e+03 9.019552634317758350e-17 2.579944599490444687e-18
7.629767068146256861e+03 3.425077095672166081e-17 2.259554432132511916e-18
7.634649179400232242e+03 7.933123627633923835e-17 2.280736803962213469e-18
7.639531290654207623e+03 6.530105302907747588e-17 2.500222717758749882e-18
7.644413401908183005e+03 7.001912253762264968e-17 2.202781171841176298e-18
7.649295513162158386e+03 6.381992873573000684e-17 2.237870375363736396e-18
7.654177624416133767e+03 5.101889170071270512e-17 3.104822719346566110e-18
7.659059735670109148e+03 4.420498391757593327e-17 2.376972923699085852e-18
7.663941846924084530e+03 6.426522345575924984e-17 2.230085197833078292e-18
7.668823958178059911e+03 3.220652191203973227e-17 2.385927154150325401e-18
7.673706069432035292e+03 7.093715088945729378e-17 2.231535647629044919e-18
7.678588180686010674e+03 3.787842568611920983e-17 1.948296286215614007e-18
7.683470291939986055e+03 6.712233447762204528e-17 1.953166316245294442e-18
7.688352403193961436e+03 7.854022339377101127e-17 3.070516504076394805e-18
7.693234514447936817e+03 7.509492138756587120e-17 2.443876685109498650e-18
7.698116625701912199e+03 4.917125667464349385e-17 2.231475355083294301e-18
7.702998736955887580e+03 6.029277239404902444e-17 2.362416787024415974e-18
7.707880848209862961e+03 3.671994978100556752e-17 2.252852223414091319e-18
7.712762959463838342e+03 4.351877484403908188e-17 2.192191480403233799e-18
7.717645070717813724e+03 6.464998608947482048e-17 2.885711238849790337e-18
7.722527181971789105e+03 7.136860309907705112e-17 2.914267811401328598e-18
7.727409293225764486e+03 3.142986697080717467e-17 2.891171777003533078e-18
7.732291404479739867e+03 3.004748515929282693e-17 2.544005183088971555e-18
7.737173515733715249e+03 3.422581007847389822e-17 2.447693354219826460e-18
7.742055626987690630e+03 3.643713274010369434e-17 2.583449823985055682e-18
7.746937738241666011e+03 6.382346927910822415e-17 2.519453395636697380e-18
7.751819849495641392e+03 4.786019049514646218e-17 2.285762811844774707e-18
7.756701960749616774e+03 7.189805273421364133e-17 2.816983122007081437e-18
7.761584072003592155e+03 6.370580783668242681e-17 2.439014758411523304e-18
7.766466183257567536e+03 4.964857396305731080e-17 2.340059702406320201e-18
7.771348294511542917e+03 6.457405312430263907e-17 2.800272569865949075e-18
7.776230405765518299e+03 4.058121220792444270e-17 2.540860273658555854e-18
7.781112517019493680e+03 2.684140840929493889e-17 2.697699254844922024e-18
7.785994628273469061e+03 -1.988318539228725491e-17 3.288749947934392865e-18
7.790876739527444443e+03 2.190878740142706055e-17 3.634622087546640749e-18
7.795758850781419824e+03 2.064238656219525601e-17 2.946434359983055402e-18
7.800640962035395205e+03 5.413445202899961145e-17 2.164995860063573121e-18
7.805523073289370586e+03 5.964877121535404730e-17 2.140418189623921001e-18
7.810405184543345968e+03 4.124158518069231642e-17 2.759765641110818223e-18
7.815287295797321349e+03 3.061944576956370633e-19 3.062079351386532638e-18
7.820169407051296730e+03 7.638027445047802214e-17 2.976364070900472436e-18
7.825051518305272111e+03 3.532123161172927171e-17 2.696894925062224569e-18
7.829933629559247493e+03 1.320118048367493474e-17 2.843294225435496410e-18
7.834815740813222874e+03 3.336953066584920693e-17 2.900486627683096084e-18
7.839697852067198255e+03 1.227758122497844948e-17 2.849695688049209765e-18
7.844579963321173636e+03 2.353665579388671121e-17 2.756718009978467037e-18
7.849462074575149018e+03 5.321851029421387603e-20 3.445621958229195720e-18
7.854344185829124399e+03 -8.187403743472905700e-18 3.247137675314282475e-18
7.859226297083099780e+03 1.186953417777404999e-17 3.108293322451166534e-18
7.864108408337075161e+03 6.953269872769901317e-17 2.825167334308178043e-18
7.868990519591050543e+03 5.386000950123416284e-17 3.055016798641123575e-18
7.873872630845025924e+03 4.706235938353434220e-17 3.248324487505774331e-18
7.878754742099001305e+03 9.291288951348003293e-17 2.633745108056443939e-18
7.883636853352976686e+03 7.004023258034430752e-17 2.599277381248666010e-18
7.888518964606952068e+03 7.020867188602776119e-17 2.696281652578285630e-18
7.893401075860927449e+03 5.971202234195989583e-17 3.411945185841317597e-18
7.898283187114902830e+03 2.199353753958396353e-17 2.907274982286781842e-18
7.903165298368878211e+03 4.104942485590858516e-17 2.879960391065618385e-18
7.908047409622853593e+03 6.272323248188789793e-17 2.845275697162045419e-18
7.912929520876828974e+03 7.588303240735619622e-17 2.749405112928851377e-18
7.917811632130804355e+03 9.018997473705393400e-17 3.289019832484023455e-18
7.922693743384779737e+03 3.386838103683304274e-17 3.110085835110170846e-18
7.927575854638755118e+03 4.028740353239248778e-17 3.292517537981158059e-18
7.932457965892730499e+03 -8.249106113132465690e-18 3.014706716510754547e-18
7.937340077146705880e+03 1.263281856638399383e-17 2.496206990396744672e-18
7.942222188400681262e+03 3.267041275240911440e-17 3.061430815304602566e-18
7.947104299654656643e+03 3.858929748628582467e-17 3.505197052880189496e-18
7.951986410908632024e+03 2.060637305085627644e-17 3.352732567763420431e-18
7.956868522162607405e+03 4.644925635457304710e-17 3.091518849933701981e-18
7.961750633416582787e+03 3.687951403647609722e-17 2.743522357020570884e-18
7.966632744670558168e+03 3.822621297972607967e-17 2.887407256467775869e-18
7.971514855924533549e+03 5.666449783813589285e-17 2.707610996818381610e-18
7.976396967178508930e+03 4.073608958960361773e-17 3.039896260161384535e-18
7.981279078432484312e+03 1.477216554473136823e-17 3.548252007905538900e-18
7.986161189686459693e+03 2.983978705560703853e-17 3.438129446476776421e-18
7.991043300940435074e+03 1.986366728230745738e-17 2.771850620602101504e-18
7.995925412194410455e+03 6.569732136236649538e-17 3.316005700943477630e-18
8.000807523448385837e+03 8.868072640788456733e-17 3.295946610052752244e-18
8.005689634702361218e+03 1.254688701923836031e-16 3.407693539566629175e-18
8.010571745956336599e+03 1.335116491932881318e-16 3.927865064689395161e-18
8.015453857210311980e+03 7.221830388297736111e-17 3.411450477738602755e-18
8.020335968464287362e+03 6.226723181548937318e-17 2.606510794887815718e-18
8.025218079718262743e+03 5.088876036322704201e-17 2.561289357463655189e-18
8.030100190972238124e+03 5.768250862545318527e-17 2.741622686071762818e-18
8.034982302226213505e+03 5.532938867660940088e-17 2.935686091654180989e-18
8.039864413480188887e+03 6.885524275645861114e-17 3.040516816785078663e-18
8.044746524734164268e+03 2.096429572693622662e-17 3.041205363538466881e-18
8.049628635988139649e+03 5.778313170122724457e-17 3.179112134695527649e-18
8.054510747242115031e+03 3.723502248330700533e-17 2.609098677583589721e-18
8.059392858496090412e+03 4.866421427773454506e-17 2.662635419336067748e-18
8.064274969750065793e+03 4.982172819765469797e-17 3.063049502132207730e-18
8.069157081004041174e+03 6.886586414071678203e-17 2.601240472416934511e-18
8.074039192258016556e+03 5.458198557809609700e-17 2.787315366242766302e-18
8.078921303511991937e+03 4.218960352560452667e-17 2.610695090902403896e-18
8.083803414765967318e+03 7.437855281024098776e-17 3.442909044877137709e-18
8.088685526019942699e+03 4.849612474913584777e-17 3.870538999553940528e-18
8.093567637273918081e+03 5.158182245801815059e-17 3.366797295002852818e-18
8.098449748527893462e+03 4.804299084971847138e-17 3.789156477509648280e-18
8.103331859781868843e+03 4.567431564471087067e-17 3.650196175809759573e-18
8.108213971035844224e+03 1.966961371637715771e-17 3.648037696579635095e-18
8.113096082289819606e+03 4.081665533042032032e-17 3.972021610450226901e-18
8.117978193543794987e+03 1.867073180329900945e-17 4.031268310156234586e-18
8.122860304797770368e+03 2.324496235080363348e-17 3.641538779224558052e-18
8.127742416051745749e+03 3.626966916561159586e-17 4.129160023555503563e-18
8.132624527305721131e+03 5.054133192711724637e-17 4.892671496996778243e-18
8.137506638559696512e+03 1.164434263516343977e-16 5.221451730845227292e-18
8.142388749813671893e+03 2.491048439123254164e-17 8.033923672284129571e-18
8.147270861067647274e+03 8.751819710647848213e-17 4.567858001044880038e-18
8.152152972321622656e+03 4.146502895513311903e-18 3.929101783640016179e-18
8.157035083575598037e+03 2.031452922944185186e-18 4.926217732927796066e-18
8.161917194829573418e+03 2.263201138371403013e-17 3.803503495329245916e-18
8.166799306083548800e+03 8.332641055525995841e-17 4.416717046427077320e-18
8.171681417337524181e+03 4.548180828429135712e-17 3.550177955064830914e-18
8.176563528591499562e+03 8.433420984736140534e-19 4.656710395043629191e-18
8.181445639845474943e+03 2.308036366311861282e-17 4.043517258354809430e-18
8.186327751099450325e+03 3.748752934119171535e-17 3.406881096115516796e-18
8.191209862353425706e+03 2.514191417122208340e-17 3.052270094337534432e-18
8.196091973607401087e+03 3.016575153790660146e-17 2.958344989223364502e-18
8.200974084861376468e+03 3.078577058825196919e-17 3.243525097595201704e-18
8.205856196115351850e+03 5.503172826843761160e-17 3.559670720128200680e-18
8.210738307369327231e+03 6.598280934124285591e-17 4.035545209085142590e-18
8.215620418623302612e+03 3.709350422264665228e-17 3.772769738939285915e-18
8.220502529877277993e+03 6.011697167927174602e-17 3.239205103684700305e-18
8.225384641131253375e+03 5.655008413828400499e-17 3.461081977373790929e-18
8.230266752385228756e+03 5.427445168055331010e-17 3.127104512200100041e-18
8.235148863639204137e+03 5.415430366561125119e-17 3.325726941268315161e-18
8.240030974893179518e+03 3.931581978966228000e-17 6.149551665062861062e-18
8.244913086147154900e+03 5.707169896490282963e-17 4.213865704956565139e-18
8.249795197401130281e+03 4.725883759660283044e-17 4.403505994220180107e-18
8.254677308655105662e+03 2.678436849052702674e-17 5.825594383876938796e-18
8.259559419909081043e+03 1.206302476505107272e-17 4.830078348145399635e-18
8.264441531163056425e+03 5.221505228142959222e-17 3.861727518464239825e-18
8.269323642417031806e+03 4.334612669601999514e-17 4.625608980177660042e-18
8.274205753671007187e+03 2.143978105677153730e-17 4.028269595225686945e-18
8.279087864924982568e+03 6.684011364441180272e-17 4.021866978597541971e-18
8.283969976178957950e+03 7.685311310713683693e-17 3.764600478866714992e-18
8.288852087432933331e+03 2.452705717693724594e-17 4.462283056119400278e-18
8.293734198686908712e+03 2.485972101515885677e-17 4.462136732434168153e-18
8.298616309940884094e+03 4.636477431326565607e-17 4.533826629046344918e-18
8.303498421194859475e+03 1.422844586240859444e-16 4.241362008941027003e-18
8.308380532448834856e+03 1.343596195333509067e-16 4.265211811788829521e-18
8.313262643702810237e+03 5.893538600362324031e-17 4.105654057113086344e-18
8.318144754956785619e+03 5.691858463872315683e-17 3.727164139288705061e-18
8.323026866210761000e+03 4.189720355010383460e-17 3.980871627967084132e-18
8.327908977464736381e+03 9.357363632004077414e-18 3.580114370102265043e-18
8.332791088718711762e+03 1.139517875264955422e-17 4.715065921849899067e-18
8.337673199972687144e+03 3.069404420918456607e-18 4.044830362812805294e-18
8.342555311226662525e+03 1.697520405127466151e-17 3.950128744228402129e-18
8.347437422480637906e+03 2.892038500176968793e-17 3.948487583443620540e-18
8.352319533734613287e+03 2.605337404238979584e-17 4.291601580333490421e-18
8.357201644988588669e+03 2.541322212769390827e-17 3.732560773569713216e-18
8.362083756242564050e+03 4.980637100081290628e-17 4.014211506160679687e-18
8.366965867496539431e+03 5.399470566618741420e-17 3.778487045048221458e-18
8.371847978750514812e+03 3.613513302104451527e-17 4.903413249268180252e-18
8.376730090004490194e+03 4.006320499502445110e-17 4.251277945145375026e-18
8.381612201258465575e+03 3.282725004379973063e-17 4.661322119246546389e-18
8.386494312512440956e+03 3.483407653137764672e-17 4.194523872371708826e-18
8.391376423766416337e+03 2.767937372099052088e-17 4.217027799662718172e-18
8.396258535020391719e+03 5.439880694697632157e-17 6.729574108216182011e-18
8.401140646274367100e+03 5.014448569282764064e-17 4.331032338689592745e-18
8.406022757528342481e+03 4.626497991865953719e-17 4.011974735809685299e-18
8.410904868782317862e+03 5.079976639029120192e-17 3.910307955212785576e-18
8.415786980036293244e+03 8.678803686779959530e-18 4.437004238047309187e-18
8.420669091290268625e+03 2.330314905635178536e-17 3.328955620506117942e-18
8.425551202544244006e+03 2.974400572215444234e-17 3.359703988535197015e-18
8.430433313798219388e+03 1.684765652186842354e-17 3.528115215440078081e-18
8.435315425052194769e+03 2.116318752683233710e-17 3.671752254951802189e-18
8.440197536306170150e+03 3.232259289739236868e-17 3.846508498270413217e-18
8.445079647560145531e+03 -9.260266912228991320e-18 4.158648477471524394e-18
8.449961758814120913e+03 1.061313171735552519e-16 5.026952480084082074e-18
8.454843870068096294e+03 3.907538014606330798e-17 4.128265029460945702e-18
8.459725981322071675e+03 2.145992974571040843e-17 4.092688353633934155e-18
8.464608092576047056e+03 4.890985425428484749e-17 4.277507329156019318e-18
8.469490203830022438e+03 3.522432948592432567e-17 4.360514420567401313e-18
8.474372315083997819e+03 4.518187684150029697e-17 3.925805470635015601e-18
8.479254426337973200e+03 7.692302163677683676e-17 4.641299797903611434e-18
8.484136537591948581e+03 7.642568021631733805e-17 5.166542524573428061e-18
8.489018648845923963e+03 2.966980060809827505e-17 4.107181609085817373e-18
8.493900760099899344e+03 1.158968325934537489e-17 3.610291243326615763e-18
8.498782871353874725e+03 1.753765230163208881e-17 3.719327136330704204e-18
8.503664982607850106e+03 1.187668711346775073e-17 3.647121347643378278e-18
8.508547093861825488e+03 2.600546978717310702e-17 3.120299525244344110e-18
8.513429205115800869e+03 2.493435770387908907e-17 3.645371251957874620e-18
8.518311316369776250e+03 3.636013785145167786e-17 4.078869533356281741e-18
8.523193427623751631e+03 2.488972529560472508e-17 4.030881452995516157e-18
8.528075538877727013e+03 1.551703734747135980e-17 4.329217005634754317e-18
8.532957650131702394e+03 2.405687078417343157e-17 4.240425180830055587e-18
8.537839761385677775e+03 3.452850523113612343e-17 3.984592825220493136e-18
8.542721872639653157e+03 5.215698694618220428e-17 5.267623206182925370e-18
8.547603983893628538e+03 2.756467518437933237e-17 4.190135642572695849e-18
8.552486095147603919e+03 7.219314083573644427e-18 4.105954999357821737e-18
8.557368206401579300e+03 4.571452698995596756e-18 3.927340207176179515e-18
8.562250317655554682e+03 3.310700503052190993e-17 4.078102346266960338e-18
8.567132428909530063e+03 1.788952520132168061e-17 3.613866946046576005e-18
8.572014540163505444e+03 3.954226534643172823e-18 3.583618501911891613e-18
8.576896651417480825e+03 -1.213254322768132697e-17 3.961376513449420036e-18
8.581778762671456207e+03 3.454448918715241854e-17 4.119463692546060702e-18
8.586660873925431588e+03 5.853464619995713003e-17 3.291165634218495157e-18
8.591542985179406969e+03 6.102347833259566797e-17 3.468511320182234911e-18
8.596425096433382350e+03 5.232226885346324646e-17 4.105354128353372970e-18
8.601307207687357732e+03 2.129058398000260244e-17 3.566724533727847418e-18
8.606189318941333113e+03 5.711727710237887753e-17 4.262859287426847865e-18
8.611071430195308494e+03 2.028152309851239270e-17 4.142538169257456607e-18
8.615953541449283875e+03 1.189019106998230364e-17 3.868651697387131594e-18
8.620835652703259257e+03 3.804677703395781853e-17 4.110472057777901029e-18
8.625717763957234638e+03 1.110968927355216315e-17 3.414838396836766161e-18
8.630599875211210019e+03 3.121787695380825102e-17 3.899321083130227943e-18
8.635481986465185400e+03 4.375515098030625435e-17 4.250611722584950749e-18
8.640364097719160782e+03 3.272330175562214323e-17 3.545972741514871184e-18
8.645246208973136163e+03 3.819395196985932333e-17 3.515763854128929767e-18
8.650128320227111544e+03 5.713104935435634762e-17 3.301362832226381141e-18
8.655010431481086925e+03 6.112142709174001162e-17 5.224589349590884518e-18
8.659892542735062307e+03 5.191790768746010025e-17 4.478445868917795882e-18
8.664774653989037688e+03 4.015019572830809475e-17 3.842719018712331047e-18
8.669656765243013069e+03 3.751999911387012685e-17 4.204003818814222083e-18
8.674538876496988451e+03 2.440497055003609339e-17 5.098087102425411857e-18
8.679420987750963832e+03 7.879289042270109920e-17 5.641808524274573541e-18
8.684303099004939213e+03 1.002880473955938329e-16 5.225178750148924948e-18
8.689185210258914594e+03 5.037551821988756504e-17 3.333084298376687389e-18
8.694067321512889976e+03 3.193402312188162531e-17 3.480507672671610629e-18
8.698949432766865357e+03 6.468659609470192685e-17 3.418933742825047037e-18
8.703831544020840738e+03 4.443841842945461923e-17 4.003711826748274934e-18
8.708713655274816119e+03 2.756329225296928309e-17 3.727093311949481669e-18
8.713595766528791501e+03 1.353395202587847040e-17 3.676747260473909133e-18
8.718477877782766882e+03 -3.079155379644850928e-18 3.375976820255650784e-18
8.723359989036742263e+03 1.129932180914910288e-17 3.060849432792615410e-18
8.728242100290717644e+03 2.960850260159067253e-17 3.414595015423060051e-18
8.733124211544693026e+03 4.970319215830949387e-17 3.618970531648250874e-18
8.738006322798668407e+03 4.724641539415742236e-17 3.986830544466348937e-18
8.742888434052643788e+03 3.065549408143960686e-17 4.254551886348078310e-18
8.747770545306619169e+03 2.911392058546122805e-17 3.822523471079962824e-18
8.752652656560594551e+03 5.770363997125565024e-17 4.331192398566592635e-18
8.757534767814569932e+03 3.971510475142267621e-17 4.216267090858912495e-18
8.762416879068545313e+03 5.594736721663467460e-17 3.222545411457268740e-18
8.767298990322520694e+03 4.246432298688266618e-17 3.497999604127718610e-18
8.772181101576496076e+03 3.660656193851273965e-17 3.081973010984368815e-18
8.777063212830471457e+03 3.758547264438190772e-17 4.324448606202126629e-18
8.781945324084446838e+03 5.225772497193422158e-17 4.509335198116398404e-18
8.786827435338422220e+03 3.490136723854059281e-17 5.658317598422489005e-18
8.791709546592397601e+03 1.043930860834838256e-18 6.039883557747494144e-18
8.796591657846372982e+03 1.346019670552401280e-17 5.083739122500374546e-18
8.801473769100348363e+03 2.482899766869251027e-18 4.297794308924606726e-18
8.806355880354323745e+03 -6.924353705800560051e-19 3.729511291034007039e-18
8.811237991608299126e+03 6.233361863475029735e-18 3.379054312362044149e-18
8.816120102862274507e+03 -1.017471661022673840e-17 4.088130275068889557e-18
8.821002214116249888e+03 2.411120199116711270e-17 3.179671528866098938e-18
8.825884325370225270e+03 2.559051376367417670e-17 3.300425223019009713e-18
8.830766436624200651e+03 6.194133062650059463e-17 3.368810069669414749e-18
8.835648547878176032e+03 4.765474536865861716e-17 3.226185925687040260e-18
8.840530659132151413e+03 2.045652854371401647e-17 3.971349636796380661e-18
8.845412770386126795e+03 1.193651173179437803e-17 3.367662287544836129e-18
8.850294881640102176e+03 2.787361265894068760e-17 3.275295054799496927e-18
8.855176992894077557e+03 5.963546073064996931e-17 4.241658404763446577e-18
8.860059104148052938e+03 4.429867066008207326e-17 4.000125478101087104e-18
8.864941215402028320e+03 2.212353080616061118e-17 3.363195577908153973e-18
8.869823326656003701e+03 4.075716775289886567e-17 3.861440492706326488e-18
8.874705437909979082e+03 7.480436524194930280e-17 3.259026122777095421e-18
8.879587549163954463e+03 4.222776486834990602e-17 3.786016039713999345e-18
8.884469660417929845e+03 5.444194380428515328e-17 3.786086620069794220e-18
8.889351771671905226e+03 2.342872877589017784e-17 4.240401205783028879e-18
8.894233882925880607e+03 -8.956699887784518779e-18 4.975139624592966960e-18
8.899115994179855988e+03 -2.103417267798719518e-17 5.182186555998477438e-18
8.903998105433831370e+03 -4.421106829741280929e-18 4.184562844568919711e-18
8.908880216687806751e+03 5.387990239231557349e-17 3.795277151790799424e-18
8.913762327941782132e+03 4.934366600752714284e-17 4.072324846643600007e-18
8.918644439195757514e+03 2.732054164822773072e-17 4.279683136361704383e-18
8.923526550449732895e+03 2.295510496318382874e-17 4.810694910146240227e-18
8.928408661703708276e+03 -8.584160428805544584e-18 3.760753876345171196e-18
8.933290772957683657e+03 -2.014433563423941134e-18 3.405971405393037023e-18
8.938172884211659039e+03 1.497964017071559713e-17 4.580020424755367972e-18
8.943054995465634420e+03 1.711531993994616978e-17 3.113689632323716180e-18
8.947937106719609801e+03 -1.365522375218796842e-18 3.305706666665198352e-18
8.952819217973585182e+03 1.930263924667136496e-18 4.193535260210766147e-18
8.957701329227560564e+03 1.692238857201477194e-17 3.376623964298677665e-18
8.962583440481535945e+03 3.559192833162783494e-17 3.838256507624809301e-18
8.967465551735511326e+03 3.684741349589742606e-17 4.222206529253773128e-18
8.972347662989486707e+03 4.341446427072841162e-17 4.859232367622157299e-18
8.977229774243462089e+03 2.654191011311765895e-17 3.917498569225950357e-18
8.982111885497437470e+03 3.696740682156737377e-17 4.200698769439375194e-18
8.986993996751412851e+03 4.093637738112332528e-17 3.871420807307403222e-18
8.991876108005388232e+03 2.388300486784067252e-17 3.436535131590998117e-18
8.996758219259363614e+03 6.421015443423888985e-17 4.319025587789839305e-18
9.001640330513338995e+03 3.027019120624255059e-17 3.530879544216823372e-18
9.006522441767314376e+03 1.712429166581396562e-17 4.405089043329525415e-18
9.011404553021289757e+03 5.641891140787598924e-17 3.401609859409054818e-18
9.016286664275265139e+03 3.657382957858378934e-17 3.713991018916825381e-18
9.021168775529240520e+03 3.487439654034168345e-17 3.866747444760129436e-18
9.026050886783215901e+03 4.109610468896416010e-17 3.481707652040477874e-18
9.030932998037191282e+03 3.142853526526699507e-17 3.881088861357208334e-18
9.035815109291166664e+03 2.623924583775997316e-17 3.468295886895405150e-18
9.040697220545142045e+03 4.089116768394442554e-17 3.832688576484881762e-18
9.045579331799117426e+03 1.937406173342545364e-17 3.563711795302860257e-18
9.050461443053092808e+03 3.908849802559056212e-17 3.836651202783038746e-18
9.055343554307068189e+03 3.563730174472539344e-17 4.099484096599102933e-18
9.060225665561043570e+03 1.992165537865114189e-17 3.698400659593787260e-18
9.065107776815018951e+03 -2.058828589053419485e-17 4.978073715101347281e-18
9.069989888068994333e+03 -1.584223136865917017e-17 6.153652880612313485e-18
9.074871999322969714e+03 3.656159071856893032e-17 4.837313122547005823e-18
9.079754110576945095e+03 3.699009592966439800e-17 4.056502401130553087e-18
9.084636221830920476e+03 4.251409521167089466e-17 4.787646389252635146e-18
9.089518333084895858e+03 4.322035436688723169e-17 4.125580018925110122e-18
9.094400444338871239e+03 3.476011894507740721e-17 4.926633437690355631e-18
9.099282555592846620e+03 4.735880541333755660e-17 4.938602747349349417e-18
9.104164666846822001e+03 5.219084938643549871e-17 5.211826654086024738e-18
9.109046778100797383e+03 5.873961334884157656e-17 4.414380832297541022e-18
9.113928889354772764e+03 5.095139169314185849e-17 3.905495938946091142e-18
9.118811000608748145e+03 5.549491022578798417e-17 3.244295986978501234e-18
9.123693111862723526e+03 3.442642411978293350e-17 3.964100344913580751e-18
9.128575223116698908e+03 3.420346773380832465e-17 3.848053010037221361e-18
9.133457334370674289e+03 4.428285374770196129e-17 3.623602720987646032e-18
9.138339445624649670e+03 2.614186466645103837e-17 3.360463782282740030e-18
9.143221556878625051e+03 1.965967273892352167e-17 3.682553591259408034e-18
9.148103668132600433e+03 9.697299723530226589e-18 3.614373869633937828e-18
9.152985779386575814e+03 1.601795004371382299e-17 5.022432266776867029e-18
9.157867890640551195e+03 1.749500082183817045e-17 3.464108665410627217e-18
9.162750001894526577e+03 1.110785681604016857e-17 4.349788893661931824e-18
9.167632113148501958e+03 1.586362837164297998e-17 3.800239671161382358e-18
9.172514224402477339e+03 4.140282681927217350e-17 3.626851769097299072e-18
9.177396335656452720e+03 4.818630722258705948e-17 4.599687891014820677e-18
9.182278446910428102e+03 2.331807910754511930e-17 4.114367886105072612e-18
9.187160558164403483e+03 8.557992530923733627e-17 3.744389644663410146e-18
9.192042669418378864e+03 1.382027678101338877e-16 4.039464240792695239e-18
9.196924780672354245e+03 1.056314051411761955e-16 3.964032902085225437e-18
9.201806891926329627e+03 4.485888010554121510e-17 3.863820821553483272e-18
9.206689003180305008e+03 3.251345040580644174e-17 4.376528534161437120e-18
9.211571114434280389e+03 5.942498367457623451e-17 4.459091892006650452e-18
9.216453225688255770e+03 2.457951868964708148e-17 4.496253257601854076e-18
9.221335336942231152e+03 5.528419960038187836e-18 6.149477716420128731e-18
9.226217448196206533e+03 2.765283208478265427e-17 4.604378266726516061e-18
9.231099559450181914e+03 4.963193406877680768e-17 5.476548260656439278e-18
9.235981670704157295e+03 3.389333418512473434e-17 4.626040807024857046e-18
9.240863781958132677e+03 7.815188748474518353e-17 4.928519197273427498e-18
9.245745893212108058e+03 4.119376998081317979e-17 4.067930937949825161e-18
9.250628004466083439e+03 3.547281222646507473e-17 4.802286611593416033e-18
9.255510115720058820e+03 5.909724789134197979e-17 5.142388464605778627e-18
9.260392226974034202e+03 5.101323004753383058e-17 5.952356487094643558e-18
9.265274338228009583e+03 2.122500103547134220e-16 4.569193001705626543e-18
9.270156449481984964e+03 3.947635906871314724e-17 4.327653309586001225e-18
9.275038560735960345e+03 4.402831598377685365e-17 4.427432256325890315e-18
9.279920671989935727e+03 3.322441790923925778e-17 3.796115836728005579e-18
9.284802783243911108e+03 4.171383735762088341e-17 3.539036753695084158e-18
9.289684894497886489e+03 1.544872632592236627e-17 3.454111541347979244e-18
9.294567005751861871e+03 3.928746411747060760e-17 3.711475015852903035e-18
9.299449117005837252e+03 7.647533402155278666e-18 3.871378856898471968e-18
9.304331228259812633e+03 3.014462485920986257e-17 4.223370415056080913e-18
9.309213339513788014e+03 9.210838477855424094e-18 6.418588608657030194e-18
9.314095450767763396e+03 3.037699713828391101e-19 5.134449685874940098e-18
9.318977562021738777e+03 2.312400161351309645e-17 4.523920854418511781e-18
9.323859673275714158e+03 3.888360722053692188e-17 4.582438854113630707e-18
9.328741784529689539e+03 3.510686105281052572e-17 4.265965879927695687e-18
9.333623895783664921e+03 4.124020458115361770e-17 4.848721773289609866e-18
9.338506007037640302e+03 4.423053844016425573e-17 4.301688872356865144e-18
9.343388118291615683e+03 6.943563315821848663e-17 3.843204676545773870e-18
9.348270229545591064e+03 7.132480327744739833e-17 4.562264070748687368e-18
9.353152340799566446e+03 6.072793674435135111e-17 4.059838680581946439e-18
9.358034452053541827e+03 9.515203107978388721e-18 5.080968463634060903e-18
9.362916563307517208e+03 7.315578954457251307e-17 4.521446411127713981e-18
9.367798674561492589e+03 4.489313262372961349e-17 3.701437671711224965e-18
9.372680785815467971e+03 2.228592729990451990e-17 4.275914105237094477e-18
9.377562897069443352e+03 3.440637095228155967e-17 4.983655127675212661e-18
9.382445008323418733e+03 1.790905216156952483e-17 6.701582379180840085e-18
9.387327119577394114e+03 2.990929375319758564e-17 5.460140922880219068e-18
9.392209230831369496e+03 2.243531637780847640e-17 5.264188089450270558e-18
9.397091342085344877e+03 1.587528127314419991e-17 4.100031672135541404e-18
9.401973453339320258e+03 2.728189819914017695e-17 4.527366339426693734e-18
9.406855564593295639e+03 2.083865277125659150e-17 4.775429948043822753e-18
9.411737675847271021e+03 1.826045312296507011e-17 5.655451964400253488e-18
9.416619787101246402e+03 3.231425901368246489e-18 6.306971950914865266e-18
9.421501898355221783e+03 2.440741283150636401e-17 5.590943439691374630e-18
9.426384009609197165e+03 2.100655150323232845e-18 5.644533990513087738e-18
9.431266120863172546e+03 3.495411556899915087e-17 6.061947339024277930e-18
9.436148232117147927e+03 5.736185200522315759e-17 6.141319419818076337e-18
9.441030343371123308e+03 2.080860516532287820e-17 4.505133552455086170e-18
9.445912454625098690e+03 6.364564780023315476e-17 5.466159221679086636e-18
9.450794565879074071e+03 3.077641832596528809e-17 5.178268862076460025e-18
9.455676677133049452e+03 1.503855147361110592e-17 4.736515646553009271e-18
9.460558788387024833e+03 4.623063435792641027e-17 5.172249851564542013e-18
9.465440899641000215e+03 2.201154311537347671e-17 5.517911588949906768e-18
9.470323010894975596e+03 5.429049477734659820e-17 5.637821631736762541e-18
9.475205122148950977e+03 2.660529439454641010e-17 5.274667867455604152e-18
9.480087233402926358e+03 2.691743164097645472e-17 5.899813717007570337e-18
9.484969344656901740e+03 -2.587074418388554687e-17 6.840820876978407923e-18
9.489851455910877121e+03 -1.205522785464636527e-17 6.213437371486245255e-18
9.494733567164852502e+03 5.705931238669876515e-17 7.178900009247033297e-18
9.499615678418827883e+03 8.679048321686989101e-17 8.065980251595285600e-18
9.504497789672803265e+03 1.200689173627259633e-17 6.319341744019900459e-18
9.509379900926778646e+03 -1.569672987375583239e-18 5.702706724659353998e-18
9.514262012180754027e+03 -2.160044536861901840e-17 5.127099917288821800e-18
9.519144123434729408e+03 2.129950223045111912e-18 5.867079487530389541e-18
9.524026234688704790e+03 -7.354113274341448109e-18 5.738428756591148232e-18
9.528908345942680171e+03 5.727272498039188273e-17 5.981869899686875474e-18
9.533790457196655552e+03 7.418519247977294703e-17 5.023940358974788396e-18
9.538672568450630934e+03 4.554767538108216940e-17 4.663952933614905635e-18
9.543554679704606315e+03 4.778363813854346733e-17 3.958024043751013781e-18
9.548436790958581696e+03 4.507745938760446144e-17 4.706339467369932804e-18
9.553318902212557077e+03 7.096825635126061734e-17 6.261192247377178256e-18
9.558201013466532459e+03 8.517760558540630483e-17 6.228385729301370240e-18
9.563083124720507840e+03 3.734078257866848911e-17 6.003871762363752643e-18
9.567965235974483221e+03 1.897807706853634909e-17 6.901746626512763847e-18
9.572847347228458602e+03 1.627531026957763716e-17 5.940402726094222192e-18
9.577729458482433984e+03 2.242683083651069460e-17 4.958293102663407821e-18
9.582611569736409365e+03 2.057565115250216945e-17 5.619770114381503970e-18
9.587493680990384746e+03 1.907858515714189267e-17 7.408672223718585661e-18
9.592375792244360127e+03 1.177456117816591706e-18 5.295990869233371125e-18
9.597257903498335509e+03 4.371401710775385098e-17 6.188211757513809196e-18
9.602140014752310890e+03 -9.786982741136168534e-18 6.930279768260426166e-18
9.607022126006286271e+03 5.465569005882579815e-18 5.932119745986091010e-18
9.611904237260261652e+03 1.837025141263352820e-17 5.375907374766641320e-18
9.616786348514237034e+03 8.926280078119192852e-17 6.181265647328285395e-18
9.621668459768212415e+03 1.121705438640719810e-16 5.514889142961871252e-18
9.626550571022187796e+03 8.463900787348000744e-17 5.210162553429747895e-18
9.631432682276163177e+03 1.456208363742636969e-16 4.879834343935006532e-18
9.636314793530138559e+03 2.124917643591972479e-16 4.997580402516118990e-18
9.641196904784113940e+03 4.891200009722146110e-17 5.164138687247730540e-18
9.646079016038089321e+03 2.711106355391602962e-18 5.264423612243752956e-18
9.650961127292064702e+03 9.316141335516580016e-18 6.594124941254762093e-18
9.655843238546040084e+03 1.293162386649974378e-16 6.356554492471591853e-18
9.660725349800015465e+03 7.420332494647863057e-17 6.594253772814584881e-18
9.665607461053990846e+03 3.842023672715554506e-17 6.262460361787923640e-18
9.670489572307966228e+03 5.613751537035121534e-17 5.645934920040621070e-18
9.675371683561941609e+03 2.661794676529252069e-17 5.282584071004405598e-18
9.680253794815916990e+03 4.586442150249792675e-17 5.905854584924192290e-18
9.685135906069892371e+03 1.512465166287660327e-17 7.545489234129992012e-18
9.690018017323867753e+03 3.702991356787066414e-17 7.283014116225131062e-18
9.694900128577843134e+03 9.630339879279443957e-18 6.838899933701298279e-18
9.699782239831818515e+03 6.805859743715260083e-18 8.237689292649615330e-18
9.704664351085793896e+03 2.150148074232171069e-17 5.444020043754834880e-18
9.709546462339769278e+03 -4.286500256994384225e-19 5.543916742708162037e-18
9.714428573593744659e+03 7.037336314283148814e-18 6.651877920548607413e-18
9.719310684847720040e+03 6.163089594510087506e-18 7.507859655427562078e-18
9.724192796101695421e+03 3.961559612502168008e-17 6.406806580808361560e-18
9.729074907355670803e+03 3.388466773785663692e-17 7.656747782247567275e-18
9.733957018609646184e+03 1.058681152203145422e-16 7.351005076597485904e-18
9.738839129863621565e+03 1.812262221433143816e-17 6.551545147051148948e-18
9.743721241117596946e+03 7.212822918873735440e-17 9.753266914959504302e-18
9.748603352371572328e+03 1.620603329127697530e-17 7.658030399833143316e-18
9.753485463625547709e+03 3.402492093452857433e-17 8.111386575542777326e-18
9.758367574879523090e+03 1.715684624697143705e-18 7.704863216693739023e-18
9.763249686133498471e+03 6.551656528152407475e-17 9.769691363037217765e-18
9.768131797387473853e+03 2.063781997837122349e-17 9.011815570014591036e-18
9.773013908641449234e+03 -1.180458652985533151e-18 7.135609879321261005e-18
9.777896019895424615e+03 3.273691609954914192e-17 8.541904388537880769e-18
9.782778131149399997e+03 9.741314353193924404e-18 6.012095264119623522e-18
9.787660242403375378e+03 -2.634834266658082252e-17 6.390575422147101687e-18
9.792542353657350759e+03 2.115005865566034404e-17 7.521391674434260154e-18
9.797424464911326140e+03 -6.981494088281632697e-18 6.892976426953856914e-18
9.802306576165301522e+03 1.911953466795944983e-18 7.419823095026781616e-18
9.807188687419276903e+03 2.121484716644372755e-17 8.041619144745812202e-18
9.812070798673252284e+03 3.553156946321901978e-17 7.084128768708663886e-18
9.816952909927227665e+03 1.352240358441375945e-17 7.183322320364092087e-18
9.821835021181203047e+03 -2.635308184392507007e-17 7.043453381194906736e-18
9.826717132435178428e+03 -5.882974189475208712e-17 7.745865443055214690e-18
9.831599243689153809e+03 2.525599671832718914e-18 5.924927284748616581e-18
9.836481354943129190e+03 4.017070664477373382e-17 6.287374291295041074e-18
9.841363466197104572e+03 2.333991668426794093e-17 6.053121440661268797e-18
9.846245577451079953e+03 3.143651647992489771e-17 5.940495602888862951e-18
9.851127688705055334e+03 1.382423149607320296e-17 5.794034542751339401e-18
9.856009799959030715e+03 5.752783113006392103e-18 6.826671690740685953e-18
9.860891911213006097e+03 2.852331587103588032e-17 7.787406115777299429e-18
9.865774022466981478e+03 5.717623885726078718e-17 7.317160592943924539e-18
9.870656133720956859e+03 1.339122575833011636e-17 1.117933832565133143e-17
9.875538244974932240e+03 2.040655267787438432e-17 1.334843956429939348e-17
9.880420356228907622e+03 2.891045726653536971e-18 8.376205365854541814e-18
9.885302467482883003e+03 -5.324713841748575910e-18 9.762245154026872778e-18
9.890184578736858384e+03 4.167742114688436939e-17 9.386199541000287152e-18
9.895066689990833765e+03 1.403668807132148842e-16 8.051730441175552698e-18
9.899948801244809147e+03 6.069807268324196762e-17 7.553332883232689175e-18
9.904830912498784528e+03 1.967616647027846237e-17 7.943549858605100977e-18
9.909713023752759909e+03 3.704635512142569907e-18 8.389941856346845124e-18
9.914595135006735291e+03 1.984071749323695624e-17 8.537189098822317643e-18
9.919477246260710672e+03 1.606005014760202863e-17 9.444658881177630751e-18
9.924359357514686053e+03 -2.294533700530595507e-17 1.092005144540642572e-17
9.929241468768661434e+03 -1.350652805197398666e-17 9.196517579958728991e-18
9.934123580022636816e+03 -1.260425739075890851e-17 9.728320581061757424e-18
9.939005691276612197e+03 -1.893333101117654384e-17 7.992787510399459601e-18
9.943887802530587578e+03 -1.682848404850900876e-17 8.619263342427726005e-18
9.948769913784562959e+03 9.460736118169148205e-18 7.169477605954613409e-18
9.953652025038538341e+03 -3.931963732497993696e-17 8.815153573522123977e-18
9.958534136292513722e+03 -1.241522335159118507e-17 9.071589798154416529e-18
9.963416247546489103e+03 -2.283766009537267725e-17 8.536845307125225865e-18
9.968298358800464484e+03 -1.517791156249613984e-17 9.081977054271023683e-18
9.973180470054439866e+03 -1.844880875793893743e-17 1.010487316474876380e-17
9.978062581308415247e+03 -2.819898755778420140e-17 1.163138687615749973e-17
9.982944692562390628e+03 2.634044971415028130e-17 1.125339702242944530e-17
9.987826803816366009e+03 3.858084859174850365e-17 9.018470484545621644e-18
9.992708915070341391e+03 4.581733011548653522e-17 1.216504321250471438e-17
9.997591026324316772e+03 -1.176413075775885421e-17 9.412778927431783171e-18
1.000247313757829215e+04 -2.565793993713594887e-18 9.267060670600409634e-18
1.000735524883226753e+04 1.053589437546349947e-17 9.874495944469731001e-18
1.001223736008624292e+04 5.135112757180591507e-17 1.162112587309123627e-17
1.001711947134021830e+04 1.350843750722983227e-17 1.175186592169339510e-17
1.002200158259419368e+04 -1.860615381133704564e-17 1.230983069638473480e-17
1.002688369384816906e+04 7.666749423544323742e-17 1.186885445938221445e-17
1.003176580510214444e+04 -1.120638980329503208e-17 1.255603309108799314e-17
1.003664791635611982e+04 -1.591088979949137734e-17 1.097437910631790438e-17
1.004153002761009520e+04 -1.196037343884701706e-17 1.108380634225389317e-17
1.004641213886407058e+04 -5.105420972710851389e-17 1.238592903467410317e-17
1.005129425011804597e+04 -1.284014109103115109e-17 1.337085092751840105e-17
1.005617636137202135e+04 -2.543181463417372484e-17 1.261952007787376706e-17
1.006105847262599673e+04 5.339662357824074828e-17 1.174004796382943519e-17
1.006594058387997211e+04 1.874507118039515029e-17 1.220114139685476444e-17
1.007082269513394749e+04 -3.166714151359266558e-17 1.084300252314250378e-17
1.007570480638792287e+04 -4.308438874200512334e-17 1.267115940790189579e-17
1.008058691764189825e+04 -2.981667015149025846e-17 1.268173667223258152e-17
1.008546902889587363e+04 -4.045148541404490475e-18 1.299393652620870464e-17
1.009035114014984902e+04 6.852940322666332530e-17 1.433804738379064075e-17
1.009523325140382440e+04 8.238861117992014594e-17 1.406521827876067341e-17
1.010011536265779978e+04 1.727987464522507685e-16 1.444904155679639636e-17
1.010499747391177516e+04 1.478074506869737955e-16 1.292412187742217541e-17
1.010987958516575054e+04 -4.105264736134505620e-17 1.341958431805239352e-17
1.011476169641972592e+04 -3.836472487573316579e-17 1.394223371104783859e-17
1.011964380767370130e+04 -3.804157577505607755e-17 1.313326691910162545e-17
1.012452591892767668e+04 -6.357302825946762770e-17 1.374383153571539711e-17
1.012940803018165207e+04 -3.940754197892308217e-17 1.544068769368766581e-17
1.013429014143562745e+04 1.413703926769904064e-16 2.332557424577864274e-17
1.013917225268960283e+04 -7.446977698247296356e-17 2.223112647644707747e-17
1.014405436394357821e+04 9.424887049861019331e-19 2.439435972762582413e-17
1.014893647519755359e+04 2.912993945018913700e-18 1.496944965087065535e-17
1.015381858645152897e+04 -7.774294503740822229e-17 1.650750465239433243e-17
1.015870069770550435e+04 -7.783657597293003478e-17 1.664110610778403161e-17
1.016358280895947973e+04 -7.946110964162639315e-17 1.731260425115657918e-17
1.016846492021345512e+04 -1.198993560977947151e-16 2.429556551390448337e-17
1.017334703146743050e+04 -5.151692862174497405e-17 2.377934823399618258e-17
1.017822914272140588e+04 -7.403591315692871352e-17 2.161898128517439777e-17
1.018311125397538126e+04 3.983525066479170235e-18 2.557263828731123880e-17
1.018799336522935664e+04 4.080270818136712698e-16 2.583446054204966120e-17
1.019287547648333202e+04 2.597371964818836102e-16 2.380611668108532308e-17
1.019775758773730740e+04 -1.894288618424268598e-16 2.346375558170698861e-17
1.020263969899128278e+04 -5.959498126937701325e-17 2.636880826536548708e-17
1.020752181024525817e+04 -1.429217519447174679e-17 2.840775377060202678e-17
1.021240392149923355e+04 -4.744239422931425675e-20 2.763683748594552175e-17
1.021728603275320893e+04 -4.157877320572132113e-17 2.126559828835468376e-17
1.022216814400718431e+04 -4.775040778458937385e-17 2.156123579600553097e-17
1.022705025526115969e+04 -1.229182300464627553e-16 2.405931432781701827e-17
1.023193236651513507e+04 -2.630893618642639659e-16 2.481840078631970113e-17
1.023681447776911045e+04 1.760735253198926382e-16 2.347093287821529418e-17
1.024169658902308583e+04 -4.210461116707404611e-16 2.929175002209901050e-17
1.024657870027706122e+04 -2.012128157473739024e-16 5.617587635633444232e-17
