# obs_wvl flux error
2.968000000000000000e+03 1.561057496647384052e-14 3.913622135647823116e-15
2.970747102719618852e+03 2.014019025445079301e-14 2.815229553811994680e-15
2.973494205439237703e+03 2.007904882613024969e-14 2.678697114807781467e-15
2.976241308158856555e+03 1.816984964729685774e-14 2.693921372857094406e-15
2.978988410878475406e+03 2.278587596682593545e-14 2.621249732473237691e-15
2.981735513598094258e+03 2.068290136522699693e-14 2.766622501534052761e-15
2.984482616317713109e+03 1.869546899964986906e-14 2.551003647081569215e-15
2.987229719037331961e+03 2.008099329109414449e-14 2.441781920128797773e-15
2.989976821756950812e+03 1.964304889719288478e-14 2.390487954150300063e-15
2.992723924476569664e+03 1.819726232720360777e-14 2.346637050736919882e-15
2.995471027196188516e+03 1.802946302886017838e-14 2.340475796838915321e-15
2.998218129915807367e+03 1.551461661906864268e-14 2.343921180318018839e-15
3.000965232635426219e+03 1.562082789657569349e-14 2.306847645572511102e-15
3.003712335355045070e+03 1.697017316351983704e-14 2.748162294739199480e-15
3.006459438074663922e+03 1.801143888210628708e-14 2.330972985252125018e-15
3.009206540794282773e+03 1.685938231190789423e-14 2.191403136161272967e-15
3.011953643513901625e+03 1.476411296350575098e-14 2.151230166694210161e-15
3.014700746233520476e+03 1.743731782837530735e-14 2.355601393976890402e-15
3.017447848953139328e+03 1.621265800445599660e-14 2.127718662936517399e-15
3.020194951672758179e+03 1.791021517517234348e-14 2.083649908225609114e-15
3.022942054392377031e+03 1.539584821048493234e-14 2.073778835093186323e-15
3.025689157111995883e+03 1.568255224487133007e-14 2.024097303975582454e-15
3.028436259831614734e+03 1.439151952322109903e-14 1.943919032085112430e-15
3.031183362551233586e+03 1.453766996641734267e-14 1.931242784542173620e-15
3.033930465270852437e+03 1.575265769824559256e-14 1.914376872530123373e-15
3.036677567990471289e+03 1.427219871199924698e-14 1.852898741843945429e-15
3.039424670710090140e+03 1.231014220618408070e-14 1.935611037409242461e-15
3.042171773429708992e+03 1.503015445679694456e-14 1.828459353328131834e-15
3.044918876149327843e+03 1.403038823778709598e-14 1.807022727407041250e-15
3.047665978868946695e+03 1.680988084889883297e-14 1.779789963543390901e-15
3.050413081588565547e+03 1.541018292050245641e-14 1.717419423492054035e-15
3.053160184308184398e+03 1.704439688179332026e-14 1.711809343647397815e-15
3.055907287027803250e+03 1.596281928448845708e-14 1.690542470494792101e-15
3.058654389747422101e+03 1.843266223143317293e-14 1.676803427837589599e-15
3.061401492467040953e+03 2.062512327783570367e-14 1.692420522484556373e-15
3.064148595186659804e+03 1.825005207738581715e-14 1.633791902757792369e-15
3.066895697906278656e+03 1.885217631140022581e-14 1.632129678617422080e-15
3.069642800625897507e+03 2.013926410412303186e-14 1.606990145825491938e-15
3.072389903345516359e+03 1.891609610387044719e-14 1.629546970183225149e-15
3.075137006065135211e+03 1.776011849042135963e-14 1.565103655215620006e-15
3.077884108784754062e+03 1.769064174614816056e-14 1.570817623054419715e-15
3.080631211504372914e+03 2.014640674496045649e-14 1.575347250433445099e-15
3.083378314223991765e+03 2.325904055931309707e-14 1.693769121202554818e-15
3.086125416943610617e+03 2.239993606925304812e-14 1.587134051398616934e-15
3.088872519663229468e+03 2.237425429479289114e-14 1.546080961495130928e-15
3.091619622382848320e+03 2.184322595907276154e-14 1.550738084833022779e-15
3.094366725102467171e+03 2.164134763713181864e-14 1.530726684822553364e-15
3.097113827822086023e+03 2.156627094396565338e-14 1.520447351026056952e-15
3.099860930541704874e+03 2.390040495843024953e-14 1.533217441158219150e-15
3.102608033261323726e+03 2.207702894179717100e-14 1.510375348474981543e-15
3.105355135980942578e+03 2.066228689842606048e-14 1.505482613465197038e-15
3.108102238700561429e+03 2.251526211526791310e-14 1.516843234322437529e-15
3.110849341420180281e+03 2.525487447470151090e-14 1.528708874478919853e-15
3.113596444139799132e+03 2.488959191774777003e-14 1.670004554922165351e-15
3.116343546859417984e+03 2.296054406196690852e-14 1.517185866945440903e-15
3.119090649579036835e+03 2.323970657715318691e-14 1.486166002318750311e-15
3.121837752298655687e+03 2.444390809101729884e-14 1.504208969306410250e-15
3.124584855018274538e+03 2.503200320437478663e-14 1.498595187409879952e-15
3.127331957737893390e+03 2.694662589505639780e-14 1.513787459675022395e-15
3.130079060457512242e+03 2.608495524652680027e-14 1.481727304819940340e-15
3.132826163177131093e+03 2.590866261484858796e-14 1.493068301773127126e-15
3.135573265896749945e+03 2.237304992674204407e-14 1.487816394109094655e-15
3.138320368616368796e+03 2.251452479138962067e-14 1.699106580368832841e-15
3.141067471335987648e+03 2.444990694399318580e-14 1.516645776399598472e-15
3.143814574055606499e+03 2.270885497106820414e-14 1.420673319808650016e-15
3.146561676775225351e+03 2.481702352646167136e-14 1.456436000370496991e-15
3.149308779494844202e+03 2.550737953655684463e-14 1.436217013585235593e-15
3.152055882214463054e+03 2.476621061185410757e-14 1.451906117350037610e-15
3.154802984934081906e+03 2.268763469976975888e-14 1.405952015135440644e-15
3.157550087653700757e+03 2.263897068265192733e-14 1.408680009920681854e-15
3.160297190373319609e+03 2.510864834901742185e-14 1.517656785400280724e-15
3.163044293092938460e+03 2.438499233523529890e-14 1.403111557908556142e-15
3.165791395812557312e+03 2.244994875299876924e-14 1.360498613275967933e-15
3.168538498532176163e+03 2.372857646531251845e-14 1.365098284643748589e-15
3.171285601251795015e+03 2.402340688226331154e-14 1.359594306697310840e-15
3.174032703971413866e+03 2.437237329365273667e-14 1.355047768174474306e-15
3.176779806691032718e+03 2.241539641371517632e-14 1.328780033746921729e-15
3.179526909410651569e+03 2.132120491415049081e-14 1.329681324533723549e-15
3.182274012130270421e+03 2.283406920356236809e-14 1.324262654920171479e-15
3.185021114849889273e+03 2.340132265322798107e-14 1.328868229285973358e-15
3.187768217569508124e+03 2.255564904389110826e-14 1.302768434327407284e-15
3.190515320289126976e+03 2.394020291113719965e-14 1.305831129267212269e-15
3.193262423008745827e+03 2.363689909998089431e-14 1.295993440001484394e-15
3.196009525728364679e+03 2.304013105128413829e-14 1.286563323006815263e-15
3.198756628447983530e+03 2.270481095278025868e-14 1.273457081118417135e-15
3.201503731167602382e+03 2.317111970424366558e-14 1.266317458693232484e-15
3.204250833887221233e+03 2.582335879471236497e-14 1.449268756707365980e-15
3.206997936606840085e+03 2.382007053859550223e-14 1.300249497569564386e-15
3.209745039326458937e+03 2.299461082065184976e-14 1.331657041573635283e-15
3.212492142046077788e+03 2.433320308297353831e-14 1.261259533429207931e-15
3.215239244765696640e+03 2.441657521016193867e-14 1.286155412157614464e-15
3.217986347485315491e+03 2.331860339334290782e-14 1.225987146520543151e-15
3.220733450204934343e+03 2.151129863358353571e-14 1.189424421506999741e-15
3.223480552924553194e+03 2.224844551366189910e-14 1.226684929471569834e-15
3.226227655644172046e+03 2.352790456108383526e-14 1.210959984666547176e-15
3.228974758363790897e+03 2.068145136678908584e-14 1.195095161573521834e-15
3.231721861083409749e+03 2.073056079599293095e-14 1.231398627770510169e-15
3.234468963803028601e+03 2.165510661886443155e-14 1.178349885125755599e-15
3.237216066522647452e+03 1.955873308050739064e-14 1.179010335279249406e-15
3.239963169242266304e+03 2.226559569981098926e-14 1.186280644623457464e-15
3.242710271961885155e+03 2.124129958021461979e-14 1.144319367974129997e-15
3.245457374681504007e+03 1.906644200588338881e-14 1.130049803629877909e-15
3.248204477401122858e+03 1.978243751540272858e-14 1.144301029237355199e-15
3.250951580120741710e+03 1.944511115733778213e-14 1.123112682728969966e-15
3.253698682840360561e+03 1.955195865504613352e-14 1.141444250667035626e-15
3.256445785559979413e+03 2.014343635942516303e-14 1.125036686617149118e-15
3.259192888279598264e+03 1.930407567502375368e-14 1.139253052867355332e-15
3.261939990999217116e+03 1.674220761813695349e-14 1.087501684775723406e-15
3.264687093718835968e+03 2.003463035221503489e-14 1.140692510257101350e-15
3.267434196438454819e+03 1.869584198887151962e-14 1.116409495232735289e-15
3.270181299158073671e+03 1.772730991320956316e-14 1.095814277842573272e-15
3.272928401877692522e+03 2.079956188148151899e-14 1.112077002232431856e-15
3.275675504597311374e+03 2.090190739271666987e-14 1.101030732447779510e-15
3.278422607316930225e+03 2.088322861339059930e-14 1.102055879345204385e-15
3.281169710036549077e+03 2.130763941596649282e-14 1.099642401014830919e-15
3.283916812756167928e+03 2.189533874230351798e-14 1.131413412845183005e-15
3.286663915475786780e+03 1.959737000177653998e-14 1.074900208638429563e-15
3.289411018195405632e+03 1.872056565193503676e-14 1.062386005566757534e-15
3.292158120915024483e+03 2.063520080257452998e-14 1.081721911853124793e-15
3.294905223634643335e+03 2.198312022812821579e-14 1.090330385021007602e-15
3.297652326354262186e+03 1.986116315552765929e-14 1.055764587164085459e-15
3.300399429073881038e+03 2.086680629744433781e-14 1.071777964469449040e-15
3.303146531793499889e+03 1.995836511504543151e-14 1.078601806844198121e-15
3.305893634513118741e+03 1.998306755213858807e-14 1.088523859054949448e-15
3.308640737232737592e+03 2.213707371837383023e-14 1.075799314924982654e-15
3.311387839952356444e+03 2.385398960220895113e-14 1.078402368978658136e-15
3.314134942671975296e+03 2.161967120517517949e-14 1.045929620387921450e-15
3.316882045391594147e+03 2.077176003211400495e-14 1.044100111649267871e-15
3.319629148111212999e+03 1.889889951704456060e-14 1.047867960934075780e-15
3.322376250830831850e+03 2.042500654323558320e-14 1.055459298559018673e-15
3.325123353550450702e+03 2.401304139178858743e-14 1.164447289659981932e-15
3.327870456270069553e+03 2.438076367252447709e-14 1.076645342744190614e-15
3.330617558989688405e+03 2.549655928397792226e-14 1.068433614840069721e-15
3.333364661709307256e+03 2.590086835560821280e-14 1.063616351992813104e-15
3.336111764428926108e+03 2.501849009955438587e-14 1.046922066091932078e-15
3.338858867148544959e+03 2.647358775199788720e-14 1.065022908653577499e-15
3.341605969868163811e+03 2.443696579006957432e-14 1.042658447509290562e-15
3.344353072587782663e+03 2.746678161277238134e-14 1.076552018180988655e-15
3.347100175307401514e+03 5.957100820309712507e-14 1.518987941527415592e-15
3.349847278027020366e+03 4.187066630050949598e-14 1.160958255188054336e-15
3.352594380746639217e+03 2.916202322795626562e-14 1.068127241415364738e-15
3.355341483466258069e+03 2.888546140183855743e-14 1.065293761377479443e-15
3.358088586185876920e+03 2.980481465876347393e-14 1.067514327059859668e-15
3.360835688905495772e+03 2.950692316230100990e-14 1.056625449699106959e-15
3.363582791625114623e+03 2.994681217248513193e-14 1.054820321394809216e-15
3.366329894344733475e+03 3.059508045794666062e-14 1.055478035922833650e-15
3.369076997064352327e+03 3.229102175562444686e-14 1.179701876547341276e-15
3.371824099783971178e+03 3.229290823498394974e-14 1.224354196371384690e-15
3.374571202503590030e+03 3.025765317952061075e-14 1.237324458969324772e-15
3.377318305223208881e+03 3.075888130206306291e-14 1.186688505819080228e-15
3.380065407942827733e+03 3.284974468965937020e-14 1.080906333643941315e-15
3.382812510662446584e+03 3.336475518677743370e-14 1.058386391179616337e-15
3.385559613382065436e+03 3.027420222055755186e-14 1.024068355475169966e-15
3.388306716101684287e+03 2.914303826488134650e-14 1.059822466556086198e-15
3.391053818821303139e+03 3.117329092007459664e-14 1.091264486351331242e-15
3.393800921540921991e+03 3.216061887186322257e-14 1.042985865241578760e-15
3.396548024260540842e+03 3.221774312114323913e-14 1.039631593718694255e-15
3.399295126980159694e+03 3.054704680540712543e-14 1.037578466674886272e-15
3.402042229699778545e+03 3.299798608488347924e-14 1.046147418579432811e-15
3.404789332419397397e+03 3.314708368029301207e-14 1.039833718740630993e-15
3.407536435139016248e+03 3.479867865438979353e-14 1.066769313606085051e-15
3.410283537858635100e+03 3.630066534259641645e-14 1.107707286074455871e-15
3.413030640578253951e+03 3.686399558427123085e-14 1.055075779801222187e-15
3.415777743297872803e+03 3.542957695571094500e-14 1.021848119755360598e-15
3.418524846017491654e+03 3.431034374591314261e-14 1.074401118060412369e-15
3.421271948737110506e+03 3.564301216335493129e-14 1.031696125208771534e-15
3.424019051456729358e+03 3.835433795921808454e-14 1.038416238233917835e-15
3.426766154176348209e+03 3.814731476262978236e-14 1.046205117800317952e-15
3.429513256895967061e+03 3.904450489705737529e-14 1.049829427880268473e-15
3.432260359615585912e+03 3.825569008036393526e-14 1.031129701046051953e-15
3.435007462335204764e+03 3.879405787088777885e-14 1.043749930304233539e-15
3.437754565054823615e+03 3.854267510630219110e-14 1.030646612690521655e-15
3.440501667774442467e+03 3.932204803931271954e-14 1.029697114249728272e-15
3.443248770494061318e+03 3.914372412757557269e-14 1.034872740572833211e-15
3.445995873213680170e+03 3.844771858930000128e-14 1.024125096534113416e-15
3.448742975933299022e+03 3.984395535434631429e-14 1.047970311114197882e-15
3.451490078652917873e+03 4.397179956731301709e-14 1.054650054141302895e-15
3.454237181372536725e+03 4.254561919803269355e-14 1.033994293940856101e-15
3.456984284092155576e+03 4.219744184616273846e-14 1.046503775455247147e-15
3.459731386811774428e+03 4.558199810394038219e-14 1.055089639431785677e-15
3.462478489531393279e+03 4.745944701838946379e-14 1.144828495974640786e-15
3.465225592251012131e+03 4.676199797499865751e-14 1.154975923063997119e-15
3.467972694970630982e+03 4.656042264589178643e-14 1.070435359791336965e-15
3.470719797690249834e+03 4.955184672631084597e-14 1.077521426730665516e-15
3.473466900409868686e+03 5.267339833648076672e-14 1.086141678208771041e-15
3.476214003129487537e+03 5.302453495848904905e-14 1.081194305390197757e-15
3.478961105849106389e+03 5.116198014555303795e-14 1.065606507810622868e-15
3.481708208568725240e+03 5.046029626731768264e-14 1.058531874051215614e-15
3.484455311288344092e+03 5.191295495145734429e-14 1.073783798981702621e-15
3.487202414007962943e+03 5.298693959074997360e-14 1.074649468060580648e-15
3.489949516727581795e+03 5.394348834643076408e-14 1.079292591144984034e-15
3.492696619447200646e+03 5.244071430351283166e-14 1.063749555531564317e-15
3.495443722166819498e+03 5.509892791136228600e-14 1.086460281918067029e-15
3.498190824886438349e+03 5.598126383882989655e-14 1.096829508315917854e-15
3.500937927606057201e+03 5.217017844228619416e-14 1.055826171130907385e-15
3.503685030325676053e+03 5.428077582077798016e-14 1.078424450309884942e-15
3.506432133045294904e+03 5.474443161083016972e-14 1.070949613923794191e-15
3.509179235764913756e+03 5.570334913246509564e-14 1.089482793047522909e-15
3.511926338484532607e+03 5.947122672725584599e-14 1.101226908361376464e-15
3.514673441204151459e+03 5.880153814851649511e-14 1.100215486407637860e-15
3.517420543923770310e+03 5.683741395326625099e-14 1.095447345712627326e-15
3.520167646643389162e+03 5.890360202203156151e-14 1.090854593432093914e-15
3.522914749363008013e+03 6.104395857304207158e-14 1.102115667947533256e-15
3.525661852082626865e+03 6.343921113570448735e-14 1.118165000543756790e-15
3.528408954802245717e+03 6.353460707041697346e-14 1.104392024690067412e-15
3.531156057521864568e+03 6.395434751478422331e-14 1.114735159716932183e-15
3.533903160241483420e+03 6.535499648673315207e-14 1.127169080089417285e-15
3.536650262961102271e+03 6.530919168109378584e-14 1.114459290824081867e-15
3.539397365680721123e+03 6.481968821244521586e-14 1.104463148784948539e-15
3.542144468400339974e+03 6.561593990349236083e-14 1.114214937909379873e-15
3.544891571119958826e+03 6.665881377178677060e-14 1.118496701783356879e-15
3.547638673839577677e+03 6.464589940206811015e-14 1.102227849595374070e-15
3.550385776559196529e+03 6.534882303537512090e-14 1.115735969615282395e-15
3.553132879278815381e+03 6.787476224514013533e-14 1.119835736338810797e-15
3.555879981998434232e+03 6.897608963540330462e-14 1.120050008164857420e-15
3.558627084718053084e+03 6.940229059049044962e-14 1.131298432602015047e-15
3.561374187437671935e+03 7.201440563157030439e-14 1.143379507458112811e-15
3.564121290157290787e+03 7.408760445665537679e-14 1.148952601627604630e-15
3.566868392876909638e+03 7.594393429797087725e-14 1.154300052657213107e-15
3.569615495596528490e+03 7.407089008438905570e-14 1.161088291300775832e-15
3.572362598316147341e+03 7.308627321891474796e-14 1.150934217271851544e-15
3.575109701035766193e+03 7.406096847003458326e-14 1.160710266130507524e-15
3.577856803755385044e+03 7.575464379842556852e-14 1.158174293708077229e-15
3.580603906475003896e+03 7.676055016832389112e-14 1.148303971665678636e-15
3.583351009194622748e+03 7.903784204342317719e-14 1.163917992384430846e-15
3.586098111914241599e+03 7.894039613322748132e-14 1.159288209734256108e-15
3.588845214633860451e+03 7.682153039317122565e-14 1.139974564206498256e-15
3.591592317353479302e+03 7.805104496545429215e-14 1.145973398159987600e-15
3.594339420073098154e+03 7.972775031364415973e-14 1.153345436920007304e-15
3.597086522792717005e+03 7.992823049981370875e-14 1.155139241502799164e-15
3.599833625512335857e+03 8.045866739898201483e-14 1.155680911162751698e-15
3.602580728231954708e+03 8.045804216121808106e-14 1.345727379237752260e-15
3.605327830951573560e+03 7.872469223822037288e-14 1.664049270319394817e-15
3.608074933671192412e+03 8.195746325532164243e-14 1.182963650429369232e-15
3.610822036390811263e+03 8.358121607386729835e-14 1.189700216454128552e-15
3.613569139110430115e+03 8.243040477228958678e-14 1.166597587100568075e-15
3.616316241830048966e+03 8.028031645427513814e-14 1.144916836001830722e-15
3.619063344549667818e+03 8.192610376943953986e-14 1.157809111373311715e-15
3.621810447269286669e+03 8.067310118894513867e-14 1.147283479775797785e-15
3.624557549988905521e+03 8.220715835345883909e-14 1.149603204559600255e-15
3.627304652708524372e+03 8.196019792902653861e-14 1.162043007589320646e-15
3.630051755428143224e+03 7.961584032606395202e-14 1.142388280865127115e-15
3.632798858147762076e+03 8.087708633964214350e-14 1.132576534288471512e-15
3.635545960867380927e+03 8.133149722735894659e-14 1.129706620341670437e-15
3.638293063586999779e+03 7.895510379412065432e-14 1.114879149280292850e-15
3.641040166306618630e+03 7.571407170977112994e-14 1.123354349770250382e-15
3.643787269026237482e+03 7.299398817218306824e-14 1.083154294636137192e-15
3.646534371745856333e+03 6.897541684991659839e-14 1.063779761307794263e-15
3.649281474465475185e+03 6.669861207884245050e-14 1.045317379588573807e-15
3.652028577185094036e+03 6.488440287397571505e-14 1.053247729487192805e-15
3.654775679904712888e+03 6.211561468676788891e-14 1.127845187560877041e-15
3.657522782624331739e+03 6.098909665124990039e-14 1.034553564389606023e-15
3.660269885343950591e+03 5.974167014892334085e-14 9.906131311864234971e-16
3.663016988063569443e+03 5.579089634571804969e-14 9.611047776045062274e-16
3.665764090783188294e+03 5.341019590430790232e-14 9.449974439677903351e-16
3.668511193502807146e+03 5.044438047447329511e-14 9.321172355617097418e-16
3.671258296222425997e+03 4.947722139530327629e-14 9.437125668506574648e-16
3.674005398942044849e+03 4.684359280674767862e-14 1.009221532258509935e-15
3.676752501661663700e+03 4.422498299474737171e-14 9.177373327181047426e-16
3.679499604381282552e+03 4.337862502406764322e-14 9.539767341150145876e-16
3.682246707100901403e+03 4.234308618387533504e-14 9.124554741691421779e-16
3.684993809820520255e+03 3.819096766078189235e-14 8.451132228220325971e-16
3.687740912540139107e+03 3.618955419647191719e-14 8.320136673986277399e-16
3.690488015259757958e+03 3.625014317492014560e-14 8.225957994992389488e-16
3.693235117979376810e+03 3.484074305539430350e-14 8.635035200345803950e-16
3.695982220698995661e+03 3.238347694055681466e-14 8.148696672307684062e-16
3.698729323418614513e+03 4.423173580179429995e-14 8.741367132745020009e-16
3.701476426138233364e+03 3.941624122516886503e-14 8.175042685903636342e-16
3.704223528857852216e+03 3.209485442779953607e-14 7.880039480137025380e-16
3.706970631577471067e+03 3.092670666759297889e-14 7.650869335695086580e-16
3.709717734297089919e+03 3.062838906384110345e-14 7.570709659217167345e-16
3.712464837016708771e+03 2.859552103387576778e-14 7.365673298775421075e-16
3.715211939736327622e+03 2.820645715143519608e-14 7.341907122738072251e-16
3.717959042455946474e+03 2.783337915879076500e-14 7.286407199483666001e-16
3.720706145175565325e+03 2.710796052871168317e-14 7.232069136308803616e-16
3.723453247895184177e+03 2.680360886290053773e-14 7.182038115713320563e-16
3.726200350614803028e+03 2.701691373822278627e-14 7.260812480879267215e-16
3.728947453334421880e+03 2.582679759554937413e-14 7.064433874669075599e-16
3.731694556054040731e+03 2.505895065543106175e-14 7.094416507049842296e-16
3.734441658773659583e+03 2.440096490842459459e-14 6.936659130305009076e-16
3.737188761493278435e+03 2.490906888588997167e-14 6.890976010780448232e-16
3.739935864212897286e+03 2.449004036336492465e-14 6.793987307441715283e-16
3.742682966932516138e+03 2.539751660088602331e-14 6.955035512545890135e-16
3.745430069652134989e+03 2.738177374235647438e-14 6.998774228648739208e-16
3.748177172371753841e+03 2.826311350084603322e-14 6.972361017436248575e-16
3.750924275091372692e+03 2.876188301645976317e-14 7.007297871627049560e-16
3.753671377810991544e+03 3.056316389139673298e-14 7.165210942244450636e-16
3.756418480530610395e+03 3.180687627287979169e-14 7.156902222810094114e-16
3.759165583250229247e+03 3.378460239555008014e-14 7.301871441305264440e-16
3.761912685969848098e+03 3.443526547852499101e-14 7.234655483598688518e-16
3.764659788689466950e+03 3.471457196099228133e-14 7.266238209735230514e-16
3.767406891409085802e+03 3.724663137927059050e-14 7.446349964883244645e-16
3.770153994128704653e+03 3.894767975827679517e-14 7.408330460052845929e-16
3.772901096848323505e+03 3.810685356477235574e-14 7.318448829294528046e-16
3.775648199567942356e+03 3.840709324195628361e-14 7.423623049386642664e-16
3.778395302287561208e+03 4.103480363018779727e-14 7.786577594493838883e-16
3.781142405007180059e+03 4.198043199006940172e-14 7.622157530029459260e-16
3.783889507726798911e+03 4.290008178074871105e-14 7.734038918968883205e-16
3.786636610446417762e+03 4.272656314109129918e-14 7.559747074866571830e-16
3.789383713166036614e+03 4.404003039179916155e-14 7.591013955401717104e-16
3.792130815885655466e+03 4.289909842529971306e-14 8.130023279311464770e-16
3.794877918605274317e+03 4.191374408148905643e-14 7.674284882201354462e-16
3.797625021324893169e+03 4.354700391893575514e-14 7.410472483725210677e-16
3.800372124044512020e+03 4.339840536426981372e-14 7.361073265886782331e-16
3.803119226764130872e+03 4.380602734444805579e-14 7.341394209738328522e-16
3.805866329483749723e+03 4.448399815513591184e-14 7.318409423399207003e-16
3.808613432203368575e+03 4.355135267317867940e-14 7.236823735888285423e-16
3.811360534922987426e+03 4.376114162349792351e-14 7.289706239013432375e-16
3.814107637642606278e+03 4.585635076485291492e-14 7.478467599362750324e-16
3.816854740362225130e+03 4.729708962691383694e-14 7.467571444563998462e-16
3.819601843081843981e+03 4.718596788489530379e-14 7.337121813452938515e-16
3.822348945801462833e+03 4.640625151960457321e-14 7.242277168324847885e-16
3.825096048521081684e+03 4.691057046079774709e-14 7.293099214427133219e-16
3.827843151240700536e+03 4.662495816954951917e-14 7.439952652937987454e-16
3.830590253960319387e+03 4.842865254404924954e-14 7.430750259494181059e-16
3.833337356679938239e+03 4.975864953177302105e-14 7.350314399027877551e-16
3.836084459399557090e+03 4.876534302543786983e-14 7.261046943386576200e-16
3.838831562119175942e+03 4.881323736875619832e-14 7.220026237538296423e-16
3.841578664838794793e+03 5.021748106360582826e-14 7.264774483000498022e-16
3.844325767558413645e+03 5.028354621681889974e-14 7.316216068008228676e-16
3.847072870278032497e+03 5.183488772551172902e-14 7.343361133084501229e-16
3.849819972997651348e+03 5.406626310463082582e-14 7.406955855765123606e-16
3.852567075717270200e+03 5.502918818093853410e-14 7.451094211981449169e-16
3.855314178436889051e+03 5.875107764472674467e-14 7.588614815625814978e-16
3.858061281156507903e+03 6.101423799849345630e-14 7.664744079098963702e-16
3.860808383876126754e+03 6.298924561706832638e-14 7.774748076079362010e-16
3.863555486595745606e+03 6.390834317325392745e-14 7.790629944121358591e-16
3.866302589315364457e+03 6.715476707212738566e-14 7.898841718547299889e-16
3.869049692034983309e+03 7.295933173542842751e-14 8.285779449901028734e-16
3.871796794754602161e+03 7.388592031597909757e-14 8.184927493106366531e-16
3.874543897474221012e+03 7.573716895458381297e-14 8.223023097428629474e-16
3.877291000193839864e+03 7.946826682698132516e-14 8.500173258187002037e-16
3.880038102913458715e+03 8.107604865276090268e-14 8.434455972659680760e-16
3.882785205633077567e+03 8.361425548417626159e-14 8.459994926848316225e-16
3.885532308352696418e+03 8.505404603218443156e-14 8.469615738687386271e-16
3.888279411072315270e+03 8.777496572694516620e-14 8.701757130641767083e-16
3.891026513791934121e+03 8.965176688209756135e-14 8.653322637771228013e-16
3.893773616511552973e+03 9.038870109070848454e-14 8.594570835972769225e-16
3.896520719231171825e+03 9.325996084597326657e-14 8.705818482302377925e-16
3.899267821950790676e+03 9.419781434925100750e-14 8.680635093942623147e-16
3.902014924670409528e+03 9.362177348109289316e-14 8.653994586859426403e-16
3.904762027390028379e+03 9.506406587511358819e-14 8.753835406906112287e-16
3.907509130109647231e+03 9.290698552274286803e-14 8.653635682909262148e-16
3.910256232829266082e+03 9.163053421795953082e-14 8.553112413585209933e-16
3.913003335548884934e+03 9.292126624917540765e-14 8.587990284469296482e-16
3.915750438268503785e+03 9.279977371575808917e-14 8.552611511190032446e-16
3.918497540988122637e+03 9.255164961969405797e-14 8.487536571336784054e-16
3.921244643707741488e+03 9.349880753094629002e-14 8.490166521726353954e-16
3.923991746427360340e+03 9.221719708886888256e-14 8.417450411411717338e-16
3.926738849146979192e+03 9.339656149676059844e-14 8.472704899123956855e-16
3.929485951866598043e+03 9.582563507767500971e-14 8.530817507151408973e-16
3.932233054586216895e+03 9.312733224811128611e-14 8.421333753331233613e-16
3.934980157305835746e+03 9.029392930856439981e-14 8.269335108439261258e-16
3.937727260025454598e+03 9.224842164577199896e-14 8.328393496761678247e-16
3.940474362745073449e+03 9.331174930713012190e-14 8.366688913904450956e-16
3.943221465464692301e+03 9.369132845395591828e-14 8.353985136198809413e-16
3.945968568184311152e+03 9.520704710259664976e-14 8.397620883864893261e-16
3.948715670903930004e+03 9.514065013167571124e-14 8.358183741541217451e-16
3.951462773623548856e+03 9.223483757815456264e-14 8.189546656789049102e-16
3.954209876343167707e+03 8.693925437936899174e-14 8.016246351744582177e-16
3.956956979062786559e+03 8.998369241888993997e-14 8.148037102160622666e-16
3.959704081782405410e+03 9.646556530886619528e-14 8.457843364924783076e-16
3.962451184502024262e+03 9.840034482624063460e-14 8.443049603329442941e-16
3.965198287221643113e+03 9.701944802672512871e-14 8.302773923556301024e-16
3.967945389941261965e+03 9.617936913102586481e-14 8.252269117755093208e-16
3.970692492660880816e+03 9.573849409810799032e-14 8.167830757175007155e-16
3.973439595380499668e+03 9.544153972847864113e-14 8.137296755461805392e-16
3.976186698100118520e+03 9.465699413161024251e-14 8.086158261625828473e-16
3.978933800819737371e+03 9.243933509936004280e-14 7.969721939681025972e-16
3.981680903539356223e+03 9.148397136508961379e-14 7.970809901245371222e-16
3.984428006258975074e+03 8.992768673845848839e-14 7.956685313148416427e-16
3.987175108978593926e+03 8.477212414063461086e-14 7.705268113196039603e-16
3.989922211698212777e+03 8.008775541138025534e-14 7.492671333227760754e-16
3.992669314417831629e+03 8.063452139420846678e-14 7.491025315282664660e-16
3.995416417137450480e+03 8.277899968036466077e-14 7.594963151768407127e-16
3.998163519857069332e+03 8.380241629136124472e-14 7.597546101012556497e-16
4.000910622576688183e+03 8.318056268700999310e-14 7.534064321408604239e-16
4.003657725296307035e+03 8.238083013601671032e-14 7.524354518957449570e-16
4.006404828015925887e+03 8.277671314461945295e-14 7.506142746296950858e-16
4.009151930735544738e+03 8.377757954183176118e-14 7.529578635759589452e-16
4.011899033455163590e+03 8.480649889279256564e-14 7.579875445288416472e-16
4.014646136174782441e+03 8.591847039407980632e-14 7.591008911045542502e-16
4.017393238894401293e+03 8.609785861991233330e-14 7.566797511794240134e-16
4.020140341614020144e+03 8.595579038865165638e-14 7.551893522045747157e-16
4.022887444333638996e+03 8.654073220121007830e-14 7.569529146332601147e-16
4.025634547053257847e+03 8.845879338775945874e-14 7.768452595280174769e-16
4.028381649772876699e+03 8.940706145959067891e-14 7.740764181855504998e-16
4.031128752492495551e+03 8.727985305751514445e-14 7.535702974462709614e-16
4.033875855212114402e+03 8.766953248214373509e-14 7.543960659407264016e-16
4.036622957931733254e+03 9.000545331930484730e-14 7.615323665552935476e-16
4.039370060651352105e+03 9.084125892179610521e-14 7.625929755690397745e-16
4.042117163370970957e+03 9.151209886776376428e-14 7.627336696262501285e-16
4.044864266090589808e+03 9.250801154566189129e-14 7.681131365432773815e-16
4.047611368810208660e+03 9.460920975950777973e-14 7.805633186753410214e-16
4.050358471529827511e+03 9.617127307493664887e-14 7.828442992761381086e-16
4.053105574249446363e+03 9.667562263099862100e-14 7.797441413672317998e-16
4.055852676969065215e+03 9.892050754967841751e-14 7.862655200952263312e-16
4.058599779688684066e+03 9.974962651762907732e-14 7.940961636221033878e-16
4.061346882408302918e+03 9.994320456296951718e-14 7.905030388677150782e-16
4.064093985127921769e+03 1.006948236662498394e-13 7.863925816956798598e-16
4.066841087847540621e+03 1.012697011939536499e-13 7.882944728908904585e-16
4.069588190567159472e+03 1.011826461399341626e-13 7.936330511973849330e-16
4.072335293286778324e+03 1.011396807184468332e-13 7.921327539995855448e-16
4.075082396006397175e+03 1.025405249212063114e-13 7.973727844216618812e-16
4.077829498726016027e+03 1.036313510468350623e-13 7.985650383222931100e-16
4.080576601445634878e+03 1.032860063963988378e-13 7.912900478672841483e-16
4.083323704165253730e+03 1.042923517695698255e-13 7.955246483308553324e-16
4.086070806884872582e+03 1.033478496071454564e-13 7.910630795792263434e-16
4.088817909604491433e+03 1.022644883914589943e-13 7.865049913355481680e-16
4.091565012324110285e+03 1.033208213261679131e-13 7.895270619104850037e-16
4.094312115043729136e+03 1.017683947100839839e-13 7.911787820505558591e-16
4.097059217763347988e+03 1.011592220794186247e-13 7.887872324251046085e-16
4.099806320482966839e+03 1.021896991042172616e-13 7.865761546330670257e-16
4.102553423202585691e+03 1.004728029774701265e-13 7.789290149050664056e-16
4.105300525922204542e+03 1.014958401373862996e-13 8.113235890164838031e-16
4.108047628641823394e+03 1.015539174917596207e-13 9.225028996980360482e-16
4.110794731361442246e+03 9.851270748426331966e-14 9.122418152584502358e-16
4.113541834081061097e+03 9.834048017598675460e-14 8.082195281611136900e-16
4.116288936800679949e+03 9.864336417813280413e-14 7.698205877065625836e-16
4.119036039520298800e+03 9.644563977665023892e-14 7.639453589958688798e-16
4.121783142239917652e+03 9.489018820997834351e-14 7.596417368282511530e-16
4.124530244959536503e+03 9.513691632651399568e-14 7.637667658913922875e-16
4.127277347679155355e+03 9.466955049559372997e-14 7.608419643496842654e-16
4.130024450398774206e+03 9.272176980292866660e-14 7.467884205861209317e-16
4.132771553118393058e+03 9.226960592017554606e-14 7.420959018351606677e-16
4.135518655838011910e+03 9.209005599439569676e-14 7.402805718425203941e-16
4.138265758557630761e+03 9.045252160827854231e-14 7.330363451892461958e-16
4.141012861277249613e+03 8.927333580379888275e-14 7.269412153422697993e-16
4.143759963996868464e+03 8.927260735390295579e-14 7.261932986537222584e-16
4.146507066716487316e+03 8.822263475987934914e-14 7.232884131027556555e-16
4.149254169436106167e+03 8.687040663706075719e-14 7.176775494206754467e-16
4.152001272155725019e+03 8.723468084000875399e-14 7.217402752067141166e-16
4.154748374875343870e+03 8.711127892901101056e-14 7.210941491454909688e-16
4.157495477594962722e+03 8.628274835329131543e-14 7.116838721806880901e-16
4.160242580314581573e+03 8.608021450648781309e-14 7.087577386533595263e-16
4.162989683034200425e+03 8.725628429592589508e-14 7.152999945032934433e-16
4.165736785753819277e+03 8.778884116984341689e-14 7.162899503744914595e-16
4.168483888473438128e+03 8.786394516532243221e-14 7.127249218155457960e-16
4.171230991193056980e+03 8.872855387937498807e-14 7.156447740801563905e-16
4.173978093912675831e+03 9.034071344875913997e-14 7.222971268212633347e-16
4.176725196632294683e+03 9.039910685417785149e-14 7.214483732327074350e-16
4.179472299351913534e+03 8.919851855805433098e-14 7.139091505387169121e-16
4.182219402071532386e+03 9.044228307759713273e-14 7.173554278588481124e-16
4.184966504791151237e+03 9.097507243232741709e-14 7.213156814483217448e-16
4.187713607510770089e+03 9.006423960973535491e-14 7.188778672497364886e-16
4.190460710230388941e+03 8.960775121695417063e-14 7.168846048360272584e-16
4.193207812950007792e+03 9.054581844996678899e-14 7.171490247744236521e-16
4.195954915669626644e+03 9.067995719742588347e-14 7.140111168292962944e-16
4.198702018389245495e+03 8.838772592165128957e-14 7.055945621500268492e-16
4.201449121108864347e+03 8.693405918727276089e-14 7.003507823005021929e-16
4.204196223828483198e+03 8.629839246653070612e-14 6.970646829473818295e-16
4.206943326548102050e+03 8.576969375568022460e-14 6.962484075825016512e-16
4.209690429267720901e+03 8.490905537466595378e-14 7.018224191732377710e-16
4.212437531987339753e+03 8.437125718169528297e-14 6.974498107514424299e-16
4.215184634706958605e+03 8.268074297892571937e-14 6.855684147927344932e-16
4.217931737426577456e+03 8.104663526368393857e-14 6.815548177614304974e-16
4.220678840146196308e+03 7.995412333317744675e-14 6.731338310748011468e-16
4.223425942865815159e+03 7.824896850317368268e-14 6.649883219339130106e-16
4.226173045585434011e+03 7.781640295916069690e-14 6.634975227831526349e-16
4.228920148305052862e+03 7.759236043703072599e-14 6.613490445770578094e-16
4.231667251024671714e+03 7.622343514096381055e-14 6.556327426015576229e-16
4.234414353744290565e+03 7.436319251576683124e-14 6.499966035299541839e-16
4.237161456463909417e+03 7.359656192374138167e-14 6.480140328366658329e-16
4.239908559183528268e+03 7.266433984171169343e-14 6.430901372718774384e-16
4.242655661903147120e+03 7.225644511129673964e-14 6.485782061465391246e-16
4.245402764622765972e+03 7.273549167477466604e-14 9.306045000830802209e-16
4.248149867342384823e+03 6.966669593294804395e-14 6.384312088267588106e-16
4.250896970062003675e+03 6.658498215685385024e-14 8.740233344812033004e-16
4.253644072781622526e+03 6.576704540705949935e-14 6.156874641213595399e-16
4.256391175501241378e+03 6.558324310480853926e-14 6.127044553666651748e-16
4.259138278220860229e+03 6.492773602124814966e-14 6.071346474851454713e-16
4.261885380940479081e+03 6.340012062622509106e-14 6.064213949549328166e-16
4.264632483660097932e+03 6.228947386396526508e-14 6.018170168899156143e-16
4.267379586379716784e+03 6.052354240269675267e-14 5.886503559450897247e-16
4.270126689099335636e+03 6.017876996282378389e-14 5.868935342316356849e-16
4.272873791818954487e+03 5.911527475580301088e-14 5.813861592555738228e-16
4.275620894538573339e+03 5.636810214842076341e-14 5.680797421842232201e-16
4.278367997258192190e+03 5.570081050847629888e-14 5.642270749762787888e-16
4.281115099977811042e+03 5.555874865481189537e-14 5.648410955344987450e-16
4.283862202697429893e+03 5.383672604660335603e-14 5.586489247807428287e-16
4.286609305417048745e+03 5.364897778555203611e-14 5.602809109588797954e-16
4.289356408136667596e+03 5.344821089721620359e-14 5.580622833914761521e-16
4.292103510856286448e+03 5.096490535668386711e-14 5.414004360274469578e-16
4.294850613575905300e+03 5.093882425017380549e-14 5.415782617964910185e-16
4.297597716295524151e+03 5.088905003292594866e-14 5.407583442853935238e-16
4.300344819015143003e+03 4.946690036296122523e-14 5.324852060689236609e-16
4.303091921734761854e+03 4.939895323312379174e-14 5.348524115051165946e-16
4.305839024454380706e+03 4.912882373283699938e-14 5.329203783171779755e-16
4.308586127173999557e+03 4.898021268399073639e-14 5.289984569887138055e-16
4.311333229893618409e+03 4.915942427146735703e-14 5.290166602856924607e-16
4.314080332613237260e+03 4.962727168797524293e-14 5.340809644437797143e-16
4.316827435332856112e+03 4.948721021308442218e-14 5.376929688274428936e-16
4.319574538052474963e+03 4.990826558281623218e-14 5.348980972377472565e-16
4.322321640772093815e+03 4.967574415933601786e-14 5.294024024956134849e-16
4.325068743491712667e+03 4.774361929338473420e-14 5.223433471279453033e-16
4.327815846211331518e+03 4.810028926481905643e-14 5.229759438419398755e-16
4.330562948930950370e+03 4.959167997466756893e-14 5.327174765713345690e-16
4.333310051650569221e+03 5.102801193431341047e-14 5.587306551197674162e-16
4.336057154370188073e+03 5.289403500724072867e-14 5.653138042599346924e-16
4.338804257089806924e+03 5.418861123613200490e-14 5.488810040430405010e-16
4.341551359809425776e+03 5.486959552053675441e-14 5.474855382881998031e-16
4.344298462529044627e+03 5.557735235548026099e-14 5.486399363415677086e-16
4.347045565248663479e+03 5.661396231008197785e-14 5.526218094513328082e-16
4.349792667968282331e+03 5.685208311134499293e-14 5.550385304870838529e-16
4.352539770687901182e+03 5.753598219939001269e-14 5.572370354994006234e-16
4.355286873407520034e+03 5.767685630035497605e-14 5.605061153544518890e-16
4.358033976127138885e+03 5.794012020846330451e-14 5.618177385152154101e-16
4.360781078846757737e+03 6.014981047688111910e-14 5.643354790860326981e-16
4.363528181566376588e+03 5.973932207568608123e-14 5.613502321353018115e-16
4.366275284285995440e+03 6.044579833657764973e-14 5.633931150774450401e-16
4.369022387005614291e+03 6.185101806500933551e-14 5.703490588007505386e-16
4.371769489725233143e+03 6.127474033036520843e-14 5.665435809591478500e-16
4.374516592444851995e+03 6.226602956645709578e-14 5.685515476674845936e-16
4.377263695164470846e+03 6.304821815340691426e-14 5.711253735055451382e-16
4.380010797884089698e+03 6.424344272156725640e-14 5.764122224480231646e-16
4.382757900603708549e+03 6.456895052485578839e-14 5.782523971185212049e-16
4.385505003323327401e+03 6.479997872110122745e-14 5.774815891881140967e-16
4.388252106042946252e+03 6.645982779790746226e-14 5.828518816148031555e-16
4.390999208762565104e+03 6.685371479056215702e-14 5.852011750827172022e-16
4.393746311482183955e+03 6.713793679054943126e-14 5.863178085705231295e-16
4.396493414201802807e+03 6.810791963277714085e-14 5.874117852818976576e-16
4.399240516921421658e+03 6.828373532780802214e-14 5.867104271653950271e-16
4.401987619641040510e+03 6.859848266425459615e-14 5.886235585411115433e-16
4.404734722360659362e+03 6.796440554143691992e-14 5.861595450189657212e-16
4.407481825080278213e+03 6.911992623480372952e-14 5.895474011448726088e-16
4.410228927799897065e+03 7.094809861205694843e-14 5.976891784468635376e-16
4.412976030519515916e+03 7.105817738781482114e-14 5.960390565031408204e-16
4.415723133239134768e+03 7.173532422102312568e-14 5.973122437623133568e-16
4.418470235958753619e+03 7.249504868663300315e-14 6.029834331966520995e-16
4.421217338678372471e+03 7.284737272807376395e-14 6.132165498126057597e-16
4.423964441397991322e+03 7.334949829434994146e-14 6.131081756076537873e-16
4.426711544117610174e+03 7.485514462550665550e-14 6.081832786019962396e-16
4.429458646837229026e+03 7.648687288994914433e-14 6.133587789820418520e-16
4.432205749556847877e+03 7.703086862874379656e-14 6.146992084936554620e-16
4.434952852276466729e+03 7.637089775995347276e-14 6.103112580422133093e-16
4.437699954996085580e+03 7.755442638189798331e-14 6.144014430363619332e-16
4.440447057715704432e+03 7.806707532412048408e-14 6.167282690534677704e-16
4.443194160435323283e+03 7.751252734489384557e-14 6.139200082780228668e-16
4.445941263154942135e+03 7.764044003912721758e-14 6.138140246776644073e-16
4.448688365874560986e+03 7.747409979222350747e-14 6.122158071375135647e-16
4.451435468594179838e+03 7.781839856822522032e-14 6.117306469512147752e-16
4.454182571313798690e+03 8.090036098302174987e-14 6.235705367047429076e-16
4.456929674033417541e+03 8.207113706030319199e-14 6.366365853568316168e-16
4.459676776753036393e+03 8.036822275842437389e-14 6.321675886133035354e-16
4.462423879472655244e+03 7.991481560310929957e-14 6.186372229250646210e-16
4.465170982192274096e+03 8.224026223928250432e-14 6.254441255676361148e-16
4.467918084911892947e+03 8.425196425933221080e-14 6.323661305060831285e-16
4.470665187631511799e+03 8.330984955186219523e-14 6.267876290721443744e-16
4.473412290351130650e+03 8.374016786902253319e-14 6.297703513175170387e-16
4.476159393070749502e+03 8.476500289433553861e-14 6.343355749337211661e-16
4.478906495790368353e+03 8.470733705779242258e-14 6.317576399141081990e-16
4.481653598509987205e+03 8.489995314768256056e-14 6.325082640217729495e-16
4.484400701229606057e+03 8.570570876188222637e-14 6.339540229928279746e-16
4.487147803949224908e+03 8.584016696829680834e-14 6.675305029472071506e-16
4.489894906668843760e+03 8.612134589519263492e-14 6.795773728695179988e-16
4.492642009388462611e+03 8.844025533497333528e-14 6.481464959235611044e-16
4.495389112108081463e+03 8.867619107035613598e-14 6.434610057950203548e-16
4.498136214827700314e+03 8.920625634210945942e-14 6.439162141865583962e-16
4.500883317547319166e+03 9.113675475542902516e-14 6.527891964784030887e-16
4.503630420266938017e+03 9.228439053683677567e-14 6.606021435208655233e-16
4.506377522986556869e+03 9.274219603462085854e-14 6.623010892279887051e-16
4.509124625706175721e+03 9.119146247731268782e-14 6.521709322976473513e-16
4.511871728425794572e+03 8.935445377379205161e-14 6.454169148379845431e-16
4.514618831145413424e+03 8.913722722598417575e-14 6.459901690877748966e-16
4.517365933865032275e+03 8.917236284395581322e-14 6.474972025221834400e-16
4.520113036584651127e+03 8.943561116823648724e-14 6.485611667806805543e-16
4.522860139304269978e+03 9.000179689151399902e-14 6.491648101104261331e-16
4.525607242023888830e+03 8.928054131824868737e-14 6.430574422781711379e-16
4.528354344743507681e+03 8.788784577115857127e-14 6.389171587383444375e-16
4.531101447463126533e+03 8.747502311556059046e-14 6.383957830067225839e-16
4.533848550182745385e+03 8.715315322953515425e-14 6.374630162749835777e-16
4.536595652902364236e+03 8.714167323143870407e-14 6.424916524543868908e-16
4.539342755621983088e+03 8.860495343532257272e-14 6.498534168569287496e-16
4.542089858341601939e+03 8.852147257182631026e-14 6.424242890832244224e-16
4.544836961061220791e+03 8.737316596401866147e-14 6.591368871535351166e-16
4.547584063780839642e+03 8.652792585434605345e-14 6.624457975466905211e-16
4.550331166500458494e+03 8.583325584867256592e-14 6.318138697763060647e-16
4.553078269220077345e+03 8.483435256064720869e-14 6.301489672251667600e-16
4.555825371939696197e+03 8.492760258534162023e-14 6.316316891174463434e-16
4.558572474659315048e+03 8.517830264443636359e-14 6.314320848216589675e-16
4.561319577378933900e+03 8.313109655070199280e-14 6.246256116739636856e-16
4.564066680098552752e+03 8.233939291188998738e-14 6.185338992317437497e-16
4.566813782818171603e+03 8.263101953067562613e-14 6.202716140421960758e-16
4.569560885537790455e+03 8.178753835394588309e-14 6.187216954765713973e-16
4.572307988257409306e+03 8.166817520751020293e-14 6.159655666983994228e-16
4.575055090977028158e+03 8.203470080080592975e-14 6.159536173420835754e-16
4.577802193696647009e+03 8.223920977794524956e-14 6.167083526445487201e-16
4.580549296416265861e+03 8.106598378873517911e-14 6.126591943779080637e-16
4.583296399135884712e+03 7.964679813855646574e-14 6.117129988059793317e-16
4.586043501855503564e+03 8.028542399345347191e-14 6.145080573287995871e-16
4.588790604575122416e+03 8.121007983319619466e-14 6.152099787146168233e-16
4.591537707294741267e+03 8.155540948874789449e-14 6.168090207782100378e-16
4.594284810014360119e+03 8.233510209418451814e-14 6.187442747651036409e-16
4.597031912733978970e+03 8.195800002653155586e-14 6.166341298934675585e-16
4.599779015453597822e+03 8.186882239200046422e-14 6.164911048794759409e-16
4.602526118173216673e+03 8.282474537075901351e-14 6.194302771040427454e-16
4.605273220892835525e+03 8.276762278861486516e-14 6.190368695754966595e-16
4.608020323612454376e+03 8.417770236078743888e-14 6.241085046281819214e-16
4.610767426332073228e+03 8.559939599281523559e-14 6.304491649745451068e-16
4.613514529051692080e+03 8.442220324682341576e-14 6.263039682940107039e-16
4.616261631771310931e+03 8.480452872100588693e-14 6.276861214932510363e-16
4.619008734490929783e+03 8.566045104123491956e-14 6.319536600714269921e-16
4.621755837210548634e+03 8.534074650313712351e-14 6.352167297160110530e-16
4.624502939930167486e+03 8.428278564363550514e-14 6.406442029330305267e-16
4.627250042649786337e+03 8.374633551464261206e-14 6.344107746995448183e-16
4.629997145369405189e+03 8.360947243820112904e-14 6.301124334337415739e-16
4.632744248089024040e+03 8.341236591881883987e-14 6.308064588153749104e-16
4.635491350808642892e+03 8.293023382066919889e-14 6.241392495249293832e-16
4.638238453528261743e+03 8.268485697532654864e-14 6.377256802178400931e-16
4.640985556247880595e+03 8.281201932635188150e-14 6.395359329887610370e-16
4.643732658967499447e+03 8.128550954512644478e-14 6.152909787599354137e-16
4.646479761687118298e+03 8.025966122935731467e-14 6.123867747721267461e-16
4.649226864406737150e+03 7.962467170442174274e-14 6.117043255204193000e-16
4.651973967126356001e+03 7.757503392978852093e-14 6.030499826232391153e-16
4.654721069845974853e+03 7.546237504263402811e-14 6.207141024090903218e-16
4.657468172565593704e+03 7.445276420573074172e-14 6.244663969897999953e-16
4.660215275285212556e+03 7.364874497371474996e-14 5.911046368398489832e-16
4.662962378004831407e+03 7.265194774929850343e-14 5.923546742209854571e-16
4.665709480724450259e+03 7.231004736953980313e-14 5.909390839855818327e-16
4.668456583444069111e+03 7.149844201328204583e-14 5.808070720652894217e-16
4.671203686163687962e+03 7.105231355265935661e-14 5.801055559510039526e-16
4.673950788883306814e+03 7.041291527109459854e-14 5.765301472129810411e-16
4.676697891602925665e+03 6.952190913333055046e-14 5.734111416075228800e-16
4.679444994322544517e+03 6.867246980455963127e-14 5.710006076468346231e-16
4.682192097042163368e+03 6.844442341511385725e-14 5.708457713960118121e-16
4.684939199761782220e+03 6.880022294624146298e-14 5.745336253654637047e-16
4.687686302481401071e+03 6.858885637765372127e-14 5.748272466845343832e-16
4.690433405201019923e+03 6.770408699967283788e-14 5.699987519363201508e-16
4.693180507920638775e+03 6.789956347567883711e-14 5.708502279773610876e-16
4.695927610640257626e+03 6.680002424534147063e-14 5.662238221066448247e-16
4.698674713359876478e+03 6.674961147057130105e-14 5.690658038001516957e-16
4.701421816079495329e+03 6.783626578060039703e-14 5.751496381191294489e-16
4.704168918799114181e+03 6.728087677730970802e-14 5.686509279510189078e-16
4.706916021518733032e+03 6.693799801463600520e-14 5.672189710348586619e-16
4.709663124238351884e+03 6.607186737355229687e-14 5.627035427431316699e-16
4.712410226957970735e+03 6.635956696440897180e-14 5.635721821059848890e-16
4.715157329677589587e+03 6.670894559267692318e-14 5.656880785732931641e-16
4.717904432397208438e+03 6.529078324899553522e-14 5.606182405410276771e-16
4.720651535116827290e+03 6.401207617188588888e-14 5.556048959411274306e-16
4.723398637836446142e+03 6.369846770851758114e-14 5.551512462785656697e-16
4.726145740556064993e+03 6.312782513991143478e-14 5.627436192108537128e-16
4.728892843275683845e+03 6.229067103166806171e-14 5.603987241288746360e-16
4.731639945995302696e+03 6.144928829753731329e-14 5.451568934986886714e-16
4.734387048714921548e+03 6.054454118800720924e-14 5.419109145883820402e-16
4.737134151434540399e+03 5.902498006573076534e-14 5.376389013262424167e-16
4.739881254154159251e+03 5.947305248079549114e-14 5.403370943297775139e-16
4.742628356873778102e+03 5.975307088244560796e-14 5.424090795127473812e-16
4.745375459593396954e+03 5.795180222494003857e-14 5.364778874487296404e-16
4.748122562313015806e+03 5.697244755039683994e-14 5.329866334709928388e-16
4.750869665032634657e+03 5.662947657389688961e-14 5.309728424101664023e-16
4.753616767752253509e+03 5.553268600860687031e-14 5.240834591075658946e-16
4.756363870471872360e+03 5.471294962631373681e-14 5.224282863704200155e-16
4.759110973191491212e+03 5.440276144536652790e-14 5.210900024057837314e-16
4.761858075911110063e+03 5.374006324268755565e-14 5.163874901042841120e-16
4.764605178630728915e+03 5.283062934976138779e-14 5.134706715214613522e-16
4.767352281350347766e+03 5.253844001720790830e-14 5.121028993747981003e-16
4.770099384069966618e+03 5.174900159376186178e-14 5.082677776232672862e-16
4.772846486789585470e+03 5.153380370657044364e-14 5.070897669944293648e-16
4.775593589509204321e+03 5.149273148432056965e-14 5.073721019032927085e-16
4.778340692228823173e+03 5.296869576929294103e-14 5.127674827878403633e-16
4.781087794948442024e+03 5.367480810846484565e-14 5.139672337859021964e-16
4.783834897668060876e+03 5.315543980219242573e-14 5.111354985954797805e-16
4.786582000387679727e+03 5.428991242290134346e-14 5.157330565707553234e-16
4.789329103107298579e+03 5.519505752682401370e-14 5.185937001051098348e-16
4.792076205826917430e+03 5.607074781963144007e-14 5.231288384780559748e-16
4.794823308546536282e+03 5.669829666331758427e-14 5.272401018883290333e-16
4.797570411266155133e+03 5.774046896798327814e-14 5.294819237830130656e-16
4.800317513985773985e+03 5.830644930528622475e-14 5.297594118950446215e-16
4.803064616705392837e+03 5.877997170925811437e-14 5.312716538238370363e-16
4.805811719425011688e+03 5.920200649899820147e-14 5.357077978634298796e-16
4.808558822144630540e+03 5.868954415414265766e-14 5.333418118646140289e-16
4.811305924864249391e+03 5.878362017961368973e-14 5.333028212149157002e-16
4.814053027583868243e+03 6.008922673724750317e-14 5.388706949749597711e-16
4.816800130303487094e+03 6.042600480212675724e-14 5.367833839403650537e-16
4.819547233023105946e+03 5.843882533849857829e-14 5.316733785778541840e-16
4.822294335742724797e+03 5.766410869606535033e-14 5.301153755573146182e-16
4.825041438462343649e+03 5.749122729362575745e-14 5.263732214440669059e-16
4.827788541181962501e+03 5.728385362131070215e-14 5.251057082296362369e-16
4.830535643901581352e+03 5.763169039963359130e-14 5.262128612715178604e-16
4.833282746621200204e+03 5.703628447992523092e-14 5.230635039107681009e-16
4.836029849340819055e+03 5.512881894317748333e-14 5.162499954290979885e-16
4.838776952060437907e+03 5.326262582892078210e-14 5.094956332094603723e-16
4.841524054780056758e+03 5.227176349511605067e-14 5.050124385922825962e-16
4.844271157499675610e+03 5.175893417191169352e-14 5.035941855961515542e-16
4.847018260219294461e+03 5.112948314756758736e-14 5.002418276270350892e-16
4.849765362938913313e+03 5.012316220711155321e-14 4.953798638893178650e-16
4.852512465658532165e+03 4.969109742475402495e-14 6.888750959744338851e-16
4.855259568378151016e+03 4.849068127826643149e-14 6.899334288896900348e-16
4.858006671097769868e+03 4.758144425246630219e-14 4.873925696874613443e-16
4.860753773817388719e+03 4.653034768635137048e-14 4.836857378815413084e-16
4.863500876537007571e+03 4.607598341090534717e-14 4.786026586653404745e-16
4.866247979256626422e+03 4.482423955055953007e-14 4.709164857505516601e-16
4.868995081976245274e+03 4.385938546674191666e-14 4.663541222403536533e-16
4.871742184695864125e+03 4.413800048552508283e-14 4.708741260104526674e-16
4.874489287415482977e+03 4.438514609467770746e-14 4.749172883004965339e-16
4.877236390135101828e+03 4.371337523673273577e-14 4.682948390445458505e-16
4.879983492854720680e+03 4.359266083673003358e-14 4.659509255935821741e-16
4.882730595574339532e+03 4.371305970138183704e-14 4.664504095731795514e-16
4.885477698293958383e+03 4.397032850070400648e-14 4.662945406398643097e-16
4.888224801013577235e+03 4.526065807151207998e-14 4.720440463359694066e-16
4.890971903733196086e+03 4.487905611724520927e-14 4.694047506848761478e-16
4.893719006452814938e+03 4.433802895456819899e-14 4.698107857215978840e-16
4.896466109172433789e+03 4.496709073171499134e-14 4.752556917975528335e-16
4.899213211892052641e+03 4.620387724702182506e-14 4.812833707413170351e-16
4.901960314611671492e+03 4.776612978865564753e-14 4.841226673851531710e-16
4.904707417331290344e+03 4.831125099355685557e-14 4.842211213618621553e-16
4.907454520050909196e+03 4.839395029984651424e-14 4.894759833666807039e-16
4.910201622770528047e+03 4.857072317683025032e-14 4.866202491870650925e-16
4.912948725490146899e+03 4.892735429537070484e-14 4.923904159118874358e-16
4.915695828209765750e+03 4.908211088567608394e-14 4.920277112520410277e-16
4.918442930929384602e+03 4.895750211152998988e-14 4.847655215514652698e-16
4.921190033649003453e+03 4.920493722752487998e-14 4.850409681455485566e-16
4.923937136368622305e+03 5.006728095502142817e-14 4.874945520915376131e-16
4.926684239088241156e+03 5.043642284650940046e-14 4.885624225434749652e-16
4.929431341807860008e+03 5.024785795326663787e-14 4.890361876046675942e-16
4.932178444527478860e+03 5.003326299518945231e-14 4.886420408101912266e-16
4.934925547247097711e+03 4.950881100533605845e-14 4.934511222704393629e-16
4.937672649966716563e+03 4.896360745012302379e-14 4.966536286434728462e-16
4.940419752686335414e+03 4.961989016480137521e-14 4.910422506822650666e-16
4.943166855405954266e+03 4.960869266350063161e-14 4.872471094595546548e-16
4.945913958125573117e+03 4.914422897324971568e-14 4.846089446705632969e-16
4.948661060845191969e+03 4.947832293271255658e-14 4.924087768810008370e-16
4.951408163564810820e+03 4.904720632155405713e-14 4.926907674980159998e-16
4.954155266284429672e+03 4.950111599660085352e-14 4.873424920267100727e-16
4.956902369004048523e+03 4.963283911538376808e-14 4.843063880516890206e-16
4.959649471723667375e+03 4.921337547995831404e-14 4.826835307551931515e-16
4.962396574443286227e+03 4.872772378108258913e-14 4.794914056139581865e-16
4.965143677162905078e+03 4.688312087783323053e-14 4.784119098964943188e-16
4.967890779882523930e+03 4.640249704335156223e-14 4.749265758584070144e-16
4.970637882602142781e+03 4.639649233464343907e-14 4.695534446808179820e-16
4.973384985321761633e+03 4.653419823554428625e-14 4.707333765452669318e-16
4.976132088041380484e+03 4.595415558690952742e-14 4.674752969363953819e-16
4.978879190760999336e+03 4.545468483696342863e-14 4.658219644613561946e-16
4.981626293480618187e+03 4.560476382690330289e-14 4.659760290051121498e-16
4.984373396200237039e+03 4.511552536495898684e-14 4.663364826690953356e-16
4.987120498919855891e+03 4.424427072251564317e-14 4.622500809033277314e-16
4.989867601639474742e+03 4.356000640733453036e-14 4.602567361834060431e-16
4.992614704359093594e+03 4.332661607770399852e-14 4.610752086690940951e-16
4.995361807078712445e+03 4.341286030582467194e-14 4.608761939350769266e-16
4.998108909798331297e+03 4.347765966043784601e-14 4.589344688159057084e-16
5.000856012517950148e+03 4.304343774301622700e-14 4.574601897046409197e-16
5.003603115237569000e+03 4.407315311548345155e-14 4.628909007689818565e-16
5.006350217957187851e+03 4.417433827561064951e-14 4.620052320313511053e-16
5.009097320676806703e+03 4.388768191485148717e-14 4.606706370869499973e-16
5.011844423396425555e+03 4.512791452971401037e-14 4.659678778793191753e-16
5.014591526116044406e+03 4.555714971492082044e-14 4.685138283230738970e-16
5.017338628835663258e+03 4.543636881298064052e-14 4.682073609368283849e-16
5.020085731555282109e+03 4.550372567902718929e-14 4.667565969312048969e-16
5.022832834274900961e+03 4.555762089875255804e-14 4.663594676424180352e-16
5.025579936994519812e+03 4.637147792886748552e-14 4.701431557041670307e-16
5.028327039714138664e+03 4.633799809605038678e-14 4.704257025269859640e-16
5.031074142433757515e+03 4.589557009012697466e-14 4.713455944172330113e-16
5.033821245153376367e+03 4.660054704592301462e-14 4.737959559412407942e-16
5.036568347872995218e+03 4.782600541360380803e-14 4.769319599621967829e-16
5.039315450592614070e+03 4.746775621100904493e-14 4.890502819758080198e-16
5.042062553312232922e+03 4.717271014774389141e-14 4.795693638251926802e-16
5.044809656031851773e+03 4.860817562464919053e-14 4.797824101060278737e-16
5.047556758751470625e+03 4.909168106483755304e-14 4.821252451724594647e-16
5.050303861471089476e+03 4.968395085459689100e-14 4.843000094656076751e-16
5.053050964190708328e+03 5.056230935619670783e-14 5.038962345391706823e-16
5.055798066910327179e+03 5.011552441328555665e-14 5.498275993738820272e-16
5.058545169629946031e+03 5.023304717126734899e-14 5.131398889305869380e-16
5.061292272349564882e+03 5.143544495507430137e-14 4.910520686880323965e-16
5.064039375069183734e+03 5.308344785479818845e-14 5.007309103475738772e-16
5.066786477788802586e+03 5.384281581680199131e-14 5.026286929794321710e-16
5.069533580508421437e+03 5.436830473502825017e-14 5.041390238403192704e-16
5.072280683228040289e+03 5.525628056225412599e-14 5.072402701380290490e-16
5.075027785947659140e+03 5.625620460425709742e-14 5.106289733049299665e-16
5.077774888667277992e+03 5.651798020663216126e-14 5.114970136345500824e-16
5.080521991386896843e+03 5.787857360513740915e-14 5.178301192083264638e-16
5.083269094106515695e+03 5.900576414531052465e-14 5.243514325871926668e-16
5.086016196826134546e+03 6.053333447786631529e-14 5.354723460734308152e-16
5.088763299545753398e+03 6.154070138469175856e-14 5.326515683420908737e-16
5.091510402265372250e+03 6.227844229261958807e-14 5.361570435377818808e-16
5.094257504984991101e+03 6.315790224876749301e-14 5.398037278159185136e-16
5.097004607704609953e+03 6.331679376383411490e-14 5.379529230754796127e-16
5.099751710424228804e+03 6.449270859267809262e-14 5.466870548882118548e-16
5.102498813143847656e+03 6.602846467818042213e-14 5.585705733038180216e-16
5.105245915863466507e+03 6.593547683487313112e-14 5.560259223024615667e-16
5.107993018583085359e+03 6.590533063624277686e-14 5.509037565784049172e-16
5.110740121302704210e+03 6.643251903170412568e-14 5.524228957458596857e-16
5.113487224022323062e+03 6.733885351581055361e-14 5.557911327170338754e-16
5.116234326741941913e+03 6.893363107301767114e-14 5.654930416294031349e-16
5.118981429461560765e+03 6.935862987787808519e-14 5.626911216633906986e-16
5.121728532181179617e+03 6.995636432023317217e-14 5.640015666670328046e-16
5.124475634900798468e+03 7.156321627480232327e-14 5.724137302455394506e-16
5.127222737620417320e+03 7.276702408893275296e-14 5.846934109065255424e-16
5.129969840340036171e+03 7.098672023518366285e-14 6.234323961047200407e-16
5.132716943059655023e+03 7.077723325711525432e-14 5.877321937865842987e-16
5.135464045779273874e+03 7.234835433626211701e-14 5.762547611679821086e-16
5.138211148498892726e+03 7.241279631003112596e-14 5.788436475101203839e-16
5.140958251218511577e+03 7.108876202124866772e-14 5.718548186932210792e-16
5.143705353938130429e+03 7.203524595957852655e-14 5.761310868353004344e-16
5.146452456657749281e+03 7.213097747307560473e-14 5.761864564483674049e-16
5.149199559377368132e+03 7.148331781000610512e-14 5.742846884134864128e-16
5.151946662096986984e+03 7.104700754518262997e-14 5.764501685185556044e-16
5.154693764816605835e+03 6.902757628334990539e-14 5.670842464241998756e-16
5.157440867536224687e+03 7.027735970731090748e-14 5.725399293322873666e-16
5.160187970255843538e+03 7.009782056516036230e-14 5.700642895178670040e-16
5.162935072975462390e+03 7.021103072174898863e-14 5.732108981503977080e-16
5.165682175695081241e+03 7.122402548838142568e-14 5.769115438644028359e-16
5.168429278414700093e+03 7.044056784432044552e-14 5.755101201169636529e-16
5.171176381134318945e+03 6.970638620944545539e-14 5.737206533662988079e-16
5.173923483853937796e+03 7.005916420786658318e-14 5.832966358413048185e-16
5.176670586573556648e+03 7.032187481889130065e-14 5.802669340896119364e-16
5.179417689293175499e+03 6.897615640202432840e-14 5.801088851648124462e-16
5.182164792012794351e+03 6.916972575746020464e-14 5.744793238378631720e-16
5.184911894732413202e+03 7.007042572679213395e-14 5.789987489716825062e-16
5.187658997452032054e+03 7.068864566122723462e-14 5.807461668803471161e-16
5.190406100171650905e+03 6.908290453120989809e-14 5.720106940725643104e-16
5.193153202891269757e+03 6.919333779864874274e-14 5.772584946605475430e-16
5.195900305610888608e+03 6.971732206560539104e-14 5.788106319493299422e-16
5.198647408330507460e+03 7.194737095627486516e-14 5.983401526239246722e-16
5.201394511050126312e+03 7.210957599577022456e-14 5.991271608182946402e-16
5.204141613769745163e+03 7.032562468318313640e-14 5.850586515238413599e-16
5.206888716489364015e+03 6.966064732848296222e-14 5.888268033948203362e-16
5.209635819208982866e+03 7.208295848073745678e-14 5.974677035230105430e-16
5.212382921928601718e+03 7.191597681635437687e-14 5.936940444155142699e-16
5.215130024648220569e+03 7.267041960742124496e-14 6.002429822024474082e-16
5.217877127367839421e+03 7.072251717764064186e-14 5.896924274058836482e-16
5.220624230087458272e+03 7.074773670868131518e-14 5.939664418774273404e-16
5.223371332807077124e+03 7.157698503502097151e-14 5.974823731531719628e-16
5.226118435526695976e+03 7.023142607823941681e-14 5.900986947040618906e-16
5.228865538246314827e+03 7.075961603096101022e-14 5.964402561913182523e-16
5.231612640965933679e+03 7.130888890847246312e-14 6.008831055956169495e-16
5.234359743685552530e+03 6.919152042868756162e-14 5.901937239135444259e-16
5.237106846405171382e+03 6.885776173664222795e-14 5.905680728520195172e-16
5.239853949124790233e+03 6.780419498495013149e-14 6.714666391747521524e-16
5.242601051844409085e+03 6.628200353018266863e-14 5.940630607085122416e-16
5.245348154564027936e+03 6.520774456201931627e-14 5.778289345860645261e-16
5.248095257283646788e+03 6.520367854021852036e-14 5.821463945915470136e-16
5.250842360003265640e+03 6.361533229661704478e-14 6.531202056014932398e-16
5.253589462722884491e+03 6.184209678306259411e-14 6.007026187982298717e-16
5.256336565442503343e+03 6.024094552500835566e-14 5.655542381212967080e-16
5.259083668162122194e+03 5.999945241683182486e-14 5.670567318761728243e-16
5.261830770881741046e+03 5.930399686231806484e-14 5.803135118194404432e-16
5.264577873601359897e+03 5.684847038950874604e-14 5.652949903716236459e-16
5.267324976320978749e+03 5.542771113650638327e-14 5.513336831743316679e-16
5.270072079040597600e+03 5.464841090164405388e-14 5.469668766606844994e-16
5.272819181760216452e+03 5.495193298127262609e-14 5.526213494198205603e-16
5.275566284479835304e+03 5.234091499149707680e-14 5.475432997820288733e-16
5.278313387199454155e+03 5.149475927148006707e-14 5.392936702664901933e-16
5.281060489919073007e+03 5.155599817697887840e-14 5.399712337791829732e-16
5.283807592638691858e+03 4.964873345027280173e-14 5.312007764164366267e-16
5.286554695358310710e+03 5.019902290301605430e-14 5.387248022703758321e-16
5.289301798077929561e+03 4.920194590480731941e-14 4.493177034144268456e-16
5.291000000000000000e+03 4.939028073412098080e-14 3.534669995646466982e-16
5.292048900797548413e+03 4.929006469593115172e-14 4.498487754714800026e-16
5.294796003517167264e+03 4.897447258717086351e-14 4.104552623047220513e-16
5.295879707737280114e+03 4.913610479631680860e-14 3.320435774898239551e-16
5.297543106236786116e+03 4.918023550682694449e-14 3.666700843232280300e-16
5.300290208956404967e+03 4.910411918933343010e-14 4.056501138968441638e-16
5.300759415474560228e+03 4.905340184184492750e-14 3.670466649599777607e-16
5.303037311676023819e+03 4.868542397870210831e-14 3.436905324975330075e-16
5.305639123211840342e+03 4.890184865838740135e-14 3.911694291835879877e-16
5.305784414395642671e+03 4.890694168820251098e-14 4.029259019616474169e-16
5.308531517115261522e+03 4.907091860105619452e-14 3.430131962996202806e-16
5.310518830949120456e+03 4.954006310589306947e-14 3.449688060615242488e-16
5.311278619834880374e+03 4.929993629822625970e-14 3.998835793426066576e-16
5.314025722554499225e+03 4.977558939098833308e-14 3.757187278370756320e-16
5.315398538686400570e+03 4.946386964783513898e-14 3.282264090179585630e-16
5.316772825274118077e+03 4.889739754932538684e-14 3.785105712480944642e-16
5.319519927993736928e+03 4.902485084831975596e-14 4.015271603160732019e-16
5.320278246423680685e+03 5.167323650028241549e-14 3.540442763418265642e-16
5.322267030713355780e+03 5.575586338933557927e-14 3.781279095167901794e-16
5.325014133432974631e+03 5.460977388159157105e-14 4.317856573886763970e-16
5.325157954160960799e+03 5.439166953487787709e-14 4.183768528304737826e-16
5.327761236152593483e+03 5.187389632331875967e-14 3.515422169594241250e-16
5.330037661898240913e+03 5.015688832592143876e-14 3.752488828448628092e-16
5.330508338872212335e+03 5.028883894618900223e-14 4.143199663698914764e-16
5.333255441591831186e+03 5.003253494891036418e-14 3.642174218133425337e-16
5.334917369635521027e+03 5.014144338885244277e-14 3.402235522980460229e-16
5.336002544311450038e+03 5.032920558165575556e-14 4.153283409138705976e-16
5.338749647031068889e+03 4.860190279551735850e-14 4.109231621185006067e-16
5.339797077372801141e+03 4.890939175733561818e-14 3.377281386115801618e-16
5.341496749750687741e+03 4.913281848701581196e-14 3.629023525819376615e-16
5.344243852470306592e+03 4.940764517300813545e-14 4.196321401899574459e-16
5.344676785110081255e+03 4.939779902046972399e-14 3.833091286150369132e-16
5.346990955189925444e+03 4.933543193775098272e-14 3.517330295344439696e-16
5.349556492847361369e+03 4.978902157776162091e-14 4.101168846978343393e-16
5.349738057909544295e+03 4.983466665093043135e-14 4.260615224207879985e-16
5.352485160629163147e+03 5.059546281777912289e-14 3.703633452182113572e-16
5.354436200584641483e+03 5.061702734487358121e-14 3.684362106554113958e-16
5.355232263348781999e+03 5.040532172990147884e-14 4.332595763508611333e-16
5.357979366068400850e+03 5.194985009068775639e-14 4.134813708505312065e-16
5.359315908321921597e+03 5.152137786242418121e-14 3.504119457969552622e-16
5.360726468788019702e+03 5.123399299162598940e-14 4.036297082407619523e-16
5.363473571507638553e+03 5.265826075032117262e-14 4.444442710491669590e-16
5.364195616059201711e+03 5.259098914376656629e-14 3.818225397950470305e-16
5.366220674227257405e+03 5.285420559472241664e-14 3.750948018494136617e-16
5.368967776946876256e+03 5.358518343647050193e-14 4.517065791590537864e-16
5.369075323796481825e+03 5.358453863318804158e-14 4.417801922221748415e-16
5.371714879666495108e+03 5.360348381397360201e-14 3.753839944154886493e-16
5.373955031533761939e+03 5.336114249407846167e-14 4.036568625853520468e-16
5.374461982386113959e+03 5.334128377191965572e-14 4.496462860681302855e-16
5.377209085105732811e+03 5.338462086385383790e-14 4.008647244255047557e-16
5.378834739271042054e+03 5.308165438248031894e-14 3.752222330540357034e-16
5.379956187825351662e+03 5.352014055627337876e-14 4.597707935610185385e-16
5.382703290544970514e+03 5.439960284825186625e-14 4.600802047856223515e-16
5.383714447008322168e+03 5.429478443158634236e-14 3.779173715988642351e-16
5.385450393264589366e+03 5.439320697268244651e-14 3.968082024705785068e-16
5.388197495984208217e+03 5.335093548863896402e-14 4.513036170361528410e-16
5.388594154745602282e+03 5.328402103521127649e-14 4.152581033977625255e-16
5.390944598703827069e+03 5.324270218061205347e-14 3.748326897253874881e-16
5.393473862482882396e+03 5.250927249002189102e-14 4.307861288740000120e-16
5.393691701423445920e+03 5.246589204930643575e-14 4.501746536573237596e-16
5.396438804143064772e+03 5.216787506646910836e-14 3.822331777305493037e-16
5.398353570220162510e+03 5.264234574355780760e-14 3.863213109729486922e-16
5.399185906862683623e+03 5.286694596916431118e-14 4.556468188491079476e-16
5.401933009582302475e+03 5.425222604334841077e-14 4.317304684792576429e-16
5.403233277957442624e+03 5.432377527309016955e-14 3.699954628604926957e-16
5.404680112301921326e+03 5.446448909013907322e-14 4.186120859560245064e-16
5.407427215021540178e+03 5.349062670632165857e-14 4.520842287269435380e-16
5.408112985694722738e+03 5.367463054704133710e-14 3.949594440873276358e-16
5.410174317741159030e+03 5.379646981238379715e-14 3.788126174969626966e-16
5.412921420460777881e+03 5.380440443726640525e-14 4.597922932803940653e-16
5.412992693432002852e+03 5.381048534070469665e-14 4.534214327265935091e-16
5.415668523180396733e+03 5.409373361636131246e-14 3.750893455344155623e-16
5.417872401169282966e+03 5.403245395796398580e-14 4.074593025892362866e-16
5.418415625900015584e+03 5.402988675159763998e-14 4.526095874166550189e-16
5.421162728619634436e+03 5.325055260743241572e-14 3.940895257218586067e-16
5.422752108906563080e+03 5.326623724428423302e-14 3.704572242165256001e-16
5.423909831339253287e+03 5.301975129940910050e-14 4.376065430659772362e-16
5.426656934058872139e+03 5.207441549528968891e-14 4.407815852795921211e-16
5.427631816643843194e+03 5.220767332061921318e-14 3.718374177118840110e-16
5.429404036778490990e+03 5.140934055302369673e-14 3.722683645212326559e-16
5.432151139498109842e+03 5.004067702940905501e-14 4.337184667738051253e-16
5.432511524381123309e+03 5.016567836054979602e-14 4.069701866125703332e-16
5.434898242217728694e+03 4.969089742603811194e-14 3.487644122330465760e-16
5.437391232118403423e+03 5.008054899145617750e-14 4.163364630223507789e-16
5.437645344937347545e+03 5.004474605095176665e-14 4.351708932573408990e-16
5.440392447656966397e+03 5.027336116836009297e-14 3.576234905846336363e-16
5.442270939855683537e+03 5.038419203863266266e-14 3.714521711773272783e-16
5.443139550376585248e+03 5.073531583634733832e-14 4.322201015960039402e-16
5.445886653096204100e+03 4.908493058421976503e-14 4.002482182854225279e-16
5.447150647592963651e+03 4.880107297095340966e-14 3.523632869013677451e-16
5.448633755815822951e+03 4.847086643289300945e-14 3.785290773821970622e-16
5.451380858535441803e+03 4.705978115018957299e-14 4.334145816532246637e-16
5.452030355330243765e+03 4.727963794441815791e-14 3.855903342069017372e-16
5.454127961255060654e+03 4.655884600730019332e-14 3.460675532828393502e-16
5.456875063974679506e+03 4.658572523552065830e-14 4.142918471700843530e-16
5.456910063067523879e+03 4.658802578704035541e-14 4.120335594157979256e-16
5.459622166694298357e+03 4.575670922454292503e-14 3.272756354404326418e-16
5.461789770804803993e+03 4.491769070567081366e-14 3.670353665782278062e-16
5.462369269413917209e+03 4.477761536182979099e-14 4.038720017823856371e-16
5.465116372133536061e+03 4.493324084048814187e-14 3.536221591157433987e-16
5.466669478542084107e+03 4.499515515008387222e-14 3.429161154724831789e-16
5.467863474853154912e+03 4.477645210460329142e-14 3.905948426182465699e-16
5.470610577572773764e+03 4.458840306618405376e-14 4.054236091221724759e-16
5.471549186279364221e+03 4.459915992226646714e-14 3.505990596107166568e-16
5.473357680292392615e+03 4.460946829744965352e-14 3.354737819661221767e-16
5.476104783012011467e+03 4.395842436688916261e-14 3.982142384246663593e-16
5.476428894016644335e+03 4.518190090564042947e-14 3.796729843416960869e-16
5.478851885731630318e+03 4.833214167744811088e-14 3.310381421136867193e-16
5.481308601753924449e+03 4.553295632019045045e-14 3.819643139372968393e-16
5.481598988451249170e+03 4.448586057276047096e-14 3.986660707116590773e-16
5.484346091170868021e+03 4.526951404574744326e-14 3.293141499469512862e-16
5.486188309491204564e+03 4.570949246355732872e-14 3.533687910954744074e-16
5.487093193890486873e+03 4.582734932234688288e-14 4.037822980115178783e-16
5.489840296610105725e+03 4.581729339804934463e-14 3.851351559313801326e-16
5.491068017228484678e+03 4.589200929300081756e-14 3.458597144049044503e-16
5.492587399329724576e+03 4.674142846665592534e-14 3.564450477409494857e-16
5.495334502049343428e+03 4.879066956779816038e-14 4.153564724382364339e-16
5.495947724965764792e+03 4.866736863109924737e-14 3.789288520029871953e-16
5.498081604768962279e+03 4.888494192069127799e-14 3.271897650689026521e-16
5.500827432703044906e+03 4.899873020217863277e-14 4.260481884405252042e-16
5.500828707488581131e+03 4.899896177127162034e-14 4.261150879317241052e-16
5.503575810208199982e+03 4.982393435379360313e-14 3.453864974159741524e-16
5.505707140440325020e+03 5.080516596656591602e-14 4.042652912793744384e-16
5.506322912927818834e+03 5.110139906123768038e-14 4.462909172545069131e-16
5.509070015647437685e+03 5.097514999819176359e-14 3.786040571197778573e-16
5.510586848177605134e+03 5.135646320725396189e-14 3.697227360890231908e-16
5.511817118367056537e+03 5.248870503046723937e-14 4.071671398297969881e-16
5.514564221086675389e+03 5.348681244181010825e-14 4.331235239075031123e-16
5.515466555914885248e+03 5.359095230365258773e-14 3.802327711052633626e-16
5.517311323806294240e+03 5.451274902830300078e-14 3.540802620834361110e-16
5.520058426525913092e+03 5.501101123655424754e-14 4.347102432632976440e-16
5.520346263652165362e+03 5.499149308239891059e-14 4.169811611538548273e-16
5.522805529245531943e+03 5.563584527556254407e-14 3.430159569540402524e-16
5.525225971389445476e+03 5.617356414159047696e-14 4.170045558822656257e-16
5.525552631965150795e+03 5.618364364326742451e-14 4.367681046666207170e-16
5.528299734684769646e+03 5.702030232421246874e-14 3.601142000059900490e-16
5.530105679126725590e+03 5.742918405749854076e-14 3.847595794158389752e-16
5.531046837404388498e+03 5.777020877623865427e-14 4.411145404436122362e-16
5.533793940124007349e+03 5.778953376476641852e-14 4.219938847334076328e-16
5.534985386864005704e+03 5.787831617752288725e-14 3.756150098516827004e-16
5.536541042843626201e+03 5.850732571642166703e-14 3.813800094202671018e-16
5.539288145563245052e+03 5.996075231091604058e-14 4.474497455953729974e-16
5.539865094601285818e+03 5.965062623040543607e-14 4.100456503785106690e-16
5.542035248282863904e+03 5.979848148594193728e-14 3.584472526189342300e-16
5.544744802338565933e+03 5.947383866095282832e-14 4.433970871137153236e-16
5.544782351002482756e+03 5.949281605107101136e-14 4.458441693720242211e-16
5.547529453722101607e+03 6.145390147474619019e-14 3.593893657253638386e-16
5.549624510075846047e+03 6.174644028603185049e-14 4.100621446808069192e-16
5.550276556441720459e+03 6.190096254906137414e-14 4.522293079702749722e-16
5.553023659161339310e+03 6.131465726969110295e-14 3.941123546718051967e-16
5.554504217813126161e+03 6.149483134628902905e-14 3.789394301777377620e-16
5.555770761880958162e+03 6.200771668394208935e-14 4.202459635885500628e-16
5.558517864600577013e+03 6.208430886022044824e-14 4.475421359615426374e-16
5.559383925550406275e+03 6.200522840119324349e-14 3.930121091760581201e-16
5.561264967320195865e+03 6.228914221555223683e-14 3.656619391059923231e-16
5.564012070039814716e+03 6.296489830285130536e-14 4.463625244172177240e-16
5.564263633287686389e+03 6.300986186601272065e-14 4.299337482871836711e-16
5.566759172759433568e+03 6.300261637780047481e-14 3.511561574252373567e-16
5.569143341024966503e+03 6.346561907137131931e-14 4.432681363617539238e-16
5.569506275479052420e+03 6.341794065259982629e-14 4.652804559569396094e-16
5.572253378198671271e+03 6.435523894602425174e-14 3.880182114093558871e-16
5.574023048762246617e+03 6.410098402806173782e-14 3.961378873803837387e-16
5.575000480918290123e+03 6.396516044761367976e-14 4.513711992740094915e-16
5.577747583637908974e+03 6.452513099590708983e-14 4.353482180157286533e-16
5.578902756499526731e+03 6.492999724051112001e-14 3.818317477545692253e-16
5.580494686357527826e+03 6.514288312950591178e-14 3.873390375260466337e-16
5.583241789077146677e+03 6.601646880210188899e-14 4.499207290671340047e-16
5.583782464236806845e+03 6.598382840868790054e-14 4.129777941144407321e-16
5.585988891796765529e+03 6.596131268062635641e-14 3.560738480713587236e-16
5.588662171974086959e+03 6.549052406975801131e-14 4.393525829429121265e-16
5.588735994516384380e+03 6.549536690391765650e-14 4.442908354344450423e-16
5.591483097236003232e+03 6.621264466990525602e-14 3.653349875474728620e-16
5.593541879711367073e+03 6.681990638640907893e-14 4.107973478384881585e-16
5.594230199955622084e+03 6.705008899598090382e-14 4.608242879999406765e-16
5.596977302675240935e+03 6.676789175044383052e-14 4.002448398479093804e-16
5.598421587448647188e+03 6.700989981890909267e-14 3.765354396079901508e-16
5.599724405394859787e+03 6.705862780169906243e-14 4.160898095478686689e-16
5.602471508114478638e+03 6.823028253686180360e-14 4.483665027865577324e-16
5.603301295185927302e+03 6.802474864452060239e-14 3.935354479323293641e-16
5.605218610834097490e+03 6.756306977962238571e-14 3.643459893906968296e-16
5.607965713553716341e+03 6.684370517345111750e-14 4.431100728363434221e-16
5.608181002923207416e+03 6.683733595764843942e-14 4.284677255623124325e-16
5.610712816273335193e+03 6.730562045750648209e-14 3.618774513705973975e-16
5.613060710660487530e+03 6.757885112173408608e-14 4.165908612700273282e-16
5.613459918992954044e+03 6.759171335533611526e-14 4.433536891479130984e-16
5.616207021712572896e+03 6.745388774692074896e-14 3.763898417168963666e-16
5.617940418397767644e+03 6.773477225135856637e-14 3.816723829114604434e-16
5.618954124432191747e+03 6.777947707037117839e-14 4.414153938122250752e-16
5.621701227151810599e+03 6.789370672477955357e-14 4.347433986884466325e-16
5.622820126135047758e+03 6.731841645618322123e-14 3.734863596425994132e-16
5.624448329871429451e+03 6.756407305059113611e-14 3.772216753827637799e-16
5.627195432591048302e+03 6.722420293175305277e-14 4.464702802704278136e-16
5.627699833872327872e+03 6.713296466596173713e-14 4.093866075509597259e-16
5.629942535310667154e+03 6.765824292609032782e-14 3.543084146810386100e-16
5.632579541609607986e+03 6.667218202174285548e-14 4.261326671679236249e-16
5.632689638030286005e+03 6.666011609334868267e-14 4.334590353980407466e-16
5.635436740749904857e+03 6.645508252027554303e-14 3.465819796025241417e-16
5.637459249346888100e+03 6.615663881301403866e-14 3.807119051282145291e-16
5.638183843469523708e+03 6.602514429392229123e-14 4.282140069059508874e-16
5.640930946189142560e+03 6.657463276729979650e-14 3.902378612535924698e-16
5.642338957084168214e+03 6.671140137066690206e-14 3.611542080439787026e-16
5.643678048908761411e+03 6.676831917008204191e-14 3.975516663098716998e-16
5.646425151628380263e+03 6.681000090187076587e-14 4.417606337503069536e-16
5.647218664821448328e+03 6.710705547605232301e-14 3.892406752550118768e-16
5.649172254347999115e+03 6.690766398605618922e-14 3.519260245320606357e-16
5.651919357067617966e+03 6.568783007112297494e-14 4.238487570759283961e-16
5.652098372558728443e+03 6.569512973356214706e-14 4.119340917661782385e-16
5.654666459787236818e+03 6.517025681265164336e-14 3.359549111101306418e-16
5.656978080296008557e+03 6.551668453542151623e-14 3.920637875785677488e-16
5.657413562506855669e+03 6.546791339375618590e-14 4.212172357293232298e-16
5.660160665226474521e+03 6.544978064001296551e-14 3.564952909837553862e-16
5.661857788033288671e+03 6.569743490230043653e-14 3.569468089638830139e-16
5.662907767946093372e+03 6.569296598926122205e-14 4.197908565602906050e-16
5.665654870665712224e+03 6.584338040982975963e-14 4.172484982799193642e-16
5.666737495770568785e+03 6.574199561043154296e-14 3.545355389962142890e-16
5.668401973385331075e+03 6.512464952551855552e-14 3.559351526134308090e-16
5.671149076104949927e+03 6.447515795551826133e-14 4.134582073845925532e-16
5.671617203507848899e+03 6.446278999702396230e-14 3.821013433591773941e-16
5.673896178824568779e+03 6.427142944761971013e-14 3.309653065595644897e-16
5.676496911245129013e+03 6.357731055454014573e-14 4.007490263718548822e-16
5.676643281544187630e+03 6.359014481168796142e-14 4.104535117249521009e-16
5.679390384263806482e+03 6.383751017379672542e-14 3.329917467769165793e-16
5.681376618982409127e+03 6.351330846490204448e-14 3.581480291261644492e-16
5.682137486983425333e+03 6.377696754736737463e-14 4.078314287406179803e-16
5.684884589703044185e+03 6.343380512656686679e-14 3.720428679539750081e-16
5.686256326719689241e+03 6.312135855853456947e-14 3.374237116479496505e-16
5.687631692422663036e+03 6.287724603221187587e-14 3.710238074718296457e-16
5.690378795142281888e+03 6.155556621717476564e-14 4.009025097467324672e-16
5.691136034456969355e+03 6.117890100053202045e-14 5.385793088809699350e-16
5.696015742194249469e+03 6.103724052412755623e-14 5.327364913040551114e-16
5.700895449931529583e+03 6.142816941428204717e-14 6.100385483202409183e-16
5.705775157668809697e+03 6.082743338025346676e-14 5.314617972873791422e-16
5.710654865406089812e+03 6.071865841694784425e-14 5.280073803809218539e-16
5.715534573143369926e+03 6.115393927397639148e-14 5.293922696670145103e-16
5.720414280880650040e+03 6.081004130666673030e-14 5.259723824550689582e-16
5.725293988617930154e+03 5.887244912834151001e-14 5.213996679224314775e-16
5.730173696355210268e+03 5.872780825026918575e-14 5.286371427419697402e-16
5.735053404092490382e+03 5.880910269765096604e-14 5.192021214867388818e-16
5.739933111829770496e+03 5.910806464264142957e-14 5.186012538331119760e-16
5.744812819567050610e+03 5.769456266880399101e-14 5.108204178655965112e-16
5.749692527304330724e+03 5.882931211151164627e-14 5.165393828885883664e-16
5.754572235041610838e+03 5.789105343044688775e-14 5.104580479001358618e-16
5.759451942778890952e+03 5.640920361316711815e-14 5.033639420839537123e-16
5.764331650516171067e+03 5.618834487906881571e-14 5.054595926915593971e-16
5.769211358253451181e+03 5.656654995411143903e-14 5.020151352916180225e-16
5.774091065990731295e+03 5.667914097777773905e-14 5.049325392120826108e-16
5.778970773728011409e+03 5.509596434503429339e-14 4.934075790026089473e-16
5.783850481465291523e+03 5.503628595774317418e-14 4.943782151738383044e-16
5.788730189202571637e+03 5.646284395763972101e-14 4.981709187051498058e-16
5.793609896939851751e+03 5.638844337124080351e-14 4.980599111347172159e-16
5.798489604677131865e+03 5.540746018873775828e-14 4.953883155129528170e-16
5.803369312414411979e+03 5.648398157187274687e-14 4.970198623743335342e-16
5.808249020151692093e+03 5.732796912808836750e-14 5.092924864696858153e-16
5.813128727888972207e+03 5.632041418058349641e-14 4.966535377520768028e-16
5.818008435626252322e+03 5.670792332549494679e-14 5.009596250712102054e-16
5.822888143363532436e+03 5.811433102650727970e-14 4.991757082497930044e-16
5.827767851100812550e+03 5.834154422343522756e-14 5.004227072710460990e-16
5.832647558838092664e+03 5.843250565276546724e-14 4.974369242672359943e-16
5.837527266575372778e+03 5.885217091970312660e-14 5.019843730412258567e-16
5.842406974312652892e+03 5.951867122347294853e-14 5.032848743034121306e-16
5.847286682049933006e+03 5.991476399776225505e-14 5.021110113857385106e-16
5.852166389787213120e+03 5.967206344993758428e-14 4.996611899795102260e-16
5.857046097524493234e+03 6.008443135363372067e-14 5.031256365220735407e-16
5.861925805261773348e+03 6.065690140119454974e-14 5.009336219975301903e-16
5.866805512999053462e+03 6.015408603066666868e-14 5.019522560056924298e-16
5.871685220736333576e+03 5.944714468531685131e-14 5.085073846497844429e-16
5.876564928473613691e+03 6.042406097515916509e-14 4.998070470203493666e-16
5.881444636210893805e+03 5.958428827028142419e-14 4.963757355481025000e-16
5.886324343948173919e+03 5.914782232780970396e-14 4.975195538670262610e-16
5.891204051685454033e+03 5.886183677352282263e-14 5.196820270710563163e-16
5.896083759422734147e+03 5.946846665267974271e-14 5.583891138806448810e-16
5.900963467160014261e+03 5.905002957130422460e-14 5.042633818566212331e-16
5.905843174897294375e+03 5.797852474278033079e-14 5.177997637947487224e-16
5.910722882634574489e+03 5.601233227273414530e-14 5.071021677072450017e-16
5.915602590371854603e+03 5.378090811342047054e-14 4.761478648822603861e-16
5.920482298109134717e+03 4.926301136198833054e-14 4.551035115813173385e-16
5.925362005846414831e+03 5.047475762521667112e-14 4.665860617464896024e-16
5.930241713583694946e+03 5.444691009402157211e-14 4.804399424937163123e-16
5.935121421320975060e+03 5.774907750974692443e-14 4.941611822820629865e-16
5.940001129058255174e+03 5.927908491099324840e-14 4.971187486739075700e-16
5.944880836795535288e+03 5.903988971417938768e-14 4.952871204088295639e-16
5.949760544532815402e+03 5.884393308960419564e-14 5.063552724785212615e-16
5.954640252270095516e+03 5.947309057183943599e-14 4.971370244952721708e-16
5.959519960007375630e+03 5.932015154419643813e-14 4.954728642803741818e-16
5.964399667744655744e+03 5.894157195575961413e-14 4.939656613952234849e-16
5.969279375481935858e+03 5.884912219916967346e-14 4.932797325226217200e-16
5.974159083219215972e+03 5.844295373231720448e-14 4.930144938488745220e-16
5.979038790956496086e+03 5.841990995075489328e-14 4.926252314900074305e-16
5.983918498693776201e+03 5.754979295456577483e-14 4.880025902201917554e-16
5.988798206431056315e+03 5.739086392252154456e-14 4.936374901723224531e-16
5.993677914168336429e+03 5.791523325520132517e-14 4.890297691100253914e-16
5.998557621905616543e+03 5.679898063465031977e-14 4.908437507643471707e-16
6.003437329642896657e+03 5.617208368264856496e-14 4.822809560531553853e-16
6.008317037380176771e+03 5.606391973926362134e-14 4.794066898494909978e-16
6.013196745117456885e+03 5.682948695594245938e-14 4.839611668392502694e-16
6.018076452854736999e+03 5.583414344444153843e-14 4.895615473888697414e-16
6.022956160592017113e+03 5.577676880434747354e-14 4.836857015629105148e-16
6.027835868329297227e+03 5.492188269405763669e-14 4.732971376288430168e-16
6.032715576066577341e+03 5.457498054424116618e-14 4.698905070626315885e-16
6.037595283803857455e+03 5.294218955042810358e-14 4.685087582042688076e-16
6.042474991541137570e+03 5.239420681193531841e-14 4.616074811949533656e-16
6.047354699278417684e+03 5.283943853985861922e-14 4.643286648596751910e-16
6.052234407015697798e+03 5.178960972147763774e-14 4.551521961364389459e-16
6.057114114752977912e+03 5.101308863439376222e-14 4.565843100530764638e-16
6.061993822490258026e+03 5.536814962383889721e-14 4.822472617890332881e-16
6.066873530227538140e+03 5.036093268120085651e-14 4.455650938389053697e-16
6.071753237964818254e+03 4.781190442991959272e-14 4.357133117851162806e-16
6.076632945702098368e+03 4.725214878309495563e-14 4.348354338390185310e-16
6.081512653439378482e+03 4.623020342786076569e-14 4.266119765056682744e-16
6.086392361176658596e+03 4.524443214125907749e-14 4.236626858576724779e-16
6.091272068913938710e+03 4.238140089130632545e-14 4.122447679022970709e-16
6.096151776651218825e+03 4.026808584057219463e-14 4.002247537136075836e-16
6.101031484388498939e+03 3.778357029026163390e-14 3.952050303509943651e-16
6.105911192125779053e+03 3.522019348788445359e-14 3.839390852375880427e-16
6.110790899863059167e+03 3.390450049444207114e-14 3.757796413574190710e-16
6.115670607600339281e+03 3.228545670663888420e-14 3.634250068291126342e-16
6.120550315337619395e+03 3.027626841055401337e-14 3.547298307364254476e-16
6.125430023074899509e+03 2.755263275234730699e-14 3.404737119520656074e-16
6.130309730812179623e+03 2.573387936968838899e-14 3.314484393478135131e-16
6.135189438549459737e+03 2.507231720776174764e-14 3.361748918459161820e-16
6.140069146286739851e+03 2.486061016997292300e-14 3.302439872124547667e-16
6.144948854024019965e+03 2.288242339575226975e-14 3.165493416952864482e-16
6.149828561761300080e+03 2.279796500279409333e-14 3.191457790119633418e-16
6.154708269498580194e+03 2.231351100961462467e-14 3.208402415030211785e-16
6.159587977235860308e+03 2.284999105499761229e-14 3.193843800961570910e-16
6.164467684973140422e+03 2.281949052492428539e-14 3.167007417972491428e-16
6.169347392710420536e+03 2.303624800292536674e-14 3.156778427047251604e-16
6.174227100447700650e+03 2.411420347540119160e-14 3.256004041345139107e-16
6.179106808184980764e+03 2.523589443476736801e-14 3.267518321093525790e-16
6.183986515922260878e+03 2.568291989476872457e-14 3.274450444745486067e-16
6.188866223659540992e+03 2.689859826903902465e-14 3.502995250627584005e-16
6.193745931396821106e+03 2.945640849936532789e-14 3.476709144576624862e-16
6.198625639134101220e+03 3.196658095298029154e-14 3.840955958904270167e-16
6.203505346871381334e+03 3.257177828722560186e-14 3.601338051381560224e-16
6.208385054608661449e+03 3.330385274107176348e-14 3.624821770201819391e-16
6.213264762345941563e+03 3.516541919299032827e-14 3.812425027881295735e-16
6.218144470083221677e+03 3.522097868448577322e-14 3.707000994937239316e-16
6.223024177820501791e+03 3.723332854641162140e-14 3.786274018037364020e-16
6.227903885557781905e+03 3.826711624232684855e-14 3.803096926335466247e-16
6.232783593295062019e+03 4.000960379862509754e-14 3.884317726557432892e-16
6.237663301032342133e+03 4.131719770096801808e-14 3.947841606122336350e-16
6.242543008769622247e+03 4.275917378543373652e-14 3.989581405824143477e-16
6.247422716506902361e+03 4.322531142965206425e-14 3.978315815731076736e-16
6.252302424244182475e+03 4.306085213689069172e-14 4.401188898249907086e-16
6.257182131981462589e+03 4.452695269253100518e-14 4.059019653045586259e-16
6.262061839718742704e+03 4.548926658660073991e-14 4.059204764087164082e-16
6.266941547456022818e+03 4.641795393605029190e-14 4.089672771426491796e-16
6.271821255193302932e+03 4.731008141648497183e-14 4.115304031543776533e-16
6.276700962930583046e+03 4.652299030193214894e-14 4.081473718695654541e-16
6.281580670667863160e+03 4.791178466530690559e-14 4.152957897177131088e-16
6.286460378405143274e+03 4.868168026934467372e-14 4.152194459699909832e-16
6.291340086142423388e+03 4.852661808939395682e-14 4.145474905879127492e-16
6.296219793879703502e+03 4.817981116318218801e-14 4.119738305529009407e-16
6.301099501616983616e+03 4.867651643189097989e-14 4.150704039901963957e-16
6.305979209354263730e+03 4.875648199422411293e-14 4.155063184132884717e-16
6.310858917091543844e+03 4.706671708893685952e-14 4.051212694296440815e-16
6.315738624828823959e+03 4.729466670102359004e-14 4.090106937070454265e-16
6.320618332566104073e+03 4.720738890752729331e-14 4.049951550920773817e-16
6.325498040303384187e+03 4.907856045079284585e-14 4.144144696843920329e-16
6.330377748040664301e+03 4.826237902061964560e-14 4.183616277350586696e-16
6.335257455777944415e+03 4.742334669535533369e-14 4.045783058923242713e-16
6.340137163515224529e+03 4.790049637402947025e-14 4.073959250710127336e-16
6.345016871252504643e+03 4.767963120967983000e-14 4.046034042264806503e-16
6.349896578989784757e+03 4.772815328417311217e-14 4.037758486129242590e-16
6.354776286727064871e+03 4.677423940334083172e-14 3.984695001140214480e-16
6.359655994464344985e+03 4.676927873839100104e-14 3.977619900185833100e-16
6.364535702201625099e+03 4.622018092048076637e-14 3.951089587136705543e-16
6.369415409938905213e+03 4.611913661883188400e-14 3.953978315341950511e-16
6.374295117676185328e+03 4.617374151096823258e-14 3.943707763671625042e-16
6.379174825413465442e+03 4.633661245614316017e-14 3.950440262589131625e-16
6.384054533150745556e+03 4.658936269705504785e-14 3.929673136982084162e-16
6.388934240888025670e+03 4.601142324474440545e-14 3.918113323773252339e-16
6.393813948625305784e+03 4.617824841914664341e-14 3.915710369835419173e-16
6.398693656362585898e+03 4.602277774499936258e-14 3.913463463508306785e-16
6.403573364099866012e+03 4.574447654419412218e-14 3.867153265912389463e-16
6.408453071837146126e+03 4.503102143827513743e-14 3.851145074010719980e-16
6.413332779574426240e+03 4.572337133136384926e-14 3.881188996299016017e-16
6.418212487311706354e+03 4.506908804418475959e-14 3.840021109354830231e-16
6.423092195048986468e+03 4.463812923694677578e-14 3.840203191990580527e-16
6.427971902786266583e+03 4.493997088371130132e-14 3.830880496509569405e-16
6.432851610523546697e+03 4.447208240398500600e-14 3.786002534923553487e-16
6.437731318260826811e+03 4.328456812253332024e-14 3.761417765048504000e-16
6.442611025998106925e+03 4.358832654694331571e-14 3.773983956076892580e-16
6.447490733735387039e+03 4.376244240515498195e-14 3.768860595385556321e-16
6.452370441472667153e+03 4.343822612524258628e-14 3.760937522663190161e-16
6.457250149209947267e+03 4.287706688986602514e-14 3.726218002395597510e-16
6.462129856947227381e+03 4.252113643227126030e-14 3.726621576903857430e-16
6.467009564684507495e+03 4.307344441483205984e-14 3.771643064246964649e-16
6.471889272421787609e+03 4.258130813134954816e-14 3.717172603372493313e-16
6.476768980159067723e+03 4.234990922802219599e-14 3.694140723342779034e-16
6.481648687896347838e+03 4.216602509843580031e-14 3.693978323165013323e-16
6.486528395633627952e+03 4.218572790488911737e-14 3.688248121917822990e-16
6.491408103370908066e+03 4.185778632567285534e-14 3.665870008784193024e-16
6.496287811108188180e+03 4.114319952275740350e-14 3.647466744769884914e-16
6.501167518845468294e+03 4.121941142414918306e-14 3.645518242698845745e-16
6.506047226582748408e+03 4.090894732422491768e-14 3.625222026653941253e-16
6.510926934320028522e+03 4.121415154847993513e-14 3.649646937307507202e-16
6.515806642057308636e+03 4.080344335764620199e-14 3.505965821583200760e-16
6.520686349794588750e+03 3.941563804401963800e-14 4.582585887499693658e-16
6.525566057531868864e+03 4.018835856395226490e-14 3.611583790921811198e-16
6.530445765269148978e+03 4.076782528279490235e-14 3.664609964549767409e-16
6.535325473006429092e+03 4.045949287100516353e-14 3.637662914342503167e-16
6.540205180743709207e+03 3.940415329341455262e-14 3.690666739047278753e-16
6.545084888480989321e+03 3.935264757979447081e-14 3.589362584581357671e-16
6.549964596218269435e+03 3.876761055122833015e-14 3.550524570354845533e-16
6.554844303955549549e+03 3.888089979110139301e-14 3.567880837268810757e-16
6.559724011692829663e+03 3.799525126694001529e-14 3.531702914658376928e-16
6.564603719430109777e+03 3.906611547174552660e-14 3.587059233837142895e-16
6.569483427167389891e+03 3.883771413131420578e-14 3.534155394250913820e-16
6.574363134904670005e+03 3.833768153673671743e-14 3.563833143590448736e-16
6.579242842641950119e+03 3.815610824902032015e-14 3.537085350492509531e-16
6.584122550379230233e+03 3.817025909585423666e-14 3.527265044392879264e-16
6.589002258116510347e+03 3.739071236551766243e-14 3.502276427729828548e-16
6.593881965853790462e+03 3.701687423695328425e-14 3.507056858104265097e-16
6.598761673591070576e+03 3.739940459304041372e-14 3.497083037225543227e-16
6.603641381328350690e+03 3.673451955837669354e-14 3.482775874277253544e-16
6.608521089065630804e+03 3.622814925925403670e-14 3.451898890578631393e-16
6.613400796802910918e+03 3.687948134858320269e-14 3.481852223028646124e-16
6.618280504540191032e+03 3.655334461511065276e-14 3.466879092309193882e-16
6.623160212277471146e+03 3.587268438021254020e-14 3.426631691391441498e-16
6.628039920014751260e+03 3.571347853087828947e-14 3.421036783738702879e-16
6.632919627752031374e+03 3.569479683344515743e-14 3.421584866143384647e-16
6.637799335489311488e+03 3.555188951434633292e-14 3.441868063386891772e-16
6.642679043226591602e+03 3.475062199127291254e-14 3.530862023910939831e-16
6.647558750963871717e+03 3.440591758935843522e-14 3.372861813042265958e-16
6.652438458701151831e+03 3.498263627577732055e-14 3.380212557510153418e-16
6.657318166438431945e+03 3.386200132205937480e-14 3.358009861528657064e-16
6.662197874175712059e+03 3.321462176051130079e-14 3.327480395859469688e-16
6.667077581912992173e+03 3.345564778021792877e-14 3.326896455613784696e-16
6.671957289650272287e+03 3.357661411461282269e-14 3.304409604029144800e-16
6.676836997387552401e+03 3.387050239255826764e-14 3.382618485469843392e-16
6.681716705124832515e+03 3.286823645784107235e-14 3.286758812952557178e-16
6.686596412862112629e+03 3.578410388544531071e-14 3.405444872510063976e-16
6.691476120599392743e+03 3.325148847973260825e-14 3.262007738021139403e-16
6.696355828336672857e+03 3.249699782097594845e-14 3.274751704659358425e-16
6.701235536073952971e+03 3.252748977636714602e-14 3.237736099569124905e-16
6.706115243811233086e+03 3.295915327849374912e-14 3.264433909860873889e-16
6.710994951548513200e+03 3.225972074065995097e-14 3.234050928330014195e-16
6.715874659285793314e+03 3.157046313468202365e-14 3.200719472531885825e-16
6.720754367023073428e+03 3.180731733083770165e-14 3.261189848416926236e-16
6.725634074760353542e+03 3.168302391902228770e-14 3.197071226153218480e-16
6.730513782497633656e+03 3.160791273327668128e-14 3.211011048053150742e-16
6.735393490234913770e+03 3.182676019878233763e-14 3.210991335585213599e-16
6.740273197972193884e+03 3.148740069412094578e-14 3.194629930819678564e-16
6.745152905709473998e+03 3.098732933652094700e-14 3.161902474859231925e-16
6.750032613446754112e+03 3.058368545993560037e-14 3.149301363933312408e-16
6.754912321184034226e+03 3.075695110806955123e-14 3.161199214087651219e-16
6.759792028921314341e+03 3.085893782049958174e-14 3.151943675130499312e-16
6.764671736658594455e+03 3.009439535652877706e-14 3.098569956783659656e-16
6.769551444395874569e+03 2.981962269858356030e-14 3.098487318524423523e-16
6.774431152133154683e+03 2.979672591755509213e-14 3.084113994586051656e-16
6.779310859870434797e+03 2.926576261315934573e-14 3.052931740630683716e-16
6.784190567607714911e+03 2.931328538079902334e-14 3.075064445260133594e-16
6.789070275344995025e+03 2.883878001375641403e-14 3.033627237123079456e-16
6.793949983082275139e+03 2.931562293462297018e-14 3.073243145380783499e-16
6.798829690819555253e+03 2.957677024898865936e-14 3.065813845721078340e-16
6.803709398556835367e+03 2.937515298501605917e-14 3.066653135588030105e-16
6.808589106294115481e+03 2.870340875736459100e-14 3.023826340321798983e-16
6.813468814031395596e+03 2.869934525781495122e-14 3.020268441354809986e-16
6.818348521768675710e+03 2.796370473168599329e-14 3.010946098347670544e-16
6.823228229505955824e+03 2.809212399564793907e-14 3.051714666191254900e-16
6.828107937243235938e+03 2.770949265551650832e-14 3.062551600806987494e-16
6.832987644980516052e+03 2.802689141404965323e-14 3.016227180300627713e-16
6.837867352717796166e+03 2.781696346476015006e-14 3.020526565934970689e-16
6.842747060455076280e+03 2.783013757875997720e-14 2.994726422235162142e-16
6.847626768192356394e+03 2.734585115798071863e-14 2.956543688940865628e-16
6.852506475929636508e+03 2.736806788121046466e-14 2.958253154340690588e-16
6.857386183666916622e+03 2.744446326071465006e-14 2.961550051907124746e-16
6.862265891404196736e+03 2.693160510960304668e-14 2.938377655813625972e-16
6.867145599141476850e+03 2.708437741977455992e-14 2.952556441298297564e-16
6.872025306878756965e+03 2.694527540672946940e-14 2.932526175555895533e-16
6.876905014616037079e+03 2.736644240900447902e-14 2.969517328382171682e-16
6.881784722353317193e+03 2.725447582923469866e-14 2.962032021412337283e-16
6.886664430090597307e+03 2.661325509306384008e-14 2.929757566133404137e-16
6.891544137827877421e+03 2.705427700069538921e-14 3.075142615989270459e-16
6.896423845565157535e+03 2.640877797823466530e-14 2.913513479917489143e-16
6.901303553302437649e+03 2.581598268542436672e-14 2.905640403171525975e-16
6.906183261039717763e+03 2.552793228473210780e-14 2.858678718537803194e-16
6.911062968776997877e+03 2.546606624950327081e-14 2.860257449718318600e-16
6.915942676514277991e+03 2.527531826627997434e-14 2.856152023056178401e-16
6.920822384251558105e+03 2.456014927362022298e-14 3.165092902940906679e-16
6.925702091988838220e+03 2.529743877346845944e-14 2.945667369432270197e-16
6.930581799726118334e+03 2.558622361591595941e-14 2.875544063576970203e-16
6.935461507463398448e+03 2.500339882408908358e-14 2.829841009861846162e-16
6.940341215200678562e+03 2.493075878390529365e-14 2.841964229964150969e-16
6.945220922937958676e+03 2.443983665276417233e-14 2.818967987866654067e-16
6.950100630675238790e+03 2.465416513706157410e-14 2.819612330377769565e-16
6.954980338412518904e+03 2.429476056634007615e-14 2.804658058498227110e-16
6.959860046149799018e+03 2.461114355489297874e-14 2.806165420195981484e-16
6.964739753887079132e+03 2.484924368402633343e-14 2.804903669340970031e-16
6.969619461624359246e+03 2.380001508900879217e-14 2.773242685130434488e-16
6.974499169361639360e+03 2.338547022881621176e-14 2.765197279394583910e-16
6.979378877098919475e+03 2.354197420126665922e-14 2.773409898460362476e-16
6.984258584836199589e+03 2.380483230073641851e-14 2.758364950379146287e-16
6.989138292573479703e+03 2.450907825737906939e-14 2.827620517415349495e-16
6.994018000310759817e+03 2.398860640650076190e-14 2.755377408053082106e-16
6.998897708048039931e+03 2.351876212794788643e-14 2.760685496983387340e-16
7.003777415785320045e+03 2.425852438856505373e-14 2.843568587313936540e-16
7.008657123522600159e+03 2.368039252075621010e-14 2.767160284404549380e-16
7.013536831259880273e+03 2.288780320624040913e-14 2.719411008034544241e-16
7.018416538997160387e+03 2.372020785942547825e-14 2.742912661516554569e-16
7.023296246734440501e+03 2.380641477834318084e-14 2.783193691592866950e-16
7.028175954471720615e+03 2.295358462616615108e-14 2.694508176809709246e-16
7.033055662209000729e+03 2.278205005739710481e-14 2.691097068994355110e-16
7.037935369946280844e+03 2.292756236078582550e-14 2.698623282792572988e-16
7.042815077683560958e+03 2.243232651618690162e-14 2.658100116445827246e-16
7.047694785420841072e+03 2.238227270417564217e-14 2.662220587397310910e-16
7.052574493158121186e+03 2.253341470901171052e-14 2.671124411547707526e-16
7.057454200895401300e+03 2.258906958165682734e-14 2.677010163297492087e-16
7.062333908632681414e+03 2.243523934964580836e-14 2.656250898522114806e-16
7.067213616369961528e+03 2.215438749396256461e-14 2.650103019537885044e-16
7.072093324107241642e+03 2.169238494447479768e-14 2.645150887918406930e-16
7.076973031844521756e+03 2.172908637649721431e-14 2.631476558716362521e-16
7.081852739581801870e+03 2.187636732089003214e-14 2.629600119203653545e-16
7.086732447319081984e+03 2.154753830436075542e-14 2.610783817752398509e-16
7.091612155056362099e+03 2.161879615979492385e-14 2.614998093248394353e-16
7.096491862793642213e+03 2.158287754075490894e-14 2.605809478883741831e-16
7.101371570530922327e+03 2.149919938788442067e-14 2.607236641291400656e-16
7.106251278268202441e+03 2.158634980651562844e-14 2.608911126135699695e-16
7.111130986005482555e+03 2.186138529178152491e-14 2.619397805534005314e-16
7.116010693742762669e+03 2.157783183760844854e-14 2.622111038393944311e-16
7.120890401480042783e+03 2.122288452309944851e-14 2.596891630392582528e-16
7.125770109217322897e+03 2.119664361271293108e-14 2.596812951570738664e-16
7.130649816954603011e+03 2.150165697590334253e-14 2.645478162150475239e-16
7.135529524691883125e+03 2.139283357137062405e-14 2.632438661926082569e-16
7.140409232429163239e+03 2.121306010415144993e-14 2.600802060083734234e-16
7.145288940166443354e+03 2.164228919213140379e-14 2.625499429696941994e-16
7.150168647903723468e+03 2.215025811772202202e-14 2.640491841868939676e-16
7.155048355641003582e+03 2.157263417723508876e-14 2.618246361755677057e-16
7.159928063378283696e+03 2.116100262811116646e-14 2.605282878251176111e-16
7.164807771115563810e+03 2.145416526267290112e-14 2.623581561130630397e-16
7.169687478852843924e+03 2.127664754205542400e-14 2.615083889912351218e-16
7.174567186590124038e+03 2.180846953426365124e-14 2.662154223846060192e-16
7.179446894327404152e+03 2.159229816841136092e-14 2.618434767107454984e-16
7.184326602064684266e+03 2.102056841963372577e-14 2.591348725635977616e-16
7.189206309801964380e+03 2.121600132380652265e-14 2.644502704155338017e-16
7.194086017539244494e+03 2.809601626397714246e-14 2.988592275600014309e-16
7.198965725276524608e+03 2.454794898531248618e-14 2.704496706275534410e-16
7.203845433013804723e+03 2.116652931547250613e-14 2.622465756574824786e-16
7.208725140751084837e+03 2.090141223078775113e-14 2.605381639465408732e-16
7.213604848488364951e+03 2.051963168605563137e-14 2.623705910180658255e-16
7.218484556225645065e+03 2.086627359943632012e-14 2.655673113136848249e-16
7.223364263962925179e+03 2.129003809954940214e-14 2.650319466061273942e-16
7.228243971700205293e+03 2.076441693443601380e-14 2.641290353742427041e-16
7.233123679437485407e+03 2.092081558358844210e-14 2.630054693278640180e-16
7.238003387174765521e+03 2.155418467724472763e-14 2.810372640381301902e-16
7.242883094912045635e+03 2.144239368042047180e-14 2.689986562544411667e-16
7.247762802649325749e+03 2.097697434965096037e-14 2.633719834632070697e-16
7.252642510386605863e+03 2.091075362314112991e-14 2.643139504713665562e-16
7.257522218123885978e+03 2.085543528634353700e-14 2.636952506519338734e-16
7.262401925861166092e+03 2.069390283860312529e-14 2.626588802474236264e-16
7.267281633598446206e+03 2.012348183284449342e-14 2.700278567352931410e-16
7.272161341335726320e+03 1.985424021722268158e-14 2.628542635215480443e-16
7.277041049073006434e+03 2.002436342397388328e-14 2.635225162393128882e-16
7.281920756810286548e+03 2.042390165992287871e-14 2.640983699258029871e-16
7.286800464547566662e+03 2.024898343839617843e-14 2.622791769294682268e-16
7.291680172284846776e+03 2.039594382965271183e-14 2.636010695671241533e-16
7.296559880022126890e+03 2.055334405321264912e-14 2.659174218079421005e-16
7.301439587759407004e+03 1.996746676199528246e-14 2.628625942677799702e-16
7.306319295496687118e+03 1.958308678532307863e-14 2.662165808737516466e-16
7.311199003233967233e+03 1.926663810735365937e-14 2.619140873682503717e-16
7.316078710971247347e+03 1.948062368231912872e-14 2.615212689977195568e-16
7.320958418708527461e+03 1.927592416854742731e-14 2.630366455212386038e-16
7.325838126445807575e+03 1.877690636632479478e-14 2.607346267163500177e-16
7.330717834183087689e+03 1.895986133918126509e-14 2.613828585167664668e-16
7.335597541920367803e+03 1.835063403163042385e-14 2.583017078789770764e-16
7.340477249657647917e+03 1.799594319002046830e-14 2.562142575538698801e-16
7.345356957394928031e+03 1.787409079332545337e-14 2.699478170740333309e-16
7.350236665132208145e+03 1.799546484026681313e-14 2.618768990019826773e-16
7.355116372869488259e+03 1.804941574386393904e-14 2.578400780707272085e-16
7.359996080606768373e+03 1.717922598057060166e-14 2.532733317941226897e-16
7.364875788344048487e+03 1.734787027356864261e-14 2.550533554097920991e-16
7.369755496081328602e+03 1.750085987582986449e-14 2.620457655766159179e-16
7.374635203818608716e+03 1.738055049090884141e-14 2.573488045265122731e-16
7.379514911555888830e+03 1.687405638129294004e-14 2.534193615746588617e-16
7.384394619293168944e+03 1.700925392366585253e-14 2.543727270753797732e-16
7.389274327030449058e+03 1.676517368112246896e-14 2.553580162237678942e-16
7.394154034767729172e+03 1.643766251767390330e-14 2.521818056841581662e-16
7.399033742505009286e+03 1.604562668536136395e-14 2.486654876279250663e-16
7.403913450242289400e+03 1.635353743553066905e-14 2.525170077207997570e-16
7.408793157979569514e+03 1.641474243518788313e-14 2.509844572540829409e-16
7.413672865716849628e+03 1.601468116726385875e-14 2.493123135539088313e-16
7.418552573454129742e+03 1.565209874362539873e-14 2.477780246791556914e-16
7.423432281191409857e+03 1.584913811713724956e-14 2.509097277701082601e-16
7.428311988928689971e+03 1.654001676021152349e-14 2.534511133206703441e-16
7.433191696665970085e+03 1.635804103869277708e-14 2.536819964868381297e-16
7.438071404403250199e+03 1.631567410350365271e-14 2.530748836816232097e-16
7.442951112140530313e+03 1.587653549864947944e-14 2.489632943620622917e-16
7.447830819877810427e+03 1.584113696244212624e-14 2.518034336405735958e-16
7.452710527615090541e+03 1.544158249430051535e-14 2.504429863227787666e-16
7.457590235352370655e+03 1.555826277351619050e-14 2.489059074802013494e-16
7.462469943089650769e+03 1.540169831194867072e-14 2.499878088057023517e-16
7.467349650826930883e+03 1.460619013858308430e-14 2.436930760258351257e-16
7.472229358564210997e+03 1.390363814206839250e-14 2.391809416088114614e-16
7.477109066301491112e+03 1.385805879860786208e-14 2.436436188542154184e-16
7.481988774038771226e+03 1.349445875286451468e-14 2.439842657733466182e-16
7.486868481776051340e+03 1.320187492494554413e-14 2.382053690954337348e-16
7.491748189513331454e+03 1.349648562914473686e-14 2.418853997866984818e-16
7.496627897250611568e+03 1.335205869788977155e-14 2.381133304140322949e-16
7.501507604987891682e+03 1.283189088949204396e-14 2.362879251671761610e-16
7.506387312725171796e+03 1.291990983437808708e-14 2.359215931547127959e-16
7.511267020462451910e+03 1.234525723138670493e-14 2.466792307940755594e-16
7.516146728199732024e+03 1.280498006582899189e-14 2.420065133345196309e-16
7.521026435937012138e+03 1.328968068714092048e-14 2.369137770158435203e-16
7.525906143674292252e+03 1.335069087369160383e-14 2.378629005276421930e-16
7.530785851411572366e+03 1.356849934929082313e-14 2.572415857524711220e-16
7.535665559148852481e+03 1.431603765896537681e-14 2.493302781512763650e-16
7.540545266886132595e+03 1.344943695013947617e-14 2.362538737720206931e-16
7.545424974623412709e+03 1.318306228363277356e-14 2.378855773121924958e-16
7.550304682360692823e+03 1.357852974123107920e-14 2.393489127792532922e-16
7.555184390097972937e+03 1.353670673362764592e-14 2.400382326743404041e-16
7.560064097835253051e+03 1.321824506024772902e-14 2.434292150362565272e-16
7.564943805572533165e+03 1.470405060205818806e-14 2.681374246276123177e-16
7.569823513309813279e+03 1.466688348420834728e-14 2.515138204095210374e-16
7.574703221047093393e+03 1.381702375525877946e-14 2.396702697325633915e-16
7.579582928784373507e+03 1.384439005405453927e-14 2.411522128790747129e-16
7.584462636521653621e+03 1.436055494519426973e-14 2.440076825888283689e-16
7.589342344258933736e+03 1.462660437522005735e-14 2.497665837749929256e-16
7.594222051996213850e+03 1.458789675708498624e-14 2.486451151083244560e-16
7.599101759733493964e+03 1.441623156775299763e-14 2.451750050522106449e-16
7.603981467470774078e+03 1.422705598214620616e-14 2.448661149201886077e-16
7.608861175208054192e+03 1.409254203252611845e-14 2.450748702441201239e-16
7.613740882945334306e+03 1.376571327163715104e-14 2.431053270292417557e-16
7.618620590682614420e+03 1.370796938336171052e-14 2.428278554352497004e-16
7.623500298419894534e+03 1.417558691590964283e-14 2.448870568432992881e-16
7.628380006157174648e+03 1.477956417877389946e-14 2.481307289381067107e-16
7.633259713894454762e+03 1.451931761222490238e-14 2.468429704055509670e-16
7.638139421631734876e+03 1.449538614499645146e-14 2.490170321556080234e-16
7.643019129369014991e+03 1.456356577967219208e-14 2.520198141139230172e-16
7.647898837106295105e+03 1.431018196006356936e-14 2.492959909932660172e-16
7.652778544843575219e+03 1.389774433619890223e-14 2.527694827530108235e-16
7.657658252580855333e+03 1.371523964413751634e-14 3.506336824993315070e-16
7.662537960318135447e+03 1.375841815591399591e-14 2.505227658391493792e-16
7.667417668055415561e+03 1.378535110228059496e-14 3.429904542300027262e-16
7.672297375792695675e+03 1.350320173138979018e-14 2.464443179707388205e-16
7.677177083529975789e+03 1.353594526903378053e-14 3.023864654097158795e-16
7.682056791267255903e+03 1.516100714752093709e-14 3.502507971373929616e-16
7.686936499004536017e+03 1.462783321325473311e-14 2.569494752207266439e-16
7.691816206741816131e+03 1.392575451224210787e-14 2.516667372796663676e-16
7.696695914479096245e+03 1.410477931967709135e-14 2.520492611566689871e-16
7.701575622216376360e+03 1.421411264938262766e-14 2.531796910620386648e-16
7.706455329953656474e+03 1.372831124249870883e-14 2.567661736617114052e-16
7.711335037690936588e+03 1.385775715172860280e-14 2.544688216732421048e-16
7.716214745428216702e+03 1.474043435358014542e-14 2.566903622375131107e-16
7.721094453165496816e+03 1.535056783686946315e-14 2.640710216017613440e-16
7.725974160902776930e+03 1.511094211752351218e-14 2.625477159391452814e-16
7.730853868640057044e+03 1.537648294979989794e-14 2.962492891984792691e-16
7.735733576377337158e+03 1.482730278471821302e-14 2.747580951375670862e-16
7.740613284114617272e+03 1.421694936727096422e-14 2.578370297498972777e-16
7.745492991851897386e+03 1.398338908456998441e-14 2.573697426366147108e-16
7.750372699589177500e+03 1.397680875953271296e-14 2.579702580104216828e-16
7.755252407326457615e+03 1.465727010645793408e-14 2.626912773127731348e-16
7.760132115063737729e+03 1.525810444292760162e-14 2.673667150192393252e-16
7.765011822801017843e+03 1.583049438382469408e-14 2.721815471927264842e-16
7.769891530538297957e+03 1.682166836127977275e-14 2.763823331269299388e-16
7.774771238275578071e+03 1.674725143612041428e-14 2.745525010496020035e-16
7.779650946012858185e+03 1.547099649866168464e-14 2.921203037630543625e-16
7.784530653750138299e+03 1.556753855606568718e-14 2.852159837789235963e-16
7.789410361487418413e+03 1.631584030092708317e-14 2.777241692569098824e-16
7.794290069224698527e+03 1.582660065381665295e-14 2.731005859225925340e-16
7.799169776961978641e+03 1.520415397482631652e-14 2.708079414131788685e-16
7.804049484699258755e+03 1.520563801347950164e-14 2.738870780937799253e-16
7.808929192436538870e+03 1.562948463796810578e-14 2.812081036393404009e-16
7.813808900173818984e+03 1.682344475105680956e-14 2.856272425843896499e-16
7.818688607911099098e+03 1.750815463370901757e-14 2.901200794575969951e-16
7.823568315648379212e+03 1.819064103958835099e-14 2.946594734673279508e-16
7.828448023385659326e+03 1.834766595753758581e-14 2.919951558297199030e-16
7.833327731122939440e+03 1.769886172697784025e-14 2.975261890806044768e-16
7.838207438860219554e+03 1.739214083227147142e-14 2.928012750103086491e-16
7.843087146597499668e+03 1.747511351920740408e-14 2.906337575026621740e-16
7.847966854334779782e+03 1.775564283197487089e-14 2.918388518192794359e-16
7.852846562072059896e+03 1.724652740524284481e-14 2.908398023202608479e-16
7.857726269809340010e+03 1.676739428914985220e-14 2.911401847948814227e-16
7.862605977546620124e+03 1.731953860187677272e-14 2.938389823785006234e-16
7.867485685283900239e+03 1.702698835818442451e-14 2.905708743722177828e-16
7.872365393021180353e+03 1.674683260543044938e-14 3.069400796256217994e-16
7.877245100758460467e+03 1.726178156828133393e-14 3.043056084743016042e-16
7.882124808495740581e+03 1.790115479443601743e-14 3.019388598162804974e-16
7.887004516233020695e+03 1.814664708299675447e-14 3.012431340104215407e-16
7.891884223970300809e+03 1.793242152690374001e-14 2.999895168603684620e-16
7.896763931707580923e+03 1.785648952244210517e-14 3.017377324479344035e-16
7.901643639444861037e+03 1.779573686261059130e-14 3.816488143123711155e-16
7.906523347182141151e+03 1.680933665100959457e-14 4.136425311516679854e-16
7.911403054919421265e+03 1.615854151455999133e-14 2.946827371899079370e-16
7.916282762656701379e+03 1.545363885667391413e-14 2.921154376238536617e-16
7.921162470393981494e+03 1.552406336582471882e-14 2.953039511068105190e-16
7.926042178131261608e+03 1.527458500580210557e-14 2.965167792717254584e-16
7.930921885868541722e+03 1.568420961785980003e-14 3.161195343790925929e-16
7.935801593605821836e+03 1.583850440341023277e-14 3.212182655517145142e-16
7.940681301343101950e+03 1.560536425035107076e-14 3.032553699608671415e-16
7.945561009080382064e+03 1.541155781712809932e-14 2.967149713755825992e-16
7.950440716817662178e+03 1.475469710240729765e-14 2.927204532264874179e-16
7.955320424554942292e+03 1.396371386598834722e-14 2.887932421492953312e-16
7.960200132292222406e+03 1.301646185464788066e-14 2.849531304740864755e-16
7.965079840029502520e+03 1.212670622988451794e-14 2.864857937450551388e-16
7.969959547766782634e+03 1.235711293853288557e-14 2.916306660282346789e-16
7.974839255504062749e+03 1.275592422884005344e-14 2.891096774348750329e-16
7.979718963241342863e+03 1.316143108861418948e-14 2.898135276409836686e-16
7.984598670978622977e+03 1.315946492187947467e-14 2.973856702744868905e-16
7.989478378715903091e+03 1.371959481216498544e-14 2.977636401301302150e-16
7.994358086453183205e+03 1.420722815893277124e-14 2.966936778364911076e-16
7.999237794190463319e+03 1.359465862303039907e-14 2.989988267681926623e-16
8.004117501927743433e+03 1.300060060684396056e-14 2.971693867273287065e-16
8.008997209665023547e+03 1.253682986860896593e-14 2.961810025130767299e-16
8.013876917402303661e+03 1.286894900563867320e-14 2.951826444668307195e-16
8.018756625139583775e+03 1.248533928820783147e-14 2.929356541683179269e-16
8.023636332876863889e+03 1.223659609230782914e-14 2.931482549011219154e-16
8.028516040614144003e+03 1.250179720477424008e-14 2.945822078456594656e-16
8.033395748351424118e+03 1.274203474819695824e-14 3.128458702990507591e-16
8.038275456088704232e+03 1.263764929892316926e-14 3.042749574929733268e-16
8.043155163825984346e+03 1.240835613718745394e-14 2.955212744212944355e-16
8.048034871563264460e+03 1.269436652678734529e-14 2.979979415087373904e-16
8.052914579300544574e+03 1.302006483498810666e-14 3.006393496738892986e-16
8.057794287037824688e+03 1.239778747111460397e-14 2.980997883496663444e-16
8.062673994775104802e+03 1.164902833434334763e-14 2.970709007363692122e-16
8.067553702512384916e+03 1.143835112949071453e-14 2.947271965881079245e-16
8.072433410249665030e+03 1.079534674852008943e-14 2.927495331720958435e-16
8.077313117986945144e+03 1.057741148881623825e-14 2.940453627891376992e-16
8.082192825724225258e+03 1.139985776000789278e-14 2.976534381654057880e-16
8.087072533461505373e+03 1.153929038820410661e-14 3.003175744428798635e-16
8.091952241198785487e+03 1.062546087949872104e-14 2.992236758657673866e-16
8.096831948936065601e+03 1.049904904843660889e-14 2.985612117470366959e-16
8.101711656673345715e+03 1.169243637274435420e-14 3.037688815322115455e-16
8.106591364410625829e+03 1.252448037673822530e-14 3.075653546934438545e-16
8.111471072147905943e+03 1.246880855801140258e-14 3.098817078609021451e-16
8.116350779885186057e+03 1.255368915928710880e-14 3.129105015696205039e-16
8.121230487622466171e+03 1.233881810258768696e-14 3.183640242502681983e-16
8.126110195359746285e+03 1.212331758991808822e-14 3.132979753560614933e-16
8.130989903097026399e+03 1.247973818386812961e-14 3.125636850817953324e-16
8.135869610834306513e+03 1.256319664913105326e-14 3.132964558886181649e-16
8.140749318571586628e+03 1.230164239045427306e-14 3.136958565897871483e-16
8.145629026308866742e+03 1.238326758535402598e-14 3.195018604607661363e-16
8.150508734046146856e+03 1.287725483658404282e-14 3.214580158878680899e-16
8.155388441783426970e+03 1.320640914685459159e-14 3.195038026337640580e-16
8.160268149520707084e+03 1.337873370972441429e-14 3.206820560106315879e-16
8.165147857257987198e+03 1.384002515966032860e-14 3.241009107365758598e-16
8.170027564995267312e+03 1.346249074971508537e-14 3.224458885721625445e-16
8.174907272732547426e+03 1.349396901725757044e-14 3.269763354298074222e-16
8.179786980469827540e+03 1.348697103695233897e-14 3.306233538625538100e-16
8.184666688207107654e+03 1.274845370188583671e-14 3.310473514530846068e-16
8.189546395944387768e+03 1.335375330866607476e-14 3.299104367331000364e-16
8.194426103681667882e+03 1.370706972208958500e-14 3.276747738881606414e-16
8.199305811418947997e+03 1.307581272056897152e-14 3.237354086133346791e-16
8.204185519156228111e+03 1.298599763705066012e-14 3.290937858818888538e-16
8.209065226893508225e+03 1.297731734821157078e-14 3.271875718963875880e-16
8.213944934630788339e+03 1.274787961073451396e-14 3.258918558284670155e-16
8.218824642368068453e+03 1.236717524853496775e-14 3.231700170362613921e-16
8.223704350105348567e+03 1.173496897304318481e-14 3.197573450149725583e-16
8.228584057842628681e+03 1.180642311232150020e-14 3.252683903257029204e-16
8.233463765579908795e+03 1.190986580405558003e-14 3.262607227848434423e-16
8.238343473317188909e+03 1.106576537809786150e-14 3.181651136354850493e-16
8.243223181054469023e+03 1.038308311721685546e-14 3.164846561502516615e-16
8.248102888791749137e+03 1.061512754599960888e-14 3.168587753006237573e-16
8.252982596529029252e+03 1.019377894772622987e-14 3.154007992129692633e-16
8.257862304266309366e+03 9.771246743988354680e-15 3.129752020053715763e-16
8.262742012003589480e+03 9.529606900251223421e-15 3.114396494850237638e-16
8.267621719740869594e+03 1.054474249035588650e-14 3.186718976036137864e-16
8.272501427478149708e+03 1.072814381199046816e-14 3.204620617065218014e-16
8.277381135215429822e+03 1.045979880171482614e-14 3.206846441831469753e-16
8.282260842952709936e+03 1.062459337789222788e-14 3.204700228345076956e-16
8.287140550689990050e+03 1.082989882056916683e-14 3.240428223656384205e-16
8.292020258427270164e+03 1.136844937347217412e-14 3.255646561595243681e-16
8.296899966164550278e+03 1.096849034257484201e-14 3.250908430295303958e-16
8.301779673901830392e+03 1.140082796994550853e-14 3.281056959558055732e-16
8.306659381639110507e+03 1.227724094372285443e-14 3.318032843841847943e-16
8.311539089376390621e+03 1.211527677623760966e-14 3.317216325943609247e-16
8.316418797113670735e+03 1.228880895081138485e-14 3.361299145269660826e-16
8.321298504850950849e+03 1.362047198786707933e-14 3.437058267369388200e-16
8.326178212588230963e+03 1.350999223198610134e-14 3.446953203601303512e-16
8.331057920325511077e+03 1.324230889229341726e-14 3.472670243401222544e-16
8.335937628062791191e+03 1.382391950819482997e-14 3.463593335958403022e-16
8.340817335800071305e+03 1.387651581496177661e-14 3.471097653839052997e-16
8.345697043537351419e+03 1.373163946878825296e-14 3.449303732820752204e-16
8.350576751274631533e+03 1.291845662621721977e-14 3.433321923090240712e-16
8.355456459011911647e+03 1.379457185295191050e-14 3.869049911050008815e-16
8.360336166749191761e+03 1.373906040634688964e-14 3.650091684225473789e-16
8.365215874486471876e+03 1.251197724455262272e-14 3.374019732685775261e-16
8.370095582223751990e+03 1.266530577786186102e-14 3.385368035403498195e-16
8.374975289961032104e+03 1.301403586910937318e-14 3.414000721588576169e-16
8.379854997698312218e+03 1.312539092629084535e-14 3.415472802536969226e-16
8.384734705435592332e+03 1.306575874731891556e-14 3.420819674118383546e-16
8.389614413172872446e+03 1.296157944178460096e-14 3.436462648016717451e-16
8.394494120910152560e+03 1.347463398964052898e-14 3.638427411902175678e-16
8.399373828647432674e+03 1.427709585511513579e-14 3.744460628919353540e-16
8.404253536384712788e+03 1.467472397147457867e-14 3.591189442265974144e-16
8.409133244121992902e+03 1.403901799853265350e-14 3.492913190587014977e-16
8.414012951859273016e+03 1.422580465243796762e-14 3.540563266665618460e-16
8.418892659596553131e+03 1.481102025927473210e-14 3.552947331303729677e-16
8.423772367333833245e+03 1.506752105512525982e-14 3.552563869742489452e-16
8.428652075071113359e+03 1.612885568242283869e-14 3.685561672765979119e-16
8.433531782808393473e+03 1.650764594501341761e-14 3.743951277206769547e-16
8.438411490545673587e+03 1.728037618643164140e-14 3.739379765881515750e-16
8.443291198282953701e+03 1.690311321264754861e-14 3.699193757312295062e-16
8.448170906020233815e+03 1.652123812401840043e-14 3.657017569376572353e-16
8.453050613757513929e+03 1.735407733634038379e-14 3.722835955939188806e-16
8.457930321494794043e+03 1.788783577639166025e-14 3.759303210757640140e-16
8.462810029232074157e+03 1.798427386123782369e-14 3.837148177331926059e-16
8.467689736969354271e+03 1.800822674880113904e-14 3.769454096219204446e-16
8.472569444706634386e+03 1.788736739540596821e-14 3.723613326095798861e-16
8.477449152443914500e+03 1.707895850592261899e-14 3.695120163366752488e-16
8.482328860181194614e+03 1.612298331590005729e-14 3.683909817648966890e-16
8.487208567918474728e+03 1.644949630925791484e-14 3.713995824395550186e-16
8.492088275655754842e+03 1.698959185246162596e-14 3.694677857584734121e-16
8.496967983393034956e+03 1.664537999640510002e-14 3.666637197171660974e-16
8.501847691130315070e+03 1.720996871342899624e-14 3.715036078920417948e-16
8.506727398867595184e+03 1.746159178964613385e-14 3.773782111647135924e-16
8.511607106604875298e+03 1.756154621203161724e-14 3.764347510563541894e-16
8.516486814342155412e+03 1.791335226286553908e-14 3.795229253003628010e-16
8.521366522079435526e+03 1.902486983725494812e-14 3.846902727395242974e-16
8.526246229816715640e+03 1.920588107831085416e-14 3.863988553429024394e-16
8.531125937553995755e+03 1.881529682779240910e-14 3.887947226138542144e-16
8.536005645291275869e+03 1.960985817533882428e-14 3.902167020681842068e-16
8.540885353028555983e+03 2.029102581632859664e-14 3.954502175523055770e-16
8.545765060765836097e+03 2.027671462105155282e-14 3.933766560576563398e-16
8.550644768503116211e+03 1.925946411058066318e-14 3.866922815785864137e-16
8.555524476240396325e+03 1.869289150094608133e-14 3.833626396176900987e-16
8.560404183977676439e+03 1.872156612761857579e-14 3.821739520315214758e-16
8.565283891714956553e+03 1.844730907077385022e-14 3.791409940096552949e-16
8.570163599452236667e+03 1.730336228029491406e-14 3.720858127796434129e-16
8.575043307189516781e+03 1.696841956762729395e-14 3.707193576187360937e-16
8.579923014926796895e+03 1.753686943042344222e-14 3.768234297670489322e-16
8.584802722664077010e+03 1.761622485258428746e-14 3.753361757560179629e-16
8.589682430401357124e+03 1.739089706638760394e-14 3.733646170209411149e-16
8.594562138138637238e+03 1.788197415732174760e-14 3.981717197778379896e-16
8.599441845875917352e+03 1.909833761516765727e-14 3.932374147028238481e-16
8.604321553613197466e+03 1.874810634354772120e-14 3.799415806342124935e-16
8.609201261350477580e+03 1.844837300648362796e-14 3.790250725873951561e-16
8.614080969087757694e+03 1.835678466921480889e-14 3.886030659129560561e-16
8.618960676825037808e+03 1.894418677998572129e-14 3.874909980260175587e-16
8.623840384562317922e+03 1.895709832129904944e-14 3.832343151930839907e-16
8.628720092299598036e+03 1.863287406883291524e-14 3.852995629880356021e-16
8.633599800036878150e+03 1.895366635752960640e-14 3.929424605470416414e-16
8.638479507774158265e+03 1.889365971986983113e-14 3.853790152856868075e-16
8.643359215511438379e+03 1.716631131036326496e-14 3.722772270560019289e-16
8.648238923248718493e+03 1.705950957890594328e-14 3.749380994765774098e-16
8.653118630985998607e+03 1.837505840935800402e-14 3.946853553014469820e-16
8.657998338723278721e+03 1.758620429432337201e-14 3.806199731891639887e-16
8.662878046460558835e+03 1.711070525229095618e-14 3.790621604009920458e-16
8.667757754197838949e+03 1.751989260929091139e-14 3.804654806499843321e-16
8.672637461935119063e+03 1.813667496484979814e-14 3.815955756187020660e-16
8.677517169672399177e+03 1.872618214198652109e-14 3.857063717692384760e-16
8.682396877409679291e+03 1.882822190911026286e-14 3.887489197048227479e-16
8.687276585146959405e+03 1.875623125225130061e-14 3.895780142534694935e-16
8.692156292884239519e+03 1.852834171628881938e-14 3.981818494038044729e-16
8.697036000621519634e+03 1.814623372633369790e-14 3.902971589244861423e-16
8.701915708358799748e+03 1.793437177823925383e-14 3.838080320937037264e-16
8.706795416096079862e+03 1.717373651684899955e-14 3.892543962769561282e-16
8.711675123833359976e+03 1.710945836186843169e-14 3.841676405412067208e-16
8.716554831570640090e+03 1.709825455762810320e-14 3.798373271435717513e-16
8.721434539307920204e+03 1.701505616418770276e-14 3.791789202463855947e-16
8.726314247045200318e+03 1.668655693236836167e-14 3.825207141335917218e-16
8.731193954782480432e+03 1.695811740520761400e-14 3.830128235309561247e-16
8.736073662519760546e+03 1.732480601365493448e-14 4.571187933474881023e-16
8.740953370257040660e+03 1.791373717115532505e-14 5.283985283759009936e-16
8.745833077994320774e+03 1.799827999707710258e-14 3.947435029884075916e-16
8.750712785731600889e+03 1.739788138294594421e-14 3.925936192700038703e-16
8.755592493468881003e+03 1.671755496882783508e-14 3.889663624558973525e-16
8.760472201206161117e+03 1.609569779396198963e-14 3.785980802618825718e-16
8.765351908943441231e+03 1.608211894991268068e-14 3.773696523329759794e-16
8.770231616680721345e+03 1.556549440099917480e-14 3.769609080775576587e-16
8.775111324418001459e+03 1.554627801686372434e-14 3.763785135848366712e-16
8.779991032155281573e+03 1.547105066132207674e-14 3.761088687960153594e-16
8.784870739892561687e+03 1.603026934583708888e-14 3.776940319539044747e-16
8.789750447629841801e+03 1.602454609197539088e-14 3.855044871323268546e-16
8.794630155367121915e+03 1.618832743448627226e-14 3.860416622367842862e-16
8.799509863104402029e+03 1.718329672247864709e-14 3.857764447049241411e-16
8.804389570841682144e+03 1.702450894122660180e-14 3.876294250360409393e-16
8.809269278578962258e+03 1.698064186793087486e-14 3.925861086936808986e-16
8.814148986316242372e+03 1.630493240629273637e-14 3.812203787157752606e-16
8.819028694053522486e+03 1.584571806399848132e-14 3.831976255912978685e-16
8.823908401790802600e+03 1.576510851833546461e-14 3.793005243181790143e-16
8.828788109528082714e+03 1.485169557790921442e-14 3.790227622033283851e-16
8.833667817265362828e+03 1.518809836678504108e-14 3.850641355026667879e-16
8.838547525002642942e+03 1.564601707500965557e-14 3.788817147494557475e-16
8.843427232739923056e+03 1.507377162568062692e-14 4.028943650947383768e-16
8.848306940477203170e+03 1.460731450336305395e-14 3.855648381854815359e-16
8.853186648214483284e+03 1.435956531698541302e-14 3.721905954433223561e-16
8.858066355951763398e+03 1.415840090614371550e-14 3.695842318480104155e-16
8.862946063689043513e+03 1.395116657629291352e-14 3.683770935710786189e-16
8.867825771426323627e+03 1.369807013150498383e-14 3.851868366392551613e-16
8.872705479163603741e+03 1.440174242373898213e-14 3.871392302018598975e-16
8.877585186900883855e+03 1.454943471761968418e-14 3.868041987182446778e-16
8.882464894638163969e+03 1.443661776459873988e-14 3.974976265453628682e-16
8.887344602375444083e+03 1.419182112709606508e-14 4.088157302212865620e-16
8.892224310112724197e+03 1.368089479156061739e-14 3.752988870491373054e-16
8.897104017850004311e+03 1.379688139517687919e-14 3.761416598579617791e-16
8.901983725587284425e+03 1.318646594172593518e-14 3.697301715940679586e-16
8.906863433324564539e+03 1.298459102208090823e-14 3.827920181497078981e-16
8.911743141061844653e+03 1.342592071972598455e-14 3.824279607774133073e-16
8.916622848799124768e+03 1.362576411519385705e-14 3.784115572934231497e-16
8.921502556536404882e+03 1.388530840983940557e-14 4.337525354560315011e-16
8.926382264273684996e+03 1.420049267772506877e-14 3.894723782771282380e-16
8.931261972010965110e+03 1.422224162281609010e-14 3.773783675379054359e-16
8.936141679748245224e+03 1.192691009327506526e-14 3.980001532048436006e-16
8.941021387485525338e+03 1.225747650093637117e-14 3.750881956469416992e-16
8.945901095222805452e+03 1.240092735926660688e-14 3.645850425589911952e-16
8.950780802960085566e+03 1.203139063250747242e-14 3.630028346404289303e-16
8.955660510697365680e+03 1.231025446343287022e-14 3.656659482929217380e-16
8.960540218434645794e+03 1.324683927836344794e-14 4.112517514542065131e-16
8.965419926171925908e+03 1.363253055592024783e-14 3.831040605276151820e-16
8.970299633909206023e+03 1.343102451916255261e-14 3.788242476817540308e-16
8.975179341646486137e+03 1.197661367886288432e-14 3.706868716545860860e-16
8.980059049383766251e+03 1.228657754177420321e-14 3.762758486204895306e-16
8.984938757121046365e+03 1.282060180725481590e-14 3.759024694408677197e-16
8.989818464858326479e+03 1.351608007335528507e-14 3.820043987255335202e-16
8.994698172595606593e+03 1.319740555736996774e-14 3.769704272584429633e-16
8.999577880332886707e+03 1.311159133220970933e-14 3.847390125553786236e-16
9.004457588070166821e+03 1.319068687996261228e-14 3.779838899796842880e-16
9.009337295807446935e+03 1.143260260849061244e-14 3.643359298920283249e-16
9.014217003544727049e+03 1.141192194643324579e-14 3.682474924911162687e-16
9.019096711282007163e+03 1.197604231356208014e-14 3.830428459050200213e-16
9.023976419019287277e+03 1.234686030382065331e-14 3.807411781797429385e-16
9.028856126756567392e+03 1.311423713113468609e-14 4.363892488635598941e-16
9.033735834493847506e+03 1.261389775095720198e-14 3.872715953375373491e-16
9.038615542231127620e+03 1.279370175860114223e-14 3.783417954613394385e-16
9.043495249968407734e+03 1.339905621447009880e-14 3.847986535430937721e-16
9.048374957705687848e+03 1.294464007853837528e-14 3.811340994888489917e-16
9.053254665442967962e+03 1.332896227994002521e-14 3.874583474297848621e-16
9.058134373180248076e+03 1.303949802372625167e-14 3.918323840448411648e-16
9.063014080917528190e+03 1.244023832240058566e-14 3.804785227112095612e-16
9.067893788654808304e+03 1.062831459602866919e-14 3.676485765578494464e-16
9.072773496392088418e+03 9.751315368647620353e-15 3.693564836074365076e-16
9.077653204129368532e+03 1.082520460338710685e-14 3.732735587844699668e-16
9.082532911866648647e+03 9.891308884420379317e-15 3.829190092919554282e-16
9.087412619603928761e+03 9.688078837975571159e-15 3.666933059787587023e-16
9.092292327341208875e+03 1.061387317819209653e-14 3.731416272601205015e-16
9.097172035078488989e+03 1.172865625551917051e-14 3.919886893886872542e-16
9.102051742815769103e+03 1.049709095213678691e-14 3.862431370642912349e-16
9.106931450553049217e+03 1.057091201376096779e-14 3.829348622078911220e-16
9.111811158290329331e+03 1.175118230104886528e-14 3.996981278508111368e-16
9.116690866027609445e+03 1.145748207020451197e-14 3.849496406561097545e-16
9.121570573764889559e+03 1.132487604412362548e-14 3.853527308555081557e-16
9.126450281502169673e+03 1.226148295131454762e-14 3.896694715622193388e-16
9.131329989239449787e+03 1.234530468063830246e-14 3.873475207199250386e-16
9.136209696976729902e+03 1.190774583584216368e-14 3.846409757431896023e-16
9.141089404714010016e+03 1.115574087838357347e-14 3.807304713317787349e-16
9.145969112451290130e+03 1.060238040362147509e-14 3.821295636172776914e-16
9.150848820188570244e+03 1.073503455086956255e-14 3.894177042695035548e-16
9.155728527925850358e+03 9.251190645133708213e-15 3.730027890187567136e-16
9.160608235663130472e+03 9.645655404993969032e-15 3.841754949019730233e-16
9.165487943400410586e+03 9.617997871899846931e-15 3.812546988567365532e-16
9.170367651137690700e+03 1.007122747725772842e-14 3.773852057076931631e-16
9.175247358874970814e+03 9.111948030436257084e-15 3.758325625559162037e-16
9.180127066612250928e+03 1.014255457706132024e-14 3.883460017813181522e-16
9.185006774349531042e+03 1.164013843723243469e-14 4.443756325284378758e-16
9.189886482086811156e+03 1.267912559740787150e-14 4.544423109033358864e-16
9.194766189824091271e+03 1.170285084565379242e-14 4.481387561957436733e-16
9.199645897561371385e+03 1.081619759508869534e-14 3.927377642623670376e-16
9.204525605298651499e+03 1.105856724717616023e-14 3.984994257885167861e-16
9.209405313035931613e+03 1.081832186305225973e-14 3.879078503781223990e-16
9.214285020773211727e+03 9.564677679238205968e-15 3.776608203583895255e-16
9.219164728510491841e+03 9.774887389773127786e-15 3.829523361812382134e-16
9.224044436247771955e+03 1.047522380788865318e-14 4.149122839046499231e-16
9.228924143985052069e+03 9.331836894886542436e-15 3.813441862354063550e-16
9.233803851722332183e+03 9.152372949542791523e-15 3.835260178648906382e-16
9.238683559459612297e+03 1.017828896071158977e-14 3.897773729452530381e-16
9.243563267196892411e+03 1.048601124069861201e-14 3.972294050320396414e-16
9.248442974934172526e+03 1.046612561286945978e-14 4.089194179214749245e-16
9.253322682671452640e+03 1.105403489472252704e-14 4.067600328150186070e-16
9.258202390408732754e+03 1.236146992790423569e-14 4.080060142761914494e-16
9.263082098146012868e+03 1.213511346304200883e-14 4.113546063255093493e-16
9.267961805883292982e+03 1.150685647459721396e-14 4.145661061796118254e-16
9.272841513620573096e+03 1.001610958015133926e-14 3.973056106944296131e-16
9.277721221357853210e+03 9.899378901096518771e-15 4.049477904168021107e-16
9.282600929095133324e+03 9.449516502615492395e-15 3.948125243948681414e-16
9.287480636832413438e+03 8.299182838816150497e-15 3.870508324065885605e-16
9.292360344569693552e+03 8.212532807346736201e-15 3.868666320830622394e-16
9.297240052306973666e+03 8.606533887934235129e-15 3.967454614879704595e-16
9.302119760044253781e+03 8.022040565407555113e-15 3.877997333560049583e-16
9.306999467781533895e+03 8.223688842822005068e-15 3.935773509429337345e-16
9.311879175518814009e+03 8.479502268770620447e-15 3.972338572777314818e-16
9.316758883256094123e+03 8.916801992355950147e-15 4.222542967333362833e-16
9.321638590993374237e+03 9.116813321973667785e-15 4.031507660542951598e-16
9.326518298730654351e+03 9.679165191869668126e-15 4.102694708182206865e-16
9.331398006467934465e+03 1.052767732897023242e-14 4.488385276954837567e-16
9.336277714205214579e+03 9.764925567385049857e-15 4.140790453691052959e-16
9.341157421942494693e+03 1.020643657126522331e-14 4.249499919667658562e-16
9.346037129679774807e+03 9.965313066696500253e-15 4.222987642698927692e-16
9.350916837417054921e+03 1.101721293974147142e-14 4.349209482159718358e-16
9.355796545154335035e+03 1.079540785954037061e-14 4.265704668043545597e-16
9.360676252891615150e+03 9.737122990027119656e-15 4.207403923951261567e-16
9.365555960628895264e+03 1.006679876880016035e-14 4.395824530078601587e-16
9.370435668366175378e+03 9.724707004414418248e-15 4.261542790018287089e-16
9.375315376103455492e+03 8.981001871743454638e-15 3.740068161694159047e-16
9.380195083840735606e+03 7.672357520626619382e-15 4.946436301531066844e-16
9.385074791578015720e+03 7.007859837686089009e-15 4.105247674622296775e-16
9.389954499315295834e+03 7.425528195512588519e-15 4.248228668430974741e-16
9.394834207052575948e+03 7.271790741718629369e-15 4.171449558749210006e-16
9.399713914789856062e+03 7.687869043894372984e-15 4.227321110690936176e-16
9.404593622527136176e+03 8.672778777485725870e-15 4.363038669568358423e-16
9.409473330264416290e+03 1.045364401342457857e-14 4.467762859268571448e-16
9.414353038001696405e+03 1.939824994057731762e-14 5.924601561462093128e-16
9.419232745738976519e+03 1.116435919631879083e-14 4.502960482587864333e-16
9.424112453476256633e+03 1.041617595679529864e-14 4.522741073454025906e-16
9.428992161213536747e+03 8.820365550234742325e-15 4.396909849517756231e-16
9.433871868950816861e+03 7.204058846710102895e-15 4.323221395320593974e-16
9.438751576688096975e+03 7.331447700608928106e-15 4.464988818977841390e-16
9.443631284425377089e+03 6.444242158153944367e-15 4.582071638802753718e-16
9.448510992162657203e+03 6.530570030375737534e-15 4.347334270748489273e-16
9.453390699899937317e+03 6.420982680082127493e-15 4.379607886717601118e-16
9.458270407637217431e+03 7.383272561852625733e-15 4.449308361629280588e-16
9.463150115374497545e+03 6.220129617586694267e-15 4.769533114484172383e-16
9.468029823111777660e+03 5.870022000374621676e-15 4.423013125294604729e-16
9.472909530849057774e+03 6.753486353861680696e-15 4.699621770513666689e-16
9.477789238586337888e+03 7.810814939739450588e-15 4.675875916808228851e-16
9.482668946323618002e+03 9.051918433158487105e-15 4.727753074706132743e-16
9.487548654060898116e+03 6.498956587840890090e-15 4.723749840534677025e-16
9.492428361798178230e+03 7.972426420183837636e-15 4.719633175774264766e-16
9.497308069535458344e+03 8.584439763203032800e-15 4.751249584752566205e-16
9.502187777272738458e+03 8.585149380038062929e-15 4.769734303575107876e-16
9.507067485010018572e+03 7.848886992994234546e-15 4.817037877777332002e-16
9.511947192747298686e+03 8.486125308954236049e-15 5.072240626676544828e-16
9.516826900484578800e+03 8.908415682916328538e-15 4.926010465809231723e-16
9.521706608221858914e+03 8.619456902765005207e-15 4.977593357418650571e-16
9.526586315959139029e+03 7.952722236245978950e-15 4.906321726521350306e-16
9.531466023696419143e+03 7.558303928861257840e-15 4.959248004625734446e-16
9.536345731433699257e+03 7.554482700282692198e-15 4.898196328461599619e-16
9.541225439170979371e+03 6.116964883782065630e-15 4.831281966186449096e-16
9.546105146908259485e+03 6.076969998926729317e-15 5.623053262438656337e-16
9.550984854645539599e+03 5.612227581216883152e-15 4.843028639784686902e-16
9.555864562382819713e+03 6.310166021179592851e-15 4.970025928372352924e-16
9.560744270120099827e+03 5.703651991391216097e-15 4.975775152885896212e-16
9.565623977857379941e+03 5.927399885958526799e-15 4.993205287850904063e-16
9.570503685594660055e+03 2.810303698372107952e-14 8.690390965659639195e-16
9.575383393331940169e+03 6.960721524975120662e-15 5.019520210737429664e-16
9.580263101069220284e+03 5.455076330823403700e-15 5.156022452648138282e-16
9.585142808806500398e+03 6.295389839837321849e-15 5.175046549498605707e-16
9.590022516543780512e+03 6.949261164534012198e-15 5.297831415967671105e-16
9.594902224281060626e+03 6.161680219906980213e-15 5.363902480128830253e-16
9.599781932018340740e+03 7.046493032795540910e-15 5.378711481521853220e-16
9.604661639755620854e+03 7.199598501077066459e-15 5.614857202419979331e-16
9.609541347492900968e+03 8.334452586152293759e-15 5.659140777353305349e-16
9.614421055230181082e+03 8.438396990003084214e-15 5.780067766269004719e-16
9.619300762967461196e+03 8.075097758648590764e-15 5.655307614557189519e-16
9.624180470704741310e+03 7.608138773656173902e-15 5.981637086244073917e-16
9.629060178442021424e+03 7.457993045039280312e-15 5.667368594270234919e-16
9.633939886179301539e+03 6.681870591558992418e-15 5.620224499468018456e-16
9.638819593916581653e+03 6.770906054592893470e-15 5.689951659198818853e-16
9.643699301653861767e+03 7.400324189945212379e-15 5.869106746539479041e-16
9.648579009391141881e+03 6.496795963194411099e-15 5.771443802327030678e-16
9.653458717128421995e+03 5.083240454056035688e-15 5.794026966770234395e-16
9.658338424865702109e+03 4.408757365074499192e-15 5.721484277136891323e-16
9.663218132602982223e+03 4.561151052179758543e-15 6.026071205412449318e-16
9.668097840340262337e+03 4.611459662907923777e-15 5.861576997486745985e-16
9.672977548077542451e+03 4.768086788048629020e-15 5.964755896301611881e-16
9.677857255814822565e+03 5.058683361395420571e-15 6.357784552178500832e-16
9.682736963552102679e+03 6.213420778801630114e-15 6.190216327710865780e-16
9.687616671289382793e+03 5.514450642057048867e-15 6.170222176908726967e-16
9.692496379026662908e+03 5.566782599763020298e-15 6.283563912391827227e-16
9.697376086763943022e+03 6.784775973031518023e-15 6.408660874612963276e-16
9.702255794501223136e+03 6.070734014943261975e-15 6.543328739776936561e-16
9.707135502238503250e+03 6.990380032456758786e-15 6.648874173124525738e-16
9.712015209975783364e+03 6.355843178319274030e-15 6.580165475912054569e-16
9.716894917713063478e+03 7.398463530760907695e-15 6.578774004363273757e-16
9.721774625450343592e+03 6.842197829540319931e-15 6.511484838285204703e-16
9.726654333187623706e+03 4.946477461615868292e-15 6.397205442758034730e-16
9.731534040924903820e+03 4.464507629222949996e-15 6.393004790082499541e-16
9.736413748662183934e+03 5.092591274602314661e-15 6.447631352887664555e-16
9.741293456399464048e+03 5.035379097253843009e-15 6.524061610445474741e-16
9.746173164136744163e+03 3.052675070708568115e-15 6.453517268431087294e-16
9.751052871874024277e+03 4.245240047451910964e-15 6.503811830406742338e-16
9.755932579611304391e+03 5.056273267608888268e-15 6.681717689262078069e-16
9.760812287348584505e+03 5.364909621196439214e-15 6.637352588882334565e-16
9.765691995085864619e+03 5.495059135315873272e-15 6.704018721410764385e-16
9.770571702823144733e+03 6.505871540429951149e-15 6.836271809256213247e-16
9.775451410560424847e+03 6.813601157430411728e-15 6.842440449147841023e-16
9.780331118297704961e+03 3.942238644848704551e-15 6.679839585525697467e-16
9.785210826034985075e+03 5.242255150287954145e-15 6.834632986173093204e-16
9.790090533772265189e+03 6.868146767665907289e-15 6.955526080991124996e-16
9.794970241509545303e+03 5.829092671341830839e-15 7.109669544471559730e-16
9.799849949246825418e+03 6.302293770630848331e-15 7.045949709293593688e-16
9.804729656984105532e+03 4.887731129818177067e-15 7.038500754409143525e-16
9.809609364721385646e+03 6.530921287930398758e-15 7.134482357892051533e-16
9.814489072458665760e+03 5.351990598218129971e-15 7.259801550854213959e-16
9.819368780195945874e+03 3.570033507465867479e-15 6.904575781839046620e-16
9.824248487933225988e+03 4.555297843434029140e-15 7.175646843005443626e-16
9.829128195670506102e+03 4.371441898269943178e-15 7.033705442577001594e-16
9.834007903407786216e+03 4.082112357012300503e-15 7.026771482682498750e-16
9.838887611145066330e+03 3.488147375923634408e-15 7.131173285623106903e-16
9.843767318882346444e+03 9.756985487886191228e-15 7.329604517377174947e-16
9.848647026619626558e+03 4.559726626663991735e-14 1.160404875467734753e-15
9.853526734356906672e+03 2.599296696604669749e-15 7.121236669063736425e-16
9.858406442094186787e+03 4.526243671639437646e-15 7.346452299623178768e-16
9.863286149831466901e+03 6.549207977483357151e-15 7.522072321554017476e-16
9.868165857568747015e+03 5.627820308638823615e-15 7.456825274808010567e-16
9.873045565306027129e+03 4.782036057216231959e-15 7.485882360677944537e-16
9.877925273043307243e+03 4.343881887694309802e-15 7.953300615147971737e-16
9.882804980780587357e+03 5.935037745700737954e-15 7.703911496754872470e-16
9.887684688517867471e+03 3.730941386302670847e-15 9.281758012525720750e-16
9.892564396255147585e+03 2.786366545277270591e-15 8.646855064724712743e-16
9.897444103992427699e+03 5.468120442719626484e-15 7.685037001095219854e-16
9.902323811729707813e+03 4.746019463332841730e-15 7.771633152816367394e-16
9.907203519466987927e+03 4.164334054236841391e-15 7.654530043516360060e-16
9.912083227204268042e+03 2.986410060079978205e-15 7.666400006619156032e-16
9.916962934941548156e+03 4.346159228912563667e-15 7.823110185502535158e-16
9.921842642678828270e+03 5.116064156828708746e-15 8.010790472074342358e-16
9.926722350416108384e+03 4.689434124268233105e-15 8.048844813284803767e-16
9.931602058153388498e+03 4.148704259153927518e-15 7.985554923908676278e-16
9.936481765890668612e+03 3.917474565797611838e-15 8.177444156412717798e-16
9.941361473627948726e+03 5.614884191681237197e-15 8.328818121258564919e-16
9.946241181365228840e+03 3.680509465039602023e-15 8.130420507693547610e-16
9.951120889102508954e+03 4.375235115468759852e-15 8.480803833301047203e-16
9.956000596839789068e+03 5.864190939640232262e-15 8.396587410559310965e-16
9.960880304577069182e+03 5.664121326314384247e-15 9.445289320602743194e-16
9.965760012314349297e+03 3.240734079730170286e-15 8.417704121932073535e-16
9.970639720051629411e+03 3.014111745086275414e-15 9.597638383746938420e-16
9.975519427788909525e+03 5.019819135948796682e-15 9.118843289895545234e-16
9.980399135526189639e+03 4.026969878578239205e-15 8.510451555426090782e-16
9.985278843263469753e+03 3.810622991577869166e-15 8.673892802818432490e-16
9.990158551000749867e+03 4.066057965901834483e-15 8.714259765300691657e-16
9.995038258738029981e+03 5.368471341555035748e-15 8.878239750133165366e-16
9.999917966475310095e+03 4.201664197010549827e-15 8.940550616689047427e-16
1.000479767421259021e+04 5.292444557672710876e-15 9.014801950856602084e-16
1.000967738194987032e+04 5.861905571964059181e-15 9.147868779678347396e-16
1.001455708968715044e+04 5.396511850017588703e-15 9.284321670680739884e-16
1.001943679742443055e+04 1.534486168699149348e-15 9.492492426911854998e-16
1.002431650516171067e+04 3.107764442715296140e-15 9.234854160308350946e-16
1.002919621289899078e+04 5.650416209826019007e-15 9.757400027866315790e-16
1.003407592063627089e+04 3.357779984824640468e-15 9.468949775543260706e-16
1.003895562837355101e+04 1.568966167291012437e-15 9.405740099284145068e-16
1.004383533611083112e+04 2.448652944701432243e-15 9.506999819118050448e-16
1.004871504384811124e+04 3.209465233660689050e-15 9.717264049017648981e-16
1.005359475158539135e+04 2.523838418302211089e-15 9.954694326320948432e-16
1.005847445932267146e+04 4.136946892319835676e-15 9.931507990085093539e-16
1.006335416705995158e+04 5.702676524311028252e-15 1.017484592399377124e-15
1.006823387479723169e+04 7.276520373512256540e-15 1.054744775572779858e-15
1.007311358253451181e+04 3.835192272749389590e-15 1.070183348460748723e-15
1.007799329027179192e+04 3.921283378316614879e-15 1.042113133324315583e-15
1.008287299800907203e+04 6.083176251463476864e-15 1.066287286922112363e-15
1.008775270574635215e+04 4.407631915218846428e-15 1.121351597263633683e-15
1.009263241348363226e+04 2.170063823474290654e-15 1.303513095327909746e-15
1.009751212122091238e+04 5.964903872705731815e-15 1.187944121906275258e-15
1.010239182895819249e+04 5.609572421161562692e-15 1.179125431051705540e-15
1.010727153669547261e+04 6.599361030333544418e-15 1.146495357943121552e-15
1.011215124443275272e+04 5.247258008819765829e-15 1.159254824058316988e-15
1.011703095217003283e+04 4.043267135342710019e-15 1.216700970230938490e-15
1.012191065990731295e+04 4.513272631495195512e-15 1.333568837322446645e-15
1.012679036764459306e+04 3.322813529902136485e-15 1.193074141364623385e-15
1.013167007538187318e+04 1.495348514916058965e-17 1.202420465638602070e-15
1.013654978311915329e+04 2.794334516329538049e-15 1.252113381850172802e-15
1.014142949085643340e+04 4.354708920150074784e-15 1.275681600000602455e-15
1.014630919859371352e+04 1.401082054752181422e-15 1.282679541202144200e-15
1.015118890633099363e+04 1.279227294635335218e-15 1.279035422331433449e-15
1.015606861406827375e+04 2.708549993601231093e-15 1.315754805714394265e-15
1.016094832180555386e+04 2.731672650821774932e-15 1.337098784362352090e-15
1.016582802954283397e+04 3.294103595422047848e-15 1.368581939259653932e-15
1.017070773728011409e+04 3.383166661693385305e-15 1.428641108531968387e-15
1.017558744501739420e+04 1.912960878512050232e-15 1.459312357728233643e-15
1.018046715275467432e+04 1.333399606165061576e-15 1.454315813726859256e-15
1.018534686049195443e+04 4.313548295759933438e-16 1.452844039248066876e-15
1.019022656822923454e+04 2.313950208852537149e-15 1.497610025176406740e-15
1.019510627596651466e+04 5.417994448892494012e-15 1.552057907672792095e-15
1.019998598370379477e+04 4.661396514768954681e-15 1.586208427156602616e-15
1.020486569144107489e+04 1.832946692570868639e-15 1.615995402972591451e-15
1.020974539917835500e+04 4.700941578930513595e-15 1.681893323653907270e-15
1.021462510691563512e+04 6.161132753933032777e-15 1.748717738341251089e-15
1.021950481465291523e+04 3.929476770119715061e-15 1.754213086209331063e-15
1.022438452239019534e+04 5.709803900930872334e-15 1.805591368976159884e-15
