
#### run start Sat Aug 15 16:04:09 2026  98 SNe  workers=4 ####
$ /home/ishaang6/miniforge3/envs/surf_uv/bin/python /mnt/c/Users/eluru/CALTECH_SURF_2026/WORK/scripts/download_all.py 2026OBC
2026OBC: downloaded 18 products (6 obs)
DOWNLOADDONE



#### crds pre-sync: 1628 STIS exposures, 98 SNe (batched) ####
crds pre-sync done Sat Aug 15 16:28:06 2026

===== NSNF3  z=0.0  STIS=True COS=False =====
$ /home/ishaang6/miniforge3/envs/surf_uv/bin/python /mnt/c/Users/eluru/CALTECH_SURF_2026/WORK/scripts/download_all.py NSNF3
INFO: Found cached file /mnt/c/Users/eluru/CALTECH_SURF_2026/WORK/data/NSNF3/mastDownload/HST/o6mt03010/o6mt03010_crj.fits with expected size 5281920. [astroquery.query]
INFO: Found cached file /mnt/c/Users/eluru/CALTECH_SURF_2026/WORK/data/NSNF3/mastDownload/HST/o6mt03010/o6mt03010_wav.fits with expected size 2260800. [astroquery.query]
INFO: Found cached file /mnt/c/Users/eluru/CALTECH_SURF_2026/WORK/data/NSNF3/mastDownload/HST/o6mt03010/o6mt03010_raw.fits with expected size 2272320. [astroquery.query]
INFO: Found cached file /mnt/c/Users/eluru/CALTECH_SURF_2026/WORK/data/NSNF3/mastDownload/HST/o6mt03010/o6mt03010_flt.fits with expected size 10540800. [astroquery.query]
INFO: Found cached file /mnt/c/Users/eluru/CALTECH_SURF_2026/WORK/data/NSNF3/mastDownload/HST/o6mt03020/o6mt03020_wav.fits with expected size 4262400. [astroquery.query]
INFO: Found cached file /mnt/c/Users/eluru/CALTECH_SURF_2026/WORK/data/NSNF3/mastDownload/HST/o6mt03020/o6mt03020_raw.fits with expected size 8429760. [astroquery.query]
INFO: Found cached file /mnt/c/Users/eluru/CALTECH_SURF_2026/WORK/data/NSNF3/mastDownload/HST/o6mt03020/o6mt03020_flt.fits with expected size 10535040. [astroquery.query]
NSNF3: downloaded 7 products (2 obs)
DOWNLOADDONE


$ /home/ishaang6/miniforge3/envs/surf_uv/bin/python /mnt/c/Users/eluru/CALTECH_SURF_2026/WORK/scripts/reduce_stis_batch.py /mnt/c/Users/eluru/CALTECH_SURF_2026/WORK/data/NSNF3 NSNF3 --outroot output5 --z 0.0 --expl-mjd 52707.0
v. 1998
GACTAB   oref$p9r19203o_gac.fits
GACTAB   PEDIGREE=INFLIGHT 07/12/2001 03/08/2004
GACTAB   DESCRIP =X1D flux corr for grating/aper combos
GACTAB   DESCRIP =Grating-Aperture Throughput Correction
PCTAB    oref$q541740no_pct.fits
PCTAB    PEDIGREE=INFLIGHT 18/05/1997 19/12/1998
PCTAB    DESCRIP =Sensitivity for diff. extractions heights
TDSTAB   oref$t9a1003so_tds.fits
TDSTAB   PEDIGREE=INFLIGHT 01/04/1996 08/10/2009
TDSTAB   DESCRIP =Revised sensitivities for L, M, and E modes
FLUXCORR PERFORM
CTECORR  PERFORM
CCDTAB   oref$0841734do_ccd.fits
CCDTAB   PEDIGREE=INFLIGHT 12/07/2001 25/02/2002
CCDTAB   DESCRIP =Updated readnoise for gain={1,4}, all amps, binning=1x1------------
CCDTAB   DESCRIP =all bias frames
Warning    No exact extraction box height match in PCTAB.
Warning    Using entry for height 15
         GACTAB correction applied for G430L 52X0.2E1 4300
CTECORR  COMPLETE
FLUXCORR COMPLETE
SGEOCORR OMIT

         Row 1 written to disk.
Order 1  End 16:28:40 PDT

         trace was rotated by = -0.00259143 degree.
Imset 1  End 16:28:40 PDT

Warning    Keyword `XTRACALG' is being added to header.
End      15-Aug-2026 16:28:40 PDT

*** CALSTIS-6 complete ***
git tag: 4ac2384-dirty
git branch: main
HEAD @: 4ac2384d4b81f58ea6aed6f2977aadc15beb6b0f

*** CALSTIS-6 -- Version 3.5.0 (02-Feb-2026) ***
Begin    15-Aug-2026 16:28:41 PDT

Warning    Grating-aperture throughput correction table (GACTAB) was not found,

         and no gac corrections will be applied
Input    /mnt/c/Users/eluru/CALTECH_SURF_2026/WORK/data/NSNF3/mastDownload/HST/o6mt03020/o6mt03020_flt.fits
Output   output5/NSNF3/STIS/MAMA/2003-03-17_day9/G230L/o6mt03020_x1d.fits
Rootname o6mt03020
OBSMODE  ACCUM
APERTURE 52X0.2
OPT_ELEM G230L
DETECTOR NUV-MAMA

XTRACTAB oref$l3m1437to_1dx.fits
XTRACTAB PEDIGREE=INFLIGHT 29/05/97
XTRACTAB DESCRIP =Analysis from prop. 7064 and ground data
XTRACTAB DESCRIP =Analysis from prop. 7064
SPTRCTAB oref$a5e19539o_1dt.fits
SPTRCTAB PEDIGREE=INFLIGHT 27/02/1997 06/01/2010
SPTRCTAB DESCRIP =New traces for select echelle secondary modes

Imset 1  Begin 16:28:41 PDT
         Input read into memory.
Order 1  Begin 16:28:43 PDT
X1DCORR  PERFORM
BACKCORR PERFORM
******** Calling Slfit ***********
BACKCORR COMPLETE
X1DCORR  COMPLETE
         Spectrum extracted at y position = 519.511

DISPCORR PERFORM
DISPTAB  oref$m7p16111o_dsp.fits
DISPTAB  PEDIGREE=INFLIGHT 23/01/1999 23/01/1999
DISPTAB  DESCRIP =Dispersion coefficients reference table
DISPTAB  DESCRIP =INFLIGHT Cal. Disp. Coeffs
APDESTAB oref$16j16005o_apd.fits
APDESTAB PEDIGREE=INFLIGHT 01/03/1997 13/06/2017
APDESTAB DESCRIP =Aligned long-slit bar positions for single-bar cases.--------------
APDESTAB DESCRIP =Microscope Meas./Hartig Post-launch Offsets
INANGTAB oref$l3m1437ro_iac.fits
INANGTAB DESCRIP =Prelaunch Calibration/Lindler and Models
DISPCORR COMPLETE

HELCORR  PERFORM
HELCORR  COMPLETE

PHOTTAB  oref$9511857ao_pht.fits
PHOTTAB  PEDIGREE=INFLIGHT 27/02/1997 16/03/2021
PHOTTAB  DESCRIP =Fullerton 2025 calibration
APERTAB  oref$y2r1559to_apt.fits
APERTAB  PEDIGREE=MODEL
APERTAB  DESCRIP =Added/updated values for 31X0.05NDA,31X0.05NDB,31X0.05NDC apertures
APERTAB  DESCRIP =Bohlin/Hartig TIM Models Nov. 1998
PCTAB    oref$y2r16006o_pct.fits
PCTAB    PEDIGREE=INFLIGHT 18/05/1997 19/12/1998
PCTAB    DESCRIP =Added/updated values for 31X0.05NDA,31X0.05NDB,31X0.05NDC apertures
TDSTAB   oref$q9s1550lo_tds.fits
TDSTAB   PEDIGREE=INFLIGHT 01/04/1996 08/04/2004
TDSTAB   DESCRIP =New sensitivities for  G230L, E230M, E230M, and E230H modes
FLUXCORR PERFORM
FLUXCORR COMPLETE
SGEOCORR OMIT

         Row 1 written to disk.
Order 1  End 16:28:43 PDT

         trace was rotated by = 0.0045465 degree.
Imset 1  End 16:28:43 PDT

Warning    Keyword `XTRACALG' is being added to header.
End      15-Aug-2026 16:28:43 PDT

*** CALSTIS-6 complete ***
2 STIS science exposures for NSNF3 (0 dropped: texptime<5.0s)
X1D o6mt03010 G430L es 17 flags none
X1D o6mt03020 G230L es 11 flags none
BATCHDONE

/home/ishaang6/miniforge3/envs/surf_uv/lib/python3.12/site-packages/stsci/tools/nmpfit.py:8: UserWarning: NMPFIT is deprecated - stsci.tools v 3.5 is the last version to contain it.
  warnings.warn("NMPFIT is deprecated - stsci.tools v 3.5 is the last version to contain it.")
/home/ishaang6/miniforge3/envs/surf_uv/lib/python3.12/site-packages/stsci/tools/gfit.py:18: UserWarning: GFIT is deprecated - stsci.tools v 3.4.12 is the last version to contain it.Use astropy.modeling instead.
  warnings.warn("GFIT is deprecated - stsci.tools v 3.4.12 is the last version to contain it."

$ /home/ishaang6/miniforge3/envs/surf_uv/bin/python /mnt/c/Users/eluru/CALTECH_SURF_2026/WORK/scripts/build_products.py NSNF3 --outroot output5 --z 0.0 --early-skip-dir  --expl-mjd 52707.0
built products for NSNF3: 1 epochs



===== PTF11DIJ  z=0.1429  STIS=True COS=False =====
$ /home/ishaang6/miniforge3/envs/surf_uv/bin/python /mnt/c/Users/eluru/CALTECH_SURF_2026/WORK/scripts/download_all.py PTF11DIJ
INFO: Found cached file /mnt/c/Users/eluru/CALTECH_SURF_2026/WORK/data/PTF11DIJ/mastDownload/HST/obju01010/obju01010_wav.fits with expected size 4262400. [astroquery.query]
INFO: Found cached file /mnt/c/Users/eluru/CALTECH_SURF_2026/WORK/data/PTF11DIJ/mastDownload/HST/obju01010/obju01010_raw.fits with expected size 8429760. [astroquery.query]
INFO: Found cached file /mnt/c/Users/eluru/CALTECH_SURF_2026/WORK/data/PTF11DIJ/mastDownload/HST/obju01010/obju01010_flt.fits with expected size 10535040. [astroquery.query]
INFO: Found cached file /mnt/c/Users/eluru/CALTECH_SURF_2026/WORK/data/PTF11DIJ/mastDownload/HST/obju01020/obju01020_wav.fits with expected size 4262400. [astroquery.query]
INFO: Found cached file /mnt/c/Users/eluru/CALTECH_SURF_2026/WORK/data/PTF11DIJ/mastDownload/HST/obju01020/obju01020_raw.fits with expected size 8429760. [astroquery.query]
INFO: Found cached file /mnt/c/Users/eluru/CALTECH_SURF_2026/WORK/data/PTF11DIJ/mastDownload/HST/obju01020/obju01020_flt.fits with expected size 10535040. [astroquery.query]
PTF11DIJ: downloaded 6 products (2 obs)
DOWNLOADDONE


$ /home/ishaang6/miniforge3/envs/surf_uv/bin/python /mnt/c/Users/eluru/CALTECH_SURF_2026/WORK/scripts/reduce_stis_batch.py /mnt/c/Users/eluru/CALTECH_SURF_2026/WORK/data/PTF11DIJ PTF11DIJ --outroot output5 --z 0.1429 --expl-mjd 55676.0
Microscope Meas./Hartig Post-launch Offsets
INANGTAB oref$l3m1437ro_iac.fits
INANGTAB DESCRIP =Prelaunch Calibration/Lindler and Models
DISPCORR COMPLETE

HELCORR  PERFORM
HELCORR  COMPLETE

PHOTTAB  oref$a5e19538o_pht.fits
PHOTTAB  PEDIGREE=INFLIGHT 27/02/1997 16/03/2021
PHOTTAB  DESCRIP =May 2026 recalibration
APERTAB  oref$y2r1559to_apt.fits
APERTAB  PEDIGREE=MODEL
APERTAB  DESCRIP =Added/updated values for 31X0.05NDA,31X0.05NDB,31X0.05NDC apertures
APERTAB  DESCRIP =Bohlin/Hartig TIM Models Nov. 1998
PCTAB    oref$y2r16006o_pct.fits
PCTAB    PEDIGREE=INFLIGHT 18/05/1997 19/12/1998
PCTAB    DESCRIP =Added/updated values for 31X0.05NDA,31X0.05NDB,31X0.05NDC apertures
TDSTAB   oref$97a1546po_tds.fits
TDSTAB   PEDIGREE=INFLIGHT 01/04/1997 13/05/2025
TDSTAB   DESCRIP =Updated time sensitivities for MIRNUV and L, M, and H modes.
FLUXCORR PERFORM
FLUXCORR COMPLETE
SGEOCORR OMIT

         Row 1 written to disk.
Order 1  End 16:28:41 PDT

         trace was rotated by = -0.00119419 degree.
Imset 1  End 16:28:41 PDT

Warning    Keyword `XTRACALG' is being added to header.
End      15-Aug-2026 16:28:41 PDT

*** CALSTIS-6 complete ***
git tag: 4ac2384-dirty
git branch: main
HEAD @: 4ac2384d4b81f58ea6aed6f2977aadc15beb6b0f

*** CALSTIS-6 -- Version 3.5.0 (02-Feb-2026) ***
Begin    15-Aug-2026 16:28:42 PDT

Warning    Grating-aperture throughput correction table (GACTAB) was not found,

         and no gac corrections will be applied
Input    /mnt/c/Users/eluru/CALTECH_SURF_2026/WORK/data/PTF11DIJ/mastDownload/HST/obju01020/obju01020_flt.fits
Output   output5/PTF11DIJ/STIS/MAMA/2011-05-30_day35/G230L/obju01020_x1d.fits
Rootname obju01020
OBSMODE  ACCUM
APERTURE 52X0.2
OPT_ELEM G230L
DETECTOR NUV-MAMA

XTRACTAB oref$a5e1953co_1dx.fits
XTRACTAB PEDIGREE=INFLIGHT 29/05/1997 29/05/1997
XTRACTAB DESCRIP =Analysis from prop. 7064 and ground data
XTRACTAB DESCRIP =Analysis from prop. 7064
SPTRCTAB oref$a5e19539o_1dt.fits
SPTRCTAB PEDIGREE=INFLIGHT 27/02/1997 06/01/2010
SPTRCTAB DESCRIP =New traces for select echelle secondary modes

Imset 1  Begin 16:28:42 PDT
         Input read into memory.
Order 1  Begin 16:28:44 PDT
X1DCORR  PERFORM
BACKCORR PERFORM
******** Calling Slfit ***********
BACKCORR COMPLETE
X1DCORR  COMPLETE
         Spectrum extracted at y position = 530.579

DISPCORR PERFORM
DISPTAB  oref$m7p16111o_dsp.fits
DISPTAB  PEDIGREE=INFLIGHT 23/01/1999 23/01/1999
DISPTAB  DESCRIP =Dispersion coefficients reference table
DISPTAB  DESCRIP =INFLIGHT Cal. Disp. Coeffs
APDESTAB oref$16j16005o_apd.fits
APDESTAB PEDIGREE=INFLIGHT 01/03/1997 13/06/2017
APDESTAB DESCRIP =Aligned long-slit bar positions for single-bar cases.--------------
APDESTAB DESCRIP =Microscope Meas./Hartig Post-launch Offsets
INANGTAB oref$l3m1437ro_iac.fits
INANGTAB DESCRIP =Prelaunch Calibration/Lindler and Models
DISPCORR COMPLETE

HELCORR  PERFORM
HELCORR  COMPLETE

PHOTTAB  oref$a5e19538o_pht.fits
PHOTTAB  PEDIGREE=INFLIGHT 27/02/1997 16/03/2021
PHOTTAB  DESCRIP =May 2026 recalibration
APERTAB  oref$y2r1559to_apt.fits
APERTAB  PEDIGREE=MODEL
APERTAB  DESCRIP =Added/updated values for 31X0.05NDA,31X0.05NDB,31X0.05NDC apertures
APERTAB  DESCRIP =Bohlin/Hartig TIM Models Nov. 1998
PCTAB    oref$y2r16006o_pct.fits
PCTAB    PEDIGREE=INFLIGHT 18/05/1997 19/12/1998
PCTAB    DESCRIP =Added/updated values for 31X0.05NDA,31X0.05NDB,31X0.05NDC apertures
TDSTAB   oref$97a1546po_tds.fits
TDSTAB   PEDIGREE=INFLIGHT 01/04/1997 13/05/2025
TDSTAB   DESCRIP =Updated time sensitivities for MIRNUV and L, M, and H modes.
FLUXCORR PERFORM
FLUXCORR COMPLETE
SGEOCORR OMIT

         Row 1 written to disk.
Order 1  End 16:28:44 PDT

         trace was rotated by = -0.0011943 degree.
Imset 1  End 16:28:45 PDT

Warning    Keyword `XTRACALG' is being added to header.
End      15-Aug-2026 16:28:45 PDT

*** CALSTIS-6 complete ***
2 STIS science exposures for PTF11DIJ (0 dropped: texptime<5.0s)
X1D obju01010 G230L es 11 flags ['low_detect']
X1D obju01020 G230L es 11 flags ['low_detect']
BATCHDONE

/home/ishaang6/miniforge3/envs/surf_uv/lib/python3.12/site-packages/stsci/tools/nmpfit.py:8: UserWarning: NMPFIT is deprecated - stsci.tools v 3.5 is the last version to contain it.
  warnings.warn("NMPFIT is deprecated - stsci.tools v 3.5 is the last version to contain it.")
/home/ishaang6/miniforge3/envs/surf_uv/lib/python3.12/site-packages/stsci/tools/gfit.py:18: UserWarning: GFIT is deprecated - stsci.tools v 3.4.12 is the last version to contain it.Use astropy.modeling instead.
  warnings.warn("GFIT is deprecated - stsci.tools v 3.4.12 is the last version to contain it."

$ /home/ishaang6/miniforge3/envs/surf_uv/bin/python /mnt/c/Users/eluru/CALTECH_SURF_2026/WORK/scripts/build_products.py PTF11DIJ --outroot output5 --z 0.1429 --early-skip-dir  --expl-mjd 55676.0
built products for PTF11DIJ: 1 epochs



===== NSNF5  z=0.0202828790186173  STIS=True COS=False =====
$ /home/ishaang6/miniforge3/envs/surf_uv/bin/python /mnt/c/Users/eluru/CALTECH_SURF_2026/WORK/scripts/download_all.py NSNF5
INFO: Found cached file /mnt/c/Users/eluru/CALTECH_SURF_2026/WORK/data/NSNF5/mastDownload/HST/o6mt05010/o6mt05010_crj.fits with expected size 5281920. [astroquery.query]
INFO: Found cached file /mnt/c/Users/eluru/CALTECH_SURF_2026/WORK/data/NSNF5/mastDownload/HST/o6mt05010/o6mt05010_wav.fits with expected size 2260800. [astroquery.query]
INFO: Found cached file /mnt/c/Users/eluru/CALTECH_SURF_2026/WORK/data/NSNF5/mastDownload/HST/o6mt05010/o6mt05010_raw.fits with expected size 2272320. [astroquery.query]
INFO: Found cached file /mnt/c/Users/eluru/CALTECH_SURF_2026/WORK/data/NSNF5/mastDownload/HST/o6mt05010/o6mt05010_flt.fits with expected size 10540800. [astroquery.query]
INFO: Found cached file /mnt/c/Users/eluru/CALTECH_SURF_2026/WORK/data/NSNF5/mastDownload/HST/o6mt05020/o6mt05020_wav.fits with expected size 4262400. [astroquery.query]
INFO: Found cached file /mnt/c/Users/eluru/CALTECH_SURF_2026/WORK/data/NSNF5/mastDownload/HST/o6mt05020/o6mt05020_raw.fits with expected size 8429760. [astroquery.query]
INFO: Found cached file /mnt/c/Users/eluru/CALTECH_SURF_2026/WORK/data/NSNF5/mastDownload/HST/o6mt05020/o6mt05020_flt.fits with expected size 10535040. [astroquery.query]
NSNF5: downloaded 7 products (2 obs)
DOWNLOADDONE


$ /home/ishaang6/miniforge3/envs/surf_uv/bin/python /mnt/c/Users/eluru/CALTECH_SURF_2026/WORK/scripts/reduce_stis_batch.py /mnt/c/Users/eluru/CALTECH_SURF_2026/WORK/data/NSNF5 NSNF5 --outroot output5 --z 0.0202828790186173 --expl-mjd 52709.0
. 1998
GACTAB   oref$p9r19203o_gac.fits
GACTAB   PEDIGREE=INFLIGHT 07/12/2001 03/08/2004
GACTAB   DESCRIP =X1D flux corr for grating/aper combos
GACTAB   DESCRIP =Grating-Aperture Throughput Correction
PCTAB    oref$q541740no_pct.fits
PCTAB    PEDIGREE=INFLIGHT 18/05/1997 19/12/1998
PCTAB    DESCRIP =Sensitivity for diff. extractions heights
TDSTAB   oref$t9a1003so_tds.fits
TDSTAB   PEDIGREE=INFLIGHT 01/04/1996 08/10/2009
TDSTAB   DESCRIP =Revised sensitivities for L, M, and E modes
FLUXCORR PERFORM
CTECORR  PERFORM
CCDTAB   oref$0841734do_ccd.fits
CCDTAB   PEDIGREE=INFLIGHT 12/07/2001 25/02/2002
CCDTAB   DESCRIP =Updated readnoise for gain={1,4}, all amps, binning=1x1------------
CCDTAB   DESCRIP =all bias frames
Warning    No exact extraction box height match in PCTAB.
Warning    Using entry for height 15
         GACTAB correction applied for G430L 52X0.2E1 4300
CTECORR  COMPLETE
FLUXCORR COMPLETE
SGEOCORR OMIT

         Row 1 written to disk.
Order 1  End 16:28:40 PDT

         trace was rotated by = -0.00251576 degree.
Imset 1  End 16:28:40 PDT

Warning    Keyword `XTRACALG' is being added to header.
End      15-Aug-2026 16:28:40 PDT

*** CALSTIS-6 complete ***
git tag: 4ac2384-dirty
git branch: main
HEAD @: 4ac2384d4b81f58ea6aed6f2977aadc15beb6b0f

*** CALSTIS-6 -- Version 3.5.0 (02-Feb-2026) ***
Begin    15-Aug-2026 16:28:41 PDT

Warning    Grating-aperture throughput correction table (GACTAB) was not found,

         and no gac corrections will be applied
Input    /mnt/c/Users/eluru/CALTECH_SURF_2026/WORK/data/NSNF5/mastDownload/HST/o6mt05020/o6mt05020_flt.fits
Output   output5/NSNF5/STIS/MAMA/2003-03-24_day13/G230L/o6mt05020_x1d.fits
Rootname o6mt05020
OBSMODE  ACCUM
APERTURE 52X0.2
OPT_ELEM G230L
DETECTOR NUV-MAMA

XTRACTAB oref$l3m1437to_1dx.fits
XTRACTAB PEDIGREE=INFLIGHT 29/05/97
XTRACTAB DESCRIP =Analysis from prop. 7064 and ground data
XTRACTAB DESCRIP =Analysis from prop. 7064
SPTRCTAB oref$a5e19539o_1dt.fits
SPTRCTAB PEDIGREE=INFLIGHT 27/02/1997 06/01/2010
SPTRCTAB DESCRIP =New traces for select echelle secondary modes

Imset 1  Begin 16:28:41 PDT
         Input read into memory.
Order 1  Begin 16:28:43 PDT
X1DCORR  PERFORM
BACKCORR PERFORM
******** Calling Slfit ***********
BACKCORR COMPLETE
X1DCORR  COMPLETE
         Spectrum extracted at y position = 520.67

DISPCORR PERFORM
DISPTAB  oref$m7p16111o_dsp.fits
DISPTAB  PEDIGREE=INFLIGHT 23/01/1999 23/01/1999
DISPTAB  DESCRIP =Dispersion coefficients reference table
DISPTAB  DESCRIP =INFLIGHT Cal. Disp. Coeffs
APDESTAB oref$16j16005o_apd.fits
APDESTAB PEDIGREE=INFLIGHT 01/03/1997 13/06/2017
APDESTAB DESCRIP =Aligned long-slit bar positions for single-bar cases.--------------
APDESTAB DESCRIP =Microscope Meas./Hartig Post-launch Offsets
INANGTAB oref$l3m1437ro_iac.fits
INANGTAB DESCRIP =Prelaunch Calibration/Lindler and Models
DISPCORR COMPLETE

HELCORR  PERFORM
HELCORR  COMPLETE

PHOTTAB  oref$9511857ao_pht.fits
PHOTTAB  PEDIGREE=INFLIGHT 27/02/1997 16/03/2021
PHOTTAB  DESCRIP =Fullerton 2025 calibration
APERTAB  oref$y2r1559to_apt.fits
APERTAB  PEDIGREE=MODEL
APERTAB  DESCRIP =Added/updated values for 31X0.05NDA,31X0.05NDB,31X0.05NDC apertures
APERTAB  DESCRIP =Bohlin/Hartig TIM Models Nov. 1998
PCTAB    oref$y2r16006o_pct.fits
PCTAB    PEDIGREE=INFLIGHT 18/05/1997 19/12/1998
PCTAB    DESCRIP =Added/updated values for 31X0.05NDA,31X0.05NDB,31X0.05NDC apertures
TDSTAB   oref$q9s1550lo_tds.fits
TDSTAB   PEDIGREE=INFLIGHT 01/04/1996 08/04/2004
TDSTAB   DESCRIP =New sensitivities for  G230L, E230M, E230M, and E230H modes
FLUXCORR PERFORM
FLUXCORR COMPLETE
SGEOCORR OMIT

         Row 1 written to disk.
Order 1  End 16:28:43 PDT

         trace was rotated by = 0.00453358 degree.
Imset 1  End 16:28:43 PDT

Warning    Keyword `XTRACALG' is being added to header.
End      15-Aug-2026 16:28:43 PDT

*** CALSTIS-6 complete ***
2 STIS science exposures for NSNF5 (0 dropped: texptime<5.0s)
X1D o6mt05010 G430L es 17 flags none
X1D o6mt05020 G230L es 11 flags none
BATCHDONE

/home/ishaang6/miniforge3/envs/surf_uv/lib/python3.12/site-packages/stsci/tools/nmpfit.py:8: UserWarning: NMPFIT is deprecated - stsci.tools v 3.5 is the last version to contain it.
  warnings.warn("NMPFIT is deprecated - stsci.tools v 3.5 is the last version to contain it.")
/home/ishaang6/miniforge3/envs/surf_uv/lib/python3.12/site-packages/stsci/tools/gfit.py:18: UserWarning: GFIT is deprecated - stsci.tools v 3.4.12 is the last version to contain it.Use astropy.modeling instead.
  warnings.warn("GFIT is deprecated - stsci.tools v 3.4.12 is the last version to contain it."

$ /home/ishaang6/miniforge3/envs/surf_uv/bin/python /mnt/c/Users/eluru/CALTECH_SURF_2026/WORK/scripts/build_products.py NSNF5 --outroot output5 --z 0.0202828790186173 --early-skip-dir  --expl-mjd 52709.0
built products for NSNF5: 1 epochs



===== PS15DPQ-AS-OFFSET  z=0.038  STIS=True COS=False =====
$ /home/ishaang6/miniforge3/envs/surf_uv/bin/python /mnt/c/Users/eluru/CALTECH_SURF_2026/WORK/scripts/download_all.py PS15DPQ-AS-OFFSET
INFO: Found cached file /mnt/c/Users/eluru/CALTECH_SURF_2026/WORK/data/PS15DPQ-AS-OFFSET/mastDownload/HST/odqp01010/odqp01010_wav.fits with expected size 10630080. [astroquery.query]
INFO: Found cached file /mnt/c/Users/eluru/CALTECH_SURF_2026/WORK/data/PS15DPQ-AS-OFFSET/mastDownload/HST/odqp01010/odqp01010_raw.fits with expected size 42079680. [astroquery.query]
INFO: Found cached file /mnt/c/Users/eluru/CALTECH_SURF_2026/WORK/data/PS15DPQ-AS-OFFSET/mastDownload/HST/odqp01010/odqp01010_flt.fits with expected size 52594560. [astroquery.query]
PS15DPQ-AS-OFFSET: downloaded 3 products (1 obs)
DOWNLOADDONE


$ /home/ishaang6/miniforge3/envs/surf_uv/bin/python /mnt/c/Users/eluru/CALTECH_SURF_2026/WORK/scripts/reduce_stis_batch.py /mnt/c/Users/eluru/CALTECH_SURF_2026/WORK/data/PS15DPQ-AS-OFFSET PS15DPQ-AS-OFFSET --outroot output5 --z 0.038 --expl-mjd 57384.102
0_flt.fits
Output   output5/PS15DPQ-AS-OFFSET/STIS/MAMA/2017-11-25_day698/G230L/odqp01010_x1d.fits
Rootname odqp01010
OBSMODE  ACCUM
APERTURE 52X0.5
OPT_ELEM G230L
DETECTOR NUV-MAMA

XTRACTAB oref$a5e1953co_1dx.fits
XTRACTAB PEDIGREE=INFLIGHT 29/05/1997 29/05/1997
XTRACTAB DESCRIP =Analysis from prop. 7064 and ground data
XTRACTAB DESCRIP =Analysis from prop. 7064
SPTRCTAB oref$a5e19539o_1dt.fits
SPTRCTAB PEDIGREE=INFLIGHT 27/02/1997 06/01/2010
SPTRCTAB DESCRIP =New traces for select echelle secondary modes

Imset 1  Begin 16:28:57 PDT
         Input read into memory.
Order 1  Begin 16:28:59 PDT
X1DCORR  PERFORM
BACKCORR PERFORM
******** Calling Slfit ***********
BACKCORR COMPLETE
X1DCORR  COMPLETE

DISPCORR PERFORM
DISPTAB  oref$m7p16111o_dsp.fits
DISPTAB  PEDIGREE=INFLIGHT 23/01/1999 23/01/1999
DISPTAB  DESCRIP =Dispersion coefficients reference table
DISPTAB  DESCRIP =INFLIGHT Cal. Disp. Coeffs
APDESTAB oref$16j16005o_apd.fits
APDESTAB PEDIGREE=INFLIGHT 01/03/1997 13/06/2017
APDESTAB DESCRIP =Aligned long-slit bar positions for single-bar cases.--------------
APDESTAB DESCRIP =Microscope Meas./Hartig Post-launch Offsets
INANGTAB oref$l3m1437ro_iac.fits
INANGTAB DESCRIP =Prelaunch Calibration/Lindler and Models
DISPCORR COMPLETE

HELCORR  PERFORM
HELCORR  COMPLETE

PHOTTAB  oref$a5e19538o_pht.fits
PHOTTAB  PEDIGREE=INFLIGHT 27/02/1997 16/03/2021
PHOTTAB  DESCRIP =May 2026 recalibration
APERTAB  oref$y2r1559to_apt.fits
APERTAB  PEDIGREE=MODEL
APERTAB  DESCRIP =Added/updated values for 31X0.05NDA,31X0.05NDB,31X0.05NDC apertures
APERTAB  DESCRIP =Bohlin/Hartig TIM Models Nov. 1998
PCTAB    oref$y2r16006o_pct.fits
PCTAB    PEDIGREE=INFLIGHT 18/05/1997 19/12/1998
PCTAB    DESCRIP =Added/updated values for 31X0.05NDA,31X0.05NDB,31X0.05NDC apertures
TDSTAB   oref$97a1546po_tds.fits
TDSTAB   PEDIGREE=INFLIGHT 01/04/1997 13/05/2025
TDSTAB   DESCRIP =Updated time sensitivities for MIRNUV and L, M, and H modes.
FLUXCORR PERFORM
FLUXCORR COMPLETE
SGEOCORR OMIT

         Row 1 written to disk.
Order 1  End 16:29:00 PDT

         trace was rotated by = -0.00573811 degree.
Imset 1  End 16:29:00 PDT

Imset 2  Begin 16:29:00 PDT
         Input read into memory.
Order 1  Begin 16:29:03 PDT
X1DCORR  PERFORM
BACKCORR PERFORM
******** Calling Slfit ***********
BACKCORR COMPLETE
X1DCORR  COMPLETE

DISPCORR PERFORM
DISPCORR COMPLETE

HELCORR  PERFORM
HELCORR  COMPLETE

FLUXCORR PERFORM
FLUXCORR COMPLETE
SGEOCORR OMIT

         Row 1 written to disk.
Order 1  End 16:29:03 PDT

         trace was rotated by = -0.00573822 degree.
Imset 2  End 16:29:03 PDT

Imset 3  Begin 16:29:03 PDT
         Input read into memory.
Order 1  Begin 16:29:06 PDT
X1DCORR  PERFORM
BACKCORR PERFORM
******** Calling Slfit ***********
BACKCORR COMPLETE
X1DCORR  COMPLETE
         Spectrum extracted at y position = 231.236

DISPCORR PERFORM
DISPCORR COMPLETE

HELCORR  PERFORM
HELCORR  COMPLETE

FLUXCORR PERFORM
FLUXCORR COMPLETE
SGEOCORR OMIT

         Row 1 written to disk.
Order 1  End 16:29:06 PDT

         trace was rotated by = -0.00573835 degree.
Imset 3  End 16:29:06 PDT

Imset 4  Begin 16:29:06 PDT
         Input read into memory.
Order 1  Begin 16:29:09 PDT
X1DCORR  PERFORM
Warning    Cross correlation to locate spectrum failed.
ERROR:    Cannot extract.
Warning    No rows were written; no table created.
         trace was rotated by = -0.00573847 degree.
Imset 4  End 16:29:09 PDT

Imset 5  Begin 16:29:09 PDT
         Input read into memory.
Order 1  Begin 16:29:12 PDT
X1DCORR  PERFORM
Warning    Cross correlation to locate spectrum failed.
ERROR:    Cannot extract.
Warning    No rows were written; no table created.
         trace was rotated by = -0.0057386 degree.
Imset 5  End 16:29:12 PDT

Warning    Keyword `XTRACALG' is being added to header.
End      15-Aug-2026 16:29:12 PDT

*** CALSTIS-6 complete ***
1 STIS science exposures for PS15DPQ-AS-OFFSET (0 dropped: texptime<5.0s)
X1D odqp01010 G230L es 11 flags ['low_detect', 'center_mismatch(1026vs509)']
BATCHDONE

/home/ishaang6/miniforge3/envs/surf_uv/lib/python3.12/site-packages/stsci/tools/nmpfit.py:8: UserWarning: NMPFIT is deprecated - stsci.tools v 3.5 is the last version to contain it.
  warnings.warn("NMPFIT is deprecated - stsci.tools v 3.5 is the last version to contain it.")
/home/ishaang6/miniforge3/envs/surf_uv/lib/python3.12/site-packages/stsci/tools/gfit.py:18: UserWarning: GFIT is deprecated - stsci.tools v 3.4.12 is the last version to contain it.Use astropy.modeling instead.
  warnings.warn("GFIT is deprecated - stsci.tools v 3.4.12 is the last version to contain it."

$ /home/ishaang6/miniforge3/envs/surf_uv/bin/python /mnt/c/Users/eluru/CALTECH_SURF_2026/WORK/scripts/build_products.py PS15DPQ-AS-OFFSET --outroot output5 --z 0.038 --early-skip-dir  --expl-mjd 57384.102
built products for PS15DPQ-AS-OFFSET: 0 epochs



===== SN2025ADJ  z=0.011389  STIS=True COS=False =====
$ /home/ishaang6/miniforge3/envs/surf_uv/bin/python /mnt/c/Users/eluru/CALTECH_SURF_2026/WORK/scripts/download_all.py SN2025ADJ
INFO: Found cached file /mnt/c/Users/eluru/CALTECH_SURF_2026/WORK/data/SN2025ADJ/mastDownload/HST/ofhg02010/ofhg02010_crj.fits with expected size 10537920. [astroquery.query]
INFO: Found cached file /mnt/c/Users/eluru/CALTECH_SURF_2026/WORK/data/SN2025ADJ/mastDownload/HST/ofhg02010/ofhg02010_wav.fits with expected size 2260800. [astroquery.query]
INFO: Found cached file /mnt/c/Users/eluru/CALTECH_SURF_2026/WORK/data/SN2025ADJ/mastDownload/HST/ofhg02010/ofhg02010_raw.fits with expected size 4501440. [astroquery.query]
INFO: Found cached file /mnt/c/Users/eluru/CALTECH_SURF_2026/WORK/data/SN2025ADJ/mastDownload/HST/ofhg02010/ofhg02010_flt.fits with expected size 21052800. [astroquery.query]
INFO: Found cached file /mnt/c/Users/eluru/CALTECH_SURF_2026/WORK/data/SN2025ADJ/mastDownload/HST/ofhg02020/ofhg02020_crj.fits with expected size 10537920. [astroquery.query]
INFO: Found cached file /mnt/c/Users/eluru/CALTECH_SURF_2026/WORK/data/SN2025ADJ/mastDownload/HST/ofhg02020/ofhg02020_wav.fits with expected size 2260800. [astroquery.query]
INFO: Found cached file /mnt/c/Users/eluru/CALTECH_SURF_2026/WORK/data/SN2025ADJ/mastDownload/HST/ofhg02020/ofhg02020_raw.fits with expected size 4501440. [astroquery.query]
INFO: Found cached file /mnt/c/Users/eluru/CALTECH_SURF_2026/WORK/data/SN2025ADJ/mastDownload/HST/ofhg02020/ofhg02020_flt.fits with expected size 21052800. [astroquery.query]
INFO: Found cached file /mnt/c/Users/eluru/CALTECH_SURF_2026/WORK/data/SN2025ADJ/mastDownload/HST/ofhg02040/ofhg02040_crj.fits with expected size 10537920. [astroquery.query]
INFO: Found cached file /mnt/c/Users/eluru/CALTECH_SURF_2026/WORK/data/SN2025ADJ/mastDownload/HST/ofhg02040/ofhg02040_wav.fits with expected size 2260800. [astroquery.query]
INFO: Found cached file /mnt/c/Users/eluru/CALTECH_SURF_2026/WORK/data/SN2025ADJ/mastDownload/HST/ofhg02040/ofhg02040_raw.fits with expected size 6742080. [astroquery.query]
INFO: Found cached file /mnt/c/Users/eluru/CALTECH_SURF_2026/WORK/data/SN2025ADJ/mastDownload/HST/ofhg02040/ofhg02040_flt.fits with expected size 31567680. [astroquery.query]
SN2025ADJ: downloaded 12 products (3 obs)
DOWNLOADDONE


$ /home/ishaang6/miniforge3/envs/surf_uv/bin/python /mnt/c/Users/eluru/CALTECH_SURF_2026/WORK/scripts/reduce_stis_batch.py /mnt/c/Users/eluru/CALTECH_SURF_2026/WORK/data/SN2025ADJ SN2025ADJ --outroot output5 --z 0.011389 --expl-mjd 60699.609
tions heights
TDSTAB   oref$8712049eo_tds.fits
TDSTAB   PEDIGREE=INFLIGHT 01/04/1997 06/03/2024
TDSTAB   DESCRIP =Updated time sensitivities for MIRVIS, G230LB, and G230MB
FLUXCORR PERFORM
CTECORR  PERFORM
CCDTAB   oref$16j1600do_ccd.fits
CCDTAB   PEDIGREE=INFLIGHT 01/05/2009 01/05/2009
CCDTAB   DESCRIP =Updated amp=D gain=4 atodgain and corresponding readnoise values---
CCDTAB   DESCRIP =Proposal 8057, by I. Dashevsky & P. Goudfrooij
         GACTAB correction applied for G750L 52X0.2E1 7751
CTECORR  COMPLETE
FLUXCORR COMPLETE
SGEOCORR OMIT

         Row 1 written to disk.
Order 1  End 16:29:37 PDT

         trace was rotated by = 0.101731 degree.
Imset 1  End 16:29:37 PDT

Warning    Keyword `XTRACALG' is being added to header.
End      15-Aug-2026 16:29:37 PDT

*** CALSTIS-6 complete ***
git tag: 4ac2384-dirty
git branch: main
HEAD @: 4ac2384d4b81f58ea6aed6f2977aadc15beb6b0f

*** CALSTIS-6 -- Version 3.5.0 (02-Feb-2026) ***
Begin    15-Aug-2026 16:29:39 PDT

Input    /mnt/c/Users/eluru/CALTECH_SURF_2026/WORK/data/SN2025ADJ/mastDownload/HST/ofhg02040/ofhg02040_crj.fits
Output   output5/SN2025ADJ/STIS/CCD/2025-01-30_day6/G230LB/ofhg02040_x1d.fits
Rootname ofhg02040
OBSMODE  ACCUM
APERTURE 52X0.2
OPT_ELEM G230LB
DETECTOR CCD

XTRACTAB oref$n7p1031qo_1dx.fits
XTRACTAB PEDIGREE=INFLIGHT 18/05/97
XTRACTAB DESCRIP =Analysis from prop. 7094
XTRACTAB DESCRIP =Analysis from prop. 7094
SPTRCTAB oref$qa31608go_1dt.fits
SPTRCTAB PEDIGREE=INFLIGHT 02/09/1997 13/02/1998
SPTRCTAB DESCRIP =New traces to account for angle change with time

Imset 1  Begin 16:29:39 PDT
         Input read into memory.
Order 1  Begin 16:29:41 PDT
X1DCORR  PERFORM
BACKCORR PERFORM
******** Calling Slfit ***********
BACKCORR COMPLETE
X1DCORR  COMPLETE
         Spectrum extracted at y position = 510.141

DISPCORR PERFORM
DISPTAB  oref$l2j0137to_dsp.fits
DISPTAB  PEDIGREE=INFLIGHT 27/02/1997 24/11/1999
DISPTAB  DESCRIP =Lindler, May 2000
DISPTAB  DESCRIP =Lindler Postlaunch, May 2000
APDESTAB oref$16j16005o_apd.fits
APDESTAB PEDIGREE=INFLIGHT 01/03/1997 13/06/2017
APDESTAB DESCRIP =Aligned long-slit bar positions for single-bar cases.--------------
APDESTAB DESCRIP =Microscope Meas./Hartig Post-launch Offsets
INANGTAB oref$h5s11397o_iac.fits
INANGTAB DESCRIP =Model/C. Bowers May 6, 1997
DISPCORR COMPLETE

HELCORR  PERFORM
HELCORR  COMPLETE

PHOTTAB  oref$95118575o_pht.fits
PHOTTAB  PEDIGREE=INFLIGHT 27/02/1997 16/03/2021
PHOTTAB  DESCRIP =Fullerton 2025 calibration
APERTAB  oref$y2r1559to_apt.fits
APERTAB  PEDIGREE=MODEL
APERTAB  DESCRIP =Added/updated values for 31X0.05NDA,31X0.05NDB,31X0.05NDC apertures
APERTAB  DESCRIP =Bohlin/Hartig TIM Models Nov. 1998
GACTAB   oref$p9r19203o_gac.fits
GACTAB   PEDIGREE=INFLIGHT 17/12/1998 17/12/1998
GACTAB   DESCRIP =X1D flux corr for grating/aper combos
GACTAB   DESCRIP =Grating-Aperture Throughput Correction
PCTAB    oref$q541740lo_pct.fits
PCTAB    PEDIGREE=INFLIGHT 18/05/1997 07/10/1999
PCTAB    DESCRIP =Sensitivity for diff. extractions heights
TDSTAB   oref$8712049eo_tds.fits
TDSTAB   PEDIGREE=INFLIGHT 01/04/1997 06/03/2024
TDSTAB   DESCRIP =Updated time sensitivities for MIRVIS, G230LB, and G230MB
FLUXCORR PERFORM
CTECORR  PERFORM
CCDTAB   oref$16j1600do_ccd.fits
CCDTAB   PEDIGREE=INFLIGHT 01/05/2009 01/05/2009
CCDTAB   DESCRIP =Updated amp=D gain=4 atodgain and corresponding readnoise values---
CCDTAB   DESCRIP =Proposal 8057, by I. Dashevsky & P. Goudfrooij
         GACTAB correction applied for G230LB 52X0.2 2375
CTECORR  COMPLETE
FLUXCORR COMPLETE
SGEOCORR OMIT

         Row 1 written to disk.
Order 1  End 16:29:41 PDT

         trace was rotated by = 0.0863591 degree.
Imset 1  End 16:29:41 PDT

Warning    Keyword `XTRACALG' is being added to header.
End      15-Aug-2026 16:29:41 PDT

*** CALSTIS-6 complete ***
3 STIS science exposures for SN2025ADJ (0 dropped: texptime<5.0s)
X1D ofhg02010 G430L es 13 flags none
X1D ofhg02020 G750L es 15 flags ['no_defringe(no_flat)']
X1D ofhg02040 G230LB es 15 flags none
BATCHDONE

/home/ishaang6/miniforge3/envs/surf_uv/lib/python3.12/site-packages/stsci/tools/nmpfit.py:8: UserWarning: NMPFIT is deprecated - stsci.tools v 3.5 is the last version to contain it.
  warnings.warn("NMPFIT is deprecated - stsci.tools v 3.5 is the last version to contain it.")
/home/ishaang6/miniforge3/envs/surf_uv/lib/python3.12/site-packages/stsci/tools/gfit.py:18: UserWarning: GFIT is deprecated - stsci.tools v 3.4.12 is the last version to contain it.Use astropy.modeling instead.
  warnings.warn("GFIT is deprecated - stsci.tools v 3.4.12 is the last version to contain it."

$ /home/ishaang6/miniforge3/envs/surf_uv/bin/python /mnt/c/Users/eluru/CALTECH_SURF_2026/WORK/scripts/build_products.py SN2025ADJ --outroot output5 --z 0.011389 --early-skip-dir  --expl-mjd 60699.609
built products for SN2025ADJ: 1 epochs



===== SN2021HIZ  z=0.003  STIS=True COS=False =====
$ /home/ishaang6/miniforge3/envs/surf_uv/bin/python /mnt/c/Users/eluru/CALTECH_SURF_2026/WORK/scripts/download_all.py SN2021HIZ
INFO: Found cached file /mnt/c/Users/eluru/CALTECH_SURF_2026/WORK/data/SN2021HIZ/mastDownload/HST/oeax04010/oeax04010_wav.fits with expected size 2139840. [astroquery.query]
INFO: Found cached file /mnt/c/Users/eluru/CALTECH_SURF_2026/WORK/data/SN2021HIZ/mastDownload/HST/oeax04010/oeax04010_raw.fits with expected size 8429760. [astroquery.query]
INFO: Found cached file /mnt/c/Users/eluru/CALTECH_SURF_2026/WORK/data/SN2021HIZ/mastDownload/HST/oeax04010/oeax04010_flt.fits with expected size 10535040. [astroquery.query]
INFO: Found cached file /mnt/c/Users/eluru/CALTECH_SURF_2026/WORK/data/SN2021HIZ/mastDownload/HST/oeax04020/oeax04020_crj.fits with expected size 10537920. [astroquery.query]
INFO: Found cached file /mnt/c/Users/eluru/CALTECH_SURF_2026/WORK/data/SN2021HIZ/mastDownload/HST/oeax04020/oeax04020_wav.fits with expected size 2260800. [astroquery.query]
INFO: Found cached file /mnt/c/Users/eluru/CALTECH_SURF_2026/WORK/data/SN2021HIZ/mastDownload/HST/oeax04020/oeax04020_raw.fits with expected size 4501440. [astroquery.query]
INFO: Found cached file /mnt/c/Users/eluru/CALTECH_SURF_2026/WORK/data/SN2021HIZ/mastDownload/HST/oeax04020/oeax04020_flt.fits with expected size 21052800. [astroquery.query]
INFO: Found cached file /mnt/c/Users/eluru/CALTECH_SURF_2026/WORK/data/SN2021HIZ/mastDownload/HST/oeax04030/oeax04030_crj.fits with expected size 10537920. [astroquery.query]
INFO: Found cached file /mnt/c/Users/eluru/CALTECH_SURF_2026/WORK/data/SN2021HIZ/mastDownload/HST/oeax04030/oeax04030_wav.fits with expected size 2260800. [astroquery.query]
INFO: Found cached file /mnt/c/Users/eluru/CALTECH_SURF_2026/WORK/data/SN2021HIZ/mastDownload/HST/oeax04030/oeax04030_raw.fits with expected size 4501440. [astroquery.query]
INFO: Found cached file /mnt/c/Users/eluru/CALTECH_SURF_2026/WORK/data/SN2021HIZ/mastDownload/HST/oeax04030/oeax04030_flt.fits with expected size 21052800. [astroquery.query]
SN2021HIZ: downloaded 11 products (3 obs)
DOWNLOADDONE


$ /home/ishaang6/miniforge3/envs/surf_uv/bin/python /mnt/c/Users/eluru/CALTECH_SURF_2026/WORK/scripts/reduce_stis_batch.py /mnt/c/Users/eluru/CALTECH_SURF_2026/WORK/data/SN2021HIZ SN2021HIZ --outroot output5 --z 0.003 --expl-mjd 59303.359
$16j1600do_ccd.fits
CCDTAB   PEDIGREE=INFLIGHT 01/05/2009 01/05/2009
CCDTAB   DESCRIP =Updated amp=D gain=4 atodgain and corresponding readnoise values---
CCDTAB   DESCRIP =Proposal 8057, by I. Dashevsky & P. Goudfrooij
Warning    No exact extraction box height match in PCTAB.
Warning    Using entry for height 15
         GACTAB correction applied for G430L 52X0.2E1 4300
CTECORR  COMPLETE
FLUXCORR COMPLETE
SGEOCORR OMIT

         Row 1 written to disk.
Order 1  End 16:29:37 PDT

         trace was rotated by = 0.0715881 degree.
Imset 1  End 16:29:37 PDT

Warning    Keyword `XTRACALG' is being added to header.
End      15-Aug-2026 16:29:37 PDT

*** CALSTIS-6 complete ***
git tag: 4ac2384-dirty
git branch: main
HEAD @: 4ac2384d4b81f58ea6aed6f2977aadc15beb6b0f

*** CALSTIS-6 -- Version 3.5.0 (02-Feb-2026) ***
Begin    15-Aug-2026 16:29:39 PDT

INFO     'E1' has been appended to aperture
Input    /mnt/c/Users/eluru/CALTECH_SURF_2026/WORK/data/SN2021HIZ/mastDownload/HST/oeax04030/oeax04030_crj.fits
Output   output5/SN2021HIZ/STIS/CCD/2021-04-19_day21/G750L/oeax04030_x1d.fits
Rootname oeax04030
OBSMODE  ACCUM
APERTURE 52X0.2E1
OPT_ELEM G750L
DETECTOR CCD

XTRACTAB oref$n7p1031qo_1dx.fits
XTRACTAB PEDIGREE=INFLIGHT 18/05/97
XTRACTAB DESCRIP =Analysis from prop. 7094
XTRACTAB DESCRIP =Analysis from prop. 7094
SPTRCTAB oref$qa31608go_1dt.fits
SPTRCTAB PEDIGREE=INFLIGHT 02/09/1997 13/02/1998
SPTRCTAB DESCRIP =New traces to account for angle change with time

Imset 1  Begin 16:29:39 PDT
         Input read into memory.
Order 1  Begin 16:29:41 PDT
X1DCORR  PERFORM
BACKCORR PERFORM
******** Calling Slfit ***********
BACKCORR COMPLETE
X1DCORR  COMPLETE
         Spectrum extracted at y position = 894.723

DISPCORR PERFORM
DISPTAB  oref$l2j0137to_dsp.fits
DISPTAB  PEDIGREE=INFLIGHT 27/02/1997 24/11/1999
DISPTAB  DESCRIP =Lindler, May 2000
DISPTAB  DESCRIP =Lindler Postlaunch, May 2000
APDESTAB oref$16j16005o_apd.fits
APDESTAB PEDIGREE=INFLIGHT 01/03/1997 13/06/2017
APDESTAB DESCRIP =Aligned long-slit bar positions for single-bar cases.--------------
APDESTAB DESCRIP =Offset relative to row 900
INANGTAB oref$h5s11397o_iac.fits
INANGTAB DESCRIP =Model/C. Bowers May 6, 1997
DISPCORR COMPLETE

HELCORR  PERFORM
HELCORR  COMPLETE

PHOTTAB  oref$95118575o_pht.fits
PHOTTAB  PEDIGREE=INFLIGHT 27/02/1997 16/03/2021
PHOTTAB  DESCRIP =Fullerton 2025 calibration
APERTAB  oref$y2r1559to_apt.fits
APERTAB  PEDIGREE=MODEL
APERTAB  DESCRIP =Added/updated values for 31X0.05NDA,31X0.05NDB,31X0.05NDC apertures
APERTAB  DESCRIP =Bohlin/Hartig TIM Models Nov. 1998
GACTAB   oref$p9r19203o_gac.fits
GACTAB   PEDIGREE=INFLIGHT 22/04/2002 03/08/2004
GACTAB   DESCRIP =X1D flux corr for grating/aper combos
GACTAB   DESCRIP =Grating-Aperture Throughput Correction
PCTAB    oref$q541740po_pct.fits
PCTAB    PEDIGREE=INFLIGHT 18/05/1997 19/12/1998
PCTAB    DESCRIP =Sensitivity for diff. extractions heights
TDSTAB   oref$8712049eo_tds.fits
TDSTAB   PEDIGREE=INFLIGHT 01/04/1997 06/03/2024
TDSTAB   DESCRIP =Updated time sensitivities for MIRVIS, G230LB, and G230MB
FLUXCORR PERFORM
CTECORR  PERFORM
CCDTAB   oref$16j1600do_ccd.fits
CCDTAB   PEDIGREE=INFLIGHT 01/05/2009 01/05/2009
CCDTAB   DESCRIP =Updated amp=D gain=4 atodgain and corresponding readnoise values---
CCDTAB   DESCRIP =Proposal 8057, by I. Dashevsky & P. Goudfrooij
Warning    No exact extraction box height match in PCTAB.
Warning    Using entry for height 21
         GACTAB correction applied for G750L 52X0.2E1 7751
CTECORR  COMPLETE
FLUXCORR COMPLETE
SGEOCORR OMIT

         Row 1 written to disk.
Order 1  End 16:29:41 PDT

         trace was rotated by = 0.0877308 degree.
Imset 1  End 16:29:41 PDT

Warning    Keyword `XTRACALG' is being added to header.
End      15-Aug-2026 16:29:41 PDT

*** CALSTIS-6 complete ***
3 STIS science exposures for SN2021HIZ (0 dropped: texptime<5.0s)
X1D oeax04010 G230L es 11 flags none
X1D oeax04020 G430L es 17 flags none
X1D oeax04030 G750L es 25 flags ['no_defringe(no_flat)']
BATCHDONE

/home/ishaang6/miniforge3/envs/surf_uv/lib/python3.12/site-packages/stsci/tools/nmpfit.py:8: UserWarning: NMPFIT is deprecated - stsci.tools v 3.5 is the last version to contain it.
  warnings.warn("NMPFIT is deprecated - stsci.tools v 3.5 is the last version to contain it.")
/home/ishaang6/miniforge3/envs/surf_uv/lib/python3.12/site-packages/stsci/tools/gfit.py:18: UserWarning: GFIT is deprecated - stsci.tools v 3.4.12 is the last version to contain it.Use astropy.modeling instead.
  warnings.warn("GFIT is deprecated - stsci.tools v 3.4.12 is the last version to contain it."

$ /home/ishaang6/miniforge3/envs/surf_uv/bin/python /mnt/c/Users/eluru/CALTECH_SURF_2026/WORK/scripts/build_products.py SN2021HIZ --outroot output5 --z 0.003 --early-skip-dir  --expl-mjd 59303.359
built products for SN2021HIZ: 1 epochs



===== SN2011HT  z=0.004  STIS=True COS=False =====
$ /home/ishaang6/miniforge3/envs/surf_uv/bin/python /mnt/c/Users/eluru/CALTECH_SURF_2026/WORK/scripts/download_all.py SN2011HT
INFO: Found cached file /mnt/c/Users/eluru/CALTECH_SURF_2026/WORK/data/SN2011HT/mastDownload/HST/obww03010/obww03010_wav.fits with expected size 2139840. [astroquery.query]
INFO: Found cached file /mnt/c/Users/eluru/CALTECH_SURF_2026/WORK/data/SN2011HT/mastDownload/HST/obww03010/obww03010_raw.fits with expected size 16842240. [astroquery.query]
INFO: Found cached file /mnt/c/Users/eluru/CALTECH_SURF_2026/WORK/data/SN2011HT/mastDownload/HST/obww03010/obww03010_flt.fits with expected size 21049920. [astroquery.query]
INFO: Found cached file /mnt/c/Users/eluru/CALTECH_SURF_2026/WORK/data/SN2011HT/mastDownload/HST/obww03020/obww03020_wav.fits with expected size 2139840. [astroquery.query]
INFO: Found cached file /mnt/c/Users/eluru/CALTECH_SURF_2026/WORK/data/SN2011HT/mastDownload/HST/obww03020/obww03020_raw.fits with expected size 8429760. [astroquery.query]
INFO: Found cached file /mnt/c/Users/eluru/CALTECH_SURF_2026/WORK/data/SN2011HT/mastDownload/HST/obww03020/obww03020_flt.fits with expected size 10535040. [astroquery.query]
INFO: Found cached file /mnt/c/Users/eluru/CALTECH_SURF_2026/WORK/data/SN2011HT/mastDownload/HST/obww03030/obww03030_wav.fits with expected size 2139840. [astroquery.query]
INFO: Found cached file /mnt/c/Users/eluru/CALTECH_SURF_2026/WORK/data/SN2011HT/mastDownload/HST/obww03030/obww03030_raw.fits with expected size 16842240. [astroquery.query]
INFO: Found cached file /mnt/c/Users/eluru/CALTECH_SURF_2026/WORK/data/SN2011HT/mastDownload/HST/obww03030/obww03030_flt.fits with expected size 21049920. [astroquery.query]
SN2011HT: downloaded 9 products (3 obs)
DOWNLOADDONE


$ /home/ishaang6/miniforge3/envs/surf_uv/bin/python /mnt/c/Users/eluru/CALTECH_SURF_2026/WORK/scripts/reduce_stis_batch.py /mnt/c/Users/eluru/CALTECH_SURF_2026/WORK/data/SN2011HT SN2011HT --outroot output5 --z 0.004 --expl-mjd 55833.0
ESCRIP =Bohlin/Hartig TIM Models Nov. 1998
PCTAB    oref$y2r16007o_pct.fits
PCTAB    PEDIGREE=INFLIGHT 18/05/1997 19/12/1998
PCTAB    DESCRIP =Added/updated values for 31X0.05NDA,31X0.05NDB,31X0.05NDC apertures
TDSTAB   oref$97a1546po_tds.fits
TDSTAB   PEDIGREE=INFLIGHT 01/04/1997 13/05/2025
TDSTAB   DESCRIP =Updated time sensitivities for MIRNUV and L, M, and H modes.
FLUXCORR PERFORM
FLUXCORR COMPLETE
SGEOCORR OMIT

         Row 1 written to disk.
Order 1  End 16:29:37 PDT

Imset 1  End 16:29:37 PDT

Warning    Keyword `XTRACALG' is being added to header.
End      15-Aug-2026 16:29:37 PDT

*** CALSTIS-6 complete ***
git tag: 4ac2384-dirty
git branch: main
HEAD @: 4ac2384d4b81f58ea6aed6f2977aadc15beb6b0f

*** CALSTIS-6 -- Version 3.5.0 (02-Feb-2026) ***
Begin    15-Aug-2026 16:29:38 PDT

Warning    Grating-aperture throughput correction table (GACTAB) was not found,

         and no gac corrections will be applied
Input    /mnt/c/Users/eluru/CALTECH_SURF_2026/WORK/data/SN2011HT/mastDownload/HST/obww03030/obww03030_flt.fits
Output   output5/SN2011HT/STIS/MAMA/2011-12-26_day88/G140L/obww03030_x1d.fits
Rootname obww03030
OBSMODE  ACCUM
APERTURE 52X0.5
OPT_ELEM G140L
DETECTOR FUV-MAMA

XTRACTAB oref$n7p10323o_1dx.fits
XTRACTAB PEDIGREE=INFLIGHT 29/05/97
XTRACTAB DESCRIP =Analysis from prop. 7064 and ground data
XTRACTAB DESCRIP =Analysis from prop. 7064
SPTRCTAB oref$77o1827do_1dt.fits
SPTRCTAB PEDIGREE=INFLIGHT 27/02/1997 01/12/2009
SPTRCTAB DESCRIP =New traces for select echelle secondary modes

Imset 1  Begin 16:29:39 PDT
         Input read into memory.
Order 1  Begin 16:29:41 PDT
X1DCORR  PERFORM
BACKCORR PERFORM
******** Calling Slfit ***********
BACKCORR COMPLETE
X1DCORR  COMPLETE
         Spectrum extracted at y position = 387.494

DISPCORR PERFORM
DISPTAB  oref$m7p16110o_dsp.fits
DISPTAB  PEDIGREE=INFLIGHT 04/07/1997 04/07/1997
DISPTAB  DESCRIP =Dispersion coefficients reference table
DISPTAB  DESCRIP =INFLIGHT Cal. Disp. Coeffs
APDESTAB oref$16j16005o_apd.fits
APDESTAB PEDIGREE=INFLIGHT 01/03/1997 13/06/2017
APDESTAB DESCRIP =Aligned long-slit bar positions for single-bar cases.--------------
APDESTAB DESCRIP =Microscope Meas./Hartig Post-launch Offsets
INANGTAB oref$h1v1541eo_iac.fits
INANGTAB DESCRIP =Prelaunch Calibration/Lindler and Models
DISPCORR COMPLETE

HELCORR  PERFORM
HELCORR  COMPLETE

PHOTTAB  oref$95118578o_pht.fits
PHOTTAB  PEDIGREE=INFLIGHT 27/02/1997 13/05/2019
PHOTTAB  DESCRIP =Fullerton 2025 calibration
APERTAB  oref$y2r1559to_apt.fits
APERTAB  PEDIGREE=MODEL
APERTAB  DESCRIP =Added/updated values for 31X0.05NDA,31X0.05NDB,31X0.05NDC apertures
APERTAB  DESCRIP =Bohlin/Hartig TIM Models Nov. 1998
PCTAB    oref$y2r16004o_pct.fits
PCTAB    PEDIGREE=INFLIGHT 18/05/1997 19/12/1998
PCTAB    DESCRIP =Added/updated values for 31X0.05NDA,31X0.05NDB,31X0.05NDC apertures
TDSTAB   oref$93q1947bo_tds.fits
TDSTAB   PEDIGREE=INFLIGHT 01/04/1997 06/02/2025
TDSTAB   DESCRIP =Updated time and slope arrays for all optical elements.
FLUXCORR PERFORM
FLUXCORR COMPLETE
SGEOCORR OMIT

         Row 1 written to disk.
Order 1  End 16:29:42 PDT

         trace was rotated by = -0.0381271 degree.
Imset 1  End 16:29:42 PDT

Imset 2  Begin 16:29:42 PDT
         Input read into memory.
Order 1  Begin 16:29:44 PDT
X1DCORR  PERFORM
BACKCORR PERFORM
******** Calling Slfit ***********
BACKCORR COMPLETE
X1DCORR  COMPLETE
         Spectrum extracted at y position = 387.411

DISPCORR PERFORM
DISPCORR COMPLETE

HELCORR  PERFORM
HELCORR  COMPLETE

FLUXCORR PERFORM
FLUXCORR COMPLETE
SGEOCORR OMIT

         Row 1 written to disk.
Order 1  End 16:29:45 PDT

         trace was rotated by = -0.0381271 degree.
Imset 2  End 16:29:45 PDT

Warning    Keyword `XTRACALG' is being added to header.
End      15-Aug-2026 16:29:45 PDT

*** CALSTIS-6 complete ***
3 STIS science exposures for SN2011HT (0 dropped: texptime<5.0s)
X1D obww03010 G230L es 11 flags none
X1D obww03020 G230M es 11 flags none
X1D obww03030 G140L es 11 flags ['low_detect']
BATCHDONE

/home/ishaang6/miniforge3/envs/surf_uv/lib/python3.12/site-packages/stsci/tools/nmpfit.py:8: UserWarning: NMPFIT is deprecated - stsci.tools v 3.5 is the last version to contain it.
  warnings.warn("NMPFIT is deprecated - stsci.tools v 3.5 is the last version to contain it.")
/home/ishaang6/miniforge3/envs/surf_uv/lib/python3.12/site-packages/stsci/tools/gfit.py:18: UserWarning: GFIT is deprecated - stsci.tools v 3.4.12 is the last version to contain it.Use astropy.modeling instead.
  warnings.warn("GFIT is deprecated - stsci.tools v 3.4.12 is the last version to contain it."

$ /home/ishaang6/miniforge3/envs/surf_uv/bin/python /mnt/c/Users/eluru/CALTECH_SURF_2026/WORK/scripts/build_products.py SN2011HT --outroot output5 --z 0.004 --early-skip-dir  --expl-mjd 55833.0
built products for SN2011HT: 1 epochs



===== 2026OBC  z=0.037359178662193  STIS=True COS=False =====
$ /home/ishaang6/miniforge3/envs/surf_uv/bin/python /mnt/c/Users/eluru/CALTECH_SURF_2026/WORK/scripts/download_all.py 2026OBC
2026OBC: downloaded 18 products (6 obs)
DOWNLOADDONE


$ /home/ishaang6/miniforge3/envs/surf_uv/bin/python /mnt/c/Users/eluru/CALTECH_SURF_2026/WORK/scripts/reduce_stis_batch.py /mnt/c/Users/eluru/CALTECH_SURF_2026/WORK/data/2026OBC 2026OBC --outroot output5 --z 0.037359178662193 --expl-mjd 61191.477
0 STIS science exposures for 2026OBC (0 dropped: texptime<5.0s)
BATCHDONE

/home/ishaang6/miniforge3/envs/surf_uv/lib/python3.12/site-packages/stsci/tools/nmpfit.py:8: UserWarning: NMPFIT is deprecated - stsci.tools v 3.5 is the last version to contain it.
  warnings.warn("NMPFIT is deprecated - stsci.tools v 3.5 is the last version to contain it.")
/home/ishaang6/miniforge3/envs/surf_uv/lib/python3.12/site-packages/stsci/tools/gfit.py:18: UserWarning: GFIT is deprecated - stsci.tools v 3.4.12 is the last version to contain it.Use astropy.modeling instead.
  warnings.warn("GFIT is deprecated - stsci.tools v 3.4.12 is the last version to contain it."


===== SN2024ADMM  z=0.016  STIS=True COS=False =====
$ /home/ishaang6/miniforge3/envs/surf_uv/bin/python /mnt/c/Users/eluru/CALTECH_SURF_2026/WORK/scripts/download_all.py SN2024ADMM
INFO: Found cached file /mnt/c/Users/eluru/CALTECH_SURF_2026/WORK/data/SN2024ADMM/mastDownload/HST/ofhg01040/ofhg01040_crj.fits with expected size 10537920. [astroquery.query]
INFO: Found cached file /mnt/c/Users/eluru/CALTECH_SURF_2026/WORK/data/SN2024ADMM/mastDownload/HST/ofhg01040/ofhg01040_wav.fits with expected size 2260800. [astroquery.query]
INFO: Found cached file /mnt/c/Users/eluru/CALTECH_SURF_2026/WORK/data/SN2024ADMM/mastDownload/HST/ofhg01040/ofhg01040_raw.fits with expected size 6742080. [astroquery.query]
INFO: Found cached file /mnt/c/Users/eluru/CALTECH_SURF_2026/WORK/data/SN2024ADMM/mastDownload/HST/ofhg01040/ofhg01040_flt.fits with expected size 31567680. [astroquery.query]
INFO: Found cached file /mnt/c/Users/eluru/CALTECH_SURF_2026/WORK/data/SN2024ADMM/mastDownload/HST/ofhg01020/ofhg01020_crj.fits with expected size 10537920. [astroquery.query]
INFO: Found cached file /mnt/c/Users/eluru/CALTECH_SURF_2026/WORK/data/SN2024ADMM/mastDownload/HST/ofhg01020/ofhg01020_wav.fits with expected size 2260800. [astroquery.query]
INFO: Found cached file /mnt/c/Users/eluru/CALTECH_SURF_2026/WORK/data/SN2024ADMM/mastDownload/HST/ofhg01020/ofhg01020_raw.fits with expected size 4501440. [astroquery.query]
INFO: Found cached file /mnt/c/Users/eluru/CALTECH_SURF_2026/WORK/data/SN2024ADMM/mastDownload/HST/ofhg01020/ofhg01020_flt.fits with expected size 21052800. [astroquery.query]
INFO: Found cached file /mnt/c/Users/eluru/CALTECH_SURF_2026/WORK/data/SN2024ADMM/mastDownload/HST/ofhg01010/ofhg01010_crj.fits with expected size 10537920. [astroquery.query]
INFO: Found cached file /mnt/c/Users/eluru/CALTECH_SURF_2026/WORK/data/SN2024ADMM/mastDownload/HST/ofhg01010/ofhg01010_wav.fits with expected size 2260800. [astroquery.query]
INFO: Found cached file /mnt/c/Users/eluru/CALTECH_SURF_2026/WORK/data/SN2024ADMM/mastDownload/HST/ofhg01010/ofhg01010_raw.fits with expected size 4501440. [astroquery.query]
INFO: Found cached file /mnt/c/Users/eluru/CALTECH_SURF_2026/WORK/data/SN2024ADMM/mastDownload/HST/ofhg01010/ofhg01010_flt.fits with expected size 21052800. [astroquery.query]
SN2024ADMM: downloaded 12 products (3 obs)
DOWNLOADDONE


$ /home/ishaang6/miniforge3/envs/surf_uv/bin/python /mnt/c/Users/eluru/CALTECH_SURF_2026/WORK/scripts/reduce_stis_batch.py /mnt/c/Users/eluru/CALTECH_SURF_2026/WORK/data/SN2024ADMM SN2024ADMM --outroot output5 --z 0.016 --expl-mjd 60650.249
0 STIS science exposures for SN2024ADMM (3 dropped: texptime<5.0s)
BATCHDONE

/home/ishaang6/miniforge3/envs/surf_uv/lib/python3.12/site-packages/stsci/tools/nmpfit.py:8: UserWarning: NMPFIT is deprecated - stsci.tools v 3.5 is the last version to contain it.
  warnings.warn("NMPFIT is deprecated - stsci.tools v 3.5 is the last version to contain it.")
/home/ishaang6/miniforge3/envs/surf_uv/lib/python3.12/site-packages/stsci/tools/gfit.py:18: UserWarning: GFIT is deprecated - stsci.tools v 3.4.12 is the last version to contain it.Use astropy.modeling instead.
  warnings.warn("GFIT is deprecated - stsci.tools v 3.4.12 is the last version to contain it."


===== ZTF21ACKXDOS  z=0.018  STIS=True COS=True =====
$ /home/ishaang6/miniforge3/envs/surf_uv/bin/python /mnt/c/Users/eluru/CALTECH_SURF_2026/WORK/scripts/download_all.py ZTF21ACKXDOS
INFO: Found cached file /mnt/c/Users/eluru/CALTECH_SURF_2026/WORK/data/ZTF21ACKXDOS/mastDownload/HST/oetz03010/oetz03010_crj.fits with expected size 10537920. [astroquery.query]
INFO: Found cached file /mnt/c/Users/eluru/CALTECH_SURF_2026/WORK/data/ZTF21ACKXDOS/mastDownload/HST/oetz03010/oetz03010_wav.fits with expected size 2260800. [astroquery.query]
INFO: Found cached file /mnt/c/Users/eluru/CALTECH_SURF_2026/WORK/data/ZTF21ACKXDOS/mastDownload/HST/oetz03010/oetz03010_raw.fits with expected size 4501440. [astroquery.query]
INFO: Found cached file /mnt/c/Users/eluru/CALTECH_SURF_2026/WORK/data/ZTF21ACKXDOS/mastDownload/HST/oetz03010/oetz03010_flt.fits with expected size 21052800. [astroquery.query]
ZTF21ACKXDOS: downloaded 4 products (1 obs)
DOWNLOADDONE


$ /home/ishaang6/miniforge3/envs/surf_uv/bin/python /mnt/c/Users/eluru/CALTECH_SURF_2026/WORK/scripts/reduce_stis_batch.py /mnt/c/Users/eluru/CALTECH_SURF_2026/WORK/data/ZTF21ACKXDOS ZTF21ACKXDOS --outroot output5 --z 0.018 --expl-mjd 59521.541
git tag: 4ac2384-dirty
git branch: main
HEAD @: 4ac2384d4b81f58ea6aed6f2977aadc15beb6b0f

*** CALSTIS-6 -- Version 3.5.0 (02-Feb-2026) ***
Begin    15-Aug-2026 16:30:23 PDT

Input    /mnt/c/Users/eluru/CALTECH_SURF_2026/WORK/data/ZTF21ACKXDOS/mastDownload/HST/oetz03010/oetz03010_crj.fits
Output   output5/ZTF21ACKXDOS/STIS/CCD/2022-04-11_day159/G230LB/oetz03010_x1d.fits
Rootname oetz03010
OBSMODE  ACCUM
APERTURE 52X0.2
OPT_ELEM G230LB
DETECTOR CCD

XTRACTAB oref$n7p1031qo_1dx.fits
XTRACTAB PEDIGREE=INFLIGHT 18/05/97
XTRACTAB DESCRIP =Analysis from prop. 7094
XTRACTAB DESCRIP =Analysis from prop. 7094
SPTRCTAB oref$qa31608go_1dt.fits
SPTRCTAB PEDIGREE=INFLIGHT 02/09/1997 13/02/1998
SPTRCTAB DESCRIP =New traces to account for angle change with time

Imset 1  Begin 16:30:23 PDT
         Input read into memory.
Order 1  Begin 16:30:25 PDT
X1DCORR  PERFORM
BACKCORR PERFORM
******** Calling Slfit ***********
BACKCORR COMPLETE
X1DCORR  COMPLETE
         Spectrum extracted at y position = 509.961

DISPCORR PERFORM
DISPTAB  oref$l2j0137to_dsp.fits
DISPTAB  PEDIGREE=INFLIGHT 27/02/1997 24/11/1999
DISPTAB  DESCRIP =Lindler, May 2000
DISPTAB  DESCRIP =Lindler Postlaunch, May 2000
APDESTAB oref$16j16005o_apd.fits
APDESTAB PEDIGREE=INFLIGHT 01/03/1997 13/06/2017
APDESTAB DESCRIP =Aligned long-slit bar positions for single-bar cases.--------------
APDESTAB DESCRIP =Microscope Meas./Hartig Post-launch Offsets
INANGTAB oref$h5s11397o_iac.fits
INANGTAB DESCRIP =Model/C. Bowers May 6, 1997
DISPCORR COMPLETE

HELCORR  PERFORM
HELCORR  COMPLETE

PHOTTAB  oref$95118575o_pht.fits
PHOTTAB  PEDIGREE=INFLIGHT 27/02/1997 16/03/2021
PHOTTAB  DESCRIP =Fullerton 2025 calibration
APERTAB  oref$y2r1559to_apt.fits
APERTAB  PEDIGREE=MODEL
APERTAB  DESCRIP =Added/updated values for 31X0.05NDA,31X0.05NDB,31X0.05NDC apertures
APERTAB  DESCRIP =Bohlin/Hartig TIM Models Nov. 1998
GACTAB   oref$p9r19203o_gac.fits
GACTAB   PEDIGREE=INFLIGHT 17/12/1998 17/12/1998
GACTAB   DESCRIP =X1D flux corr for grating/aper combos
GACTAB   DESCRIP =Grating-Aperture Throughput Correction
PCTAB    oref$q541740lo_pct.fits
PCTAB    PEDIGREE=INFLIGHT 18/05/1997 07/10/1999
PCTAB    DESCRIP =Sensitivity for diff. extractions heights
TDSTAB   oref$8712049eo_tds.fits
TDSTAB   PEDIGREE=INFLIGHT 01/04/1997 06/03/2024
TDSTAB   DESCRIP =Updated time sensitivities for MIRVIS, G230LB, and G230MB
FLUXCORR PERFORM
CTECORR  PERFORM
CCDTAB   oref$16j1600do_ccd.fits
CCDTAB   PEDIGREE=INFLIGHT 01/05/2009 01/05/2009
CCDTAB   DESCRIP =Updated amp=D gain=4 atodgain and corresponding readnoise values---
CCDTAB   DESCRIP =Proposal 8057, by I. Dashevsky & P. Goudfrooij
         GACTAB correction applied for G230LB 52X0.2 2375
CTECORR  COMPLETE
FLUXCORR COMPLETE
SGEOCORR OMIT

         Row 1 written to disk.
Order 1  End 16:30:26 PDT

         trace was rotated by = 0.0776568 degree.
Imset 1  End 16:30:26 PDT

Warning    Keyword `XTRACALG' is being added to header.
End      15-Aug-2026 16:30:26 PDT

*** CALSTIS-6 complete ***
1 STIS science exposures for ZTF21ACKXDOS (0 dropped: texptime<5.0s)
X1D oetz03010 G230LB es 7 flags ['extended_host']
BATCHDONE

/home/ishaang6/miniforge3/envs/surf_uv/lib/python3.12/site-packages/stsci/tools/nmpfit.py:8: UserWarning: NMPFIT is deprecated - stsci.tools v 3.5 is the last version to contain it.
  warnings.warn("NMPFIT is deprecated - stsci.tools v 3.5 is the last version to contain it.")
/home/ishaang6/miniforge3/envs/surf_uv/lib/python3.12/site-packages/stsci/tools/gfit.py:18: UserWarning: GFIT is deprecated - stsci.tools v 3.4.12 is the last version to contain it.Use astropy.modeling instead.
  warnings.warn("GFIT is deprecated - stsci.tools v 3.4.12 is the last version to contain it."

$ /home/ishaang6/miniforge3/envs/surf_uv/bin/python /mnt/c/Users/eluru/CALTECH_SURF_2026/WORK/scripts/cos_products.py ZTF21ACKXDOS --outroot output5 --z 0.018 --expl-mjd 59521.541
COS ZTF21ACKXDOS 2022-04-11_day159 FUV G160M (1 exp)
COS ZTF21ACKXDOS 2022-04-11_day159 FUV G130M (1 exp)
COSDONE


$ /home/ishaang6/miniforge3/envs/surf_uv/bin/python /mnt/c/Users/eluru/CALTECH_SURF_2026/WORK/scripts/build_products.py ZTF21ACKXDOS --outroot output5 --z 0.018 --early-skip-dir  --expl-mjd 59521.541
built products for ZTF21ACKXDOS: 1 epochs



===== AT2020UXZ  z=0.008246  STIS=True COS=False =====
$ /home/ishaang6/miniforge3/envs/surf_uv/bin/python /mnt/c/Users/eluru/CALTECH_SURF_2026/WORK/scripts/download_all.py AT2020UXZ
INFO: Found cached file /mnt/c/Users/eluru/CALTECH_SURF_2026/WORK/data/AT2020UXZ/mastDownload/HST/oeax01010/oeax01010_wav.fits with expected size 2139840. [astroquery.query]
INFO: Found cached file /mnt/c/Users/eluru/CALTECH_SURF_2026/WORK/data/AT2020UXZ/mastDownload/HST/oeax01010/oeax01010_raw.fits with expected size 8429760. [astroquery.query]
INFO: Found cached file /mnt/c/Users/eluru/CALTECH_SURF_2026/WORK/data/AT2020UXZ/mastDownload/HST/oeax01010/oeax01010_flt.fits with expected size 10535040. [astroquery.query]
INFO: Found cached file /mnt/c/Users/eluru/CALTECH_SURF_2026/WORK/data/AT2020UXZ/mastDownload/HST/oeax01020/oeax01020_crj.fits with expected size 10537920. [astroquery.query]
INFO: Found cached file /mnt/c/Users/eluru/CALTECH_SURF_2026/WORK/data/AT2020UXZ/mastDownload/HST/oeax01020/oeax01020_wav.fits with expected size 2260800. [astroquery.query]
INFO: Found cached file /mnt/c/Users/eluru/CALTECH_SURF_2026/WORK/data/AT2020UXZ/mastDownload/HST/oeax01020/oeax01020_raw.fits with expected size 4501440. [astroquery.query]
INFO: Found cached file /mnt/c/Users/eluru/CALTECH_SURF_2026/WORK/data/AT2020UXZ/mastDownload/HST/oeax01020/oeax01020_flt.fits with expected size 21052800. [astroquery.query]
INFO: Found cached file /mnt/c/Users/eluru/CALTECH_SURF_2026/WORK/data/AT2020UXZ/mastDownload/HST/oeax01030/oeax01030_crj.fits with expected size 10537920. [astroquery.query]
INFO: Found cached file /mnt/c/Users/eluru/CALTECH_SURF_2026/WORK/data/AT2020UXZ/mastDownload/HST/oeax01030/oeax01030_wav.fits with expected size 2260800. [astroquery.query]
INFO: Found cached file /mnt/c/Users/eluru/CALTECH_SURF_2026/WORK/data/AT2020UXZ/mastDownload/HST/oeax01030/oeax01030_raw.fits with expected size 4501440. [astroquery.query]
INFO: Found cached file /mnt/c/Users/eluru/CALTECH_SURF_2026/WORK/data/AT2020UXZ/mastDownload/HST/oeax01030/oeax01030_flt.fits with expected size 21052800. [astroquery.query]
AT2020UXZ: downloaded 11 products (3 obs)
DOWNLOADDONE


$ /home/ishaang6/miniforge3/envs/surf_uv/bin/python /mnt/c/Users/eluru/CALTECH_SURF_2026/WORK/scripts/reduce_stis_batch.py /mnt/c/Users/eluru/CALTECH_SURF_2026/WORK/data/AT2020UXZ AT2020UXZ --outroot output5 --z 0.008246 --expl-mjd 59127.573
ef$16j1600do_ccd.fits
CCDTAB   PEDIGREE=INFLIGHT 01/05/2009 01/05/2009
CCDTAB   DESCRIP =Updated amp=D gain=4 atodgain and corresponding readnoise values---
CCDTAB   DESCRIP =Proposal 8057, by I. Dashevsky & P. Goudfrooij
Warning    No exact extraction box height match in PCTAB.
Warning    Using entry for height 15
         GACTAB correction applied for G430L 52X0.2E1 4300
CTECORR  COMPLETE
FLUXCORR COMPLETE
SGEOCORR OMIT

         Row 1 written to disk.
Order 1  End 16:30:55 PDT

         trace was rotated by = 0.069586 degree.
Imset 1  End 16:30:55 PDT

Warning    Keyword `XTRACALG' is being added to header.
End      15-Aug-2026 16:30:55 PDT

*** CALSTIS-6 complete ***
git tag: 4ac2384-dirty
git branch: main
HEAD @: 4ac2384d4b81f58ea6aed6f2977aadc15beb6b0f

*** CALSTIS-6 -- Version 3.5.0 (02-Feb-2026) ***
Begin    15-Aug-2026 16:30:57 PDT

INFO     'E1' has been appended to aperture
Input    /mnt/c/Users/eluru/CALTECH_SURF_2026/WORK/data/AT2020UXZ/mastDownload/HST/oeax01030/oeax01030_crj.fits
Output   output5/AT2020UXZ/STIS/CCD/2020-10-23_day18/G750L/oeax01030_x1d.fits
Rootname oeax01030
OBSMODE  ACCUM
APERTURE 52X0.2E1
OPT_ELEM G750L
DETECTOR CCD

XTRACTAB oref$n7p1031qo_1dx.fits
XTRACTAB PEDIGREE=INFLIGHT 18/05/97
XTRACTAB DESCRIP =Analysis from prop. 7094
XTRACTAB DESCRIP =Analysis from prop. 7094
SPTRCTAB oref$qa31608go_1dt.fits
SPTRCTAB PEDIGREE=INFLIGHT 02/09/1997 13/02/1998
SPTRCTAB DESCRIP =New traces to account for angle change with time

Imset 1  Begin 16:30:57 PDT
         Input read into memory.
Order 1  Begin 16:30:59 PDT
X1DCORR  PERFORM
BACKCORR PERFORM
******** Calling Slfit ***********
BACKCORR COMPLETE
X1DCORR  COMPLETE
         Spectrum extracted at y position = 887.363

DISPCORR PERFORM
DISPTAB  oref$l2j0137to_dsp.fits
DISPTAB  PEDIGREE=INFLIGHT 27/02/1997 24/11/1999
DISPTAB  DESCRIP =Lindler, May 2000
DISPTAB  DESCRIP =Lindler Postlaunch, May 2000
APDESTAB oref$16j16005o_apd.fits
APDESTAB PEDIGREE=INFLIGHT 01/03/1997 13/06/2017
APDESTAB DESCRIP =Aligned long-slit bar positions for single-bar cases.--------------
APDESTAB DESCRIP =Offset relative to row 900
INANGTAB oref$h5s11397o_iac.fits
INANGTAB DESCRIP =Model/C. Bowers May 6, 1997
DISPCORR COMPLETE

HELCORR  PERFORM
HELCORR  COMPLETE

PHOTTAB  oref$95118575o_pht.fits
PHOTTAB  PEDIGREE=INFLIGHT 27/02/1997 16/03/2021
PHOTTAB  DESCRIP =Fullerton 2025 calibration
APERTAB  oref$y2r1559to_apt.fits
APERTAB  PEDIGREE=MODEL
APERTAB  DESCRIP =Added/updated values for 31X0.05NDA,31X0.05NDB,31X0.05NDC apertures
APERTAB  DESCRIP =Bohlin/Hartig TIM Models Nov. 1998
GACTAB   oref$p9r19203o_gac.fits
GACTAB   PEDIGREE=INFLIGHT 22/04/2002 03/08/2004
GACTAB   DESCRIP =X1D flux corr for grating/aper combos
GACTAB   DESCRIP =Grating-Aperture Throughput Correction
PCTAB    oref$q541740po_pct.fits
PCTAB    PEDIGREE=INFLIGHT 18/05/1997 19/12/1998
PCTAB    DESCRIP =Sensitivity for diff. extractions heights
TDSTAB   oref$8712049eo_tds.fits
TDSTAB   PEDIGREE=INFLIGHT 01/04/1997 06/03/2024
TDSTAB   DESCRIP =Updated time sensitivities for MIRVIS, G230LB, and G230MB
FLUXCORR PERFORM
CTECORR  PERFORM
CCDTAB   oref$16j1600do_ccd.fits
CCDTAB   PEDIGREE=INFLIGHT 01/05/2009 01/05/2009
CCDTAB   DESCRIP =Updated amp=D gain=4 atodgain and corresponding readnoise values---
CCDTAB   DESCRIP =Proposal 8057, by I. Dashevsky & P. Goudfrooij
Warning    No exact extraction box height match in PCTAB.
Warning    Using entry for height 21
         GACTAB correction applied for G750L 52X0.2E1 7751
CTECORR  COMPLETE
FLUXCORR COMPLETE
SGEOCORR OMIT

         Row 1 written to disk.
Order 1  End 16:31:00 PDT

         trace was rotated by = 0.085924 degree.
Imset 1  End 16:31:00 PDT

Warning    Keyword `XTRACALG' is being added to header.
End      15-Aug-2026 16:31:00 PDT

*** CALSTIS-6 complete ***
3 STIS science exposures for AT2020UXZ (0 dropped: texptime<5.0s)
X1D oeax01010 G230L es 11 flags none
X1D oeax01020 G430L es 17 flags none
X1D oeax01030 G750L es 25 flags ['no_defringe(no_flat)']
BATCHDONE

/home/ishaang6/miniforge3/envs/surf_uv/lib/python3.12/site-packages/stsci/tools/nmpfit.py:8: UserWarning: NMPFIT is deprecated - stsci.tools v 3.5 is the last version to contain it.
  warnings.warn("NMPFIT is deprecated - stsci.tools v 3.5 is the last version to contain it.")
/home/ishaang6/miniforge3/envs/surf_uv/lib/python3.12/site-packages/stsci/tools/gfit.py:18: UserWarning: GFIT is deprecated - stsci.tools v 3.4.12 is the last version to contain it.Use astropy.modeling instead.
  warnings.warn("GFIT is deprecated - stsci.tools v 3.4.12 is the last version to contain it."

$ /home/ishaang6/miniforge3/envs/surf_uv/bin/python /mnt/c/Users/eluru/CALTECH_SURF_2026/WORK/scripts/build_products.py AT2020UXZ --outroot output5 --z 0.008246 --early-skip-dir  --expl-mjd 59127.573
built products for AT2020UXZ: 1 epochs



===== AT2025SCW  z=0.01  STIS=True COS=False =====
$ /home/ishaang6/miniforge3/envs/surf_uv/bin/python /mnt/c/Users/eluru/CALTECH_SURF_2026/WORK/scripts/download_all.py AT2025SCW
INFO: Found cached file /mnt/c/Users/eluru/CALTECH_SURF_2026/WORK/data/AT2025SCW/mastDownload/HST/ofhg04040/ofhg04040_crj.fits with expected size 10537920. [astroquery.query]
INFO: Found cached file /mnt/c/Users/eluru/CALTECH_SURF_2026/WORK/data/AT2025SCW/mastDownload/HST/ofhg04040/ofhg04040_wav.fits with expected size 2260800. [astroquery.query]
INFO: Found cached file /mnt/c/Users/eluru/CALTECH_SURF_2026/WORK/data/AT2025SCW/mastDownload/HST/ofhg04040/ofhg04040_raw.fits with expected size 6742080. [astroquery.query]
INFO: Found cached file /mnt/c/Users/eluru/CALTECH_SURF_2026/WORK/data/AT2025SCW/mastDownload/HST/ofhg04040/ofhg04040_flt.fits with expected size 31567680. [astroquery.query]
INFO: Found cached file /mnt/c/Users/eluru/CALTECH_SURF_2026/WORK/data/AT2025SCW/mastDownload/HST/ofhg04010/ofhg04010_crj.fits with expected size 10537920. [astroquery.query]
INFO: Found cached file /mnt/c/Users/eluru/CALTECH_SURF_2026/WORK/data/AT2025SCW/mastDownload/HST/ofhg04010/ofhg04010_wav.fits with expected size 2260800. [astroquery.query]
INFO: Found cached file /mnt/c/Users/eluru/CALTECH_SURF_2026/WORK/data/AT2025SCW/mastDownload/HST/ofhg04010/ofhg04010_raw.fits with expected size 4501440. [astroquery.query]
INFO: Found cached file /mnt/c/Users/eluru/CALTECH_SURF_2026/WORK/data/AT2025SCW/mastDownload/HST/ofhg04010/ofhg04010_flt.fits with expected size 21052800. [astroquery.query]
INFO: Found cached file /mnt/c/Users/eluru/CALTECH_SURF_2026/WORK/data/AT2025SCW/mastDownload/HST/ofhg04020/ofhg04020_crj.fits with expected size 10537920. [astroquery.query]
INFO: Found cached file /mnt/c/Users/eluru/CALTECH_SURF_2026/WORK/data/AT2025SCW/mastDownload/HST/ofhg04020/ofhg04020_wav.fits with expected size 2260800. [astroquery.query]
INFO: Found cached file /mnt/c/Users/eluru/CALTECH_SURF_2026/WORK/data/AT2025SCW/mastDownload/HST/ofhg04020/ofhg04020_raw.fits with expected size 4501440. [astroquery.query]
INFO: Found cached file /mnt/c/Users/eluru/CALTECH_SURF_2026/WORK/data/AT2025SCW/mastDownload/HST/ofhg04020/ofhg04020_flt.fits with expected size 21052800. [astroquery.query]
AT2025SCW: downloaded 12 products (3 obs)
DOWNLOADDONE


$ /home/ishaang6/miniforge3/envs/surf_uv/bin/python /mnt/c/Users/eluru/CALTECH_SURF_2026/WORK/scripts/reduce_stis_batch.py /mnt/c/Users/eluru/CALTECH_SURF_2026/WORK/data/AT2025SCW AT2025SCW --outroot output5 --z 0.01 --expl-mjd 60880.301
712049eo_tds.fits
TDSTAB   PEDIGREE=INFLIGHT 01/04/1997 06/03/2024
TDSTAB   DESCRIP =Updated time sensitivities for MIRVIS, G230LB, and G230MB
FLUXCORR PERFORM
CTECORR  PERFORM
CCDTAB   oref$16j1600do_ccd.fits
CCDTAB   PEDIGREE=INFLIGHT 01/05/2009 01/05/2009
CCDTAB   DESCRIP =Updated amp=D gain=4 atodgain and corresponding readnoise values---
CCDTAB   DESCRIP =Proposal 8057, by I. Dashevsky & P. Goudfrooij
         GACTAB correction applied for G750L 52X0.2E1 7751
CTECORR  COMPLETE
FLUXCORR COMPLETE
SGEOCORR OMIT

         Row 1 written to disk.
Order 1  End 16:31:00 PDT

         trace was rotated by = 0.103572 degree.
Imset 1  End 16:31:00 PDT

Warning    Keyword `XTRACALG' is being added to header.
End      15-Aug-2026 16:31:00 PDT

*** CALSTIS-6 complete ***
git tag: 4ac2384-dirty
git branch: main
HEAD @: 4ac2384d4b81f58ea6aed6f2977aadc15beb6b0f

*** CALSTIS-6 -- Version 3.5.0 (02-Feb-2026) ***
Begin    15-Aug-2026 16:31:01 PDT

INFO     'E1' has been appended to aperture
Input    /mnt/c/Users/eluru/CALTECH_SURF_2026/WORK/data/AT2025SCW/mastDownload/HST/ofhg04040/ofhg04040_crj.fits
Output   output5/AT2025SCW/STIS/CCD/2025-07-31_day7/G230LB/ofhg04040_x1d.fits
Rootname ofhg04040
OBSMODE  ACCUM
APERTURE 52X0.2E1
OPT_ELEM G230LB
DETECTOR CCD

XTRACTAB oref$n7p1031qo_1dx.fits
XTRACTAB PEDIGREE=INFLIGHT 18/05/97
XTRACTAB DESCRIP =Analysis from prop. 7094
XTRACTAB DESCRIP =Analysis from prop. 7094
SPTRCTAB oref$qa31608go_1dt.fits
SPTRCTAB PEDIGREE=INFLIGHT 02/09/1997 13/02/1998
SPTRCTAB DESCRIP =New traces to account for angle change with time

Imset 1  Begin 16:31:02 PDT
         Input read into memory.
Order 1  Begin 16:31:04 PDT
X1DCORR  PERFORM
BACKCORR PERFORM
******** Calling Slfit ***********
BACKCORR COMPLETE
X1DCORR  COMPLETE
         Spectrum extracted at y position = 893.903

DISPCORR PERFORM
DISPTAB  oref$l2j0137to_dsp.fits
DISPTAB  PEDIGREE=INFLIGHT 27/02/1997 24/11/1999
DISPTAB  DESCRIP =Lindler, May 2000
DISPTAB  DESCRIP =Lindler Postlaunch, May 2000
APDESTAB oref$16j16005o_apd.fits
APDESTAB PEDIGREE=INFLIGHT 01/03/1997 13/06/2017
APDESTAB DESCRIP =Aligned long-slit bar positions for single-bar cases.--------------
APDESTAB DESCRIP =Offset relative to row 900
INANGTAB oref$h5s11397o_iac.fits
INANGTAB DESCRIP =Model/C. Bowers May 6, 1997
DISPCORR COMPLETE

HELCORR  PERFORM
HELCORR  COMPLETE

PHOTTAB  oref$95118575o_pht.fits
PHOTTAB  PEDIGREE=INFLIGHT 27/02/1997 16/03/2021
PHOTTAB  DESCRIP =Fullerton 2025 calibration
APERTAB  oref$y2r1559to_apt.fits
APERTAB  PEDIGREE=MODEL
APERTAB  DESCRIP =Added/updated values for 31X0.05NDA,31X0.05NDB,31X0.05NDC apertures
APERTAB  DESCRIP =Bohlin/Hartig TIM Models Nov. 1998
GACTAB   oref$p9r19203o_gac.fits
GACTAB   PEDIGREE=INFLIGHT 22/04/2002 03/08/2004
GACTAB   DESCRIP =X1D flux corr for grating/aper combos
GACTAB   DESCRIP =Grating-Aperture Throughput Correction
PCTAB    oref$q541740lo_pct.fits
PCTAB    PEDIGREE=INFLIGHT 18/05/1997 07/10/1999
PCTAB    DESCRIP =Sensitivity for diff. extractions heights
TDSTAB   oref$8712049eo_tds.fits
TDSTAB   PEDIGREE=INFLIGHT 01/04/1997 06/03/2024
TDSTAB   DESCRIP =Updated time sensitivities for MIRVIS, G230LB, and G230MB
FLUXCORR PERFORM
CTECORR  PERFORM
CCDTAB   oref$16j1600do_ccd.fits
CCDTAB   PEDIGREE=INFLIGHT 01/05/2009 01/05/2009
CCDTAB   DESCRIP =Updated amp=D gain=4 atodgain and corresponding readnoise values---
CCDTAB   DESCRIP =Proposal 8057, by I. Dashevsky & P. Goudfrooij
         GACTAB correction applied for G230LB 52X0.2E1 2375
CTECORR  COMPLETE
FLUXCORR COMPLETE
SGEOCORR OMIT

         Row 1 written to disk.
Order 1  End 16:31:04 PDT

         trace was rotated by = 0.0879014 degree.
Imset 1  End 16:31:04 PDT

Warning    Keyword `XTRACALG' is being added to header.
End      15-Aug-2026 16:31:04 PDT

*** CALSTIS-6 complete ***
3 STIS science exposures for AT2025SCW (0 dropped: texptime<5.0s)
X1D ofhg04010 G430L es 9 flags none
X1D ofhg04020 G750L es 15 flags ['no_defringe(no_flat)']
X1D ofhg04040 G230LB es 7 flags none
BATCHDONE

/home/ishaang6/miniforge3/envs/surf_uv/lib/python3.12/site-packages/stsci/tools/nmpfit.py:8: UserWarning: NMPFIT is deprecated - stsci.tools v 3.5 is the last version to contain it.
  warnings.warn("NMPFIT is deprecated - stsci.tools v 3.5 is the last version to contain it.")
/home/ishaang6/miniforge3/envs/surf_uv/lib/python3.12/site-packages/stsci/tools/gfit.py:18: UserWarning: GFIT is deprecated - stsci.tools v 3.4.12 is the last version to contain it.Use astropy.modeling instead.
  warnings.warn("GFIT is deprecated - stsci.tools v 3.4.12 is the last version to contain it."

$ /home/ishaang6/miniforge3/envs/surf_uv/bin/python /mnt/c/Users/eluru/CALTECH_SURF_2026/WORK/scripts/build_products.py AT2025SCW --outroot output5 --z 0.01 --early-skip-dir  --expl-mjd 60880.301
built products for AT2025SCW: 1 epochs



===== AT2020YVU  z=0.01  STIS=True COS=False =====
$ /home/ishaang6/miniforge3/envs/surf_uv/bin/python /mnt/c/Users/eluru/CALTECH_SURF_2026/WORK/scripts/download_all.py AT2020YVU
INFO: Found cached file /mnt/c/Users/eluru/CALTECH_SURF_2026/WORK/data/AT2020YVU/mastDownload/HST/oeax02010/oeax02010_wav.fits with expected size 2139840. [astroquery.query]
INFO: Found cached file /mnt/c/Users/eluru/CALTECH_SURF_2026/WORK/data/AT2020YVU/mastDownload/HST/oeax02010/oeax02010_raw.fits with expected size 8429760. [astroquery.query]
INFO: Found cached file /mnt/c/Users/eluru/CALTECH_SURF_2026/WORK/data/AT2020YVU/mastDownload/HST/oeax02010/oeax02010_flt.fits with expected size 10535040. [astroquery.query]
INFO: Found cached file /mnt/c/Users/eluru/CALTECH_SURF_2026/WORK/data/AT2020YVU/mastDownload/HST/oeax02020/oeax02020_crj.fits with expected size 10537920. [astroquery.query]
INFO: Found cached file /mnt/c/Users/eluru/CALTECH_SURF_2026/WORK/data/AT2020YVU/mastDownload/HST/oeax02020/oeax02020_wav.fits with expected size 2260800. [astroquery.query]
INFO: Found cached file /mnt/c/Users/eluru/CALTECH_SURF_2026/WORK/data/AT2020YVU/mastDownload/HST/oeax02020/oeax02020_raw.fits with expected size 4501440. [astroquery.query]
INFO: Found cached file /mnt/c/Users/eluru/CALTECH_SURF_2026/WORK/data/AT2020YVU/mastDownload/HST/oeax02020/oeax02020_flt.fits with expected size 21052800. [astroquery.query]
INFO: Found cached file /mnt/c/Users/eluru/CALTECH_SURF_2026/WORK/data/AT2020YVU/mastDownload/HST/oeax02030/oeax02030_crj.fits with expected size 10537920. [astroquery.query]
INFO: Found cached file /mnt/c/Users/eluru/CALTECH_SURF_2026/WORK/data/AT2020YVU/mastDownload/HST/oeax02030/oeax02030_wav.fits with expected size 2260800. [astroquery.query]
INFO: Found cached file /mnt/c/Users/eluru/CALTECH_SURF_2026/WORK/data/AT2020YVU/mastDownload/HST/oeax02030/oeax02030_raw.fits with expected size 4501440. [astroquery.query]
INFO: Found cached file /mnt/c/Users/eluru/CALTECH_SURF_2026/WORK/data/AT2020YVU/mastDownload/HST/oeax02030/oeax02030_flt.fits with expected size 21052800. [astroquery.query]
AT2020YVU: downloaded 11 products (3 obs)
DOWNLOADDONE


$ /home/ishaang6/miniforge3/envs/surf_uv/bin/python /mnt/c/Users/eluru/CALTECH_SURF_2026/WORK/scripts/reduce_stis_batch.py /mnt/c/Users/eluru/CALTECH_SURF_2026/WORK/data/AT2020YVU AT2020YVU --outroot output5 --z 0.01 --expl-mjd 59157.368
AB PEDIGREE=INFLIGHT 18/05/97
XTRACTAB DESCRIP =Analysis from prop. 7094
XTRACTAB DESCRIP =Analysis from prop. 7094
SPTRCTAB oref$qa31608go_1dt.fits
SPTRCTAB PEDIGREE=INFLIGHT 02/09/1997 13/02/1998
SPTRCTAB DESCRIP =New traces to account for angle change with time

Imset 1  Begin 16:30:59 PDT
         Input read into memory.
Order 1  Begin 16:31:01 PDT
X1DCORR  PERFORM
Warning    Cross correlation to locate spectrum failed.
ERROR:    Cannot extract.
Warning    No rows were written; no table created.
         trace was rotated by = 0.0862935 degree.
Imset 1  End 16:31:01 PDT

End      15-Aug-2026 16:31:01 PDT

*** CALSTIS-6 complete ***
git tag: 4ac2384-dirty
git branch: main
HEAD @: 4ac2384d4b81f58ea6aed6f2977aadc15beb6b0f

*** CALSTIS-6 -- Version 3.5.0 (02-Feb-2026) ***
Begin    15-Aug-2026 16:31:01 PDT

INFO     'E1' has been appended to aperture
Input    /mnt/c/Users/eluru/CALTECH_SURF_2026/WORK/data/AT2020YVU/mastDownload/HST/oeax02030/oeax02030_crj.fits
Output   output5/AT2020YVU/STIS/CCD/2020-11-29_day25/G750L/oeax02030_x1d.fits
Rootname oeax02030
OBSMODE  ACCUM
APERTURE 52X0.2E1
OPT_ELEM G750L
DETECTOR CCD

XTRACTAB oref$n7p1031qo_1dx.fits
XTRACTAB PEDIGREE=INFLIGHT 18/05/97
XTRACTAB DESCRIP =Analysis from prop. 7094
XTRACTAB DESCRIP =Analysis from prop. 7094
SPTRCTAB oref$qa31608go_1dt.fits
SPTRCTAB PEDIGREE=INFLIGHT 02/09/1997 13/02/1998
SPTRCTAB DESCRIP =New traces to account for angle change with time

Imset 1  Begin 16:31:02 PDT
         Input read into memory.
Order 1  Begin 16:31:04 PDT
X1DCORR  PERFORM
BACKCORR PERFORM
******** Calling Slfit ***********
BACKCORR COMPLETE
X1DCORR  COMPLETE
         Spectrum extracted at y position = 245

DISPCORR PERFORM
DISPTAB  oref$l2j0137to_dsp.fits
DISPTAB  PEDIGREE=INFLIGHT 27/02/1997 24/11/1999
DISPTAB  DESCRIP =Lindler, May 2000
DISPTAB  DESCRIP =Lindler Postlaunch, May 2000
APDESTAB oref$16j16005o_apd.fits
APDESTAB PEDIGREE=INFLIGHT 01/03/1997 13/06/2017
APDESTAB DESCRIP =Aligned long-slit bar positions for single-bar cases.--------------
APDESTAB DESCRIP =Offset relative to row 900
INANGTAB oref$h5s11397o_iac.fits
INANGTAB DESCRIP =Model/C. Bowers May 6, 1997
DISPCORR COMPLETE

HELCORR  PERFORM
HELCORR  COMPLETE

PHOTTAB  oref$95118575o_pht.fits
PHOTTAB  PEDIGREE=INFLIGHT 27/02/1997 16/03/2021
PHOTTAB  DESCRIP =Fullerton 2025 calibration
APERTAB  oref$y2r1559to_apt.fits
APERTAB  PEDIGREE=MODEL
APERTAB  DESCRIP =Added/updated values for 31X0.05NDA,31X0.05NDB,31X0.05NDC apertures
APERTAB  DESCRIP =Bohlin/Hartig TIM Models Nov. 1998
GACTAB   oref$p9r19203o_gac.fits
GACTAB   PEDIGREE=INFLIGHT 22/04/2002 03/08/2004
GACTAB   DESCRIP =X1D flux corr for grating/aper combos
GACTAB   DESCRIP =Grating-Aperture Throughput Correction
PCTAB    oref$q541740po_pct.fits
PCTAB    PEDIGREE=INFLIGHT 18/05/1997 19/12/1998
PCTAB    DESCRIP =Sensitivity for diff. extractions heights
TDSTAB   oref$8712049eo_tds.fits
TDSTAB   PEDIGREE=INFLIGHT 01/04/1997 06/03/2024
TDSTAB   DESCRIP =Updated time sensitivities for MIRVIS, G230LB, and G230MB
FLUXCORR PERFORM
CTECORR  PERFORM
CCDTAB   oref$16j1600do_ccd.fits
CCDTAB   PEDIGREE=INFLIGHT 01/05/2009 01/05/2009
CCDTAB   DESCRIP =Updated amp=D gain=4 atodgain and corresponding readnoise values---
CCDTAB   DESCRIP =Proposal 8057, by I. Dashevsky & P. Goudfrooij
         GACTAB correction applied for G750L 52X0.2E1 7751
CTECORR  COMPLETE
FLUXCORR COMPLETE
SGEOCORR OMIT

         Row 1 written to disk.
Order 1  End 16:31:04 PDT

         trace was rotated by = 0.0862935 degree.
Imset 1  End 16:31:04 PDT

Warning    Keyword `XTRACALG' is being added to header.
End      15-Aug-2026 16:31:04 PDT

*** CALSTIS-6 complete ***
3 STIS science exposures for AT2020YVU (0 dropped: texptime<5.0s)
X1D oeax02010 G230L es 11 flags none
RETRY-FINDER oeax02020 a2center=81.4
X1D oeax02020 G430L es 9 flags ['finder_fail', 'extended_host']
RETRY-FINDER oeax02030 a2center=245.0
X1D oeax02030 G750L es 15 flags ['finder_fail', 'extended_host', 'no_defringe(no_flat)']
BATCHDONE

/home/ishaang6/miniforge3/envs/surf_uv/lib/python3.12/site-packages/stsci/tools/nmpfit.py:8: UserWarning: NMPFIT is deprecated - stsci.tools v 3.5 is the last version to contain it.
  warnings.warn("NMPFIT is deprecated - stsci.tools v 3.5 is the last version to contain it.")
/home/ishaang6/miniforge3/envs/surf_uv/lib/python3.12/site-packages/stsci/tools/gfit.py:18: UserWarning: GFIT is deprecated - stsci.tools v 3.4.12 is the last version to contain it.Use astropy.modeling instead.
  warnings.warn("GFIT is deprecated - stsci.tools v 3.4.12 is the last version to contain it."

$ /home/ishaang6/miniforge3/envs/surf_uv/bin/python /mnt/c/Users/eluru/CALTECH_SURF_2026/WORK/scripts/build_products.py AT2020YVU --outroot output5 --z 0.01 --early-skip-dir  --expl-mjd 59157.368
built products for AT2020YVU: 1 epochs



===== SN2017EGM  z=0.031  STIS=True COS=True =====
$ /home/ishaang6/miniforge3/envs/surf_uv/bin/python /mnt/c/Users/eluru/CALTECH_SURF_2026/WORK/scripts/download_all.py SN2017EGM
INFO: Found cached file /mnt/c/Users/eluru/CALTECH_SURF_2026/WORK/data/SN2017EGM/mastDownload/HST/od7s08010/od7s08010_wav.fits with expected size 2139840. [astroquery.query]
INFO: Found cached file /mnt/c/Users/eluru/CALTECH_SURF_2026/WORK/data/SN2017EGM/mastDownload/HST/od7s08010/od7s08010_raw.fits with expected size 16819200. [astroquery.query]
INFO: Found cached file /mnt/c/Users/eluru/CALTECH_SURF_2026/WORK/data/SN2017EGM/mastDownload/HST/od7s08010/od7s08010_flt.fits with expected size 10535040. [astroquery.query]
INFO: Found cached file /mnt/c/Users/eluru/CALTECH_SURF_2026/WORK/data/SN2017EGM/mastDownload/HST/od7s08020/od7s08020_crj.fits with expected size 10537920. [astroquery.query]
INFO: Found cached file /mnt/c/Users/eluru/CALTECH_SURF_2026/WORK/data/SN2017EGM/mastDownload/HST/od7s08020/od7s08020_wav.fits with expected size 2260800. [astroquery.query]
INFO: Found cached file /mnt/c/Users/eluru/CALTECH_SURF_2026/WORK/data/SN2017EGM/mastDownload/HST/od7s08020/od7s08020_raw.fits with expected size 4501440. [astroquery.query]
INFO: Found cached file /mnt/c/Users/eluru/CALTECH_SURF_2026/WORK/data/SN2017EGM/mastDownload/HST/od7s08020/od7s08020_flt.fits with expected size 21052800. [astroquery.query]
SN2017EGM: downloaded 7 products (2 obs)
DOWNLOADDONE


$ /home/ishaang6/miniforge3/envs/surf_uv/bin/python /mnt/c/Users/eluru/CALTECH_SURF_2026/WORK/scripts/reduce_stis_batch.py /mnt/c/Users/eluru/CALTECH_SURF_2026/WORK/data/SN2017EGM SN2017EGM --outroot output5 --z 0.031 --expl-mjd 57896.903
 for 31X0.05NDA,31X0.05NDB,31X0.05NDC apertures
APERTAB  DESCRIP =Bohlin/Hartig TIM Models Nov. 1998
PCTAB    oref$y2r16006o_pct.fits
PCTAB    PEDIGREE=INFLIGHT 18/05/1997 19/12/1998
PCTAB    DESCRIP =Added/updated values for 31X0.05NDA,31X0.05NDB,31X0.05NDC apertures
TDSTAB   oref$97a1546po_tds.fits
TDSTAB   PEDIGREE=INFLIGHT 01/04/1997 13/05/2025
TDSTAB   DESCRIP =Updated time sensitivities for MIRNUV and L, M, and H modes.
FLUXCORR PERFORM
FLUXCORR COMPLETE
SGEOCORR OMIT

         Row 1 written to disk.
Order 1  End 16:31:40 PDT

         trace was rotated by = -0.00544152 degree.
Imset 1  End 16:31:40 PDT

Warning    Keyword `XTRACALG' is being added to header.
End      15-Aug-2026 16:31:41 PDT

*** CALSTIS-6 complete ***
git tag: 4ac2384-dirty
git branch: main
HEAD @: 4ac2384d4b81f58ea6aed6f2977aadc15beb6b0f

*** CALSTIS-6 -- Version 3.5.0 (02-Feb-2026) ***
Begin    15-Aug-2026 16:31:42 PDT

INFO     'E1' has been appended to aperture
Input    /mnt/c/Users/eluru/CALTECH_SURF_2026/WORK/data/SN2017EGM/mastDownload/HST/od7s08020/od7s08020_crj.fits
Output   output5/SN2017EGM/STIS/CCD/2017-06-23_day30/G430L/od7s08020_x1d.fits
Rootname od7s08020
OBSMODE  ACCUM
APERTURE 52X0.2E1
OPT_ELEM G430L
DETECTOR CCD

XTRACTAB oref$n7p1031qo_1dx.fits
XTRACTAB PEDIGREE=INFLIGHT 18/05/97
XTRACTAB DESCRIP =Analysis from prop. 7094
XTRACTAB DESCRIP =Analysis from prop. 7094
SPTRCTAB oref$qa31608go_1dt.fits
SPTRCTAB PEDIGREE=INFLIGHT 02/09/1997 13/02/1998
SPTRCTAB DESCRIP =New traces to account for angle change with time

Imset 1  Begin 16:31:42 PDT
         Input read into memory.
Order 1  Begin 16:31:44 PDT
X1DCORR  PERFORM
BACKCORR PERFORM
******** Calling Slfit ***********
BACKCORR COMPLETE
X1DCORR  COMPLETE
         Spectrum extracted at y position = 894.438

DISPCORR PERFORM
DISPTAB  oref$l2j0137to_dsp.fits
DISPTAB  PEDIGREE=INFLIGHT 27/02/1997 24/11/1999
DISPTAB  DESCRIP =Lindler, May 2000
DISPTAB  DESCRIP =Lindler Postlaunch, May 2000
APDESTAB oref$16j16005o_apd.fits
APDESTAB PEDIGREE=INFLIGHT 01/03/1997 13/06/2017
APDESTAB DESCRIP =Aligned long-slit bar positions for single-bar cases.--------------
APDESTAB DESCRIP =Offset relative to row 900
INANGTAB oref$h5s11397o_iac.fits
INANGTAB DESCRIP =Model/C. Bowers May 6, 1997
DISPCORR COMPLETE

HELCORR  PERFORM
HELCORR  COMPLETE

PHOTTAB  oref$95118575o_pht.fits
PHOTTAB  PEDIGREE=INFLIGHT 27/02/1997 16/03/2021
PHOTTAB  DESCRIP =Fullerton 2025 calibration
APERTAB  oref$y2r1559to_apt.fits
APERTAB  PEDIGREE=MODEL
APERTAB  DESCRIP =Added/updated values for 31X0.05NDA,31X0.05NDB,31X0.05NDC apertures
APERTAB  DESCRIP =Bohlin/Hartig TIM Models Nov. 1998
GACTAB   oref$p9r19203o_gac.fits
GACTAB   PEDIGREE=INFLIGHT 07/12/2001 03/08/2004
GACTAB   DESCRIP =X1D flux corr for grating/aper combos
GACTAB   DESCRIP =Grating-Aperture Throughput Correction
PCTAB    oref$q541740no_pct.fits
PCTAB    PEDIGREE=INFLIGHT 18/05/1997 19/12/1998
PCTAB    DESCRIP =Sensitivity for diff. extractions heights
TDSTAB   oref$8712049eo_tds.fits
TDSTAB   PEDIGREE=INFLIGHT 01/04/1997 06/03/2024
TDSTAB   DESCRIP =Updated time sensitivities for MIRVIS, G230LB, and G230MB
FLUXCORR PERFORM
CTECORR  PERFORM
CCDTAB   oref$16j1600do_ccd.fits
CCDTAB   PEDIGREE=INFLIGHT 01/05/2009 01/05/2009
CCDTAB   DESCRIP =Updated amp=D gain=4 atodgain and corresponding readnoise values---
CCDTAB   DESCRIP =Proposal 8057, by I. Dashevsky & P. Goudfrooij
Warning    No exact extraction box height match in PCTAB.
Warning    Using entry for height 11
         GACTAB correction applied for G430L 52X0.2E1 4300
CTECORR  COMPLETE
FLUXCORR COMPLETE
SGEOCORR OMIT

         Row 1 written to disk.
Order 1  End 16:31:44 PDT

         trace was rotated by = 0.0559108 degree.
Imset 1  End 16:31:44 PDT

Warning    Keyword `XTRACALG' is being added to header.
End      15-Aug-2026 16:31:45 PDT

*** CALSTIS-6 complete ***
2 STIS science exposures for SN2017EGM (0 dropped: texptime<5.0s)
X1D od7s08010 G230L es 11 flags none
X1D od7s08020 G430L es 13 flags none
BATCHDONE

/home/ishaang6/miniforge3/envs/surf_uv/lib/python3.12/site-packages/stsci/tools/nmpfit.py:8: UserWarning: NMPFIT is deprecated - stsci.tools v 3.5 is the last version to contain it.
  warnings.warn("NMPFIT is deprecated - stsci.tools v 3.5 is the last version to contain it.")
/home/ishaang6/miniforge3/envs/surf_uv/lib/python3.12/site-packages/stsci/tools/gfit.py:18: UserWarning: GFIT is deprecated - stsci.tools v 3.4.12 is the last version to contain it.Use astropy.modeling instead.
  warnings.warn("GFIT is deprecated - stsci.tools v 3.4.12 is the last version to contain it."

$ /home/ishaang6/miniforge3/envs/surf_uv/bin/python /mnt/c/Users/eluru/CALTECH_SURF_2026/WORK/scripts/cos_products.py SN2017EGM --outroot output5 --z 0.031 --expl-mjd 57896.903
COS SN2017EGM 2017-06-23_day30 FUV G140L (1 exp)
COSDONE


$ /home/ishaang6/miniforge3/envs/surf_uv/bin/python /mnt/c/Users/eluru/CALTECH_SURF_2026/WORK/scripts/build_products.py SN2017EGM --outroot output5 --z 0.031 --early-skip-dir  --expl-mjd 57896.903
built products for SN2017EGM: 1 epochs



===== ASASSN-15LH  z=0.2326  STIS=True COS=True =====
$ /home/ishaang6/miniforge3/envs/surf_uv/bin/python /mnt/c/Users/eluru/CALTECH_SURF_2026/WORK/scripts/download_all.py ASASSN-15LH
INFO: Found cached file /mnt/c/Users/eluru/CALTECH_SURF_2026/WORK/data/ASASSN-15LH/mastDownload/HST/od3001010/od3001010_crj.fits with expected size 10537920. [astroquery.query]
INFO: Found cached file /mnt/c/Users/eluru/CALTECH_SURF_2026/WORK/data/ASASSN-15LH/mastDownload/HST/od3001010/od3001010_wav.fits with expected size 2260800. [astroquery.query]
INFO: Found cached file /mnt/c/Users/eluru/CALTECH_SURF_2026/WORK/data/ASASSN-15LH/mastDownload/HST/od3001010/od3001010_raw.fits with expected size 4501440. [astroquery.query]
INFO: Found cached file /mnt/c/Users/eluru/CALTECH_SURF_2026/WORK/data/ASASSN-15LH/mastDownload/HST/od3001010/od3001010_flt.fits with expected size 21052800. [astroquery.query]
INFO: Found cached file /mnt/c/Users/eluru/CALTECH_SURF_2026/WORK/data/ASASSN-15LH/mastDownload/HST/od3001020/od3001020_wav.fits with expected size 2139840. [astroquery.query]
INFO: Found cached file /mnt/c/Users/eluru/CALTECH_SURF_2026/WORK/data/ASASSN-15LH/mastDownload/HST/od3001020/od3001020_raw.fits with expected size 8429760. [astroquery.query]
INFO: Found cached file /mnt/c/Users/eluru/CALTECH_SURF_2026/WORK/data/ASASSN-15LH/mastDownload/HST/od3001020/od3001020_flt.fits with expected size 10535040. [astroquery.query]
ASASSN-15LH: downloaded 7 products (2 obs)
DOWNLOADDONE


$ /home/ishaang6/miniforge3/envs/surf_uv/bin/python /mnt/c/Users/eluru/CALTECH_SURF_2026/WORK/scripts/reduce_stis_batch.py /mnt/c/Users/eluru/CALTECH_SURF_2026/WORK/data/ASASSN-15LH ASASSN-15LH --outroot output5 --z 0.2326 --expl-mjd 57187.0
 Models Nov. 1998
GACTAB   oref$p9r19203o_gac.fits
GACTAB   PEDIGREE=INFLIGHT 13/06/1997 21/05/1998
GACTAB   DESCRIP =X1D flux corr for grating/aper combos
GACTAB   DESCRIP =Grating-Aperture Throughput Correction
PCTAB    oref$q541740no_pct.fits
PCTAB    PEDIGREE=INFLIGHT 18/05/1997 19/12/1998
PCTAB    DESCRIP =Sensitivity for diff. extractions heights
TDSTAB   oref$8712049eo_tds.fits
TDSTAB   PEDIGREE=INFLIGHT 01/04/1997 06/03/2024
TDSTAB   DESCRIP =Updated time sensitivities for MIRVIS, G230LB, and G230MB
FLUXCORR PERFORM
CTECORR  PERFORM
CCDTAB   oref$16j1600do_ccd.fits
CCDTAB   PEDIGREE=INFLIGHT 01/05/2009 01/05/2009
CCDTAB   DESCRIP =Updated amp=D gain=4 atodgain and corresponding readnoise values---
CCDTAB   DESCRIP =Proposal 8057, by I. Dashevsky & P. Goudfrooij
         GACTAB correction applied for G430L 52X0.1 4300
CTECORR  COMPLETE
FLUXCORR COMPLETE
SGEOCORR OMIT

         Row 1 written to disk.
Order 1  End 16:31:41 PDT

         trace was rotated by = 0.0498314 degree.
Imset 1  End 16:31:41 PDT

Warning    Keyword `XTRACALG' is being added to header.
End      15-Aug-2026 16:31:41 PDT

*** CALSTIS-6 complete ***
git tag: 4ac2384-dirty
git branch: main
HEAD @: 4ac2384d4b81f58ea6aed6f2977aadc15beb6b0f

*** CALSTIS-6 -- Version 3.5.0 (02-Feb-2026) ***
Begin    15-Aug-2026 16:31:42 PDT

Warning    Grating-aperture throughput correction table (GACTAB) was not found,

         and no gac corrections will be applied
Input    /mnt/c/Users/eluru/CALTECH_SURF_2026/WORK/data/ASASSN-15LH/mastDownload/HST/od3001020/od3001020_flt.fits
Output   output5/ASASSN-15LH/STIS/MAMA/2015-12-29_day199/G230L/od3001020_x1d.fits
Rootname od3001020
OBSMODE  ACCUM
APERTURE 52X0.1
OPT_ELEM G230L
DETECTOR NUV-MAMA

XTRACTAB oref$a5e1953co_1dx.fits
XTRACTAB PEDIGREE=INFLIGHT 29/05/1997 29/05/1997
XTRACTAB DESCRIP =Analysis from prop. 7064 and ground data
XTRACTAB DESCRIP =Analysis from prop. 7064
SPTRCTAB oref$a5e19539o_1dt.fits
SPTRCTAB PEDIGREE=INFLIGHT 27/02/1997 06/01/2010
SPTRCTAB DESCRIP =New traces for select echelle secondary modes

Imset 1  Begin 16:31:43 PDT
         Input read into memory.
Order 1  Begin 16:31:45 PDT
X1DCORR  PERFORM
BACKCORR PERFORM
******** Calling Slfit ***********
BACKCORR COMPLETE
X1DCORR  COMPLETE
         Spectrum extracted at y position = 511.826

DISPCORR PERFORM
DISPTAB  oref$m7p16111o_dsp.fits
DISPTAB  PEDIGREE=INFLIGHT 23/01/1999 23/01/1999
DISPTAB  DESCRIP =Dispersion coefficients reference table
DISPTAB  DESCRIP =INFLIGHT Cal. Disp. Coeffs
APDESTAB oref$16j16005o_apd.fits
APDESTAB PEDIGREE=INFLIGHT 01/03/1997 13/06/2017
APDESTAB DESCRIP =Aligned long-slit bar positions for single-bar cases.--------------
APDESTAB DESCRIP =Microscope Meas./Hartig Post-launch Offsets
INANGTAB oref$l3m1437ro_iac.fits
INANGTAB DESCRIP =Prelaunch Calibration/Lindler and Models
DISPCORR COMPLETE

HELCORR  PERFORM
HELCORR  COMPLETE

PHOTTAB  oref$a5e19538o_pht.fits
PHOTTAB  PEDIGREE=INFLIGHT 27/02/1997 16/03/2021
PHOTTAB  DESCRIP =May 2026 recalibration
APERTAB  oref$y2r1559to_apt.fits
APERTAB  PEDIGREE=MODEL
APERTAB  DESCRIP =Added/updated values for 31X0.05NDA,31X0.05NDB,31X0.05NDC apertures
APERTAB  DESCRIP =Bohlin/Hartig TIM Models Nov. 1998
PCTAB    oref$y2r16006o_pct.fits
PCTAB    PEDIGREE=INFLIGHT 18/05/1997 19/12/1998
PCTAB    DESCRIP =Added/updated values for 31X0.05NDA,31X0.05NDB,31X0.05NDC apertures
TDSTAB   oref$97a1546po_tds.fits
TDSTAB   PEDIGREE=INFLIGHT 01/04/1997 13/05/2025
TDSTAB   DESCRIP =Updated time sensitivities for MIRNUV and L, M, and H modes.
FLUXCORR PERFORM
FLUXCORR COMPLETE
SGEOCORR OMIT

         Row 1 written to disk.
Order 1  End 16:31:45 PDT

         trace was rotated by = -0.00440365 degree.
Imset 1  End 16:31:45 PDT

Warning    Keyword `XTRACALG' is being added to header.
End      15-Aug-2026 16:31:45 PDT

*** CALSTIS-6 complete ***
2 STIS science exposures for ASASSN-15LH (0 dropped: texptime<5.0s)
X1D od3001010 G430L es 9 flags ['extended_host']
X1D od3001020 G230L es 11 flags none
BATCHDONE

/home/ishaang6/miniforge3/envs/surf_uv/lib/python3.12/site-packages/stsci/tools/nmpfit.py:8: UserWarning: NMPFIT is deprecated - stsci.tools v 3.5 is the last version to contain it.
  warnings.warn("NMPFIT is deprecated - stsci.tools v 3.5 is the last version to contain it.")
/home/ishaang6/miniforge3/envs/surf_uv/lib/python3.12/site-packages/stsci/tools/gfit.py:18: UserWarning: GFIT is deprecated - stsci.tools v 3.4.12 is the last version to contain it.Use astropy.modeling instead.
  warnings.warn("GFIT is deprecated - stsci.tools v 3.4.12 is the last version to contain it."

$ /home/ishaang6/miniforge3/envs/surf_uv/bin/python /mnt/c/Users/eluru/CALTECH_SURF_2026/WORK/scripts/cos_products.py ASASSN-15LH --outroot output5 --z 0.2326 --expl-mjd 57187.0
COS ASASSN-15LH 2015-12-29_day199 FUV G140L (1 exp)
COSDONE


$ /home/ishaang6/miniforge3/envs/surf_uv/bin/python /mnt/c/Users/eluru/CALTECH_SURF_2026/WORK/scripts/build_products.py ASASSN-15LH --outroot output5 --z 0.2326 --early-skip-dir  --expl-mjd 57187.0
built products for ASASSN-15LH: 1 epochs



===== AT2022EYW  z=0.009  STIS=True COS=False =====
$ /home/ishaang6/miniforge3/envs/surf_uv/bin/python /mnt/c/Users/eluru/CALTECH_SURF_2026/WORK/scripts/download_all.py AT2022EYW
INFO: Found cached file /mnt/c/Users/eluru/CALTECH_SURF_2026/WORK/data/AT2022EYW/mastDownload/HST/oetm01030/oetm01030_crj.fits with expected size 10537920. [astroquery.query]
INFO: Found cached file /mnt/c/Users/eluru/CALTECH_SURF_2026/WORK/data/AT2022EYW/mastDownload/HST/oetm01030/oetm01030_wav.fits with expected size 2260800. [astroquery.query]
INFO: Found cached file /mnt/c/Users/eluru/CALTECH_SURF_2026/WORK/data/AT2022EYW/mastDownload/HST/oetm01030/oetm01030_raw.fits with expected size 4501440. [astroquery.query]
INFO: Found cached file /mnt/c/Users/eluru/CALTECH_SURF_2026/WORK/data/AT2022EYW/mastDownload/HST/oetm01030/oetm01030_flt.fits with expected size 21052800. [astroquery.query]
INFO: Found cached file /mnt/c/Users/eluru/CALTECH_SURF_2026/WORK/data/AT2022EYW/mastDownload/HST/oetm01020/oetm01020_crj.fits with expected size 10537920. [astroquery.query]
INFO: Found cached file /mnt/c/Users/eluru/CALTECH_SURF_2026/WORK/data/AT2022EYW/mastDownload/HST/oetm01020/oetm01020_wav.fits with expected size 2260800. [astroquery.query]
INFO: Found cached file /mnt/c/Users/eluru/CALTECH_SURF_2026/WORK/data/AT2022EYW/mastDownload/HST/oetm01020/oetm01020_raw.fits with expected size 4501440. [astroquery.query]
INFO: Found cached file /mnt/c/Users/eluru/CALTECH_SURF_2026/WORK/data/AT2022EYW/mastDownload/HST/oetm01020/oetm01020_flt.fits with expected size 21052800. [astroquery.query]
INFO: Found cached file /mnt/c/Users/eluru/CALTECH_SURF_2026/WORK/data/AT2022EYW/mastDownload/HST/oetm01010/oetm01010_wav.fits with expected size 2139840. [astroquery.query]
INFO: Found cached file /mnt/c/Users/eluru/CALTECH_SURF_2026/WORK/data/AT2022EYW/mastDownload/HST/oetm01010/oetm01010_raw.fits with expected size 8429760. [astroquery.query]
INFO: Found cached file /mnt/c/Users/eluru/CALTECH_SURF_2026/WORK/data/AT2022EYW/mastDownload/HST/oetm01010/oetm01010_flt.fits with expected size 10535040. [astroquery.query]
AT2022EYW: downloaded 11 products (3 obs)
DOWNLOADDONE


$ /home/ishaang6/miniforge3/envs/surf_uv/bin/python /mnt/c/Users/eluru/CALTECH_SURF_2026/WORK/scripts/reduce_stis_batch.py /mnt/c/Users/eluru/CALTECH_SURF_2026/WORK/data/AT2022EYW AT2022EYW --outroot output5 --z 0.009 --expl-mjd 59660.462
me sensitivities for MIRVIS, G230LB, and G230MB
FLUXCORR PERFORM
CTECORR  PERFORM
CCDTAB   oref$16j1600do_ccd.fits
CCDTAB   PEDIGREE=INFLIGHT 01/05/2009 01/05/2009
CCDTAB   DESCRIP =Updated amp=D gain=4 atodgain and corresponding readnoise values---
CCDTAB   DESCRIP =Proposal 8057, by I. Dashevsky & P. Goudfrooij
         GACTAB correction applied for G430L 52X0.2E1 4300
CTECORR  COMPLETE
FLUXCORR COMPLETE
SGEOCORR OMIT

         Row 1 written to disk.
Order 1  End 16:32:06 PDT

         trace was rotated by = 0.0756037 degree.
Imset 1  End 16:32:06 PDT

Warning    Keyword `XTRACALG' is being added to header.
End      15-Aug-2026 16:32:06 PDT

*** CALSTIS-6 complete ***
git tag: 4ac2384-dirty
git branch: main
HEAD @: 4ac2384d4b81f58ea6aed6f2977aadc15beb6b0f

*** CALSTIS-6 -- Version 3.5.0 (02-Feb-2026) ***
Begin    15-Aug-2026 16:32:07 PDT

INFO     'E1' has been appended to aperture
Input    /mnt/c/Users/eluru/CALTECH_SURF_2026/WORK/data/AT2022EYW/mastDownload/HST/oetm01030/oetm01030_crj.fits
Output   output5/AT2022EYW/STIS/CCD/2022-04-12_day21/G750L/oetm01030_x1d.fits
Rootname oetm01030
OBSMODE  ACCUM
APERTURE 52X0.2E1
OPT_ELEM G750L
DETECTOR CCD

XTRACTAB oref$n7p1031qo_1dx.fits
XTRACTAB PEDIGREE=INFLIGHT 18/05/97
XTRACTAB DESCRIP =Analysis from prop. 7094
XTRACTAB DESCRIP =Analysis from prop. 7094
SPTRCTAB oref$qa31608go_1dt.fits
SPTRCTAB PEDIGREE=INFLIGHT 02/09/1997 13/02/1998
SPTRCTAB DESCRIP =New traces to account for angle change with time

Imset 1  Begin 16:32:08 PDT
         Input read into memory.
Order 1  Begin 16:32:10 PDT
X1DCORR  PERFORM
BACKCORR PERFORM
******** Calling Slfit ***********
BACKCORR COMPLETE
X1DCORR  COMPLETE
         Spectrum extracted at y position = 895.297

DISPCORR PERFORM
DISPTAB  oref$l2j0137to_dsp.fits
DISPTAB  PEDIGREE=INFLIGHT 27/02/1997 24/11/1999
DISPTAB  DESCRIP =Lindler, May 2000
DISPTAB  DESCRIP =Lindler Postlaunch, May 2000
APDESTAB oref$16j16005o_apd.fits
APDESTAB PEDIGREE=INFLIGHT 01/03/1997 13/06/2017
APDESTAB DESCRIP =Aligned long-slit bar positions for single-bar cases.--------------
APDESTAB DESCRIP =Offset relative to row 900
INANGTAB oref$h5s11397o_iac.fits
INANGTAB DESCRIP =Model/C. Bowers May 6, 1997
DISPCORR COMPLETE

HELCORR  PERFORM
HELCORR  COMPLETE

PHOTTAB  oref$95118575o_pht.fits
PHOTTAB  PEDIGREE=INFLIGHT 27/02/1997 16/03/2021
PHOTTAB  DESCRIP =Fullerton 2025 calibration
APERTAB  oref$y2r1559to_apt.fits
APERTAB  PEDIGREE=MODEL
APERTAB  DESCRIP =Added/updated values for 31X0.05NDA,31X0.05NDB,31X0.05NDC apertures
APERTAB  DESCRIP =Bohlin/Hartig TIM Models Nov. 1998
GACTAB   oref$p9r19203o_gac.fits
GACTAB   PEDIGREE=INFLIGHT 22/04/2002 03/08/2004
GACTAB   DESCRIP =X1D flux corr for grating/aper combos
GACTAB   DESCRIP =Grating-Aperture Throughput Correction
PCTAB    oref$q541740po_pct.fits
PCTAB    PEDIGREE=INFLIGHT 18/05/1997 19/12/1998
PCTAB    DESCRIP =Sensitivity for diff. extractions heights
TDSTAB   oref$8712049eo_tds.fits
TDSTAB   PEDIGREE=INFLIGHT 01/04/1997 06/03/2024
TDSTAB   DESCRIP =Updated time sensitivities for MIRVIS, G230LB, and G230MB
FLUXCORR PERFORM
CTECORR  PERFORM
CCDTAB   oref$16j1600do_ccd.fits
CCDTAB   PEDIGREE=INFLIGHT 01/05/2009 01/05/2009
CCDTAB   DESCRIP =Updated amp=D gain=4 atodgain and corresponding readnoise values---
CCDTAB   DESCRIP =Proposal 8057, by I. Dashevsky & P. Goudfrooij
Warning    No exact extraction box height match in PCTAB.
Warning    Using entry for height 15
         GACTAB correction applied for G750L 52X0.2E1 7751
CTECORR  COMPLETE
FLUXCORR COMPLETE
SGEOCORR OMIT

         Row 1 written to disk.
Order 1  End 16:32:11 PDT

         trace was rotated by = 0.0913547 degree.
Imset 1  End 16:32:11 PDT

Warning    Keyword `XTRACALG' is being added to header.
End      15-Aug-2026 16:32:11 PDT

*** CALSTIS-6 complete ***
3 STIS science exposures for AT2022EYW (0 dropped: texptime<5.0s)
X1D oetm01010 G230L es 11 flags none
X1D oetm01020 G430L es 11 flags none
X1D oetm01030 G750L es 17 flags ['no_defringe(no_flat)']
BATCHDONE

/home/ishaang6/miniforge3/envs/surf_uv/lib/python3.12/site-packages/stsci/tools/nmpfit.py:8: UserWarning: NMPFIT is deprecated - stsci.tools v 3.5 is the last version to contain it.
  warnings.warn("NMPFIT is deprecated - stsci.tools v 3.5 is the last version to contain it.")
/home/ishaang6/miniforge3/envs/surf_uv/lib/python3.12/site-packages/stsci/tools/gfit.py:18: UserWarning: GFIT is deprecated - stsci.tools v 3.4.12 is the last version to contain it.Use astropy.modeling instead.
  warnings.warn("GFIT is deprecated - stsci.tools v 3.4.12 is the last version to contain it."

$ /home/ishaang6/miniforge3/envs/surf_uv/bin/python /mnt/c/Users/eluru/CALTECH_SURF_2026/WORK/scripts/build_products.py AT2022EYW --outroot output5 --z 0.009 --early-skip-dir  --expl-mjd 59660.462
built products for AT2022EYW: 1 epochs



===== SN2018BSZ  z=0.027  STIS=True COS=True =====
$ /home/ishaang6/miniforge3/envs/surf_uv/bin/python /mnt/c/Users/eluru/CALTECH_SURF_2026/WORK/scripts/download_all.py SN2018BSZ
INFO: Found cached file /mnt/c/Users/eluru/CALTECH_SURF_2026/WORK/data/SN2018BSZ/mastDownload/HST/odtca1010/odtca1010_wav.fits with expected size 4262400. [astroquery.query]
INFO: Found cached file /mnt/c/Users/eluru/CALTECH_SURF_2026/WORK/data/SN2018BSZ/mastDownload/HST/odtca1010/odtca1010_raw.fits with expected size 8429760. [astroquery.query]
INFO: Found cached file /mnt/c/Users/eluru/CALTECH_SURF_2026/WORK/data/SN2018BSZ/mastDownload/HST/odtca1010/odtca1010_flt.fits with expected size 10535040. [astroquery.query]
SN2018BSZ: downloaded 3 products (1 obs)
DOWNLOADDONE


$ /home/ishaang6/miniforge3/envs/surf_uv/bin/python /mnt/c/Users/eluru/CALTECH_SURF_2026/WORK/scripts/reduce_stis_batch.py /mnt/c/Users/eluru/CALTECH_SURF_2026/WORK/data/SN2018BSZ SN2018BSZ --outroot output5 --z 0.027 --expl-mjd 58255.0
git tag: 4ac2384-dirty
git branch: main
HEAD @: 4ac2384d4b81f58ea6aed6f2977aadc15beb6b0f

*** CALSTIS-6 -- Version 3.5.0 (02-Feb-2026) ***
Begin    15-Aug-2026 16:31:48 PDT

Warning    Grating-aperture throughput correction table (GACTAB) was not found,

         and no gac corrections will be applied
Input    /mnt/c/Users/eluru/CALTECH_SURF_2026/WORK/data/SN2018BSZ/mastDownload/HST/odtca1010/odtca1010_flt.fits
Output   output5/SN2018BSZ/STIS/MAMA/2018-06-25_day40/G230L/odtca1010_x1d.fits
Rootname odtca1010
OBSMODE  ACCUM
APERTURE 52X0.2
OPT_ELEM G230L
DETECTOR NUV-MAMA

XTRACTAB oref$a5e1953co_1dx.fits
XTRACTAB PEDIGREE=INFLIGHT 29/05/1997 29/05/1997
XTRACTAB DESCRIP =Analysis from prop. 7064 and ground data
XTRACTAB DESCRIP =Analysis from prop. 7064
SPTRCTAB oref$a5e19539o_1dt.fits
SPTRCTAB PEDIGREE=INFLIGHT 27/02/1997 06/01/2010
SPTRCTAB DESCRIP =New traces for select echelle secondary modes

Imset 1  Begin 16:31:48 PDT
         Input read into memory.
Order 1  Begin 16:31:50 PDT
X1DCORR  PERFORM
BACKCORR PERFORM
******** Calling Slfit ***********
BACKCORR COMPLETE
X1DCORR  COMPLETE
         Spectrum extracted at y position = 532.413

DISPCORR PERFORM
DISPTAB  oref$m7p16111o_dsp.fits
DISPTAB  PEDIGREE=INFLIGHT 23/01/1999 23/01/1999
DISPTAB  DESCRIP =Dispersion coefficients reference table
DISPTAB  DESCRIP =INFLIGHT Cal. Disp. Coeffs
APDESTAB oref$16j16005o_apd.fits
APDESTAB PEDIGREE=INFLIGHT 01/03/1997 13/06/2017
APDESTAB DESCRIP =Aligned long-slit bar positions for single-bar cases.--------------
APDESTAB DESCRIP =Microscope Meas./Hartig Post-launch Offsets
INANGTAB oref$l3m1437ro_iac.fits
INANGTAB DESCRIP =Prelaunch Calibration/Lindler and Models
DISPCORR COMPLETE

HELCORR  PERFORM
HELCORR  COMPLETE

PHOTTAB  oref$a5e1953do_pht.fits
PHOTTAB  PEDIGREE=INFLIGHT 27/02/1997 16/03/2021
PHOTTAB  DESCRIP =May 2026 recalibration
APERTAB  oref$y2r1559to_apt.fits
APERTAB  PEDIGREE=MODEL
APERTAB  DESCRIP =Added/updated values for 31X0.05NDA,31X0.05NDB,31X0.05NDC apertures
APERTAB  DESCRIP =Bohlin/Hartig TIM Models Nov. 1998
PCTAB    oref$y2r16006o_pct.fits
PCTAB    PEDIGREE=INFLIGHT 18/05/1997 19/12/1998
PCTAB    DESCRIP =Added/updated values for 31X0.05NDA,31X0.05NDB,31X0.05NDC apertures
TDSTAB   oref$97a1546po_tds.fits
TDSTAB   PEDIGREE=INFLIGHT 01/04/1997 13/05/2025
TDSTAB   DESCRIP =Updated time sensitivities for MIRNUV and L, M, and H modes.
FLUXCORR PERFORM
FLUXCORR COMPLETE
SGEOCORR OMIT

         Row 1 written to disk.
Order 1  End 16:31:51 PDT

         trace was rotated by = -0.00614555 degree.
Imset 1  End 16:31:51 PDT

Warning    Keyword `XTRACALG' is being added to header.
End      15-Aug-2026 16:31:51 PDT

*** CALSTIS-6 complete ***
1 STIS science exposures for SN2018BSZ (0 dropped: texptime<5.0s)
X1D odtca1010 G230L es 11 flags none
BATCHDONE

/home/ishaang6/miniforge3/envs/surf_uv/lib/python3.12/site-packages/stsci/tools/nmpfit.py:8: UserWarning: NMPFIT is deprecated - stsci.tools v 3.5 is the last version to contain it.
  warnings.warn("NMPFIT is deprecated - stsci.tools v 3.5 is the last version to contain it.")
/home/ishaang6/miniforge3/envs/surf_uv/lib/python3.12/site-packages/stsci/tools/gfit.py:18: UserWarning: GFIT is deprecated - stsci.tools v 3.4.12 is the last version to contain it.Use astropy.modeling instead.
  warnings.warn("GFIT is deprecated - stsci.tools v 3.4.12 is the last version to contain it."

$ /home/ishaang6/miniforge3/envs/surf_uv/bin/python /mnt/c/Users/eluru/CALTECH_SURF_2026/WORK/scripts/cos_products.py SN2018BSZ --outroot output5 --z 0.027 --expl-mjd 58255.0
COS SN2018BSZ 2018-06-25_day40 FUV G140L (1 exp)
COS SN2018BSZ 2018-07-20_day64 FUV G140L (1 exp)
COSDONE


$ /home/ishaang6/miniforge3/envs/surf_uv/bin/python /mnt/c/Users/eluru/CALTECH_SURF_2026/WORK/scripts/build_products.py SN2018BSZ --outroot output5 --z 0.027 --early-skip-dir  --expl-mjd 58255.0
built products for SN2018BSZ: 2 epochs



===== SN2025BCO  z=0.036  STIS=True COS=False =====
$ /home/ishaang6/miniforge3/envs/surf_uv/bin/python /mnt/c/Users/eluru/CALTECH_SURF_2026/WORK/scripts/download_all.py SN2025BCO
INFO: Found cached file /mnt/c/Users/eluru/CALTECH_SURF_2026/WORK/data/SN2025BCO/mastDownload/HST/ofhg03010/ofhg03010_crj.fits with expected size 10537920. [astroquery.query]
INFO: Found cached file /mnt/c/Users/eluru/CALTECH_SURF_2026/WORK/data/SN2025BCO/mastDownload/HST/ofhg03010/ofhg03010_wav.fits with expected size 2260800. [astroquery.query]
INFO: Found cached file /mnt/c/Users/eluru/CALTECH_SURF_2026/WORK/data/SN2025BCO/mastDownload/HST/ofhg03010/ofhg03010_raw.fits with expected size 4501440. [astroquery.query]
INFO: Found cached file /mnt/c/Users/eluru/CALTECH_SURF_2026/WORK/data/SN2025BCO/mastDownload/HST/ofhg03010/ofhg03010_flt.fits with expected size 21052800. [astroquery.query]
INFO: Found cached file /mnt/c/Users/eluru/CALTECH_SURF_2026/WORK/data/SN2025BCO/mastDownload/HST/ofhg03020/ofhg03020_crj.fits with expected size 10537920. [astroquery.query]
INFO: Found cached file /mnt/c/Users/eluru/CALTECH_SURF_2026/WORK/data/SN2025BCO/mastDownload/HST/ofhg03020/ofhg03020_wav.fits with expected size 2260800. [astroquery.query]
INFO: Found cached file /mnt/c/Users/eluru/CALTECH_SURF_2026/WORK/data/SN2025BCO/mastDownload/HST/ofhg03020/ofhg03020_raw.fits with expected size 4501440. [astroquery.query]
INFO: Found cached file /mnt/c/Users/eluru/CALTECH_SURF_2026/WORK/data/SN2025BCO/mastDownload/HST/ofhg03020/ofhg03020_flt.fits with expected size 21052800. [astroquery.query]
INFO: Found cached file /mnt/c/Users/eluru/CALTECH_SURF_2026/WORK/data/SN2025BCO/mastDownload/HST/ofhg03040/ofhg03040_crj.fits with expected size 10537920. [astroquery.query]
INFO: Found cached file /mnt/c/Users/eluru/CALTECH_SURF_2026/WORK/data/SN2025BCO/mastDownload/HST/ofhg03040/ofhg03040_wav.fits with expected size 2260800. [astroquery.query]
INFO: Found cached file /mnt/c/Users/eluru/CALTECH_SURF_2026/WORK/data/SN2025BCO/mastDownload/HST/ofhg03040/ofhg03040_raw.fits with expected size 6742080. [astroquery.query]
INFO: Found cached file /mnt/c/Users/eluru/CALTECH_SURF_2026/WORK/data/SN2025BCO/mastDownload/HST/ofhg03040/ofhg03040_flt.fits with expected size 31567680. [astroquery.query]
SN2025BCO: downloaded 12 products (3 obs)
DOWNLOADDONE


$ /home/ishaang6/miniforge3/envs/surf_uv/bin/python /mnt/c/Users/eluru/CALTECH_SURF_2026/WORK/scripts/reduce_stis_batch.py /mnt/c/Users/eluru/CALTECH_SURF_2026/WORK/data/SN2025BCO SN2025BCO --outroot output5 --z 0.036 --expl-mjd 60715.248
git tag: 4ac2384-dirty
git branch: main
HEAD @: 4ac2384d4b81f58ea6aed6f2977aadc15beb6b0f

*** CALSTIS-6 -- Version 3.5.0 (02-Feb-2026) ***
Begin    15-Aug-2026 16:32:38 PDT

Input    /mnt/c/Users/eluru/CALTECH_SURF_2026/WORK/data/SN2025BCO/mastDownload/HST/ofhg03040/ofhg03040_crj.fits
Output   output5/SN2025BCO/STIS/CCD/2025-02-13_day5/G230LB/ofhg03040_x1d.fits
Rootname ofhg03040
OBSMODE  ACCUM
APERTURE 52X0.2
OPT_ELEM G230LB
DETECTOR CCD

XTRACTAB oref$n7p1031qo_1dx.fits
XTRACTAB PEDIGREE=INFLIGHT 18/05/97
XTRACTAB DESCRIP =Analysis from prop. 7094
XTRACTAB DESCRIP =Analysis from prop. 7094
SPTRCTAB oref$qa31608go_1dt.fits
SPTRCTAB PEDIGREE=INFLIGHT 02/09/1997 13/02/1998
SPTRCTAB DESCRIP =New traces to account for angle change with time

Imset 1  Begin 16:32:39 PDT
         Input read into memory.
Order 1  Begin 16:32:41 PDT
X1DCORR  PERFORM
BACKCORR PERFORM
******** Calling Slfit ***********
BACKCORR COMPLETE
X1DCORR  COMPLETE
         Spectrum extracted at y position = 506.222

DISPCORR PERFORM
DISPTAB  oref$l2j0137to_dsp.fits
DISPTAB  PEDIGREE=INFLIGHT 27/02/1997 24/11/1999
DISPTAB  DESCRIP =Lindler, May 2000
DISPTAB  DESCRIP =Lindler Postlaunch, May 2000
APDESTAB oref$16j16005o_apd.fits
APDESTAB PEDIGREE=INFLIGHT 01/03/1997 13/06/2017
APDESTAB DESCRIP =Aligned long-slit bar positions for single-bar cases.--------------
APDESTAB DESCRIP =Microscope Meas./Hartig Post-launch Offsets
INANGTAB oref$h5s11397o_iac.fits
INANGTAB DESCRIP =Model/C. Bowers May 6, 1997
DISPCORR COMPLETE

HELCORR  PERFORM
HELCORR  COMPLETE

PHOTTAB  oref$95118575o_pht.fits
PHOTTAB  PEDIGREE=INFLIGHT 27/02/1997 16/03/2021
PHOTTAB  DESCRIP =Fullerton 2025 calibration
APERTAB  oref$y2r1559to_apt.fits
APERTAB  PEDIGREE=MODEL
APERTAB  DESCRIP =Added/updated values for 31X0.05NDA,31X0.05NDB,31X0.05NDC apertures
APERTAB  DESCRIP =Bohlin/Hartig TIM Models Nov. 1998
GACTAB   oref$p9r19203o_gac.fits
GACTAB   PEDIGREE=INFLIGHT 17/12/1998 17/12/1998
GACTAB   DESCRIP =X1D flux corr for grating/aper combos
GACTAB   DESCRIP =Grating-Aperture Throughput Correction
PCTAB    oref$q541740lo_pct.fits
PCTAB    PEDIGREE=INFLIGHT 18/05/1997 07/10/1999
PCTAB    DESCRIP =Sensitivity for diff. extractions heights
TDSTAB   oref$8712049eo_tds.fits
TDSTAB   PEDIGREE=INFLIGHT 01/04/1997 06/03/2024
TDSTAB   DESCRIP =Updated time sensitivities for MIRVIS, G230LB, and G230MB
FLUXCORR PERFORM
CTECORR  PERFORM
CCDTAB   oref$16j1600do_ccd.fits
CCDTAB   PEDIGREE=INFLIGHT 01/05/2009 01/05/2009
CCDTAB   DESCRIP =Updated amp=D gain=4 atodgain and corresponding readnoise values---
CCDTAB   DESCRIP =Proposal 8057, by I. Dashevsky & P. Goudfrooij
         GACTAB correction applied for G230LB 52X0.2 2375
CTECORR  COMPLETE
FLUXCORR COMPLETE
SGEOCORR OMIT

         Row 1 written to disk.
Order 1  End 16:32:41 PDT

         trace was rotated by = 0.086476 degree.
Imset 1  End 16:32:41 PDT

Warning    Keyword `XTRACALG' is being added to header.
End      15-Aug-2026 16:32:41 PDT

*** CALSTIS-6 complete ***
1 STIS science exposures for SN2025BCO (2 dropped: texptime<5.0s)
X1D ofhg03040 G230LB es 15 flags none
BATCHDONE

/home/ishaang6/miniforge3/envs/surf_uv/lib/python3.12/site-packages/stsci/tools/nmpfit.py:8: UserWarning: NMPFIT is deprecated - stsci.tools v 3.5 is the last version to contain it.
  warnings.warn("NMPFIT is deprecated - stsci.tools v 3.5 is the last version to contain it.")
/home/ishaang6/miniforge3/envs/surf_uv/lib/python3.12/site-packages/stsci/tools/gfit.py:18: UserWarning: GFIT is deprecated - stsci.tools v 3.4.12 is the last version to contain it.Use astropy.modeling instead.
  warnings.warn("GFIT is deprecated - stsci.tools v 3.4.12 is the last version to contain it."

$ /home/ishaang6/miniforge3/envs/surf_uv/bin/python /mnt/c/Users/eluru/CALTECH_SURF_2026/WORK/scripts/build_products.py SN2025BCO --outroot output5 --z 0.036 --early-skip-dir  --expl-mjd 60715.248
built products for SN2025BCO: 1 epochs



===== 2022MOX  z=0.0236798112422114  STIS=True COS=False =====
$ /home/ishaang6/miniforge3/envs/surf_uv/bin/python /mnt/c/Users/eluru/CALTECH_SURF_2026/WORK/scripts/download_all.py 2022MOX
INFO: Found cached file /mnt/c/Users/eluru/CALTECH_SURF_2026/WORK/data/2022MOX/mastDownload/HST/oeax07030/oeax07030_crj.fits with expected size 10537920. [astroquery.query]
INFO: Found cached file /mnt/c/Users/eluru/CALTECH_SURF_2026/WORK/data/2022MOX/mastDownload/HST/oeax07030/oeax07030_wav.fits with expected size 2260800. [astroquery.query]
INFO: Found cached file /mnt/c/Users/eluru/CALTECH_SURF_2026/WORK/data/2022MOX/mastDownload/HST/oeax07030/oeax07030_raw.fits with expected size 4501440. [astroquery.query]
INFO: Found cached file /mnt/c/Users/eluru/CALTECH_SURF_2026/WORK/data/2022MOX/mastDownload/HST/oeax07030/oeax07030_flt.fits with expected size 21052800. [astroquery.query]
INFO: Found cached file /mnt/c/Users/eluru/CALTECH_SURF_2026/WORK/data/2022MOX/mastDownload/HST/oeax07010/oeax07010_wav.fits with expected size 4262400. [astroquery.query]
INFO: Found cached file /mnt/c/Users/eluru/CALTECH_SURF_2026/WORK/data/2022MOX/mastDownload/HST/oeax07010/oeax07010_raw.fits with expected size 8429760. [astroquery.query]
INFO: Found cached file /mnt/c/Users/eluru/CALTECH_SURF_2026/WORK/data/2022MOX/mastDownload/HST/oeax07010/oeax07010_flt.fits with expected size 10535040. [astroquery.query]
INFO: Found cached file /mnt/c/Users/eluru/CALTECH_SURF_2026/WORK/data/2022MOX/mastDownload/HST/oeax07020/oeax07020_wav.fits with expected size 4262400. [astroquery.query]
INFO: Found cached file /mnt/c/Users/eluru/CALTECH_SURF_2026/WORK/data/2022MOX/mastDownload/HST/oeax07020/oeax07020_raw.fits with expected size 8429760. [astroquery.query]
INFO: Found cached file /mnt/c/Users/eluru/CALTECH_SURF_2026/WORK/data/2022MOX/mastDownload/HST/oeax07040/oeax07040_crj.fits with expected size 10537920. [astroquery.query]
INFO: Found cached file /mnt/c/Users/eluru/CALTECH_SURF_2026/WORK/data/2022MOX/mastDownload/HST/oeax07040/oeax07040_wav.fits with expected size 2260800. [astroquery.query]
INFO: Found cached file /mnt/c/Users/eluru/CALTECH_SURF_2026/WORK/data/2022MOX/mastDownload/HST/oeax07040/oeax07040_raw.fits with expected size 4501440. [astroquery.query]
INFO: Found cached file /mnt/c/Users/eluru/CALTECH_SURF_2026/WORK/data/2022MOX/mastDownload/HST/oeax07040/oeax07040_flt.fits with expected size 21052800. [astroquery.query]
2022MOX: downloaded 13 products (4 obs)
DOWNLOADDONE


$ /home/ishaang6/miniforge3/envs/surf_uv/bin/python /mnt/c/Users/eluru/CALTECH_SURF_2026/WORK/scripts/reduce_stis_batch.py /mnt/c/Users/eluru/CALTECH_SURF_2026/WORK/data/2022MOX 2022MOX --outroot output5 --z 0.0236798112422114 --expl-mjd 59742.303
git tag: 4ac2384-dirty
git branch: main
HEAD @: 4ac2384d4b81f58ea6aed6f2977aadc15beb6b0f

*** CALSTIS-6 -- Version 3.5.0 (02-Feb-2026) ***
Begin    15-Aug-2026 16:32:50 PDT

Warning    Grating-aperture throughput correction table (GACTAB) was not found,

         and no gac corrections will be applied
Input    /mnt/c/Users/eluru/CALTECH_SURF_2026/WORK/data/2022MOX/mastDownload/HST/oeax07010/oeax07010_flt.fits
Output   output5/2022MOX/STIS/MAMA/2022-07-08_day26/G230L/oeax07010_x1d.fits
Rootname oeax07010
OBSMODE  ACCUM
APERTURE 52X0.2
OPT_ELEM G230L
DETECTOR NUV-MAMA

XTRACTAB oref$a5e1953co_1dx.fits
XTRACTAB PEDIGREE=INFLIGHT 29/05/1997 29/05/1997
XTRACTAB DESCRIP =Analysis from prop. 7064 and ground data
XTRACTAB DESCRIP =Analysis from prop. 7064
SPTRCTAB oref$a5e19539o_1dt.fits
SPTRCTAB PEDIGREE=INFLIGHT 27/02/1997 06/01/2010
SPTRCTAB DESCRIP =New traces for select echelle secondary modes

Imset 1  Begin 16:32:50 PDT
         Input read into memory.
Order 1  Begin 16:32:53 PDT
X1DCORR  PERFORM
BACKCORR PERFORM
******** Calling Slfit ***********
BACKCORR COMPLETE
X1DCORR  COMPLETE
         Spectrum extracted at y position = 560.763

DISPCORR PERFORM
DISPTAB  oref$m7p16111o_dsp.fits
DISPTAB  PEDIGREE=INFLIGHT 23/01/1999 23/01/1999
DISPTAB  DESCRIP =Dispersion coefficients reference table
DISPTAB  DESCRIP =INFLIGHT Cal. Disp. Coeffs
APDESTAB oref$16j16005o_apd.fits
APDESTAB PEDIGREE=INFLIGHT 01/03/1997 13/06/2017
APDESTAB DESCRIP =Aligned long-slit bar positions for single-bar cases.--------------
APDESTAB DESCRIP =Microscope Meas./Hartig Post-launch Offsets
INANGTAB oref$l3m1437ro_iac.fits
INANGTAB DESCRIP =Prelaunch Calibration/Lindler and Models
DISPCORR COMPLETE

HELCORR  PERFORM
HELCORR  COMPLETE

PHOTTAB  oref$a5e1953do_pht.fits
PHOTTAB  PEDIGREE=INFLIGHT 27/02/1997 16/03/2021
PHOTTAB  DESCRIP =May 2026 recalibration
APERTAB  oref$y2r1559to_apt.fits
APERTAB  PEDIGREE=MODEL
APERTAB  DESCRIP =Added/updated values for 31X0.05NDA,31X0.05NDB,31X0.05NDC apertures
APERTAB  DESCRIP =Bohlin/Hartig TIM Models Nov. 1998
PCTAB    oref$y2r16006o_pct.fits
PCTAB    PEDIGREE=INFLIGHT 18/05/1997 19/12/1998
PCTAB    DESCRIP =Added/updated values for 31X0.05NDA,31X0.05NDB,31X0.05NDC apertures
TDSTAB   oref$97a1546po_tds.fits
TDSTAB   PEDIGREE=INFLIGHT 01/04/1997 13/05/2025
TDSTAB   DESCRIP =Updated time sensitivities for MIRNUV and L, M, and H modes.
FLUXCORR PERFORM
FLUXCORR COMPLETE
SGEOCORR OMIT

         Row 1 written to disk.
Order 1  End 16:32:53 PDT

         trace was rotated by = -0.00897044 degree.
Imset 1  End 16:32:53 PDT

Warning    Keyword `XTRACALG' is being added to header.
End      15-Aug-2026 16:32:53 PDT

*** CALSTIS-6 complete ***
1 STIS science exposures for 2022MOX (2 dropped: texptime<5.0s)
X1D oeax07010 G230L es 11 flags none
BATCHDONE

/home/ishaang6/miniforge3/envs/surf_uv/lib/python3.12/site-packages/stsci/tools/nmpfit.py:8: UserWarning: NMPFIT is deprecated - stsci.tools v 3.5 is the last version to contain it.
  warnings.warn("NMPFIT is deprecated - stsci.tools v 3.5 is the last version to contain it.")
/home/ishaang6/miniforge3/envs/surf_uv/lib/python3.12/site-packages/stsci/tools/gfit.py:18: UserWarning: GFIT is deprecated - stsci.tools v 3.4.12 is the last version to contain it.Use astropy.modeling instead.
  warnings.warn("GFIT is deprecated - stsci.tools v 3.4.12 is the last version to contain it."

$ /home/ishaang6/miniforge3/envs/surf_uv/bin/python /mnt/c/Users/eluru/CALTECH_SURF_2026/WORK/scripts/build_products.py 2022MOX --outroot output5 --z 0.0236798112422114 --early-skip-dir  --expl-mjd 59742.303
built products for 2022MOX: 1 epochs



===== 2025WHV  z=0.11  STIS=True COS=False =====
$ /home/ishaang6/miniforge3/envs/surf_uv/bin/python /mnt/c/Users/eluru/CALTECH_SURF_2026/WORK/scripts/download_all.py 2025WHV
INFO: Found cached file /mnt/c/Users/eluru/CALTECH_SURF_2026/WORK/data/2025WHV/mastDownload/HST/ofgd04040/ofgd04040_crj.fits with expected size 10537920. [astroquery.query]
INFO: Found cached file /mnt/c/Users/eluru/CALTECH_SURF_2026/WORK/data/2025WHV/mastDownload/HST/ofgd04040/ofgd04040_wav.fits with expected size 2260800. [astroquery.query]
INFO: Found cached file /mnt/c/Users/eluru/CALTECH_SURF_2026/WORK/data/2025WHV/mastDownload/HST/ofgd04040/ofgd04040_raw.fits with expected size 4501440. [astroquery.query]
INFO: Found cached file /mnt/c/Users/eluru/CALTECH_SURF_2026/WORK/data/2025WHV/mastDownload/HST/ofgd04040/ofgd04040_flt.fits with expected size 21052800. [astroquery.query]
INFO: Found cached file /mnt/c/Users/eluru/CALTECH_SURF_2026/WORK/data/2025WHV/mastDownload/HST/ofgd04030/ofgd04030_crj.fits with expected size 10537920. [astroquery.query]
INFO: Found cached file /mnt/c/Users/eluru/CALTECH_SURF_2026/WORK/data/2025WHV/mastDownload/HST/ofgd04030/ofgd04030_wav.fits with expected size 2260800. [astroquery.query]
INFO: Found cached file /mnt/c/Users/eluru/CALTECH_SURF_2026/WORK/data/2025WHV/mastDownload/HST/ofgd04030/ofgd04030_raw.fits with expected size 4501440. [astroquery.query]
INFO: Found cached file /mnt/c/Users/eluru/CALTECH_SURF_2026/WORK/data/2025WHV/mastDownload/HST/ofgd04030/ofgd04030_flt.fits with expected size 21052800. [astroquery.query]
INFO: Found cached file /mnt/c/Users/eluru/CALTECH_SURF_2026/WORK/data/2025WHV/mastDownload/HST/ofgd04010/ofgd04010_crj.fits with expected size 10537920. [astroquery.query]
INFO: Found cached file /mnt/c/Users/eluru/CALTECH_SURF_2026/WORK/data/2025WHV/mastDownload/HST/ofgd04010/ofgd04010_wav.fits with expected size 2260800. [astroquery.query]
INFO: Found cached file /mnt/c/Users/eluru/CALTECH_SURF_2026/WORK/data/2025WHV/mastDownload/HST/ofgd04010/ofgd04010_raw.fits with expected size 6742080. [astroquery.query]
INFO: Found cached file /mnt/c/Users/eluru/CALTECH_SURF_2026/WORK/data/2025WHV/mastDownload/HST/ofgd04010/ofgd04010_flt.fits with expected size 31567680. [astroquery.query]
INFO: Found cached file /mnt/c/Users/eluru/CALTECH_SURF_2026/WORK/data/2025WHV/mastDownload/HST/ofgd04020/ofgd04020_crj.fits with expected size 10537920. [astroquery.query]
INFO: Found cached file /mnt/c/Users/eluru/CALTECH_SURF_2026/WORK/data/2025WHV/mastDownload/HST/ofgd04020/ofgd04020_wav.fits with expected size 2260800. [astroquery.query]
INFO: Found cached file /mnt/c/Users/eluru/CALTECH_SURF_2026/WORK/data/2025WHV/mastDownload/HST/ofgd04020/ofgd04020_raw.fits with expected size 6742080. [astroquery.query]
INFO: Found cached file /mnt/c/Users/eluru/CALTECH_SURF_2026/WORK/data/2025WHV/mastDownload/HST/ofgd04020/ofgd04020_flt.fits with expected size 31567680. [astroquery.query]
2025WHV: downloaded 16 products (4 obs)
DOWNLOADDONE


$ /home/ishaang6/miniforge3/envs/surf_uv/bin/python /mnt/c/Users/eluru/CALTECH_SURF_2026/WORK/scripts/reduce_stis_batch.py /mnt/c/Users/eluru/CALTECH_SURF_2026/WORK/data/2025WHV 2025WHV --outroot output5 --z 0.11 --expl-mjd 60915.993
s
TDSTAB   PEDIGREE=INFLIGHT 01/04/1997 06/03/2024
TDSTAB   DESCRIP =Updated time sensitivities for MIRVIS, G230LB, and G230MB
FLUXCORR PERFORM
CTECORR  PERFORM
CCDTAB   oref$16j1600do_ccd.fits
CCDTAB   PEDIGREE=INFLIGHT 01/05/2009 01/05/2009
CCDTAB   DESCRIP =Updated amp=D gain=4 atodgain and corresponding readnoise values---
CCDTAB   DESCRIP =Proposal 8057, by I. Dashevsky & P. Goudfrooij
         GACTAB correction applied for G430L 52X0.2E1 4300
CTECORR  COMPLETE
FLUXCORR COMPLETE
SGEOCORR OMIT

         Row 1 written to disk.
Order 1  End 16:33:04 PDT

         trace was rotated by = 0.0896118 degree.
Imset 1  End 16:33:04 PDT

Warning    Keyword `XTRACALG' is being added to header.
End      15-Aug-2026 16:33:05 PDT

*** CALSTIS-6 complete ***
git tag: 4ac2384-dirty
git branch: main
HEAD @: 4ac2384d4b81f58ea6aed6f2977aadc15beb6b0f

*** CALSTIS-6 -- Version 3.5.0 (02-Feb-2026) ***
Begin    15-Aug-2026 16:33:06 PDT

INFO     'E1' has been appended to aperture
Input    /mnt/c/Users/eluru/CALTECH_SURF_2026/WORK/data/2025WHV/mastDownload/HST/ofgd04040/ofgd04040_crj.fits
Output   output5/2025WHV/STIS/CCD/2025-09-11_day13/G750L/ofgd04040_x1d.fits
Rootname ofgd04040
OBSMODE  ACCUM
APERTURE 52X0.2E1
OPT_ELEM G750L
DETECTOR CCD

XTRACTAB oref$n7p1031qo_1dx.fits
XTRACTAB PEDIGREE=INFLIGHT 18/05/97
XTRACTAB DESCRIP =Analysis from prop. 7094
XTRACTAB DESCRIP =Analysis from prop. 7094
SPTRCTAB oref$qa31608go_1dt.fits
SPTRCTAB PEDIGREE=INFLIGHT 02/09/1997 13/02/1998
SPTRCTAB DESCRIP =New traces to account for angle change with time

Imset 1  Begin 16:33:06 PDT
         Input read into memory.
Order 1  Begin 16:33:08 PDT
X1DCORR  PERFORM
BACKCORR PERFORM
******** Calling Slfit ***********
BACKCORR COMPLETE
X1DCORR  COMPLETE
         Spectrum extracted at y position = 894.982

DISPCORR PERFORM
DISPTAB  oref$l2j0137to_dsp.fits
DISPTAB  PEDIGREE=INFLIGHT 27/02/1997 24/11/1999
DISPTAB  DESCRIP =Lindler, May 2000
DISPTAB  DESCRIP =Lindler Postlaunch, May 2000
APDESTAB oref$16j16005o_apd.fits
APDESTAB PEDIGREE=INFLIGHT 01/03/1997 13/06/2017
APDESTAB DESCRIP =Aligned long-slit bar positions for single-bar cases.--------------
APDESTAB DESCRIP =Offset relative to row 900
INANGTAB oref$h5s11397o_iac.fits
INANGTAB DESCRIP =Model/C. Bowers May 6, 1997
DISPCORR COMPLETE

HELCORR  PERFORM
HELCORR  COMPLETE

PHOTTAB  oref$95118575o_pht.fits
PHOTTAB  PEDIGREE=INFLIGHT 27/02/1997 16/03/2021
PHOTTAB  DESCRIP =Fullerton 2025 calibration
APERTAB  oref$y2r1559to_apt.fits
APERTAB  PEDIGREE=MODEL
APERTAB  DESCRIP =Added/updated values for 31X0.05NDA,31X0.05NDB,31X0.05NDC apertures
APERTAB  DESCRIP =Bohlin/Hartig TIM Models Nov. 1998
GACTAB   oref$p9r19203o_gac.fits
GACTAB   PEDIGREE=INFLIGHT 22/04/2002 03/08/2004
GACTAB   DESCRIP =X1D flux corr for grating/aper combos
GACTAB   DESCRIP =Grating-Aperture Throughput Correction
PCTAB    oref$q541740po_pct.fits
PCTAB    PEDIGREE=INFLIGHT 18/05/1997 19/12/1998
PCTAB    DESCRIP =Sensitivity for diff. extractions heights
TDSTAB   oref$8712049eo_tds.fits
TDSTAB   PEDIGREE=INFLIGHT 01/04/1997 06/03/2024
TDSTAB   DESCRIP =Updated time sensitivities for MIRVIS, G230LB, and G230MB
FLUXCORR PERFORM
CTECORR  PERFORM
CCDTAB   oref$16j1600do_ccd.fits
CCDTAB   PEDIGREE=INFLIGHT 01/05/2009 01/05/2009
CCDTAB   DESCRIP =Updated amp=D gain=4 atodgain and corresponding readnoise values---
CCDTAB   DESCRIP =Proposal 8057, by I. Dashevsky & P. Goudfrooij
         GACTAB correction applied for G750L 52X0.2E1 7751
CTECORR  COMPLETE
FLUXCORR COMPLETE
SGEOCORR OMIT

         Row 1 written to disk.
Order 1  End 16:33:09 PDT

         trace was rotated by = 0.103996 degree.
Imset 1  End 16:33:09 PDT

Warning    Keyword `XTRACALG' is being added to header.
End      15-Aug-2026 16:33:09 PDT

*** CALSTIS-6 complete ***
3 STIS science exposures for 2025WHV (1 dropped: texptime<5.0s)
X1D ofgd04010 G230LB es 7 flags ['center_mismatch(90vs893)']
X1D ofgd04030 G430L es 9 flags none
X1D ofgd04040 G750L es 15 flags ['no_defringe(no_flat)']
BATCHDONE

/home/ishaang6/miniforge3/envs/surf_uv/lib/python3.12/site-packages/stsci/tools/nmpfit.py:8: UserWarning: NMPFIT is deprecated - stsci.tools v 3.5 is the last version to contain it.
  warnings.warn("NMPFIT is deprecated - stsci.tools v 3.5 is the last version to contain it.")
/home/ishaang6/miniforge3/envs/surf_uv/lib/python3.12/site-packages/stsci/tools/gfit.py:18: UserWarning: GFIT is deprecated - stsci.tools v 3.4.12 is the last version to contain it.Use astropy.modeling instead.
  warnings.warn("GFIT is deprecated - stsci.tools v 3.4.12 is the last version to contain it."

$ /home/ishaang6/miniforge3/envs/surf_uv/bin/python /mnt/c/Users/eluru/CALTECH_SURF_2026/WORK/scripts/build_products.py 2025WHV --outroot output5 --z 0.11 --early-skip-dir  --expl-mjd 60915.993
built products for 2025WHV: 1 epochs



===== AT2021J  z=0.002445  STIS=True COS=False =====
$ /home/ishaang6/miniforge3/envs/surf_uv/bin/python /mnt/c/Users/eluru/CALTECH_SURF_2026/WORK/scripts/download_all.py AT2021J
INFO: Found cached file /mnt/c/Users/eluru/CALTECH_SURF_2026/WORK/data/AT2021J/mastDownload/HST/o63n08010/o63n08010_crj.fits with expected size 5296320. [astroquery.query]
INFO: Found cached file /mnt/c/Users/eluru/CALTECH_SURF_2026/WORK/data/AT2021J/mastDownload/HST/o63n08010/o63n08010_wav.fits with expected size 4501440. [astroquery.query]
INFO: Found cached file /mnt/c/Users/eluru/CALTECH_SURF_2026/WORK/data/AT2021J/mastDownload/HST/o63n08010/o63n08010_raw.fits with expected size 2272320. [astroquery.query]
INFO: Found cached file /mnt/c/Users/eluru/CALTECH_SURF_2026/WORK/data/AT2021J/mastDownload/HST/o63n08010/o63n08010_flt.fits with expected size 10569600. [astroquery.query]
INFO: Found cached file /mnt/c/Users/eluru/CALTECH_SURF_2026/WORK/data/AT2021J/mastDownload/HST/o63n08020/o63n08020_crj.fits with expected size 5296320. [astroquery.query]
INFO: Found cached file /mnt/c/Users/eluru/CALTECH_SURF_2026/WORK/data/AT2021J/mastDownload/HST/o63n08020/o63n08020_wav.fits with expected size 4501440. [astroquery.query]
INFO: Found cached file /mnt/c/Users/eluru/CALTECH_SURF_2026/WORK/data/AT2021J/mastDownload/HST/o63n08020/o63n08020_raw.fits with expected size 2272320. [astroquery.query]
INFO: Found cached file /mnt/c/Users/eluru/CALTECH_SURF_2026/WORK/data/AT2021J/mastDownload/HST/o63n08020/o63n08020_flt.fits with expected size 10569600. [astroquery.query]
INFO: Found cached file /mnt/c/Users/eluru/CALTECH_SURF_2026/WORK/data/AT2021J/mastDownload/HST/oeax03010/oeax03010_wav.fits with expected size 2139840. [astroquery.query]
INFO: Found cached file /mnt/c/Users/eluru/CALTECH_SURF_2026/WORK/data/AT2021J/mastDownload/HST/oeax03010/oeax03010_raw.fits with expected size 8429760. [astroquery.query]
INFO: Found cached file /mnt/c/Users/eluru/CALTECH_SURF_2026/WORK/data/AT2021J/mastDownload/HST/oeax03010/oeax03010_flt.fits with expected size 10535040. [astroquery.query]
INFO: Found cached file /mnt/c/Users/eluru/CALTECH_SURF_2026/WORK/data/AT2021J/mastDownload/HST/oeax03030/oeax03030_crj.fits with expected size 10537920. [astroquery.query]
INFO: Found cached file /mnt/c/Users/eluru/CALTECH_SURF_2026/WORK/data/AT2021J/mastDownload/HST/oeax03030/oeax03030_wav.fits with expected size 2260800. [astroquery.query]
INFO: Found cached file /mnt/c/Users/eluru/CALTECH_SURF_2026/WORK/data/AT2021J/mastDownload/HST/oeax03030/oeax03030_raw.fits with expected size 4501440. [astroquery.query]
INFO: Found cached file /mnt/c/Users/eluru/CALTECH_SURF_2026/WORK/data/AT2021J/mastDownload/HST/oeax03030/oeax03030_flt.fits with expected size 21052800. [astroquery.query]
INFO: Found cached file /mnt/c/Users/eluru/CALTECH_SURF_2026/WORK/data/AT2021J/mastDownload/HST/oeax03020/oeax03020_crj.fits with expected size 10537920. [astroquery.query]
INFO: Found cached file /mnt/c/Users/eluru/CALTECH_SURF_2026/WORK/data/AT2021J/mastDownload/HST/oeax03020/oeax03020_wav.fits with expected size 2260800. [astroquery.query]
INFO: Found cached file /mnt/c/Users/eluru/CALTECH_SURF_2026/WORK/data/AT2021J/mastDownload/HST/oeax03020/oeax03020_raw.fits with expected size 4501440. [astroquery.query]
INFO: Found cached file /mnt/c/Users/eluru/CALTECH_SURF_2026/WORK/data/AT2021J/mastDownload/HST/oeax03020/oeax03020_flt.fits with expected size 21052800. [astroquery.query]
AT2021J: downloaded 19 products (5 obs)
DOWNLOADDONE


$ /home/ishaang6/miniforge3/envs/surf_uv/bin/python /mnt/c/Users/eluru/CALTECH_SURF_2026/WORK/scripts/reduce_stis_batch.py /mnt/c/Users/eluru/CALTECH_SURF_2026/WORK/data/AT2021J AT2021J --outroot output5 --z 0.002445 --expl-mjd 59215.489
 amp=D gain=4 atodgain and corresponding readnoise values---
CCDTAB   DESCRIP =Proposal 8057, by I. Dashevsky & P. Goudfrooij
Warning    No exact extraction box height match in PCTAB.
Warning    Using entry for height 15
         GACTAB correction applied for G430L 52X0.2E1 4300
CTECORR  COMPLETE
FLUXCORR COMPLETE
SGEOCORR OMIT

         Row 1 written to disk.
Order 1  End 16:33:03 PDT

         trace was rotated by = 0.0705894 degree.
Imset 1  End 16:33:03 PDT

Warning    Keyword `XTRACALG' is being added to header.
End      15-Aug-2026 16:33:03 PDT

*** CALSTIS-6 complete ***
git tag: 4ac2384-dirty
git branch: main
HEAD @: 4ac2384d4b81f58ea6aed6f2977aadc15beb6b0f

*** CALSTIS-6 -- Version 3.5.0 (02-Feb-2026) ***
Begin    15-Aug-2026 16:33:04 PDT

INFO     'E1' has been appended to aperture
Input    /mnt/c/Users/eluru/CALTECH_SURF_2026/WORK/data/AT2021J/mastDownload/HST/oeax03030/oeax03030_crj.fits
Output   output5/AT2021J/STIS/CCD/2021-01-20_day19/G750L/oeax03030_x1d.fits
Rootname oeax03030
OBSMODE  ACCUM
APERTURE 52X0.2E1
OPT_ELEM G750L
DETECTOR CCD

XTRACTAB oref$n7p1031qo_1dx.fits
XTRACTAB PEDIGREE=INFLIGHT 18/05/97
XTRACTAB DESCRIP =Analysis from prop. 7094
XTRACTAB DESCRIP =Analysis from prop. 7094
SPTRCTAB oref$qa31608go_1dt.fits
SPTRCTAB PEDIGREE=INFLIGHT 02/09/1997 13/02/1998
SPTRCTAB DESCRIP =New traces to account for angle change with time

Imset 1  Begin 16:33:05 PDT
         Input read into memory.
Order 1  Begin 16:33:07 PDT
X1DCORR  PERFORM
BACKCORR PERFORM
******** Calling Slfit ***********
BACKCORR COMPLETE
X1DCORR  COMPLETE
         Spectrum extracted at y position = 895.105

DISPCORR PERFORM
DISPTAB  oref$l2j0137to_dsp.fits
DISPTAB  PEDIGREE=INFLIGHT 27/02/1997 24/11/1999
DISPTAB  DESCRIP =Lindler, May 2000
DISPTAB  DESCRIP =Lindler Postlaunch, May 2000
APDESTAB oref$16j16005o_apd.fits
APDESTAB PEDIGREE=INFLIGHT 01/03/1997 13/06/2017
APDESTAB DESCRIP =Aligned long-slit bar positions for single-bar cases.--------------
APDESTAB DESCRIP =Offset relative to row 900
INANGTAB oref$h5s11397o_iac.fits
INANGTAB DESCRIP =Model/C. Bowers May 6, 1997
DISPCORR COMPLETE

HELCORR  PERFORM
HELCORR  COMPLETE

PHOTTAB  oref$95118575o_pht.fits
PHOTTAB  PEDIGREE=INFLIGHT 27/02/1997 16/03/2021
PHOTTAB  DESCRIP =Fullerton 2025 calibration
APERTAB  oref$y2r1559to_apt.fits
APERTAB  PEDIGREE=MODEL
APERTAB  DESCRIP =Added/updated values for 31X0.05NDA,31X0.05NDB,31X0.05NDC apertures
APERTAB  DESCRIP =Bohlin/Hartig TIM Models Nov. 1998
GACTAB   oref$p9r19203o_gac.fits
GACTAB   PEDIGREE=INFLIGHT 22/04/2002 03/08/2004
GACTAB   DESCRIP =X1D flux corr for grating/aper combos
GACTAB   DESCRIP =Grating-Aperture Throughput Correction
PCTAB    oref$q541740po_pct.fits
PCTAB    PEDIGREE=INFLIGHT 18/05/1997 19/12/1998
PCTAB    DESCRIP =Sensitivity for diff. extractions heights
TDSTAB   oref$8712049eo_tds.fits
TDSTAB   PEDIGREE=INFLIGHT 01/04/1997 06/03/2024
TDSTAB   DESCRIP =Updated time sensitivities for MIRVIS, G230LB, and G230MB
FLUXCORR PERFORM
CTECORR  PERFORM
CCDTAB   oref$16j1600do_ccd.fits
CCDTAB   PEDIGREE=INFLIGHT 01/05/2009 01/05/2009
CCDTAB   DESCRIP =Updated amp=D gain=4 atodgain and corresponding readnoise values---
CCDTAB   DESCRIP =Proposal 8057, by I. Dashevsky & P. Goudfrooij
Warning    No exact extraction box height match in PCTAB.
Warning    Using entry for height 21
         GACTAB correction applied for G750L 52X0.2E1 7751
CTECORR  COMPLETE
FLUXCORR COMPLETE
SGEOCORR OMIT

         Row 1 written to disk.
Order 1  End 16:33:07 PDT

         trace was rotated by = 0.0868296 degree.
Imset 1  End 16:33:07 PDT

Warning    Keyword `XTRACALG' is being added to header.
End      15-Aug-2026 16:33:08 PDT

*** CALSTIS-6 complete ***
5 STIS science exposures for AT2021J (0 dropped: texptime<5.0s)
X1D o63n08010 G430L es 17 flags ['extended_host']
X1D o63n08020 G750M es 15 flags ['extended_host']
X1D oeax03010 G230L es 11 flags none
X1D oeax03020 G430L es 17 flags none
X1D oeax03030 G750L es 25 flags ['no_defringe(no_flat)']
BATCHDONE

/home/ishaang6/miniforge3/envs/surf_uv/lib/python3.12/site-packages/stsci/tools/nmpfit.py:8: UserWarning: NMPFIT is deprecated - stsci.tools v 3.5 is the last version to contain it.
  warnings.warn("NMPFIT is deprecated - stsci.tools v 3.5 is the last version to contain it.")
/home/ishaang6/miniforge3/envs/surf_uv/lib/python3.12/site-packages/stsci/tools/gfit.py:18: UserWarning: GFIT is deprecated - stsci.tools v 3.4.12 is the last version to contain it.Use astropy.modeling instead.
  warnings.warn("GFIT is deprecated - stsci.tools v 3.4.12 is the last version to contain it."

$ /home/ishaang6/miniforge3/envs/surf_uv/bin/python /mnt/c/Users/eluru/CALTECH_SURF_2026/WORK/scripts/build_products.py AT2021J --outroot output5 --z 0.002445 --early-skip-dir  --expl-mjd 59215.489
built products for AT2021J: 2 epochs



===== AT2024WPP  z=0.08678  STIS=True COS=True =====
$ /home/ishaang6/miniforge3/envs/surf_uv/bin/python /mnt/c/Users/eluru/CALTECH_SURF_2026/WORK/scripts/download_all.py AT2024WPP
INFO: Found cached file /mnt/c/Users/eluru/CALTECH_SURF_2026/WORK/data/AT2024WPP/mastDownload/HST/of7t03010/of7t03010_wav.fits with expected size 4262400. [astroquery.query]
INFO: Found cached file /mnt/c/Users/eluru/CALTECH_SURF_2026/WORK/data/AT2024WPP/mastDownload/HST/of7t03010/of7t03010_raw.fits with expected size 16819200. [astroquery.query]
INFO: Found cached file /mnt/c/Users/eluru/CALTECH_SURF_2026/WORK/data/AT2024WPP/mastDownload/HST/of7t03010/of7t03010_flt.fits with expected size 10535040. [astroquery.query]
INFO: Found cached file /mnt/c/Users/eluru/CALTECH_SURF_2026/WORK/data/AT2024WPP/mastDownload/HST/of7t03020/of7t03020_wav.fits with expected size 4262400. [astroquery.query]
INFO: Found cached file /mnt/c/Users/eluru/CALTECH_SURF_2026/WORK/data/AT2024WPP/mastDownload/HST/of7t03020/of7t03020_raw.fits with expected size 16819200. [astroquery.query]
INFO: Found cached file /mnt/c/Users/eluru/CALTECH_SURF_2026/WORK/data/AT2024WPP/mastDownload/HST/of7t03020/of7t03020_flt.fits with expected size 10535040. [astroquery.query]
AT2024WPP: downloaded 6 products (2 obs)
DOWNLOADDONE


$ /home/ishaang6/miniforge3/envs/surf_uv/bin/python /mnt/c/Users/eluru/CALTECH_SURF_2026/WORK/scripts/reduce_stis_batch.py /mnt/c/Users/eluru/CALTECH_SURF_2026/WORK/data/AT2024WPP AT2024WPP --outroot output5 --z 0.08678 --expl-mjd 60579.371
ESTAB DESCRIP =Microscope Meas./Hartig Post-launch Offsets
INANGTAB oref$l3m1437ro_iac.fits
INANGTAB DESCRIP =Prelaunch Calibration/Lindler and Models
DISPCORR COMPLETE

HELCORR  PERFORM
HELCORR  COMPLETE

PHOTTAB  oref$a5e1953do_pht.fits
PHOTTAB  PEDIGREE=INFLIGHT 27/02/1997 16/03/2021
PHOTTAB  DESCRIP =May 2026 recalibration
APERTAB  oref$y2r1559to_apt.fits
APERTAB  PEDIGREE=MODEL
APERTAB  DESCRIP =Added/updated values for 31X0.05NDA,31X0.05NDB,31X0.05NDC apertures
APERTAB  DESCRIP =Bohlin/Hartig TIM Models Nov. 1998
PCTAB    oref$y2r16006o_pct.fits
PCTAB    PEDIGREE=INFLIGHT 18/05/1997 19/12/1998
PCTAB    DESCRIP =Added/updated values for 31X0.05NDA,31X0.05NDB,31X0.05NDC apertures
TDSTAB   oref$97a1546po_tds.fits
TDSTAB   PEDIGREE=INFLIGHT 01/04/1997 13/05/2025
TDSTAB   DESCRIP =Updated time sensitivities for MIRNUV and L, M, and H modes.
FLUXCORR PERFORM
FLUXCORR COMPLETE
SGEOCORR OMIT

         Row 1 written to disk.
Order 1  End 16:33:25 PDT

         trace was rotated by = -0.0105653 degree.
Imset 1  End 16:33:25 PDT

Warning    Keyword `XTRACALG' is being added to header.
End      15-Aug-2026 16:33:25 PDT

*** CALSTIS-6 complete ***
git tag: 4ac2384-dirty
git branch: main
HEAD @: 4ac2384d4b81f58ea6aed6f2977aadc15beb6b0f

*** CALSTIS-6 -- Version 3.5.0 (02-Feb-2026) ***
Begin    15-Aug-2026 16:33:26 PDT

Warning    Grating-aperture throughput correction table (GACTAB) was not found,

         and no gac corrections will be applied
Input    /mnt/c/Users/eluru/CALTECH_SURF_2026/WORK/data/AT2024WPP/mastDownload/HST/of7t03020/of7t03020_flt.fits
Output   output5/AT2024WPP/STIS/MAMA/2024-10-17_day21/G230L/of7t03020_x1d.fits
Rootname of7t03020
OBSMODE  TIME-TAG
APERTURE 52X0.2
OPT_ELEM G230L
DETECTOR NUV-MAMA

XTRACTAB oref$a5e1953co_1dx.fits
XTRACTAB PEDIGREE=INFLIGHT 29/05/1997 29/05/1997
XTRACTAB DESCRIP =Analysis from prop. 7064 and ground data
XTRACTAB DESCRIP =Analysis from prop. 7064
SPTRCTAB oref$a5e19539o_1dt.fits
SPTRCTAB PEDIGREE=INFLIGHT 27/02/1997 06/01/2010
SPTRCTAB DESCRIP =New traces for select echelle secondary modes

Imset 1  Begin 16:33:27 PDT
         Input read into memory.
Order 1  Begin 16:33:29 PDT
X1DCORR  PERFORM
BACKCORR PERFORM
******** Calling Slfit ***********
BACKCORR COMPLETE
X1DCORR  COMPLETE
         Spectrum extracted at y position = 497.335

DISPCORR PERFORM
DISPTAB  oref$m7p16111o_dsp.fits
DISPTAB  PEDIGREE=INFLIGHT 23/01/1999 23/01/1999
DISPTAB  DESCRIP =Dispersion coefficients reference table
DISPTAB  DESCRIP =INFLIGHT Cal. Disp. Coeffs
APDESTAB oref$16j16005o_apd.fits
APDESTAB PEDIGREE=INFLIGHT 01/03/1997 13/06/2017
APDESTAB DESCRIP =Aligned long-slit bar positions for single-bar cases.--------------
APDESTAB DESCRIP =Microscope Meas./Hartig Post-launch Offsets
INANGTAB oref$l3m1437ro_iac.fits
INANGTAB DESCRIP =Prelaunch Calibration/Lindler and Models
DISPCORR COMPLETE

HELCORR  PERFORM
HELCORR  COMPLETE

PHOTTAB  oref$a5e1953do_pht.fits
PHOTTAB  PEDIGREE=INFLIGHT 27/02/1997 16/03/2021
PHOTTAB  DESCRIP =May 2026 recalibration
APERTAB  oref$y2r1559to_apt.fits
APERTAB  PEDIGREE=MODEL
APERTAB  DESCRIP =Added/updated values for 31X0.05NDA,31X0.05NDB,31X0.05NDC apertures
APERTAB  DESCRIP =Bohlin/Hartig TIM Models Nov. 1998
PCTAB    oref$y2r16006o_pct.fits
PCTAB    PEDIGREE=INFLIGHT 18/05/1997 19/12/1998
PCTAB    DESCRIP =Added/updated values for 31X0.05NDA,31X0.05NDB,31X0.05NDC apertures
TDSTAB   oref$97a1546po_tds.fits
TDSTAB   PEDIGREE=INFLIGHT 01/04/1997 13/05/2025
TDSTAB   DESCRIP =Updated time sensitivities for MIRNUV and L, M, and H modes.
FLUXCORR PERFORM
FLUXCORR COMPLETE
SGEOCORR OMIT

         Row 1 written to disk.
Order 1  End 16:33:29 PDT

         trace was rotated by = -0.0105654 degree.
Imset 1  End 16:33:29 PDT

Warning    Keyword `XTRACALG' is being added to header.
End      15-Aug-2026 16:33:29 PDT

*** CALSTIS-6 complete ***
2 STIS science exposures for AT2024WPP (0 dropped: texptime<5.0s)
X1D of7t03010 G230L es 11 flags none
X1D of7t03020 G230L es 11 flags none
BATCHDONE

/home/ishaang6/miniforge3/envs/surf_uv/lib/python3.12/site-packages/stsci/tools/nmpfit.py:8: UserWarning: NMPFIT is deprecated - stsci.tools v 3.5 is the last version to contain it.
  warnings.warn("NMPFIT is deprecated - stsci.tools v 3.5 is the last version to contain it.")
/home/ishaang6/miniforge3/envs/surf_uv/lib/python3.12/site-packages/stsci/tools/gfit.py:18: UserWarning: GFIT is deprecated - stsci.tools v 3.4.12 is the last version to contain it.Use astropy.modeling instead.
  warnings.warn("GFIT is deprecated - stsci.tools v 3.4.12 is the last version to contain it."

$ /home/ishaang6/miniforge3/envs/surf_uv/bin/python /mnt/c/Users/eluru/CALTECH_SURF_2026/WORK/scripts/cos_products.py AT2024WPP --outroot output5 --z 0.08678 --expl-mjd 60579.371
COS AT2024WPP 2024-10-16_day20 FUV G140L (2 exp)
COSDONE


$ /home/ishaang6/miniforge3/envs/surf_uv/bin/python /mnt/c/Users/eluru/CALTECH_SURF_2026/WORK/scripts/build_products.py AT2024WPP --outroot output5 --z 0.08678 --early-skip-dir  --expl-mjd 60579.371
built products for AT2024WPP: 2 epochs



===== SN2024ISS  z=0.003334  STIS=True COS=False =====
$ /home/ishaang6/miniforge3/envs/surf_uv/bin/python /mnt/c/Users/eluru/CALTECH_SURF_2026/WORK/scripts/download_all.py SN2024ISS
INFO: Found cached file /mnt/c/Users/eluru/CALTECH_SURF_2026/WORK/data/SN2024ISS/mastDownload/HST/of8b02030/of8b02030_crj.fits with expected size 10537920. [astroquery.query]
INFO: Found cached file /mnt/c/Users/eluru/CALTECH_SURF_2026/WORK/data/SN2024ISS/mastDownload/HST/of8b02030/of8b02030_wav.fits with expected size 2260800. [astroquery.query]
INFO: Found cached file /mnt/c/Users/eluru/CALTECH_SURF_2026/WORK/data/SN2024ISS/mastDownload/HST/of8b02030/of8b02030_raw.fits with expected size 4501440. [astroquery.query]
INFO: Found cached file /mnt/c/Users/eluru/CALTECH_SURF_2026/WORK/data/SN2024ISS/mastDownload/HST/of8b02030/of8b02030_flt.fits with expected size 21052800. [astroquery.query]
INFO: Found cached file /mnt/c/Users/eluru/CALTECH_SURF_2026/WORK/data/SN2024ISS/mastDownload/HST/of8b02040/of8b02040_crj.fits with expected size 10537920. [astroquery.query]
INFO: Found cached file /mnt/c/Users/eluru/CALTECH_SURF_2026/WORK/data/SN2024ISS/mastDownload/HST/of8b02040/of8b02040_wav.fits with expected size 2260800. [astroquery.query]
INFO: Found cached file /mnt/c/Users/eluru/CALTECH_SURF_2026/WORK/data/SN2024ISS/mastDownload/HST/of8b02040/of8b02040_raw.fits with expected size 4501440. [astroquery.query]
INFO: Found cached file /mnt/c/Users/eluru/CALTECH_SURF_2026/WORK/data/SN2024ISS/mastDownload/HST/of8b02040/of8b02040_flt.fits with expected size 21052800. [astroquery.query]
INFO: Found cached file /mnt/c/Users/eluru/CALTECH_SURF_2026/WORK/data/SN2024ISS/mastDownload/HST/of8b02020/of8b02020_crj.fits with expected size 10537920. [astroquery.query]
INFO: Found cached file /mnt/c/Users/eluru/CALTECH_SURF_2026/WORK/data/SN2024ISS/mastDownload/HST/of8b02020/of8b02020_wav.fits with expected size 2260800. [astroquery.query]
INFO: Found cached file /mnt/c/Users/eluru/CALTECH_SURF_2026/WORK/data/SN2024ISS/mastDownload/HST/of8b02020/of8b02020_raw.fits with expected size 6742080. [astroquery.query]
INFO: Found cached file /mnt/c/Users/eluru/CALTECH_SURF_2026/WORK/data/SN2024ISS/mastDownload/HST/of8b02020/of8b02020_flt.fits with expected size 31567680. [astroquery.query]
INFO: Found cached file /mnt/c/Users/eluru/CALTECH_SURF_2026/WORK/data/SN2024ISS/mastDownload/HST/of8b02010/of8b02010_crj.fits with expected size 10537920. [astroquery.query]
INFO: Found cached file /mnt/c/Users/eluru/CALTECH_SURF_2026/WORK/data/SN2024ISS/mastDownload/HST/of8b02010/of8b02010_wav.fits with expected size 2260800. [astroquery.query]
INFO: Found cached file /mnt/c/Users/eluru/CALTECH_SURF_2026/WORK/data/SN2024ISS/mastDownload/HST/of8b02010/of8b02010_raw.fits with expected size 6742080. [astroquery.query]
INFO: Found cached file /mnt/c/Users/eluru/CALTECH_SURF_2026/WORK/data/SN2024ISS/mastDownload/HST/of8b02010/of8b02010_flt.fits with expected size 31567680. [astroquery.query]
SN2024ISS: downloaded 16 products (4 obs)
DOWNLOADDONE


$ /home/ishaang6/miniforge3/envs/surf_uv/bin/python /mnt/c/Users/eluru/CALTECH_SURF_2026/WORK/scripts/reduce_stis_batch.py /mnt/c/Users/eluru/CALTECH_SURF_2026/WORK/data/SN2024ISS SN2024ISS --outroot output5 --z 0.003334 --expl-mjd 60442.901
INFLIGHT 01/05/2009 01/05/2009
CCDTAB   DESCRIP =Updated amp=D gain=4 atodgain and corresponding readnoise values---
CCDTAB   DESCRIP =Proposal 8057, by I. Dashevsky & P. Goudfrooij
Warning    No exact extraction box height match in PCTAB.
Warning    Using entry for height 15
         GACTAB correction applied for G430L 52X0.2E1 4300
CTECORR  COMPLETE
FLUXCORR COMPLETE
SGEOCORR OMIT

         Row 1 written to disk.
Order 1  End 16:33:52 PDT

         trace was rotated by = 0.0842212 degree.
Imset 1  End 16:33:52 PDT

Warning    Keyword `XTRACALG' is being added to header.
End      15-Aug-2026 16:33:52 PDT

*** CALSTIS-6 complete ***
git tag: 4ac2384-dirty
git branch: main
HEAD @: 4ac2384d4b81f58ea6aed6f2977aadc15beb6b0f

*** CALSTIS-6 -- Version 3.5.0 (02-Feb-2026) ***
Begin    15-Aug-2026 16:33:53 PDT

INFO     'E1' has been appended to aperture
Input    /mnt/c/Users/eluru/CALTECH_SURF_2026/WORK/data/SN2024ISS/mastDownload/HST/of8b02040/of8b02040_crj.fits
Output   output5/SN2024ISS/STIS/CCD/2024-05-19_day6/G750L/of8b02040_x1d.fits
Rootname of8b02040
OBSMODE  ACCUM
APERTURE 52X0.2E1
OPT_ELEM G750L
DETECTOR CCD

XTRACTAB oref$n7p1031qo_1dx.fits
XTRACTAB PEDIGREE=INFLIGHT 18/05/97
XTRACTAB DESCRIP =Analysis from prop. 7094
XTRACTAB DESCRIP =Analysis from prop. 7094
SPTRCTAB oref$qa31608go_1dt.fits
SPTRCTAB PEDIGREE=INFLIGHT 02/09/1997 13/02/1998
SPTRCTAB DESCRIP =New traces to account for angle change with time

Imset 1  Begin 16:33:53 PDT
         Input read into memory.
Order 1  Begin 16:33:55 PDT
X1DCORR  PERFORM
BACKCORR PERFORM
******** Calling Slfit ***********
BACKCORR COMPLETE
X1DCORR  COMPLETE
         Spectrum extracted at y position = 895.217

DISPCORR PERFORM
DISPTAB  oref$l2j0137to_dsp.fits
DISPTAB  PEDIGREE=INFLIGHT 27/02/1997 24/11/1999
DISPTAB  DESCRIP =Lindler, May 2000
DISPTAB  DESCRIP =Lindler Postlaunch, May 2000
APDESTAB oref$16j16005o_apd.fits
APDESTAB PEDIGREE=INFLIGHT 01/03/1997 13/06/2017
APDESTAB DESCRIP =Aligned long-slit bar positions for single-bar cases.--------------
APDESTAB DESCRIP =Offset relative to row 900
INANGTAB oref$h5s11397o_iac.fits
INANGTAB DESCRIP =Model/C. Bowers May 6, 1997
DISPCORR COMPLETE

HELCORR  PERFORM
HELCORR  COMPLETE

PHOTTAB  oref$95118575o_pht.fits
PHOTTAB  PEDIGREE=INFLIGHT 27/02/1997 16/03/2021
PHOTTAB  DESCRIP =Fullerton 2025 calibration
APERTAB  oref$y2r1559to_apt.fits
APERTAB  PEDIGREE=MODEL
APERTAB  DESCRIP =Added/updated values for 31X0.05NDA,31X0.05NDB,31X0.05NDC apertures
APERTAB  DESCRIP =Bohlin/Hartig TIM Models Nov. 1998
GACTAB   oref$p9r19203o_gac.fits
GACTAB   PEDIGREE=INFLIGHT 22/04/2002 03/08/2004
GACTAB   DESCRIP =X1D flux corr for grating/aper combos
GACTAB   DESCRIP =Grating-Aperture Throughput Correction
PCTAB    oref$q541740po_pct.fits
PCTAB    PEDIGREE=INFLIGHT 18/05/1997 19/12/1998
PCTAB    DESCRIP =Sensitivity for diff. extractions heights
TDSTAB   oref$8712049eo_tds.fits
TDSTAB   PEDIGREE=INFLIGHT 01/04/1997 06/03/2024
TDSTAB   DESCRIP =Updated time sensitivities for MIRVIS, G230LB, and G230MB
FLUXCORR PERFORM
CTECORR  PERFORM
CCDTAB   oref$16j1600do_ccd.fits
CCDTAB   PEDIGREE=INFLIGHT 01/05/2009 01/05/2009
CCDTAB   DESCRIP =Updated amp=D gain=4 atodgain and corresponding readnoise values---
CCDTAB   DESCRIP =Proposal 8057, by I. Dashevsky & P. Goudfrooij
Warning    No exact extraction box height match in PCTAB.
Warning    Using entry for height 21
         GACTAB correction applied for G750L 52X0.2E1 7751
CTECORR  COMPLETE
FLUXCORR COMPLETE
SGEOCORR OMIT

         Row 1 written to disk.
Order 1  End 16:33:55 PDT

         trace was rotated by = 0.0991315 degree.
Imset 1  End 16:33:55 PDT

Warning    Keyword `XTRACALG' is being added to header.
End      15-Aug-2026 16:33:55 PDT

*** CALSTIS-6 complete ***
4 STIS science exposures for SN2024ISS (0 dropped: texptime<5.0s)
X1D of8b02010 G230LB es 13 flags none
X1D of8b02020 G230LB es 13 flags none
X1D of8b02030 G430L es 17 flags none
X1D of8b02040 G750L es 25 flags ['no_defringe(no_flat)']
BATCHDONE

/home/ishaang6/miniforge3/envs/surf_uv/lib/python3.12/site-packages/stsci/tools/nmpfit.py:8: UserWarning: NMPFIT is deprecated - stsci.tools v 3.5 is the last version to contain it.
  warnings.warn("NMPFIT is deprecated - stsci.tools v 3.5 is the last version to contain it.")
/home/ishaang6/miniforge3/envs/surf_uv/lib/python3.12/site-packages/stsci/tools/gfit.py:18: UserWarning: GFIT is deprecated - stsci.tools v 3.4.12 is the last version to contain it.Use astropy.modeling instead.
  warnings.warn("GFIT is deprecated - stsci.tools v 3.4.12 is the last version to contain it."

$ /home/ishaang6/miniforge3/envs/surf_uv/bin/python /mnt/c/Users/eluru/CALTECH_SURF_2026/WORK/scripts/build_products.py SN2024ISS --outroot output5 --z 0.003334 --early-skip-dir  --expl-mjd 60442.901
built products for SN2024ISS: 1 epochs



===== ZTF21AAKILYD  z=0.084  STIS=True COS=True =====
$ /home/ishaang6/miniforge3/envs/surf_uv/bin/python /mnt/c/Users/eluru/CALTECH_SURF_2026/WORK/scripts/download_all.py ZTF21AAKILYD
INFO: Found cached file /mnt/c/Users/eluru/CALTECH_SURF_2026/WORK/data/ZTF21AAKILYD/mastDownload/HST/oedo02010/oedo02010_wav.fits with expected size 2139840. [astroquery.query]
INFO: Found cached file /mnt/c/Users/eluru/CALTECH_SURF_2026/WORK/data/ZTF21AAKILYD/mastDownload/HST/oedo02010/oedo02010_raw.fits with expected size 16819200. [astroquery.query]
INFO: Found cached file /mnt/c/Users/eluru/CALTECH_SURF_2026/WORK/data/ZTF21AAKILYD/mastDownload/HST/oedo02010/oedo02010_flt.fits with expected size 10535040. [astroquery.query]
INFO: Found cached file /mnt/c/Users/eluru/CALTECH_SURF_2026/WORK/data/ZTF21AAKILYD/mastDownload/HST/oedo04010/oedo04010_wav.fits with expected size 2139840. [astroquery.query]
INFO: Found cached file /mnt/c/Users/eluru/CALTECH_SURF_2026/WORK/data/ZTF21AAKILYD/mastDownload/HST/oedo04010/oedo04010_raw.fits with expected size 16819200. [astroquery.query]
INFO: Found cached file /mnt/c/Users/eluru/CALTECH_SURF_2026/WORK/data/ZTF21AAKILYD/mastDownload/HST/oedo04010/oedo04010_flt.fits with expected size 10535040. [astroquery.query]
ZTF21AAKILYD: downloaded 6 products (2 obs)
DOWNLOADDONE


$ /home/ishaang6/miniforge3/envs/surf_uv/bin/python /mnt/c/Users/eluru/CALTECH_SURF_2026/WORK/scripts/reduce_stis_batch.py /mnt/c/Users/eluru/CALTECH_SURF_2026/WORK/data/ZTF21AAKILYD ZTF21AAKILYD --outroot output5 --z 0.084 --expl-mjd 59256.508
IP =Microscope Meas./Hartig Post-launch Offsets
INANGTAB oref$l3m1437ro_iac.fits
INANGTAB DESCRIP =Prelaunch Calibration/Lindler and Models
DISPCORR COMPLETE

HELCORR  PERFORM
HELCORR  COMPLETE

PHOTTAB  oref$a5e1953do_pht.fits
PHOTTAB  PEDIGREE=INFLIGHT 27/02/1997 16/03/2021
PHOTTAB  DESCRIP =May 2026 recalibration
APERTAB  oref$y2r1559to_apt.fits
APERTAB  PEDIGREE=MODEL
APERTAB  DESCRIP =Added/updated values for 31X0.05NDA,31X0.05NDB,31X0.05NDC apertures
APERTAB  DESCRIP =Bohlin/Hartig TIM Models Nov. 1998
PCTAB    oref$y2r16006o_pct.fits
PCTAB    PEDIGREE=INFLIGHT 18/05/1997 19/12/1998
PCTAB    DESCRIP =Added/updated values for 31X0.05NDA,31X0.05NDB,31X0.05NDC apertures
TDSTAB   oref$97a1546po_tds.fits
TDSTAB   PEDIGREE=INFLIGHT 01/04/1997 13/05/2025
TDSTAB   DESCRIP =Updated time sensitivities for MIRNUV and L, M, and H modes.
FLUXCORR PERFORM
FLUXCORR COMPLETE
SGEOCORR OMIT

         Row 1 written to disk.
Order 1  End 16:33:52 PDT

         trace was rotated by = -0.00800234 degree.
Imset 1  End 16:33:52 PDT

Warning    Keyword `XTRACALG' is being added to header.
End      15-Aug-2026 16:33:52 PDT

*** CALSTIS-6 complete ***
git tag: 4ac2384-dirty
git branch: main
HEAD @: 4ac2384d4b81f58ea6aed6f2977aadc15beb6b0f

*** CALSTIS-6 -- Version 3.5.0 (02-Feb-2026) ***
Begin    15-Aug-2026 16:33:53 PDT

Warning    Grating-aperture throughput correction table (GACTAB) was not found,

         and no gac corrections will be applied
Input    /mnt/c/Users/eluru/CALTECH_SURF_2026/WORK/data/ZTF21AAKILYD/mastDownload/HST/oedo04010/oedo04010_flt.fits
Output   output5/ZTF21AAKILYD/STIS/MAMA/2021-02-22_day11/G230L/oedo04010_x1d.fits
Rootname oedo04010
OBSMODE  TIME-TAG
APERTURE 52X0.2
OPT_ELEM G230L
DETECTOR NUV-MAMA

XTRACTAB oref$a5e1953co_1dx.fits
XTRACTAB PEDIGREE=INFLIGHT 29/05/1997 29/05/1997
XTRACTAB DESCRIP =Analysis from prop. 7064 and ground data
XTRACTAB DESCRIP =Analysis from prop. 7064
SPTRCTAB oref$a5e19539o_1dt.fits
SPTRCTAB PEDIGREE=INFLIGHT 27/02/1997 06/01/2010
SPTRCTAB DESCRIP =New traces for select echelle secondary modes

Imset 1  Begin 16:33:53 PDT
         Input read into memory.
Order 1  Begin 16:33:54 PDT
X1DCORR  PERFORM
BACKCORR PERFORM
******** Calling Slfit ***********
BACKCORR COMPLETE
X1DCORR  COMPLETE
         Spectrum extracted at y position = 516.594

DISPCORR PERFORM
DISPTAB  oref$m7p16111o_dsp.fits
DISPTAB  PEDIGREE=INFLIGHT 23/01/1999 23/01/1999
DISPTAB  DESCRIP =Dispersion coefficients reference table
DISPTAB  DESCRIP =INFLIGHT Cal. Disp. Coeffs
APDESTAB oref$16j16005o_apd.fits
APDESTAB PEDIGREE=INFLIGHT 01/03/1997 13/06/2017
APDESTAB DESCRIP =Aligned long-slit bar positions for single-bar cases.--------------
APDESTAB DESCRIP =Microscope Meas./Hartig Post-launch Offsets
INANGTAB oref$l3m1437ro_iac.fits
INANGTAB DESCRIP =Prelaunch Calibration/Lindler and Models
DISPCORR COMPLETE

HELCORR  PERFORM
HELCORR  COMPLETE

PHOTTAB  oref$a5e1953do_pht.fits
PHOTTAB  PEDIGREE=INFLIGHT 27/02/1997 16/03/2021
PHOTTAB  DESCRIP =May 2026 recalibration
APERTAB  oref$y2r1559to_apt.fits
APERTAB  PEDIGREE=MODEL
APERTAB  DESCRIP =Added/updated values for 31X0.05NDA,31X0.05NDB,31X0.05NDC apertures
APERTAB  DESCRIP =Bohlin/Hartig TIM Models Nov. 1998
PCTAB    oref$y2r16006o_pct.fits
PCTAB    PEDIGREE=INFLIGHT 18/05/1997 19/12/1998
PCTAB    DESCRIP =Added/updated values for 31X0.05NDA,31X0.05NDB,31X0.05NDC apertures
TDSTAB   oref$97a1546po_tds.fits
TDSTAB   PEDIGREE=INFLIGHT 01/04/1997 13/05/2025
TDSTAB   DESCRIP =Updated time sensitivities for MIRNUV and L, M, and H modes.
FLUXCORR PERFORM
FLUXCORR COMPLETE
SGEOCORR OMIT

         Row 1 written to disk.
Order 1  End 16:33:55 PDT

         trace was rotated by = -0.00800919 degree.
Imset 1  End 16:33:55 PDT

Warning    Keyword `XTRACALG' is being added to header.
End      15-Aug-2026 16:33:55 PDT

*** CALSTIS-6 complete ***
2 STIS science exposures for ZTF21AAKILYD (0 dropped: texptime<5.0s)
X1D oedo02010 G230L es 11 flags none
X1D oedo04010 G230L es 11 flags none
BATCHDONE

/home/ishaang6/miniforge3/envs/surf_uv/lib/python3.12/site-packages/stsci/tools/nmpfit.py:8: UserWarning: NMPFIT is deprecated - stsci.tools v 3.5 is the last version to contain it.
  warnings.warn("NMPFIT is deprecated - stsci.tools v 3.5 is the last version to contain it.")
/home/ishaang6/miniforge3/envs/surf_uv/lib/python3.12/site-packages/stsci/tools/gfit.py:18: UserWarning: GFIT is deprecated - stsci.tools v 3.4.12 is the last version to contain it.Use astropy.modeling instead.
  warnings.warn("GFIT is deprecated - stsci.tools v 3.4.12 is the last version to contain it."

$ /home/ishaang6/miniforge3/envs/surf_uv/bin/python /mnt/c/Users/eluru/CALTECH_SURF_2026/WORK/scripts/cos_products.py ZTF21AAKILYD --outroot output5 --z 0.084 --expl-mjd 59256.508
COS ZTF21AAKILYD 2021-02-18_day7 FUV G140L (1 exp)
COS ZTF21AAKILYD 2021-02-24_day13 FUV G140L (1 exp)
COSDONE


$ /home/ishaang6/miniforge3/envs/surf_uv/bin/python /mnt/c/Users/eluru/CALTECH_SURF_2026/WORK/scripts/build_products.py ZTF21AAKILYD --outroot output5 --z 0.084 --early-skip-dir  --expl-mjd 59256.508
built products for ZTF21AAKILYD: 3 epochs



===== 2025NGI  z=0.01116  STIS=True COS=False =====
$ /home/ishaang6/miniforge3/envs/surf_uv/bin/python /mnt/c/Users/eluru/CALTECH_SURF_2026/WORK/scripts/download_all.py 2025NGI
INFO: Found cached file /mnt/c/Users/eluru/CALTECH_SURF_2026/WORK/data/2025NGI/mastDownload/HST/ofgd02010/ofgd02010_crj.fits with expected size 10537920. [astroquery.query]
INFO: Found cached file /mnt/c/Users/eluru/CALTECH_SURF_2026/WORK/data/2025NGI/mastDownload/HST/ofgd02010/ofgd02010_wav.fits with expected size 2260800. [astroquery.query]
INFO: Found cached file /mnt/c/Users/eluru/CALTECH_SURF_2026/WORK/data/2025NGI/mastDownload/HST/ofgd02010/ofgd02010_raw.fits with expected size 6742080. [astroquery.query]
INFO: Found cached file /mnt/c/Users/eluru/CALTECH_SURF_2026/WORK/data/2025NGI/mastDownload/HST/ofgd02010/ofgd02010_flt.fits with expected size 31567680. [astroquery.query]
INFO: Found cached file /mnt/c/Users/eluru/CALTECH_SURF_2026/WORK/data/2025NGI/mastDownload/HST/ofgd02030/ofgd02030_crj.fits with expected size 10537920. [astroquery.query]
INFO: Found cached file /mnt/c/Users/eluru/CALTECH_SURF_2026/WORK/data/2025NGI/mastDownload/HST/ofgd02030/ofgd02030_wav.fits with expected size 2260800. [astroquery.query]
INFO: Found cached file /mnt/c/Users/eluru/CALTECH_SURF_2026/WORK/data/2025NGI/mastDownload/HST/ofgd02030/ofgd02030_raw.fits with expected size 4501440. [astroquery.query]
INFO: Found cached file /mnt/c/Users/eluru/CALTECH_SURF_2026/WORK/data/2025NGI/mastDownload/HST/ofgd02030/ofgd02030_flt.fits with expected size 21052800. [astroquery.query]
INFO: Found cached file /mnt/c/Users/eluru/CALTECH_SURF_2026/WORK/data/2025NGI/mastDownload/HST/ofgd02040/ofgd02040_crj.fits with expected size 10537920. [astroquery.query]
INFO: Found cached file /mnt/c/Users/eluru/CALTECH_SURF_2026/WORK/data/2025NGI/mastDownload/HST/ofgd02040/ofgd02040_wav.fits with expected size 2260800. [astroquery.query]
INFO: Found cached file /mnt/c/Users/eluru/CALTECH_SURF_2026/WORK/data/2025NGI/mastDownload/HST/ofgd02040/ofgd02040_raw.fits with expected size 4501440. [astroquery.query]
INFO: Found cached file /mnt/c/Users/eluru/CALTECH_SURF_2026/WORK/data/2025NGI/mastDownload/HST/ofgd02040/ofgd02040_flt.fits with expected size 21052800. [astroquery.query]
INFO: Found cached file /mnt/c/Users/eluru/CALTECH_SURF_2026/WORK/data/2025NGI/mastDownload/HST/ofgd02020/ofgd02020_crj.fits with expected size 10537920. [astroquery.query]
INFO: Found cached file /mnt/c/Users/eluru/CALTECH_SURF_2026/WORK/data/2025NGI/mastDownload/HST/ofgd02020/ofgd02020_wav.fits with expected size 2260800. [astroquery.query]
INFO: Found cached file /mnt/c/Users/eluru/CALTECH_SURF_2026/WORK/data/2025NGI/mastDownload/HST/ofgd02020/ofgd02020_raw.fits with expected size 6742080. [astroquery.query]
INFO: Found cached file /mnt/c/Users/eluru/CALTECH_SURF_2026/WORK/data/2025NGI/mastDownload/HST/ofgd02020/ofgd02020_flt.fits with expected size 31567680. [astroquery.query]
2025NGI: downloaded 16 products (4 obs)
DOWNLOADDONE


$ /home/ishaang6/miniforge3/envs/surf_uv/bin/python /mnt/c/Users/eluru/CALTECH_SURF_2026/WORK/scripts/reduce_stis_batch.py /mnt/c/Users/eluru/CALTECH_SURF_2026/WORK/data/2025NGI 2025NGI --outroot output5 --z 0.01116 --expl-mjd 60838.021
/1997 06/03/2024
TDSTAB   DESCRIP =Updated time sensitivities for MIRVIS, G230LB, and G230MB
FLUXCORR PERFORM
CTECORR  PERFORM
CCDTAB   oref$16j1600do_ccd.fits
CCDTAB   PEDIGREE=INFLIGHT 01/05/2009 01/05/2009
CCDTAB   DESCRIP =Updated amp=D gain=4 atodgain and corresponding readnoise values---
CCDTAB   DESCRIP =Proposal 8057, by I. Dashevsky & P. Goudfrooij
Warning    No exact extraction box height match in PCTAB.
Warning    Using entry for height 11
         GACTAB correction applied for G430L 52X0.2E1 4300
CTECORR  COMPLETE
FLUXCORR COMPLETE
SGEOCORR OMIT

         Row 1 written to disk.
Order 1  End 16:34:04 PDT

         trace was rotated by = 0.0886693 degree.
Imset 1  End 16:34:04 PDT

Warning    Keyword `XTRACALG' is being added to header.
End      15-Aug-2026 16:34:04 PDT

*** CALSTIS-6 complete ***
git tag: 4ac2384-dirty
git branch: main
HEAD @: 4ac2384d4b81f58ea6aed6f2977aadc15beb6b0f

*** CALSTIS-6 -- Version 3.5.0 (02-Feb-2026) ***
Begin    15-Aug-2026 16:34:05 PDT

INFO     'E1' has been appended to aperture
Input    /mnt/c/Users/eluru/CALTECH_SURF_2026/WORK/data/2025NGI/mastDownload/HST/ofgd02040/ofgd02040_crj.fits
Output   output5/2025NGI/STIS/CCD/2025-06-19_day8/G750L/ofgd02040_x1d.fits
Rootname ofgd02040
OBSMODE  ACCUM
APERTURE 52X0.2E1
OPT_ELEM G750L
DETECTOR CCD

XTRACTAB oref$n7p1031qo_1dx.fits
XTRACTAB PEDIGREE=INFLIGHT 18/05/97
XTRACTAB DESCRIP =Analysis from prop. 7094
XTRACTAB DESCRIP =Analysis from prop. 7094
SPTRCTAB oref$qa31608go_1dt.fits
SPTRCTAB PEDIGREE=INFLIGHT 02/09/1997 13/02/1998
SPTRCTAB DESCRIP =New traces to account for angle change with time

Imset 1  Begin 16:34:05 PDT
         Input read into memory.
Order 1  Begin 16:34:07 PDT
X1DCORR  PERFORM
BACKCORR PERFORM
******** Calling Slfit ***********
BACKCORR COMPLETE
X1DCORR  COMPLETE
         Spectrum extracted at y position = 894.938

DISPCORR PERFORM
DISPTAB  oref$l2j0137to_dsp.fits
DISPTAB  PEDIGREE=INFLIGHT 27/02/1997 24/11/1999
DISPTAB  DESCRIP =Lindler, May 2000
DISPTAB  DESCRIP =Lindler Postlaunch, May 2000
APDESTAB oref$16j16005o_apd.fits
APDESTAB PEDIGREE=INFLIGHT 01/03/1997 13/06/2017
APDESTAB DESCRIP =Aligned long-slit bar positions for single-bar cases.--------------
APDESTAB DESCRIP =Offset relative to row 900
INANGTAB oref$h5s11397o_iac.fits
INANGTAB DESCRIP =Model/C. Bowers May 6, 1997
DISPCORR COMPLETE

HELCORR  PERFORM
HELCORR  COMPLETE

PHOTTAB  oref$95118575o_pht.fits
PHOTTAB  PEDIGREE=INFLIGHT 27/02/1997 16/03/2021
PHOTTAB  DESCRIP =Fullerton 2025 calibration
APERTAB  oref$y2r1559to_apt.fits
APERTAB  PEDIGREE=MODEL
APERTAB  DESCRIP =Added/updated values for 31X0.05NDA,31X0.05NDB,31X0.05NDC apertures
APERTAB  DESCRIP =Bohlin/Hartig TIM Models Nov. 1998
GACTAB   oref$p9r19203o_gac.fits
GACTAB   PEDIGREE=INFLIGHT 22/04/2002 03/08/2004
GACTAB   DESCRIP =X1D flux corr for grating/aper combos
GACTAB   DESCRIP =Grating-Aperture Throughput Correction
PCTAB    oref$q541740po_pct.fits
PCTAB    PEDIGREE=INFLIGHT 18/05/1997 19/12/1998
PCTAB    DESCRIP =Sensitivity for diff. extractions heights
TDSTAB   oref$8712049eo_tds.fits
TDSTAB   PEDIGREE=INFLIGHT 01/04/1997 06/03/2024
TDSTAB   DESCRIP =Updated time sensitivities for MIRVIS, G230LB, and G230MB
FLUXCORR PERFORM
CTECORR  PERFORM
CCDTAB   oref$16j1600do_ccd.fits
CCDTAB   PEDIGREE=INFLIGHT 01/05/2009 01/05/2009
CCDTAB   DESCRIP =Updated amp=D gain=4 atodgain and corresponding readnoise values---
CCDTAB   DESCRIP =Proposal 8057, by I. Dashevsky & P. Goudfrooij
         GACTAB correction applied for G750L 52X0.2E1 7751
CTECORR  COMPLETE
FLUXCORR COMPLETE
SGEOCORR OMIT

         Row 1 written to disk.
Order 1  End 16:34:07 PDT

         trace was rotated by = 0.103146 degree.
Imset 1  End 16:34:07 PDT

Warning    Keyword `XTRACALG' is being added to header.
End      15-Aug-2026 16:34:07 PDT

*** CALSTIS-6 complete ***
2 STIS science exposures for 2025NGI (2 dropped: texptime<5.0s)
X1D ofgd02030 G430L es 13 flags none
X1D ofgd02040 G750L es 15 flags ['no_defringe(no_flat)']
BATCHDONE

/home/ishaang6/miniforge3/envs/surf_uv/lib/python3.12/site-packages/stsci/tools/nmpfit.py:8: UserWarning: NMPFIT is deprecated - stsci.tools v 3.5 is the last version to contain it.
  warnings.warn("NMPFIT is deprecated - stsci.tools v 3.5 is the last version to contain it.")
/home/ishaang6/miniforge3/envs/surf_uv/lib/python3.12/site-packages/stsci/tools/gfit.py:18: UserWarning: GFIT is deprecated - stsci.tools v 3.4.12 is the last version to contain it.Use astropy.modeling instead.
  warnings.warn("GFIT is deprecated - stsci.tools v 3.4.12 is the last version to contain it."

$ /home/ishaang6/miniforge3/envs/surf_uv/bin/python /mnt/c/Users/eluru/CALTECH_SURF_2026/WORK/scripts/build_products.py 2025NGI --outroot output5 --z 0.01116 --early-skip-dir  --expl-mjd 60838.021
built products for 2025NGI: 1 epochs



===== AT2021DOV  z=0.012  STIS=True COS=False =====
$ /home/ishaang6/miniforge3/envs/surf_uv/bin/python /mnt/c/Users/eluru/CALTECH_SURF_2026/WORK/scripts/download_all.py AT2021DOV
INFO: Found cached file /mnt/c/Users/eluru/CALTECH_SURF_2026/WORK/data/AT2021DOV/mastDownload/HST/oeax05030/oeax05030_crj.fits with expected size 10537920. [astroquery.query]
INFO: Found cached file /mnt/c/Users/eluru/CALTECH_SURF_2026/WORK/data/AT2021DOV/mastDownload/HST/oeax05030/oeax05030_wav.fits with expected size 2260800. [astroquery.query]
INFO: Found cached file /mnt/c/Users/eluru/CALTECH_SURF_2026/WORK/data/AT2021DOV/mastDownload/HST/oeax05030/oeax05030_raw.fits with expected size 4501440. [astroquery.query]
INFO: Found cached file /mnt/c/Users/eluru/CALTECH_SURF_2026/WORK/data/AT2021DOV/mastDownload/HST/oeax05030/oeax05030_flt.fits with expected size 21052800. [astroquery.query]
INFO: Found cached file /mnt/c/Users/eluru/CALTECH_SURF_2026/WORK/data/AT2021DOV/mastDownload/HST/oeax05010/oeax05010_wav.fits with expected size 4262400. [astroquery.query]
INFO: Found cached file /mnt/c/Users/eluru/CALTECH_SURF_2026/WORK/data/AT2021DOV/mastDownload/HST/oeax05010/oeax05010_raw.fits with expected size 8429760. [astroquery.query]
INFO: Found cached file /mnt/c/Users/eluru/CALTECH_SURF_2026/WORK/data/AT2021DOV/mastDownload/HST/oeax05010/oeax05010_flt.fits with expected size 10535040. [astroquery.query]
INFO: Found cached file /mnt/c/Users/eluru/CALTECH_SURF_2026/WORK/data/AT2021DOV/mastDownload/HST/oeax05040/oeax05040_crj.fits with expected size 10537920. [astroquery.query]
INFO: Found cached file /mnt/c/Users/eluru/CALTECH_SURF_2026/WORK/data/AT2021DOV/mastDownload/HST/oeax05040/oeax05040_wav.fits with expected size 2260800. [astroquery.query]
INFO: Found cached file /mnt/c/Users/eluru/CALTECH_SURF_2026/WORK/data/AT2021DOV/mastDownload/HST/oeax05040/oeax05040_raw.fits with expected size 4501440. [astroquery.query]
INFO: Found cached file /mnt/c/Users/eluru/CALTECH_SURF_2026/WORK/data/AT2021DOV/mastDownload/HST/oeax05040/oeax05040_flt.fits with expected size 21052800. [astroquery.query]
INFO: Found cached file /mnt/c/Users/eluru/CALTECH_SURF_2026/WORK/data/AT2021DOV/mastDownload/HST/oeax05020/oeax05020_wav.fits with expected size 4262400. [astroquery.query]
INFO: Found cached file /mnt/c/Users/eluru/CALTECH_SURF_2026/WORK/data/AT2021DOV/mastDownload/HST/oeax05020/oeax05020_raw.fits with expected size 8429760. [astroquery.query]
INFO: Found cached file /mnt/c/Users/eluru/CALTECH_SURF_2026/WORK/data/AT2021DOV/mastDownload/HST/oeax05020/oeax05020_flt.fits with expected size 10535040. [astroquery.query]
AT2021DOV: downloaded 14 products (4 obs)
DOWNLOADDONE


$ /home/ishaang6/miniforge3/envs/surf_uv/bin/python /mnt/c/Users/eluru/CALTECH_SURF_2026/WORK/scripts/reduce_stis_batch.py /mnt/c/Users/eluru/CALTECH_SURF_2026/WORK/data/AT2021DOV AT2021DOV --outroot output5 --z 0.012 --expl-mjd 59267.275
and G230MB
FLUXCORR PERFORM
CTECORR  PERFORM
CCDTAB   oref$16j1600do_ccd.fits
CCDTAB   PEDIGREE=INFLIGHT 01/05/2009 01/05/2009
CCDTAB   DESCRIP =Updated amp=D gain=4 atodgain and corresponding readnoise values---
CCDTAB   DESCRIP =Proposal 8057, by I. Dashevsky & P. Goudfrooij
         GACTAB correction applied for G430L 52X0.2E1 4300
CTECORR  COMPLETE
FLUXCORR COMPLETE
SGEOCORR OMIT

         Row 1 written to disk.
Order 1  End 16:34:34 PDT

         trace was rotated by = 0.0711726 degree.
Imset 1  End 16:34:34 PDT

Warning    Keyword `XTRACALG' is being added to header.
End      15-Aug-2026 16:34:35 PDT

*** CALSTIS-6 complete ***
git tag: 4ac2384-dirty
git branch: main
HEAD @: 4ac2384d4b81f58ea6aed6f2977aadc15beb6b0f

*** CALSTIS-6 -- Version 3.5.0 (02-Feb-2026) ***
Begin    15-Aug-2026 16:34:35 PDT

INFO     'E1' has been appended to aperture
Input    /mnt/c/Users/eluru/CALTECH_SURF_2026/WORK/data/AT2021DOV/mastDownload/HST/oeax05040/oeax05040_crj.fits
Output   output5/AT2021DOV/STIS/CCD/2021-03-13_day20/G750L/oeax05040_x1d.fits
Rootname oeax05040
OBSMODE  ACCUM
APERTURE 52X0.2E1
OPT_ELEM G750L
DETECTOR CCD

XTRACTAB oref$n7p1031qo_1dx.fits
XTRACTAB PEDIGREE=INFLIGHT 18/05/97
XTRACTAB DESCRIP =Analysis from prop. 7094
XTRACTAB DESCRIP =Analysis from prop. 7094
SPTRCTAB oref$qa31608go_1dt.fits
SPTRCTAB PEDIGREE=INFLIGHT 02/09/1997 13/02/1998
SPTRCTAB DESCRIP =New traces to account for angle change with time

Imset 1  Begin 16:34:35 PDT
         Input read into memory.
Order 1  Begin 16:34:37 PDT
X1DCORR  PERFORM
BACKCORR PERFORM
******** Calling Slfit ***********
BACKCORR COMPLETE
X1DCORR  COMPLETE
         Spectrum extracted at y position = 894.405

DISPCORR PERFORM
DISPTAB  oref$l2j0137to_dsp.fits
DISPTAB  PEDIGREE=INFLIGHT 27/02/1997 24/11/1999
DISPTAB  DESCRIP =Lindler, May 2000
DISPTAB  DESCRIP =Lindler Postlaunch, May 2000
APDESTAB oref$16j16005o_apd.fits
APDESTAB PEDIGREE=INFLIGHT 01/03/1997 13/06/2017
APDESTAB DESCRIP =Aligned long-slit bar positions for single-bar cases.--------------
APDESTAB DESCRIP =Offset relative to row 900
INANGTAB oref$h5s11397o_iac.fits
INANGTAB DESCRIP =Model/C. Bowers May 6, 1997
DISPCORR COMPLETE

HELCORR  PERFORM
HELCORR  COMPLETE

PHOTTAB  oref$95118575o_pht.fits
PHOTTAB  PEDIGREE=INFLIGHT 27/02/1997 16/03/2021
PHOTTAB  DESCRIP =Fullerton 2025 calibration
APERTAB  oref$y2r1559to_apt.fits
APERTAB  PEDIGREE=MODEL
APERTAB  DESCRIP =Added/updated values for 31X0.05NDA,31X0.05NDB,31X0.05NDC apertures
APERTAB  DESCRIP =Bohlin/Hartig TIM Models Nov. 1998
GACTAB   oref$p9r19203o_gac.fits
GACTAB   PEDIGREE=INFLIGHT 22/04/2002 03/08/2004
GACTAB   DESCRIP =X1D flux corr for grating/aper combos
GACTAB   DESCRIP =Grating-Aperture Throughput Correction
PCTAB    oref$q541740po_pct.fits
PCTAB    PEDIGREE=INFLIGHT 18/05/1997 19/12/1998
PCTAB    DESCRIP =Sensitivity for diff. extractions heights
TDSTAB   oref$8712049eo_tds.fits
TDSTAB   PEDIGREE=INFLIGHT 01/04/1997 06/03/2024
TDSTAB   DESCRIP =Updated time sensitivities for MIRVIS, G230LB, and G230MB
FLUXCORR PERFORM
CTECORR  PERFORM
CCDTAB   oref$16j1600do_ccd.fits
CCDTAB   PEDIGREE=INFLIGHT 01/05/2009 01/05/2009
CCDTAB   DESCRIP =Updated amp=D gain=4 atodgain and corresponding readnoise values---
CCDTAB   DESCRIP =Proposal 8057, by I. Dashevsky & P. Goudfrooij
Warning    No exact extraction box height match in PCTAB.
Warning    Using entry for height 21
         GACTAB correction applied for G750L 52X0.2E1 7751
CTECORR  COMPLETE
FLUXCORR COMPLETE
SGEOCORR OMIT

         Row 1 written to disk.
Order 1  End 16:34:37 PDT

         trace was rotated by = 0.0873559 degree.
Imset 1  End 16:34:37 PDT

Warning    Keyword `XTRACALG' is being added to header.
End      15-Aug-2026 16:34:37 PDT

*** CALSTIS-6 complete ***
4 STIS science exposures for AT2021DOV (0 dropped: texptime<5.0s)
X1D oeax05010 G230L es 11 flags none
X1D oeax05020 G230L es 11 flags none
X1D oeax05030 G430L es 15 flags none
X1D oeax05040 G750L es 19 flags ['no_defringe(no_flat)']
BATCHDONE

/home/ishaang6/miniforge3/envs/surf_uv/lib/python3.12/site-packages/stsci/tools/nmpfit.py:8: UserWarning: NMPFIT is deprecated - stsci.tools v 3.5 is the last version to contain it.
  warnings.warn("NMPFIT is deprecated - stsci.tools v 3.5 is the last version to contain it.")
/home/ishaang6/miniforge3/envs/surf_uv/lib/python3.12/site-packages/stsci/tools/gfit.py:18: UserWarning: GFIT is deprecated - stsci.tools v 3.4.12 is the last version to contain it.Use astropy.modeling instead.
  warnings.warn("GFIT is deprecated - stsci.tools v 3.4.12 is the last version to contain it."

$ /home/ishaang6/miniforge3/envs/surf_uv/bin/python /mnt/c/Users/eluru/CALTECH_SURF_2026/WORK/scripts/build_products.py AT2021DOV --outroot output5 --z 0.012 --early-skip-dir  --expl-mjd 59267.275
built products for AT2021DOV: 1 epochs



===== SN2017CBV  z=0.004  STIS=True COS=False =====
$ /home/ishaang6/miniforge3/envs/surf_uv/bin/python /mnt/c/Users/eluru/CALTECH_SURF_2026/WORK/scripts/download_all.py SN2017CBV
INFO: Found cached file /mnt/c/Users/eluru/CALTECH_SURF_2026/WORK/data/SN2017CBV/mastDownload/HST/oder11010/oder11010_crj.fits with expected size 10537920. [astroquery.query]
INFO: Found cached file /mnt/c/Users/eluru/CALTECH_SURF_2026/WORK/data/SN2017CBV/mastDownload/HST/oder11010/oder11010_wav.fits with expected size 2260800. [astroquery.query]
INFO: Found cached file /mnt/c/Users/eluru/CALTECH_SURF_2026/WORK/data/SN2017CBV/mastDownload/HST/oder11010/oder11010_raw.fits with expected size 4501440. [astroquery.query]
INFO: Found cached file /mnt/c/Users/eluru/CALTECH_SURF_2026/WORK/data/SN2017CBV/mastDownload/HST/oder11010/oder11010_flt.fits with expected size 21052800. [astroquery.query]
INFO: Found cached file /mnt/c/Users/eluru/CALTECH_SURF_2026/WORK/data/SN2017CBV/mastDownload/HST/oder12010/oder12010_crj.fits with expected size 10537920. [astroquery.query]
INFO: Found cached file /mnt/c/Users/eluru/CALTECH_SURF_2026/WORK/data/SN2017CBV/mastDownload/HST/oder12010/oder12010_wav.fits with expected size 2260800. [astroquery.query]
INFO: Found cached file /mnt/c/Users/eluru/CALTECH_SURF_2026/WORK/data/SN2017CBV/mastDownload/HST/oder12010/oder12010_raw.fits with expected size 4501440. [astroquery.query]
INFO: Found cached file /mnt/c/Users/eluru/CALTECH_SURF_2026/WORK/data/SN2017CBV/mastDownload/HST/oder12010/oder12010_flt.fits with expected size 21052800. [astroquery.query]
INFO: Found cached file /mnt/c/Users/eluru/CALTECH_SURF_2026/WORK/data/SN2017CBV/mastDownload/HST/oder13010/oder13010_crj.fits with expected size 10537920. [astroquery.query]
INFO: Found cached file /mnt/c/Users/eluru/CALTECH_SURF_2026/WORK/data/SN2017CBV/mastDownload/HST/oder13010/oder13010_wav.fits with expected size 2260800. [astroquery.query]
INFO: Found cached file /mnt/c/Users/eluru/CALTECH_SURF_2026/WORK/data/SN2017CBV/mastDownload/HST/oder13010/oder13010_raw.fits with expected size 4501440. [astroquery.query]
INFO: Found cached file /mnt/c/Users/eluru/CALTECH_SURF_2026/WORK/data/SN2017CBV/mastDownload/HST/oder13010/oder13010_flt.fits with expected size 21052800. [astroquery.query]
INFO: Found cached file /mnt/c/Users/eluru/CALTECH_SURF_2026/WORK/data/SN2017CBV/mastDownload/HST/oder04010/oder04010_wav.fits with expected size 4262400. [astroquery.query]
INFO: Found cached file /mnt/c/Users/eluru/CALTECH_SURF_2026/WORK/data/SN2017CBV/mastDownload/HST/oder04010/oder04010_raw.fits with expected size 8429760. [astroquery.query]
INFO: Found cached file /mnt/c/Users/eluru/CALTECH_SURF_2026/WORK/data/SN2017CBV/mastDownload/HST/oder04010/oder04010_flt.fits with expected size 10535040. [astroquery.query]
SN2017CBV: downloaded 15 products (4 obs)
DOWNLOADDONE


$ /home/ishaang6/miniforge3/envs/surf_uv/bin/python /mnt/c/Users/eluru/CALTECH_SURF_2026/WORK/scripts/reduce_stis_batch.py /mnt/c/Users/eluru/CALTECH_SURF_2026/WORK/data/SN2017CBV SN2017CBV --outroot output5 --z 0.004 --expl-mjd 57822.171
PEDIGREE=INFLIGHT 01/04/1997 06/03/2024
TDSTAB   DESCRIP =Updated time sensitivities for MIRVIS, G230LB, and G230MB
FLUXCORR PERFORM
CTECORR  PERFORM
CCDTAB   oref$16j1600do_ccd.fits
CCDTAB   PEDIGREE=INFLIGHT 01/05/2009 01/05/2009
CCDTAB   DESCRIP =Updated amp=D gain=4 atodgain and corresponding readnoise values---
CCDTAB   DESCRIP =Proposal 8057, by I. Dashevsky & P. Goudfrooij
         GACTAB correction applied for G230LB 52X0.2 2375
CTECORR  COMPLETE
FLUXCORR COMPLETE
SGEOCORR OMIT

         Row 1 written to disk.
Order 1  End 16:34:36 PDT

         trace was rotated by = 0.0620066 degree.
Imset 1  End 16:34:36 PDT

Warning    Keyword `XTRACALG' is being added to header.
End      15-Aug-2026 16:34:36 PDT

*** CALSTIS-6 complete ***
git tag: 4ac2384-dirty
git branch: main
HEAD @: 4ac2384d4b81f58ea6aed6f2977aadc15beb6b0f

*** CALSTIS-6 -- Version 3.5.0 (02-Feb-2026) ***
Begin    15-Aug-2026 16:34:37 PDT

Input    /mnt/c/Users/eluru/CALTECH_SURF_2026/WORK/data/SN2017CBV/mastDownload/HST/oder13010/oder13010_crj.fits
Output   output5/SN2017CBV/STIS/CCD/2017-03-26_day17/G230LB/oder13010_x1d.fits
Rootname oder13010
OBSMODE  ACCUM
APERTURE 52X0.2
OPT_ELEM G230LB
DETECTOR CCD

XTRACTAB oref$n7p1031qo_1dx.fits
XTRACTAB PEDIGREE=INFLIGHT 18/05/97
XTRACTAB DESCRIP =Analysis from prop. 7094
XTRACTAB DESCRIP =Analysis from prop. 7094
SPTRCTAB oref$qa31608go_1dt.fits
SPTRCTAB PEDIGREE=INFLIGHT 02/09/1997 13/02/1998
SPTRCTAB DESCRIP =New traces to account for angle change with time

Imset 1  Begin 16:34:37 PDT
         Input read into memory.
Order 1  Begin 16:34:38 PDT
X1DCORR  PERFORM
BACKCORR PERFORM
******** Calling Slfit ***********
BACKCORR COMPLETE
X1DCORR  COMPLETE
         Spectrum extracted at y position = 509.924

DISPCORR PERFORM
DISPTAB  oref$l2j0137to_dsp.fits
DISPTAB  PEDIGREE=INFLIGHT 27/02/1997 24/11/1999
DISPTAB  DESCRIP =Lindler, May 2000
DISPTAB  DESCRIP =Lindler Postlaunch, May 2000
APDESTAB oref$16j16005o_apd.fits
APDESTAB PEDIGREE=INFLIGHT 01/03/1997 13/06/2017
APDESTAB DESCRIP =Aligned long-slit bar positions for single-bar cases.--------------
APDESTAB DESCRIP =Microscope Meas./Hartig Post-launch Offsets
INANGTAB oref$h5s11397o_iac.fits
INANGTAB DESCRIP =Model/C. Bowers May 6, 1997
DISPCORR COMPLETE

HELCORR  PERFORM
HELCORR  COMPLETE

PHOTTAB  oref$95118575o_pht.fits
PHOTTAB  PEDIGREE=INFLIGHT 27/02/1997 16/03/2021
PHOTTAB  DESCRIP =Fullerton 2025 calibration
APERTAB  oref$y2r1559to_apt.fits
APERTAB  PEDIGREE=MODEL
APERTAB  DESCRIP =Added/updated values for 31X0.05NDA,31X0.05NDB,31X0.05NDC apertures
APERTAB  DESCRIP =Bohlin/Hartig TIM Models Nov. 1998
GACTAB   oref$p9r19203o_gac.fits
GACTAB   PEDIGREE=INFLIGHT 17/12/1998 17/12/1998
GACTAB   DESCRIP =X1D flux corr for grating/aper combos
GACTAB   DESCRIP =Grating-Aperture Throughput Correction
PCTAB    oref$q541740lo_pct.fits
PCTAB    PEDIGREE=INFLIGHT 18/05/1997 07/10/1999
PCTAB    DESCRIP =Sensitivity for diff. extractions heights
TDSTAB   oref$8712049eo_tds.fits
TDSTAB   PEDIGREE=INFLIGHT 01/04/1997 06/03/2024
TDSTAB   DESCRIP =Updated time sensitivities for MIRVIS, G230LB, and G230MB
FLUXCORR PERFORM
CTECORR  PERFORM
CCDTAB   oref$16j1600do_ccd.fits
CCDTAB   PEDIGREE=INFLIGHT 01/05/2009 01/05/2009
CCDTAB   DESCRIP =Updated amp=D gain=4 atodgain and corresponding readnoise values---
CCDTAB   DESCRIP =Proposal 8057, by I. Dashevsky & P. Goudfrooij
         GACTAB correction applied for G230LB 52X0.2 2375
CTECORR  COMPLETE
FLUXCORR COMPLETE
SGEOCORR OMIT

         Row 1 written to disk.
Order 1  End 16:34:38 PDT

         trace was rotated by = 0.0620235 degree.
Imset 1  End 16:34:38 PDT

Warning    Keyword `XTRACALG' is being added to header.
End      15-Aug-2026 16:34:38 PDT

*** CALSTIS-6 complete ***
4 STIS science exposures for SN2017CBV (0 dropped: texptime<5.0s)
X1D oder04010 G230L es 11 flags none
X1D oder11010 G230LB es 7 flags ['extended_host']
X1D oder12010 G230LB es 7 flags ['extended_host']
X1D oder13010 G230LB es 7 flags ['extended_host']
BATCHDONE

/home/ishaang6/miniforge3/envs/surf_uv/lib/python3.12/site-packages/stsci/tools/nmpfit.py:8: UserWarning: NMPFIT is deprecated - stsci.tools v 3.5 is the last version to contain it.
  warnings.warn("NMPFIT is deprecated - stsci.tools v 3.5 is the last version to contain it.")
/home/ishaang6/miniforge3/envs/surf_uv/lib/python3.12/site-packages/stsci/tools/gfit.py:18: UserWarning: GFIT is deprecated - stsci.tools v 3.4.12 is the last version to contain it.Use astropy.modeling instead.
  warnings.warn("GFIT is deprecated - stsci.tools v 3.4.12 is the last version to contain it."

$ /home/ishaang6/miniforge3/envs/surf_uv/bin/python /mnt/c/Users/eluru/CALTECH_SURF_2026/WORK/scripts/build_products.py SN2017CBV --outroot output5 --z 0.004 --early-skip-dir  --expl-mjd 57822.171
built products for SN2017CBV: 4 epochs



===== SN2024BCH  z=0.003839  STIS=True COS=False =====
$ /home/ishaang6/miniforge3/envs/surf_uv/bin/python /mnt/c/Users/eluru/CALTECH_SURF_2026/WORK/scripts/download_all.py SN2024BCH
INFO: Found cached file /mnt/c/Users/eluru/CALTECH_SURF_2026/WORK/data/SN2024BCH/mastDownload/HST/of8b01030/of8b01030_crj.fits with expected size 10537920. [astroquery.query]
INFO: Found cached file /mnt/c/Users/eluru/CALTECH_SURF_2026/WORK/data/SN2024BCH/mastDownload/HST/of8b01030/of8b01030_wav.fits with expected size 2260800. [astroquery.query]
INFO: Found cached file /mnt/c/Users/eluru/CALTECH_SURF_2026/WORK/data/SN2024BCH/mastDownload/HST/of8b01030/of8b01030_raw.fits with expected size 4501440. [astroquery.query]
INFO: Found cached file /mnt/c/Users/eluru/CALTECH_SURF_2026/WORK/data/SN2024BCH/mastDownload/HST/of8b01030/of8b01030_flt.fits with expected size 21052800. [astroquery.query]
INFO: Found cached file /mnt/c/Users/eluru/CALTECH_SURF_2026/WORK/data/SN2024BCH/mastDownload/HST/of8b01020/of8b01020_crj.fits with expected size 10537920. [astroquery.query]
INFO: Found cached file /mnt/c/Users/eluru/CALTECH_SURF_2026/WORK/data/SN2024BCH/mastDownload/HST/of8b01020/of8b01020_wav.fits with expected size 4501440. [astroquery.query]
INFO: Found cached file /mnt/c/Users/eluru/CALTECH_SURF_2026/WORK/data/SN2024BCH/mastDownload/HST/of8b01020/of8b01020_raw.fits with expected size 6742080. [astroquery.query]
INFO: Found cached file /mnt/c/Users/eluru/CALTECH_SURF_2026/WORK/data/SN2024BCH/mastDownload/HST/of8b01020/of8b01020_flt.fits with expected size 31567680. [astroquery.query]
INFO: Found cached file /mnt/c/Users/eluru/CALTECH_SURF_2026/WORK/data/SN2024BCH/mastDownload/HST/of8b01010/of8b01010_crj.fits with expected size 10537920. [astroquery.query]
INFO: Found cached file /mnt/c/Users/eluru/CALTECH_SURF_2026/WORK/data/SN2024BCH/mastDownload/HST/of8b01010/of8b01010_wav.fits with expected size 4501440. [astroquery.query]
INFO: Found cached file /mnt/c/Users/eluru/CALTECH_SURF_2026/WORK/data/SN2024BCH/mastDownload/HST/of8b01010/of8b01010_raw.fits with expected size 6742080. [astroquery.query]
INFO: Found cached file /mnt/c/Users/eluru/CALTECH_SURF_2026/WORK/data/SN2024BCH/mastDownload/HST/of8b01010/of8b01010_flt.fits with expected size 31567680. [astroquery.query]
INFO: Found cached file /mnt/c/Users/eluru/CALTECH_SURF_2026/WORK/data/SN2024BCH/mastDownload/HST/of8b01040/of8b01040_crj.fits with expected size 10537920. [astroquery.query]
INFO: Found cached file /mnt/c/Users/eluru/CALTECH_SURF_2026/WORK/data/SN2024BCH/mastDownload/HST/of8b01040/of8b01040_wav.fits with expected size 2260800. [astroquery.query]
INFO: Found cached file /mnt/c/Users/eluru/CALTECH_SURF_2026/WORK/data/SN2024BCH/mastDownload/HST/of8b01040/of8b01040_raw.fits with expected size 4501440. [astroquery.query]
INFO: Found cached file /mnt/c/Users/eluru/CALTECH_SURF_2026/WORK/data/SN2024BCH/mastDownload/HST/of8b01040/of8b01040_flt.fits with expected size 21052800. [astroquery.query]
SN2024BCH: downloaded 16 products (4 obs)
DOWNLOADDONE


$ /home/ishaang6/miniforge3/envs/surf_uv/bin/python /mnt/c/Users/eluru/CALTECH_SURF_2026/WORK/scripts/reduce_stis_batch.py /mnt/c/Users/eluru/CALTECH_SURF_2026/WORK/data/SN2024BCH SN2024BCH --outroot output5 --z 0.003839 --expl-mjd 60338.252
/03/2024
TDSTAB   DESCRIP =Updated time sensitivities for MIRVIS, G230LB, and G230MB
FLUXCORR PERFORM
CTECORR  PERFORM
CCDTAB   oref$16j1600do_ccd.fits
CCDTAB   PEDIGREE=INFLIGHT 01/05/2009 01/05/2009
CCDTAB   DESCRIP =Updated amp=D gain=4 atodgain and corresponding readnoise values---
CCDTAB   DESCRIP =Proposal 8057, by I. Dashevsky & P. Goudfrooij
         GACTAB correction applied for G430L 52X0.2E1 4300
CTECORR  COMPLETE
FLUXCORR COMPLETE
SGEOCORR OMIT

         Row 1 written to disk.
Order 1  End 16:34:53 PDT

         trace was rotated by = 0.0830887 degree.
Imset 1  End 16:34:53 PDT

Warning    Keyword `XTRACALG' is being added to header.
End      15-Aug-2026 16:34:53 PDT

*** CALSTIS-6 complete ***
git tag: 4ac2384-dirty
git branch: main
HEAD @: 4ac2384d4b81f58ea6aed6f2977aadc15beb6b0f

*** CALSTIS-6 -- Version 3.5.0 (02-Feb-2026) ***
Begin    15-Aug-2026 16:34:54 PDT

INFO     'E1' has been appended to aperture
Input    /mnt/c/Users/eluru/CALTECH_SURF_2026/WORK/data/SN2024BCH/mastDownload/HST/of8b01040/of8b01040_crj.fits
Output   output5/SN2024BCH/STIS/CCD/2024-02-08_day10/G750L/of8b01040_x1d.fits
Rootname of8b01040
OBSMODE  ACCUM
APERTURE 52X0.2E1
OPT_ELEM G750L
DETECTOR CCD

XTRACTAB oref$n7p1031qo_1dx.fits
XTRACTAB PEDIGREE=INFLIGHT 18/05/97
XTRACTAB DESCRIP =Analysis from prop. 7094
XTRACTAB DESCRIP =Analysis from prop. 7094
SPTRCTAB oref$qa31608go_1dt.fits
SPTRCTAB PEDIGREE=INFLIGHT 02/09/1997 13/02/1998
SPTRCTAB DESCRIP =New traces to account for angle change with time

Imset 1  Begin 16:34:54 PDT
         Input read into memory.
Order 1  Begin 16:34:55 PDT
X1DCORR  PERFORM
BACKCORR PERFORM
******** Calling Slfit ***********
BACKCORR COMPLETE
X1DCORR  COMPLETE
         Spectrum extracted at y position = 894.683

DISPCORR PERFORM
DISPTAB  oref$l2j0137to_dsp.fits
DISPTAB  PEDIGREE=INFLIGHT 27/02/1997 24/11/1999
DISPTAB  DESCRIP =Lindler, May 2000
DISPTAB  DESCRIP =Lindler Postlaunch, May 2000
APDESTAB oref$16j16005o_apd.fits
APDESTAB PEDIGREE=INFLIGHT 01/03/1997 13/06/2017
APDESTAB DESCRIP =Aligned long-slit bar positions for single-bar cases.--------------
APDESTAB DESCRIP =Offset relative to row 900
INANGTAB oref$h5s11397o_iac.fits
INANGTAB DESCRIP =Model/C. Bowers May 6, 1997
DISPCORR COMPLETE

HELCORR  PERFORM
HELCORR  COMPLETE

PHOTTAB  oref$95118575o_pht.fits
PHOTTAB  PEDIGREE=INFLIGHT 27/02/1997 16/03/2021
PHOTTAB  DESCRIP =Fullerton 2025 calibration
APERTAB  oref$y2r1559to_apt.fits
APERTAB  PEDIGREE=MODEL
APERTAB  DESCRIP =Added/updated values for 31X0.05NDA,31X0.05NDB,31X0.05NDC apertures
APERTAB  DESCRIP =Bohlin/Hartig TIM Models Nov. 1998
GACTAB   oref$p9r19203o_gac.fits
GACTAB   PEDIGREE=INFLIGHT 22/04/2002 03/08/2004
GACTAB   DESCRIP =X1D flux corr for grating/aper combos
GACTAB   DESCRIP =Grating-Aperture Throughput Correction
PCTAB    oref$q541740po_pct.fits
PCTAB    PEDIGREE=INFLIGHT 18/05/1997 19/12/1998
PCTAB    DESCRIP =Sensitivity for diff. extractions heights
TDSTAB   oref$8712049eo_tds.fits
TDSTAB   PEDIGREE=INFLIGHT 01/04/1997 06/03/2024
TDSTAB   DESCRIP =Updated time sensitivities for MIRVIS, G230LB, and G230MB
FLUXCORR PERFORM
CTECORR  PERFORM
CCDTAB   oref$16j1600do_ccd.fits
CCDTAB   PEDIGREE=INFLIGHT 01/05/2009 01/05/2009
CCDTAB   DESCRIP =Updated amp=D gain=4 atodgain and corresponding readnoise values---
CCDTAB   DESCRIP =Proposal 8057, by I. Dashevsky & P. Goudfrooij
Warning    No exact extraction box height match in PCTAB.
Warning    Using entry for height 21
         GACTAB correction applied for G750L 52X0.2E1 7751
CTECORR  COMPLETE
FLUXCORR COMPLETE
SGEOCORR OMIT

         Row 1 written to disk.
Order 1  End 16:34:55 PDT

         trace was rotated by = 0.0981096 degree.
Imset 1  End 16:34:55 PDT

Warning    Keyword `XTRACALG' is being added to header.
End      15-Aug-2026 16:34:56 PDT

*** CALSTIS-6 complete ***
2 STIS science exposures for SN2024BCH (2 dropped: texptime<5.0s)
X1D of8b01030 G430L es 15 flags none
X1D of8b01040 G750L es 25 flags ['no_defringe(no_flat)']
BATCHDONE

/home/ishaang6/miniforge3/envs/surf_uv/lib/python3.12/site-packages/stsci/tools/nmpfit.py:8: UserWarning: NMPFIT is deprecated - stsci.tools v 3.5 is the last version to contain it.
  warnings.warn("NMPFIT is deprecated - stsci.tools v 3.5 is the last version to contain it.")
/home/ishaang6/miniforge3/envs/surf_uv/lib/python3.12/site-packages/stsci/tools/gfit.py:18: UserWarning: GFIT is deprecated - stsci.tools v 3.4.12 is the last version to contain it.Use astropy.modeling instead.
  warnings.warn("GFIT is deprecated - stsci.tools v 3.4.12 is the last version to contain it."

$ /home/ishaang6/miniforge3/envs/surf_uv/bin/python /mnt/c/Users/eluru/CALTECH_SURF_2026/WORK/scripts/build_products.py SN2024BCH --outroot output5 --z 0.003839 --early-skip-dir  --expl-mjd 60338.252
built products for SN2024BCH: 1 epochs



===== SN2012ET  z=0.025  STIS=True COS=False =====
$ /home/ishaang6/miniforge3/envs/surf_uv/bin/python /mnt/c/Users/eluru/CALTECH_SURF_2026/WORK/scripts/download_all.py SN2012ET
INFO: Found cached file /mnt/c/Users/eluru/CALTECH_SURF_2026/WORK/data/SN2012ET/mastDownload/HST/obxb99010/obxb99010_crj.fits with expected size 10537920. [astroquery.query]
INFO: Found cached file /mnt/c/Users/eluru/CALTECH_SURF_2026/WORK/data/SN2012ET/mastDownload/HST/obxb99010/obxb99010_wav.fits with expected size 4501440. [astroquery.query]
INFO: Found cached file /mnt/c/Users/eluru/CALTECH_SURF_2026/WORK/data/SN2012ET/mastDownload/HST/obxb99010/obxb99010_raw.fits with expected size 4501440. [astroquery.query]
INFO: Found cached file /mnt/c/Users/eluru/CALTECH_SURF_2026/WORK/data/SN2012ET/mastDownload/HST/obxb99010/obxb99010_flt.fits with expected size 21052800. [astroquery.query]
INFO: Found cached file /mnt/c/Users/eluru/CALTECH_SURF_2026/WORK/data/SN2012ET/mastDownload/HST/obxb99020/obxb99020_crj.fits with expected size 10537920. [astroquery.query]
INFO: Found cached file /mnt/c/Users/eluru/CALTECH_SURF_2026/WORK/data/SN2012ET/mastDownload/HST/obxb99020/obxb99020_wav.fits with expected size 2260800. [astroquery.query]
INFO: Found cached file /mnt/c/Users/eluru/CALTECH_SURF_2026/WORK/data/SN2012ET/mastDownload/HST/obxb99020/obxb99020_raw.fits with expected size 4501440. [astroquery.query]
INFO: Found cached file /mnt/c/Users/eluru/CALTECH_SURF_2026/WORK/data/SN2012ET/mastDownload/HST/obxb99020/obxb99020_flt.fits with expected size 21052800. [astroquery.query]
INFO: Found cached file /mnt/c/Users/eluru/CALTECH_SURF_2026/WORK/data/SN2012ET/mastDownload/HST/obxb99030/obxb99030_crj.fits with expected size 10537920. [astroquery.query]
INFO: Found cached file /mnt/c/Users/eluru/CALTECH_SURF_2026/WORK/data/SN2012ET/mastDownload/HST/obxb99030/obxb99030_wav.fits with expected size 2260800. [astroquery.query]
INFO: Found cached file /mnt/c/Users/eluru/CALTECH_SURF_2026/WORK/data/SN2012ET/mastDownload/HST/obxb99030/obxb99030_raw.fits with expected size 4501440. [astroquery.query]
INFO: Found cached file /mnt/c/Users/eluru/CALTECH_SURF_2026/WORK/data/SN2012ET/mastDownload/HST/obxb99030/obxb99030_flt.fits with expected size 21052800. [astroquery.query]
INFO: Found cached file /mnt/c/Users/eluru/CALTECH_SURF_2026/WORK/data/SN2012ET/mastDownload/HST/obxb99040/obxb99040_crj.fits with expected size 10537920. [astroquery.query]
INFO: Found cached file /mnt/c/Users/eluru/CALTECH_SURF_2026/WORK/data/SN2012ET/mastDownload/HST/obxb99040/obxb99040_wav.fits with expected size 2260800. [astroquery.query]
INFO: Found cached file /mnt/c/Users/eluru/CALTECH_SURF_2026/WORK/data/SN2012ET/mastDownload/HST/obxb99040/obxb99040_raw.fits with expected size 4501440. [astroquery.query]
INFO: Found cached file /mnt/c/Users/eluru/CALTECH_SURF_2026/WORK/data/SN2012ET/mastDownload/HST/obxb99040/obxb99040_flt.fits with expected size 21052800. [astroquery.query]
SN2012ET: downloaded 16 products (4 obs)
DOWNLOADDONE


$ /home/ishaang6/miniforge3/envs/surf_uv/bin/python /mnt/c/Users/eluru/CALTECH_SURF_2026/WORK/scripts/reduce_stis_batch.py /mnt/c/Users/eluru/CALTECH_SURF_2026/WORK/data/SN2012ET SN2012ET --outroot output5 --z 0.025 --expl-mjd 56182.0
LUXCORR PERFORM
CTECORR  PERFORM
CCDTAB   oref$16j1600eo_ccd.fits
CCDTAB   PEDIGREE=INFLIGHT 01/05/2009 01/05/2009
CCDTAB   DESCRIP =Updated amp=D gain=4 atodgain and corresponding readnoise values---
CCDTAB   DESCRIP =Proposal 8057, by I. Dashevsky & P. Goudfrooij
         GACTAB correction applied for G430L 52X0.2E1 4300
CTECORR  COMPLETE
FLUXCORR COMPLETE
SGEOCORR OMIT

         Row 1 written to disk.
Order 1  End 16:34:59 PDT

         trace was rotated by = 0.0365417 degree.
Imset 1  End 16:34:59 PDT

Warning    Keyword `XTRACALG' is being added to header.
End      15-Aug-2026 16:34:59 PDT

*** CALSTIS-6 complete ***
git tag: 4ac2384-dirty
git branch: main
HEAD @: 4ac2384d4b81f58ea6aed6f2977aadc15beb6b0f

*** CALSTIS-6 -- Version 3.5.0 (02-Feb-2026) ***
Begin    15-Aug-2026 16:35:00 PDT

INFO     'E1' has been appended to aperture
Input    /mnt/c/Users/eluru/CALTECH_SURF_2026/WORK/data/SN2012ET/mastDownload/HST/obxb99040/obxb99040_crj.fits
Output   output5/SN2012ET/STIS/CCD/2012-10-01_day20/G430L/obxb99040_x1d.fits
Rootname obxb99040
OBSMODE  ACCUM
APERTURE 52X0.2E1
OPT_ELEM G430L
DETECTOR CCD

XTRACTAB oref$n7p1031qo_1dx.fits
XTRACTAB PEDIGREE=INFLIGHT 18/05/97
XTRACTAB DESCRIP =Analysis from prop. 7094
XTRACTAB DESCRIP =Analysis from prop. 7094
SPTRCTAB oref$qa31608go_1dt.fits
SPTRCTAB PEDIGREE=INFLIGHT 02/09/1997 13/02/1998
SPTRCTAB DESCRIP =New traces to account for angle change with time

Imset 1  Begin 16:35:00 PDT
         Input read into memory.
Order 1  Begin 16:35:01 PDT
X1DCORR  PERFORM
BACKCORR PERFORM
******** Calling Slfit ***********
BACKCORR COMPLETE
X1DCORR  COMPLETE
         Spectrum extracted at y position = 900.262

DISPCORR PERFORM
DISPTAB  oref$l2j0137to_dsp.fits
DISPTAB  PEDIGREE=INFLIGHT 27/02/1997 24/11/1999
DISPTAB  DESCRIP =Lindler, May 2000
DISPTAB  DESCRIP =Lindler Postlaunch, May 2000
APDESTAB oref$16j16005o_apd.fits
APDESTAB PEDIGREE=INFLIGHT 01/03/1997 13/06/2017
APDESTAB DESCRIP =Aligned long-slit bar positions for single-bar cases.--------------
APDESTAB DESCRIP =Offset relative to row 900
INANGTAB oref$h5s11397o_iac.fits
INANGTAB DESCRIP =Model/C. Bowers May 6, 1997
DISPCORR COMPLETE

HELCORR  PERFORM
HELCORR  COMPLETE

PHOTTAB  oref$95118575o_pht.fits
PHOTTAB  PEDIGREE=INFLIGHT 27/02/1997 16/03/2021
PHOTTAB  DESCRIP =Fullerton 2025 calibration
APERTAB  oref$y2r1559to_apt.fits
APERTAB  PEDIGREE=MODEL
APERTAB  DESCRIP =Added/updated values for 31X0.05NDA,31X0.05NDB,31X0.05NDC apertures
APERTAB  DESCRIP =Bohlin/Hartig TIM Models Nov. 1998
GACTAB   oref$p9r19203o_gac.fits
GACTAB   PEDIGREE=INFLIGHT 07/12/2001 03/08/2004
GACTAB   DESCRIP =X1D flux corr for grating/aper combos
GACTAB   DESCRIP =Grating-Aperture Throughput Correction
PCTAB    oref$q541740no_pct.fits
PCTAB    PEDIGREE=INFLIGHT 18/05/1997 19/12/1998
PCTAB    DESCRIP =Sensitivity for diff. extractions heights
TDSTAB   oref$8712049eo_tds.fits
TDSTAB   PEDIGREE=INFLIGHT 01/04/1997 06/03/2024
TDSTAB   DESCRIP =Updated time sensitivities for MIRVIS, G230LB, and G230MB
FLUXCORR PERFORM
CTECORR  PERFORM
CCDTAB   oref$16j1600eo_ccd.fits
CCDTAB   PEDIGREE=INFLIGHT 01/05/2009 01/05/2009
CCDTAB   DESCRIP =Updated amp=D gain=4 atodgain and corresponding readnoise values---
CCDTAB   DESCRIP =Proposal 8057, by I. Dashevsky & P. Goudfrooij
         GACTAB correction applied for G430L 52X0.2E1 4300
CTECORR  COMPLETE
FLUXCORR COMPLETE
SGEOCORR OMIT

         Row 1 written to disk.
Order 1  End 16:35:01 PDT

         trace was rotated by = 0.0365418 degree.
Imset 1  End 16:35:01 PDT

Warning    Keyword `XTRACALG' is being added to header.
End      15-Aug-2026 16:35:02 PDT

*** CALSTIS-6 complete ***
4 STIS science exposures for SN2012ET (0 dropped: texptime<5.0s)
RETRY-FINDER obxb99010 a2center=955.0
X1D obxb99010 G230LB es 7 flags ['finder_fail', 'extended_host']
RETRY-FINDER obxb99020 a2center=132.0
X1D obxb99020 G230LB es 7 flags ['finder_fail', 'extended_host']
X1D obxb99030 G430L es 9 flags none
X1D obxb99040 G430L es 9 flags none
BATCHDONE

/home/ishaang6/miniforge3/envs/surf_uv/lib/python3.12/site-packages/stsci/tools/nmpfit.py:8: UserWarning: NMPFIT is deprecated - stsci.tools v 3.5 is the last version to contain it.
  warnings.warn("NMPFIT is deprecated - stsci.tools v 3.5 is the last version to contain it.")
/home/ishaang6/miniforge3/envs/surf_uv/lib/python3.12/site-packages/stsci/tools/gfit.py:18: UserWarning: GFIT is deprecated - stsci.tools v 3.4.12 is the last version to contain it.Use astropy.modeling instead.
  warnings.warn("GFIT is deprecated - stsci.tools v 3.4.12 is the last version to contain it."

$ /home/ishaang6/miniforge3/envs/surf_uv/bin/python /mnt/c/Users/eluru/CALTECH_SURF_2026/WORK/scripts/build_products.py SN2012ET --outroot output5 --z 0.025 --early-skip-dir  --expl-mjd 56182.0
built products for SN2012ET: 1 epochs



===== AT2023IUC  z=0.07676  STIS=True COS=True =====
$ /home/ishaang6/miniforge3/envs/surf_uv/bin/python /mnt/c/Users/eluru/CALTECH_SURF_2026/WORK/scripts/download_all.py AT2023IUC
INFO: Found cached file /mnt/c/Users/eluru/CALTECH_SURF_2026/WORK/data/AT2023IUC/mastDownload/HST/oeno03020/oeno03020_wav.fits with expected size 4262400. [astroquery.query]
INFO: Found cached file /mnt/c/Users/eluru/CALTECH_SURF_2026/WORK/data/AT2023IUC/mastDownload/HST/oeno03020/oeno03020_raw.fits with expected size 16819200. [astroquery.query]
INFO: Found cached file /mnt/c/Users/eluru/CALTECH_SURF_2026/WORK/data/AT2023IUC/mastDownload/HST/oeno03020/oeno03020_flt.fits with expected size 10535040. [astroquery.query]
INFO: Found cached file /mnt/c/Users/eluru/CALTECH_SURF_2026/WORK/data/AT2023IUC/mastDownload/HST/oeno03010/oeno03010_wav.fits with expected size 4262400. [astroquery.query]
INFO: Found cached file /mnt/c/Users/eluru/CALTECH_SURF_2026/WORK/data/AT2023IUC/mastDownload/HST/oeno03010/oeno03010_raw.fits with expected size 16819200. [astroquery.query]
INFO: Found cached file /mnt/c/Users/eluru/CALTECH_SURF_2026/WORK/data/AT2023IUC/mastDownload/HST/oeno03010/oeno03010_flt.fits with expected size 10535040. [astroquery.query]
AT2023IUC: downloaded 6 products (2 obs)
DOWNLOADDONE


$ /home/ishaang6/miniforge3/envs/surf_uv/bin/python /mnt/c/Users/eluru/CALTECH_SURF_2026/WORK/scripts/reduce_stis_batch.py /mnt/c/Users/eluru/CALTECH_SURF_2026/WORK/data/AT2023IUC AT2023IUC --outroot output5 --z 0.07676 --expl-mjd 60082.253
TAB DESCRIP =Microscope Meas./Hartig Post-launch Offsets
INANGTAB oref$l3m1437ro_iac.fits
INANGTAB DESCRIP =Prelaunch Calibration/Lindler and Models
DISPCORR COMPLETE

HELCORR  PERFORM
HELCORR  COMPLETE

PHOTTAB  oref$a5e1953do_pht.fits
PHOTTAB  PEDIGREE=INFLIGHT 27/02/1997 16/03/2021
PHOTTAB  DESCRIP =May 2026 recalibration
APERTAB  oref$y2r1559to_apt.fits
APERTAB  PEDIGREE=MODEL
APERTAB  DESCRIP =Added/updated values for 31X0.05NDA,31X0.05NDB,31X0.05NDC apertures
APERTAB  DESCRIP =Bohlin/Hartig TIM Models Nov. 1998
PCTAB    oref$y2r16006o_pct.fits
PCTAB    PEDIGREE=INFLIGHT 18/05/1997 19/12/1998
PCTAB    DESCRIP =Added/updated values for 31X0.05NDA,31X0.05NDB,31X0.05NDC apertures
TDSTAB   oref$97a1546po_tds.fits
TDSTAB   PEDIGREE=INFLIGHT 01/04/1997 13/05/2025
TDSTAB   DESCRIP =Updated time sensitivities for MIRNUV and L, M, and H modes.
FLUXCORR PERFORM
FLUXCORR COMPLETE
SGEOCORR OMIT

         Row 1 written to disk.
Order 1  End 16:35:07 PDT

         trace was rotated by = -0.00959564 degree.
Imset 1  End 16:35:07 PDT

Warning    Keyword `XTRACALG' is being added to header.
End      15-Aug-2026 16:35:08 PDT

*** CALSTIS-6 complete ***
git tag: 4ac2384-dirty
git branch: main
HEAD @: 4ac2384d4b81f58ea6aed6f2977aadc15beb6b0f

*** CALSTIS-6 -- Version 3.5.0 (02-Feb-2026) ***
Begin    15-Aug-2026 16:35:08 PDT

Warning    Grating-aperture throughput correction table (GACTAB) was not found,

         and no gac corrections will be applied
Input    /mnt/c/Users/eluru/CALTECH_SURF_2026/WORK/data/AT2023IUC/mastDownload/HST/oeno03020/oeno03020_flt.fits
Output   output5/AT2023IUC/STIS/MAMA/2023-05-30_day13/G230L/oeno03020_x1d.fits
Rootname oeno03020
OBSMODE  TIME-TAG
APERTURE 52X0.2
OPT_ELEM G230L
DETECTOR NUV-MAMA

XTRACTAB oref$a5e1953co_1dx.fits
XTRACTAB PEDIGREE=INFLIGHT 29/05/1997 29/05/1997
XTRACTAB DESCRIP =Analysis from prop. 7064 and ground data
XTRACTAB DESCRIP =Analysis from prop. 7064
SPTRCTAB oref$a5e19539o_1dt.fits
SPTRCTAB PEDIGREE=INFLIGHT 27/02/1997 06/01/2010
SPTRCTAB DESCRIP =New traces for select echelle secondary modes

Imset 1  Begin 16:35:08 PDT
         Input read into memory.
Order 1  Begin 16:35:09 PDT
X1DCORR  PERFORM
BACKCORR PERFORM
******** Calling Slfit ***********
BACKCORR COMPLETE
X1DCORR  COMPLETE
         Spectrum extracted at y position = 532.552

DISPCORR PERFORM
DISPTAB  oref$m7p16111o_dsp.fits
DISPTAB  PEDIGREE=INFLIGHT 23/01/1999 23/01/1999
DISPTAB  DESCRIP =Dispersion coefficients reference table
DISPTAB  DESCRIP =INFLIGHT Cal. Disp. Coeffs
APDESTAB oref$16j16005o_apd.fits
APDESTAB PEDIGREE=INFLIGHT 01/03/1997 13/06/2017
APDESTAB DESCRIP =Aligned long-slit bar positions for single-bar cases.--------------
APDESTAB DESCRIP =Microscope Meas./Hartig Post-launch Offsets
INANGTAB oref$l3m1437ro_iac.fits
INANGTAB DESCRIP =Prelaunch Calibration/Lindler and Models
DISPCORR COMPLETE

HELCORR  PERFORM
HELCORR  COMPLETE

PHOTTAB  oref$a5e1953do_pht.fits
PHOTTAB  PEDIGREE=INFLIGHT 27/02/1997 16/03/2021
PHOTTAB  DESCRIP =May 2026 recalibration
APERTAB  oref$y2r1559to_apt.fits
APERTAB  PEDIGREE=MODEL
APERTAB  DESCRIP =Added/updated values for 31X0.05NDA,31X0.05NDB,31X0.05NDC apertures
APERTAB  DESCRIP =Bohlin/Hartig TIM Models Nov. 1998
PCTAB    oref$y2r16006o_pct.fits
PCTAB    PEDIGREE=INFLIGHT 18/05/1997 19/12/1998
PCTAB    DESCRIP =Added/updated values for 31X0.05NDA,31X0.05NDB,31X0.05NDC apertures
TDSTAB   oref$97a1546po_tds.fits
TDSTAB   PEDIGREE=INFLIGHT 01/04/1997 13/05/2025
TDSTAB   DESCRIP =Updated time sensitivities for MIRNUV and L, M, and H modes.
FLUXCORR PERFORM
FLUXCORR COMPLETE
SGEOCORR OMIT

         Row 1 written to disk.
Order 1  End 16:35:10 PDT

         trace was rotated by = -0.00959575 degree.
Imset 1  End 16:35:10 PDT

Warning    Keyword `XTRACALG' is being added to header.
End      15-Aug-2026 16:35:10 PDT

*** CALSTIS-6 complete ***
2 STIS science exposures for AT2023IUC (0 dropped: texptime<5.0s)
X1D oeno03010 G230L es 11 flags none
X1D oeno03020 G230L es 11 flags none
BATCHDONE

/home/ishaang6/miniforge3/envs/surf_uv/lib/python3.12/site-packages/stsci/tools/nmpfit.py:8: UserWarning: NMPFIT is deprecated - stsci.tools v 3.5 is the last version to contain it.
  warnings.warn("NMPFIT is deprecated - stsci.tools v 3.5 is the last version to contain it.")
/home/ishaang6/miniforge3/envs/surf_uv/lib/python3.12/site-packages/stsci/tools/gfit.py:18: UserWarning: GFIT is deprecated - stsci.tools v 3.4.12 is the last version to contain it.Use astropy.modeling instead.
  warnings.warn("GFIT is deprecated - stsci.tools v 3.4.12 is the last version to contain it."

$ /home/ishaang6/miniforge3/envs/surf_uv/bin/python /mnt/c/Users/eluru/CALTECH_SURF_2026/WORK/scripts/cos_products.py AT2023IUC --outroot output5 --z 0.07676 --expl-mjd 60082.253
COS AT2023IUC 2023-05-27_day9 FUV G140L (1 exp)
COS AT2023IUC 2023-05-30_day12 FUV G140L (1 exp)
COSDONE


$ /home/ishaang6/miniforge3/envs/surf_uv/bin/python /mnt/c/Users/eluru/CALTECH_SURF_2026/WORK/scripts/build_products.py AT2023IUC --outroot output5 --z 0.07676 --early-skip-dir  --expl-mjd 60082.253
built products for AT2023IUC: 2 epochs



===== AT2021ZFW  z=0.028837  STIS=True COS=False =====
$ /home/ishaang6/miniforge3/envs/surf_uv/bin/python /mnt/c/Users/eluru/CALTECH_SURF_2026/WORK/scripts/download_all.py AT2021ZFW
INFO: Found cached file /mnt/c/Users/eluru/CALTECH_SURF_2026/WORK/data/AT2021ZFW/mastDownload/HST/oeax08010/oeax08010_wav.fits with expected size 4262400. [astroquery.query]
INFO: Found cached file /mnt/c/Users/eluru/CALTECH_SURF_2026/WORK/data/AT2021ZFW/mastDownload/HST/oeax08010/oeax08010_raw.fits with expected size 8429760. [astroquery.query]
INFO: Found cached file /mnt/c/Users/eluru/CALTECH_SURF_2026/WORK/data/AT2021ZFW/mastDownload/HST/oeax08020/oeax08020_wav.fits with expected size 4262400. [astroquery.query]
INFO: Found cached file /mnt/c/Users/eluru/CALTECH_SURF_2026/WORK/data/AT2021ZFW/mastDownload/HST/oeax08020/oeax08020_raw.fits with expected size 8429760. [astroquery.query]
INFO: Found cached file /mnt/c/Users/eluru/CALTECH_SURF_2026/WORK/data/AT2021ZFW/mastDownload/HST/oeax08020/oeax08020_flt.fits with expected size 10535040. [astroquery.query]
INFO: Found cached file /mnt/c/Users/eluru/CALTECH_SURF_2026/WORK/data/AT2021ZFW/mastDownload/HST/oeax08040/oeax08040_crj.fits with expected size 10537920. [astroquery.query]
INFO: Found cached file /mnt/c/Users/eluru/CALTECH_SURF_2026/WORK/data/AT2021ZFW/mastDownload/HST/oeax08040/oeax08040_wav.fits with expected size 2260800. [astroquery.query]
INFO: Found cached file /mnt/c/Users/eluru/CALTECH_SURF_2026/WORK/data/AT2021ZFW/mastDownload/HST/oeax08040/oeax08040_raw.fits with expected size 4501440. [astroquery.query]
INFO: Found cached file /mnt/c/Users/eluru/CALTECH_SURF_2026/WORK/data/AT2021ZFW/mastDownload/HST/oeax08040/oeax08040_flt.fits with expected size 21052800. [astroquery.query]
INFO: Found cached file /mnt/c/Users/eluru/CALTECH_SURF_2026/WORK/data/AT2021ZFW/mastDownload/HST/oeax08030/oeax08030_crj.fits with expected size 10537920. [astroquery.query]
INFO: Found cached file /mnt/c/Users/eluru/CALTECH_SURF_2026/WORK/data/AT2021ZFW/mastDownload/HST/oeax08030/oeax08030_wav.fits with expected size 2260800. [astroquery.query]
INFO: Found cached file /mnt/c/Users/eluru/CALTECH_SURF_2026/WORK/data/AT2021ZFW/mastDownload/HST/oeax08030/oeax08030_raw.fits with expected size 4501440. [astroquery.query]
INFO: Found cached file /mnt/c/Users/eluru/CALTECH_SURF_2026/WORK/data/AT2021ZFW/mastDownload/HST/oeax08030/oeax08030_flt.fits with expected size 21052800. [astroquery.query]
AT2021ZFW: downloaded 13 products (4 obs)
DOWNLOADDONE


$ /home/ishaang6/miniforge3/envs/surf_uv/bin/python /mnt/c/Users/eluru/CALTECH_SURF_2026/WORK/scripts/reduce_stis_batch.py /mnt/c/Users/eluru/CALTECH_SURF_2026/WORK/data/AT2021ZFW AT2021ZFW --outroot output5 --z 0.028837 --expl-mjd 59479.379
3 STIS science exposures for AT2021ZFW (0 dropped: texptime<5.0s)

", line 926, in dump_mappings3
    mappings = get_mapping_names(pipeline_context)
               ^^^^^^^^^^^^^^^^^^^^^^^^^^^^^^^^^^^
  File "/home/ishaang6/miniforge3/envs/surf_uv/lib/python3.12/site-packages/crds/core/utils.py", line 306, in __call__
    key, result = self._readonly(*args, **keys)
                  ^^^^^^^^^^^^^^^^^^^^^^^^^^^^^
  File "/home/ishaang6/miniforge3/envs/surf_uv/lib/python3.12/site-packages/crds/core/utils.py", line 293, in _readonly
    return key, self.uncached(*args, **keys)
                ^^^^^^^^^^^^^^^^^^^^^^^^^^^^
  File "/home/ishaang6/miniforge3/envs/surf_uv/lib/python3.12/site-packages/crds/client/api.py", line 163, in get_mapping_names
    return [str(x) for x in S.get_mapping_names(pipeline_context)]
                            ^^^^^^^^^^^^^^^^^^^^^^^^^^^^^^^^^^^^^
  File "/home/ishaang6/miniforge3/envs/surf_uv/lib/python3.12/site-packages/crds/client/proxy.py", line 157, in __call__
    jsonrpc = self._call(*args, **kwargs)
              ^^^^^^^^^^^^^^^^^^^^^^^^^^^
  File "/home/ishaang6/miniforge3/envs/surf_uv/lib/python3.12/site-packages/crds/client/proxy.py", line 128, in _call
    response = apply_with_retries(self._call_service, parameters, url)
               ^^^^^^^^^^^^^^^^^^^^^^^^^^^^^^^^^^^^^^^^^^^^^^^^^^^^^^^
  File "/home/ishaang6/miniforge3/envs/surf_uv/lib/python3.12/site-packages/crds/client/proxy.py", line 50, in apply_with_retries
    raise exc2
  File "/home/ishaang6/miniforge3/envs/surf_uv/lib/python3.12/site-packages/crds/client/proxy.py", line 44, in apply_with_retries
    return func(*pars, **keys)
           ^^^^^^^^^^^^^^^^^^^
  File "/home/ishaang6/miniforge3/envs/surf_uv/lib/python3.12/site-packages/crds/client/proxy.py", line 154, in _call_service
    raise exceptions.ServiceError("CRDS jsonrpc failure " + repr(self.__service_name) + " " + str(exc)) from exc
crds.core.exceptions.ServiceError: CRDS jsonrpc failure 'get_mapping_names' <urlopen error [Errno -3] Temporary failure in name resolution>


===== SN2023BEE  z=0.006698  STIS=True COS=False =====
$ /home/ishaang6/miniforge3/envs/surf_uv/bin/python /mnt/c/Users/eluru/CALTECH_SURF_2026/WORK/scripts/download_all.py SN2023BEE
SN2023BEE: query err ConnectionError(MaxRetryError('HTTPSConnectionPool(host=\'mast.stsci.edu\', port=443): Max retries e
DOWNLOADDONE


$ /home/ishaang6/miniforge3/envs/surf_uv/bin/python /mnt/c/Users/eluru/CALTECH_SURF_2026/WORK/scripts/reduce_stis_batch.py /mnt/c/Users/eluru/CALTECH_SURF_2026/WORK/data/SN2023BEE SN2023BEE --outroot output5 --z 0.006698 --expl-mjd 59976.75
4 STIS science exposures for SN2023BEE (0 dropped: texptime<5.0s)

", line 926, in dump_mappings3
    mappings = get_mapping_names(pipeline_context)
               ^^^^^^^^^^^^^^^^^^^^^^^^^^^^^^^^^^^
  File "/home/ishaang6/miniforge3/envs/surf_uv/lib/python3.12/site-packages/crds/core/utils.py", line 306, in __call__
    key, result = self._readonly(*args, **keys)
                  ^^^^^^^^^^^^^^^^^^^^^^^^^^^^^
  File "/home/ishaang6/miniforge3/envs/surf_uv/lib/python3.12/site-packages/crds/core/utils.py", line 293, in _readonly
    return key, self.uncached(*args, **keys)
                ^^^^^^^^^^^^^^^^^^^^^^^^^^^^
  File "/home/ishaang6/miniforge3/envs/surf_uv/lib/python3.12/site-packages/crds/client/api.py", line 163, in get_mapping_names
    return [str(x) for x in S.get_mapping_names(pipeline_context)]
                            ^^^^^^^^^^^^^^^^^^^^^^^^^^^^^^^^^^^^^
  File "/home/ishaang6/miniforge3/envs/surf_uv/lib/python3.12/site-packages/crds/client/proxy.py", line 157, in __call__
    jsonrpc = self._call(*args, **kwargs)
              ^^^^^^^^^^^^^^^^^^^^^^^^^^^
  File "/home/ishaang6/miniforge3/envs/surf_uv/lib/python3.12/site-packages/crds/client/proxy.py", line 128, in _call
    response = apply_with_retries(self._call_service, parameters, url)
               ^^^^^^^^^^^^^^^^^^^^^^^^^^^^^^^^^^^^^^^^^^^^^^^^^^^^^^^
  File "/home/ishaang6/miniforge3/envs/surf_uv/lib/python3.12/site-packages/crds/client/proxy.py", line 50, in apply_with_retries
    raise exc2
  File "/home/ishaang6/miniforge3/envs/surf_uv/lib/python3.12/site-packages/crds/client/proxy.py", line 44, in apply_with_retries
    return func(*pars, **keys)
           ^^^^^^^^^^^^^^^^^^^
  File "/home/ishaang6/miniforge3/envs/surf_uv/lib/python3.12/site-packages/crds/client/proxy.py", line 154, in _call_service
    raise exceptions.ServiceError("CRDS jsonrpc failure " + repr(self.__service_name) + " " + str(exc)) from exc
crds.core.exceptions.ServiceError: CRDS jsonrpc failure 'get_mapping_names' <urlopen error [Errno -3] Temporary failure in name resolution>


===== 2024RYV  z=0.015  STIS=True COS=False =====
$ /home/ishaang6/miniforge3/envs/surf_uv/bin/python /mnt/c/Users/eluru/CALTECH_SURF_2026/WORK/scripts/download_all.py 2024RYV
INFO: Found cached file /mnt/c/Users/eluru/CALTECH_SURF_2026/WORK/data/2024RYV/mastDownload/HST/of8b04020/of8b04020_crj.fits with expected size 10537920. [astroquery.query]
INFO: Found cached file /mnt/c/Users/eluru/CALTECH_SURF_2026/WORK/data/2024RYV/mastDownload/HST/of8b04020/of8b04020_wav.fits with expected size 2260800. [astroquery.query]
INFO: Found cached file /mnt/c/Users/eluru/CALTECH_SURF_2026/WORK/data/2024RYV/mastDownload/HST/of8b04020/of8b04020_raw.fits with expected size 6742080. [astroquery.query]
INFO: Found cached file /mnt/c/Users/eluru/CALTECH_SURF_2026/WORK/data/2024RYV/mastDownload/HST/of8b04020/of8b04020_flt.fits with expected size 31567680. [astroquery.query]
INFO: Found cached file /mnt/c/Users/eluru/CALTECH_SURF_2026/WORK/data/2024RYV/mastDownload/HST/of8b04010/of8b04010_crj.fits with expected size 10537920. [astroquery.query]
INFO: Found cached file /mnt/c/Users/eluru/CALTECH_SURF_2026/WORK/data/2024RYV/mastDownload/HST/of8b04010/of8b04010_wav.fits with expected size 2260800. [astroquery.query]
INFO: Found cached file /mnt/c/Users/eluru/CALTECH_SURF_2026/WORK/data/2024RYV/mastDownload/HST/of8b04010/of8b04010_raw.fits with expected size 6742080. [astroquery.query]
INFO: Found cached file /mnt/c/Users/eluru/CALTECH_SURF_2026/WORK/data/2024RYV/mastDownload/HST/of8b04010/of8b04010_flt.fits with expected size 31567680. [astroquery.query]
INFO: Found cached file /mnt/c/Users/eluru/CALTECH_SURF_2026/WORK/data/2024RYV/mastDownload/HST/of8b04030/of8b04030_crj.fits with expected size 10537920. [astroquery.query]
INFO: Found cached file /mnt/c/Users/eluru/CALTECH_SURF_2026/WORK/data/2024RYV/mastDownload/HST/of8b04030/of8b04030_wav.fits with expected size 2260800. [astroquery.query]
INFO: Found cached file /mnt/c/Users/eluru/CALTECH_SURF_2026/WORK/data/2024RYV/mastDownload/HST/of8b04030/of8b04030_raw.fits with expected size 4501440. [astroquery.query]
INFO: Found cached file /mnt/c/Users/eluru/CALTECH_SURF_2026/WORK/data/2024RYV/mastDownload/HST/of8b04030/of8b04030_flt.fits with expected size 21052800. [astroquery.query]
INFO: Found cached file /mnt/c/Users/eluru/CALTECH_SURF_2026/WORK/data/2024RYV/mastDownload/HST/of8b04040/of8b04040_crj.fits with expected size 10537920. [astroquery.query]
INFO: Found cached file /mnt/c/Users/eluru/CALTECH_SURF_2026/WORK/data/2024RYV/mastDownload/HST/of8b04040/of8b04040_wav.fits with expected size 2260800. [astroquery.query]
INFO: Found cached file /mnt/c/Users/eluru/CALTECH_SURF_2026/WORK/data/2024RYV/mastDownload/HST/of8b04040/of8b04040_raw.fits with expected size 4501440. [astroquery.query]
INFO: Found cached file /mnt/c/Users/eluru/CALTECH_SURF_2026/WORK/data/2024RYV/mastDownload/HST/of8b04040/of8b04040_flt.fits with expected size 21052800. [astroquery.query]
2024RYV: downloaded 16 products (4 obs)
DOWNLOADDONE


$ /home/ishaang6/miniforge3/envs/surf_uv/bin/python /mnt/c/Users/eluru/CALTECH_SURF_2026/WORK/scripts/reduce_stis_batch.py /mnt/c/Users/eluru/CALTECH_SURF_2026/WORK/data/2024RYV 2024RYV --outroot output5 --z 0.015 --expl-mjd 60533.543
4 STIS science exposures for 2024RYV (0 dropped: texptime<5.0s)

", line 926, in dump_mappings3
    mappings = get_mapping_names(pipeline_context)
               ^^^^^^^^^^^^^^^^^^^^^^^^^^^^^^^^^^^
  File "/home/ishaang6/miniforge3/envs/surf_uv/lib/python3.12/site-packages/crds/core/utils.py", line 306, in __call__
    key, result = self._readonly(*args, **keys)
                  ^^^^^^^^^^^^^^^^^^^^^^^^^^^^^
  File "/home/ishaang6/miniforge3/envs/surf_uv/lib/python3.12/site-packages/crds/core/utils.py", line 293, in _readonly
    return key, self.uncached(*args, **keys)
                ^^^^^^^^^^^^^^^^^^^^^^^^^^^^
  File "/home/ishaang6/miniforge3/envs/surf_uv/lib/python3.12/site-packages/crds/client/api.py", line 163, in get_mapping_names
    return [str(x) for x in S.get_mapping_names(pipeline_context)]
                            ^^^^^^^^^^^^^^^^^^^^^^^^^^^^^^^^^^^^^
  File "/home/ishaang6/miniforge3/envs/surf_uv/lib/python3.12/site-packages/crds/client/proxy.py", line 157, in __call__
    jsonrpc = self._call(*args, **kwargs)
              ^^^^^^^^^^^^^^^^^^^^^^^^^^^
  File "/home/ishaang6/miniforge3/envs/surf_uv/lib/python3.12/site-packages/crds/client/proxy.py", line 128, in _call
    response = apply_with_retries(self._call_service, parameters, url)
               ^^^^^^^^^^^^^^^^^^^^^^^^^^^^^^^^^^^^^^^^^^^^^^^^^^^^^^^
  File "/home/ishaang6/miniforge3/envs/surf_uv/lib/python3.12/site-packages/crds/client/proxy.py", line 50, in apply_with_retries
    raise exc2
  File "/home/ishaang6/miniforge3/envs/surf_uv/lib/python3.12/site-packages/crds/client/proxy.py", line 44, in apply_with_retries
    return func(*pars, **keys)
           ^^^^^^^^^^^^^^^^^^^
  File "/home/ishaang6/miniforge3/envs/surf_uv/lib/python3.12/site-packages/crds/client/proxy.py", line 154, in _call_service
    raise exceptions.ServiceError("CRDS jsonrpc failure " + repr(self.__service_name) + " " + str(exc)) from exc
crds.core.exceptions.ServiceError: CRDS jsonrpc failure 'get_mapping_names' <urlopen error [Errno -3] Temporary failure in name resolution>


===== ZTF24ABYMEET  z=0.0263  STIS=True COS=False =====
$ /home/ishaang6/miniforge3/envs/surf_uv/bin/python /mnt/c/Users/eluru/CALTECH_SURF_2026/WORK/scripts/download_all.py ZTF24ABYMEET
INFO: Found cached file /mnt/c/Users/eluru/CALTECH_SURF_2026/WORK/data/ZTF24ABYMEET/mastDownload/HST/ofgd01010/ofgd01010_crj.fits with expected size 10537920. [astroquery.query]
INFO: Found cached file /mnt/c/Users/eluru/CALTECH_SURF_2026/WORK/data/ZTF24ABYMEET/mastDownload/HST/ofgd01010/ofgd01010_wav.fits with expected size 2260800. [astroquery.query]
INFO: Found cached file /mnt/c/Users/eluru/CALTECH_SURF_2026/WORK/data/ZTF24ABYMEET/mastDownload/HST/ofgd01010/ofgd01010_raw.fits with expected size 6742080. [astroquery.query]
INFO: Found cached file /mnt/c/Users/eluru/CALTECH_SURF_2026/WORK/data/ZTF24ABYMEET/mastDownload/HST/ofgd01010/ofgd01010_flt.fits with expected size 31567680. [astroquery.query]
INFO: Found cached file /mnt/c/Users/eluru/CALTECH_SURF_2026/WORK/data/ZTF24ABYMEET/mastDownload/HST/ofgd01020/ofgd01020_crj.fits with expected size 10537920. [astroquery.query]
INFO: Found cached file /mnt/c/Users/eluru/CALTECH_SURF_2026/WORK/data/ZTF24ABYMEET/mastDownload/HST/ofgd01020/ofgd01020_wav.fits with expected size 2260800. [astroquery.query]
INFO: Found cached file /mnt/c/Users/eluru/CALTECH_SURF_2026/WORK/data/ZTF24ABYMEET/mastDownload/HST/ofgd01020/ofgd01020_raw.fits with expected size 6742080. [astroquery.query]
INFO: Found cached file /mnt/c/Users/eluru/CALTECH_SURF_2026/WORK/data/ZTF24ABYMEET/mastDownload/HST/ofgd01020/ofgd01020_flt.fits with expected size 31567680. [astroquery.query]
INFO: Found cached file /mnt/c/Users/eluru/CALTECH_SURF_2026/WORK/data/ZTF24ABYMEET/mastDownload/HST/ofgd01030/ofgd01030_crj.fits with expected size 10537920. [astroquery.query]
INFO: Found cached file /mnt/c/Users/eluru/CALTECH_SURF_2026/WORK/data/ZTF24ABYMEET/mastDownload/HST/ofgd01030/ofgd01030_wav.fits with expected size 2260800. [astroquery.query]
INFO: Found cached file /mnt/c/Users/eluru/CALTECH_SURF_2026/WORK/data/ZTF24ABYMEET/mastDownload/HST/ofgd01030/ofgd01030_raw.fits with expected size 4501440. [astroquery.query]
INFO: Found cached file /mnt/c/Users/eluru/CALTECH_SURF_2026/WORK/data/ZTF24ABYMEET/mastDownload/HST/ofgd01030/ofgd01030_flt.fits with expected size 21052800. [astroquery.query]
INFO: Found cached file /mnt/c/Users/eluru/CALTECH_SURF_2026/WORK/data/ZTF24ABYMEET/mastDownload/HST/ofgd01040/ofgd01040_crj.fits with expected size 10537920. [astroquery.query]
INFO: Found cached file /mnt/c/Users/eluru/CALTECH_SURF_2026/WORK/data/ZTF24ABYMEET/mastDownload/HST/ofgd01040/ofgd01040_wav.fits with expected size 2260800. [astroquery.query]
INFO: Found cached file /mnt/c/Users/eluru/CALTECH_SURF_2026/WORK/data/ZTF24ABYMEET/mastDownload/HST/ofgd01040/ofgd01040_raw.fits with expected size 4501440. [astroquery.query]
INFO: Found cached file /mnt/c/Users/eluru/CALTECH_SURF_2026/WORK/data/ZTF24ABYMEET/mastDownload/HST/ofgd01040/ofgd01040_flt.fits with expected size 21052800. [astroquery.query]
ZTF24ABYMEET: downloaded 16 products (4 obs)
DOWNLOADDONE


$ /home/ishaang6/miniforge3/envs/surf_uv/bin/python /mnt/c/Users/eluru/CALTECH_SURF_2026/WORK/scripts/reduce_stis_batch.py /mnt/c/Users/eluru/CALTECH_SURF_2026/WORK/data/ZTF24ABYMEET ZTF24ABYMEET --outroot output5 --z 0.0263 --expl-mjd 60652.098
4 STIS science exposures for ZTF24ABYMEET (0 dropped: texptime<5.0s)

", line 926, in dump_mappings3
    mappings = get_mapping_names(pipeline_context)
               ^^^^^^^^^^^^^^^^^^^^^^^^^^^^^^^^^^^
  File "/home/ishaang6/miniforge3/envs/surf_uv/lib/python3.12/site-packages/crds/core/utils.py", line 306, in __call__
    key, result = self._readonly(*args, **keys)
                  ^^^^^^^^^^^^^^^^^^^^^^^^^^^^^
  File "/home/ishaang6/miniforge3/envs/surf_uv/lib/python3.12/site-packages/crds/core/utils.py", line 293, in _readonly
    return key, self.uncached(*args, **keys)
                ^^^^^^^^^^^^^^^^^^^^^^^^^^^^
  File "/home/ishaang6/miniforge3/envs/surf_uv/lib/python3.12/site-packages/crds/client/api.py", line 163, in get_mapping_names
    return [str(x) for x in S.get_mapping_names(pipeline_context)]
                            ^^^^^^^^^^^^^^^^^^^^^^^^^^^^^^^^^^^^^
  File "/home/ishaang6/miniforge3/envs/surf_uv/lib/python3.12/site-packages/crds/client/proxy.py", line 157, in __call__
    jsonrpc = self._call(*args, **kwargs)
              ^^^^^^^^^^^^^^^^^^^^^^^^^^^
  File "/home/ishaang6/miniforge3/envs/surf_uv/lib/python3.12/site-packages/crds/client/proxy.py", line 128, in _call
    response = apply_with_retries(self._call_service, parameters, url)
               ^^^^^^^^^^^^^^^^^^^^^^^^^^^^^^^^^^^^^^^^^^^^^^^^^^^^^^^
  File "/home/ishaang6/miniforge3/envs/surf_uv/lib/python3.12/site-packages/crds/client/proxy.py", line 50, in apply_with_retries
    raise exc2
  File "/home/ishaang6/miniforge3/envs/surf_uv/lib/python3.12/site-packages/crds/client/proxy.py", line 44, in apply_with_retries
    return func(*pars, **keys)
           ^^^^^^^^^^^^^^^^^^^
  File "/home/ishaang6/miniforge3/envs/surf_uv/lib/python3.12/site-packages/crds/client/proxy.py", line 154, in _call_service
    raise exceptions.ServiceError("CRDS jsonrpc failure " + repr(self.__service_name) + " " + str(exc)) from exc
crds.core.exceptions.ServiceError: CRDS jsonrpc failure 'get_mapping_names' <urlopen error [Errno -3] Temporary failure in name resolution>


===== GAIA16APD  z=0.1013  STIS=True COS=True =====
$ /home/ishaang6/miniforge3/envs/surf_uv/bin/python /mnt/c/Users/eluru/CALTECH_SURF_2026/WORK/scripts/download_all.py GAIA16APD
INFO: Found cached file /mnt/c/Users/eluru/CALTECH_SURF_2026/WORK/data/GAIA16APD/mastDownload/HST/od4902010/od4902010_wav.fits with expected size 2139840. [astroquery.query]
INFO: Found cached file /mnt/c/Users/eluru/CALTECH_SURF_2026/WORK/data/GAIA16APD/mastDownload/HST/od4902010/od4902010_raw.fits with expected size 16819200. [astroquery.query]

ne 41, in download_sn
    Observations.download_products(pl, download_dir=os.path.join(DATA, name), mrp_only=False)
  File "/home/ishaang6/miniforge3/envs/surf_uv/lib/python3.12/site-packages/astroquery/mast/observations.py", line 878, in download_products
    manifest = self._download_files(products,
               ^^^^^^^^^^^^^^^^^^^^^^^^^^^^^^
  File "/home/ishaang6/miniforge3/envs/surf_uv/lib/python3.12/site-packages/astroquery/mast/observations.py", line 739, in _download_files
    status, msg, url = self.download_file(data_product["dataURI"], local_path=local_path,
                       ^^^^^^^^^^^^^^^^^^^^^^^^^^^^^^^^^^^^^^^^^^^^^^^^^^^^^^^^^^^^^^^^^^
  File "/home/ishaang6/miniforge3/envs/surf_uv/lib/python3.12/site-packages/astroquery/mast/observations.py", line 681, in download_file
    self._download_file(escaped_url, local_path,
  File "/home/ishaang6/miniforge3/envs/surf_uv/lib/python3.12/site-packages/astroquery/query.py", line 416, in _download_file
    response = self._session.request("HEAD", url,
               ^^^^^^^^^^^^^^^^^^^^^^^^^^^^^^^^^^
  File "/home/ishaang6/miniforge3/envs/surf_uv/lib/python3.12/site-packages/requests/sessions.py", line 651, in request
    resp = self.send(prep, **send_kwargs)
           ^^^^^^^^^^^^^^^^^^^^^^^^^^^^^^
  File "/home/ishaang6/miniforge3/envs/surf_uv/lib/python3.12/site-packages/requests/sessions.py", line 784, in send
    r = adapter.send(request, **kwargs)
        ^^^^^^^^^^^^^^^^^^^^^^^^^^^^^^^
  File "/home/ishaang6/miniforge3/envs/surf_uv/lib/python3.12/site-packages/requests/adapters.py", line 729, in send
    raise ConnectionError(e, request=request)
requests.exceptions.ConnectionError: HTTPSConnectionPool(host='mast.stsci.edu', port=443): Max retries exceeded with url: /api/v0.1/Download/file?uri=mast:HST/product/od4902010_flt.fits (Caused by NameResolutionError("HTTPSConnection(host='mast.stsci.edu', port=443): Failed to resolve 'mast.stsci.edu' ([Errno -3] Temporary failure in name resolution)"))

$ /home/ishaang6/miniforge3/envs/surf_uv/bin/python /mnt/c/Users/eluru/CALTECH_SURF_2026/WORK/scripts/reduce_stis_batch.py /mnt/c/Users/eluru/CALTECH_SURF_2026/WORK/data/GAIA16APD GAIA16APD --outroot output5 --z 0.1013 --expl-mjd 57524.798
 Post-launch Offsets
INANGTAB oref$l3m1437ro_iac.fits
INANGTAB DESCRIP =Prelaunch Calibration/Lindler and Models
DISPCORR COMPLETE

HELCORR  PERFORM
HELCORR  COMPLETE

PHOTTAB  oref$a5e19538o_pht.fits
PHOTTAB  PEDIGREE=INFLIGHT 27/02/1997 16/03/2021
PHOTTAB  DESCRIP =May 2026 recalibration
APERTAB  oref$y2r1559to_apt.fits
APERTAB  PEDIGREE=MODEL
APERTAB  DESCRIP =Added/updated values for 31X0.05NDA,31X0.05NDB,31X0.05NDC apertures
APERTAB  DESCRIP =Bohlin/Hartig TIM Models Nov. 1998
PCTAB    oref$y2r16006o_pct.fits
PCTAB    PEDIGREE=INFLIGHT 18/05/1997 19/12/1998
PCTAB    DESCRIP =Added/updated values for 31X0.05NDA,31X0.05NDB,31X0.05NDC apertures
TDSTAB   oref$97a1546po_tds.fits
TDSTAB   PEDIGREE=INFLIGHT 01/04/1997 13/05/2025
TDSTAB   DESCRIP =Updated time sensitivities for MIRNUV and L, M, and H modes.
FLUXCORR PERFORM
FLUXCORR COMPLETE
SGEOCORR OMIT

         Row 1 written to disk.
Order 1  End 16:36:36 PDT

         trace was rotated by = -0.00472457 degree.
Imset 1  End 16:36:36 PDT

Warning    Keyword `XTRACALG' is being added to header.
End      15-Aug-2026 16:36:37 PDT

*** CALSTIS-6 complete ***
git tag: 4ac2384-dirty
git branch: main
HEAD @: 4ac2384d4b81f58ea6aed6f2977aadc15beb6b0f

*** CALSTIS-6 -- Version 3.5.0 (02-Feb-2026) ***
Begin    15-Aug-2026 16:36:37 PDT

Warning    Grating-aperture throughput correction table (GACTAB) was not found,

         and no gac corrections will be applied
Input    /mnt/c/Users/eluru/CALTECH_SURF_2026/WORK/data/GAIA16APD/mastDownload/HST/od4914010/od4914010_flt.fits
Output   output5/GAIA16APD/STIS/MAMA/2016-06-30_day44/G230L/od4914010_x1d.fits
Rootname od4914010
OBSMODE  TIME-TAG
APERTURE 52X0.2
OPT_ELEM G230L
DETECTOR NUV-MAMA

XTRACTAB oref$a5e1953co_1dx.fits
XTRACTAB PEDIGREE=INFLIGHT 29/05/1997 29/05/1997
XTRACTAB DESCRIP =Analysis from prop. 7064 and ground data
XTRACTAB DESCRIP =Analysis from prop. 7064
SPTRCTAB oref$a5e19539o_1dt.fits
SPTRCTAB PEDIGREE=INFLIGHT 27/02/1997 06/01/2010
SPTRCTAB DESCRIP =New traces for select echelle secondary modes

Imset 1  Begin 16:36:38 PDT
         Input read into memory.
Order 1  Begin 16:36:39 PDT
X1DCORR  PERFORM
BACKCORR PERFORM
******** Calling Slfit ***********
BACKCORR COMPLETE
X1DCORR  COMPLETE
         Spectrum extracted at y position = 532.45

DISPCORR PERFORM
DISPTAB  oref$m7p16111o_dsp.fits
DISPTAB  PEDIGREE=INFLIGHT 23/01/1999 23/01/1999
DISPTAB  DESCRIP =Dispersion coefficients reference table
DISPTAB  DESCRIP =INFLIGHT Cal. Disp. Coeffs
APDESTAB oref$16j16005o_apd.fits
APDESTAB PEDIGREE=INFLIGHT 01/03/1997 13/06/2017
APDESTAB DESCRIP =Aligned long-slit bar positions for single-bar cases.--------------
APDESTAB DESCRIP =Microscope Meas./Hartig Post-launch Offsets
INANGTAB oref$l3m1437ro_iac.fits
INANGTAB DESCRIP =Prelaunch Calibration/Lindler and Models
DISPCORR COMPLETE

HELCORR  PERFORM
HELCORR  COMPLETE

PHOTTAB  oref$a5e19538o_pht.fits
PHOTTAB  PEDIGREE=INFLIGHT 27/02/1997 16/03/2021
PHOTTAB  DESCRIP =May 2026 recalibration
APERTAB  oref$y2r1559to_apt.fits
APERTAB  PEDIGREE=MODEL
APERTAB  DESCRIP =Added/updated values for 31X0.05NDA,31X0.05NDB,31X0.05NDC apertures
APERTAB  DESCRIP =Bohlin/Hartig TIM Models Nov. 1998
PCTAB    oref$y2r16006o_pct.fits
PCTAB    PEDIGREE=INFLIGHT 18/05/1997 19/12/1998
PCTAB    DESCRIP =Added/updated values for 31X0.05NDA,31X0.05NDB,31X0.05NDC apertures
TDSTAB   oref$97a1546po_tds.fits
TDSTAB   PEDIGREE=INFLIGHT 01/04/1997 13/05/2025
TDSTAB   DESCRIP =Updated time sensitivities for MIRNUV and L, M, and H modes.
FLUXCORR PERFORM
FLUXCORR COMPLETE
SGEOCORR OMIT

         Row 1 written to disk.
Order 1  End 16:36:39 PDT

         trace was rotated by = -0.00475506 degree.
Imset 1  End 16:36:39 PDT

Warning    Keyword `XTRACALG' is being added to header.
End      15-Aug-2026 16:36:39 PDT

*** CALSTIS-6 complete ***
3 STIS science exposures for GAIA16APD (0 dropped: texptime<5.0s)
X1D od4902010 G230L es 11 flags none
X1D od4903010 G230L es 11 flags none
X1D od4914010 G230L es 11 flags none
BATCHDONE

/home/ishaang6/miniforge3/envs/surf_uv/lib/python3.12/site-packages/stsci/tools/nmpfit.py:8: UserWarning: NMPFIT is deprecated - stsci.tools v 3.5 is the last version to contain it.
  warnings.warn("NMPFIT is deprecated - stsci.tools v 3.5 is the last version to contain it.")
/home/ishaang6/miniforge3/envs/surf_uv/lib/python3.12/site-packages/stsci/tools/gfit.py:18: UserWarning: GFIT is deprecated - stsci.tools v 3.4.12 is the last version to contain it.Use astropy.modeling instead.
  warnings.warn("GFIT is deprecated - stsci.tools v 3.4.12 is the last version to contain it."

$ /home/ishaang6/miniforge3/envs/surf_uv/bin/python /mnt/c/Users/eluru/CALTECH_SURF_2026/WORK/scripts/cos_products.py GAIA16APD --outroot output5 --z 0.1013 --expl-mjd 57524.798
COS GAIA16APD 2016-06-02_day16 FUV G140L (1 exp)
COSDONE


$ /home/ishaang6/miniforge3/envs/surf_uv/bin/python /mnt/c/Users/eluru/CALTECH_SURF_2026/WORK/scripts/build_products.py GAIA16APD --outroot output5 --z 0.1013 --early-skip-dir  --expl-mjd 57524.798
built products for GAIA16APD: 3 epochs



===== 2025RYZ  z=0.016201  STIS=True COS=False =====
$ /home/ishaang6/miniforge3/envs/surf_uv/bin/python /mnt/c/Users/eluru/CALTECH_SURF_2026/WORK/scripts/download_all.py 2025RYZ
INFO: Found cached file /mnt/c/Users/eluru/CALTECH_SURF_2026/WORK/data/2025RYZ/mastDownload/HST/ofgd03010/ofgd03010_crj.fits with expected size 10537920. [astroquery.query]
INFO: Found cached file /mnt/c/Users/eluru/CALTECH_SURF_2026/WORK/data/2025RYZ/mastDownload/HST/ofgd03010/ofgd03010_wav.fits with expected size 2260800. [astroquery.query]
INFO: Found cached file /mnt/c/Users/eluru/CALTECH_SURF_2026/WORK/data/2025RYZ/mastDownload/HST/ofgd03010/ofgd03010_raw.fits with expected size 6742080. [astroquery.query]
INFO: Found cached file /mnt/c/Users/eluru/CALTECH_SURF_2026/WORK/data/2025RYZ/mastDownload/HST/ofgd03010/ofgd03010_flt.fits with expected size 31567680. [astroquery.query]
INFO: Found cached file /mnt/c/Users/eluru/CALTECH_SURF_2026/WORK/data/2025RYZ/mastDownload/HST/ofgd03030/ofgd03030_crj.fits with expected size 10537920. [astroquery.query]
INFO: Found cached file /mnt/c/Users/eluru/CALTECH_SURF_2026/WORK/data/2025RYZ/mastDownload/HST/ofgd03030/ofgd03030_wav.fits with expected size 2260800. [astroquery.query]
INFO: Found cached file /mnt/c/Users/eluru/CALTECH_SURF_2026/WORK/data/2025RYZ/mastDownload/HST/ofgd03030/ofgd03030_raw.fits with expected size 4501440. [astroquery.query]
INFO: Found cached file /mnt/c/Users/eluru/CALTECH_SURF_2026/WORK/data/2025RYZ/mastDownload/HST/ofgd03030/ofgd03030_flt.fits with expected size 21052800. [astroquery.query]
INFO: Found cached file /mnt/c/Users/eluru/CALTECH_SURF_2026/WORK/data/2025RYZ/mastDownload/HST/ofgd03040/ofgd03040_crj.fits with expected size 10537920. [astroquery.query]
INFO: Found cached file /mnt/c/Users/eluru/CALTECH_SURF_2026/WORK/data/2025RYZ/mastDownload/HST/ofgd03040/ofgd03040_wav.fits with expected size 2260800. [astroquery.query]
INFO: Found cached file /mnt/c/Users/eluru/CALTECH_SURF_2026/WORK/data/2025RYZ/mastDownload/HST/ofgd03040/ofgd03040_raw.fits with expected size 4501440. [astroquery.query]
INFO: Found cached file /mnt/c/Users/eluru/CALTECH_SURF_2026/WORK/data/2025RYZ/mastDownload/HST/ofgd03040/ofgd03040_flt.fits with expected size 21052800. [astroquery.query]
INFO: Found cached file /mnt/c/Users/eluru/CALTECH_SURF_2026/WORK/data/2025RYZ/mastDownload/HST/ofgd03020/ofgd03020_crj.fits with expected size 10537920. [astroquery.query]
INFO: Found cached file /mnt/c/Users/eluru/CALTECH_SURF_2026/WORK/data/2025RYZ/mastDownload/HST/ofgd03020/ofgd03020_wav.fits with expected size 2260800. [astroquery.query]
INFO: Found cached file /mnt/c/Users/eluru/CALTECH_SURF_2026/WORK/data/2025RYZ/mastDownload/HST/ofgd03020/ofgd03020_raw.fits with expected size 6742080. [astroquery.query]
INFO: Found cached file /mnt/c/Users/eluru/CALTECH_SURF_2026/WORK/data/2025RYZ/mastDownload/HST/ofgd03020/ofgd03020_flt.fits with expected size 31567680. [astroquery.query]
2025RYZ: downloaded 16 products (4 obs)
DOWNLOADDONE


$ /home/ishaang6/miniforge3/envs/surf_uv/bin/python /mnt/c/Users/eluru/CALTECH_SURF_2026/WORK/scripts/reduce_stis_batch.py /mnt/c/Users/eluru/CALTECH_SURF_2026/WORK/data/2025RYZ 2025RYZ --outroot output5 --z 0.016201 --expl-mjd 60879.145
DIGREE=INFLIGHT 01/04/1997 06/03/2024
TDSTAB   DESCRIP =Updated time sensitivities for MIRVIS, G230LB, and G230MB
FLUXCORR PERFORM
CTECORR  PERFORM
CCDTAB   oref$16j1600do_ccd.fits
CCDTAB   PEDIGREE=INFLIGHT 01/05/2009 01/05/2009
CCDTAB   DESCRIP =Updated amp=D gain=4 atodgain and corresponding readnoise values---
CCDTAB   DESCRIP =Proposal 8057, by I. Dashevsky & P. Goudfrooij
         GACTAB correction applied for G430L 52X0.2E1 4300
CTECORR  COMPLETE
FLUXCORR COMPLETE
SGEOCORR OMIT

         Row 1 written to disk.
Order 1  End 16:37:22 PDT

         trace was rotated by = 0.0891443 degree.
Imset 1  End 16:37:22 PDT

Warning    Keyword `XTRACALG' is being added to header.
End      15-Aug-2026 16:37:22 PDT

*** CALSTIS-6 complete ***
git tag: 4ac2384-dirty
git branch: main
HEAD @: 4ac2384d4b81f58ea6aed6f2977aadc15beb6b0f

*** CALSTIS-6 -- Version 3.5.0 (02-Feb-2026) ***
Begin    15-Aug-2026 16:37:23 PDT

INFO     'E1' has been appended to aperture
Input    /mnt/c/Users/eluru/CALTECH_SURF_2026/WORK/data/2025RYZ/mastDownload/HST/ofgd03040/ofgd03040_crj.fits
Output   output5/2025RYZ/STIS/CCD/2025-07-31_day9/G750L/ofgd03040_x1d.fits
Rootname ofgd03040
OBSMODE  ACCUM
APERTURE 52X0.2E1
OPT_ELEM G750L
DETECTOR CCD

XTRACTAB oref$n7p1031qo_1dx.fits
XTRACTAB PEDIGREE=INFLIGHT 18/05/97
XTRACTAB DESCRIP =Analysis from prop. 7094
XTRACTAB DESCRIP =Analysis from prop. 7094
SPTRCTAB oref$qa31608go_1dt.fits
SPTRCTAB PEDIGREE=INFLIGHT 02/09/1997 13/02/1998
SPTRCTAB DESCRIP =New traces to account for angle change with time

Imset 1  Begin 16:37:23 PDT
         Input read into memory.
Order 1  Begin 16:37:25 PDT
X1DCORR  PERFORM
BACKCORR PERFORM
******** Calling Slfit ***********
BACKCORR COMPLETE
X1DCORR  COMPLETE
         Spectrum extracted at y position = 895.832

DISPCORR PERFORM
DISPTAB  oref$l2j0137to_dsp.fits
DISPTAB  PEDIGREE=INFLIGHT 27/02/1997 24/11/1999
DISPTAB  DESCRIP =Lindler, May 2000
DISPTAB  DESCRIP =Lindler Postlaunch, May 2000
APDESTAB oref$16j16005o_apd.fits
APDESTAB PEDIGREE=INFLIGHT 01/03/1997 13/06/2017
APDESTAB DESCRIP =Aligned long-slit bar positions for single-bar cases.--------------
APDESTAB DESCRIP =Offset relative to row 900
INANGTAB oref$h5s11397o_iac.fits
INANGTAB DESCRIP =Model/C. Bowers May 6, 1997
DISPCORR COMPLETE

HELCORR  PERFORM
HELCORR  COMPLETE

PHOTTAB  oref$95118575o_pht.fits
PHOTTAB  PEDIGREE=INFLIGHT 27/02/1997 16/03/2021
PHOTTAB  DESCRIP =Fullerton 2025 calibration
APERTAB  oref$y2r1559to_apt.fits
APERTAB  PEDIGREE=MODEL
APERTAB  DESCRIP =Added/updated values for 31X0.05NDA,31X0.05NDB,31X0.05NDC apertures
APERTAB  DESCRIP =Bohlin/Hartig TIM Models Nov. 1998
GACTAB   oref$p9r19203o_gac.fits
GACTAB   PEDIGREE=INFLIGHT 22/04/2002 03/08/2004
GACTAB   DESCRIP =X1D flux corr for grating/aper combos
GACTAB   DESCRIP =Grating-Aperture Throughput Correction
PCTAB    oref$q541740po_pct.fits
PCTAB    PEDIGREE=INFLIGHT 18/05/1997 19/12/1998
PCTAB    DESCRIP =Sensitivity for diff. extractions heights
TDSTAB   oref$8712049eo_tds.fits
TDSTAB   PEDIGREE=INFLIGHT 01/04/1997 06/03/2024
TDSTAB   DESCRIP =Updated time sensitivities for MIRVIS, G230LB, and G230MB
FLUXCORR PERFORM
CTECORR  PERFORM
CCDTAB   oref$16j1600do_ccd.fits
CCDTAB   PEDIGREE=INFLIGHT 01/05/2009 01/05/2009
CCDTAB   DESCRIP =Updated amp=D gain=4 atodgain and corresponding readnoise values---
CCDTAB   DESCRIP =Proposal 8057, by I. Dashevsky & P. Goudfrooij
         GACTAB correction applied for G750L 52X0.2E1 7751
CTECORR  COMPLETE
FLUXCORR COMPLETE
SGEOCORR OMIT

         Row 1 written to disk.
Order 1  End 16:37:25 PDT

         trace was rotated by = 0.103574 degree.
Imset 1  End 16:37:25 PDT

Warning    Keyword `XTRACALG' is being added to header.
End      15-Aug-2026 16:37:25 PDT

*** CALSTIS-6 complete ***
4 STIS science exposures for 2025RYZ (0 dropped: texptime<5.0s)
X1D ofgd03010 G230LB es 7 flags none
X1D ofgd03020 G230LB es 7 flags none
X1D ofgd03030 G430L es 11 flags none
X1D ofgd03040 G750L es 15 flags ['no_defringe(no_flat)']
BATCHDONE

/home/ishaang6/miniforge3/envs/surf_uv/lib/python3.12/site-packages/stsci/tools/nmpfit.py:8: UserWarning: NMPFIT is deprecated - stsci.tools v 3.5 is the last version to contain it.
  warnings.warn("NMPFIT is deprecated - stsci.tools v 3.5 is the last version to contain it.")
/home/ishaang6/miniforge3/envs/surf_uv/lib/python3.12/site-packages/stsci/tools/gfit.py:18: UserWarning: GFIT is deprecated - stsci.tools v 3.4.12 is the last version to contain it.Use astropy.modeling instead.
  warnings.warn("GFIT is deprecated - stsci.tools v 3.4.12 is the last version to contain it."

$ /home/ishaang6/miniforge3/envs/surf_uv/bin/python /mnt/c/Users/eluru/CALTECH_SURF_2026/WORK/scripts/build_products.py 2025RYZ --outroot output5 --z 0.016201 --early-skip-dir  --expl-mjd 60879.145
built products for 2025RYZ: 1 epochs



===== SN2024FAQ  z=0.026  STIS=True COS=False =====
$ /home/ishaang6/miniforge3/envs/surf_uv/bin/python /mnt/c/Users/eluru/CALTECH_SURF_2026/WORK/scripts/download_all.py SN2024FAQ
INFO: Found cached file /mnt/c/Users/eluru/CALTECH_SURF_2026/WORK/data/SN2024FAQ/mastDownload/HST/of8br1040/of8br1040_crj.fits with expected size 10537920. [astroquery.query]
INFO: Found cached file /mnt/c/Users/eluru/CALTECH_SURF_2026/WORK/data/SN2024FAQ/mastDownload/HST/of8br1040/of8br1040_wav.fits with expected size 2260800. [astroquery.query]
INFO: Found cached file /mnt/c/Users/eluru/CALTECH_SURF_2026/WORK/data/SN2024FAQ/mastDownload/HST/of8br1040/of8br1040_raw.fits with expected size 4501440. [astroquery.query]
INFO: Found cached file /mnt/c/Users/eluru/CALTECH_SURF_2026/WORK/data/SN2024FAQ/mastDownload/HST/of8br1040/of8br1040_flt.fits with expected size 21052800. [astroquery.query]
INFO: Found cached file /mnt/c/Users/eluru/CALTECH_SURF_2026/WORK/data/SN2024FAQ/mastDownload/HST/of8br1020/of8br1020_crj.fits with expected size 10537920. [astroquery.query]
INFO: Found cached file /mnt/c/Users/eluru/CALTECH_SURF_2026/WORK/data/SN2024FAQ/mastDownload/HST/of8br1020/of8br1020_wav.fits with expected size 2260800. [astroquery.query]
INFO: Found cached file /mnt/c/Users/eluru/CALTECH_SURF_2026/WORK/data/SN2024FAQ/mastDownload/HST/of8br1020/of8br1020_raw.fits with expected size 6742080. [astroquery.query]
INFO: Found cached file /mnt/c/Users/eluru/CALTECH_SURF_2026/WORK/data/SN2024FAQ/mastDownload/HST/of8br1020/of8br1020_flt.fits with expected size 31567680. [astroquery.query]
INFO: Found cached file /mnt/c/Users/eluru/CALTECH_SURF_2026/WORK/data/SN2024FAQ/mastDownload/HST/of8br1030/of8br1030_crj.fits with expected size 10537920. [astroquery.query]
INFO: Found cached file /mnt/c/Users/eluru/CALTECH_SURF_2026/WORK/data/SN2024FAQ/mastDownload/HST/of8br1030/of8br1030_wav.fits with expected size 2260800. [astroquery.query]
INFO: Found cached file /mnt/c/Users/eluru/CALTECH_SURF_2026/WORK/data/SN2024FAQ/mastDownload/HST/of8br1030/of8br1030_raw.fits with expected size 4501440. [astroquery.query]
INFO: Found cached file /mnt/c/Users/eluru/CALTECH_SURF_2026/WORK/data/SN2024FAQ/mastDownload/HST/of8br1030/of8br1030_flt.fits with expected size 21052800. [astroquery.query]
INFO: Found cached file /mnt/c/Users/eluru/CALTECH_SURF_2026/WORK/data/SN2024FAQ/mastDownload/HST/of8br1010/of8br1010_crj.fits with expected size 10537920. [astroquery.query]
INFO: Found cached file /mnt/c/Users/eluru/CALTECH_SURF_2026/WORK/data/SN2024FAQ/mastDownload/HST/of8br1010/of8br1010_wav.fits with expected size 2260800. [astroquery.query]
INFO: Found cached file /mnt/c/Users/eluru/CALTECH_SURF_2026/WORK/data/SN2024FAQ/mastDownload/HST/of8br1010/of8br1010_raw.fits with expected size 6742080. [astroquery.query]
INFO: Found cached file /mnt/c/Users/eluru/CALTECH_SURF_2026/WORK/data/SN2024FAQ/mastDownload/HST/of8br1010/of8br1010_flt.fits with expected size 31567680. [astroquery.query]
SN2024FAQ: downloaded 16 products (4 obs)
DOWNLOADDONE


$ /home/ishaang6/miniforge3/envs/surf_uv/bin/python /mnt/c/Users/eluru/CALTECH_SURF_2026/WORK/scripts/reduce_stis_batch.py /mnt/c/Users/eluru/CALTECH_SURF_2026/WORK/data/SN2024FAQ SN2024FAQ --outroot output5 --z 0.026 --expl-mjd 60397.445
 and G230MB
FLUXCORR PERFORM
CTECORR  PERFORM
CCDTAB   oref$16j1600do_ccd.fits
CCDTAB   PEDIGREE=INFLIGHT 01/05/2009 01/05/2009
CCDTAB   DESCRIP =Updated amp=D gain=4 atodgain and corresponding readnoise values---
CCDTAB   DESCRIP =Proposal 8057, by I. Dashevsky & P. Goudfrooij
Warning    No exact extraction box height match in PCTAB.
Warning    Using entry for height 11
         GACTAB correction applied for G430L 52X0.2E1 4300
CTECORR  COMPLETE
FLUXCORR COMPLETE
SGEOCORR OMIT

         Row 1 written to disk.
Order 1  End 16:37:23 PDT

         trace was rotated by = 0.0837206 degree.
Imset 1  End 16:37:23 PDT

Warning    Keyword `XTRACALG' is being added to header.
End      15-Aug-2026 16:37:23 PDT

*** CALSTIS-6 complete ***
git tag: 4ac2384-dirty
git branch: main
HEAD @: 4ac2384d4b81f58ea6aed6f2977aadc15beb6b0f

*** CALSTIS-6 -- Version 3.5.0 (02-Feb-2026) ***
Begin    15-Aug-2026 16:37:24 PDT

INFO     'E1' has been appended to aperture
Input    /mnt/c/Users/eluru/CALTECH_SURF_2026/WORK/data/SN2024FAQ/mastDownload/HST/of8br1040/of8br1040_crj.fits
Output   output5/SN2024FAQ/STIS/CCD/2024-04-04_day7/G750L/of8br1040_x1d.fits
Rootname of8br1040
OBSMODE  ACCUM
APERTURE 52X0.2E1
OPT_ELEM G750L
DETECTOR CCD

XTRACTAB oref$n7p1031qo_1dx.fits
XTRACTAB PEDIGREE=INFLIGHT 18/05/97
XTRACTAB DESCRIP =Analysis from prop. 7094
XTRACTAB DESCRIP =Analysis from prop. 7094
SPTRCTAB oref$qa31608go_1dt.fits
SPTRCTAB PEDIGREE=INFLIGHT 02/09/1997 13/02/1998
SPTRCTAB DESCRIP =New traces to account for angle change with time

Imset 1  Begin 16:37:24 PDT
         Input read into memory.
Order 1  Begin 16:37:25 PDT
X1DCORR  PERFORM
BACKCORR PERFORM
******** Calling Slfit ***********
BACKCORR COMPLETE
X1DCORR  COMPLETE
         Spectrum extracted at y position = 894.759

DISPCORR PERFORM
DISPTAB  oref$l2j0137to_dsp.fits
DISPTAB  PEDIGREE=INFLIGHT 27/02/1997 24/11/1999
DISPTAB  DESCRIP =Lindler, May 2000
DISPTAB  DESCRIP =Lindler Postlaunch, May 2000
APDESTAB oref$16j16005o_apd.fits
APDESTAB PEDIGREE=INFLIGHT 01/03/1997 13/06/2017
APDESTAB DESCRIP =Aligned long-slit bar positions for single-bar cases.--------------
APDESTAB DESCRIP =Offset relative to row 900
INANGTAB oref$h5s11397o_iac.fits
INANGTAB DESCRIP =Model/C. Bowers May 6, 1997
DISPCORR COMPLETE

HELCORR  PERFORM
HELCORR  COMPLETE

PHOTTAB  oref$95118575o_pht.fits
PHOTTAB  PEDIGREE=INFLIGHT 27/02/1997 16/03/2021
PHOTTAB  DESCRIP =Fullerton 2025 calibration
APERTAB  oref$y2r1559to_apt.fits
APERTAB  PEDIGREE=MODEL
APERTAB  DESCRIP =Added/updated values for 31X0.05NDA,31X0.05NDB,31X0.05NDC apertures
APERTAB  DESCRIP =Bohlin/Hartig TIM Models Nov. 1998
GACTAB   oref$p9r19203o_gac.fits
GACTAB   PEDIGREE=INFLIGHT 22/04/2002 03/08/2004
GACTAB   DESCRIP =X1D flux corr for grating/aper combos
GACTAB   DESCRIP =Grating-Aperture Throughput Correction
PCTAB    oref$q541740po_pct.fits
PCTAB    PEDIGREE=INFLIGHT 18/05/1997 19/12/1998
PCTAB    DESCRIP =Sensitivity for diff. extractions heights
TDSTAB   oref$8712049eo_tds.fits
TDSTAB   PEDIGREE=INFLIGHT 01/04/1997 06/03/2024
TDSTAB   DESCRIP =Updated time sensitivities for MIRVIS, G230LB, and G230MB
FLUXCORR PERFORM
CTECORR  PERFORM
CCDTAB   oref$16j1600do_ccd.fits
CCDTAB   PEDIGREE=INFLIGHT 01/05/2009 01/05/2009
CCDTAB   DESCRIP =Updated amp=D gain=4 atodgain and corresponding readnoise values---
CCDTAB   DESCRIP =Proposal 8057, by I. Dashevsky & P. Goudfrooij
         GACTAB correction applied for G750L 52X0.2E1 7751
CTECORR  COMPLETE
FLUXCORR COMPLETE
SGEOCORR OMIT

         Row 1 written to disk.
Order 1  End 16:37:25 PDT

         trace was rotated by = 0.0986798 degree.
Imset 1  End 16:37:25 PDT

Warning    Keyword `XTRACALG' is being added to header.
End      15-Aug-2026 16:37:26 PDT

*** CALSTIS-6 complete ***
4 STIS science exposures for SN2024FAQ (0 dropped: texptime<5.0s)
X1D of8br1010 G230LB es 7 flags none
X1D of8br1020 G230LB es 7 flags none
X1D of8br1030 G430L es 13 flags none
X1D of8br1040 G750L es 15 flags ['no_defringe(no_flat)']
BATCHDONE

/home/ishaang6/miniforge3/envs/surf_uv/lib/python3.12/site-packages/stsci/tools/nmpfit.py:8: UserWarning: NMPFIT is deprecated - stsci.tools v 3.5 is the last version to contain it.
  warnings.warn("NMPFIT is deprecated - stsci.tools v 3.5 is the last version to contain it.")
/home/ishaang6/miniforge3/envs/surf_uv/lib/python3.12/site-packages/stsci/tools/gfit.py:18: UserWarning: GFIT is deprecated - stsci.tools v 3.4.12 is the last version to contain it.Use astropy.modeling instead.
  warnings.warn("GFIT is deprecated - stsci.tools v 3.4.12 is the last version to contain it."

$ /home/ishaang6/miniforge3/envs/surf_uv/bin/python /mnt/c/Users/eluru/CALTECH_SURF_2026/WORK/scripts/build_products.py SN2024FAQ --outroot output5 --z 0.026 --early-skip-dir  --expl-mjd 60397.445
built products for SN2024FAQ: 1 epochs



===== SN2023GFT  z=0.0098  STIS=True COS=False =====
$ /home/ishaang6/miniforge3/envs/surf_uv/bin/python /mnt/c/Users/eluru/CALTECH_SURF_2026/WORK/scripts/download_all.py SN2023GFT
INFO: Found cached file /mnt/c/Users/eluru/CALTECH_SURF_2026/WORK/data/SN2023GFT/mastDownload/HST/oevi02010/oevi02010_wav.fits with expected size 4262400. [astroquery.query]
INFO: Found cached file /mnt/c/Users/eluru/CALTECH_SURF_2026/WORK/data/SN2023GFT/mastDownload/HST/oevi02010/oevi02010_raw.fits with expected size 8429760. [astroquery.query]
INFO: Found cached file /mnt/c/Users/eluru/CALTECH_SURF_2026/WORK/data/SN2023GFT/mastDownload/HST/oevi02010/oevi02010_flt.fits with expected size 10535040. [astroquery.query]
INFO: Found cached file /mnt/c/Users/eluru/CALTECH_SURF_2026/WORK/data/SN2023GFT/mastDownload/HST/oevi02020/oevi02020_wav.fits with expected size 4262400. [astroquery.query]
INFO: Found cached file /mnt/c/Users/eluru/CALTECH_SURF_2026/WORK/data/SN2023GFT/mastDownload/HST/oevi02020/oevi02020_raw.fits with expected size 8429760. [astroquery.query]
INFO: Found cached file /mnt/c/Users/eluru/CALTECH_SURF_2026/WORK/data/SN2023GFT/mastDownload/HST/oevi02020/oevi02020_flt.fits with expected size 10535040. [astroquery.query]
INFO: Found cached file /mnt/c/Users/eluru/CALTECH_SURF_2026/WORK/data/SN2023GFT/mastDownload/HST/oevi02030/oevi02030_crj.fits with expected size 10537920. [astroquery.query]
INFO: Found cached file /mnt/c/Users/eluru/CALTECH_SURF_2026/WORK/data/SN2023GFT/mastDownload/HST/oevi02030/oevi02030_wav.fits with expected size 2260800. [astroquery.query]
INFO: Found cached file /mnt/c/Users/eluru/CALTECH_SURF_2026/WORK/data/SN2023GFT/mastDownload/HST/oevi02030/oevi02030_raw.fits with expected size 4501440. [astroquery.query]
INFO: Found cached file /mnt/c/Users/eluru/CALTECH_SURF_2026/WORK/data/SN2023GFT/mastDownload/HST/oevi02030/oevi02030_flt.fits with expected size 21052800. [astroquery.query]
INFO: Found cached file /mnt/c/Users/eluru/CALTECH_SURF_2026/WORK/data/SN2023GFT/mastDownload/HST/oevi02040/oevi02040_crj.fits with expected size 10537920. [astroquery.query]
INFO: Found cached file /mnt/c/Users/eluru/CALTECH_SURF_2026/WORK/data/SN2023GFT/mastDownload/HST/oevi02040/oevi02040_wav.fits with expected size 2260800. [astroquery.query]
INFO: Found cached file /mnt/c/Users/eluru/CALTECH_SURF_2026/WORK/data/SN2023GFT/mastDownload/HST/oevi02040/oevi02040_raw.fits with expected size 4501440. [astroquery.query]
INFO: Found cached file /mnt/c/Users/eluru/CALTECH_SURF_2026/WORK/data/SN2023GFT/mastDownload/HST/oevi02040/oevi02040_flt.fits with expected size 21052800. [astroquery.query]
SN2023GFT: downloaded 14 products (4 obs)
DOWNLOADDONE


$ /home/ishaang6/miniforge3/envs/surf_uv/bin/python /mnt/c/Users/eluru/CALTECH_SURF_2026/WORK/scripts/reduce_stis_batch.py /mnt/c/Users/eluru/CALTECH_SURF_2026/WORK/data/SN2023GFT SN2023GFT --outroot output5 --z 0.0098 --expl-mjd 60054.379
 and G230MB
FLUXCORR PERFORM
CTECORR  PERFORM
CCDTAB   oref$16j1600do_ccd.fits
CCDTAB   PEDIGREE=INFLIGHT 01/05/2009 01/05/2009
CCDTAB   DESCRIP =Updated amp=D gain=4 atodgain and corresponding readnoise values---
CCDTAB   DESCRIP =Proposal 8057, by I. Dashevsky & P. Goudfrooij
         GACTAB correction applied for G430L 52X0.2E1 4300
CTECORR  COMPLETE
FLUXCORR COMPLETE
SGEOCORR OMIT

         Row 1 written to disk.
Order 1  End 16:37:27 PDT

         trace was rotated by = 0.0800553 degree.
Imset 1  End 16:37:27 PDT

Warning    Keyword `XTRACALG' is being added to header.
End      15-Aug-2026 16:37:27 PDT

*** CALSTIS-6 complete ***
git tag: 4ac2384-dirty
git branch: main
HEAD @: 4ac2384d4b81f58ea6aed6f2977aadc15beb6b0f

*** CALSTIS-6 -- Version 3.5.0 (02-Feb-2026) ***
Begin    15-Aug-2026 16:37:28 PDT

INFO     'E1' has been appended to aperture
Input    /mnt/c/Users/eluru/CALTECH_SURF_2026/WORK/data/SN2023GFT/mastDownload/HST/oevi02040/oevi02040_crj.fits
Output   output5/SN2023GFT/STIS/CCD/2023-05-14_day24/G750L/oevi02040_x1d.fits
Rootname oevi02040
OBSMODE  ACCUM
APERTURE 52X0.2E1
OPT_ELEM G750L
DETECTOR CCD

XTRACTAB oref$n7p1031qo_1dx.fits
XTRACTAB PEDIGREE=INFLIGHT 18/05/97
XTRACTAB DESCRIP =Analysis from prop. 7094
XTRACTAB DESCRIP =Analysis from prop. 7094
SPTRCTAB oref$qa31608go_1dt.fits
SPTRCTAB PEDIGREE=INFLIGHT 02/09/1997 13/02/1998
SPTRCTAB DESCRIP =New traces to account for angle change with time

Imset 1  Begin 16:37:28 PDT
         Input read into memory.
Order 1  Begin 16:37:30 PDT
X1DCORR  PERFORM
BACKCORR PERFORM
******** Calling Slfit ***********
BACKCORR COMPLETE
X1DCORR  COMPLETE
         Spectrum extracted at y position = 894.996

DISPCORR PERFORM
DISPTAB  oref$l2j0137to_dsp.fits
DISPTAB  PEDIGREE=INFLIGHT 27/02/1997 24/11/1999
DISPTAB  DESCRIP =Lindler, May 2000
DISPTAB  DESCRIP =Lindler Postlaunch, May 2000
APDESTAB oref$16j16005o_apd.fits
APDESTAB PEDIGREE=INFLIGHT 01/03/1997 13/06/2017
APDESTAB DESCRIP =Aligned long-slit bar positions for single-bar cases.--------------
APDESTAB DESCRIP =Offset relative to row 900
INANGTAB oref$h5s11397o_iac.fits
INANGTAB DESCRIP =Model/C. Bowers May 6, 1997
DISPCORR COMPLETE

HELCORR  PERFORM
HELCORR  COMPLETE

PHOTTAB  oref$95118575o_pht.fits
PHOTTAB  PEDIGREE=INFLIGHT 27/02/1997 16/03/2021
PHOTTAB  DESCRIP =Fullerton 2025 calibration
APERTAB  oref$y2r1559to_apt.fits
APERTAB  PEDIGREE=MODEL
APERTAB  DESCRIP =Added/updated values for 31X0.05NDA,31X0.05NDB,31X0.05NDC apertures
APERTAB  DESCRIP =Bohlin/Hartig TIM Models Nov. 1998
GACTAB   oref$p9r19203o_gac.fits
GACTAB   PEDIGREE=INFLIGHT 22/04/2002 03/08/2004
GACTAB   DESCRIP =X1D flux corr for grating/aper combos
GACTAB   DESCRIP =Grating-Aperture Throughput Correction
PCTAB    oref$q541740po_pct.fits
PCTAB    PEDIGREE=INFLIGHT 18/05/1997 19/12/1998
PCTAB    DESCRIP =Sensitivity for diff. extractions heights
TDSTAB   oref$8712049eo_tds.fits
TDSTAB   PEDIGREE=INFLIGHT 01/04/1997 06/03/2024
TDSTAB   DESCRIP =Updated time sensitivities for MIRVIS, G230LB, and G230MB
FLUXCORR PERFORM
CTECORR  PERFORM
CCDTAB   oref$16j1600do_ccd.fits
CCDTAB   PEDIGREE=INFLIGHT 01/05/2009 01/05/2009
CCDTAB   DESCRIP =Updated amp=D gain=4 atodgain and corresponding readnoise values---
CCDTAB   DESCRIP =Proposal 8057, by I. Dashevsky & P. Goudfrooij
Warning    No exact extraction box height match in PCTAB.
Warning    Using entry for height 15
         GACTAB correction applied for G750L 52X0.2E1 7751
CTECORR  COMPLETE
FLUXCORR COMPLETE
SGEOCORR OMIT

         Row 1 written to disk.
Order 1  End 16:37:30 PDT

         trace was rotated by = 0.095372 degree.
Imset 1  End 16:37:30 PDT

Warning    Keyword `XTRACALG' is being added to header.
End      15-Aug-2026 16:37:30 PDT

*** CALSTIS-6 complete ***
4 STIS science exposures for SN2023GFT (0 dropped: texptime<5.0s)
X1D oevi02010 G230L es 11 flags none
X1D oevi02020 G230L es 11 flags none
X1D oevi02030 G430L es 15 flags none
X1D oevi02040 G750L es 17 flags ['no_defringe(no_flat)']
BATCHDONE

/home/ishaang6/miniforge3/envs/surf_uv/lib/python3.12/site-packages/stsci/tools/nmpfit.py:8: UserWarning: NMPFIT is deprecated - stsci.tools v 3.5 is the last version to contain it.
  warnings.warn("NMPFIT is deprecated - stsci.tools v 3.5 is the last version to contain it.")
/home/ishaang6/miniforge3/envs/surf_uv/lib/python3.12/site-packages/stsci/tools/gfit.py:18: UserWarning: GFIT is deprecated - stsci.tools v 3.4.12 is the last version to contain it.Use astropy.modeling instead.
  warnings.warn("GFIT is deprecated - stsci.tools v 3.4.12 is the last version to contain it."

$ /home/ishaang6/miniforge3/envs/surf_uv/bin/python /mnt/c/Users/eluru/CALTECH_SURF_2026/WORK/scripts/build_products.py SN2023GFT --outroot output5 --z 0.0098 --early-skip-dir  --expl-mjd 60054.379
built products for SN2023GFT: 1 epochs



===== SN2024PSO  z=0.018  STIS=True COS=False =====
$ /home/ishaang6/miniforge3/envs/surf_uv/bin/python /mnt/c/Users/eluru/CALTECH_SURF_2026/WORK/scripts/download_all.py SN2024PSO
INFO: Found cached file /mnt/c/Users/eluru/CALTECH_SURF_2026/WORK/data/SN2024PSO/mastDownload/HST/of8b03020/of8b03020_crj.fits with expected size 10537920. [astroquery.query]
INFO: Found cached file /mnt/c/Users/eluru/CALTECH_SURF_2026/WORK/data/SN2024PSO/mastDownload/HST/of8b03020/of8b03020_wav.fits with expected size 2260800. [astroquery.query]
INFO: Found cached file /mnt/c/Users/eluru/CALTECH_SURF_2026/WORK/data/SN2024PSO/mastDownload/HST/of8b03020/of8b03020_raw.fits with expected size 6742080. [astroquery.query]
INFO: Found cached file /mnt/c/Users/eluru/CALTECH_SURF_2026/WORK/data/SN2024PSO/mastDownload/HST/of8b03020/of8b03020_flt.fits with expected size 31567680. [astroquery.query]
INFO: Found cached file /mnt/c/Users/eluru/CALTECH_SURF_2026/WORK/data/SN2024PSO/mastDownload/HST/of8b03030/of8b03030_crj.fits with expected size 10537920. [astroquery.query]
INFO: Found cached file /mnt/c/Users/eluru/CALTECH_SURF_2026/WORK/data/SN2024PSO/mastDownload/HST/of8b03030/of8b03030_wav.fits with expected size 2260800. [astroquery.query]
INFO: Found cached file /mnt/c/Users/eluru/CALTECH_SURF_2026/WORK/data/SN2024PSO/mastDownload/HST/of8b03030/of8b03030_raw.fits with expected size 4501440. [astroquery.query]
INFO: Found cached file /mnt/c/Users/eluru/CALTECH_SURF_2026/WORK/data/SN2024PSO/mastDownload/HST/of8b03030/of8b03030_flt.fits with expected size 21052800. [astroquery.query]
INFO: Found cached file /mnt/c/Users/eluru/CALTECH_SURF_2026/WORK/data/SN2024PSO/mastDownload/HST/of8b03010/of8b03010_crj.fits with expected size 10537920. [astroquery.query]
INFO: Found cached file /mnt/c/Users/eluru/CALTECH_SURF_2026/WORK/data/SN2024PSO/mastDownload/HST/of8b03010/of8b03010_wav.fits with expected size 2260800. [astroquery.query]
INFO: Found cached file /mnt/c/Users/eluru/CALTECH_SURF_2026/WORK/data/SN2024PSO/mastDownload/HST/of8b03010/of8b03010_raw.fits with expected size 6742080. [astroquery.query]
INFO: Found cached file /mnt/c/Users/eluru/CALTECH_SURF_2026/WORK/data/SN2024PSO/mastDownload/HST/of8b03010/of8b03010_flt.fits with expected size 31567680. [astroquery.query]
INFO: Found cached file /mnt/c/Users/eluru/CALTECH_SURF_2026/WORK/data/SN2024PSO/mastDownload/HST/of8b03040/of8b03040_crj.fits with expected size 10537920. [astroquery.query]
INFO: Found cached file /mnt/c/Users/eluru/CALTECH_SURF_2026/WORK/data/SN2024PSO/mastDownload/HST/of8b03040/of8b03040_wav.fits with expected size 2260800. [astroquery.query]
INFO: Found cached file /mnt/c/Users/eluru/CALTECH_SURF_2026/WORK/data/SN2024PSO/mastDownload/HST/of8b03040/of8b03040_raw.fits with expected size 4501440. [astroquery.query]
INFO: Found cached file /mnt/c/Users/eluru/CALTECH_SURF_2026/WORK/data/SN2024PSO/mastDownload/HST/of8b03040/of8b03040_flt.fits with expected size 21052800. [astroquery.query]
SN2024PSO: downloaded 16 products (4 obs)
DOWNLOADDONE


$ /home/ishaang6/miniforge3/envs/surf_uv/bin/python /mnt/c/Users/eluru/CALTECH_SURF_2026/WORK/scripts/reduce_stis_batch.py /mnt/c/Users/eluru/CALTECH_SURF_2026/WORK/data/SN2024PSO SN2024PSO --outroot output5 --z 0.018 --expl-mjd 60509.537
sensitivities for MIRVIS, G230LB, and G230MB
FLUXCORR PERFORM
CTECORR  PERFORM
CCDTAB   oref$16j1600do_ccd.fits
CCDTAB   PEDIGREE=INFLIGHT 01/05/2009 01/05/2009
CCDTAB   DESCRIP =Updated amp=D gain=4 atodgain and corresponding readnoise values---
CCDTAB   DESCRIP =Proposal 8057, by I. Dashevsky & P. Goudfrooij
         GACTAB correction applied for G430L 52X0.2E1 4300
CTECORR  COMPLETE
FLUXCORR COMPLETE
SGEOCORR OMIT

         Row 1 written to disk.
Order 1  End 16:37:37 PDT

         trace was rotated by = 0.0849879 degree.
Imset 1  End 16:37:37 PDT

Warning    Keyword `XTRACALG' is being added to header.
End      15-Aug-2026 16:37:37 PDT

*** CALSTIS-6 complete ***
git tag: 4ac2384-dirty
git branch: main
HEAD @: 4ac2384d4b81f58ea6aed6f2977aadc15beb6b0f

*** CALSTIS-6 -- Version 3.5.0 (02-Feb-2026) ***
Begin    15-Aug-2026 16:37:38 PDT

INFO     'E1' has been appended to aperture
Input    /mnt/c/Users/eluru/CALTECH_SURF_2026/WORK/data/SN2024PSO/mastDownload/HST/of8b03040/of8b03040_crj.fits
Output   output5/SN2024PSO/STIS/CCD/2024-07-26_day8/G750L/of8b03040_x1d.fits
Rootname of8b03040
OBSMODE  ACCUM
APERTURE 52X0.2E1
OPT_ELEM G750L
DETECTOR CCD

XTRACTAB oref$n7p1031qo_1dx.fits
XTRACTAB PEDIGREE=INFLIGHT 18/05/97
XTRACTAB DESCRIP =Analysis from prop. 7094
XTRACTAB DESCRIP =Analysis from prop. 7094
SPTRCTAB oref$qa31608go_1dt.fits
SPTRCTAB PEDIGREE=INFLIGHT 02/09/1997 13/02/1998
SPTRCTAB DESCRIP =New traces to account for angle change with time

Imset 1  Begin 16:37:38 PDT
         Input read into memory.
Order 1  Begin 16:37:39 PDT
X1DCORR  PERFORM
BACKCORR PERFORM
******** Calling Slfit ***********
BACKCORR COMPLETE
X1DCORR  COMPLETE
         Spectrum extracted at y position = 894.361

DISPCORR PERFORM
DISPTAB  oref$l2j0137to_dsp.fits
DISPTAB  PEDIGREE=INFLIGHT 27/02/1997 24/11/1999
DISPTAB  DESCRIP =Lindler, May 2000
DISPTAB  DESCRIP =Lindler Postlaunch, May 2000
APDESTAB oref$16j16005o_apd.fits
APDESTAB PEDIGREE=INFLIGHT 01/03/1997 13/06/2017
APDESTAB DESCRIP =Aligned long-slit bar positions for single-bar cases.--------------
APDESTAB DESCRIP =Offset relative to row 900
INANGTAB oref$h5s11397o_iac.fits
INANGTAB DESCRIP =Model/C. Bowers May 6, 1997
DISPCORR COMPLETE

HELCORR  PERFORM
HELCORR  COMPLETE

PHOTTAB  oref$95118575o_pht.fits
PHOTTAB  PEDIGREE=INFLIGHT 27/02/1997 16/03/2021
PHOTTAB  DESCRIP =Fullerton 2025 calibration
APERTAB  oref$y2r1559to_apt.fits
APERTAB  PEDIGREE=MODEL
APERTAB  DESCRIP =Added/updated values for 31X0.05NDA,31X0.05NDB,31X0.05NDC apertures
APERTAB  DESCRIP =Bohlin/Hartig TIM Models Nov. 1998
GACTAB   oref$p9r19203o_gac.fits
GACTAB   PEDIGREE=INFLIGHT 22/04/2002 03/08/2004
GACTAB   DESCRIP =X1D flux corr for grating/aper combos
GACTAB   DESCRIP =Grating-Aperture Throughput Correction
PCTAB    oref$q541740po_pct.fits
PCTAB    PEDIGREE=INFLIGHT 18/05/1997 19/12/1998
PCTAB    DESCRIP =Sensitivity for diff. extractions heights
TDSTAB   oref$8712049eo_tds.fits
TDSTAB   PEDIGREE=INFLIGHT 01/04/1997 06/03/2024
TDSTAB   DESCRIP =Updated time sensitivities for MIRVIS, G230LB, and G230MB
FLUXCORR PERFORM
CTECORR  PERFORM
CCDTAB   oref$16j1600do_ccd.fits
CCDTAB   PEDIGREE=INFLIGHT 01/05/2009 01/05/2009
CCDTAB   DESCRIP =Updated amp=D gain=4 atodgain and corresponding readnoise values---
CCDTAB   DESCRIP =Proposal 8057, by I. Dashevsky & P. Goudfrooij
         GACTAB correction applied for G750L 52X0.2E1 7751
CTECORR  COMPLETE
FLUXCORR COMPLETE
SGEOCORR OMIT

         Row 1 written to disk.
Order 1  End 16:37:40 PDT

         trace was rotated by = 0.0998234 degree.
Imset 1  End 16:37:40 PDT

Warning    Keyword `XTRACALG' is being added to header.
End      15-Aug-2026 16:37:40 PDT

*** CALSTIS-6 complete ***
4 STIS science exposures for SN2024PSO (0 dropped: texptime<5.0s)
X1D of8b03010 G230LB es 7 flags ['center_mismatch(949vs893)']
RETRY-FINDER of8b03020 a2center=893.2
X1D of8b03020 G230LB es 7 flags none
X1D of8b03030 G430L es 9 flags none
X1D of8b03040 G750L es 15 flags ['no_defringe(no_flat)']
BATCHDONE

/home/ishaang6/miniforge3/envs/surf_uv/lib/python3.12/site-packages/stsci/tools/nmpfit.py:8: UserWarning: NMPFIT is deprecated - stsci.tools v 3.5 is the last version to contain it.
  warnings.warn("NMPFIT is deprecated - stsci.tools v 3.5 is the last version to contain it.")
/home/ishaang6/miniforge3/envs/surf_uv/lib/python3.12/site-packages/stsci/tools/gfit.py:18: UserWarning: GFIT is deprecated - stsci.tools v 3.4.12 is the last version to contain it.Use astropy.modeling instead.
  warnings.warn("GFIT is deprecated - stsci.tools v 3.4.12 is the last version to contain it."

$ /home/ishaang6/miniforge3/envs/surf_uv/bin/python /mnt/c/Users/eluru/CALTECH_SURF_2026/WORK/scripts/build_products.py SN2024PSO --outroot output5 --z 0.018 --early-skip-dir  --expl-mjd 60509.537
built products for SN2024PSO: 1 epochs



===== AT2021JAD  z=0.0061  STIS=True COS=False =====
$ /home/ishaang6/miniforge3/envs/surf_uv/bin/python /mnt/c/Users/eluru/CALTECH_SURF_2026/WORK/scripts/download_all.py AT2021JAD
INFO: Found cached file /mnt/c/Users/eluru/CALTECH_SURF_2026/WORK/data/AT2021JAD/mastDownload/HST/oeax06040/oeax06040_crj.fits with expected size 10537920. [astroquery.query]
INFO: Found cached file /mnt/c/Users/eluru/CALTECH_SURF_2026/WORK/data/AT2021JAD/mastDownload/HST/oeax06040/oeax06040_wav.fits with expected size 2260800. [astroquery.query]
INFO: Found cached file /mnt/c/Users/eluru/CALTECH_SURF_2026/WORK/data/AT2021JAD/mastDownload/HST/oeax06040/oeax06040_raw.fits with expected size 4501440. [astroquery.query]
INFO: Found cached file /mnt/c/Users/eluru/CALTECH_SURF_2026/WORK/data/AT2021JAD/mastDownload/HST/oeax06040/oeax06040_flt.fits with expected size 21052800. [astroquery.query]
INFO: Found cached file /mnt/c/Users/eluru/CALTECH_SURF_2026/WORK/data/AT2021JAD/mastDownload/HST/oeax06010/oeax06010_wav.fits with expected size 4262400. [astroquery.query]
INFO: Found cached file /mnt/c/Users/eluru/CALTECH_SURF_2026/WORK/data/AT2021JAD/mastDownload/HST/oeax06010/oeax06010_raw.fits with expected size 8429760. [astroquery.query]
INFO: Found cached file /mnt/c/Users/eluru/CALTECH_SURF_2026/WORK/data/AT2021JAD/mastDownload/HST/oeax06010/oeax06010_flt.fits with expected size 10535040. [astroquery.query]
INFO: Found cached file /mnt/c/Users/eluru/CALTECH_SURF_2026/WORK/data/AT2021JAD/mastDownload/HST/oeax06030/oeax06030_crj.fits with expected size 10537920. [astroquery.query]
INFO: Found cached file /mnt/c/Users/eluru/CALTECH_SURF_2026/WORK/data/AT2021JAD/mastDownload/HST/oeax06030/oeax06030_wav.fits with expected size 2260800. [astroquery.query]
INFO: Found cached file /mnt/c/Users/eluru/CALTECH_SURF_2026/WORK/data/AT2021JAD/mastDownload/HST/oeax06030/oeax06030_raw.fits with expected size 4501440. [astroquery.query]
INFO: Found cached file /mnt/c/Users/eluru/CALTECH_SURF_2026/WORK/data/AT2021JAD/mastDownload/HST/oeax06030/oeax06030_flt.fits with expected size 21052800. [astroquery.query]
INFO: Found cached file /mnt/c/Users/eluru/CALTECH_SURF_2026/WORK/data/AT2021JAD/mastDownload/HST/oeax06020/oeax06020_wav.fits with expected size 4262400. [astroquery.query]
INFO: Found cached file /mnt/c/Users/eluru/CALTECH_SURF_2026/WORK/data/AT2021JAD/mastDownload/HST/oeax06020/oeax06020_raw.fits with expected size 8429760. [astroquery.query]
INFO: Found cached file /mnt/c/Users/eluru/CALTECH_SURF_2026/WORK/data/AT2021JAD/mastDownload/HST/oeax06020/oeax06020_flt.fits with expected size 10535040. [astroquery.query]
AT2021JAD: downloaded 14 products (4 obs)
DOWNLOADDONE


$ /home/ishaang6/miniforge3/envs/surf_uv/bin/python /mnt/c/Users/eluru/CALTECH_SURF_2026/WORK/scripts/reduce_stis_batch.py /mnt/c/Users/eluru/CALTECH_SURF_2026/WORK/data/AT2021JAD AT2021JAD --outroot output5 --z 0.0061 --expl-mjd 59315.234
, and G230MB
FLUXCORR PERFORM
CTECORR  PERFORM
CCDTAB   oref$16j1600do_ccd.fits
CCDTAB   PEDIGREE=INFLIGHT 01/05/2009 01/05/2009
CCDTAB   DESCRIP =Updated amp=D gain=4 atodgain and corresponding readnoise values---
CCDTAB   DESCRIP =Proposal 8057, by I. Dashevsky & P. Goudfrooij
         GACTAB correction applied for G430L 52X0.2E1 4300
CTECORR  COMPLETE
FLUXCORR COMPLETE
SGEOCORR OMIT

         Row 1 written to disk.
Order 1  End 16:38:15 PDT

         trace was rotated by = 0.07168 degree.
Imset 1  End 16:38:15 PDT

Warning    Keyword `XTRACALG' is being added to header.
End      15-Aug-2026 16:38:15 PDT

*** CALSTIS-6 complete ***
git tag: 4ac2384-dirty
git branch: main
HEAD @: 4ac2384d4b81f58ea6aed6f2977aadc15beb6b0f

*** CALSTIS-6 -- Version 3.5.0 (02-Feb-2026) ***
Begin    15-Aug-2026 16:38:16 PDT

INFO     'E1' has been appended to aperture
Input    /mnt/c/Users/eluru/CALTECH_SURF_2026/WORK/data/AT2021JAD/mastDownload/HST/oeax06040/oeax06040_crj.fits
Output   output5/AT2021JAD/STIS/CCD/2021-04-28_day17/G750L/oeax06040_x1d.fits
Rootname oeax06040
OBSMODE  ACCUM
APERTURE 52X0.2E1
OPT_ELEM G750L
DETECTOR CCD

XTRACTAB oref$n7p1031qo_1dx.fits
XTRACTAB PEDIGREE=INFLIGHT 18/05/97
XTRACTAB DESCRIP =Analysis from prop. 7094
XTRACTAB DESCRIP =Analysis from prop. 7094
SPTRCTAB oref$qa31608go_1dt.fits
SPTRCTAB PEDIGREE=INFLIGHT 02/09/1997 13/02/1998
SPTRCTAB DESCRIP =New traces to account for angle change with time

Imset 1  Begin 16:38:16 PDT
         Input read into memory.
Order 1  Begin 16:38:17 PDT
X1DCORR  PERFORM
BACKCORR PERFORM
******** Calling Slfit ***********
BACKCORR COMPLETE
X1DCORR  COMPLETE
         Spectrum extracted at y position = 893.632

DISPCORR PERFORM
DISPTAB  oref$l2j0137to_dsp.fits
DISPTAB  PEDIGREE=INFLIGHT 27/02/1997 24/11/1999
DISPTAB  DESCRIP =Lindler, May 2000
DISPTAB  DESCRIP =Lindler Postlaunch, May 2000
APDESTAB oref$16j16005o_apd.fits
APDESTAB PEDIGREE=INFLIGHT 01/03/1997 13/06/2017
APDESTAB DESCRIP =Aligned long-slit bar positions for single-bar cases.--------------
APDESTAB DESCRIP =Offset relative to row 900
INANGTAB oref$h5s11397o_iac.fits
INANGTAB DESCRIP =Model/C. Bowers May 6, 1997
DISPCORR COMPLETE

HELCORR  PERFORM
HELCORR  COMPLETE

PHOTTAB  oref$95118575o_pht.fits
PHOTTAB  PEDIGREE=INFLIGHT 27/02/1997 16/03/2021
PHOTTAB  DESCRIP =Fullerton 2025 calibration
APERTAB  oref$y2r1559to_apt.fits
APERTAB  PEDIGREE=MODEL
APERTAB  DESCRIP =Added/updated values for 31X0.05NDA,31X0.05NDB,31X0.05NDC apertures
APERTAB  DESCRIP =Bohlin/Hartig TIM Models Nov. 1998
GACTAB   oref$p9r19203o_gac.fits
GACTAB   PEDIGREE=INFLIGHT 22/04/2002 03/08/2004
GACTAB   DESCRIP =X1D flux corr for grating/aper combos
GACTAB   DESCRIP =Grating-Aperture Throughput Correction
PCTAB    oref$q541740po_pct.fits
PCTAB    PEDIGREE=INFLIGHT 18/05/1997 19/12/1998
PCTAB    DESCRIP =Sensitivity for diff. extractions heights
TDSTAB   oref$8712049eo_tds.fits
TDSTAB   PEDIGREE=INFLIGHT 01/04/1997 06/03/2024
TDSTAB   DESCRIP =Updated time sensitivities for MIRVIS, G230LB, and G230MB
FLUXCORR PERFORM
CTECORR  PERFORM
CCDTAB   oref$16j1600do_ccd.fits
CCDTAB   PEDIGREE=INFLIGHT 01/05/2009 01/05/2009
CCDTAB   DESCRIP =Updated amp=D gain=4 atodgain and corresponding readnoise values---
CCDTAB   DESCRIP =Proposal 8057, by I. Dashevsky & P. Goudfrooij
Warning    No exact extraction box height match in PCTAB.
Warning    Using entry for height 21
         GACTAB correction applied for G750L 52X0.2E1 7751
CTECORR  COMPLETE
FLUXCORR COMPLETE
SGEOCORR OMIT

         Row 1 written to disk.
Order 1  End 16:38:17 PDT

         trace was rotated by = 0.0878138 degree.
Imset 1  End 16:38:17 PDT

Warning    Keyword `XTRACALG' is being added to header.
End      15-Aug-2026 16:38:17 PDT

*** CALSTIS-6 complete ***
4 STIS science exposures for AT2021JAD (0 dropped: texptime<5.0s)
X1D oeax06010 G230L es 11 flags none
X1D oeax06020 G230L es 11 flags none
X1D oeax06030 G430L es 15 flags none
X1D oeax06040 G750L es 25 flags ['no_defringe(no_flat)']
BATCHDONE

/home/ishaang6/miniforge3/envs/surf_uv/lib/python3.12/site-packages/stsci/tools/nmpfit.py:8: UserWarning: NMPFIT is deprecated - stsci.tools v 3.5 is the last version to contain it.
  warnings.warn("NMPFIT is deprecated - stsci.tools v 3.5 is the last version to contain it.")
/home/ishaang6/miniforge3/envs/surf_uv/lib/python3.12/site-packages/stsci/tools/gfit.py:18: UserWarning: GFIT is deprecated - stsci.tools v 3.4.12 is the last version to contain it.Use astropy.modeling instead.
  warnings.warn("GFIT is deprecated - stsci.tools v 3.4.12 is the last version to contain it."

$ /home/ishaang6/miniforge3/envs/surf_uv/bin/python /mnt/c/Users/eluru/CALTECH_SURF_2026/WORK/scripts/build_products.py AT2021JAD --outroot output5 --z 0.0061 --early-skip-dir  --expl-mjd 59315.234
built products for AT2021JAD: 1 epochs



===== 2024TVI  z=0.03  STIS=True COS=False =====
$ /home/ishaang6/miniforge3/envs/surf_uv/bin/python /mnt/c/Users/eluru/CALTECH_SURF_2026/WORK/scripts/download_all.py 2024TVI
INFO: Found cached file /mnt/c/Users/eluru/CALTECH_SURF_2026/WORK/data/2024TVI/mastDownload/HST/of8b05010/of8b05010_crj.fits with expected size 10537920. [astroquery.query]
INFO: Found cached file /mnt/c/Users/eluru/CALTECH_SURF_2026/WORK/data/2024TVI/mastDownload/HST/of8b05010/of8b05010_wav.fits with expected size 2260800. [astroquery.query]
INFO: Found cached file /mnt/c/Users/eluru/CALTECH_SURF_2026/WORK/data/2024TVI/mastDownload/HST/of8b05010/of8b05010_raw.fits with expected size 6742080. [astroquery.query]
INFO: Found cached file /mnt/c/Users/eluru/CALTECH_SURF_2026/WORK/data/2024TVI/mastDownload/HST/of8b05010/of8b05010_flt.fits with expected size 31567680. [astroquery.query]
INFO: Found cached file /mnt/c/Users/eluru/CALTECH_SURF_2026/WORK/data/2024TVI/mastDownload/HST/of8b05030/of8b05030_crj.fits with expected size 10537920. [astroquery.query]
INFO: Found cached file /mnt/c/Users/eluru/CALTECH_SURF_2026/WORK/data/2024TVI/mastDownload/HST/of8b05030/of8b05030_wav.fits with expected size 2260800. [astroquery.query]
INFO: Found cached file /mnt/c/Users/eluru/CALTECH_SURF_2026/WORK/data/2024TVI/mastDownload/HST/of8b05030/of8b05030_raw.fits with expected size 4501440. [astroquery.query]
INFO: Found cached file /mnt/c/Users/eluru/CALTECH_SURF_2026/WORK/data/2024TVI/mastDownload/HST/of8b05030/of8b05030_flt.fits with expected size 21052800. [astroquery.query]
INFO: Found cached file /mnt/c/Users/eluru/CALTECH_SURF_2026/WORK/data/2024TVI/mastDownload/HST/of8b05040/of8b05040_crj.fits with expected size 10537920. [astroquery.query]
INFO: Found cached file /mnt/c/Users/eluru/CALTECH_SURF_2026/WORK/data/2024TVI/mastDownload/HST/of8b05040/of8b05040_wav.fits with expected size 2260800. [astroquery.query]
INFO: Found cached file /mnt/c/Users/eluru/CALTECH_SURF_2026/WORK/data/2024TVI/mastDownload/HST/of8b05040/of8b05040_raw.fits with expected size 4501440. [astroquery.query]
INFO: Found cached file /mnt/c/Users/eluru/CALTECH_SURF_2026/WORK/data/2024TVI/mastDownload/HST/of8b05040/of8b05040_flt.fits with expected size 21052800. [astroquery.query]
INFO: Found cached file /mnt/c/Users/eluru/CALTECH_SURF_2026/WORK/data/2024TVI/mastDownload/HST/of8b05020/of8b05020_crj.fits with expected size 10537920. [astroquery.query]
INFO: Found cached file /mnt/c/Users/eluru/CALTECH_SURF_2026/WORK/data/2024TVI/mastDownload/HST/of8b05020/of8b05020_wav.fits with expected size 2260800. [astroquery.query]
INFO: Found cached file /mnt/c/Users/eluru/CALTECH_SURF_2026/WORK/data/2024TVI/mastDownload/HST/of8b05020/of8b05020_raw.fits with expected size 6742080. [astroquery.query]
INFO: Found cached file /mnt/c/Users/eluru/CALTECH_SURF_2026/WORK/data/2024TVI/mastDownload/HST/of8b05020/of8b05020_flt.fits with expected size 31567680. [astroquery.query]
2024TVI: downloaded 16 products (4 obs)
DOWNLOADDONE


$ /home/ishaang6/miniforge3/envs/surf_uv/bin/python /mnt/c/Users/eluru/CALTECH_SURF_2026/WORK/scripts/reduce_stis_batch.py /mnt/c/Users/eluru/CALTECH_SURF_2026/WORK/data/2024TVI 2024TVI --outroot output5 --z 0.03 --expl-mjd 60547.314
EDIGREE=INFLIGHT 01/04/1997 06/03/2024
TDSTAB   DESCRIP =Updated time sensitivities for MIRVIS, G230LB, and G230MB
FLUXCORR PERFORM
CTECORR  PERFORM
CCDTAB   oref$16j1600do_ccd.fits
CCDTAB   PEDIGREE=INFLIGHT 01/05/2009 01/05/2009
CCDTAB   DESCRIP =Updated amp=D gain=4 atodgain and corresponding readnoise values---
CCDTAB   DESCRIP =Proposal 8057, by I. Dashevsky & P. Goudfrooij
         GACTAB correction applied for G430L 52X0.2E1 4300
CTECORR  COMPLETE
FLUXCORR COMPLETE
SGEOCORR OMIT

         Row 1 written to disk.
Order 1  End 16:38:16 PDT

         trace was rotated by = 0.085459 degree.
Imset 1  End 16:38:16 PDT

Warning    Keyword `XTRACALG' is being added to header.
End      15-Aug-2026 16:38:16 PDT

*** CALSTIS-6 complete ***
git tag: 4ac2384-dirty
git branch: main
HEAD @: 4ac2384d4b81f58ea6aed6f2977aadc15beb6b0f

*** CALSTIS-6 -- Version 3.5.0 (02-Feb-2026) ***
Begin    15-Aug-2026 16:38:17 PDT

INFO     'E1' has been appended to aperture
Input    /mnt/c/Users/eluru/CALTECH_SURF_2026/WORK/data/2024TVI/mastDownload/HST/of8b05040/of8b05040_crj.fits
Output   output5/2024TVI/STIS/CCD/2024-09-06_day12/G750L/of8b05040_x1d.fits
Rootname of8b05040
OBSMODE  ACCUM
APERTURE 52X0.2E1
OPT_ELEM G750L
DETECTOR CCD

XTRACTAB oref$n7p1031qo_1dx.fits
XTRACTAB PEDIGREE=INFLIGHT 18/05/97
XTRACTAB DESCRIP =Analysis from prop. 7094
XTRACTAB DESCRIP =Analysis from prop. 7094
SPTRCTAB oref$qa31608go_1dt.fits
SPTRCTAB PEDIGREE=INFLIGHT 02/09/1997 13/02/1998
SPTRCTAB DESCRIP =New traces to account for angle change with time

Imset 1  Begin 16:38:17 PDT
         Input read into memory.
Order 1  Begin 16:38:18 PDT
X1DCORR  PERFORM
BACKCORR PERFORM
******** Calling Slfit ***********
BACKCORR COMPLETE
X1DCORR  COMPLETE
         Spectrum extracted at y position = 894.609

DISPCORR PERFORM
DISPTAB  oref$l2j0137to_dsp.fits
DISPTAB  PEDIGREE=INFLIGHT 27/02/1997 24/11/1999
DISPTAB  DESCRIP =Lindler, May 2000
DISPTAB  DESCRIP =Lindler Postlaunch, May 2000
APDESTAB oref$16j16005o_apd.fits
APDESTAB PEDIGREE=INFLIGHT 01/03/1997 13/06/2017
APDESTAB DESCRIP =Aligned long-slit bar positions for single-bar cases.--------------
APDESTAB DESCRIP =Offset relative to row 900
INANGTAB oref$h5s11397o_iac.fits
INANGTAB DESCRIP =Model/C. Bowers May 6, 1997
DISPCORR COMPLETE

HELCORR  PERFORM
HELCORR  COMPLETE

PHOTTAB  oref$95118575o_pht.fits
PHOTTAB  PEDIGREE=INFLIGHT 27/02/1997 16/03/2021
PHOTTAB  DESCRIP =Fullerton 2025 calibration
APERTAB  oref$y2r1559to_apt.fits
APERTAB  PEDIGREE=MODEL
APERTAB  DESCRIP =Added/updated values for 31X0.05NDA,31X0.05NDB,31X0.05NDC apertures
APERTAB  DESCRIP =Bohlin/Hartig TIM Models Nov. 1998
GACTAB   oref$p9r19203o_gac.fits
GACTAB   PEDIGREE=INFLIGHT 22/04/2002 03/08/2004
GACTAB   DESCRIP =X1D flux corr for grating/aper combos
GACTAB   DESCRIP =Grating-Aperture Throughput Correction
PCTAB    oref$q541740po_pct.fits
PCTAB    PEDIGREE=INFLIGHT 18/05/1997 19/12/1998
PCTAB    DESCRIP =Sensitivity for diff. extractions heights
TDSTAB   oref$8712049eo_tds.fits
TDSTAB   PEDIGREE=INFLIGHT 01/04/1997 06/03/2024
TDSTAB   DESCRIP =Updated time sensitivities for MIRVIS, G230LB, and G230MB
FLUXCORR PERFORM
CTECORR  PERFORM
CCDTAB   oref$16j1600do_ccd.fits
CCDTAB   PEDIGREE=INFLIGHT 01/05/2009 01/05/2009
CCDTAB   DESCRIP =Updated amp=D gain=4 atodgain and corresponding readnoise values---
CCDTAB   DESCRIP =Proposal 8057, by I. Dashevsky & P. Goudfrooij
         GACTAB correction applied for G750L 52X0.2E1 7751
CTECORR  COMPLETE
FLUXCORR COMPLETE
SGEOCORR OMIT

         Row 1 written to disk.
Order 1  End 16:38:18 PDT

         trace was rotated by = 0.100249 degree.
Imset 1  End 16:38:18 PDT

Warning    Keyword `XTRACALG' is being added to header.
End      15-Aug-2026 16:38:18 PDT

*** CALSTIS-6 complete ***
4 STIS science exposures for 2024TVI (0 dropped: texptime<5.0s)
X1D of8b05010 G230LB es 7 flags none
X1D of8b05020 G230LB es 7 flags none
X1D of8b05030 G430L es 9 flags none
X1D of8b05040 G750L es 15 flags ['no_defringe(no_flat)']
BATCHDONE

/home/ishaang6/miniforge3/envs/surf_uv/lib/python3.12/site-packages/stsci/tools/nmpfit.py:8: UserWarning: NMPFIT is deprecated - stsci.tools v 3.5 is the last version to contain it.
  warnings.warn("NMPFIT is deprecated - stsci.tools v 3.5 is the last version to contain it.")
/home/ishaang6/miniforge3/envs/surf_uv/lib/python3.12/site-packages/stsci/tools/gfit.py:18: UserWarning: GFIT is deprecated - stsci.tools v 3.4.12 is the last version to contain it.Use astropy.modeling instead.
  warnings.warn("GFIT is deprecated - stsci.tools v 3.4.12 is the last version to contain it."

$ /home/ishaang6/miniforge3/envs/surf_uv/bin/python /mnt/c/Users/eluru/CALTECH_SURF_2026/WORK/scripts/build_products.py 2024TVI --outroot output5 --z 0.03 --early-skip-dir  --expl-mjd 60547.314
built products for 2024TVI: 1 epochs



===== SN-2025SHI  z=0.031952  STIS=True COS=False =====
$ /home/ishaang6/miniforge3/envs/surf_uv/bin/python /mnt/c/Users/eluru/CALTECH_SURF_2026/WORK/scripts/download_all.py SN-2025SHI
INFO: Found cached file /mnt/c/Users/eluru/CALTECH_SURF_2026/WORK/data/SN-2025SHI/mastDownload/HST/ofht03010/ofht03010_wav.fits with expected size 2139840. [astroquery.query]
INFO: Found cached file /mnt/c/Users/eluru/CALTECH_SURF_2026/WORK/data/SN-2025SHI/mastDownload/HST/ofht03010/ofht03010_raw.fits with expected size 8429760. [astroquery.query]
INFO: Found cached file /mnt/c/Users/eluru/CALTECH_SURF_2026/WORK/data/SN-2025SHI/mastDownload/HST/ofht03010/ofht03010_flt.fits with expected size 10535040. [astroquery.query]
INFO: Found cached file /mnt/c/Users/eluru/CALTECH_SURF_2026/WORK/data/SN-2025SHI/mastDownload/HST/ofht01010/ofht01010_wav.fits with expected size 2139840. [astroquery.query]
INFO: Found cached file /mnt/c/Users/eluru/CALTECH_SURF_2026/WORK/data/SN-2025SHI/mastDownload/HST/ofht01010/ofht01010_raw.fits with expected size 8429760. [astroquery.query]
INFO: Found cached file /mnt/c/Users/eluru/CALTECH_SURF_2026/WORK/data/SN-2025SHI/mastDownload/HST/ofht01010/ofht01010_flt.fits with expected size 10535040. [astroquery.query]
INFO: Found cached file /mnt/c/Users/eluru/CALTECH_SURF_2026/WORK/data/SN-2025SHI/mastDownload/HST/ofht02010/ofht02010_wav.fits with expected size 2139840. [astroquery.query]
INFO: Found cached file /mnt/c/Users/eluru/CALTECH_SURF_2026/WORK/data/SN-2025SHI/mastDownload/HST/ofht02010/ofht02010_raw.fits with expected size 8429760. [astroquery.query]
INFO: Found cached file /mnt/c/Users/eluru/CALTECH_SURF_2026/WORK/data/SN-2025SHI/mastDownload/HST/ofht02010/ofht02010_flt.fits with expected size 10535040. [astroquery.query]
INFO: Found cached file /mnt/c/Users/eluru/CALTECH_SURF_2026/WORK/data/SN-2025SHI/mastDownload/HST/ofht04010/ofht04010_wav.fits with expected size 2139840. [astroquery.query]
INFO: Found cached file /mnt/c/Users/eluru/CALTECH_SURF_2026/WORK/data/SN-2025SHI/mastDownload/HST/ofht04010/ofht04010_raw.fits with expected size 8429760. [astroquery.query]
INFO: Found cached file /mnt/c/Users/eluru/CALTECH_SURF_2026/WORK/data/SN-2025SHI/mastDownload/HST/ofht04010/ofht04010_flt.fits with expected size 10535040. [astroquery.query]
INFO: Found cached file /mnt/c/Users/eluru/CALTECH_SURF_2026/WORK/data/SN-2025SHI/mastDownload/HST/ofht06010/ofht06010_wav.fits with expected size 2139840. [astroquery.query]
INFO: Found cached file /mnt/c/Users/eluru/CALTECH_SURF_2026/WORK/data/SN-2025SHI/mastDownload/HST/ofht06010/ofht06010_raw.fits with expected size 8429760. [astroquery.query]
INFO: Found cached file /mnt/c/Users/eluru/CALTECH_SURF_2026/WORK/data/SN-2025SHI/mastDownload/HST/ofht06010/ofht06010_flt.fits with expected size 10535040. [astroquery.query]
INFO: Found cached file /mnt/c/Users/eluru/CALTECH_SURF_2026/WORK/data/SN-2025SHI/mastDownload/HST/ofht05010/ofht05010_wav.fits with expected size 2139840. [astroquery.query]
INFO: Found cached file /mnt/c/Users/eluru/CALTECH_SURF_2026/WORK/data/SN-2025SHI/mastDownload/HST/ofht05010/ofht05010_raw.fits with expected size 8429760. [astroquery.query]
INFO: Found cached file /mnt/c/Users/eluru/CALTECH_SURF_2026/WORK/data/SN-2025SHI/mastDownload/HST/ofht05010/ofht05010_flt.fits with expected size 10535040. [astroquery.query]
SN-2025SHI: downloaded 18 products (6 obs)
DOWNLOADDONE


$ /home/ishaang6/miniforge3/envs/surf_uv/bin/python /mnt/c/Users/eluru/CALTECH_SURF_2026/WORK/scripts/reduce_stis_batch.py /mnt/c/Users/eluru/CALTECH_SURF_2026/WORK/data/SN-2025SHI SN-2025SHI --outroot output5 --z 0.031952 --expl-mjd 60882.323
953do_pht.fits
PHOTTAB  PEDIGREE=INFLIGHT 27/02/1997 16/03/2021
PHOTTAB  DESCRIP =May 2026 recalibration
APERTAB  oref$y2r1559to_apt.fits
APERTAB  PEDIGREE=MODEL
APERTAB  DESCRIP =Added/updated values for 31X0.05NDA,31X0.05NDB,31X0.05NDC apertures
APERTAB  DESCRIP =Bohlin/Hartig TIM Models Nov. 1998
PCTAB    oref$y2r16006o_pct.fits
PCTAB    PEDIGREE=INFLIGHT 18/05/1997 19/12/1998
PCTAB    DESCRIP =Added/updated values for 31X0.05NDA,31X0.05NDB,31X0.05NDC apertures
TDSTAB   oref$97a1546po_tds.fits
TDSTAB   PEDIGREE=INFLIGHT 01/04/1997 13/05/2025
TDSTAB   DESCRIP =Updated time sensitivities for MIRNUV and L, M, and H modes.
FLUXCORR PERFORM
FLUXCORR COMPLETE
SGEOCORR OMIT

         Row 1 written to disk.
Order 1  End 16:38:30 PDT

         trace was rotated by = -0.0111565 degree.
Imset 1  End 16:38:30 PDT

Warning    Keyword `XTRACALG' is being added to header.
End      15-Aug-2026 16:38:30 PDT

*** CALSTIS-6 complete ***
git tag: 4ac2384-dirty
git branch: main
HEAD @: 4ac2384d4b81f58ea6aed6f2977aadc15beb6b0f

*** CALSTIS-6 -- Version 3.5.0 (02-Feb-2026) ***
Begin    15-Aug-2026 16:38:31 PDT

Warning    Grating-aperture throughput correction table (GACTAB) was not found,

         and no gac corrections will be applied
Input    /mnt/c/Users/eluru/CALTECH_SURF_2026/WORK/data/SN-2025SHI/mastDownload/HST/ofht06010/ofht06010_flt.fits
Output   output5/SN-2025SHI/STIS/MAMA/2025-08-22_day27/G230L/ofht06010_x1d.fits
Rootname ofht06010
OBSMODE  ACCUM
APERTURE 52X0.2
OPT_ELEM G230L
DETECTOR NUV-MAMA

XTRACTAB oref$a5e1953co_1dx.fits
XTRACTAB PEDIGREE=INFLIGHT 29/05/1997 29/05/1997
XTRACTAB DESCRIP =Analysis from prop. 7064 and ground data
XTRACTAB DESCRIP =Analysis from prop. 7064
SPTRCTAB oref$a5e19539o_1dt.fits
SPTRCTAB PEDIGREE=INFLIGHT 27/02/1997 06/01/2010
SPTRCTAB DESCRIP =New traces for select echelle secondary modes

Imset 1  Begin 16:38:31 PDT
         Input read into memory.
Order 1  Begin 16:38:32 PDT
X1DCORR  PERFORM
BACKCORR PERFORM
******** Calling Slfit ***********
BACKCORR COMPLETE
X1DCORR  COMPLETE
         Spectrum extracted at y position = 492.367

DISPCORR PERFORM
DISPTAB  oref$m7p16111o_dsp.fits
DISPTAB  PEDIGREE=INFLIGHT 23/01/1999 23/01/1999
DISPTAB  DESCRIP =Dispersion coefficients reference table
DISPTAB  DESCRIP =INFLIGHT Cal. Disp. Coeffs
APDESTAB oref$16j16005o_apd.fits
APDESTAB PEDIGREE=INFLIGHT 01/03/1997 13/06/2017
APDESTAB DESCRIP =Aligned long-slit bar positions for single-bar cases.--------------
APDESTAB DESCRIP =Microscope Meas./Hartig Post-launch Offsets
INANGTAB oref$l3m1437ro_iac.fits
INANGTAB DESCRIP =Prelaunch Calibration/Lindler and Models
DISPCORR COMPLETE

HELCORR  PERFORM
HELCORR  COMPLETE

PHOTTAB  oref$a5e1953do_pht.fits
PHOTTAB  PEDIGREE=INFLIGHT 27/02/1997 16/03/2021
PHOTTAB  DESCRIP =May 2026 recalibration
APERTAB  oref$y2r1559to_apt.fits
APERTAB  PEDIGREE=MODEL
APERTAB  DESCRIP =Added/updated values for 31X0.05NDA,31X0.05NDB,31X0.05NDC apertures
APERTAB  DESCRIP =Bohlin/Hartig TIM Models Nov. 1998
PCTAB    oref$y2r16006o_pct.fits
PCTAB    PEDIGREE=INFLIGHT 18/05/1997 19/12/1998
PCTAB    DESCRIP =Added/updated values for 31X0.05NDA,31X0.05NDB,31X0.05NDC apertures
TDSTAB   oref$97a1546po_tds.fits
TDSTAB   PEDIGREE=INFLIGHT 01/04/1997 13/05/2025
TDSTAB   DESCRIP =Updated time sensitivities for MIRNUV and L, M, and H modes.
FLUXCORR PERFORM
FLUXCORR COMPLETE
SGEOCORR OMIT

         Row 1 written to disk.
Order 1  End 16:38:32 PDT

         trace was rotated by = -0.0111566 degree.
Imset 1  End 16:38:32 PDT

Warning    Keyword `XTRACALG' is being added to header.
End      15-Aug-2026 16:38:32 PDT

*** CALSTIS-6 complete ***
6 STIS science exposures for SN-2025SHI (0 dropped: texptime<5.0s)
X1D ofht01010 G230L es 11 flags none
X1D ofht02010 G140L es 11 flags ['low_detect', 'center_mismatch(74vs506)']
X1D ofht03010 G140L es 11 flags ['low_detect', 'center_mismatch(70vs390)']
X1D ofht04010 G230L es 11 flags none
X1D ofht05010 G230L es 11 flags none
X1D ofht06010 G230L es 11 flags none
BATCHDONE

/home/ishaang6/miniforge3/envs/surf_uv/lib/python3.12/site-packages/stsci/tools/nmpfit.py:8: UserWarning: NMPFIT is deprecated - stsci.tools v 3.5 is the last version to contain it.
  warnings.warn("NMPFIT is deprecated - stsci.tools v 3.5 is the last version to contain it.")
/home/ishaang6/miniforge3/envs/surf_uv/lib/python3.12/site-packages/stsci/tools/gfit.py:18: UserWarning: GFIT is deprecated - stsci.tools v 3.4.12 is the last version to contain it.Use astropy.modeling instead.
  warnings.warn("GFIT is deprecated - stsci.tools v 3.4.12 is the last version to contain it."

$ /home/ishaang6/miniforge3/envs/surf_uv/bin/python /mnt/c/Users/eluru/CALTECH_SURF_2026/WORK/scripts/build_products.py SN-2025SHI --outroot output5 --z 0.031952 --early-skip-dir  --expl-mjd 60882.323
built products for SN-2025SHI: 2 epochs



===== PTF12ENA  z=0.0166  STIS=True COS=False =====
$ /home/ishaang6/miniforge3/envs/surf_uv/bin/python /mnt/c/Users/eluru/CALTECH_SURF_2026/WORK/scripts/download_all.py PTF12ENA
ALTECH_SURF_2026/WORK/data/PTF12ENA/mastDownload/HST/obxb14010/obxb14010_wav.fits with expected size 2260800. [astroquery.query]
INFO: Found cached file /mnt/c/Users/eluru/CALTECH_SURF_2026/WORK/data/PTF12ENA/mastDownload/HST/obxb14010/obxb14010_raw.fits with expected size 6742080. [astroquery.query]
INFO: Found cached file /mnt/c/Users/eluru/CALTECH_SURF_2026/WORK/data/PTF12ENA/mastDownload/HST/obxb14010/obxb14010_flt.fits with expected size 31567680. [astroquery.query]
INFO: Found cached file /mnt/c/Users/eluru/CALTECH_SURF_2026/WORK/data/PTF12ENA/mastDownload/HST/obxb14020/obxb14020_crj.fits with expected size 10537920. [astroquery.query]
INFO: Found cached file /mnt/c/Users/eluru/CALTECH_SURF_2026/WORK/data/PTF12ENA/mastDownload/HST/obxb14020/obxb14020_wav.fits with expected size 2260800. [astroquery.query]
INFO: Found cached file /mnt/c/Users/eluru/CALTECH_SURF_2026/WORK/data/PTF12ENA/mastDownload/HST/obxb14020/obxb14020_raw.fits with expected size 6742080. [astroquery.query]
INFO: Found cached file /mnt/c/Users/eluru/CALTECH_SURF_2026/WORK/data/PTF12ENA/mastDownload/HST/obxb14020/obxb14020_flt.fits with expected size 31567680. [astroquery.query]
INFO: Found cached file /mnt/c/Users/eluru/CALTECH_SURF_2026/WORK/data/PTF12ENA/mastDownload/HST/obxb14030/obxb14030_crj.fits with expected size 10537920. [astroquery.query]
INFO: Found cached file /mnt/c/Users/eluru/CALTECH_SURF_2026/WORK/data/PTF12ENA/mastDownload/HST/obxb14030/obxb14030_wav.fits with expected size 2260800. [astroquery.query]
INFO: Found cached file /mnt/c/Users/eluru/CALTECH_SURF_2026/WORK/data/PTF12ENA/mastDownload/HST/obxb14030/obxb14030_raw.fits with expected size 6742080. [astroquery.query]
INFO: Found cached file /mnt/c/Users/eluru/CALTECH_SURF_2026/WORK/data/PTF12ENA/mastDownload/HST/obxb14030/obxb14030_flt.fits with expected size 31567680. [astroquery.query]
INFO: Found cached file /mnt/c/Users/eluru/CALTECH_SURF_2026/WORK/data/PTF12ENA/mastDownload/HST/obxb16010/obxb16010_crj.fits with expected size 10537920. [astroquery.query]
INFO: Found cached file /mnt/c/Users/eluru/CALTECH_SURF_2026/WORK/data/PTF12ENA/mastDownload/HST/obxb16010/obxb16010_wav.fits with expected size 2260800. [astroquery.query]
INFO: Found cached file /mnt/c/Users/eluru/CALTECH_SURF_2026/WORK/data/PTF12ENA/mastDownload/HST/obxb16010/obxb16010_raw.fits with expected size 6742080. [astroquery.query]
INFO: Found cached file /mnt/c/Users/eluru/CALTECH_SURF_2026/WORK/data/PTF12ENA/mastDownload/HST/obxb16010/obxb16010_flt.fits with expected size 31567680. [astroquery.query]
INFO: Found cached file /mnt/c/Users/eluru/CALTECH_SURF_2026/WORK/data/PTF12ENA/mastDownload/HST/obxb16020/obxb16020_crj.fits with expected size 10537920. [astroquery.query]
INFO: Found cached file /mnt/c/Users/eluru/CALTECH_SURF_2026/WORK/data/PTF12ENA/mastDownload/HST/obxb16020/obxb16020_wav.fits with expected size 2260800. [astroquery.query]
INFO: Found cached file /mnt/c/Users/eluru/CALTECH_SURF_2026/WORK/data/PTF12ENA/mastDownload/HST/obxb16020/obxb16020_raw.fits with expected size 6742080. [astroquery.query]
INFO: Found cached file /mnt/c/Users/eluru/CALTECH_SURF_2026/WORK/data/PTF12ENA/mastDownload/HST/obxb16020/obxb16020_flt.fits with expected size 31567680. [astroquery.query]
INFO: Found cached file /mnt/c/Users/eluru/CALTECH_SURF_2026/WORK/data/PTF12ENA/mastDownload/HST/obxb16030/obxb16030_crj.fits with expected size 10537920. [astroquery.query]
INFO: Found cached file /mnt/c/Users/eluru/CALTECH_SURF_2026/WORK/data/PTF12ENA/mastDownload/HST/obxb16030/obxb16030_wav.fits with expected size 2260800. [astroquery.query]
INFO: Found cached file /mnt/c/Users/eluru/CALTECH_SURF_2026/WORK/data/PTF12ENA/mastDownload/HST/obxb16030/obxb16030_raw.fits with expected size 6742080. [astroquery.query]
INFO: Found cached file /mnt/c/Users/eluru/CALTECH_SURF_2026/WORK/data/PTF12ENA/mastDownload/HST/obxb16030/obxb16030_flt.fits with expected size 31567680. [astroquery.query]
PTF12ENA: downloaded 24 products (6 obs)
DOWNLOADDONE


$ /home/ishaang6/miniforge3/envs/surf_uv/bin/python /mnt/c/Users/eluru/CALTECH_SURF_2026/WORK/scripts/reduce_stis_batch.py /mnt/c/Users/eluru/CALTECH_SURF_2026/WORK/data/PTF12ENA PTF12ENA --outroot output5 --z 0.0166 --expl-mjd 56070.0
T
X1DCORR  PERFORM
Warning    Cross correlation to locate spectrum failed.
ERROR:    Cannot extract.
Warning    No rows were written; no table created.
         trace was rotated by = 0.0472286 degree.
Imset 1  End 16:38:45 PDT

End      15-Aug-2026 16:38:45 PDT

*** CALSTIS-6 complete ***
git tag: 4ac2384-dirty
git branch: main
HEAD @: 4ac2384d4b81f58ea6aed6f2977aadc15beb6b0f

*** CALSTIS-6 -- Version 3.5.0 (02-Feb-2026) ***
Begin    15-Aug-2026 16:38:45 PDT

INFO     'E1' has been appended to aperture
Input    /mnt/c/Users/eluru/CALTECH_SURF_2026/WORK/data/PTF12ENA/mastDownload/HST/obxb16030/obxb16030_crj.fits
Output   output5/PTF12ENA/STIS/CCD/2012-06-17_day26/G230LB/obxb16030_x1d.fits
Rootname obxb16030
OBSMODE  ACCUM
APERTURE 52X0.2E1
OPT_ELEM G230LB
DETECTOR CCD

XTRACTAB oref$n7p1031qo_1dx.fits
XTRACTAB PEDIGREE=INFLIGHT 18/05/97
XTRACTAB DESCRIP =Analysis from prop. 7094
XTRACTAB DESCRIP =Analysis from prop. 7094
SPTRCTAB oref$qa31608go_1dt.fits
SPTRCTAB PEDIGREE=INFLIGHT 02/09/1997 13/02/1998
SPTRCTAB DESCRIP =New traces to account for angle change with time

Imset 1  Begin 16:38:45 PDT
         Input read into memory.
Order 1  Begin 16:38:46 PDT
X1DCORR  PERFORM
BACKCORR PERFORM
******** Calling Slfit ***********
BACKCORR COMPLETE
X1DCORR  COMPLETE
         Spectrum extracted at y position = 285

DISPCORR PERFORM
DISPTAB  oref$l2j0137to_dsp.fits
DISPTAB  PEDIGREE=INFLIGHT 27/02/1997 24/11/1999
DISPTAB  DESCRIP =Lindler, May 2000
DISPTAB  DESCRIP =Lindler Postlaunch, May 2000
APDESTAB oref$16j16005o_apd.fits
APDESTAB PEDIGREE=INFLIGHT 01/03/1997 13/06/2017
APDESTAB DESCRIP =Aligned long-slit bar positions for single-bar cases.--------------
APDESTAB DESCRIP =Offset relative to row 900
INANGTAB oref$h5s11397o_iac.fits
INANGTAB DESCRIP =Model/C. Bowers May 6, 1997
DISPCORR COMPLETE

HELCORR  PERFORM
HELCORR  COMPLETE

PHOTTAB  oref$95118575o_pht.fits
PHOTTAB  PEDIGREE=INFLIGHT 27/02/1997 16/03/2021
PHOTTAB  DESCRIP =Fullerton 2025 calibration
APERTAB  oref$y2r1559to_apt.fits
APERTAB  PEDIGREE=MODEL
APERTAB  DESCRIP =Added/updated values for 31X0.05NDA,31X0.05NDB,31X0.05NDC apertures
APERTAB  DESCRIP =Bohlin/Hartig TIM Models Nov. 1998
GACTAB   oref$p9r19203o_gac.fits
GACTAB   PEDIGREE=INFLIGHT 22/04/2002 03/08/2004
GACTAB   DESCRIP =X1D flux corr for grating/aper combos
GACTAB   DESCRIP =Grating-Aperture Throughput Correction
PCTAB    oref$q541740lo_pct.fits
PCTAB    PEDIGREE=INFLIGHT 18/05/1997 07/10/1999
PCTAB    DESCRIP =Sensitivity for diff. extractions heights
TDSTAB   oref$8712049eo_tds.fits
TDSTAB   PEDIGREE=INFLIGHT 01/04/1997 06/03/2024
TDSTAB   DESCRIP =Updated time sensitivities for MIRVIS, G230LB, and G230MB
FLUXCORR PERFORM
CTECORR  PERFORM
CCDTAB   oref$16j1600eo_ccd.fits
CCDTAB   PEDIGREE=INFLIGHT 01/05/2009 01/05/2009
CCDTAB   DESCRIP =Updated amp=D gain=4 atodgain and corresponding readnoise values---
CCDTAB   DESCRIP =Proposal 8057, by I. Dashevsky & P. Goudfrooij
         GACTAB correction applied for G230LB 52X0.2E1 2375
CTECORR  COMPLETE
FLUXCORR COMPLETE
SGEOCORR OMIT

         Row 1 written to disk.
Order 1  End 16:38:46 PDT

         trace was rotated by = 0.0472286 degree.
Imset 1  End 16:38:46 PDT

Warning    Keyword `XTRACALG' is being added to header.
End      15-Aug-2026 16:38:47 PDT

*** CALSTIS-6 complete ***
6 STIS science exposures for PTF12ENA (0 dropped: texptime<5.0s)
RETRY-FINDER obxb14010 a2center=101.0
X1D obxb14010 G230LB es 7 flags ['finder_fail', 'extended_host']
RETRY-FINDER obxb14020 a2center=208.0
X1D obxb14020 G230LB es 7 flags ['finder_fail', 'extended_host']
RETRY-FINDER obxb14030 a2center=110.0
X1D obxb14030 G230LB es 7 flags ['finder_fail', 'extended_host']
RETRY-FINDER obxb16010 a2center=280.0
X1D obxb16010 G230LB es 7 flags ['finder_fail', 'extended_host']
RETRY-FINDER obxb16020 a2center=246.0
X1D obxb16020 G230LB es 7 flags ['finder_fail', 'extended_host']
RETRY-FINDER obxb16030 a2center=285.0
X1D obxb16030 G230LB es 7 flags ['finder_fail', 'extended_host']
BATCHDONE

/home/ishaang6/miniforge3/envs/surf_uv/lib/python3.12/site-packages/stsci/tools/nmpfit.py:8: UserWarning: NMPFIT is deprecated - stsci.tools v 3.5 is the last version to contain it.
  warnings.warn("NMPFIT is deprecated - stsci.tools v 3.5 is the last version to contain it.")
/home/ishaang6/miniforge3/envs/surf_uv/lib/python3.12/site-packages/stsci/tools/gfit.py:18: UserWarning: GFIT is deprecated - stsci.tools v 3.4.12 is the last version to contain it.Use astropy.modeling instead.
  warnings.warn("GFIT is deprecated - stsci.tools v 3.4.12 is the last version to contain it."

$ /home/ishaang6/miniforge3/envs/surf_uv/bin/python /mnt/c/Users/eluru/CALTECH_SURF_2026/WORK/scripts/build_products.py PTF12ENA --outroot output5 --z 0.0166 --early-skip-dir  --expl-mjd 56070.0
built products for PTF12ENA: 2 epochs



===== AT2020NXT  z=0.029  STIS=True COS=False =====
$ /home/ishaang6/miniforge3/envs/surf_uv/bin/python /mnt/c/Users/eluru/CALTECH_SURF_2026/WORK/scripts/download_all.py AT2020NXT
INFO: Found cached file /mnt/c/Users/eluru/CALTECH_SURF_2026/WORK/data/AT2020NXT/mastDownload/HST/oe4w02010/oe4w02010_wav.fits with expected size 2139840. [astroquery.query]
INFO: Found cached file /mnt/c/Users/eluru/CALTECH_SURF_2026/WORK/data/AT2020NXT/mastDownload/HST/oe4w02010/oe4w02010_raw.fits with expected size 8429760. [astroquery.query]
INFO: Found cached file /mnt/c/Users/eluru/CALTECH_SURF_2026/WORK/data/AT2020NXT/mastDownload/HST/oe4w02010/oe4w02010_flt.fits with expected size 10535040. [astroquery.query]
INFO: Found cached file /mnt/c/Users/eluru/CALTECH_SURF_2026/WORK/data/AT2020NXT/mastDownload/HST/oe4w01010/oe4w01010_wav.fits with expected size 2139840. [astroquery.query]
INFO: Found cached file /mnt/c/Users/eluru/CALTECH_SURF_2026/WORK/data/AT2020NXT/mastDownload/HST/oe4w01010/oe4w01010_raw.fits with expected size 8429760. [astroquery.query]
INFO: Found cached file /mnt/c/Users/eluru/CALTECH_SURF_2026/WORK/data/AT2020NXT/mastDownload/HST/oe4w01010/oe4w01010_flt.fits with expected size 10535040. [astroquery.query]
INFO: Found cached file /mnt/c/Users/eluru/CALTECH_SURF_2026/WORK/data/AT2020NXT/mastDownload/HST/oe4w03010/oe4w03010_wav.fits with expected size 2139840. [astroquery.query]
INFO: Found cached file /mnt/c/Users/eluru/CALTECH_SURF_2026/WORK/data/AT2020NXT/mastDownload/HST/oe4w03010/oe4w03010_raw.fits with expected size 8429760. [astroquery.query]
INFO: Found cached file /mnt/c/Users/eluru/CALTECH_SURF_2026/WORK/data/AT2020NXT/mastDownload/HST/oe4w03010/oe4w03010_flt.fits with expected size 10535040. [astroquery.query]
INFO: Found cached file /mnt/c/Users/eluru/CALTECH_SURF_2026/WORK/data/AT2020NXT/mastDownload/HST/oe4w04010/oe4w04010_wav.fits with expected size 2139840. [astroquery.query]
INFO: Found cached file /mnt/c/Users/eluru/CALTECH_SURF_2026/WORK/data/AT2020NXT/mastDownload/HST/oe4w04010/oe4w04010_raw.fits with expected size 8429760. [astroquery.query]
INFO: Found cached file /mnt/c/Users/eluru/CALTECH_SURF_2026/WORK/data/AT2020NXT/mastDownload/HST/oe4w04010/oe4w04010_flt.fits with expected size 10535040. [astroquery.query]
INFO: Found cached file /mnt/c/Users/eluru/CALTECH_SURF_2026/WORK/data/AT2020NXT/mastDownload/HST/oe4w06010/oe4w06010_wav.fits with expected size 2139840. [astroquery.query]
INFO: Found cached file /mnt/c/Users/eluru/CALTECH_SURF_2026/WORK/data/AT2020NXT/mastDownload/HST/oe4w06010/oe4w06010_raw.fits with expected size 8429760. [astroquery.query]
INFO: Found cached file /mnt/c/Users/eluru/CALTECH_SURF_2026/WORK/data/AT2020NXT/mastDownload/HST/oe4w06010/oe4w06010_flt.fits with expected size 10535040. [astroquery.query]
INFO: Found cached file /mnt/c/Users/eluru/CALTECH_SURF_2026/WORK/data/AT2020NXT/mastDownload/HST/oe4w05010/oe4w05010_wav.fits with expected size 2139840. [astroquery.query]
INFO: Found cached file /mnt/c/Users/eluru/CALTECH_SURF_2026/WORK/data/AT2020NXT/mastDownload/HST/oe4w05010/oe4w05010_raw.fits with expected size 8429760. [astroquery.query]
INFO: Found cached file /mnt/c/Users/eluru/CALTECH_SURF_2026/WORK/data/AT2020NXT/mastDownload/HST/oe4w05010/oe4w05010_flt.fits with expected size 10535040. [astroquery.query]
AT2020NXT: downloaded 18 products (6 obs)
DOWNLOADDONE


$ /home/ishaang6/miniforge3/envs/surf_uv/bin/python /mnt/c/Users/eluru/CALTECH_SURF_2026/WORK/scripts/reduce_stis_batch.py /mnt/c/Users/eluru/CALTECH_SURF_2026/WORK/data/AT2020NXT AT2020NXT --outroot output5 --z 0.029 --expl-mjd 59033.537
1953do_pht.fits
PHOTTAB  PEDIGREE=INFLIGHT 27/02/1997 16/03/2021
PHOTTAB  DESCRIP =May 2026 recalibration
APERTAB  oref$y2r1559to_apt.fits
APERTAB  PEDIGREE=MODEL
APERTAB  DESCRIP =Added/updated values for 31X0.05NDA,31X0.05NDB,31X0.05NDC apertures
APERTAB  DESCRIP =Bohlin/Hartig TIM Models Nov. 1998
PCTAB    oref$y2r16006o_pct.fits
PCTAB    PEDIGREE=INFLIGHT 18/05/1997 19/12/1998
PCTAB    DESCRIP =Added/updated values for 31X0.05NDA,31X0.05NDB,31X0.05NDC apertures
TDSTAB   oref$97a1546po_tds.fits
TDSTAB   PEDIGREE=INFLIGHT 01/04/1997 13/05/2025
TDSTAB   DESCRIP =Updated time sensitivities for MIRNUV and L, M, and H modes.
FLUXCORR PERFORM
FLUXCORR COMPLETE
SGEOCORR OMIT

         Row 1 written to disk.
Order 1  End 16:39:13 PDT

         trace was rotated by = -0.00760986 degree.
Imset 1  End 16:39:13 PDT

Warning    Keyword `XTRACALG' is being added to header.
End      15-Aug-2026 16:39:14 PDT

*** CALSTIS-6 complete ***
git tag: 4ac2384-dirty
git branch: main
HEAD @: 4ac2384d4b81f58ea6aed6f2977aadc15beb6b0f

*** CALSTIS-6 -- Version 3.5.0 (02-Feb-2026) ***
Begin    15-Aug-2026 16:39:14 PDT

Warning    Grating-aperture throughput correction table (GACTAB) was not found,

         and no gac corrections will be applied
Input    /mnt/c/Users/eluru/CALTECH_SURF_2026/WORK/data/AT2020NXT/mastDownload/HST/oe4w06010/oe4w06010_flt.fits
Output   output5/AT2020NXT/STIS/MAMA/2020-07-28_day25/G230L/oe4w06010_x1d.fits
Rootname oe4w06010
OBSMODE  ACCUM
APERTURE 52X0.2
OPT_ELEM G230L
DETECTOR NUV-MAMA

XTRACTAB oref$a5e1953co_1dx.fits
XTRACTAB PEDIGREE=INFLIGHT 29/05/1997 29/05/1997
XTRACTAB DESCRIP =Analysis from prop. 7064 and ground data
XTRACTAB DESCRIP =Analysis from prop. 7064
SPTRCTAB oref$a5e19539o_1dt.fits
SPTRCTAB PEDIGREE=INFLIGHT 27/02/1997 06/01/2010
SPTRCTAB DESCRIP =New traces for select echelle secondary modes

Imset 1  Begin 16:39:14 PDT
         Input read into memory.
Order 1  Begin 16:39:16 PDT
X1DCORR  PERFORM
BACKCORR PERFORM
******** Calling Slfit ***********
BACKCORR COMPLETE
X1DCORR  COMPLETE
         Spectrum extracted at y position = 536.869

DISPCORR PERFORM
DISPTAB  oref$m7p16111o_dsp.fits
DISPTAB  PEDIGREE=INFLIGHT 23/01/1999 23/01/1999
DISPTAB  DESCRIP =Dispersion coefficients reference table
DISPTAB  DESCRIP =INFLIGHT Cal. Disp. Coeffs
APDESTAB oref$16j16005o_apd.fits
APDESTAB PEDIGREE=INFLIGHT 01/03/1997 13/06/2017
APDESTAB DESCRIP =Aligned long-slit bar positions for single-bar cases.--------------
APDESTAB DESCRIP =Microscope Meas./Hartig Post-launch Offsets
INANGTAB oref$l3m1437ro_iac.fits
INANGTAB DESCRIP =Prelaunch Calibration/Lindler and Models
DISPCORR COMPLETE

HELCORR  PERFORM
HELCORR  COMPLETE

PHOTTAB  oref$a5e1953do_pht.fits
PHOTTAB  PEDIGREE=INFLIGHT 27/02/1997 16/03/2021
PHOTTAB  DESCRIP =May 2026 recalibration
APERTAB  oref$y2r1559to_apt.fits
APERTAB  PEDIGREE=MODEL
APERTAB  DESCRIP =Added/updated values for 31X0.05NDA,31X0.05NDB,31X0.05NDC apertures
APERTAB  DESCRIP =Bohlin/Hartig TIM Models Nov. 1998
PCTAB    oref$y2r16006o_pct.fits
PCTAB    PEDIGREE=INFLIGHT 18/05/1997 19/12/1998
PCTAB    DESCRIP =Added/updated values for 31X0.05NDA,31X0.05NDB,31X0.05NDC apertures
TDSTAB   oref$97a1546po_tds.fits
TDSTAB   PEDIGREE=INFLIGHT 01/04/1997 13/05/2025
TDSTAB   DESCRIP =Updated time sensitivities for MIRNUV and L, M, and H modes.
FLUXCORR PERFORM
FLUXCORR COMPLETE
SGEOCORR OMIT

         Row 1 written to disk.
Order 1  End 16:39:16 PDT

         trace was rotated by = -0.00760998 degree.
Imset 1  End 16:39:16 PDT

Warning    Keyword `XTRACALG' is being added to header.
End      15-Aug-2026 16:39:16 PDT

*** CALSTIS-6 complete ***
6 STIS science exposures for AT2020NXT (0 dropped: texptime<5.0s)
X1D oe4w01010 G230L es 11 flags none
X1D oe4w02010 G140L es 11 flags ['low_detect', 'center_mismatch(63vs405)']
X1D oe4w03010 G140L es 11 flags ['low_detect', 'center_mismatch(60vs436)']
X1D oe4w04010 G230L es 11 flags none
X1D oe4w05010 G230L es 11 flags none
X1D oe4w06010 G230L es 11 flags none
BATCHDONE

/home/ishaang6/miniforge3/envs/surf_uv/lib/python3.12/site-packages/stsci/tools/nmpfit.py:8: UserWarning: NMPFIT is deprecated - stsci.tools v 3.5 is the last version to contain it.
  warnings.warn("NMPFIT is deprecated - stsci.tools v 3.5 is the last version to contain it.")
/home/ishaang6/miniforge3/envs/surf_uv/lib/python3.12/site-packages/stsci/tools/gfit.py:18: UserWarning: GFIT is deprecated - stsci.tools v 3.4.12 is the last version to contain it.Use astropy.modeling instead.
  warnings.warn("GFIT is deprecated - stsci.tools v 3.4.12 is the last version to contain it."

$ /home/ishaang6/miniforge3/envs/surf_uv/bin/python /mnt/c/Users/eluru/CALTECH_SURF_2026/WORK/scripts/build_products.py AT2020NXT --outroot output5 --z 0.029 --early-skip-dir  --expl-mjd 59033.537
built products for AT2020NXT: 2 epochs



===== AT2025JQJ  z=0.0808  STIS=True COS=False =====
$ /home/ishaang6/miniforge3/envs/surf_uv/bin/python /mnt/c/Users/eluru/CALTECH_SURF_2026/WORK/scripts/download_all.py AT2025JQJ
ta/AT2025JQJ/mastDownload/HST/ofhg10040/ofhg10040_wav.fits with expected size 2260800. [astroquery.query]
INFO: Found cached file /mnt/c/Users/eluru/CALTECH_SURF_2026/WORK/data/AT2025JQJ/mastDownload/HST/ofhg10040/ofhg10040_raw.fits with expected size 4501440. [astroquery.query]
INFO: Found cached file /mnt/c/Users/eluru/CALTECH_SURF_2026/WORK/data/AT2025JQJ/mastDownload/HST/ofhg10040/ofhg10040_flt.fits with expected size 21052800. [astroquery.query]
INFO: Found cached file /mnt/c/Users/eluru/CALTECH_SURF_2026/WORK/data/AT2025JQJ/mastDownload/HST/ofhg10020/ofhg10020_crj.fits with expected size 10537920. [astroquery.query]
INFO: Found cached file /mnt/c/Users/eluru/CALTECH_SURF_2026/WORK/data/AT2025JQJ/mastDownload/HST/ofhg10020/ofhg10020_wav.fits with expected size 4501440. [astroquery.query]
INFO: Found cached file /mnt/c/Users/eluru/CALTECH_SURF_2026/WORK/data/AT2025JQJ/mastDownload/HST/ofhg10020/ofhg10020_raw.fits with expected size 6742080. [astroquery.query]
INFO: Found cached file /mnt/c/Users/eluru/CALTECH_SURF_2026/WORK/data/AT2025JQJ/mastDownload/HST/ofhg10020/ofhg10020_flt.fits with expected size 31567680. [astroquery.query]
INFO: Found cached file /mnt/c/Users/eluru/CALTECH_SURF_2026/WORK/data/AT2025JQJ/mastDownload/HST/ofhg10030/ofhg10030_crj.fits with expected size 10537920. [astroquery.query]
INFO: Found cached file /mnt/c/Users/eluru/CALTECH_SURF_2026/WORK/data/AT2025JQJ/mastDownload/HST/ofhg10030/ofhg10030_wav.fits with expected size 4501440. [astroquery.query]
INFO: Found cached file /mnt/c/Users/eluru/CALTECH_SURF_2026/WORK/data/AT2025JQJ/mastDownload/HST/ofhg10030/ofhg10030_raw.fits with expected size 6742080. [astroquery.query]
INFO: Found cached file /mnt/c/Users/eluru/CALTECH_SURF_2026/WORK/data/AT2025JQJ/mastDownload/HST/ofhg10030/ofhg10030_flt.fits with expected size 31567680. [astroquery.query]
INFO: Found cached file /mnt/c/Users/eluru/CALTECH_SURF_2026/WORK/data/AT2025JQJ/mastDownload/HST/ofhg10050/ofhg10050_crj.fits with expected size 10537920. [astroquery.query]
INFO: Found cached file /mnt/c/Users/eluru/CALTECH_SURF_2026/WORK/data/AT2025JQJ/mastDownload/HST/ofhg10050/ofhg10050_wav.fits with expected size 2260800. [astroquery.query]
INFO: Found cached file /mnt/c/Users/eluru/CALTECH_SURF_2026/WORK/data/AT2025JQJ/mastDownload/HST/ofhg10050/ofhg10050_raw.fits with expected size 4501440. [astroquery.query]
INFO: Found cached file /mnt/c/Users/eluru/CALTECH_SURF_2026/WORK/data/AT2025JQJ/mastDownload/HST/ofhg10050/ofhg10050_flt.fits with expected size 21052800. [astroquery.query]
INFO: Found cached file /mnt/c/Users/eluru/CALTECH_SURF_2026/WORK/data/AT2025JQJ/mastDownload/HST/ofhg10060/ofhg10060_crj.fits with expected size 10537920. [astroquery.query]
INFO: Found cached file /mnt/c/Users/eluru/CALTECH_SURF_2026/WORK/data/AT2025JQJ/mastDownload/HST/ofhg10060/ofhg10060_wav.fits with expected size 2260800. [astroquery.query]
INFO: Found cached file /mnt/c/Users/eluru/CALTECH_SURF_2026/WORK/data/AT2025JQJ/mastDownload/HST/ofhg10060/ofhg10060_raw.fits with expected size 4501440. [astroquery.query]
INFO: Found cached file /mnt/c/Users/eluru/CALTECH_SURF_2026/WORK/data/AT2025JQJ/mastDownload/HST/ofhg10060/ofhg10060_flt.fits with expected size 21052800. [astroquery.query]
INFO: Found cached file /mnt/c/Users/eluru/CALTECH_SURF_2026/WORK/data/AT2025JQJ/mastDownload/HST/ofhg10010/ofhg10010_crj.fits with expected size 10537920. [astroquery.query]
INFO: Found cached file /mnt/c/Users/eluru/CALTECH_SURF_2026/WORK/data/AT2025JQJ/mastDownload/HST/ofhg10010/ofhg10010_wav.fits with expected size 2260800. [astroquery.query]
INFO: Found cached file /mnt/c/Users/eluru/CALTECH_SURF_2026/WORK/data/AT2025JQJ/mastDownload/HST/ofhg10010/ofhg10010_raw.fits with expected size 6742080. [astroquery.query]
INFO: Found cached file /mnt/c/Users/eluru/CALTECH_SURF_2026/WORK/data/AT2025JQJ/mastDownload/HST/ofhg10010/ofhg10010_flt.fits with expected size 31567680. [astroquery.query]
AT2025JQJ: downloaded 24 products (6 obs)
DOWNLOADDONE


$ /home/ishaang6/miniforge3/envs/surf_uv/bin/python /mnt/c/Users/eluru/CALTECH_SURF_2026/WORK/scripts/reduce_stis_batch.py /mnt/c/Users/eluru/CALTECH_SURF_2026/WORK/data/AT2025JQJ AT2025JQJ --outroot output5 --z 0.0808 --expl-mjd 60798.371
CCDTAB   DESCRIP =Proposal 8057, by I. Dashevsky & P. Goudfrooij
         GACTAB correction applied for G430L 52X0.2E1 4300
CTECORR  COMPLETE
FLUXCORR COMPLETE
SGEOCORR OMIT

         Row 1 written to disk.
Order 1  End 16:39:16 PDT

         trace was rotated by = 0.0882009 degree.
Imset 1  End 16:39:16 PDT

Warning    Keyword `XTRACALG' is being added to header.
End      15-Aug-2026 16:39:16 PDT

*** CALSTIS-6 complete ***
git tag: 4ac2384-dirty
git branch: main
HEAD @: 4ac2384d4b81f58ea6aed6f2977aadc15beb6b0f

*** CALSTIS-6 -- Version 3.5.0 (02-Feb-2026) ***
Begin    15-Aug-2026 16:39:17 PDT

INFO     'E1' has been appended to aperture
Input    /mnt/c/Users/eluru/CALTECH_SURF_2026/WORK/data/AT2025JQJ/mastDownload/HST/ofhg10060/ofhg10060_crj.fits
Output   output5/AT2025JQJ/STIS/CCD/2025-05-08_day5/G750L/ofhg10060_x1d.fits
Rootname ofhg10060
OBSMODE  ACCUM
APERTURE 52X0.2E1
OPT_ELEM G750L
DETECTOR CCD

XTRACTAB oref$n7p1031qo_1dx.fits
XTRACTAB PEDIGREE=INFLIGHT 18/05/97
XTRACTAB DESCRIP =Analysis from prop. 7094
XTRACTAB DESCRIP =Analysis from prop. 7094
SPTRCTAB oref$qa31608go_1dt.fits
SPTRCTAB PEDIGREE=INFLIGHT 02/09/1997 13/02/1998
SPTRCTAB DESCRIP =New traces to account for angle change with time

Imset 1  Begin 16:39:17 PDT
         Input read into memory.
Order 1  Begin 16:39:18 PDT
X1DCORR  PERFORM
BACKCORR PERFORM
******** Calling Slfit ***********
BACKCORR COMPLETE
X1DCORR  COMPLETE
         Spectrum extracted at y position = 894.297

DISPCORR PERFORM
DISPTAB  oref$l2j0137to_dsp.fits
DISPTAB  PEDIGREE=INFLIGHT 27/02/1997 24/11/1999
DISPTAB  DESCRIP =Lindler, May 2000
DISPTAB  DESCRIP =Lindler Postlaunch, May 2000
APDESTAB oref$16j16005o_apd.fits
APDESTAB PEDIGREE=INFLIGHT 01/03/1997 13/06/2017
APDESTAB DESCRIP =Aligned long-slit bar positions for single-bar cases.--------------
APDESTAB DESCRIP =Offset relative to row 900
INANGTAB oref$h5s11397o_iac.fits
INANGTAB DESCRIP =Model/C. Bowers May 6, 1997
DISPCORR COMPLETE

HELCORR  PERFORM
HELCORR  COMPLETE

PHOTTAB  oref$95118575o_pht.fits
PHOTTAB  PEDIGREE=INFLIGHT 27/02/1997 16/03/2021
PHOTTAB  DESCRIP =Fullerton 2025 calibration
APERTAB  oref$y2r1559to_apt.fits
APERTAB  PEDIGREE=MODEL
APERTAB  DESCRIP =Added/updated values for 31X0.05NDA,31X0.05NDB,31X0.05NDC apertures
APERTAB  DESCRIP =Bohlin/Hartig TIM Models Nov. 1998
GACTAB   oref$p9r19203o_gac.fits
GACTAB   PEDIGREE=INFLIGHT 22/04/2002 03/08/2004
GACTAB   DESCRIP =X1D flux corr for grating/aper combos
GACTAB   DESCRIP =Grating-Aperture Throughput Correction
PCTAB    oref$q541740po_pct.fits
PCTAB    PEDIGREE=INFLIGHT 18/05/1997 19/12/1998
PCTAB    DESCRIP =Sensitivity for diff. extractions heights
TDSTAB   oref$8712049eo_tds.fits
TDSTAB   PEDIGREE=INFLIGHT 01/04/1997 06/03/2024
TDSTAB   DESCRIP =Updated time sensitivities for MIRVIS, G230LB, and G230MB
FLUXCORR PERFORM
CTECORR  PERFORM
CCDTAB   oref$16j1600do_ccd.fits
CCDTAB   PEDIGREE=INFLIGHT 01/05/2009 01/05/2009
CCDTAB   DESCRIP =Updated amp=D gain=4 atodgain and corresponding readnoise values---
CCDTAB   DESCRIP =Proposal 8057, by I. Dashevsky & P. Goudfrooij
         GACTAB correction applied for G750L 52X0.2E1 7751
CTECORR  COMPLETE
FLUXCORR COMPLETE
SGEOCORR OMIT

         Row 1 written to disk.
Order 1  End 16:39:18 PDT

         trace was rotated by = 0.102723 degree.
Imset 1  End 16:39:18 PDT

Warning    Keyword `XTRACALG' is being added to header.
End      15-Aug-2026 16:39:19 PDT

*** CALSTIS-6 complete ***
6 STIS science exposures for AT2025JQJ (0 dropped: texptime<5.0s)
RETRY-FINDER ofhg10010 a2center=170.0
X1D ofhg10010 G230LB es 7 flags ['finder_fail', 'extended_host']
X1D ofhg10020 G230LB es 7 flags ['finder_fail', 'extended_host', 'center_mismatch(135vs221)']
X1D ofhg10030 G230LB es 7 flags ['finder_fail', 'extended_host', 'center_mismatch(993vs373)']
X1D ofhg10040 G230LB es 7 flags ['finder_fail', 'extended_host', 'center_mismatch(802vs215)']
X1D ofhg10050 G430L es 9 flags none
X1D ofhg10060 G750L es 15 flags ['no_defringe(no_flat)']
BATCHDONE

/home/ishaang6/miniforge3/envs/surf_uv/lib/python3.12/site-packages/stsci/tools/nmpfit.py:8: UserWarning: NMPFIT is deprecated - stsci.tools v 3.5 is the last version to contain it.
  warnings.warn("NMPFIT is deprecated - stsci.tools v 3.5 is the last version to contain it.")
/home/ishaang6/miniforge3/envs/surf_uv/lib/python3.12/site-packages/stsci/tools/gfit.py:18: UserWarning: GFIT is deprecated - stsci.tools v 3.4.12 is the last version to contain it.Use astropy.modeling instead.
  warnings.warn("GFIT is deprecated - stsci.tools v 3.4.12 is the last version to contain it."

$ /home/ishaang6/miniforge3/envs/surf_uv/bin/python /mnt/c/Users/eluru/CALTECH_SURF_2026/WORK/scripts/build_products.py AT2025JQJ --outroot output5 --z 0.0808 --early-skip-dir  --expl-mjd 60798.371
built products for AT2025JQJ: 1 epochs



===== NSNF4  z=0.0307  STIS=True COS=False =====
$ /home/ishaang6/miniforge3/envs/surf_uv/bin/python /mnt/c/Users/eluru/CALTECH_SURF_2026/WORK/scripts/download_all.py NSNF4
INFO: Found cached file /mnt/c/Users/eluru/CALTECH_SURF_2026/WORK/data/NSNF4/mastDownload/HST/o6mt01010/o6mt01010_crj.fits with expected size 5281920. [astroquery.query]
INFO: Found cached file /mnt/c/Users/eluru/CALTECH_SURF_2026/WORK/data/NSNF4/mastDownload/HST/o6mt01010/o6mt01010_wav.fits with expected size 2260800. [astroquery.query]
INFO: Found cached file /mnt/c/Users/eluru/CALTECH_SURF_2026/WORK/data/NSNF4/mastDownload/HST/o6mt01010/o6mt01010_raw.fits with expected size 2272320. [astroquery.query]
INFO: Found cached file /mnt/c/Users/eluru/CALTECH_SURF_2026/WORK/data/NSNF4/mastDownload/HST/o6mt01010/o6mt01010_flt.fits with expected size 10540800. [astroquery.query]
INFO: Found cached file /mnt/c/Users/eluru/CALTECH_SURF_2026/WORK/data/NSNF4/mastDownload/HST/o6mt01020/o6mt01020_wav.fits with expected size 4262400. [astroquery.query]
INFO: Found cached file /mnt/c/Users/eluru/CALTECH_SURF_2026/WORK/data/NSNF4/mastDownload/HST/o6mt01020/o6mt01020_raw.fits with expected size 8429760. [astroquery.query]
INFO: Found cached file /mnt/c/Users/eluru/CALTECH_SURF_2026/WORK/data/NSNF4/mastDownload/HST/o6mt01020/o6mt01020_flt.fits with expected size 10535040. [astroquery.query]
INFO: Found cached file /mnt/c/Users/eluru/CALTECH_SURF_2026/WORK/data/NSNF4/mastDownload/HST/o6mt02010/o6mt02010_crj.fits with expected size 5281920. [astroquery.query]
INFO: Found cached file /mnt/c/Users/eluru/CALTECH_SURF_2026/WORK/data/NSNF4/mastDownload/HST/o6mt02010/o6mt02010_wav.fits with expected size 2260800. [astroquery.query]
INFO: Found cached file /mnt/c/Users/eluru/CALTECH_SURF_2026/WORK/data/NSNF4/mastDownload/HST/o6mt02010/o6mt02010_raw.fits with expected size 2272320. [astroquery.query]
INFO: Found cached file /mnt/c/Users/eluru/CALTECH_SURF_2026/WORK/data/NSNF4/mastDownload/HST/o6mt02010/o6mt02010_flt.fits with expected size 10540800. [astroquery.query]
INFO: Found cached file /mnt/c/Users/eluru/CALTECH_SURF_2026/WORK/data/NSNF4/mastDownload/HST/o6mt02020/o6mt02020_wav.fits with expected size 4262400. [astroquery.query]
INFO: Found cached file /mnt/c/Users/eluru/CALTECH_SURF_2026/WORK/data/NSNF4/mastDownload/HST/o6mt02020/o6mt02020_raw.fits with expected size 8429760. [astroquery.query]
INFO: Found cached file /mnt/c/Users/eluru/CALTECH_SURF_2026/WORK/data/NSNF4/mastDownload/HST/o6mt02020/o6mt02020_flt.fits with expected size 10535040. [astroquery.query]
INFO: Found cached file /mnt/c/Users/eluru/CALTECH_SURF_2026/WORK/data/NSNF4/mastDownload/HST/o6mt04010/o6mt04010_crj.fits with expected size 5281920. [astroquery.query]
INFO: Found cached file /mnt/c/Users/eluru/CALTECH_SURF_2026/WORK/data/NSNF4/mastDownload/HST/o6mt04010/o6mt04010_wav.fits with expected size 2260800. [astroquery.query]
INFO: Found cached file /mnt/c/Users/eluru/CALTECH_SURF_2026/WORK/data/NSNF4/mastDownload/HST/o6mt04010/o6mt04010_raw.fits with expected size 2272320. [astroquery.query]
INFO: Found cached file /mnt/c/Users/eluru/CALTECH_SURF_2026/WORK/data/NSNF4/mastDownload/HST/o6mt04010/o6mt04010_flt.fits with expected size 10540800. [astroquery.query]
INFO: Found cached file /mnt/c/Users/eluru/CALTECH_SURF_2026/WORK/data/NSNF4/mastDownload/HST/o6mt04020/o6mt04020_wav.fits with expected size 4262400. [astroquery.query]
INFO: Found cached file /mnt/c/Users/eluru/CALTECH_SURF_2026/WORK/data/NSNF4/mastDownload/HST/o6mt04020/o6mt04020_raw.fits with expected size 8429760. [astroquery.query]
INFO: Found cached file /mnt/c/Users/eluru/CALTECH_SURF_2026/WORK/data/NSNF4/mastDownload/HST/o6mt04020/o6mt04020_flt.fits with expected size 10535040. [astroquery.query]
NSNF4: downloaded 21 products (6 obs)
DOWNLOADDONE


$ /home/ishaang6/miniforge3/envs/surf_uv/bin/python /mnt/c/Users/eluru/CALTECH_SURF_2026/WORK/scripts/reduce_stis_batch.py /mnt/c/Users/eluru/CALTECH_SURF_2026/WORK/data/NSNF4 NSNF4 --outroot output5 --z 0.0307 --expl-mjd 52688.0
erture Throughput Correction
PCTAB    oref$q541740no_pct.fits
PCTAB    PEDIGREE=INFLIGHT 18/05/1997 19/12/1998
PCTAB    DESCRIP =Sensitivity for diff. extractions heights
TDSTAB   oref$t9a1003so_tds.fits
TDSTAB   PEDIGREE=INFLIGHT 01/04/1996 08/10/2009
TDSTAB   DESCRIP =Revised sensitivities for L, M, and E modes
FLUXCORR PERFORM
CTECORR  PERFORM
CCDTAB   oref$0841734do_ccd.fits
CCDTAB   PEDIGREE=INFLIGHT 12/07/2001 25/02/2002
CCDTAB   DESCRIP =Updated readnoise for gain={1,4}, all amps, binning=1x1------------
CCDTAB   DESCRIP =all bias frames
Warning    No exact extraction box height match in PCTAB.
Warning    Using entry for height 15
         GACTAB correction applied for G430L 52X0.2E1 4300
CTECORR  COMPLETE
FLUXCORR COMPLETE
SGEOCORR OMIT

         Row 1 written to disk.
Order 1  End 16:39:33 PDT

         trace was rotated by = -0.0025181 degree.
Imset 1  End 16:39:33 PDT

Warning    Keyword `XTRACALG' is being added to header.
End      15-Aug-2026 16:39:33 PDT

*** CALSTIS-6 complete ***
git tag: 4ac2384-dirty
git branch: main
HEAD @: 4ac2384d4b81f58ea6aed6f2977aadc15beb6b0f

*** CALSTIS-6 -- Version 3.5.0 (02-Feb-2026) ***
Begin    15-Aug-2026 16:39:33 PDT

Warning    Grating-aperture throughput correction table (GACTAB) was not found,

         and no gac corrections will be applied
Input    /mnt/c/Users/eluru/CALTECH_SURF_2026/WORK/data/NSNF4/mastDownload/HST/o6mt04020/o6mt04020_flt.fits
Output   output5/NSNF4/STIS/MAMA/2003-03-24_day34/G230L/o6mt04020_x1d.fits
Rootname o6mt04020
OBSMODE  ACCUM
APERTURE 52X0.2
OPT_ELEM G230L
DETECTOR NUV-MAMA

XTRACTAB oref$l3m1437to_1dx.fits
XTRACTAB PEDIGREE=INFLIGHT 29/05/97
XTRACTAB DESCRIP =Analysis from prop. 7064 and ground data
XTRACTAB DESCRIP =Analysis from prop. 7064
SPTRCTAB oref$a5e19539o_1dt.fits
SPTRCTAB PEDIGREE=INFLIGHT 27/02/1997 06/01/2010
SPTRCTAB DESCRIP =New traces for select echelle secondary modes

Imset 1  Begin 16:39:34 PDT
         Input read into memory.
Order 1  Begin 16:39:35 PDT
X1DCORR  PERFORM
BACKCORR PERFORM
******** Calling Slfit ***********
BACKCORR COMPLETE
X1DCORR  COMPLETE
         Spectrum extracted at y position = 520.019

DISPCORR PERFORM
DISPTAB  oref$m7p16111o_dsp.fits
DISPTAB  PEDIGREE=INFLIGHT 23/01/1999 23/01/1999
DISPTAB  DESCRIP =Dispersion coefficients reference table
DISPTAB  DESCRIP =INFLIGHT Cal. Disp. Coeffs
APDESTAB oref$16j16005o_apd.fits
APDESTAB PEDIGREE=INFLIGHT 01/03/1997 13/06/2017
APDESTAB DESCRIP =Aligned long-slit bar positions for single-bar cases.--------------
APDESTAB DESCRIP =Microscope Meas./Hartig Post-launch Offsets
INANGTAB oref$l3m1437ro_iac.fits
INANGTAB DESCRIP =Prelaunch Calibration/Lindler and Models
DISPCORR COMPLETE

HELCORR  PERFORM
HELCORR  COMPLETE

PHOTTAB  oref$9511857ao_pht.fits
PHOTTAB  PEDIGREE=INFLIGHT 27/02/1997 16/03/2021
PHOTTAB  DESCRIP =Fullerton 2025 calibration
APERTAB  oref$y2r1559to_apt.fits
APERTAB  PEDIGREE=MODEL
APERTAB  DESCRIP =Added/updated values for 31X0.05NDA,31X0.05NDB,31X0.05NDC apertures
APERTAB  DESCRIP =Bohlin/Hartig TIM Models Nov. 1998
PCTAB    oref$y2r16006o_pct.fits
PCTAB    PEDIGREE=INFLIGHT 18/05/1997 19/12/1998
PCTAB    DESCRIP =Added/updated values for 31X0.05NDA,31X0.05NDB,31X0.05NDC apertures
TDSTAB   oref$q9s1550lo_tds.fits
TDSTAB   PEDIGREE=INFLIGHT 01/04/1996 08/04/2004
TDSTAB   DESCRIP =New sensitivities for  G230L, E230M, E230M, and E230H modes
FLUXCORR PERFORM
FLUXCORR COMPLETE
SGEOCORR OMIT

         Row 1 written to disk.
Order 1  End 16:39:35 PDT

         trace was rotated by = 0.00453398 degree.
Imset 1  End 16:39:35 PDT

Warning    Keyword `XTRACALG' is being added to header.
End      15-Aug-2026 16:39:35 PDT

*** CALSTIS-6 complete ***
6 STIS science exposures for NSNF4 (0 dropped: texptime<5.0s)
X1D o6mt01010 G430L es 17 flags none
X1D o6mt01020 G230L es 11 flags none
X1D o6mt02010 G430L es 17 flags none
X1D o6mt02020 G230L es 11 flags none
X1D o6mt04010 G430L es 17 flags none
X1D o6mt04020 G230L es 11 flags ['center_mismatch(520vs511)']
BATCHDONE

/home/ishaang6/miniforge3/envs/surf_uv/lib/python3.12/site-packages/stsci/tools/nmpfit.py:8: UserWarning: NMPFIT is deprecated - stsci.tools v 3.5 is the last version to contain it.
  warnings.warn("NMPFIT is deprecated - stsci.tools v 3.5 is the last version to contain it.")
/home/ishaang6/miniforge3/envs/surf_uv/lib/python3.12/site-packages/stsci/tools/gfit.py:18: UserWarning: GFIT is deprecated - stsci.tools v 3.4.12 is the last version to contain it.Use astropy.modeling instead.
  warnings.warn("GFIT is deprecated - stsci.tools v 3.4.12 is the last version to contain it."

$ /home/ishaang6/miniforge3/envs/surf_uv/bin/python /mnt/c/Users/eluru/CALTECH_SURF_2026/WORK/scripts/build_products.py NSNF4 --outroot output5 --z 0.0307 --early-skip-dir  --expl-mjd 52688.0
built products for NSNF4: 3 epochs



===== SN2024GGI  z=0.002196  STIS=True COS=False =====
$ /home/ishaang6/miniforge3/envs/surf_uv/bin/python /mnt/c/Users/eluru/CALTECH_SURF_2026/WORK/scripts/download_all.py SN2024GGI
INFO: Found cached file /mnt/c/Users/eluru/CALTECH_SURF_2026/WORK/data/SN2024GGI/mastDownload/HST/ofbx02010/ofbx02010_wav.fits with expected size 4262400. [astroquery.query]
INFO: Found cached file /mnt/c/Users/eluru/CALTECH_SURF_2026/WORK/data/SN2024GGI/mastDownload/HST/ofbx02010/ofbx02010_raw.fits with expected size 8429760. [astroquery.query]
INFO: Found cached file /mnt/c/Users/eluru/CALTECH_SURF_2026/WORK/data/SN2024GGI/mastDownload/HST/ofbx02010/ofbx02010_flt.fits with expected size 10535040. [astroquery.query]
INFO: Found cached file /mnt/c/Users/eluru/CALTECH_SURF_2026/WORK/data/SN2024GGI/mastDownload/HST/ofbx02020/ofbx02020_wav.fits with expected size 4262400. [astroquery.query]
INFO: Found cached file /mnt/c/Users/eluru/CALTECH_SURF_2026/WORK/data/SN2024GGI/mastDownload/HST/ofbx02020/ofbx02020_raw.fits with expected size 8429760. [astroquery.query]
INFO: Found cached file /mnt/c/Users/eluru/CALTECH_SURF_2026/WORK/data/SN2024GGI/mastDownload/HST/ofbx02020/ofbx02020_flt.fits with expected size 10535040. [astroquery.query]
INFO: Found cached file /mnt/c/Users/eluru/CALTECH_SURF_2026/WORK/data/SN2024GGI/mastDownload/HST/ofbx04020/ofbx04020_wav.fits with expected size 4262400. [astroquery.query]
INFO: Found cached file /mnt/c/Users/eluru/CALTECH_SURF_2026/WORK/data/SN2024GGI/mastDownload/HST/ofbx04020/ofbx04020_raw.fits with expected size 8429760. [astroquery.query]
INFO: Found cached file /mnt/c/Users/eluru/CALTECH_SURF_2026/WORK/data/SN2024GGI/mastDownload/HST/ofbx04020/ofbx04020_flt.fits with expected size 10535040. [astroquery.query]
INFO: Found cached file /mnt/c/Users/eluru/CALTECH_SURF_2026/WORK/data/SN2024GGI/mastDownload/HST/ofbx04010/ofbx04010_wav.fits with expected size 4262400. [astroquery.query]
INFO: Found cached file /mnt/c/Users/eluru/CALTECH_SURF_2026/WORK/data/SN2024GGI/mastDownload/HST/ofbx04010/ofbx04010_raw.fits with expected size 8429760. [astroquery.query]
INFO: Found cached file /mnt/c/Users/eluru/CALTECH_SURF_2026/WORK/data/SN2024GGI/mastDownload/HST/ofbx04010/ofbx04010_flt.fits with expected size 10535040. [astroquery.query]
INFO: Found cached file /mnt/c/Users/eluru/CALTECH_SURF_2026/WORK/data/SN2024GGI/mastDownload/HST/ofbx04040/ofbx04040_wav.fits with expected size 4262400. [astroquery.query]
INFO: Found cached file /mnt/c/Users/eluru/CALTECH_SURF_2026/WORK/data/SN2024GGI/mastDownload/HST/ofbx04040/ofbx04040_raw.fits with expected size 8429760. [astroquery.query]
INFO: Found cached file /mnt/c/Users/eluru/CALTECH_SURF_2026/WORK/data/SN2024GGI/mastDownload/HST/ofbx04040/ofbx04040_flt.fits with expected size 10535040. [astroquery.query]
INFO: Found cached file /mnt/c/Users/eluru/CALTECH_SURF_2026/WORK/data/SN2024GGI/mastDownload/HST/ofbx04030/ofbx04030_wav.fits with expected size 4262400. [astroquery.query]
INFO: Found cached file /mnt/c/Users/eluru/CALTECH_SURF_2026/WORK/data/SN2024GGI/mastDownload/HST/ofbx04030/ofbx04030_raw.fits with expected size 8429760. [astroquery.query]
INFO: Found cached file /mnt/c/Users/eluru/CALTECH_SURF_2026/WORK/data/SN2024GGI/mastDownload/HST/ofbx04030/ofbx04030_flt.fits with expected size 10535040. [astroquery.query]
SN2024GGI: downloaded 18 products (6 obs)
DOWNLOADDONE


$ /home/ishaang6/miniforge3/envs/surf_uv/bin/python /mnt/c/Users/eluru/CALTECH_SURF_2026/WORK/scripts/reduce_stis_batch.py /mnt/c/Users/eluru/CALTECH_SURF_2026/WORK/data/SN2024GGI SN2024GGI --outroot output5 --z 0.002196 --expl-mjd 60411.141
TTAB  oref$9511857bo_pht.fits
PHOTTAB  PEDIGREE=INFLIGHT 27/02/1997 24/09/2019
PHOTTAB  DESCRIP =Fullerton 2025 calibration
APERTAB  oref$y2r1559to_apt.fits
APERTAB  PEDIGREE=MODEL
APERTAB  DESCRIP =Added/updated values for 31X0.05NDA,31X0.05NDB,31X0.05NDC apertures
APERTAB  DESCRIP =Bohlin/Hartig TIM Models Nov. 1998
PCTAB    oref$y2r16004o_pct.fits
PCTAB    PEDIGREE=INFLIGHT 18/05/1997 19/12/1998
PCTAB    DESCRIP =Added/updated values for 31X0.05NDA,31X0.05NDB,31X0.05NDC apertures
TDSTAB   oref$93q1947bo_tds.fits
TDSTAB   PEDIGREE=INFLIGHT 01/04/1997 06/02/2025
TDSTAB   DESCRIP =Updated time and slope arrays for all optical elements.
FLUXCORR PERFORM
FLUXCORR COMPLETE
SGEOCORR OMIT

         Row 1 written to disk.
Order 1  End 16:39:47 PDT

         trace was rotated by = -0.0769077 degree.
Imset 1  End 16:39:47 PDT

Warning    Keyword `XTRACALG' is being added to header.
End      15-Aug-2026 16:39:47 PDT

*** CALSTIS-6 complete ***
git tag: 4ac2384-dirty
git branch: main
HEAD @: 4ac2384d4b81f58ea6aed6f2977aadc15beb6b0f

*** CALSTIS-6 -- Version 3.5.0 (02-Feb-2026) ***
Begin    15-Aug-2026 16:39:47 PDT

Warning    Grating-aperture throughput correction table (GACTAB) was not found,

         and no gac corrections will be applied
Input    /mnt/c/Users/eluru/CALTECH_SURF_2026/WORK/data/SN2024GGI/mastDownload/HST/ofbx04040/ofbx04040_flt.fits
Output   output5/SN2024GGI/STIS/MAMA/2024-11-28_day232/G140L/ofbx04040_x1d.fits
Rootname ofbx04040
OBSMODE  ACCUM
APERTURE 52X0.2
OPT_ELEM G140L
DETECTOR FUV-MAMA

XTRACTAB oref$n7p10323o_1dx.fits
XTRACTAB PEDIGREE=INFLIGHT 29/05/97
XTRACTAB DESCRIP =Analysis from prop. 7064 and ground data
XTRACTAB DESCRIP =Analysis from prop. 7064
SPTRCTAB oref$77o1827do_1dt.fits
SPTRCTAB PEDIGREE=INFLIGHT 27/02/1997 01/12/2009
SPTRCTAB DESCRIP =New traces for select echelle secondary modes

Imset 1  Begin 16:39:48 PDT
         Input read into memory.
Order 1  Begin 16:39:49 PDT
X1DCORR  PERFORM
BACKCORR PERFORM
******** Calling Slfit ***********
BACKCORR COMPLETE
X1DCORR  COMPLETE
         Spectrum extracted at y position = 511.842

DISPCORR PERFORM
DISPTAB  oref$m7p16110o_dsp.fits
DISPTAB  PEDIGREE=INFLIGHT 04/07/1997 04/07/1997
DISPTAB  DESCRIP =Dispersion coefficients reference table
DISPTAB  DESCRIP =INFLIGHT Cal. Disp. Coeffs
APDESTAB oref$16j16005o_apd.fits
APDESTAB PEDIGREE=INFLIGHT 01/03/1997 13/06/2017
APDESTAB DESCRIP =Aligned long-slit bar positions for single-bar cases.--------------
APDESTAB DESCRIP =Microscope Meas./Hartig Post-launch Offsets
INANGTAB oref$h1v1541eo_iac.fits
INANGTAB DESCRIP =Prelaunch Calibration/Lindler and Models
DISPCORR COMPLETE

HELCORR  PERFORM
HELCORR  COMPLETE

PHOTTAB  oref$9511857bo_pht.fits
PHOTTAB  PEDIGREE=INFLIGHT 27/02/1997 24/09/2019
PHOTTAB  DESCRIP =Fullerton 2025 calibration
APERTAB  oref$y2r1559to_apt.fits
APERTAB  PEDIGREE=MODEL
APERTAB  DESCRIP =Added/updated values for 31X0.05NDA,31X0.05NDB,31X0.05NDC apertures
APERTAB  DESCRIP =Bohlin/Hartig TIM Models Nov. 1998
PCTAB    oref$y2r16004o_pct.fits
PCTAB    PEDIGREE=INFLIGHT 18/05/1997 19/12/1998
PCTAB    DESCRIP =Added/updated values for 31X0.05NDA,31X0.05NDB,31X0.05NDC apertures
TDSTAB   oref$93q1947bo_tds.fits
TDSTAB   PEDIGREE=INFLIGHT 01/04/1997 06/02/2025
TDSTAB   DESCRIP =Updated time and slope arrays for all optical elements.
FLUXCORR PERFORM
FLUXCORR COMPLETE
SGEOCORR OMIT

         Row 1 written to disk.
Order 1  End 16:39:49 PDT

         trace was rotated by = -0.0769083 degree.
Imset 1  End 16:39:49 PDT

Warning    Keyword `XTRACALG' is being added to header.
End      15-Aug-2026 16:39:49 PDT

*** CALSTIS-6 complete ***
6 STIS science exposures for SN2024GGI (0 dropped: texptime<5.0s)
X1D ofbx02010 G230L es 11 flags none
X1D ofbx02020 G230L es 11 flags none
X1D ofbx04010 G230L es 11 flags none
X1D ofbx04020 G230L es 11 flags none
X1D ofbx04030 G140L es 11 flags ['low_detect', 'center_mismatch(382vs373)']
X1D ofbx04040 G140L es 11 flags ['low_detect', 'center_mismatch(512vs379)']
BATCHDONE

/home/ishaang6/miniforge3/envs/surf_uv/lib/python3.12/site-packages/stsci/tools/nmpfit.py:8: UserWarning: NMPFIT is deprecated - stsci.tools v 3.5 is the last version to contain it.
  warnings.warn("NMPFIT is deprecated - stsci.tools v 3.5 is the last version to contain it.")
/home/ishaang6/miniforge3/envs/surf_uv/lib/python3.12/site-packages/stsci/tools/gfit.py:18: UserWarning: GFIT is deprecated - stsci.tools v 3.4.12 is the last version to contain it.Use astropy.modeling instead.
  warnings.warn("GFIT is deprecated - stsci.tools v 3.4.12 is the last version to contain it."

$ /home/ishaang6/miniforge3/envs/surf_uv/bin/python /mnt/c/Users/eluru/CALTECH_SURF_2026/WORK/scripts/build_products.py SN2024GGI --outroot output5 --z 0.002196 --early-skip-dir  --expl-mjd 60411.141
built products for SN2024GGI: 2 epochs



===== SN2012BL  z=0.0187  STIS=True COS=False =====
$ /home/ishaang6/miniforge3/envs/surf_uv/bin/python /mnt/c/Users/eluru/CALTECH_SURF_2026/WORK/scripts/download_all.py SN2012BL
ALTECH_SURF_2026/WORK/data/SN2012BL/mastDownload/HST/obxb06010/obxb06010_wav.fits with expected size 2260800. [astroquery.query]
INFO: Found cached file /mnt/c/Users/eluru/CALTECH_SURF_2026/WORK/data/SN2012BL/mastDownload/HST/obxb06010/obxb06010_raw.fits with expected size 6742080. [astroquery.query]
INFO: Found cached file /mnt/c/Users/eluru/CALTECH_SURF_2026/WORK/data/SN2012BL/mastDownload/HST/obxb06010/obxb06010_flt.fits with expected size 31567680. [astroquery.query]
INFO: Found cached file /mnt/c/Users/eluru/CALTECH_SURF_2026/WORK/data/SN2012BL/mastDownload/HST/obxb06020/obxb06020_crj.fits with expected size 10537920. [astroquery.query]
INFO: Found cached file /mnt/c/Users/eluru/CALTECH_SURF_2026/WORK/data/SN2012BL/mastDownload/HST/obxb06020/obxb06020_wav.fits with expected size 2260800. [astroquery.query]
INFO: Found cached file /mnt/c/Users/eluru/CALTECH_SURF_2026/WORK/data/SN2012BL/mastDownload/HST/obxb06020/obxb06020_raw.fits with expected size 6742080. [astroquery.query]
INFO: Found cached file /mnt/c/Users/eluru/CALTECH_SURF_2026/WORK/data/SN2012BL/mastDownload/HST/obxb06020/obxb06020_flt.fits with expected size 31567680. [astroquery.query]
INFO: Found cached file /mnt/c/Users/eluru/CALTECH_SURF_2026/WORK/data/SN2012BL/mastDownload/HST/obxb06030/obxb06030_crj.fits with expected size 10537920. [astroquery.query]
INFO: Found cached file /mnt/c/Users/eluru/CALTECH_SURF_2026/WORK/data/SN2012BL/mastDownload/HST/obxb06030/obxb06030_wav.fits with expected size 2260800. [astroquery.query]
INFO: Found cached file /mnt/c/Users/eluru/CALTECH_SURF_2026/WORK/data/SN2012BL/mastDownload/HST/obxb06030/obxb06030_raw.fits with expected size 6742080. [astroquery.query]
INFO: Found cached file /mnt/c/Users/eluru/CALTECH_SURF_2026/WORK/data/SN2012BL/mastDownload/HST/obxb06030/obxb06030_flt.fits with expected size 31567680. [astroquery.query]
INFO: Found cached file /mnt/c/Users/eluru/CALTECH_SURF_2026/WORK/data/SN2012BL/mastDownload/HST/obxb08010/obxb08010_crj.fits with expected size 10537920. [astroquery.query]
INFO: Found cached file /mnt/c/Users/eluru/CALTECH_SURF_2026/WORK/data/SN2012BL/mastDownload/HST/obxb08010/obxb08010_wav.fits with expected size 2260800. [astroquery.query]
INFO: Found cached file /mnt/c/Users/eluru/CALTECH_SURF_2026/WORK/data/SN2012BL/mastDownload/HST/obxb08010/obxb08010_raw.fits with expected size 6742080. [astroquery.query]
INFO: Found cached file /mnt/c/Users/eluru/CALTECH_SURF_2026/WORK/data/SN2012BL/mastDownload/HST/obxb08010/obxb08010_flt.fits with expected size 31567680. [astroquery.query]
INFO: Found cached file /mnt/c/Users/eluru/CALTECH_SURF_2026/WORK/data/SN2012BL/mastDownload/HST/obxb08020/obxb08020_crj.fits with expected size 10537920. [astroquery.query]
INFO: Found cached file /mnt/c/Users/eluru/CALTECH_SURF_2026/WORK/data/SN2012BL/mastDownload/HST/obxb08020/obxb08020_wav.fits with expected size 2260800. [astroquery.query]
INFO: Found cached file /mnt/c/Users/eluru/CALTECH_SURF_2026/WORK/data/SN2012BL/mastDownload/HST/obxb08020/obxb08020_raw.fits with expected size 6742080. [astroquery.query]
INFO: Found cached file /mnt/c/Users/eluru/CALTECH_SURF_2026/WORK/data/SN2012BL/mastDownload/HST/obxb08020/obxb08020_flt.fits with expected size 31567680. [astroquery.query]
INFO: Found cached file /mnt/c/Users/eluru/CALTECH_SURF_2026/WORK/data/SN2012BL/mastDownload/HST/obxb08030/obxb08030_crj.fits with expected size 10537920. [astroquery.query]
INFO: Found cached file /mnt/c/Users/eluru/CALTECH_SURF_2026/WORK/data/SN2012BL/mastDownload/HST/obxb08030/obxb08030_wav.fits with expected size 2260800. [astroquery.query]
INFO: Found cached file /mnt/c/Users/eluru/CALTECH_SURF_2026/WORK/data/SN2012BL/mastDownload/HST/obxb08030/obxb08030_raw.fits with expected size 6742080. [astroquery.query]
INFO: Found cached file /mnt/c/Users/eluru/CALTECH_SURF_2026/WORK/data/SN2012BL/mastDownload/HST/obxb08030/obxb08030_flt.fits with expected size 31567680. [astroquery.query]
SN2012BL: downloaded 24 products (6 obs)
DOWNLOADDONE


$ /home/ishaang6/miniforge3/envs/surf_uv/bin/python /mnt/c/Users/eluru/CALTECH_SURF_2026/WORK/scripts/reduce_stis_batch.py /mnt/c/Users/eluru/CALTECH_SURF_2026/WORK/data/SN2012BL SN2012BL --outroot output5 --z 0.0187 --expl-mjd 56012.0
T
X1DCORR  PERFORM
Warning    Cross correlation to locate spectrum failed.
ERROR:    Cannot extract.
Warning    No rows were written; no table created.
         trace was rotated by = 0.0467344 degree.
Imset 1  End 16:40:32 PDT

End      15-Aug-2026 16:40:32 PDT

*** CALSTIS-6 complete ***
git tag: 4ac2384-dirty
git branch: main
HEAD @: 4ac2384d4b81f58ea6aed6f2977aadc15beb6b0f

*** CALSTIS-6 -- Version 3.5.0 (02-Feb-2026) ***
Begin    15-Aug-2026 16:40:32 PDT

INFO     'E1' has been appended to aperture
Input    /mnt/c/Users/eluru/CALTECH_SURF_2026/WORK/data/SN2012BL/mastDownload/HST/obxb08030/obxb08030_crj.fits
Output   output5/SN2012BL/STIS/CCD/2012-04-20_day25/G230LB/obxb08030_x1d.fits
Rootname obxb08030
OBSMODE  ACCUM
APERTURE 52X0.2E1
OPT_ELEM G230LB
DETECTOR CCD

XTRACTAB oref$n7p1031qo_1dx.fits
XTRACTAB PEDIGREE=INFLIGHT 18/05/97
XTRACTAB DESCRIP =Analysis from prop. 7094
XTRACTAB DESCRIP =Analysis from prop. 7094
SPTRCTAB oref$qa31608go_1dt.fits
SPTRCTAB PEDIGREE=INFLIGHT 02/09/1997 13/02/1998
SPTRCTAB DESCRIP =New traces to account for angle change with time

Imset 1  Begin 16:40:32 PDT
         Input read into memory.
Order 1  Begin 16:40:34 PDT
X1DCORR  PERFORM
BACKCORR PERFORM
******** Calling Slfit ***********
BACKCORR COMPLETE
X1DCORR  COMPLETE
         Spectrum extracted at y position = 151

DISPCORR PERFORM
DISPTAB  oref$l2j0137to_dsp.fits
DISPTAB  PEDIGREE=INFLIGHT 27/02/1997 24/11/1999
DISPTAB  DESCRIP =Lindler, May 2000
DISPTAB  DESCRIP =Lindler Postlaunch, May 2000
APDESTAB oref$16j16005o_apd.fits
APDESTAB PEDIGREE=INFLIGHT 01/03/1997 13/06/2017
APDESTAB DESCRIP =Aligned long-slit bar positions for single-bar cases.--------------
APDESTAB DESCRIP =Offset relative to row 900
INANGTAB oref$h5s11397o_iac.fits
INANGTAB DESCRIP =Model/C. Bowers May 6, 1997
DISPCORR COMPLETE

HELCORR  PERFORM
HELCORR  COMPLETE

PHOTTAB  oref$95118575o_pht.fits
PHOTTAB  PEDIGREE=INFLIGHT 27/02/1997 16/03/2021
PHOTTAB  DESCRIP =Fullerton 2025 calibration
APERTAB  oref$y2r1559to_apt.fits
APERTAB  PEDIGREE=MODEL
APERTAB  DESCRIP =Added/updated values for 31X0.05NDA,31X0.05NDB,31X0.05NDC apertures
APERTAB  DESCRIP =Bohlin/Hartig TIM Models Nov. 1998
GACTAB   oref$p9r19203o_gac.fits
GACTAB   PEDIGREE=INFLIGHT 22/04/2002 03/08/2004
GACTAB   DESCRIP =X1D flux corr for grating/aper combos
GACTAB   DESCRIP =Grating-Aperture Throughput Correction
PCTAB    oref$q541740lo_pct.fits
PCTAB    PEDIGREE=INFLIGHT 18/05/1997 07/10/1999
PCTAB    DESCRIP =Sensitivity for diff. extractions heights
TDSTAB   oref$8712049eo_tds.fits
TDSTAB   PEDIGREE=INFLIGHT 01/04/1997 06/03/2024
TDSTAB   DESCRIP =Updated time sensitivities for MIRVIS, G230LB, and G230MB
FLUXCORR PERFORM
CTECORR  PERFORM
CCDTAB   oref$16j1600eo_ccd.fits
CCDTAB   PEDIGREE=INFLIGHT 01/05/2009 01/05/2009
CCDTAB   DESCRIP =Updated amp=D gain=4 atodgain and corresponding readnoise values---
CCDTAB   DESCRIP =Proposal 8057, by I. Dashevsky & P. Goudfrooij
         GACTAB correction applied for G230LB 52X0.2E1 2375
CTECORR  COMPLETE
FLUXCORR COMPLETE
SGEOCORR OMIT

         Row 1 written to disk.
Order 1  End 16:40:34 PDT

         trace was rotated by = 0.0467344 degree.
Imset 1  End 16:40:34 PDT

Warning    Keyword `XTRACALG' is being added to header.
End      15-Aug-2026 16:40:34 PDT

*** CALSTIS-6 complete ***
6 STIS science exposures for SN2012BL (0 dropped: texptime<5.0s)
RETRY-FINDER obxb06010 a2center=275.0
X1D obxb06010 G230LB es 7 flags ['finder_fail', 'extended_host']
RETRY-FINDER obxb06020 a2center=107.0
X1D obxb06020 G230LB es 7 flags ['finder_fail', 'extended_host']
RETRY-FINDER obxb06030 a2center=264.0
X1D obxb06030 G230LB es 7 flags ['finder_fail', 'extended_host']
RETRY-FINDER obxb08010 a2center=130.0
X1D obxb08010 G230LB es 7 flags ['finder_fail', 'extended_host']
RETRY-FINDER obxb08020 a2center=399.0
X1D obxb08020 G230LB es 7 flags ['finder_fail', 'extended_host']
RETRY-FINDER obxb08030 a2center=151.0
X1D obxb08030 G230LB es 7 flags ['finder_fail', 'extended_host']
BATCHDONE

/home/ishaang6/miniforge3/envs/surf_uv/lib/python3.12/site-packages/stsci/tools/nmpfit.py:8: UserWarning: NMPFIT is deprecated - stsci.tools v 3.5 is the last version to contain it.
  warnings.warn("NMPFIT is deprecated - stsci.tools v 3.5 is the last version to contain it.")
/home/ishaang6/miniforge3/envs/surf_uv/lib/python3.12/site-packages/stsci/tools/gfit.py:18: UserWarning: GFIT is deprecated - stsci.tools v 3.4.12 is the last version to contain it.Use astropy.modeling instead.
  warnings.warn("GFIT is deprecated - stsci.tools v 3.4.12 is the last version to contain it."

$ /home/ishaang6/miniforge3/envs/surf_uv/bin/python /mnt/c/Users/eluru/CALTECH_SURF_2026/WORK/scripts/build_products.py SN2012BL --outroot output5 --z 0.0187 --early-skip-dir  --expl-mjd 56012.0
built products for SN2012BL: 2 epochs



===== SN-UG8189  z=0.025068  STIS=True COS=False =====
$ /home/ishaang6/miniforge3/envs/surf_uv/bin/python /mnt/c/Users/eluru/CALTECH_SURF_2026/WORK/scripts/download_all.py SN-UG8189
ta/SN-UG8189/mastDownload/HST/obxb02010/obxb02010_wav.fits with expected size 2260800. [astroquery.query]
INFO: Found cached file /mnt/c/Users/eluru/CALTECH_SURF_2026/WORK/data/SN-UG8189/mastDownload/HST/obxb02010/obxb02010_raw.fits with expected size 6742080. [astroquery.query]
INFO: Found cached file /mnt/c/Users/eluru/CALTECH_SURF_2026/WORK/data/SN-UG8189/mastDownload/HST/obxb02010/obxb02010_flt.fits with expected size 31567680. [astroquery.query]
INFO: Found cached file /mnt/c/Users/eluru/CALTECH_SURF_2026/WORK/data/SN-UG8189/mastDownload/HST/obxb02020/obxb02020_crj.fits with expected size 10537920. [astroquery.query]
INFO: Found cached file /mnt/c/Users/eluru/CALTECH_SURF_2026/WORK/data/SN-UG8189/mastDownload/HST/obxb02020/obxb02020_wav.fits with expected size 2260800. [astroquery.query]
INFO: Found cached file /mnt/c/Users/eluru/CALTECH_SURF_2026/WORK/data/SN-UG8189/mastDownload/HST/obxb02020/obxb02020_raw.fits with expected size 6742080. [astroquery.query]
INFO: Found cached file /mnt/c/Users/eluru/CALTECH_SURF_2026/WORK/data/SN-UG8189/mastDownload/HST/obxb02020/obxb02020_flt.fits with expected size 31567680. [astroquery.query]
INFO: Found cached file /mnt/c/Users/eluru/CALTECH_SURF_2026/WORK/data/SN-UG8189/mastDownload/HST/obxb02030/obxb02030_crj.fits with expected size 10537920. [astroquery.query]
INFO: Found cached file /mnt/c/Users/eluru/CALTECH_SURF_2026/WORK/data/SN-UG8189/mastDownload/HST/obxb02030/obxb02030_wav.fits with expected size 2260800. [astroquery.query]
INFO: Found cached file /mnt/c/Users/eluru/CALTECH_SURF_2026/WORK/data/SN-UG8189/mastDownload/HST/obxb02030/obxb02030_raw.fits with expected size 6742080. [astroquery.query]
INFO: Found cached file /mnt/c/Users/eluru/CALTECH_SURF_2026/WORK/data/SN-UG8189/mastDownload/HST/obxb02030/obxb02030_flt.fits with expected size 31567680. [astroquery.query]
INFO: Found cached file /mnt/c/Users/eluru/CALTECH_SURF_2026/WORK/data/SN-UG8189/mastDownload/HST/obxb04010/obxb04010_crj.fits with expected size 10537920. [astroquery.query]
INFO: Found cached file /mnt/c/Users/eluru/CALTECH_SURF_2026/WORK/data/SN-UG8189/mastDownload/HST/obxb04010/obxb04010_wav.fits with expected size 2260800. [astroquery.query]
INFO: Found cached file /mnt/c/Users/eluru/CALTECH_SURF_2026/WORK/data/SN-UG8189/mastDownload/HST/obxb04010/obxb04010_raw.fits with expected size 6742080. [astroquery.query]
INFO: Found cached file /mnt/c/Users/eluru/CALTECH_SURF_2026/WORK/data/SN-UG8189/mastDownload/HST/obxb04010/obxb04010_flt.fits with expected size 31567680. [astroquery.query]
INFO: Found cached file /mnt/c/Users/eluru/CALTECH_SURF_2026/WORK/data/SN-UG8189/mastDownload/HST/obxb04020/obxb04020_crj.fits with expected size 10537920. [astroquery.query]
INFO: Found cached file /mnt/c/Users/eluru/CALTECH_SURF_2026/WORK/data/SN-UG8189/mastDownload/HST/obxb04020/obxb04020_wav.fits with expected size 2260800. [astroquery.query]
INFO: Found cached file /mnt/c/Users/eluru/CALTECH_SURF_2026/WORK/data/SN-UG8189/mastDownload/HST/obxb04020/obxb04020_raw.fits with expected size 6742080. [astroquery.query]
INFO: Found cached file /mnt/c/Users/eluru/CALTECH_SURF_2026/WORK/data/SN-UG8189/mastDownload/HST/obxb04020/obxb04020_flt.fits with expected size 31567680. [astroquery.query]
INFO: Found cached file /mnt/c/Users/eluru/CALTECH_SURF_2026/WORK/data/SN-UG8189/mastDownload/HST/obxb04030/obxb04030_crj.fits with expected size 10537920. [astroquery.query]
INFO: Found cached file /mnt/c/Users/eluru/CALTECH_SURF_2026/WORK/data/SN-UG8189/mastDownload/HST/obxb04030/obxb04030_wav.fits with expected size 2260800. [astroquery.query]
INFO: Found cached file /mnt/c/Users/eluru/CALTECH_SURF_2026/WORK/data/SN-UG8189/mastDownload/HST/obxb04030/obxb04030_raw.fits with expected size 6742080. [astroquery.query]
INFO: Found cached file /mnt/c/Users/eluru/CALTECH_SURF_2026/WORK/data/SN-UG8189/mastDownload/HST/obxb04030/obxb04030_flt.fits with expected size 31567680. [astroquery.query]
SN-UG8189: downloaded 24 products (6 obs)
DOWNLOADDONE


$ /home/ishaang6/miniforge3/envs/surf_uv/bin/python /mnt/c/Users/eluru/CALTECH_SURF_2026/WORK/scripts/reduce_stis_batch.py /mnt/c/Users/eluru/CALTECH_SURF_2026/WORK/data/SN-UG8189 SN-UG8189 --outroot output5 --z 0.025068 --expl-mjd 56013.0
1DCORR  PERFORM
Warning    Cross correlation to locate spectrum failed.
ERROR:    Cannot extract.
Warning    No rows were written; no table created.
         trace was rotated by = 0.0466783 degree.
Imset 1  End 16:40:34 PDT

End      15-Aug-2026 16:40:34 PDT

*** CALSTIS-6 complete ***
git tag: 4ac2384-dirty
git branch: main
HEAD @: 4ac2384d4b81f58ea6aed6f2977aadc15beb6b0f

*** CALSTIS-6 -- Version 3.5.0 (02-Feb-2026) ***
Begin    15-Aug-2026 16:40:34 PDT

INFO     'E1' has been appended to aperture
Input    /mnt/c/Users/eluru/CALTECH_SURF_2026/WORK/data/SN-UG8189/mastDownload/HST/obxb04030/obxb04030_crj.fits
Output   output5/SN-UG8189/STIS/CCD/2012-04-13_day18/G230LB/obxb04030_x1d.fits
Rootname obxb04030
OBSMODE  ACCUM
APERTURE 52X0.2E1
OPT_ELEM G230LB
DETECTOR CCD

XTRACTAB oref$n7p1031qo_1dx.fits
XTRACTAB PEDIGREE=INFLIGHT 18/05/97
XTRACTAB DESCRIP =Analysis from prop. 7094
XTRACTAB DESCRIP =Analysis from prop. 7094
SPTRCTAB oref$qa31608go_1dt.fits
SPTRCTAB PEDIGREE=INFLIGHT 02/09/1997 13/02/1998
SPTRCTAB DESCRIP =New traces to account for angle change with time

Imset 1  Begin 16:40:34 PDT
         Input read into memory.
Order 1  Begin 16:40:36 PDT
X1DCORR  PERFORM
BACKCORR PERFORM
******** Calling Slfit ***********
BACKCORR COMPLETE
X1DCORR  COMPLETE
         Spectrum extracted at y position = 110

DISPCORR PERFORM
DISPTAB  oref$l2j0137to_dsp.fits
DISPTAB  PEDIGREE=INFLIGHT 27/02/1997 24/11/1999
DISPTAB  DESCRIP =Lindler, May 2000
DISPTAB  DESCRIP =Lindler Postlaunch, May 2000
APDESTAB oref$16j16005o_apd.fits
APDESTAB PEDIGREE=INFLIGHT 01/03/1997 13/06/2017
APDESTAB DESCRIP =Aligned long-slit bar positions for single-bar cases.--------------
APDESTAB DESCRIP =Offset relative to row 900
INANGTAB oref$h5s11397o_iac.fits
INANGTAB DESCRIP =Model/C. Bowers May 6, 1997
DISPCORR COMPLETE

HELCORR  PERFORM
HELCORR  COMPLETE

PHOTTAB  oref$95118575o_pht.fits
PHOTTAB  PEDIGREE=INFLIGHT 27/02/1997 16/03/2021
PHOTTAB  DESCRIP =Fullerton 2025 calibration
APERTAB  oref$y2r1559to_apt.fits
APERTAB  PEDIGREE=MODEL
APERTAB  DESCRIP =Added/updated values for 31X0.05NDA,31X0.05NDB,31X0.05NDC apertures
APERTAB  DESCRIP =Bohlin/Hartig TIM Models Nov. 1998
GACTAB   oref$p9r19203o_gac.fits
GACTAB   PEDIGREE=INFLIGHT 22/04/2002 03/08/2004
GACTAB   DESCRIP =X1D flux corr for grating/aper combos
GACTAB   DESCRIP =Grating-Aperture Throughput Correction
PCTAB    oref$q541740lo_pct.fits
PCTAB    PEDIGREE=INFLIGHT 18/05/1997 07/10/1999
PCTAB    DESCRIP =Sensitivity for diff. extractions heights
TDSTAB   oref$8712049eo_tds.fits
TDSTAB   PEDIGREE=INFLIGHT 01/04/1997 06/03/2024
TDSTAB   DESCRIP =Updated time sensitivities for MIRVIS, G230LB, and G230MB
FLUXCORR PERFORM
CTECORR  PERFORM
CCDTAB   oref$16j1600eo_ccd.fits
CCDTAB   PEDIGREE=INFLIGHT 01/05/2009 01/05/2009
CCDTAB   DESCRIP =Updated amp=D gain=4 atodgain and corresponding readnoise values---
CCDTAB   DESCRIP =Proposal 8057, by I. Dashevsky & P. Goudfrooij
         GACTAB correction applied for G230LB 52X0.2E1 2375
CTECORR  COMPLETE
FLUXCORR COMPLETE
SGEOCORR OMIT

         Row 1 written to disk.
Order 1  End 16:40:36 PDT

         trace was rotated by = 0.0466783 degree.
Imset 1  End 16:40:36 PDT

Warning    Keyword `XTRACALG' is being added to header.
End      15-Aug-2026 16:40:36 PDT

*** CALSTIS-6 complete ***
6 STIS science exposures for SN-UG8189 (0 dropped: texptime<5.0s)
RETRY-FINDER obxb02010 a2center=356.0
X1D obxb02010 G230LB es 7 flags ['finder_fail', 'extended_host']
RETRY-FINDER obxb02020 a2center=451.0
X1D obxb02020 G230LB es 7 flags ['finder_fail', 'extended_host']
RETRY-FINDER obxb02030 a2center=263.0
X1D obxb02030 G230LB es 7 flags ['finder_fail', 'extended_host']
RETRY-FINDER obxb04010 a2center=137.0
X1D obxb04010 G230LB es 7 flags ['finder_fail', 'extended_host']
RETRY-FINDER obxb04020 a2center=238.0
X1D obxb04020 G230LB es 7 flags ['finder_fail', 'extended_host']
RETRY-FINDER obxb04030 a2center=110.0
X1D obxb04030 G230LB es 7 flags ['finder_fail', 'extended_host']
BATCHDONE

/home/ishaang6/miniforge3/envs/surf_uv/lib/python3.12/site-packages/stsci/tools/nmpfit.py:8: UserWarning: NMPFIT is deprecated - stsci.tools v 3.5 is the last version to contain it.
  warnings.warn("NMPFIT is deprecated - stsci.tools v 3.5 is the last version to contain it.")
/home/ishaang6/miniforge3/envs/surf_uv/lib/python3.12/site-packages/stsci/tools/gfit.py:18: UserWarning: GFIT is deprecated - stsci.tools v 3.4.12 is the last version to contain it.Use astropy.modeling instead.
  warnings.warn("GFIT is deprecated - stsci.tools v 3.4.12 is the last version to contain it."

$ /home/ishaang6/miniforge3/envs/surf_uv/bin/python /mnt/c/Users/eluru/CALTECH_SURF_2026/WORK/scripts/build_products.py SN-UG8189 --outroot output5 --z 0.025068 --early-skip-dir  --expl-mjd 56013.0
built products for SN-UG8189: 2 epochs



===== ZTF25ABVBCZT  z=0.014677  STIS=True COS=False =====
$ /home/ishaang6/miniforge3/envs/surf_uv/bin/python /mnt/c/Users/eluru/CALTECH_SURF_2026/WORK/scripts/download_all.py ZTF25ABVBCZT
ted size 2260800. [astroquery.query]
INFO: Found cached file /mnt/c/Users/eluru/CALTECH_SURF_2026/WORK/data/ZTF25ABVBCZT/mastDownload/HST/ofgd05010/ofgd05010_raw.fits with expected size 6742080. [astroquery.query]
INFO: Found cached file /mnt/c/Users/eluru/CALTECH_SURF_2026/WORK/data/ZTF25ABVBCZT/mastDownload/HST/ofgd05010/ofgd05010_flt.fits with expected size 31567680. [astroquery.query]
INFO: Found cached file /mnt/c/Users/eluru/CALTECH_SURF_2026/WORK/data/ZTF25ABVBCZT/mastDownload/HST/ofgd05020/ofgd05020_crj.fits with expected size 10537920. [astroquery.query]
INFO: Found cached file /mnt/c/Users/eluru/CALTECH_SURF_2026/WORK/data/ZTF25ABVBCZT/mastDownload/HST/ofgd05020/ofgd05020_wav.fits with expected size 2260800. [astroquery.query]
INFO: Found cached file /mnt/c/Users/eluru/CALTECH_SURF_2026/WORK/data/ZTF25ABVBCZT/mastDownload/HST/ofgd05020/ofgd05020_raw.fits with expected size 6742080. [astroquery.query]
INFO: Found cached file /mnt/c/Users/eluru/CALTECH_SURF_2026/WORK/data/ZTF25ABVBCZT/mastDownload/HST/ofgd05020/ofgd05020_flt.fits with expected size 31567680. [astroquery.query]
INFO: Found cached file /mnt/c/Users/eluru/CALTECH_SURF_2026/WORK/data/ZTF25ABVBCZT/mastDownload/HST/ofgd05060/ofgd05060_crj.fits with expected size 10537920. [astroquery.query]
INFO: Found cached file /mnt/c/Users/eluru/CALTECH_SURF_2026/WORK/data/ZTF25ABVBCZT/mastDownload/HST/ofgd05060/ofgd05060_wav.fits with expected size 2260800. [astroquery.query]
INFO: Found cached file /mnt/c/Users/eluru/CALTECH_SURF_2026/WORK/data/ZTF25ABVBCZT/mastDownload/HST/ofgd05060/ofgd05060_raw.fits with expected size 4501440. [astroquery.query]
INFO: Found cached file /mnt/c/Users/eluru/CALTECH_SURF_2026/WORK/data/ZTF25ABVBCZT/mastDownload/HST/ofgd05060/ofgd05060_flt.fits with expected size 21052800. [astroquery.query]
INFO: Found cached file /mnt/c/Users/eluru/CALTECH_SURF_2026/WORK/data/ZTF25ABVBCZT/mastDownload/HST/ofgd05030/ofgd05030_crj.fits with expected size 10537920. [astroquery.query]
INFO: Found cached file /mnt/c/Users/eluru/CALTECH_SURF_2026/WORK/data/ZTF25ABVBCZT/mastDownload/HST/ofgd05030/ofgd05030_wav.fits with expected size 2260800. [astroquery.query]
INFO: Found cached file /mnt/c/Users/eluru/CALTECH_SURF_2026/WORK/data/ZTF25ABVBCZT/mastDownload/HST/ofgd05030/ofgd05030_raw.fits with expected size 6742080. [astroquery.query]
INFO: Found cached file /mnt/c/Users/eluru/CALTECH_SURF_2026/WORK/data/ZTF25ABVBCZT/mastDownload/HST/ofgd05030/ofgd05030_flt.fits with expected size 31567680. [astroquery.query]
INFO: Found cached file /mnt/c/Users/eluru/CALTECH_SURF_2026/WORK/data/ZTF25ABVBCZT/mastDownload/HST/ofgd05050/ofgd05050_crj.fits with expected size 10537920. [astroquery.query]
INFO: Found cached file /mnt/c/Users/eluru/CALTECH_SURF_2026/WORK/data/ZTF25ABVBCZT/mastDownload/HST/ofgd05050/ofgd05050_wav.fits with expected size 2260800. [astroquery.query]
INFO: Found cached file /mnt/c/Users/eluru/CALTECH_SURF_2026/WORK/data/ZTF25ABVBCZT/mastDownload/HST/ofgd05050/ofgd05050_raw.fits with expected size 4501440. [astroquery.query]
INFO: Found cached file /mnt/c/Users/eluru/CALTECH_SURF_2026/WORK/data/ZTF25ABVBCZT/mastDownload/HST/ofgd05050/ofgd05050_flt.fits with expected size 21052800. [astroquery.query]
INFO: Found cached file /mnt/c/Users/eluru/CALTECH_SURF_2026/WORK/data/ZTF25ABVBCZT/mastDownload/HST/ofgd05040/ofgd05040_crj.fits with expected size 10537920. [astroquery.query]
INFO: Found cached file /mnt/c/Users/eluru/CALTECH_SURF_2026/WORK/data/ZTF25ABVBCZT/mastDownload/HST/ofgd05040/ofgd05040_wav.fits with expected size 2260800. [astroquery.query]
INFO: Found cached file /mnt/c/Users/eluru/CALTECH_SURF_2026/WORK/data/ZTF25ABVBCZT/mastDownload/HST/ofgd05040/ofgd05040_raw.fits with expected size 6742080. [astroquery.query]
INFO: Found cached file /mnt/c/Users/eluru/CALTECH_SURF_2026/WORK/data/ZTF25ABVBCZT/mastDownload/HST/ofgd05040/ofgd05040_flt.fits with expected size 31567680. [astroquery.query]
ZTF25ABVBCZT: downloaded 24 products (6 obs)
DOWNLOADDONE


$ /home/ishaang6/miniforge3/envs/surf_uv/bin/python /mnt/c/Users/eluru/CALTECH_SURF_2026/WORK/scripts/reduce_stis_batch.py /mnt/c/Users/eluru/CALTECH_SURF_2026/WORK/data/ZTF25ABVBCZT ZTF25ABVBCZT --outroot output5 --z 0.014677 --expl-mjd 60949.516
4 atodgain and corresponding readnoise values---
CCDTAB   DESCRIP =Proposal 8057, by I. Dashevsky & P. Goudfrooij
         GACTAB correction applied for G430L 52X0.2E1 4300
CTECORR  COMPLETE
FLUXCORR COMPLETE
SGEOCORR OMIT

         Row 1 written to disk.
Order 1  End 16:40:44 PDT

         trace was rotated by = 0.0899352 degree.
Imset 1  End 16:40:44 PDT

Warning    Keyword `XTRACALG' is being added to header.
End      15-Aug-2026 16:40:44 PDT

*** CALSTIS-6 complete ***
git tag: 4ac2384-dirty
git branch: main
HEAD @: 4ac2384d4b81f58ea6aed6f2977aadc15beb6b0f

*** CALSTIS-6 -- Version 3.5.0 (02-Feb-2026) ***
Begin    15-Aug-2026 16:40:45 PDT

INFO     'E1' has been appended to aperture
Input    /mnt/c/Users/eluru/CALTECH_SURF_2026/WORK/data/ZTF25ABVBCZT/mastDownload/HST/ofgd05060/ofgd05060_crj.fits
Output   output5/ZTF25ABVBCZT/STIS/CCD/2025-10-10_day9/G750L/ofgd05060_x1d.fits
Rootname ofgd05060
OBSMODE  ACCUM
APERTURE 52X0.2E1
OPT_ELEM G750L
DETECTOR CCD

XTRACTAB oref$n7p1031qo_1dx.fits
XTRACTAB PEDIGREE=INFLIGHT 18/05/97
XTRACTAB DESCRIP =Analysis from prop. 7094
XTRACTAB DESCRIP =Analysis from prop. 7094
SPTRCTAB oref$qa31608go_1dt.fits
SPTRCTAB PEDIGREE=INFLIGHT 02/09/1997 13/02/1998
SPTRCTAB DESCRIP =New traces to account for angle change with time

Imset 1  Begin 16:40:46 PDT
         Input read into memory.
Order 1  Begin 16:40:47 PDT
X1DCORR  PERFORM
BACKCORR PERFORM
******** Calling Slfit ***********
BACKCORR COMPLETE
X1DCORR  COMPLETE
         Spectrum extracted at y position = 894.88

DISPCORR PERFORM
DISPTAB  oref$l2j0137to_dsp.fits
DISPTAB  PEDIGREE=INFLIGHT 27/02/1997 24/11/1999
DISPTAB  DESCRIP =Lindler, May 2000
DISPTAB  DESCRIP =Lindler Postlaunch, May 2000
APDESTAB oref$16j16005o_apd.fits
APDESTAB PEDIGREE=INFLIGHT 01/03/1997 13/06/2017
APDESTAB DESCRIP =Aligned long-slit bar positions for single-bar cases.--------------
APDESTAB DESCRIP =Offset relative to row 900
INANGTAB oref$h5s11397o_iac.fits
INANGTAB DESCRIP =Model/C. Bowers May 6, 1997
DISPCORR COMPLETE

HELCORR  PERFORM
HELCORR  COMPLETE

PHOTTAB  oref$95118575o_pht.fits
PHOTTAB  PEDIGREE=INFLIGHT 27/02/1997 16/03/2021
PHOTTAB  DESCRIP =Fullerton 2025 calibration
APERTAB  oref$y2r1559to_apt.fits
APERTAB  PEDIGREE=MODEL
APERTAB  DESCRIP =Added/updated values for 31X0.05NDA,31X0.05NDB,31X0.05NDC apertures
APERTAB  DESCRIP =Bohlin/Hartig TIM Models Nov. 1998
GACTAB   oref$p9r19203o_gac.fits
GACTAB   PEDIGREE=INFLIGHT 22/04/2002 03/08/2004
GACTAB   DESCRIP =X1D flux corr for grating/aper combos
GACTAB   DESCRIP =Grating-Aperture Throughput Correction
PCTAB    oref$q541740po_pct.fits
PCTAB    PEDIGREE=INFLIGHT 18/05/1997 19/12/1998
PCTAB    DESCRIP =Sensitivity for diff. extractions heights
TDSTAB   oref$8712049eo_tds.fits
TDSTAB   PEDIGREE=INFLIGHT 01/04/1997 06/03/2024
TDSTAB   DESCRIP =Updated time sensitivities for MIRVIS, G230LB, and G230MB
FLUXCORR PERFORM
CTECORR  PERFORM
CCDTAB   oref$16j1600do_ccd.fits
CCDTAB   PEDIGREE=INFLIGHT 01/05/2009 01/05/2009
CCDTAB   DESCRIP =Updated amp=D gain=4 atodgain and corresponding readnoise values---
CCDTAB   DESCRIP =Proposal 8057, by I. Dashevsky & P. Goudfrooij
         GACTAB correction applied for G750L 52X0.2E1 7751
CTECORR  COMPLETE
FLUXCORR COMPLETE
SGEOCORR OMIT

         Row 1 written to disk.
Order 1  End 16:40:48 PDT

         trace was rotated by = 0.104288 degree.
Imset 1  End 16:40:48 PDT

Warning    Keyword `XTRACALG' is being added to header.
End      15-Aug-2026 16:40:48 PDT

*** CALSTIS-6 complete ***
6 STIS science exposures for ZTF25ABVBCZT (0 dropped: texptime<5.0s)
RETRY-FINDER ofgd05010 a2center=893.6
X1D ofgd05010 G230LB es 7 flags none
RETRY-FINDER ofgd05020 a2center=893.1
X1D ofgd05020 G230LB es 7 flags none
RETRY-FINDER ofgd05030 a2center=894.5
X1D ofgd05030 G230LB es 7 flags none
RETRY-FINDER ofgd05040 a2center=155.4
X1D ofgd05040 G230LB es 7 flags ['finder_fail', 'extended_host']
X1D ofgd05050 G430L es 9 flags none
X1D ofgd05060 G750L es 15 flags ['no_defringe(no_flat)']
BATCHDONE

/home/ishaang6/miniforge3/envs/surf_uv/lib/python3.12/site-packages/stsci/tools/nmpfit.py:8: UserWarning: NMPFIT is deprecated - stsci.tools v 3.5 is the last version to contain it.
  warnings.warn("NMPFIT is deprecated - stsci.tools v 3.5 is the last version to contain it.")
/home/ishaang6/miniforge3/envs/surf_uv/lib/python3.12/site-packages/stsci/tools/gfit.py:18: UserWarning: GFIT is deprecated - stsci.tools v 3.4.12 is the last version to contain it.Use astropy.modeling instead.
  warnings.warn("GFIT is deprecated - stsci.tools v 3.4.12 is the last version to contain it."

$ /home/ishaang6/miniforge3/envs/surf_uv/bin/python /mnt/c/Users/eluru/CALTECH_SURF_2026/WORK/scripts/build_products.py ZTF25ABVBCZT --outroot output5 --z 0.014677 --early-skip-dir  --expl-mjd 60949.516
built products for ZTF25ABVBCZT: 1 epochs



===== AT-2023TSV  z=0.028  STIS=True COS=False =====
$ /home/ishaang6/miniforge3/envs/surf_uv/bin/python /mnt/c/Users/eluru/CALTECH_SURF_2026/WORK/scripts/download_all.py AT-2023TSV
INFO: Found cached file /mnt/c/Users/eluru/CALTECH_SURF_2026/WORK/data/AT-2023TSV/mastDownload/HST/oezj01010/oezj01010_wav.fits with expected size 2139840. [astroquery.query]
INFO: Found cached file /mnt/c/Users/eluru/CALTECH_SURF_2026/WORK/data/AT-2023TSV/mastDownload/HST/oezj01010/oezj01010_raw.fits with expected size 8429760. [astroquery.query]
INFO: Found cached file /mnt/c/Users/eluru/CALTECH_SURF_2026/WORK/data/AT-2023TSV/mastDownload/HST/oezj01010/oezj01010_flt.fits with expected size 10535040. [astroquery.query]
INFO: Found cached file /mnt/c/Users/eluru/CALTECH_SURF_2026/WORK/data/AT-2023TSV/mastDownload/HST/oezj02010/oezj02010_wav.fits with expected size 2139840. [astroquery.query]
INFO: Found cached file /mnt/c/Users/eluru/CALTECH_SURF_2026/WORK/data/AT-2023TSV/mastDownload/HST/oezj02010/oezj02010_raw.fits with expected size 8429760. [astroquery.query]
INFO: Found cached file /mnt/c/Users/eluru/CALTECH_SURF_2026/WORK/data/AT-2023TSV/mastDownload/HST/oezj02010/oezj02010_flt.fits with expected size 10535040. [astroquery.query]
INFO: Found cached file /mnt/c/Users/eluru/CALTECH_SURF_2026/WORK/data/AT-2023TSV/mastDownload/HST/oezj03010/oezj03010_wav.fits with expected size 2139840. [astroquery.query]
INFO: Found cached file /mnt/c/Users/eluru/CALTECH_SURF_2026/WORK/data/AT-2023TSV/mastDownload/HST/oezj03010/oezj03010_raw.fits with expected size 8429760. [astroquery.query]
INFO: Found cached file /mnt/c/Users/eluru/CALTECH_SURF_2026/WORK/data/AT-2023TSV/mastDownload/HST/oezj03010/oezj03010_flt.fits with expected size 10535040. [astroquery.query]
INFO: Found cached file /mnt/c/Users/eluru/CALTECH_SURF_2026/WORK/data/AT-2023TSV/mastDownload/HST/oezj04010/oezj04010_wav.fits with expected size 2139840. [astroquery.query]
INFO: Found cached file /mnt/c/Users/eluru/CALTECH_SURF_2026/WORK/data/AT-2023TSV/mastDownload/HST/oezj04010/oezj04010_raw.fits with expected size 8429760. [astroquery.query]
INFO: Found cached file /mnt/c/Users/eluru/CALTECH_SURF_2026/WORK/data/AT-2023TSV/mastDownload/HST/oezj04010/oezj04010_flt.fits with expected size 10535040. [astroquery.query]
INFO: Found cached file /mnt/c/Users/eluru/CALTECH_SURF_2026/WORK/data/AT-2023TSV/mastDownload/HST/oezj05010/oezj05010_wav.fits with expected size 2139840. [astroquery.query]
INFO: Found cached file /mnt/c/Users/eluru/CALTECH_SURF_2026/WORK/data/AT-2023TSV/mastDownload/HST/oezj05010/oezj05010_raw.fits with expected size 8429760. [astroquery.query]
INFO: Found cached file /mnt/c/Users/eluru/CALTECH_SURF_2026/WORK/data/AT-2023TSV/mastDownload/HST/oezj05010/oezj05010_flt.fits with expected size 10535040. [astroquery.query]
INFO: Found cached file /mnt/c/Users/eluru/CALTECH_SURF_2026/WORK/data/AT-2023TSV/mastDownload/HST/oezj06010/oezj06010_wav.fits with expected size 2139840. [astroquery.query]
INFO: Found cached file /mnt/c/Users/eluru/CALTECH_SURF_2026/WORK/data/AT-2023TSV/mastDownload/HST/oezj06010/oezj06010_raw.fits with expected size 8429760. [astroquery.query]
INFO: Found cached file /mnt/c/Users/eluru/CALTECH_SURF_2026/WORK/data/AT-2023TSV/mastDownload/HST/oezj06010/oezj06010_flt.fits with expected size 10535040. [astroquery.query]
AT-2023TSV: downloaded 18 products (6 obs)
DOWNLOADDONE


$ /home/ishaang6/miniforge3/envs/surf_uv/bin/python /mnt/c/Users/eluru/CALTECH_SURF_2026/WORK/scripts/reduce_stis_batch.py /mnt/c/Users/eluru/CALTECH_SURF_2026/WORK/data/AT-2023TSV AT-2023TSV --outroot output5 --z 0.028 --expl-mjd 60214.488
3do_pht.fits
PHOTTAB  PEDIGREE=INFLIGHT 27/02/1997 16/03/2021
PHOTTAB  DESCRIP =May 2026 recalibration
APERTAB  oref$y2r1559to_apt.fits
APERTAB  PEDIGREE=MODEL
APERTAB  DESCRIP =Added/updated values for 31X0.05NDA,31X0.05NDB,31X0.05NDC apertures
APERTAB  DESCRIP =Bohlin/Hartig TIM Models Nov. 1998
PCTAB    oref$y2r16006o_pct.fits
PCTAB    PEDIGREE=INFLIGHT 18/05/1997 19/12/1998
PCTAB    DESCRIP =Added/updated values for 31X0.05NDA,31X0.05NDB,31X0.05NDC apertures
TDSTAB   oref$97a1546po_tds.fits
TDSTAB   PEDIGREE=INFLIGHT 01/04/1997 13/05/2025
TDSTAB   DESCRIP =Updated time sensitivities for MIRNUV and L, M, and H modes.
FLUXCORR PERFORM
FLUXCORR COMPLETE
SGEOCORR OMIT

         Row 1 written to disk.
Order 1  End 16:41:01 PDT

         trace was rotated by = -0.00985281 degree.
Imset 1  End 16:41:01 PDT

Warning    Keyword `XTRACALG' is being added to header.
End      15-Aug-2026 16:41:01 PDT

*** CALSTIS-6 complete ***
git tag: 4ac2384-dirty
git branch: main
HEAD @: 4ac2384d4b81f58ea6aed6f2977aadc15beb6b0f

*** CALSTIS-6 -- Version 3.5.0 (02-Feb-2026) ***
Begin    15-Aug-2026 16:41:02 PDT

Warning    Grating-aperture throughput correction table (GACTAB) was not found,

         and no gac corrections will be applied
Input    /mnt/c/Users/eluru/CALTECH_SURF_2026/WORK/data/AT-2023TSV/mastDownload/HST/oezj06010/oezj06010_flt.fits
Output   output5/AT-2023TSV/STIS/MAMA/2023-10-11_day15/G230L/oezj06010_x1d.fits
Rootname oezj06010
OBSMODE  ACCUM
APERTURE 52X0.2
OPT_ELEM G230L
DETECTOR NUV-MAMA

XTRACTAB oref$a5e1953co_1dx.fits
XTRACTAB PEDIGREE=INFLIGHT 29/05/1997 29/05/1997
XTRACTAB DESCRIP =Analysis from prop. 7064 and ground data
XTRACTAB DESCRIP =Analysis from prop. 7064
SPTRCTAB oref$a5e19539o_1dt.fits
SPTRCTAB PEDIGREE=INFLIGHT 27/02/1997 06/01/2010
SPTRCTAB DESCRIP =New traces for select echelle secondary modes

Imset 1  Begin 16:41:03 PDT
         Input read into memory.
Order 1  Begin 16:41:04 PDT
X1DCORR  PERFORM
BACKCORR PERFORM
******** Calling Slfit ***********
BACKCORR COMPLETE
X1DCORR  COMPLETE
         Spectrum extracted at y position = 498.184

DISPCORR PERFORM
DISPTAB  oref$m7p16111o_dsp.fits
DISPTAB  PEDIGREE=INFLIGHT 23/01/1999 23/01/1999
DISPTAB  DESCRIP =Dispersion coefficients reference table
DISPTAB  DESCRIP =INFLIGHT Cal. Disp. Coeffs
APDESTAB oref$16j16005o_apd.fits
APDESTAB PEDIGREE=INFLIGHT 01/03/1997 13/06/2017
APDESTAB DESCRIP =Aligned long-slit bar positions for single-bar cases.--------------
APDESTAB DESCRIP =Microscope Meas./Hartig Post-launch Offsets
INANGTAB oref$l3m1437ro_iac.fits
INANGTAB DESCRIP =Prelaunch Calibration/Lindler and Models
DISPCORR COMPLETE

HELCORR  PERFORM
HELCORR  COMPLETE

PHOTTAB  oref$a5e1953do_pht.fits
PHOTTAB  PEDIGREE=INFLIGHT 27/02/1997 16/03/2021
PHOTTAB  DESCRIP =May 2026 recalibration
APERTAB  oref$y2r1559to_apt.fits
APERTAB  PEDIGREE=MODEL
APERTAB  DESCRIP =Added/updated values for 31X0.05NDA,31X0.05NDB,31X0.05NDC apertures
APERTAB  DESCRIP =Bohlin/Hartig TIM Models Nov. 1998
PCTAB    oref$y2r16006o_pct.fits
PCTAB    PEDIGREE=INFLIGHT 18/05/1997 19/12/1998
PCTAB    DESCRIP =Added/updated values for 31X0.05NDA,31X0.05NDB,31X0.05NDC apertures
TDSTAB   oref$97a1546po_tds.fits
TDSTAB   PEDIGREE=INFLIGHT 01/04/1997 13/05/2025
TDSTAB   DESCRIP =Updated time sensitivities for MIRNUV and L, M, and H modes.
FLUXCORR PERFORM
FLUXCORR COMPLETE
SGEOCORR OMIT

         Row 1 written to disk.
Order 1  End 16:41:05 PDT

         trace was rotated by = -0.00985293 degree.
Imset 1  End 16:41:05 PDT

Warning    Keyword `XTRACALG' is being added to header.
End      15-Aug-2026 16:41:05 PDT

*** CALSTIS-6 complete ***
6 STIS science exposures for AT-2023TSV (0 dropped: texptime<5.0s)
X1D oezj01010 G230L es 11 flags none
X1D oezj02010 G140L es 11 flags ['low_detect', 'center_mismatch(96vs383)']
X1D oezj03010 G140L es 11 flags ['low_detect', 'center_mismatch(95vs428)']
X1D oezj04010 G230L es 11 flags none
X1D oezj05010 G230L es 11 flags none
X1D oezj06010 G230L es 11 flags none
BATCHDONE

/home/ishaang6/miniforge3/envs/surf_uv/lib/python3.12/site-packages/stsci/tools/nmpfit.py:8: UserWarning: NMPFIT is deprecated - stsci.tools v 3.5 is the last version to contain it.
  warnings.warn("NMPFIT is deprecated - stsci.tools v 3.5 is the last version to contain it.")
/home/ishaang6/miniforge3/envs/surf_uv/lib/python3.12/site-packages/stsci/tools/gfit.py:18: UserWarning: GFIT is deprecated - stsci.tools v 3.4.12 is the last version to contain it.Use astropy.modeling instead.
  warnings.warn("GFIT is deprecated - stsci.tools v 3.4.12 is the last version to contain it."

$ /home/ishaang6/miniforge3/envs/surf_uv/bin/python /mnt/c/Users/eluru/CALTECH_SURF_2026/WORK/scripts/build_products.py AT-2023TSV --outroot output5 --z 0.028 --early-skip-dir  --expl-mjd 60214.488
built products for AT-2023TSV: 2 epochs



===== SN2025AFCR  z=0.1335  STIS=True COS=True =====
$ /home/ishaang6/miniforge3/envs/surf_uv/bin/python /mnt/c/Users/eluru/CALTECH_SURF_2026/WORK/scripts/download_all.py SN2025AFCR
INFO: Found cached file /mnt/c/Users/eluru/CALTECH_SURF_2026/WORK/data/SN2025AFCR/mastDownload/HST/ofom14010/ofom14010_crj.fits with expected size 10537920. [astroquery.query]
INFO: Found cached file /mnt/c/Users/eluru/CALTECH_SURF_2026/WORK/data/SN2025AFCR/mastDownload/HST/ofom14010/ofom14010_wav.fits with expected size 2260800. [astroquery.query]
INFO: Found cached file /mnt/c/Users/eluru/CALTECH_SURF_2026/WORK/data/SN2025AFCR/mastDownload/HST/ofom14010/ofom14010_raw.fits with expected size 4501440. [astroquery.query]
INFO: Found cached file /mnt/c/Users/eluru/CALTECH_SURF_2026/WORK/data/SN2025AFCR/mastDownload/HST/ofom14010/ofom14010_flt.fits with expected size 21052800. [astroquery.query]
INFO: Found cached file /mnt/c/Users/eluru/CALTECH_SURF_2026/WORK/data/SN2025AFCR/mastDownload/HST/ofom14020/ofom14020_wav.fits with expected size 2139840. [astroquery.query]
INFO: Found cached file /mnt/c/Users/eluru/CALTECH_SURF_2026/WORK/data/SN2025AFCR/mastDownload/HST/ofom14020/ofom14020_raw.fits with expected size 16819200. [astroquery.query]
INFO: Found cached file /mnt/c/Users/eluru/CALTECH_SURF_2026/WORK/data/SN2025AFCR/mastDownload/HST/ofom14020/ofom14020_flt.fits with expected size 10535040. [astroquery.query]
INFO: Found cached file /mnt/c/Users/eluru/CALTECH_SURF_2026/WORK/data/SN2025AFCR/mastDownload/HST/ofom16020/ofom16020_wav.fits with expected size 2139840. [astroquery.query]
INFO: Found cached file /mnt/c/Users/eluru/CALTECH_SURF_2026/WORK/data/SN2025AFCR/mastDownload/HST/ofom16020/ofom16020_raw.fits with expected size 16819200. [astroquery.query]
INFO: Found cached file /mnt/c/Users/eluru/CALTECH_SURF_2026/WORK/data/SN2025AFCR/mastDownload/HST/ofom16020/ofom16020_flt.fits with expected size 10535040. [astroquery.query]
INFO: Found cached file /mnt/c/Users/eluru/CALTECH_SURF_2026/WORK/data/SN2025AFCR/mastDownload/HST/ofom16010/ofom16010_crj.fits with expected size 10537920. [astroquery.query]
INFO: Found cached file /mnt/c/Users/eluru/CALTECH_SURF_2026/WORK/data/SN2025AFCR/mastDownload/HST/ofom16010/ofom16010_wav.fits with expected size 2260800. [astroquery.query]
INFO: Found cached file /mnt/c/Users/eluru/CALTECH_SURF_2026/WORK/data/SN2025AFCR/mastDownload/HST/ofom16010/ofom16010_raw.fits with expected size 4501440. [astroquery.query]
INFO: Found cached file /mnt/c/Users/eluru/CALTECH_SURF_2026/WORK/data/SN2025AFCR/mastDownload/HST/ofom16010/ofom16010_flt.fits with expected size 21052800. [astroquery.query]
SN2025AFCR: downloaded 14 products (4 obs)
DOWNLOADDONE


$ /home/ishaang6/miniforge3/envs/surf_uv/bin/python /mnt/c/Users/eluru/CALTECH_SURF_2026/WORK/scripts/reduce_stis_batch.py /mnt/c/Users/eluru/CALTECH_SURF_2026/WORK/data/SN2025AFCR SN2025AFCR --outroot output5 --z 0.1335 --expl-mjd 61003.544
PEDIGREE=INFLIGHT 07/12/2001 03/08/2004
GACTAB   DESCRIP =X1D flux corr for grating/aper combos
GACTAB   DESCRIP =Grating-Aperture Throughput Correction
PCTAB    oref$q541740no_pct.fits
PCTAB    PEDIGREE=INFLIGHT 18/05/1997 19/12/1998
PCTAB    DESCRIP =Sensitivity for diff. extractions heights
TDSTAB   oref$8712049eo_tds.fits
TDSTAB   PEDIGREE=INFLIGHT 01/04/1997 06/03/2024
TDSTAB   DESCRIP =Updated time sensitivities for MIRVIS, G230LB, and G230MB
FLUXCORR PERFORM
CTECORR  PERFORM
CCDTAB   oref$16j1600do_ccd.fits
CCDTAB   PEDIGREE=INFLIGHT 01/05/2009 01/05/2009
CCDTAB   DESCRIP =Updated amp=D gain=4 atodgain and corresponding readnoise values---
CCDTAB   DESCRIP =Proposal 8057, by I. Dashevsky & P. Goudfrooij
         GACTAB correction applied for G430L 52X0.2E1 4300
CTECORR  COMPLETE
FLUXCORR COMPLETE
SGEOCORR OMIT

         Row 1 written to disk.
Order 1  End 16:41:26 PDT

         trace was rotated by = 0.0908673 degree.
Imset 1  End 16:41:26 PDT

Warning    Keyword `XTRACALG' is being added to header.
End      15-Aug-2026 16:41:26 PDT

*** CALSTIS-6 complete ***
git tag: 4ac2384-dirty
git branch: main
HEAD @: 4ac2384d4b81f58ea6aed6f2977aadc15beb6b0f

*** CALSTIS-6 -- Version 3.5.0 (02-Feb-2026) ***
Begin    15-Aug-2026 16:41:27 PDT

Warning    Grating-aperture throughput correction table (GACTAB) was not found,

         and no gac corrections will be applied
Input    /mnt/c/Users/eluru/CALTECH_SURF_2026/WORK/data/SN2025AFCR/mastDownload/HST/ofom16020/ofom16020_flt.fits
Output   output5/SN2025AFCR/STIS/MAMA/2026-01-01_day38/G230L/ofom16020_x1d.fits
Rootname ofom16020
OBSMODE  TIME-TAG
APERTURE 52X0.2
OPT_ELEM G230L
DETECTOR NUV-MAMA

XTRACTAB oref$a5e1953co_1dx.fits
XTRACTAB PEDIGREE=INFLIGHT 29/05/1997 29/05/1997
XTRACTAB DESCRIP =Analysis from prop. 7064 and ground data
XTRACTAB DESCRIP =Analysis from prop. 7064
SPTRCTAB oref$a5e19539o_1dt.fits
SPTRCTAB PEDIGREE=INFLIGHT 27/02/1997 06/01/2010
SPTRCTAB DESCRIP =New traces for select echelle secondary modes

Imset 1  Begin 16:41:27 PDT
         Input read into memory.
Order 1  Begin 16:41:29 PDT
X1DCORR  PERFORM
BACKCORR PERFORM
******** Calling Slfit ***********
BACKCORR COMPLETE
X1DCORR  COMPLETE
         Spectrum extracted at y position = 515.338

DISPCORR PERFORM
DISPTAB  oref$m7p16111o_dsp.fits
DISPTAB  PEDIGREE=INFLIGHT 23/01/1999 23/01/1999
DISPTAB  DESCRIP =Dispersion coefficients reference table
DISPTAB  DESCRIP =INFLIGHT Cal. Disp. Coeffs
APDESTAB oref$16j16005o_apd.fits
APDESTAB PEDIGREE=INFLIGHT 01/03/1997 13/06/2017
APDESTAB DESCRIP =Aligned long-slit bar positions for single-bar cases.--------------
APDESTAB DESCRIP =Microscope Meas./Hartig Post-launch Offsets
INANGTAB oref$l3m1437ro_iac.fits
INANGTAB DESCRIP =Prelaunch Calibration/Lindler and Models
DISPCORR COMPLETE

HELCORR  PERFORM
HELCORR  COMPLETE

PHOTTAB  oref$a5e1953do_pht.fits
PHOTTAB  PEDIGREE=INFLIGHT 27/02/1997 16/03/2021
PHOTTAB  DESCRIP =May 2026 recalibration
APERTAB  oref$y2r1559to_apt.fits
APERTAB  PEDIGREE=MODEL
APERTAB  DESCRIP =Added/updated values for 31X0.05NDA,31X0.05NDB,31X0.05NDC apertures
APERTAB  DESCRIP =Bohlin/Hartig TIM Models Nov. 1998
PCTAB    oref$y2r16006o_pct.fits
PCTAB    PEDIGREE=INFLIGHT 18/05/1997 19/12/1998
PCTAB    DESCRIP =Added/updated values for 31X0.05NDA,31X0.05NDB,31X0.05NDC apertures
TDSTAB   oref$97a1546po_tds.fits
TDSTAB   PEDIGREE=INFLIGHT 01/04/1997 13/05/2025
TDSTAB   DESCRIP =Updated time sensitivities for MIRNUV and L, M, and H modes.
FLUXCORR PERFORM
FLUXCORR COMPLETE
SGEOCORR OMIT

         Row 1 written to disk.
Order 1  End 16:41:29 PDT

         trace was rotated by = -0.0114098 degree.
Imset 1  End 16:41:29 PDT

Warning    Keyword `XTRACALG' is being added to header.
End      15-Aug-2026 16:41:29 PDT

*** CALSTIS-6 complete ***
4 STIS science exposures for SN2025AFCR (0 dropped: texptime<5.0s)
X1D ofom14010 G430L es 9 flags none
X1D ofom14020 G230L es 11 flags none
X1D ofom16010 G430L es 9 flags none
X1D ofom16020 G230L es 11 flags none
BATCHDONE

/home/ishaang6/miniforge3/envs/surf_uv/lib/python3.12/site-packages/stsci/tools/nmpfit.py:8: UserWarning: NMPFIT is deprecated - stsci.tools v 3.5 is the last version to contain it.
  warnings.warn("NMPFIT is deprecated - stsci.tools v 3.5 is the last version to contain it.")
/home/ishaang6/miniforge3/envs/surf_uv/lib/python3.12/site-packages/stsci/tools/gfit.py:18: UserWarning: GFIT is deprecated - stsci.tools v 3.4.12 is the last version to contain it.Use astropy.modeling instead.
  warnings.warn("GFIT is deprecated - stsci.tools v 3.4.12 is the last version to contain it."

$ /home/ishaang6/miniforge3/envs/surf_uv/bin/python /mnt/c/Users/eluru/CALTECH_SURF_2026/WORK/scripts/cos_products.py SN2025AFCR --outroot output5 --z 0.1335 --expl-mjd 61003.544
COS SN2025AFCR 2025-12-19_day25 FUV G140L (1 exp)
COS SN2025AFCR 2026-01-02_day39 FUV G140L (1 exp)
COSDONE


$ /home/ishaang6/miniforge3/envs/surf_uv/bin/python /mnt/c/Users/eluru/CALTECH_SURF_2026/WORK/scripts/build_products.py SN2025AFCR --outroot output5 --z 0.1335 --early-skip-dir  --expl-mjd 61003.544
built products for SN2025AFCR: 4 epochs



===== SN2025XAZ  z=0.0324396419794725  STIS=True COS=False =====
$ /home/ishaang6/miniforge3/envs/surf_uv/bin/python /mnt/c/Users/eluru/CALTECH_SURF_2026/WORK/scripts/download_all.py SN2025XAZ
ta/SN2025XAZ/mastDownload/HST/ofhg12040/ofhg12040_wav.fits with expected size 2260800. [astroquery.query]
INFO: Found cached file /mnt/c/Users/eluru/CALTECH_SURF_2026/WORK/data/SN2025XAZ/mastDownload/HST/ofhg12040/ofhg12040_raw.fits with expected size 4501440. [astroquery.query]
INFO: Found cached file /mnt/c/Users/eluru/CALTECH_SURF_2026/WORK/data/SN2025XAZ/mastDownload/HST/ofhg12040/ofhg12040_flt.fits with expected size 21052800. [astroquery.query]
INFO: Found cached file /mnt/c/Users/eluru/CALTECH_SURF_2026/WORK/data/SN2025XAZ/mastDownload/HST/ofhg12050/ofhg12050_crj.fits with expected size 10537920. [astroquery.query]
INFO: Found cached file /mnt/c/Users/eluru/CALTECH_SURF_2026/WORK/data/SN2025XAZ/mastDownload/HST/ofhg12050/ofhg12050_wav.fits with expected size 2260800. [astroquery.query]
INFO: Found cached file /mnt/c/Users/eluru/CALTECH_SURF_2026/WORK/data/SN2025XAZ/mastDownload/HST/ofhg12050/ofhg12050_raw.fits with expected size 4501440. [astroquery.query]
INFO: Found cached file /mnt/c/Users/eluru/CALTECH_SURF_2026/WORK/data/SN2025XAZ/mastDownload/HST/ofhg12050/ofhg12050_flt.fits with expected size 21052800. [astroquery.query]
INFO: Found cached file /mnt/c/Users/eluru/CALTECH_SURF_2026/WORK/data/SN2025XAZ/mastDownload/HST/ofhg12030/ofhg12030_crj.fits with expected size 10537920. [astroquery.query]
INFO: Found cached file /mnt/c/Users/eluru/CALTECH_SURF_2026/WORK/data/SN2025XAZ/mastDownload/HST/ofhg12030/ofhg12030_wav.fits with expected size 4501440. [astroquery.query]
INFO: Found cached file /mnt/c/Users/eluru/CALTECH_SURF_2026/WORK/data/SN2025XAZ/mastDownload/HST/ofhg12030/ofhg12030_raw.fits with expected size 6742080. [astroquery.query]
INFO: Found cached file /mnt/c/Users/eluru/CALTECH_SURF_2026/WORK/data/SN2025XAZ/mastDownload/HST/ofhg12030/ofhg12030_flt.fits with expected size 31567680. [astroquery.query]
INFO: Found cached file /mnt/c/Users/eluru/CALTECH_SURF_2026/WORK/data/SN2025XAZ/mastDownload/HST/ofhg12060/ofhg12060_crj.fits with expected size 10537920. [astroquery.query]
INFO: Found cached file /mnt/c/Users/eluru/CALTECH_SURF_2026/WORK/data/SN2025XAZ/mastDownload/HST/ofhg12060/ofhg12060_wav.fits with expected size 2260800. [astroquery.query]
INFO: Found cached file /mnt/c/Users/eluru/CALTECH_SURF_2026/WORK/data/SN2025XAZ/mastDownload/HST/ofhg12060/ofhg12060_raw.fits with expected size 4501440. [astroquery.query]
INFO: Found cached file /mnt/c/Users/eluru/CALTECH_SURF_2026/WORK/data/SN2025XAZ/mastDownload/HST/ofhg12060/ofhg12060_flt.fits with expected size 21052800. [astroquery.query]
INFO: Found cached file /mnt/c/Users/eluru/CALTECH_SURF_2026/WORK/data/SN2025XAZ/mastDownload/HST/ofhg12010/ofhg12010_crj.fits with expected size 10537920. [astroquery.query]
INFO: Found cached file /mnt/c/Users/eluru/CALTECH_SURF_2026/WORK/data/SN2025XAZ/mastDownload/HST/ofhg12010/ofhg12010_wav.fits with expected size 2260800. [astroquery.query]
INFO: Found cached file /mnt/c/Users/eluru/CALTECH_SURF_2026/WORK/data/SN2025XAZ/mastDownload/HST/ofhg12010/ofhg12010_raw.fits with expected size 6742080. [astroquery.query]
INFO: Found cached file /mnt/c/Users/eluru/CALTECH_SURF_2026/WORK/data/SN2025XAZ/mastDownload/HST/ofhg12010/ofhg12010_flt.fits with expected size 31567680. [astroquery.query]
INFO: Found cached file /mnt/c/Users/eluru/CALTECH_SURF_2026/WORK/data/SN2025XAZ/mastDownload/HST/ofhg12020/ofhg12020_crj.fits with expected size 10537920. [astroquery.query]
INFO: Found cached file /mnt/c/Users/eluru/CALTECH_SURF_2026/WORK/data/SN2025XAZ/mastDownload/HST/ofhg12020/ofhg12020_wav.fits with expected size 4501440. [astroquery.query]
INFO: Found cached file /mnt/c/Users/eluru/CALTECH_SURF_2026/WORK/data/SN2025XAZ/mastDownload/HST/ofhg12020/ofhg12020_raw.fits with expected size 6742080. [astroquery.query]
INFO: Found cached file /mnt/c/Users/eluru/CALTECH_SURF_2026/WORK/data/SN2025XAZ/mastDownload/HST/ofhg12020/ofhg12020_flt.fits with expected size 31567680. [astroquery.query]
SN2025XAZ: downloaded 24 products (6 obs)
DOWNLOADDONE


$ /home/ishaang6/miniforge3/envs/surf_uv/bin/python /mnt/c/Users/eluru/CALTECH_SURF_2026/WORK/scripts/reduce_stis_batch.py /mnt/c/Users/eluru/CALTECH_SURF_2026/WORK/data/SN2025XAZ SN2025XAZ --outroot output5 --z 0.0324396419794725 --expl-mjd 60925.24
 =Analysis from prop. 7094
XTRACTAB DESCRIP =Analysis from prop. 7094
SPTRCTAB oref$qa31608go_1dt.fits
SPTRCTAB PEDIGREE=INFLIGHT 02/09/1997 13/02/1998
SPTRCTAB DESCRIP =New traces to account for angle change with time

Imset 1  Begin 16:41:48 PDT
         Input read into memory.
Order 1  Begin 16:41:50 PDT
X1DCORR  PERFORM
Warning    Cross correlation to locate spectrum failed.
ERROR:    Cannot extract.
Warning    No rows were written; no table created.
         trace was rotated by = 0.0882587 degree.
Imset 1  End 16:41:50 PDT

End      15-Aug-2026 16:41:50 PDT

*** CALSTIS-6 complete ***
git tag: 4ac2384-dirty
git branch: main
HEAD @: 4ac2384d4b81f58ea6aed6f2977aadc15beb6b0f

*** CALSTIS-6 -- Version 3.5.0 (02-Feb-2026) ***
Begin    15-Aug-2026 16:41:50 PDT

INFO     'E1' has been appended to aperture
Input    /mnt/c/Users/eluru/CALTECH_SURF_2026/WORK/data/SN2025XAZ/mastDownload/HST/ofhg12030/ofhg12030_crj.fits
Output   output5/SN2025XAZ/STIS/CCD/2025-09-11_day5/G230LB/ofhg12030_x1d.fits
Rootname ofhg12030
OBSMODE  ACCUM
APERTURE 52X0.2E1
OPT_ELEM G230LB
DETECTOR CCD

XTRACTAB oref$n7p1031qo_1dx.fits
XTRACTAB PEDIGREE=INFLIGHT 18/05/97
XTRACTAB DESCRIP =Analysis from prop. 7094
XTRACTAB DESCRIP =Analysis from prop. 7094
SPTRCTAB oref$qa31608go_1dt.fits
SPTRCTAB PEDIGREE=INFLIGHT 02/09/1997 13/02/1998
SPTRCTAB DESCRIP =New traces to account for angle change with time

Imset 1  Begin 16:41:51 PDT
         Input read into memory.
Order 1  Begin 16:41:53 PDT
X1DCORR  PERFORM
BACKCORR PERFORM
******** Calling Slfit ***********
BACKCORR COMPLETE
X1DCORR  COMPLETE
         Spectrum extracted at y position = 239

DISPCORR PERFORM
DISPTAB  oref$l2j0137to_dsp.fits
DISPTAB  PEDIGREE=INFLIGHT 27/02/1997 24/11/1999
DISPTAB  DESCRIP =Lindler, May 2000
DISPTAB  DESCRIP =Lindler Postlaunch, May 2000
APDESTAB oref$16j16005o_apd.fits
APDESTAB PEDIGREE=INFLIGHT 01/03/1997 13/06/2017
APDESTAB DESCRIP =Aligned long-slit bar positions for single-bar cases.--------------
APDESTAB DESCRIP =Offset relative to row 900
INANGTAB oref$h5s11397o_iac.fits
INANGTAB DESCRIP =Model/C. Bowers May 6, 1997
DISPCORR COMPLETE

HELCORR  PERFORM
HELCORR  COMPLETE

PHOTTAB  oref$95118575o_pht.fits
PHOTTAB  PEDIGREE=INFLIGHT 27/02/1997 16/03/2021
PHOTTAB  DESCRIP =Fullerton 2025 calibration
APERTAB  oref$y2r1559to_apt.fits
APERTAB  PEDIGREE=MODEL
APERTAB  DESCRIP =Added/updated values for 31X0.05NDA,31X0.05NDB,31X0.05NDC apertures
APERTAB  DESCRIP =Bohlin/Hartig TIM Models Nov. 1998
GACTAB   oref$p9r19203o_gac.fits
GACTAB   PEDIGREE=INFLIGHT 22/04/2002 03/08/2004
GACTAB   DESCRIP =X1D flux corr for grating/aper combos
GACTAB   DESCRIP =Grating-Aperture Throughput Correction
PCTAB    oref$q541740lo_pct.fits
PCTAB    PEDIGREE=INFLIGHT 18/05/1997 07/10/1999
PCTAB    DESCRIP =Sensitivity for diff. extractions heights
TDSTAB   oref$8712049eo_tds.fits
TDSTAB   PEDIGREE=INFLIGHT 01/04/1997 06/03/2024
TDSTAB   DESCRIP =Updated time sensitivities for MIRVIS, G230LB, and G230MB
FLUXCORR PERFORM
CTECORR  PERFORM
CCDTAB   oref$16j1600do_ccd.fits
CCDTAB   PEDIGREE=INFLIGHT 01/05/2009 01/05/2009
CCDTAB   DESCRIP =Updated amp=D gain=4 atodgain and corresponding readnoise values---
CCDTAB   DESCRIP =Proposal 8057, by I. Dashevsky & P. Goudfrooij
         GACTAB correction applied for G230LB 52X0.2E1 2375
CTECORR  COMPLETE
FLUXCORR COMPLETE
SGEOCORR OMIT

         Row 1 written to disk.
Order 1  End 16:41:53 PDT

         trace was rotated by = 0.0882587 degree.
Imset 1  End 16:41:53 PDT

Warning    Keyword `XTRACALG' is being added to header.
End      15-Aug-2026 16:41:53 PDT

*** CALSTIS-6 complete ***
3 STIS science exposures for SN2025XAZ (3 dropped: texptime<5.0s)
RETRY-FINDER ofhg12010 a2center=410.0
X1D ofhg12010 G230LB es 7 flags ['finder_fail', 'extended_host']
RETRY-FINDER ofhg12020 a2center=399.0
X1D ofhg12020 G230LB es 7 flags ['finder_fail', 'extended_host']
RETRY-FINDER ofhg12030 a2center=239.0
X1D ofhg12030 G230LB es 7 flags ['finder_fail', 'extended_host']
BATCHDONE

/home/ishaang6/miniforge3/envs/surf_uv/lib/python3.12/site-packages/stsci/tools/nmpfit.py:8: UserWarning: NMPFIT is deprecated - stsci.tools v 3.5 is the last version to contain it.
  warnings.warn("NMPFIT is deprecated - stsci.tools v 3.5 is the last version to contain it.")
/home/ishaang6/miniforge3/envs/surf_uv/lib/python3.12/site-packages/stsci/tools/gfit.py:18: UserWarning: GFIT is deprecated - stsci.tools v 3.4.12 is the last version to contain it.Use astropy.modeling instead.
  warnings.warn("GFIT is deprecated - stsci.tools v 3.4.12 is the last version to contain it."

$ /home/ishaang6/miniforge3/envs/surf_uv/bin/python /mnt/c/Users/eluru/CALTECH_SURF_2026/WORK/scripts/build_products.py SN2025XAZ --outroot output5 --z 0.0324396419794725 --early-skip-dir  --expl-mjd 60925.24
built products for SN2025XAZ: 1 epochs



===== AT2025NQF  z=0.0  STIS=True COS=False =====
$ /home/ishaang6/miniforge3/envs/surf_uv/bin/python /mnt/c/Users/eluru/CALTECH_SURF_2026/WORK/scripts/download_all.py AT2025NQF
ta/AT2025NQF/mastDownload/HST/ofhg09010/ofhg09010_wav.fits with expected size 2260800. [astroquery.query]
INFO: Found cached file /mnt/c/Users/eluru/CALTECH_SURF_2026/WORK/data/AT2025NQF/mastDownload/HST/ofhg09010/ofhg09010_raw.fits with expected size 6742080. [astroquery.query]
INFO: Found cached file /mnt/c/Users/eluru/CALTECH_SURF_2026/WORK/data/AT2025NQF/mastDownload/HST/ofhg09010/ofhg09010_flt.fits with expected size 31567680. [astroquery.query]
INFO: Found cached file /mnt/c/Users/eluru/CALTECH_SURF_2026/WORK/data/AT2025NQF/mastDownload/HST/ofhg09050/ofhg09050_crj.fits with expected size 10537920. [astroquery.query]
INFO: Found cached file /mnt/c/Users/eluru/CALTECH_SURF_2026/WORK/data/AT2025NQF/mastDownload/HST/ofhg09050/ofhg09050_wav.fits with expected size 2260800. [astroquery.query]
INFO: Found cached file /mnt/c/Users/eluru/CALTECH_SURF_2026/WORK/data/AT2025NQF/mastDownload/HST/ofhg09050/ofhg09050_raw.fits with expected size 4501440. [astroquery.query]
INFO: Found cached file /mnt/c/Users/eluru/CALTECH_SURF_2026/WORK/data/AT2025NQF/mastDownload/HST/ofhg09050/ofhg09050_flt.fits with expected size 21052800. [astroquery.query]
INFO: Found cached file /mnt/c/Users/eluru/CALTECH_SURF_2026/WORK/data/AT2025NQF/mastDownload/HST/ofhg09040/ofhg09040_crj.fits with expected size 10537920. [astroquery.query]
INFO: Found cached file /mnt/c/Users/eluru/CALTECH_SURF_2026/WORK/data/AT2025NQF/mastDownload/HST/ofhg09040/ofhg09040_wav.fits with expected size 2260800. [astroquery.query]
INFO: Found cached file /mnt/c/Users/eluru/CALTECH_SURF_2026/WORK/data/AT2025NQF/mastDownload/HST/ofhg09040/ofhg09040_raw.fits with expected size 4501440. [astroquery.query]
INFO: Found cached file /mnt/c/Users/eluru/CALTECH_SURF_2026/WORK/data/AT2025NQF/mastDownload/HST/ofhg09040/ofhg09040_flt.fits with expected size 21052800. [astroquery.query]
INFO: Found cached file /mnt/c/Users/eluru/CALTECH_SURF_2026/WORK/data/AT2025NQF/mastDownload/HST/ofhg09020/ofhg09020_crj.fits with expected size 10537920. [astroquery.query]
INFO: Found cached file /mnt/c/Users/eluru/CALTECH_SURF_2026/WORK/data/AT2025NQF/mastDownload/HST/ofhg09020/ofhg09020_wav.fits with expected size 4501440. [astroquery.query]
INFO: Found cached file /mnt/c/Users/eluru/CALTECH_SURF_2026/WORK/data/AT2025NQF/mastDownload/HST/ofhg09020/ofhg09020_raw.fits with expected size 6742080. [astroquery.query]
INFO: Found cached file /mnt/c/Users/eluru/CALTECH_SURF_2026/WORK/data/AT2025NQF/mastDownload/HST/ofhg09020/ofhg09020_flt.fits with expected size 31567680. [astroquery.query]
INFO: Found cached file /mnt/c/Users/eluru/CALTECH_SURF_2026/WORK/data/AT2025NQF/mastDownload/HST/ofhg09030/ofhg09030_crj.fits with expected size 10537920. [astroquery.query]
INFO: Found cached file /mnt/c/Users/eluru/CALTECH_SURF_2026/WORK/data/AT2025NQF/mastDownload/HST/ofhg09030/ofhg09030_wav.fits with expected size 4501440. [astroquery.query]
INFO: Found cached file /mnt/c/Users/eluru/CALTECH_SURF_2026/WORK/data/AT2025NQF/mastDownload/HST/ofhg09030/ofhg09030_raw.fits with expected size 6742080. [astroquery.query]
INFO: Found cached file /mnt/c/Users/eluru/CALTECH_SURF_2026/WORK/data/AT2025NQF/mastDownload/HST/ofhg09030/ofhg09030_flt.fits with expected size 31567680. [astroquery.query]
INFO: Found cached file /mnt/c/Users/eluru/CALTECH_SURF_2026/WORK/data/AT2025NQF/mastDownload/HST/ofhg09060/ofhg09060_crj.fits with expected size 10537920. [astroquery.query]
INFO: Found cached file /mnt/c/Users/eluru/CALTECH_SURF_2026/WORK/data/AT2025NQF/mastDownload/HST/ofhg09060/ofhg09060_wav.fits with expected size 2260800. [astroquery.query]
INFO: Found cached file /mnt/c/Users/eluru/CALTECH_SURF_2026/WORK/data/AT2025NQF/mastDownload/HST/ofhg09060/ofhg09060_raw.fits with expected size 4501440. [astroquery.query]
INFO: Found cached file /mnt/c/Users/eluru/CALTECH_SURF_2026/WORK/data/AT2025NQF/mastDownload/HST/ofhg09060/ofhg09060_flt.fits with expected size 21052800. [astroquery.query]
AT2025NQF: downloaded 24 products (6 obs)
DOWNLOADDONE


$ /home/ishaang6/miniforge3/envs/surf_uv/bin/python /mnt/c/Users/eluru/CALTECH_SURF_2026/WORK/scripts/reduce_stis_batch.py /mnt/c/Users/eluru/CALTECH_SURF_2026/WORK/data/AT2025NQF AT2025NQF --outroot output5 --z 0.0 --expl-mjd 60842.167
PLETE
SGEOCORR OMIT

         Row 1 written to disk.
Order 1  End 16:41:52 PDT

         trace was rotated by = 0.0886723 degree.
Imset 1  End 16:41:52 PDT

Warning    Keyword `XTRACALG' is being added to header.
End      15-Aug-2026 16:41:52 PDT

*** CALSTIS-6 complete ***
git tag: 4ac2384-dirty
git branch: main
HEAD @: 4ac2384d4b81f58ea6aed6f2977aadc15beb6b0f

*** CALSTIS-6 -- Version 3.5.0 (02-Feb-2026) ***
Begin    15-Aug-2026 16:41:53 PDT

INFO     'E1' has been appended to aperture
Input    /mnt/c/Users/eluru/CALTECH_SURF_2026/WORK/data/AT2025NQF/mastDownload/HST/ofhg09060/ofhg09060_crj.fits
Output   output5/AT2025NQF/STIS/CCD/2025-06-19_day4/G750L/ofhg09060_x1d.fits
Rootname ofhg09060
OBSMODE  ACCUM
APERTURE 52X0.2E1
OPT_ELEM G750L
DETECTOR CCD

XTRACTAB oref$n7p1031qo_1dx.fits
XTRACTAB PEDIGREE=INFLIGHT 18/05/97
XTRACTAB DESCRIP =Analysis from prop. 7094
XTRACTAB DESCRIP =Analysis from prop. 7094
SPTRCTAB oref$qa31608go_1dt.fits
SPTRCTAB PEDIGREE=INFLIGHT 02/09/1997 13/02/1998
SPTRCTAB DESCRIP =New traces to account for angle change with time

Imset 1  Begin 16:41:54 PDT
         Input read into memory.
Order 1  Begin 16:41:56 PDT
X1DCORR  PERFORM
BACKCORR PERFORM
******** Calling Slfit ***********
BACKCORR COMPLETE
X1DCORR  COMPLETE
         Spectrum extracted at y position = 690.386

DISPCORR PERFORM
DISPTAB  oref$l2j0137to_dsp.fits
DISPTAB  PEDIGREE=INFLIGHT 27/02/1997 24/11/1999
DISPTAB  DESCRIP =Lindler, May 2000
DISPTAB  DESCRIP =Lindler Postlaunch, May 2000
APDESTAB oref$16j16005o_apd.fits
APDESTAB PEDIGREE=INFLIGHT 01/03/1997 13/06/2017
APDESTAB DESCRIP =Aligned long-slit bar positions for single-bar cases.--------------
APDESTAB DESCRIP =Offset relative to row 900
INANGTAB oref$h5s11397o_iac.fits
INANGTAB DESCRIP =Model/C. Bowers May 6, 1997
DISPCORR COMPLETE

HELCORR  PERFORM
HELCORR  COMPLETE

PHOTTAB  oref$95118575o_pht.fits
PHOTTAB  PEDIGREE=INFLIGHT 27/02/1997 16/03/2021
PHOTTAB  DESCRIP =Fullerton 2025 calibration
APERTAB  oref$y2r1559to_apt.fits
APERTAB  PEDIGREE=MODEL
APERTAB  DESCRIP =Added/updated values for 31X0.05NDA,31X0.05NDB,31X0.05NDC apertures
APERTAB  DESCRIP =Bohlin/Hartig TIM Models Nov. 1998
GACTAB   oref$p9r19203o_gac.fits
GACTAB   PEDIGREE=INFLIGHT 22/04/2002 03/08/2004
GACTAB   DESCRIP =X1D flux corr for grating/aper combos
GACTAB   DESCRIP =Grating-Aperture Throughput Correction
PCTAB    oref$q541740po_pct.fits
PCTAB    PEDIGREE=INFLIGHT 18/05/1997 19/12/1998
PCTAB    DESCRIP =Sensitivity for diff. extractions heights
TDSTAB   oref$8712049eo_tds.fits
TDSTAB   PEDIGREE=INFLIGHT 01/04/1997 06/03/2024
TDSTAB   DESCRIP =Updated time sensitivities for MIRVIS, G230LB, and G230MB
FLUXCORR PERFORM
CTECORR  PERFORM
CCDTAB   oref$16j1600do_ccd.fits
CCDTAB   PEDIGREE=INFLIGHT 01/05/2009 01/05/2009
CCDTAB   DESCRIP =Updated amp=D gain=4 atodgain and corresponding readnoise values---
CCDTAB   DESCRIP =Proposal 8057, by I. Dashevsky & P. Goudfrooij
         GACTAB correction applied for G750L 52X0.2E1 7751
CTECORR  COMPLETE
FLUXCORR COMPLETE
SGEOCORR OMIT

         Row 1 written to disk.
Order 1  End 16:41:56 PDT

         trace was rotated by = 0.103148 degree.
Imset 1  End 16:41:56 PDT

Warning    Keyword `XTRACALG' is being added to header.
End      15-Aug-2026 16:41:57 PDT

*** CALSTIS-6 complete ***
6 STIS science exposures for AT2025NQF (0 dropped: texptime<5.0s)
RETRY-FINDER ofhg09010 a2center=114.8
X1D ofhg09010 G230LB es 7 flags ['finder_fail', 'extended_host']
RETRY-FINDER ofhg09020 a2center=265.0
X1D ofhg09020 G230LB es 7 flags ['finder_fail', 'extended_host']
RETRY-FINDER ofhg09030 a2center=128.0
X1D ofhg09030 G230LB es 7 flags ['finder_fail', 'extended_host']
RETRY-FINDER ofhg09040 a2center=162.0
X1D ofhg09040 G230LB es 7 flags ['finder_fail', 'extended_host']
RETRY-FINDER ofhg09050 a2center=140.0
X1D ofhg09050 G430L es 9 flags ['finder_fail', 'extended_host']
X1D ofhg09060 G750L es 15 flags ['finder_fail', 'extended_host', 'no_defringe(no_flat)', 'center_mismatch(690vs100)']
BATCHDONE

/home/ishaang6/miniforge3/envs/surf_uv/lib/python3.12/site-packages/stsci/tools/nmpfit.py:8: UserWarning: NMPFIT is deprecated - stsci.tools v 3.5 is the last version to contain it.
  warnings.warn("NMPFIT is deprecated - stsci.tools v 3.5 is the last version to contain it.")
/home/ishaang6/miniforge3/envs/surf_uv/lib/python3.12/site-packages/stsci/tools/gfit.py:18: UserWarning: GFIT is deprecated - stsci.tools v 3.4.12 is the last version to contain it.Use astropy.modeling instead.
  warnings.warn("GFIT is deprecated - stsci.tools v 3.4.12 is the last version to contain it."

$ /home/ishaang6/miniforge3/envs/surf_uv/bin/python /mnt/c/Users/eluru/CALTECH_SURF_2026/WORK/scripts/build_products.py AT2025NQF --outroot output5 --z 0.0 --early-skip-dir  --expl-mjd 60842.167
built products for AT2025NQF: 1 epochs



===== LSQ15ABL  z=0.087  STIS=True COS=True =====
$ /home/ishaang6/miniforge3/envs/surf_uv/bin/python /mnt/c/Users/eluru/CALTECH_SURF_2026/WORK/scripts/download_all.py LSQ15ABL
INFO: Found cached file /mnt/c/Users/eluru/CALTECH_SURF_2026/WORK/data/LSQ15ABL/mastDownload/HST/oclb06010/oclb06010_wav.fits with expected size 4262400. [astroquery.query]
INFO: Found cached file /mnt/c/Users/eluru/CALTECH_SURF_2026/WORK/data/LSQ15ABL/mastDownload/HST/oclb06010/oclb06010_raw.fits with expected size 8429760. [astroquery.query]
INFO: Found cached file /mnt/c/Users/eluru/CALTECH_SURF_2026/WORK/data/LSQ15ABL/mastDownload/HST/oclb06010/oclb06010_flt.fits with expected size 10535040. [astroquery.query]
INFO: Found cached file /mnt/c/Users/eluru/CALTECH_SURF_2026/WORK/data/LSQ15ABL/mastDownload/HST/oclb06020/oclb06020_wav.fits with expected size 4262400. [astroquery.query]
INFO: Found cached file /mnt/c/Users/eluru/CALTECH_SURF_2026/WORK/data/LSQ15ABL/mastDownload/HST/oclb06020/oclb06020_raw.fits with expected size 8429760. [astroquery.query]
INFO: Found cached file /mnt/c/Users/eluru/CALTECH_SURF_2026/WORK/data/LSQ15ABL/mastDownload/HST/oclb06020/oclb06020_flt.fits with expected size 10535040. [astroquery.query]
INFO: Found cached file /mnt/c/Users/eluru/CALTECH_SURF_2026/WORK/data/LSQ15ABL/mastDownload/HST/oclb06030/oclb06030_wav.fits with expected size 4262400. [astroquery.query]
INFO: Found cached file /mnt/c/Users/eluru/CALTECH_SURF_2026/WORK/data/LSQ15ABL/mastDownload/HST/oclb06030/oclb06030_raw.fits with expected size 8429760. [astroquery.query]
INFO: Found cached file /mnt/c/Users/eluru/CALTECH_SURF_2026/WORK/data/LSQ15ABL/mastDownload/HST/oclb06030/oclb06030_flt.fits with expected size 10535040. [astroquery.query]
INFO: Found cached file /mnt/c/Users/eluru/CALTECH_SURF_2026/WORK/data/LSQ15ABL/mastDownload/HST/oclb06040/oclb06040_wav.fits with expected size 4262400. [astroquery.query]
INFO: Found cached file /mnt/c/Users/eluru/CALTECH_SURF_2026/WORK/data/LSQ15ABL/mastDownload/HST/oclb06040/oclb06040_raw.fits with expected size 8429760. [astroquery.query]
INFO: Found cached file /mnt/c/Users/eluru/CALTECH_SURF_2026/WORK/data/LSQ15ABL/mastDownload/HST/oclb06040/oclb06040_flt.fits with expected size 10535040. [astroquery.query]
LSQ15ABL: downloaded 12 products (4 obs)
DOWNLOADDONE


$ /home/ishaang6/miniforge3/envs/surf_uv/bin/python /mnt/c/Users/eluru/CALTECH_SURF_2026/WORK/scripts/reduce_stis_batch.py /mnt/c/Users/eluru/CALTECH_SURF_2026/WORK/data/LSQ15ABL LSQ15ABL --outroot output5 --z 0.087
TAB oref$l3m1437ro_iac.fits
INANGTAB DESCRIP =Prelaunch Calibration/Lindler and Models
DISPCORR COMPLETE

HELCORR  PERFORM
HELCORR  COMPLETE

PHOTTAB  oref$a5e19538o_pht.fits
PHOTTAB  PEDIGREE=INFLIGHT 27/02/1997 16/03/2021
PHOTTAB  DESCRIP =May 2026 recalibration
APERTAB  oref$y2r1559to_apt.fits
APERTAB  PEDIGREE=MODEL
APERTAB  DESCRIP =Added/updated values for 31X0.05NDA,31X0.05NDB,31X0.05NDC apertures
APERTAB  DESCRIP =Bohlin/Hartig TIM Models Nov. 1998
PCTAB    oref$y2r16006o_pct.fits
PCTAB    PEDIGREE=INFLIGHT 18/05/1997 19/12/1998
PCTAB    DESCRIP =Added/updated values for 31X0.05NDA,31X0.05NDB,31X0.05NDC apertures
TDSTAB   oref$97a1546po_tds.fits
TDSTAB   PEDIGREE=INFLIGHT 01/04/1997 13/05/2025
TDSTAB   DESCRIP =Updated time sensitivities for MIRNUV and L, M, and H modes.
FLUXCORR PERFORM
FLUXCORR COMPLETE
SGEOCORR OMIT

         Row 1 written to disk.
Order 1  End 16:42:05 PDT

         trace was rotated by = -0.00393664 degree.
Imset 1  End 16:42:05 PDT

Warning    Keyword `XTRACALG' is being added to header.
End      15-Aug-2026 16:42:05 PDT

*** CALSTIS-6 complete ***
git tag: 4ac2384-dirty
git branch: main
HEAD @: 4ac2384d4b81f58ea6aed6f2977aadc15beb6b0f

*** CALSTIS-6 -- Version 3.5.0 (02-Feb-2026) ***
Begin    15-Aug-2026 16:42:05 PDT

Warning    Grating-aperture throughput correction table (GACTAB) was not found,

         and no gac corrections will be applied
Input    /mnt/c/Users/eluru/CALTECH_SURF_2026/WORK/data/LSQ15ABL/mastDownload/HST/oclb06040/oclb06040_flt.fits
Output   output5/LSQ15ABL/STIS/MAMA/2015-04-29/G230L/oclb06040_x1d.fits
Rootname oclb06040
OBSMODE  ACCUM
APERTURE 52X0.2
OPT_ELEM G230L
DETECTOR NUV-MAMA

XTRACTAB oref$a5e1953co_1dx.fits
XTRACTAB PEDIGREE=INFLIGHT 29/05/1997 29/05/1997
XTRACTAB DESCRIP =Analysis from prop. 7064 and ground data
XTRACTAB DESCRIP =Analysis from prop. 7064
SPTRCTAB oref$a5e19539o_1dt.fits
SPTRCTAB PEDIGREE=INFLIGHT 27/02/1997 06/01/2010
SPTRCTAB DESCRIP =New traces for select echelle secondary modes

Imset 1  Begin 16:42:06 PDT
         Input read into memory.
Order 1  Begin 16:42:07 PDT
X1DCORR  PERFORM
BACKCORR PERFORM
******** Calling Slfit ***********
BACKCORR COMPLETE
X1DCORR  COMPLETE
         Spectrum extracted at y position = 524.794

DISPCORR PERFORM
DISPTAB  oref$m7p16111o_dsp.fits
DISPTAB  PEDIGREE=INFLIGHT 23/01/1999 23/01/1999
DISPTAB  DESCRIP =Dispersion coefficients reference table
DISPTAB  DESCRIP =INFLIGHT Cal. Disp. Coeffs
APDESTAB oref$16j16005o_apd.fits
APDESTAB PEDIGREE=INFLIGHT 01/03/1997 13/06/2017
APDESTAB DESCRIP =Aligned long-slit bar positions for single-bar cases.--------------
APDESTAB DESCRIP =Microscope Meas./Hartig Post-launch Offsets
INANGTAB oref$l3m1437ro_iac.fits
INANGTAB DESCRIP =Prelaunch Calibration/Lindler and Models
DISPCORR COMPLETE

HELCORR  PERFORM
HELCORR  COMPLETE

PHOTTAB  oref$a5e19538o_pht.fits
PHOTTAB  PEDIGREE=INFLIGHT 27/02/1997 16/03/2021
PHOTTAB  DESCRIP =May 2026 recalibration
APERTAB  oref$y2r1559to_apt.fits
APERTAB  PEDIGREE=MODEL
APERTAB  DESCRIP =Added/updated values for 31X0.05NDA,31X0.05NDB,31X0.05NDC apertures
APERTAB  DESCRIP =Bohlin/Hartig TIM Models Nov. 1998
PCTAB    oref$y2r16006o_pct.fits
PCTAB    PEDIGREE=INFLIGHT 18/05/1997 19/12/1998
PCTAB    DESCRIP =Added/updated values for 31X0.05NDA,31X0.05NDB,31X0.05NDC apertures
TDSTAB   oref$97a1546po_tds.fits
TDSTAB   PEDIGREE=INFLIGHT 01/04/1997 13/05/2025
TDSTAB   DESCRIP =Updated time sensitivities for MIRNUV and L, M, and H modes.
FLUXCORR PERFORM
FLUXCORR COMPLETE
SGEOCORR OMIT

         Row 1 written to disk.
Order 1  End 16:42:07 PDT

         trace was rotated by = -0.00393676 degree.
Imset 1  End 16:42:07 PDT

Warning    Keyword `XTRACALG' is being added to header.
End      15-Aug-2026 16:42:07 PDT

*** CALSTIS-6 complete ***
4 STIS science exposures for LSQ15ABL (0 dropped: texptime<5.0s)
X1D oclb06010 G230L es 11 flags none
X1D oclb06020 G230L es 11 flags none
X1D oclb06030 G230L es 11 flags none
X1D oclb06040 G230L es 11 flags none
BATCHDONE

/home/ishaang6/miniforge3/envs/surf_uv/lib/python3.12/site-packages/stsci/tools/nmpfit.py:8: UserWarning: NMPFIT is deprecated - stsci.tools v 3.5 is the last version to contain it.
  warnings.warn("NMPFIT is deprecated - stsci.tools v 3.5 is the last version to contain it.")
/home/ishaang6/miniforge3/envs/surf_uv/lib/python3.12/site-packages/stsci/tools/gfit.py:18: UserWarning: GFIT is deprecated - stsci.tools v 3.4.12 is the last version to contain it.Use astropy.modeling instead.
  warnings.warn("GFIT is deprecated - stsci.tools v 3.4.12 is the last version to contain it."

$ /home/ishaang6/miniforge3/envs/surf_uv/bin/python /mnt/c/Users/eluru/CALTECH_SURF_2026/WORK/scripts/cos_products.py LSQ15ABL --outroot output5 --z 0.087
COS LSQ15ABL 2015-04-27 FUV G140L (1 exp)
COS LSQ15ABL 2015-04-28 FUV G140L (1 exp)
COSDONE


$ /home/ishaang6/miniforge3/envs/surf_uv/bin/python /mnt/c/Users/eluru/CALTECH_SURF_2026/WORK/scripts/build_products.py LSQ15ABL --outroot output5 --z 0.087 --early-skip-dir 
built products for LSQ15ABL: 3 epochs



===== SN2024XRX  z=0.037376  STIS=True COS=False =====
$ /home/ishaang6/miniforge3/envs/surf_uv/bin/python /mnt/c/Users/eluru/CALTECH_SURF_2026/WORK/scripts/download_all.py SN2024XRX
ta/SN2024XRX/mastDownload/HST/of8b06040/of8b06040_wav.fits with expected size 2260800. [astroquery.query]
INFO: Found cached file /mnt/c/Users/eluru/CALTECH_SURF_2026/WORK/data/SN2024XRX/mastDownload/HST/of8b06040/of8b06040_raw.fits with expected size 4501440. [astroquery.query]
INFO: Found cached file /mnt/c/Users/eluru/CALTECH_SURF_2026/WORK/data/SN2024XRX/mastDownload/HST/of8b06040/of8b06040_flt.fits with expected size 21052800. [astroquery.query]
INFO: Found cached file /mnt/c/Users/eluru/CALTECH_SURF_2026/WORK/data/SN2024XRX/mastDownload/HST/of8b06030/of8b06030_crj.fits with expected size 10537920. [astroquery.query]
INFO: Found cached file /mnt/c/Users/eluru/CALTECH_SURF_2026/WORK/data/SN2024XRX/mastDownload/HST/of8b06030/of8b06030_wav.fits with expected size 2260800. [astroquery.query]
INFO: Found cached file /mnt/c/Users/eluru/CALTECH_SURF_2026/WORK/data/SN2024XRX/mastDownload/HST/of8b06030/of8b06030_raw.fits with expected size 4501440. [astroquery.query]
INFO: Found cached file /mnt/c/Users/eluru/CALTECH_SURF_2026/WORK/data/SN2024XRX/mastDownload/HST/of8b06030/of8b06030_flt.fits with expected size 21052800. [astroquery.query]
INFO: Found cached file /mnt/c/Users/eluru/CALTECH_SURF_2026/WORK/data/SN2024XRX/mastDownload/HST/of8b07040/of8b07040_crj.fits with expected size 10537920. [astroquery.query]
INFO: Found cached file /mnt/c/Users/eluru/CALTECH_SURF_2026/WORK/data/SN2024XRX/mastDownload/HST/of8b07040/of8b07040_wav.fits with expected size 2260800. [astroquery.query]
INFO: Found cached file /mnt/c/Users/eluru/CALTECH_SURF_2026/WORK/data/SN2024XRX/mastDownload/HST/of8b07040/of8b07040_raw.fits with expected size 4501440. [astroquery.query]
INFO: Found cached file /mnt/c/Users/eluru/CALTECH_SURF_2026/WORK/data/SN2024XRX/mastDownload/HST/of8b07040/of8b07040_flt.fits with expected size 21052800. [astroquery.query]
INFO: Found cached file /mnt/c/Users/eluru/CALTECH_SURF_2026/WORK/data/SN2024XRX/mastDownload/HST/of8b07010/of8b07010_crj.fits with expected size 10537920. [astroquery.query]
INFO: Found cached file /mnt/c/Users/eluru/CALTECH_SURF_2026/WORK/data/SN2024XRX/mastDownload/HST/of8b07010/of8b07010_wav.fits with expected size 2260800. [astroquery.query]
INFO: Found cached file /mnt/c/Users/eluru/CALTECH_SURF_2026/WORK/data/SN2024XRX/mastDownload/HST/of8b07010/of8b07010_raw.fits with expected size 6742080. [astroquery.query]
INFO: Found cached file /mnt/c/Users/eluru/CALTECH_SURF_2026/WORK/data/SN2024XRX/mastDownload/HST/of8b07010/of8b07010_flt.fits with expected size 31567680. [astroquery.query]
INFO: Found cached file /mnt/c/Users/eluru/CALTECH_SURF_2026/WORK/data/SN2024XRX/mastDownload/HST/of8b07020/of8b07020_crj.fits with expected size 10537920. [astroquery.query]
INFO: Found cached file /mnt/c/Users/eluru/CALTECH_SURF_2026/WORK/data/SN2024XRX/mastDownload/HST/of8b07020/of8b07020_wav.fits with expected size 2260800. [astroquery.query]
INFO: Found cached file /mnt/c/Users/eluru/CALTECH_SURF_2026/WORK/data/SN2024XRX/mastDownload/HST/of8b07020/of8b07020_raw.fits with expected size 6742080. [astroquery.query]
INFO: Found cached file /mnt/c/Users/eluru/CALTECH_SURF_2026/WORK/data/SN2024XRX/mastDownload/HST/of8b07020/of8b07020_flt.fits with expected size 31567680. [astroquery.query]
INFO: Found cached file /mnt/c/Users/eluru/CALTECH_SURF_2026/WORK/data/SN2024XRX/mastDownload/HST/of8b07030/of8b07030_crj.fits with expected size 10537920. [astroquery.query]
INFO: Found cached file /mnt/c/Users/eluru/CALTECH_SURF_2026/WORK/data/SN2024XRX/mastDownload/HST/of8b07030/of8b07030_wav.fits with expected size 2260800. [astroquery.query]
INFO: Found cached file /mnt/c/Users/eluru/CALTECH_SURF_2026/WORK/data/SN2024XRX/mastDownload/HST/of8b07030/of8b07030_raw.fits with expected size 4501440. [astroquery.query]
INFO: Found cached file /mnt/c/Users/eluru/CALTECH_SURF_2026/WORK/data/SN2024XRX/mastDownload/HST/of8b07030/of8b07030_flt.fits with expected size 21052800. [astroquery.query]
SN2024XRX: downloaded 32 products (8 obs)
DOWNLOADDONE


$ /home/ishaang6/miniforge3/envs/surf_uv/bin/python /mnt/c/Users/eluru/CALTECH_SURF_2026/WORK/scripts/reduce_stis_batch.py /mnt/c/Users/eluru/CALTECH_SURF_2026/WORK/data/SN2024XRX SN2024XRX --outroot output5 --z 0.037376 --expl-mjd 60593.339
No rows were written; no table created.
         trace was rotated by = 0.100674 degree.
Imset 1  End 16:43:10 PDT

End      15-Aug-2026 16:43:10 PDT

*** CALSTIS-6 complete ***
git tag: 4ac2384-dirty
git branch: main
HEAD @: 4ac2384d4b81f58ea6aed6f2977aadc15beb6b0f

*** CALSTIS-6 -- Version 3.5.0 (02-Feb-2026) ***
Begin    15-Aug-2026 16:43:10 PDT

INFO     'E1' has been appended to aperture
Input    /mnt/c/Users/eluru/CALTECH_SURF_2026/WORK/data/SN2024XRX/mastDownload/HST/of8b07040/of8b07040_crj.fits
Output   output5/SN2024XRX/STIS/CCD/2024-10-18_day8/G750L/of8b07040_x1d.fits
Rootname of8b07040
OBSMODE  ACCUM
APERTURE 52X0.2E1
OPT_ELEM G750L
DETECTOR CCD

XTRACTAB oref$n7p1031qo_1dx.fits
XTRACTAB PEDIGREE=INFLIGHT 18/05/97
XTRACTAB DESCRIP =Analysis from prop. 7094
XTRACTAB DESCRIP =Analysis from prop. 7094
SPTRCTAB oref$qa31608go_1dt.fits
SPTRCTAB PEDIGREE=INFLIGHT 02/09/1997 13/02/1998
SPTRCTAB DESCRIP =New traces to account for angle change with time

Imset 1  Begin 16:43:11 PDT
         Input read into memory.
Order 1  Begin 16:43:12 PDT
X1DCORR  PERFORM
BACKCORR PERFORM
******** Calling Slfit ***********
BACKCORR COMPLETE
X1DCORR  COMPLETE
         Spectrum extracted at y position = 163.7

DISPCORR PERFORM
DISPTAB  oref$l2j0137to_dsp.fits
DISPTAB  PEDIGREE=INFLIGHT 27/02/1997 24/11/1999
DISPTAB  DESCRIP =Lindler, May 2000
DISPTAB  DESCRIP =Lindler Postlaunch, May 2000
APDESTAB oref$16j16005o_apd.fits
APDESTAB PEDIGREE=INFLIGHT 01/03/1997 13/06/2017
APDESTAB DESCRIP =Aligned long-slit bar positions for single-bar cases.--------------
APDESTAB DESCRIP =Offset relative to row 900
INANGTAB oref$h5s11397o_iac.fits
INANGTAB DESCRIP =Model/C. Bowers May 6, 1997
DISPCORR COMPLETE

HELCORR  PERFORM
HELCORR  COMPLETE

PHOTTAB  oref$95118575o_pht.fits
PHOTTAB  PEDIGREE=INFLIGHT 27/02/1997 16/03/2021
PHOTTAB  DESCRIP =Fullerton 2025 calibration
APERTAB  oref$y2r1559to_apt.fits
APERTAB  PEDIGREE=MODEL
APERTAB  DESCRIP =Added/updated values for 31X0.05NDA,31X0.05NDB,31X0.05NDC apertures
APERTAB  DESCRIP =Bohlin/Hartig TIM Models Nov. 1998
GACTAB   oref$p9r19203o_gac.fits
GACTAB   PEDIGREE=INFLIGHT 22/04/2002 03/08/2004
GACTAB   DESCRIP =X1D flux corr for grating/aper combos
GACTAB   DESCRIP =Grating-Aperture Throughput Correction
PCTAB    oref$q541740po_pct.fits
PCTAB    PEDIGREE=INFLIGHT 18/05/1997 19/12/1998
PCTAB    DESCRIP =Sensitivity for diff. extractions heights
TDSTAB   oref$8712049eo_tds.fits
TDSTAB   PEDIGREE=INFLIGHT 01/04/1997 06/03/2024
TDSTAB   DESCRIP =Updated time sensitivities for MIRVIS, G230LB, and G230MB
FLUXCORR PERFORM
CTECORR  PERFORM
CCDTAB   oref$16j1600do_ccd.fits
CCDTAB   PEDIGREE=INFLIGHT 01/05/2009 01/05/2009
CCDTAB   DESCRIP =Updated amp=D gain=4 atodgain and corresponding readnoise values---
CCDTAB   DESCRIP =Proposal 8057, by I. Dashevsky & P. Goudfrooij
         GACTAB correction applied for G750L 52X0.2E1 7751
CTECORR  COMPLETE
FLUXCORR COMPLETE
SGEOCORR OMIT

         Row 1 written to disk.
Order 1  End 16:43:12 PDT

         trace was rotated by = 0.100674 degree.
Imset 1  End 16:43:12 PDT

Warning    Keyword `XTRACALG' is being added to header.
End      15-Aug-2026 16:43:12 PDT

*** CALSTIS-6 complete ***
7 STIS science exposures for SN2024XRX (1 dropped: texptime<5.0s)
X1D of8b06010 G230LB es 7 flags ['finder_fail', 'extended_host', 'center_mismatch(909vs249)']
RETRY-FINDER of8b06030 a2center=105.5
X1D of8b06030 G430L es 9 flags ['finder_fail', 'extended_host']
X1D of8b06040 G750L es 15 flags ['finder_fail', 'extended_host', 'no_defringe(no_flat)', 'center_mismatch(794vs262)']
X1D of8b07010 G230LB es 7 flags ['finder_fail', 'extended_host', 'center_mismatch(909vs111)']
X1D of8b07020 G230LB es 7 flags ['finder_fail', 'extended_host', 'center_mismatch(801vs255)']
RETRY-FINDER of8b07030 a2center=130.6
X1D of8b07030 G430L es 9 flags ['finder_fail', 'extended_host']
RETRY-FINDER of8b07040 a2center=163.7
X1D of8b07040 G750L es 15 flags ['finder_fail', 'extended_host', 'no_defringe(no_flat)']
BATCHDONE

/home/ishaang6/miniforge3/envs/surf_uv/lib/python3.12/site-packages/stsci/tools/nmpfit.py:8: UserWarning: NMPFIT is deprecated - stsci.tools v 3.5 is the last version to contain it.
  warnings.warn("NMPFIT is deprecated - stsci.tools v 3.5 is the last version to contain it.")
/home/ishaang6/miniforge3/envs/surf_uv/lib/python3.12/site-packages/stsci/tools/gfit.py:18: UserWarning: GFIT is deprecated - stsci.tools v 3.4.12 is the last version to contain it.Use astropy.modeling instead.
  warnings.warn("GFIT is deprecated - stsci.tools v 3.4.12 is the last version to contain it."

$ /home/ishaang6/miniforge3/envs/surf_uv/bin/python /mnt/c/Users/eluru/CALTECH_SURF_2026/WORK/scripts/build_products.py SN2024XRX --outroot output5 --z 0.037376 --early-skip-dir  --expl-mjd 60593.339
built products for SN2024XRX: 2 epochs



===== SN2011BY  z=0.003  STIS=True COS=False =====
$ /home/ishaang6/miniforge3/envs/surf_uv/bin/python /mnt/c/Users/eluru/CALTECH_SURF_2026/WORK/scripts/download_all.py SN2011BY
TECH_SURF_2026/WORK/data/SN2011BY/mastDownload/HST/obnd08010/obnd08010_flt.fits with expected size 31567680. [astroquery.query]
INFO: Found cached file /mnt/c/Users/eluru/CALTECH_SURF_2026/WORK/data/SN2011BY/mastDownload/HST/obnd09010/obnd09010_crj.fits with expected size 10537920. [astroquery.query]
INFO: Found cached file /mnt/c/Users/eluru/CALTECH_SURF_2026/WORK/data/SN2011BY/mastDownload/HST/obnd09010/obnd09010_wav.fits with expected size 4501440. [astroquery.query]
INFO: Found cached file /mnt/c/Users/eluru/CALTECH_SURF_2026/WORK/data/SN2011BY/mastDownload/HST/obnd09010/obnd09010_raw.fits with expected size 6742080. [astroquery.query]
INFO: Found cached file /mnt/c/Users/eluru/CALTECH_SURF_2026/WORK/data/SN2011BY/mastDownload/HST/obnd09010/obnd09010_flt.fits with expected size 31567680. [astroquery.query]
INFO: Found cached file /mnt/c/Users/eluru/CALTECH_SURF_2026/WORK/data/SN2011BY/mastDownload/HST/obnd10010/obnd10010_crj.fits with expected size 10537920. [astroquery.query]
INFO: Found cached file /mnt/c/Users/eluru/CALTECH_SURF_2026/WORK/data/SN2011BY/mastDownload/HST/obnd10010/obnd10010_wav.fits with expected size 4501440. [astroquery.query]
INFO: Found cached file /mnt/c/Users/eluru/CALTECH_SURF_2026/WORK/data/SN2011BY/mastDownload/HST/obnd10010/obnd10010_raw.fits with expected size 6742080. [astroquery.query]
INFO: Found cached file /mnt/c/Users/eluru/CALTECH_SURF_2026/WORK/data/SN2011BY/mastDownload/HST/obnd10010/obnd10010_flt.fits with expected size 31567680. [astroquery.query]
INFO: Found cached file /mnt/c/Users/eluru/CALTECH_SURF_2026/WORK/data/SN2011BY/mastDownload/HST/obnd11010/obnd11010_crj.fits with expected size 10537920. [astroquery.query]
INFO: Found cached file /mnt/c/Users/eluru/CALTECH_SURF_2026/WORK/data/SN2011BY/mastDownload/HST/obnd11010/obnd11010_wav.fits with expected size 4501440. [astroquery.query]
INFO: Found cached file /mnt/c/Users/eluru/CALTECH_SURF_2026/WORK/data/SN2011BY/mastDownload/HST/obnd11010/obnd11010_raw.fits with expected size 6742080. [astroquery.query]
INFO: Found cached file /mnt/c/Users/eluru/CALTECH_SURF_2026/WORK/data/SN2011BY/mastDownload/HST/obnd11010/obnd11010_flt.fits with expected size 31567680. [astroquery.query]
INFO: Found cached file /mnt/c/Users/eluru/CALTECH_SURF_2026/WORK/data/SN2011BY/mastDownload/HST/obnd12010/obnd12010_crj.fits with expected size 10537920. [astroquery.query]
INFO: Found cached file /mnt/c/Users/eluru/CALTECH_SURF_2026/WORK/data/SN2011BY/mastDownload/HST/obnd12010/obnd12010_wav.fits with expected size 4501440. [astroquery.query]
INFO: Found cached file /mnt/c/Users/eluru/CALTECH_SURF_2026/WORK/data/SN2011BY/mastDownload/HST/obnd12010/obnd12010_raw.fits with expected size 6742080. [astroquery.query]
INFO: Found cached file /mnt/c/Users/eluru/CALTECH_SURF_2026/WORK/data/SN2011BY/mastDownload/HST/obnd12010/obnd12010_flt.fits with expected size 31567680. [astroquery.query]
INFO: Found cached file /mnt/c/Users/eluru/CALTECH_SURF_2026/WORK/data/SN2011BY/mastDownload/HST/obnd13010/obnd13010_wav.fits with expected size 6384960. [astroquery.query]
INFO: Found cached file /mnt/c/Users/eluru/CALTECH_SURF_2026/WORK/data/SN2011BY/mastDownload/HST/obnd13010/obnd13010_raw.fits with expected size 25254720. [astroquery.query]
INFO: Found cached file /mnt/c/Users/eluru/CALTECH_SURF_2026/WORK/data/SN2011BY/mastDownload/HST/obnd13010/obnd13010_flt.fits with expected size 31564800. [astroquery.query]
INFO: Found cached file /mnt/c/Users/eluru/CALTECH_SURF_2026/WORK/data/SN2011BY/mastDownload/HST/obnd14010/obnd14010_wav.fits with expected size 4262400. [astroquery.query]
INFO: Found cached file /mnt/c/Users/eluru/CALTECH_SURF_2026/WORK/data/SN2011BY/mastDownload/HST/obnd14010/obnd14010_raw.fits with expected size 16842240. [astroquery.query]
INFO: Found cached file /mnt/c/Users/eluru/CALTECH_SURF_2026/WORK/data/SN2011BY/mastDownload/HST/obnd14010/obnd14010_flt.fits with expected size 21049920. [astroquery.query]
SN2011BY: downloaded 26 products (7 obs)
DOWNLOADDONE


$ /home/ishaang6/miniforge3/envs/surf_uv/bin/python /mnt/c/Users/eluru/CALTECH_SURF_2026/WORK/scripts/reduce_stis_batch.py /mnt/c/Users/eluru/CALTECH_SURF_2026/WORK/data/SN2011BY SN2011BY --outroot output5 --z 0.003 --expl-mjd 55677.0
****
BACKCORR COMPLETE
X1DCORR  COMPLETE
         Spectrum extracted at y position = 526.707

DISPCORR PERFORM
DISPCORR COMPLETE

HELCORR  PERFORM
HELCORR  COMPLETE

FLUXCORR PERFORM
FLUXCORR COMPLETE
SGEOCORR OMIT

         Row 1 written to disk.
Order 1  End 16:43:08 PDT

         trace was rotated by = -0.00113763 degree.
Imset 3  End 16:43:08 PDT

Warning    Keyword `XTRACALG' is being added to header.
End      15-Aug-2026 16:43:08 PDT

*** CALSTIS-6 complete ***
git tag: 4ac2384-dirty
git branch: main
HEAD @: 4ac2384d4b81f58ea6aed6f2977aadc15beb6b0f

*** CALSTIS-6 -- Version 3.5.0 (02-Feb-2026) ***
Begin    15-Aug-2026 16:43:09 PDT

Warning    Grating-aperture throughput correction table (GACTAB) was not found,

         and no gac corrections will be applied
Input    /mnt/c/Users/eluru/CALTECH_SURF_2026/WORK/data/SN2011BY/mastDownload/HST/obnd14010/obnd14010_flt.fits
Output   output5/SN2011BY/STIS/MAMA/2011-05-09_day13/G230L/obnd14010_x1d.fits
Rootname obnd14010
OBSMODE  ACCUM
APERTURE 52X0.2
OPT_ELEM G230L
DETECTOR NUV-MAMA

XTRACTAB oref$a5e1953co_1dx.fits
XTRACTAB PEDIGREE=INFLIGHT 29/05/1997 29/05/1997
XTRACTAB DESCRIP =Analysis from prop. 7064 and ground data
XTRACTAB DESCRIP =Analysis from prop. 7064
SPTRCTAB oref$a5e19539o_1dt.fits
SPTRCTAB PEDIGREE=INFLIGHT 27/02/1997 06/01/2010
SPTRCTAB DESCRIP =New traces for select echelle secondary modes

Imset 1  Begin 16:43:10 PDT
         Input read into memory.
Order 1  Begin 16:43:11 PDT
X1DCORR  PERFORM
BACKCORR PERFORM
******** Calling Slfit ***********
BACKCORR COMPLETE
X1DCORR  COMPLETE
         Spectrum extracted at y position = 533.339

DISPCORR PERFORM
DISPTAB  oref$m7p16111o_dsp.fits
DISPTAB  PEDIGREE=INFLIGHT 23/01/1999 23/01/1999
DISPTAB  DESCRIP =Dispersion coefficients reference table
DISPTAB  DESCRIP =INFLIGHT Cal. Disp. Coeffs
APDESTAB oref$16j16005o_apd.fits
APDESTAB PEDIGREE=INFLIGHT 01/03/1997 13/06/2017
APDESTAB DESCRIP =Aligned long-slit bar positions for single-bar cases.--------------
APDESTAB DESCRIP =Microscope Meas./Hartig Post-launch Offsets
INANGTAB oref$l3m1437ro_iac.fits
INANGTAB DESCRIP =Prelaunch Calibration/Lindler and Models
DISPCORR COMPLETE

HELCORR  PERFORM
HELCORR  COMPLETE

PHOTTAB  oref$a5e19538o_pht.fits
PHOTTAB  PEDIGREE=INFLIGHT 27/02/1997 16/03/2021
PHOTTAB  DESCRIP =May 2026 recalibration
APERTAB  oref$y2r1559to_apt.fits
APERTAB  PEDIGREE=MODEL
APERTAB  DESCRIP =Added/updated values for 31X0.05NDA,31X0.05NDB,31X0.05NDC apertures
APERTAB  DESCRIP =Bohlin/Hartig TIM Models Nov. 1998
PCTAB    oref$y2r16006o_pct.fits
PCTAB    PEDIGREE=INFLIGHT 18/05/1997 19/12/1998
PCTAB    DESCRIP =Added/updated values for 31X0.05NDA,31X0.05NDB,31X0.05NDC apertures
TDSTAB   oref$97a1546po_tds.fits
TDSTAB   PEDIGREE=INFLIGHT 01/04/1997 13/05/2025
TDSTAB   DESCRIP =Updated time sensitivities for MIRNUV and L, M, and H modes.
FLUXCORR PERFORM
FLUXCORR COMPLETE
SGEOCORR OMIT

         Row 1 written to disk.
Order 1  End 16:43:11 PDT

         trace was rotated by = -0.00115438 degree.
Imset 1  End 16:43:11 PDT

Imset 2  Begin 16:43:11 PDT
         Input read into memory.
Order 1  Begin 16:43:13 PDT
X1DCORR  PERFORM
BACKCORR PERFORM
******** Calling Slfit ***********
BACKCORR COMPLETE
X1DCORR  COMPLETE
         Spectrum extracted at y position = 533.555

DISPCORR PERFORM
DISPCORR COMPLETE

HELCORR  PERFORM
HELCORR  COMPLETE

FLUXCORR PERFORM
FLUXCORR COMPLETE
SGEOCORR OMIT

         Row 1 written to disk.
Order 1  End 16:43:13 PDT

         trace was rotated by = -0.00115448 degree.
Imset 2  End 16:43:13 PDT

Warning    Keyword `XTRACALG' is being added to header.
End      15-Aug-2026 16:43:13 PDT

*** CALSTIS-6 complete ***
7 STIS science exposures for SN2011BY (0 dropped: texptime<5.0s)
X1D obnd08010 G430L es 15 flags none
X1D obnd09010 G430L es 15 flags none
X1D obnd10010 G430L es 15 flags none
X1D obnd11010 G430L es 15 flags none
X1D obnd12010 G430L es 15 flags none
X1D obnd13010 G230L es 11 flags none
X1D obnd14010 G230L es 11 flags none
BATCHDONE

/home/ishaang6/miniforge3/envs/surf_uv/lib/python3.12/site-packages/stsci/tools/nmpfit.py:8: UserWarning: NMPFIT is deprecated - stsci.tools v 3.5 is the last version to contain it.
  warnings.warn("NMPFIT is deprecated - stsci.tools v 3.5 is the last version to contain it.")
/home/ishaang6/miniforge3/envs/surf_uv/lib/python3.12/site-packages/stsci/tools/gfit.py:18: UserWarning: GFIT is deprecated - stsci.tools v 3.4.12 is the last version to contain it.Use astropy.modeling instead.
  warnings.warn("GFIT is deprecated - stsci.tools v 3.4.12 is the last version to contain it."

$ /home/ishaang6/miniforge3/envs/surf_uv/bin/python /mnt/c/Users/eluru/CALTECH_SURF_2026/WORK/scripts/build_products.py SN2011BY --outroot output5 --z 0.003 --early-skip-dir  --expl-mjd 55677.0
built products for SN2011BY: 5 epochs



===== SN2011EK  z=0.005  STIS=True COS=False =====
$ /home/ishaang6/miniforge3/envs/surf_uv/bin/python /mnt/c/Users/eluru/CALTECH_SURF_2026/WORK/scripts/download_all.py SN2011EK
TECH_SURF_2026/WORK/data/SN2011EK/mastDownload/HST/obnd36010/obnd36010_flt.fits with expected size 31567680. [astroquery.query]
INFO: Found cached file /mnt/c/Users/eluru/CALTECH_SURF_2026/WORK/data/SN2011EK/mastDownload/HST/obnd37010/obnd37010_crj.fits with expected size 10537920. [astroquery.query]
INFO: Found cached file /mnt/c/Users/eluru/CALTECH_SURF_2026/WORK/data/SN2011EK/mastDownload/HST/obnd37010/obnd37010_wav.fits with expected size 2260800. [astroquery.query]
INFO: Found cached file /mnt/c/Users/eluru/CALTECH_SURF_2026/WORK/data/SN2011EK/mastDownload/HST/obnd37010/obnd37010_raw.fits with expected size 6742080. [astroquery.query]
INFO: Found cached file /mnt/c/Users/eluru/CALTECH_SURF_2026/WORK/data/SN2011EK/mastDownload/HST/obnd37010/obnd37010_flt.fits with expected size 31567680. [astroquery.query]
INFO: Found cached file /mnt/c/Users/eluru/CALTECH_SURF_2026/WORK/data/SN2011EK/mastDownload/HST/obnd38010/obnd38010_crj.fits with expected size 10537920. [astroquery.query]
INFO: Found cached file /mnt/c/Users/eluru/CALTECH_SURF_2026/WORK/data/SN2011EK/mastDownload/HST/obnd38010/obnd38010_wav.fits with expected size 2260800. [astroquery.query]
INFO: Found cached file /mnt/c/Users/eluru/CALTECH_SURF_2026/WORK/data/SN2011EK/mastDownload/HST/obnd38010/obnd38010_raw.fits with expected size 6742080. [astroquery.query]
INFO: Found cached file /mnt/c/Users/eluru/CALTECH_SURF_2026/WORK/data/SN2011EK/mastDownload/HST/obnd38010/obnd38010_flt.fits with expected size 31567680. [astroquery.query]
INFO: Found cached file /mnt/c/Users/eluru/CALTECH_SURF_2026/WORK/data/SN2011EK/mastDownload/HST/obnd39010/obnd39010_crj.fits with expected size 10537920. [astroquery.query]
INFO: Found cached file /mnt/c/Users/eluru/CALTECH_SURF_2026/WORK/data/SN2011EK/mastDownload/HST/obnd39010/obnd39010_wav.fits with expected size 2260800. [astroquery.query]
INFO: Found cached file /mnt/c/Users/eluru/CALTECH_SURF_2026/WORK/data/SN2011EK/mastDownload/HST/obnd39010/obnd39010_raw.fits with expected size 6742080. [astroquery.query]
INFO: Found cached file /mnt/c/Users/eluru/CALTECH_SURF_2026/WORK/data/SN2011EK/mastDownload/HST/obnd39010/obnd39010_flt.fits with expected size 31567680. [astroquery.query]
INFO: Found cached file /mnt/c/Users/eluru/CALTECH_SURF_2026/WORK/data/SN2011EK/mastDownload/HST/obnd40010/obnd40010_crj.fits with expected size 10537920. [astroquery.query]
INFO: Found cached file /mnt/c/Users/eluru/CALTECH_SURF_2026/WORK/data/SN2011EK/mastDownload/HST/obnd40010/obnd40010_wav.fits with expected size 2260800. [astroquery.query]
INFO: Found cached file /mnt/c/Users/eluru/CALTECH_SURF_2026/WORK/data/SN2011EK/mastDownload/HST/obnd40010/obnd40010_raw.fits with expected size 6742080. [astroquery.query]
INFO: Found cached file /mnt/c/Users/eluru/CALTECH_SURF_2026/WORK/data/SN2011EK/mastDownload/HST/obnd40010/obnd40010_flt.fits with expected size 31567680. [astroquery.query]
INFO: Found cached file /mnt/c/Users/eluru/CALTECH_SURF_2026/WORK/data/SN2011EK/mastDownload/HST/obnd41010/obnd41010_wav.fits with expected size 6384960. [astroquery.query]
INFO: Found cached file /mnt/c/Users/eluru/CALTECH_SURF_2026/WORK/data/SN2011EK/mastDownload/HST/obnd41010/obnd41010_raw.fits with expected size 25254720. [astroquery.query]
INFO: Found cached file /mnt/c/Users/eluru/CALTECH_SURF_2026/WORK/data/SN2011EK/mastDownload/HST/obnd41010/obnd41010_flt.fits with expected size 31564800. [astroquery.query]
INFO: Found cached file /mnt/c/Users/eluru/CALTECH_SURF_2026/WORK/data/SN2011EK/mastDownload/HST/obnd42010/obnd42010_wav.fits with expected size 4262400. [astroquery.query]
INFO: Found cached file /mnt/c/Users/eluru/CALTECH_SURF_2026/WORK/data/SN2011EK/mastDownload/HST/obnd42010/obnd42010_raw.fits with expected size 16842240. [astroquery.query]
INFO: Found cached file /mnt/c/Users/eluru/CALTECH_SURF_2026/WORK/data/SN2011EK/mastDownload/HST/obnd42010/obnd42010_flt.fits with expected size 21049920. [astroquery.query]
SN2011EK: downloaded 26 products (7 obs)
DOWNLOADDONE


$ /home/ishaang6/miniforge3/envs/surf_uv/bin/python /mnt/c/Users/eluru/CALTECH_SURF_2026/WORK/scripts/reduce_stis_batch.py /mnt/c/Users/eluru/CALTECH_SURF_2026/WORK/data/SN2011EK SN2011EK --outroot output5 --z 0.005 --expl-mjd 55777.0
X1DCORR  COMPLETE
         Spectrum extracted at y position = 492.07

DISPCORR PERFORM
DISPCORR COMPLETE

HELCORR  PERFORM
HELCORR  COMPLETE

FLUXCORR PERFORM
FLUXCORR COMPLETE
SGEOCORR OMIT

         Row 1 written to disk.
Order 1  End 16:43:09 PDT

         trace was rotated by = -0.00133696 degree.
Imset 3  End 16:43:09 PDT

Warning    Keyword `XTRACALG' is being added to header.
End      15-Aug-2026 16:43:09 PDT

*** CALSTIS-6 complete ***
git tag: 4ac2384-dirty
git branch: main
HEAD @: 4ac2384d4b81f58ea6aed6f2977aadc15beb6b0f

*** CALSTIS-6 -- Version 3.5.0 (02-Feb-2026) ***
Begin    15-Aug-2026 16:43:10 PDT

Warning    Grating-aperture throughput correction table (GACTAB) was not found,

         and no gac corrections will be applied
Input    /mnt/c/Users/eluru/CALTECH_SURF_2026/WORK/data/SN2011EK/mastDownload/HST/obnd42010/obnd42010_flt.fits
Output   output5/SN2011EK/STIS/MAMA/2011-08-19_day15/G230L/obnd42010_x1d.fits
Rootname obnd42010
OBSMODE  ACCUM
APERTURE 52X0.2
OPT_ELEM G230L
DETECTOR NUV-MAMA

XTRACTAB oref$a5e1953co_1dx.fits
XTRACTAB PEDIGREE=INFLIGHT 29/05/1997 29/05/1997
XTRACTAB DESCRIP =Analysis from prop. 7064 and ground data
XTRACTAB DESCRIP =Analysis from prop. 7064
SPTRCTAB oref$a5e19539o_1dt.fits
SPTRCTAB PEDIGREE=INFLIGHT 27/02/1997 06/01/2010
SPTRCTAB DESCRIP =New traces for select echelle secondary modes

Imset 1  Begin 16:43:10 PDT
         Input read into memory.
Order 1  Begin 16:43:12 PDT
X1DCORR  PERFORM
BACKCORR PERFORM
******** Calling Slfit ***********
BACKCORR COMPLETE
X1DCORR  COMPLETE
         Spectrum extracted at y position = 491.485

DISPCORR PERFORM
DISPTAB  oref$m7p16111o_dsp.fits
DISPTAB  PEDIGREE=INFLIGHT 23/01/1999 23/01/1999
DISPTAB  DESCRIP =Dispersion coefficients reference table
DISPTAB  DESCRIP =INFLIGHT Cal. Disp. Coeffs
APDESTAB oref$16j16005o_apd.fits
APDESTAB PEDIGREE=INFLIGHT 01/03/1997 13/06/2017
APDESTAB DESCRIP =Aligned long-slit bar positions for single-bar cases.--------------
APDESTAB DESCRIP =Microscope Meas./Hartig Post-launch Offsets
INANGTAB oref$l3m1437ro_iac.fits
INANGTAB DESCRIP =Prelaunch Calibration/Lindler and Models
DISPCORR COMPLETE

HELCORR  PERFORM
HELCORR  COMPLETE

PHOTTAB  oref$a5e19538o_pht.fits
PHOTTAB  PEDIGREE=INFLIGHT 27/02/1997 16/03/2021
PHOTTAB  DESCRIP =May 2026 recalibration
APERTAB  oref$y2r1559to_apt.fits
APERTAB  PEDIGREE=MODEL
APERTAB  DESCRIP =Added/updated values for 31X0.05NDA,31X0.05NDB,31X0.05NDC apertures
APERTAB  DESCRIP =Bohlin/Hartig TIM Models Nov. 1998
PCTAB    oref$y2r16006o_pct.fits
PCTAB    PEDIGREE=INFLIGHT 18/05/1997 19/12/1998
PCTAB    DESCRIP =Added/updated values for 31X0.05NDA,31X0.05NDB,31X0.05NDC apertures
TDSTAB   oref$97a1546po_tds.fits
TDSTAB   PEDIGREE=INFLIGHT 01/04/1997 13/05/2025
TDSTAB   DESCRIP =Updated time sensitivities for MIRNUV and L, M, and H modes.
FLUXCORR PERFORM
FLUXCORR COMPLETE
SGEOCORR OMIT

         Row 1 written to disk.
Order 1  End 16:43:12 PDT

         trace was rotated by = -0.00134999 degree.
Imset 1  End 16:43:12 PDT

Imset 2  Begin 16:43:12 PDT
         Input read into memory.
Order 1  Begin 16:43:13 PDT
X1DCORR  PERFORM
BACKCORR PERFORM
******** Calling Slfit ***********
BACKCORR COMPLETE
X1DCORR  COMPLETE
         Spectrum extracted at y position = 491.671

DISPCORR PERFORM
DISPCORR COMPLETE

HELCORR  PERFORM
HELCORR  COMPLETE

FLUXCORR PERFORM
FLUXCORR COMPLETE
SGEOCORR OMIT

         Row 1 written to disk.
Order 1  End 16:43:14 PDT

         trace was rotated by = -0.0013501 degree.
Imset 2  End 16:43:14 PDT

Warning    Keyword `XTRACALG' is being added to header.
End      15-Aug-2026 16:43:14 PDT

*** CALSTIS-6 complete ***
7 STIS science exposures for SN2011EK (0 dropped: texptime<5.0s)
X1D obnd36010 G430L es 15 flags none
X1D obnd37010 G430L es 15 flags none
X1D obnd38010 G430L es 15 flags none
X1D obnd39010 G430L es 15 flags none
X1D obnd40010 G430L es 15 flags none
X1D obnd41010 G230L es 11 flags none
X1D obnd42010 G230L es 11 flags ['center_mismatch(491vs484)']
BATCHDONE

/home/ishaang6/miniforge3/envs/surf_uv/lib/python3.12/site-packages/stsci/tools/nmpfit.py:8: UserWarning: NMPFIT is deprecated - stsci.tools v 3.5 is the last version to contain it.
  warnings.warn("NMPFIT is deprecated - stsci.tools v 3.5 is the last version to contain it.")
/home/ishaang6/miniforge3/envs/surf_uv/lib/python3.12/site-packages/stsci/tools/gfit.py:18: UserWarning: GFIT is deprecated - stsci.tools v 3.4.12 is the last version to contain it.Use astropy.modeling instead.
  warnings.warn("GFIT is deprecated - stsci.tools v 3.4.12 is the last version to contain it."

$ /home/ishaang6/miniforge3/envs/surf_uv/bin/python /mnt/c/Users/eluru/CALTECH_SURF_2026/WORK/scripts/build_products.py SN2011EK --outroot output5 --z 0.005 --early-skip-dir  --expl-mjd 55777.0
built products for SN2011EK: 5 epochs



===== SN2012CG  z=0.001  STIS=True COS=False =====
$ /home/ishaang6/miniforge3/envs/surf_uv/bin/python /mnt/c/Users/eluru/CALTECH_SURF_2026/WORK/scripts/download_all.py SN2012CG
ALTECH_SURF_2026/WORK/data/SN2012CG/mastDownload/HST/obxb92030/obxb92030_wav.fits with expected size 2260800. [astroquery.query]
INFO: Found cached file /mnt/c/Users/eluru/CALTECH_SURF_2026/WORK/data/SN2012CG/mastDownload/HST/obxb92030/obxb92030_raw.fits with expected size 4501440. [astroquery.query]
INFO: Found cached file /mnt/c/Users/eluru/CALTECH_SURF_2026/WORK/data/SN2012CG/mastDownload/HST/obxb92030/obxb92030_flt.fits with expected size 21052800. [astroquery.query]
INFO: Found cached file /mnt/c/Users/eluru/CALTECH_SURF_2026/WORK/data/SN2012CG/mastDownload/HST/obxb92040/obxb92040_crj.fits with expected size 10537920. [astroquery.query]
INFO: Found cached file /mnt/c/Users/eluru/CALTECH_SURF_2026/WORK/data/SN2012CG/mastDownload/HST/obxb92040/obxb92040_wav.fits with expected size 2260800. [astroquery.query]
INFO: Found cached file /mnt/c/Users/eluru/CALTECH_SURF_2026/WORK/data/SN2012CG/mastDownload/HST/obxb92040/obxb92040_raw.fits with expected size 4501440. [astroquery.query]
INFO: Found cached file /mnt/c/Users/eluru/CALTECH_SURF_2026/WORK/data/SN2012CG/mastDownload/HST/obxb92040/obxb92040_flt.fits with expected size 21052800. [astroquery.query]
INFO: Found cached file /mnt/c/Users/eluru/CALTECH_SURF_2026/WORK/data/SN2012CG/mastDownload/HST/obxb93010/obxb93010_crj.fits with expected size 10537920. [astroquery.query]
INFO: Found cached file /mnt/c/Users/eluru/CALTECH_SURF_2026/WORK/data/SN2012CG/mastDownload/HST/obxb93010/obxb93010_wav.fits with expected size 2260800. [astroquery.query]
INFO: Found cached file /mnt/c/Users/eluru/CALTECH_SURF_2026/WORK/data/SN2012CG/mastDownload/HST/obxb93010/obxb93010_raw.fits with expected size 4501440. [astroquery.query]
INFO: Found cached file /mnt/c/Users/eluru/CALTECH_SURF_2026/WORK/data/SN2012CG/mastDownload/HST/obxb93010/obxb93010_flt.fits with expected size 21052800. [astroquery.query]
INFO: Found cached file /mnt/c/Users/eluru/CALTECH_SURF_2026/WORK/data/SN2012CG/mastDownload/HST/obxb93020/obxb93020_crj.fits with expected size 10537920. [astroquery.query]
INFO: Found cached file /mnt/c/Users/eluru/CALTECH_SURF_2026/WORK/data/SN2012CG/mastDownload/HST/obxb93020/obxb93020_wav.fits with expected size 2260800. [astroquery.query]
INFO: Found cached file /mnt/c/Users/eluru/CALTECH_SURF_2026/WORK/data/SN2012CG/mastDownload/HST/obxb93020/obxb93020_raw.fits with expected size 4501440. [astroquery.query]
INFO: Found cached file /mnt/c/Users/eluru/CALTECH_SURF_2026/WORK/data/SN2012CG/mastDownload/HST/obxb93020/obxb93020_flt.fits with expected size 21052800. [astroquery.query]
INFO: Found cached file /mnt/c/Users/eluru/CALTECH_SURF_2026/WORK/data/SN2012CG/mastDownload/HST/obxb93030/obxb93030_crj.fits with expected size 10537920. [astroquery.query]
INFO: Found cached file /mnt/c/Users/eluru/CALTECH_SURF_2026/WORK/data/SN2012CG/mastDownload/HST/obxb93030/obxb93030_wav.fits with expected size 2260800. [astroquery.query]
INFO: Found cached file /mnt/c/Users/eluru/CALTECH_SURF_2026/WORK/data/SN2012CG/mastDownload/HST/obxb93030/obxb93030_raw.fits with expected size 4501440. [astroquery.query]
INFO: Found cached file /mnt/c/Users/eluru/CALTECH_SURF_2026/WORK/data/SN2012CG/mastDownload/HST/obxb93030/obxb93030_flt.fits with expected size 21052800. [astroquery.query]
INFO: Found cached file /mnt/c/Users/eluru/CALTECH_SURF_2026/WORK/data/SN2012CG/mastDownload/HST/obxb93040/obxb93040_crj.fits with expected size 10537920. [astroquery.query]
INFO: Found cached file /mnt/c/Users/eluru/CALTECH_SURF_2026/WORK/data/SN2012CG/mastDownload/HST/obxb93040/obxb93040_wav.fits with expected size 2260800. [astroquery.query]
INFO: Found cached file /mnt/c/Users/eluru/CALTECH_SURF_2026/WORK/data/SN2012CG/mastDownload/HST/obxb93040/obxb93040_raw.fits with expected size 4501440. [astroquery.query]
INFO: Found cached file /mnt/c/Users/eluru/CALTECH_SURF_2026/WORK/data/SN2012CG/mastDownload/HST/obxb93040/obxb93040_flt.fits with expected size 21052800. [astroquery.query]
SN2012CG: downloaded 32 products (8 obs)
DOWNLOADDONE


$ /home/ishaang6/miniforge3/envs/surf_uv/bin/python /mnt/c/Users/eluru/CALTECH_SURF_2026/WORK/scripts/reduce_stis_batch.py /mnt/c/Users/eluru/CALTECH_SURF_2026/WORK/data/SN2012CG SN2012CG --outroot output5 --z 0.001 --expl-mjd 56064.0
ECORR  PERFORM
CCDTAB   oref$16j1600eo_ccd.fits
CCDTAB   PEDIGREE=INFLIGHT 01/05/2009 01/05/2009
CCDTAB   DESCRIP =Updated amp=D gain=4 atodgain and corresponding readnoise values---
CCDTAB   DESCRIP =Proposal 8057, by I. Dashevsky & P. Goudfrooij
         GACTAB correction applied for G430L 52X0.1E1 4300
CTECORR  COMPLETE
FLUXCORR COMPLETE
SGEOCORR OMIT

         Row 1 written to disk.
Order 1  End 16:43:36 PDT

         trace was rotated by = 0.0353584 degree.
Imset 1  End 16:43:36 PDT

Warning    Keyword `XTRACALG' is being added to header.
End      15-Aug-2026 16:43:36 PDT

*** CALSTIS-6 complete ***
git tag: 4ac2384-dirty
git branch: main
HEAD @: 4ac2384d4b81f58ea6aed6f2977aadc15beb6b0f

*** CALSTIS-6 -- Version 3.5.0 (02-Feb-2026) ***
Begin    15-Aug-2026 16:43:36 PDT

INFO     'E1' has been appended to aperture
Input    /mnt/c/Users/eluru/CALTECH_SURF_2026/WORK/data/SN2012CG/mastDownload/HST/obxb93040/obxb93040_crj.fits
Output   output5/SN2012CG/STIS/CCD/2012-06-18_day32/G430L/obxb93040_x1d.fits
Rootname obxb93040
OBSMODE  ACCUM
APERTURE 52X0.1E1
OPT_ELEM G430L
DETECTOR CCD

XTRACTAB oref$n7p1031qo_1dx.fits
XTRACTAB PEDIGREE=INFLIGHT 18/05/97
XTRACTAB DESCRIP =Analysis from prop. 7094
XTRACTAB DESCRIP =Analysis from prop. 7094
SPTRCTAB oref$qa31608go_1dt.fits
SPTRCTAB PEDIGREE=INFLIGHT 02/09/1997 13/02/1998
SPTRCTAB DESCRIP =New traces to account for angle change with time

Imset 1  Begin 16:43:37 PDT
         Input read into memory.
Order 1  Begin 16:43:38 PDT
X1DCORR  PERFORM
BACKCORR PERFORM
******** Calling Slfit ***********
BACKCORR COMPLETE
X1DCORR  COMPLETE
         Spectrum extracted at y position = 899.624

DISPCORR PERFORM
DISPTAB  oref$l2j0137to_dsp.fits
DISPTAB  PEDIGREE=INFLIGHT 27/02/1997 24/11/1999
DISPTAB  DESCRIP =Lindler, May 2000
DISPTAB  DESCRIP =Lindler Postlaunch, May 2000
APDESTAB oref$16j16005o_apd.fits
APDESTAB PEDIGREE=INFLIGHT 01/03/1997 13/06/2017
APDESTAB DESCRIP =Aligned long-slit bar positions for single-bar cases.--------------
APDESTAB DESCRIP =Offset relative to row 900
INANGTAB oref$h5s11397o_iac.fits
INANGTAB DESCRIP =Model/C. Bowers May 6, 1997
DISPCORR COMPLETE

HELCORR  PERFORM
HELCORR  COMPLETE

PHOTTAB  oref$95118575o_pht.fits
PHOTTAB  PEDIGREE=INFLIGHT 27/02/1997 16/03/2021
PHOTTAB  DESCRIP =Fullerton 2025 calibration
APERTAB  oref$y2r1559to_apt.fits
APERTAB  PEDIGREE=MODEL
APERTAB  DESCRIP =Added/updated values for 31X0.05NDA,31X0.05NDB,31X0.05NDC apertures
APERTAB  DESCRIP =Bohlin/Hartig TIM Models Nov. 1998
GACTAB   oref$p9r19203o_gac.fits
GACTAB   PEDIGREE=INFLIGHT 07/12/2001 03/08/2004
GACTAB   DESCRIP =X1D flux corr for grating/aper combos
GACTAB   DESCRIP =Grating-Aperture Throughput Correction
PCTAB    oref$q541740no_pct.fits
PCTAB    PEDIGREE=INFLIGHT 18/05/1997 19/12/1998
PCTAB    DESCRIP =Sensitivity for diff. extractions heights
TDSTAB   oref$8712049eo_tds.fits
TDSTAB   PEDIGREE=INFLIGHT 01/04/1997 06/03/2024
TDSTAB   DESCRIP =Updated time sensitivities for MIRVIS, G230LB, and G230MB
FLUXCORR PERFORM
CTECORR  PERFORM
CCDTAB   oref$16j1600eo_ccd.fits
CCDTAB   PEDIGREE=INFLIGHT 01/05/2009 01/05/2009
CCDTAB   DESCRIP =Updated amp=D gain=4 atodgain and corresponding readnoise values---
CCDTAB   DESCRIP =Proposal 8057, by I. Dashevsky & P. Goudfrooij
         GACTAB correction applied for G430L 52X0.1E1 4300
CTECORR  COMPLETE
FLUXCORR COMPLETE
SGEOCORR OMIT

         Row 1 written to disk.
Order 1  End 16:43:38 PDT

         trace was rotated by = 0.0353587 degree.
Imset 1  End 16:43:38 PDT

Warning    Keyword `XTRACALG' is being added to header.
End      15-Aug-2026 16:43:38 PDT

*** CALSTIS-6 complete ***
8 STIS science exposures for SN2012CG (0 dropped: texptime<5.0s)
X1D obxb92010 G230LB es 9 flags none
X1D obxb92020 G230LB es 9 flags none
X1D obxb92030 G430L es 15 flags none
X1D obxb92040 G430L es 15 flags none
X1D obxb93010 G230LB es 9 flags none
X1D obxb93020 G230LB es 9 flags none
X1D obxb93030 G430L es 15 flags none
X1D obxb93040 G430L es 15 flags none
BATCHDONE

/home/ishaang6/miniforge3/envs/surf_uv/lib/python3.12/site-packages/stsci/tools/nmpfit.py:8: UserWarning: NMPFIT is deprecated - stsci.tools v 3.5 is the last version to contain it.
  warnings.warn("NMPFIT is deprecated - stsci.tools v 3.5 is the last version to contain it.")
/home/ishaang6/miniforge3/envs/surf_uv/lib/python3.12/site-packages/stsci/tools/gfit.py:18: UserWarning: GFIT is deprecated - stsci.tools v 3.4.12 is the last version to contain it.Use astropy.modeling instead.
  warnings.warn("GFIT is deprecated - stsci.tools v 3.4.12 is the last version to contain it."

$ /home/ishaang6/miniforge3/envs/surf_uv/bin/python /mnt/c/Users/eluru/CALTECH_SURF_2026/WORK/scripts/build_products.py SN2012CG --outroot output5 --z 0.001 --early-skip-dir  --expl-mjd 56064.0
built products for SN2012CG: 2 epochs



===== SN2011DH  z=0.002  STIS=True COS=False =====
$ /home/ishaang6/miniforge3/envs/surf_uv/bin/python /mnt/c/Users/eluru/CALTECH_SURF_2026/WORK/scripts/download_all.py SN2011DH
ALTECH_SURF_2026/WORK/data/SN2011DH/mastDownload/HST/oboo01030/oboo01030_flt.fits with expected size 21052800. [astroquery.query]
INFO: Found cached file /mnt/c/Users/eluru/CALTECH_SURF_2026/WORK/data/SN2011DH/mastDownload/HST/oboo01040/oboo01040_crj.fits with expected size 10537920. [astroquery.query]
INFO: Found cached file /mnt/c/Users/eluru/CALTECH_SURF_2026/WORK/data/SN2011DH/mastDownload/HST/oboo01040/oboo01040_wav.fits with expected size 2260800. [astroquery.query]
INFO: Found cached file /mnt/c/Users/eluru/CALTECH_SURF_2026/WORK/data/SN2011DH/mastDownload/HST/oboo01040/oboo01040_raw.fits with expected size 4501440. [astroquery.query]
INFO: Found cached file /mnt/c/Users/eluru/CALTECH_SURF_2026/WORK/data/SN2011DH/mastDownload/HST/oboo01040/oboo01040_flt.fits with expected size 21052800. [astroquery.query]
INFO: Found cached file /mnt/c/Users/eluru/CALTECH_SURF_2026/WORK/data/SN2011DH/mastDownload/HST/oboo01050/oboo01050_crj.fits with expected size 10537920. [astroquery.query]
INFO: Found cached file /mnt/c/Users/eluru/CALTECH_SURF_2026/WORK/data/SN2011DH/mastDownload/HST/oboo01050/oboo01050_wav.fits with expected size 2260800. [astroquery.query]
INFO: Found cached file /mnt/c/Users/eluru/CALTECH_SURF_2026/WORK/data/SN2011DH/mastDownload/HST/oboo01050/oboo01050_raw.fits with expected size 4501440. [astroquery.query]
INFO: Found cached file /mnt/c/Users/eluru/CALTECH_SURF_2026/WORK/data/SN2011DH/mastDownload/HST/oboo01050/oboo01050_flt.fits with expected size 21052800. [astroquery.query]
INFO: Found cached file /mnt/c/Users/eluru/CALTECH_SURF_2026/WORK/data/SN2011DH/mastDownload/HST/oboo01060/oboo01060_crj.fits with expected size 10537920. [astroquery.query]
INFO: Found cached file /mnt/c/Users/eluru/CALTECH_SURF_2026/WORK/data/SN2011DH/mastDownload/HST/oboo01060/oboo01060_wav.fits with expected size 2260800. [astroquery.query]
INFO: Found cached file /mnt/c/Users/eluru/CALTECH_SURF_2026/WORK/data/SN2011DH/mastDownload/HST/oboo01060/oboo01060_raw.fits with expected size 4501440. [astroquery.query]
INFO: Found cached file /mnt/c/Users/eluru/CALTECH_SURF_2026/WORK/data/SN2011DH/mastDownload/HST/oboo01060/oboo01060_flt.fits with expected size 21052800. [astroquery.query]
INFO: Found cached file /mnt/c/Users/eluru/CALTECH_SURF_2026/WORK/data/SN2011DH/mastDownload/HST/oboo02020/oboo02020_crj.fits with expected size 10537920. [astroquery.query]
INFO: Found cached file /mnt/c/Users/eluru/CALTECH_SURF_2026/WORK/data/SN2011DH/mastDownload/HST/oboo02020/oboo02020_wav.fits with expected size 2260800. [astroquery.query]
INFO: Found cached file /mnt/c/Users/eluru/CALTECH_SURF_2026/WORK/data/SN2011DH/mastDownload/HST/oboo02020/oboo02020_raw.fits with expected size 4501440. [astroquery.query]
INFO: Found cached file /mnt/c/Users/eluru/CALTECH_SURF_2026/WORK/data/SN2011DH/mastDownload/HST/oboo02020/oboo02020_flt.fits with expected size 21052800. [astroquery.query]
INFO: Found cached file /mnt/c/Users/eluru/CALTECH_SURF_2026/WORK/data/SN2011DH/mastDownload/HST/oboo02030/oboo02030_wav.fits with expected size 4262400. [astroquery.query]
INFO: Found cached file /mnt/c/Users/eluru/CALTECH_SURF_2026/WORK/data/SN2011DH/mastDownload/HST/oboo02030/oboo02030_raw.fits with expected size 8429760. [astroquery.query]
INFO: Found cached file /mnt/c/Users/eluru/CALTECH_SURF_2026/WORK/data/SN2011DH/mastDownload/HST/oboo02030/oboo02030_flt.fits with expected size 10535040. [astroquery.query]
INFO: Found cached file /mnt/c/Users/eluru/CALTECH_SURF_2026/WORK/data/SN2011DH/mastDownload/HST/oboo02040/oboo02040_wav.fits with expected size 4262400. [astroquery.query]
INFO: Found cached file /mnt/c/Users/eluru/CALTECH_SURF_2026/WORK/data/SN2011DH/mastDownload/HST/oboo02040/oboo02040_raw.fits with expected size 8429760. [astroquery.query]
INFO: Found cached file /mnt/c/Users/eluru/CALTECH_SURF_2026/WORK/data/SN2011DH/mastDownload/HST/oboo02040/oboo02040_flt.fits with expected size 10535040. [astroquery.query]
SN2011DH: downloaded 34 products (9 obs)
DOWNLOADDONE


$ /home/ishaang6/miniforge3/envs/surf_uv/bin/python /mnt/c/Users/eluru/CALTECH_SURF_2026/WORK/scripts/reduce_stis_batch.py /mnt/c/Users/eluru/CALTECH_SURF_2026/WORK/data/SN2011DH SN2011DH --outroot output5 --z 0.002 --expl-mjd 55713.0
bration
APERTAB  oref$y2r1559to_apt.fits
APERTAB  PEDIGREE=MODEL
APERTAB  DESCRIP =Added/updated values for 31X0.05NDA,31X0.05NDB,31X0.05NDC apertures
APERTAB  DESCRIP =Bohlin/Hartig TIM Models Nov. 1998
PCTAB    oref$y2r16006o_pct.fits
PCTAB    PEDIGREE=INFLIGHT 18/05/1997 19/12/1998
PCTAB    DESCRIP =Added/updated values for 31X0.05NDA,31X0.05NDB,31X0.05NDC apertures
TDSTAB   oref$97a1546po_tds.fits
TDSTAB   PEDIGREE=INFLIGHT 01/04/1997 13/05/2025
TDSTAB   DESCRIP =Updated time sensitivities for MIRNUV and L, M, and H modes.
FLUXCORR PERFORM
FLUXCORR COMPLETE
SGEOCORR OMIT

         Row 1 written to disk.
Order 1  End 16:44:31 PDT

         trace was rotated by = -0.00177824 degree.
Imset 1  End 16:44:31 PDT

Warning    Keyword `XTRACALG' is being added to header.
End      15-Aug-2026 16:44:31 PDT

*** CALSTIS-6 complete ***
git tag: 4ac2384-dirty
git branch: main
HEAD @: 4ac2384d4b81f58ea6aed6f2977aadc15beb6b0f

*** CALSTIS-6 -- Version 3.5.0 (02-Feb-2026) ***
Begin    15-Aug-2026 16:44:32 PDT

Warning    Grating-aperture throughput correction table (GACTAB) was not found,

         and no gac corrections will be applied
Input    /mnt/c/Users/eluru/CALTECH_SURF_2026/WORK/data/SN2011DH/mastDownload/HST/oboo02040/oboo02040_flt.fits
Output   output5/SN2011DH/STIS/MAMA/2012-03-29_day303/G230L/oboo02040_x1d.fits
Rootname oboo02040
OBSMODE  ACCUM
APERTURE 52X0.2
OPT_ELEM G230L
DETECTOR NUV-MAMA

XTRACTAB oref$a5e1953co_1dx.fits
XTRACTAB PEDIGREE=INFLIGHT 29/05/1997 29/05/1997
XTRACTAB DESCRIP =Analysis from prop. 7064 and ground data
XTRACTAB DESCRIP =Analysis from prop. 7064
SPTRCTAB oref$a5e19539o_1dt.fits
SPTRCTAB PEDIGREE=INFLIGHT 27/02/1997 06/01/2010
SPTRCTAB DESCRIP =New traces for select echelle secondary modes

Imset 1  Begin 16:44:33 PDT
         Input read into memory.
Order 1  Begin 16:44:34 PDT
X1DCORR  PERFORM
BACKCORR PERFORM
******** Calling Slfit ***********
BACKCORR COMPLETE
X1DCORR  COMPLETE
         Spectrum extracted at y position = 521.936

DISPCORR PERFORM
DISPTAB  oref$m7p16111o_dsp.fits
DISPTAB  PEDIGREE=INFLIGHT 23/01/1999 23/01/1999
DISPTAB  DESCRIP =Dispersion coefficients reference table
DISPTAB  DESCRIP =INFLIGHT Cal. Disp. Coeffs
APDESTAB oref$16j16005o_apd.fits
APDESTAB PEDIGREE=INFLIGHT 01/03/1997 13/06/2017
APDESTAB DESCRIP =Aligned long-slit bar positions for single-bar cases.--------------
APDESTAB DESCRIP =Microscope Meas./Hartig Post-launch Offsets
INANGTAB oref$l3m1437ro_iac.fits
INANGTAB DESCRIP =Prelaunch Calibration/Lindler and Models
DISPCORR COMPLETE

HELCORR  PERFORM
HELCORR  COMPLETE

PHOTTAB  oref$a5e19538o_pht.fits
PHOTTAB  PEDIGREE=INFLIGHT 27/02/1997 16/03/2021
PHOTTAB  DESCRIP =May 2026 recalibration
APERTAB  oref$y2r1559to_apt.fits
APERTAB  PEDIGREE=MODEL
APERTAB  DESCRIP =Added/updated values for 31X0.05NDA,31X0.05NDB,31X0.05NDC apertures
APERTAB  DESCRIP =Bohlin/Hartig TIM Models Nov. 1998
PCTAB    oref$y2r16006o_pct.fits
PCTAB    PEDIGREE=INFLIGHT 18/05/1997 19/12/1998
PCTAB    DESCRIP =Added/updated values for 31X0.05NDA,31X0.05NDB,31X0.05NDC apertures
TDSTAB   oref$97a1546po_tds.fits
TDSTAB   PEDIGREE=INFLIGHT 01/04/1997 13/05/2025
TDSTAB   DESCRIP =Updated time sensitivities for MIRNUV and L, M, and H modes.
FLUXCORR PERFORM
FLUXCORR COMPLETE
SGEOCORR OMIT

         Row 1 written to disk.
Order 1  End 16:44:35 PDT

         trace was rotated by = -0.00177832 degree.
Imset 1  End 16:44:35 PDT

Warning    Keyword `XTRACALG' is being added to header.
End      15-Aug-2026 16:44:35 PDT

*** CALSTIS-6 complete ***
9 STIS science exposures for SN2011DH (0 dropped: texptime<5.0s)
X1D oboo01010 G230LB es 11 flags none
X1D oboo01020 G230LB es 11 flags none
X1D oboo01030 G230LB es 11 flags none
X1D oboo01040 G430L es 15 flags none
X1D oboo01050 G430L es 15 flags none
X1D oboo01060 G750L es 25 flags ['no_defringe(no_flat)']
X1D oboo02020 G430L es 15 flags ['extended_host', 'center_mismatch(185vs509)']
X1D oboo02030 G230L es 11 flags none
X1D oboo02040 G230L es 11 flags none
BATCHDONE

/home/ishaang6/miniforge3/envs/surf_uv/lib/python3.12/site-packages/stsci/tools/nmpfit.py:8: UserWarning: NMPFIT is deprecated - stsci.tools v 3.5 is the last version to contain it.
  warnings.warn("NMPFIT is deprecated - stsci.tools v 3.5 is the last version to contain it.")
/home/ishaang6/miniforge3/envs/surf_uv/lib/python3.12/site-packages/stsci/tools/gfit.py:18: UserWarning: GFIT is deprecated - stsci.tools v 3.4.12 is the last version to contain it.Use astropy.modeling instead.
  warnings.warn("GFIT is deprecated - stsci.tools v 3.4.12 is the last version to contain it."

$ /home/ishaang6/miniforge3/envs/surf_uv/bin/python /mnt/c/Users/eluru/CALTECH_SURF_2026/WORK/scripts/build_products.py SN2011DH --outroot output5 --z 0.002 --early-skip-dir  --expl-mjd 55713.0
built products for SN2011DH: 2 epochs



===== SN2014C  z=0.003  STIS=True COS=True =====
$ /home/ishaang6/miniforge3/envs/surf_uv/bin/python /mnt/c/Users/eluru/CALTECH_SURF_2026/WORK/scripts/download_all.py SN2014C
d file /mnt/c/Users/eluru/CALTECH_SURF_2026/WORK/data/SN2014C/mastDownload/HST/ocvc02020/ocvc02020_raw.fits with expected size 2260800. [astroquery.query]
INFO: Found cached file /mnt/c/Users/eluru/CALTECH_SURF_2026/WORK/data/SN2014C/mastDownload/HST/ocvc02020/ocvc02020_flt.fits with expected size 10537920. [astroquery.query]
INFO: Found cached file /mnt/c/Users/eluru/CALTECH_SURF_2026/WORK/data/SN2014C/mastDownload/HST/ocvc02030/ocvc02030_wav.fits with expected size 2260800. [astroquery.query]
INFO: Found cached file /mnt/c/Users/eluru/CALTECH_SURF_2026/WORK/data/SN2014C/mastDownload/HST/ocvc02030/ocvc02030_raw.fits with expected size 2260800. [astroquery.query]
INFO: Found cached file /mnt/c/Users/eluru/CALTECH_SURF_2026/WORK/data/SN2014C/mastDownload/HST/ocvc02030/ocvc02030_flt.fits with expected size 10537920. [astroquery.query]
INFO: Found cached file /mnt/c/Users/eluru/CALTECH_SURF_2026/WORK/data/SN2014C/mastDownload/HST/ocvc02040/ocvc02040_wav.fits with expected size 2260800. [astroquery.query]
INFO: Found cached file /mnt/c/Users/eluru/CALTECH_SURF_2026/WORK/data/SN2014C/mastDownload/HST/ocvc02040/ocvc02040_raw.fits with expected size 2260800. [astroquery.query]
INFO: Found cached file /mnt/c/Users/eluru/CALTECH_SURF_2026/WORK/data/SN2014C/mastDownload/HST/ocvc02040/ocvc02040_flt.fits with expected size 10537920. [astroquery.query]
INFO: Found cached file /mnt/c/Users/eluru/CALTECH_SURF_2026/WORK/data/SN2014C/mastDownload/HST/ocvc02050/ocvc02050_wav.fits with expected size 4501440. [astroquery.query]
INFO: Found cached file /mnt/c/Users/eluru/CALTECH_SURF_2026/WORK/data/SN2014C/mastDownload/HST/ocvc02050/ocvc02050_raw.fits with expected size 2260800. [astroquery.query]
INFO: Found cached file /mnt/c/Users/eluru/CALTECH_SURF_2026/WORK/data/SN2014C/mastDownload/HST/ocvc02050/ocvc02050_flt.fits with expected size 10537920. [astroquery.query]
INFO: Found cached file /mnt/c/Users/eluru/CALTECH_SURF_2026/WORK/data/SN2014C/mastDownload/HST/ocvc02060/ocvc02060_wav.fits with expected size 4501440. [astroquery.query]
INFO: Found cached file /mnt/c/Users/eluru/CALTECH_SURF_2026/WORK/data/SN2014C/mastDownload/HST/ocvc02060/ocvc02060_raw.fits with expected size 2260800. [astroquery.query]
INFO: Found cached file /mnt/c/Users/eluru/CALTECH_SURF_2026/WORK/data/SN2014C/mastDownload/HST/ocvc02060/ocvc02060_flt.fits with expected size 10537920. [astroquery.query]
INFO: Found cached file /mnt/c/Users/eluru/CALTECH_SURF_2026/WORK/data/SN2014C/mastDownload/HST/ocvc02070/ocvc02070_wav.fits with expected size 4501440. [astroquery.query]
INFO: Found cached file /mnt/c/Users/eluru/CALTECH_SURF_2026/WORK/data/SN2014C/mastDownload/HST/ocvc02070/ocvc02070_raw.fits with expected size 2260800. [astroquery.query]
INFO: Found cached file /mnt/c/Users/eluru/CALTECH_SURF_2026/WORK/data/SN2014C/mastDownload/HST/ocvc02070/ocvc02070_flt.fits with expected size 10537920. [astroquery.query]
INFO: Found cached file /mnt/c/Users/eluru/CALTECH_SURF_2026/WORK/data/SN2014C/mastDownload/HST/ocvc02080/ocvc02080_wav.fits with expected size 2260800. [astroquery.query]
INFO: Found cached file /mnt/c/Users/eluru/CALTECH_SURF_2026/WORK/data/SN2014C/mastDownload/HST/ocvc02080/ocvc02080_raw.fits with expected size 2260800. [astroquery.query]
INFO: Found cached file /mnt/c/Users/eluru/CALTECH_SURF_2026/WORK/data/SN2014C/mastDownload/HST/ocvc02080/ocvc02080_flt.fits with expected size 10537920. [astroquery.query]
INFO: Found cached file /mnt/c/Users/eluru/CALTECH_SURF_2026/WORK/data/SN2014C/mastDownload/HST/ocvc02090/ocvc02090_wav.fits with expected size 4501440. [astroquery.query]
INFO: Found cached file /mnt/c/Users/eluru/CALTECH_SURF_2026/WORK/data/SN2014C/mastDownload/HST/ocvc02090/ocvc02090_raw.fits with expected size 2260800. [astroquery.query]
INFO: Found cached file /mnt/c/Users/eluru/CALTECH_SURF_2026/WORK/data/SN2014C/mastDownload/HST/ocvc02090/ocvc02090_flt.fits with expected size 10537920. [astroquery.query]
SN2014C: downloaded 27 products (9 obs)
DOWNLOADDONE


$ /home/ishaang6/miniforge3/envs/surf_uv/bin/python /mnt/c/Users/eluru/CALTECH_SURF_2026/WORK/scripts/reduce_stis_batch.py /mnt/c/Users/eluru/CALTECH_SURF_2026/WORK/data/SN2014C SN2014C --outroot output5 --z 0.003 --expl-mjd 56662.0
der.
End      15-Aug-2026 16:44:31 PDT

*** CALSTIS-6 complete ***
git tag: 4ac2384-dirty
git branch: main
HEAD @: 4ac2384d4b81f58ea6aed6f2977aadc15beb6b0f

*** CALSTIS-6 -- Version 3.5.0 (02-Feb-2026) ***
Begin    15-Aug-2026 16:44:32 PDT

INFO     'E1' has been appended to aperture
Input    /mnt/c/Users/eluru/CALTECH_SURF_2026/WORK/data/SN2014C/mastDownload/HST/ocvc02090/ocvc02090_flt.fits
Output   output5/SN2014C/STIS/CCD/2015-08-22_day595/G230LB/ocvc02090_x1d.fits
Rootname ocvc02090
OBSMODE  ACCUM
APERTURE 52X0.2E1
OPT_ELEM G230LB
DETECTOR CCD

XTRACTAB oref$n7p1031qo_1dx.fits
XTRACTAB PEDIGREE=INFLIGHT 18/05/97
XTRACTAB DESCRIP =Analysis from prop. 7094
XTRACTAB DESCRIP =Analysis from prop. 7094
SPTRCTAB oref$qa31608go_1dt.fits
SPTRCTAB PEDIGREE=INFLIGHT 02/09/1997 13/02/1998
SPTRCTAB DESCRIP =New traces to account for angle change with time

Imset 1  Begin 16:44:33 PDT
         Input read into memory.
Order 1  Begin 16:44:34 PDT
X1DCORR  PERFORM
BACKCORR PERFORM
******** Calling Slfit ***********
BACKCORR COMPLETE
X1DCORR  COMPLETE
         Spectrum extracted at y position = 555.549

DISPCORR PERFORM
DISPTAB  oref$l2j0137to_dsp.fits
DISPTAB  PEDIGREE=INFLIGHT 27/02/1997 24/11/1999
DISPTAB  DESCRIP =Lindler, May 2000
DISPTAB  DESCRIP =Lindler Postlaunch, May 2000
APDESTAB oref$16j16005o_apd.fits
APDESTAB PEDIGREE=INFLIGHT 01/03/1997 13/06/2017
APDESTAB DESCRIP =Aligned long-slit bar positions for single-bar cases.--------------
APDESTAB DESCRIP =Offset relative to row 900
INANGTAB oref$h5s11397o_iac.fits
INANGTAB DESCRIP =Model/C. Bowers May 6, 1997
DISPCORR COMPLETE

HELCORR  PERFORM
HELCORR  COMPLETE

PHOTTAB  oref$95118575o_pht.fits
PHOTTAB  PEDIGREE=INFLIGHT 27/02/1997 16/03/2021
PHOTTAB  DESCRIP =Fullerton 2025 calibration
APERTAB  oref$y2r1559to_apt.fits
APERTAB  PEDIGREE=MODEL
APERTAB  DESCRIP =Added/updated values for 31X0.05NDA,31X0.05NDB,31X0.05NDC apertures
APERTAB  DESCRIP =Bohlin/Hartig TIM Models Nov. 1998
GACTAB   oref$p9r19203o_gac.fits
GACTAB   PEDIGREE=INFLIGHT 22/04/2002 03/08/2004
GACTAB   DESCRIP =X1D flux corr for grating/aper combos
GACTAB   DESCRIP =Grating-Aperture Throughput Correction
PCTAB    oref$q541740lo_pct.fits
PCTAB    PEDIGREE=INFLIGHT 18/05/1997 07/10/1999
PCTAB    DESCRIP =Sensitivity for diff. extractions heights
TDSTAB   oref$8712049eo_tds.fits
TDSTAB   PEDIGREE=INFLIGHT 01/04/1997 06/03/2024
TDSTAB   DESCRIP =Updated time sensitivities for MIRVIS, G230LB, and G230MB
FLUXCORR PERFORM
CTECORR  PERFORM
CCDTAB   oref$16j1600do_ccd.fits
CCDTAB   PEDIGREE=INFLIGHT 01/05/2009 01/05/2009
CCDTAB   DESCRIP =Updated amp=D gain=4 atodgain and corresponding readnoise values---
CCDTAB   DESCRIP =Proposal 8057, by I. Dashevsky & P. Goudfrooij
         GACTAB correction applied for G230LB 52X0.2E1 2375
CTECORR  COMPLETE
FLUXCORR COMPLETE
SGEOCORR OMIT

         Row 1 written to disk.
Order 1  End 16:44:34 PDT

         trace was rotated by = 0.0570848 degree.
Imset 1  End 16:44:34 PDT

Warning    Keyword `XTRACALG' is being added to header.
End      15-Aug-2026 16:44:35 PDT

*** CALSTIS-6 complete ***
9 STIS science exposures for SN2014C (0 dropped: texptime<5.0s)
X1D ocvc02010 G430L es 9 flags ['finder_fail', 'extended_host', 'center_mismatch(835vs258)']
X1D ocvc02020 G430L es 9 flags ['finder_fail', 'extended_host', 'center_mismatch(879vs259)']
X1D ocvc02030 G430L es 9 flags ['finder_fail', 'extended_host', 'center_mismatch(448vs251)']
X1D ocvc02040 G430L es 9 flags ['finder_fail', 'extended_host', 'center_mismatch(248vs254)']
X1D ocvc02050 G230LB es 7 flags ['finder_fail', 'extended_host', 'center_mismatch(949vs159)']
X1D ocvc02060 G230LB es 7 flags ['finder_fail', 'extended_host', 'center_mismatch(381vs324)']
X1D ocvc02070 G230LB es 7 flags ['finder_fail', 'extended_host', 'center_mismatch(6vs148)']
X1D ocvc02080 G230LB es 7 flags ['finder_fail', 'extended_host', 'center_mismatch(830vs431)']
X1D ocvc02090 G230LB es 7 flags ['finder_fail', 'extended_host', 'center_mismatch(556vs189)']
BATCHDONE

/home/ishaang6/miniforge3/envs/surf_uv/lib/python3.12/site-packages/stsci/tools/nmpfit.py:8: UserWarning: NMPFIT is deprecated - stsci.tools v 3.5 is the last version to contain it.
  warnings.warn("NMPFIT is deprecated - stsci.tools v 3.5 is the last version to contain it.")
/home/ishaang6/miniforge3/envs/surf_uv/lib/python3.12/site-packages/stsci/tools/gfit.py:18: UserWarning: GFIT is deprecated - stsci.tools v 3.4.12 is the last version to contain it.Use astropy.modeling instead.
  warnings.warn("GFIT is deprecated - stsci.tools v 3.4.12 is the last version to contain it."

$ /home/ishaang6/miniforge3/envs/surf_uv/bin/python /mnt/c/Users/eluru/CALTECH_SURF_2026/WORK/scripts/cos_products.py SN2014C --outroot output5 --z 0.003 --expl-mjd 56662.0
COS SN2014C 2015-10-22_day655 FUV G140L (1 exp)
COSDONE


$ /home/ishaang6/miniforge3/envs/surf_uv/bin/python /mnt/c/Users/eluru/CALTECH_SURF_2026/WORK/scripts/build_products.py SN2014C --outroot output5 --z 0.003 --early-skip-dir  --expl-mjd 56662.0
built products for SN2014C: 2 epochs



===== SN2001EH  z=0.037  STIS=True COS=False =====
$ /home/ishaang6/miniforge3/envs/surf_uv/bin/python /mnt/c/Users/eluru/CALTECH_SURF_2026/WORK/scripts/download_all.py SN2001EH
CALTECH_SURF_2026/WORK/data/SN2001EH/mastDownload/HST/o6gl30040/o6gl30040_wav.fits with expected size 4262400. [astroquery.query]
INFO: Found cached file /mnt/c/Users/eluru/CALTECH_SURF_2026/WORK/data/SN2001EH/mastDownload/HST/o6gl30040/o6gl30040_raw.fits with expected size 8429760. [astroquery.query]
INFO: Found cached file /mnt/c/Users/eluru/CALTECH_SURF_2026/WORK/data/SN2001EH/mastDownload/HST/o6gl30040/o6gl30040_flt.fits with expected size 10535040. [astroquery.query]
INFO: Found cached file /mnt/c/Users/eluru/CALTECH_SURF_2026/WORK/data/SN2001EH/mastDownload/HST/o6gl32010/o6gl32010_crj.fits with expected size 10537920. [astroquery.query]
INFO: Found cached file /mnt/c/Users/eluru/CALTECH_SURF_2026/WORK/data/SN2001EH/mastDownload/HST/o6gl32010/o6gl32010_wav.fits with expected size 4501440. [astroquery.query]
INFO: Found cached file /mnt/c/Users/eluru/CALTECH_SURF_2026/WORK/data/SN2001EH/mastDownload/HST/o6gl32010/o6gl32010_raw.fits with expected size 4501440. [astroquery.query]
INFO: Found cached file /mnt/c/Users/eluru/CALTECH_SURF_2026/WORK/data/SN2001EH/mastDownload/HST/o6gl32010/o6gl32010_flt.fits with expected size 21052800. [astroquery.query]
INFO: Found cached file /mnt/c/Users/eluru/CALTECH_SURF_2026/WORK/data/SN2001EH/mastDownload/HST/o6gl32020/o6gl32020_crj.fits with expected size 10537920. [astroquery.query]
INFO: Found cached file /mnt/c/Users/eluru/CALTECH_SURF_2026/WORK/data/SN2001EH/mastDownload/HST/o6gl32020/o6gl32020_wav.fits with expected size 4501440. [astroquery.query]
INFO: Found cached file /mnt/c/Users/eluru/CALTECH_SURF_2026/WORK/data/SN2001EH/mastDownload/HST/o6gl32020/o6gl32020_raw.fits with expected size 4501440. [astroquery.query]
INFO: Found cached file /mnt/c/Users/eluru/CALTECH_SURF_2026/WORK/data/SN2001EH/mastDownload/HST/o6gl32020/o6gl32020_flt.fits with expected size 21052800. [astroquery.query]
INFO: Found cached file /mnt/c/Users/eluru/CALTECH_SURF_2026/WORK/data/SN2001EH/mastDownload/HST/o6gl32030/o6gl32030_wav.fits with expected size 4262400. [astroquery.query]
INFO: Found cached file /mnt/c/Users/eluru/CALTECH_SURF_2026/WORK/data/SN2001EH/mastDownload/HST/o6gl32030/o6gl32030_raw.fits with expected size 8429760. [astroquery.query]
INFO: Found cached file /mnt/c/Users/eluru/CALTECH_SURF_2026/WORK/data/SN2001EH/mastDownload/HST/o6gl32030/o6gl32030_flt.fits with expected size 10535040. [astroquery.query]
INFO: Found cached file /mnt/c/Users/eluru/CALTECH_SURF_2026/WORK/data/SN2001EH/mastDownload/HST/o6gl32040/o6gl32040_wav.fits with expected size 4262400. [astroquery.query]
INFO: Found cached file /mnt/c/Users/eluru/CALTECH_SURF_2026/WORK/data/SN2001EH/mastDownload/HST/o6gl32040/o6gl32040_raw.fits with expected size 8429760. [astroquery.query]
INFO: Found cached file /mnt/c/Users/eluru/CALTECH_SURF_2026/WORK/data/SN2001EH/mastDownload/HST/o6gl32040/o6gl32040_flt.fits with expected size 10535040. [astroquery.query]
INFO: Found cached file /mnt/c/Users/eluru/CALTECH_SURF_2026/WORK/data/SN2001EH/mastDownload/HST/o6gl33010/o6gl33010_wav.fits with expected size 4262400. [astroquery.query]
INFO: Found cached file /mnt/c/Users/eluru/CALTECH_SURF_2026/WORK/data/SN2001EH/mastDownload/HST/o6gl33010/o6gl33010_raw.fits with expected size 8429760. [astroquery.query]
INFO: Found cached file /mnt/c/Users/eluru/CALTECH_SURF_2026/WORK/data/SN2001EH/mastDownload/HST/o6gl33010/o6gl33010_flt.fits with expected size 10535040. [astroquery.query]
INFO: Found cached file /mnt/c/Users/eluru/CALTECH_SURF_2026/WORK/data/SN2001EH/mastDownload/HST/o6gl33020/o6gl33020_wav.fits with expected size 4262400. [astroquery.query]
INFO: Found cached file /mnt/c/Users/eluru/CALTECH_SURF_2026/WORK/data/SN2001EH/mastDownload/HST/o6gl33020/o6gl33020_raw.fits with expected size 8429760. [astroquery.query]
INFO: Found cached file /mnt/c/Users/eluru/CALTECH_SURF_2026/WORK/data/SN2001EH/mastDownload/HST/o6gl33020/o6gl33020_flt.fits with expected size 10535040. [astroquery.query]
SN2001EH: downloaded 33 products (10 obs)
DOWNLOADDONE


$ /home/ishaang6/miniforge3/envs/surf_uv/bin/python /mnt/c/Users/eluru/CALTECH_SURF_2026/WORK/scripts/reduce_stis_batch.py /mnt/c/Users/eluru/CALTECH_SURF_2026/WORK/data/SN2001EH SN2001EH --outroot output5 --z 0.037 --expl-mjd 52161.0
tname o6gl33020
OBSMODE  ACCUM
APERTURE 52X0.2
OPT_ELEM G230L
DETECTOR NUV-MAMA

XTRACTAB oref$l3m1437to_1dx.fits
XTRACTAB PEDIGREE=INFLIGHT 29/05/97
XTRACTAB DESCRIP =Analysis from prop. 7064 and ground data
XTRACTAB DESCRIP =Analysis from prop. 7064
SPTRCTAB oref$a5e19539o_1dt.fits
SPTRCTAB PEDIGREE=INFLIGHT 27/02/1997 06/01/2010
SPTRCTAB DESCRIP =New traces for select echelle secondary modes

Imset 1  Begin 16:44:38 PDT
         Input read into memory.
Order 1  Begin 16:44:41 PDT
X1DCORR  PERFORM
Warning    Cross correlation to locate spectrum failed.
ERROR:    Cannot extract.
Warning    No rows were written; no table created.
         trace was rotated by = 0.00556063 degree.
Imset 1  End 16:44:41 PDT

End      15-Aug-2026 16:44:41 PDT

*** CALSTIS-6 complete ***
git tag: 4ac2384-dirty
git branch: main
HEAD @: 4ac2384d4b81f58ea6aed6f2977aadc15beb6b0f

*** CALSTIS-6 -- Version 3.5.0 (02-Feb-2026) ***
Begin    15-Aug-2026 16:44:41 PDT

Warning    Grating-aperture throughput correction table (GACTAB) was not found,

         and no gac corrections will be applied
Input    /mnt/c/Users/eluru/CALTECH_SURF_2026/WORK/data/SN2001EH/mastDownload/HST/o6gl33020/o6gl33020_flt.fits
Output   output5/SN2001EH/STIS/MAMA/2001-10-04_day25/G230L/o6gl33020_x1d.fits
Rootname o6gl33020
OBSMODE  ACCUM
APERTURE 52X0.2
OPT_ELEM G230L
DETECTOR NUV-MAMA

XTRACTAB oref$l3m1437to_1dx.fits
XTRACTAB PEDIGREE=INFLIGHT 29/05/97
XTRACTAB DESCRIP =Analysis from prop. 7064 and ground data
XTRACTAB DESCRIP =Analysis from prop. 7064
SPTRCTAB oref$a5e19539o_1dt.fits
SPTRCTAB PEDIGREE=INFLIGHT 27/02/1997 06/01/2010
SPTRCTAB DESCRIP =New traces for select echelle secondary modes

Imset 1  Begin 16:44:41 PDT
         Input read into memory.
Order 1  Begin 16:44:43 PDT
X1DCORR  PERFORM
BACKCORR PERFORM
******** Calling Slfit ***********
BACKCORR COMPLETE
X1DCORR  COMPLETE
         Spectrum extracted at y position = 475.9

DISPCORR PERFORM
DISPTAB  oref$m7p16111o_dsp.fits
DISPTAB  PEDIGREE=INFLIGHT 23/01/1999 23/01/1999
DISPTAB  DESCRIP =Dispersion coefficients reference table
DISPTAB  DESCRIP =INFLIGHT Cal. Disp. Coeffs
APDESTAB oref$16j16005o_apd.fits
APDESTAB PEDIGREE=INFLIGHT 01/03/1997 13/06/2017
APDESTAB DESCRIP =Aligned long-slit bar positions for single-bar cases.--------------
APDESTAB DESCRIP =Microscope Meas./Hartig Post-launch Offsets
INANGTAB oref$l3m1437ro_iac.fits
INANGTAB DESCRIP =Prelaunch Calibration/Lindler and Models
DISPCORR COMPLETE

HELCORR  PERFORM
HELCORR  COMPLETE

PHOTTAB  oref$9511857ao_pht.fits
PHOTTAB  PEDIGREE=INFLIGHT 27/02/1997 16/03/2021
PHOTTAB  DESCRIP =Fullerton 2025 calibration
APERTAB  oref$y2r1559to_apt.fits
APERTAB  PEDIGREE=MODEL
APERTAB  DESCRIP =Added/updated values for 31X0.05NDA,31X0.05NDB,31X0.05NDC apertures
APERTAB  DESCRIP =Bohlin/Hartig TIM Models Nov. 1998
PCTAB    oref$y2r16006o_pct.fits
PCTAB    PEDIGREE=INFLIGHT 18/05/1997 19/12/1998
PCTAB    DESCRIP =Added/updated values for 31X0.05NDA,31X0.05NDB,31X0.05NDC apertures
TDSTAB   oref$q9s1550lo_tds.fits
TDSTAB   PEDIGREE=INFLIGHT 01/04/1996 08/04/2004
TDSTAB   DESCRIP =New sensitivities for  G230L, E230M, E230M, and E230H modes
FLUXCORR PERFORM
FLUXCORR COMPLETE
SGEOCORR OMIT

         Row 1 written to disk.
Order 1  End 16:44:43 PDT

         trace was rotated by = 0.00556063 degree.
Imset 1  End 16:44:43 PDT

Warning    Keyword `XTRACALG' is being added to header.
End      15-Aug-2026 16:44:43 PDT

*** CALSTIS-6 complete ***
10 STIS science exposures for SN2001EH (0 dropped: texptime<5.0s)
X1D o6gl30010 G430L es 17 flags none
X1D o6gl30020 G140L es 11 flags ['low_detect', 'center_mismatch(512vs473)']
X1D o6gl30030 G230L es 11 flags none
X1D o6gl30040 G230L es 11 flags none
X1D o6gl32010 G430L es 17 flags none
X1D o6gl32020 G430L es 17 flags none
X1D o6gl32030 G230L es 11 flags none
X1D o6gl32040 G230L es 11 flags ['center_mismatch(519vs514)']
X1D o6gl33010 G230L es 11 flags none
RETRY-FINDER o6gl33020 a2center=475.9
X1D o6gl33020 G230L es 11 flags none
BATCHDONE

/home/ishaang6/miniforge3/envs/surf_uv/lib/python3.12/site-packages/stsci/tools/nmpfit.py:8: UserWarning: NMPFIT is deprecated - stsci.tools v 3.5 is the last version to contain it.
  warnings.warn("NMPFIT is deprecated - stsci.tools v 3.5 is the last version to contain it.")
/home/ishaang6/miniforge3/envs/surf_uv/lib/python3.12/site-packages/stsci/tools/gfit.py:18: UserWarning: GFIT is deprecated - stsci.tools v 3.4.12 is the last version to contain it.Use astropy.modeling instead.
  warnings.warn("GFIT is deprecated - stsci.tools v 3.4.12 is the last version to contain it."

$ /home/ishaang6/miniforge3/envs/surf_uv/bin/python /mnt/c/Users/eluru/CALTECH_SURF_2026/WORK/scripts/build_products.py SN2001EH --outroot output5 --z 0.037 --early-skip-dir  --expl-mjd 52161.0
built products for SN2001EH: 2 epochs



===== PTF10YGU  z=0.025047  STIS=True COS=False =====
$ /home/ishaang6/miniforge3/envs/surf_uv/bin/python /mnt/c/Users/eluru/CALTECH_SURF_2026/WORK/scripts/download_all.py PTF10YGU
LTECH_SURF_2026/WORK/data/PTF10YGU/mastDownload/HST/obnd05010/obnd05010_wav.fits with expected size 4501440. [astroquery.query]
INFO: Found cached file /mnt/c/Users/eluru/CALTECH_SURF_2026/WORK/data/PTF10YGU/mastDownload/HST/obnd05010/obnd05010_raw.fits with expected size 6742080. [astroquery.query]
INFO: Found cached file /mnt/c/Users/eluru/CALTECH_SURF_2026/WORK/data/PTF10YGU/mastDownload/HST/obnd05010/obnd05010_flt.fits with expected size 31567680. [astroquery.query]
INFO: Found cached file /mnt/c/Users/eluru/CALTECH_SURF_2026/WORK/data/PTF10YGU/mastDownload/HST/obnd05020/obnd05020_crj.fits with expected size 10537920. [astroquery.query]
INFO: Found cached file /mnt/c/Users/eluru/CALTECH_SURF_2026/WORK/data/PTF10YGU/mastDownload/HST/obnd05020/obnd05020_wav.fits with expected size 4501440. [astroquery.query]
INFO: Found cached file /mnt/c/Users/eluru/CALTECH_SURF_2026/WORK/data/PTF10YGU/mastDownload/HST/obnd05020/obnd05020_raw.fits with expected size 6742080. [astroquery.query]
INFO: Found cached file /mnt/c/Users/eluru/CALTECH_SURF_2026/WORK/data/PTF10YGU/mastDownload/HST/obnd05020/obnd05020_flt.fits with expected size 31567680. [astroquery.query]
INFO: Found cached file /mnt/c/Users/eluru/CALTECH_SURF_2026/WORK/data/PTF10YGU/mastDownload/HST/obnd05030/obnd05030_crj.fits with expected size 10537920. [astroquery.query]
INFO: Found cached file /mnt/c/Users/eluru/CALTECH_SURF_2026/WORK/data/PTF10YGU/mastDownload/HST/obnd05030/obnd05030_wav.fits with expected size 4501440. [astroquery.query]
INFO: Found cached file /mnt/c/Users/eluru/CALTECH_SURF_2026/WORK/data/PTF10YGU/mastDownload/HST/obnd05030/obnd05030_raw.fits with expected size 6742080. [astroquery.query]
INFO: Found cached file /mnt/c/Users/eluru/CALTECH_SURF_2026/WORK/data/PTF10YGU/mastDownload/HST/obnd05030/obnd05030_flt.fits with expected size 31567680. [astroquery.query]
INFO: Found cached file /mnt/c/Users/eluru/CALTECH_SURF_2026/WORK/data/PTF10YGU/mastDownload/HST/obnd06010/obnd06010_crj.fits with expected size 10537920. [astroquery.query]
INFO: Found cached file /mnt/c/Users/eluru/CALTECH_SURF_2026/WORK/data/PTF10YGU/mastDownload/HST/obnd06010/obnd06010_wav.fits with expected size 4501440. [astroquery.query]
INFO: Found cached file /mnt/c/Users/eluru/CALTECH_SURF_2026/WORK/data/PTF10YGU/mastDownload/HST/obnd06010/obnd06010_raw.fits with expected size 6742080. [astroquery.query]
INFO: Found cached file /mnt/c/Users/eluru/CALTECH_SURF_2026/WORK/data/PTF10YGU/mastDownload/HST/obnd06010/obnd06010_flt.fits with expected size 31567680. [astroquery.query]
INFO: Found cached file /mnt/c/Users/eluru/CALTECH_SURF_2026/WORK/data/PTF10YGU/mastDownload/HST/obnd06020/obnd06020_crj.fits with expected size 10537920. [astroquery.query]
INFO: Found cached file /mnt/c/Users/eluru/CALTECH_SURF_2026/WORK/data/PTF10YGU/mastDownload/HST/obnd06020/obnd06020_wav.fits with expected size 6742080. [astroquery.query]
INFO: Found cached file /mnt/c/Users/eluru/CALTECH_SURF_2026/WORK/data/PTF10YGU/mastDownload/HST/obnd06020/obnd06020_raw.fits with expected size 6742080. [astroquery.query]
INFO: Found cached file /mnt/c/Users/eluru/CALTECH_SURF_2026/WORK/data/PTF10YGU/mastDownload/HST/obnd06020/obnd06020_flt.fits with expected size 31567680. [astroquery.query]
INFO: Found cached file /mnt/c/Users/eluru/CALTECH_SURF_2026/WORK/data/PTF10YGU/mastDownload/HST/obnd06030/obnd06030_crj.fits with expected size 10537920. [astroquery.query]
INFO: Found cached file /mnt/c/Users/eluru/CALTECH_SURF_2026/WORK/data/PTF10YGU/mastDownload/HST/obnd06030/obnd06030_wav.fits with expected size 4501440. [astroquery.query]
INFO: Found cached file /mnt/c/Users/eluru/CALTECH_SURF_2026/WORK/data/PTF10YGU/mastDownload/HST/obnd06030/obnd06030_raw.fits with expected size 6742080. [astroquery.query]
INFO: Found cached file /mnt/c/Users/eluru/CALTECH_SURF_2026/WORK/data/PTF10YGU/mastDownload/HST/obnd06030/obnd06030_flt.fits with expected size 31567680. [astroquery.query]
PTF10YGU: downloaded 40 products (10 obs)
DOWNLOADDONE


$ /home/ishaang6/miniforge3/envs/surf_uv/bin/python /mnt/c/Users/eluru/CALTECH_SURF_2026/WORK/scripts/reduce_stis_batch.py /mnt/c/Users/eluru/CALTECH_SURF_2026/WORK/data/PTF10YGU PTF10YGU --outroot output5 --z 0.025047 --expl-mjd 55481.0
tated by = 0.0421353 degree.
Imset 1  End 16:45:04 PDT

Warning    Keyword `XTRACALG' is being added to header.
End      15-Aug-2026 16:45:05 PDT

*** CALSTIS-6 complete ***
git tag: 4ac2384-dirty
git branch: main
HEAD @: 4ac2384d4b81f58ea6aed6f2977aadc15beb6b0f

*** CALSTIS-6 -- Version 3.5.0 (02-Feb-2026) ***
Begin    15-Aug-2026 16:45:05 PDT

INFO     'E1' has been appended to aperture
Input    /mnt/c/Users/eluru/CALTECH_SURF_2026/WORK/data/PTF10YGU/mastDownload/HST/obnd06030/obnd06030_crj.fits
Output   output5/PTF10YGU/STIS/CCD/2010-10-26_day14/G230LB/obnd06030_x1d.fits
Rootname obnd06030
OBSMODE  ACCUM
APERTURE 52X0.2E1
OPT_ELEM G230LB
DETECTOR CCD

XTRACTAB oref$n7p1031qo_1dx.fits
XTRACTAB PEDIGREE=INFLIGHT 18/05/97
XTRACTAB DESCRIP =Analysis from prop. 7094
XTRACTAB DESCRIP =Analysis from prop. 7094
SPTRCTAB oref$qa31608go_1dt.fits
SPTRCTAB PEDIGREE=INFLIGHT 02/09/1997 13/02/1998
SPTRCTAB DESCRIP =New traces to account for angle change with time

Imset 1  Begin 16:45:06 PDT
         Input read into memory.
Order 1  Begin 16:45:07 PDT
X1DCORR  PERFORM
BACKCORR PERFORM
******** Calling Slfit ***********
BACKCORR COMPLETE
X1DCORR  COMPLETE
         Spectrum extracted at y position = 453.789

DISPCORR PERFORM
DISPTAB  oref$l2j0137to_dsp.fits
DISPTAB  PEDIGREE=INFLIGHT 27/02/1997 24/11/1999
DISPTAB  DESCRIP =Lindler, May 2000
DISPTAB  DESCRIP =Lindler Postlaunch, May 2000
APDESTAB oref$16j16005o_apd.fits
APDESTAB PEDIGREE=INFLIGHT 01/03/1997 13/06/2017
APDESTAB DESCRIP =Aligned long-slit bar positions for single-bar cases.--------------
APDESTAB DESCRIP =Offset relative to row 900
INANGTAB oref$h5s11397o_iac.fits
INANGTAB DESCRIP =Model/C. Bowers May 6, 1997
DISPCORR COMPLETE

HELCORR  PERFORM
HELCORR  COMPLETE

PHOTTAB  oref$95118575o_pht.fits
PHOTTAB  PEDIGREE=INFLIGHT 27/02/1997 16/03/2021
PHOTTAB  DESCRIP =Fullerton 2025 calibration
APERTAB  oref$y2r1559to_apt.fits
APERTAB  PEDIGREE=MODEL
APERTAB  DESCRIP =Added/updated values for 31X0.05NDA,31X0.05NDB,31X0.05NDC apertures
APERTAB  DESCRIP =Bohlin/Hartig TIM Models Nov. 1998
GACTAB   oref$p9r19203o_gac.fits
GACTAB   PEDIGREE=INFLIGHT 22/04/2002 03/08/2004
GACTAB   DESCRIP =X1D flux corr for grating/aper combos
GACTAB   DESCRIP =Grating-Aperture Throughput Correction
PCTAB    oref$q541740lo_pct.fits
PCTAB    PEDIGREE=INFLIGHT 18/05/1997 07/10/1999
PCTAB    DESCRIP =Sensitivity for diff. extractions heights
TDSTAB   oref$8712049eo_tds.fits
TDSTAB   PEDIGREE=INFLIGHT 01/04/1997 06/03/2024
TDSTAB   DESCRIP =Updated time sensitivities for MIRVIS, G230LB, and G230MB
FLUXCORR PERFORM
CTECORR  PERFORM
CCDTAB   oref$16j1600eo_ccd.fits
CCDTAB   PEDIGREE=INFLIGHT 01/05/2009 01/05/2009
CCDTAB   DESCRIP =Updated amp=D gain=4 atodgain and corresponding readnoise values---
CCDTAB   DESCRIP =Proposal 8057, by I. Dashevsky & P. Goudfrooij
         GACTAB correction applied for G230LB 52X0.2E1 2375
CTECORR  COMPLETE
FLUXCORR COMPLETE
SGEOCORR OMIT

         Row 1 written to disk.
Order 1  End 16:45:07 PDT

         trace was rotated by = 0.0421359 degree.
Imset 1  End 16:45:07 PDT

Warning    Keyword `XTRACALG' is being added to header.
End      15-Aug-2026 16:45:07 PDT

*** CALSTIS-6 complete ***
10 STIS science exposures for PTF10YGU (0 dropped: texptime<5.0s)
X1D obnd01010 G430L es 17 flags none
X1D obnd02010 G430L es 17 flags none
X1D obnd03010 G430L es 17 flags none
X1D obnd04010 G430L es 17 flags none
RETRY-FINDER obnd05010 a2center=128.0
X1D obnd05010 G230LB es 7 flags ['finder_fail', 'extended_host']
X1D obnd05020 G230LB es 7 flags ['finder_fail', 'extended_host', 'center_mismatch(781vs571)']
X1D obnd05030 G230LB es 7 flags ['finder_fail', 'extended_host', 'center_mismatch(781vs296)']
RETRY-FINDER obnd06010 a2center=480.0
X1D obnd06010 G230LB es 7 flags ['finder_fail', 'extended_host']
X1D obnd06020 G230LB es 7 flags ['finder_fail', 'extended_host', 'center_mismatch(454vs203)']
X1D obnd06030 G230LB es 7 flags ['finder_fail', 'extended_host', 'center_mismatch(454vs318)']
BATCHDONE

/home/ishaang6/miniforge3/envs/surf_uv/lib/python3.12/site-packages/stsci/tools/nmpfit.py:8: UserWarning: NMPFIT is deprecated - stsci.tools v 3.5 is the last version to contain it.
  warnings.warn("NMPFIT is deprecated - stsci.tools v 3.5 is the last version to contain it.")
/home/ishaang6/miniforge3/envs/surf_uv/lib/python3.12/site-packages/stsci/tools/gfit.py:18: UserWarning: GFIT is deprecated - stsci.tools v 3.4.12 is the last version to contain it.Use astropy.modeling instead.
  warnings.warn("GFIT is deprecated - stsci.tools v 3.4.12 is the last version to contain it."

$ /home/ishaang6/miniforge3/envs/surf_uv/bin/python /mnt/c/Users/eluru/CALTECH_SURF_2026/WORK/scripts/build_products.py PTF10YGU --outroot output5 --z 0.025047 --early-skip-dir  --expl-mjd 55481.0
built products for PTF10YGU: 4 epochs



===== SN-MRK1309  z=0.0057239598736002  STIS=True COS=False =====
$ /home/ishaang6/miniforge3/envs/surf_uv/bin/python /mnt/c/Users/eluru/CALTECH_SURF_2026/WORK/scripts/download_all.py SN-MRK1309
oad/HST/ocb301030/ocb301030_flt.fits with expected size 21052800. [astroquery.query]
INFO: Found cached file /mnt/c/Users/eluru/CALTECH_SURF_2026/WORK/data/SN-MRK1309/mastDownload/HST/ocb301040/ocb301040_crj.fits with expected size 10537920. [astroquery.query]
INFO: Found cached file /mnt/c/Users/eluru/CALTECH_SURF_2026/WORK/data/SN-MRK1309/mastDownload/HST/ocb301040/ocb301040_wav.fits with expected size 2260800. [astroquery.query]
INFO: Found cached file /mnt/c/Users/eluru/CALTECH_SURF_2026/WORK/data/SN-MRK1309/mastDownload/HST/ocb301040/ocb301040_raw.fits with expected size 4501440. [astroquery.query]
INFO: Found cached file /mnt/c/Users/eluru/CALTECH_SURF_2026/WORK/data/SN-MRK1309/mastDownload/HST/ocb301040/ocb301040_flt.fits with expected size 21052800. [astroquery.query]
INFO: Found cached file /mnt/c/Users/eluru/CALTECH_SURF_2026/WORK/data/SN-MRK1309/mastDownload/HST/ocb302010/ocb302010_wav.fits with expected size 4262400. [astroquery.query]
INFO: Found cached file /mnt/c/Users/eluru/CALTECH_SURF_2026/WORK/data/SN-MRK1309/mastDownload/HST/ocb302010/ocb302010_raw.fits with expected size 8429760. [astroquery.query]
INFO: Found cached file /mnt/c/Users/eluru/CALTECH_SURF_2026/WORK/data/SN-MRK1309/mastDownload/HST/ocb302010/ocb302010_flt.fits with expected size 10535040. [astroquery.query]
INFO: Found cached file /mnt/c/Users/eluru/CALTECH_SURF_2026/WORK/data/SN-MRK1309/mastDownload/HST/ocb302020/ocb302020_wav.fits with expected size 4262400. [astroquery.query]
INFO: Found cached file /mnt/c/Users/eluru/CALTECH_SURF_2026/WORK/data/SN-MRK1309/mastDownload/HST/ocb302020/ocb302020_raw.fits with expected size 8429760. [astroquery.query]
INFO: Found cached file /mnt/c/Users/eluru/CALTECH_SURF_2026/WORK/data/SN-MRK1309/mastDownload/HST/ocb302030/ocb302030_wav.fits with expected size 4262400. [astroquery.query]
INFO: Found cached file /mnt/c/Users/eluru/CALTECH_SURF_2026/WORK/data/SN-MRK1309/mastDownload/HST/ocb302030/ocb302030_raw.fits with expected size 8429760. [astroquery.query]
INFO: Found cached file /mnt/c/Users/eluru/CALTECH_SURF_2026/WORK/data/SN-MRK1309/mastDownload/HST/ocb302030/ocb302030_flt.fits with expected size 10535040. [astroquery.query]
INFO: Found cached file /mnt/c/Users/eluru/CALTECH_SURF_2026/WORK/data/SN-MRK1309/mastDownload/HST/ocb302040/ocb302040_wav.fits with expected size 2139840. [astroquery.query]
INFO: Found cached file /mnt/c/Users/eluru/CALTECH_SURF_2026/WORK/data/SN-MRK1309/mastDownload/HST/ocb302040/ocb302040_raw.fits with expected size 8429760. [astroquery.query]
INFO: Found cached file /mnt/c/Users/eluru/CALTECH_SURF_2026/WORK/data/SN-MRK1309/mastDownload/HST/ocb302050/ocb302050_crj.fits with expected size 10537920. [astroquery.query]
INFO: Found cached file /mnt/c/Users/eluru/CALTECH_SURF_2026/WORK/data/SN-MRK1309/mastDownload/HST/ocb302050/ocb302050_wav.fits with expected size 2260800. [astroquery.query]
INFO: Found cached file /mnt/c/Users/eluru/CALTECH_SURF_2026/WORK/data/SN-MRK1309/mastDownload/HST/ocb302050/ocb302050_raw.fits with expected size 4501440. [astroquery.query]
INFO: Found cached file /mnt/c/Users/eluru/CALTECH_SURF_2026/WORK/data/SN-MRK1309/mastDownload/HST/ocb302050/ocb302050_flt.fits with expected size 21052800. [astroquery.query]
INFO: Found cached file /mnt/c/Users/eluru/CALTECH_SURF_2026/WORK/data/SN-MRK1309/mastDownload/HST/ocb302060/ocb302060_crj.fits with expected size 10537920. [astroquery.query]
INFO: Found cached file /mnt/c/Users/eluru/CALTECH_SURF_2026/WORK/data/SN-MRK1309/mastDownload/HST/ocb302060/ocb302060_wav.fits with expected size 2260800. [astroquery.query]
INFO: Found cached file /mnt/c/Users/eluru/CALTECH_SURF_2026/WORK/data/SN-MRK1309/mastDownload/HST/ocb302060/ocb302060_raw.fits with expected size 4501440. [astroquery.query]
INFO: Found cached file /mnt/c/Users/eluru/CALTECH_SURF_2026/WORK/data/SN-MRK1309/mastDownload/HST/ocb302060/ocb302060_flt.fits with expected size 21052800. [astroquery.query]
SN-MRK1309: downloaded 32 products (10 obs)
DOWNLOADDONE


$ /home/ishaang6/miniforge3/envs/surf_uv/bin/python /mnt/c/Users/eluru/CALTECH_SURF_2026/WORK/scripts/reduce_stis_batch.py /mnt/c/Users/eluru/CALTECH_SURF_2026/WORK/data/SN-MRK1309 SN-MRK1309 --outroot output5 --z 0.0057239598736002 --expl-mjd 56728.0
I. Dashevsky & P. Goudfrooij
Warning    No exact extraction box height match in PCTAB.
Warning    Using entry for height 15
         GACTAB correction applied for G430L 52X0.2 4300
CTECORR  COMPLETE
FLUXCORR COMPLETE
SGEOCORR OMIT

         Row 1 written to disk.
Order 1  End 16:45:57 PDT

         trace was rotated by = 0.0425995 degree.
Imset 1  End 16:45:57 PDT

Warning    Keyword `XTRACALG' is being added to header.
End      15-Aug-2026 16:45:57 PDT

*** CALSTIS-6 complete ***
git tag: 4ac2384-dirty
git branch: main
HEAD @: 4ac2384d4b81f58ea6aed6f2977aadc15beb6b0f

*** CALSTIS-6 -- Version 3.5.0 (02-Feb-2026) ***
Begin    15-Aug-2026 16:45:58 PDT

Input    /mnt/c/Users/eluru/CALTECH_SURF_2026/WORK/data/SN-MRK1309/mastDownload/HST/ocb302060/ocb302060_crj.fits
Output   output5/SN-MRK1309/STIS/CCD/2014-03-25_day13/G750L/ocb302060_x1d.fits
Rootname ocb302060
OBSMODE  ACCUM
APERTURE 52X0.2
OPT_ELEM G750L
DETECTOR CCD

XTRACTAB oref$n7p1031qo_1dx.fits
XTRACTAB PEDIGREE=INFLIGHT 18/05/97
XTRACTAB DESCRIP =Analysis from prop. 7094
XTRACTAB DESCRIP =Analysis from prop. 7094
SPTRCTAB oref$qa31608go_1dt.fits
SPTRCTAB PEDIGREE=INFLIGHT 02/09/1997 13/02/1998
SPTRCTAB DESCRIP =New traces to account for angle change with time

Imset 1  Begin 16:45:59 PDT
         Input read into memory.
Order 1  Begin 16:46:01 PDT
X1DCORR  PERFORM
BACKCORR PERFORM
******** Calling Slfit ***********
BACKCORR COMPLETE
X1DCORR  COMPLETE
         Spectrum extracted at y position = 507.77

DISPCORR PERFORM
DISPTAB  oref$l2j0137to_dsp.fits
DISPTAB  PEDIGREE=INFLIGHT 27/02/1997 24/11/1999
DISPTAB  DESCRIP =Lindler, May 2000
DISPTAB  DESCRIP =Lindler Postlaunch, May 2000
APDESTAB oref$16j16005o_apd.fits
APDESTAB PEDIGREE=INFLIGHT 01/03/1997 13/06/2017
APDESTAB DESCRIP =Aligned long-slit bar positions for single-bar cases.--------------
APDESTAB DESCRIP =Microscope Meas./Hartig Post-launch Offsets
INANGTAB oref$h5s11397o_iac.fits
INANGTAB DESCRIP =Model/C. Bowers May 6, 1997
DISPCORR COMPLETE

HELCORR  PERFORM
HELCORR  COMPLETE

PHOTTAB  oref$95118575o_pht.fits
PHOTTAB  PEDIGREE=INFLIGHT 27/02/1997 16/03/2021
PHOTTAB  DESCRIP =Fullerton 2025 calibration
APERTAB  oref$y2r1559to_apt.fits
APERTAB  PEDIGREE=MODEL
APERTAB  DESCRIP =Added/updated values for 31X0.05NDA,31X0.05NDB,31X0.05NDC apertures
APERTAB  DESCRIP =Bohlin/Hartig TIM Models Nov. 1998
GACTAB   oref$p9r19203o_gac.fits
GACTAB   PEDIGREE=INFLIGHT 13/06/1997 20/04/1998
GACTAB   DESCRIP =X1D flux corr for grating/aper combos
GACTAB   DESCRIP =Grating-Aperture Throughput Correction
PCTAB    oref$q541740po_pct.fits
PCTAB    PEDIGREE=INFLIGHT 18/05/1997 19/12/1998
PCTAB    DESCRIP =Sensitivity for diff. extractions heights
TDSTAB   oref$8712049eo_tds.fits
TDSTAB   PEDIGREE=INFLIGHT 01/04/1997 06/03/2024
TDSTAB   DESCRIP =Updated time sensitivities for MIRVIS, G230LB, and G230MB
FLUXCORR PERFORM
CTECORR  PERFORM
CCDTAB   oref$16j1600eo_ccd.fits
CCDTAB   PEDIGREE=INFLIGHT 01/05/2009 01/05/2009
CCDTAB   DESCRIP =Updated amp=D gain=4 atodgain and corresponding readnoise values---
CCDTAB   DESCRIP =Proposal 8057, by I. Dashevsky & P. Goudfrooij
Warning    No exact extraction box height match in PCTAB.
Warning    Using entry for height 21
         GACTAB correction applied for G750L 52X0.2 7751
CTECORR  COMPLETE
FLUXCORR COMPLETE
SGEOCORR OMIT

         Row 1 written to disk.
Order 1  End 16:46:01 PDT

         trace was rotated by = 0.0615705 degree.
Imset 1  End 16:46:01 PDT

Warning    Keyword `XTRACALG' is being added to header.
End      15-Aug-2026 16:46:01 PDT

*** CALSTIS-6 complete ***
8 STIS science exposures for SN-MRK1309 (0 dropped: texptime<5.0s)
X1D ocb301010 G230L es 11 flags none
X1D ocb301020 G230L es 11 flags none
X1D ocb301030 G430L es 17 flags none
X1D ocb301040 G750L es 25 flags ['no_defringe(no_flat)']
X1D ocb302010 G230L es 11 flags none
X1D ocb302030 G230L es 11 flags none
X1D ocb302050 G430L es 17 flags none
X1D ocb302060 G750L es 25 flags ['extended_host', 'no_defringe(no_flat)']
BATCHDONE

/home/ishaang6/miniforge3/envs/surf_uv/lib/python3.12/site-packages/stsci/tools/nmpfit.py:8: UserWarning: NMPFIT is deprecated - stsci.tools v 3.5 is the last version to contain it.
  warnings.warn("NMPFIT is deprecated - stsci.tools v 3.5 is the last version to contain it.")
/home/ishaang6/miniforge3/envs/surf_uv/lib/python3.12/site-packages/stsci/tools/gfit.py:18: UserWarning: GFIT is deprecated - stsci.tools v 3.4.12 is the last version to contain it.Use astropy.modeling instead.
  warnings.warn("GFIT is deprecated - stsci.tools v 3.4.12 is the last version to contain it."

$ /home/ishaang6/miniforge3/envs/surf_uv/bin/python /mnt/c/Users/eluru/CALTECH_SURF_2026/WORK/scripts/build_products.py SN-MRK1309 --outroot output5 --z 0.0057239598736002 --early-skip-dir  --expl-mjd 56728.0
built products for SN-MRK1309: 2 epochs



===== SN2016CCJ  z=0.03  STIS=True COS=False =====
$ /home/ishaang6/miniforge3/envs/surf_uv/bin/python /mnt/c/Users/eluru/CALTECH_SURF_2026/WORK/scripts/download_all.py SN2016CCJ
ata/SN2016CCJ/mastDownload/HST/ocwq02010/ocwq02010_crj.fits with expected size 10537920. [astroquery.query]
INFO: Found cached file /mnt/c/Users/eluru/CALTECH_SURF_2026/WORK/data/SN2016CCJ/mastDownload/HST/ocwq02010/ocwq02010_wav.fits with expected size 2260800. [astroquery.query]
INFO: Found cached file /mnt/c/Users/eluru/CALTECH_SURF_2026/WORK/data/SN2016CCJ/mastDownload/HST/ocwq02010/ocwq02010_raw.fits with expected size 4501440. [astroquery.query]
INFO: Found cached file /mnt/c/Users/eluru/CALTECH_SURF_2026/WORK/data/SN2016CCJ/mastDownload/HST/ocwq02010/ocwq02010_flt.fits with expected size 21052800. [astroquery.query]
INFO: Found cached file /mnt/c/Users/eluru/CALTECH_SURF_2026/WORK/data/SN2016CCJ/mastDownload/HST/ocwq02020/ocwq02020_wav.fits with expected size 4262400. [astroquery.query]
INFO: Found cached file /mnt/c/Users/eluru/CALTECH_SURF_2026/WORK/data/SN2016CCJ/mastDownload/HST/ocwq02020/ocwq02020_raw.fits with expected size 8429760. [astroquery.query]
INFO: Found cached file /mnt/c/Users/eluru/CALTECH_SURF_2026/WORK/data/SN2016CCJ/mastDownload/HST/ocwq02020/ocwq02020_flt.fits with expected size 10535040. [astroquery.query]
INFO: Found cached file /mnt/c/Users/eluru/CALTECH_SURF_2026/WORK/data/SN2016CCJ/mastDownload/HST/ocwq02030/ocwq02030_wav.fits with expected size 4262400. [astroquery.query]
INFO: Found cached file /mnt/c/Users/eluru/CALTECH_SURF_2026/WORK/data/SN2016CCJ/mastDownload/HST/ocwq02030/ocwq02030_raw.fits with expected size 8429760. [astroquery.query]
INFO: Found cached file /mnt/c/Users/eluru/CALTECH_SURF_2026/WORK/data/SN2016CCJ/mastDownload/HST/ocwq02030/ocwq02030_flt.fits with expected size 10535040. [astroquery.query]
INFO: Found cached file /mnt/c/Users/eluru/CALTECH_SURF_2026/WORK/data/SN2016CCJ/mastDownload/HST/ocwq03010/ocwq03010_crj.fits with expected size 10537920. [astroquery.query]
INFO: Found cached file /mnt/c/Users/eluru/CALTECH_SURF_2026/WORK/data/SN2016CCJ/mastDownload/HST/ocwq03010/ocwq03010_wav.fits with expected size 2260800. [astroquery.query]
INFO: Found cached file /mnt/c/Users/eluru/CALTECH_SURF_2026/WORK/data/SN2016CCJ/mastDownload/HST/ocwq03010/ocwq03010_raw.fits with expected size 4501440. [astroquery.query]
INFO: Found cached file /mnt/c/Users/eluru/CALTECH_SURF_2026/WORK/data/SN2016CCJ/mastDownload/HST/ocwq03010/ocwq03010_flt.fits with expected size 21052800. [astroquery.query]
INFO: Found cached file /mnt/c/Users/eluru/CALTECH_SURF_2026/WORK/data/SN2016CCJ/mastDownload/HST/ocwq03020/ocwq03020_wav.fits with expected size 4262400. [astroquery.query]
INFO: Found cached file /mnt/c/Users/eluru/CALTECH_SURF_2026/WORK/data/SN2016CCJ/mastDownload/HST/ocwq03020/ocwq03020_raw.fits with expected size 8429760. [astroquery.query]
INFO: Found cached file /mnt/c/Users/eluru/CALTECH_SURF_2026/WORK/data/SN2016CCJ/mastDownload/HST/ocwq03020/ocwq03020_flt.fits with expected size 10535040. [astroquery.query]
INFO: Found cached file /mnt/c/Users/eluru/CALTECH_SURF_2026/WORK/data/SN2016CCJ/mastDownload/HST/ocwq03030/ocwq03030_wav.fits with expected size 4262400. [astroquery.query]
INFO: Found cached file /mnt/c/Users/eluru/CALTECH_SURF_2026/WORK/data/SN2016CCJ/mastDownload/HST/ocwq03030/ocwq03030_raw.fits with expected size 8429760. [astroquery.query]
INFO: Found cached file /mnt/c/Users/eluru/CALTECH_SURF_2026/WORK/data/SN2016CCJ/mastDownload/HST/ocwq03030/ocwq03030_flt.fits with expected size 10535040. [astroquery.query]
INFO: Found cached file /mnt/c/Users/eluru/CALTECH_SURF_2026/WORK/data/SN2016CCJ/mastDownload/HST/ocwq03040/ocwq03040_wav.fits with expected size 4262400. [astroquery.query]
INFO: Found cached file /mnt/c/Users/eluru/CALTECH_SURF_2026/WORK/data/SN2016CCJ/mastDownload/HST/ocwq03040/ocwq03040_raw.fits with expected size 8429760. [astroquery.query]
INFO: Found cached file /mnt/c/Users/eluru/CALTECH_SURF_2026/WORK/data/SN2016CCJ/mastDownload/HST/ocwq03040/ocwq03040_flt.fits with expected size 10535040. [astroquery.query]
SN2016CCJ: downloaded 33 products (10 obs)
DOWNLOADDONE


$ /home/ishaang6/miniforge3/envs/surf_uv/bin/python /mnt/c/Users/eluru/CALTECH_SURF_2026/WORK/scripts/reduce_stis_batch.py /mnt/c/Users/eluru/CALTECH_SURF_2026/WORK/data/SN2016CCJ SN2016CCJ --outroot output5 --z 0.03 --expl-mjd 57511.42
AB  DESCRIP =May 2026 recalibration
APERTAB  oref$y2r1559to_apt.fits
APERTAB  PEDIGREE=MODEL
APERTAB  DESCRIP =Added/updated values for 31X0.05NDA,31X0.05NDB,31X0.05NDC apertures
APERTAB  DESCRIP =Bohlin/Hartig TIM Models Nov. 1998
PCTAB    oref$y2r16006o_pct.fits
PCTAB    PEDIGREE=INFLIGHT 18/05/1997 19/12/1998
PCTAB    DESCRIP =Added/updated values for 31X0.05NDA,31X0.05NDB,31X0.05NDC apertures
TDSTAB   oref$97a1546po_tds.fits
TDSTAB   PEDIGREE=INFLIGHT 01/04/1997 13/05/2025
TDSTAB   DESCRIP =Updated time sensitivities for MIRNUV and L, M, and H modes.
FLUXCORR PERFORM
FLUXCORR COMPLETE
SGEOCORR OMIT

         Row 1 written to disk.
Order 1  End 16:46:04 PDT

         trace was rotated by = -0.00469462 degree.
Imset 1  End 16:46:04 PDT

Warning    Keyword `XTRACALG' is being added to header.
End      15-Aug-2026 16:46:04 PDT

*** CALSTIS-6 complete ***
git tag: 4ac2384-dirty
git branch: main
HEAD @: 4ac2384d4b81f58ea6aed6f2977aadc15beb6b0f

*** CALSTIS-6 -- Version 3.5.0 (02-Feb-2026) ***
Begin    15-Aug-2026 16:46:05 PDT

Warning    Grating-aperture throughput correction table (GACTAB) was not found,

         and no gac corrections will be applied
Input    /mnt/c/Users/eluru/CALTECH_SURF_2026/WORK/data/SN2016CCJ/mastDownload/HST/ocwq03040/ocwq03040_flt.fits
Output   output5/SN2016CCJ/STIS/MAMA/2016-05-29_day26/G230L/ocwq03040_x1d.fits
Rootname ocwq03040
OBSMODE  ACCUM
APERTURE 52X0.2
OPT_ELEM G230L
DETECTOR NUV-MAMA

XTRACTAB oref$a5e1953co_1dx.fits
XTRACTAB PEDIGREE=INFLIGHT 29/05/1997 29/05/1997
XTRACTAB DESCRIP =Analysis from prop. 7064 and ground data
XTRACTAB DESCRIP =Analysis from prop. 7064
SPTRCTAB oref$a5e19539o_1dt.fits
SPTRCTAB PEDIGREE=INFLIGHT 27/02/1997 06/01/2010
SPTRCTAB DESCRIP =New traces for select echelle secondary modes

Imset 1  Begin 16:46:05 PDT
         Input read into memory.
Order 1  Begin 16:46:07 PDT
X1DCORR  PERFORM
BACKCORR PERFORM
******** Calling Slfit ***********
BACKCORR COMPLETE
X1DCORR  COMPLETE
         Spectrum extracted at y position = 530.956

DISPCORR PERFORM
DISPTAB  oref$m7p16111o_dsp.fits
DISPTAB  PEDIGREE=INFLIGHT 23/01/1999 23/01/1999
DISPTAB  DESCRIP =Dispersion coefficients reference table
DISPTAB  DESCRIP =INFLIGHT Cal. Disp. Coeffs
APDESTAB oref$16j16005o_apd.fits
APDESTAB PEDIGREE=INFLIGHT 01/03/1997 13/06/2017
APDESTAB DESCRIP =Aligned long-slit bar positions for single-bar cases.--------------
APDESTAB DESCRIP =Microscope Meas./Hartig Post-launch Offsets
INANGTAB oref$l3m1437ro_iac.fits
INANGTAB DESCRIP =Prelaunch Calibration/Lindler and Models
DISPCORR COMPLETE

HELCORR  PERFORM
HELCORR  COMPLETE

PHOTTAB  oref$a5e19538o_pht.fits
PHOTTAB  PEDIGREE=INFLIGHT 27/02/1997 16/03/2021
PHOTTAB  DESCRIP =May 2026 recalibration
APERTAB  oref$y2r1559to_apt.fits
APERTAB  PEDIGREE=MODEL
APERTAB  DESCRIP =Added/updated values for 31X0.05NDA,31X0.05NDB,31X0.05NDC apertures
APERTAB  DESCRIP =Bohlin/Hartig TIM Models Nov. 1998
PCTAB    oref$y2r16006o_pct.fits
PCTAB    PEDIGREE=INFLIGHT 18/05/1997 19/12/1998
PCTAB    DESCRIP =Added/updated values for 31X0.05NDA,31X0.05NDB,31X0.05NDC apertures
TDSTAB   oref$97a1546po_tds.fits
TDSTAB   PEDIGREE=INFLIGHT 01/04/1997 13/05/2025
TDSTAB   DESCRIP =Updated time sensitivities for MIRNUV and L, M, and H modes.
FLUXCORR PERFORM
FLUXCORR COMPLETE
SGEOCORR OMIT

         Row 1 written to disk.
Order 1  End 16:46:07 PDT

         trace was rotated by = -0.00469475 degree.
Imset 1  End 16:46:07 PDT

Warning    Keyword `XTRACALG' is being added to header.
End      15-Aug-2026 16:46:07 PDT

*** CALSTIS-6 complete ***
10 STIS science exposures for SN2016CCJ (0 dropped: texptime<5.0s)
X1D ocwq01010 G430L es 9 flags none
X1D ocwq01020 G230L es 11 flags none
X1D ocwq01030 G230L es 11 flags none
X1D ocwq02010 G430L es 9 flags none
X1D ocwq02020 G230L es 11 flags none
X1D ocwq02030 G230L es 11 flags none
X1D ocwq03010 G430L es 9 flags none
X1D ocwq03020 G230L es 11 flags none
X1D ocwq03030 G230L es 11 flags none
X1D ocwq03040 G230L es 11 flags none
BATCHDONE

/home/ishaang6/miniforge3/envs/surf_uv/lib/python3.12/site-packages/stsci/tools/nmpfit.py:8: UserWarning: NMPFIT is deprecated - stsci.tools v 3.5 is the last version to contain it.
  warnings.warn("NMPFIT is deprecated - stsci.tools v 3.5 is the last version to contain it.")
/home/ishaang6/miniforge3/envs/surf_uv/lib/python3.12/site-packages/stsci/tools/gfit.py:18: UserWarning: GFIT is deprecated - stsci.tools v 3.4.12 is the last version to contain it.Use astropy.modeling instead.
  warnings.warn("GFIT is deprecated - stsci.tools v 3.4.12 is the last version to contain it."

$ /home/ishaang6/miniforge3/envs/surf_uv/bin/python /mnt/c/Users/eluru/CALTECH_SURF_2026/WORK/scripts/build_products.py SN2016CCJ --outroot output5 --z 0.03 --early-skip-dir  --expl-mjd 57511.42
built products for SN2016CCJ: 3 epochs



===== SN2001EP  z=0.013  STIS=True COS=False =====
$ /home/ishaang6/miniforge3/envs/surf_uv/bin/python /mnt/c/Users/eluru/CALTECH_SURF_2026/WORK/scripts/download_all.py SN2001EP
CALTECH_SURF_2026/WORK/data/SN2001EP/mastDownload/HST/o6gl35030/o6gl35030_flt.fits with expected size 10535040. [astroquery.query]
INFO: Found cached file /mnt/c/Users/eluru/CALTECH_SURF_2026/WORK/data/SN2001EP/mastDownload/HST/o6gl35040/o6gl35040_wav.fits with expected size 4262400. [astroquery.query]
INFO: Found cached file /mnt/c/Users/eluru/CALTECH_SURF_2026/WORK/data/SN2001EP/mastDownload/HST/o6gl35040/o6gl35040_raw.fits with expected size 8429760. [astroquery.query]
INFO: Found cached file /mnt/c/Users/eluru/CALTECH_SURF_2026/WORK/data/SN2001EP/mastDownload/HST/o6gl35040/o6gl35040_flt.fits with expected size 10535040. [astroquery.query]
INFO: Found cached file /mnt/c/Users/eluru/CALTECH_SURF_2026/WORK/data/SN2001EP/mastDownload/HST/o6gl37010/o6gl37010_crj.fits with expected size 10537920. [astroquery.query]
INFO: Found cached file /mnt/c/Users/eluru/CALTECH_SURF_2026/WORK/data/SN2001EP/mastDownload/HST/o6gl37010/o6gl37010_wav.fits with expected size 2260800. [astroquery.query]
INFO: Found cached file /mnt/c/Users/eluru/CALTECH_SURF_2026/WORK/data/SN2001EP/mastDownload/HST/o6gl37010/o6gl37010_raw.fits with expected size 4501440. [astroquery.query]
INFO: Found cached file /mnt/c/Users/eluru/CALTECH_SURF_2026/WORK/data/SN2001EP/mastDownload/HST/o6gl37010/o6gl37010_flt.fits with expected size 21052800. [astroquery.query]
INFO: Found cached file /mnt/c/Users/eluru/CALTECH_SURF_2026/WORK/data/SN2001EP/mastDownload/HST/o6gl37020/o6gl37020_wav.fits with expected size 4262400. [astroquery.query]
INFO: Found cached file /mnt/c/Users/eluru/CALTECH_SURF_2026/WORK/data/SN2001EP/mastDownload/HST/o6gl37020/o6gl37020_raw.fits with expected size 8429760. [astroquery.query]
INFO: Found cached file /mnt/c/Users/eluru/CALTECH_SURF_2026/WORK/data/SN2001EP/mastDownload/HST/o6gl37020/o6gl37020_flt.fits with expected size 10535040. [astroquery.query]
INFO: Found cached file /mnt/c/Users/eluru/CALTECH_SURF_2026/WORK/data/SN2001EP/mastDownload/HST/o6gl37030/o6gl37030_wav.fits with expected size 2139840. [astroquery.query]
INFO: Found cached file /mnt/c/Users/eluru/CALTECH_SURF_2026/WORK/data/SN2001EP/mastDownload/HST/o6gl37030/o6gl37030_raw.fits with expected size 8429760. [astroquery.query]
INFO: Found cached file /mnt/c/Users/eluru/CALTECH_SURF_2026/WORK/data/SN2001EP/mastDownload/HST/o6gl37030/o6gl37030_flt.fits with expected size 10535040. [astroquery.query]
INFO: Found cached file /mnt/c/Users/eluru/CALTECH_SURF_2026/WORK/data/SN2001EP/mastDownload/HST/o6gl37040/o6gl37040_wav.fits with expected size 4262400. [astroquery.query]
INFO: Found cached file /mnt/c/Users/eluru/CALTECH_SURF_2026/WORK/data/SN2001EP/mastDownload/HST/o6gl37040/o6gl37040_raw.fits with expected size 8429760. [astroquery.query]
INFO: Found cached file /mnt/c/Users/eluru/CALTECH_SURF_2026/WORK/data/SN2001EP/mastDownload/HST/o6gl37040/o6gl37040_flt.fits with expected size 10535040. [astroquery.query]
INFO: Found cached file /mnt/c/Users/eluru/CALTECH_SURF_2026/WORK/data/SN2001EP/mastDownload/HST/o6gl38010/o6gl38010_wav.fits with expected size 4262400. [astroquery.query]
INFO: Found cached file /mnt/c/Users/eluru/CALTECH_SURF_2026/WORK/data/SN2001EP/mastDownload/HST/o6gl38010/o6gl38010_raw.fits with expected size 8429760. [astroquery.query]
INFO: Found cached file /mnt/c/Users/eluru/CALTECH_SURF_2026/WORK/data/SN2001EP/mastDownload/HST/o6gl38010/o6gl38010_flt.fits with expected size 10535040. [astroquery.query]
INFO: Found cached file /mnt/c/Users/eluru/CALTECH_SURF_2026/WORK/data/SN2001EP/mastDownload/HST/o6gl38020/o6gl38020_wav.fits with expected size 4262400. [astroquery.query]
INFO: Found cached file /mnt/c/Users/eluru/CALTECH_SURF_2026/WORK/data/SN2001EP/mastDownload/HST/o6gl38020/o6gl38020_raw.fits with expected size 8429760. [astroquery.query]
INFO: Found cached file /mnt/c/Users/eluru/CALTECH_SURF_2026/WORK/data/SN2001EP/mastDownload/HST/o6gl38020/o6gl38020_flt.fits with expected size 10535040. [astroquery.query]
SN2001EP: downloaded 32 products (10 obs)
DOWNLOADDONE


$ /home/ishaang6/miniforge3/envs/surf_uv/bin/python /mnt/c/Users/eluru/CALTECH_SURF_2026/WORK/scripts/reduce_stis_batch.py /mnt/c/Users/eluru/CALTECH_SURF_2026/WORK/data/SN2001EP SN2001EP --outroot output5 --z 0.013 --expl-mjd 52185.0
TAB  DESCRIP =Bohlin/Hartig TIM Models Nov. 1998
PCTAB    oref$y2r16006o_pct.fits
PCTAB    PEDIGREE=INFLIGHT 18/05/1997 19/12/1998
PCTAB    DESCRIP =Added/updated values for 31X0.05NDA,31X0.05NDB,31X0.05NDC apertures
TDSTAB   oref$q9s1550lo_tds.fits
TDSTAB   PEDIGREE=INFLIGHT 01/04/1996 08/04/2004
TDSTAB   DESCRIP =New sensitivities for  G230L, E230M, E230M, and E230H modes
FLUXCORR PERFORM
FLUXCORR COMPLETE
SGEOCORR OMIT

         Row 1 written to disk.
Order 1  End 16:46:32 PDT

         trace was rotated by = 0.00550258 degree.
Imset 1  End 16:46:32 PDT

Warning    Keyword `XTRACALG' is being added to header.
End      15-Aug-2026 16:46:32 PDT

*** CALSTIS-6 complete ***
git tag: 4ac2384-dirty
git branch: main
HEAD @: 4ac2384d4b81f58ea6aed6f2977aadc15beb6b0f

*** CALSTIS-6 -- Version 3.5.0 (02-Feb-2026) ***
Begin    15-Aug-2026 16:46:33 PDT

Warning    Grating-aperture throughput correction table (GACTAB) was not found,

         and no gac corrections will be applied
Input    /mnt/c/Users/eluru/CALTECH_SURF_2026/WORK/data/SN2001EP/mastDownload/HST/o6gl38020/o6gl38020_flt.fits
Output   output5/SN2001EP/STIS/MAMA/2001-11-03_day32/G230L/o6gl38020_x1d.fits
Rootname o6gl38020
OBSMODE  ACCUM
APERTURE 52X0.2
OPT_ELEM G230L
DETECTOR NUV-MAMA

XTRACTAB oref$l3m1437to_1dx.fits
XTRACTAB PEDIGREE=INFLIGHT 29/05/97
XTRACTAB DESCRIP =Analysis from prop. 7064 and ground data
XTRACTAB DESCRIP =Analysis from prop. 7064
SPTRCTAB oref$a5e19539o_1dt.fits
SPTRCTAB PEDIGREE=INFLIGHT 27/02/1997 06/01/2010
SPTRCTAB DESCRIP =New traces for select echelle secondary modes

Imset 1  Begin 16:46:33 PDT
         Input read into memory.
Order 1  Begin 16:46:34 PDT
X1DCORR  PERFORM
BACKCORR PERFORM
******** Calling Slfit ***********
BACKCORR COMPLETE
X1DCORR  COMPLETE
         Spectrum extracted at y position = 517.709

DISPCORR PERFORM
DISPTAB  oref$m7p16111o_dsp.fits
DISPTAB  PEDIGREE=INFLIGHT 23/01/1999 23/01/1999
DISPTAB  DESCRIP =Dispersion coefficients reference table
DISPTAB  DESCRIP =INFLIGHT Cal. Disp. Coeffs
APDESTAB oref$16j16005o_apd.fits
APDESTAB PEDIGREE=INFLIGHT 01/03/1997 13/06/2017
APDESTAB DESCRIP =Aligned long-slit bar positions for single-bar cases.--------------
APDESTAB DESCRIP =Microscope Meas./Hartig Post-launch Offsets
INANGTAB oref$l3m1437ro_iac.fits
INANGTAB DESCRIP =Prelaunch Calibration/Lindler and Models
DISPCORR COMPLETE

HELCORR  PERFORM
HELCORR  COMPLETE

PHOTTAB  oref$9511857ao_pht.fits
PHOTTAB  PEDIGREE=INFLIGHT 27/02/1997 16/03/2021
PHOTTAB  DESCRIP =Fullerton 2025 calibration
APERTAB  oref$y2r1559to_apt.fits
APERTAB  PEDIGREE=MODEL
APERTAB  DESCRIP =Added/updated values for 31X0.05NDA,31X0.05NDB,31X0.05NDC apertures
APERTAB  DESCRIP =Bohlin/Hartig TIM Models Nov. 1998
PCTAB    oref$y2r16006o_pct.fits
PCTAB    PEDIGREE=INFLIGHT 18/05/1997 19/12/1998
PCTAB    DESCRIP =Added/updated values for 31X0.05NDA,31X0.05NDB,31X0.05NDC apertures
TDSTAB   oref$q9s1550lo_tds.fits
TDSTAB   PEDIGREE=INFLIGHT 01/04/1996 08/04/2004
TDSTAB   DESCRIP =New sensitivities for  G230L, E230M, E230M, and E230H modes
FLUXCORR PERFORM
FLUXCORR COMPLETE
SGEOCORR OMIT

         Row 1 written to disk.
Order 1  End 16:46:35 PDT

         trace was rotated by = 0.00550247 degree.
Imset 1  End 16:46:35 PDT

Warning    Keyword `XTRACALG' is being added to header.
End      15-Aug-2026 16:46:35 PDT

*** CALSTIS-6 complete ***
10 STIS science exposures for SN2001EP (0 dropped: texptime<5.0s)
X1D o6gl35010 G430L es 17 flags none
X1D o6gl35020 G140L es 11 flags ['low_detect', 'center_mismatch(511vs469)']
X1D o6gl35030 G140L es 11 flags ['low_detect', 'center_mismatch(513vs454)']
X1D o6gl35040 G230L es 11 flags none
X1D o6gl37010 G430L es 17 flags none
X1D o6gl37020 G140L es 11 flags ['low_detect', 'center_mismatch(1019vs387)']
X1D o6gl37030 G140L es 11 flags ['low_detect', 'center_mismatch(513vs465)']
X1D o6gl37040 G140L es 11 flags ['low_detect', 'center_mismatch(607vs445)']
X1D o6gl38010 G230L es 11 flags none
X1D o6gl38020 G230L es 11 flags none
BATCHDONE

/home/ishaang6/miniforge3/envs/surf_uv/lib/python3.12/site-packages/stsci/tools/nmpfit.py:8: UserWarning: NMPFIT is deprecated - stsci.tools v 3.5 is the last version to contain it.
  warnings.warn("NMPFIT is deprecated - stsci.tools v 3.5 is the last version to contain it.")
/home/ishaang6/miniforge3/envs/surf_uv/lib/python3.12/site-packages/stsci/tools/gfit.py:18: UserWarning: GFIT is deprecated - stsci.tools v 3.4.12 is the last version to contain it.Use astropy.modeling instead.
  warnings.warn("GFIT is deprecated - stsci.tools v 3.4.12 is the last version to contain it."

$ /home/ishaang6/miniforge3/envs/surf_uv/bin/python /mnt/c/Users/eluru/CALTECH_SURF_2026/WORK/scripts/build_products.py SN2001EP --outroot output5 --z 0.013 --early-skip-dir  --expl-mjd 52185.0
built products for SN2001EP: 3 epochs



===== SNAT2018AGK  z=0.026128  STIS=True COS=False =====
$ /home/ishaang6/miniforge3/envs/surf_uv/bin/python /mnt/c/Users/eluru/CALTECH_SURF_2026/WORK/scripts/download_all.py SNAT2018AGK
060_raw.fits with expected size 4501440. [astroquery.query]
INFO: Found cached file /mnt/c/Users/eluru/CALTECH_SURF_2026/WORK/data/SNAT2018AGK/mastDownload/HST/odm350060/odm350060_flt.fits with expected size 21052800. [astroquery.query]
INFO: Found cached file /mnt/c/Users/eluru/CALTECH_SURF_2026/WORK/data/SNAT2018AGK/mastDownload/HST/odm351010/odm351010_wav.fits with expected size 4262400. [astroquery.query]
INFO: Found cached file /mnt/c/Users/eluru/CALTECH_SURF_2026/WORK/data/SNAT2018AGK/mastDownload/HST/odm351010/odm351010_raw.fits with expected size 8429760. [astroquery.query]
INFO: Found cached file /mnt/c/Users/eluru/CALTECH_SURF_2026/WORK/data/SNAT2018AGK/mastDownload/HST/odm351010/odm351010_flt.fits with expected size 10535040. [astroquery.query]
INFO: Found cached file /mnt/c/Users/eluru/CALTECH_SURF_2026/WORK/data/SNAT2018AGK/mastDownload/HST/odm351020/odm351020_wav.fits with expected size 4262400. [astroquery.query]
INFO: Found cached file /mnt/c/Users/eluru/CALTECH_SURF_2026/WORK/data/SNAT2018AGK/mastDownload/HST/odm351020/odm351020_raw.fits with expected size 8429760. [astroquery.query]
INFO: Found cached file /mnt/c/Users/eluru/CALTECH_SURF_2026/WORK/data/SNAT2018AGK/mastDownload/HST/odm351020/odm351020_flt.fits with expected size 10535040. [astroquery.query]
INFO: Found cached file /mnt/c/Users/eluru/CALTECH_SURF_2026/WORK/data/SNAT2018AGK/mastDownload/HST/odm351030/odm351030_wav.fits with expected size 4262400. [astroquery.query]
INFO: Found cached file /mnt/c/Users/eluru/CALTECH_SURF_2026/WORK/data/SNAT2018AGK/mastDownload/HST/odm351030/odm351030_raw.fits with expected size 8429760. [astroquery.query]
INFO: Found cached file /mnt/c/Users/eluru/CALTECH_SURF_2026/WORK/data/SNAT2018AGK/mastDownload/HST/odm351030/odm351030_flt.fits with expected size 10535040. [astroquery.query]
INFO: Found cached file /mnt/c/Users/eluru/CALTECH_SURF_2026/WORK/data/SNAT2018AGK/mastDownload/HST/odm351040/odm351040_crj.fits with expected size 10537920. [astroquery.query]
INFO: Found cached file /mnt/c/Users/eluru/CALTECH_SURF_2026/WORK/data/SNAT2018AGK/mastDownload/HST/odm351040/odm351040_wav.fits with expected size 2260800. [astroquery.query]
INFO: Found cached file /mnt/c/Users/eluru/CALTECH_SURF_2026/WORK/data/SNAT2018AGK/mastDownload/HST/odm351040/odm351040_raw.fits with expected size 4501440. [astroquery.query]
INFO: Found cached file /mnt/c/Users/eluru/CALTECH_SURF_2026/WORK/data/SNAT2018AGK/mastDownload/HST/odm351040/odm351040_flt.fits with expected size 21052800. [astroquery.query]
INFO: Found cached file /mnt/c/Users/eluru/CALTECH_SURF_2026/WORK/data/SNAT2018AGK/mastDownload/HST/odm351050/odm351050_crj.fits with expected size 10537920. [astroquery.query]
INFO: Found cached file /mnt/c/Users/eluru/CALTECH_SURF_2026/WORK/data/SNAT2018AGK/mastDownload/HST/odm351050/odm351050_wav.fits with expected size 2260800. [astroquery.query]
INFO: Found cached file /mnt/c/Users/eluru/CALTECH_SURF_2026/WORK/data/SNAT2018AGK/mastDownload/HST/odm351050/odm351050_raw.fits with expected size 4501440. [astroquery.query]
INFO: Found cached file /mnt/c/Users/eluru/CALTECH_SURF_2026/WORK/data/SNAT2018AGK/mastDownload/HST/odm351050/odm351050_flt.fits with expected size 21052800. [astroquery.query]
INFO: Found cached file /mnt/c/Users/eluru/CALTECH_SURF_2026/WORK/data/SNAT2018AGK/mastDownload/HST/odm351060/odm351060_crj.fits with expected size 10537920. [astroquery.query]
INFO: Found cached file /mnt/c/Users/eluru/CALTECH_SURF_2026/WORK/data/SNAT2018AGK/mastDownload/HST/odm351060/odm351060_wav.fits with expected size 2260800. [astroquery.query]
INFO: Found cached file /mnt/c/Users/eluru/CALTECH_SURF_2026/WORK/data/SNAT2018AGK/mastDownload/HST/odm351060/odm351060_raw.fits with expected size 4501440. [astroquery.query]
INFO: Found cached file /mnt/c/Users/eluru/CALTECH_SURF_2026/WORK/data/SNAT2018AGK/mastDownload/HST/odm351060/odm351060_flt.fits with expected size 21052800. [astroquery.query]
SNAT2018AGK: downloaded 40 products (12 obs)
DOWNLOADDONE


$ /home/ishaang6/miniforge3/envs/surf_uv/bin/python /mnt/c/Users/eluru/CALTECH_SURF_2026/WORK/scripts/reduce_stis_batch.py /mnt/c/Users/eluru/CALTECH_SURF_2026/WORK/data/SNAT2018AGK SNAT2018AGK --outroot output5 --z 0.026128 --expl-mjd 58187.796
RFORM
CTECORR  PERFORM
CCDTAB   oref$16j1600do_ccd.fits
CCDTAB   PEDIGREE=INFLIGHT 01/05/2009 01/05/2009
CCDTAB   DESCRIP =Updated amp=D gain=4 atodgain and corresponding readnoise values---
CCDTAB   DESCRIP =Proposal 8057, by I. Dashevsky & P. Goudfrooij
         GACTAB correction applied for G430L 52X0.2E1 4300
CTECORR  COMPLETE
FLUXCORR COMPLETE
SGEOCORR OMIT

         Row 1 written to disk.
Order 1  End 16:47:15 PDT

         trace was rotated by = 0.0589926 degree.
Imset 1  End 16:47:15 PDT

Warning    Keyword `XTRACALG' is being added to header.
End      15-Aug-2026 16:47:15 PDT

*** CALSTIS-6 complete ***
git tag: 4ac2384-dirty
git branch: main
HEAD @: 4ac2384d4b81f58ea6aed6f2977aadc15beb6b0f

*** CALSTIS-6 -- Version 3.5.0 (02-Feb-2026) ***
Begin    15-Aug-2026 16:47:15 PDT

INFO     'E1' has been appended to aperture
Input    /mnt/c/Users/eluru/CALTECH_SURF_2026/WORK/data/SNAT2018AGK/mastDownload/HST/odm351060/odm351060_crj.fits
Output   output5/SNAT2018AGK/STIS/CCD/2018-03-24_day14/G750L/odm351060_x1d.fits
Rootname odm351060
OBSMODE  ACCUM
APERTURE 52X0.2E1
OPT_ELEM G750L
DETECTOR CCD

XTRACTAB oref$n7p1031qo_1dx.fits
XTRACTAB PEDIGREE=INFLIGHT 18/05/97
XTRACTAB DESCRIP =Analysis from prop. 7094
XTRACTAB DESCRIP =Analysis from prop. 7094
SPTRCTAB oref$qa31608go_1dt.fits
SPTRCTAB PEDIGREE=INFLIGHT 02/09/1997 13/02/1998
SPTRCTAB DESCRIP =New traces to account for angle change with time

Imset 1  Begin 16:47:15 PDT
         Input read into memory.
Order 1  Begin 16:47:17 PDT
X1DCORR  PERFORM
BACKCORR PERFORM
******** Calling Slfit ***********
BACKCORR COMPLETE
X1DCORR  COMPLETE
         Spectrum extracted at y position = 904.158

DISPCORR PERFORM
DISPTAB  oref$l2j0137to_dsp.fits
DISPTAB  PEDIGREE=INFLIGHT 27/02/1997 24/11/1999
DISPTAB  DESCRIP =Lindler, May 2000
DISPTAB  DESCRIP =Lindler Postlaunch, May 2000
APDESTAB oref$16j16005o_apd.fits
APDESTAB PEDIGREE=INFLIGHT 01/03/1997 13/06/2017
APDESTAB DESCRIP =Aligned long-slit bar positions for single-bar cases.--------------
APDESTAB DESCRIP =Offset relative to row 900
INANGTAB oref$h5s11397o_iac.fits
INANGTAB DESCRIP =Model/C. Bowers May 6, 1997
DISPCORR COMPLETE

HELCORR  PERFORM
HELCORR  COMPLETE

PHOTTAB  oref$95118575o_pht.fits
PHOTTAB  PEDIGREE=INFLIGHT 27/02/1997 16/03/2021
PHOTTAB  DESCRIP =Fullerton 2025 calibration
APERTAB  oref$y2r1559to_apt.fits
APERTAB  PEDIGREE=MODEL
APERTAB  DESCRIP =Added/updated values for 31X0.05NDA,31X0.05NDB,31X0.05NDC apertures
APERTAB  DESCRIP =Bohlin/Hartig TIM Models Nov. 1998
GACTAB   oref$p9r19203o_gac.fits
GACTAB   PEDIGREE=INFLIGHT 22/04/2002 03/08/2004
GACTAB   DESCRIP =X1D flux corr for grating/aper combos
GACTAB   DESCRIP =Grating-Aperture Throughput Correction
PCTAB    oref$q541740po_pct.fits
PCTAB    PEDIGREE=INFLIGHT 18/05/1997 19/12/1998
PCTAB    DESCRIP =Sensitivity for diff. extractions heights
TDSTAB   oref$8712049eo_tds.fits
TDSTAB   PEDIGREE=INFLIGHT 01/04/1997 06/03/2024
TDSTAB   DESCRIP =Updated time sensitivities for MIRVIS, G230LB, and G230MB
FLUXCORR PERFORM
CTECORR  PERFORM
CCDTAB   oref$16j1600do_ccd.fits
CCDTAB   PEDIGREE=INFLIGHT 01/05/2009 01/05/2009
CCDTAB   DESCRIP =Updated amp=D gain=4 atodgain and corresponding readnoise values---
CCDTAB   DESCRIP =Proposal 8057, by I. Dashevsky & P. Goudfrooij
         GACTAB correction applied for G750L 52X0.2E1 7751
CTECORR  COMPLETE
FLUXCORR COMPLETE
SGEOCORR OMIT

         Row 1 written to disk.
Order 1  End 16:47:17 PDT

         trace was rotated by = 0.0763643 degree.
Imset 1  End 16:47:17 PDT

Warning    Keyword `XTRACALG' is being added to header.
End      15-Aug-2026 16:47:17 PDT

*** CALSTIS-6 complete ***
7 STIS science exposures for SNAT2018AGK (3 dropped: texptime<5.0s)
X1D odm350010 G230L es 11 flags none
X1D odm351010 G230L es 11 flags none
X1D odm351020 G230L es 11 flags none
X1D odm351030 G230L es 11 flags none
X1D odm351040 G430L es 11 flags none
X1D odm351050 G430L es 11 flags none
X1D odm351060 G750L es 15 flags ['no_defringe(no_flat)']
BATCHDONE

/home/ishaang6/miniforge3/envs/surf_uv/lib/python3.12/site-packages/stsci/tools/nmpfit.py:8: UserWarning: NMPFIT is deprecated - stsci.tools v 3.5 is the last version to contain it.
  warnings.warn("NMPFIT is deprecated - stsci.tools v 3.5 is the last version to contain it.")
/home/ishaang6/miniforge3/envs/surf_uv/lib/python3.12/site-packages/stsci/tools/gfit.py:18: UserWarning: GFIT is deprecated - stsci.tools v 3.4.12 is the last version to contain it.Use astropy.modeling instead.
  warnings.warn("GFIT is deprecated - stsci.tools v 3.4.12 is the last version to contain it."

$ /home/ishaang6/miniforge3/envs/surf_uv/bin/python /mnt/c/Users/eluru/CALTECH_SURF_2026/WORK/scripts/build_products.py SNAT2018AGK --outroot output5 --z 0.026128 --early-skip-dir  --expl-mjd 58187.796
built products for SNAT2018AGK: 2 epochs



===== SN2013DH  z=0.013  STIS=True COS=False =====
$ /home/ishaang6/miniforge3/envs/surf_uv/bin/python /mnt/c/Users/eluru/CALTECH_SURF_2026/WORK/scripts/download_all.py SN2013DH
CALTECH_SURF_2026/WORK/data/SN2013DH/mastDownload/HST/oc0102020/oc0102020_wav.fits with expected size 4262400. [astroquery.query]
INFO: Found cached file /mnt/c/Users/eluru/CALTECH_SURF_2026/WORK/data/SN2013DH/mastDownload/HST/oc0102020/oc0102020_raw.fits with expected size 8429760. [astroquery.query]
INFO: Found cached file /mnt/c/Users/eluru/CALTECH_SURF_2026/WORK/data/SN2013DH/mastDownload/HST/oc0102020/oc0102020_flt.fits with expected size 10535040. [astroquery.query]
INFO: Found cached file /mnt/c/Users/eluru/CALTECH_SURF_2026/WORK/data/SN2013DH/mastDownload/HST/oc0102030/oc0102030_wav.fits with expected size 4262400. [astroquery.query]
INFO: Found cached file /mnt/c/Users/eluru/CALTECH_SURF_2026/WORK/data/SN2013DH/mastDownload/HST/oc0102030/oc0102030_raw.fits with expected size 8429760. [astroquery.query]
INFO: Found cached file /mnt/c/Users/eluru/CALTECH_SURF_2026/WORK/data/SN2013DH/mastDownload/HST/oc0102030/oc0102030_flt.fits with expected size 10535040. [astroquery.query]
INFO: Found cached file /mnt/c/Users/eluru/CALTECH_SURF_2026/WORK/data/SN2013DH/mastDownload/HST/oc0102040/oc0102040_wav.fits with expected size 2139840. [astroquery.query]
INFO: Found cached file /mnt/c/Users/eluru/CALTECH_SURF_2026/WORK/data/SN2013DH/mastDownload/HST/oc0102040/oc0102040_raw.fits with expected size 8429760. [astroquery.query]
INFO: Found cached file /mnt/c/Users/eluru/CALTECH_SURF_2026/WORK/data/SN2013DH/mastDownload/HST/oc0102040/oc0102040_flt.fits with expected size 10535040. [astroquery.query]
INFO: Found cached file /mnt/c/Users/eluru/CALTECH_SURF_2026/WORK/data/SN2013DH/mastDownload/HST/oc0102050/oc0102050_crj.fits with expected size 10537920. [astroquery.query]
INFO: Found cached file /mnt/c/Users/eluru/CALTECH_SURF_2026/WORK/data/SN2013DH/mastDownload/HST/oc0102050/oc0102050_wav.fits with expected size 2260800. [astroquery.query]
INFO: Found cached file /mnt/c/Users/eluru/CALTECH_SURF_2026/WORK/data/SN2013DH/mastDownload/HST/oc0102050/oc0102050_raw.fits with expected size 4501440. [astroquery.query]
INFO: Found cached file /mnt/c/Users/eluru/CALTECH_SURF_2026/WORK/data/SN2013DH/mastDownload/HST/oc0102050/oc0102050_flt.fits with expected size 21052800. [astroquery.query]
INFO: Found cached file /mnt/c/Users/eluru/CALTECH_SURF_2026/WORK/data/SN2013DH/mastDownload/HST/oc0102060/oc0102060_crj.fits with expected size 10537920. [astroquery.query]
INFO: Found cached file /mnt/c/Users/eluru/CALTECH_SURF_2026/WORK/data/SN2013DH/mastDownload/HST/oc0102060/oc0102060_wav.fits with expected size 2260800. [astroquery.query]
INFO: Found cached file /mnt/c/Users/eluru/CALTECH_SURF_2026/WORK/data/SN2013DH/mastDownload/HST/oc0102060/oc0102060_raw.fits with expected size 4501440. [astroquery.query]
INFO: Found cached file /mnt/c/Users/eluru/CALTECH_SURF_2026/WORK/data/SN2013DH/mastDownload/HST/oc0102060/oc0102060_flt.fits with expected size 21052800. [astroquery.query]
INFO: Found cached file /mnt/c/Users/eluru/CALTECH_SURF_2026/WORK/data/SN2013DH/mastDownload/HST/oc0161010/oc0161010_wav.fits with expected size 4262400. [astroquery.query]
INFO: Found cached file /mnt/c/Users/eluru/CALTECH_SURF_2026/WORK/data/SN2013DH/mastDownload/HST/oc0161010/oc0161010_raw.fits with expected size 8429760. [astroquery.query]
INFO: Found cached file /mnt/c/Users/eluru/CALTECH_SURF_2026/WORK/data/SN2013DH/mastDownload/HST/oc0161010/oc0161010_flt.fits with expected size 10535040. [astroquery.query]
INFO: Found cached file /mnt/c/Users/eluru/CALTECH_SURF_2026/WORK/data/SN2013DH/mastDownload/HST/oc0161020/oc0161020_wav.fits with expected size 4262400. [astroquery.query]
INFO: Found cached file /mnt/c/Users/eluru/CALTECH_SURF_2026/WORK/data/SN2013DH/mastDownload/HST/oc0161020/oc0161020_raw.fits with expected size 8429760. [astroquery.query]
INFO: Found cached file /mnt/c/Users/eluru/CALTECH_SURF_2026/WORK/data/SN2013DH/mastDownload/HST/oc0161020/oc0161020_flt.fits with expected size 10535040. [astroquery.query]
SN2013DH: downloaded 38 products (12 obs)
DOWNLOADDONE


$ /home/ishaang6/miniforge3/envs/surf_uv/bin/python /mnt/c/Users/eluru/CALTECH_SURF_2026/WORK/scripts/reduce_stis_batch.py /mnt/c/Users/eluru/CALTECH_SURF_2026/WORK/data/SN2013DH SN2013DH --outroot output5 --z 0.013 --expl-mjd 56455.0
/03/2021
PHOTTAB  DESCRIP =May 2026 recalibration
APERTAB  oref$y2r1559to_apt.fits
APERTAB  PEDIGREE=MODEL
APERTAB  DESCRIP =Added/updated values for 31X0.05NDA,31X0.05NDB,31X0.05NDC apertures
APERTAB  DESCRIP =Bohlin/Hartig TIM Models Nov. 1998
PCTAB    oref$y2r16006o_pct.fits
PCTAB    PEDIGREE=INFLIGHT 18/05/1997 19/12/1998
PCTAB    DESCRIP =Added/updated values for 31X0.05NDA,31X0.05NDB,31X0.05NDC apertures
TDSTAB   oref$97a1546po_tds.fits
TDSTAB   PEDIGREE=INFLIGHT 01/04/1997 13/05/2025
TDSTAB   DESCRIP =Updated time sensitivities for MIRNUV and L, M, and H modes.
FLUXCORR PERFORM
FLUXCORR COMPLETE
SGEOCORR OMIT

         Row 1 written to disk.
Order 1  End 16:47:16 PDT

         trace was rotated by = -0.00264733 degree.
Imset 1  End 16:47:16 PDT

Warning    Keyword `XTRACALG' is being added to header.
End      15-Aug-2026 16:47:16 PDT

*** CALSTIS-6 complete ***
git tag: 4ac2384-dirty
git branch: main
HEAD @: 4ac2384d4b81f58ea6aed6f2977aadc15beb6b0f

*** CALSTIS-6 -- Version 3.5.0 (02-Feb-2026) ***
Begin    15-Aug-2026 16:47:17 PDT

Warning    Grating-aperture throughput correction table (GACTAB) was not found,

         and no gac corrections will be applied
Input    /mnt/c/Users/eluru/CALTECH_SURF_2026/WORK/data/SN2013DH/mastDownload/HST/oc0161020/oc0161020_flt.fits
Output   output5/SN2013DH/STIS/MAMA/2013-06-26_day14/G230L/oc0161020_x1d.fits
Rootname oc0161020
OBSMODE  ACCUM
APERTURE 52X0.2
OPT_ELEM G230L
DETECTOR NUV-MAMA

XTRACTAB oref$a5e1953co_1dx.fits
XTRACTAB PEDIGREE=INFLIGHT 29/05/1997 29/05/1997
XTRACTAB DESCRIP =Analysis from prop. 7064 and ground data
XTRACTAB DESCRIP =Analysis from prop. 7064
SPTRCTAB oref$a5e19539o_1dt.fits
SPTRCTAB PEDIGREE=INFLIGHT 27/02/1997 06/01/2010
SPTRCTAB DESCRIP =New traces for select echelle secondary modes

Imset 1  Begin 16:47:17 PDT
         Input read into memory.
Order 1  Begin 16:47:18 PDT
X1DCORR  PERFORM
BACKCORR PERFORM
******** Calling Slfit ***********
BACKCORR COMPLETE
X1DCORR  COMPLETE
         Spectrum extracted at y position = 535.57

DISPCORR PERFORM
DISPTAB  oref$m7p16111o_dsp.fits
DISPTAB  PEDIGREE=INFLIGHT 23/01/1999 23/01/1999
DISPTAB  DESCRIP =Dispersion coefficients reference table
DISPTAB  DESCRIP =INFLIGHT Cal. Disp. Coeffs
APDESTAB oref$16j16005o_apd.fits
APDESTAB PEDIGREE=INFLIGHT 01/03/1997 13/06/2017
APDESTAB DESCRIP =Aligned long-slit bar positions for single-bar cases.--------------
APDESTAB DESCRIP =Microscope Meas./Hartig Post-launch Offsets
INANGTAB oref$l3m1437ro_iac.fits
INANGTAB DESCRIP =Prelaunch Calibration/Lindler and Models
DISPCORR COMPLETE

HELCORR  PERFORM
HELCORR  COMPLETE

PHOTTAB  oref$a5e19538o_pht.fits
PHOTTAB  PEDIGREE=INFLIGHT 27/02/1997 16/03/2021
PHOTTAB  DESCRIP =May 2026 recalibration
APERTAB  oref$y2r1559to_apt.fits
APERTAB  PEDIGREE=MODEL
APERTAB  DESCRIP =Added/updated values for 31X0.05NDA,31X0.05NDB,31X0.05NDC apertures
APERTAB  DESCRIP =Bohlin/Hartig TIM Models Nov. 1998
PCTAB    oref$y2r16006o_pct.fits
PCTAB    PEDIGREE=INFLIGHT 18/05/1997 19/12/1998
PCTAB    DESCRIP =Added/updated values for 31X0.05NDA,31X0.05NDB,31X0.05NDC apertures
TDSTAB   oref$97a1546po_tds.fits
TDSTAB   PEDIGREE=INFLIGHT 01/04/1997 13/05/2025
TDSTAB   DESCRIP =Updated time sensitivities for MIRNUV and L, M, and H modes.
FLUXCORR PERFORM
FLUXCORR COMPLETE
SGEOCORR OMIT

         Row 1 written to disk.
Order 1  End 16:47:19 PDT

         trace was rotated by = -0.00264744 degree.
Imset 1  End 16:47:19 PDT

Warning    Keyword `XTRACALG' is being added to header.
End      15-Aug-2026 16:47:19 PDT

*** CALSTIS-6 complete ***
8 STIS science exposures for SN2013DH (2 dropped: texptime<5.0s)
X1D oc0102010 G230L es 11 flags none
X1D oc0102020 G230L es 11 flags none
X1D oc0102030 G230L es 11 flags none
X1D oc0102040 G230L es 11 flags ['center_mismatch(535vs530)']
X1D oc0102050 G430L es 17 flags none
X1D oc0102060 G750L es 15 flags ['extended_host', 'no_defringe(no_flat)']
X1D oc0161010 G230L es 11 flags none
X1D oc0161020 G230L es 11 flags none
BATCHDONE

/home/ishaang6/miniforge3/envs/surf_uv/lib/python3.12/site-packages/stsci/tools/nmpfit.py:8: UserWarning: NMPFIT is deprecated - stsci.tools v 3.5 is the last version to contain it.
  warnings.warn("NMPFIT is deprecated - stsci.tools v 3.5 is the last version to contain it.")
/home/ishaang6/miniforge3/envs/surf_uv/lib/python3.12/site-packages/stsci/tools/gfit.py:18: UserWarning: GFIT is deprecated - stsci.tools v 3.4.12 is the last version to contain it.Use astropy.modeling instead.
  warnings.warn("GFIT is deprecated - stsci.tools v 3.4.12 is the last version to contain it."

$ /home/ishaang6/miniforge3/envs/surf_uv/bin/python /mnt/c/Users/eluru/CALTECH_SURF_2026/WORK/scripts/build_products.py SN2013DH --outroot output5 --z 0.013 --early-skip-dir  --expl-mjd 56455.0
built products for SN2013DH: 2 epochs



===== AT2022ACKO  z=0.0053  STIS=True COS=False =====
$ /home/ishaang6/miniforge3/envs/surf_uv/bin/python /mnt/c/Users/eluru/CALTECH_SURF_2026/WORK/scripts/download_all.py AT2022ACKO
nload/HST/oezi02020/oezi02020_wav.fits with expected size 4262400. [astroquery.query]
INFO: Found cached file /mnt/c/Users/eluru/CALTECH_SURF_2026/WORK/data/AT2022ACKO/mastDownload/HST/oezi02020/oezi02020_raw.fits with expected size 8429760. [astroquery.query]
INFO: Found cached file /mnt/c/Users/eluru/CALTECH_SURF_2026/WORK/data/AT2022ACKO/mastDownload/HST/oezi03010/oezi03010_wav.fits with expected size 2139840. [astroquery.query]
INFO: Found cached file /mnt/c/Users/eluru/CALTECH_SURF_2026/WORK/data/AT2022ACKO/mastDownload/HST/oezi03010/oezi03010_raw.fits with expected size 8429760. [astroquery.query]
INFO: Found cached file /mnt/c/Users/eluru/CALTECH_SURF_2026/WORK/data/AT2022ACKO/mastDownload/HST/oezi03010/oezi03010_flt.fits with expected size 10535040. [astroquery.query]
INFO: Found cached file /mnt/c/Users/eluru/CALTECH_SURF_2026/WORK/data/AT2022ACKO/mastDownload/HST/oezi03020/oezi03020_wav.fits with expected size 2139840. [astroquery.query]
INFO: Found cached file /mnt/c/Users/eluru/CALTECH_SURF_2026/WORK/data/AT2022ACKO/mastDownload/HST/oezi03020/oezi03020_raw.fits with expected size 8429760. [astroquery.query]
INFO: Found cached file /mnt/c/Users/eluru/CALTECH_SURF_2026/WORK/data/AT2022ACKO/mastDownload/HST/oezi03020/oezi03020_flt.fits with expected size 10535040. [astroquery.query]
INFO: Found cached file /mnt/c/Users/eluru/CALTECH_SURF_2026/WORK/data/AT2022ACKO/mastDownload/HST/oezi04020/oezi04020_wav.fits with expected size 4262400. [astroquery.query]
INFO: Found cached file /mnt/c/Users/eluru/CALTECH_SURF_2026/WORK/data/AT2022ACKO/mastDownload/HST/oezi04020/oezi04020_raw.fits with expected size 8429760. [astroquery.query]
INFO: Found cached file /mnt/c/Users/eluru/CALTECH_SURF_2026/WORK/data/AT2022ACKO/mastDownload/HST/oezi04020/oezi04020_flt.fits with expected size 10535040. [astroquery.query]
INFO: Found cached file /mnt/c/Users/eluru/CALTECH_SURF_2026/WORK/data/AT2022ACKO/mastDownload/HST/oezi04010/oezi04010_wav.fits with expected size 4262400. [astroquery.query]
INFO: Found cached file /mnt/c/Users/eluru/CALTECH_SURF_2026/WORK/data/AT2022ACKO/mastDownload/HST/oezi04010/oezi04010_raw.fits with expected size 8429760. [astroquery.query]
INFO: Found cached file /mnt/c/Users/eluru/CALTECH_SURF_2026/WORK/data/AT2022ACKO/mastDownload/HST/oezi04010/oezi04010_flt.fits with expected size 10535040. [astroquery.query]
INFO: Found cached file /mnt/c/Users/eluru/CALTECH_SURF_2026/WORK/data/AT2022ACKO/mastDownload/HST/oezi04030/oezi04030_wav.fits with expected size 2139840. [astroquery.query]
INFO: Found cached file /mnt/c/Users/eluru/CALTECH_SURF_2026/WORK/data/AT2022ACKO/mastDownload/HST/oezi04030/oezi04030_raw.fits with expected size 8429760. [astroquery.query]
INFO: Found cached file /mnt/c/Users/eluru/CALTECH_SURF_2026/WORK/data/AT2022ACKO/mastDownload/HST/oezi04030/oezi04030_flt.fits with expected size 10535040. [astroquery.query]
INFO: Found cached file /mnt/c/Users/eluru/CALTECH_SURF_2026/WORK/data/AT2022ACKO/mastDownload/HST/oezi04040/oezi04040_wav.fits with expected size 2139840. [astroquery.query]
INFO: Found cached file /mnt/c/Users/eluru/CALTECH_SURF_2026/WORK/data/AT2022ACKO/mastDownload/HST/oezi04040/oezi04040_raw.fits with expected size 8429760. [astroquery.query]
INFO: Found cached file /mnt/c/Users/eluru/CALTECH_SURF_2026/WORK/data/AT2022ACKO/mastDownload/HST/oezi04040/oezi04040_flt.fits with expected size 10535040. [astroquery.query]
INFO: Found cached file /mnt/c/Users/eluru/CALTECH_SURF_2026/WORK/data/AT2022ACKO/mastDownload/HST/oezi13010/oezi13010_wav.fits with expected size 2139840. [astroquery.query]
INFO: Found cached file /mnt/c/Users/eluru/CALTECH_SURF_2026/WORK/data/AT2022ACKO/mastDownload/HST/oezi13010/oezi13010_raw.fits with expected size 8429760. [astroquery.query]
INFO: Found cached file /mnt/c/Users/eluru/CALTECH_SURF_2026/WORK/data/AT2022ACKO/mastDownload/HST/oezi13010/oezi13010_flt.fits with expected size 10535040. [astroquery.query]
AT2022ACKO: downloaded 37 products (13 obs)
DOWNLOADDONE


$ /home/ishaang6/miniforge3/envs/surf_uv/bin/python /mnt/c/Users/eluru/CALTECH_SURF_2026/WORK/scripts/reduce_stis_batch.py /mnt/c/Users/eluru/CALTECH_SURF_2026/WORK/data/AT2022ACKO AT2022ACKO --outroot output5 --z 0.0053 --expl-mjd 59919.162
AB  DESCRIP =Bohlin/Hartig TIM Models Nov. 1998
PCTAB    oref$y2r16006o_pct.fits
PCTAB    PEDIGREE=INFLIGHT 18/05/1997 19/12/1998
PCTAB    DESCRIP =Added/updated values for 31X0.05NDA,31X0.05NDB,31X0.05NDC apertures
TDSTAB   oref$97a1546po_tds.fits
TDSTAB   PEDIGREE=INFLIGHT 01/04/1997 13/05/2025
TDSTAB   DESCRIP =Updated time sensitivities for MIRNUV and L, M, and H modes.
FLUXCORR PERFORM
FLUXCORR COMPLETE
SGEOCORR OMIT

         Row 1 written to disk.
Order 1  End 16:47:51 PDT

         trace was rotated by = -0.00929347 degree.
Imset 1  End 16:47:51 PDT

Warning    Keyword `XTRACALG' is being added to header.
End      15-Aug-2026 16:47:51 PDT

*** CALSTIS-6 complete ***
git tag: 4ac2384-dirty
git branch: main
HEAD @: 4ac2384d4b81f58ea6aed6f2977aadc15beb6b0f

*** CALSTIS-6 -- Version 3.5.0 (02-Feb-2026) ***
Begin    15-Aug-2026 16:47:52 PDT

Warning    Grating-aperture throughput correction table (GACTAB) was not found,

         and no gac corrections will be applied
Input    /mnt/c/Users/eluru/CALTECH_SURF_2026/WORK/data/AT2022ACKO/mastDownload/HST/oezi13010/oezi13010_flt.fits
Output   output5/AT2022ACKO/STIS/MAMA/2022-12-25_day20/G230L/oezi13010_x1d.fits
Rootname oezi13010
OBSMODE  ACCUM
APERTURE 52X0.2
OPT_ELEM G230L
DETECTOR NUV-MAMA

XTRACTAB oref$a5e1953co_1dx.fits
XTRACTAB PEDIGREE=INFLIGHT 29/05/1997 29/05/1997
XTRACTAB DESCRIP =Analysis from prop. 7064 and ground data
XTRACTAB DESCRIP =Analysis from prop. 7064
SPTRCTAB oref$a5e19539o_1dt.fits
SPTRCTAB PEDIGREE=INFLIGHT 27/02/1997 06/01/2010
SPTRCTAB DESCRIP =New traces for select echelle secondary modes

Imset 1  Begin 16:47:52 PDT
         Input read into memory.
Order 1  Begin 16:47:53 PDT
X1DCORR  PERFORM
BACKCORR PERFORM
******** Calling Slfit ***********
BACKCORR COMPLETE
X1DCORR  COMPLETE
         Spectrum extracted at y position = 512.82

DISPCORR PERFORM
DISPTAB  oref$m7p16111o_dsp.fits
DISPTAB  PEDIGREE=INFLIGHT 23/01/1999 23/01/1999
DISPTAB  DESCRIP =Dispersion coefficients reference table
DISPTAB  DESCRIP =INFLIGHT Cal. Disp. Coeffs
APDESTAB oref$16j16005o_apd.fits
APDESTAB PEDIGREE=INFLIGHT 01/03/1997 13/06/2017
APDESTAB DESCRIP =Aligned long-slit bar positions for single-bar cases.--------------
APDESTAB DESCRIP =Microscope Meas./Hartig Post-launch Offsets
INANGTAB oref$l3m1437ro_iac.fits
INANGTAB DESCRIP =Prelaunch Calibration/Lindler and Models
DISPCORR COMPLETE

HELCORR  PERFORM
HELCORR  COMPLETE

PHOTTAB  oref$a5e1953do_pht.fits
PHOTTAB  PEDIGREE=INFLIGHT 27/02/1997 16/03/2021
PHOTTAB  DESCRIP =May 2026 recalibration
APERTAB  oref$y2r1559to_apt.fits
APERTAB  PEDIGREE=MODEL
APERTAB  DESCRIP =Added/updated values for 31X0.05NDA,31X0.05NDB,31X0.05NDC apertures
APERTAB  DESCRIP =Bohlin/Hartig TIM Models Nov. 1998
PCTAB    oref$y2r16006o_pct.fits
PCTAB    PEDIGREE=INFLIGHT 18/05/1997 19/12/1998
PCTAB    DESCRIP =Added/updated values for 31X0.05NDA,31X0.05NDB,31X0.05NDC apertures
TDSTAB   oref$97a1546po_tds.fits
TDSTAB   PEDIGREE=INFLIGHT 01/04/1997 13/05/2025
TDSTAB   DESCRIP =Updated time sensitivities for MIRNUV and L, M, and H modes.
FLUXCORR PERFORM
FLUXCORR COMPLETE
SGEOCORR OMIT

         Row 1 written to disk.
Order 1  End 16:47:53 PDT

         trace was rotated by = -0.00929673 degree.
Imset 1  End 16:47:53 PDT

Warning    Keyword `XTRACALG' is being added to header.
End      15-Aug-2026 16:47:53 PDT

*** CALSTIS-6 complete ***
11 STIS science exposures for AT2022ACKO (0 dropped: texptime<5.0s)
X1D oezi01010 G140L es 11 flags none
X1D oezi01020 G140L es 11 flags none
X1D oezi01030 G230L es 11 flags none
X1D oezi02010 G140L es 11 flags none
X1D oezi03010 G140L es 11 flags none
X1D oezi03020 G230L es 11 flags none
X1D oezi04010 G140L es 11 flags ['low_detect', 'center_mismatch(499vs422)']
X1D oezi04020 G140L es 11 flags ['low_detect', 'center_mismatch(499vs439)']
X1D oezi04030 G140L es 11 flags ['low_detect', 'center_mismatch(499vs438)']
X1D oezi04040 G230L es 11 flags ['center_mismatch(514vs502)']
X1D oezi13010 G230L es 11 flags none
BATCHDONE

/home/ishaang6/miniforge3/envs/surf_uv/lib/python3.12/site-packages/stsci/tools/nmpfit.py:8: UserWarning: NMPFIT is deprecated - stsci.tools v 3.5 is the last version to contain it.
  warnings.warn("NMPFIT is deprecated - stsci.tools v 3.5 is the last version to contain it.")
/home/ishaang6/miniforge3/envs/surf_uv/lib/python3.12/site-packages/stsci/tools/gfit.py:18: UserWarning: GFIT is deprecated - stsci.tools v 3.4.12 is the last version to contain it.Use astropy.modeling instead.
  warnings.warn("GFIT is deprecated - stsci.tools v 3.4.12 is the last version to contain it."

$ /home/ishaang6/miniforge3/envs/surf_uv/bin/python /mnt/c/Users/eluru/CALTECH_SURF_2026/WORK/scripts/build_products.py AT2022ACKO --outroot output5 --z 0.0053 --early-skip-dir  --expl-mjd 59919.162
built products for AT2022ACKO: 5 epochs



===== SN2010AL  z=0.017  STIS=True COS=True =====
$ /home/ishaang6/miniforge3/envs/surf_uv/bin/python /mnt/c/Users/eluru/CALTECH_SURF_2026/WORK/scripts/download_all.py SN2010AL
LTECH_SURF_2026/WORK/data/SN2010AL/mastDownload/HST/ob7s03020/ob7s03020_wav.fits with expected size 4501440. [astroquery.query]
INFO: Found cached file /mnt/c/Users/eluru/CALTECH_SURF_2026/WORK/data/SN2010AL/mastDownload/HST/ob7s03020/ob7s03020_raw.fits with expected size 4501440. [astroquery.query]
INFO: Found cached file /mnt/c/Users/eluru/CALTECH_SURF_2026/WORK/data/SN2010AL/mastDownload/HST/ob7s03020/ob7s03020_flt.fits with expected size 21052800. [astroquery.query]
INFO: Found cached file /mnt/c/Users/eluru/CALTECH_SURF_2026/WORK/data/SN2010AL/mastDownload/HST/ob7s03030/ob7s03030_crj.fits with expected size 10537920. [astroquery.query]
INFO: Found cached file /mnt/c/Users/eluru/CALTECH_SURF_2026/WORK/data/SN2010AL/mastDownload/HST/ob7s03030/ob7s03030_wav.fits with expected size 4501440. [astroquery.query]
INFO: Found cached file /mnt/c/Users/eluru/CALTECH_SURF_2026/WORK/data/SN2010AL/mastDownload/HST/ob7s03030/ob7s03030_raw.fits with expected size 4501440. [astroquery.query]
INFO: Found cached file /mnt/c/Users/eluru/CALTECH_SURF_2026/WORK/data/SN2010AL/mastDownload/HST/ob7s03030/ob7s03030_flt.fits with expected size 21052800. [astroquery.query]
INFO: Found cached file /mnt/c/Users/eluru/CALTECH_SURF_2026/WORK/data/SN2010AL/mastDownload/HST/ob7s03040/ob7s03040_crj.fits with expected size 10537920. [astroquery.query]
INFO: Found cached file /mnt/c/Users/eluru/CALTECH_SURF_2026/WORK/data/SN2010AL/mastDownload/HST/ob7s03040/ob7s03040_wav.fits with expected size 2260800. [astroquery.query]
INFO: Found cached file /mnt/c/Users/eluru/CALTECH_SURF_2026/WORK/data/SN2010AL/mastDownload/HST/ob7s03040/ob7s03040_raw.fits with expected size 4501440. [astroquery.query]
INFO: Found cached file /mnt/c/Users/eluru/CALTECH_SURF_2026/WORK/data/SN2010AL/mastDownload/HST/ob7s03040/ob7s03040_flt.fits with expected size 21052800. [astroquery.query]
INFO: Found cached file /mnt/c/Users/eluru/CALTECH_SURF_2026/WORK/data/SN2010AL/mastDownload/HST/ob7s03050/ob7s03050_crj.fits with expected size 10537920. [astroquery.query]
INFO: Found cached file /mnt/c/Users/eluru/CALTECH_SURF_2026/WORK/data/SN2010AL/mastDownload/HST/ob7s03050/ob7s03050_wav.fits with expected size 2260800. [astroquery.query]
INFO: Found cached file /mnt/c/Users/eluru/CALTECH_SURF_2026/WORK/data/SN2010AL/mastDownload/HST/ob7s03050/ob7s03050_raw.fits with expected size 4501440. [astroquery.query]
INFO: Found cached file /mnt/c/Users/eluru/CALTECH_SURF_2026/WORK/data/SN2010AL/mastDownload/HST/ob7s03050/ob7s03050_flt.fits with expected size 21052800. [astroquery.query]
INFO: Found cached file /mnt/c/Users/eluru/CALTECH_SURF_2026/WORK/data/SN2010AL/mastDownload/HST/ob7s03060/ob7s03060_crj.fits with expected size 10537920. [astroquery.query]
INFO: Found cached file /mnt/c/Users/eluru/CALTECH_SURF_2026/WORK/data/SN2010AL/mastDownload/HST/ob7s03060/ob7s03060_wav.fits with expected size 2260800. [astroquery.query]
INFO: Found cached file /mnt/c/Users/eluru/CALTECH_SURF_2026/WORK/data/SN2010AL/mastDownload/HST/ob7s03060/ob7s03060_raw.fits with expected size 4501440. [astroquery.query]
INFO: Found cached file /mnt/c/Users/eluru/CALTECH_SURF_2026/WORK/data/SN2010AL/mastDownload/HST/ob7s03060/ob7s03060_flt.fits with expected size 21052800. [astroquery.query]
INFO: Found cached file /mnt/c/Users/eluru/CALTECH_SURF_2026/WORK/data/SN2010AL/mastDownload/HST/ob7s03070/ob7s03070_crj.fits with expected size 10537920. [astroquery.query]
INFO: Found cached file /mnt/c/Users/eluru/CALTECH_SURF_2026/WORK/data/SN2010AL/mastDownload/HST/ob7s03070/ob7s03070_wav.fits with expected size 2260800. [astroquery.query]
INFO: Found cached file /mnt/c/Users/eluru/CALTECH_SURF_2026/WORK/data/SN2010AL/mastDownload/HST/ob7s03070/ob7s03070_raw.fits with expected size 4501440. [astroquery.query]
INFO: Found cached file /mnt/c/Users/eluru/CALTECH_SURF_2026/WORK/data/SN2010AL/mastDownload/HST/ob7s03070/ob7s03070_flt.fits with expected size 21052800. [astroquery.query]
SN2010AL: downloaded 51 products (13 obs)
DOWNLOADDONE


$ /home/ishaang6/miniforge3/envs/surf_uv/bin/python /mnt/c/Users/eluru/CALTECH_SURF_2026/WORK/scripts/reduce_stis_batch.py /mnt/c/Users/eluru/CALTECH_SURF_2026/WORK/data/SN2010AL SN2010AL --outroot output5 --z 0.017 --expl-mjd 55268.0
:15 PDT

End      15-Aug-2026 16:49:15 PDT

*** CALSTIS-6 complete ***
git tag: 4ac2384-dirty
git branch: main
HEAD @: 4ac2384d4b81f58ea6aed6f2977aadc15beb6b0f

*** CALSTIS-6 -- Version 3.5.0 (02-Feb-2026) ***
Begin    15-Aug-2026 16:49:15 PDT

Input    /mnt/c/Users/eluru/CALTECH_SURF_2026/WORK/data/SN2010AL/mastDownload/HST/ob7s03070/ob7s03070_crj.fits
Output   output5/SN2010AL/STIS/CCD/2010-05-10_day58/G750L/ob7s03070_x1d.fits
Rootname ob7s03070
OBSMODE  ACCUM
APERTURE 52X0.2
OPT_ELEM G750L
DETECTOR CCD

XTRACTAB oref$n7p1031qo_1dx.fits
XTRACTAB PEDIGREE=INFLIGHT 18/05/97
XTRACTAB DESCRIP =Analysis from prop. 7094
XTRACTAB DESCRIP =Analysis from prop. 7094
SPTRCTAB oref$qa31608go_1dt.fits
SPTRCTAB PEDIGREE=INFLIGHT 02/09/1997 13/02/1998
SPTRCTAB DESCRIP =New traces to account for angle change with time

Imset 1  Begin 16:49:15 PDT
         Input read into memory.
Order 1  Begin 16:49:17 PDT
X1DCORR  PERFORM
BACKCORR PERFORM
******** Calling Slfit ***********
BACKCORR COMPLETE
X1DCORR  COMPLETE
         Spectrum extracted at y position = 510

DISPCORR PERFORM
DISPTAB  oref$l2j0137to_dsp.fits
DISPTAB  PEDIGREE=INFLIGHT 27/02/1997 24/11/1999
DISPTAB  DESCRIP =Lindler, May 2000
DISPTAB  DESCRIP =Lindler Postlaunch, May 2000
APDESTAB oref$16j16005o_apd.fits
APDESTAB PEDIGREE=INFLIGHT 01/03/1997 13/06/2017
APDESTAB DESCRIP =Aligned long-slit bar positions for single-bar cases.--------------
APDESTAB DESCRIP =Microscope Meas./Hartig Post-launch Offsets
INANGTAB oref$h5s11397o_iac.fits
INANGTAB DESCRIP =Model/C. Bowers May 6, 1997
DISPCORR COMPLETE

HELCORR  PERFORM
HELCORR  COMPLETE

PHOTTAB  oref$95118575o_pht.fits
PHOTTAB  PEDIGREE=INFLIGHT 27/02/1997 16/03/2021
PHOTTAB  DESCRIP =Fullerton 2025 calibration
APERTAB  oref$y2r1559to_apt.fits
APERTAB  PEDIGREE=MODEL
APERTAB  DESCRIP =Added/updated values for 31X0.05NDA,31X0.05NDB,31X0.05NDC apertures
APERTAB  DESCRIP =Bohlin/Hartig TIM Models Nov. 1998
GACTAB   oref$p9r19203o_gac.fits
GACTAB   PEDIGREE=INFLIGHT 13/06/1997 20/04/1998
GACTAB   DESCRIP =X1D flux corr for grating/aper combos
GACTAB   DESCRIP =Grating-Aperture Throughput Correction
PCTAB    oref$q541740po_pct.fits
PCTAB    PEDIGREE=INFLIGHT 18/05/1997 19/12/1998
PCTAB    DESCRIP =Sensitivity for diff. extractions heights
TDSTAB   oref$8712049eo_tds.fits
TDSTAB   PEDIGREE=INFLIGHT 01/04/1997 06/03/2024
TDSTAB   DESCRIP =Updated time sensitivities for MIRVIS, G230LB, and G230MB
FLUXCORR PERFORM
CTECORR  PERFORM
CCDTAB   oref$16j1600eo_ccd.fits
CCDTAB   PEDIGREE=INFLIGHT 01/05/2009 01/05/2009
CCDTAB   DESCRIP =Updated amp=D gain=4 atodgain and corresponding readnoise values---
CCDTAB   DESCRIP =Proposal 8057, by I. Dashevsky & P. Goudfrooij
         GACTAB correction applied for G750L 52X0.2 7751
CTECORR  COMPLETE
FLUXCORR COMPLETE
SGEOCORR OMIT

         Row 1 written to disk.
Order 1  End 16:49:17 PDT

         trace was rotated by = 0.0472336 degree.
Imset 1  End 16:49:17 PDT

Warning    Keyword `XTRACALG' is being added to header.
End      15-Aug-2026 16:49:17 PDT

*** CALSTIS-6 complete ***
13 STIS science exposures for SN2010AL (0 dropped: texptime<5.0s)
X1D ob7s01010 G230LB es 15 flags none
X1D ob7s01020 G230LB es 15 flags none
X1D ob7s01030 G430L es 17 flags none
X1D ob7s02010 G230LB es 15 flags ['extended_host']
X1D ob7s02020 G230LB es 15 flags ['extended_host']
X1D ob7s02030 G430L es 17 flags none
X1D ob7s02040 G140L es 11 flags none
RETRY-FINDER ob7s03020 a2center=894.0
X1D ob7s03020 G230LB es 15 flags ['finder_fail', 'extended_host']
RETRY-FINDER ob7s03030 a2center=267.0
X1D ob7s03030 G230LB es 15 flags ['finder_fail', 'extended_host']
X1D ob7s03040 G230LB es 15 flags ['finder_fail', 'extended_host', 'center_mismatch(834vs379)']
X1D ob7s03050 G430L es 17 flags ['extended_host', 'center_mismatch(891vs508)']
RETRY-FINDER ob7s03060 a2center=503.5
X1D ob7s03060 G430L es 17 flags ['extended_host']
RETRY-FINDER ob7s03070 a2center=510.0
X1D ob7s03070 G750L es 15 flags ['extended_host', 'no_defringe(no_flat)']
BATCHDONE

/home/ishaang6/miniforge3/envs/surf_uv/lib/python3.12/site-packages/stsci/tools/nmpfit.py:8: UserWarning: NMPFIT is deprecated - stsci.tools v 3.5 is the last version to contain it.
  warnings.warn("NMPFIT is deprecated - stsci.tools v 3.5 is the last version to contain it.")
/home/ishaang6/miniforge3/envs/surf_uv/lib/python3.12/site-packages/stsci/tools/gfit.py:18: UserWarning: GFIT is deprecated - stsci.tools v 3.4.12 is the last version to contain it.Use astropy.modeling instead.
  warnings.warn("GFIT is deprecated - stsci.tools v 3.4.12 is the last version to contain it."

$ /home/ishaang6/miniforge3/envs/surf_uv/bin/python /mnt/c/Users/eluru/CALTECH_SURF_2026/WORK/scripts/cos_products.py SN2010AL --outroot output5 --z 0.017 --expl-mjd 55268.0
skip zero-flux x1d lb7s04l7q_x1d.fits
skip zero-flux x1d lb7s04m6q_x1d.fits
COSDONE


$ /home/ishaang6/miniforge3/envs/surf_uv/bin/python /mnt/c/Users/eluru/CALTECH_SURF_2026/WORK/scripts/build_products.py SN2010AL --outroot output5 --z 0.017 --early-skip-dir  --expl-mjd 55268.0
built products for SN2010AL: 3 epochs



===== SN2025TIS  z=0.0050934863682419  STIS=True COS=False =====
$ /home/ishaang6/miniforge3/envs/surf_uv/bin/python /mnt/c/Users/eluru/CALTECH_SURF_2026/WORK/scripts/download_all.py SN2025TIS
ata/SN2025TIS/mastDownload/HST/ofgwa3020/ofgwa3020_crj.fits with expected size 10537920. [astroquery.query]
INFO: Found cached file /mnt/c/Users/eluru/CALTECH_SURF_2026/WORK/data/SN2025TIS/mastDownload/HST/ofgwa3020/ofgwa3020_wav.fits with expected size 2260800. [astroquery.query]
INFO: Found cached file /mnt/c/Users/eluru/CALTECH_SURF_2026/WORK/data/SN2025TIS/mastDownload/HST/ofgwa3020/ofgwa3020_raw.fits with expected size 4501440. [astroquery.query]
INFO: Found cached file /mnt/c/Users/eluru/CALTECH_SURF_2026/WORK/data/SN2025TIS/mastDownload/HST/ofgwa3020/ofgwa3020_flt.fits with expected size 21052800. [astroquery.query]
INFO: Found cached file /mnt/c/Users/eluru/CALTECH_SURF_2026/WORK/data/SN2025TIS/mastDownload/HST/ofgw04010/ofgw04010_wav.fits with expected size 2139840. [astroquery.query]
INFO: Found cached file /mnt/c/Users/eluru/CALTECH_SURF_2026/WORK/data/SN2025TIS/mastDownload/HST/ofgw04010/ofgw04010_raw.fits with expected size 8429760. [astroquery.query]
INFO: Found cached file /mnt/c/Users/eluru/CALTECH_SURF_2026/WORK/data/SN2025TIS/mastDownload/HST/ofgw04010/ofgw04010_flt.fits with expected size 10535040. [astroquery.query]
INFO: Found cached file /mnt/c/Users/eluru/CALTECH_SURF_2026/WORK/data/SN2025TIS/mastDownload/HST/ofgwc4020/ofgwc4020_wav.fits with expected size 2139840. [astroquery.query]
INFO: Found cached file /mnt/c/Users/eluru/CALTECH_SURF_2026/WORK/data/SN2025TIS/mastDownload/HST/ofgwc4020/ofgwc4020_raw.fits with expected size 8429760. [astroquery.query]
INFO: Found cached file /mnt/c/Users/eluru/CALTECH_SURF_2026/WORK/data/SN2025TIS/mastDownload/HST/ofgwc4020/ofgwc4020_flt.fits with expected size 10535040. [astroquery.query]
INFO: Found cached file /mnt/c/Users/eluru/CALTECH_SURF_2026/WORK/data/SN2025TIS/mastDownload/HST/ofgwa4010/ofgwa4010_wav.fits with expected size 4262400. [astroquery.query]
INFO: Found cached file /mnt/c/Users/eluru/CALTECH_SURF_2026/WORK/data/SN2025TIS/mastDownload/HST/ofgwa4010/ofgwa4010_raw.fits with expected size 8429760. [astroquery.query]
INFO: Found cached file /mnt/c/Users/eluru/CALTECH_SURF_2026/WORK/data/SN2025TIS/mastDownload/HST/ofgwa4010/ofgwa4010_flt.fits with expected size 10535040. [astroquery.query]
INFO: Found cached file /mnt/c/Users/eluru/CALTECH_SURF_2026/WORK/data/SN2025TIS/mastDownload/HST/ofgwc4010/ofgwc4010_wav.fits with expected size 2139840. [astroquery.query]
INFO: Found cached file /mnt/c/Users/eluru/CALTECH_SURF_2026/WORK/data/SN2025TIS/mastDownload/HST/ofgwc4010/ofgwc4010_raw.fits with expected size 8429760. [astroquery.query]
INFO: Found cached file /mnt/c/Users/eluru/CALTECH_SURF_2026/WORK/data/SN2025TIS/mastDownload/HST/ofgwc4010/ofgwc4010_flt.fits with expected size 10535040. [astroquery.query]
INFO: Found cached file /mnt/c/Users/eluru/CALTECH_SURF_2026/WORK/data/SN2025TIS/mastDownload/HST/ofgwb4010/ofgwb4010_wav.fits with expected size 4262400. [astroquery.query]
INFO: Found cached file /mnt/c/Users/eluru/CALTECH_SURF_2026/WORK/data/SN2025TIS/mastDownload/HST/ofgwb4010/ofgwb4010_raw.fits with expected size 8429760. [astroquery.query]
INFO: Found cached file /mnt/c/Users/eluru/CALTECH_SURF_2026/WORK/data/SN2025TIS/mastDownload/HST/ofgwb4010/ofgwb4010_flt.fits with expected size 10535040. [astroquery.query]
INFO: Found cached file /mnt/c/Users/eluru/CALTECH_SURF_2026/WORK/data/SN2025TIS/mastDownload/HST/ofgwc4030/ofgwc4030_crj.fits with expected size 10537920. [astroquery.query]
INFO: Found cached file /mnt/c/Users/eluru/CALTECH_SURF_2026/WORK/data/SN2025TIS/mastDownload/HST/ofgwc4030/ofgwc4030_wav.fits with expected size 2260800. [astroquery.query]
INFO: Found cached file /mnt/c/Users/eluru/CALTECH_SURF_2026/WORK/data/SN2025TIS/mastDownload/HST/ofgwc4030/ofgwc4030_raw.fits with expected size 4501440. [astroquery.query]
INFO: Found cached file /mnt/c/Users/eluru/CALTECH_SURF_2026/WORK/data/SN2025TIS/mastDownload/HST/ofgwc4030/ofgwc4030_flt.fits with expected size 21052800. [astroquery.query]
SN2025TIS: downloaded 55 products (17 obs)
DOWNLOADDONE


$ /home/ishaang6/miniforge3/envs/surf_uv/bin/python /mnt/c/Users/eluru/CALTECH_SURF_2026/WORK/scripts/reduce_stis_batch.py /mnt/c/Users/eluru/CALTECH_SURF_2026/WORK/data/SN2025TIS SN2025TIS --outroot output5 --z 0.0050934863682419 --expl-mjd 60894.33
MPLETE
SGEOCORR OMIT

         Row 1 written to disk.
Order 1  End 16:49:23 PDT

         trace was rotated by = -0.011151 degree.
Imset 1  End 16:49:23 PDT

Warning    Keyword `XTRACALG' is being added to header.
End      15-Aug-2026 16:49:23 PDT

*** CALSTIS-6 complete ***
git tag: 4ac2384-dirty
git branch: main
HEAD @: 4ac2384d4b81f58ea6aed6f2977aadc15beb6b0f

*** CALSTIS-6 -- Version 3.5.0 (02-Feb-2026) ***
Begin    15-Aug-2026 16:49:24 PDT

INFO     'E1' has been appended to aperture
Input    /mnt/c/Users/eluru/CALTECH_SURF_2026/WORK/data/SN2025TIS/mastDownload/HST/ofgwc4030/ofgwc4030_crj.fits
Output   output5/SN2025TIS/STIS/CCD/2025-08-19_day12/G430L/ofgwc4030_x1d.fits
Rootname ofgwc4030
OBSMODE  ACCUM
APERTURE 52X0.2E1
OPT_ELEM G430L
DETECTOR CCD

XTRACTAB oref$n7p1031qo_1dx.fits
XTRACTAB PEDIGREE=INFLIGHT 18/05/97
XTRACTAB DESCRIP =Analysis from prop. 7094
XTRACTAB DESCRIP =Analysis from prop. 7094
SPTRCTAB oref$qa31608go_1dt.fits
SPTRCTAB PEDIGREE=INFLIGHT 02/09/1997 13/02/1998
SPTRCTAB DESCRIP =New traces to account for angle change with time

Imset 1  Begin 16:49:24 PDT
         Input read into memory.
Order 1  Begin 16:49:26 PDT
X1DCORR  PERFORM
BACKCORR PERFORM
******** Calling Slfit ***********
BACKCORR COMPLETE
X1DCORR  COMPLETE
         Spectrum extracted at y position = 889.485

DISPCORR PERFORM
DISPTAB  oref$l2j0137to_dsp.fits
DISPTAB  PEDIGREE=INFLIGHT 27/02/1997 24/11/1999
DISPTAB  DESCRIP =Lindler, May 2000
DISPTAB  DESCRIP =Lindler Postlaunch, May 2000
APDESTAB oref$16j16005o_apd.fits
APDESTAB PEDIGREE=INFLIGHT 01/03/1997 13/06/2017
APDESTAB DESCRIP =Aligned long-slit bar positions for single-bar cases.--------------
APDESTAB DESCRIP =Offset relative to row 900
INANGTAB oref$h5s11397o_iac.fits
INANGTAB DESCRIP =Model/C. Bowers May 6, 1997
DISPCORR COMPLETE

HELCORR  PERFORM
HELCORR  COMPLETE

PHOTTAB  oref$95118575o_pht.fits
PHOTTAB  PEDIGREE=INFLIGHT 27/02/1997 16/03/2021
PHOTTAB  DESCRIP =Fullerton 2025 calibration
APERTAB  oref$y2r1559to_apt.fits
APERTAB  PEDIGREE=MODEL
APERTAB  DESCRIP =Added/updated values for 31X0.05NDA,31X0.05NDB,31X0.05NDC apertures
APERTAB  DESCRIP =Bohlin/Hartig TIM Models Nov. 1998
GACTAB   oref$p9r19203o_gac.fits
GACTAB   PEDIGREE=INFLIGHT 07/12/2001 03/08/2004
GACTAB   DESCRIP =X1D flux corr for grating/aper combos
GACTAB   DESCRIP =Grating-Aperture Throughput Correction
PCTAB    oref$q541740no_pct.fits
PCTAB    PEDIGREE=INFLIGHT 18/05/1997 19/12/1998
PCTAB    DESCRIP =Sensitivity for diff. extractions heights
TDSTAB   oref$8712049eo_tds.fits
TDSTAB   PEDIGREE=INFLIGHT 01/04/1997 06/03/2024
TDSTAB   DESCRIP =Updated time sensitivities for MIRVIS, G230LB, and G230MB
FLUXCORR PERFORM
CTECORR  PERFORM
CCDTAB   oref$16j1600do_ccd.fits
CCDTAB   PEDIGREE=INFLIGHT 01/05/2009 01/05/2009
CCDTAB   DESCRIP =Updated amp=D gain=4 atodgain and corresponding readnoise values---
CCDTAB   DESCRIP =Proposal 8057, by I. Dashevsky & P. Goudfrooij
         GACTAB correction applied for G430L 52X0.2E1 4300
CTECORR  COMPLETE
FLUXCORR COMPLETE
SGEOCORR OMIT

         Row 1 written to disk.
Order 1  End 16:49:26 PDT

         trace was rotated by = 0.089352 degree.
Imset 1  End 16:49:26 PDT

Warning    Keyword `XTRACALG' is being added to header.
End      15-Aug-2026 16:49:26 PDT

*** CALSTIS-6 complete ***
17 STIS science exposures for SN2025TIS (0 dropped: texptime<5.0s)
X1D ofgw01010 G140L es 11 flags none
X1D ofgw02010 G140L es 11 flags none
X1D ofgw03010 G140L es 11 flags none
X1D ofgw04010 G140L es 11 flags none
X1D ofgwa1010 G140L es 11 flags none
X1D ofgwa2010 G140L es 11 flags none
X1D ofgwa3010 G230L es 11 flags none
X1D ofgwa3020 G430L es 15 flags none
X1D ofgwa4010 G140L es 11 flags none
X1D ofgwb1010 G230L es 11 flags none
X1D ofgwb1020 G430L es 15 flags none
X1D ofgwb2010 G230L es 11 flags none
X1D ofgwb2020 G430L es 15 flags none
X1D ofgwb4010 G140L es 11 flags none
X1D ofgwc4010 G140L es 11 flags none
X1D ofgwc4020 G230L es 11 flags none
X1D ofgwc4030 G430L es 15 flags none
BATCHDONE

/home/ishaang6/miniforge3/envs/surf_uv/lib/python3.12/site-packages/stsci/tools/nmpfit.py:8: UserWarning: NMPFIT is deprecated - stsci.tools v 3.5 is the last version to contain it.
  warnings.warn("NMPFIT is deprecated - stsci.tools v 3.5 is the last version to contain it.")
/home/ishaang6/miniforge3/envs/surf_uv/lib/python3.12/site-packages/stsci/tools/gfit.py:18: UserWarning: GFIT is deprecated - stsci.tools v 3.4.12 is the last version to contain it.Use astropy.modeling instead.
  warnings.warn("GFIT is deprecated - stsci.tools v 3.4.12 is the last version to contain it."

$ /home/ishaang6/miniforge3/envs/surf_uv/bin/python /mnt/c/Users/eluru/CALTECH_SURF_2026/WORK/scripts/build_products.py SN2025TIS --outroot output5 --z 0.0050934863682419 --early-skip-dir  --expl-mjd 60894.33
built products for SN2025TIS: 4 epochs



===== SN2017ERP  z=0.006  STIS=True COS=False =====
$ /home/ishaang6/miniforge3/envs/surf_uv/bin/python /mnt/c/Users/eluru/CALTECH_SURF_2026/WORK/scripts/download_all.py SN2017ERP
ata/SN2017ERP/mastDownload/HST/odai07030/odai07030_flt.fits with expected size 10535040. [astroquery.query]
INFO: Found cached file /mnt/c/Users/eluru/CALTECH_SURF_2026/WORK/data/SN2017ERP/mastDownload/HST/odai07040/odai07040_wav.fits with expected size 4262400. [astroquery.query]
INFO: Found cached file /mnt/c/Users/eluru/CALTECH_SURF_2026/WORK/data/SN2017ERP/mastDownload/HST/odai07040/odai07040_raw.fits with expected size 8429760. [astroquery.query]
INFO: Found cached file /mnt/c/Users/eluru/CALTECH_SURF_2026/WORK/data/SN2017ERP/mastDownload/HST/odai07040/odai07040_flt.fits with expected size 10535040. [astroquery.query]
INFO: Found cached file /mnt/c/Users/eluru/CALTECH_SURF_2026/WORK/data/SN2017ERP/mastDownload/HST/odai08010/odai08010_crj.fits with expected size 10537920. [astroquery.query]
INFO: Found cached file /mnt/c/Users/eluru/CALTECH_SURF_2026/WORK/data/SN2017ERP/mastDownload/HST/odai08010/odai08010_wav.fits with expected size 2260800. [astroquery.query]
INFO: Found cached file /mnt/c/Users/eluru/CALTECH_SURF_2026/WORK/data/SN2017ERP/mastDownload/HST/odai08010/odai08010_raw.fits with expected size 4501440. [astroquery.query]
INFO: Found cached file /mnt/c/Users/eluru/CALTECH_SURF_2026/WORK/data/SN2017ERP/mastDownload/HST/odai08010/odai08010_flt.fits with expected size 21052800. [astroquery.query]
INFO: Found cached file /mnt/c/Users/eluru/CALTECH_SURF_2026/WORK/data/SN2017ERP/mastDownload/HST/odai08020/odai08020_wav.fits with expected size 4262400. [astroquery.query]
INFO: Found cached file /mnt/c/Users/eluru/CALTECH_SURF_2026/WORK/data/SN2017ERP/mastDownload/HST/odai08020/odai08020_raw.fits with expected size 8429760. [astroquery.query]
INFO: Found cached file /mnt/c/Users/eluru/CALTECH_SURF_2026/WORK/data/SN2017ERP/mastDownload/HST/odai08020/odai08020_flt.fits with expected size 10535040. [astroquery.query]
INFO: Found cached file /mnt/c/Users/eluru/CALTECH_SURF_2026/WORK/data/SN2017ERP/mastDownload/HST/odai08030/odai08030_wav.fits with expected size 4262400. [astroquery.query]
INFO: Found cached file /mnt/c/Users/eluru/CALTECH_SURF_2026/WORK/data/SN2017ERP/mastDownload/HST/odai08030/odai08030_raw.fits with expected size 8429760. [astroquery.query]
INFO: Found cached file /mnt/c/Users/eluru/CALTECH_SURF_2026/WORK/data/SN2017ERP/mastDownload/HST/odai08030/odai08030_flt.fits with expected size 10535040. [astroquery.query]
INFO: Found cached file /mnt/c/Users/eluru/CALTECH_SURF_2026/WORK/data/SN2017ERP/mastDownload/HST/odai08040/odai08040_wav.fits with expected size 4262400. [astroquery.query]
INFO: Found cached file /mnt/c/Users/eluru/CALTECH_SURF_2026/WORK/data/SN2017ERP/mastDownload/HST/odai08040/odai08040_raw.fits with expected size 8429760. [astroquery.query]
INFO: Found cached file /mnt/c/Users/eluru/CALTECH_SURF_2026/WORK/data/SN2017ERP/mastDownload/HST/odai08040/odai08040_flt.fits with expected size 10535040. [astroquery.query]
INFO: Found cached file /mnt/c/Users/eluru/CALTECH_SURF_2026/WORK/data/SN2017ERP/mastDownload/HST/odai08050/odai08050_wav.fits with expected size 4262400. [astroquery.query]
INFO: Found cached file /mnt/c/Users/eluru/CALTECH_SURF_2026/WORK/data/SN2017ERP/mastDownload/HST/odai08050/odai08050_raw.fits with expected size 8429760. [astroquery.query]
INFO: Found cached file /mnt/c/Users/eluru/CALTECH_SURF_2026/WORK/data/SN2017ERP/mastDownload/HST/odai08050/odai08050_flt.fits with expected size 10535040. [astroquery.query]
INFO: Found cached file /mnt/c/Users/eluru/CALTECH_SURF_2026/WORK/data/SN2017ERP/mastDownload/HST/odai08060/odai08060_wav.fits with expected size 4262400. [astroquery.query]
INFO: Found cached file /mnt/c/Users/eluru/CALTECH_SURF_2026/WORK/data/SN2017ERP/mastDownload/HST/odai08060/odai08060_raw.fits with expected size 8429760. [astroquery.query]
INFO: Found cached file /mnt/c/Users/eluru/CALTECH_SURF_2026/WORK/data/SN2017ERP/mastDownload/HST/odai08060/odai08060_flt.fits with expected size 10535040. [astroquery.query]
SN2017ERP: downloaded 58 products (18 obs)
DOWNLOADDONE


$ /home/ishaang6/miniforge3/envs/surf_uv/bin/python /mnt/c/Users/eluru/CALTECH_SURF_2026/WORK/scripts/reduce_stis_batch.py /mnt/c/Users/eluru/CALTECH_SURF_2026/WORK/data/SN2017ERP SN2017ERP --outroot output5 --z 0.006 --expl-mjd 57917.626
1997 19/12/1998
PCTAB    DESCRIP =Added/updated values for 31X0.05NDA,31X0.05NDB,31X0.05NDC apertures
TDSTAB   oref$97a1546po_tds.fits
TDSTAB   PEDIGREE=INFLIGHT 01/04/1997 13/05/2025
TDSTAB   DESCRIP =Updated time sensitivities for MIRNUV and L, M, and H modes.
FLUXCORR PERFORM
FLUXCORR COMPLETE
SGEOCORR OMIT

         Row 1 written to disk.
Order 1  End 16:50:03 PDT

         trace was rotated by = -0.00547786 degree.
Imset 1  End 16:50:03 PDT

Warning    Keyword `XTRACALG' is being added to header.
End      15-Aug-2026 16:50:03 PDT

*** CALSTIS-6 complete ***
git tag: 4ac2384-dirty
git branch: main
HEAD @: 4ac2384d4b81f58ea6aed6f2977aadc15beb6b0f

*** CALSTIS-6 -- Version 3.5.0 (02-Feb-2026) ***
Begin    15-Aug-2026 16:50:03 PDT

Warning    Grating-aperture throughput correction table (GACTAB) was not found,

         and no gac corrections will be applied
Input    /mnt/c/Users/eluru/CALTECH_SURF_2026/WORK/data/SN2017ERP/mastDownload/HST/odai08060/odai08060_flt.fits
Output   output5/SN2017ERP/STIS/MAMA/2017-07-12_day28/G230L/odai08060_x1d.fits
Rootname odai08060
OBSMODE  ACCUM
APERTURE 52X0.1
OPT_ELEM G230L
DETECTOR NUV-MAMA

XTRACTAB oref$a5e1953co_1dx.fits
XTRACTAB PEDIGREE=INFLIGHT 29/05/1997 29/05/1997
XTRACTAB DESCRIP =Analysis from prop. 7064 and ground data
XTRACTAB DESCRIP =Analysis from prop. 7064
SPTRCTAB oref$a5e19539o_1dt.fits
SPTRCTAB PEDIGREE=INFLIGHT 27/02/1997 06/01/2010
SPTRCTAB DESCRIP =New traces for select echelle secondary modes

Imset 1  Begin 16:50:04 PDT
         Input read into memory.
Order 1  Begin 16:50:05 PDT
X1DCORR  PERFORM
BACKCORR PERFORM
******** Calling Slfit ***********
BACKCORR COMPLETE
X1DCORR  COMPLETE
         Spectrum extracted at y position = 537.76

DISPCORR PERFORM
DISPTAB  oref$m7p16111o_dsp.fits
DISPTAB  PEDIGREE=INFLIGHT 23/01/1999 23/01/1999
DISPTAB  DESCRIP =Dispersion coefficients reference table
DISPTAB  DESCRIP =INFLIGHT Cal. Disp. Coeffs
APDESTAB oref$16j16005o_apd.fits
APDESTAB PEDIGREE=INFLIGHT 01/03/1997 13/06/2017
APDESTAB DESCRIP =Aligned long-slit bar positions for single-bar cases.--------------
APDESTAB DESCRIP =Microscope Meas./Hartig Post-launch Offsets
INANGTAB oref$l3m1437ro_iac.fits
INANGTAB DESCRIP =Prelaunch Calibration/Lindler and Models
DISPCORR COMPLETE

HELCORR  PERFORM
HELCORR  COMPLETE

PHOTTAB  oref$a5e19538o_pht.fits
PHOTTAB  PEDIGREE=INFLIGHT 27/02/1997 16/03/2021
PHOTTAB  DESCRIP =May 2026 recalibration
APERTAB  oref$y2r1559to_apt.fits
APERTAB  PEDIGREE=MODEL
APERTAB  DESCRIP =Added/updated values for 31X0.05NDA,31X0.05NDB,31X0.05NDC apertures
APERTAB  DESCRIP =Bohlin/Hartig TIM Models Nov. 1998
PCTAB    oref$y2r16006o_pct.fits
PCTAB    PEDIGREE=INFLIGHT 18/05/1997 19/12/1998
PCTAB    DESCRIP =Added/updated values for 31X0.05NDA,31X0.05NDB,31X0.05NDC apertures
TDSTAB   oref$97a1546po_tds.fits
TDSTAB   PEDIGREE=INFLIGHT 01/04/1997 13/05/2025
TDSTAB   DESCRIP =Updated time sensitivities for MIRNUV and L, M, and H modes.
FLUXCORR PERFORM
FLUXCORR COMPLETE
SGEOCORR OMIT

         Row 1 written to disk.
Order 1  End 16:50:05 PDT

         trace was rotated by = -0.00547796 degree.
Imset 1  End 16:50:05 PDT

Warning    Keyword `XTRACALG' is being added to header.
End      15-Aug-2026 16:50:05 PDT

*** CALSTIS-6 complete ***
18 STIS science exposures for SN2017ERP (0 dropped: texptime<5.0s)
X1D odai05010 G430L es 17 flags none
X1D odai05020 G230L es 11 flags none
X1D odai05030 G230L es 11 flags none
X1D odai05040 G230L es 11 flags none
X1D odai06010 G430L es 17 flags none
X1D odai06020 G230L es 11 flags none
X1D odai06030 G230L es 11 flags none
X1D odai06040 G230L es 11 flags none
X1D odai07010 G430L es 17 flags none
X1D odai07020 G230L es 11 flags none
X1D odai07030 G230L es 11 flags none
X1D odai07040 G230L es 11 flags none
X1D odai08010 G430L es 17 flags none
X1D odai08020 G230L es 11 flags none
X1D odai08030 G230L es 11 flags none
X1D odai08040 G230L es 11 flags none
X1D odai08050 G230L es 11 flags none
X1D odai08060 G230L es 11 flags none
BATCHDONE

/home/ishaang6/miniforge3/envs/surf_uv/lib/python3.12/site-packages/stsci/tools/nmpfit.py:8: UserWarning: NMPFIT is deprecated - stsci.tools v 3.5 is the last version to contain it.
  warnings.warn("NMPFIT is deprecated - stsci.tools v 3.5 is the last version to contain it.")
/home/ishaang6/miniforge3/envs/surf_uv/lib/python3.12/site-packages/stsci/tools/gfit.py:18: UserWarning: GFIT is deprecated - stsci.tools v 3.4.12 is the last version to contain it.Use astropy.modeling instead.
  warnings.warn("GFIT is deprecated - stsci.tools v 3.4.12 is the last version to contain it."

$ /home/ishaang6/miniforge3/envs/surf_uv/bin/python /mnt/c/Users/eluru/CALTECH_SURF_2026/WORK/scripts/build_products.py SN2017ERP --outroot output5 --z 0.006 --early-skip-dir  --expl-mjd 57917.626
built products for SN2017ERP: 4 epochs



===== SN2002XX  z=0.00292  STIS=True COS=False =====
$ /home/ishaang6/miniforge3/envs/surf_uv/bin/python /mnt/c/Users/eluru/CALTECH_SURF_2026/WORK/scripts/download_all.py SN2002XX
CALTECH_SURF_2026/WORK/data/SN2002XX/mastDownload/HST/o6gl50030/o6gl50030_flt.fits with expected size 10535040. [astroquery.query]
INFO: Found cached file /mnt/c/Users/eluru/CALTECH_SURF_2026/WORK/data/SN2002XX/mastDownload/HST/o6gl50040/o6gl50040_wav.fits with expected size 4262400. [astroquery.query]
INFO: Found cached file /mnt/c/Users/eluru/CALTECH_SURF_2026/WORK/data/SN2002XX/mastDownload/HST/o6gl50040/o6gl50040_raw.fits with expected size 8429760. [astroquery.query]
INFO: Found cached file /mnt/c/Users/eluru/CALTECH_SURF_2026/WORK/data/SN2002XX/mastDownload/HST/o6gl50040/o6gl50040_flt.fits with expected size 10535040. [astroquery.query]
INFO: Found cached file /mnt/c/Users/eluru/CALTECH_SURF_2026/WORK/data/SN2002XX/mastDownload/HST/o6gl55010/o6gl55010_crj.fits with expected size 10537920. [astroquery.query]
INFO: Found cached file /mnt/c/Users/eluru/CALTECH_SURF_2026/WORK/data/SN2002XX/mastDownload/HST/o6gl55010/o6gl55010_wav.fits with expected size 2260800. [astroquery.query]
INFO: Found cached file /mnt/c/Users/eluru/CALTECH_SURF_2026/WORK/data/SN2002XX/mastDownload/HST/o6gl55010/o6gl55010_raw.fits with expected size 4501440. [astroquery.query]
INFO: Found cached file /mnt/c/Users/eluru/CALTECH_SURF_2026/WORK/data/SN2002XX/mastDownload/HST/o6gl55010/o6gl55010_flt.fits with expected size 21052800. [astroquery.query]
INFO: Found cached file /mnt/c/Users/eluru/CALTECH_SURF_2026/WORK/data/SN2002XX/mastDownload/HST/o6gl55020/o6gl55020_wav.fits with expected size 4262400. [astroquery.query]
INFO: Found cached file /mnt/c/Users/eluru/CALTECH_SURF_2026/WORK/data/SN2002XX/mastDownload/HST/o6gl55020/o6gl55020_raw.fits with expected size 8429760. [astroquery.query]
INFO: Found cached file /mnt/c/Users/eluru/CALTECH_SURF_2026/WORK/data/SN2002XX/mastDownload/HST/o6gl55020/o6gl55020_flt.fits with expected size 10535040. [astroquery.query]
INFO: Found cached file /mnt/c/Users/eluru/CALTECH_SURF_2026/WORK/data/SN2002XX/mastDownload/HST/o6gl55030/o6gl55030_wav.fits with expected size 4262400. [astroquery.query]
INFO: Found cached file /mnt/c/Users/eluru/CALTECH_SURF_2026/WORK/data/SN2002XX/mastDownload/HST/o6gl55030/o6gl55030_raw.fits with expected size 8429760. [astroquery.query]
INFO: Found cached file /mnt/c/Users/eluru/CALTECH_SURF_2026/WORK/data/SN2002XX/mastDownload/HST/o6gl55030/o6gl55030_flt.fits with expected size 10535040. [astroquery.query]
INFO: Found cached file /mnt/c/Users/eluru/CALTECH_SURF_2026/WORK/data/SN2002XX/mastDownload/HST/o6gl55040/o6gl55040_wav.fits with expected size 4262400. [astroquery.query]
INFO: Found cached file /mnt/c/Users/eluru/CALTECH_SURF_2026/WORK/data/SN2002XX/mastDownload/HST/o6gl55040/o6gl55040_raw.fits with expected size 8429760. [astroquery.query]
INFO: Found cached file /mnt/c/Users/eluru/CALTECH_SURF_2026/WORK/data/SN2002XX/mastDownload/HST/o6gl55040/o6gl55040_flt.fits with expected size 10535040. [astroquery.query]
INFO: Found cached file /mnt/c/Users/eluru/CALTECH_SURF_2026/WORK/data/SN2002XX/mastDownload/HST/o6gl56010/o6gl56010_wav.fits with expected size 4262400. [astroquery.query]
INFO: Found cached file /mnt/c/Users/eluru/CALTECH_SURF_2026/WORK/data/SN2002XX/mastDownload/HST/o6gl56010/o6gl56010_raw.fits with expected size 8429760. [astroquery.query]
INFO: Found cached file /mnt/c/Users/eluru/CALTECH_SURF_2026/WORK/data/SN2002XX/mastDownload/HST/o6gl56010/o6gl56010_flt.fits with expected size 10535040. [astroquery.query]
INFO: Found cached file /mnt/c/Users/eluru/CALTECH_SURF_2026/WORK/data/SN2002XX/mastDownload/HST/o6gl56020/o6gl56020_wav.fits with expected size 2139840. [astroquery.query]
INFO: Found cached file /mnt/c/Users/eluru/CALTECH_SURF_2026/WORK/data/SN2002XX/mastDownload/HST/o6gl56020/o6gl56020_raw.fits with expected size 8429760. [astroquery.query]
INFO: Found cached file /mnt/c/Users/eluru/CALTECH_SURF_2026/WORK/data/SN2002XX/mastDownload/HST/o6gl56020/o6gl56020_flt.fits with expected size 10535040. [astroquery.query]
SN2002XX: downloaded 32 products (10 obs)
DOWNLOADDONE


$ /home/ishaang6/miniforge3/envs/surf_uv/bin/python /mnt/c/Users/eluru/CALTECH_SURF_2026/WORK/scripts/reduce_stis_batch.py /mnt/c/Users/eluru/CALTECH_SURF_2026/WORK/data/SN2002XX SN2002XX --outroot output5 --z 0.00292 --expl-mjd 52253.0
025 calibration
APERTAB  oref$y2r1559to_apt.fits
APERTAB  PEDIGREE=MODEL
APERTAB  DESCRIP =Added/updated values for 31X0.05NDA,31X0.05NDB,31X0.05NDC apertures
APERTAB  DESCRIP =Bohlin/Hartig TIM Models Nov. 1998
PCTAB    oref$y2r16006o_pct.fits
PCTAB    PEDIGREE=INFLIGHT 18/05/1997 19/12/1998
PCTAB    DESCRIP =Added/updated values for 31X0.05NDA,31X0.05NDB,31X0.05NDC apertures
TDSTAB   oref$q9s1550lo_tds.fits
TDSTAB   PEDIGREE=INFLIGHT 01/04/1996 08/04/2004
TDSTAB   DESCRIP =New sensitivities for  G230L, E230M, E230M, and E230H modes
FLUXCORR PERFORM
FLUXCORR COMPLETE
SGEOCORR OMIT

         Row 1 written to disk.
Order 1  End 16:50:59 PDT

         trace was rotated by = 0.0054085 degree.
Imset 1  End 16:50:59 PDT

Warning    Keyword `XTRACALG' is being added to header.
End      15-Aug-2026 16:50:59 PDT

*** CALSTIS-6 complete ***
git tag: 4ac2384-dirty
git branch: main
HEAD @: 4ac2384d4b81f58ea6aed6f2977aadc15beb6b0f

*** CALSTIS-6 -- Version 3.5.0 (02-Feb-2026) ***
Begin    15-Aug-2026 16:51:00 PDT

Warning    Grating-aperture throughput correction table (GACTAB) was not found,

         and no gac corrections will be applied
Input    /mnt/c/Users/eluru/CALTECH_SURF_2026/WORK/data/SN2002XX/mastDownload/HST/o6gl56020/o6gl56020_flt.fits
Output   output5/SN2002XX/STIS/MAMA/2001-12-22_day13/G230L/o6gl56020_x1d.fits
Rootname o6gl56020
OBSMODE  ACCUM
APERTURE 52X0.2
OPT_ELEM G230L
DETECTOR NUV-MAMA

XTRACTAB oref$l3m1437to_1dx.fits
XTRACTAB PEDIGREE=INFLIGHT 29/05/97
XTRACTAB DESCRIP =Analysis from prop. 7064 and ground data
XTRACTAB DESCRIP =Analysis from prop. 7064
SPTRCTAB oref$a5e19539o_1dt.fits
SPTRCTAB PEDIGREE=INFLIGHT 27/02/1997 06/01/2010
SPTRCTAB DESCRIP =New traces for select echelle secondary modes

Imset 1  Begin 16:51:00 PDT
         Input read into memory.
Order 1  Begin 16:51:02 PDT
X1DCORR  PERFORM
BACKCORR PERFORM
******** Calling Slfit ***********
BACKCORR COMPLETE
X1DCORR  COMPLETE
         Spectrum extracted at y position = 531.692

DISPCORR PERFORM
DISPTAB  oref$m7p16111o_dsp.fits
DISPTAB  PEDIGREE=INFLIGHT 23/01/1999 23/01/1999
DISPTAB  DESCRIP =Dispersion coefficients reference table
DISPTAB  DESCRIP =INFLIGHT Cal. Disp. Coeffs
APDESTAB oref$16j16005o_apd.fits
APDESTAB PEDIGREE=INFLIGHT 01/03/1997 13/06/2017
APDESTAB DESCRIP =Aligned long-slit bar positions for single-bar cases.--------------
APDESTAB DESCRIP =Microscope Meas./Hartig Post-launch Offsets
INANGTAB oref$l3m1437ro_iac.fits
INANGTAB DESCRIP =Prelaunch Calibration/Lindler and Models
DISPCORR COMPLETE

HELCORR  PERFORM
HELCORR  COMPLETE

PHOTTAB  oref$9511857ao_pht.fits
PHOTTAB  PEDIGREE=INFLIGHT 27/02/1997 16/03/2021
PHOTTAB  DESCRIP =Fullerton 2025 calibration
APERTAB  oref$y2r1559to_apt.fits
APERTAB  PEDIGREE=MODEL
APERTAB  DESCRIP =Added/updated values for 31X0.05NDA,31X0.05NDB,31X0.05NDC apertures
APERTAB  DESCRIP =Bohlin/Hartig TIM Models Nov. 1998
PCTAB    oref$y2r16006o_pct.fits
PCTAB    PEDIGREE=INFLIGHT 18/05/1997 19/12/1998
PCTAB    DESCRIP =Added/updated values for 31X0.05NDA,31X0.05NDB,31X0.05NDC apertures
TDSTAB   oref$q9s1550lo_tds.fits
TDSTAB   PEDIGREE=INFLIGHT 01/04/1996 08/04/2004
TDSTAB   DESCRIP =New sensitivities for  G230L, E230M, E230M, and E230H modes
FLUXCORR PERFORM
FLUXCORR COMPLETE
SGEOCORR OMIT

         Row 1 written to disk.
Order 1  End 16:51:02 PDT

         trace was rotated by = 0.0054084 degree.
Imset 1  End 16:51:02 PDT

Warning    Keyword `XTRACALG' is being added to header.
End      15-Aug-2026 16:51:02 PDT

*** CALSTIS-6 complete ***
10 STIS science exposures for SN2002XX (0 dropped: texptime<5.0s)
X1D o6gl50010 G430L es 17 flags none
X1D o6gl50020 E140M es 11 flags ['echelle']
X1D o6gl50030 E140M es 11 flags ['echelle']
X1D o6gl50040 G230L es 11 flags none
X1D o6gl55010 G430L es 17 flags none
X1D o6gl55020 E140M es 11 flags ['echelle']
X1D o6gl55030 E140M es 11 flags ['echelle']
X1D o6gl55040 E140M es 11 flags ['echelle']
X1D o6gl56010 G230L es 11 flags none
X1D o6gl56020 G230L es 11 flags none
BATCHDONE

/home/ishaang6/miniforge3/envs/surf_uv/lib/python3.12/site-packages/stsci/tools/nmpfit.py:8: UserWarning: NMPFIT is deprecated - stsci.tools v 3.5 is the last version to contain it.
  warnings.warn("NMPFIT is deprecated - stsci.tools v 3.5 is the last version to contain it.")
/home/ishaang6/miniforge3/envs/surf_uv/lib/python3.12/site-packages/stsci/tools/gfit.py:18: UserWarning: GFIT is deprecated - stsci.tools v 3.4.12 is the last version to contain it.Use astropy.modeling instead.
  warnings.warn("GFIT is deprecated - stsci.tools v 3.4.12 is the last version to contain it."

$ /home/ishaang6/miniforge3/envs/surf_uv/bin/python /mnt/c/Users/eluru/CALTECH_SURF_2026/WORK/scripts/build_products.py SN2002XX --outroot output5 --z 0.00292 --early-skip-dir  --expl-mjd 52253.0
built products for SN2002XX: 2 epochs



===== SN2021FXY  z=0.009  STIS=True COS=False =====
$ /home/ishaang6/miniforge3/envs/surf_uv/bin/python /mnt/c/Users/eluru/CALTECH_SURF_2026/WORK/scripts/download_all.py SN2021FXY
data/SN2021FXY/mastDownload/HST/oeck03030/oeck03030_raw.fits with expected size 8429760. [astroquery.query]
INFO: Found cached file /mnt/c/Users/eluru/CALTECH_SURF_2026/WORK/data/SN2021FXY/mastDownload/HST/oeck03010/oeck03010_crj.fits with expected size 10537920. [astroquery.query]
INFO: Found cached file /mnt/c/Users/eluru/CALTECH_SURF_2026/WORK/data/SN2021FXY/mastDownload/HST/oeck03010/oeck03010_wav.fits with expected size 2260800. [astroquery.query]
INFO: Found cached file /mnt/c/Users/eluru/CALTECH_SURF_2026/WORK/data/SN2021FXY/mastDownload/HST/oeck03010/oeck03010_raw.fits with expected size 4501440. [astroquery.query]
INFO: Found cached file /mnt/c/Users/eluru/CALTECH_SURF_2026/WORK/data/SN2021FXY/mastDownload/HST/oeck03010/oeck03010_flt.fits with expected size 21052800. [astroquery.query]
INFO: Found cached file /mnt/c/Users/eluru/CALTECH_SURF_2026/WORK/data/SN2021FXY/mastDownload/HST/oeck03020/oeck03020_wav.fits with expected size 4262400. [astroquery.query]
INFO: Found cached file /mnt/c/Users/eluru/CALTECH_SURF_2026/WORK/data/SN2021FXY/mastDownload/HST/oeck03020/oeck03020_raw.fits with expected size 8429760. [astroquery.query]
INFO: Found cached file /mnt/c/Users/eluru/CALTECH_SURF_2026/WORK/data/SN2021FXY/mastDownload/HST/oeck03020/oeck03020_flt.fits with expected size 10535040. [astroquery.query]
INFO: Found cached file /mnt/c/Users/eluru/CALTECH_SURF_2026/WORK/data/SN2021FXY/mastDownload/HST/oeck03040/oeck03040_wav.fits with expected size 4262400. [astroquery.query]
INFO: Found cached file /mnt/c/Users/eluru/CALTECH_SURF_2026/WORK/data/SN2021FXY/mastDownload/HST/oeck03040/oeck03040_raw.fits with expected size 8429760. [astroquery.query]
INFO: Found cached file /mnt/c/Users/eluru/CALTECH_SURF_2026/WORK/data/SN2021FXY/mastDownload/HST/oeck04020/oeck04020_wav.fits with expected size 4262400. [astroquery.query]
INFO: Found cached file /mnt/c/Users/eluru/CALTECH_SURF_2026/WORK/data/SN2021FXY/mastDownload/HST/oeck04020/oeck04020_raw.fits with expected size 8429760. [astroquery.query]
INFO: Found cached file /mnt/c/Users/eluru/CALTECH_SURF_2026/WORK/data/SN2021FXY/mastDownload/HST/oeck04020/oeck04020_flt.fits with expected size 10535040. [astroquery.query]
INFO: Found cached file /mnt/c/Users/eluru/CALTECH_SURF_2026/WORK/data/SN2021FXY/mastDownload/HST/oeck04040/oeck04040_wav.fits with expected size 4262400. [astroquery.query]
INFO: Found cached file /mnt/c/Users/eluru/CALTECH_SURF_2026/WORK/data/SN2021FXY/mastDownload/HST/oeck04040/oeck04040_raw.fits with expected size 8429760. [astroquery.query]
INFO: Found cached file /mnt/c/Users/eluru/CALTECH_SURF_2026/WORK/data/SN2021FXY/mastDownload/HST/oeck04040/oeck04040_flt.fits with expected size 10535040. [astroquery.query]
INFO: Found cached file /mnt/c/Users/eluru/CALTECH_SURF_2026/WORK/data/SN2021FXY/mastDownload/HST/oeck04030/oeck04030_wav.fits with expected size 4262400. [astroquery.query]
INFO: Found cached file /mnt/c/Users/eluru/CALTECH_SURF_2026/WORK/data/SN2021FXY/mastDownload/HST/oeck04030/oeck04030_raw.fits with expected size 8429760. [astroquery.query]
INFO: Found cached file /mnt/c/Users/eluru/CALTECH_SURF_2026/WORK/data/SN2021FXY/mastDownload/HST/oeck04030/oeck04030_flt.fits with expected size 10535040. [astroquery.query]
INFO: Found cached file /mnt/c/Users/eluru/CALTECH_SURF_2026/WORK/data/SN2021FXY/mastDownload/HST/oeck04010/oeck04010_crj.fits with expected size 10537920. [astroquery.query]
INFO: Found cached file /mnt/c/Users/eluru/CALTECH_SURF_2026/WORK/data/SN2021FXY/mastDownload/HST/oeck04010/oeck04010_wav.fits with expected size 2260800. [astroquery.query]
INFO: Found cached file /mnt/c/Users/eluru/CALTECH_SURF_2026/WORK/data/SN2021FXY/mastDownload/HST/oeck04010/oeck04010_raw.fits with expected size 4501440. [astroquery.query]
INFO: Found cached file /mnt/c/Users/eluru/CALTECH_SURF_2026/WORK/data/SN2021FXY/mastDownload/HST/oeck04010/oeck04010_flt.fits with expected size 21052800. [astroquery.query]
SN2021FXY: downloaded 54 products (18 obs)
DOWNLOADDONE


$ /home/ishaang6/miniforge3/envs/surf_uv/bin/python /mnt/c/Users/eluru/CALTECH_SURF_2026/WORK/scripts/reduce_stis_batch.py /mnt/c/Users/eluru/CALTECH_SURF_2026/WORK/data/SN2021FXY SN2021FXY --outroot output5 --z 0.009 --expl-mjd 59290.725
PCTAB    PEDIGREE=INFLIGHT 18/05/1997 19/12/1998
PCTAB    DESCRIP =Added/updated values for 31X0.05NDA,31X0.05NDB,31X0.05NDC apertures
TDSTAB   oref$97a1546po_tds.fits
TDSTAB   PEDIGREE=INFLIGHT 01/04/1997 13/05/2025
TDSTAB   DESCRIP =Updated time sensitivities for MIRNUV and L, M, and H modes.
FLUXCORR PERFORM
FLUXCORR COMPLETE
SGEOCORR OMIT

         Row 1 written to disk.
Order 1  End 16:51:25 PDT

         trace was rotated by = -0.00807858 degree.
Imset 1  End 16:51:25 PDT

Warning    Keyword `XTRACALG' is being added to header.
End      15-Aug-2026 16:51:25 PDT

*** CALSTIS-6 complete ***
git tag: 4ac2384-dirty
git branch: main
HEAD @: 4ac2384d4b81f58ea6aed6f2977aadc15beb6b0f

*** CALSTIS-6 -- Version 3.5.0 (02-Feb-2026) ***
Begin    15-Aug-2026 16:51:26 PDT

Warning    Grating-aperture throughput correction table (GACTAB) was not found,

         and no gac corrections will be applied
Input    /mnt/c/Users/eluru/CALTECH_SURF_2026/WORK/data/SN2021FXY/mastDownload/HST/oeck10020/oeck10020_flt.fits
Output   output5/SN2021FXY/STIS/MAMA/2021-03-30_day13/G230L/oeck10020_x1d.fits
Rootname oeck10020
OBSMODE  ACCUM
APERTURE 52X0.1
OPT_ELEM G230L
DETECTOR NUV-MAMA

XTRACTAB oref$a5e1953co_1dx.fits
XTRACTAB PEDIGREE=INFLIGHT 29/05/1997 29/05/1997
XTRACTAB DESCRIP =Analysis from prop. 7064 and ground data
XTRACTAB DESCRIP =Analysis from prop. 7064
SPTRCTAB oref$a5e19539o_1dt.fits
SPTRCTAB PEDIGREE=INFLIGHT 27/02/1997 06/01/2010
SPTRCTAB DESCRIP =New traces for select echelle secondary modes

Imset 1  Begin 16:51:26 PDT
         Input read into memory.
Order 1  Begin 16:51:29 PDT
X1DCORR  PERFORM
BACKCORR PERFORM
******** Calling Slfit ***********
BACKCORR COMPLETE
X1DCORR  COMPLETE
         Spectrum extracted at y position = 519.762

DISPCORR PERFORM
DISPTAB  oref$m7p16111o_dsp.fits
DISPTAB  PEDIGREE=INFLIGHT 23/01/1999 23/01/1999
DISPTAB  DESCRIP =Dispersion coefficients reference table
DISPTAB  DESCRIP =INFLIGHT Cal. Disp. Coeffs
APDESTAB oref$16j16005o_apd.fits
APDESTAB PEDIGREE=INFLIGHT 01/03/1997 13/06/2017
APDESTAB DESCRIP =Aligned long-slit bar positions for single-bar cases.--------------
APDESTAB DESCRIP =Microscope Meas./Hartig Post-launch Offsets
INANGTAB oref$l3m1437ro_iac.fits
INANGTAB DESCRIP =Prelaunch Calibration/Lindler and Models
DISPCORR COMPLETE

HELCORR  PERFORM
HELCORR  COMPLETE

PHOTTAB  oref$a5e1953do_pht.fits
PHOTTAB  PEDIGREE=INFLIGHT 27/02/1997 16/03/2021
PHOTTAB  DESCRIP =May 2026 recalibration
APERTAB  oref$y2r1559to_apt.fits
APERTAB  PEDIGREE=MODEL
APERTAB  DESCRIP =Added/updated values for 31X0.05NDA,31X0.05NDB,31X0.05NDC apertures
APERTAB  DESCRIP =Bohlin/Hartig TIM Models Nov. 1998
PCTAB    oref$y2r16006o_pct.fits
PCTAB    PEDIGREE=INFLIGHT 18/05/1997 19/12/1998
PCTAB    DESCRIP =Added/updated values for 31X0.05NDA,31X0.05NDB,31X0.05NDC apertures
TDSTAB   oref$97a1546po_tds.fits
TDSTAB   PEDIGREE=INFLIGHT 01/04/1997 13/05/2025
TDSTAB   DESCRIP =Updated time sensitivities for MIRNUV and L, M, and H modes.
FLUXCORR PERFORM
FLUXCORR COMPLETE
SGEOCORR OMIT

         Row 1 written to disk.
Order 1  End 16:51:29 PDT

         trace was rotated by = -0.00807869 degree.
Imset 1  End 16:51:29 PDT

Warning    Keyword `XTRACALG' is being added to header.
End      15-Aug-2026 16:51:29 PDT

*** CALSTIS-6 complete ***
14 STIS science exposures for SN2021FXY (0 dropped: texptime<5.0s)
X1D oeck02010 G430L es 13 flags none
X1D oeck02020 G230L es 11 flags none
RETRY-FINDER oeck03010 a2center=170.0
X1D oeck03010 G430L es 13 flags ['finder_fail', 'extended_host']
RETRY-FINDER oeck03020 a2center=585.7
X1D oeck03020 G230L es 11 flags ['low_detect']
X1D oeck04010 G430L es 13 flags none
X1D oeck04020 G230L es 11 flags none
X1D oeck04030 G230L es 11 flags none
X1D oeck04040 G230L es 11 flags none
X1D oeck09010 G430L es 13 flags none
X1D oeck09020 G230L es 11 flags none
X1D oeck09030 G230L es 11 flags none
X1D oeck09040 G230L es 11 flags none
X1D oeck10010 G230L es 11 flags none
X1D oeck10020 G230L es 11 flags none
BATCHDONE

/home/ishaang6/miniforge3/envs/surf_uv/lib/python3.12/site-packages/stsci/tools/nmpfit.py:8: UserWarning: NMPFIT is deprecated - stsci.tools v 3.5 is the last version to contain it.
  warnings.warn("NMPFIT is deprecated - stsci.tools v 3.5 is the last version to contain it.")
/home/ishaang6/miniforge3/envs/surf_uv/lib/python3.12/site-packages/stsci/tools/gfit.py:18: UserWarning: GFIT is deprecated - stsci.tools v 3.4.12 is the last version to contain it.Use astropy.modeling instead.
  warnings.warn("GFIT is deprecated - stsci.tools v 3.4.12 is the last version to contain it."

$ /home/ishaang6/miniforge3/envs/surf_uv/bin/python /mnt/c/Users/eluru/CALTECH_SURF_2026/WORK/scripts/build_products.py SN2021FXY --outroot output5 --z 0.009 --early-skip-dir  --expl-mjd 59290.725
built products for SN2021FXY: 5 epochs



===== SN1993J-STIS  z=0.000113  STIS=True COS=True =====
$ /home/ishaang6/miniforge3/envs/surf_uv/bin/python /mnt/c/Users/eluru/CALTECH_SURF_2026/WORK/scripts/download_all.py SN1993J-STIS
ected size 8429760. [astroquery.query]
INFO: Found cached file /mnt/c/Users/eluru/CALTECH_SURF_2026/WORK/data/SN1993J-STIS/mastDownload/HST/o5i230020/o5i230020_flt.fits with expected size 10535040. [astroquery.query]
INFO: Found cached file /mnt/c/Users/eluru/CALTECH_SURF_2026/WORK/data/SN1993J-STIS/mastDownload/HST/o5i230030/o5i230030_wav.fits with expected size 4262400. [astroquery.query]
INFO: Found cached file /mnt/c/Users/eluru/CALTECH_SURF_2026/WORK/data/SN1993J-STIS/mastDownload/HST/o5i230030/o5i230030_raw.fits with expected size 8429760. [astroquery.query]
INFO: Found cached file /mnt/c/Users/eluru/CALTECH_SURF_2026/WORK/data/SN1993J-STIS/mastDownload/HST/o5i230030/o5i230030_flt.fits with expected size 10535040. [astroquery.query]
INFO: Found cached file /mnt/c/Users/eluru/CALTECH_SURF_2026/WORK/data/SN1993J-STIS/mastDownload/HST/o5i230040/o5i230040_wav.fits with expected size 4262400. [astroquery.query]
INFO: Found cached file /mnt/c/Users/eluru/CALTECH_SURF_2026/WORK/data/SN1993J-STIS/mastDownload/HST/o5i230040/o5i230040_raw.fits with expected size 8429760. [astroquery.query]
INFO: Found cached file /mnt/c/Users/eluru/CALTECH_SURF_2026/WORK/data/SN1993J-STIS/mastDownload/HST/o5i230040/o5i230040_flt.fits with expected size 10535040. [astroquery.query]
INFO: Found cached file /mnt/c/Users/eluru/CALTECH_SURF_2026/WORK/data/SN1993J-STIS/mastDownload/HST/o5i230050/o5i230050_wav.fits with expected size 4262400. [astroquery.query]
INFO: Found cached file /mnt/c/Users/eluru/CALTECH_SURF_2026/WORK/data/SN1993J-STIS/mastDownload/HST/o5i230050/o5i230050_raw.fits with expected size 8429760. [astroquery.query]
INFO: Found cached file /mnt/c/Users/eluru/CALTECH_SURF_2026/WORK/data/SN1993J-STIS/mastDownload/HST/o5i230050/o5i230050_flt.fits with expected size 10535040. [astroquery.query]
INFO: Found cached file /mnt/c/Users/eluru/CALTECH_SURF_2026/WORK/data/SN1993J-STIS/mastDownload/HST/o5i230060/o5i230060_wav.fits with expected size 4262400. [astroquery.query]
INFO: Found cached file /mnt/c/Users/eluru/CALTECH_SURF_2026/WORK/data/SN1993J-STIS/mastDownload/HST/o5i230060/o5i230060_raw.fits with expected size 8429760. [astroquery.query]
INFO: Found cached file /mnt/c/Users/eluru/CALTECH_SURF_2026/WORK/data/SN1993J-STIS/mastDownload/HST/o5i230060/o5i230060_flt.fits with expected size 10535040. [astroquery.query]
INFO: Found cached file /mnt/c/Users/eluru/CALTECH_SURF_2026/WORK/data/SN1993J-STIS/mastDownload/HST/o5i235010/o5i235010_wav.fits with expected size 4262400. [astroquery.query]
INFO: Found cached file /mnt/c/Users/eluru/CALTECH_SURF_2026/WORK/data/SN1993J-STIS/mastDownload/HST/o5i235010/o5i235010_raw.fits with expected size 8429760. [astroquery.query]
INFO: Found cached file /mnt/c/Users/eluru/CALTECH_SURF_2026/WORK/data/SN1993J-STIS/mastDownload/HST/o5i235010/o5i235010_flt.fits with expected size 10535040. [astroquery.query]
INFO: Found cached file /mnt/c/Users/eluru/CALTECH_SURF_2026/WORK/data/SN1993J-STIS/mastDownload/HST/o5i235020/o5i235020_wav.fits with expected size 4262400. [astroquery.query]
INFO: Found cached file /mnt/c/Users/eluru/CALTECH_SURF_2026/WORK/data/SN1993J-STIS/mastDownload/HST/o5i235020/o5i235020_raw.fits with expected size 8429760. [astroquery.query]
INFO: Found cached file /mnt/c/Users/eluru/CALTECH_SURF_2026/WORK/data/SN1993J-STIS/mastDownload/HST/o5i235020/o5i235020_flt.fits with expected size 10535040. [astroquery.query]
INFO: Found cached file /mnt/c/Users/eluru/CALTECH_SURF_2026/WORK/data/SN1993J-STIS/mastDownload/HST/o5i235030/o5i235030_wav.fits with expected size 4262400. [astroquery.query]
INFO: Found cached file /mnt/c/Users/eluru/CALTECH_SURF_2026/WORK/data/SN1993J-STIS/mastDownload/HST/o5i235030/o5i235030_raw.fits with expected size 8429760. [astroquery.query]
INFO: Found cached file /mnt/c/Users/eluru/CALTECH_SURF_2026/WORK/data/SN1993J-STIS/mastDownload/HST/o5i235030/o5i235030_flt.fits with expected size 10535040. [astroquery.query]
SN1993J-STIS: downloaded 54 products (18 obs)
DOWNLOADDONE


$ /home/ishaang6/miniforge3/envs/surf_uv/bin/python /mnt/c/Users/eluru/CALTECH_SURF_2026/WORK/scripts/reduce_stis_batch.py /mnt/c/Users/eluru/CALTECH_SURF_2026/WORK/data/SN1993J-STIS SN1993J-STIS --outroot output5 --z 0.000113 --expl-mjd 49074.0
230M, E230M, and E230H modes
FLUXCORR PERFORM
FLUXCORR COMPLETE
SGEOCORR OMIT

         Row 1 written to disk.
Order 1  End 16:52:19 PDT

         trace was rotated by = 0.00615304 degree.
Imset 1  End 16:52:19 PDT

Warning    Keyword `XTRACALG' is being added to header.
End      15-Aug-2026 16:52:20 PDT

*** CALSTIS-6 complete ***
git tag: 4ac2384-dirty
git branch: main
HEAD @: 4ac2384d4b81f58ea6aed6f2977aadc15beb6b0f

*** CALSTIS-6 -- Version 3.5.0 (02-Feb-2026) ***
Begin    15-Aug-2026 16:52:20 PDT

Warning    Grating-aperture throughput correction table (GACTAB) was not found,

         and no gac corrections will be applied
Input    /mnt/c/Users/eluru/CALTECH_SURF_2026/WORK/data/SN1993J-STIS/mastDownload/HST/o5i235030/o5i235030_flt.fits
Output   output5/SN1993J-STIS/STIS/MAMA/2000-04-24_day2584/G230L/o5i235030_x1d.fits
Rootname o5i235030
OBSMODE  ACCUM
APERTURE 52X0.2
OPT_ELEM G230L
DETECTOR NUV-MAMA

XTRACTAB oref$l3m1437to_1dx.fits
XTRACTAB PEDIGREE=INFLIGHT 29/05/97
XTRACTAB DESCRIP =Analysis from prop. 7064 and ground data
XTRACTAB DESCRIP =Analysis from prop. 7064
SPTRCTAB oref$a5e1953fo_1dt.fits
SPTRCTAB PEDIGREE=INFLIGHT 27/02/1997 06/01/2010
SPTRCTAB DESCRIP =New traces for select echelle secondary modes

Imset 1  Begin 16:52:21 PDT
         Input read into memory.
Order 1  Begin 16:52:22 PDT
X1DCORR  PERFORM
BACKCORR PERFORM
******** Calling Slfit ***********
BACKCORR COMPLETE
X1DCORR  COMPLETE
         Spectrum extracted at y position = 549.605

DISPCORR PERFORM
DISPTAB  oref$m7p16111o_dsp.fits
DISPTAB  PEDIGREE=INFLIGHT 23/01/1999 23/01/1999
DISPTAB  DESCRIP =Dispersion coefficients reference table
DISPTAB  DESCRIP =INFLIGHT Cal. Disp. Coeffs
APDESTAB oref$16j16005o_apd.fits
APDESTAB PEDIGREE=INFLIGHT 01/03/1997 13/06/2017
APDESTAB DESCRIP =Aligned long-slit bar positions for single-bar cases.--------------
APDESTAB DESCRIP =Microscope Meas./Hartig Post-launch Offsets
INANGTAB oref$l3m1437ro_iac.fits
INANGTAB DESCRIP =Prelaunch Calibration/Lindler and Models
DISPCORR COMPLETE

HELCORR  PERFORM
HELCORR  COMPLETE

PHOTTAB  oref$9511857co_pht.fits
PHOTTAB  PEDIGREE=INFLIGHT 27/02/1997 16/03/2021
PHOTTAB  DESCRIP =Fullerton 2025 calibration
APERTAB  oref$y2r1559to_apt.fits
APERTAB  PEDIGREE=MODEL
APERTAB  DESCRIP =Added/updated values for 31X0.05NDA,31X0.05NDB,31X0.05NDC apertures
APERTAB  DESCRIP =Bohlin/Hartig TIM Models Nov. 1998
PCTAB    oref$y2r16006o_pct.fits
PCTAB    PEDIGREE=INFLIGHT 18/05/1997 19/12/1998
PCTAB    DESCRIP =Added/updated values for 31X0.05NDA,31X0.05NDB,31X0.05NDC apertures
TDSTAB   oref$q9s1550lo_tds.fits
TDSTAB   PEDIGREE=INFLIGHT 01/04/1996 08/04/2004
TDSTAB   DESCRIP =New sensitivities for  G230L, E230M, E230M, and E230H modes
FLUXCORR PERFORM
FLUXCORR COMPLETE
SGEOCORR OMIT

         Row 1 written to disk.
Order 1  End 16:52:22 PDT

         trace was rotated by = 0.00615349 degree.
Imset 1  End 16:52:22 PDT

Warning    Keyword `XTRACALG' is being added to header.
End      15-Aug-2026 16:52:22 PDT

*** CALSTIS-6 complete ***
18 STIS science exposures for SN1993J-STIS (0 dropped: texptime<5.0s)
X1D o48z30010 G140L es 11 flags ['low_detect', 'center_mismatch(651vs444)']
X1D o48z30020 G140L es 11 flags ['low_detect', 'center_mismatch(651vs436)']
X1D o48z30030 G140L es 11 flags ['low_detect', 'center_mismatch(651vs326)']
X1D o48z30040 G140L es 11 flags ['low_detect', 'center_mismatch(651vs434)']
X1D o48z30050 G140L es 11 flags ['low_detect', 'center_mismatch(651vs426)']
X1D o48z30060 G140L es 11 flags ['low_detect', 'center_mismatch(652vs419)']
X1D o48z35010 G230L es 11 flags none
X1D o48z35020 G230L es 11 flags none
X1D o48z35030 G230L es 11 flags none
X1D o5i230010 G140L es 11 flags none
X1D o5i230020 G140L es 11 flags none
X1D o5i230030 G140L es 11 flags none
X1D o5i230040 G140L es 11 flags none
X1D o5i230050 G140L es 11 flags none
X1D o5i230060 G140L es 11 flags none
X1D o5i235010 G230L es 11 flags none
X1D o5i235020 G230L es 11 flags none
X1D o5i235030 G230L es 11 flags none
BATCHDONE

/home/ishaang6/miniforge3/envs/surf_uv/lib/python3.12/site-packages/stsci/tools/nmpfit.py:8: UserWarning: NMPFIT is deprecated - stsci.tools v 3.5 is the last version to contain it.
  warnings.warn("NMPFIT is deprecated - stsci.tools v 3.5 is the last version to contain it.")
/home/ishaang6/miniforge3/envs/surf_uv/lib/python3.12/site-packages/stsci/tools/gfit.py:18: UserWarning: GFIT is deprecated - stsci.tools v 3.4.12 is the last version to contain it.Use astropy.modeling instead.
  warnings.warn("GFIT is deprecated - stsci.tools v 3.4.12 is the last version to contain it."

$ /home/ishaang6/miniforge3/envs/surf_uv/bin/python /mnt/c/Users/eluru/CALTECH_SURF_2026/WORK/scripts/cos_products.py SN1993J-STIS --outroot output5 --z 0.000113 --expl-mjd 49074.0
COS SN1993J-STIS 2012-03-31_day6943 FUV G140L (1 exp)
COS SN1993J-STIS 2012-04-06_day6950 NUV G230L (1 exp)
COS SN1993J-STIS 2012-04-11_day6955 NUV G230L (2 exp)
COSDONE


$ /home/ishaang6/miniforge3/envs/surf_uv/bin/python /mnt/c/Users/eluru/CALTECH_SURF_2026/WORK/scripts/build_products.py SN1993J-STIS --outroot output5 --z 0.000113 --early-skip-dir  --expl-mjd 49074.0
built products for SN1993J-STIS: 7 epochs



===== SN2022WSP  z=0.007318  STIS=True COS=False =====
$ /home/ishaang6/miniforge3/envs/surf_uv/bin/python /mnt/c/Users/eluru/CALTECH_SURF_2026/WORK/scripts/download_all.py SN2022WSP
ata/SN2022WSP/mastDownload/HST/oemz03010/oemz03010_wav.fits with expected size 4262400. [astroquery.query]
INFO: Found cached file /mnt/c/Users/eluru/CALTECH_SURF_2026/WORK/data/SN2022WSP/mastDownload/HST/oemz03010/oemz03010_raw.fits with expected size 8429760. [astroquery.query]
INFO: Found cached file /mnt/c/Users/eluru/CALTECH_SURF_2026/WORK/data/SN2022WSP/mastDownload/HST/oemz03010/oemz03010_flt.fits with expected size 10535040. [astroquery.query]
INFO: Found cached file /mnt/c/Users/eluru/CALTECH_SURF_2026/WORK/data/SN2022WSP/mastDownload/HST/oemz22020/oemz22020_wav.fits with expected size 4262400. [astroquery.query]
INFO: Found cached file /mnt/c/Users/eluru/CALTECH_SURF_2026/WORK/data/SN2022WSP/mastDownload/HST/oemz22020/oemz22020_raw.fits with expected size 8429760. [astroquery.query]
INFO: Found cached file /mnt/c/Users/eluru/CALTECH_SURF_2026/WORK/data/SN2022WSP/mastDownload/HST/oemz22020/oemz22020_flt.fits with expected size 10535040. [astroquery.query]
INFO: Found cached file /mnt/c/Users/eluru/CALTECH_SURF_2026/WORK/data/SN2022WSP/mastDownload/HST/oemz22040/oemz22040_wav.fits with expected size 2139840. [astroquery.query]
INFO: Found cached file /mnt/c/Users/eluru/CALTECH_SURF_2026/WORK/data/SN2022WSP/mastDownload/HST/oemz22040/oemz22040_raw.fits with expected size 8429760. [astroquery.query]
INFO: Found cached file /mnt/c/Users/eluru/CALTECH_SURF_2026/WORK/data/SN2022WSP/mastDownload/HST/oemz22040/oemz22040_flt.fits with expected size 10535040. [astroquery.query]
INFO: Found cached file /mnt/c/Users/eluru/CALTECH_SURF_2026/WORK/data/SN2022WSP/mastDownload/HST/oemz22010/oemz22010_wav.fits with expected size 4262400. [astroquery.query]
INFO: Found cached file /mnt/c/Users/eluru/CALTECH_SURF_2026/WORK/data/SN2022WSP/mastDownload/HST/oemz22010/oemz22010_raw.fits with expected size 8429760. [astroquery.query]
INFO: Found cached file /mnt/c/Users/eluru/CALTECH_SURF_2026/WORK/data/SN2022WSP/mastDownload/HST/oemz22010/oemz22010_flt.fits with expected size 10535040. [astroquery.query]
INFO: Found cached file /mnt/c/Users/eluru/CALTECH_SURF_2026/WORK/data/SN2022WSP/mastDownload/HST/oemz22030/oemz22030_wav.fits with expected size 4262400. [astroquery.query]
INFO: Found cached file /mnt/c/Users/eluru/CALTECH_SURF_2026/WORK/data/SN2022WSP/mastDownload/HST/oemz22030/oemz22030_raw.fits with expected size 8429760. [astroquery.query]
INFO: Found cached file /mnt/c/Users/eluru/CALTECH_SURF_2026/WORK/data/SN2022WSP/mastDownload/HST/oemz22030/oemz22030_flt.fits with expected size 10535040. [astroquery.query]
INFO: Found cached file /mnt/c/Users/eluru/CALTECH_SURF_2026/WORK/data/SN2022WSP/mastDownload/HST/oemz22060/oemz22060_crj.fits with expected size 10537920. [astroquery.query]
INFO: Found cached file /mnt/c/Users/eluru/CALTECH_SURF_2026/WORK/data/SN2022WSP/mastDownload/HST/oemz22060/oemz22060_wav.fits with expected size 2260800. [astroquery.query]
INFO: Found cached file /mnt/c/Users/eluru/CALTECH_SURF_2026/WORK/data/SN2022WSP/mastDownload/HST/oemz22060/oemz22060_raw.fits with expected size 4501440. [astroquery.query]
INFO: Found cached file /mnt/c/Users/eluru/CALTECH_SURF_2026/WORK/data/SN2022WSP/mastDownload/HST/oemz22060/oemz22060_flt.fits with expected size 21052800. [astroquery.query]
INFO: Found cached file /mnt/c/Users/eluru/CALTECH_SURF_2026/WORK/data/SN2022WSP/mastDownload/HST/oemz22050/oemz22050_crj.fits with expected size 10537920. [astroquery.query]
INFO: Found cached file /mnt/c/Users/eluru/CALTECH_SURF_2026/WORK/data/SN2022WSP/mastDownload/HST/oemz22050/oemz22050_wav.fits with expected size 2260800. [astroquery.query]
INFO: Found cached file /mnt/c/Users/eluru/CALTECH_SURF_2026/WORK/data/SN2022WSP/mastDownload/HST/oemz22050/oemz22050_raw.fits with expected size 4501440. [astroquery.query]
INFO: Found cached file /mnt/c/Users/eluru/CALTECH_SURF_2026/WORK/data/SN2022WSP/mastDownload/HST/oemz22050/oemz22050_flt.fits with expected size 21052800. [astroquery.query]
SN2022WSP: downloaded 72 products (22 obs)
DOWNLOADDONE


$ /home/ishaang6/miniforge3/envs/surf_uv/bin/python /mnt/c/Users/eluru/CALTECH_SURF_2026/WORK/scripts/reduce_stis_batch.py /mnt/c/Users/eluru/CALTECH_SURF_2026/WORK/data/SN2022WSP SN2022WSP --outroot output5 --z 0.007318 --expl-mjd 59855.0
54:21 PDT

INFO     'E1' has been appended to aperture
Input    /mnt/c/Users/eluru/CALTECH_SURF_2026/WORK/data/SN2022WSP/mastDownload/HST/oemz22060/oemz22060_crj.fits
Output   output5/SN2022WSP/STIS/CCD/2023-01-10_day100/G750L/oemz22060_x1d.fits
Rootname oemz22060
OBSMODE  ACCUM
APERTURE 52X0.2E1
OPT_ELEM G750L
DETECTOR CCD

XTRACTAB oref$n7p1031qo_1dx.fits
XTRACTAB PEDIGREE=INFLIGHT 18/05/97
XTRACTAB DESCRIP =Analysis from prop. 7094
XTRACTAB DESCRIP =Analysis from prop. 7094
SPTRCTAB oref$qa31608go_1dt.fits
SPTRCTAB PEDIGREE=INFLIGHT 02/09/1997 13/02/1998
SPTRCTAB DESCRIP =New traces to account for angle change with time

Imset 1  Begin 16:54:21 PDT
         Input read into memory.
Order 1  Begin 16:54:23 PDT
X1DCORR  PERFORM
BACKCORR PERFORM
******** Calling Slfit ***********
BACKCORR COMPLETE
X1DCORR  COMPLETE
         Spectrum extracted at y position = 893.994

DISPCORR PERFORM
DISPTAB  oref$l2j0137to_dsp.fits
DISPTAB  PEDIGREE=INFLIGHT 27/02/1997 24/11/1999
DISPTAB  DESCRIP =Lindler, May 2000
DISPTAB  DESCRIP =Lindler Postlaunch, May 2000
APDESTAB oref$16j16005o_apd.fits
APDESTAB PEDIGREE=INFLIGHT 01/03/1997 13/06/2017
APDESTAB DESCRIP =Aligned long-slit bar positions for single-bar cases.--------------
APDESTAB DESCRIP =Offset relative to row 900
INANGTAB oref$h5s11397o_iac.fits
INANGTAB DESCRIP =Model/C. Bowers May 6, 1997
DISPCORR COMPLETE

HELCORR  PERFORM
HELCORR  COMPLETE

PHOTTAB  oref$95118575o_pht.fits
PHOTTAB  PEDIGREE=INFLIGHT 27/02/1997 16/03/2021
PHOTTAB  DESCRIP =Fullerton 2025 calibration
APERTAB  oref$y2r1559to_apt.fits
APERTAB  PEDIGREE=MODEL
APERTAB  DESCRIP =Added/updated values for 31X0.05NDA,31X0.05NDB,31X0.05NDC apertures
APERTAB  DESCRIP =Bohlin/Hartig TIM Models Nov. 1998
GACTAB   oref$p9r19203o_gac.fits
GACTAB   PEDIGREE=INFLIGHT 22/04/2002 03/08/2004
GACTAB   DESCRIP =X1D flux corr for grating/aper combos
GACTAB   DESCRIP =Grating-Aperture Throughput Correction
PCTAB    oref$q541740po_pct.fits
PCTAB    PEDIGREE=INFLIGHT 18/05/1997 19/12/1998
PCTAB    DESCRIP =Sensitivity for diff. extractions heights
TDSTAB   oref$8712049eo_tds.fits
TDSTAB   PEDIGREE=INFLIGHT 01/04/1997 06/03/2024
TDSTAB   DESCRIP =Updated time sensitivities for MIRVIS, G230LB, and G230MB
FLUXCORR PERFORM
CTECORR  PERFORM
CCDTAB   oref$16j1600do_ccd.fits
CCDTAB   PEDIGREE=INFLIGHT 01/05/2009 01/05/2009
CCDTAB   DESCRIP =Updated amp=D gain=4 atodgain and corresponding readnoise values---
CCDTAB   DESCRIP =Proposal 8057, by I. Dashevsky & P. Goudfrooij
         GACTAB correction applied for G750L 52X0.2E1 7751
CTECORR  COMPLETE
FLUXCORR COMPLETE
SGEOCORR OMIT

         Row 1 written to disk.
Order 1  End 16:54:23 PDT

         trace was rotated by = 0.0941217 degree.
Imset 1  End 16:54:23 PDT

Warning    Keyword `XTRACALG' is being added to header.
End      15-Aug-2026 16:54:23 PDT

*** CALSTIS-6 complete ***
22 STIS science exposures for SN2022WSP (0 dropped: texptime<5.0s)
X1D oemz01010 G230L es 11 flags none
X1D oemz01020 G230L es 11 flags none
X1D oemz01030 G230L es 11 flags none
X1D oemz01040 G230L es 11 flags none
X1D oemz01050 G230L es 11 flags none
X1D oemz01060 G230L es 11 flags none
X1D oemz01070 G430L es 13 flags none
X1D oemz01080 G750L es 15 flags ['no_defringe(no_flat)']
X1D oemz03010 G230L es 11 flags none
X1D oemz03020 G230L es 11 flags none
X1D oemz03030 G230L es 11 flags none
X1D oemz03040 G230L es 11 flags none
X1D oemz03050 G230L es 11 flags none
X1D oemz03060 G230L es 11 flags none
X1D oemz03070 G430L es 13 flags none
X1D oemz03080 G750L es 15 flags ['no_defringe(no_flat)']
RETRY-FINDER oemz22010 a2center=505.0
X1D oemz22010 G230L es 11 flags ['low_detect']
RETRY-FINDER oemz22020 a2center=461.6
X1D oemz22020 G230L es 11 flags ['low_detect']
RETRY-FINDER oemz22030 a2center=507.0
X1D oemz22030 G230L es 11 flags ['low_detect']
RETRY-FINDER oemz22040 a2center=457.0
X1D oemz22040 G230L es 11 flags ['low_detect']
X1D oemz22050 G430L es 13 flags none
X1D oemz22060 G750L es 15 flags ['no_defringe(no_flat)']
BATCHDONE

/home/ishaang6/miniforge3/envs/surf_uv/lib/python3.12/site-packages/stsci/tools/nmpfit.py:8: UserWarning: NMPFIT is deprecated - stsci.tools v 3.5 is the last version to contain it.
  warnings.warn("NMPFIT is deprecated - stsci.tools v 3.5 is the last version to contain it.")
/home/ishaang6/miniforge3/envs/surf_uv/lib/python3.12/site-packages/stsci/tools/gfit.py:18: UserWarning: GFIT is deprecated - stsci.tools v 3.4.12 is the last version to contain it.Use astropy.modeling instead.
  warnings.warn("GFIT is deprecated - stsci.tools v 3.4.12 is the last version to contain it."

$ /home/ishaang6/miniforge3/envs/surf_uv/bin/python /mnt/c/Users/eluru/CALTECH_SURF_2026/WORK/scripts/build_products.py SN2022WSP --outroot output5 --z 0.007318 --early-skip-dir  --expl-mjd 59855.0
built products for SN2022WSP: 3 epochs



===== PSN2037+6607  z=0.0  STIS=True COS=False =====
$ /home/ishaang6/miniforge3/envs/surf_uv/bin/python /mnt/c/Users/eluru/CALTECH_SURF_2026/WORK/scripts/download_all.py PSN2037+6607
cted size 4262400. [astroquery.query]
INFO: Found cached file /mnt/c/Users/eluru/CALTECH_SURF_2026/WORK/data/PSN2037+6607/mastDownload/HST/ocmy03010/ocmy03010_raw.fits with expected size 8429760. [astroquery.query]
INFO: Found cached file /mnt/c/Users/eluru/CALTECH_SURF_2026/WORK/data/PSN2037+6607/mastDownload/HST/ocmy03010/ocmy03010_flt.fits with expected size 10535040. [astroquery.query]
INFO: Found cached file /mnt/c/Users/eluru/CALTECH_SURF_2026/WORK/data/PSN2037+6607/mastDownload/HST/ocmy03020/ocmy03020_wav.fits with expected size 4262400. [astroquery.query]
INFO: Found cached file /mnt/c/Users/eluru/CALTECH_SURF_2026/WORK/data/PSN2037+6607/mastDownload/HST/ocmy03020/ocmy03020_raw.fits with expected size 8429760. [astroquery.query]
INFO: Found cached file /mnt/c/Users/eluru/CALTECH_SURF_2026/WORK/data/PSN2037+6607/mastDownload/HST/ocmy03020/ocmy03020_flt.fits with expected size 10535040. [astroquery.query]
INFO: Found cached file /mnt/c/Users/eluru/CALTECH_SURF_2026/WORK/data/PSN2037+6607/mastDownload/HST/ocmy03030/ocmy03030_wav.fits with expected size 4262400. [astroquery.query]
INFO: Found cached file /mnt/c/Users/eluru/CALTECH_SURF_2026/WORK/data/PSN2037+6607/mastDownload/HST/ocmy03030/ocmy03030_raw.fits with expected size 8429760. [astroquery.query]
INFO: Found cached file /mnt/c/Users/eluru/CALTECH_SURF_2026/WORK/data/PSN2037+6607/mastDownload/HST/ocmy03030/ocmy03030_flt.fits with expected size 10535040. [astroquery.query]
INFO: Found cached file /mnt/c/Users/eluru/CALTECH_SURF_2026/WORK/data/PSN2037+6607/mastDownload/HST/ocmy03040/ocmy03040_wav.fits with expected size 4262400. [astroquery.query]
INFO: Found cached file /mnt/c/Users/eluru/CALTECH_SURF_2026/WORK/data/PSN2037+6607/mastDownload/HST/ocmy03040/ocmy03040_raw.fits with expected size 8429760. [astroquery.query]
INFO: Found cached file /mnt/c/Users/eluru/CALTECH_SURF_2026/WORK/data/PSN2037+6607/mastDownload/HST/ocmy03040/ocmy03040_flt.fits with expected size 10535040. [astroquery.query]
INFO: Found cached file /mnt/c/Users/eluru/CALTECH_SURF_2026/WORK/data/PSN2037+6607/mastDownload/HST/ocmy03050/ocmy03050_wav.fits with expected size 2139840. [astroquery.query]
INFO: Found cached file /mnt/c/Users/eluru/CALTECH_SURF_2026/WORK/data/PSN2037+6607/mastDownload/HST/ocmy03050/ocmy03050_raw.fits with expected size 8429760. [astroquery.query]
INFO: Found cached file /mnt/c/Users/eluru/CALTECH_SURF_2026/WORK/data/PSN2037+6607/mastDownload/HST/ocmy03050/ocmy03050_flt.fits with expected size 10535040. [astroquery.query]
INFO: Found cached file /mnt/c/Users/eluru/CALTECH_SURF_2026/WORK/data/PSN2037+6607/mastDownload/HST/ocmy03060/ocmy03060_crj.fits with expected size 10537920. [astroquery.query]
INFO: Found cached file /mnt/c/Users/eluru/CALTECH_SURF_2026/WORK/data/PSN2037+6607/mastDownload/HST/ocmy03060/ocmy03060_wav.fits with expected size 2260800. [astroquery.query]
INFO: Found cached file /mnt/c/Users/eluru/CALTECH_SURF_2026/WORK/data/PSN2037+6607/mastDownload/HST/ocmy03060/ocmy03060_raw.fits with expected size 4501440. [astroquery.query]
INFO: Found cached file /mnt/c/Users/eluru/CALTECH_SURF_2026/WORK/data/PSN2037+6607/mastDownload/HST/ocmy03060/ocmy03060_flt.fits with expected size 21052800. [astroquery.query]
INFO: Found cached file /mnt/c/Users/eluru/CALTECH_SURF_2026/WORK/data/PSN2037+6607/mastDownload/HST/ocmy03070/ocmy03070_crj.fits with expected size 10537920. [astroquery.query]
INFO: Found cached file /mnt/c/Users/eluru/CALTECH_SURF_2026/WORK/data/PSN2037+6607/mastDownload/HST/ocmy03070/ocmy03070_wav.fits with expected size 2260800. [astroquery.query]
INFO: Found cached file /mnt/c/Users/eluru/CALTECH_SURF_2026/WORK/data/PSN2037+6607/mastDownload/HST/ocmy03070/ocmy03070_raw.fits with expected size 4501440. [astroquery.query]
INFO: Found cached file /mnt/c/Users/eluru/CALTECH_SURF_2026/WORK/data/PSN2037+6607/mastDownload/HST/ocmy03070/ocmy03070_flt.fits with expected size 21052800. [astroquery.query]
PSN2037+6607: downloaded 72 products (22 obs)
DOWNLOADDONE


$ /home/ishaang6/miniforge3/envs/surf_uv/bin/python /mnt/c/Users/eluru/CALTECH_SURF_2026/WORK/scripts/reduce_stis_batch.py /mnt/c/Users/eluru/CALTECH_SURF_2026/WORK/data/PSN2037+6607 PSN2037+6607 --outroot output5 --z 0.0 --expl-mjd 57104.0
fits
SPTRCTAB PEDIGREE=INFLIGHT 02/09/1997 13/02/1998
SPTRCTAB DESCRIP =New traces to account for angle change with time

Imset 1  Begin 16:54:56 PDT
         Input read into memory.
Order 1  Begin 16:54:57 PDT
X1DCORR  PERFORM
BACKCORR PERFORM
******** Calling Slfit ***********
BACKCORR COMPLETE
X1DCORR  COMPLETE
         Spectrum extracted at y position = 892.6

DISPCORR PERFORM
DISPTAB  oref$l2j0137to_dsp.fits
DISPTAB  PEDIGREE=INFLIGHT 27/02/1997 24/11/1999
DISPTAB  DESCRIP =Lindler, May 2000
DISPTAB  DESCRIP =Lindler Postlaunch, May 2000
APDESTAB oref$16j16005o_apd.fits
APDESTAB PEDIGREE=INFLIGHT 01/03/1997 13/06/2017
APDESTAB DESCRIP =Aligned long-slit bar positions for single-bar cases.--------------
APDESTAB DESCRIP =Offset relative to row 900
INANGTAB oref$h5s11397o_iac.fits
INANGTAB DESCRIP =Model/C. Bowers May 6, 1997
DISPCORR COMPLETE

HELCORR  PERFORM
HELCORR  COMPLETE

PHOTTAB  oref$95118575o_pht.fits
PHOTTAB  PEDIGREE=INFLIGHT 27/02/1997 16/03/2021
PHOTTAB  DESCRIP =Fullerton 2025 calibration
APERTAB  oref$y2r1559to_apt.fits
APERTAB  PEDIGREE=MODEL
APERTAB  DESCRIP =Added/updated values for 31X0.05NDA,31X0.05NDB,31X0.05NDC apertures
APERTAB  DESCRIP =Bohlin/Hartig TIM Models Nov. 1998
GACTAB   oref$p9r19203o_gac.fits
GACTAB   PEDIGREE=INFLIGHT 22/04/2002 03/08/2004
GACTAB   DESCRIP =X1D flux corr for grating/aper combos
GACTAB   DESCRIP =Grating-Aperture Throughput Correction
PCTAB    oref$q541740po_pct.fits
PCTAB    PEDIGREE=INFLIGHT 18/05/1997 19/12/1998
PCTAB    DESCRIP =Sensitivity for diff. extractions heights
TDSTAB   oref$8712049eo_tds.fits
TDSTAB   PEDIGREE=INFLIGHT 01/04/1997 06/03/2024
TDSTAB   DESCRIP =Updated time sensitivities for MIRVIS, G230LB, and G230MB
FLUXCORR PERFORM
CTECORR  PERFORM
CCDTAB   oref$16j1600do_ccd.fits
CCDTAB   PEDIGREE=INFLIGHT 01/05/2009 01/05/2009
CCDTAB   DESCRIP =Updated amp=D gain=4 atodgain and corresponding readnoise values---
CCDTAB   DESCRIP =Proposal 8057, by I. Dashevsky & P. Goudfrooij
         GACTAB correction applied for G750L 52X0.2E1 7751
CTECORR  COMPLETE
FLUXCORR COMPLETE
SGEOCORR OMIT

         Row 1 written to disk.
Order 1  End 16:54:58 PDT

         trace was rotated by = 0.0655308 degree.
Imset 1  End 16:54:58 PDT

Warning    Keyword `XTRACALG' is being added to header.
End      15-Aug-2026 16:54:58 PDT

*** CALSTIS-6 complete ***
22 STIS science exposures for PSN2037+6607 (0 dropped: texptime<5.0s)
X1D ocmy01010 G230L es 11 flags none
X1D ocmy01020 G230L es 11 flags none
X1D ocmy01030 G230L es 11 flags none
X1D ocmy01040 G230L es 11 flags ['center_mismatch(554vs546)']
X1D ocmy01050 G230L es 11 flags none
X1D ocmy01060 G230L es 11 flags ['low_detect', 'center_mismatch(576vs564)']
X1D ocmy01070 G430L es 9 flags ['center_mismatch(220vs893)']
X1D ocmy01080 G750L es 15 flags ['no_defringe(no_flat)']
RETRY-FINDER ocmy02010 a2center=519.0
X1D ocmy02010 G230L es 11 flags ['low_detect']
RETRY-FINDER ocmy02020 a2center=479.9
X1D ocmy02020 G230L es 11 flags ['low_detect']
X1D ocmy02030 G230L es 11 flags ['low_detect', 'center_mismatch(-1vs539)']
X1D ocmy02040 G230L es 11 flags ['low_detect', 'center_mismatch(1026vs574)']
RETRY-FINDER ocmy02050 a2center=486.0
X1D ocmy02050 G230L es 11 flags ['low_detect']
RETRY-FINDER ocmy02060 a2center=892.0
X1D ocmy02060 G430L es 9 flags none
RETRY-FINDER ocmy02070 a2center=892.7
X1D ocmy02070 G750L es 15 flags ['extended_host', 'no_defringe(no_flat)']
RETRY-FINDER ocmy03010 a2center=457.0
X1D ocmy03010 G230L es 11 flags ['low_detect']
X1D ocmy03020 G230L es 11 flags ['low_detect', 'center_mismatch(1026vs539)']
X1D ocmy03030 G230L es 11 flags ['low_detect', 'center_mismatch(1025vs483)']
RETRY-FINDER ocmy03040 a2center=546.0
X1D ocmy03040 G230L es 11 flags ['low_detect']
RETRY-FINDER ocmy03050 a2center=471.0
X1D ocmy03050 G230L es 11 flags ['low_detect']
RETRY-FINDER ocmy03060 a2center=892.0
X1D ocmy03060 G430L es 9 flags none
RETRY-FINDER ocmy03070 a2center=892.6
X1D ocmy03070 G750L es 15 flags ['no_defringe(no_flat)']
BATCHDONE

/home/ishaang6/miniforge3/envs/surf_uv/lib/python3.12/site-packages/stsci/tools/nmpfit.py:8: UserWarning: NMPFIT is deprecated - stsci.tools v 3.5 is the last version to contain it.
  warnings.warn("NMPFIT is deprecated - stsci.tools v 3.5 is the last version to contain it.")
/home/ishaang6/miniforge3/envs/surf_uv/lib/python3.12/site-packages/stsci/tools/gfit.py:18: UserWarning: GFIT is deprecated - stsci.tools v 3.4.12 is the last version to contain it.Use astropy.modeling instead.
  warnings.warn("GFIT is deprecated - stsci.tools v 3.4.12 is the last version to contain it."

$ /home/ishaang6/miniforge3/envs/surf_uv/bin/python /mnt/c/Users/eluru/CALTECH_SURF_2026/WORK/scripts/build_products.py PSN2037+6607 --outroot output5 --z 0.0 --early-skip-dir  --expl-mjd 57104.0
built products for PSN2037+6607: 3 epochs



===== SN2002AP  z=0.002  STIS=True COS=False =====
$ /home/ishaang6/miniforge3/envs/surf_uv/bin/python /mnt/c/Users/eluru/CALTECH_SURF_2026/WORK/scripts/download_all.py SN2002AP
CALTECH_SURF_2026/WORK/data/SN2002AP/mastDownload/HST/o6gl65010/o6gl65010_crj.fits with expected size 10537920. [astroquery.query]
INFO: Found cached file /mnt/c/Users/eluru/CALTECH_SURF_2026/WORK/data/SN2002AP/mastDownload/HST/o6gl65010/o6gl65010_wav.fits with expected size 2260800. [astroquery.query]
INFO: Found cached file /mnt/c/Users/eluru/CALTECH_SURF_2026/WORK/data/SN2002AP/mastDownload/HST/o6gl65010/o6gl65010_raw.fits with expected size 4501440. [astroquery.query]
INFO: Found cached file /mnt/c/Users/eluru/CALTECH_SURF_2026/WORK/data/SN2002AP/mastDownload/HST/o6gl65010/o6gl65010_flt.fits with expected size 21052800. [astroquery.query]
INFO: Found cached file /mnt/c/Users/eluru/CALTECH_SURF_2026/WORK/data/SN2002AP/mastDownload/HST/o6gl65020/o6gl65020_crj.fits with expected size 10537920. [astroquery.query]
INFO: Found cached file /mnt/c/Users/eluru/CALTECH_SURF_2026/WORK/data/SN2002AP/mastDownload/HST/o6gl65020/o6gl65020_wav.fits with expected size 2260800. [astroquery.query]
INFO: Found cached file /mnt/c/Users/eluru/CALTECH_SURF_2026/WORK/data/SN2002AP/mastDownload/HST/o6gl65020/o6gl65020_raw.fits with expected size 4501440. [astroquery.query]
INFO: Found cached file /mnt/c/Users/eluru/CALTECH_SURF_2026/WORK/data/SN2002AP/mastDownload/HST/o6gl65020/o6gl65020_flt.fits with expected size 21052800. [astroquery.query]
INFO: Found cached file /mnt/c/Users/eluru/CALTECH_SURF_2026/WORK/data/SN2002AP/mastDownload/HST/o6gl65030/o6gl65030_wav.fits with expected size 4262400. [astroquery.query]
INFO: Found cached file /mnt/c/Users/eluru/CALTECH_SURF_2026/WORK/data/SN2002AP/mastDownload/HST/o6gl65030/o6gl65030_raw.fits with expected size 8429760. [astroquery.query]
INFO: Found cached file /mnt/c/Users/eluru/CALTECH_SURF_2026/WORK/data/SN2002AP/mastDownload/HST/o6gl65030/o6gl65030_flt.fits with expected size 10535040. [astroquery.query]
INFO: Found cached file /mnt/c/Users/eluru/CALTECH_SURF_2026/WORK/data/SN2002AP/mastDownload/HST/o6gl65040/o6gl65040_wav.fits with expected size 4262400. [astroquery.query]
INFO: Found cached file /mnt/c/Users/eluru/CALTECH_SURF_2026/WORK/data/SN2002AP/mastDownload/HST/o6gl65040/o6gl65040_raw.fits with expected size 8429760. [astroquery.query]
INFO: Found cached file /mnt/c/Users/eluru/CALTECH_SURF_2026/WORK/data/SN2002AP/mastDownload/HST/o6gl65040/o6gl65040_flt.fits with expected size 10535040. [astroquery.query]
INFO: Found cached file /mnt/c/Users/eluru/CALTECH_SURF_2026/WORK/data/SN2002AP/mastDownload/HST/o6gl65050/o6gl65050_wav.fits with expected size 4262400. [astroquery.query]
INFO: Found cached file /mnt/c/Users/eluru/CALTECH_SURF_2026/WORK/data/SN2002AP/mastDownload/HST/o6gl65050/o6gl65050_raw.fits with expected size 8429760. [astroquery.query]
INFO: Found cached file /mnt/c/Users/eluru/CALTECH_SURF_2026/WORK/data/SN2002AP/mastDownload/HST/o6gl65050/o6gl65050_flt.fits with expected size 10535040. [astroquery.query]
INFO: Found cached file /mnt/c/Users/eluru/CALTECH_SURF_2026/WORK/data/SN2002AP/mastDownload/HST/o6gl66010/o6gl66010_wav.fits with expected size 4262400. [astroquery.query]
INFO: Found cached file /mnt/c/Users/eluru/CALTECH_SURF_2026/WORK/data/SN2002AP/mastDownload/HST/o6gl66010/o6gl66010_raw.fits with expected size 8429760. [astroquery.query]
INFO: Found cached file /mnt/c/Users/eluru/CALTECH_SURF_2026/WORK/data/SN2002AP/mastDownload/HST/o6gl66010/o6gl66010_flt.fits with expected size 10535040. [astroquery.query]
INFO: Found cached file /mnt/c/Users/eluru/CALTECH_SURF_2026/WORK/data/SN2002AP/mastDownload/HST/o6gl66020/o6gl66020_wav.fits with expected size 2139840. [astroquery.query]
INFO: Found cached file /mnt/c/Users/eluru/CALTECH_SURF_2026/WORK/data/SN2002AP/mastDownload/HST/o6gl66020/o6gl66020_raw.fits with expected size 8429760. [astroquery.query]
INFO: Found cached file /mnt/c/Users/eluru/CALTECH_SURF_2026/WORK/data/SN2002AP/mastDownload/HST/o6gl66020/o6gl66020_flt.fits with expected size 10535040. [astroquery.query]
SN2002AP: downloaded 77 products (23 obs)
DOWNLOADDONE


$ /home/ishaang6/miniforge3/envs/surf_uv/bin/python /mnt/c/Users/eluru/CALTECH_SURF_2026/WORK/scripts/reduce_stis_batch.py /mnt/c/Users/eluru/CALTECH_SURF_2026/WORK/data/SN2002AP SN2002AP --outroot output5 --z 0.002 --expl-mjd 52303.0
 15-Aug-2026 16:55:31 PDT

Warning    Grating-aperture throughput correction table (GACTAB) was not found,

         and no gac corrections will be applied
Input    /mnt/c/Users/eluru/CALTECH_SURF_2026/WORK/data/SN2002AP/mastDownload/HST/o6gl66020/o6gl66020_flt.fits
Output   output5/SN2002AP/STIS/MAMA/2003-01-09_day346/G230L/o6gl66020_x1d.fits
Rootname o6gl66020
OBSMODE  ACCUM
APERTURE 52X0.2
OPT_ELEM G230L
DETECTOR NUV-MAMA

XTRACTAB oref$l3m1437to_1dx.fits
XTRACTAB PEDIGREE=INFLIGHT 29/05/97
XTRACTAB DESCRIP =Analysis from prop. 7064 and ground data
XTRACTAB DESCRIP =Analysis from prop. 7064
SPTRCTAB oref$a5e19539o_1dt.fits
SPTRCTAB PEDIGREE=INFLIGHT 27/02/1997 06/01/2010
SPTRCTAB DESCRIP =New traces for select echelle secondary modes

Imset 1  Begin 16:55:31 PDT
         Input read into memory.
Order 1  Begin 16:55:32 PDT
X1DCORR  PERFORM
BACKCORR PERFORM
******** Calling Slfit ***********
BACKCORR COMPLETE
X1DCORR  COMPLETE

DISPCORR PERFORM
DISPTAB  oref$m7p16111o_dsp.fits
DISPTAB  PEDIGREE=INFLIGHT 23/01/1999 23/01/1999
DISPTAB  DESCRIP =Dispersion coefficients reference table
DISPTAB  DESCRIP =INFLIGHT Cal. Disp. Coeffs
APDESTAB oref$16j16005o_apd.fits
APDESTAB PEDIGREE=INFLIGHT 01/03/1997 13/06/2017
APDESTAB DESCRIP =Aligned long-slit bar positions for single-bar cases.--------------
APDESTAB DESCRIP =Microscope Meas./Hartig Post-launch Offsets
INANGTAB oref$l3m1437ro_iac.fits
INANGTAB DESCRIP =Prelaunch Calibration/Lindler and Models
DISPCORR COMPLETE

HELCORR  PERFORM
HELCORR  COMPLETE

PHOTTAB  oref$9511857ao_pht.fits
PHOTTAB  PEDIGREE=INFLIGHT 27/02/1997 16/03/2021
PHOTTAB  DESCRIP =Fullerton 2025 calibration
APERTAB  oref$y2r1559to_apt.fits
APERTAB  PEDIGREE=MODEL
APERTAB  DESCRIP =Added/updated values for 31X0.05NDA,31X0.05NDB,31X0.05NDC apertures
APERTAB  DESCRIP =Bohlin/Hartig TIM Models Nov. 1998
PCTAB    oref$y2r16006o_pct.fits
PCTAB    PEDIGREE=INFLIGHT 18/05/1997 19/12/1998
PCTAB    DESCRIP =Added/updated values for 31X0.05NDA,31X0.05NDB,31X0.05NDC apertures
TDSTAB   oref$q9s1550lo_tds.fits
TDSTAB   PEDIGREE=INFLIGHT 01/04/1996 08/04/2004
TDSTAB   DESCRIP =New sensitivities for  G230L, E230M, E230M, and E230H modes
FLUXCORR PERFORM
FLUXCORR COMPLETE
SGEOCORR OMIT

         Row 1 written to disk.
Order 1  End 16:55:32 PDT

         trace was rotated by = 0.00467428 degree.
Imset 1  End 16:55:32 PDT

Warning    Keyword `XTRACALG' is being added to header.
End      15-Aug-2026 16:55:32 PDT

*** CALSTIS-6 complete ***
23 STIS science exposures for SN2002AP (0 dropped: texptime<5.0s)
X1D o6gl40010 G430L es 17 flags none
X1D o6gl40020 G140L es 11 flags none
X1D o6gl40030 G140L es 11 flags none
X1D o6gl40040 G230LB es 15 flags none
X1D o6gl42010 G430L es 17 flags none
X1D o6gl42020 G140L es 11 flags ['low_detect', 'center_mismatch(588vs452)']
X1D o6gl42030 G140L es 11 flags ['low_detect', 'center_mismatch(511vs409)']
X1D o6gl42040 G140L es 11 flags ['low_detect', 'center_mismatch(510vs441)']
RETRY-FINDER o6gl43010 a2center=893.0
X1D o6gl43010 G230LB es 15 flags ['extended_host']
RETRY-FINDER o6gl43020 a2center=902.8
X1D o6gl43020 G230LB es 15 flags none
X1D o6gl60020 G430L es 17 flags none
X1D o6gl60030 G140L es 11 flags ['low_detect', 'center_mismatch(513vs390)']
X1D o6gl60040 G140L es 11 flags ['low_detect', 'center_mismatch(512vs355)']
X1D o6gl60050 G140L es 11 flags ['low_detect', 'center_mismatch(514vs472)']
X1D o6gl61010 G230L es 11 flags none
X1D o6gl61020 G230L es 11 flags none
RETRY-FINDER o6gl65010 a2center=508.9
X1D o6gl65010 G430L es 17 flags ['extended_host']
X1D o6gl65020 G430L es 17 flags ['extended_host']
X1D o6gl65030 G140L es 11 flags ['low_detect', 'center_mismatch(511vs371)']
X1D o6gl65040 G140L es 11 flags ['low_detect', 'center_mismatch(512vs692)']
X1D o6gl65050 G140L es 11 flags ['low_detect', 'center_mismatch(511vs446)']
RETRY-FINDER o6gl66010 a2center=586.0
X1D o6gl66010 G230L es 11 flags ['low_detect']
X1D o6gl66020 G230L es 11 flags ['low_detect', 'center_mismatch(1026vs449)']
BATCHDONE

/home/ishaang6/miniforge3/envs/surf_uv/lib/python3.12/site-packages/stsci/tools/nmpfit.py:8: UserWarning: NMPFIT is deprecated - stsci.tools v 3.5 is the last version to contain it.
  warnings.warn("NMPFIT is deprecated - stsci.tools v 3.5 is the last version to contain it.")
/home/ishaang6/miniforge3/envs/surf_uv/lib/python3.12/site-packages/stsci/tools/gfit.py:18: UserWarning: GFIT is deprecated - stsci.tools v 3.4.12 is the last version to contain it.Use astropy.modeling instead.
  warnings.warn("GFIT is deprecated - stsci.tools v 3.4.12 is the last version to contain it."

$ /home/ishaang6/miniforge3/envs/surf_uv/bin/python /mnt/c/Users/eluru/CALTECH_SURF_2026/WORK/scripts/build_products.py SN2002AP --outroot output5 --z 0.002 --early-skip-dir  --expl-mjd 52303.0
built products for SN2002AP: 7 epochs



===== SN2021YJA  z=0.005307  STIS=True COS=False =====
$ /home/ishaang6/miniforge3/envs/surf_uv/bin/python /mnt/c/Users/eluru/CALTECH_SURF_2026/WORK/scripts/download_all.py SN2021YJA
N2021YJA/mastDownload/HST/oec803020/oec803020_wav.fits with expected size 6742080. [astroquery.query]
INFO: Found cached file /mnt/c/Users/eluru/CALTECH_SURF_2026/WORK/data/SN2021YJA/mastDownload/HST/oec803020/oec803020_raw.fits with expected size 13464000. [astroquery.query]
INFO: Found cached file /mnt/c/Users/eluru/CALTECH_SURF_2026/WORK/data/SN2021YJA/mastDownload/HST/oec803020/oec803020_flt.fits with expected size 63112320. [astroquery.query]
INFO: Found cached file /mnt/c/Users/eluru/CALTECH_SURF_2026/WORK/data/SN2021YJA/mastDownload/HST/oec803030/oec803030_crj.fits with expected size 10537920. [astroquery.query]
INFO: Found cached file /mnt/c/Users/eluru/CALTECH_SURF_2026/WORK/data/SN2021YJA/mastDownload/HST/oec803030/oec803030_wav.fits with expected size 4501440. [astroquery.query]
INFO: Found cached file /mnt/c/Users/eluru/CALTECH_SURF_2026/WORK/data/SN2021YJA/mastDownload/HST/oec803030/oec803030_raw.fits with expected size 13464000. [astroquery.query]
INFO: Found cached file /mnt/c/Users/eluru/CALTECH_SURF_2026/WORK/data/SN2021YJA/mastDownload/HST/oec803030/oec803030_flt.fits with expected size 63112320. [astroquery.query]
INFO: Found cached file /mnt/c/Users/eluru/CALTECH_SURF_2026/WORK/data/SN2021YJA/mastDownload/HST/oec803080/oec803080_crj.fits with expected size 10537920. [astroquery.query]
INFO: Found cached file /mnt/c/Users/eluru/CALTECH_SURF_2026/WORK/data/SN2021YJA/mastDownload/HST/oec803080/oec803080_wav.fits with expected size 2260800. [astroquery.query]
INFO: Found cached file /mnt/c/Users/eluru/CALTECH_SURF_2026/WORK/data/SN2021YJA/mastDownload/HST/oec803080/oec803080_raw.fits with expected size 4501440. [astroquery.query]
INFO: Found cached file /mnt/c/Users/eluru/CALTECH_SURF_2026/WORK/data/SN2021YJA/mastDownload/HST/oec803080/oec803080_flt.fits with expected size 21052800. [astroquery.query]
INFO: Found cached file /mnt/c/Users/eluru/CALTECH_SURF_2026/WORK/data/SN2021YJA/mastDownload/HST/oec803070/oec803070_crj.fits with expected size 10537920. [astroquery.query]
INFO: Found cached file /mnt/c/Users/eluru/CALTECH_SURF_2026/WORK/data/SN2021YJA/mastDownload/HST/oec803070/oec803070_wav.fits with expected size 2260800. [astroquery.query]
INFO: Found cached file /mnt/c/Users/eluru/CALTECH_SURF_2026/WORK/data/SN2021YJA/mastDownload/HST/oec803070/oec803070_raw.fits with expected size 4501440. [astroquery.query]
INFO: Found cached file /mnt/c/Users/eluru/CALTECH_SURF_2026/WORK/data/SN2021YJA/mastDownload/HST/oec803070/oec803070_flt.fits with expected size 21052800. [astroquery.query]
INFO: Found cached file /mnt/c/Users/eluru/CALTECH_SURF_2026/WORK/data/SN2021YJA/mastDownload/HST/oec803050/oec803050_crj.fits with expected size 10537920. [astroquery.query]
INFO: Found cached file /mnt/c/Users/eluru/CALTECH_SURF_2026/WORK/data/SN2021YJA/mastDownload/HST/oec803050/oec803050_wav.fits with expected size 6742080. [astroquery.query]
INFO: Found cached file /mnt/c/Users/eluru/CALTECH_SURF_2026/WORK/data/SN2021YJA/mastDownload/HST/oec803050/oec803050_raw.fits with expected size 13464000. [astroquery.query]
INFO: Found cached file /mnt/c/Users/eluru/CALTECH_SURF_2026/WORK/data/SN2021YJA/mastDownload/HST/oec803050/oec803050_flt.fits with expected size 63112320. [astroquery.query]
INFO: Found cached file /mnt/c/Users/eluru/CALTECH_SURF_2026/WORK/data/SN2021YJA/mastDownload/HST/oec803060/oec803060_crj.fits with expected size 10537920. [astroquery.query]
INFO: Found cached file /mnt/c/Users/eluru/CALTECH_SURF_2026/WORK/data/SN2021YJA/mastDownload/HST/oec803060/oec803060_wav.fits with expected size 4501440. [astroquery.query]
INFO: Found cached file /mnt/c/Users/eluru/CALTECH_SURF_2026/WORK/data/SN2021YJA/mastDownload/HST/oec803060/oec803060_raw.fits with expected size 8982720. [astroquery.query]
INFO: Found cached file /mnt/c/Users/eluru/CALTECH_SURF_2026/WORK/data/SN2021YJA/mastDownload/HST/oec803060/oec803060_flt.fits with expected size 42082560. [astroquery.query]
SN2021YJA: downloaded 92 products (23 obs)
DOWNLOADDONE


$ /home/ishaang6/miniforge3/envs/surf_uv/bin/python /mnt/c/Users/eluru/CALTECH_SURF_2026/WORK/scripts/reduce_stis_batch.py /mnt/c/Users/eluru/CALTECH_SURF_2026/WORK/data/SN2021YJA SN2021YJA --outroot output5 --z 0.005307 --expl-mjd 59465.55
6 -- Version 3.5.0 (02-Feb-2026) ***
Begin    15-Aug-2026 16:57:20 PDT

INFO     'E1' has been appended to aperture
Input    /mnt/c/Users/eluru/CALTECH_SURF_2026/WORK/data/SN2021YJA/mastDownload/HST/oec803080/oec803080_crj.fits
Output   output5/SN2021YJA/STIS/CCD/2021-09-28_day20/G750L/oec803080_x1d.fits
Rootname oec803080
OBSMODE  ACCUM
APERTURE 52X0.2E1
OPT_ELEM G750L
DETECTOR CCD

XTRACTAB oref$n7p1031qo_1dx.fits
XTRACTAB PEDIGREE=INFLIGHT 18/05/97
XTRACTAB DESCRIP =Analysis from prop. 7094
XTRACTAB DESCRIP =Analysis from prop. 7094
SPTRCTAB oref$qa31608go_1dt.fits
SPTRCTAB PEDIGREE=INFLIGHT 02/09/1997 13/02/1998
SPTRCTAB DESCRIP =New traces to account for angle change with time

Imset 1  Begin 16:57:20 PDT
         Input read into memory.
Order 1  Begin 16:57:22 PDT
X1DCORR  PERFORM
BACKCORR PERFORM
******** Calling Slfit ***********
BACKCORR COMPLETE
X1DCORR  COMPLETE
         Spectrum extracted at y position = 893.972

DISPCORR PERFORM
DISPTAB  oref$l2j0137to_dsp.fits
DISPTAB  PEDIGREE=INFLIGHT 27/02/1997 24/11/1999
DISPTAB  DESCRIP =Lindler, May 2000
DISPTAB  DESCRIP =Lindler Postlaunch, May 2000
APDESTAB oref$16j16005o_apd.fits
APDESTAB PEDIGREE=INFLIGHT 01/03/1997 13/06/2017
APDESTAB DESCRIP =Aligned long-slit bar positions for single-bar cases.--------------
APDESTAB DESCRIP =Offset relative to row 900
INANGTAB oref$h5s11397o_iac.fits
INANGTAB DESCRIP =Model/C. Bowers May 6, 1997
DISPCORR COMPLETE

HELCORR  PERFORM
HELCORR  COMPLETE

PHOTTAB  oref$95118575o_pht.fits
PHOTTAB  PEDIGREE=INFLIGHT 27/02/1997 16/03/2021
PHOTTAB  DESCRIP =Fullerton 2025 calibration
APERTAB  oref$y2r1559to_apt.fits
APERTAB  PEDIGREE=MODEL
APERTAB  DESCRIP =Added/updated values for 31X0.05NDA,31X0.05NDB,31X0.05NDC apertures
APERTAB  DESCRIP =Bohlin/Hartig TIM Models Nov. 1998
GACTAB   oref$p9r19203o_gac.fits
GACTAB   PEDIGREE=INFLIGHT 22/04/2002 03/08/2004
GACTAB   DESCRIP =X1D flux corr for grating/aper combos
GACTAB   DESCRIP =Grating-Aperture Throughput Correction
PCTAB    oref$q541740po_pct.fits
PCTAB    PEDIGREE=INFLIGHT 18/05/1997 19/12/1998
PCTAB    DESCRIP =Sensitivity for diff. extractions heights
TDSTAB   oref$8712049eo_tds.fits
TDSTAB   PEDIGREE=INFLIGHT 01/04/1997 06/03/2024
TDSTAB   DESCRIP =Updated time sensitivities for MIRVIS, G230LB, and G230MB
FLUXCORR PERFORM
CTECORR  PERFORM
CCDTAB   oref$16j1600do_ccd.fits
CCDTAB   PEDIGREE=INFLIGHT 01/05/2009 01/05/2009
CCDTAB   DESCRIP =Updated amp=D gain=4 atodgain and corresponding readnoise values---
CCDTAB   DESCRIP =Proposal 8057, by I. Dashevsky & P. Goudfrooij
Warning    No exact extraction box height match in PCTAB.
Warning    Using entry for height 21
         GACTAB correction applied for G750L 52X0.2E1 7751
CTECORR  COMPLETE
FLUXCORR COMPLETE
SGEOCORR OMIT

         Row 1 written to disk.
Order 1  End 16:57:22 PDT

         trace was rotated by = 0.0893713 degree.
Imset 1  End 16:57:22 PDT

Warning    Keyword `XTRACALG' is being added to header.
End      15-Aug-2026 16:57:22 PDT

*** CALSTIS-6 complete ***
23 STIS science exposures for SN2021YJA (0 dropped: texptime<5.0s)
X1D oec801010 G230LB es 7 flags none
X1D oec801020 G230LB es 7 flags none
X1D oec801030 G230LB es 7 flags none
X1D oec801040 G230LB es 7 flags none
X1D oec801050 G230LB es 7 flags none
X1D oec801060 G230LB es 7 flags none
X1D oec801070 G430L es 13 flags none
X1D oec801080 G750L es 19 flags ['no_defringe(no_flat)']
X1D oec802010 G230LB es 7 flags none
X1D oec802020 G230LB es 7 flags none
X1D oec802030 G230LB es 7 flags none
X1D oec802040 G230LB es 7 flags none
X1D oec802050 G230LB es 7 flags none
X1D oec802060 G430L es 13 flags none
X1D oec802070 G750L es 19 flags ['no_defringe(no_flat)']
X1D oec803010 G230LB es 7 flags none
X1D oec803020 G230LB es 7 flags none
X1D oec803030 G230LB es 7 flags none
X1D oec803040 G230LB es 7 flags none
X1D oec803050 G230LB es 7 flags none
X1D oec803060 G230LB es 7 flags none
X1D oec803070 G430L es 13 flags none
X1D oec803080 G750L es 19 flags ['no_defringe(no_flat)']
BATCHDONE

/home/ishaang6/miniforge3/envs/surf_uv/lib/python3.12/site-packages/stsci/tools/nmpfit.py:8: UserWarning: NMPFIT is deprecated - stsci.tools v 3.5 is the last version to contain it.
  warnings.warn("NMPFIT is deprecated - stsci.tools v 3.5 is the last version to contain it.")
/home/ishaang6/miniforge3/envs/surf_uv/lib/python3.12/site-packages/stsci/tools/gfit.py:18: UserWarning: GFIT is deprecated - stsci.tools v 3.4.12 is the last version to contain it.Use astropy.modeling instead.
  warnings.warn("GFIT is deprecated - stsci.tools v 3.4.12 is the last version to contain it."

$ /home/ishaang6/miniforge3/envs/surf_uv/bin/python /mnt/c/Users/eluru/CALTECH_SURF_2026/WORK/scripts/build_products.py SN2021YJA --outroot output5 --z 0.005307 --early-skip-dir  --expl-mjd 59465.55
built products for SN2021YJA: 3 epochs



===== SN2009IP  z=0.006  STIS=True COS=True =====
$ /home/ishaang6/miniforge3/envs/surf_uv/bin/python /mnt/c/Users/eluru/CALTECH_SURF_2026/WORK/scripts/download_all.py SN2009IP
/CALTECH_SURF_2026/WORK/data/SN2009IP/mastDownload/HST/ocdd01050/ocdd01050_raw.fits with expected size 8429760. [astroquery.query]
INFO: Found cached file /mnt/c/Users/eluru/CALTECH_SURF_2026/WORK/data/SN2009IP/mastDownload/HST/ocdd01050/ocdd01050_flt.fits with expected size 10535040. [astroquery.query]
INFO: Found cached file /mnt/c/Users/eluru/CALTECH_SURF_2026/WORK/data/SN2009IP/mastDownload/HST/ocdd01060/ocdd01060_wav.fits with expected size 2139840. [astroquery.query]
INFO: Found cached file /mnt/c/Users/eluru/CALTECH_SURF_2026/WORK/data/SN2009IP/mastDownload/HST/ocdd01060/ocdd01060_raw.fits with expected size 8429760. [astroquery.query]
INFO: Found cached file /mnt/c/Users/eluru/CALTECH_SURF_2026/WORK/data/SN2009IP/mastDownload/HST/ocdd01060/ocdd01060_flt.fits with expected size 10535040. [astroquery.query]
INFO: Found cached file /mnt/c/Users/eluru/CALTECH_SURF_2026/WORK/data/SN2009IP/mastDownload/HST/ocdd01070/ocdd01070_wav.fits with expected size 2139840. [astroquery.query]
INFO: Found cached file /mnt/c/Users/eluru/CALTECH_SURF_2026/WORK/data/SN2009IP/mastDownload/HST/ocdd01070/ocdd01070_raw.fits with expected size 8429760. [astroquery.query]
INFO: Found cached file /mnt/c/Users/eluru/CALTECH_SURF_2026/WORK/data/SN2009IP/mastDownload/HST/ocdd01070/ocdd01070_flt.fits with expected size 10535040. [astroquery.query]
INFO: Found cached file /mnt/c/Users/eluru/CALTECH_SURF_2026/WORK/data/SN2009IP/mastDownload/HST/ocdd01080/ocdd01080_wav.fits with expected size 2139840. [astroquery.query]
INFO: Found cached file /mnt/c/Users/eluru/CALTECH_SURF_2026/WORK/data/SN2009IP/mastDownload/HST/ocdd01080/ocdd01080_raw.fits with expected size 8429760. [astroquery.query]
INFO: Found cached file /mnt/c/Users/eluru/CALTECH_SURF_2026/WORK/data/SN2009IP/mastDownload/HST/ocdd01080/ocdd01080_flt.fits with expected size 10535040. [astroquery.query]
INFO: Found cached file /mnt/c/Users/eluru/CALTECH_SURF_2026/WORK/data/SN2009IP/mastDownload/HST/ocdd01090/ocdd01090_wav.fits with expected size 4262400. [astroquery.query]
INFO: Found cached file /mnt/c/Users/eluru/CALTECH_SURF_2026/WORK/data/SN2009IP/mastDownload/HST/ocdd01090/ocdd01090_raw.fits with expected size 8429760. [astroquery.query]
INFO: Found cached file /mnt/c/Users/eluru/CALTECH_SURF_2026/WORK/data/SN2009IP/mastDownload/HST/ocdd01090/ocdd01090_flt.fits with expected size 10535040. [astroquery.query]
INFO: Found cached file /mnt/c/Users/eluru/CALTECH_SURF_2026/WORK/data/SN2009IP/mastDownload/HST/ocdd010a0/ocdd010a0_wav.fits with expected size 4262400. [astroquery.query]
INFO: Found cached file /mnt/c/Users/eluru/CALTECH_SURF_2026/WORK/data/SN2009IP/mastDownload/HST/ocdd010a0/ocdd010a0_raw.fits with expected size 8429760. [astroquery.query]
INFO: Found cached file /mnt/c/Users/eluru/CALTECH_SURF_2026/WORK/data/SN2009IP/mastDownload/HST/ocdd010a0/ocdd010a0_flt.fits with expected size 10535040. [astroquery.query]
INFO: Found cached file /mnt/c/Users/eluru/CALTECH_SURF_2026/WORK/data/SN2009IP/mastDownload/HST/ocdd010b0/ocdd010b0_wav.fits with expected size 4262400. [astroquery.query]
INFO: Found cached file /mnt/c/Users/eluru/CALTECH_SURF_2026/WORK/data/SN2009IP/mastDownload/HST/ocdd010b0/ocdd010b0_raw.fits with expected size 8429760. [astroquery.query]
INFO: Found cached file /mnt/c/Users/eluru/CALTECH_SURF_2026/WORK/data/SN2009IP/mastDownload/HST/ocdd010b0/ocdd010b0_flt.fits with expected size 10535040. [astroquery.query]
INFO: Found cached file /mnt/c/Users/eluru/CALTECH_SURF_2026/WORK/data/SN2009IP/mastDownload/HST/ocdd010c0/ocdd010c0_wav.fits with expected size 4262400. [astroquery.query]
INFO: Found cached file /mnt/c/Users/eluru/CALTECH_SURF_2026/WORK/data/SN2009IP/mastDownload/HST/ocdd010c0/ocdd010c0_raw.fits with expected size 8429760. [astroquery.query]
INFO: Found cached file /mnt/c/Users/eluru/CALTECH_SURF_2026/WORK/data/SN2009IP/mastDownload/HST/ocdd010c0/ocdd010c0_flt.fits with expected size 10535040. [astroquery.query]
SN2009IP: downloaded 52 products (16 obs)
DOWNLOADDONE


$ /home/ishaang6/miniforge3/envs/surf_uv/bin/python /mnt/c/Users/eluru/CALTECH_SURF_2026/WORK/scripts/reduce_stis_batch.py /mnt/c/Users/eluru/CALTECH_SURF_2026/WORK/data/SN2009IP SN2009IP --outroot output5 --z 0.006 --expl-mjd 55069.0
      trace was rotated by = -0.00353482 degree.
Imset 1  End 16:57:10 PDT

Warning    Keyword `XTRACALG' is being added to header.
End      15-Aug-2026 16:57:11 PDT

*** CALSTIS-6 complete ***
git tag: 4ac2384-dirty
git branch: main
HEAD @: 4ac2384d4b81f58ea6aed6f2977aadc15beb6b0f

*** CALSTIS-6 -- Version 3.5.0 (02-Feb-2026) ***
Begin    15-Aug-2026 16:57:12 PDT

Warning    Grating-aperture throughput correction table (GACTAB) was not found,

         and no gac corrections will be applied
Input    /mnt/c/Users/eluru/CALTECH_SURF_2026/WORK/data/SN2009IP/mastDownload/HST/ocdd010c0/ocdd010c0_flt.fits
Output   output5/SN2009IP/STIS/MAMA/2014-10-02_day1863/G230L/ocdd010c0_x1d.fits
Rootname ocdd010c0
OBSMODE  ACCUM
APERTURE 52X0.2
OPT_ELEM G230L
DETECTOR NUV-MAMA

XTRACTAB oref$a5e1953co_1dx.fits
XTRACTAB PEDIGREE=INFLIGHT 29/05/1997 29/05/1997
XTRACTAB DESCRIP =Analysis from prop. 7064 and ground data
XTRACTAB DESCRIP =Analysis from prop. 7064
SPTRCTAB oref$a5e19539o_1dt.fits
SPTRCTAB PEDIGREE=INFLIGHT 27/02/1997 06/01/2010
SPTRCTAB DESCRIP =New traces for select echelle secondary modes

Imset 1  Begin 16:57:12 PDT
         Input read into memory.
Order 1  Begin 16:57:13 PDT
X1DCORR  PERFORM
BACKCORR PERFORM
******** Calling Slfit ***********
BACKCORR COMPLETE
X1DCORR  COMPLETE

DISPCORR PERFORM
DISPTAB  oref$m7p16111o_dsp.fits
DISPTAB  PEDIGREE=INFLIGHT 23/01/1999 23/01/1999
DISPTAB  DESCRIP =Dispersion coefficients reference table
DISPTAB  DESCRIP =INFLIGHT Cal. Disp. Coeffs
APDESTAB oref$16j16005o_apd.fits
APDESTAB PEDIGREE=INFLIGHT 01/03/1997 13/06/2017
APDESTAB DESCRIP =Aligned long-slit bar positions for single-bar cases.--------------
APDESTAB DESCRIP =Microscope Meas./Hartig Post-launch Offsets
INANGTAB oref$l3m1437ro_iac.fits
INANGTAB DESCRIP =Prelaunch Calibration/Lindler and Models
DISPCORR COMPLETE

HELCORR  PERFORM
HELCORR  COMPLETE

PHOTTAB  oref$a5e19538o_pht.fits
PHOTTAB  PEDIGREE=INFLIGHT 27/02/1997 16/03/2021
PHOTTAB  DESCRIP =May 2026 recalibration
APERTAB  oref$y2r1559to_apt.fits
APERTAB  PEDIGREE=MODEL
APERTAB  DESCRIP =Added/updated values for 31X0.05NDA,31X0.05NDB,31X0.05NDC apertures
APERTAB  DESCRIP =Bohlin/Hartig TIM Models Nov. 1998
PCTAB    oref$y2r16006o_pct.fits
PCTAB    PEDIGREE=INFLIGHT 18/05/1997 19/12/1998
PCTAB    DESCRIP =Added/updated values for 31X0.05NDA,31X0.05NDB,31X0.05NDC apertures
TDSTAB   oref$97a1546po_tds.fits
TDSTAB   PEDIGREE=INFLIGHT 01/04/1997 13/05/2025
TDSTAB   DESCRIP =Updated time sensitivities for MIRNUV and L, M, and H modes.
FLUXCORR PERFORM
FLUXCORR COMPLETE
SGEOCORR OMIT

         Row 1 written to disk.
Order 1  End 16:57:14 PDT

         trace was rotated by = -0.00353484 degree.
Imset 1  End 16:57:14 PDT

Warning    Keyword `XTRACALG' is being added to header.
End      15-Aug-2026 16:57:14 PDT

*** CALSTIS-6 complete ***
16 STIS science exposures for SN2009IP (0 dropped: texptime<5.0s)
X1D oc6501010 G230LB es 7 flags none
X1D oc6501020 G230LB es 7 flags none
X1D oc6501030 G430L es 13 flags none
X1D oc6501040 G750L es 23 flags ['no_defringe(no_flat)']
X1D ocdd01010 G140L es 11 flags ['low_detect', 'center_mismatch(512vs320)']
X1D ocdd01020 G140L es 11 flags ['low_detect', 'center_mismatch(997vs364)']
X1D ocdd01030 G140L es 11 flags ['low_detect', 'center_mismatch(1020vs340)']
X1D ocdd01040 G140L es 11 flags ['low_detect', 'center_mismatch(1020vs323)']
X1D ocdd01050 G140L es 11 flags ['low_detect', 'center_mismatch(510vs422)']
X1D ocdd01060 G140L es 11 flags ['low_detect', 'center_mismatch(652vs390)']
X1D ocdd01070 G140L es 11 flags ['low_detect', 'center_mismatch(512vs421)']
X1D ocdd01080 G140L es 11 flags ['low_detect', 'center_mismatch(512vs389)']
X1D ocdd01090 G230L es 11 flags ['low_detect', 'center_mismatch(786vs556)']
X1D ocdd010a0 G230L es 11 flags ['low_detect', 'center_mismatch(1027vs549)']
RETRY-FINDER ocdd010b0 a2center=473.0
X1D ocdd010b0 G230L es 11 flags ['low_detect']
X1D ocdd010c0 G230L es 11 flags ['low_detect', 'center_mismatch(1026vs443)']
BATCHDONE

/home/ishaang6/miniforge3/envs/surf_uv/lib/python3.12/site-packages/stsci/tools/nmpfit.py:8: UserWarning: NMPFIT is deprecated - stsci.tools v 3.5 is the last version to contain it.
  warnings.warn("NMPFIT is deprecated - stsci.tools v 3.5 is the last version to contain it.")
/home/ishaang6/miniforge3/envs/surf_uv/lib/python3.12/site-packages/stsci/tools/gfit.py:18: UserWarning: GFIT is deprecated - stsci.tools v 3.4.12 is the last version to contain it.Use astropy.modeling instead.
  warnings.warn("GFIT is deprecated - stsci.tools v 3.4.12 is the last version to contain it."

$ /home/ishaang6/miniforge3/envs/surf_uv/bin/python /mnt/c/Users/eluru/CALTECH_SURF_2026/WORK/scripts/cos_products.py SN2009IP --outroot output5 --z 0.006 --expl-mjd 55069.0
COS SN2009IP 2012-11-05_day1167 FUV G130M (4 exp)
COS SN2009IP 2012-11-05_day1167 FUV G160M (4 exp)
COSDONE


$ /home/ishaang6/miniforge3/envs/surf_uv/bin/python /mnt/c/Users/eluru/CALTECH_SURF_2026/WORK/scripts/build_products.py SN2009IP --outroot output5 --z 0.006 --early-skip-dir  --expl-mjd 55069.0
built products for SN2009IP: 3 epochs



===== PSNJ0338  z=0.006494  STIS=True COS=False =====
$ /home/ishaang6/miniforge3/envs/surf_uv/bin/python /mnt/c/Users/eluru/CALTECH_SURF_2026/WORK/scripts/download_all.py PSNJ0338
LTECH_SURF_2026/WORK/data/PSNJ0338/mastDownload/HST/obwr15030/obwr15030_flt.fits with expected size 21052800. [astroquery.query]
INFO: Found cached file /mnt/c/Users/eluru/CALTECH_SURF_2026/WORK/data/PSNJ0338/mastDownload/HST/obwr16010/obwr16010_wav.fits with expected size 2139840. [astroquery.query]
INFO: Found cached file /mnt/c/Users/eluru/CALTECH_SURF_2026/WORK/data/PSNJ0338/mastDownload/HST/obwr16010/obwr16010_raw.fits with expected size 8429760. [astroquery.query]
INFO: Found cached file /mnt/c/Users/eluru/CALTECH_SURF_2026/WORK/data/PSNJ0338/mastDownload/HST/obwr16010/obwr16010_flt.fits with expected size 10535040. [astroquery.query]
INFO: Found cached file /mnt/c/Users/eluru/CALTECH_SURF_2026/WORK/data/PSNJ0338/mastDownload/HST/obwr16020/obwr16020_crj.fits with expected size 10537920. [astroquery.query]
INFO: Found cached file /mnt/c/Users/eluru/CALTECH_SURF_2026/WORK/data/PSNJ0338/mastDownload/HST/obwr16020/obwr16020_wav.fits with expected size 2260800. [astroquery.query]
INFO: Found cached file /mnt/c/Users/eluru/CALTECH_SURF_2026/WORK/data/PSNJ0338/mastDownload/HST/obwr16020/obwr16020_raw.fits with expected size 4501440. [astroquery.query]
INFO: Found cached file /mnt/c/Users/eluru/CALTECH_SURF_2026/WORK/data/PSNJ0338/mastDownload/HST/obwr16020/obwr16020_flt.fits with expected size 21052800. [astroquery.query]
INFO: Found cached file /mnt/c/Users/eluru/CALTECH_SURF_2026/WORK/data/PSNJ0338/mastDownload/HST/obwr16030/obwr16030_crj.fits with expected size 10537920. [astroquery.query]
INFO: Found cached file /mnt/c/Users/eluru/CALTECH_SURF_2026/WORK/data/PSNJ0338/mastDownload/HST/obwr16030/obwr16030_wav.fits with expected size 2260800. [astroquery.query]
INFO: Found cached file /mnt/c/Users/eluru/CALTECH_SURF_2026/WORK/data/PSNJ0338/mastDownload/HST/obwr16030/obwr16030_raw.fits with expected size 4501440. [astroquery.query]
INFO: Found cached file /mnt/c/Users/eluru/CALTECH_SURF_2026/WORK/data/PSNJ0338/mastDownload/HST/obwr16030/obwr16030_flt.fits with expected size 21052800. [astroquery.query]
INFO: Found cached file /mnt/c/Users/eluru/CALTECH_SURF_2026/WORK/data/PSNJ0338/mastDownload/HST/obwr17010/obwr17010_wav.fits with expected size 2139840. [astroquery.query]
INFO: Found cached file /mnt/c/Users/eluru/CALTECH_SURF_2026/WORK/data/PSNJ0338/mastDownload/HST/obwr17010/obwr17010_raw.fits with expected size 8429760. [astroquery.query]
INFO: Found cached file /mnt/c/Users/eluru/CALTECH_SURF_2026/WORK/data/PSNJ0338/mastDownload/HST/obwr17010/obwr17010_flt.fits with expected size 10535040. [astroquery.query]
INFO: Found cached file /mnt/c/Users/eluru/CALTECH_SURF_2026/WORK/data/PSNJ0338/mastDownload/HST/obwr17020/obwr17020_crj.fits with expected size 10537920. [astroquery.query]
INFO: Found cached file /mnt/c/Users/eluru/CALTECH_SURF_2026/WORK/data/PSNJ0338/mastDownload/HST/obwr17020/obwr17020_wav.fits with expected size 2260800. [astroquery.query]
INFO: Found cached file /mnt/c/Users/eluru/CALTECH_SURF_2026/WORK/data/PSNJ0338/mastDownload/HST/obwr17020/obwr17020_raw.fits with expected size 4501440. [astroquery.query]
INFO: Found cached file /mnt/c/Users/eluru/CALTECH_SURF_2026/WORK/data/PSNJ0338/mastDownload/HST/obwr17020/obwr17020_flt.fits with expected size 21052800. [astroquery.query]
INFO: Found cached file /mnt/c/Users/eluru/CALTECH_SURF_2026/WORK/data/PSNJ0338/mastDownload/HST/obwr17030/obwr17030_crj.fits with expected size 10537920. [astroquery.query]
INFO: Found cached file /mnt/c/Users/eluru/CALTECH_SURF_2026/WORK/data/PSNJ0338/mastDownload/HST/obwr17030/obwr17030_wav.fits with expected size 2260800. [astroquery.query]
INFO: Found cached file /mnt/c/Users/eluru/CALTECH_SURF_2026/WORK/data/PSNJ0338/mastDownload/HST/obwr17030/obwr17030_raw.fits with expected size 4501440. [astroquery.query]
INFO: Found cached file /mnt/c/Users/eluru/CALTECH_SURF_2026/WORK/data/PSNJ0338/mastDownload/HST/obwr17030/obwr17030_flt.fits with expected size 21052800. [astroquery.query]
PSNJ0338: downloaded 88 products (24 obs)
DOWNLOADDONE


$ /home/ishaang6/miniforge3/envs/surf_uv/bin/python /mnt/c/Users/eluru/CALTECH_SURF_2026/WORK/scripts/reduce_stis_batch.py /mnt/c/Users/eluru/CALTECH_SURF_2026/WORK/data/PSNJ0338 PSNJ0338 --outroot output5 --z 0.006494 --expl-mjd 55897.0
ers/eluru/CALTECH_SURF_2026/WORK/data/PSNJ0338/mastDownload/HST/obwr17030/obwr17030_crj.fits
Output   output5/PSNJ0338/STIS/CCD/2012-01-09_day38/G750L/obwr17030_x1d.fits
Rootname obwr17030
OBSMODE  ACCUM
APERTURE 52X0.2E1
OPT_ELEM G750L
DETECTOR CCD

XTRACTAB oref$n7p1031qo_1dx.fits
XTRACTAB PEDIGREE=INFLIGHT 18/05/97
XTRACTAB DESCRIP =Analysis from prop. 7094
XTRACTAB DESCRIP =Analysis from prop. 7094
SPTRCTAB oref$qa31608go_1dt.fits
SPTRCTAB PEDIGREE=INFLIGHT 02/09/1997 13/02/1998
SPTRCTAB DESCRIP =New traces to account for angle change with time

Imset 1  Begin 16:58:36 PDT
         Input read into memory.
Order 1  Begin 16:58:37 PDT
X1DCORR  PERFORM
BACKCORR PERFORM
******** Calling Slfit ***********
BACKCORR COMPLETE
X1DCORR  COMPLETE
         Spectrum extracted at y position = 895.435

DISPCORR PERFORM
DISPTAB  oref$l2j0137to_dsp.fits
DISPTAB  PEDIGREE=INFLIGHT 27/02/1997 24/11/1999
DISPTAB  DESCRIP =Lindler, May 2000
DISPTAB  DESCRIP =Lindler Postlaunch, May 2000
APDESTAB oref$16j16005o_apd.fits
APDESTAB PEDIGREE=INFLIGHT 01/03/1997 13/06/2017
APDESTAB DESCRIP =Aligned long-slit bar positions for single-bar cases.--------------
APDESTAB DESCRIP =Offset relative to row 900
INANGTAB oref$h5s11397o_iac.fits
INANGTAB DESCRIP =Model/C. Bowers May 6, 1997
DISPCORR COMPLETE

HELCORR  PERFORM
HELCORR  COMPLETE

PHOTTAB  oref$95118575o_pht.fits
PHOTTAB  PEDIGREE=INFLIGHT 27/02/1997 16/03/2021
PHOTTAB  DESCRIP =Fullerton 2025 calibration
APERTAB  oref$y2r1559to_apt.fits
APERTAB  PEDIGREE=MODEL
APERTAB  DESCRIP =Added/updated values for 31X0.05NDA,31X0.05NDB,31X0.05NDC apertures
APERTAB  DESCRIP =Bohlin/Hartig TIM Models Nov. 1998
GACTAB   oref$p9r19203o_gac.fits
GACTAB   PEDIGREE=INFLIGHT 22/04/2002 03/08/2004
GACTAB   DESCRIP =X1D flux corr for grating/aper combos
GACTAB   DESCRIP =Grating-Aperture Throughput Correction
PCTAB    oref$q541740po_pct.fits
PCTAB    PEDIGREE=INFLIGHT 18/05/1997 19/12/1998
PCTAB    DESCRIP =Sensitivity for diff. extractions heights
TDSTAB   oref$8712049eo_tds.fits
TDSTAB   PEDIGREE=INFLIGHT 01/04/1997 06/03/2024
TDSTAB   DESCRIP =Updated time sensitivities for MIRVIS, G230LB, and G230MB
FLUXCORR PERFORM
CTECORR  PERFORM
CCDTAB   oref$16j1600eo_ccd.fits
CCDTAB   PEDIGREE=INFLIGHT 01/05/2009 01/05/2009
CCDTAB   DESCRIP =Updated amp=D gain=4 atodgain and corresponding readnoise values---
CCDTAB   DESCRIP =Proposal 8057, by I. Dashevsky & P. Goudfrooij
Warning    No exact extraction box height match in PCTAB.
Warning    Using entry for height 21
         GACTAB correction applied for G750L 52X0.2E1 7751
CTECORR  COMPLETE
FLUXCORR COMPLETE
SGEOCORR OMIT

         Row 1 written to disk.
Order 1  End 16:58:38 PDT

         trace was rotated by = 0.0534028 degree.
Imset 1  End 16:58:38 PDT

Warning    Keyword `XTRACALG' is being added to header.
End      15-Aug-2026 16:58:38 PDT

*** CALSTIS-6 complete ***
24 STIS science exposures for PSNJ0338 (0 dropped: texptime<5.0s)
X1D obwr11010 G230L es 11 flags none
X1D obwr11020 G230L es 11 flags none
X1D obwr11030 G430L es 17 flags none
X1D obwr11040 G430L es 17 flags none
X1D obwr11050 G750L es 25 flags ['no_defringe(no_flat)']
X1D obwr11060 G750L es 25 flags ['no_defringe(no_flat)']
X1D obwr12010 G230L es 11 flags none
X1D obwr12020 G430L es 17 flags none
X1D obwr12030 G750L es 25 flags ['no_defringe(no_flat)']
X1D obwr13010 G230L es 11 flags none
X1D obwr13020 G430L es 17 flags none
X1D obwr13030 G750L es 25 flags ['no_defringe(no_flat)']
X1D obwr14010 G230L es 11 flags none
X1D obwr14020 G430L es 17 flags none
X1D obwr14030 G750L es 25 flags ['no_defringe(no_flat)']
X1D obwr15010 G230L es 11 flags none
X1D obwr15020 G430L es 17 flags none
X1D obwr15030 G750L es 25 flags ['no_defringe(no_flat)']
X1D obwr16010 G230L es 11 flags none
X1D obwr16020 G430L es 17 flags none
X1D obwr16030 G750L es 25 flags ['no_defringe(no_flat)']
X1D obwr17010 G230L es 11 flags none
X1D obwr17020 G430L es 17 flags none
X1D obwr17030 G750L es 25 flags ['no_defringe(no_flat)']
BATCHDONE

/home/ishaang6/miniforge3/envs/surf_uv/lib/python3.12/site-packages/stsci/tools/nmpfit.py:8: UserWarning: NMPFIT is deprecated - stsci.tools v 3.5 is the last version to contain it.
  warnings.warn("NMPFIT is deprecated - stsci.tools v 3.5 is the last version to contain it.")
/home/ishaang6/miniforge3/envs/surf_uv/lib/python3.12/site-packages/stsci/tools/gfit.py:18: UserWarning: GFIT is deprecated - stsci.tools v 3.4.12 is the last version to contain it.Use astropy.modeling instead.
  warnings.warn("GFIT is deprecated - stsci.tools v 3.4.12 is the last version to contain it."

$ /home/ishaang6/miniforge3/envs/surf_uv/bin/python /mnt/c/Users/eluru/CALTECH_SURF_2026/WORK/scripts/build_products.py PSNJ0338 --outroot output5 --z 0.006494 --early-skip-dir  --expl-mjd 55897.0
built products for PSNJ0338: 7 epochs



===== ZTF21AAABWZX  z=0.046  STIS=True COS=False =====
$ /home/ishaang6/miniforge3/envs/surf_uv/bin/python /mnt/c/Users/eluru/CALTECH_SURF_2026/WORK/scripts/download_all.py ZTF21AAABWZX
ize 4262400. [astroquery.query]
INFO: Found cached file /mnt/c/Users/eluru/CALTECH_SURF_2026/WORK/data/ZTF21AAABWZX/mastDownload/HST/oeczz2020/oeczz2020_raw.fits with expected size 16819200. [astroquery.query]
INFO: Found cached file /mnt/c/Users/eluru/CALTECH_SURF_2026/WORK/data/ZTF21AAABWZX/mastDownload/HST/oeczz2040/oeczz2040_wav.fits with expected size 4262400. [astroquery.query]
INFO: Found cached file /mnt/c/Users/eluru/CALTECH_SURF_2026/WORK/data/ZTF21AAABWZX/mastDownload/HST/oeczz2040/oeczz2040_raw.fits with expected size 16819200. [astroquery.query]
INFO: Found cached file /mnt/c/Users/eluru/CALTECH_SURF_2026/WORK/data/ZTF21AAABWZX/mastDownload/HST/oeczz2040/oeczz2040_flt.fits with expected size 10535040. [astroquery.query]
INFO: Found cached file /mnt/c/Users/eluru/CALTECH_SURF_2026/WORK/data/ZTF21AAABWZX/mastDownload/HST/oeczz2010/oeczz2010_wav.fits with expected size 4262400. [astroquery.query]
INFO: Found cached file /mnt/c/Users/eluru/CALTECH_SURF_2026/WORK/data/ZTF21AAABWZX/mastDownload/HST/oeczz2010/oeczz2010_raw.fits with expected size 16819200. [astroquery.query]
INFO: Found cached file /mnt/c/Users/eluru/CALTECH_SURF_2026/WORK/data/ZTF21AAABWZX/mastDownload/HST/oeczz2010/oeczz2010_flt.fits with expected size 10535040. [astroquery.query]
INFO: Found cached file /mnt/c/Users/eluru/CALTECH_SURF_2026/WORK/data/ZTF21AAABWZX/mastDownload/HST/oeczz2050/oeczz2050_wav.fits with expected size 4262400. [astroquery.query]
INFO: Found cached file /mnt/c/Users/eluru/CALTECH_SURF_2026/WORK/data/ZTF21AAABWZX/mastDownload/HST/oeczz2050/oeczz2050_raw.fits with expected size 16819200. [astroquery.query]
INFO: Found cached file /mnt/c/Users/eluru/CALTECH_SURF_2026/WORK/data/ZTF21AAABWZX/mastDownload/HST/oeczz2050/oeczz2050_flt.fits with expected size 10535040. [astroquery.query]
INFO: Found cached file /mnt/c/Users/eluru/CALTECH_SURF_2026/WORK/data/ZTF21AAABWZX/mastDownload/HST/oeczz3030/oeczz3030_wav.fits with expected size 4262400. [astroquery.query]
INFO: Found cached file /mnt/c/Users/eluru/CALTECH_SURF_2026/WORK/data/ZTF21AAABWZX/mastDownload/HST/oeczz3030/oeczz3030_raw.fits with expected size 16819200. [astroquery.query]
INFO: Found cached file /mnt/c/Users/eluru/CALTECH_SURF_2026/WORK/data/ZTF21AAABWZX/mastDownload/HST/oeczz3030/oeczz3030_flt.fits with expected size 10535040. [astroquery.query]
INFO: Found cached file /mnt/c/Users/eluru/CALTECH_SURF_2026/WORK/data/ZTF21AAABWZX/mastDownload/HST/oeczz3040/oeczz3040_wav.fits with expected size 4262400. [astroquery.query]
INFO: Found cached file /mnt/c/Users/eluru/CALTECH_SURF_2026/WORK/data/ZTF21AAABWZX/mastDownload/HST/oeczz3040/oeczz3040_raw.fits with expected size 16819200. [astroquery.query]
INFO: Found cached file /mnt/c/Users/eluru/CALTECH_SURF_2026/WORK/data/ZTF21AAABWZX/mastDownload/HST/oeczz3040/oeczz3040_flt.fits with expected size 10535040. [astroquery.query]
INFO: Found cached file /mnt/c/Users/eluru/CALTECH_SURF_2026/WORK/data/ZTF21AAABWZX/mastDownload/HST/oeczz3020/oeczz3020_wav.fits with expected size 4262400. [astroquery.query]
INFO: Found cached file /mnt/c/Users/eluru/CALTECH_SURF_2026/WORK/data/ZTF21AAABWZX/mastDownload/HST/oeczz3020/oeczz3020_raw.fits with expected size 16819200. [astroquery.query]
INFO: Found cached file /mnt/c/Users/eluru/CALTECH_SURF_2026/WORK/data/ZTF21AAABWZX/mastDownload/HST/oeczz3020/oeczz3020_flt.fits with expected size 10535040. [astroquery.query]
INFO: Found cached file /mnt/c/Users/eluru/CALTECH_SURF_2026/WORK/data/ZTF21AAABWZX/mastDownload/HST/oeczz3010/oeczz3010_wav.fits with expected size 4262400. [astroquery.query]
INFO: Found cached file /mnt/c/Users/eluru/CALTECH_SURF_2026/WORK/data/ZTF21AAABWZX/mastDownload/HST/oeczz3010/oeczz3010_raw.fits with expected size 16819200. [astroquery.query]
INFO: Found cached file /mnt/c/Users/eluru/CALTECH_SURF_2026/WORK/data/ZTF21AAABWZX/mastDownload/HST/oeczz3010/oeczz3010_flt.fits with expected size 10535040. [astroquery.query]
ZTF21AAABWZX: downloaded 70 products (24 obs)
DOWNLOADDONE


$ /home/ishaang6/miniforge3/envs/surf_uv/bin/python /mnt/c/Users/eluru/CALTECH_SURF_2026/WORK/scripts/reduce_stis_batch.py /mnt/c/Users/eluru/CALTECH_SURF_2026/WORK/data/ZTF21AAABWZX ZTF21AAABWZX --outroot output5 --z 0.046 --expl-mjd 59210.906
ll be applied
Input    /mnt/c/Users/eluru/CALTECH_SURF_2026/WORK/data/ZTF21AAABWZX/mastDownload/HST/oeczz3040/oeczz3040_flt.fits
Output   output5/ZTF21AAABWZX/STIS/MAMA/2023-07-16_day931/G230L/oeczz3040_x1d.fits
Rootname oeczz3040
OBSMODE  TIME-TAG
APERTURE 52X0.5
OPT_ELEM G230L
DETECTOR NUV-MAMA

XTRACTAB oref$a5e1953co_1dx.fits
XTRACTAB PEDIGREE=INFLIGHT 29/05/1997 29/05/1997
XTRACTAB DESCRIP =Analysis from prop. 7064 and ground data
XTRACTAB DESCRIP =Analysis from prop. 7064
SPTRCTAB oref$a5e19539o_1dt.fits
SPTRCTAB PEDIGREE=INFLIGHT 27/02/1997 06/01/2010
SPTRCTAB DESCRIP =New traces for select echelle secondary modes

Imset 1  Begin 17:00:37 PDT
         Input read into memory.
Order 1  Begin 17:00:39 PDT
X1DCORR  PERFORM
BACKCORR PERFORM
******** Calling Slfit ***********
BACKCORR COMPLETE
X1DCORR  COMPLETE
         Spectrum extracted at y position = 231.324

DISPCORR PERFORM
DISPTAB  oref$m7p16111o_dsp.fits
DISPTAB  PEDIGREE=INFLIGHT 23/01/1999 23/01/1999
DISPTAB  DESCRIP =Dispersion coefficients reference table
DISPTAB  DESCRIP =INFLIGHT Cal. Disp. Coeffs
APDESTAB oref$16j16005o_apd.fits
APDESTAB PEDIGREE=INFLIGHT 01/03/1997 13/06/2017
APDESTAB DESCRIP =Aligned long-slit bar positions for single-bar cases.--------------
APDESTAB DESCRIP =Microscope Meas./Hartig Post-launch Offsets
INANGTAB oref$l3m1437ro_iac.fits
INANGTAB DESCRIP =Prelaunch Calibration/Lindler and Models
DISPCORR COMPLETE

HELCORR  PERFORM
HELCORR  COMPLETE

PHOTTAB  oref$a5e1953do_pht.fits
PHOTTAB  PEDIGREE=INFLIGHT 27/02/1997 16/03/2021
PHOTTAB  DESCRIP =May 2026 recalibration
APERTAB  oref$y2r1559to_apt.fits
APERTAB  PEDIGREE=MODEL
APERTAB  DESCRIP =Added/updated values for 31X0.05NDA,31X0.05NDB,31X0.05NDC apertures
APERTAB  DESCRIP =Bohlin/Hartig TIM Models Nov. 1998
PCTAB    oref$y2r16006o_pct.fits
PCTAB    PEDIGREE=INFLIGHT 18/05/1997 19/12/1998
PCTAB    DESCRIP =Added/updated values for 31X0.05NDA,31X0.05NDB,31X0.05NDC apertures
TDSTAB   oref$97a1546po_tds.fits
TDSTAB   PEDIGREE=INFLIGHT 01/04/1997 13/05/2025
TDSTAB   DESCRIP =Updated time sensitivities for MIRNUV and L, M, and H modes.
FLUXCORR PERFORM
FLUXCORR COMPLETE
SGEOCORR OMIT

         Row 1 written to disk.
Order 1  End 17:00:39 PDT

         trace was rotated by = -0.0096856 degree.
Imset 1  End 17:00:39 PDT

Warning    Keyword `XTRACALG' is being added to header.
End      15-Aug-2026 17:00:39 PDT

*** CALSTIS-6 complete ***
22 STIS science exposures for ZTF21AAABWZX (0 dropped: texptime<5.0s)
X1D oecz02010 G140L es 11 flags ['low_detect', 'center_mismatch(82vs416)']
X1D oecz02020 G140L es 11 flags ['low_detect', 'center_mismatch(82vs415)']
X1D oecz02030 G140L es 11 flags ['low_detect', 'center_mismatch(513vs351)']
X1D oecz02040 G230L es 11 flags none
X1D oecz02050 G230L es 11 flags none
X1D oecz03010 G140L es 11 flags ['low_detect', 'center_mismatch(510vs415)']
X1D oecz03020 G140L es 11 flags ['low_detect', 'center_mismatch(499vs362)']
X1D oecz03030 G140L es 11 flags ['low_detect', 'center_mismatch(499vs358)']
X1D oecz03040 G230L es 11 flags none
X1D oecz03050 G230L es 11 flags none
X1D oeczz1010 G140L es 11 flags ['low_detect', 'center_mismatch(59vs407)']
X1D oeczz1020 G140L es 11 flags ['low_detect', 'center_mismatch(512vs456)']
X1D oeczz1030 G140L es 11 flags ['low_detect', 'center_mismatch(512vs422)']
RETRY-FINDER oeczz1040 a2center=578.0
X1D oeczz1040 G230L es 11 flags ['low_detect']
X1D oeczz1050 G230L es 11 flags none
X1D oeczz2010 G140L es 11 flags ['low_detect', 'center_mismatch(510vs348)']
RETRY-FINDER oeczz2040 a2center=513.3
X1D oeczz2040 G230L es 11 flags ['low_detect']
RETRY-FINDER oeczz2050 a2center=546.0
X1D oeczz2050 G230L es 11 flags ['low_detect']
X1D oeczz3010 G140L es 11 flags ['low_detect', 'center_mismatch(1019vs442)']
X1D oeczz3020 G140L es 11 flags ['low_detect', 'center_mismatch(511vs372)']
RETRY-FINDER oeczz3030 a2center=482.0
X1D oeczz3030 G230L es 11 flags ['low_detect']
X1D oeczz3040 G230L es 11 flags ['low_detect', 'center_mismatch(231vs492)']
BATCHDONE

/home/ishaang6/miniforge3/envs/surf_uv/lib/python3.12/site-packages/stsci/tools/nmpfit.py:8: UserWarning: NMPFIT is deprecated - stsci.tools v 3.5 is the last version to contain it.
  warnings.warn("NMPFIT is deprecated - stsci.tools v 3.5 is the last version to contain it.")
/home/ishaang6/miniforge3/envs/surf_uv/lib/python3.12/site-packages/stsci/tools/gfit.py:18: UserWarning: GFIT is deprecated - stsci.tools v 3.4.12 is the last version to contain it.Use astropy.modeling instead.
  warnings.warn("GFIT is deprecated - stsci.tools v 3.4.12 is the last version to contain it."

$ /home/ishaang6/miniforge3/envs/surf_uv/bin/python /mnt/c/Users/eluru/CALTECH_SURF_2026/WORK/scripts/build_products.py ZTF21AAABWZX --outroot output5 --z 0.046 --early-skip-dir  --expl-mjd 59210.906
built products for ZTF21AAABWZX: 5 epochs



===== SN2026AYT  z=0.0036  STIS=True COS=False =====
$ /home/ishaang6/miniforge3/envs/surf_uv/bin/python /mnt/c/Users/eluru/CALTECH_SURF_2026/WORK/scripts/download_all.py SN2026AYT
ith expected size 4501440. [astroquery.query]
INFO: Found cached file /mnt/c/Users/eluru/CALTECH_SURF_2026/WORK/data/SN2026AYT/mastDownload/HST/ofqu12020/ofqu12020_flt.fits with expected size 21052800. [astroquery.query]
Downloading URL https://mast.stsci.edu/api/v0.1/Download/file?uri=mast:HST/product/ofquc3010_wav.fits to /mnt/c/Users/eluru/CALTECH_SURF_2026/WORK/data/SN2026AYT/mastDownload/HST/ofquc3010/ofquc3010_wav.fits ... [Done]
Downloading URL https://mast.stsci.edu/api/v0.1/Download/file?uri=mast:HST/product/ofquc3010_raw.fits to /mnt/c/Users/eluru/CALTECH_SURF_2026/WORK/data/SN2026AYT/mastDownload/HST/ofquc3010/ofquc3010_raw.fits ... [Done]
Downloading URL https://mast.stsci.edu/api/v0.1/Download/file?uri=mast:HST/product/ofquc3010_flt.fits to /mnt/c/Users/eluru/CALTECH_SURF_2026/WORK/data/SN2026AYT/mastDownload/HST/ofquc3010/ofquc3010_flt.fits ... [Done]
Downloading URL https://mast.stsci.edu/api/v0.1/Download/file?uri=mast:HST/product/ofqub3010_wav.fits to /mnt/c/Users/eluru/CALTECH_SURF_2026/WORK/data/SN2026AYT/mastDownload/HST/ofqub3010/ofqub3010_wav.fits ... [Done]
Downloading URL https://mast.stsci.edu/api/v0.1/Download/file?uri=mast:HST/product/ofqub3010_raw.fits to /mnt/c/Users/eluru/CALTECH_SURF_2026/WORK/data/SN2026AYT/mastDownload/HST/ofqub3010/ofqub3010_raw.fits ... [Done]
Downloading URL https://mast.stsci.edu/api/v0.1/Download/file?uri=mast:HST/product/ofqub3010_flt.fits to /mnt/c/Users/eluru/CALTECH_SURF_2026/WORK/data/SN2026AYT/mastDownload/HST/ofqub3010/ofqub3010_flt.fits ... [Done]
Downloading URL https://mast.stsci.edu/api/v0.1/Download/file?uri=mast:HST/product/ofqu13010_wav.fits to /mnt/c/Users/eluru/CALTECH_SURF_2026/WORK/data/SN2026AYT/mastDownload/HST/ofqu13010/ofqu13010_wav.fits ... [Done]
Downloading URL https://mast.stsci.edu/api/v0.1/Download/file?uri=mast:HST/product/ofqu13010_raw.fits to /mnt/c/Users/eluru/CALTECH_SURF_2026/WORK/data/SN2026AYT/mastDownload/HST/ofqu13010/ofqu13010_raw.fits ... [Done]
Downloading URL https://mast.stsci.edu/api/v0.1/Download/file?uri=mast:HST/product/ofqu13010_flt.fits to /mnt/c/Users/eluru/CALTECH_SURF_2026/WORK/data/SN2026AYT/mastDownload/HST/ofqu13010/ofqu13010_flt.fits ... [Done]
Downloading URL https://mast.stsci.edu/api/v0.1/Download/file?uri=mast:HST/product/ofqud3020_wav.fits to /mnt/c/Users/eluru/CALTECH_SURF_2026/WORK/data/SN2026AYT/mastDownload/HST/ofqud3020/ofqud3020_wav.fits ... [Done]
Downloading URL https://mast.stsci.edu/api/v0.1/Download/file?uri=mast:HST/product/ofqud3020_raw.fits to /mnt/c/Users/eluru/CALTECH_SURF_2026/WORK/data/SN2026AYT/mastDownload/HST/ofqud3020/ofqud3020_raw.fits ... [Done]
Downloading URL https://mast.stsci.edu/api/v0.1/Download/file?uri=mast:HST/product/ofqud3010_wav.fits to /mnt/c/Users/eluru/CALTECH_SURF_2026/WORK/data/SN2026AYT/mastDownload/HST/ofqud3010/ofqud3010_wav.fits ... [Done]
Downloading URL https://mast.stsci.edu/api/v0.1/Download/file?uri=mast:HST/product/ofqud3010_raw.fits to /mnt/c/Users/eluru/CALTECH_SURF_2026/WORK/data/SN2026AYT/mastDownload/HST/ofqud3010/ofqud3010_raw.fits ... [Done]
Downloading URL https://mast.stsci.edu/api/v0.1/Download/file?uri=mast:HST/product/ofqud3030_crj.fits to /mnt/c/Users/eluru/CALTECH_SURF_2026/WORK/data/SN2026AYT/mastDownload/HST/ofqud3030/ofqud3030_crj.fits ... [Done]
Downloading URL https://mast.stsci.edu/api/v0.1/Download/file?uri=mast:HST/product/ofqud3030_wav.fits to /mnt/c/Users/eluru/CALTECH_SURF_2026/WORK/data/SN2026AYT/mastDownload/HST/ofqud3030/ofqud3030_wav.fits ... [Done]
Downloading URL https://mast.stsci.edu/api/v0.1/Download/file?uri=mast:HST/product/ofqud3030_raw.fits to /mnt/c/Users/eluru/CALTECH_SURF_2026/WORK/data/SN2026AYT/mastDownload/HST/ofqud3030/ofqud3030_raw.fits ... [Done]
Downloading URL https://mast.stsci.edu/api/v0.1/Download/file?uri=mast:HST/product/ofqud3030_flt.fits to /mnt/c/Users/eluru/CALTECH_SURF_2026/WORK/data/SN2026AYT/mastDownload/HST/ofqud3030/ofqud3030_flt.fits ... [Done]
SN2026AYT: downloaded 74 products (24 obs)
DOWNLOADDONE


$ /home/ishaang6/miniforge3/envs/surf_uv/bin/python /mnt/c/Users/eluru/CALTECH_SURF_2026/WORK/scripts/reduce_stis_batch.py /mnt/c/Users/eluru/CALTECH_SURF_2026/WORK/data/SN2026AYT SN2026AYT --outroot output5 --z 0.0036 --expl-mjd 61060.908
ov. 1998
PCTAB    oref$y2r16004o_pct.fits
PCTAB    PEDIGREE=INFLIGHT 18/05/1997 19/12/1998
PCTAB    DESCRIP =Added/updated values for 31X0.05NDA,31X0.05NDB,31X0.05NDC apertures
TDSTAB   oref$93q1947bo_tds.fits
TDSTAB   PEDIGREE=INFLIGHT 01/04/1997 06/02/2025
TDSTAB   DESCRIP =Updated time and slope arrays for all optical elements.
FLUXCORR PERFORM
FLUXCORR COMPLETE
SGEOCORR OMIT

         Row 1 written to disk.
Order 1  End 17:01:36 PDT

         trace was rotated by = -0.080454 degree.
Imset 1  End 17:01:36 PDT

Warning    Keyword `XTRACALG' is being added to header.
End      15-Aug-2026 17:01:36 PDT

*** CALSTIS-6 complete ***
git tag: 4ac2384-dirty
git branch: main
HEAD @: 4ac2384d4b81f58ea6aed6f2977aadc15beb6b0f

*** CALSTIS-6 -- Version 3.5.0 (02-Feb-2026) ***
Begin    15-Aug-2026 17:01:37 PDT

Warning    Grating-aperture throughput correction table (GACTAB) was not found,

         and no gac corrections will be applied
Input    /mnt/c/Users/eluru/CALTECH_SURF_2026/WORK/data/SN2026AYT/mastDownload/HST/ofquc3010/ofquc3010_flt.fits
Output   output5/SN2026AYT/STIS/MAMA/2026-02-03_day14/G140L/ofquc3010_x1d.fits
Rootname ofquc3010
OBSMODE  ACCUM
APERTURE 52X0.2
OPT_ELEM G140L
DETECTOR FUV-MAMA

XTRACTAB oref$n7p10323o_1dx.fits
XTRACTAB PEDIGREE=INFLIGHT 29/05/97
XTRACTAB DESCRIP =Analysis from prop. 7064 and ground data
XTRACTAB DESCRIP =Analysis from prop. 7064
SPTRCTAB oref$77o1827do_1dt.fits
SPTRCTAB PEDIGREE=INFLIGHT 27/02/1997 01/12/2009
SPTRCTAB DESCRIP =New traces for select echelle secondary modes

Imset 1  Begin 17:01:37 PDT
         Input read into memory.
Order 1  Begin 17:01:39 PDT
X1DCORR  PERFORM
BACKCORR PERFORM
******** Calling Slfit ***********
BACKCORR COMPLETE
X1DCORR  COMPLETE
         Spectrum extracted at y position = 383.851

DISPCORR PERFORM
DISPTAB  oref$m7p16110o_dsp.fits
DISPTAB  PEDIGREE=INFLIGHT 04/07/1997 04/07/1997
DISPTAB  DESCRIP =Dispersion coefficients reference table
DISPTAB  DESCRIP =INFLIGHT Cal. Disp. Coeffs
APDESTAB oref$16j16005o_apd.fits
APDESTAB PEDIGREE=INFLIGHT 01/03/1997 13/06/2017
APDESTAB DESCRIP =Aligned long-slit bar positions for single-bar cases.--------------
APDESTAB DESCRIP =Microscope Meas./Hartig Post-launch Offsets
INANGTAB oref$h1v1541eo_iac.fits
INANGTAB DESCRIP =Prelaunch Calibration/Lindler and Models
DISPCORR COMPLETE

HELCORR  PERFORM
HELCORR  COMPLETE

PHOTTAB  oref$9511857bo_pht.fits
PHOTTAB  PEDIGREE=INFLIGHT 27/02/1997 24/09/2019
PHOTTAB  DESCRIP =Fullerton 2025 calibration
APERTAB  oref$y2r1559to_apt.fits
APERTAB  PEDIGREE=MODEL
APERTAB  DESCRIP =Added/updated values for 31X0.05NDA,31X0.05NDB,31X0.05NDC apertures
APERTAB  DESCRIP =Bohlin/Hartig TIM Models Nov. 1998
PCTAB    oref$y2r16004o_pct.fits
PCTAB    PEDIGREE=INFLIGHT 18/05/1997 19/12/1998
PCTAB    DESCRIP =Added/updated values for 31X0.05NDA,31X0.05NDB,31X0.05NDC apertures
TDSTAB   oref$93q1947bo_tds.fits
TDSTAB   PEDIGREE=INFLIGHT 01/04/1997 06/02/2025
TDSTAB   DESCRIP =Updated time and slope arrays for all optical elements.
FLUXCORR PERFORM
FLUXCORR COMPLETE
SGEOCORR OMIT

         Row 1 written to disk.
Order 1  End 17:01:40 PDT

         trace was rotated by = -0.0804545 degree.
Imset 1  End 17:01:40 PDT

Warning    Keyword `XTRACALG' is being added to header.
End      15-Aug-2026 17:01:40 PDT

*** CALSTIS-6 complete ***
16 STIS science exposures for SN2026AYT (1 dropped: texptime<5.0s)
X1D ofqu05010 G140L es 11 flags none
X1D ofqu06010 G140L es 11 flags none
X1D ofqu06020 G230L es 11 flags none
X1D ofqu07010 G230L es 11 flags none
X1D ofqu07020 G430L es 13 flags none
X1D ofqu08010 G140L es 11 flags none
X1D ofqu09010 G140L es 11 flags none
X1D ofqu09020 G230L es 11 flags none
X1D ofqu10010 G230L es 11 flags none
X1D ofqu10020 G430L es 13 flags none
X1D ofqu11010 G140L es 11 flags none
X1D ofqu12010 G230L es 11 flags none
X1D ofqu12020 G430L es 13 flags none
X1D ofqu13010 G140L es 11 flags none
X1D ofqub3010 G140L es 11 flags ['low_detect']
X1D ofquc3010 G140L es 11 flags ['low_detect']
BATCHDONE

/home/ishaang6/miniforge3/envs/surf_uv/lib/python3.12/site-packages/stsci/tools/nmpfit.py:8: UserWarning: NMPFIT is deprecated - stsci.tools v 3.5 is the last version to contain it.
  warnings.warn("NMPFIT is deprecated - stsci.tools v 3.5 is the last version to contain it.")
/home/ishaang6/miniforge3/envs/surf_uv/lib/python3.12/site-packages/stsci/tools/gfit.py:18: UserWarning: GFIT is deprecated - stsci.tools v 3.4.12 is the last version to contain it.Use astropy.modeling instead.
  warnings.warn("GFIT is deprecated - stsci.tools v 3.4.12 is the last version to contain it."

$ /home/ishaang6/miniforge3/envs/surf_uv/bin/python /mnt/c/Users/eluru/CALTECH_SURF_2026/WORK/scripts/build_products.py SN2026AYT --outroot output5 --z 0.0036 --early-skip-dir  --expl-mjd 61060.908
built products for SN2026AYT: 4 epochs



===== SN2022HRS-HV  z=0.0047  STIS=True COS=False =====
$ /home/ishaang6/miniforge3/envs/surf_uv/bin/python /mnt/c/Users/eluru/CALTECH_SURF_2026/WORK/scripts/download_all.py SN2022HRS-HV
cted size 21052800. [astroquery.query]
INFO: Found cached file /mnt/c/Users/eluru/CALTECH_SURF_2026/WORK/data/SN2022HRS-HV/mastDownload/HST/oedc16040/oedc16040_wav.fits with expected size 4262400. [astroquery.query]
INFO: Found cached file /mnt/c/Users/eluru/CALTECH_SURF_2026/WORK/data/SN2022HRS-HV/mastDownload/HST/oedc16040/oedc16040_raw.fits with expected size 8429760. [astroquery.query]
INFO: Found cached file /mnt/c/Users/eluru/CALTECH_SURF_2026/WORK/data/SN2022HRS-HV/mastDownload/HST/oedc16040/oedc16040_flt.fits with expected size 10535040. [astroquery.query]
INFO: Found cached file /mnt/c/Users/eluru/CALTECH_SURF_2026/WORK/data/SN2022HRS-HV/mastDownload/HST/oedc16030/oedc16030_wav.fits with expected size 4262400. [astroquery.query]
INFO: Found cached file /mnt/c/Users/eluru/CALTECH_SURF_2026/WORK/data/SN2022HRS-HV/mastDownload/HST/oedc16030/oedc16030_raw.fits with expected size 8429760. [astroquery.query]
INFO: Found cached file /mnt/c/Users/eluru/CALTECH_SURF_2026/WORK/data/SN2022HRS-HV/mastDownload/HST/oedc16030/oedc16030_flt.fits with expected size 10535040. [astroquery.query]
INFO: Found cached file /mnt/c/Users/eluru/CALTECH_SURF_2026/WORK/data/SN2022HRS-HV/mastDownload/HST/oedc16020/oedc16020_wav.fits with expected size 4262400. [astroquery.query]
INFO: Found cached file /mnt/c/Users/eluru/CALTECH_SURF_2026/WORK/data/SN2022HRS-HV/mastDownload/HST/oedc16020/oedc16020_raw.fits with expected size 8429760. [astroquery.query]
INFO: Found cached file /mnt/c/Users/eluru/CALTECH_SURF_2026/WORK/data/SN2022HRS-HV/mastDownload/HST/oedc16020/oedc16020_flt.fits with expected size 10535040. [astroquery.query]
INFO: Found cached file /mnt/c/Users/eluru/CALTECH_SURF_2026/WORK/data/SN2022HRS-HV/mastDownload/HST/oedc17010/oedc17010_crj.fits with expected size 10537920. [astroquery.query]
INFO: Found cached file /mnt/c/Users/eluru/CALTECH_SURF_2026/WORK/data/SN2022HRS-HV/mastDownload/HST/oedc17010/oedc17010_wav.fits with expected size 2260800. [astroquery.query]
INFO: Found cached file /mnt/c/Users/eluru/CALTECH_SURF_2026/WORK/data/SN2022HRS-HV/mastDownload/HST/oedc17010/oedc17010_raw.fits with expected size 4501440. [astroquery.query]
INFO: Found cached file /mnt/c/Users/eluru/CALTECH_SURF_2026/WORK/data/SN2022HRS-HV/mastDownload/HST/oedc17010/oedc17010_flt.fits with expected size 21052800. [astroquery.query]
INFO: Found cached file /mnt/c/Users/eluru/CALTECH_SURF_2026/WORK/data/SN2022HRS-HV/mastDownload/HST/oedc17020/oedc17020_wav.fits with expected size 4262400. [astroquery.query]
INFO: Found cached file /mnt/c/Users/eluru/CALTECH_SURF_2026/WORK/data/SN2022HRS-HV/mastDownload/HST/oedc17020/oedc17020_raw.fits with expected size 8429760. [astroquery.query]
INFO: Found cached file /mnt/c/Users/eluru/CALTECH_SURF_2026/WORK/data/SN2022HRS-HV/mastDownload/HST/oedc17020/oedc17020_flt.fits with expected size 10535040. [astroquery.query]
INFO: Found cached file /mnt/c/Users/eluru/CALTECH_SURF_2026/WORK/data/SN2022HRS-HV/mastDownload/HST/oedc17030/oedc17030_wav.fits with expected size 4262400. [astroquery.query]
INFO: Found cached file /mnt/c/Users/eluru/CALTECH_SURF_2026/WORK/data/SN2022HRS-HV/mastDownload/HST/oedc17030/oedc17030_raw.fits with expected size 8429760. [astroquery.query]
INFO: Found cached file /mnt/c/Users/eluru/CALTECH_SURF_2026/WORK/data/SN2022HRS-HV/mastDownload/HST/oedc17030/oedc17030_flt.fits with expected size 10535040. [astroquery.query]
INFO: Found cached file /mnt/c/Users/eluru/CALTECH_SURF_2026/WORK/data/SN2022HRS-HV/mastDownload/HST/oedc17040/oedc17040_wav.fits with expected size 4262400. [astroquery.query]
INFO: Found cached file /mnt/c/Users/eluru/CALTECH_SURF_2026/WORK/data/SN2022HRS-HV/mastDownload/HST/oedc17040/oedc17040_raw.fits with expected size 8429760. [astroquery.query]
INFO: Found cached file /mnt/c/Users/eluru/CALTECH_SURF_2026/WORK/data/SN2022HRS-HV/mastDownload/HST/oedc17040/oedc17040_flt.fits with expected size 10535040. [astroquery.query]
SN2022HRS-HV: downloaded 92 products (28 obs)
DOWNLOADDONE


$ /home/ishaang6/miniforge3/envs/surf_uv/bin/python /mnt/c/Users/eluru/CALTECH_SURF_2026/WORK/scripts/reduce_stis_batch.py /mnt/c/Users/eluru/CALTECH_SURF_2026/WORK/data/SN2022HRS-HV SN2022HRS-HV --outroot output5 --z 0.0047 --expl-mjd 59685.619
 OMIT

         Row 1 written to disk.
Order 1  End 17:50:58 PDT

         trace was rotated by = -0.00888206 degree.
Imset 1  End 17:50:58 PDT

Warning    Keyword `XTRACALG' is being added to header.
End      15-Aug-2026 17:50:58 PDT

*** CALSTIS-6 complete ***
git tag: 4ac2384-dirty
git branch: main
HEAD @: 4ac2384d4b81f58ea6aed6f2977aadc15beb6b0f

*** CALSTIS-6 -- Version 3.5.0 (02-Feb-2026) ***
Begin    15-Aug-2026 17:50:59 PDT

Warning    Grating-aperture throughput correction table (GACTAB) was not found,

         and no gac corrections will be applied
Input    /mnt/c/Users/eluru/CALTECH_SURF_2026/WORK/data/SN2022HRS-HV/mastDownload/HST/oetm02010/oetm02010_flt.fits
Output   output5/SN2022HRS-HV/STIS/MAMA/2022-05-02_day15/G230L/oetm02010_x1d.fits
Rootname oetm02010
OBSMODE  ACCUM
APERTURE 52X0.2
OPT_ELEM G230L
DETECTOR NUV-MAMA

XTRACTAB oref$a5e1953co_1dx.fits
XTRACTAB PEDIGREE=INFLIGHT 29/05/1997 29/05/1997
XTRACTAB DESCRIP =Analysis from prop. 7064 and ground data
XTRACTAB DESCRIP =Analysis from prop. 7064
SPTRCTAB oref$a5e19539o_1dt.fits
SPTRCTAB PEDIGREE=INFLIGHT 27/02/1997 06/01/2010
SPTRCTAB DESCRIP =New traces for select echelle secondary modes

Imset 1  Begin 17:51:00 PDT
         Input read into memory.
Order 1  Begin 17:51:02 PDT
X1DCORR  PERFORM
BACKCORR PERFORM
******** Calling Slfit ***********
BACKCORR COMPLETE
X1DCORR  COMPLETE
         Spectrum extracted at y position = 530.356

DISPCORR PERFORM
DISPTAB  oref$m7p16111o_dsp.fits
DISPTAB  PEDIGREE=INFLIGHT 23/01/1999 23/01/1999
DISPTAB  DESCRIP =Dispersion coefficients reference table
DISPTAB  DESCRIP =INFLIGHT Cal. Disp. Coeffs
APDESTAB oref$16j16005o_apd.fits
APDESTAB PEDIGREE=INFLIGHT 01/03/1997 13/06/2017
APDESTAB DESCRIP =Aligned long-slit bar positions for single-bar cases.--------------
APDESTAB DESCRIP =Microscope Meas./Hartig Post-launch Offsets
INANGTAB oref$l3m1437ro_iac.fits
INANGTAB DESCRIP =Prelaunch Calibration/Lindler and Models
DISPCORR COMPLETE

HELCORR  PERFORM
HELCORR  COMPLETE

PHOTTAB  oref$a5e1953do_pht.fits
PHOTTAB  PEDIGREE=INFLIGHT 27/02/1997 16/03/2021
PHOTTAB  DESCRIP =May 2026 recalibration
APERTAB  oref$y2r1559to_apt.fits
APERTAB  PEDIGREE=MODEL
APERTAB  DESCRIP =Added/updated values for 31X0.05NDA,31X0.05NDB,31X0.05NDC apertures
APERTAB  DESCRIP =Bohlin/Hartig TIM Models Nov. 1998
PCTAB    oref$y2r16006o_pct.fits
PCTAB    PEDIGREE=INFLIGHT 18/05/1997 19/12/1998
PCTAB    DESCRIP =Added/updated values for 31X0.05NDA,31X0.05NDB,31X0.05NDC apertures
TDSTAB   oref$97a1546po_tds.fits
TDSTAB   PEDIGREE=INFLIGHT 01/04/1997 13/05/2025
TDSTAB   DESCRIP =Updated time sensitivities for MIRNUV and L, M, and H modes.
FLUXCORR PERFORM
FLUXCORR COMPLETE
SGEOCORR OMIT

         Row 1 written to disk.
Order 1  End 17:51:03 PDT

         trace was rotated by = -0.00884099 degree.
Imset 1  End 17:51:03 PDT

Warning    Keyword `XTRACALG' is being added to header.
End      15-Aug-2026 17:51:03 PDT

*** CALSTIS-6 complete ***
26 STIS science exposures for SN2022HRS-HV (2 dropped: texptime<5.0s)
X1D oedc12010 G430L es 15 flags none
X1D oedc12020 G230L es 11 flags none
X1D oedc12030 G230L es 11 flags none
X1D oedc12040 G230L es 11 flags none
X1D oedc12050 G230L es 11 flags none
X1D oedc13010 G430L es 15 flags none
X1D oedc13020 G230L es 11 flags none
X1D oedc13030 G230L es 11 flags none
X1D oedc13040 G230L es 11 flags none
X1D oedc14010 G430L es 15 flags none
X1D oedc14020 G230L es 11 flags none
X1D oedc14030 G230L es 11 flags none
X1D oedc14040 G230L es 11 flags none
X1D oedc15010 G430L es 15 flags none
X1D oedc15020 G230L es 11 flags none
X1D oedc15030 G230L es 11 flags none
X1D oedc15040 G230L es 11 flags none
X1D oedc16010 G430L es 15 flags none
X1D oedc16020 G230L es 11 flags none
X1D oedc16030 G230L es 11 flags none
X1D oedc16040 G230L es 11 flags none
X1D oedc17010 G430L es 15 flags none
X1D oedc17020 G230L es 11 flags none
X1D oedc17030 G230L es 11 flags none
X1D oedc17040 G230L es 11 flags none
X1D oetm02010 G230L es 11 flags none
BATCHDONE

/home/ishaang6/miniforge3/envs/surf_uv/lib/python3.12/site-packages/stsci/tools/nmpfit.py:8: UserWarning: NMPFIT is deprecated - stsci.tools v 3.5 is the last version to contain it.
  warnings.warn("NMPFIT is deprecated - stsci.tools v 3.5 is the last version to contain it.")
/home/ishaang6/miniforge3/envs/surf_uv/lib/python3.12/site-packages/stsci/tools/gfit.py:18: UserWarning: GFIT is deprecated - stsci.tools v 3.4.12 is the last version to contain it.Use astropy.modeling instead.
  warnings.warn("GFIT is deprecated - stsci.tools v 3.4.12 is the last version to contain it."

$ /home/ishaang6/miniforge3/envs/surf_uv/bin/python /mnt/c/Users/eluru/CALTECH_SURF_2026/WORK/scripts/build_products.py SN2022HRS-HV --outroot output5 --z 0.0047 --early-skip-dir  --expl-mjd 59685.619
built products for SN2022HRS-HV: 7 epochs



===== SN-2005IP  z=0.007  STIS=True COS=False =====
$ /home/ishaang6/miniforge3/envs/surf_uv/bin/python /mnt/c/Users/eluru/CALTECH_SURF_2026/WORK/scripts/download_all.py SN-2005IP
data/SN-2005IP/mastDownload/HST/od87010d0/od87010d0_raw.fits with expected size 8429760. [astroquery.query]
INFO: Found cached file /mnt/c/Users/eluru/CALTECH_SURF_2026/WORK/data/SN-2005IP/mastDownload/HST/od87010d0/od87010d0_flt.fits with expected size 10535040. [astroquery.query]
INFO: Found cached file /mnt/c/Users/eluru/CALTECH_SURF_2026/WORK/data/SN-2005IP/mastDownload/HST/od87010e0/od87010e0_wav.fits with expected size 2139840. [astroquery.query]
INFO: Found cached file /mnt/c/Users/eluru/CALTECH_SURF_2026/WORK/data/SN-2005IP/mastDownload/HST/od87010e0/od87010e0_raw.fits with expected size 8429760. [astroquery.query]
INFO: Found cached file /mnt/c/Users/eluru/CALTECH_SURF_2026/WORK/data/SN-2005IP/mastDownload/HST/od87010e0/od87010e0_flt.fits with expected size 10535040. [astroquery.query]
INFO: Found cached file /mnt/c/Users/eluru/CALTECH_SURF_2026/WORK/data/SN-2005IP/mastDownload/HST/od87010f0/od87010f0_wav.fits with expected size 4262400. [astroquery.query]
INFO: Found cached file /mnt/c/Users/eluru/CALTECH_SURF_2026/WORK/data/SN-2005IP/mastDownload/HST/od87010f0/od87010f0_raw.fits with expected size 8429760. [astroquery.query]
INFO: Found cached file /mnt/c/Users/eluru/CALTECH_SURF_2026/WORK/data/SN-2005IP/mastDownload/HST/od87010f0/od87010f0_flt.fits with expected size 10535040. [astroquery.query]
INFO: Found cached file /mnt/c/Users/eluru/CALTECH_SURF_2026/WORK/data/SN-2005IP/mastDownload/HST/od87010g0/od87010g0_wav.fits with expected size 4262400. [astroquery.query]
INFO: Found cached file /mnt/c/Users/eluru/CALTECH_SURF_2026/WORK/data/SN-2005IP/mastDownload/HST/od87010g0/od87010g0_raw.fits with expected size 8429760. [astroquery.query]
INFO: Found cached file /mnt/c/Users/eluru/CALTECH_SURF_2026/WORK/data/SN-2005IP/mastDownload/HST/od87010g0/od87010g0_flt.fits with expected size 10535040. [astroquery.query]
INFO: Found cached file /mnt/c/Users/eluru/CALTECH_SURF_2026/WORK/data/SN-2005IP/mastDownload/HST/od87010h0/od87010h0_wav.fits with expected size 2139840. [astroquery.query]
INFO: Found cached file /mnt/c/Users/eluru/CALTECH_SURF_2026/WORK/data/SN-2005IP/mastDownload/HST/od87010h0/od87010h0_raw.fits with expected size 8429760. [astroquery.query]
INFO: Found cached file /mnt/c/Users/eluru/CALTECH_SURF_2026/WORK/data/SN-2005IP/mastDownload/HST/od87010h0/od87010h0_flt.fits with expected size 10535040. [astroquery.query]
INFO: Found cached file /mnt/c/Users/eluru/CALTECH_SURF_2026/WORK/data/SN-2005IP/mastDownload/HST/od87010i0/od87010i0_wav.fits with expected size 4262400. [astroquery.query]
INFO: Found cached file /mnt/c/Users/eluru/CALTECH_SURF_2026/WORK/data/SN-2005IP/mastDownload/HST/od87010i0/od87010i0_raw.fits with expected size 8429760. [astroquery.query]
INFO: Found cached file /mnt/c/Users/eluru/CALTECH_SURF_2026/WORK/data/SN-2005IP/mastDownload/HST/od87010i0/od87010i0_flt.fits with expected size 10535040. [astroquery.query]
INFO: Found cached file /mnt/c/Users/eluru/CALTECH_SURF_2026/WORK/data/SN-2005IP/mastDownload/HST/od87010j0/od87010j0_wav.fits with expected size 4262400. [astroquery.query]
INFO: Found cached file /mnt/c/Users/eluru/CALTECH_SURF_2026/WORK/data/SN-2005IP/mastDownload/HST/od87010j0/od87010j0_raw.fits with expected size 8429760. [astroquery.query]
INFO: Found cached file /mnt/c/Users/eluru/CALTECH_SURF_2026/WORK/data/SN-2005IP/mastDownload/HST/od87010j0/od87010j0_flt.fits with expected size 10535040. [astroquery.query]
INFO: Found cached file /mnt/c/Users/eluru/CALTECH_SURF_2026/WORK/data/SN-2005IP/mastDownload/HST/od87010k0/od87010k0_wav.fits with expected size 2139840. [astroquery.query]
INFO: Found cached file /mnt/c/Users/eluru/CALTECH_SURF_2026/WORK/data/SN-2005IP/mastDownload/HST/od87010k0/od87010k0_raw.fits with expected size 8429760. [astroquery.query]
INFO: Found cached file /mnt/c/Users/eluru/CALTECH_SURF_2026/WORK/data/SN-2005IP/mastDownload/HST/od87010k0/od87010k0_flt.fits with expected size 10535040. [astroquery.query]
SN-2005IP: downloaded 96 products (32 obs)
DOWNLOADDONE


$ /home/ishaang6/miniforge3/envs/surf_uv/bin/python /mnt/c/Users/eluru/CALTECH_SURF_2026/WORK/scripts/reduce_stis_batch.py /mnt/c/Users/eluru/CALTECH_SURF_2026/WORK/data/SN-2005IP SN-2005IP --outroot output5 --z 0.007 --expl-mjd 53679.0
-2005IP/STIS/MAMA/2017-10-21_day4369/G230L/od87010k0_x1d.fits
Rootname od87010k0
OBSMODE  ACCUM
APERTURE 52X0.5
OPT_ELEM G230L
DETECTOR NUV-MAMA

XTRACTAB oref$a5e1953co_1dx.fits
XTRACTAB PEDIGREE=INFLIGHT 29/05/1997 29/05/1997
XTRACTAB DESCRIP =Analysis from prop. 7064 and ground data
XTRACTAB DESCRIP =Analysis from prop. 7064
SPTRCTAB oref$a5e19539o_1dt.fits
SPTRCTAB PEDIGREE=INFLIGHT 27/02/1997 06/01/2010
SPTRCTAB DESCRIP =New traces for select echelle secondary modes

Imset 1  Begin 17:53:51 PDT
         Input read into memory.
Order 1  Begin 17:53:53 PDT
X1DCORR  PERFORM
BACKCORR PERFORM
******** Calling Slfit ***********
BACKCORR COMPLETE
X1DCORR  COMPLETE
         Spectrum extracted at y position = 555.606

DISPCORR PERFORM
DISPTAB  oref$m7p16111o_dsp.fits
DISPTAB  PEDIGREE=INFLIGHT 23/01/1999 23/01/1999
DISPTAB  DESCRIP =Dispersion coefficients reference table
DISPTAB  DESCRIP =INFLIGHT Cal. Disp. Coeffs
APDESTAB oref$16j16005o_apd.fits
APDESTAB PEDIGREE=INFLIGHT 01/03/1997 13/06/2017
APDESTAB DESCRIP =Aligned long-slit bar positions for single-bar cases.--------------
APDESTAB DESCRIP =Microscope Meas./Hartig Post-launch Offsets
INANGTAB oref$l3m1437ro_iac.fits
INANGTAB DESCRIP =Prelaunch Calibration/Lindler and Models
DISPCORR COMPLETE

HELCORR  PERFORM
HELCORR  COMPLETE

PHOTTAB  oref$a5e19538o_pht.fits
PHOTTAB  PEDIGREE=INFLIGHT 27/02/1997 16/03/2021
PHOTTAB  DESCRIP =May 2026 recalibration
APERTAB  oref$y2r1559to_apt.fits
APERTAB  PEDIGREE=MODEL
APERTAB  DESCRIP =Added/updated values for 31X0.05NDA,31X0.05NDB,31X0.05NDC apertures
APERTAB  DESCRIP =Bohlin/Hartig TIM Models Nov. 1998
PCTAB    oref$y2r16006o_pct.fits
PCTAB    PEDIGREE=INFLIGHT 18/05/1997 19/12/1998
PCTAB    DESCRIP =Added/updated values for 31X0.05NDA,31X0.05NDB,31X0.05NDC apertures
TDSTAB   oref$97a1546po_tds.fits
TDSTAB   PEDIGREE=INFLIGHT 01/04/1997 13/05/2025
TDSTAB   DESCRIP =Updated time sensitivities for MIRNUV and L, M, and H modes.
FLUXCORR PERFORM
FLUXCORR COMPLETE
SGEOCORR OMIT

         Row 1 written to disk.
Order 1  End 17:53:53 PDT

         trace was rotated by = -0.00567293 degree.
Imset 1  End 17:53:53 PDT

Warning    Keyword `XTRACALG' is being added to header.
End      15-Aug-2026 17:53:53 PDT

*** CALSTIS-6 complete ***
32 STIS science exposures for SN-2005IP (0 dropped: texptime<5.0s)
X1D ocdd02010 G140L es 11 flags none
X1D ocdd02020 G140L es 11 flags none
X1D ocdd02030 G140L es 11 flags none
X1D ocdd02040 G140L es 11 flags none
X1D ocdd02050 G140L es 11 flags ['low_detect', 'center_mismatch(337vs330)']
X1D ocdd02060 G140L es 11 flags none
X1D ocdd02070 G140L es 11 flags none
X1D ocdd02080 G140L es 11 flags none
X1D ocdd02090 G230L es 11 flags ['center_mismatch(1027vs455)']
X1D ocdd020a0 G230L es 11 flags none
X1D ocdd020b0 G230L es 11 flags none
X1D ocdd020c0 G230L es 11 flags none
X1D od8701010 G140L es 11 flags ['low_detect', 'center_mismatch(306vs413)']
X1D od8701020 G140L es 11 flags ['low_detect']
X1D od8701030 G140L es 11 flags ['low_detect', 'center_mismatch(1019vs392)']
X1D od8701040 G140L es 11 flags ['low_detect']
X1D od8701050 G140L es 11 flags ['low_detect', 'center_mismatch(307vs407)']
X1D od8701060 G140L es 11 flags ['low_detect', 'center_mismatch(512vs345)']
X1D od8701070 G140L es 11 flags ['low_detect']
X1D od8701080 G140L es 11 flags ['low_detect', 'center_mismatch(514vs430)']
X1D od8701090 G140L es 11 flags ['low_detect', 'center_mismatch(515vs430)']
X1D od87010a0 G140L es 11 flags ['low_detect', 'center_mismatch(512vs396)']
X1D od87010b0 G140L es 11 flags ['low_detect', 'center_mismatch(512vs376)']
X1D od87010c0 G140L es 11 flags ['low_detect', 'center_mismatch(512vs428)']
X1D od87010d0 G230L es 11 flags ['low_detect']
X1D od87010e0 G230L es 11 flags none
X1D od87010f0 G230L es 11 flags none
X1D od87010g0 G230L es 11 flags ['center_mismatch(555vs550)']
X1D od87010h0 G230L es 11 flags none
X1D od87010i0 G230L es 11 flags none
X1D od87010j0 G230L es 11 flags none
X1D od87010k0 G230L es 11 flags none
BATCHDONE

/home/ishaang6/miniforge3/envs/surf_uv/lib/python3.12/site-packages/stsci/tools/nmpfit.py:8: UserWarning: NMPFIT is deprecated - stsci.tools v 3.5 is the last version to contain it.
  warnings.warn("NMPFIT is deprecated - stsci.tools v 3.5 is the last version to contain it.")
/home/ishaang6/miniforge3/envs/surf_uv/lib/python3.12/site-packages/stsci/tools/gfit.py:18: UserWarning: GFIT is deprecated - stsci.tools v 3.4.12 is the last version to contain it.Use astropy.modeling instead.
  warnings.warn("GFIT is deprecated - stsci.tools v 3.4.12 is the last version to contain it."

$ /home/ishaang6/miniforge3/envs/surf_uv/bin/python /mnt/c/Users/eluru/CALTECH_SURF_2026/WORK/scripts/build_products.py SN-2005IP --outroot output5 --z 0.007 --early-skip-dir  --expl-mjd 53679.0
built products for SN-2005IP: 2 epochs



===== SN1999EM  z=0.002  STIS=True COS=False =====
$ /home/ishaang6/miniforge3/envs/surf_uv/bin/python /mnt/c/Users/eluru/CALTECH_SURF_2026/WORK/scripts/download_all.py SN1999EM
CALTECH_SURF_2026/WORK/data/SN1999EM/mastDownload/HST/o5i250030/o5i250030_flt.fits with expected size 10535040. [astroquery.query]
INFO: Found cached file /mnt/c/Users/eluru/CALTECH_SURF_2026/WORK/data/SN1999EM/mastDownload/HST/o5i250040/o5i250040_wav.fits with expected size 4262400. [astroquery.query]
INFO: Found cached file /mnt/c/Users/eluru/CALTECH_SURF_2026/WORK/data/SN1999EM/mastDownload/HST/o5i250040/o5i250040_raw.fits with expected size 8429760. [astroquery.query]
INFO: Found cached file /mnt/c/Users/eluru/CALTECH_SURF_2026/WORK/data/SN1999EM/mastDownload/HST/o5i250040/o5i250040_flt.fits with expected size 10535040. [astroquery.query]
INFO: Found cached file /mnt/c/Users/eluru/CALTECH_SURF_2026/WORK/data/SN1999EM/mastDownload/HST/o5i260010/o5i260010_crj.fits with expected size 10537920. [astroquery.query]
INFO: Found cached file /mnt/c/Users/eluru/CALTECH_SURF_2026/WORK/data/SN1999EM/mastDownload/HST/o5i260010/o5i260010_wav.fits with expected size 2260800. [astroquery.query]
INFO: Found cached file /mnt/c/Users/eluru/CALTECH_SURF_2026/WORK/data/SN1999EM/mastDownload/HST/o5i260010/o5i260010_raw.fits with expected size 4501440. [astroquery.query]
INFO: Found cached file /mnt/c/Users/eluru/CALTECH_SURF_2026/WORK/data/SN1999EM/mastDownload/HST/o5i260010/o5i260010_flt.fits with expected size 21052800. [astroquery.query]
INFO: Found cached file /mnt/c/Users/eluru/CALTECH_SURF_2026/WORK/data/SN1999EM/mastDownload/HST/o5i260020/o5i260020_wav.fits with expected size 4262400. [astroquery.query]
INFO: Found cached file /mnt/c/Users/eluru/CALTECH_SURF_2026/WORK/data/SN1999EM/mastDownload/HST/o5i260020/o5i260020_raw.fits with expected size 8429760. [astroquery.query]
INFO: Found cached file /mnt/c/Users/eluru/CALTECH_SURF_2026/WORK/data/SN1999EM/mastDownload/HST/o5i260020/o5i260020_flt.fits with expected size 10535040. [astroquery.query]
INFO: Found cached file /mnt/c/Users/eluru/CALTECH_SURF_2026/WORK/data/SN1999EM/mastDownload/HST/o5i260030/o5i260030_wav.fits with expected size 4262400. [astroquery.query]
INFO: Found cached file /mnt/c/Users/eluru/CALTECH_SURF_2026/WORK/data/SN1999EM/mastDownload/HST/o5i260030/o5i260030_raw.fits with expected size 8429760. [astroquery.query]
INFO: Found cached file /mnt/c/Users/eluru/CALTECH_SURF_2026/WORK/data/SN1999EM/mastDownload/HST/o5i260030/o5i260030_flt.fits with expected size 10535040. [astroquery.query]
INFO: Found cached file /mnt/c/Users/eluru/CALTECH_SURF_2026/WORK/data/SN1999EM/mastDownload/HST/o5i260040/o5i260040_wav.fits with expected size 4262400. [astroquery.query]
INFO: Found cached file /mnt/c/Users/eluru/CALTECH_SURF_2026/WORK/data/SN1999EM/mastDownload/HST/o5i260040/o5i260040_raw.fits with expected size 8429760. [astroquery.query]
INFO: Found cached file /mnt/c/Users/eluru/CALTECH_SURF_2026/WORK/data/SN1999EM/mastDownload/HST/o5i260040/o5i260040_flt.fits with expected size 10535040. [astroquery.query]
INFO: Found cached file /mnt/c/Users/eluru/CALTECH_SURF_2026/WORK/data/SN1999EM/mastDownload/HST/o5i260050/o5i260050_wav.fits with expected size 4262400. [astroquery.query]
INFO: Found cached file /mnt/c/Users/eluru/CALTECH_SURF_2026/WORK/data/SN1999EM/mastDownload/HST/o5i260050/o5i260050_raw.fits with expected size 8429760. [astroquery.query]
INFO: Found cached file /mnt/c/Users/eluru/CALTECH_SURF_2026/WORK/data/SN1999EM/mastDownload/HST/o5i260050/o5i260050_flt.fits with expected size 10535040. [astroquery.query]
INFO: Found cached file /mnt/c/Users/eluru/CALTECH_SURF_2026/WORK/data/SN1999EM/mastDownload/HST/o5i260060/o5i260060_wav.fits with expected size 4262400. [astroquery.query]
INFO: Found cached file /mnt/c/Users/eluru/CALTECH_SURF_2026/WORK/data/SN1999EM/mastDownload/HST/o5i260060/o5i260060_raw.fits with expected size 8429760. [astroquery.query]
INFO: Found cached file /mnt/c/Users/eluru/CALTECH_SURF_2026/WORK/data/SN1999EM/mastDownload/HST/o5i260060/o5i260060_flt.fits with expected size 10535040. [astroquery.query]
SN1999EM: downloaded 61 products (20 obs)
DOWNLOADDONE


$ /home/ishaang6/miniforge3/envs/surf_uv/bin/python /mnt/c/Users/eluru/CALTECH_SURF_2026/WORK/scripts/reduce_stis_batch.py /mnt/c/Users/eluru/CALTECH_SURF_2026/WORK/data/SN1999EM SN1999EM --outroot output5 --z 0.002 --expl-mjd 51480.0
TAB   oref$q9s1550lo_tds.fits
TDSTAB   PEDIGREE=INFLIGHT 01/04/1996 08/04/2004
TDSTAB   DESCRIP =New sensitivities for  G230L, E230M, E230M, and E230H modes
FLUXCORR PERFORM
FLUXCORR COMPLETE
SGEOCORR OMIT

         Row 1 written to disk.
Order 1  End 17:54:27 PDT

         trace was rotated by = 0.00555434 degree.
Imset 1  End 17:54:27 PDT

Warning    Keyword `XTRACALG' is being added to header.
End      15-Aug-2026 17:54:27 PDT

*** CALSTIS-6 complete ***
git tag: 4ac2384-dirty
git branch: main
HEAD @: 4ac2384d4b81f58ea6aed6f2977aadc15beb6b0f

*** CALSTIS-6 -- Version 3.5.0 (02-Feb-2026) ***
Begin    15-Aug-2026 17:54:29 PDT

Warning    Grating-aperture throughput correction table (GACTAB) was not found,

         and no gac corrections will be applied
Input    /mnt/c/Users/eluru/CALTECH_SURF_2026/WORK/data/SN1999EM/mastDownload/HST/o5i260060/o5i260060_flt.fits
Output   output5/SN1999EM/STIS/MAMA/2000-01-24_day87/G230L/o5i260060_x1d.fits
Rootname o5i260060
OBSMODE  ACCUM
APERTURE 52X0.2
OPT_ELEM G230L
DETECTOR NUV-MAMA

XTRACTAB oref$l3m1437to_1dx.fits
XTRACTAB PEDIGREE=INFLIGHT 29/05/97
XTRACTAB DESCRIP =Analysis from prop. 7064 and ground data
XTRACTAB DESCRIP =Analysis from prop. 7064
SPTRCTAB oref$a5e1953fo_1dt.fits
SPTRCTAB PEDIGREE=INFLIGHT 27/02/1997 06/01/2010
SPTRCTAB DESCRIP =New traces for select echelle secondary modes

Imset 1  Begin 17:54:30 PDT
         Input read into memory.
Order 1  Begin 17:54:32 PDT
X1DCORR  PERFORM
BACKCORR PERFORM
******** Calling Slfit ***********
BACKCORR COMPLETE
X1DCORR  COMPLETE
         Spectrum extracted at y position = 533.071

DISPCORR PERFORM
DISPTAB  oref$m7p16111o_dsp.fits
DISPTAB  PEDIGREE=INFLIGHT 23/01/1999 23/01/1999
DISPTAB  DESCRIP =Dispersion coefficients reference table
DISPTAB  DESCRIP =INFLIGHT Cal. Disp. Coeffs
APDESTAB oref$16j16005o_apd.fits
APDESTAB PEDIGREE=INFLIGHT 01/03/1997 13/06/2017
APDESTAB DESCRIP =Aligned long-slit bar positions for single-bar cases.--------------
APDESTAB DESCRIP =Microscope Meas./Hartig Post-launch Offsets
INANGTAB oref$l3m1437ro_iac.fits
INANGTAB DESCRIP =Prelaunch Calibration/Lindler and Models
DISPCORR COMPLETE

HELCORR  PERFORM
HELCORR  COMPLETE

PHOTTAB  oref$9511857co_pht.fits
PHOTTAB  PEDIGREE=INFLIGHT 27/02/1997 16/03/2021
PHOTTAB  DESCRIP =Fullerton 2025 calibration
APERTAB  oref$y2r1559to_apt.fits
APERTAB  PEDIGREE=MODEL
APERTAB  DESCRIP =Added/updated values for 31X0.05NDA,31X0.05NDB,31X0.05NDC apertures
APERTAB  DESCRIP =Bohlin/Hartig TIM Models Nov. 1998
PCTAB    oref$y2r16006o_pct.fits
PCTAB    PEDIGREE=INFLIGHT 18/05/1997 19/12/1998
PCTAB    DESCRIP =Added/updated values for 31X0.05NDA,31X0.05NDB,31X0.05NDC apertures
TDSTAB   oref$q9s1550lo_tds.fits
TDSTAB   PEDIGREE=INFLIGHT 01/04/1996 08/04/2004
TDSTAB   DESCRIP =New sensitivities for  G230L, E230M, E230M, and E230H modes
FLUXCORR PERFORM
FLUXCORR COMPLETE
SGEOCORR OMIT

         Row 1 written to disk.
Order 1  End 17:54:32 PDT

         trace was rotated by = 0.00555478 degree.
Imset 1  End 17:54:32 PDT

Warning    Keyword `XTRACALG' is being added to header.
End      15-Aug-2026 17:54:32 PDT

*** CALSTIS-6 complete ***
19 STIS science exposures for SN1999EM (0 dropped: texptime<5.0s)
X1D o5dv01030 E140M es 11 flags ['echelle']
X1D o5dv01050 E140M es 11 flags ['echelle']
X1D o5dv01060 E140M es 11 flags ['echelle']
X1D o5dv01070 E140M es 11 flags ['echelle']
X1D o5dv02030 E230M es 11 flags ['echelle']
X1D o5dv02040 E230M es 11 flags ['echelle']
X1D o5dv02050 E230M es 11 flags ['echelle']
X1D o5dv02060 E140M es 11 flags ['echelle']
X1D o5dv02070 E140M es 11 flags ['echelle']
X1D o5i250010 G430L es 17 flags none
X1D o5i250020 G140L es 11 flags none
X1D o5i250030 G140L es 11 flags none
X1D o5i250040 G230L es 11 flags none
X1D o5i260010 G430L es 17 flags none
X1D o5i260020 G140L es 11 flags none
X1D o5i260030 G140L es 11 flags ['low_detect']
X1D o5i260040 G140L es 11 flags ['low_detect']
X1D o5i260050 G230L es 11 flags none
X1D o5i260060 G230L es 11 flags none
BATCHDONE

/home/ishaang6/miniforge3/envs/surf_uv/lib/python3.12/site-packages/stsci/tools/nmpfit.py:8: UserWarning: NMPFIT is deprecated - stsci.tools v 3.5 is the last version to contain it.
  warnings.warn("NMPFIT is deprecated - stsci.tools v 3.5 is the last version to contain it.")
/home/ishaang6/miniforge3/envs/surf_uv/lib/python3.12/site-packages/stsci/tools/gfit.py:18: UserWarning: GFIT is deprecated - stsci.tools v 3.4.12 is the last version to contain it.Use astropy.modeling instead.
  warnings.warn("GFIT is deprecated - stsci.tools v 3.4.12 is the last version to contain it."

$ /home/ishaang6/miniforge3/envs/surf_uv/bin/python /mnt/c/Users/eluru/CALTECH_SURF_2026/WORK/scripts/build_products.py SN1999EM --outroot output5 --z 0.002 --early-skip-dir  --expl-mjd 51480.0
built products for SN1999EM: 4 epochs



===== ASASSN14LP  z=0.0051  STIS=True COS=False =====
$ /home/ishaang6/miniforge3/envs/surf_uv/bin/python /mnt/c/Users/eluru/CALTECH_SURF_2026/WORK/scripts/download_all.py ASASSN14LP
/HST/ock409010/ock409010_flt.fits with expected size 10535040. [astroquery.query]
INFO: Found cached file /mnt/c/Users/eluru/CALTECH_SURF_2026/WORK/data/ASASSN14LP/mastDownload/HST/ock409020/ock409020_crj.fits with expected size 10537920. [astroquery.query]
INFO: Found cached file /mnt/c/Users/eluru/CALTECH_SURF_2026/WORK/data/ASASSN14LP/mastDownload/HST/ock409020/ock409020_wav.fits with expected size 2260800. [astroquery.query]
INFO: Found cached file /mnt/c/Users/eluru/CALTECH_SURF_2026/WORK/data/ASASSN14LP/mastDownload/HST/ock409020/ock409020_raw.fits with expected size 4501440. [astroquery.query]
INFO: Found cached file /mnt/c/Users/eluru/CALTECH_SURF_2026/WORK/data/ASASSN14LP/mastDownload/HST/ock409020/ock409020_flt.fits with expected size 21052800. [astroquery.query]
INFO: Found cached file /mnt/c/Users/eluru/CALTECH_SURF_2026/WORK/data/ASASSN14LP/mastDownload/HST/ock409030/ock409030_crj.fits with expected size 10537920. [astroquery.query]
INFO: Found cached file /mnt/c/Users/eluru/CALTECH_SURF_2026/WORK/data/ASASSN14LP/mastDownload/HST/ock409030/ock409030_wav.fits with expected size 2260800. [astroquery.query]
INFO: Found cached file /mnt/c/Users/eluru/CALTECH_SURF_2026/WORK/data/ASASSN14LP/mastDownload/HST/ock409030/ock409030_raw.fits with expected size 4501440. [astroquery.query]
INFO: Found cached file /mnt/c/Users/eluru/CALTECH_SURF_2026/WORK/data/ASASSN14LP/mastDownload/HST/ock409030/ock409030_flt.fits with expected size 21052800. [astroquery.query]
INFO: Found cached file /mnt/c/Users/eluru/CALTECH_SURF_2026/WORK/data/ASASSN14LP/mastDownload/HST/ock410010/ock410010_wav.fits with expected size 2139840. [astroquery.query]
INFO: Found cached file /mnt/c/Users/eluru/CALTECH_SURF_2026/WORK/data/ASASSN14LP/mastDownload/HST/ock410010/ock410010_raw.fits with expected size 8429760. [astroquery.query]
INFO: Found cached file /mnt/c/Users/eluru/CALTECH_SURF_2026/WORK/data/ASASSN14LP/mastDownload/HST/ock410010/ock410010_flt.fits with expected size 10535040. [astroquery.query]
INFO: Found cached file /mnt/c/Users/eluru/CALTECH_SURF_2026/WORK/data/ASASSN14LP/mastDownload/HST/ock410020/ock410020_wav.fits with expected size 2139840. [astroquery.query]
INFO: Found cached file /mnt/c/Users/eluru/CALTECH_SURF_2026/WORK/data/ASASSN14LP/mastDownload/HST/ock410020/ock410020_raw.fits with expected size 8429760. [astroquery.query]
INFO: Found cached file /mnt/c/Users/eluru/CALTECH_SURF_2026/WORK/data/ASASSN14LP/mastDownload/HST/ock410020/ock410020_flt.fits with expected size 10535040. [astroquery.query]
INFO: Found cached file /mnt/c/Users/eluru/CALTECH_SURF_2026/WORK/data/ASASSN14LP/mastDownload/HST/ock410030/ock410030_crj.fits with expected size 10537920. [astroquery.query]
INFO: Found cached file /mnt/c/Users/eluru/CALTECH_SURF_2026/WORK/data/ASASSN14LP/mastDownload/HST/ock410030/ock410030_wav.fits with expected size 2260800. [astroquery.query]
INFO: Found cached file /mnt/c/Users/eluru/CALTECH_SURF_2026/WORK/data/ASASSN14LP/mastDownload/HST/ock410030/ock410030_raw.fits with expected size 4501440. [astroquery.query]
INFO: Found cached file /mnt/c/Users/eluru/CALTECH_SURF_2026/WORK/data/ASASSN14LP/mastDownload/HST/ock410030/ock410030_flt.fits with expected size 21052800. [astroquery.query]
INFO: Found cached file /mnt/c/Users/eluru/CALTECH_SURF_2026/WORK/data/ASASSN14LP/mastDownload/HST/ock410040/ock410040_crj.fits with expected size 10537920. [astroquery.query]
INFO: Found cached file /mnt/c/Users/eluru/CALTECH_SURF_2026/WORK/data/ASASSN14LP/mastDownload/HST/ock410040/ock410040_wav.fits with expected size 2260800. [astroquery.query]
INFO: Found cached file /mnt/c/Users/eluru/CALTECH_SURF_2026/WORK/data/ASASSN14LP/mastDownload/HST/ock410040/ock410040_raw.fits with expected size 4501440. [astroquery.query]
INFO: Found cached file /mnt/c/Users/eluru/CALTECH_SURF_2026/WORK/data/ASASSN14LP/mastDownload/HST/ock410040/ock410040_flt.fits with expected size 21052800. [astroquery.query]
ASASSN14LP: downloaded 116 products (32 obs)
DOWNLOADDONE


$ /home/ishaang6/miniforge3/envs/surf_uv/bin/python /mnt/c/Users/eluru/CALTECH_SURF_2026/WORK/scripts/reduce_stis_batch.py /mnt/c/Users/eluru/CALTECH_SURF_2026/WORK/data/ASASSN14LP ASASSN14LP --outroot output5 --z 0.0051
Analysis from prop. 7094
XTRACTAB DESCRIP =Analysis from prop. 7094
SPTRCTAB oref$qa31608go_1dt.fits
SPTRCTAB PEDIGREE=INFLIGHT 02/09/1997 13/02/1998
SPTRCTAB DESCRIP =New traces to account for angle change with time

Imset 1  Begin 17:54:53 PDT
         Input read into memory.
Order 1  Begin 17:54:54 PDT
X1DCORR  PERFORM
BACKCORR PERFORM
******** Calling Slfit ***********
BACKCORR COMPLETE
X1DCORR  COMPLETE
         Spectrum extracted at y position = 894.622

DISPCORR PERFORM
DISPTAB  oref$l2j0137to_dsp.fits
DISPTAB  PEDIGREE=INFLIGHT 27/02/1997 24/11/1999
DISPTAB  DESCRIP =Lindler, May 2000
DISPTAB  DESCRIP =Lindler Postlaunch, May 2000
APDESTAB oref$16j16005o_apd.fits
APDESTAB PEDIGREE=INFLIGHT 01/03/1997 13/06/2017
APDESTAB DESCRIP =Aligned long-slit bar positions for single-bar cases.--------------
APDESTAB DESCRIP =Offset relative to row 900
INANGTAB oref$h5s11397o_iac.fits
INANGTAB DESCRIP =Model/C. Bowers May 6, 1997
DISPCORR COMPLETE

HELCORR  PERFORM
HELCORR  COMPLETE

PHOTTAB  oref$95118575o_pht.fits
PHOTTAB  PEDIGREE=INFLIGHT 27/02/1997 16/03/2021
PHOTTAB  DESCRIP =Fullerton 2025 calibration
APERTAB  oref$y2r1559to_apt.fits
APERTAB  PEDIGREE=MODEL
APERTAB  DESCRIP =Added/updated values for 31X0.05NDA,31X0.05NDB,31X0.05NDC apertures
APERTAB  DESCRIP =Bohlin/Hartig TIM Models Nov. 1998
GACTAB   oref$p9r19203o_gac.fits
GACTAB   PEDIGREE=INFLIGHT 22/04/2002 03/08/2004
GACTAB   DESCRIP =X1D flux corr for grating/aper combos
GACTAB   DESCRIP =Grating-Aperture Throughput Correction
PCTAB    oref$q541740po_pct.fits
PCTAB    PEDIGREE=INFLIGHT 18/05/1997 19/12/1998
PCTAB    DESCRIP =Sensitivity for diff. extractions heights
TDSTAB   oref$8712049eo_tds.fits
TDSTAB   PEDIGREE=INFLIGHT 01/04/1997 06/03/2024
TDSTAB   DESCRIP =Updated time sensitivities for MIRVIS, G230LB, and G230MB
FLUXCORR PERFORM
CTECORR  PERFORM
CCDTAB   oref$16j1600do_ccd.fits
CCDTAB   PEDIGREE=INFLIGHT 01/05/2009 01/05/2009
CCDTAB   DESCRIP =Updated amp=D gain=4 atodgain and corresponding readnoise values---
CCDTAB   DESCRIP =Proposal 8057, by I. Dashevsky & P. Goudfrooij
Warning    No exact extraction box height match in PCTAB.
Warning    Using entry for height 21
         GACTAB correction applied for G750L 52X0.2E1 7751
CTECORR  COMPLETE
FLUXCORR COMPLETE
SGEOCORR OMIT

         Row 1 written to disk.
Order 1  End 17:54:55 PDT

         trace was rotated by = 0.0645271 degree.
Imset 1  End 17:54:55 PDT

Warning    Keyword `XTRACALG' is being added to header.
End      15-Aug-2026 17:54:55 PDT

*** CALSTIS-6 complete ***
32 STIS science exposures for ASASSN14LP (0 dropped: texptime<5.0s)
X1D ock401010 G230L es 11 flags none
X1D ock401020 G230L es 11 flags none
X1D ock401030 G430L es 15 flags none
X1D ock401040 G750L es 25 flags ['no_defringe(no_flat)']
X1D ock402010 G230L es 11 flags none
X1D ock402020 G430L es 15 flags none
X1D ock402030 G750L es 25 flags ['no_defringe(no_flat)']
X1D ock403010 G230L es 11 flags none
X1D ock403020 G430L es 15 flags none
X1D ock403030 G750L es 25 flags ['no_defringe(no_flat)']
X1D ock404010 G230L es 11 flags none
X1D ock404020 G430L es 15 flags none
X1D ock404030 G750L es 25 flags ['no_defringe(no_flat)']
X1D ock405010 G230L es 11 flags none
X1D ock405020 G430L es 15 flags none
X1D ock405030 G750L es 25 flags ['no_defringe(no_flat)']
X1D ock406010 G230L es 11 flags none
X1D ock406020 G430L es 15 flags none
X1D ock406030 G750L es 25 flags ['no_defringe(no_flat)']
X1D ock407010 G230L es 11 flags none
X1D ock407020 G430L es 15 flags none
X1D ock407030 G750L es 25 flags ['no_defringe(no_flat)']
X1D ock408010 G230L es 11 flags none
X1D ock408020 G430L es 15 flags none
X1D ock408030 G750L es 25 flags ['no_defringe(no_flat)']
X1D ock409010 G230L es 11 flags none
X1D ock409020 G430L es 15 flags none
X1D ock409030 G750L es 25 flags ['no_defringe(no_flat)']
X1D ock410010 G230L es 11 flags none
X1D ock410020 G230L es 11 flags none
X1D ock410030 G430L es 15 flags none
X1D ock410040 G750L es 25 flags ['no_defringe(no_flat)']
BATCHDONE

/home/ishaang6/miniforge3/envs/surf_uv/lib/python3.12/site-packages/stsci/tools/nmpfit.py:8: UserWarning: NMPFIT is deprecated - stsci.tools v 3.5 is the last version to contain it.
  warnings.warn("NMPFIT is deprecated - stsci.tools v 3.5 is the last version to contain it.")
/home/ishaang6/miniforge3/envs/surf_uv/lib/python3.12/site-packages/stsci/tools/gfit.py:18: UserWarning: GFIT is deprecated - stsci.tools v 3.4.12 is the last version to contain it.Use astropy.modeling instead.
  warnings.warn("GFIT is deprecated - stsci.tools v 3.4.12 is the last version to contain it."

$ /home/ishaang6/miniforge3/envs/surf_uv/bin/python /mnt/c/Users/eluru/CALTECH_SURF_2026/WORK/scripts/build_products.py ASASSN14LP --outroot output5 --z 0.0051 --early-skip-dir 
built products for ASASSN14LP: 10 epochs



===== SN2013DY  z=0.004  STIS=True COS=False =====
$ /home/ishaang6/miniforge3/envs/surf_uv/bin/python /mnt/c/Users/eluru/CALTECH_SURF_2026/WORK/scripts/download_all.py SN2013DY
TECH_SURF_2026/WORK/data/SN2013DY/mastDownload/HST/ocb109010/ocb109010_flt.fits with expected size 10535040. [astroquery.query]
INFO: Found cached file /mnt/c/Users/eluru/CALTECH_SURF_2026/WORK/data/SN2013DY/mastDownload/HST/ocb109020/ocb109020_crj.fits with expected size 10537920. [astroquery.query]
INFO: Found cached file /mnt/c/Users/eluru/CALTECH_SURF_2026/WORK/data/SN2013DY/mastDownload/HST/ocb109020/ocb109020_wav.fits with expected size 2260800. [astroquery.query]
INFO: Found cached file /mnt/c/Users/eluru/CALTECH_SURF_2026/WORK/data/SN2013DY/mastDownload/HST/ocb109020/ocb109020_raw.fits with expected size 4501440. [astroquery.query]
INFO: Found cached file /mnt/c/Users/eluru/CALTECH_SURF_2026/WORK/data/SN2013DY/mastDownload/HST/ocb109020/ocb109020_flt.fits with expected size 21052800. [astroquery.query]
INFO: Found cached file /mnt/c/Users/eluru/CALTECH_SURF_2026/WORK/data/SN2013DY/mastDownload/HST/ocb109030/ocb109030_crj.fits with expected size 10537920. [astroquery.query]
INFO: Found cached file /mnt/c/Users/eluru/CALTECH_SURF_2026/WORK/data/SN2013DY/mastDownload/HST/ocb109030/ocb109030_wav.fits with expected size 2260800. [astroquery.query]
INFO: Found cached file /mnt/c/Users/eluru/CALTECH_SURF_2026/WORK/data/SN2013DY/mastDownload/HST/ocb109030/ocb109030_raw.fits with expected size 4501440. [astroquery.query]
INFO: Found cached file /mnt/c/Users/eluru/CALTECH_SURF_2026/WORK/data/SN2013DY/mastDownload/HST/ocb109030/ocb109030_flt.fits with expected size 21052800. [astroquery.query]
INFO: Found cached file /mnt/c/Users/eluru/CALTECH_SURF_2026/WORK/data/SN2013DY/mastDownload/HST/ocb110010/ocb110010_wav.fits with expected size 4262400. [astroquery.query]
INFO: Found cached file /mnt/c/Users/eluru/CALTECH_SURF_2026/WORK/data/SN2013DY/mastDownload/HST/ocb110010/ocb110010_raw.fits with expected size 8429760. [astroquery.query]
INFO: Found cached file /mnt/c/Users/eluru/CALTECH_SURF_2026/WORK/data/SN2013DY/mastDownload/HST/ocb110010/ocb110010_flt.fits with expected size 10535040. [astroquery.query]
INFO: Found cached file /mnt/c/Users/eluru/CALTECH_SURF_2026/WORK/data/SN2013DY/mastDownload/HST/ocb110020/ocb110020_wav.fits with expected size 4262400. [astroquery.query]
INFO: Found cached file /mnt/c/Users/eluru/CALTECH_SURF_2026/WORK/data/SN2013DY/mastDownload/HST/ocb110020/ocb110020_raw.fits with expected size 8429760. [astroquery.query]
INFO: Found cached file /mnt/c/Users/eluru/CALTECH_SURF_2026/WORK/data/SN2013DY/mastDownload/HST/ocb110020/ocb110020_flt.fits with expected size 10535040. [astroquery.query]
INFO: Found cached file /mnt/c/Users/eluru/CALTECH_SURF_2026/WORK/data/SN2013DY/mastDownload/HST/ocb110030/ocb110030_crj.fits with expected size 10537920. [astroquery.query]
INFO: Found cached file /mnt/c/Users/eluru/CALTECH_SURF_2026/WORK/data/SN2013DY/mastDownload/HST/ocb110030/ocb110030_wav.fits with expected size 2260800. [astroquery.query]
INFO: Found cached file /mnt/c/Users/eluru/CALTECH_SURF_2026/WORK/data/SN2013DY/mastDownload/HST/ocb110030/ocb110030_raw.fits with expected size 4501440. [astroquery.query]
INFO: Found cached file /mnt/c/Users/eluru/CALTECH_SURF_2026/WORK/data/SN2013DY/mastDownload/HST/ocb110030/ocb110030_flt.fits with expected size 21052800. [astroquery.query]
INFO: Found cached file /mnt/c/Users/eluru/CALTECH_SURF_2026/WORK/data/SN2013DY/mastDownload/HST/ocb110040/ocb110040_crj.fits with expected size 10537920. [astroquery.query]
INFO: Found cached file /mnt/c/Users/eluru/CALTECH_SURF_2026/WORK/data/SN2013DY/mastDownload/HST/ocb110040/ocb110040_wav.fits with expected size 2260800. [astroquery.query]
INFO: Found cached file /mnt/c/Users/eluru/CALTECH_SURF_2026/WORK/data/SN2013DY/mastDownload/HST/ocb110040/ocb110040_raw.fits with expected size 4501440. [astroquery.query]
INFO: Found cached file /mnt/c/Users/eluru/CALTECH_SURF_2026/WORK/data/SN2013DY/mastDownload/HST/ocb110040/ocb110040_flt.fits with expected size 21052800. [astroquery.query]
SN2013DY: downloaded 116 products (32 obs)
DOWNLOADDONE


$ /home/ishaang6/miniforge3/envs/surf_uv/bin/python /mnt/c/Users/eluru/CALTECH_SURF_2026/WORK/scripts/reduce_stis_batch.py /mnt/c/Users/eluru/CALTECH_SURF_2026/WORK/data/SN2013DY SN2013DY --outroot output5 --z 0.004 --expl-mjd 56483.0
 =Analysis from prop. 7094
XTRACTAB DESCRIP =Analysis from prop. 7094
SPTRCTAB oref$qa31608go_1dt.fits
SPTRCTAB PEDIGREE=INFLIGHT 02/09/1997 13/02/1998
SPTRCTAB DESCRIP =New traces to account for angle change with time

Imset 1  Begin 17:59:22 PDT
         Input read into memory.
Order 1  Begin 17:59:23 PDT
X1DCORR  PERFORM
BACKCORR PERFORM
******** Calling Slfit ***********
BACKCORR COMPLETE
X1DCORR  COMPLETE
         Spectrum extracted at y position = 904.961

DISPCORR PERFORM
DISPTAB  oref$l2j0137to_dsp.fits
DISPTAB  PEDIGREE=INFLIGHT 27/02/1997 24/11/1999
DISPTAB  DESCRIP =Lindler, May 2000
DISPTAB  DESCRIP =Lindler Postlaunch, May 2000
APDESTAB oref$16j16005o_apd.fits
APDESTAB PEDIGREE=INFLIGHT 01/03/1997 13/06/2017
APDESTAB DESCRIP =Aligned long-slit bar positions for single-bar cases.--------------
APDESTAB DESCRIP =Offset relative to row 900
INANGTAB oref$h5s11397o_iac.fits
INANGTAB DESCRIP =Model/C. Bowers May 6, 1997
DISPCORR COMPLETE

HELCORR  PERFORM
HELCORR  COMPLETE

PHOTTAB  oref$95118575o_pht.fits
PHOTTAB  PEDIGREE=INFLIGHT 27/02/1997 16/03/2021
PHOTTAB  DESCRIP =Fullerton 2025 calibration
APERTAB  oref$y2r1559to_apt.fits
APERTAB  PEDIGREE=MODEL
APERTAB  DESCRIP =Added/updated values for 31X0.05NDA,31X0.05NDB,31X0.05NDC apertures
APERTAB  DESCRIP =Bohlin/Hartig TIM Models Nov. 1998
GACTAB   oref$p9r19203o_gac.fits
GACTAB   PEDIGREE=INFLIGHT 22/04/2002 03/08/2004
GACTAB   DESCRIP =X1D flux corr for grating/aper combos
GACTAB   DESCRIP =Grating-Aperture Throughput Correction
PCTAB    oref$q541740po_pct.fits
PCTAB    PEDIGREE=INFLIGHT 18/05/1997 19/12/1998
PCTAB    DESCRIP =Sensitivity for diff. extractions heights
TDSTAB   oref$8712049eo_tds.fits
TDSTAB   PEDIGREE=INFLIGHT 01/04/1997 06/03/2024
TDSTAB   DESCRIP =Updated time sensitivities for MIRVIS, G230LB, and G230MB
FLUXCORR PERFORM
CTECORR  PERFORM
CCDTAB   oref$16j1600eo_ccd.fits
CCDTAB   PEDIGREE=INFLIGHT 01/05/2009 01/05/2009
CCDTAB   DESCRIP =Updated amp=D gain=4 atodgain and corresponding readnoise values---
CCDTAB   DESCRIP =Proposal 8057, by I. Dashevsky & P. Goudfrooij
Warning    No exact extraction box height match in PCTAB.
Warning    Using entry for height 21
         GACTAB correction applied for G750L 52X0.2E1 7751
CTECORR  COMPLETE
FLUXCORR COMPLETE
SGEOCORR OMIT

         Row 1 written to disk.
Order 1  End 17:59:23 PDT

         trace was rotated by = 0.0593469 degree.
Imset 1  End 17:59:23 PDT

Warning    Keyword `XTRACALG' is being added to header.
End      15-Aug-2026 17:59:23 PDT

*** CALSTIS-6 complete ***
32 STIS science exposures for SN2013DY (0 dropped: texptime<5.0s)
X1D ocb101010 G230L es 11 flags none
X1D ocb101020 G230L es 11 flags none
X1D ocb101030 G430L es 17 flags none
X1D ocb101040 G750L es 25 flags ['no_defringe(no_flat)']
X1D ocb102010 G230L es 11 flags none
X1D ocb102020 G430L es 17 flags none
X1D ocb102030 G750L es 25 flags ['no_defringe(no_flat)']
X1D ocb103010 G230L es 11 flags none
X1D ocb103020 G430L es 17 flags none
X1D ocb103030 G750L es 25 flags ['no_defringe(no_flat)']
X1D ocb104010 G230L es 11 flags none
X1D ocb104020 G430L es 17 flags none
X1D ocb104030 G750L es 25 flags ['no_defringe(no_flat)']
X1D ocb105010 G230L es 11 flags none
X1D ocb105020 G430L es 17 flags none
X1D ocb105030 G750L es 25 flags ['no_defringe(no_flat)']
X1D ocb106010 G230L es 11 flags none
X1D ocb106020 G430L es 17 flags none
X1D ocb106030 G750L es 25 flags ['no_defringe(no_flat)']
X1D ocb107010 G230L es 11 flags none
X1D ocb107020 G430L es 17 flags none
X1D ocb107030 G750L es 25 flags ['no_defringe(no_flat)']
X1D ocb108010 G230L es 11 flags none
X1D ocb108020 G430L es 17 flags none
X1D ocb108030 G750L es 25 flags ['no_defringe(no_flat)']
X1D ocb109010 G230L es 11 flags none
X1D ocb109020 G430L es 17 flags none
X1D ocb109030 G750L es 25 flags ['no_defringe(no_flat)']
X1D ocb110010 G230L es 11 flags none
X1D ocb110020 G230L es 11 flags none
X1D ocb110030 G430L es 17 flags none
X1D ocb110040 G750L es 25 flags ['no_defringe(no_flat)']
BATCHDONE

/home/ishaang6/miniforge3/envs/surf_uv/lib/python3.12/site-packages/stsci/tools/nmpfit.py:8: UserWarning: NMPFIT is deprecated - stsci.tools v 3.5 is the last version to contain it.
  warnings.warn("NMPFIT is deprecated - stsci.tools v 3.5 is the last version to contain it.")
/home/ishaang6/miniforge3/envs/surf_uv/lib/python3.12/site-packages/stsci/tools/gfit.py:18: UserWarning: GFIT is deprecated - stsci.tools v 3.4.12 is the last version to contain it.Use astropy.modeling instead.
  warnings.warn("GFIT is deprecated - stsci.tools v 3.4.12 is the last version to contain it."

$ /home/ishaang6/miniforge3/envs/surf_uv/bin/python /mnt/c/Users/eluru/CALTECH_SURF_2026/WORK/scripts/build_products.py SN2013DY --outroot output5 --z 0.004 --early-skip-dir  --expl-mjd 56483.0
built products for SN2013DY: 11 epochs



===== PSN07  z=0.0049  STIS=True COS=False =====
$ /home/ishaang6/miniforge3/envs/surf_uv/bin/python /mnt/c/Users/eluru/CALTECH_SURF_2026/WORK/scripts/download_all.py PSN07
29760. [astroquery.query]
INFO: Found cached file /mnt/c/Users/eluru/CALTECH_SURF_2026/WORK/data/PSN07/mastDownload/HST/ock419010/ock419010_flt.fits with expected size 10535040. [astroquery.query]
INFO: Found cached file /mnt/c/Users/eluru/CALTECH_SURF_2026/WORK/data/PSN07/mastDownload/HST/ock419020/ock419020_crj.fits with expected size 10537920. [astroquery.query]
INFO: Found cached file /mnt/c/Users/eluru/CALTECH_SURF_2026/WORK/data/PSN07/mastDownload/HST/ock419020/ock419020_wav.fits with expected size 2260800. [astroquery.query]
INFO: Found cached file /mnt/c/Users/eluru/CALTECH_SURF_2026/WORK/data/PSN07/mastDownload/HST/ock419020/ock419020_raw.fits with expected size 4501440. [astroquery.query]
INFO: Found cached file /mnt/c/Users/eluru/CALTECH_SURF_2026/WORK/data/PSN07/mastDownload/HST/ock419020/ock419020_flt.fits with expected size 21052800. [astroquery.query]
INFO: Found cached file /mnt/c/Users/eluru/CALTECH_SURF_2026/WORK/data/PSN07/mastDownload/HST/ock419030/ock419030_crj.fits with expected size 10537920. [astroquery.query]
INFO: Found cached file /mnt/c/Users/eluru/CALTECH_SURF_2026/WORK/data/PSN07/mastDownload/HST/ock419030/ock419030_wav.fits with expected size 2260800. [astroquery.query]
INFO: Found cached file /mnt/c/Users/eluru/CALTECH_SURF_2026/WORK/data/PSN07/mastDownload/HST/ock419030/ock419030_raw.fits with expected size 4501440. [astroquery.query]
INFO: Found cached file /mnt/c/Users/eluru/CALTECH_SURF_2026/WORK/data/PSN07/mastDownload/HST/ock419030/ock419030_flt.fits with expected size 21052800. [astroquery.query]
INFO: Found cached file /mnt/c/Users/eluru/CALTECH_SURF_2026/WORK/data/PSN07/mastDownload/HST/ock420010/ock420010_wav.fits with expected size 4262400. [astroquery.query]
INFO: Found cached file /mnt/c/Users/eluru/CALTECH_SURF_2026/WORK/data/PSN07/mastDownload/HST/ock420010/ock420010_raw.fits with expected size 8429760. [astroquery.query]
INFO: Found cached file /mnt/c/Users/eluru/CALTECH_SURF_2026/WORK/data/PSN07/mastDownload/HST/ock420010/ock420010_flt.fits with expected size 10535040. [astroquery.query]
INFO: Found cached file /mnt/c/Users/eluru/CALTECH_SURF_2026/WORK/data/PSN07/mastDownload/HST/ock420020/ock420020_wav.fits with expected size 4262400. [astroquery.query]
INFO: Found cached file /mnt/c/Users/eluru/CALTECH_SURF_2026/WORK/data/PSN07/mastDownload/HST/ock420020/ock420020_raw.fits with expected size 8429760. [astroquery.query]
INFO: Found cached file /mnt/c/Users/eluru/CALTECH_SURF_2026/WORK/data/PSN07/mastDownload/HST/ock420020/ock420020_flt.fits with expected size 10535040. [astroquery.query]
INFO: Found cached file /mnt/c/Users/eluru/CALTECH_SURF_2026/WORK/data/PSN07/mastDownload/HST/ock420030/ock420030_crj.fits with expected size 10537920. [astroquery.query]
INFO: Found cached file /mnt/c/Users/eluru/CALTECH_SURF_2026/WORK/data/PSN07/mastDownload/HST/ock420030/ock420030_wav.fits with expected size 2260800. [astroquery.query]
INFO: Found cached file /mnt/c/Users/eluru/CALTECH_SURF_2026/WORK/data/PSN07/mastDownload/HST/ock420030/ock420030_raw.fits with expected size 4501440. [astroquery.query]
INFO: Found cached file /mnt/c/Users/eluru/CALTECH_SURF_2026/WORK/data/PSN07/mastDownload/HST/ock420030/ock420030_flt.fits with expected size 21052800. [astroquery.query]
INFO: Found cached file /mnt/c/Users/eluru/CALTECH_SURF_2026/WORK/data/PSN07/mastDownload/HST/ock420040/ock420040_crj.fits with expected size 10537920. [astroquery.query]
INFO: Found cached file /mnt/c/Users/eluru/CALTECH_SURF_2026/WORK/data/PSN07/mastDownload/HST/ock420040/ock420040_wav.fits with expected size 2260800. [astroquery.query]
INFO: Found cached file /mnt/c/Users/eluru/CALTECH_SURF_2026/WORK/data/PSN07/mastDownload/HST/ock420040/ock420040_raw.fits with expected size 4501440. [astroquery.query]
INFO: Found cached file /mnt/c/Users/eluru/CALTECH_SURF_2026/WORK/data/PSN07/mastDownload/HST/ock420040/ock420040_flt.fits with expected size 21052800. [astroquery.query]
PSN07: downloaded 116 products (32 obs)
DOWNLOADDONE


$ /home/ishaang6/miniforge3/envs/surf_uv/bin/python /mnt/c/Users/eluru/CALTECH_SURF_2026/WORK/scripts/reduce_stis_batch.py /mnt/c/Users/eluru/CALTECH_SURF_2026/WORK/data/PSN07 PSN07 --outroot output5 --z 0.0049 --expl-mjd 57090.0
RIP =Analysis from prop. 7094
XTRACTAB DESCRIP =Analysis from prop. 7094
SPTRCTAB oref$qa31608go_1dt.fits
SPTRCTAB PEDIGREE=INFLIGHT 02/09/1997 13/02/1998
SPTRCTAB DESCRIP =New traces to account for angle change with time

Imset 1  Begin 17:59:36 PDT
         Input read into memory.
Order 1  Begin 17:59:38 PDT
X1DCORR  PERFORM
BACKCORR PERFORM
******** Calling Slfit ***********
BACKCORR COMPLETE
X1DCORR  COMPLETE
         Spectrum extracted at y position = 893.782

DISPCORR PERFORM
DISPTAB  oref$l2j0137to_dsp.fits
DISPTAB  PEDIGREE=INFLIGHT 27/02/1997 24/11/1999
DISPTAB  DESCRIP =Lindler, May 2000
DISPTAB  DESCRIP =Lindler Postlaunch, May 2000
APDESTAB oref$16j16005o_apd.fits
APDESTAB PEDIGREE=INFLIGHT 01/03/1997 13/06/2017
APDESTAB DESCRIP =Aligned long-slit bar positions for single-bar cases.--------------
APDESTAB DESCRIP =Offset relative to row 900
INANGTAB oref$h5s11397o_iac.fits
INANGTAB DESCRIP =Model/C. Bowers May 6, 1997
DISPCORR COMPLETE

HELCORR  PERFORM
HELCORR  COMPLETE

PHOTTAB  oref$95118575o_pht.fits
PHOTTAB  PEDIGREE=INFLIGHT 27/02/1997 16/03/2021
PHOTTAB  DESCRIP =Fullerton 2025 calibration
APERTAB  oref$y2r1559to_apt.fits
APERTAB  PEDIGREE=MODEL
APERTAB  DESCRIP =Added/updated values for 31X0.05NDA,31X0.05NDB,31X0.05NDC apertures
APERTAB  DESCRIP =Bohlin/Hartig TIM Models Nov. 1998
GACTAB   oref$p9r19203o_gac.fits
GACTAB   PEDIGREE=INFLIGHT 22/04/2002 03/08/2004
GACTAB   DESCRIP =X1D flux corr for grating/aper combos
GACTAB   DESCRIP =Grating-Aperture Throughput Correction
PCTAB    oref$q541740po_pct.fits
PCTAB    PEDIGREE=INFLIGHT 18/05/1997 19/12/1998
PCTAB    DESCRIP =Sensitivity for diff. extractions heights
TDSTAB   oref$8712049eo_tds.fits
TDSTAB   PEDIGREE=INFLIGHT 01/04/1997 06/03/2024
TDSTAB   DESCRIP =Updated time sensitivities for MIRVIS, G230LB, and G230MB
FLUXCORR PERFORM
CTECORR  PERFORM
CCDTAB   oref$16j1600do_ccd.fits
CCDTAB   PEDIGREE=INFLIGHT 01/05/2009 01/05/2009
CCDTAB   DESCRIP =Updated amp=D gain=4 atodgain and corresponding readnoise values---
CCDTAB   DESCRIP =Proposal 8057, by I. Dashevsky & P. Goudfrooij
Warning    No exact extraction box height match in PCTAB.
Warning    Using entry for height 21
         GACTAB correction applied for G750L 52X0.2E1 7751
CTECORR  COMPLETE
FLUXCORR COMPLETE
SGEOCORR OMIT

         Row 1 written to disk.
Order 1  End 17:59:38 PDT

         trace was rotated by = 0.0654513 degree.
Imset 1  End 17:59:38 PDT

Warning    Keyword `XTRACALG' is being added to header.
End      15-Aug-2026 17:59:38 PDT

*** CALSTIS-6 complete ***
32 STIS science exposures for PSN07 (0 dropped: texptime<5.0s)
X1D ock411010 G230L es 11 flags none
X1D ock411020 G230L es 11 flags none
X1D ock411030 G430L es 15 flags none
X1D ock411040 G750L es 23 flags ['no_defringe(no_flat)']
X1D ock412010 G230L es 11 flags none
X1D ock412020 G430L es 15 flags none
X1D ock412030 G750L es 23 flags ['no_defringe(no_flat)']
X1D ock413010 G230L es 11 flags none
X1D ock413020 G430L es 15 flags none
X1D ock413030 G750L es 23 flags ['no_defringe(no_flat)']
X1D ock414010 G230L es 11 flags none
X1D ock414020 G430L es 15 flags none
X1D ock414030 G750L es 23 flags ['no_defringe(no_flat)']
X1D ock415010 G230L es 11 flags none
X1D ock415020 G430L es 15 flags none
X1D ock415030 G750L es 23 flags ['no_defringe(no_flat)']
X1D ock416010 G230L es 11 flags none
X1D ock416020 G430L es 15 flags none
X1D ock416030 G750L es 23 flags ['no_defringe(no_flat)']
X1D ock417010 G230L es 11 flags none
X1D ock417020 G430L es 15 flags none
X1D ock417030 G750L es 23 flags ['no_defringe(no_flat)']
X1D ock418010 G230L es 11 flags none
X1D ock418020 G430L es 15 flags none
X1D ock418030 G750L es 23 flags ['no_defringe(no_flat)']
X1D ock419010 G230L es 11 flags none
X1D ock419020 G430L es 15 flags none
X1D ock419030 G750L es 23 flags ['no_defringe(no_flat)']
X1D ock420010 G230L es 11 flags none
X1D ock420020 G230L es 11 flags none
X1D ock420030 G430L es 15 flags none
X1D ock420040 G750L es 23 flags ['no_defringe(no_flat)']
BATCHDONE

/home/ishaang6/miniforge3/envs/surf_uv/lib/python3.12/site-packages/stsci/tools/nmpfit.py:8: UserWarning: NMPFIT is deprecated - stsci.tools v 3.5 is the last version to contain it.
  warnings.warn("NMPFIT is deprecated - stsci.tools v 3.5 is the last version to contain it.")
/home/ishaang6/miniforge3/envs/surf_uv/lib/python3.12/site-packages/stsci/tools/gfit.py:18: UserWarning: GFIT is deprecated - stsci.tools v 3.4.12 is the last version to contain it.Use astropy.modeling instead.
  warnings.warn("GFIT is deprecated - stsci.tools v 3.4.12 is the last version to contain it."

$ /home/ishaang6/miniforge3/envs/surf_uv/bin/python /mnt/c/Users/eluru/CALTECH_SURF_2026/WORK/scripts/build_products.py PSN07 --outroot output5 --z 0.0049 --early-skip-dir  --expl-mjd 57090.0
built products for PSN07: 10 epochs



===== SNNGC4414  z=0.002388  STIS=True COS=False =====
$ /home/ishaang6/miniforge3/envs/surf_uv/bin/python /mnt/c/Users/eluru/CALTECH_SURF_2026/WORK/scripts/download_all.py SNNGC4414
ta/SNNGC4414/mastDownload/HST/oc3204020/oc3204020_wav.fits with expected size 4262400. [astroquery.query]
INFO: Found cached file /mnt/c/Users/eluru/CALTECH_SURF_2026/WORK/data/SNNGC4414/mastDownload/HST/oc3204020/oc3204020_raw.fits with expected size 8429760. [astroquery.query]
INFO: Found cached file /mnt/c/Users/eluru/CALTECH_SURF_2026/WORK/data/SNNGC4414/mastDownload/HST/oc3204020/oc3204020_flt.fits with expected size 10535040. [astroquery.query]
INFO: Found cached file /mnt/c/Users/eluru/CALTECH_SURF_2026/WORK/data/SNNGC4414/mastDownload/HST/oc3204030/oc3204030_wav.fits with expected size 4262400. [astroquery.query]
INFO: Found cached file /mnt/c/Users/eluru/CALTECH_SURF_2026/WORK/data/SNNGC4414/mastDownload/HST/oc3204030/oc3204030_raw.fits with expected size 8429760. [astroquery.query]
INFO: Found cached file /mnt/c/Users/eluru/CALTECH_SURF_2026/WORK/data/SNNGC4414/mastDownload/HST/oc3204030/oc3204030_flt.fits with expected size 10535040. [astroquery.query]
INFO: Found cached file /mnt/c/Users/eluru/CALTECH_SURF_2026/WORK/data/SNNGC4414/mastDownload/HST/oc3204040/oc3204040_wav.fits with expected size 2139840. [astroquery.query]
INFO: Found cached file /mnt/c/Users/eluru/CALTECH_SURF_2026/WORK/data/SNNGC4414/mastDownload/HST/oc3204040/oc3204040_raw.fits with expected size 8429760. [astroquery.query]
INFO: Found cached file /mnt/c/Users/eluru/CALTECH_SURF_2026/WORK/data/SNNGC4414/mastDownload/HST/oc3204040/oc3204040_flt.fits with expected size 10535040. [astroquery.query]
INFO: Found cached file /mnt/c/Users/eluru/CALTECH_SURF_2026/WORK/data/SNNGC4414/mastDownload/HST/oc3204050/oc3204050_wav.fits with expected size 4262400. [astroquery.query]
INFO: Found cached file /mnt/c/Users/eluru/CALTECH_SURF_2026/WORK/data/SNNGC4414/mastDownload/HST/oc3204050/oc3204050_raw.fits with expected size 8429760. [astroquery.query]
INFO: Found cached file /mnt/c/Users/eluru/CALTECH_SURF_2026/WORK/data/SNNGC4414/mastDownload/HST/oc3204050/oc3204050_flt.fits with expected size 10535040. [astroquery.query]
INFO: Found cached file /mnt/c/Users/eluru/CALTECH_SURF_2026/WORK/data/SNNGC4414/mastDownload/HST/oc3204060/oc3204060_wav.fits with expected size 4262400. [astroquery.query]
INFO: Found cached file /mnt/c/Users/eluru/CALTECH_SURF_2026/WORK/data/SNNGC4414/mastDownload/HST/oc3204060/oc3204060_raw.fits with expected size 8429760. [astroquery.query]
INFO: Found cached file /mnt/c/Users/eluru/CALTECH_SURF_2026/WORK/data/SNNGC4414/mastDownload/HST/oc3204060/oc3204060_flt.fits with expected size 10535040. [astroquery.query]
INFO: Found cached file /mnt/c/Users/eluru/CALTECH_SURF_2026/WORK/data/SNNGC4414/mastDownload/HST/oc3204080/oc3204080_crj.fits with expected size 10537920. [astroquery.query]
INFO: Found cached file /mnt/c/Users/eluru/CALTECH_SURF_2026/WORK/data/SNNGC4414/mastDownload/HST/oc3204080/oc3204080_wav.fits with expected size 2260800. [astroquery.query]
INFO: Found cached file /mnt/c/Users/eluru/CALTECH_SURF_2026/WORK/data/SNNGC4414/mastDownload/HST/oc3204080/oc3204080_raw.fits with expected size 4501440. [astroquery.query]
INFO: Found cached file /mnt/c/Users/eluru/CALTECH_SURF_2026/WORK/data/SNNGC4414/mastDownload/HST/oc3204080/oc3204080_flt.fits with expected size 21052800. [astroquery.query]
INFO: Found cached file /mnt/c/Users/eluru/CALTECH_SURF_2026/WORK/data/SNNGC4414/mastDownload/HST/oc3204090/oc3204090_crj.fits with expected size 10537920. [astroquery.query]
INFO: Found cached file /mnt/c/Users/eluru/CALTECH_SURF_2026/WORK/data/SNNGC4414/mastDownload/HST/oc3204090/oc3204090_wav.fits with expected size 2260800. [astroquery.query]
INFO: Found cached file /mnt/c/Users/eluru/CALTECH_SURF_2026/WORK/data/SNNGC4414/mastDownload/HST/oc3204090/oc3204090_raw.fits with expected size 4501440. [astroquery.query]
INFO: Found cached file /mnt/c/Users/eluru/CALTECH_SURF_2026/WORK/data/SNNGC4414/mastDownload/HST/oc3204090/oc3204090_flt.fits with expected size 21052800. [astroquery.query]
SNNGC4414: downloaded 104 products (32 obs)
DOWNLOADDONE


$ /home/ishaang6/miniforge3/envs/surf_uv/bin/python /mnt/c/Users/eluru/CALTECH_SURF_2026/WORK/scripts/reduce_stis_batch.py /mnt/c/Users/eluru/CALTECH_SURF_2026/WORK/data/SNNGC4414 SNNGC4414 --outroot output5 --z 0.002388 --expl-mjd 56450.0
to_dsp.fits
DISPTAB  PEDIGREE=INFLIGHT 27/02/1997 24/11/1999
DISPTAB  DESCRIP =Lindler, May 2000
DISPTAB  DESCRIP =Lindler Postlaunch, May 2000
APDESTAB oref$16j16005o_apd.fits
APDESTAB PEDIGREE=INFLIGHT 01/03/1997 13/06/2017
APDESTAB DESCRIP =Aligned long-slit bar positions for single-bar cases.--------------
APDESTAB DESCRIP =Offset relative to row 900
INANGTAB oref$h5s11397o_iac.fits
INANGTAB DESCRIP =Model/C. Bowers May 6, 1997
DISPCORR COMPLETE

HELCORR  PERFORM
HELCORR  COMPLETE

PHOTTAB  oref$95118575o_pht.fits
PHOTTAB  PEDIGREE=INFLIGHT 27/02/1997 16/03/2021
PHOTTAB  DESCRIP =Fullerton 2025 calibration
APERTAB  oref$y2r1559to_apt.fits
APERTAB  PEDIGREE=MODEL
APERTAB  DESCRIP =Added/updated values for 31X0.05NDA,31X0.05NDB,31X0.05NDC apertures
APERTAB  DESCRIP =Bohlin/Hartig TIM Models Nov. 1998
GACTAB   oref$p9r19203o_gac.fits
GACTAB   PEDIGREE=INFLIGHT 22/04/2002 03/08/2004
GACTAB   DESCRIP =X1D flux corr for grating/aper combos
GACTAB   DESCRIP =Grating-Aperture Throughput Correction
PCTAB    oref$q541740po_pct.fits
PCTAB    PEDIGREE=INFLIGHT 18/05/1997 19/12/1998
PCTAB    DESCRIP =Sensitivity for diff. extractions heights
TDSTAB   oref$8712049eo_tds.fits
TDSTAB   PEDIGREE=INFLIGHT 01/04/1997 06/03/2024
TDSTAB   DESCRIP =Updated time sensitivities for MIRVIS, G230LB, and G230MB
FLUXCORR PERFORM
CTECORR  PERFORM
CCDTAB   oref$16j1600eo_ccd.fits
CCDTAB   PEDIGREE=INFLIGHT 01/05/2009 01/05/2009
CCDTAB   DESCRIP =Updated amp=D gain=4 atodgain and corresponding readnoise values---
CCDTAB   DESCRIP =Proposal 8057, by I. Dashevsky & P. Goudfrooij
Warning    No exact extraction box height match in PCTAB.
Warning    Using entry for height 21
         GACTAB correction applied for G750L 52X0.2E1 7751
CTECORR  COMPLETE
FLUXCORR COMPLETE
SGEOCORR OMIT

         Row 1 written to disk.
Order 1  End 18:03:44 PDT

         trace was rotated by = 0.0588538 degree.
Imset 1  End 18:03:44 PDT

Warning    Keyword `XTRACALG' is being added to header.
End      15-Aug-2026 18:03:44 PDT

*** CALSTIS-6 complete ***
32 STIS science exposures for SNNGC4414 (0 dropped: texptime<5.0s)
X1D oc3201010 G230L es 11 flags none
X1D oc3201020 G230L es 11 flags none
X1D oc3201030 G230L es 11 flags ['low_detect', 'center_mismatch(622vs577)']
X1D oc3201040 G230L es 11 flags ['low_detect', 'center_mismatch(667vs438)']
X1D oc3201050 G230L es 11 flags ['low_detect', 'center_mismatch(711vs457)']
X1D oc3201060 G230L es 11 flags ['low_detect', 'center_mismatch(755vs553)']
X1D oc32010b0 G430L es 15 flags none
X1D oc32010c0 G750L es 19 flags ['no_defringe(no_flat)']
X1D oc3202010 G230L es 11 flags none
X1D oc3202020 G230L es 11 flags none
X1D oc3202030 G230L es 11 flags ['low_detect', 'center_mismatch(623vs579)']
X1D oc3202040 G230L es 11 flags ['low_detect', 'center_mismatch(667vs523)']
X1D oc3202050 G230L es 11 flags ['low_detect', 'center_mismatch(712vs581)']
X1D oc3202060 G230L es 11 flags ['low_detect', 'center_mismatch(756vs547)']
X1D oc32020b0 G430L es 15 flags none
X1D oc32020c0 G750L es 19 flags ['no_defringe(no_flat)']
X1D oc3203010 G230L es 11 flags none
X1D oc3203020 G230L es 11 flags none
X1D oc3203030 G230L es 11 flags ['low_detect', 'center_mismatch(624vs454)']
X1D oc3203040 G230L es 11 flags ['low_detect', 'center_mismatch(669vs566)']
X1D oc3203050 G230L es 11 flags ['low_detect', 'center_mismatch(713vs550)']
X1D oc3203060 G230L es 11 flags ['low_detect', 'center_mismatch(757vs456)']
X1D oc32030b0 G430L es 15 flags none
X1D oc32030c0 G750L es 19 flags ['no_defringe(no_flat)']
X1D oc3204010 G230L es 11 flags none
X1D oc3204020 G230L es 11 flags none
X1D oc3204030 G230L es 11 flags ['low_detect', 'center_mismatch(628vs581)']
X1D oc3204040 G230L es 11 flags ['low_detect', 'center_mismatch(674vs514)']
X1D oc3204050 G230L es 11 flags ['low_detect', 'center_mismatch(719vs578)']
X1D oc3204060 G230L es 11 flags ['low_detect', 'center_mismatch(765vs468)']
X1D oc3204080 G430L es 15 flags none
X1D oc3204090 G750L es 19 flags ['no_defringe(no_flat)']
BATCHDONE

/home/ishaang6/miniforge3/envs/surf_uv/lib/python3.12/site-packages/stsci/tools/nmpfit.py:8: UserWarning: NMPFIT is deprecated - stsci.tools v 3.5 is the last version to contain it.
  warnings.warn("NMPFIT is deprecated - stsci.tools v 3.5 is the last version to contain it.")
/home/ishaang6/miniforge3/envs/surf_uv/lib/python3.12/site-packages/stsci/tools/gfit.py:18: UserWarning: GFIT is deprecated - stsci.tools v 3.4.12 is the last version to contain it.Use astropy.modeling instead.
  warnings.warn("GFIT is deprecated - stsci.tools v 3.4.12 is the last version to contain it."

$ /home/ishaang6/miniforge3/envs/surf_uv/bin/python /mnt/c/Users/eluru/CALTECH_SURF_2026/WORK/scripts/build_products.py SNNGC4414 --outroot output5 --z 0.002388 --early-skip-dir  --expl-mjd 56450.0
built products for SNNGC4414: 4 epochs



===== PTF12GZK  z=0.014  STIS=True COS=False =====
$ /home/ishaang6/miniforge3/envs/surf_uv/bin/python /mnt/c/Users/eluru/CALTECH_SURF_2026/WORK/scripts/download_all.py PTF12GZK
ALTECH_SURF_2026/WORK/data/PTF12GZK/mastDownload/HST/obp007060/obp007060_wav.fits with expected size 4262400. [astroquery.query]
INFO: Found cached file /mnt/c/Users/eluru/CALTECH_SURF_2026/WORK/data/PTF12GZK/mastDownload/HST/obp007060/obp007060_raw.fits with expected size 8429760. [astroquery.query]
INFO: Found cached file /mnt/c/Users/eluru/CALTECH_SURF_2026/WORK/data/PTF12GZK/mastDownload/HST/obp007060/obp007060_flt.fits with expected size 10535040. [astroquery.query]
INFO: Found cached file /mnt/c/Users/eluru/CALTECH_SURF_2026/WORK/data/PTF12GZK/mastDownload/HST/obp007070/obp007070_wav.fits with expected size 4262400. [astroquery.query]
INFO: Found cached file /mnt/c/Users/eluru/CALTECH_SURF_2026/WORK/data/PTF12GZK/mastDownload/HST/obp007070/obp007070_raw.fits with expected size 8429760. [astroquery.query]
INFO: Found cached file /mnt/c/Users/eluru/CALTECH_SURF_2026/WORK/data/PTF12GZK/mastDownload/HST/obp007070/obp007070_flt.fits with expected size 10535040. [astroquery.query]
INFO: Found cached file /mnt/c/Users/eluru/CALTECH_SURF_2026/WORK/data/PTF12GZK/mastDownload/HST/obp007080/obp007080_wav.fits with expected size 4262400. [astroquery.query]
INFO: Found cached file /mnt/c/Users/eluru/CALTECH_SURF_2026/WORK/data/PTF12GZK/mastDownload/HST/obp007080/obp007080_raw.fits with expected size 8429760. [astroquery.query]
INFO: Found cached file /mnt/c/Users/eluru/CALTECH_SURF_2026/WORK/data/PTF12GZK/mastDownload/HST/obp007080/obp007080_flt.fits with expected size 10535040. [astroquery.query]
INFO: Found cached file /mnt/c/Users/eluru/CALTECH_SURF_2026/WORK/data/PTF12GZK/mastDownload/HST/obp007090/obp007090_wav.fits with expected size 4262400. [astroquery.query]
INFO: Found cached file /mnt/c/Users/eluru/CALTECH_SURF_2026/WORK/data/PTF12GZK/mastDownload/HST/obp007090/obp007090_raw.fits with expected size 8429760. [astroquery.query]
INFO: Found cached file /mnt/c/Users/eluru/CALTECH_SURF_2026/WORK/data/PTF12GZK/mastDownload/HST/obp007090/obp007090_flt.fits with expected size 10535040. [astroquery.query]
INFO: Found cached file /mnt/c/Users/eluru/CALTECH_SURF_2026/WORK/data/PTF12GZK/mastDownload/HST/obp0070a0/obp0070a0_wav.fits with expected size 4262400. [astroquery.query]
INFO: Found cached file /mnt/c/Users/eluru/CALTECH_SURF_2026/WORK/data/PTF12GZK/mastDownload/HST/obp0070a0/obp0070a0_raw.fits with expected size 8429760. [astroquery.query]
INFO: Found cached file /mnt/c/Users/eluru/CALTECH_SURF_2026/WORK/data/PTF12GZK/mastDownload/HST/obp0070a0/obp0070a0_flt.fits with expected size 10535040. [astroquery.query]
INFO: Found cached file /mnt/c/Users/eluru/CALTECH_SURF_2026/WORK/data/PTF12GZK/mastDownload/HST/obp0070b0/obp0070b0_crj.fits with expected size 10537920. [astroquery.query]
INFO: Found cached file /mnt/c/Users/eluru/CALTECH_SURF_2026/WORK/data/PTF12GZK/mastDownload/HST/obp0070b0/obp0070b0_wav.fits with expected size 2260800. [astroquery.query]
INFO: Found cached file /mnt/c/Users/eluru/CALTECH_SURF_2026/WORK/data/PTF12GZK/mastDownload/HST/obp0070b0/obp0070b0_raw.fits with expected size 4501440. [astroquery.query]
INFO: Found cached file /mnt/c/Users/eluru/CALTECH_SURF_2026/WORK/data/PTF12GZK/mastDownload/HST/obp0070b0/obp0070b0_flt.fits with expected size 21052800. [astroquery.query]
INFO: Found cached file /mnt/c/Users/eluru/CALTECH_SURF_2026/WORK/data/PTF12GZK/mastDownload/HST/obp0070c0/obp0070c0_crj.fits with expected size 10537920. [astroquery.query]
INFO: Found cached file /mnt/c/Users/eluru/CALTECH_SURF_2026/WORK/data/PTF12GZK/mastDownload/HST/obp0070c0/obp0070c0_wav.fits with expected size 2260800. [astroquery.query]
INFO: Found cached file /mnt/c/Users/eluru/CALTECH_SURF_2026/WORK/data/PTF12GZK/mastDownload/HST/obp0070c0/obp0070c0_raw.fits with expected size 4501440. [astroquery.query]
INFO: Found cached file /mnt/c/Users/eluru/CALTECH_SURF_2026/WORK/data/PTF12GZK/mastDownload/HST/obp0070c0/obp0070c0_flt.fits with expected size 21052800. [astroquery.query]
PTF12GZK: downloaded 114 products (36 obs)
DOWNLOADDONE


$ /home/ishaang6/miniforge3/envs/surf_uv/bin/python /mnt/c/Users/eluru/CALTECH_SURF_2026/WORK/scripts/reduce_stis_batch.py /mnt/c/Users/eluru/CALTECH_SURF_2026/WORK/data/PTF12GZK PTF12GZK --outroot output5 --z 0.014
REE=INFLIGHT 02/09/1997 13/02/1998
SPTRCTAB DESCRIP =New traces to account for angle change with time

Imset 1  Begin 18:03:50 PDT
         Input read into memory.
Order 1  Begin 18:03:52 PDT
X1DCORR  PERFORM
BACKCORR PERFORM
******** Calling Slfit ***********
BACKCORR COMPLETE
X1DCORR  COMPLETE
         Spectrum extracted at y position = 896.037

DISPCORR PERFORM
DISPTAB  oref$l2j0137to_dsp.fits
DISPTAB  PEDIGREE=INFLIGHT 27/02/1997 24/11/1999
DISPTAB  DESCRIP =Lindler, May 2000
DISPTAB  DESCRIP =Lindler Postlaunch, May 2000
APDESTAB oref$16j16005o_apd.fits
APDESTAB PEDIGREE=INFLIGHT 01/03/1997 13/06/2017
APDESTAB DESCRIP =Aligned long-slit bar positions for single-bar cases.--------------
APDESTAB DESCRIP =Offset relative to row 900
INANGTAB oref$h5s11397o_iac.fits
INANGTAB DESCRIP =Model/C. Bowers May 6, 1997
DISPCORR COMPLETE

HELCORR  PERFORM
HELCORR  COMPLETE

PHOTTAB  oref$95118575o_pht.fits
PHOTTAB  PEDIGREE=INFLIGHT 27/02/1997 16/03/2021
PHOTTAB  DESCRIP =Fullerton 2025 calibration
APERTAB  oref$y2r1559to_apt.fits
APERTAB  PEDIGREE=MODEL
APERTAB  DESCRIP =Added/updated values for 31X0.05NDA,31X0.05NDB,31X0.05NDC apertures
APERTAB  DESCRIP =Bohlin/Hartig TIM Models Nov. 1998
GACTAB   oref$p9r19203o_gac.fits
GACTAB   PEDIGREE=INFLIGHT 22/04/2002 03/08/2004
GACTAB   DESCRIP =X1D flux corr for grating/aper combos
GACTAB   DESCRIP =Grating-Aperture Throughput Correction
PCTAB    oref$q541740po_pct.fits
PCTAB    PEDIGREE=INFLIGHT 18/05/1997 19/12/1998
PCTAB    DESCRIP =Sensitivity for diff. extractions heights
TDSTAB   oref$8712049eo_tds.fits
TDSTAB   PEDIGREE=INFLIGHT 01/04/1997 06/03/2024
TDSTAB   DESCRIP =Updated time sensitivities for MIRVIS, G230LB, and G230MB
FLUXCORR PERFORM
CTECORR  PERFORM
CCDTAB   oref$16j1600eo_ccd.fits
CCDTAB   PEDIGREE=INFLIGHT 01/05/2009 01/05/2009
CCDTAB   DESCRIP =Updated amp=D gain=4 atodgain and corresponding readnoise values---
CCDTAB   DESCRIP =Proposal 8057, by I. Dashevsky & P. Goudfrooij
         GACTAB correction applied for G750L 52X0.2E1 7751
CTECORR  COMPLETE
FLUXCORR COMPLETE
SGEOCORR OMIT

         Row 1 written to disk.
Order 1  End 18:03:52 PDT

         trace was rotated by = 0.055628 degree.
Imset 1  End 18:03:52 PDT

Warning    Keyword `XTRACALG' is being added to header.
End      15-Aug-2026 18:03:52 PDT

*** CALSTIS-6 complete ***
36 STIS science exposures for PTF12GZK (0 dropped: texptime<5.0s)
X1D obp005010 G230L es 11 flags ['low_detect', 'center_mismatch(398vs534)']
X1D obp005020 G230L es 11 flags ['low_detect', 'center_mismatch(419vs496)']
X1D obp005030 G230L es 11 flags none
X1D obp005040 G230L es 11 flags none
X1D obp005050 G230L es 11 flags none
X1D obp005060 G230L es 11 flags none
X1D obp005070 G230L es 11 flags none
X1D obp005080 G230L es 11 flags none
X1D obp005090 G230L es 11 flags none
X1D obp0050a0 G230L es 11 flags none
X1D obp0050b0 G430L es 11 flags none
X1D obp0050c0 G750L es 21 flags ['no_defringe(no_flat)']
X1D obp006010 G230L es 11 flags ['low_detect', 'center_mismatch(399vs573)']
X1D obp006020 G230L es 11 flags ['low_detect', 'center_mismatch(419vs451)']
X1D obp006030 G230L es 11 flags none
X1D obp006040 G230L es 11 flags none
X1D obp006050 G230L es 11 flags none
X1D obp006060 G230L es 11 flags none
X1D obp006070 G230L es 11 flags none
X1D obp006080 G230L es 11 flags none
X1D obp006090 G230L es 11 flags none
X1D obp0060a0 G230L es 11 flags none
X1D obp0060b0 G430L es 11 flags none
X1D obp0060c0 G750L es 21 flags ['no_defringe(no_flat)']
X1D obp007010 G230L es 11 flags ['low_detect', 'center_mismatch(399vs564)']
X1D obp007020 G230L es 11 flags ['low_detect']
X1D obp007030 G230L es 11 flags none
X1D obp007040 G230L es 11 flags none
X1D obp007050 G230L es 11 flags none
X1D obp007060 G230L es 11 flags none
X1D obp007070 G230L es 11 flags none
X1D obp007080 G230L es 11 flags none
X1D obp007090 G230L es 11 flags none
X1D obp0070a0 G230L es 11 flags none
X1D obp0070b0 G430L es 11 flags none
X1D obp0070c0 G750L es 21 flags ['no_defringe(no_flat)']
BATCHDONE

/home/ishaang6/miniforge3/envs/surf_uv/lib/python3.12/site-packages/stsci/tools/nmpfit.py:8: UserWarning: NMPFIT is deprecated - stsci.tools v 3.5 is the last version to contain it.
  warnings.warn("NMPFIT is deprecated - stsci.tools v 3.5 is the last version to contain it.")
/home/ishaang6/miniforge3/envs/surf_uv/lib/python3.12/site-packages/stsci/tools/gfit.py:18: UserWarning: GFIT is deprecated - stsci.tools v 3.4.12 is the last version to contain it.Use astropy.modeling instead.
  warnings.warn("GFIT is deprecated - stsci.tools v 3.4.12 is the last version to contain it."

$ /home/ishaang6/miniforge3/envs/surf_uv/bin/python /mnt/c/Users/eluru/CALTECH_SURF_2026/WORK/scripts/build_products.py PTF12GZK --outroot output5 --z 0.014 --early-skip-dir 
built products for PTF12GZK: 5 epochs



===== TESS-SN  z=0.007522  STIS=True COS=True =====
$ /home/ishaang6/miniforge3/envs/surf_uv/bin/python /mnt/c/Users/eluru/CALTECH_SURF_2026/WORK/scripts/download_all.py TESS-SN
ize 10537920. [astroquery.query]
INFO: Found cached file /mnt/c/Users/eluru/CALTECH_SURF_2026/WORK/data/TESS-SN/mastDownload/HST/oe2b04020/oe2b04020_wav.fits with expected size 2260800. [astroquery.query]
INFO: Found cached file /mnt/c/Users/eluru/CALTECH_SURF_2026/WORK/data/TESS-SN/mastDownload/HST/oe2b04020/oe2b04020_raw.fits with expected size 4501440. [astroquery.query]
INFO: Found cached file /mnt/c/Users/eluru/CALTECH_SURF_2026/WORK/data/TESS-SN/mastDownload/HST/oe2b04020/oe2b04020_flt.fits with expected size 21052800. [astroquery.query]
INFO: Found cached file /mnt/c/Users/eluru/CALTECH_SURF_2026/WORK/data/TESS-SN/mastDownload/HST/oe2bb3020/oe2bb3020_crj.fits with expected size 10537920. [astroquery.query]
INFO: Found cached file /mnt/c/Users/eluru/CALTECH_SURF_2026/WORK/data/TESS-SN/mastDownload/HST/oe2bb3020/oe2bb3020_wav.fits with expected size 2260800. [astroquery.query]
INFO: Found cached file /mnt/c/Users/eluru/CALTECH_SURF_2026/WORK/data/TESS-SN/mastDownload/HST/oe2bb3020/oe2bb3020_raw.fits with expected size 4501440. [astroquery.query]
INFO: Found cached file /mnt/c/Users/eluru/CALTECH_SURF_2026/WORK/data/TESS-SN/mastDownload/HST/oe2bb3020/oe2bb3020_flt.fits with expected size 21052800. [astroquery.query]
INFO: Found cached file /mnt/c/Users/eluru/CALTECH_SURF_2026/WORK/data/TESS-SN/mastDownload/HST/oe2bb3010/oe2bb3010_crj.fits with expected size 10537920. [astroquery.query]
INFO: Found cached file /mnt/c/Users/eluru/CALTECH_SURF_2026/WORK/data/TESS-SN/mastDownload/HST/oe2bb3010/oe2bb3010_wav.fits with expected size 2260800. [astroquery.query]
INFO: Found cached file /mnt/c/Users/eluru/CALTECH_SURF_2026/WORK/data/TESS-SN/mastDownload/HST/oe2bb3010/oe2bb3010_raw.fits with expected size 4501440. [astroquery.query]
INFO: Found cached file /mnt/c/Users/eluru/CALTECH_SURF_2026/WORK/data/TESS-SN/mastDownload/HST/oe2bb3010/oe2bb3010_flt.fits with expected size 21052800. [astroquery.query]
INFO: Found cached file /mnt/c/Users/eluru/CALTECH_SURF_2026/WORK/data/TESS-SN/mastDownload/HST/oe2ba3010/oe2ba3010_crj.fits with expected size 10537920. [astroquery.query]
INFO: Found cached file /mnt/c/Users/eluru/CALTECH_SURF_2026/WORK/data/TESS-SN/mastDownload/HST/oe2ba3010/oe2ba3010_wav.fits with expected size 2260800. [astroquery.query]
INFO: Found cached file /mnt/c/Users/eluru/CALTECH_SURF_2026/WORK/data/TESS-SN/mastDownload/HST/oe2ba3010/oe2ba3010_raw.fits with expected size 4501440. [astroquery.query]
INFO: Found cached file /mnt/c/Users/eluru/CALTECH_SURF_2026/WORK/data/TESS-SN/mastDownload/HST/oe2ba3010/oe2ba3010_flt.fits with expected size 21052800. [astroquery.query]
INFO: Found cached file /mnt/c/Users/eluru/CALTECH_SURF_2026/WORK/data/TESS-SN/mastDownload/HST/oe2b03010/oe2b03010_crj.fits with expected size 10537920. [astroquery.query]
INFO: Found cached file /mnt/c/Users/eluru/CALTECH_SURF_2026/WORK/data/TESS-SN/mastDownload/HST/oe2b03010/oe2b03010_wav.fits with expected size 2260800. [astroquery.query]
INFO: Found cached file /mnt/c/Users/eluru/CALTECH_SURF_2026/WORK/data/TESS-SN/mastDownload/HST/oe2b03010/oe2b03010_raw.fits with expected size 4501440. [astroquery.query]
INFO: Found cached file /mnt/c/Users/eluru/CALTECH_SURF_2026/WORK/data/TESS-SN/mastDownload/HST/oe2b03010/oe2b03010_flt.fits with expected size 21052800. [astroquery.query]
INFO: Found cached file /mnt/c/Users/eluru/CALTECH_SURF_2026/WORK/data/TESS-SN/mastDownload/HST/oe2b05020/oe2b05020_crj.fits with expected size 10537920. [astroquery.query]
INFO: Found cached file /mnt/c/Users/eluru/CALTECH_SURF_2026/WORK/data/TESS-SN/mastDownload/HST/oe2b05020/oe2b05020_wav.fits with expected size 2260800. [astroquery.query]
INFO: Found cached file /mnt/c/Users/eluru/CALTECH_SURF_2026/WORK/data/TESS-SN/mastDownload/HST/oe2b05020/oe2b05020_raw.fits with expected size 4501440. [astroquery.query]
INFO: Found cached file /mnt/c/Users/eluru/CALTECH_SURF_2026/WORK/data/TESS-SN/mastDownload/HST/oe2b05020/oe2b05020_flt.fits with expected size 21052800. [astroquery.query]

in <module>
    main()
  File "/mnt/c/Users/eluru/CALTECH_SURF_2026/WORK/scripts/download_all.py", line 62, in main
    download_sn(str(r['name']), float(r['ra']), float(r['dec']))
  File "/mnt/c/Users/eluru/CALTECH_SURF_2026/WORK/scripts/download_all.py", line 41, in download_sn
    Observations.download_products(pl, download_dir=os.path.join(DATA, name), mrp_only=False)
  File "/home/ishaang6/miniforge3/envs/surf_uv/lib/python3.12/site-packages/astroquery/mast/observations.py", line 878, in download_products
    manifest = self._download_files(products,
               ^^^^^^^^^^^^^^^^^^^^^^^^^^^^^^
  File "/home/ishaang6/miniforge3/envs/surf_uv/lib/python3.12/site-packages/astroquery/mast/observations.py", line 739, in _download_files
    status, msg, url = self.download_file(data_product["dataURI"], local_path=local_path,
                       ^^^^^^^^^^^^^^^^^^^^^^^^^^^^^^^^^^^^^^^^^^^^^^^^^^^^^^^^^^^^^^^^^^
  File "/home/ishaang6/miniforge3/envs/surf_uv/lib/python3.12/site-packages/astroquery/mast/observations.py", line 681, in download_file
    self._download_file(escaped_url, local_path,
  File "/home/ishaang6/miniforge3/envs/surf_uv/lib/python3.12/site-packages/astroquery/query.py", line 416, in _download_file
    response = self._session.request("HEAD", url,
               ^^^^^^^^^^^^^^^^^^^^^^^^^^^^^^^^^^
  File "/home/ishaang6/miniforge3/envs/surf_uv/lib/python3.12/site-packages/requests/sessions.py", line 651, in request
    resp = self.send(prep, **send_kwargs)
           ^^^^^^^^^^^^^^^^^^^^^^^^^^^^^^
  File "/home/ishaang6/miniforge3/envs/surf_uv/lib/python3.12/site-packages/requests/sessions.py", line 784, in send
    r = adapter.send(request, **kwargs)
        ^^^^^^^^^^^^^^^^^^^^^^^^^^^^^^^
  File "/home/ishaang6/miniforge3/envs/surf_uv/lib/python3.12/site-packages/requests/adapters.py", line 711, in send
    raise ConnectionError(err, request=request)
requests.exceptions.ConnectionError: ('Connection aborted.', OSError(113, 'No route to host'))

$ /home/ishaang6/miniforge3/envs/surf_uv/bin/python /mnt/c/Users/eluru/CALTECH_SURF_2026/WORK/scripts/reduce_stis_batch.py /mnt/c/Users/eluru/CALTECH_SURF_2026/WORK/data/TESS-SN TESS-SN --outroot output5 --z 0.007522 --expl-mjd 58939.338
ts
Rootname oe2bc1020
OBSMODE  ACCUM
APERTURE 52X0.2
OPT_ELEM G430L
DETECTOR CCD

XTRACTAB oref$n7p1031qo_1dx.fits
XTRACTAB PEDIGREE=INFLIGHT 18/05/97
XTRACTAB DESCRIP =Analysis from prop. 7094
XTRACTAB DESCRIP =Analysis from prop. 7094
SPTRCTAB oref$qa31608go_1dt.fits
SPTRCTAB PEDIGREE=INFLIGHT 02/09/1997 13/02/1998
SPTRCTAB DESCRIP =New traces to account for angle change with time

Imset 1  Begin 18:08:14 PDT
         Input read into memory.
Order 1  Begin 18:08:17 PDT
X1DCORR  PERFORM
BACKCORR PERFORM
******** Calling Slfit ***********
BACKCORR COMPLETE
X1DCORR  COMPLETE
         Spectrum extracted at y position = 509.207

DISPCORR PERFORM
DISPTAB  oref$l2j0137to_dsp.fits
DISPTAB  PEDIGREE=INFLIGHT 27/02/1997 24/11/1999
DISPTAB  DESCRIP =Lindler, May 2000
DISPTAB  DESCRIP =Lindler Postlaunch, May 2000
APDESTAB oref$16j16005o_apd.fits
APDESTAB PEDIGREE=INFLIGHT 01/03/1997 13/06/2017
APDESTAB DESCRIP =Aligned long-slit bar positions for single-bar cases.--------------
APDESTAB DESCRIP =Microscope Meas./Hartig Post-launch Offsets
INANGTAB oref$h5s11397o_iac.fits
INANGTAB DESCRIP =Model/C. Bowers May 6, 1997
DISPCORR COMPLETE

HELCORR  PERFORM
HELCORR  COMPLETE

PHOTTAB  oref$95118575o_pht.fits
PHOTTAB  PEDIGREE=INFLIGHT 27/02/1997 16/03/2021
PHOTTAB  DESCRIP =Fullerton 2025 calibration
APERTAB  oref$y2r1559to_apt.fits
APERTAB  PEDIGREE=MODEL
APERTAB  DESCRIP =Added/updated values for 31X0.05NDA,31X0.05NDB,31X0.05NDC apertures
APERTAB  DESCRIP =Bohlin/Hartig TIM Models Nov. 1998
GACTAB   oref$p9r19203o_gac.fits
GACTAB   PEDIGREE=INFLIGHT 13/06/1997 21/05/1998
GACTAB   DESCRIP =X1D flux corr for grating/aper combos
GACTAB   DESCRIP =Grating-Aperture Throughput Correction
PCTAB    oref$q541740no_pct.fits
PCTAB    PEDIGREE=INFLIGHT 18/05/1997 19/12/1998
PCTAB    DESCRIP =Sensitivity for diff. extractions heights
TDSTAB   oref$8712049eo_tds.fits
TDSTAB   PEDIGREE=INFLIGHT 01/04/1997 06/03/2024
TDSTAB   DESCRIP =Updated time sensitivities for MIRVIS, G230LB, and G230MB
FLUXCORR PERFORM
CTECORR  PERFORM
CCDTAB   oref$16j1600do_ccd.fits
CCDTAB   PEDIGREE=INFLIGHT 01/05/2009 01/05/2009
CCDTAB   DESCRIP =Updated amp=D gain=4 atodgain and corresponding readnoise values---
CCDTAB   DESCRIP =Proposal 8057, by I. Dashevsky & P. Goudfrooij
Warning    No exact extraction box height match in PCTAB.
Warning    Using entry for height 15
         GACTAB correction applied for G430L 52X0.2 4300
CTECORR  COMPLETE
FLUXCORR COMPLETE
SGEOCORR OMIT

         Row 1 written to disk.
Order 1  End 18:08:17 PDT

         trace was rotated by = 0.0673057 degree.
Imset 1  End 18:08:17 PDT

Warning    Keyword `XTRACALG' is being added to header.
End      15-Aug-2026 18:08:17 PDT

*** CALSTIS-6 complete ***
22 STIS science exposures for TESS-SN (0 dropped: texptime<5.0s)
X1D oe2b01010 G230LB es 7 flags ['extended_host']
RETRY-FINDER oe2b02010 a2center=508.2
X1D oe2b02010 G230LB es 7 flags ['extended_host']
X1D oe2b03010 G230LB es 7 flags ['extended_host']
X1D oe2b04010 G230L es 11 flags none
X1D oe2b04020 G430L es 17 flags none
X1D oe2b05010 G230L es 11 flags none
X1D oe2b05020 G430L es 17 flags none
X1D oe2b25010 G230L es 11 flags none
RETRY-FINDER oe2b25020 a2center=520.6
X1D oe2b25020 G230L es 11 flags ['low_detect']
X1D oe2b25030 G230L es 11 flags none
X1D oe2b25040 G230L es 11 flags none
X1D oe2b25050 G430L es 17 flags none
X1D oe2ba1010 G230LB es 7 flags ['extended_host']
RETRY-FINDER oe2ba2010 a2center=499.9
X1D oe2ba2010 G230LB es 7 flags ['extended_host']
X1D oe2ba3010 G230LB es 7 flags ['extended_host']
X1D oe2bb1010 G230LB es 7 flags ['extended_host']
RETRY-FINDER oe2bb2010 a2center=141.3
X1D oe2bb2010 G230LB es 7 flags ['finder_fail', 'extended_host']
X1D oe2bb2020 G430L es 17 flags none
X1D oe2bb3010 G230LB es 7 flags ['finder_fail', 'extended_host', 'center_mismatch(825vs336)']
X1D oe2bb3020 G430L es 17 flags none
RETRY-FINDER oe2bc1010 a2center=508.8
X1D oe2bc1010 G230LB es 7 flags ['extended_host']
X1D oe2bc1020 G430L es 17 flags none
BATCHDONE

/home/ishaang6/miniforge3/envs/surf_uv/lib/python3.12/site-packages/stsci/tools/nmpfit.py:8: UserWarning: NMPFIT is deprecated - stsci.tools v 3.5 is the last version to contain it.
  warnings.warn("NMPFIT is deprecated - stsci.tools v 3.5 is the last version to contain it.")
/home/ishaang6/miniforge3/envs/surf_uv/lib/python3.12/site-packages/stsci/tools/gfit.py:18: UserWarning: GFIT is deprecated - stsci.tools v 3.4.12 is the last version to contain it.Use astropy.modeling instead.
  warnings.warn("GFIT is deprecated - stsci.tools v 3.4.12 is the last version to contain it."

$ /home/ishaang6/miniforge3/envs/surf_uv/bin/python /mnt/c/Users/eluru/CALTECH_SURF_2026/WORK/scripts/cos_products.py TESS-SN --outroot output5 --z 0.007522 --expl-mjd 58939.338
COS TESS-SN 2020-04-04_day5 FUV G160M (1 exp)
COS TESS-SN 2020-04-04_day5 FUV G130M (1 exp)
COSDONE


$ /home/ishaang6/miniforge3/envs/surf_uv/bin/python /mnt/c/Users/eluru/CALTECH_SURF_2026/WORK/scripts/build_products.py TESS-SN --outroot output5 --z 0.007522 --early-skip-dir  --expl-mjd 58939.338
built products for TESS-SN: 4 epochs



===== M82-SN  z=0.00068  STIS=True COS=False =====
$ /home/ishaang6/miniforge3/envs/surf_uv/bin/python /mnt/c/Users/eluru/CALTECH_SURF_2026/WORK/scripts/download_all.py M82-SN
ry]
INFO: Found cached file /mnt/c/Users/eluru/CALTECH_SURF_2026/WORK/data/M82-SN/mastDownload/HST/ocb159010/ocb159010_wav.fits with expected size 4262400. [astroquery.query]
INFO: Found cached file /mnt/c/Users/eluru/CALTECH_SURF_2026/WORK/data/M82-SN/mastDownload/HST/ocb159010/ocb159010_raw.fits with expected size 8429760. [astroquery.query]
INFO: Found cached file /mnt/c/Users/eluru/CALTECH_SURF_2026/WORK/data/M82-SN/mastDownload/HST/ocb159010/ocb159010_flt.fits with expected size 10535040. [astroquery.query]
INFO: Found cached file /mnt/c/Users/eluru/CALTECH_SURF_2026/WORK/data/M82-SN/mastDownload/HST/ocb159020/ocb159020_wav.fits with expected size 4262400. [astroquery.query]
INFO: Found cached file /mnt/c/Users/eluru/CALTECH_SURF_2026/WORK/data/M82-SN/mastDownload/HST/ocb159020/ocb159020_raw.fits with expected size 8429760. [astroquery.query]
INFO: Found cached file /mnt/c/Users/eluru/CALTECH_SURF_2026/WORK/data/M82-SN/mastDownload/HST/ocb159020/ocb159020_flt.fits with expected size 10535040. [astroquery.query]
INFO: Found cached file /mnt/c/Users/eluru/CALTECH_SURF_2026/WORK/data/M82-SN/mastDownload/HST/ocb159030/ocb159030_wav.fits with expected size 2139840. [astroquery.query]
INFO: Found cached file /mnt/c/Users/eluru/CALTECH_SURF_2026/WORK/data/M82-SN/mastDownload/HST/ocb159030/ocb159030_raw.fits with expected size 8429760. [astroquery.query]
INFO: Found cached file /mnt/c/Users/eluru/CALTECH_SURF_2026/WORK/data/M82-SN/mastDownload/HST/ocb159030/ocb159030_flt.fits with expected size 10535040. [astroquery.query]
INFO: Found cached file /mnt/c/Users/eluru/CALTECH_SURF_2026/WORK/data/M82-SN/mastDownload/HST/ocb159040/ocb159040_wav.fits with expected size 2139840. [astroquery.query]
INFO: Found cached file /mnt/c/Users/eluru/CALTECH_SURF_2026/WORK/data/M82-SN/mastDownload/HST/ocb159040/ocb159040_raw.fits with expected size 8429760. [astroquery.query]
INFO: Found cached file /mnt/c/Users/eluru/CALTECH_SURF_2026/WORK/data/M82-SN/mastDownload/HST/ocb159040/ocb159040_flt.fits with expected size 10535040. [astroquery.query]
INFO: Found cached file /mnt/c/Users/eluru/CALTECH_SURF_2026/WORK/data/M82-SN/mastDownload/HST/ocb159050/ocb159050_crj.fits with expected size 10537920. [astroquery.query]
INFO: Found cached file /mnt/c/Users/eluru/CALTECH_SURF_2026/WORK/data/M82-SN/mastDownload/HST/ocb159050/ocb159050_wav.fits with expected size 2260800. [astroquery.query]
INFO: Found cached file /mnt/c/Users/eluru/CALTECH_SURF_2026/WORK/data/M82-SN/mastDownload/HST/ocb159050/ocb159050_raw.fits with expected size 4501440. [astroquery.query]
INFO: Found cached file /mnt/c/Users/eluru/CALTECH_SURF_2026/WORK/data/M82-SN/mastDownload/HST/ocb159050/ocb159050_flt.fits with expected size 21052800. [astroquery.query]
INFO: Found cached file /mnt/c/Users/eluru/CALTECH_SURF_2026/WORK/data/M82-SN/mastDownload/HST/ocb159060/ocb159060_crj.fits with expected size 10537920. [astroquery.query]
INFO: Found cached file /mnt/c/Users/eluru/CALTECH_SURF_2026/WORK/data/M82-SN/mastDownload/HST/ocb159060/ocb159060_wav.fits with expected size 2260800. [astroquery.query]
INFO: Found cached file /mnt/c/Users/eluru/CALTECH_SURF_2026/WORK/data/M82-SN/mastDownload/HST/ocb159060/ocb159060_raw.fits with expected size 4501440. [astroquery.query]
INFO: Found cached file /mnt/c/Users/eluru/CALTECH_SURF_2026/WORK/data/M82-SN/mastDownload/HST/ocb159060/ocb159060_flt.fits with expected size 21052800. [astroquery.query]
INFO: Found cached file /mnt/c/Users/eluru/CALTECH_SURF_2026/WORK/data/M82-SN/mastDownload/HST/ocb160010/ocb160010_wav.fits with expected size 2139840. [astroquery.query]
INFO: Found cached file /mnt/c/Users/eluru/CALTECH_SURF_2026/WORK/data/M82-SN/mastDownload/HST/ocb160010/ocb160010_raw.fits with expected size 8429760. [astroquery.query]
INFO: Found cached file /mnt/c/Users/eluru/CALTECH_SURF_2026/WORK/data/M82-SN/mastDownload/HST/ocb160010/ocb160010_flt.fits with expected size 10535040. [astroquery.query]
M82-SN: downloaded 155 products (45 obs)
DOWNLOADDONE


$ /home/ishaang6/miniforge3/envs/surf_uv/bin/python /mnt/c/Users/eluru/CALTECH_SURF_2026/WORK/scripts/reduce_stis_batch.py /mnt/c/Users/eluru/CALTECH_SURF_2026/WORK/data/M82-SN M82-SN --outroot output5 --z 0.00068 --expl-mjd 56678.0
ORM
******** Calling Slfit ***********
BACKCORR COMPLETE
X1DCORR  COMPLETE
         Spectrum extracted at y position = 537.481

DISPCORR PERFORM
DISPTAB  oref$m7p16111o_dsp.fits
DISPTAB  PEDIGREE=INFLIGHT 23/01/1999 23/01/1999
DISPTAB  DESCRIP =Dispersion coefficients reference table
DISPTAB  DESCRIP =INFLIGHT Cal. Disp. Coeffs
APDESTAB oref$16j16005o_apd.fits
APDESTAB PEDIGREE=INFLIGHT 01/03/1997 13/06/2017
APDESTAB DESCRIP =Aligned long-slit bar positions for single-bar cases.--------------
APDESTAB DESCRIP =Microscope Meas./Hartig Post-launch Offsets
INANGTAB oref$l3m1437ro_iac.fits
INANGTAB DESCRIP =Prelaunch Calibration/Lindler and Models
DISPCORR COMPLETE

HELCORR  PERFORM
HELCORR  COMPLETE

PHOTTAB  oref$a5e19538o_pht.fits
PHOTTAB  PEDIGREE=INFLIGHT 27/02/1997 16/03/2021
PHOTTAB  DESCRIP =May 2026 recalibration
APERTAB  oref$y2r1559to_apt.fits
APERTAB  PEDIGREE=MODEL
APERTAB  DESCRIP =Added/updated values for 31X0.05NDA,31X0.05NDB,31X0.05NDC apertures
APERTAB  DESCRIP =Bohlin/Hartig TIM Models Nov. 1998
PCTAB    oref$y2r16006o_pct.fits
PCTAB    PEDIGREE=INFLIGHT 18/05/1997 19/12/1998
PCTAB    DESCRIP =Added/updated values for 31X0.05NDA,31X0.05NDB,31X0.05NDC apertures
TDSTAB   oref$97a1546po_tds.fits
TDSTAB   PEDIGREE=INFLIGHT 01/04/1997 13/05/2025
TDSTAB   DESCRIP =Updated time sensitivities for MIRNUV and L, M, and H modes.
FLUXCORR PERFORM
FLUXCORR COMPLETE
SGEOCORR OMIT

         Row 1 written to disk.
Order 1  End 18:09:25 PDT

         trace was rotated by = -0.00311658 degree.
Imset 1  End 18:09:25 PDT

Warning    Keyword `XTRACALG' is being added to header.
End      15-Aug-2026 18:09:25 PDT

*** CALSTIS-6 complete ***
45 STIS science exposures for M82-SN (0 dropped: texptime<5.0s)
X1D ocb150010 G230L es 11 flags ['center_mismatch(532vs538)']
X1D ocb150020 G230L es 11 flags ['center_mismatch(533vs521)']
X1D ocb150030 G230L es 11 flags ['center_mismatch(533vs514)']
X1D ocb150040 G230L es 11 flags ['center_mismatch(513vs504)']
X1D ocb150050 G430L es 17 flags none
X1D ocb150060 G750L es 25 flags ['no_defringe(no_flat)']
X1D ocb151010 G230L es 11 flags ['center_mismatch(533vs523)']
X1D ocb151020 G230L es 11 flags none
X1D ocb151030 G430L es 17 flags none
X1D ocb151040 G750L es 25 flags ['no_defringe(no_flat)']
X1D ocb152010 G230L es 11 flags ['center_mismatch(532vs523)']
X1D ocb152020 G230L es 11 flags ['center_mismatch(512vs488)']
X1D ocb152030 G430L es 17 flags none
X1D ocb152040 G750L es 25 flags ['no_defringe(no_flat)']
X1D ocb153010 G230L es 11 flags ['center_mismatch(534vs525)']
X1D ocb153020 G230L es 11 flags none
X1D ocb153030 G430L es 17 flags none
X1D ocb153040 G750L es 25 flags ['no_defringe(no_flat)']
X1D ocb154010 G230L es 11 flags ['center_mismatch(537vs532)']
X1D ocb154020 G230L es 11 flags ['center_mismatch(513vs504)']
X1D ocb154030 G430L es 17 flags none
X1D ocb154040 G750L es 25 flags ['no_defringe(no_flat)']
X1D ocb155010 G230L es 11 flags none
X1D ocb155020 G230L es 11 flags ['center_mismatch(517vs497)']
X1D ocb155030 G430L es 17 flags none
X1D ocb155040 G750L es 25 flags ['no_defringe(no_flat)']
X1D ocb156010 G230L es 11 flags ['center_mismatch(537vs524)']
X1D ocb156020 G230L es 11 flags none
X1D ocb156030 G430L es 17 flags none
X1D ocb156040 G750L es 25 flags ['no_defringe(no_flat)']
X1D ocb157010 G230L es 11 flags none
X1D ocb157020 G230L es 11 flags ['center_mismatch(517vs510)']
X1D ocb157030 G430L es 17 flags none
X1D ocb157040 G750L es 25 flags ['no_defringe(no_flat)']
X1D ocb158010 G230L es 11 flags none
X1D ocb158020 G230L es 11 flags ['center_mismatch(517vs548)']
X1D ocb158030 G430L es 17 flags none
X1D ocb158040 G750L es 25 flags ['no_defringe(no_flat)']
X1D ocb159010 G230L es 11 flags ['center_mismatch(536vs529)']
X1D ocb159020 G230L es 11 flags none
X1D ocb159030 G230L es 11 flags ['center_mismatch(536vs527)']
X1D ocb159040 G230L es 11 flags none
X1D ocb159050 G430L es 17 flags none
X1D ocb159060 G750L es 25 flags ['no_defringe(no_flat)']
X1D ocb160010 G230L es 11 flags none
BATCHDONE

/home/ishaang6/miniforge3/envs/surf_uv/lib/python3.12/site-packages/stsci/tools/nmpfit.py:8: UserWarning: NMPFIT is deprecated - stsci.tools v 3.5 is the last version to contain it.
  warnings.warn("NMPFIT is deprecated - stsci.tools v 3.5 is the last version to contain it.")
/home/ishaang6/miniforge3/envs/surf_uv/lib/python3.12/site-packages/stsci/tools/gfit.py:18: UserWarning: GFIT is deprecated - stsci.tools v 3.4.12 is the last version to contain it.Use astropy.modeling instead.
  warnings.warn("GFIT is deprecated - stsci.tools v 3.4.12 is the last version to contain it."

$ /home/ishaang6/miniforge3/envs/surf_uv/bin/python /mnt/c/Users/eluru/CALTECH_SURF_2026/WORK/scripts/build_products.py M82-SN --outroot output5 --z 0.00068 --early-skip-dir  --expl-mjd 56678.0
built products for M82-SN: 11 epochs



===== PTF11KLY  z=0.000804  STIS=True COS=False =====
$ /home/ishaang6/miniforge3/envs/surf_uv/bin/python /mnt/c/Users/eluru/CALTECH_SURF_2026/WORK/scripts/download_all.py PTF11KLY
CH_SURF_2026/WORK/data/PTF11KLY/mastDownload/HST/obyc01010/obyc01010_wav.fits with expected size 4262400. [astroquery.query]
INFO: Found cached file /mnt/c/Users/eluru/CALTECH_SURF_2026/WORK/data/PTF11KLY/mastDownload/HST/obyc01010/obyc01010_raw.fits with expected size 16842240. [astroquery.query]
INFO: Found cached file /mnt/c/Users/eluru/CALTECH_SURF_2026/WORK/data/PTF11KLY/mastDownload/HST/obyc01010/obyc01010_flt.fits with expected size 21049920. [astroquery.query]
INFO: Found cached file /mnt/c/Users/eluru/CALTECH_SURF_2026/WORK/data/PTF11KLY/mastDownload/HST/obyc01020/obyc01020_wav.fits with expected size 6384960. [astroquery.query]
INFO: Found cached file /mnt/c/Users/eluru/CALTECH_SURF_2026/WORK/data/PTF11KLY/mastDownload/HST/obyc01020/obyc01020_raw.fits with expected size 16842240. [astroquery.query]
INFO: Found cached file /mnt/c/Users/eluru/CALTECH_SURF_2026/WORK/data/PTF11KLY/mastDownload/HST/obyc01020/obyc01020_flt.fits with expected size 27334080. [astroquery.query]
INFO: Found cached file /mnt/c/Users/eluru/CALTECH_SURF_2026/WORK/data/PTF11KLY/mastDownload/HST/obyc01030/obyc01030_wav.fits with expected size 4262400. [astroquery.query]
INFO: Found cached file /mnt/c/Users/eluru/CALTECH_SURF_2026/WORK/data/PTF11KLY/mastDownload/HST/obyc01030/obyc01030_raw.fits with expected size 8429760. [astroquery.query]
INFO: Found cached file /mnt/c/Users/eluru/CALTECH_SURF_2026/WORK/data/PTF11KLY/mastDownload/HST/obyc01030/obyc01030_flt.fits with expected size 10535040. [astroquery.query]
INFO: Found cached file /mnt/c/Users/eluru/CALTECH_SURF_2026/WORK/data/PTF11KLY/mastDownload/HST/obyc02010/obyc02010_wav.fits with expected size 4262400. [astroquery.query]
INFO: Found cached file /mnt/c/Users/eluru/CALTECH_SURF_2026/WORK/data/PTF11KLY/mastDownload/HST/obyc02010/obyc02010_raw.fits with expected size 16842240. [astroquery.query]
INFO: Found cached file /mnt/c/Users/eluru/CALTECH_SURF_2026/WORK/data/PTF11KLY/mastDownload/HST/obyc02010/obyc02010_flt.fits with expected size 21049920. [astroquery.query]
INFO: Found cached file /mnt/c/Users/eluru/CALTECH_SURF_2026/WORK/data/PTF11KLY/mastDownload/HST/obyc02020/obyc02020_wav.fits with expected size 6384960. [astroquery.query]
INFO: Found cached file /mnt/c/Users/eluru/CALTECH_SURF_2026/WORK/data/PTF11KLY/mastDownload/HST/obyc02020/obyc02020_raw.fits with expected size 16842240. [astroquery.query]
INFO: Found cached file /mnt/c/Users/eluru/CALTECH_SURF_2026/WORK/data/PTF11KLY/mastDownload/HST/obyc02020/obyc02020_flt.fits with expected size 21049920. [astroquery.query]
INFO: Found cached file /mnt/c/Users/eluru/CALTECH_SURF_2026/WORK/data/PTF11KLY/mastDownload/HST/obyc03010/obyc03010_crj.fits with expected size 10537920. [astroquery.query]
INFO: Found cached file /mnt/c/Users/eluru/CALTECH_SURF_2026/WORK/data/PTF11KLY/mastDownload/HST/obyc03010/obyc03010_wav.fits with expected size 2260800. [astroquery.query]
INFO: Found cached file /mnt/c/Users/eluru/CALTECH_SURF_2026/WORK/data/PTF11KLY/mastDownload/HST/obyc03010/obyc03010_raw.fits with expected size 6742080. [astroquery.query]
INFO: Found cached file /mnt/c/Users/eluru/CALTECH_SURF_2026/WORK/data/PTF11KLY/mastDownload/HST/obyc03010/obyc03010_flt.fits with expected size 31567680. [astroquery.query]
INFO: Found cached file /mnt/c/Users/eluru/CALTECH_SURF_2026/WORK/data/PTF11KLY/mastDownload/HST/obyc03020/obyc03020_crj.fits with expected size 10537920. [astroquery.query]
INFO: Found cached file /mnt/c/Users/eluru/CALTECH_SURF_2026/WORK/data/PTF11KLY/mastDownload/HST/obyc03020/obyc03020_wav.fits with expected size 2260800. [astroquery.query]
INFO: Found cached file /mnt/c/Users/eluru/CALTECH_SURF_2026/WORK/data/PTF11KLY/mastDownload/HST/obyc03020/obyc03020_raw.fits with expected size 6742080. [astroquery.query]
INFO: Found cached file /mnt/c/Users/eluru/CALTECH_SURF_2026/WORK/data/PTF11KLY/mastDownload/HST/obyc03020/obyc03020_flt.fits with expected size 31567680. [astroquery.query]
PTF11KLY: downloaded 215 products (58 obs)
DOWNLOADDONE


$ /home/ishaang6/miniforge3/envs/surf_uv/bin/python /mnt/c/Users/eluru/CALTECH_SURF_2026/WORK/scripts/reduce_stis_batch.py /mnt/c/Users/eluru/CALTECH_SURF_2026/WORK/data/PTF11KLY PTF11KLY --outroot output5 --z 0.000804 --expl-mjd 55797.0
0.05NDA,31X0.05NDB,31X0.05NDC apertures
APERTAB  DESCRIP =Bohlin/Hartig TIM Models Nov. 1998
GACTAB   oref$p9r19203o_gac.fits
GACTAB   PEDIGREE=INFLIGHT 13/06/1997 20/04/1998
GACTAB   DESCRIP =X1D flux corr for grating/aper combos
GACTAB   DESCRIP =Grating-Aperture Throughput Correction
PCTAB    oref$q541740po_pct.fits
PCTAB    PEDIGREE=INFLIGHT 18/05/1997 19/12/1998
PCTAB    DESCRIP =Sensitivity for diff. extractions heights
TDSTAB   oref$8712049eo_tds.fits
TDSTAB   PEDIGREE=INFLIGHT 01/04/1997 06/03/2024
TDSTAB   DESCRIP =Updated time sensitivities for MIRVIS, G230LB, and G230MB
FLUXCORR PERFORM
CTECORR  PERFORM
CCDTAB   oref$16j1600eo_ccd.fits
CCDTAB   PEDIGREE=INFLIGHT 01/05/2009 01/05/2009
CCDTAB   DESCRIP =Updated amp=D gain=4 atodgain and corresponding readnoise values---
CCDTAB   DESCRIP =Proposal 8057, by I. Dashevsky & P. Goudfrooij
Warning    No exact extraction box height match in PCTAB.
Warning    Using entry for height 21
         GACTAB correction applied for G750L 52X0.2 7751
CTECORR  COMPLETE
FLUXCORR COMPLETE
SGEOCORR OMIT

         Row 1 written to disk.
Order 1  End 18:10:59 PDT

         trace was rotated by = 0.0560051 degree.
Imset 1  End 18:10:59 PDT

Warning    Keyword `XTRACALG' is being added to header.
End      15-Aug-2026 18:10:59 PDT

*** CALSTIS-6 complete ***
58 STIS science exposures for PTF11KLY (0 dropped: texptime<5.0s)
X1D obnd43010 G430L es 15 flags none
X1D obnd43020 G750L es 25 flags ['no_defringe(no_flat)']
X1D obnd44010 G430L es 15 flags none
X1D obnd44020 G430L es 15 flags none
X1D obnd44030 G750L es 25 flags ['no_defringe(no_flat)']
X1D obnd44040 G750L es 25 flags ['no_defringe(no_flat)']
X1D obnd45010 G230LB es 15 flags none
X1D obnd45020 G430L es 15 flags none
X1D obnd45030 G750L es 25 flags ['no_defringe(no_flat)']
X1D obnd46010 G230LB es 15 flags none
X1D obnd46020 G230LB es 15 flags none
X1D obnd46030 G430L es 15 flags none
X1D obnd46040 G430L es 15 flags none
X1D obnd46050 G750L es 25 flags ['no_defringe(no_flat)']
X1D obnd46060 G750L es 25 flags ['no_defringe(no_flat)']
X1D obnd47010 G230LB es 15 flags none
X1D obnd47020 G230LB es 15 flags none
X1D obnd47030 G430L es 15 flags none
X1D obnd47040 G430L es 15 flags none
X1D obnd47050 G750L es 25 flags ['no_defringe(no_flat)']
X1D obnd47060 G750L es 25 flags ['no_defringe(no_flat)']
X1D obnd48010 G230L es 11 flags none
X1D obnd49010 G230L es 11 flags none
X1D obnd50080 G140L es 11 flags none
X1D obnd50090 G140L es 11 flags none
X1D obnd500a0 G140L es 11 flags none
X1D obnd51010 G230LB es 15 flags none
X1D obnd51020 G230LB es 15 flags none
X1D obnd51030 G430L es 15 flags none
X1D obnd51040 G430L es 15 flags none
X1D obnd51050 G750L es 25 flags ['no_defringe(no_flat)']
X1D obnd51060 G750L es 25 flags ['no_defringe(no_flat)']
X1D obnd51080 G230L es 11 flags none
X1D obnd52010 G430L es 15 flags none
X1D obnd52020 G430L es 15 flags none
X1D obnd52030 G750L es 25 flags ['no_defringe(no_flat)']
X1D obnd52040 G750L es 25 flags ['no_defringe(no_flat)']
X1D obnd52060 G230L es 11 flags none
X1D obnd52070 G230L es 11 flags none
X1D obnd53010 G430L es 15 flags none
X1D obnd53020 G430L es 15 flags none
X1D obnd53030 G750L es 25 flags ['no_defringe(no_flat)']
X1D obnd53040 G750L es 25 flags ['no_defringe(no_flat)']
X1D obnd53060 G230L es 11 flags none
X1D obnd53070 G230L es 11 flags none
X1D obnd54010 G430L es 15 flags none
X1D obnd54020 G430L es 15 flags none
X1D obnd54030 G750L es 25 flags ['no_defringe(no_flat)']
X1D obnd54040 G750L es 25 flags ['no_defringe(no_flat)']
X1D obnd54060 G230L es 11 flags none
X1D obnd54070 G230L es 11 flags none
X1D obyc01010 G230L es 11 flags none
X1D obyc01020 G230L es 11 flags ['low_detect', 'center_mismatch(503vs430)']
X1D obyc01030 G230L es 11 flags none
X1D obyc02010 G230L es 11 flags none
X1D obyc02020 G230L es 11 flags ['center_mismatch(502vs497)']
X1D obyc03010 G430L es 15 flags none
RETRY-FINDER obyc03020 a2center=509.7
X1D obyc03020 G750L es 25 flags ['extended_host', 'no_defringe(no_flat)']
BATCHDONE

/home/ishaang6/miniforge3/envs/surf_uv/lib/python3.12/site-packages/stsci/tools/nmpfit.py:8: UserWarning: NMPFIT is deprecated - stsci.tools v 3.5 is the last version to contain it.
  warnings.warn("NMPFIT is deprecated - stsci.tools v 3.5 is the last version to contain it.")
/home/ishaang6/miniforge3/envs/surf_uv/lib/python3.12/site-packages/stsci/tools/gfit.py:18: UserWarning: GFIT is deprecated - stsci.tools v 3.4.12 is the last version to contain it.Use astropy.modeling instead.
  warnings.warn("GFIT is deprecated - stsci.tools v 3.4.12 is the last version to contain it."
/home/ishaang6/miniforge3/envs/surf_uv/lib/python3.12/site-packages/numpy/lib/_nanfunctions_impl.py:1997: RuntimeWarning: Degrees of freedom <= 0 for slice.
  var = nanvar(a, axis=axis, dtype=dtype, out=out, ddof=ddof,
/home/ishaang6/miniforge3/envs/surf_uv/lib/python3.12/site-packages/numpy/lib/_nanfunctions_impl.py:1997: RuntimeWarning: Degrees of freedom <= 0 for slice.
  var = nanvar(a, axis=axis, dtype=dtype, out=out, ddof=ddof,

$ /home/ishaang6/miniforge3/envs/surf_uv/bin/python /mnt/c/Users/eluru/CALTECH_SURF_2026/WORK/scripts/build_products.py PTF11KLY --outroot output5 --z 0.000804 --early-skip-dir  --expl-mjd 55797.0
built products for PTF11KLY: 13 epochs



===== SN2010JL  z=0.011  STIS=True COS=True =====
$ /home/ishaang6/miniforge3/envs/surf_uv/bin/python /mnt/c/Users/eluru/CALTECH_SURF_2026/WORK/scripts/download_all.py SN2010JL
CALTECH_SURF_2026/WORK/data/SN2010JL/mastDownload/HST/ocdd050d0/ocdd050d0_raw.fits with expected size 8429760. [astroquery.query]
INFO: Found cached file /mnt/c/Users/eluru/CALTECH_SURF_2026/WORK/data/SN2010JL/mastDownload/HST/ocdd050d0/ocdd050d0_flt.fits with expected size 10535040. [astroquery.query]
INFO: Found cached file /mnt/c/Users/eluru/CALTECH_SURF_2026/WORK/data/SN2010JL/mastDownload/HST/ocdd050e0/ocdd050e0_wav.fits with expected size 4262400. [astroquery.query]
INFO: Found cached file /mnt/c/Users/eluru/CALTECH_SURF_2026/WORK/data/SN2010JL/mastDownload/HST/ocdd050e0/ocdd050e0_raw.fits with expected size 8429760. [astroquery.query]
INFO: Found cached file /mnt/c/Users/eluru/CALTECH_SURF_2026/WORK/data/SN2010JL/mastDownload/HST/ocdd050e0/ocdd050e0_flt.fits with expected size 10535040. [astroquery.query]
INFO: Found cached file /mnt/c/Users/eluru/CALTECH_SURF_2026/WORK/data/SN2010JL/mastDownload/HST/ocdd050f0/ocdd050f0_wav.fits with expected size 4262400. [astroquery.query]
INFO: Found cached file /mnt/c/Users/eluru/CALTECH_SURF_2026/WORK/data/SN2010JL/mastDownload/HST/ocdd050f0/ocdd050f0_raw.fits with expected size 8429760. [astroquery.query]
INFO: Found cached file /mnt/c/Users/eluru/CALTECH_SURF_2026/WORK/data/SN2010JL/mastDownload/HST/ocdd050f0/ocdd050f0_flt.fits with expected size 10535040. [astroquery.query]
INFO: Found cached file /mnt/c/Users/eluru/CALTECH_SURF_2026/WORK/data/SN2010JL/mastDownload/HST/ocdd050g0/ocdd050g0_wav.fits with expected size 4262400. [astroquery.query]
INFO: Found cached file /mnt/c/Users/eluru/CALTECH_SURF_2026/WORK/data/SN2010JL/mastDownload/HST/ocdd050g0/ocdd050g0_raw.fits with expected size 8429760. [astroquery.query]
INFO: Found cached file /mnt/c/Users/eluru/CALTECH_SURF_2026/WORK/data/SN2010JL/mastDownload/HST/ocdd050g0/ocdd050g0_flt.fits with expected size 10535040. [astroquery.query]
INFO: Found cached file /mnt/c/Users/eluru/CALTECH_SURF_2026/WORK/data/SN2010JL/mastDownload/HST/ocdd050h0/ocdd050h0_wav.fits with expected size 4262400. [astroquery.query]
INFO: Found cached file /mnt/c/Users/eluru/CALTECH_SURF_2026/WORK/data/SN2010JL/mastDownload/HST/ocdd050h0/ocdd050h0_raw.fits with expected size 8429760. [astroquery.query]
INFO: Found cached file /mnt/c/Users/eluru/CALTECH_SURF_2026/WORK/data/SN2010JL/mastDownload/HST/ocdd050h0/ocdd050h0_flt.fits with expected size 10535040. [astroquery.query]
INFO: Found cached file /mnt/c/Users/eluru/CALTECH_SURF_2026/WORK/data/SN2010JL/mastDownload/HST/ocdd050i0/ocdd050i0_wav.fits with expected size 4262400. [astroquery.query]
INFO: Found cached file /mnt/c/Users/eluru/CALTECH_SURF_2026/WORK/data/SN2010JL/mastDownload/HST/ocdd050i0/ocdd050i0_raw.fits with expected size 8429760. [astroquery.query]
INFO: Found cached file /mnt/c/Users/eluru/CALTECH_SURF_2026/WORK/data/SN2010JL/mastDownload/HST/ocdd050i0/ocdd050i0_flt.fits with expected size 10535040. [astroquery.query]
INFO: Found cached file /mnt/c/Users/eluru/CALTECH_SURF_2026/WORK/data/SN2010JL/mastDownload/HST/ocdd050j0/ocdd050j0_wav.fits with expected size 4262400. [astroquery.query]
INFO: Found cached file /mnt/c/Users/eluru/CALTECH_SURF_2026/WORK/data/SN2010JL/mastDownload/HST/ocdd050j0/ocdd050j0_raw.fits with expected size 8429760. [astroquery.query]
INFO: Found cached file /mnt/c/Users/eluru/CALTECH_SURF_2026/WORK/data/SN2010JL/mastDownload/HST/ocdd050j0/ocdd050j0_flt.fits with expected size 10535040. [astroquery.query]
INFO: Found cached file /mnt/c/Users/eluru/CALTECH_SURF_2026/WORK/data/SN2010JL/mastDownload/HST/ocdd050k0/ocdd050k0_wav.fits with expected size 4262400. [astroquery.query]
INFO: Found cached file /mnt/c/Users/eluru/CALTECH_SURF_2026/WORK/data/SN2010JL/mastDownload/HST/ocdd050k0/ocdd050k0_raw.fits with expected size 8429760. [astroquery.query]
INFO: Found cached file /mnt/c/Users/eluru/CALTECH_SURF_2026/WORK/data/SN2010JL/mastDownload/HST/ocdd050k0/ocdd050k0_flt.fits with expected size 10535040. [astroquery.query]
SN2010JL: downloaded 198 products (60 obs)
DOWNLOADDONE


$ /home/ishaang6/miniforge3/envs/surf_uv/bin/python /mnt/c/Users/eluru/CALTECH_SURF_2026/WORK/scripts/reduce_stis_batch.py /mnt/c/Users/eluru/CALTECH_SURF_2026/WORK/data/SN2010JL SN2010JL --outroot output5 --z 0.011 --expl-mjd 55503.0
o_tds.fits
TDSTAB   PEDIGREE=INFLIGHT 01/04/1997 13/05/2025
TDSTAB   DESCRIP =Updated time sensitivities for MIRNUV and L, M, and H modes.
FLUXCORR PERFORM
FLUXCORR COMPLETE
SGEOCORR OMIT

         Row 1 written to disk.
Order 1  End 18:14:07 PDT

         trace was rotated by = -0.00389742 degree.
Imset 1  End 18:14:07 PDT

Warning    Keyword `XTRACALG' is being added to header.
End      15-Aug-2026 18:14:07 PDT

*** CALSTIS-6 complete ***
60 STIS science exposures for SN2010JL (0 dropped: texptime<5.0s)
X1D obk001010 G230LB es 13 flags none
X1D obk001020 G230LB es 13 flags none
X1D obk001030 G230LB es 13 flags none
X1D obk001040 G430L es 15 flags none
X1D obk001050 G430L es 15 flags none
X1D obk002010 G230LB es 13 flags none
X1D obk002020 G230LB es 13 flags none
X1D obk002030 G230LB es 13 flags none
X1D obk002040 G430L es 15 flags none
X1D obk002050 G430L es 15 flags none
X1D obk004010 G230LB es 13 flags none
X1D obk004020 G230LB es 13 flags none
X1D obk004030 G230LB es 13 flags none
X1D obk004040 G230LB es 13 flags none
X1D obk004060 G230LB es 13 flags none
X1D obk004070 G430L es 15 flags none
X1D obk004080 G430L es 15 flags none
X1D oboo20010 G430L es 15 flags ['extended_host']
X1D oboo20020 G230L es 11 flags none
X1D oboo20030 G230L es 11 flags none
X1D ocdd03010 G140L es 11 flags none
X1D ocdd03020 G140L es 11 flags none
X1D ocdd03030 G140L es 11 flags none
X1D ocdd03040 G140L es 11 flags ['low_detect']
X1D ocdd03050 G140L es 11 flags none
X1D ocdd03060 G140L es 11 flags none
X1D ocdd03070 G140L es 11 flags none
X1D ocdd03080 G140L es 11 flags ['low_detect', 'center_mismatch(592vs473)']
X1D ocdd03090 G140L es 11 flags none
X1D ocdd030a0 G140L es 11 flags ['low_detect', 'center_mismatch(511vs389)']
X1D ocdd030b0 G140L es 11 flags ['low_detect', 'center_mismatch(551vs430)']
X1D ocdd030c0 G140L es 11 flags ['low_detect', 'center_mismatch(593vs475)']
X1D ocdd030d0 G230L es 11 flags ['low_detect', 'center_mismatch(588vs581)']
X1D ocdd030e0 G230L es 11 flags ['low_detect', 'center_mismatch(629vs513)']
X1D ocdd030f0 G230L es 11 flags ['low_detect', 'center_mismatch(669vs557)']
X1D ocdd030g0 G230L es 11 flags ['low_detect', 'center_mismatch(709vs586)']
X1D ocdd030h0 G230L es 11 flags ['low_detect', 'center_mismatch(589vs581)']
X1D ocdd030i0 G230L es 11 flags ['low_detect', 'center_mismatch(631vs567)']
X1D ocdd030j0 G230L es 11 flags ['low_detect', 'center_mismatch(650vs549)']
X1D ocdd030k0 G230L es 11 flags ['low_detect', 'center_mismatch(689vs587)']
X1D ocdd05010 G140L es 11 flags ['low_detect', 'center_mismatch(225vs341)']
X1D ocdd05020 G140L es 11 flags ['low_detect', 'center_mismatch(265vs391)']
X1D ocdd05030 G140L es 11 flags ['low_detect', 'center_mismatch(304vs424)']
X1D ocdd05040 G140L es 11 flags ['low_detect']
X1D ocdd05050 G140L es 11 flags ['low_detect', 'center_mismatch(224vs428)']
X1D ocdd05060 G140L es 11 flags ['low_detect']
X1D ocdd05070 G140L es 11 flags ['low_detect', 'center_mismatch(511vs435)']
X1D ocdd05080 G140L es 11 flags ['low_detect', 'center_mismatch(512vs461)']
X1D ocdd05090 G140L es 11 flags ['low_detect', 'center_mismatch(511vs418)']
X1D ocdd050a0 G140L es 11 flags ['low_detect', 'center_mismatch(515vs386)']
X1D ocdd050b0 G140L es 11 flags ['low_detect', 'center_mismatch(513vs434)']
X1D ocdd050c0 G140L es 11 flags ['low_detect', 'center_mismatch(514vs460)']
RETRY-FINDER ocdd050d0 a2center=465.0
X1D ocdd050d0 G230L es 11 flags ['low_detect']
X1D ocdd050e0 G230L es 11 flags ['low_detect', 'center_mismatch(391vs511)']
RETRY-FINDER ocdd050f0 a2center=578.0
X1D ocdd050f0 G230L es 11 flags ['low_detect']
X1D ocdd050g0 G230L es 11 flags ['low_detect', 'center_mismatch(-1vs468)']
RETRY-FINDER ocdd050h0 a2center=473.0
X1D ocdd050h0 G230L es 11 flags ['low_detect']
X1D ocdd050i0 G230L es 11 flags ['low_detect', 'center_mismatch(393vs512)']
RETRY-FINDER ocdd050j0 a2center=395.7
X1D ocdd050j0 G230L es 11 flags ['low_detect']
X1D ocdd050k0 G230L es 11 flags ['low_detect', 'center_mismatch(607vs578)']
BATCHDONE

/home/ishaang6/miniforge3/envs/surf_uv/lib/python3.12/site-packages/stsci/tools/nmpfit.py:8: UserWarning: NMPFIT is deprecated - stsci.tools v 3.5 is the last version to contain it.
  warnings.warn("NMPFIT is deprecated - stsci.tools v 3.5 is the last version to contain it.")
/home/ishaang6/miniforge3/envs/surf_uv/lib/python3.12/site-packages/stsci/tools/gfit.py:18: UserWarning: GFIT is deprecated - stsci.tools v 3.4.12 is the last version to contain it.Use astropy.modeling instead.
  warnings.warn("GFIT is deprecated - stsci.tools v 3.4.12 is the last version to contain it."

$ /home/ishaang6/miniforge3/envs/surf_uv/bin/python /mnt/c/Users/eluru/CALTECH_SURF_2026/WORK/scripts/cos_products.py SN2010JL --outroot output5 --z 0.011 --expl-mjd 55503.0
COS SN2010JL 2010-11-22_day19 FUV G130M (1 exp)
COS SN2010JL 2010-11-22_day19 FUV G160M (1 exp)
COS SN2010JL 2011-01-23_day82 FUV G130M (1 exp)
COS SN2010JL 2011-01-23_day82 FUV G160M (1 exp)
COS SN2010JL 2012-06-20_day595 FUV G130M (4 exp)
COS SN2010JL 2012-06-20_day595 FUV G160M (4 exp)
COSDONE


$ /home/ishaang6/miniforge3/envs/surf_uv/bin/python /mnt/c/Users/eluru/CALTECH_SURF_2026/WORK/scripts/build_products.py SN2010JL --outroot output5 --z 0.011 --early-skip-dir  --expl-mjd 55503.0
built products for SN2010JL: 7 epochs



===== SN2023IXF  z=0.00087  STIS=True COS=True =====
$ /home/ishaang6/miniforge3/envs/surf_uv/bin/python /mnt/c/Users/eluru/CALTECH_SURF_2026/WORK/scripts/download_all.py SN2023IXF
023IXF/mastDownload/HST/ofrs03030/ofrs03030_wav.fits with expected size 2260800. [astroquery.query]
INFO: Found cached file /mnt/c/Users/eluru/CALTECH_SURF_2026/WORK/data/SN2023IXF/mastDownload/HST/ofrs03030/ofrs03030_raw.fits with expected size 4501440. [astroquery.query]
INFO: Found cached file /mnt/c/Users/eluru/CALTECH_SURF_2026/WORK/data/SN2023IXF/mastDownload/HST/ofrs03030/ofrs03030_flt.fits with expected size 21052800. [astroquery.query]
INFO: Found cached file /mnt/c/Users/eluru/CALTECH_SURF_2026/WORK/data/SN2023IXF/mastDownload/HST/ofrs04010/ofrs04010_wav.fits with expected size 2139840. [astroquery.query]
INFO: Found cached file /mnt/c/Users/eluru/CALTECH_SURF_2026/WORK/data/SN2023IXF/mastDownload/HST/ofrs04010/ofrs04010_raw.fits with expected size 16819200. [astroquery.query]
INFO: Found cached file /mnt/c/Users/eluru/CALTECH_SURF_2026/WORK/data/SN2023IXF/mastDownload/HST/ofrs04010/ofrs04010_flt.fits with expected size 10535040. [astroquery.query]
INFO: Found cached file /mnt/c/Users/eluru/CALTECH_SURF_2026/WORK/data/SN2023IXF/mastDownload/HST/ofrs04020/ofrs04020_wav.fits with expected size 2139840. [astroquery.query]
INFO: Found cached file /mnt/c/Users/eluru/CALTECH_SURF_2026/WORK/data/SN2023IXF/mastDownload/HST/ofrs04020/ofrs04020_raw.fits with expected size 16819200. [astroquery.query]
INFO: Found cached file /mnt/c/Users/eluru/CALTECH_SURF_2026/WORK/data/SN2023IXF/mastDownload/HST/ofrs04020/ofrs04020_flt.fits with expected size 10535040. [astroquery.query]
INFO: Found cached file /mnt/c/Users/eluru/CALTECH_SURF_2026/WORK/data/SN2023IXF/mastDownload/HST/ofrs04030/ofrs04030_wav.fits with expected size 2139840. [astroquery.query]
INFO: Found cached file /mnt/c/Users/eluru/CALTECH_SURF_2026/WORK/data/SN2023IXF/mastDownload/HST/ofrs04030/ofrs04030_raw.fits with expected size 16819200. [astroquery.query]
INFO: Found cached file /mnt/c/Users/eluru/CALTECH_SURF_2026/WORK/data/SN2023IXF/mastDownload/HST/ofrs04030/ofrs04030_flt.fits with expected size 10535040. [astroquery.query]
INFO: Found cached file /mnt/c/Users/eluru/CALTECH_SURF_2026/WORK/data/SN2023IXF/mastDownload/HST/ofoz01010/ofoz01010_wav.fits with expected size 2139840. [astroquery.query]
INFO: Found cached file /mnt/c/Users/eluru/CALTECH_SURF_2026/WORK/data/SN2023IXF/mastDownload/HST/ofoz01010/ofoz01010_raw.fits with expected size 16819200. [astroquery.query]
INFO: Found cached file /mnt/c/Users/eluru/CALTECH_SURF_2026/WORK/data/SN2023IXF/mastDownload/HST/ofoz01010/ofoz01010_flt.fits with expected size 10535040. [astroquery.query]
INFO: Found cached file /mnt/c/Users/eluru/CALTECH_SURF_2026/WORK/data/SN2023IXF/mastDownload/HST/ofoz02010/ofoz02010_wav.fits with expected size 2139840. [astroquery.query]
INFO: Found cached file /mnt/c/Users/eluru/CALTECH_SURF_2026/WORK/data/SN2023IXF/mastDownload/HST/ofoz02010/ofoz02010_raw.fits with expected size 16819200. [astroquery.query]
INFO: Found cached file /mnt/c/Users/eluru/CALTECH_SURF_2026/WORK/data/SN2023IXF/mastDownload/HST/ofoz02010/ofoz02010_flt.fits with expected size 10535040. [astroquery.query]
INFO: Found cached file /mnt/c/Users/eluru/CALTECH_SURF_2026/WORK/data/SN2023IXF/mastDownload/HST/ofoz01020/ofoz01020_wav.fits with expected size 2139840. [astroquery.query]
INFO: Found cached file /mnt/c/Users/eluru/CALTECH_SURF_2026/WORK/data/SN2023IXF/mastDownload/HST/ofoz01020/ofoz01020_raw.fits with expected size 16819200. [astroquery.query]
INFO: Found cached file /mnt/c/Users/eluru/CALTECH_SURF_2026/WORK/data/SN2023IXF/mastDownload/HST/ofoz01020/ofoz01020_flt.fits with expected size 10535040. [astroquery.query]
INFO: Found cached file /mnt/c/Users/eluru/CALTECH_SURF_2026/WORK/data/SN2023IXF/mastDownload/HST/ofoz02020/ofoz02020_wav.fits with expected size 2139840. [astroquery.query]
INFO: Found cached file /mnt/c/Users/eluru/CALTECH_SURF_2026/WORK/data/SN2023IXF/mastDownload/HST/ofoz02020/ofoz02020_raw.fits with expected size 16819200. [astroquery.query]
SN2023IXF: downloaded 396 products (127 obs)
DOWNLOADDONE


$ /home/ishaang6/miniforge3/envs/surf_uv/bin/python /mnt/c/Users/eluru/CALTECH_SURF_2026/WORK/scripts/reduce_stis_batch.py /mnt/c/Users/eluru/CALTECH_SURF_2026/WORK/data/SN2023IXF SN2023IXF --outroot output5 --z 0.00087 --expl-mjd 60082.79 --skip-proposid 17205
Begin 18:16:03 PDT
         Input read into memory.
Order 1  Begin 18:16:04 PDT
X1DCORR  PERFORM
BACKCORR PERFORM
******** Calling Slfit ***********
BACKCORR COMPLETE
X1DCORR  COMPLETE
         Spectrum extracted at y position = 384.41

DISPCORR PERFORM
DISPTAB  oref$m7p16110o_dsp.fits
DISPTAB  PEDIGREE=INFLIGHT 04/07/1997 04/07/1997
DISPTAB  DESCRIP =Dispersion coefficients reference table
DISPTAB  DESCRIP =INFLIGHT Cal. Disp. Coeffs
APDESTAB oref$16j16005o_apd.fits
APDESTAB PEDIGREE=INFLIGHT 01/03/1997 13/06/2017
APDESTAB DESCRIP =Aligned long-slit bar positions for single-bar cases.--------------
APDESTAB DESCRIP =Microscope Meas./Hartig Post-launch Offsets
INANGTAB oref$h1v1541eo_iac.fits
INANGTAB DESCRIP =Prelaunch Calibration/Lindler and Models
DISPCORR COMPLETE

HELCORR  PERFORM
HELCORR  COMPLETE

PHOTTAB  oref$9511857bo_pht.fits
PHOTTAB  PEDIGREE=INFLIGHT 27/02/1997 24/09/2019
PHOTTAB  DESCRIP =Fullerton 2025 calibration
APERTAB  oref$y2r1559to_apt.fits
APERTAB  PEDIGREE=MODEL
APERTAB  DESCRIP =Added/updated values for 31X0.05NDA,31X0.05NDB,31X0.05NDC apertures
APERTAB  DESCRIP =Bohlin/Hartig TIM Models Nov. 1998
PCTAB    oref$y2r16004o_pct.fits
PCTAB    PEDIGREE=INFLIGHT 18/05/1997 19/12/1998
PCTAB    DESCRIP =Added/updated values for 31X0.05NDA,31X0.05NDB,31X0.05NDC apertures
TDSTAB   oref$93q1947bo_tds.fits
TDSTAB   PEDIGREE=INFLIGHT 01/04/1997 06/02/2025
TDSTAB   DESCRIP =Updated time and slope arrays for all optical elements.
FLUXCORR PERFORM
FLUXCORR COMPLETE
SGEOCORR OMIT

         Row 1 written to disk.
Order 1  End 18:16:04 PDT

         trace was rotated by = -0.0798989 degree.
Imset 1  End 18:16:04 PDT

Warning    Keyword `XTRACALG' is being added to header.
End      15-Aug-2026 18:16:04 PDT

*** CALSTIS-6 complete ***
49 STIS science exposures for SN2023IXF (3 dropped: texptime<5.0s)
X1D of4301010 G230LB es 11 flags none
X1D of4301020 G430L es 17 flags none
X1D of4301030 G750L es 15 flags ['extended_host', 'no_defringe(no_flat)']
X1D of4302010 G230LB es 11 flags none
X1D of4302020 G430L es 17 flags none
X1D of4302030 G750L es 15 flags ['extended_host', 'no_defringe(no_flat)']
X1D of4303010 G230LB es 11 flags none
X1D of4303020 G430L es 17 flags none
X1D of4303030 G750L es 15 flags ['extended_host', 'no_defringe(no_flat)']
RETRY-FINDER of4305010 a2center=892.6
X1D of4305010 G230LB es 11 flags none
X1D of4305020 G430L es 17 flags none
X1D of4305030 G750L es 15 flags ['extended_host', 'no_defringe(no_flat)']
X1D of8801010 G140L es 11 flags none
X1D of8801020 G140L es 11 flags none
X1D of8801030 G140L es 11 flags none
X1D of8801040 G140L es 11 flags none
X1D ofbp01010 G140L es 11 flags none
X1D ofbp01020 G140L es 11 flags none
X1D ofbp02010 G140L es 11 flags none
X1D ofbp02020 G140L es 11 flags none
X1D ofbp03010 G140L es 11 flags none
X1D ofbp03020 G140L es 11 flags none
X1D ofbp04010 G230L es 11 flags none
X1D ofbp04020 G230L es 11 flags none
X1D ofbp05010 G230L es 11 flags none
X1D ofbp05020 G230L es 11 flags none
X1D ofg003010 G230L es 11 flags none
X1D ofg003020 G230L es 11 flags none
X1D ofg003030 G230L es 11 flags none
X1D ofg003040 G230L es 11 flags none
X1D ofg003050 G230L es 11 flags none
X1D ofg004010 G140L es 11 flags none
X1D ofg004020 G140L es 11 flags none
X1D ofg005010 G230L es 11 flags none
X1D ofg005020 G230L es 11 flags none
X1D ofg005030 G140L es 11 flags none
X1D ofoz01010 G140L es 11 flags none
X1D ofoz01020 G140L es 11 flags none
X1D ofoz02010 G230L es 11 flags none
RETRY-FINDER ofrs01020 a2center=896.5
X1D ofrs01020 G750M es 15 flags none
RETRY-FINDER ofrs01030 a2center=896.7
X1D ofrs01030 G750M es 15 flags none
X1D ofrs02010 G230L es 11 flags none
X1D ofrs02020 G230L es 11 flags none
X1D ofrs02030 G140L es 11 flags none
RETRY-FINDER ofrs03020 a2center=896.2
X1D ofrs03020 G750M es 15 flags none
RETRY-FINDER ofrs03030 a2center=896.2
X1D ofrs03030 G750M es 15 flags none
X1D ofrs04010 G230L es 11 flags none
X1D ofrs04020 G230L es 11 flags none
X1D ofrs04030 G140L es 11 flags none
BATCHDONE

/home/ishaang6/miniforge3/envs/surf_uv/lib/python3.12/site-packages/stsci/tools/nmpfit.py:8: UserWarning: NMPFIT is deprecated - stsci.tools v 3.5 is the last version to contain it.
  warnings.warn("NMPFIT is deprecated - stsci.tools v 3.5 is the last version to contain it.")
/home/ishaang6/miniforge3/envs/surf_uv/lib/python3.12/site-packages/stsci/tools/gfit.py:18: UserWarning: GFIT is deprecated - stsci.tools v 3.4.12 is the last version to contain it.Use astropy.modeling instead.
  warnings.warn("GFIT is deprecated - stsci.tools v 3.4.12 is the last version to contain it."

$ /home/ishaang6/miniforge3/envs/surf_uv/bin/python /mnt/c/Users/eluru/CALTECH_SURF_2026/WORK/scripts/cos_products.py SN2023IXF --outroot output5 --z 0.00087 --expl-mjd 60082.79
COS SN2023IXF 2023-12-18_day214 NUV G230L (6 exp)
COSDONE


$ /home/ishaang6/miniforge3/envs/surf_uv/bin/python /mnt/c/Users/eluru/CALTECH_SURF_2026/WORK/scripts/build_products.py SN2023IXF --outroot output5 --z 0.00087 --early-skip-dir /mnt/c/Users/eluru/CALTECH_SURF_2026/WORK/data/earlytime_2023ixf --expl-mjd 60082.79
built products for SN2023IXF: 22 epochs



===== SN1998S  z=0.002729  STIS=True COS=False =====
$ /home/ishaang6/miniforge3/envs/surf_uv/bin/python /mnt/c/Users/eluru/CALTECH_SURF_2026/WORK/scripts/download_all.py SN1998S
le /mnt/c/Users/eluru/CALTECH_SURF_2026/WORK/data/SN1998S/mastDownload/HST/o4sz23010/o4sz23010_raw.fits with expected size 8429760. [astroquery.query]
INFO: Found cached file /mnt/c/Users/eluru/CALTECH_SURF_2026/WORK/data/SN1998S/mastDownload/HST/o4sz23010/o4sz23010_flt.fits with expected size 10535040. [astroquery.query]
INFO: Found cached file /mnt/c/Users/eluru/CALTECH_SURF_2026/WORK/data/SN1998S/mastDownload/HST/o4sz23020/o4sz23020_wav.fits with expected size 10630080. [astroquery.query]
INFO: Found cached file /mnt/c/Users/eluru/CALTECH_SURF_2026/WORK/data/SN1998S/mastDownload/HST/o4sz23020/o4sz23020_raw.fits with expected size 33667200. [astroquery.query]
INFO: Found cached file /mnt/c/Users/eluru/CALTECH_SURF_2026/WORK/data/SN1998S/mastDownload/HST/o4sz23020/o4sz23020_flt.fits with expected size 42079680. [astroquery.query]
INFO: Found cached file /mnt/c/Users/eluru/CALTECH_SURF_2026/WORK/data/SN1998S/mastDownload/HST/o5i244010/o5i244010_wav.fits with expected size 4262400. [astroquery.query]
INFO: Found cached file /mnt/c/Users/eluru/CALTECH_SURF_2026/WORK/data/SN1998S/mastDownload/HST/o5i244010/o5i244010_raw.fits with expected size 8429760. [astroquery.query]
INFO: Found cached file /mnt/c/Users/eluru/CALTECH_SURF_2026/WORK/data/SN1998S/mastDownload/HST/o5i244010/o5i244010_flt.fits with expected size 10535040. [astroquery.query]
INFO: Found cached file /mnt/c/Users/eluru/CALTECH_SURF_2026/WORK/data/SN1998S/mastDownload/HST/o5i244020/o5i244020_wav.fits with expected size 4262400. [astroquery.query]
INFO: Found cached file /mnt/c/Users/eluru/CALTECH_SURF_2026/WORK/data/SN1998S/mastDownload/HST/o5i244020/o5i244020_raw.fits with expected size 8429760. [astroquery.query]
INFO: Found cached file /mnt/c/Users/eluru/CALTECH_SURF_2026/WORK/data/SN1998S/mastDownload/HST/o5i244020/o5i244020_flt.fits with expected size 10535040. [astroquery.query]
INFO: Found cached file /mnt/c/Users/eluru/CALTECH_SURF_2026/WORK/data/SN1998S/mastDownload/HST/o5i244030/o5i244030_wav.fits with expected size 4262400. [astroquery.query]
INFO: Found cached file /mnt/c/Users/eluru/CALTECH_SURF_2026/WORK/data/SN1998S/mastDownload/HST/o5i244030/o5i244030_raw.fits with expected size 8429760. [astroquery.query]
INFO: Found cached file /mnt/c/Users/eluru/CALTECH_SURF_2026/WORK/data/SN1998S/mastDownload/HST/o5i244030/o5i244030_flt.fits with expected size 10535040. [astroquery.query]
INFO: Found cached file /mnt/c/Users/eluru/CALTECH_SURF_2026/WORK/data/SN1998S/mastDownload/HST/o5i244040/o5i244040_wav.fits with expected size 4262400. [astroquery.query]
INFO: Found cached file /mnt/c/Users/eluru/CALTECH_SURF_2026/WORK/data/SN1998S/mastDownload/HST/o5i244040/o5i244040_raw.fits with expected size 8429760. [astroquery.query]
INFO: Found cached file /mnt/c/Users/eluru/CALTECH_SURF_2026/WORK/data/SN1998S/mastDownload/HST/o5i244040/o5i244040_flt.fits with expected size 10535040. [astroquery.query]
INFO: Found cached file /mnt/c/Users/eluru/CALTECH_SURF_2026/WORK/data/SN1998S/mastDownload/HST/o5i245010/o5i245010_wav.fits with expected size 4262400. [astroquery.query]
INFO: Found cached file /mnt/c/Users/eluru/CALTECH_SURF_2026/WORK/data/SN1998S/mastDownload/HST/o5i245010/o5i245010_raw.fits with expected size 8429760. [astroquery.query]
INFO: Found cached file /mnt/c/Users/eluru/CALTECH_SURF_2026/WORK/data/SN1998S/mastDownload/HST/o5i245010/o5i245010_flt.fits with expected size 10535040. [astroquery.query]
INFO: Found cached file /mnt/c/Users/eluru/CALTECH_SURF_2026/WORK/data/SN1998S/mastDownload/HST/o5i245020/o5i245020_wav.fits with expected size 4262400. [astroquery.query]
INFO: Found cached file /mnt/c/Users/eluru/CALTECH_SURF_2026/WORK/data/SN1998S/mastDownload/HST/o5i245020/o5i245020_raw.fits with expected size 8429760. [astroquery.query]
INFO: Found cached file /mnt/c/Users/eluru/CALTECH_SURF_2026/WORK/data/SN1998S/mastDownload/HST/o5i245020/o5i245020_flt.fits with expected size 10535040. [astroquery.query]
SN1998S: downloaded 106 products (34 obs)
DOWNLOADDONE


$ /home/ishaang6/miniforge3/envs/surf_uv/bin/python /mnt/c/Users/eluru/CALTECH_SURF_2026/WORK/scripts/reduce_stis_batch.py /mnt/c/Users/eluru/CALTECH_SURF_2026/WORK/data/SN1998S SN1998S --outroot output5 --z 0.002729 --expl-mjd 50874.0
20_x1d.fits
Rootname o5i245020
OBSMODE  ACCUM
APERTURE 52X0.2
OPT_ELEM G230L
DETECTOR NUV-MAMA

XTRACTAB oref$l3m1437to_1dx.fits
XTRACTAB PEDIGREE=INFLIGHT 29/05/97
XTRACTAB DESCRIP =Analysis from prop. 7064 and ground data
XTRACTAB DESCRIP =Analysis from prop. 7064
SPTRCTAB oref$a5e1953fo_1dt.fits
SPTRCTAB PEDIGREE=INFLIGHT 27/02/1997 06/01/2010
SPTRCTAB DESCRIP =New traces for select echelle secondary modes

Imset 1  Begin 18:22:36 PDT
         Input read into memory.
Order 1  Begin 18:22:37 PDT
X1DCORR  PERFORM
BACKCORR PERFORM
******** Calling Slfit ***********
BACKCORR COMPLETE
X1DCORR  COMPLETE
         Spectrum extracted at y position = 555.883

DISPCORR PERFORM
DISPTAB  oref$m7p16111o_dsp.fits
DISPTAB  PEDIGREE=INFLIGHT 23/01/1999 23/01/1999
DISPTAB  DESCRIP =Dispersion coefficients reference table
DISPTAB  DESCRIP =INFLIGHT Cal. Disp. Coeffs
APDESTAB oref$16j16005o_apd.fits
APDESTAB PEDIGREE=INFLIGHT 01/03/1997 13/06/2017
APDESTAB DESCRIP =Aligned long-slit bar positions for single-bar cases.--------------
APDESTAB DESCRIP =Microscope Meas./Hartig Post-launch Offsets
INANGTAB oref$l3m1437ro_iac.fits
INANGTAB DESCRIP =Prelaunch Calibration/Lindler and Models
DISPCORR COMPLETE

HELCORR  PERFORM
HELCORR  COMPLETE

PHOTTAB  oref$9511857co_pht.fits
PHOTTAB  PEDIGREE=INFLIGHT 27/02/1997 16/03/2021
PHOTTAB  DESCRIP =Fullerton 2025 calibration
APERTAB  oref$y2r1559to_apt.fits
APERTAB  PEDIGREE=MODEL
APERTAB  DESCRIP =Added/updated values for 31X0.05NDA,31X0.05NDB,31X0.05NDC apertures
APERTAB  DESCRIP =Bohlin/Hartig TIM Models Nov. 1998
PCTAB    oref$y2r16006o_pct.fits
PCTAB    PEDIGREE=INFLIGHT 18/05/1997 19/12/1998
PCTAB    DESCRIP =Added/updated values for 31X0.05NDA,31X0.05NDB,31X0.05NDC apertures
TDSTAB   oref$q9s1550lo_tds.fits
TDSTAB   PEDIGREE=INFLIGHT 01/04/1996 08/04/2004
TDSTAB   DESCRIP =New sensitivities for  G230L, E230M, E230M, and E230H modes
FLUXCORR PERFORM
FLUXCORR COMPLETE
SGEOCORR OMIT

         Row 1 written to disk.
Order 1  End 18:22:37 PDT

         trace was rotated by = 0.00420727 degree.
Imset 1  End 18:22:37 PDT

Warning    Keyword `XTRACALG' is being added to header.
End      15-Aug-2026 18:22:37 PDT

*** CALSTIS-6 complete ***
34 STIS science exposures for SN1998S (0 dropped: texptime<5.0s)
X1D o48z50010 G430L es 17 flags none
X1D o48z50020 G140L es 11 flags ['low_detect', 'center_mismatch(648vs454)']
X1D o48z50030 G140L es 11 flags ['low_detect', 'center_mismatch(648vs459)']
X1D o48z50040 G230L es 11 flags none
X1D o48z55010 G430L es 17 flags none
X1D o48z55020 G140L es 11 flags ['low_detect', 'center_mismatch(644vs455)']
X1D o48z55030 G140L es 11 flags ['low_detect', 'center_mismatch(645vs450)']
X1D o48z55040 G140L es 11 flags ['low_detect', 'center_mismatch(645vs458)']
X1D o48z55050 G230L es 11 flags none
X1D o48z55060 G230L es 11 flags none
X1D o48z60010 G430L es 17 flags none
X1D o48z60020 G140L es 11 flags ['low_detect', 'center_mismatch(623vs396)']
X1D o48z60030 G140L es 11 flags ['low_detect', 'center_mismatch(623vs374)']
X1D o48z60040 G140L es 11 flags ['low_detect', 'center_mismatch(623vs410)']
X1D o48z60050 G230L es 11 flags none
X1D o48z60060 G230L es 11 flags none
X1D o48z65010 G430L es 17 flags none
X1D o48z65020 G140L es 11 flags ['low_detect', 'center_mismatch(644vs339)']
X1D o48z65030 G140L es 11 flags ['low_detect', 'center_mismatch(644vs331)']
X1D o48z65040 G140L es 11 flags ['low_detect', 'center_mismatch(644vs320)']
X1D o48z65050 G230L es 11 flags none
X1D o48z65060 G230L es 11 flags none
X1D o4sz21010 E230M es 11 flags ['echelle']
X1D o4sz21020 E230M es 11 flags ['echelle']
X1D o4sz22010 E230M es 11 flags ['echelle']
X1D o4sz22020 E230M es 11 flags ['echelle']
X1D o4sz23010 E230M es 11 flags ['echelle']
X1D o4sz23020 E230M es 11 flags ['echelle']
X1D o5i244010 G140L es 11 flags none
X1D o5i244020 G140L es 11 flags none
X1D o5i244030 G140L es 11 flags none
X1D o5i244040 G140L es 11 flags none
X1D o5i245010 G230L es 11 flags none
X1D o5i245020 G230L es 11 flags none
BATCHDONE

/home/ishaang6/miniforge3/envs/surf_uv/lib/python3.12/site-packages/stsci/tools/nmpfit.py:8: UserWarning: NMPFIT is deprecated - stsci.tools v 3.5 is the last version to contain it.
  warnings.warn("NMPFIT is deprecated - stsci.tools v 3.5 is the last version to contain it.")
/home/ishaang6/miniforge3/envs/surf_uv/lib/python3.12/site-packages/stsci/tools/gfit.py:18: UserWarning: GFIT is deprecated - stsci.tools v 3.4.12 is the last version to contain it.Use astropy.modeling instead.
  warnings.warn("GFIT is deprecated - stsci.tools v 3.4.12 is the last version to contain it."

$ /home/ishaang6/miniforge3/envs/surf_uv/bin/python /mnt/c/Users/eluru/CALTECH_SURF_2026/WORK/scripts/build_products.py SN1998S --outroot output5 --z 0.002729 --early-skip-dir  --expl-mjd 50874.0
built products for SN1998S: 9 epochs



===== LMC-SN1987A-STIS-2  z=0.0009  STIS=True COS=False =====
$ /home/ishaang6/miniforge3/envs/surf_uv/bin/python /mnt/c/Users/eluru/CALTECH_SURF_2026/WORK/scripts/download_all.py LMC-SN1987A-STIS-2
T/odad04040/odad04040_raw.fits with expected size 4501440. [astroquery.query]
INFO: Found cached file /mnt/c/Users/eluru/CALTECH_SURF_2026/WORK/data/LMC-SN1987A-STIS-2/mastDownload/HST/odad04040/odad04040_flt.fits with expected size 21052800. [astroquery.query]
INFO: Found cached file /mnt/c/Users/eluru/CALTECH_SURF_2026/WORK/data/LMC-SN1987A-STIS-2/mastDownload/HST/odad04050/odad04050_crj.fits with expected size 10537920. [astroquery.query]
INFO: Found cached file /mnt/c/Users/eluru/CALTECH_SURF_2026/WORK/data/LMC-SN1987A-STIS-2/mastDownload/HST/odad04050/odad04050_wav.fits with expected size 4501440. [astroquery.query]
INFO: Found cached file /mnt/c/Users/eluru/CALTECH_SURF_2026/WORK/data/LMC-SN1987A-STIS-2/mastDownload/HST/odad04050/odad04050_raw.fits with expected size 4501440. [astroquery.query]
INFO: Found cached file /mnt/c/Users/eluru/CALTECH_SURF_2026/WORK/data/LMC-SN1987A-STIS-2/mastDownload/HST/odad04050/odad04050_flt.fits with expected size 21052800. [astroquery.query]
INFO: Found cached file /mnt/c/Users/eluru/CALTECH_SURF_2026/WORK/data/LMC-SN1987A-STIS-2/mastDownload/HST/odad04060/odad04060_crj.fits with expected size 10537920. [astroquery.query]
INFO: Found cached file /mnt/c/Users/eluru/CALTECH_SURF_2026/WORK/data/LMC-SN1987A-STIS-2/mastDownload/HST/odad04060/odad04060_wav.fits with expected size 4501440. [astroquery.query]
INFO: Found cached file /mnt/c/Users/eluru/CALTECH_SURF_2026/WORK/data/LMC-SN1987A-STIS-2/mastDownload/HST/odad04060/odad04060_raw.fits with expected size 4501440. [astroquery.query]
INFO: Found cached file /mnt/c/Users/eluru/CALTECH_SURF_2026/WORK/data/LMC-SN1987A-STIS-2/mastDownload/HST/odad04060/odad04060_flt.fits with expected size 21052800. [astroquery.query]
INFO: Found cached file /mnt/c/Users/eluru/CALTECH_SURF_2026/WORK/data/LMC-SN1987A-STIS-2/mastDownload/HST/odad04080/odad04080_crj.fits with expected size 10537920. [astroquery.query]
INFO: Found cached file /mnt/c/Users/eluru/CALTECH_SURF_2026/WORK/data/LMC-SN1987A-STIS-2/mastDownload/HST/odad04080/odad04080_wav.fits with expected size 4501440. [astroquery.query]
INFO: Found cached file /mnt/c/Users/eluru/CALTECH_SURF_2026/WORK/data/LMC-SN1987A-STIS-2/mastDownload/HST/odad04080/odad04080_raw.fits with expected size 4501440. [astroquery.query]
INFO: Found cached file /mnt/c/Users/eluru/CALTECH_SURF_2026/WORK/data/LMC-SN1987A-STIS-2/mastDownload/HST/odad04080/odad04080_flt.fits with expected size 21052800. [astroquery.query]
INFO: Found cached file /mnt/c/Users/eluru/CALTECH_SURF_2026/WORK/data/LMC-SN1987A-STIS-2/mastDownload/HST/odad04090/odad04090_crj.fits with expected size 10537920. [astroquery.query]
INFO: Found cached file /mnt/c/Users/eluru/CALTECH_SURF_2026/WORK/data/LMC-SN1987A-STIS-2/mastDownload/HST/odad04090/odad04090_wav.fits with expected size 4501440. [astroquery.query]
INFO: Found cached file /mnt/c/Users/eluru/CALTECH_SURF_2026/WORK/data/LMC-SN1987A-STIS-2/mastDownload/HST/odad04090/odad04090_raw.fits with expected size 4501440. [astroquery.query]
INFO: Found cached file /mnt/c/Users/eluru/CALTECH_SURF_2026/WORK/data/LMC-SN1987A-STIS-2/mastDownload/HST/odad04090/odad04090_flt.fits with expected size 21052800. [astroquery.query]
INFO: Found cached file /mnt/c/Users/eluru/CALTECH_SURF_2026/WORK/data/LMC-SN1987A-STIS-2/mastDownload/HST/odad040a0/odad040a0_crj.fits with expected size 10537920. [astroquery.query]
INFO: Found cached file /mnt/c/Users/eluru/CALTECH_SURF_2026/WORK/data/LMC-SN1987A-STIS-2/mastDownload/HST/odad040a0/odad040a0_wav.fits with expected size 4501440. [astroquery.query]
INFO: Found cached file /mnt/c/Users/eluru/CALTECH_SURF_2026/WORK/data/LMC-SN1987A-STIS-2/mastDownload/HST/odad040a0/odad040a0_raw.fits with expected size 4501440. [astroquery.query]
INFO: Found cached file /mnt/c/Users/eluru/CALTECH_SURF_2026/WORK/data/LMC-SN1987A-STIS-2/mastDownload/HST/odad040a0/odad040a0_flt.fits with expected size 21052800. [astroquery.query]
LMC-SN1987A-STIS-2: downloaded 1458 products (456 obs)
DOWNLOADDONE


$ /home/ishaang6/miniforge3/envs/surf_uv/bin/python /mnt/c/Users/eluru/CALTECH_SURF_2026/WORK/scripts/reduce_stis_batch.py /mnt/c/Users/eluru/CALTECH_SURF_2026/WORK/data/LMC-SN1987A-STIS-2 LMC-SN1987A-STIS-2 --outroot output5 --z 0.0009 --expl-mjd 46850.0
long-slit bar positions for single-bar cases.--------------
APDESTAB DESCRIP =Offset relative to row 900
INANGTAB oref$h5s11397o_iac.fits
INANGTAB DESCRIP =Model/C. Bowers May 6, 1997
DISPCORR COMPLETE

HELCORR  PERFORM
HELCORR  COMPLETE

PHOTTAB  oref$95118575o_pht.fits
PHOTTAB  PEDIGREE=INFLIGHT 27/02/1997 16/03/2021
PHOTTAB  DESCRIP =Fullerton 2025 calibration
APERTAB  oref$y2r1559to_apt.fits
APERTAB  PEDIGREE=MODEL
APERTAB  DESCRIP =Added/updated values for 31X0.05NDA,31X0.05NDB,31X0.05NDC apertures
APERTAB  DESCRIP =Bohlin/Hartig TIM Models Nov. 1998
GACTAB   oref$p9r19203o_gac.fits
GACTAB   PEDIGREE=INFLIGHT 22/04/2002 03/08/2004
GACTAB   DESCRIP =X1D flux corr for grating/aper combos
GACTAB   DESCRIP =Grating-Aperture Throughput Correction
PCTAB    oref$q541740po_pct.fits
PCTAB    PEDIGREE=INFLIGHT 18/05/1997 19/12/1998
PCTAB    DESCRIP =Sensitivity for diff. extractions heights
TDSTAB   oref$8712049eo_tds.fits
TDSTAB   PEDIGREE=INFLIGHT 01/04/1997 06/03/2024
TDSTAB   DESCRIP =Updated time sensitivities for MIRVIS, G230LB, and G230MB
FLUXCORR PERFORM
CTECORR  PERFORM
CCDTAB   oref$16j1600do_ccd.fits
CCDTAB   PEDIGREE=INFLIGHT 01/05/2009 01/05/2009
CCDTAB   DESCRIP =Updated amp=D gain=4 atodgain and corresponding readnoise values---
CCDTAB   DESCRIP =Proposal 8057, by I. Dashevsky & P. Goudfrooij
Warning    No exact extraction box height match in PCTAB.
Warning    Using entry for height 21
         GACTAB correction applied for G750L 52X0.2E1 7751
CTECORR  COMPLETE
FLUXCORR COMPLETE
SGEOCORR OMIT

         Row 1 written to disk.
Order 1  End 18:49:44 PDT

         trace was rotated by = 0.0758073 degree.
Imset 1  End 18:49:44 PDT

Warning    Keyword `XTRACALG' is being added to header.
End      15-Aug-2026 18:49:44 PDT

*** CALSTIS-6 complete ***

X1D ocd606020 G140L es 11 flags none
X1D ocd606030 G140L es 11 flags none
X1D ocd606040 G140L es 11 flags ['low_detect', 'center_mismatch(316vs361)']
X1D ocd606050 G140L es 11 flags none
X1D odad01020 G140L es 11 flags none
X1D odad01030 G140L es 11 flags none
X1D odad01040 G140L es 11 flags none
X1D odad02020 G230L es 11 flags none
X1D odad02030 G230L es 11 flags none
X1D odad02040 G230L es 11 flags none
X1D odad03010 G430L es 17 flags ['finder_fail', 'extended_host', 'center_mismatch(825vs905)']
X1D odad03020 G430L es 17 flags ['extended_host', 'center_mismatch(825vs909)']
X1D odad03030 G430L es 17 flags ['extended_host', 'center_mismatch(825vs911)']
X1D odad03040 G430L es 17 flags ['finder_fail', 'extended_host', 'center_mismatch(825vs892)']
X1D odad03050 G430L es 17 flags ['finder_fail', 'extended_host', 'center_mismatch(825vs890)']
RETRY-FINDER odad03060 a2center=891.6
X1D odad03060 G430L es 17 flags ['extended_host']
X1D odad03080 G430L es 17 flags ['finder_fail', 'extended_host', 'center_mismatch(825vs899)']
X1D odad03090 G430L es 17 flags ['extended_host', 'center_mismatch(708vs904)']
X1D odad030a0 G430L es 17 flags ['finder_fail', 'extended_host', 'center_mismatch(825vs893)']
RETRY-FINDER odad04010 a2center=107.1
X1D odad04010 G750L es 25 flags ['finder_fail', 'extended_host', 'no_defringe(no_flat)']
RETRY-FINDER odad04020 a2center=931.2
X1D odad04020 G750L es 25 flags ['extended_host', 'no_defringe(no_flat)']
RETRY-FINDER odad04030 a2center=923.3
X1D odad04030 G750L es 25 flags ['extended_host', 'no_defringe(no_flat)']
RETRY-FINDER odad04040 a2center=882.5
X1D odad04040 G750L es 25 flags ['finder_fail', 'extended_host', 'no_defringe(no_flat)']
RETRY-FINDER odad04050 a2center=885.8
X1D odad04050 G750L es 25 flags ['extended_host', 'no_defringe(no_flat)']
X1D odad04060 G750L es 25 flags ['extended_host', 'no_defringe(no_flat)', 'center_mismatch(825vs890)']
X1D odad04080 G750L es 25 flags ['extended_host', 'no_defringe(no_flat)', 'center_mismatch(825vs909)']
X1D odad04090 G750L es 25 flags ['extended_host', 'no_defringe(no_flat)', 'center_mismatch(825vs910)']
X1D odad040a0 G750L es 25 flags ['extended_host', 'no_defringe(no_flat)', 'center_mismatch(825vs889)']
BATCHDONE

/home/ishaang6/miniforge3/envs/surf_uv/lib/python3.12/site-packages/stsci/tools/nmpfit.py:8: UserWarning: NMPFIT is deprecated - stsci.tools v 3.5 is the last version to contain it.
  warnings.warn("NMPFIT is deprecated - stsci.tools v 3.5 is the last version to contain it.")
/home/ishaang6/miniforge3/envs/surf_uv/lib/python3.12/site-packages/stsci/tools/gfit.py:18: UserWarning: GFIT is deprecated - stsci.tools v 3.4.12 is the last version to contain it.Use astropy.modeling instead.
  warnings.warn("GFIT is deprecated - stsci.tools v 3.4.12 is the last version to contain it."

$ /home/ishaang6/miniforge3/envs/surf_uv/bin/python /mnt/c/Users/eluru/CALTECH_SURF_2026/WORK/scripts/build_products.py LMC-SN1987A-STIS-2 --outroot output5 --z 0.0009 --early-skip-dir  --expl-mjd 46850.0
built products for LMC-SN1987A-STIS-2: 56 epochs


#### run done Sat Aug 15 18:51:00 2026 ####
