# obs_wvl flux error  |  merged epoch (native): STIS CCD,STIS MAMA
1.138000000000000000e+03 -2.412606795133493247e-14 3.346856830126472422e-18
1.138583609502595664e+03 -2.047877211841444803e-14 1.611662157151581534e-16
1.139167219005191328e+03 -8.596859914711465294e-15 5.668167462236958301e-16
1.139750828507786991e+03 -4.754976367934734216e-15 6.046023234736640748e-16
1.140334438010382655e+03 -3.359567346969973394e-15 8.243778284436266323e-16
1.140918047512978319e+03 -3.215341071577408737e-15 2.527571430256116224e-16
1.141501657015573983e+03 -1.723576207047397156e-15 3.969088165695032021e-16
1.142085266518169647e+03 -7.134087175896963685e-16 6.242087637560093116e-16
1.142668876020765310e+03 -6.863871217684319149e-16 4.655899279471065918e-16
1.143252485523360974e+03 -9.622590304714127831e-16 3.255405799662208820e-16
1.143836095025956638e+03 -1.176562575057092686e-15 1.408675350534855051e-19
1.144419704528552302e+03 -1.188397470186053441e-15 4.650990969838855529e-17
1.145003314031147966e+03 -1.611505939892307294e-16 2.895982344744624274e-16
1.145586923533743629e+03 -6.083077883728684998e-16 7.968664625831158053e-17
1.146170533036339293e+03 -4.235497773789014598e-16 1.424400575051793331e-16
1.146754142538934957e+03 -9.651861626141320623e-17 1.841291032409765406e-16
1.147337752041530621e+03 -7.749203272384511878e-17 1.668409576749899977e-16
1.147921361544126285e+03 -4.837949501719084841e-16 2.941667682350227836e-17
1.148504971046721948e+03 -4.415288417041718351e-16 5.019927774464006688e-20
1.149088580549317612e+03 -3.215966753586292790e-16 5.322494672424000530e-17
1.149672190051913276e+03 -6.447907348410708185e-17 1.230519297918320271e-16
1.150255799554508940e+03 -3.472773412540127680e-16 1.049426920336359067e-17
1.150839409057104604e+03 -1.866391917965929050e-16 6.085907119659899678e-17
1.151423018559700267e+03 1.320065308559479124e-16 1.209218283007191777e-16
1.152006628062295931e+03 -5.352710657399965180e-17 9.094045986783135532e-17
1.152590237564891595e+03 -1.627254090247688537e-16 5.989223079938479362e-17
1.153173847067487259e+03 -1.728390590318072819e-16 5.496454320867674930e-17
1.153757456570082923e+03 -2.229128207599433277e-16 3.198168755133066352e-17
1.154341066072678586e+03 -1.622436636137772118e-16 5.003066480880719054e-17
1.154924675575274250e+03 -6.309720769382077230e-17 6.489309736369596814e-17
1.155508285077869914e+03 -1.749373472812804790e-17 6.944178573636770874e-17
1.156091894580465578e+03 -1.357091811599390191e-16 4.464484509522540234e-17
1.156675504083061242e+03 -1.030688722250620439e-17 6.715405521929629469e-17
1.157259113585656905e+03 2.504663541663066896e-17 6.412830961247353709e-17
1.157842723088252569e+03 -8.948116858047201715e-17 4.654515855819477786e-17
1.158426332590848233e+03 -2.297788495096665990e-17 5.542875248834338273e-17
1.159009942093443897e+03 -7.719620696653066282e-17 4.377456947609598612e-17
1.159593551596039561e+03 -5.488353422492007169e-17 4.801911166645876016e-17
1.160177161098635224e+03 -1.898060860380675494e-16 1.348818107433329886e-17
1.160760770601230888e+03 -1.651497070092335183e-16 1.752125657109939789e-20
1.161344380103826552e+03 -9.812417225939786081e-17 2.430089848757081988e-17
1.161927989606422216e+03 -2.681634844092681343e-17 4.830826588247407420e-17
1.162511599109017880e+03 1.167300136501750462e-17 5.266158976840689852e-17
1.163095208611613543e+03 -1.302917630655712092e-16 1.347915275853333898e-17
1.163678818114209207e+03 -7.949982480101676830e-17 3.151462627640121326e-17
1.164262427616804871e+03 -8.124567805059764992e-17 3.334072987195889648e-17
1.164846037119400535e+03 -1.567309297872971562e-16 1.263016873004682214e-17
1.165429646621996199e+03 -7.412406869555511691e-17 3.596149919624121396e-17
1.166013256124591862e+03 -1.795698470019690782e-17 4.011015791532168582e-17
1.166596865627187526e+03 4.885844240689112061e-17 5.170018026052683508e-17
1.167180475129783190e+03 -5.637080077974182930e-17 3.206159273044361332e-17
1.167764084632378854e+03 -6.503406721248972165e-17 3.140558082185605030e-17
1.168347694134974518e+03 -5.523172548905872809e-17 2.402606493372876499e-17
1.168931303637570181e+03 -3.736793827513010239e-17 3.840501947593652291e-17
1.169514913140165845e+03 -3.612510162065936977e-17 3.445463793677820177e-17
1.170098522642761509e+03 2.920027274700527213e-17 4.284444564812571407e-17
1.170682132145357173e+03 -1.131100964377553151e-16 1.480103103506999670e-17
1.171265741647952837e+03 -4.124238116711122511e-17 3.322070194317343686e-17
1.171849351150548500e+03 -7.922874344139226391e-17 2.618027310985948612e-17
1.172432960653144164e+03 -2.020873018760348944e-17 3.567878456440776335e-17
1.173016570155739828e+03 -3.022509184498322261e-17 3.230344641119460284e-17
1.173600179658335492e+03 -5.592959095266744425e-17 2.714009585032160711e-17
1.174183789160931155e+03 -3.584066963283197928e-17 3.105836548816808656e-17
1.174767398663526819e+03 -9.507960152448556365e-19 3.550536927438206569e-17
1.175351008166122483e+03 1.227905016486724780e-17 3.616255273889117448e-17
1.175934617668718147e+03 -2.116793022907816610e-17 3.008408233243415868e-17
1.176518227171313811e+03 -3.941158333260703338e-17 2.724774637673772242e-17
1.177101836673909474e+03 -2.890154214336088885e-17 2.936306484292609713e-17
1.177685446176505138e+03 -1.041647579565294357e-17 3.062293677792847170e-17
1.178269055679100802e+03 2.545837825633073846e-17 3.584450949203856133e-17
1.178852665181696466e+03 1.056459740705109304e-17 3.311815505077599546e-17
1.179436274684292130e+03 -8.864535029077385959e-18 2.790060649006252346e-17
1.180019884186887793e+03 5.222295608859886035e-17 3.974175151916906467e-17
1.180603493689483457e+03 3.790862519638548368e-17 3.506910318223636101e-17
1.181187103192079121e+03 -4.396388459703046891e-18 3.078794836032232011e-17
1.181770712694674785e+03 -4.352366188603938699e-18 2.764485740234547092e-17
1.182354322197270449e+03 3.602253334905582202e-17 3.403525853493579496e-17
1.182937931699866112e+03 3.829760414438935286e-17 3.502898098665090099e-17
1.183521541202461776e+03 -9.928127609287827174e-17 9.587065270330992430e-18
1.184105150705057440e+03 -4.424251260093447799e-17 2.385962581745796725e-17
1.184688760207653104e+03 -1.097639821282211114e-17 2.871784313275248872e-17
1.185272369710248768e+03 3.534612369211935156e-17 3.187302710062746118e-17
1.185855979212844431e+03 -1.086824340609410109e-17 2.614342828751538309e-17
1.186439588715440095e+03 -3.746960198639289079e-17 2.291242920609306808e-17
1.187023198218035759e+03 -4.101412462191680047e-17 2.129300111266766610e-17
1.187606807720631423e+03 -7.956879217318631584e-17 5.567264143987807663e-18
1.188190417223227087e+03 -9.237572520461754191e-17 8.331525236210270263e-18
1.188774026725822750e+03 -2.686473004351283648e-17 2.265431358934033413e-17
1.189357636228418414e+03 -1.423741064821641279e-17 2.552883620562958365e-17
1.189941245731014078e+03 2.993739885640594704e-18 2.608459075220878447e-17
1.190524855233609742e+03 -3.291981460103692200e-17 1.948255779196683169e-17
1.191108464736205406e+03 -1.409620623046168664e-17 2.351730241593700668e-17
1.191692074238801069e+03 -2.552587597698714327e-17 2.124503058011818219e-17
1.192275683741396733e+03 -7.301330262273817714e-17 5.474739305550599195e-18
1.192859293243992397e+03 -1.740578818128882098e-17 2.011756498887953421e-17
1.193442902746588061e+03 -3.360379158252487185e-17 1.939579871258846252e-17
1.194026512249183725e+03 -2.145827940188681394e-17 2.120737804618266460e-17
1.194610121751779388e+03 5.300295750907712872e-17 3.004090180392594489e-17
1.195193731254375052e+03 2.987443335703853157e-17 2.722582718017392591e-17
1.195777340756970716e+03 -6.353189391082918777e-17 6.480163700131977588e-18
1.196360950259566380e+03 2.529345189288560417e-17 2.663611419240529375e-17
1.196944559762162044e+03 -1.444641921138277874e-17 2.017345702605094730e-17
1.197528169264757707e+03 5.767409626808967552e-17 2.983748547420921140e-17
1.198111778767353371e+03 7.035186320881045277e-17 3.060864705551968460e-17
1.198695388269949035e+03 -3.575301725045338126e-17 1.044292410389049209e-17
1.199278997772544699e+03 1.024064675139128357e-16 3.289636134310068392e-17
1.199862607275140363e+03 5.780914616112146018e-17 2.714072390743316914e-17
1.200446216777736026e+03 1.383197023196378518e-16 3.612872001658723388e-17
1.201029826280331690e+03 1.382686084260727883e-16 3.456916657441525941e-17
1.201613435782927354e+03 7.391957380929671830e-17 2.902866735310377639e-17
1.202197045285523018e+03 7.542428386993425196e-17 2.846328383876743463e-17
1.202780654788118682e+03 5.448467238375819919e-17 2.691607825350543116e-17
1.203364264290714345e+03 2.251918255139936589e-17 2.288479395223520556e-17
1.203947873793310009e+03 7.124587001008718911e-18 2.128817136460742819e-17
1.204531483295905673e+03 5.764035410775067247e-17 2.784966650257488743e-17
1.205115092798501337e+03 2.973268731021500646e-17 2.288366199684286259e-17
1.205698702301097001e+03 8.518757318406235167e-17 2.966467015553713605e-17
1.206282311803692664e+03 5.633044694854984207e-17 2.556803238907598335e-17
1.206865921306288328e+03 6.630323573866525134e-17 2.685632259464377810e-17
1.207449530808883992e+03 1.075534544396394096e-16 3.099744953675163454e-17
1.208033140311479656e+03 3.750766998412960883e-17 3.371369299504561600e-17
1.208616749814075320e+03 3.115838092167970821e-17 3.380252155956766630e-17
1.209200359316670983e+03 3.841425517398843512e-18 3.359820568378449354e-17
1.209783968819266647e+03 1.507574535558003777e-17 3.750743749725349200e-17
1.210367578321862311e+03 -5.779152133996521847e-17 3.355090573341681009e-17
1.210951187824457975e+03 -5.084474943894471282e-17 3.940859653821873406e-17
1.211534797327053639e+03 1.322063288736799083e-16 5.239811176675187745e-17
1.212118406829649302e+03 -1.283390955647712132e-18 6.471568108386490289e-17
1.212702016332244966e+03 9.575021801244249159e-17 9.342845486635555248e-17
1.213285625834840630e+03 6.122675345605034400e-16 1.710181625460662738e-16
1.213869235337436294e+03 3.870075515955272380e-16 2.065930722566163287e-16
1.214452844840031958e+03 7.294630983884876863e-16 2.115939048520173508e-16
1.215036454342627621e+03 2.278710617947375436e-16 2.144011414733395973e-16
1.215620063845223285e+03 -2.786191530677364786e-18 2.102635245187936352e-16
1.216203673347818949e+03 1.808771046384730060e-16 2.083842239598120281e-16
1.216787282850414613e+03 3.791353931456219333e-16 2.083829686227477911e-16
1.217370892353010277e+03 2.737148820128674189e-16 1.966174611624463660e-16
1.217954501855605940e+03 6.319585327629365210e-17 1.310831736068122277e-16
1.218538111358201604e+03 -1.685429447720293408e-16 7.354147802935562004e-17
1.219121720860797268e+03 -1.141747456802768128e-16 5.239384051664720410e-17
1.219705330363392932e+03 4.267017785143889590e-18 4.266981150819677073e-17
1.220288939865988596e+03 -6.218688632695833722e-18 3.499669959995796491e-17
1.220872549368584259e+03 -4.334825905118471202e-17 3.128835619386624729e-17
1.221456158871179923e+03 -4.230983041321247001e-17 2.454741924216700207e-17
1.222039768373775587e+03 -4.832161754222617136e-17 2.127408137198258504e-17
1.222623377876371251e+03 9.352325862090051889e-18 2.717374819901955473e-17
1.223206987378966915e+03 -2.046359754438292608e-17 2.427707571263728180e-17
1.223790596881562578e+03 7.028806413596606909e-17 2.425499875687959684e-17
1.224374206384158242e+03 4.614418412694676315e-17 2.033776652512166833e-17
1.224957815886753906e+03 2.893281925312407800e-17 1.871488021728979445e-17
1.225541425389349570e+03 7.083964294544677626e-18 1.613374835955337776e-17
1.226125034891945234e+03 3.938953089904592327e-17 2.039562113048545776e-17
1.226708644394540897e+03 7.719345896743749958e-17 2.390176456249394590e-17
1.227292253897136561e+03 3.614035023964580998e-17 1.797128956508375851e-17
1.227875863399732225e+03 2.689220646362498579e-17 1.836622824731248710e-17
1.228459472902327889e+03 1.315673272237083172e-17 1.686799346170712858e-17
1.229043082404923553e+03 2.599604168544738138e-17 1.847996635003749769e-17
1.229626691907519216e+03 6.236521884325099925e-18 1.498109149315892569e-17
1.230210301410114880e+03 -8.131641366842628537e-18 1.358892814500552614e-17
1.230793910912710544e+03 8.594442932684890504e-18 1.614835994034776256e-17
1.231377520415306208e+03 -1.623296601713365929e-17 1.304925007120337736e-17
1.231961129917901872e+03 -1.107275420883869062e-17 1.331585073821165468e-17
1.232544739420497535e+03 -1.369233252042768666e-17 1.336778819679791458e-17
1.233128348923093199e+03 -9.171394456303442127e-18 1.360947241702167834e-17
1.233711958425688863e+03 -4.541710633392162123e-17 2.486138943964871086e-18
1.234295567928284527e+03 -2.117574446074039683e-17 1.082863670025058839e-17
1.234879177430880191e+03 -1.712548582567566614e-17 1.243600486343685880e-17
1.235462786933475854e+03 -5.062956116437109765e-18 1.371527325877079675e-17
1.236046396436071518e+03 -4.047669781235386825e-18 1.388531669082382597e-17
1.236630005938667182e+03 -3.102555410724988954e-18 1.456555103559270125e-17
1.237213615441262846e+03 -1.501063425893186442e-18 1.343175855277748690e-17
1.237797224943858510e+03 -1.302516626605414733e-17 1.165993802817606138e-17
1.238380834446454173e+03 -1.858877084784788084e-17 1.085424007930798561e-17
1.238964443949049837e+03 -1.378068897714537469e-17 1.157157979060152408e-17
1.239548053451645501e+03 -6.814082985891552073e-18 1.256089075067587066e-17
1.240131662954241165e+03 -2.025530736377742715e-17 1.043178942259434867e-17
1.240715272456836828e+03 -6.506441094555677182e-18 1.285533739393109145e-17
1.241298881959432492e+03 1.588558595095986897e-17 1.515145830145379979e-17
1.241882491462028156e+03 -9.677365945140556007e-18 1.109268087280229227e-17
1.242466100964623820e+03 1.452857759051787776e-17 1.656315262910335555e-17
1.243049710467219484e+03 -4.243092291258394805e-17 2.006975400574113728e-18
1.243633319969815147e+03 -8.192819089443913685e-19 1.263098015299098194e-17
1.244216929472410811e+03 -1.718584405919048009e-17 1.523959370185425485e-17
1.244800538975006475e+03 -8.079582007260072632e-18 1.270248170113876679e-17
1.245384148477602139e+03 -7.297600984572379658e-18 1.178849298019187721e-17
1.245967757980197803e+03 -1.257349617419937950e-17 1.160776311821668952e-17
1.246551367482793466e+03 -2.024648183035147220e-17 9.475287138468151632e-18
1.247134976985389130e+03 -2.161640142558182125e-18 1.261605925084944497e-17
1.247718586487984794e+03 1.599896902098118315e-17 1.484615744847063997e-17
1.248302195990580458e+03 1.121372933476468570e-17 1.398614357232853268e-17
1.248885805493176122e+03 1.200084851952246345e-17 1.359676841262134335e-17
1.249469414995771785e+03 -6.116078449807693231e-18 1.099164477893560467e-17
1.250053024498367449e+03 9.562998231528101187e-18 1.352113189005014110e-17
1.250636634000963113e+03 -3.893101614118706634e-17 6.177827183189597851e-18
1.251220243503558777e+03 1.748452810901340173e-17 1.513946316214257502e-17
1.251803853006154441e+03 -1.050540998136511410e-17 9.916671243747993393e-18
1.252387462508750104e+03 -4.174754240947576362e-17 1.203736635326006507e-18
1.252971072011345768e+03 -1.147441040492604753e-17 1.075269410165198727e-17
1.253554681513941432e+03 -1.626882474436532747e-17 9.957620963977907673e-18
1.254138291016537096e+03 3.247685242547801993e-18 1.343219708923211067e-17
1.254721900519132760e+03 8.170050903062676747e-18 1.321783751066253063e-17
1.255305510021728423e+03 2.488430036559341281e-18 1.245900894438041273e-17
1.255889119524324087e+03 -3.651823616952946536e-18 1.184831028058393735e-17
1.256472729026919751e+03 -3.844852213703871168e-18 1.141791732555264589e-17
1.257056338529515415e+03 -1.413476068679931155e-17 9.826129427781815494e-18
1.257639948032111079e+03 -7.912711788135524804e-18 1.120923761192526139e-17
1.258223557534706742e+03 8.811332230919783069e-18 1.379248675006464760e-17
1.258807167037302406e+03 -4.462643135680589231e-18 1.111692509559493937e-17
1.259390776539898070e+03 -1.088124881599677433e-17 1.053506031983442628e-17
1.259974386042493734e+03 -3.800164234017985721e-17 2.185831021014004816e-18
1.260557995545089398e+03 -1.866468255223047805e-18 1.252397751436466555e-17
1.261141605047685061e+03 -1.986645442154166897e-17 8.705365135551211238e-18
1.261725214550280725e+03 -6.208247925593652851e-18 1.190863618686022754e-17
1.262308824052876389e+03 -2.488171771960318720e-17 8.828149031075536781e-18
1.262892433555472053e+03 -3.496336380039330699e-17 7.014596672806132514e-18
1.263476043058067717e+03 -1.177907039443753694e-17 1.061813733606900308e-17
1.264059652560663380e+03 -3.296104916483197738e-18 1.181262878273996093e-17
1.264643262063259044e+03 -1.552938407814170326e-17 9.677409845939782714e-18
1.265226871565854708e+03 -3.294365243299879610e-17 4.840128383136882967e-18
1.265810481068450372e+03 -3.293305418602150284e-17 6.829220445965914421e-18
1.266394090571046036e+03 -1.043809006037568992e-17 1.082306443471836912e-17
1.266977700073641699e+03 -6.872764844412873028e-18 1.042159903207209901e-17
1.267561309576237363e+03 -2.480091044623818076e-17 7.798844650057527664e-18
1.268144919078833027e+03 -1.336483324615132741e-17 1.011589924184314378e-17
1.268728528581428691e+03 -2.448921915843704424e-18 1.184152074764001938e-17
1.269312138084024355e+03 -2.069620053356371100e-17 8.259565998501076439e-18
1.269895747586620018e+03 -7.757582586104882238e-18 1.074649616815356996e-17
1.270479357089215682e+03 -1.732601167716051305e-17 8.522009345178450494e-18
1.271062966591811346e+03 -1.024444044816979727e-17 1.039421403722788131e-17
1.271646576094407010e+03 -2.403575401477140248e-17 7.704111619375949836e-18
1.272230185597002674e+03 -1.056750033768722413e-17 1.042008508958770373e-17
1.272813795099598337e+03 -1.224256008229407838e-17 9.639389600333532417e-18
1.273397404602194001e+03 -9.158633142313168943e-18 1.003694283477018210e-17
1.273981014104789665e+03 -1.066300417954256551e-17 9.580577094270790376e-18
1.274564623607385329e+03 -1.243505840329508279e-17 9.866589930035966196e-18
1.275148233109980993e+03 -1.416614326448379874e-17 9.739639163556443152e-18
1.275731842612576656e+03 -3.539705635944052186e-17 4.951851494910631901e-18
1.276315452115172320e+03 -2.348997500773295277e-17 9.071329812547329163e-18
1.276899061617767984e+03 -1.861465895743315801e-17 8.749826667886961357e-18
1.277482671120363648e+03 -1.743362705027899593e-17 8.914424105921874411e-18
1.278066280622959312e+03 -3.934121003031386576e-17 3.887186170249658994e-21
1.278649890125554975e+03 -3.779545251990562743e-17 8.953261961581280247e-19
1.279233499628150639e+03 1.312352743708585372e-17 1.320370364583242680e-17
1.279817109130746303e+03 7.193872758745263192e-18 1.145613767767027258e-17
1.280400718633341967e+03 -1.579942547555619108e-17 8.549240262049221629e-18
1.280984328135937631e+03 -5.561297016021121477e-18 1.051001113817906050e-17
1.281567937638533294e+03 -5.957504179159066519e-18 9.911096618113248813e-18
1.282151547141128958e+03 -2.856265878639623438e-18 1.056240257533251988e-17
1.282735156643724622e+03 -7.899918456613460706e-18 1.013625847271748593e-17
1.283318766146320286e+03 -3.804783847555751381e-17 5.641953096188103697e-19
1.283902375648915950e+03 -1.958200630414455436e-17 8.564621296235971858e-18
1.284485985151511613e+03 -2.128427796819569674e-17 7.569642801225960623e-18
1.285069594654107277e+03 -1.621350265578377430e-17 9.151745613931792957e-18
1.285653204156702941e+03 -1.700699118602621608e-17 8.923833228427385774e-18
1.286236813659298605e+03 -2.819543562624913347e-17 6.802542183248290789e-18
1.286820423161894269e+03 -1.826746649877569504e-17 8.867603280547331288e-18
1.287404032664489932e+03 -1.117430117507225528e-17 9.559795218674567816e-18
1.287987642167085596e+03 -1.752708614588912822e-18 1.096804591557377747e-17
1.288571251669681260e+03 1.040020582722511714e-17 1.270719282699878987e-17
1.289154861172276924e+03 1.502961913414874024e-18 1.079849591093467523e-17
1.289738470674872588e+03 -8.751304658627784583e-18 9.642885150082137812e-18
1.290322080177468251e+03 -9.728195709357339707e-18 1.032857457961589471e-17
1.290905689680063915e+03 -4.053569275469737011e-17 4.306743678420168343e-18
1.291489299182659579e+03 -2.103204320223552407e-17 8.615417443656721817e-18
1.292072908685255243e+03 2.718682791154789041e-18 9.584560519881454017e-18
1.292656518187850907e+03 2.121583203875670910e-17 1.230302538483509683e-17
1.293240127690446570e+03 -1.009284233977521265e-17 9.296826606732200879e-18
1.293823737193042234e+03 -1.293321665737343063e-17 9.392003529322794553e-18
1.294407346695637898e+03 -1.097110922952774586e-17 9.161645906504789185e-18
1.294990956198233562e+03 -2.834983082935503439e-17 5.192456573459612999e-18
1.295574565700829226e+03 -8.014328512716895142e-18 9.675866176541638606e-18
1.296158175203424889e+03 7.252114472405964431e-18 1.211618458718495747e-17
1.296741784706020553e+03 1.113708691165367922e-17 1.147669808110407558e-17
1.297325394208616217e+03 1.201345740175133243e-17 1.076648137633691904e-17
1.297909003711211881e+03 -5.656352576474306810e-17 1.056388671105109867e-17
1.298492613213807545e+03 -9.768275771873958027e-17 9.084749337045796671e-18
1.299076222716403208e+03 -3.415404671078314224e-17 1.614899605934800093e-17
1.299659832218998872e+03 -3.202060151226034265e-17 2.278879738999804343e-17
1.300243441721594536e+03 3.318733604174358857e-17 3.310593318827656912e-17
1.300827051224190200e+03 8.442877168883746443e-17 3.431727996545242108e-17
1.301410660726785864e+03 4.256917886802764370e-17 3.411968816706818424e-17
1.301994270229381527e+03 1.976234298526459039e-17 3.597854122735362026e-17
1.302577879731977191e+03 -3.039072906223761493e-17 4.012605354338623563e-17
1.303161489234572855e+03 -6.313850090026137741e-17 3.868638595688826926e-17
1.303745098737168519e+03 1.097659316349008401e-16 4.981023232945029114e-17
1.304328708239764183e+03 5.140348033039668059e-17 4.588590338978188660e-17
1.304912317742359846e+03 9.854667293133178955e-17 4.321194923795402756e-17
1.305495927244955510e+03 -1.000818509643204851e-16 3.080119495104895290e-17
1.306079536747551174e+03 -3.077837037750390911e-17 3.998044976060410120e-17
1.306663146250146838e+03 -3.876186992353876563e-17 3.551022693438392569e-17
1.307246755752742501e+03 -8.095759021502845553e-19 3.186446470129123498e-17
1.307830365255338165e+03 1.226475323739898554e-16 2.285372800842133569e-17
1.308413974757933829e+03 1.073796848970571293e-16 1.758171828569492536e-17
1.308997584260529493e+03 3.455411952224869617e-17 1.409466147312381915e-17
1.309581193763125157e+03 1.102581946009457519e-17 1.164384381327009224e-17
1.310164803265720820e+03 1.326969653767342277e-17 1.247053860943989875e-17
1.310748412768316484e+03 -5.151437590776125237e-18 9.843627487976555145e-18
1.311332022270912148e+03 -1.595023606516529511e-17 8.805714676427301550e-18
1.311915631773507812e+03 -3.962259101578957981e-18 1.025423633084403417e-17
1.312499241276103476e+03 -8.704834857657153973e-18 9.299738796769890454e-18
1.313082850778699139e+03 -8.641867765653484976e-19 1.120494147161595431e-17
1.313666460281294803e+03 1.159333512441672419e-17 1.481196567613048590e-17
1.314250069783890467e+03 2.292096337466671778e-17 1.382850663146405266e-17
1.314833679286486131e+03 2.147979823221725942e-18 1.072428117716631335e-17
1.315417288789081795e+03 -1.230348176070461456e-17 9.098705873189762972e-18
1.316000898291677458e+03 -3.724938178755660073e-17 4.137726932958564759e-21
1.316584507794273122e+03 -6.113305542683903936e-18 1.006708791287351530e-17
1.317168117296868786e+03 -1.730084119210102531e-17 8.117265726443154384e-18
1.317751726799464450e+03 1.310603923330032378e-17 1.488986376875993816e-17
1.318335336302060114e+03 -5.621904771996609521e-18 1.016074628574325635e-17
1.318918945804655777e+03 -9.860626196668227685e-18 9.619181742514019379e-18
1.319502555307251441e+03 1.146692290497043935e-17 1.253404721097559966e-17
1.320086164809847105e+03 7.858622865590660604e-18 1.112409902836254446e-17
1.320669774312442769e+03 -1.046247650630393338e-17 9.276024767770666950e-18
1.321253383815038433e+03 -1.334624360769693653e-17 8.463131111504148066e-18
1.321836993317634096e+03 1.854426753748942553e-17 1.216840561678559722e-17
1.322420602820229760e+03 -2.844538903712942524e-18 1.032877036092262971e-17
1.323004212322825424e+03 3.737628899411304191e-18 1.124887071984400649e-17
1.323587821825421088e+03 -1.771447891422690595e-17 7.932967496444968056e-18
1.324171431328016752e+03 -1.234652707550811922e-17 9.430093179160974241e-18
1.324755040830612415e+03 -3.145103200650669714e-17 5.108549966240592467e-18
1.325338650333208079e+03 -8.598751870826050895e-18 1.071067184634537488e-17
1.325922259835803743e+03 -3.509434644976796855e-17 4.890230267065211344e-18
1.326505869338399407e+03 -1.420417338683172487e-17 9.937768279979449310e-18
1.327089478840995071e+03 -2.264877006279498128e-17 6.405468780800019181e-18
1.327673088343590734e+03 -1.124966508928693312e-17 9.673806736861729119e-18
1.328256697846186398e+03 -1.208877835271838137e-17 9.041999051538004550e-18
1.328840307348782062e+03 9.812351923499860703e-19 1.146039913998720408e-17
1.329423916851377726e+03 -3.613754878152879611e-17 3.781338481343329852e-19
1.330007526353973390e+03 -4.395694933709828211e-17 3.590183393369311615e-18
1.330591135856569053e+03 -5.139780328382951535e-17 3.116075408344858439e-21
1.331174745359164717e+03 -1.892933850114264996e-17 8.487950990850656270e-18
1.331758354861760381e+03 1.457011334173299473e-17 1.267216924089854760e-17
1.332341964364356045e+03 -5.053809599608381058e-18 9.785951473682147235e-18
1.332925573866951709e+03 -2.169141682127714104e-17 8.139203952306480558e-18
1.333509183369547372e+03 -1.326463188557654467e-17 9.262294299387036531e-18
1.334092792872143036e+03 -2.380563241951836685e-17 7.260285388040840477e-18
1.334676402374738700e+03 -3.656910442247385706e-18 1.087011186362320501e-17
1.335260011877334364e+03 -3.600071827935143943e-17 4.655167371934837258e-19
1.335843621379930028e+03 2.478869875075019816e-18 1.098592570735018776e-17
1.336427230882525691e+03 -3.642325761415333228e-17 3.521469992930255059e-19
1.337010840385121355e+03 -1.525160739522542819e-17 7.667162302191170628e-18
1.337594449887717019e+03 -2.655062790750448395e-17 7.667480529119080574e-18
1.338178059390312683e+03 -1.227172936957654436e-17 9.047676672901057103e-18
1.338761668892908347e+03 -1.306313217106298278e-17 9.375766302311545752e-18
1.339345278395504010e+03 -2.313926426837472053e-17 7.316874952401302229e-18
1.339928887898099674e+03 -8.587800626499923236e-18 1.115060345569174335e-17
1.340512497400695338e+03 -2.553304036318979830e-17 6.711594471716679695e-18
1.341096106903291002e+03 -2.735410012150918038e-17 7.554880202240547884e-18
1.341679716405886666e+03 -2.368230943204124147e-17 7.354353096190720298e-18
1.342263325908482329e+03 -4.731847089863488973e-18 1.067927551981089992e-17
1.342846935411077993e+03 -7.200617868154124446e-18 1.014846430072962383e-17
1.343430544913673657e+03 -1.974880522587670301e-17 8.158341620892076795e-18
1.344014154416269321e+03 -2.565890262560299205e-17 7.095950613166934910e-18
1.344597763918864985e+03 -4.992426185754093597e-18 1.075177031463944856e-17
1.345181373421460648e+03 -6.122033237889832431e-18 9.871607989009876313e-18
1.345764982924056312e+03 -1.237088021056504075e-17 8.996029366533431542e-18
1.346348592426651976e+03 4.552225692722802316e-18 1.204161403669057863e-17
1.346932201929247640e+03 7.758810057600762475e-18 1.181551874003733362e-17
1.347515811431843304e+03 -3.479580762755639514e-17 9.890067833484837410e-19
1.348099420934438967e+03 -3.951202165652874525e-18 1.053742494794435923e-17
1.348683030437034631e+03 -1.412063331358897569e-17 8.849933778755914673e-18
1.349266639939630295e+03 -1.715466259812733313e-17 8.941590286960198775e-18
1.349850249442225959e+03 -3.490495065893272854e-17 8.702861170481483553e-19
1.350433858944821623e+03 -2.599789637064232870e-17 8.004403136518110085e-18
1.351017468447417286e+03 -1.037480120696964004e-17 1.010556077206310358e-17
1.351601077950012950e+03 -5.068770027324566685e-18 1.061274542968588691e-17
1.352184687452608614e+03 -5.335222795291896511e-18 1.015346273733980092e-17
1.352768296955204278e+03 -2.328161404964513714e-17 7.567650209941164266e-18
1.353351906457799942e+03 -2.210372801471882476e-17 7.616652901733101099e-18
1.353935515960395605e+03 2.003510773515893741e-17 1.417704441528540296e-17
1.354519125462991269e+03 8.050342633857415388e-18 1.128495352677665085e-17
1.355102734965586933e+03 2.342941907387000548e-17 1.408618213502529763e-17
1.355686344468182597e+03 2.228877418647360470e-17 1.337396272658480792e-17
1.356269953970778261e+03 6.733909571910555641e-18 1.143354696865232877e-17
1.356853563473373924e+03 -1.232294462925782214e-17 8.928329370049922284e-18
1.357437172975969588e+03 2.090140958081526175e-17 1.406244721493909752e-17
1.358020782478565252e+03 -3.109681669834767434e-17 1.625175750834710866e-18
1.358604391981160916e+03 -3.612393715162289751e-17 4.292636789195718262e-21
1.359188001483756580e+03 -1.332631213484939464e-17 8.764105539081249930e-18
1.359771610986352243e+03 -8.080685846764958205e-18 1.001164411871628934e-17
1.360355220488947907e+03 3.769965052015912787e-18 1.163153792234315663e-17
1.360938829991543571e+03 -6.980277830441182868e-18 9.980902648747201023e-18
1.361522439494139235e+03 -1.516590942028611505e-17 1.007603594067471741e-17
1.362106048996734899e+03 -5.067505870052636704e-18 1.097023586453423668e-17
1.362689658499330562e+03 -3.403805537701684074e-17 1.084754176851515160e-18
1.363273268001926226e+03 7.558837866668575919e-19 1.098358752912768724e-17
1.363856877504521890e+03 -2.393064159710724146e-17 7.779785711426596491e-18
1.364440487007117554e+03 -3.419528204186824528e-17 1.065585334825119608e-18
1.365024096509713218e+03 -1.680131005314934156e-17 8.658444491470529990e-18
1.365607706012308881e+03 -7.932586180213392134e-18 1.007193578093850397e-17
1.366191315514904545e+03 -1.341153733573457469e-17 8.823535327059485613e-18
1.366774925017500209e+03 5.576561037630560122e-18 1.219284890434277699e-17
1.367358534520095873e+03 -3.309646186340005943e-17 1.359734700678933391e-18
1.367942144022691537e+03 7.085773915662199671e-18 1.217373969149161996e-17
1.368525753525287200e+03 -2.852327305033540159e-17 6.083464696269514990e-18
1.369109363027882864e+03 -3.482950158530203749e-17 8.109069704808287847e-19
1.369692972530478528e+03 1.283566162402816868e-17 1.288406421879324499e-17
1.370276582033074192e+03 1.706599369445663599e-17 1.304099708036780405e-17
1.370860191535669856e+03 -3.143546623505454513e-18 1.055709450253200261e-17
1.371443801038265519e+03 -5.455603782580395824e-18 1.059604705357922147e-17
1.372027410540861183e+03 -2.687014763311860523e-17 9.001180162108832985e-18
1.372611020043456847e+03 -2.516132826481803643e-17 8.048411313511960849e-18
1.373194629546052511e+03 -2.463659751944074438e-17 6.167632104930331768e-18
1.373778239048648175e+03 -3.582395094066176778e-18 1.057146036734674443e-17
1.374361848551243838e+03 -2.735870518468919494e-17 5.895095613530261677e-18
1.374945458053839502e+03 -7.789909658378045898e-18 1.051467009382155013e-17
1.375529067556435166e+03 2.379535096577912358e-18 1.153605322856742872e-17
1.376112677059030830e+03 3.137624108187040399e-18 1.138816246170787180e-17
1.376696286561626493e+03 -5.601954324169906707e-18 1.002810431355190377e-17
1.377279896064222157e+03 -3.489974948168021747e-17 5.473003871169050620e-18
1.377863505566817821e+03 -3.462058853349171754e-18 1.087055504694734671e-17
1.378447115069413485e+03 -7.712537883063064584e-19 1.111661382982468291e-17
1.379030724572009149e+03 -1.107782625159941047e-17 9.415644662203351451e-18
1.379614334074604812e+03 1.797043524855477875e-17 1.426959130266082416e-17
1.380197943577200476e+03 1.577823657289877765e-17 1.227937847420785838e-17
1.380781553079796140e+03 -1.415943936003133445e-17 8.535338678207978735e-18
1.381365162582391804e+03 -1.852039153781151989e-17 8.531241272624079319e-18
1.381948772084987468e+03 -2.597203081414343285e-17 7.458199085840339884e-18
1.382532381587583131e+03 -3.313272419796120827e-17 1.406364261073374194e-18
1.383115991090178795e+03 -2.392701850890427834e-18 1.125140477961943328e-17
1.383699600592774459e+03 -2.074818689607651559e-17 8.094076164098471205e-18
1.384283210095370123e+03 -3.933715615074763702e-17 3.108591989675466494e-18
1.384866819597965787e+03 -1.628480745675793005e-17 9.934524542039755193e-18
1.385450429100561450e+03 9.181001492877939905e-19 1.120645641342122151e-17
1.386034038603157114e+03 6.681107690381534618e-18 1.177366329770232401e-17
1.386617648105752778e+03 -1.397302162774381995e-17 8.946008508743282545e-18
1.387201257608348442e+03 -1.547981105035225422e-17 9.202565896039854951e-18
1.387784867110944106e+03 -1.821758220546889342e-17 8.729414231035274156e-18
1.388368476613539769e+03 -1.604097385759366149e-17 9.210358262473643400e-18
1.388952086116135433e+03 1.588560064713069568e-17 1.386484150638631373e-17
1.389535695618731097e+03 6.074473592318350395e-19 1.123146009427193210e-17
1.390119305121326761e+03 -1.944276870503552209e-17 8.228637376404997795e-18
1.390702914623922425e+03 -9.983595343462544641e-18 1.032445121399513753e-17
1.391286524126518088e+03 -7.881513446477186157e-18 1.041937638779560505e-17
1.391870133629113752e+03 -1.019089029549526390e-17 9.934196864005404879e-18
1.392453743131709416e+03 -1.135081100011109586e-17 9.739262683891321769e-18
1.393037352634305080e+03 -1.664191518386976709e-18 1.136942979537065499e-17
1.393620962136900744e+03 8.019140640271989246e-18 1.251262389674880007e-17
1.394204571639496407e+03 5.174901020016052395e-18 1.186418061404260419e-17
1.394788181142092071e+03 -1.843748178869084633e-17 7.499164243153872419e-18
1.395371790644687735e+03 -2.793926849420444352e-17 2.678350539887810115e-18
1.395955400147283399e+03 -8.789736814548524010e-18 9.962626184545170369e-18
1.396539009649879063e+03 -3.370201494657974336e-17 1.119180122943785189e-18
1.397122619152474726e+03 -7.848487720686691894e-18 1.037040127886478691e-17
1.397706228655070390e+03 -3.554540296692495320e-17 4.083142843574966953e-18
1.398289838157666054e+03 -3.642439542272614702e-17 5.328608429573066793e-18
1.398873447660261718e+03 -2.301746018064957301e-17 8.227904111844870476e-18
1.399457057162857382e+03 1.017452780402542027e-17 1.317058330031278504e-17
1.400040666665453045e+03 -2.726362253934415346e-17 4.253409413989376940e-18
1.400624276168048709e+03 -7.939230955425926446e-18 9.459383927943156159e-18
1.401207885670644373e+03 1.165993893130365207e-17 1.314675032120179341e-17
1.401791495173240037e+03 -6.928552235226729950e-18 9.844159354113585544e-18
1.402375104675835701e+03 -2.309375431217711900e-17 7.414000886203959698e-18
1.402958714178431364e+03 -3.712886403942378321e-18 1.162441462514627238e-17
1.403542323681027028e+03 -7.613408636793897795e-18 1.059766235409129248e-17
1.404125933183622692e+03 -2.661423001391512628e-17 4.925601981843013486e-18
1.404709542686218356e+03 -3.436582853443539792e-17 3.277634644380905972e-19
1.405293152188814020e+03 -1.099097501485004710e-17 9.865685021761334563e-18
1.405876761691409683e+03 -7.712345772899028725e-18 1.011657626017428442e-17
1.406460371194005347e+03 -1.591368597623269272e-17 8.788578010986027807e-18
1.407043980696601011e+03 -3.220962798859733629e-17 1.808531587444482231e-18
1.407627590199196675e+03 -3.420791172652284275e-17 4.977661716159833294e-21
1.408211199701792339e+03 -1.208321943144300869e-17 9.017422823189280973e-18
1.408794809204388002e+03 7.652673900822938765e-19 1.186233113846343983e-17
1.409378418706983666e+03 -7.589792892377107046e-18 9.584397135238650796e-18
1.409962028209579330e+03 -3.777284504027884433e-17 2.793350888263729695e-18
1.410545637712174994e+03 -4.002086261165174254e-17 3.762771419934811032e-18
1.411129247214770658e+03 -3.372038311981145733e-18 1.187240819134741469e-17
1.411712856717366321e+03 -4.367511759212682451e-17 2.677681697482494335e-18
1.412296466219961985e+03 1.005154219710125779e-17 1.285385783209478307e-17
1.412880075722557649e+03 -6.337872090335592124e-20 1.140241630481152754e-17
1.413463685225153313e+03 -2.382197967884629972e-17 6.894671027112868408e-18
1.414047294727748977e+03 -4.674141433929709267e-17 4.025314041811596900e-21
1.414630904230344640e+03 -1.339134480715789205e-17 9.844303024497721960e-18
1.415214513732940304e+03 -7.676536758862437146e-18 1.071168056347585073e-17
1.415798123235535968e+03 -2.787083179608877230e-17 2.575240461630279201e-18
1.416381732738131632e+03 -1.567910077885298285e-17 9.004973120320803426e-18
1.416965342240727296e+03 3.753566617983452915e-18 1.281900072063401045e-17
1.417548951743322959e+03 -1.697086827828911449e-17 7.138516368905832737e-18
1.418132561245918623e+03 8.861444205065444432e-18 1.336694509627019874e-17
1.418716170748514287e+03 -2.906953504937005308e-17 2.310200006841473856e-18
1.419299780251109951e+03 -4.017469126112923822e-17 4.277967460731368689e-21
1.419883389753705615e+03 -2.514935826704536167e-17 3.300310490283017783e-18
1.420466999256301278e+03 -3.328620167062557803e-17 5.177515520932637208e-21
1.421050608758896942e+03 -1.818496260319700303e-17 8.137199742005928421e-18
1.421634218261492606e+03 -2.767583426193520293e-17 6.703092625871944872e-18
1.422217827764088270e+03 -1.050448720941010535e-17 1.193288334958849387e-17
1.422801437266683934e+03 7.412857453368391948e-18 1.305940308370359945e-17
1.423385046769279597e+03 -7.325880524168450134e-18 1.026321347511488949e-17
1.423968656271875261e+03 7.394522977990273608e-18 1.285293779464914673e-17
1.424552265774470925e+03 -6.851395891062631570e-18 9.973770245831880384e-18
1.425135875277066589e+03 -8.641199705308809147e-18 1.076042804765291672e-17
1.425719484779662253e+03 -5.204304352375644976e-18 1.075088984027356301e-17
1.426303094282257916e+03 -6.809775217262714541e-18 1.101750346068045071e-17
1.426886703784853580e+03 -9.738956163604125188e-18 9.029923255627194257e-18
1.427470313287449244e+03 -2.837833333881950000e-17 2.546325987325786393e-18
1.428053922790044908e+03 -7.988347941425395831e-18 9.398301872774711160e-18
1.428637532292640572e+03 -1.821083995836772468e-17 9.506904579873799806e-18
1.429221141795236235e+03 -2.710144140954454657e-17 2.945094996644480343e-18
1.429804751297831899e+03 6.847949215020292578e-18 1.356971066396474202e-17
1.430388360800427563e+03 1.020062071012318961e-18 1.129673161024047516e-17
1.430971970303023227e+03 -2.166582144834027902e-18 1.143422156280750741e-17
1.431555579805618891e+03 -1.314348124664563528e-17 9.157662680084245096e-18
1.432139189308214554e+03 -6.960663912439011904e-18 1.088941951014402759e-17
1.432722798810810218e+03 -4.758549367406226281e-18 1.081418266561439587e-17
1.433306408313405882e+03 3.157972619059210538e-17 1.717655617931247936e-17
1.433890017816001546e+03 1.200450084341175958e-17 1.282875669030875786e-17
1.434473627318597210e+03 -9.050356193655350408e-18 1.013504034111725212e-17
1.435057236821192873e+03 -7.786209941735584757e-18 1.106268940171014853e-17
1.435640846323788537e+03 -1.069920767658926179e-17 9.500381023415534025e-18
1.436224455826384201e+03 -2.958003923011863544e-17 1.966201851057701394e-18
1.436808065328979865e+03 -1.390229994573012641e-17 9.691895505523944469e-18
1.437391674831575529e+03 -1.002462042349307988e-17 1.015892767701815188e-17
1.437975284334171192e+03 -6.767902375276905021e-18 1.065232652846622767e-17
1.438558893836766856e+03 5.746148613141517912e-18 1.273832529325081969e-17
1.439142503339362520e+03 1.640103135410218167e-17 1.377535915611378731e-17
1.439726112841958184e+03 -1.729720958887321277e-17 7.499739552120732016e-18
1.440309722344553848e+03 -1.812468698920395368e-17 8.023969542516439725e-18
1.440893331847149511e+03 -3.100788905883947752e-17 1.005958488951206574e-18
1.441476941349745175e+03 -1.571507852306134031e-17 9.387815130820562397e-18
1.442060550852340839e+03 5.249425381118372541e-18 1.292665071265059130e-17
1.442644160354936503e+03 3.433637495243792897e-18 1.161034127314958630e-17
1.443227769857532166e+03 -2.635771805279245460e-17 2.775530779498723233e-18
1.443811379360127830e+03 -6.378782928920926241e-18 9.563435149023250754e-18
1.444394988862723494e+03 -2.316791243579285665e-17 3.747027338301040232e-18
1.444978598365319158e+03 -3.116193580948512551e-17 5.683502024626839166e-21
1.445562207867914822e+03 -3.106768420820899068e-17 5.630740682626041338e-21
1.446145817370510485e+03 -3.113364684059555392e-17 5.960281380783441547e-21
1.446729426873106149e+03 -7.909205379712893612e-18 1.004192360116982468e-17
1.447313036375701813e+03 -2.897343640039920647e-17 1.746520088720152449e-18
1.447896645878297477e+03 -3.082392044500958611e-17 5.619850725141932451e-21
1.448480255380893141e+03 2.252224074478027916e-18 1.225034774663289014e-17
1.449063864883488804e+03 3.800961320957540689e-17 1.718151069264207570e-17
1.449647474386084468e+03 -1.974855616119689685e-19 1.047718886104558661e-17
1.450231083888680132e+03 -2.466089521011658303e-17 5.917380866797698265e-18
1.450814693391275796e+03 1.115486064900244737e-17 1.401090346854416576e-17
1.451398302893871460e+03 -4.225671876385566615e-18 9.711642960747050766e-18
1.451981912396467123e+03 -1.035090779372593887e-17 1.028781934088292877e-17
1.452565521899062787e+03 -1.494363938544292854e-17 8.788383178251229692e-18
1.453149131401658451e+03 -1.254650476827525615e-17 9.757254563551341286e-18
1.453732740904254115e+03 -2.733635673198980742e-17 2.338284845546275710e-18
1.454316350406849779e+03 9.488863139488511469e-17 2.825152646586343525e-17
1.454899959909445442e+03 4.549808660006426124e-17 1.656351350039203466e-17
1.455483569412041106e+03 -8.622684549788848392e-18 1.083371383123136495e-17
1.456067178914636770e+03 -2.789935456629456727e-18 1.092509980573556081e-17
1.456650788417232434e+03 -2.728484848190277590e-17 2.097805543165951941e-18
1.457234397919828098e+03 -2.980461678429234746e-17 5.647953997246439470e-21
1.457818007422423761e+03 -3.273218679998238309e-17 4.453809866287037980e-18
1.458401616925019425e+03 -5.434556854159262102e-18 1.153478550845746540e-17
1.458985226427615089e+03 -2.672446611986965271e-17 2.271889690116525811e-18
1.459568835930210753e+03 -9.892513743115730448e-18 1.032975521951175649e-17
1.460152445432806417e+03 5.786166289701979595e-18 1.292417069157987431e-17
1.460736054935402080e+03 -3.119142834171942146e-18 1.084679873476251237e-17
1.461319664437997744e+03 -2.736233506850358809e-17 2.850749625463305191e-18
1.461903273940593408e+03 7.398767021356691270e-18 1.351859956315648689e-17
1.462486883443189072e+03 4.821899894534737080e-18 1.209567707369122571e-17
1.463070492945784736e+03 1.038655093466398904e-17 1.373268837141616198e-17
1.463654102448380399e+03 -1.184976266229080070e-18 1.131819750036096324e-17
1.464237711950976063e+03 -1.993639866649527826e-18 1.170250973072040914e-17
1.464821321453571727e+03 -2.327777277723206865e-17 6.868142992960390434e-18
1.465404930956167391e+03 4.611685841560617295e-18 1.264409192693274748e-17
1.465988540458763055e+03 1.197002536584989604e-17 1.420353440679996910e-17
1.466572149961358718e+03 -2.323231313595041315e-18 1.060890636694215140e-17
1.467155759463954382e+03 -2.628113444596189750e-17 2.131403861400648046e-18
1.467739368966550046e+03 2.060002503125323915e-17 1.538636562029200422e-17
1.468322978469145710e+03 -4.048534290821030712e-18 1.016383121857392505e-17
1.468906587971741374e+03 5.729642397650626189e-18 1.342239190491370129e-17
1.469490197474337037e+03 -1.290540106758403738e-17 8.519508793252684112e-18
1.470073806976932701e+03 -2.448761451466379529e-17 2.719916912740829521e-18
1.470657416479528365e+03 1.074150806358821650e-17 1.368977428465607705e-17
1.471241025982124029e+03 -2.445563534836469909e-17 2.530216132810429635e-18
1.471824635484719693e+03 -1.307219230533406116e-17 8.746613774695127283e-18
1.472408244987315356e+03 -2.036605062786150765e-17 3.913047189311730653e-18
1.472991854489911020e+03 1.357113446318561826e-18 1.228823883377145505e-17
1.473575463992506684e+03 -7.927723171067287736e-18 1.051911144391032516e-17
1.474159073495102348e+03 3.029418158823740634e-18 1.211662981668139661e-17
1.474742682997698012e+03 -1.728228357841177602e-17 4.534176735762587057e-18
1.475326292500293675e+03 3.934190539223991766e-18 1.321126046100576419e-17
1.475909902002889339e+03 1.131870620991282991e-17 1.368818759949648686e-17
1.476493511505485003e+03 1.405055175888882444e-17 1.387071306514882309e-17
1.477077121008080667e+03 1.594505046528453063e-17 1.398466440320585366e-17
1.477660730510676331e+03 1.059977627057262426e-17 1.290707789104199984e-17
1.478244340013271994e+03 1.209244386844191545e-17 1.334300579837173244e-17
1.478827949515867658e+03 -1.463634479058672851e-18 1.131081488134193111e-17
1.479411559018463322e+03 -2.222572402376961875e-17 5.335420633308938138e-18
1.479995168521058986e+03 -1.918754950775845035e-17 6.897783980520206719e-18
1.480578778023654650e+03 1.960746711871187409e-17 1.653578374785530993e-17
1.481162387526250313e+03 2.334645247243945931e-17 1.472239017557166855e-17
1.481745997028845977e+03 -9.951915456380453480e-18 8.201512675478253332e-18
1.482329606531441641e+03 -3.079756475757517705e-17 5.817660669674436700e-21
1.482913216034037305e+03 -1.470956696501718338e-17 8.689016910842908068e-18
1.483496825536632969e+03 4.998437649228931172e-18 1.433355929951637146e-17
1.484080435039228632e+03 3.099943208852657000e-18 1.250707017694182564e-17
1.484664044541824296e+03 -2.369214226992438646e-17 5.022660623440757503e-18
1.485247654044419960e+03 -1.874998104808807758e-17 7.978438641968916212e-18
1.485831263547015624e+03 -2.942314832688412350e-17 2.589587161654737430e-18
1.486414873049611288e+03 -2.988568001453408900e-17 5.707764289171509821e-21
1.486998482552206951e+03 -2.280360176004324361e-18 1.187798435388471500e-17
1.487582092054802615e+03 -7.498240097020387664e-18 9.951408862277445616e-18
1.488165701557398279e+03 -2.003859546415792190e-17 3.909993293013447260e-18
1.488749311059993943e+03 -2.564851096435008410e-17 6.978158522516804660e-21
1.489332920562589607e+03 -1.889245421092073652e-17 6.000151812923514674e-18
1.489916530065185270e+03 -1.987671064341403763e-17 3.769221730114519596e-18
1.490500139567780934e+03 -3.101625576414979960e-17 3.480417681161682236e-18
1.491083749070376598e+03 -1.774781877492340099e-17 3.928235927215917841e-18
1.491667358572972262e+03 2.431974820382220425e-17 1.656283295523856262e-17
1.492250968075567926e+03 -2.235301553792096178e-18 9.675282775353795355e-18
1.492834577578163589e+03 5.441673905323576253e-18 1.293733047351000558e-17
1.493418187080759253e+03 9.047565902264912409e-18 1.348462863980369900e-17
1.494001796583354917e+03 5.448155958503811661e-18 1.236157538583971771e-17
1.494585406085950581e+03 -2.131991425919176226e-17 2.865642259507923024e-18
1.495169015588546245e+03 -2.494442553211272807e-17 7.409989895153789108e-21
1.495752625091141908e+03 -1.187019648436432503e-17 9.955418776413076763e-18
1.496336234593737572e+03 5.656945147704287412e-18 1.326362873037895879e-17
1.496919844096333236e+03 -8.934792560415609828e-19 1.105685557402853875e-17
1.497503453598928900e+03 -2.104800442910427786e-17 2.792391861419723102e-18
1.498087063101524564e+03 -2.458173278459476289e-17 7.428814068003662473e-21
1.498670672604120227e+03 -2.452884639003917585e-17 7.516988211947503134e-21
1.499254282106715891e+03 -8.869220641818289458e-18 8.893766418963978272e-18
1.499837891609311555e+03 -5.786820790942528071e-19 1.240786944837169181e-17
1.500421501111907219e+03 -1.972581307676370498e-17 6.264409999471960942e-18
1.501005110614502883e+03 -5.421753597220930772e-18 1.168265436229708607e-17
1.501588720117098546e+03 2.433753295135058069e-17 1.591600823327344799e-17
1.502172329619694210e+03 -1.611147881010263146e-17 3.915096371520928608e-18
1.502755939122289874e+03 -2.381991404249002665e-17 7.366242661022935506e-21
1.503339548624885538e+03 1.132456758293069159e-17 1.461273113995869218e-17
1.503923158127481202e+03 -1.835822388399144852e-17 3.490320027459263658e-18
1.504506767630076865e+03 -1.708093821341538757e-17 5.881662105628143306e-18
1.505090377132672529e+03 -2.641343407560625989e-17 6.226393813921324810e-21
1.505673986635268193e+03 -1.373549271680467369e-17 4.712985309488380035e-18
1.506257596137863857e+03 -4.289062531558604571e-19 1.075040063758024151e-17
1.506841205640459521e+03 -2.221048560344101702e-17 5.530570383365302985e-18
1.507424815143055184e+03 -5.358141284950518906e-18 1.141826690584547841e-17
1.508008424645650848e+03 1.131402093810353187e-17 1.380437348166128749e-17
1.508592034148246512e+03 -1.791071215183248837e-17 3.421028381127775939e-18
1.509175643650842176e+03 -2.289504384714008700e-17 7.975302369118949063e-21
1.509759253153437840e+03 4.859585521654422209e-18 1.272371923578876765e-17
1.510342862656033503e+03 -1.355865206027368212e-17 4.571932753546950618e-18
1.510926472158629167e+03 -2.261361727150640906e-17 8.024444064206884601e-21
1.511510081661224831e+03 -2.173704147198252771e-17 5.647796844474450927e-18
1.512093691163820495e+03 -1.945780220939542240e-18 1.194522141813816562e-17
1.512677300666416158e+03 6.893651209106033142e-18 1.356966654092271845e-17
1.513260910169011822e+03 -1.617994909588142739e-18 1.020565711403425551e-17
1.513844519671607486e+03 -2.049307324446600704e-17 2.075268652567032212e-18
1.514428129174203150e+03 -6.016262883452636442e-18 9.714619578673134688e-18
1.515011738676798814e+03 -3.907081058277680837e-18 9.847248530311141817e-18
1.515595348179394477e+03 -6.097775744743072635e-19 1.259072310548110141e-17
1.516178957681990141e+03 1.094849382991812503e-17 1.407779254933001668e-17
1.516762567184585805e+03 -2.524263777719893763e-17 2.554877301083346308e-18
1.517346176687181469e+03 5.345550919470285587e-17 2.332712501328331583e-17
1.517929786189777133e+03 -1.578280080362181366e-17 3.908807477064069238e-18
1.518513395692372796e+03 -2.777396091283198168e-17 1.343639203239260676e-18
1.519097005194968460e+03 -3.821237456573873079e-18 9.493180434416997045e-18
1.519680614697564124e+03 4.657921627464023326e-18 1.343132773085791907e-17
1.520264224200159788e+03 -1.749728518830732857e-17 3.147239897370305777e-18
1.520847833702755452e+03 1.573088361961469515e-18 1.226437020068136096e-17
1.521431443205351115e+03 -1.609638567327475563e-17 3.575732051026542386e-18
1.522015052707946779e+03 -1.380880966651887435e-17 6.392022814450387035e-18
1.522598662210542443e+03 -1.581329095286927585e-17 3.758693645644089403e-18
1.523182271713138107e+03 -2.249818528663589922e-18 9.734665401484566657e-18
1.523765881215733771e+03 1.954706639997383242e-19 1.200407674571833506e-17
1.524349490718329434e+03 9.007030386609388908e-18 1.395058416068596403e-17
1.524933100220925098e+03 -4.945442162207206547e-18 8.545010742977775284e-18
1.525516709723520762e+03 2.768947937247132903e-17 1.876925596437492198e-17
1.526100319226116426e+03 2.026701932931044716e-17 1.508903036085389894e-17
1.526683928728712090e+03 -9.152439441850183697e-18 8.458903807334233226e-18
1.527267538231307753e+03 -3.400186602912914087e-17 1.229691550325772800e-18
1.527851147733903417e+03 8.506894891157824008e-18 1.569345398418376548e-17
1.528434757236499081e+03 1.120760901648344873e-18 1.181487089355699250e-17
1.529018366739094745e+03 -1.410271251450118527e-17 3.806977854239363111e-18
1.529601976241690409e+03 7.303481713782174547e-18 1.377413909026802601e-17
1.530185585744286072e+03 6.010168647895435056e-18 1.255053581610045353e-17
1.530769195246881736e+03 1.526029846652231045e-18 1.228957916392723506e-17
1.531352804749477400e+03 -1.645006629034721998e-17 3.296537939026626515e-18
1.531936414252073064e+03 -2.703547458723048097e-17 7.680450435957845247e-21
1.532520023754668728e+03 -1.410756036656961861e-17 3.836063763044234463e-18
1.533103633257264391e+03 6.686049769311021904e-18 1.382180733891359406e-17
1.533687242759860055e+03 -9.888760307989387647e-18 5.080836564407482156e-18
1.534270852262455719e+03 8.353025191569586360e-18 1.276326923090079203e-17
1.534854461765051383e+03 4.668340025663251239e-18 1.279567297840662264e-17
1.535438071267647047e+03 1.652823310437613586e-17 1.548136276538340163e-17
1.536021680770242710e+03 -1.148239227810136956e-17 6.231647141481041055e-18
1.536605290272838374e+03 -2.037039300291008573e-17 7.942305275733925933e-21
1.537188899775434038e+03 -7.185403317419920867e-18 8.976161388344246494e-18
1.537772509278029702e+03 5.477107085153131629e-18 1.372266598123937141e-17
1.538356118780625366e+03 -1.280428803132532932e-17 3.952416621731781267e-18
1.538939728283221029e+03 3.202936528598398380e-18 1.330797130607882229e-17
1.539523337785816693e+03 -1.199329872659369363e-17 4.600503669913016274e-18
1.540106947288412357e+03 -2.524324010643648483e-17 8.078336877495235991e-21
1.540690556791008021e+03 1.405209448966870446e-17 1.546538993815821965e-17
1.541274166293603685e+03 -5.772684567304576252e-18 8.618696851988099252e-18
1.541857775796199348e+03 -1.569857928135256362e-17 2.679072452359574244e-18
1.542441385298795012e+03 -1.794788497136841925e-17 9.785181913348502261e-21
1.543024994801390676e+03 3.828768204603361871e-18 1.091706880891183629e-17
1.543608604303986340e+03 3.500983228323397191e-17 1.898478902248693468e-17
1.544192213806582004e+03 1.837229802701623333e-18 7.437676540473745982e-18
1.544775823309177667e+03 -1.763343388500369606e-17 1.013501352588828902e-20
1.545359432811773331e+03 -2.502326968281414449e-19 9.130246857992937145e-18
1.545943042314368995e+03 -1.135343394190753603e-17 4.333938682836437672e-18
1.546526651816964659e+03 1.950558672879241322e-17 1.703196742792776916e-17
1.547110261319560323e+03 2.159080977613014868e-17 1.611106897120731212e-17
1.547693870822155986e+03 -3.284232970327324353e-18 6.546132018309376820e-18
1.548277480324751650e+03 -1.710529389895091245e-17 1.048312805474074626e-20
1.548861089827347314e+03 -1.888428437642791243e-17 4.332766337559695986e-18
1.549444699329942978e+03 -2.332639760044783751e-17 8.656353237025719536e-21
1.550028308832538642e+03 -1.322971581922365319e-17 3.482962808014128236e-18
1.550611918335134305e+03 -1.656667910692327567e-17 1.023229035371726796e-20
1.551195527837729969e+03 -1.221040401669948174e-17 5.204204781197327970e-18
1.551779137340325633e+03 -8.130819739431571029e-18 8.909133869000403956e-18
1.552362746842921297e+03 -1.406877382599261220e-17 3.889342135454459482e-18
1.552946356345516961e+03 5.523471664713932030e-18 1.378295812953814075e-17
1.553529965848112624e+03 -1.096499594329297904e-17 7.100714496872249076e-18
1.554113575350708288e+03 -1.150446942972884466e-17 3.976482998777738033e-18
1.554697184853303952e+03 2.043283350410658129e-17 1.677268720518580786e-17
1.555280794355899616e+03 -4.746385371115440559e-18 7.637361217319608079e-18
1.555864403858495280e+03 -4.275278433071830150e-18 6.086639480804395302e-18
1.556448013361090943e+03 -1.560479511681612801e-17 1.104662830106369984e-20
1.557031622863686607e+03 9.296011737472575010e-18 1.209889091787940351e-17
1.557615232366282271e+03 -2.161270329949058262e-17 9.510519229519953420e-21
1.558198841868877935e+03 -2.142363404229392013e-17 9.501161043865692797e-21
1.558782451371473599e+03 4.223137964641695827e-17 2.260164671608129823e-17
1.559366060874069262e+03 2.835309909301638532e-17 1.727147895353617470e-17
1.559949670376664926e+03 2.269376291731888735e-17 1.695439642955640584e-17
1.560533279879260590e+03 -8.812947411863252953e-18 4.085743254401625668e-18
1.561116889381856254e+03 -2.469339966748689306e-17 1.967347071066322000e-18
1.561700498884451918e+03 8.901339892593528884e-19 9.977066849421894321e-18
1.562284108387047581e+03 -2.069364973043979073e-17 1.003815198059844743e-20
1.562867717889643245e+03 -1.442017606119880510e-17 1.143094553411502848e-20
1.563451327392238909e+03 -1.443199128223474243e-17 1.181129746675368144e-20
1.564034936894834573e+03 3.308001629781173450e-17 1.960414481918768168e-17
1.564618546397430237e+03 -7.611216637920909694e-18 4.319612211522788100e-18
1.565202155900025900e+03 -1.407981860886107217e-17 1.181717686661546449e-20
1.565785765402621564e+03 2.021046375164337216e-17 1.785056813878269342e-17
1.566369374905217228e+03 7.484197645880123968e-17 2.748600197205115015e-17
1.566952984407812892e+03 4.168560293969513325e-17 1.927386704038669805e-17
1.567536593910408556e+03 3.625591940730278573e-17 2.003022585682823796e-17
1.568120203413004219e+03 1.871768520374785721e-17 1.584269218399124639e-17
1.568703812915599883e+03 2.552811363804616649e-17 1.865134385620987197e-17
1.569287422418195547e+03 -1.916450800083681418e-18 6.393770254136513975e-18
1.569871031920791211e+03 -1.571968980598805462e-18 8.114577160134967757e-18
1.570454641423386875e+03 2.089068314364352499e-17 1.753390457416198513e-17
1.571038250925982538e+03 -4.764116681135730004e-18 6.460413246350451349e-18
1.571621860428578202e+03 -5.992927557240186741e-18 5.056400017024736449e-18
1.572205469931173866e+03 6.713477691335928360e-18 1.001339943071038434e-17
1.572789079433769530e+03 -3.799429751960161326e-19 6.890523851886008146e-18
1.573372688936365194e+03 -8.024117444984667188e-19 8.345375412761413931e-18
1.573956298438960857e+03 -7.579143878393329616e-19 6.805816296431751786e-18
1.574539907941556521e+03 2.139540753923944017e-17 1.853922251799777192e-17
1.575123517444152185e+03 -3.983188587769201214e-18 5.695154389206996701e-18
1.575707126946747849e+03 2.550479321298375347e-17 1.844824951590125405e-17
1.576290736449343513e+03 -4.283156193895546665e-18 4.952713715192847294e-18
1.576874345951939176e+03 -1.235738300991549242e-17 1.389857020651742114e-20
1.577457955454534840e+03 4.149542869749760257e-17 2.195986342768530711e-17
1.578041564957130504e+03 -3.391804882016056918e-18 5.103376547854910268e-18
1.578625174459726168e+03 -1.168888416290210459e-17 1.300886496678888365e-20
1.579208783962321831e+03 -1.159456732711853453e-17 1.315525933966865792e-20
1.579792393464917495e+03 5.757766293298699584e-17 2.519230505993421596e-17
1.580376002967513159e+03 2.974987280978242444e-17 1.822601721920440136e-17
1.580959612470108823e+03 -6.845227726160131480e-18 3.739149912820407411e-18
1.581543221972704487e+03 -1.141536040297848584e-17 9.054164738828539630e-21
1.582126831475300150e+03 -1.111217040444428462e-17 1.352278971145225068e-20
1.582710440977895814e+03 -1.108224303007976249e-17 1.384849398289892417e-20
1.583294050480491478e+03 -1.105546793732960757e-17 1.410389004704609523e-20
1.583877659983087142e+03 4.896829771357371367e-17 2.344181539168575124e-17
1.584461269485682806e+03 7.742205574978451001e-19 7.558861233700634489e-18
1.585044878988278469e+03 3.912273339426344511e-18 8.013382361508926983e-18
1.585628488490874133e+03 -1.059505300239015435e-17 1.423240316319423956e-20
1.586212097993469797e+03 -1.071548424152784813e-17 1.489793511010164833e-20
1.586795707496065461e+03 -1.020942924048270030e-17 1.379545134629103810e-20
1.587379316998661125e+03 -1.049059319226072126e-17 1.503334676515043418e-20
1.587962926501256788e+03 -1.002552947495333940e-17 1.397184974315267665e-20
1.588546536003852452e+03 -1.019484717147578045e-17 1.488111977524208319e-20
1.589130145506448116e+03 -9.852066813894872740e-18 1.421392335243718813e-20
1.589713755009043780e+03 4.758476952283137402e-17 2.361260536751908461e-17
1.590297364511639444e+03 -6.440327130179157721e-20 5.805895110765861933e-18
1.590880974014235107e+03 5.020466246106637369e-17 2.651601145521861232e-17
1.591464583516830771e+03 1.417960733480771916e-17 1.203208506814336779e-17
1.592048193019426435e+03 -3.856052040890797779e-18 4.954040068374036425e-18
1.592631802522022099e+03 -9.263291925798980492e-18 1.462911495181865732e-20
1.593215412024617763e+03 -9.448754259280299641e-18 1.001560022368432769e-20
1.593799021527213426e+03 -1.248951599439362829e-17 9.917157231100414700e-21
1.594382631029809090e+03 -9.369561544610041944e-18 1.314124284531704127e-20
1.594966240532404754e+03 -9.125645297418486077e-18 1.301338721205748892e-20
1.595549850035000418e+03 -9.193643637362632739e-18 1.349371513508505424e-20
1.596133459537596082e+03 -1.085591724916881544e-17 7.888589767822905864e-21
1.596717069040191745e+03 -1.232650841902318574e-17 1.084430494292079285e-20
1.597300678542787409e+03 3.966250587393396297e-17 2.384927691227811455e-17
1.597884288045383073e+03 5.335764757748337814e-18 9.588453692658312575e-18
1.598467897547978737e+03 -8.780305201031268577e-18 1.369812578589043006e-20
1.599051507050574401e+03 -8.100313747661884629e-18 1.524299394447363870e-20
1.599635116553170064e+03 8.062254132459680668e-18 9.167207513877746037e-18
1.600218726055765728e+03 3.605808498544141212e-17 2.438050684146735574e-17
1.600802335558361392e+03 -9.824735641992180166e-19 5.332116036914340275e-18
1.601385945060957056e+03 9.395972312919840072e-18 1.351862290657322255e-17
1.601969554563552720e+03 7.219281241846182966e-19 6.515163092571907562e-18
1.602553164066148383e+03 -7.605502962763172368e-18 1.578635912026063832e-20
1.603136773568744047e+03 -8.189707007632844097e-18 1.116554270544347082e-20
1.603720383071339711e+03 -7.569641671428433281e-18 1.631562515784637747e-20
1.604303992573935375e+03 1.679574145859162304e-17 1.316246392677898900e-17
1.604887602076531039e+03 -8.072063006543766008e-18 1.451887112921467140e-20
1.605471211579126702e+03 -7.416855713666441652e-18 1.690294278894567813e-20
1.606054821081722366e+03 3.847304508432713508e-17 2.322415313587996575e-17
1.606638430584318030e+03 1.114814063548370608e-17 9.461024308896558627e-18
1.607222040086913694e+03 -7.187060774593804500e-18 1.728242559155534625e-20
1.607805649589509358e+03 -7.827052325096092602e-18 1.492371411424699636e-20
1.608389259092105021e+03 -2.775539988533595998e-18 4.460256527832644113e-18
1.608972868594700685e+03 -7.020016645303974094e-18 1.773430123254204969e-20
1.609556478097296349e+03 -7.144953117623254673e-18 1.108205204167168887e-20
1.610140087599892013e+03 -1.031146575774485489e-17 1.077914924460594938e-20
1.610723697102487677e+03 4.259682120189781706e-17 2.628689281164069596e-17
1.611307306605083340e+03 2.148789386763245436e-18 5.797688837944306887e-18
1.611890916107679004e+03 -6.469010733496190701e-18 1.771342462323486036e-20
1.612474525610274668e+03 9.087925721625928777e-17 3.711023584142641880e-17
1.613058135112870332e+03 5.851655268411583005e-18 6.325152098836702126e-18
1.613641744615465996e+03 -6.268114159642470767e-18 1.800303246850695020e-20
1.614225354118061659e+03 -6.427503926187425495e-18 1.874828249448194588e-20
1.614808963620657323e+03 -6.182927685968689937e-18 1.828729959178902810e-20
1.615392573123252987e+03 -6.449741489199192481e-18 1.936021778344376035e-20
1.615976182625848651e+03 -9.631381160832965466e-18 1.150641711915821827e-20
1.616559792128444315e+03 -2.002899575661433102e-17 3.001314389344081325e-18
1.617143401631039978e+03 2.169660223993399602e-17 1.439214128532075798e-17
1.617727011133635642e+03 -7.425576867522810718e-18 1.632702355253248489e-20
1.618310620636231306e+03 -1.277905013393366557e-17 1.658130481335593798e-20
1.618894230138826970e+03 -5.619611686028837685e-18 1.858771149993927280e-20
1.619477839641422634e+03 -5.687247647964332710e-18 1.905777768642611217e-20
1.620061449144018297e+03 -5.695771780598203980e-18 1.931410550635954069e-20
1.620645058646613961e+03 1.207790898746525725e-17 1.270640227606478524e-17
1.621228668149209625e+03 6.036107035891453491e-18 1.027068221814361974e-17
1.621812277651805289e+03 4.501026830024357304e-18 7.441904964168287085e-18
1.622395887154400953e+03 -5.376192335382368040e-18 1.936185853802891197e-20
1.622979496656996616e+03 -5.598852337989758882e-18 2.015803593908979146e-20
1.623563106159592280e+03 -5.305539152046139631e-18 1.947394116655435509e-20
1.624146715662187944e+03 -5.029958642863176439e-18 1.899687210931299227e-20
1.624730325164783608e+03 -5.429446189326454372e-18 2.038341022140305567e-20
1.625313934667379272e+03 -4.951170496499796473e-18 1.910177272919146379e-20
1.625897544169974935e+03 1.238445945954876390e-17 1.201166805374047973e-17
1.626481153672570599e+03 3.396929492558380270e-18 7.234709812738140117e-18
1.627064763175166263e+03 -4.898156001104779445e-18 1.960966073877780013e-20
1.627648372677761927e+03 -6.704725032476390011e-18 1.328221813830907929e-20
1.628231982180357591e+03 -5.050394132929302881e-18 2.031705455099294790e-20
1.628815591682953254e+03 -1.275721329478758587e-17 1.701446831688261708e-20
1.629399201185548918e+03 4.866056096176154872e-18 7.211052646260758501e-18
1.629982810688144582e+03 -4.646693108485500261e-18 1.963732085288182571e-20
1.630566420190740246e+03 -4.544724430718826942e-18 1.957502781559496567e-20
1.631150029693335910e+03 2.252473687618576864e-20 9.306004796248038313e-18
1.631733639195931573e+03 5.144342183898036993e-18 6.848310934249295594e-18
1.632317248698527237e+03 -6.491533932660324080e-18 1.288850656328804497e-20
1.632900858201122901e+03 -9.760096124700762041e-18 1.396981703020905520e-20
1.633484467703718565e+03 -9.701208965587319548e-18 1.378288083300326673e-20
1.634068077206314229e+03 5.340552982536375911e-17 3.146894279218770275e-17
1.634651686708909892e+03 4.802788035674947664e-17 2.726323923583039836e-17
1.635235296211505556e+03 2.689023339196557553e-18 5.805916975594622135e-18
1.635818905714101220e+03 -4.108122925301918929e-18 1.920000840688434691e-20
1.636402515216696884e+03 -4.787212106260198481e-18 2.134431267812844265e-20
1.636986124719292548e+03 -4.511588763010325108e-18 2.045690885087783871e-20
1.637569734221888211e+03 3.075433198470248281e-17 2.466647259950278770e-17
1.638153343724483875e+03 -2.145923608741897701e-18 3.932066098017502530e-18
1.638736953227079539e+03 -1.402810799119069094e-17 1.783712735164213842e-20
1.639320562729675203e+03 5.616314423433098685e-18 1.069860643196508887e-17
1.639904172232270867e+03 -9.509768765148597157e-18 1.780788429865553723e-20
1.640487781734866530e+03 -2.055928672277426350e-18 9.167161671164151428e-18
1.641071391237462194e+03 -1.488779631467256050e-17 1.916292056231015769e-20
1.641655000740057858e+03 4.184977011531709513e-17 2.957740505460163322e-17
1.642238610242653522e+03 3.134940879598697437e-18 6.260777900598010647e-18
1.642822219745249186e+03 -4.812242899083496805e-18 2.163199420787166643e-20
1.643405829247844849e+03 -4.583776037496988184e-18 2.093404808047397571e-20
1.643989438750440513e+03 4.571269956987355620e-17 2.934058855941097553e-17
1.644573048253036177e+03 6.323879434135500917e-17 3.276590202218813783e-17
1.645156657755631841e+03 1.241069337354258767e-18 5.055719072782727585e-18
1.645740267258227504e+03 -4.755320562817472710e-18 2.125545891533485263e-20
1.646323876760823168e+03 -4.933920750442122519e-18 2.174377469598454711e-20
1.646907486263418832e+03 -4.775423126496686098e-18 2.119682373558524743e-20
1.647491095766014496e+03 -5.282874128521830552e-18 2.255747744117269957e-20
1.648074705268610160e+03 -4.704695862876634984e-18 2.077378283549506502e-20
1.648658314771205823e+03 -1.706352908932868129e-17 1.988897089826934547e-20
1.649241924273801487e+03 -1.700604984408165491e-17 1.910709330025960158e-20
1.649825533776397151e+03 -5.458307465226500415e-18 2.265272418087898399e-20
1.650409143278992815e+03 4.889310914322245294e-17 3.080725122753632028e-17
1.650992752781588479e+03 -2.107368602065135438e-18 5.152151619862015788e-18
1.651576362284184142e+03 -1.265942380715725526e-17 1.514407594726299637e-20
1.652159971786779806e+03 -1.813949629114968916e-17 1.952547563726854869e-20
1.652743581289375470e+03 -1.856721812665555471e-17 2.027173642494425218e-20
1.653327190791971134e+03 -1.304608047822670691e-17 1.470408282746503845e-20
1.653910800294566798e+03 -5.865247843105976628e-18 2.258824425040971586e-20
1.654494409797162461e+03 -5.854098564136588962e-18 2.236706589394674835e-20
1.655078019299758125e+03 -1.359896405389910052e-17 1.528361394460501776e-20
1.655661628802353789e+03 -1.104526423805269716e-17 1.444138706953100402e-20
1.656245238304949453e+03 -1.572491008685349008e-17 2.068948436570696761e-20
1.656828847807545117e+03 -1.563623836443658047e-17 1.951581244781136365e-20
1.657412457310140780e+03 -1.201018645597198335e-17 1.526375023940842004e-20
1.657996066812736444e+03 -6.744337795264237916e-18 2.343279803762483115e-20
1.658579676315332108e+03 -6.816072244512183907e-18 2.338077379929596166e-20
1.659163285817927772e+03 -6.609753803498978033e-18 2.256913334240347007e-20
1.659746895320523436e+03 -4.752538170044412218e-18 9.157923474589258453e-18
1.660330504823119099e+03 -1.761446878052202759e-17 2.035987087366208999e-20
1.660914114325714763e+03 -2.027006446129369622e-17 1.483550312994727899e-20
1.661497723828310427e+03 -1.351474499902710705e-17 1.536855018670421022e-20
1.662081333330906091e+03 -1.866644252424943590e-17 2.055346607048979753e-20
1.662664942833501755e+03 -1.916508106397677487e-17 2.097406594171542311e-20
1.663248552336097418e+03 -1.227820245291894867e-17 8.759231276778687046e-18
1.663832161838693082e+03 4.398880705777604263e-18 7.804990944308226840e-18
1.664415771341288746e+03 -2.005355800411841305e-17 2.046479740204227619e-20
1.664999380843884410e+03 -2.284647294750177688e-17 1.521237500234917140e-20
1.665582990346480074e+03 -1.553787349092259701e-17 1.606083577643676627e-20
1.666166599849075737e+03 3.457284063779423330e-17 3.166687057763244759e-17
1.666750209351671401e+03 -5.231305458212717873e-18 5.861443260281236062e-18
1.667333818854267065e+03 -8.736701414076005957e-18 2.338739067493084648e-20
1.667917428356862729e+03 -9.024927324093838920e-18 2.382099228986747984e-20
1.668501037859458393e+03 -9.396495731518019163e-18 2.439267209112681417e-20
1.669084647362054056e+03 -9.988671531699063438e-18 2.554217003322662739e-20
1.669668256864649720e+03 -1.984425997617888386e-17 1.611417191234620565e-20
1.670251866367245384e+03 -2.888479941191622431e-17 2.218808820016202366e-20
1.670835475869841048e+03 -2.910029712856297807e-17 2.157429904541272788e-20
1.671419085372436712e+03 -3.111667117444399489e-18 6.663452859039938450e-18
1.672002694875032375e+03 -1.032578784323057427e-17 2.372333539260003435e-20
1.672586304377628039e+03 -1.142668748943967946e-17 2.650487633793514397e-20
1.673169913880223703e+03 -2.219252797624228420e-17 1.697183076353035782e-20
1.673753523382819367e+03 -2.263861959662562590e-17 1.625724530144918450e-20
1.674337132885415031e+03 -2.279879472180920028e-17 1.658050898525674169e-20
1.674920742388010694e+03 -1.649688076819122201e-17 9.372861980627556494e-18
1.675504351890606358e+03 -2.842913878759573171e-17 2.116137863234972118e-20
1.676087961393202022e+03 -2.201432646479809148e-17 1.722821337803774879e-20
1.676671570895797686e+03 -2.468227684176930325e-17 1.701222128481396111e-20
1.677255180398393350e+03 -1.277866478539895398e-17 2.528320343485381099e-20
1.677838789900989013e+03 -2.355826861493879922e-17 1.754262133073920555e-20
1.678422399403584677e+03 -1.322879368922204479e-17 2.512668281807094186e-20
1.679006008906180341e+03 -2.618554442001600968e-17 1.719505124981798126e-20
1.679589618408776005e+03 -3.251862857890343738e-17 2.256966957480015165e-20
1.680173227911371669e+03 -3.270413697890259648e-17 2.161602302944484435e-20
1.680756837413967332e+03 -3.396273773868408614e-17 2.366471028747688185e-20
1.681340446916562996e+03 -1.695973929713607890e-17 5.658639069121864813e-18
1.681924056419158660e+03 -2.833609916619405417e-17 1.727484402810807240e-20
1.682507665921754324e+03 -3.138971002970444026e-17 1.392913122943137818e-20
1.683091275424349988e+03 -3.195155767006135538e-17 1.379485963964605463e-20
1.683674884926945651e+03 -3.222007788459155240e-17 1.393661968788052947e-20
1.684258494429541315e+03 -3.301228667683186711e-17 1.383159739868261476e-20
1.684842103932136979e+03 -2.884239082763430482e-17 1.780154009037837984e-20
1.685425713434732643e+03 -2.913817418285389479e-17 1.682744819879343935e-20
1.686009322937328307e+03 -2.991216121060659852e-17 1.817359058764664995e-20
1.686592932439923970e+03 -4.236301222231830464e-17 1.666469312002810613e-20
1.687176541942519634e+03 -4.144284374727478229e-17 2.479978709507843420e-20
1.687760151445115298e+03 -4.187468947871778311e-17 2.385205912202049295e-20
1.688343760947710962e+03 -4.292237464344070756e-17 2.487814128644041688e-20
1.688927370450306626e+03 -4.354817799187673473e-17 2.446913259889613251e-20
1.689510979952902289e+03 -3.824977892049700242e-17 1.455273022884029391e-20
1.690094589455497953e+03 -4.527674975857308798e-17 2.513880660697673891e-20
1.690678198958093617e+03 -4.597064652095945862e-17 2.481550085487217224e-20
1.691261808460689281e+03 -3.569971859950533902e-17 1.867538491721022619e-20
1.691845417963284945e+03 -2.156387686264655303e-17 2.798551326038712150e-20
1.692429027465880608e+03 -3.918969699651304091e-17 1.879961683129100990e-20
1.693012636968476272e+03 -4.289897084906835216e-17 1.527173489297105037e-20
1.693596246471071936e+03 -4.388512460144406922e-17 1.523440394476396093e-20
1.694179855973667600e+03 -3.856224150834965527e-17 1.891526913275779827e-20
1.694763465476263264e+03 -3.947712820611308375e-17 1.892089233175280459e-20
1.695347074978858927e+03 -3.951641527731710314e-17 1.863998442471149756e-20
1.695930684481454591e+03 -4.139879379453411315e-17 1.974699329963777923e-20
1.696514293984050255e+03 -2.494358883685030929e-17 2.781387852020839605e-20
1.697097903486645919e+03 -2.573652254876833097e-17 2.888465818012316940e-20
1.697681512989241583e+03 -4.929622200128393863e-17 1.589504722505277745e-20
1.698265122491837246e+03 -5.747761013798378823e-17 2.550378043719380881e-20
1.698848731994432910e+03 -5.847923477842755221e-17 2.575696982431013992e-20
1.699432341497028574e+03 -5.962698626334975248e-17 2.624301995942790618e-20
1.700015950999624238e+03 -5.241936248385338616e-17 1.523392107327461271e-20
1.700599560502219902e+03 -5.427035256583456847e-17 1.622224487193573327e-20
1.701183170004815565e+03 -5.417827076882219586e-17 1.588518426349261680e-20
1.701766779507411229e+03 -5.087674009202694969e-17 1.976424136020281851e-20
1.702350389010006893e+03 -5.152545949482850171e-17 2.107565138315213313e-20
1.702933998512602557e+03 -5.740941959612289954e-17 1.610750524556218022e-20
1.703517608015198221e+03 -5.773782923835549730e-17 1.617557911275267055e-20
1.704101217517793884e+03 -5.241033126517377617e-17 2.039432984567619401e-20
1.704684827020389548e+03 -5.235801666999603706e-17 1.998076857697912809e-20
1.705268436522985212e+03 -6.138199029329418046e-17 1.636411862402659940e-20
1.705852046025580876e+03 -6.281049402979621941e-17 1.723497624217399482e-20
1.706435655528176540e+03 -7.535116307845685585e-17 1.987848177160308163e-20
1.707019265030772203e+03 -7.661259277269694134e-17 2.005264592941235481e-20
1.707602874533367867e+03 -3.651616182801512459e-17 3.167726061187362770e-20
1.708186484035963531e+03 -3.692986623504082078e-17 3.101579103681805115e-20
1.708770093538559195e+03 -6.813892319182840630e-17 1.791488403520807517e-20
1.709353703041154859e+03 -6.242907975366839924e-17 2.140798652176255404e-20
1.709937312543750522e+03 -6.414334548439366112e-17 2.224364103336120082e-20
1.710520922046346186e+03 -5.857743415367944854e-18 2.142804141896001684e-20
1.711104531548941850e+03 -2.272046928172725449e-19 2.218506113077109046e-20
1.711688141051537514e+03 1.489608762736231265e-19 2.954776062547333701e-20
2.983000000000000000e+03 1.816641514613428175e-15 4.749949009965302726e-16
2.985747401242869273e+03 2.639252296054675893e-15 4.129267038788623403e-16
2.988494802485738546e+03 2.876924541521154357e-15 3.932689957931249569e-16
2.991242203728607819e+03 3.439492536169463555e-15 3.875552299023106224e-16
2.993989604971477092e+03 3.289178298844068551e-15 3.808502832761492148e-16
2.996737006214346366e+03 2.816771716302721647e-15 3.691164564458804911e-16
2.999484407457215639e+03 2.743845412189566513e-15 3.677311384312001606e-16
3.002231808700084912e+03 2.725923383057751196e-15 3.663381595465229525e-16
3.004979209942954185e+03 2.409182165175528491e-15 3.734731458100845749e-16
3.007726611185823458e+03 6.159563888899117170e-14 1.520667889837162447e-15
3.010474012428692731e+03 1.697982799203400055e-14 5.254522313906185795e-16
3.013221413671562004e+03 2.858538168405322054e-15 3.520902894355233958e-16
3.015968814914431277e+03 2.165635325304170444e-15 3.361872344582841389e-16
3.018716216157300551e+03 1.734266532154734426e-15 3.289010756636028428e-16
3.021463617400169824e+03 2.559057308090829509e-15 3.487427898782345007e-16
3.024211018643039097e+03 2.576336242481028543e-15 3.274275417156022492e-16
3.026958419885908370e+03 2.128268164803486963e-15 3.196549747524614818e-16
3.029705821128777643e+03 2.085805906085563535e-15 3.146723572251499279e-16
3.032453222371646916e+03 2.446616342957358058e-15 3.096697976999459649e-16
3.035200623614516189e+03 2.588306492307747780e-15 3.065647040901363977e-16
3.037948024857385462e+03 3.136911305890440639e-15 3.126743562516414865e-16
3.040695426100254736e+03 2.287807426450271534e-15 3.082582886322289993e-16
3.043442827343124009e+03 2.791449110766863314e-15 3.122621337755572001e-16
3.046190228585993282e+03 3.023546681850796466e-15 3.125457769441831916e-16
3.048937629828862555e+03 3.455585344733438240e-15 3.081485216802319758e-16
3.051685031071731828e+03 2.903152730251925641e-15 2.838441939754495714e-16
3.054432432314601101e+03 1.924814346481118515e-15 2.992682057171843204e-16
3.057179833557470374e+03 2.312687609948531315e-15 2.902255913321326373e-16
3.059927234800339647e+03 2.502049221006827752e-15 2.832409061232802221e-16
3.062674636043208920e+03 2.990811249145136238e-15 2.901854929654108365e-16
3.065422037286078194e+03 3.039272903359671872e-15 2.878244673478177319e-16
3.068169438528947467e+03 3.975565407395889756e-15 4.786241389051678745e-16
3.070916839771816740e+03 2.407975458599458875e-15 2.677640857178661754e-16
3.073664241014686013e+03 2.267532869707989591e-15 2.505167507540538177e-16
3.076411642257555286e+03 2.184310722726808216e-15 2.565896257958008723e-16
3.079159043500424559e+03 2.149468897616465846e-15 2.469868423188030111e-16
3.081906444743293832e+03 2.653652943040417744e-15 2.516204499236321529e-16
3.084653845986163105e+03 2.542317496059807331e-15 2.472589462862721113e-16
3.087401247229032379e+03 2.840374421958699460e-15 2.533658615437249318e-16
3.090148648471901652e+03 2.589283296322191164e-15 2.579127868945157534e-16
3.092896049714770925e+03 2.773674833151584792e-15 2.640628669554287790e-16
3.095643450957640198e+03 2.364038018876620275e-15 2.470421752801876851e-16
3.098390852200509471e+03 2.683755680201342584e-15 2.444744999656661948e-16
3.101138253443378744e+03 2.254299937175218057e-15 2.400868730596819653e-16
3.103885654686248017e+03 2.443382408746050604e-15 2.392283126466572318e-16
3.106633055929117290e+03 2.588748107216767435e-15 2.377233014963426659e-16
3.109380457171986563e+03 2.177905882875813607e-15 2.344050869876611641e-16
3.112127858414855837e+03 1.798094789128408019e-15 2.270513284130536630e-16
3.114875259657725110e+03 1.832736521857040608e-15 2.280416974914931645e-16
3.117622660900594383e+03 2.008203695087591859e-15 2.360311094616334530e-16
3.120370062143463656e+03 1.871526195528166986e-15 2.323586187113351613e-16
3.123117463386332929e+03 1.719697588034999509e-15 2.240696856448605769e-16
3.125864864629202202e+03 2.450329960932594644e-15 2.367822855242634056e-16
3.128612265872071475e+03 2.421520573468222481e-15 2.295686713573743660e-16
3.131359667114940748e+03 2.448479701705098347e-15 2.280119810849066667e-16
3.134107068357810022e+03 2.215613158871192058e-15 2.228999139684276456e-16
3.136854469600679295e+03 2.173950356556075161e-15 2.234094215432001937e-16
3.139601870843548568e+03 1.736027052137846647e-15 2.942331814919226063e-16
3.142349272086417841e+03 1.957768233187763038e-15 2.362541084489551409e-16
3.145096673329287114e+03 2.455594881762953490e-15 2.254222970953869339e-16
3.147844074572156387e+03 2.524197880927180824e-15 2.235665356526498555e-16
3.150591475815025660e+03 2.307824109250626067e-15 2.203567915505607688e-16
3.153338877057894933e+03 2.258206341427171587e-15 2.185498917210887914e-16
3.156086278300764207e+03 2.218144672884127274e-15 2.160354394785375637e-16
3.158833679543633480e+03 2.307147487383958253e-15 2.284005205921427883e-16
3.161581080786502753e+03 2.165653010602513665e-15 2.379122808085648640e-16
3.164328482029372026e+03 2.579756309572613117e-15 2.326961873078009042e-16
3.167075883272241299e+03 2.565593815448329421e-15 2.172686616561544765e-16
3.169823284515110572e+03 2.738972870655615483e-15 2.169337508958675915e-16
3.172570685757979845e+03 2.598340736893495533e-15 2.131084685364780627e-16
3.175318087000849118e+03 2.423604932474347503e-15 2.108113817531582299e-16
3.178065488243718391e+03 2.078844656105183896e-15 2.086890453081397136e-16
3.180812889486587665e+03 2.018939062416160057e-15 2.040729294519169418e-16
3.183560290729456938e+03 2.076270521438022056e-15 2.033536510700576960e-16
3.186307691972326211e+03 2.342093289321695545e-15 2.043501540848750331e-16
3.189055093215195484e+03 2.215484017231283532e-15 2.008214143111396577e-16
3.191802494458064757e+03 2.266125356788318931e-15 2.012956562794451999e-16
3.194549895700934030e+03 2.368415521587845612e-15 2.028462885264060641e-16
3.197297296943803303e+03 1.816681509168397717e-15 2.243844036082344038e-16
3.200044698186672576e+03 2.269052469450938226e-15 1.997001974752113622e-16
3.202792099429541850e+03 2.411717099516438323e-15 1.976610563799242801e-16
3.205539500672411123e+03 2.376654526158249016e-15 1.981308925519443597e-16
3.208286901915280396e+03 2.518377220065433073e-15 2.042936063280582343e-16
3.211034303158149669e+03 2.214669283946704522e-15 1.913735795995599931e-16
3.213781704401018942e+03 2.340727725663156797e-15 1.939160858746780444e-16
3.216529105643888215e+03 2.307917500390039156e-15 1.965368638240200586e-16
3.219276506886757488e+03 1.976518300662159519e-15 1.919193710804986755e-16
3.222023908129626761e+03 1.748685435424188708e-15 1.826201399870553317e-16
3.224771309372496034e+03 2.348973393331360557e-15 1.884231221639332172e-16
3.227518710615365308e+03 2.146642664829930289e-15 1.892647140567305741e-16
3.230266111858234581e+03 2.211808354924841516e-15 1.849771342770112960e-16
3.233013513101103854e+03 1.946961242466236912e-15 1.830532619990733161e-16
3.235760914343973127e+03 2.091369026346584460e-15 1.823084864244827692e-16
3.238508315586842400e+03 2.521389652833203998e-15 1.864360933730677065e-16
3.241255716829711673e+03 2.212359963051332449e-15 2.057167070285466420e-16
3.244003118072580946e+03 1.928004077727573184e-15 1.778076489812896820e-16
3.246750519315450219e+03 1.965559990215973487e-15 1.776641231280101293e-16
3.249497920558319493e+03 2.927960810106078328e-15 1.910515992006493659e-16
3.252245321801188766e+03 2.620133023544812433e-15 1.821713510322077198e-16
3.254992723044058039e+03 1.733731032078529253e-15 1.820211402651151116e-16
3.257740124286927312e+03 1.678592713949283848e-15 1.729403477075231410e-16
3.260487525529796585e+03 2.223134928620706483e-15 1.802560522021534762e-16
3.263234926772665858e+03 2.053765490465100424e-15 1.743394657093277137e-16
3.265982328015535131e+03 1.961985577937266945e-15 1.739218945214138690e-16
3.268729729258404404e+03 1.784632231125893802e-15 1.751154346359877352e-16
3.271477130501273678e+03 1.532756455012998583e-15 1.686177655844430828e-16
3.274224531744142951e+03 1.978419841251553404e-15 1.989083805862450707e-16
3.276971932987012224e+03 2.051789058425529804e-15 1.744047861931765593e-16
3.279719334229881497e+03 1.775922860113688810e-15 1.691367096387049584e-16
3.282466735472750770e+03 1.793245468609373245e-15 1.707182806451489424e-16
3.285214136715620043e+03 1.852110734437237970e-15 1.681153003089422782e-16
3.287961537958489316e+03 1.836290765107897206e-15 1.766289462893671076e-16
3.290708939201358589e+03 1.980447330181645629e-15 1.725465019446911792e-16
3.293456340444227862e+03 1.717444965187876347e-15 1.657763447129253284e-16
3.296203741687097136e+03 1.813601661334625865e-15 1.651633312469474755e-16
3.298951142929966409e+03 1.617370893811875417e-15 1.614085509361169379e-16
3.301698544172835682e+03 1.377703876899234867e-15 1.630715774269163188e-16
3.304445945415704955e+03 1.542603933563089409e-15 1.602616530803531234e-16
3.307193346658574228e+03 1.647602945340469263e-15 1.602349613801629482e-16
3.309940747901443501e+03 1.715158416220063258e-15 1.657712373185590866e-16
3.312688149144312774e+03 1.954427378987295244e-15 1.633138780166857266e-16
3.315435550387182047e+03 1.835370683469308063e-15 1.611757458357657512e-16
3.318182951630051321e+03 1.610207049249658115e-15 1.589392388958199169e-16
3.320930352872920594e+03 1.504726315441119551e-15 1.579061991142363629e-16
3.323677754115789867e+03 1.969647542091433176e-15 1.653767638305065618e-16
3.326425155358659140e+03 1.670255979832424232e-15 1.577617033537838499e-16
3.329172556601528413e+03 1.628014703429082650e-15 1.563622059305350365e-16
3.331919957844397686e+03 1.770863013769182332e-15 1.573858874484521854e-16
3.334667359087266959e+03 1.968252609356345420e-15 1.588570308332780874e-16
3.337414760330136232e+03 2.010903230599934051e-15 1.575827221140786120e-16
3.340162161573005505e+03 1.936674819863893383e-15 1.589484503726798144e-16
3.342909562815874779e+03 2.494100447624270400e-15 1.690155067545208767e-16
3.345656964058744052e+03 1.703750354927652838e-15 1.640524139256504391e-16
3.348404365301613325e+03 2.140823858272564658e-15 1.595255769943951417e-16
3.351151766544482598e+03 2.109373190217952028e-15 1.569478898972148276e-16
3.353899167787351871e+03 1.645090272304662485e-15 1.519209917288766374e-16
3.356646569030221144e+03 2.172029573019214435e-15 1.648021057331485666e-16
3.359393970273090417e+03 2.141370756075060221e-15 1.877328531901424815e-16
3.362141371515959690e+03 1.745200346787854807e-15 1.523932665236711577e-16
3.364888772758828964e+03 1.886245206702106152e-15 1.531505673158121263e-16
3.367636174001698237e+03 2.148834807485638959e-15 1.563209291524253354e-16
3.370383575244567510e+03 2.146519580677982262e-15 1.553653587438896518e-16
3.373130976487436783e+03 2.106528250265842432e-15 1.532318521853091497e-16
3.375878377730306056e+03 1.598471992442531439e-15 1.479414428626805322e-16
3.378625778973175329e+03 1.596357589630372133e-15 1.515813372829079644e-16
3.381373180216044602e+03 2.328794357906195648e-15 1.590985198945571359e-16
3.384120581458913875e+03 2.134466193009456674e-15 1.509770718051884472e-16
3.386867982701783149e+03 1.951973588671042901e-15 1.488472239337327304e-16
3.389615383944652422e+03 2.124622435252286942e-15 1.498937738530664690e-16
3.392362785187521695e+03 2.116657535823422493e-15 1.641790326952417568e-16
3.395110186430390968e+03 1.446996853067289223e-15 1.677655345807376881e-16
3.397857587673260241e+03 2.054186684991164129e-15 1.517196821168288715e-16
3.400604988916129514e+03 2.179473689067766011e-15 1.555333752579277550e-16
3.403352390158998787e+03 2.774277885244090697e-15 1.817357584293415959e-16
3.406099791401868060e+03 1.940848447096320406e-15 1.431841790327343339e-16
3.408847192644737333e+03 2.454734719876521467e-15 1.518457336021989185e-16
3.411594593887606607e+03 2.373251624811552728e-15 1.481364681933504558e-16
3.414341995130475880e+03 2.163317900940210378e-15 1.453011182679918713e-16
3.417089396373345153e+03 2.632084101627135285e-15 2.105142260584275168e-16
3.419836797616214426e+03 2.103760464990057992e-15 1.461450587673105621e-16
3.422584198859083699e+03 2.244329470614463503e-15 1.448246933579363988e-16
3.425331600101952972e+03 2.293207874080423690e-15 1.582549758354387531e-16
3.428079001344822245e+03 2.084918404441539585e-15 1.475086317177057992e-16
3.430826402587691518e+03 2.057202211610698540e-15 1.460211390443187739e-16
3.433573803830560792e+03 2.356002217129088271e-15 1.464605426785412305e-16
3.436321205073430065e+03 2.541046201628592332e-15 1.456111658071581895e-16
3.439068606316299338e+03 2.700552454901605797e-15 1.590402112351169589e-16
3.441816007559168611e+03 2.740398487534905907e-15 1.519006056361482834e-16
3.444563408802037884e+03 2.532286996802214786e-15 1.434913248590554533e-16
3.447310810044907157e+03 2.263187046206402754e-15 1.394649570637024528e-16
3.450058211287776430e+03 2.592914514177267515e-15 2.108284053418379662e-16
3.452805612530645703e+03 2.595329010062956317e-15 1.516508979904571053e-16
3.455553013773514976e+03 3.076803995298063493e-15 1.594578427833349008e-16
3.458300415016384250e+03 2.820885533304277995e-15 1.447322068113518268e-16
3.461047816259253523e+03 3.251817302934890879e-15 1.497029723758139705e-16
3.463795217502122796e+03 3.276103242190605138e-15 1.585291307025467212e-16
3.466542618744992069e+03 2.798442830233336826e-15 1.468570895478611580e-16
3.469290019987861342e+03 2.923217416281517035e-15 1.444781972850143871e-16
3.472037421230730615e+03 3.084165690419464331e-15 1.462339539165551264e-16
3.474784822473599888e+03 3.162466174616024508e-15 1.455926492654247121e-16
3.477532223716469161e+03 3.375000779542929725e-15 1.484510941572021369e-16
3.480279624959338435e+03 3.515070101614634707e-15 1.491724094078510289e-16
3.483027026202207708e+03 3.421052742193369514e-15 1.483731197407561361e-16
3.485774427445076981e+03 3.687988368167995678e-15 1.656961345492753645e-16
3.488521828687946254e+03 3.895405034621937654e-15 1.539858545959336808e-16
3.491269229930815527e+03 3.706017699024844700e-15 1.577047542194983930e-16
3.494016631173684800e+03 3.461122316617823259e-15 1.481843508721541689e-16
3.496764032416554073e+03 3.825157672801572100e-15 1.527383802960349580e-16
3.499511433659423346e+03 3.615672139135463125e-15 1.541232313885096155e-16
3.502258834902292620e+03 4.067160135397189475e-15 1.538770164561646241e-16
3.505006236145161893e+03 4.283487349539773220e-15 1.568669410144102963e-16
3.507753637388031166e+03 4.435614472946201709e-15 1.569526362129979221e-16
3.510501038630900439e+03 4.467069591269613552e-15 1.556919456896324008e-16
3.513248439873769712e+03 4.689384788540652697e-15 1.581858608699515599e-16
3.515995841116638985e+03 4.788579981561298718e-15 1.572038807663301622e-16
3.518743242359508258e+03 5.856364906202831713e-15 2.548278800305958503e-16
3.521490643602377531e+03 5.195554464729549068e-15 1.625749724616465827e-16
3.524238044845246804e+03 5.381254368801975510e-15 1.602670981125376187e-16
3.526985446088116078e+03 5.403918270556573686e-15 1.605404385879048724e-16
3.529732847330985351e+03 5.479556022414742839e-15 1.608774951039837697e-16
3.532480248573854624e+03 5.745930681291015584e-15 1.620130757470869311e-16
3.535227649816723897e+03 5.871194755041231973e-15 1.627530335006708750e-16
3.537975051059593170e+03 5.818499178309675722e-15 1.634384888805495529e-16
3.540722452302462443e+03 6.047385696259155939e-15 1.650524485441069268e-16
3.543469853545331716e+03 6.071206784012846371e-15 1.639030451699150971e-16
3.546217254788200989e+03 6.060582678385971531e-15 1.636405482368568106e-16
3.548964656031070263e+03 6.226366102854926421e-15 1.651953224172167703e-16
3.551712057273939536e+03 6.379548695863307618e-15 1.651636184653767371e-16
3.554459458516808809e+03 6.276619628321844252e-15 1.647912384580990667e-16
3.557206859759678082e+03 6.378883047238826172e-15 1.648281078149284873e-16
3.559954261002547355e+03 6.697309444144814883e-15 1.748955395892603969e-16
3.562701662245416628e+03 6.937469823259814190e-15 1.693497102787833785e-16
3.565449063488285901e+03 7.033452632518812609e-15 1.699134895134338938e-16
3.568196464731155174e+03 7.278404190988996627e-15 1.710043969722336049e-16
3.570943865974024447e+03 6.897075897342630135e-15 1.682574349335534966e-16
3.573691267216893721e+03 6.837663519371321362e-15 1.667381942015970365e-16
3.576438668459762994e+03 7.029512274031234333e-15 1.690218440304785054e-16
3.579186069702632267e+03 7.297256389117926929e-15 1.690040802509070618e-16
3.581933470945501540e+03 7.712171606946380722e-15 1.731628750248664365e-16
3.584680872188370813e+03 7.476768108298871700e-15 1.703175599955821277e-16
3.587428273431240086e+03 7.376274198650088088e-15 1.694010512749699962e-16
3.590175674674109359e+03 7.651888465444686474e-15 1.737565509033140146e-16
3.592923075916978632e+03 7.791765417744279096e-15 1.732204865677282187e-16
3.595670477159847906e+03 7.927258037479676689e-15 1.742682931417484108e-16
3.598417878402717179e+03 7.743672009755772112e-15 1.720252645965840976e-16
3.601165279645586452e+03 7.773137666652899026e-15 1.703037858282582067e-16
3.603912680888455725e+03 8.077428261552075455e-15 1.734072655614577381e-16
3.606660082131324998e+03 7.956964438684742285e-15 1.713225203928140086e-16
3.609407483374194271e+03 8.332824401809121909e-15 1.744612890444874149e-16
3.612154884617063544e+03 8.067017971029164753e-15 2.067909381980779615e-16
3.614902285859932817e+03 8.453633518183151005e-15 2.146829760774687750e-16
3.617649687102802091e+03 8.241011841849903120e-15 1.867565114324583392e-16
3.620397088345671364e+03 7.972731980718510410e-15 1.822656750546977330e-16
3.623144489588540637e+03 8.427576608363161927e-15 1.733508072607436882e-16
3.625891890831409910e+03 8.635031506600042573e-15 1.994817314986844295e-16
3.628639292074279183e+03 8.300161919300691384e-15 1.710802252447875770e-16
3.631386693317148456e+03 8.246995285567094909e-15 1.716474156067614229e-16
3.634134094560017729e+03 8.604596328959117070e-15 1.714414571654178506e-16
3.636881495802887002e+03 8.002594920344802070e-15 1.663322478413233726e-16
3.639628897045756275e+03 8.416591102644356773e-15 1.702095885229433331e-16
3.642376298288625549e+03 8.532383236866356771e-15 1.699095533133228317e-16
3.645123699531494822e+03 8.740738360505081223e-15 1.704437414217263481e-16
3.647871100774364095e+03 8.799654517067349723e-15 1.699944149431927419e-16
3.650618502017233368e+03 9.006822044921517329e-15 1.711738256920587041e-16
3.653365903260102641e+03 8.627252920896667606e-15 1.677359125833165419e-16
3.656113304502971914e+03 8.252468377755943224e-15 1.654372666523551337e-16
3.658860705745841187e+03 8.601613964782438310e-15 1.782336693224658515e-16
3.661608106988710460e+03 9.367185213246551475e-15 1.734583842375425476e-16
3.664355508231579734e+03 9.520393087226428468e-15 1.723804835875187032e-16
3.667102909474449007e+03 9.349065057621415931e-15 1.705521647218807377e-16
3.669850310717318280e+03 9.453020895055849537e-15 1.738702578879528506e-16
3.672597711960187553e+03 9.456549641040674248e-15 1.703068292476970088e-16
3.675345113203056826e+03 9.731601564496300794e-15 1.724819686903607694e-16
3.678092514445926099e+03 9.860640328885763916e-15 1.726599028457462194e-16
3.680839915688795372e+03 1.044096297677275842e-14 1.768811465868377566e-16
3.683587316931664645e+03 1.051984237625420654e-14 1.757249647203228429e-16
3.686334718174533918e+03 1.074967954785576489e-14 1.775183411265116411e-16
3.689082119417403192e+03 1.028102015104433424e-14 1.734469596871141172e-16
3.691829520660272465e+03 1.070073329144680722e-14 1.798586994855287464e-16
3.694576921903141738e+03 1.116140500765704463e-14 1.854620368284960464e-16
3.697324323146011011e+03 1.108801229209313954e-14 1.761942456408260133e-16
3.700071724388880284e+03 1.076043486290032316e-14 1.732138063939290165e-16
3.702819125631749557e+03 1.094106290537618470e-14 1.791348093293547190e-16
3.705566526874618830e+03 1.063960055659869552e-14 1.747334988943610699e-16
3.708313928117488103e+03 1.074533443944038109e-14 1.762519367360780701e-16
3.711061329360357377e+03 1.063183214424708773e-14 1.706904620679182117e-16
3.713808730603226650e+03 1.081060741658957250e-14 1.769652828808267244e-16
3.716556131846095923e+03 1.074321289355117329e-14 1.698794112375169604e-16
3.719303533088965196e+03 1.052945615547013706e-14 1.690717337274923809e-16
3.722050934331834469e+03 1.061674430993757491e-14 1.681527607243367197e-16
3.724798335574703742e+03 1.062632394802725486e-14 1.672875677222778519e-16
3.727545736817573015e+03 1.038874443909642063e-14 1.653686888337019656e-16
3.730293138060442288e+03 1.000776581743525668e-14 1.621552674362198516e-16
3.733040539303311562e+03 9.901992432282250483e-15 1.605466564245974513e-16
3.735787940546180835e+03 9.712071413139789272e-15 1.592604283539839322e-16
3.738535341789050108e+03 1.088204364152047551e-14 1.675765420006704331e-16
3.741282743031919381e+03 1.032722727263774190e-14 1.620297780353933958e-16
3.744030144274788654e+03 9.787618362350480266e-15 1.618111240879957924e-16
3.746777545517657927e+03 9.913067780090578960e-15 1.619048601711721082e-16
3.749524946760527200e+03 9.850985784315068687e-15 1.613269466793526180e-16
3.752272348003396473e+03 9.809465951467990830e-15 1.564337208161604531e-16
3.755019749246265746e+03 9.412063549735897549e-15 1.525233009840379455e-16
3.757767150489135020e+03 9.449638322727515532e-15 1.527243919616526902e-16
3.760514551732004293e+03 9.516971123604751480e-15 1.524087131396814711e-16
3.763261952974873566e+03 9.537671990429417089e-15 1.602344832202820456e-16
3.766009354217742839e+03 9.491886375304684472e-15 1.510298831374038094e-16
3.768756755460612112e+03 9.358303673219049440e-15 1.496146275674320614e-16
3.771504156703481385e+03 9.422947562613098844e-15 1.490899783583692657e-16
3.774251557946350658e+03 9.181594844613834525e-15 1.466529373981893801e-16
3.776998959189219931e+03 8.862883537094530145e-15 1.566932397122150334e-16
3.779746360432089205e+03 9.110035035436671711e-15 1.464158367368668129e-16
3.782493761674958478e+03 9.427120547473881146e-15 1.624353755877602700e-16
3.785241162917827751e+03 9.094412813794174520e-15 1.443702571061257141e-16
3.787988564160697024e+03 9.191904578955848811e-15 1.438268753117628910e-16
3.790735965403566297e+03 9.226986709951860825e-15 1.434013834283624471e-16
3.793483366646435570e+03 9.102818070404257514e-15 1.451835643302905919e-16
3.796230767889304843e+03 9.149242614581266978e-15 1.418435842024962349e-16
3.798978169132174116e+03 8.844537426657805011e-15 1.392167070922416175e-16
3.801725570375043390e+03 9.230660768633825296e-15 1.426982417407588273e-16
3.804472971617912663e+03 9.079397714638807013e-15 1.410509628784262335e-16
3.807220372860781936e+03 9.203817345829934744e-15 1.402287293539695302e-16
3.809967774103651209e+03 9.324733088815651370e-15 1.436467205005342915e-16
3.812715175346520482e+03 9.392970006014824651e-15 1.406166094599846503e-16
3.815462576589389755e+03 9.214727523417055340e-15 1.380799193465733796e-16
3.818209977832259028e+03 1.032812128326396648e-14 1.881513345690165845e-16
3.820957379075128301e+03 9.828378555175141356e-15 1.446877047100270911e-16
3.823704780317997574e+03 9.865951006753387650e-15 1.495107251108063909e-16
3.826452181560866848e+03 1.002390911931195175e-14 1.426613890934436668e-16
3.829199582803736121e+03 1.019706392512696969e-14 1.439944303652949745e-16
3.831946984046605394e+03 1.029271078618954054e-14 1.434069952834487139e-16
3.834694385289474667e+03 1.072907078055301090e-14 1.467779349273247029e-16
3.837441786532343940e+03 1.096494169518587055e-14 1.446021262774274706e-16
3.840189187775213213e+03 1.107426172789083512e-14 1.435920313823047053e-16
3.842936589018082486e+03 1.138114621519910282e-14 1.462178259654509043e-16
3.845683990260951759e+03 1.156293202969443232e-14 1.931404997788610654e-16
3.848431391503821033e+03 1.153110196544618959e-14 1.917660357890918019e-16
3.851178792746690306e+03 1.197847073406381916e-14 1.507521724870807140e-16
3.853926193989559579e+03 1.203885298219085589e-14 1.462823680857050142e-16
3.856673595232428852e+03 1.213023939220903199e-14 1.625134333678136794e-16
3.859420996475298125e+03 1.217668375528344226e-14 1.470830486793129935e-16
3.862168397718167398e+03 1.238319092290699484e-14 1.461796487417204660e-16
3.864915798961036671e+03 1.257795174004020319e-14 1.470415792399709063e-16
3.867663200203905944e+03 1.289565566968117415e-14 1.485892163137886316e-16
3.870410601446775217e+03 1.348927040517210964e-14 1.503476430316575629e-16
3.873158002689644491e+03 1.323299361758027313e-14 1.507550648800157940e-16
3.875905403932513764e+03 1.375557869851209987e-14 1.519475584489881860e-16
3.878652805175383037e+03 1.420956806308398449e-14 1.567359293940501548e-16
3.881400206418252310e+03 1.419548482166780104e-14 1.583022618539742345e-16
3.884147607661121583e+03 1.420356553297189205e-14 1.515607483363450612e-16
3.886895008903990856e+03 1.454735252959761818e-14 1.535162477651149870e-16
3.889642410146860129e+03 1.454432581823347950e-14 1.514510048704587272e-16
3.892389811389729402e+03 1.479633565533598073e-14 1.540263289819597968e-16
3.895137212632598676e+03 1.486190238789164847e-14 1.536310356505810627e-16
3.897884613875467949e+03 1.542762273932722384e-14 1.747129296540659529e-16
3.900632015118337222e+03 1.561046716603730746e-14 1.641468313273651850e-16
3.903379416361206495e+03 1.575117111874139739e-14 1.597283879062184539e-16
3.906126817604075768e+03 1.605745937164218252e-14 1.586417912582921342e-16
3.908874218846945041e+03 1.594190978391997564e-14 1.555360646795986485e-16
3.911621620089814314e+03 1.614210505546275056e-14 1.549160329453165764e-16
3.914369021332683587e+03 1.603851314351619267e-14 1.568926544473025155e-16
3.917116422575552861e+03 1.608009596473576341e-14 1.570139838157254343e-16
3.919863823818422134e+03 1.636704396050929440e-14 1.548564354175633715e-16
3.922611225061291407e+03 1.646363876970012208e-14 1.543519585239985745e-16
3.925358626304160680e+03 1.644341263969365200e-14 1.533823715787884310e-16
3.928106027547029953e+03 1.637615200363353800e-14 1.525380849310343376e-16
3.930853428789899226e+03 1.643748294600444563e-14 1.534227947325357495e-16
3.933600830032768499e+03 1.579411067848357866e-14 1.486574955550360407e-16
3.936348231275637772e+03 1.617874262384519145e-14 1.510650228802171426e-16
3.939095632518507045e+03 1.648902254871123656e-14 1.515735326668614568e-16
3.941843033761376319e+03 1.642504667942094882e-14 1.512231970308502311e-16
3.944590435004245592e+03 1.638934088141968973e-14 1.498155264930341449e-16
3.947337836247114865e+03 1.677305401997381922e-14 1.507208346073732869e-16
3.950085237489984138e+03 1.734053040247659499e-14 1.533655293107479021e-16
3.952832638732853411e+03 1.698336122336559430e-14 1.507987917532504379e-16
3.955580039975722684e+03 1.730536573323159137e-14 1.539639968130693272e-16
3.958327441218591957e+03 1.760547124753334226e-14 1.595411219373216338e-16
3.961074842461461230e+03 1.770927300092353147e-14 1.592477520652579018e-16
3.963822243704330504e+03 1.716173793971166410e-14 1.522706474977457205e-16
3.966569644947199777e+03 1.768632659854034563e-14 1.529882856119014430e-16
3.969317046190069050e+03 1.767968084736829614e-14 1.528638994258039202e-16
3.972064447432938323e+03 1.736756270125355012e-14 1.530524168616088651e-16
3.974811848675807596e+03 1.763023367998902089e-14 1.541062076152015942e-16
3.977559249918676869e+03 1.769684447910493615e-14 1.549999147546763327e-16
3.980306651161546142e+03 1.809049771447964647e-14 1.537241614956960551e-16
3.983054052404415415e+03 1.829735666267157625e-14 1.525790131824918490e-16
3.985801453647284688e+03 1.785193496860277080e-14 1.491207265073789484e-16
3.988548854890153962e+03 1.827017106217774345e-14 1.512854342459909425e-16
3.991296256133023235e+03 1.819067308672446301e-14 1.498530246548898777e-16
3.994043657375892508e+03 1.817972279124129058e-14 1.526608124329396506e-16
3.996791058618761781e+03 1.813973194580719942e-14 1.503134858606768147e-16
3.999538459861631054e+03 1.810304841660488789e-14 1.488847831344391320e-16
4.002285861104500327e+03 1.820216699565261147e-14 1.490671695594303956e-16
4.005033262347369600e+03 1.779948438061754740e-14 1.467829335579141495e-16
4.007780663590238873e+03 1.742784042265834640e-14 1.457772974872416468e-16
4.010528064833108147e+03 1.789419610532900654e-14 1.474986299498340234e-16
4.013275466075977420e+03 1.809145573253322160e-14 1.469605907473164755e-16
4.016022867318846693e+03 1.783864429806418968e-14 1.458080779079600559e-16
4.018770268561715966e+03 1.810556774344604508e-14 1.471933592981264595e-16
4.021517669804585239e+03 1.806668732329711576e-14 1.463543098848686743e-16
4.024265071047454512e+03 1.770819505932315201e-14 1.443916252235214879e-16
4.027012472290323785e+03 1.789247437334734294e-14 1.452332657515653357e-16
4.029759873533193058e+03 1.777989806061618281e-14 1.444150918841951688e-16
4.032507274776062332e+03 1.769498886682053184e-14 1.435662757224514526e-16
4.035254676018931605e+03 1.730889588988326993e-14 1.416553637698025188e-16
4.038002077261800878e+03 1.697393490851241264e-14 1.405377890427263540e-16
4.040749478504670151e+03 1.729367650346964894e-14 1.424395247340703937e-16
4.043496879747539424e+03 1.740993273045669641e-14 1.416693463126635229e-16
4.046244280990408697e+03 1.721981602089229926e-14 1.405881547019899151e-16
4.048991682233277970e+03 1.699981524094913089e-14 1.406842295545944432e-16
4.051739083476147243e+03 1.715477771883091394e-14 1.400622992445981194e-16
4.054486484719016516e+03 1.694556555866892321e-14 1.399040975943537224e-16
4.057233885961885790e+03 1.676843892824876288e-14 1.382838079287149939e-16
4.059981287204755063e+03 1.703165388560220918e-14 1.416704150654355602e-16
4.062728688447624336e+03 1.718251921596064714e-14 1.475888811624913663e-16
4.065476089690493609e+03 1.706172540963386648e-14 1.400570440923186382e-16
4.068223490933362882e+03 1.674068867538542138e-14 1.373006235875973717e-16
4.070970892176232155e+03 1.688208189889949530e-14 1.378141602209332222e-16
4.073718293419101428e+03 1.649563828352313354e-14 1.352829402772233625e-16
4.076465694661970701e+03 1.702274603530169343e-14 1.427985638013433921e-16
4.079213095904839975e+03 1.704906641769586807e-14 1.375233873074008383e-16
4.081960497147709248e+03 1.684753703350243727e-14 1.362339009946105069e-16
4.084707898390578521e+03 1.682749985711152093e-14 1.384213080540827360e-16
4.087455299633447794e+03 1.674795098690331324e-14 1.359087324790149737e-16
4.090202700876317067e+03 1.661164657123742287e-14 1.553580133213635395e-16
4.092950102119186340e+03 1.684046255324786760e-14 1.395783888002735743e-16
4.095697503362055613e+03 1.691266426443546570e-14 1.367448414584000614e-16
4.098444904604924886e+03 1.696179761088203570e-14 1.369609079391766599e-16
4.101192305847794159e+03 1.695600479485168955e-14 1.358373599703801579e-16
4.103939707090663433e+03 1.706120522437007433e-14 1.361247220464105694e-16
4.106687108333532706e+03 1.725259498954822297e-14 1.398279027310116340e-16
4.109434509576401979e+03 1.734448810878438417e-14 1.369917792257686765e-16
4.112181910819271252e+03 1.692815624885790535e-14 1.348513152249699139e-16
4.114929312062140525e+03 1.694158648874700320e-14 1.356978693337383643e-16
4.117676713305009798e+03 1.712521574371614565e-14 1.368097321592307478e-16
4.120424114547879071e+03 1.740748544620461191e-14 1.381021714321284777e-16
4.123171515790748344e+03 1.788871124520391829e-14 1.559394900519775213e-16
4.125918917033617618e+03 1.783798123267307902e-14 1.459241860609099900e-16
4.128666318276486891e+03 1.740022038966441551e-14 1.371692576330946437e-16
4.131413719519356164e+03 1.728859812281143842e-14 1.560945433692495133e-16
4.134161120762225437e+03 1.734565211560150108e-14 1.388080952720741121e-16
4.136908522005094710e+03 1.760943046338505123e-14 1.356669499866583658e-16
4.139655923247963983e+03 1.806378660263147968e-14 1.373838594004558721e-16
4.142403324490833256e+03 1.795075977785408443e-14 1.360471409727536603e-16
4.145150725733702529e+03 1.774435225656230282e-14 1.353119341766623682e-16
4.147898126976571803e+03 1.782037629485005583e-14 1.355151446651235341e-16
4.150645528219441076e+03 1.768954914798338342e-14 1.345814230707084477e-16
4.153392929462310349e+03 1.744302964734044522e-14 1.343608770074916227e-16
4.156140330705179622e+03 1.743790566086795622e-14 1.346678539916208664e-16
4.158887731948048895e+03 1.760562991007563884e-14 1.352890099484442975e-16
4.161635133190918168e+03 1.758659623929283169e-14 1.336996747938481556e-16
4.164382534433787441e+03 1.765487370388838276e-14 1.335150342024712931e-16
4.167129935676656714e+03 1.783785958628553640e-14 1.347746491936459759e-16
4.169877336919525987e+03 1.814960688308362421e-14 1.354084987252068063e-16
4.172624738162395261e+03 1.820710115091504252e-14 1.354699475410859664e-16
4.175372139405264534e+03 1.835561377340245432e-14 1.355333319303830616e-16
4.178119540648133807e+03 1.868872450459101553e-14 1.363857598724005236e-16
4.180866941891003080e+03 1.865606916684096430e-14 1.358208971858937977e-16
4.183614343133872353e+03 1.853504939449111038e-14 1.361352669394817060e-16
4.186361744376741626e+03 1.855870485757273644e-14 1.387038486639571049e-16
4.189109145619610899e+03 1.854735580703442422e-14 1.354864107838469439e-16
4.191856546862480172e+03 1.860236534442731561e-14 1.345176126416007057e-16
4.194603948105349446e+03 1.873518517411185693e-14 1.350264127871982007e-16
4.197351349348218719e+03 1.902546392518374208e-14 1.362010347125594343e-16
4.200098750591087992e+03 1.890036052768957789e-14 1.370888936406823941e-16
4.202846151833957265e+03 1.930493798261241194e-14 1.372385150545335685e-16
4.205593553076826538e+03 1.914609059503419886e-14 1.418382195988317664e-16
4.208340954319695811e+03 1.954913150325019956e-14 1.410687528924703753e-16
4.211088355562565084e+03 1.976797862016349779e-14 1.379206267027722794e-16
4.213835756805434357e+03 1.950116040633841678e-14 1.360457058838037626e-16
4.216583158048303630e+03 1.964999546377827557e-14 1.366382676266399373e-16
4.219330559291172904e+03 1.967638212621464865e-14 1.367604975044316596e-16
4.222077960534042177e+03 1.979093887570951322e-14 1.370802267227228362e-16
4.224825361776911450e+03 2.000665247442671165e-14 1.375483627264917878e-16
4.227572763019780723e+03 1.986700741616028958e-14 1.366371358105016877e-16
4.230320164262649996e+03 1.961256654785097382e-14 1.357986981824541158e-16
4.233067565505519269e+03 2.002070160848945542e-14 1.388196347929263269e-16
4.235814966748388542e+03 2.020598200981516580e-14 1.376556598207622431e-16
4.238562367991257815e+03 2.011443302545885671e-14 1.371008851063193080e-16
4.241309769234127089e+03 2.030358015649770848e-14 1.375238199074959187e-16
4.244057170476996362e+03 2.058217153345795388e-14 1.381122171111200072e-16
4.246804571719865635e+03 2.033926454309662759e-14 1.523539985829031334e-16
4.249551972962734908e+03 2.044336219701016643e-14 1.447189492312842895e-16
4.252299374205604181e+03 2.065347112391996552e-14 1.389468254511477269e-16
4.255046775448473454e+03 2.021835768055453476e-14 1.590481159494021213e-16
4.257794176691342727e+03 2.060864939905307999e-14 1.486467227306163198e-16
4.260541577934212000e+03 2.056617931780915751e-14 1.390816854375039602e-16
4.263288979177081274e+03 2.081617895950137359e-14 1.381744062565164155e-16
4.266036380419950547e+03 2.077033732004394771e-14 1.373405324238242452e-16
4.268783781662819820e+03 2.072341591146714654e-14 1.370363854119082471e-16
4.271531182905689093e+03 2.056605705786830307e-14 1.427623862592148231e-16
4.274278584148558366e+03 2.064440202523839336e-14 1.649289547048690809e-16
4.277025985391427639e+03 2.110699947769558121e-14 1.455004888063407500e-16
4.279773386634296912e+03 2.101468219162667667e-14 1.367766910589260609e-16
4.282520787877166185e+03 2.121474266057759132e-14 1.377483594359736670e-16
4.285268189120035458e+03 2.129055781031716211e-14 1.377969070159290694e-16
4.288015590362904732e+03 2.146702944099661904e-14 1.380437296758391220e-16
4.290762991605774005e+03 2.159683070244666808e-14 1.379421007553941919e-16
4.293510392848643278e+03 2.156927222972621786e-14 1.375446373855015637e-16
4.296257794091512551e+03 2.166882879955077225e-14 1.407569385240522187e-16
4.299005195334381824e+03 2.218339264000177776e-14 1.417984179443262950e-16
4.301752596577251097e+03 2.249368761790712925e-14 1.408273328166381175e-16
4.304499997820120370e+03 2.234909763269445605e-14 1.390687951344898435e-16
4.307247399062989643e+03 2.205526542125179286e-14 1.381047303201822500e-16
4.309994800305858917e+03 2.214142327014183894e-14 1.382422392053113306e-16
4.312742201548728190e+03 2.217067472686722049e-14 1.379540787895624182e-16
4.315489602791597463e+03 2.239671483624407165e-14 1.391081591782079162e-16
4.318237004034466736e+03 2.258927515084575454e-14 1.390835030417588739e-16
4.320984405277336009e+03 2.288411255830005893e-14 1.399102218887483409e-16
4.323731806520205282e+03 2.305321118654181161e-14 1.406638914434258752e-16
4.326479207763074555e+03 2.315254080032563032e-14 1.404442931312158161e-16
4.329226609005943828e+03 2.266794206420401107e-14 1.415364865747030322e-16
4.331974010248813101e+03 2.253752618514485450e-14 1.392466719869973214e-16
4.334721411491682375e+03 2.228316591961066115e-14 1.500665566661131769e-16
4.337468812734551648e+03 2.244930511860599800e-14 1.530157264718523630e-16
4.340216213977420921e+03 2.232922208481679968e-14 1.403013698632009255e-16
4.342963615220290194e+03 2.236323002034800236e-14 1.368379298624013578e-16
4.345711016463159467e+03 2.260811627944076321e-14 1.372453351281069074e-16
4.348458417706028740e+03 2.266990563778070787e-14 1.371061078544119423e-16
4.351205818948898013e+03 2.261933916102277217e-14 1.371332963182147449e-16
4.353953220191767286e+03 2.265272646436972916e-14 1.433935869457153592e-16
4.356700621434636560e+03 2.266046560612627131e-14 1.497479234429971988e-16
4.359448022677505833e+03 2.262949824431132613e-14 1.488140615177492813e-16
4.362195423920375106e+03 2.267871008749903133e-14 1.456600298637148900e-16
4.364942825163244379e+03 2.268583565183740481e-14 1.380992741487473690e-16
4.367690226406113652e+03 2.286966129301779756e-14 1.366814590873694494e-16
4.370437627648982925e+03 2.312649028256777614e-14 1.372962576155348828e-16
4.373185028891852198e+03 2.310482957057122410e-14 1.371019335973063045e-16
4.375932430134721471e+03 2.307841047558332256e-14 1.368553364245410918e-16
4.378679831377590745e+03 2.309782931655271905e-14 1.488549851500418694e-16
4.381427232620460018e+03 2.332038835135953529e-14 1.408931996691186026e-16
4.384174633863329291e+03 2.379439999036070849e-14 1.389153550891981989e-16
4.386922035106198564e+03 2.388587010347237493e-14 1.407814723988089394e-16
4.389669436349067837e+03 2.420919060612888356e-14 1.398694718073300712e-16
4.392416837591937110e+03 2.434375191880532701e-14 1.391797359422704625e-16
4.395164238834806383e+03 2.469384835490019550e-14 1.432179733526318127e-16
4.397911640077675656e+03 2.499532143018518569e-14 1.421070673820694275e-16
4.400659041320544929e+03 2.540180125904922232e-14 1.487193928494401273e-16
4.403406442563414203e+03 2.526497250751082234e-14 1.429423941829542771e-16
4.406153843806283476e+03 2.534131197951039469e-14 1.411504260085526359e-16
4.408901245049152749e+03 2.556365117336515850e-14 1.413144960854520971e-16
4.411648646292022022e+03 2.576857105109247489e-14 1.449320301055711099e-16
4.414396047534891295e+03 2.642021461823080132e-14 1.477439402203419570e-16
4.417143448777760568e+03 2.647701566415826771e-14 1.519841301546001244e-16
4.419890850020629841e+03 2.645750519262094731e-14 1.461855490085776127e-16
4.422638251263499114e+03 2.673481623357976156e-14 1.453787180060929168e-16
4.425385652506368388e+03 2.657866324775258071e-14 1.433113230299418310e-16
4.428133053749237661e+03 2.684311923797491751e-14 1.441353980462408682e-16
4.430880454992106934e+03 2.698538503085161931e-14 1.438415096916942114e-16
4.433627856234976207e+03 2.707243543060392687e-14 1.437911067923768667e-16
4.436375257477845480e+03 2.723770936559018541e-14 1.440029711850682726e-16
4.439122658720714753e+03 2.739816075754077517e-14 1.567920969513773865e-16
4.441870059963584026e+03 2.782742579885625839e-14 1.495162329759718734e-16
4.444617461206453299e+03 2.819818480912401979e-14 1.461542603081857350e-16
4.447364862449322573e+03 2.854561660965825363e-14 1.469765874864971143e-16
4.450112263692191846e+03 2.889538644621788310e-14 1.603018964329461282e-16
4.452859664935061119e+03 2.899841245299243631e-14 1.548779197224149285e-16
4.455607066177930392e+03 2.936250899280852007e-14 1.516247633430579834e-16
4.458354467420799665e+03 2.957279287275683945e-14 1.568685983824236090e-16
4.461101868663668938e+03 2.987713392683316334e-14 1.620643810101558788e-16
4.463849269906538211e+03 3.030655577593259287e-14 1.537016061112650733e-16
4.466596671149407484e+03 3.047373047213792723e-14 1.577852524176239770e-16
4.469344072392276757e+03 3.080545883534737456e-14 1.658957333663231491e-16
4.472091473635146031e+03 3.141781431804276276e-14 1.573260988996138771e-16
4.474838874878015304e+03 3.127127921229447188e-14 1.520843218130621512e-16
4.477586276120884577e+03 3.122960854482093183e-14 1.518361668149232801e-16
4.480333677363753850e+03 3.183162991197436751e-14 1.533968409982908191e-16
4.483081078606623123e+03 3.205099172000430193e-14 1.611439054054953148e-16
4.485828479849492396e+03 3.212677403685479705e-14 1.565363581288344956e-16
4.488575881092361669e+03 3.209122739111984831e-14 1.567884408462486522e-16
4.491323282335230942e+03 3.245386790676410136e-14 1.554305271516223073e-16
4.494070683578100216e+03 3.298919955982860161e-14 1.555707112422006819e-16
4.496818084820969489e+03 3.307480429558605282e-14 1.555357020444476862e-16
4.499565486063838762e+03 3.332993396503119797e-14 1.560476025746498624e-16
4.502312887306708035e+03 3.354172432876969122e-14 1.565201982494740576e-16
4.505060288549577308e+03 3.370708232176425016e-14 1.570367533043722296e-16
4.507807689792446581e+03 3.368879469127879445e-14 1.567041851171769533e-16
4.510555091035315854e+03 3.391435092670671555e-14 1.572226375674043554e-16
4.513302492278185127e+03 3.391199546064525160e-14 1.565228732433032539e-16
4.516049893521054400e+03 3.451518206712869039e-14 1.584470681971883916e-16
4.518797294763923674e+03 3.479112891896538168e-14 1.586193706342649660e-16
4.521544696006792947e+03 3.469723907875152814e-14 1.583664477900597879e-16
4.524292097249662220e+03 3.448484772332607727e-14 1.867082533158343027e-16
4.527039498492531493e+03 3.464685795862211902e-14 1.695753296229712659e-16
4.529786899735400766e+03 3.521467560766212998e-14 1.595054679924148953e-16
4.532534300978270039e+03 3.548074119380298930e-14 1.605306398022906761e-16
4.535281702221139312e+03 3.560150354535492521e-14 1.602812755240952784e-16
4.538029103464008585e+03 3.596772983683647414e-14 1.608732015504774930e-16
4.540776504706877859e+03 3.613129306009220570e-14 1.615468203822177644e-16
4.543523905949747132e+03 3.611523524774963186e-14 1.610787558505341974e-16
4.546271307192616405e+03 3.587257489439648410e-14 1.602744046070458116e-16
4.549018708435485678e+03 3.580061333063247510e-14 1.604398118027888405e-16
4.551766109678354951e+03 3.618277548831311941e-14 1.617535867513940854e-16
4.554513510921224224e+03 3.617328694654036717e-14 1.606936615558894052e-16
4.557260912164093497e+03 3.682549072355595484e-14 1.741933765151300957e-16
4.560008313406962770e+03 3.695484157850115057e-14 1.667157662395413545e-16
4.562755714649832044e+03 3.663736215432596077e-14 1.838795967545041500e-16
4.565503115892701317e+03 3.720467648010511331e-14 1.940845564023115954e-16
4.568250517135570590e+03 3.675828502500423272e-14 1.707878793255644513e-16
4.570997918378439863e+03 3.704952321989971802e-14 1.706769716792522004e-16
4.573745319621309136e+03 3.720455578530065185e-14 1.660540326949149030e-16
4.576492720864178409e+03 3.713088792987869029e-14 1.635461282599199131e-16
4.579240122107047682e+03 3.756091547863424097e-14 1.640757463068921530e-16
4.581987523349916955e+03 3.765891692841385783e-14 1.786493340146192004e-16
4.584734924592786228e+03 3.746231506096905745e-14 1.689365187926510966e-16
4.587482325835655502e+03 3.732212070321777525e-14 1.622431131526675027e-16
4.590229727078524775e+03 3.759560874098996736e-14 1.632835768582040761e-16
4.592977128321394048e+03 3.745863484243482091e-14 1.632812976525620020e-16
4.595724529564263321e+03 3.735693051034041881e-14 1.644713456855123294e-16
4.598471930807132594e+03 3.731420713738650764e-14 1.777546238406491011e-16
4.601219332050001867e+03 3.710201986968469404e-14 1.810083932778757216e-16
4.603966733292871140e+03 3.679658597373427126e-14 1.800167587386093478e-16
4.606714134535740413e+03 3.711347898814509053e-14 1.676703358475240138e-16
4.609461535778609687e+03 3.719927877198178652e-14 1.758282054289343335e-16
4.612208937021478960e+03 3.717811890611317990e-14 1.811328261951896049e-16
4.614956338264348233e+03 3.682429902227080260e-14 1.678531137871017184e-16
4.617703739507217506e+03 3.688009844676292758e-14 1.628342394186445196e-16
4.620451140750086779e+03 3.698072844691959636e-14 1.626628900957396716e-16
4.623198541992956052e+03 3.690548451056580051e-14 1.621066213834323731e-16
4.625945943235825325e+03 3.682060468856004914e-14 1.616081291528032929e-16
4.628693344478694598e+03 3.689624252533579257e-14 1.618837447514999853e-16
4.631440745721563871e+03 3.604623956049901157e-14 1.724856766659173551e-16
4.634188146964433145e+03 3.598635370394839085e-14 1.649579624824068925e-16
4.636935548207302418e+03 3.586013762932280413e-14 1.590855377412546213e-16
4.639682949450171691e+03 3.563442440837940095e-14 1.597920829942404366e-16
4.642430350693040964e+03 3.569159349827575594e-14 1.591061963856137492e-16
4.645177751935910237e+03 3.550995124949680068e-14 1.587650681039744309e-16
4.647925153178779510e+03 3.492082073909939062e-14 1.792398473654760503e-16
4.650672554421648783e+03 3.457891262309693497e-14 1.663035698563604924e-16
4.653419955664518056e+03 3.446029381115183929e-14 1.571908893103366120e-16
4.656167356907387330e+03 3.430953143839832535e-14 1.560832855326533432e-16
4.658914758150256603e+03 3.404945367354022123e-14 1.552664152713300999e-16
4.661662159393125876e+03 3.405462416870165762e-14 1.561427509460574218e-16
4.664409560635995149e+03 3.353932247505527825e-14 1.543405056624347701e-16
4.667156961878864422e+03 3.250636230811551731e-14 1.641042829164875826e-16
4.669904363121733695e+03 3.259714658958048909e-14 1.583219042031238036e-16
4.672651764364602968e+03 3.251934914848901772e-14 1.554312880194073027e-16
4.675399165607472241e+03 3.217870536495024838e-14 1.652133709188996568e-16
4.678146566850341515e+03 3.232968578213654706e-14 1.571328631125254009e-16
4.680893968093210788e+03 3.221231756301611346e-14 1.514680066800040741e-16
4.683641369336080061e+03 3.190356150927610278e-14 1.532284213666018413e-16
4.686388770578949334e+03 3.148673363554394060e-14 1.583519152751314861e-16
4.689136171821818607e+03 3.120005288670708995e-14 1.524415941500260176e-16
4.691883573064687880e+03 3.124895335552004478e-14 1.495007583319803384e-16
4.694630974307557153e+03 3.111715373288474176e-14 1.492048902210200368e-16
4.697378375550426426e+03 3.062049070902458432e-14 1.476949916763767835e-16
4.700125776793295699e+03 3.067516380967750082e-14 1.485737270012603540e-16
4.702873178036164973e+03 3.013124188296620275e-14 1.470689236438331647e-16
4.705620579279034246e+03 2.997681915671969587e-14 1.469857117586031851e-16
4.708367980521903519e+03 2.978697613635102312e-14 1.460506659649955054e-16
4.711115381764772792e+03 2.946033417909999298e-14 1.453016049450566725e-16
4.713862783007642065e+03 2.920882243513741084e-14 1.451305060407813785e-16
4.716610184250511338e+03 2.907587610546027604e-14 1.476786868933529775e-16
4.719357585493380611e+03 2.891217968368241417e-14 1.452395510477718598e-16
4.722104986736249884e+03 2.867377805092595136e-14 1.438305675628966033e-16
4.724852387979119158e+03 2.885485786985704819e-14 1.447405392064383097e-16
4.727599789221988431e+03 2.873028777277710405e-14 1.442550350981326772e-16
4.730347190464857704e+03 2.839150538093161295e-14 1.438305067565127662e-16
4.733094591707726977e+03 2.824122555798897740e-14 1.442866159043182587e-16
4.735841992950596250e+03 2.850641702513758721e-14 1.449085285814209822e-16
4.738589394193465523e+03 2.859098621262819923e-14 1.446561881837483341e-16
4.741336795436334796e+03 2.876095267639421224e-14 1.442764581922109208e-16
4.744084196679204069e+03 2.863456999694481526e-14 1.439197871818371556e-16
4.746831597922073342e+03 2.853703039811704789e-14 1.436866243977195295e-16
4.749578999164942616e+03 2.869200212140909611e-14 1.452509972459880570e-16
4.752326400407811889e+03 2.871744703610600764e-14 1.791645116815131892e-16
4.755073801650681162e+03 2.839014051245983966e-14 1.974930505463999932e-16
4.757821202893550435e+03 2.842084142786725330e-14 1.438373990964882804e-16
4.760568604136419708e+03 2.804963259656921327e-14 1.429594275783832305e-16
4.763316005379288981e+03 2.771809860089400892e-14 1.543833657417358009e-16
4.766063406622158254e+03 2.764104024484295115e-14 1.466902019720772343e-16
4.768810807865027527e+03 2.724258570691409523e-14 1.421536905701045783e-16
4.771558209107896801e+03 2.719918326857550391e-14 1.410517193815725479e-16
4.774305610350766074e+03 2.702139906303597085e-14 1.398819586033404872e-16
4.777053011593635347e+03 2.714238281219526439e-14 1.407464322607318026e-16
4.779800412836504620e+03 2.781000626006180797e-14 1.420978374118746488e-16
4.782547814079373893e+03 2.752541583484856065e-14 1.528791351278438970e-16
4.785295215322243166e+03 2.722241898139807263e-14 1.453650359294009770e-16
4.788042616565112439e+03 2.799949758073379796e-14 1.431401760831391184e-16
4.790790017807981712e+03 2.820885792708130556e-14 1.437836216670907091e-16
4.793537419050850986e+03 2.838750822760084521e-14 1.474197691095312999e-16
4.796284820293720259e+03 2.832815139845671273e-14 1.450267807344532177e-16
4.799032221536589532e+03 2.798157304230834453e-14 1.434914859672643326e-16
4.801779622779458805e+03 2.855182531252562654e-14 1.489213543617182839e-16
4.804527024022328078e+03 2.889503514354364793e-14 1.473611293452792819e-16
4.807274425265197351e+03 2.869095875686995743e-14 1.444498402158572565e-16
4.810021826508066624e+03 2.851128196535200408e-14 1.436964066998332674e-16
4.812769227750935897e+03 2.866224339113142481e-14 1.439510447545090859e-16
4.815516628993805170e+03 2.887079181847968870e-14 1.444230350518276524e-16
4.818264030236674444e+03 2.921685124124403328e-14 1.453850018490800959e-16
4.821011431479543717e+03 2.900463194361286794e-14 1.471450733133067773e-16
4.823758832722412990e+03 2.879881250990716863e-14 1.448299181885331993e-16
4.826506233965282263e+03 2.892020488441373904e-14 1.440207940193720388e-16
4.829253635208151536e+03 2.904961974307845291e-14 1.443715126602491953e-16
4.832001036451020809e+03 2.900639151573680052e-14 1.441162315290150249e-16
4.834748437693890082e+03 2.906668239563450092e-14 1.448825583466279641e-16
4.837495838936759355e+03 2.894959062897173421e-14 1.467985736964412005e-16
4.840243240179628629e+03 2.907688412440564312e-14 1.450369192157226709e-16
4.842990641422497902e+03 2.919265241082403812e-14 1.438896708988773378e-16
4.845738042665367175e+03 2.916319332551479867e-14 1.439814692652326490e-16
4.848485443908236448e+03 2.910692252991648684e-14 1.437843196682386570e-16
4.851232845151105721e+03 2.884778221369943416e-14 1.431506163715363301e-16
4.853980246393974994e+03 2.859063557749726964e-14 1.426989611346087017e-16
4.856727647636844267e+03 2.873022314771855775e-14 1.429759099255087570e-16
4.859475048879713540e+03 2.881073904625586125e-14 1.431014314724394105e-16
4.862222450122582813e+03 2.858613263208492629e-14 1.427054078718591149e-16
4.864969851365452087e+03 2.868856783357159878e-14 1.426240370308247311e-16
4.867717252608321360e+03 2.886592158354341803e-14 1.428239397594136963e-16
4.870464653851190633e+03 2.900327366013700006e-14 1.436361083084074129e-16
4.873212055094059906e+03 2.912089908652675322e-14 1.503292678102916854e-16
4.875959456336929179e+03 2.930276319512497205e-14 1.837394654603616490e-16
4.878706857579798452e+03 3.031923602697488007e-14 2.001375932868463257e-16
4.881454258822667725e+03 2.994908913041626558e-14 1.454291349043183079e-16
4.884201660065536998e+03 3.005679940303213098e-14 1.455878386699077261e-16
4.886949061308406272e+03 3.042912770810095021e-14 1.485137256494216703e-16
4.889696462551275545e+03 3.056931992656055731e-14 1.494739361925174289e-16
4.892443863794144818e+03 3.070571812004213490e-14 1.504533692599959810e-16
4.895191265037014091e+03 3.065333545218925120e-14 1.502897739075215342e-16
4.897938666279883364e+03 3.043321722133612294e-14 1.471427942112263629e-16
4.900686067522752637e+03 3.055709165472731150e-14 1.493240897610592894e-16
4.903433468765621910e+03 3.084987197085594420e-14 1.483518673875083547e-16
4.906180870008491183e+03 3.057193978565339730e-14 1.702156783409720925e-16
4.908928271251360457e+03 3.024385518461425178e-14 1.607906371342372745e-16
4.911675672494229730e+03 3.024843525775885699e-14 1.482504811624896187e-16
4.914423073737099003e+03 3.015140419035259958e-14 1.586174696143775628e-16
4.917170474979968276e+03 3.050362013725885116e-14 1.506455067305631802e-16
4.919917876222837549e+03 3.042531074026210814e-14 1.463159868097951606e-16
4.922665277465706822e+03 3.063669010333059800e-14 1.469808524872709586e-16
4.925412678708576095e+03 3.033187412463135703e-14 1.588844198876913255e-16
4.928160079951445368e+03 3.032700953894561543e-14 1.539059668203654971e-16
4.930907481194314641e+03 3.076258462754613434e-14 1.615592453878204088e-16
4.933654882437183915e+03 3.095886114922921951e-14 1.518385839417153637e-16
4.936402283680053188e+03 3.083022076288888213e-14 1.479756503230029530e-16
4.939149684922922461e+03 3.092847124068464727e-14 1.476166450477030186e-16
4.941897086165791734e+03 3.110042368162474495e-14 1.479165422180493553e-16
4.944644487408661007e+03 3.092902019103402170e-14 1.472723389109147789e-16
4.947391888651530280e+03 3.116368981553238860e-14 1.486858727189453218e-16
4.950139289894399553e+03 3.155438100201231042e-14 1.619857805152000439e-16
4.952886691137268826e+03 3.117515513192411300e-14 1.653755386528576238e-16
4.955634092380138100e+03 3.071603616724169377e-14 1.707477714121681288e-16
4.958381493623007373e+03 3.101215250084909122e-14 1.539625028862499001e-16
4.961128894865876646e+03 3.128467277595351736e-14 1.481839026022170327e-16
4.963876296108745919e+03 3.091448992588000232e-14 1.470088782158185499e-16
4.966623697351615192e+03 3.080232128390189903e-14 1.472531290100031854e-16
4.969371098594484465e+03 3.121212460014561385e-14 1.480733002279476502e-16
4.972118499837353738e+03 3.142791583277942485e-14 1.485720780863660419e-16
4.974865901080223011e+03 3.111469394109571835e-14 1.472188503595717877e-16
4.977613302323092284e+03 3.104126404036093138e-14 1.474856600829660287e-16
4.980360703565961558e+03 3.060731155811542992e-14 1.462111874062878324e-16
4.983108104808830831e+03 3.050499575946882451e-14 1.462048883668985974e-16
4.985855506051700104e+03 3.071968060768684500e-14 1.464926613319745836e-16
4.988602907294569377e+03 3.069947455563815242e-14 1.465944475911675401e-16
4.991350308537438650e+03 3.073658589309954604e-14 1.607204540138204472e-16
4.994097709780307923e+03 3.069829097190472787e-14 1.504012614546277165e-16
4.996845111023177196e+03 3.042891879427461327e-14 1.466046527777007879e-16
4.999592512266046469e+03 3.068070930026310411e-14 1.469034874684508087e-16
5.002339913508915743e+03 3.034363162771248411e-14 1.648082425295320490e-16
5.005087314751785016e+03 3.039865852062155641e-14 1.520328778892051631e-16
5.007834715994654289e+03 3.063491900904918971e-14 1.467321738083981383e-16
5.010582117237523562e+03 3.072254870227034728e-14 1.469584601094869240e-16
5.013329518480392835e+03 3.058815516155267047e-14 1.465160988957899014e-16
5.016076919723262108e+03 3.087591018460104503e-14 1.474015259316265217e-16
5.018824320966131381e+03 3.118687007043848779e-14 1.479263160459318575e-16
5.021571722209000654e+03 3.121875178137633427e-14 1.480044844827060588e-16
5.024319123451869928e+03 3.114985056571314544e-14 1.478450375018081012e-16
5.027066524694739201e+03 3.146234597720487933e-14 1.488742762216938075e-16
5.029813925937608474e+03 3.126479390216969786e-14 1.481614765416426467e-16
5.032561327180477747e+03 3.125449295841660926e-14 1.482218948948393928e-16
5.035308728423347020e+03 3.142864434237507663e-14 1.486141544774692642e-16
5.038056129666216293e+03 3.140779387749983631e-14 1.485864400902998129e-16
5.040803530909085566e+03 3.162789126252629021e-14 1.497474645362618361e-16
5.043550932151954839e+03 3.169213827668838263e-14 1.499214282258446183e-16
5.046298333394824112e+03 3.150056736203274653e-14 1.487428554673420368e-16
5.049045734637693386e+03 3.217898445643650517e-14 1.507522380927467322e-16
5.051793135880562659e+03 3.222158161712839146e-14 1.503855040111658973e-16
5.054540537123431932e+03 3.224583630913245028e-14 1.517639465070243718e-16
5.057287938366301205e+03 3.161461055071255783e-14 1.633481920098265957e-16
5.060035339609170478e+03 3.200384662548972188e-14 1.540991666291078468e-16
5.062782740852039751e+03 3.235893079333537853e-14 1.513236377913648607e-16
5.065530142094909024e+03 3.220720094535069033e-14 1.512899557138166139e-16
5.068277543337778297e+03 3.232009689637038126e-14 1.513150632348467738e-16
5.071024944580647571e+03 3.288546551230925137e-14 1.527389617312364676e-16
5.073772345823516844e+03 3.287597987796326747e-14 1.521994688744895084e-16
5.076519747066386117e+03 3.217568325039145887e-14 1.964921014277760225e-16
5.079267148309255390e+03 3.270083478210157598e-14 1.638995152022452740e-16
5.082014549552124663e+03 3.301567235502128809e-14 1.530866333412009424e-16
5.084761950794993936e+03 3.349901820394873723e-14 1.641519895245245927e-16
5.087509352037863209e+03 3.329386651849179322e-14 1.602990955157716090e-16
5.090256753280732482e+03 3.307403271973995146e-14 1.576475070155822246e-16
5.093004154523601755e+03 3.305175921940982221e-14 1.537214375675133527e-16
5.095751555766471029e+03 3.328169898562752367e-14 1.536622888175334436e-16
5.098498957009340302e+03 3.339219264763751136e-14 1.735926298052898226e-16
5.101246358252209575e+03 3.357994340524446532e-14 1.586567153244436482e-16
5.103993759495078848e+03 3.383370437214780311e-14 1.550611940300075650e-16
5.106741160737948121e+03 3.413483008257470644e-14 1.562062679205361868e-16
5.109488561980817394e+03 3.407165606429640970e-14 1.554718936749058102e-16
5.112235963223686667e+03 3.415711246779694552e-14 1.557938429296178513e-16
5.114983364466555940e+03 3.420061066493152537e-14 1.557652891287176500e-16
5.117730765709425214e+03 3.452550933433856906e-14 1.570537589564548797e-16
5.120478166952294487e+03 3.475485114792186516e-14 1.576681216791976227e-16
5.123225568195163760e+03 3.473105411389334593e-14 1.573385735188932820e-16
5.125972969438033033e+03 3.520698663290283499e-14 1.585617420862194439e-16
5.128720370680902306e+03 3.479133597039105430e-14 1.733919362811249653e-16
5.131467771923771579e+03 3.477193503866857798e-14 1.811602372475137530e-16
5.134215173166640852e+03 3.496753343397478514e-14 1.821071666791366912e-16
5.136962574409510125e+03 3.536736377913760127e-14 1.634011523418513521e-16
5.139709975652379399e+03 3.553662497112293352e-14 1.595786693158650288e-16
5.142457376895248672e+03 3.523522157243875124e-14 1.589929455567029453e-16
5.145204778138117945e+03 3.526475236949170905e-14 1.595352708944914893e-16
5.147952179380987218e+03 3.535932375848209491e-14 1.594448447013259448e-16
5.150699580623856491e+03 3.544297187189793760e-14 1.604147474626670202e-16
5.153446981866725764e+03 3.575648085199565856e-14 1.616460310604899957e-16
5.156194383109595037e+03 3.591660542084505513e-14 1.619485582988746435e-16
5.158941784352464310e+03 3.662207675557836311e-14 1.682969301576710628e-16
5.161689185595333583e+03 3.645955042778818913e-14 1.683251281740704077e-16
5.164436586838202857e+03 3.618750173815335877e-14 1.704255712912664964e-16
5.167183988081072130e+03 3.631273210897933459e-14 1.827016007866166931e-16
5.169931389323941403e+03 3.668113461087613780e-14 1.667339656636876128e-16
5.172678790566810676e+03 3.715115968542303775e-14 1.652106267913282227e-16
5.175426191809679949e+03 3.758331190913321953e-14 1.687664438926844308e-16
5.178173593052549222e+03 3.747803128119631967e-14 1.661373377418699649e-16
5.180920994295418495e+03 3.807712490862055567e-14 1.678790051434947701e-16
5.183668395538287768e+03 3.797428585300909846e-14 1.669995459852133248e-16
5.186415796781157042e+03 3.814900598355045404e-14 1.682162524751673581e-16
5.189163198024026315e+03 3.833168909761465623e-14 1.692276428873104615e-16
5.191910599266895588e+03 3.882184120741767993e-14 1.703550888686700894e-16
5.194658000509764861e+03 3.890312970612833693e-14 1.718019961723965101e-16
5.197405401752634134e+03 3.884127061643527330e-14 1.705770097211411202e-16
5.200152802995503407e+03 3.875991678734410838e-14 1.799478048724450335e-16
5.202900204238372680e+03 3.905711842206711001e-14 2.019057378905016931e-16
5.205647605481241953e+03 3.952690451871914725e-14 1.772739581727969802e-16
5.208395006724111227e+03 4.013464925251048595e-14 1.745015775807572316e-16
5.211142407966980500e+03 3.995280523682976616e-14 1.754118990020689927e-16
5.213889809209849773e+03 4.020641037035323379e-14 1.760300113376173960e-16
5.216637210452719046e+03 4.068810587623413735e-14 1.766360707008398689e-16
5.219384611695588319e+03 4.086685837972642412e-14 1.771880847343549364e-16
5.222132012938457592e+03 4.061021420243476169e-14 1.764742940154345636e-16
5.224879414181326865e+03 4.058576348017714620e-14 1.972645731364126870e-16
5.227626815424196138e+03 4.080443537422500185e-14 1.798018368934112222e-16
5.230374216667065411e+03 4.083736859021440751e-14 1.973791465942665120e-16
5.233121617909934685e+03 4.105274696909191549e-14 1.810103281592342183e-16
5.235869019152803958e+03 4.167571007209631553e-14 1.807363958386803927e-16
5.238616420395673231e+03 4.173485975178381010e-14 1.804095536301734222e-16
5.241363821638542504e+03 4.165688039308901295e-14 1.811243115807104452e-16
5.244111222881411777e+03 4.168972925705792593e-14 1.813027599345066019e-16
5.246858624124281050e+03 4.172465683667195246e-14 1.814220285882185588e-16
5.249606025367150323e+03 4.190025411364941261e-14 1.823491203312386074e-16
5.252353426610019596e+03 4.171729302256722095e-14 1.821657744464881347e-16
5.255100827852888870e+03 4.199090007858260155e-14 1.836012540205312307e-16
5.257848229095758143e+03 4.245536433255420193e-14 1.840004580259027739e-16
5.260595630338627416e+03 4.229267751182014944e-14 2.050040079166816514e-16
5.263343031581496689e+03 4.214384645265436955e-14 2.122230612416037010e-16
5.266090432824365962e+03 4.270192912831224335e-14 1.877818372284104064e-16
5.268837834067235235e+03 4.275577308745064886e-14 1.858459258420338493e-16
5.271585235310104508e+03 4.273798227352025226e-14 1.861423193688100105e-16
5.274332636552973781e+03 4.285530304758646257e-14 1.870905602186628967e-16
5.277080037795843054e+03 4.287861932426739543e-14 1.870928221344471159e-16
5.279827439038712328e+03 4.340307015315145615e-14 1.890698742407925551e-16
5.282574840281581601e+03 4.352397023083339709e-14 1.883077147107360108e-16
5.285322241524450874e+03 4.356128908777755721e-14 1.924454214653831489e-16
5.288069642767320147e+03 4.404708254646863159e-14 1.914784606654578541e-16
5.290817044010189420e+03 4.378352338877215588e-14 1.908567967724908967e-16
5.293564445253058693e+03 4.377239401541647258e-14 1.923658353769952643e-16
5.296311846495927966e+03 4.349004338540850091e-14 2.125971289811436335e-16
5.299059247738797239e+03 4.388470648054670877e-14 1.939479428412486568e-16
5.301806648981666513e+03 4.416123892412588995e-14 1.937365670698930865e-16
5.304554050224535786e+03 4.426373816825847243e-14 1.946022760883064714e-16
5.307301451467405059e+03 4.381262767205249633e-14 1.937579067125619770e-16
5.310048852710274332e+03 4.353638317732345910e-14 1.929311294274495177e-16
5.312796253953143605e+03 4.370516777735660261e-14 1.935040360766153512e-16
5.315543655196012878e+03 4.361817203773968213e-14 2.164546723972107523e-16
5.318291056438882151e+03 4.352695955499542545e-14 2.182393832928209229e-16
5.321038457681751424e+03 4.367195372679012351e-14 1.955613283788220844e-16
5.323785858924620698e+03 4.382891282414729852e-14 1.950283824770236434e-16
5.326533260167489971e+03 4.404741916025414881e-14 2.073661085348572595e-16
5.329280661410359244e+03 4.370916916577544197e-14 2.192493021366061608e-16
5.332028062653228517e+03 4.368926844465728365e-14 2.209010855201392856e-16
5.334775463896097790e+03 4.394011218913155288e-14 1.995778192926181996e-16
5.337522865138967063e+03 4.437418574766732264e-14 2.257758542766912660e-16
5.340270266381836336e+03 4.512190637721886955e-14 2.026370362239650425e-16
5.343017667624705609e+03 4.462723005704506431e-14 2.016824387342819318e-16
5.345765068867574882e+03 4.420445625720858682e-14 2.002827348147660405e-16
5.348512470110444156e+03 4.429241314167635235e-14 2.007022415843740312e-16
5.351259871353313429e+03 4.471048497360667740e-14 2.021661796052001504e-16
5.354007272596182702e+03 4.490489993859136702e-14 2.028546042850590021e-16
5.356754673839051975e+03 4.496342390989979153e-14 2.117193871173625779e-16
5.359502075081921248e+03 4.442068973272208964e-14 2.351279712427003319e-16
5.362249476324790521e+03 4.461362755527365860e-14 2.301175918933658847e-16
5.364996877567659794e+03 4.461917799292450436e-14 2.300161738256611158e-16
5.367744278810529067e+03 4.461441607432077461e-14 2.050525549063035710e-16
5.370491680053398341e+03 4.498553099702256378e-14 2.066020409959081705e-16
5.373239081296267614e+03 4.586807790735254338e-14 2.105994439120049986e-16
5.375986482539136887e+03 4.530783552783876236e-14 2.081292406357567400e-16
5.378733883782006160e+03 4.498472458439433960e-14 2.330916419741026305e-16
5.381481285024875433e+03 4.572979250009128764e-14 2.188424981340610448e-16
5.384228686267744706e+03 4.569038099032884274e-14 2.106825168454390589e-16
5.386976087510613979e+03 4.633927138772025653e-14 2.120839902903413491e-16
5.389723488753483252e+03 4.576327323530039235e-14 2.116084457968419441e-16
5.392470889996352525e+03 4.622007485287681951e-14 2.133946249206369277e-16
5.395218291239221799e+03 4.653556411641939826e-14 2.138504440818802988e-16
5.397965692482091072e+03 4.652398514500648263e-14 2.149245088955900993e-16
5.400713093724960345e+03 4.608969638873420182e-14 2.235357417044237260e-16
5.403460494967829618e+03 4.609530462561502690e-14 2.513299943774357901e-16
5.406207896210698891e+03 4.574942996077017672e-14 2.251318025935501201e-16
5.408955297453568164e+03 4.591266263763477766e-14 2.253394951888324171e-16
5.411702698696437437e+03 4.634263846429639789e-14 2.175576189547954784e-16
5.414450099939306710e+03 4.681941904680557877e-14 2.193624822309997877e-16
5.417197501182175984e+03 4.666812692958054634e-14 2.191034242711423945e-16
5.419944902425045257e+03 4.650874597213822227e-14 2.306873020398297746e-16
5.422692303667914530e+03 4.577734357075311468e-14 2.529308883714520170e-16
5.425439704910783803e+03 4.569741915933690354e-14 2.190067376147412028e-16
5.428187106153653076e+03 4.584759477320232475e-14 2.194812122369704016e-16
5.430934507396522349e+03 4.607368937454356386e-14 2.484172969727459751e-16
5.433681908639391622e+03 4.622718301627609823e-14 2.305445749990439595e-16
5.436429309882260895e+03 4.611278067747517468e-14 2.607801786996499042e-16
5.439176711125130169e+03 4.675244428255736527e-14 2.247401914912366176e-16
5.441924112367999442e+03 4.639575014059573649e-14 2.244950653894829148e-16
5.444671513610868715e+03 4.676528700958088809e-14 2.263870615540874918e-16
5.447418914853737988e+03 4.627741109808548678e-14 2.259046880026739787e-16
5.450166316096607261e+03 4.609089232776964191e-14 2.537062369142369770e-16
5.452913717339476534e+03 4.588639923612842101e-14 2.344527375144739150e-16
5.455661118582345807e+03 4.586892346027201742e-14 2.262347906943028656e-16
5.458408519825215080e+03 4.618716347585533374e-14 2.279720100928659065e-16
5.461155921068084353e+03 4.550653366528881622e-14 2.259732725594016740e-16
5.463903322310953627e+03 4.518870531586675448e-14 2.265488534544984858e-16
5.466650723553822900e+03 4.563977861292193657e-14 2.281701419323645274e-16
5.469398124796692173e+03 4.525930083963429738e-14 2.283284260778860239e-16
5.472145526039561446e+03 4.536484613732438285e-14 2.285426806223061609e-16
5.474892927282430719e+03 4.480135203461895749e-14 2.290001341797477546e-16
5.477640328525299992e+03 4.534975615799131109e-14 2.301541242208466686e-16
5.480387729768169265e+03 4.509056474874941044e-14 2.306811018458562065e-16
5.483135131011038538e+03 4.485531881590663029e-14 2.298968282656031437e-16
5.485882532253907812e+03 4.412639981717340265e-14 2.658712139784847335e-16
5.488629933496777085e+03 4.430337418818537176e-14 2.309297733275282823e-16
5.491377334739646358e+03 4.419074283322929300e-14 2.330767808561676722e-16
5.494124735982515631e+03 4.376816094316579255e-14 2.382990402984262995e-16
5.496872137225384904e+03 4.375362265284068724e-14 2.308326937079883289e-16
5.499619538468254177e+03 4.427898977316949060e-14 2.328182774225650379e-16
5.502366939711123450e+03 4.380385403429713567e-14 2.314228668431430830e-16
5.505114340953992723e+03 4.370338098605301770e-14 2.323300597878940968e-16
5.507861742196861996e+03 4.305123521786228031e-14 2.312902181633030600e-16
5.510609143439731270e+03 4.288857083996439330e-14 2.311152130004706843e-16
5.513356544682600543e+03 4.345357225988751255e-14 2.434954615331049140e-16
5.516103945925469816e+03 4.310391761255130292e-14 2.328990377209296410e-16
5.518851347168339089e+03 4.283895195064947678e-14 2.351024279324130905e-16
5.521598748411208362e+03 4.248848761539943412e-14 2.415208594991443433e-16
5.524346149654077635e+03 4.205816888064949860e-14 2.327465260782399047e-16
5.527093550896946908e+03 4.275624302943335983e-14 2.355383140261576073e-16
5.529840952139816181e+03 4.274767077384922682e-14 2.363923590753074040e-16
5.532588353382685455e+03 4.237874730466789182e-14 2.357997199275159169e-16
5.535335754625554728e+03 4.158036996990726076e-14 3.006579134500285602e-16
5.538083155868424001e+03 4.191814806725470737e-14 2.707238449042182711e-16
5.540830557111293274e+03 4.181962635733232147e-14 2.698320308931005098e-16
5.543577958354162547e+03 4.249232822820931364e-14 2.343058819912464020e-16
5.546325359597031820e+03 4.172447271594319804e-14 2.681262716341886333e-16
5.549072760839901093e+03 4.193648224314239725e-14 2.309038049015670409e-16
5.551820162082770366e+03 4.147131672982184381e-14 2.287422543879295128e-16
5.554567563325639640e+03 4.125240701568121992e-14 2.399843454566498974e-16
5.557314964568508913e+03 4.109242021067093214e-14 2.402647580917884278e-16
5.560062365811378186e+03 4.069104061606115451e-14 2.241304658146134869e-16
5.562809767054247459e+03 4.105850137478615228e-14 2.242709652535183171e-16
5.565557168297116732e+03 4.076652135263057599e-14 2.229204887433189814e-16
5.568304569539986005e+03 4.097209079454280875e-14 2.229429294058906048e-16
5.571051970782855278e+03 4.109892585904862487e-14 2.233799297231207734e-16
5.573799372025724551e+03 4.049990817075839210e-14 2.211487293544684023e-16
5.576546773268593824e+03 4.007033457200730511e-14 2.188252772032706709e-16
5.579294174511463098e+03 4.039274779626933427e-14 2.189630560938898790e-16
5.582041575754332371e+03 4.035896710823292246e-14 2.180464182320451631e-16
5.584788976997201644e+03 4.043081377322242231e-14 2.199761949492848441e-16
5.587536378240070917e+03 3.983866778308893373e-14 2.156026238187684946e-16
5.590283779482940190e+03 4.027459531346336697e-14 2.161280163324434447e-16
5.593031180725809463e+03 3.986691925223954683e-14 2.156685395991065614e-16
5.595778581968678736e+03 3.947122631537192476e-14 2.185755732936395804e-16
5.598525983211548009e+03 3.914000559732691323e-14 2.145393389667276782e-16
5.601273384454417283e+03 3.989731054308333597e-14 2.128461015876024260e-16
5.604020785697286556e+03 3.894819521181616821e-14 2.098405878720292599e-16
5.606768186940155829e+03 3.865709655844482856e-14 2.090953299162537506e-16
5.609515588183025102e+03 3.839807396466812429e-14 2.072722510250030426e-16
5.612262989425894375e+03 3.850409059768874676e-14 2.074979351688083415e-16
5.615010390668763648e+03 3.783385336752729994e-14 2.042606571894188252e-16
5.617757791911632921e+03 3.777894864997720126e-14 2.037749347683492990e-16
5.620505193154502194e+03 3.734915206116779606e-14 2.022519245811184401e-16
5.623252594397371467e+03 3.718864591288667209e-14 2.254876400647614105e-16
5.625999995640240741e+03 3.737212155884199563e-14 2.006444247850976833e-16
5.628747396883110014e+03 3.674067385458898690e-14 1.997994546052455592e-16
5.631494798125979287e+03 3.634541961030617951e-14 2.300769275897135461e-16
5.634242199368848560e+03 3.630424521822875155e-14 1.955717429916903439e-16
5.636989600611717833e+03 3.666527954014654921e-14 1.969556560281607199e-16
5.639737001854587106e+03 3.629543221577655170e-14 1.959082394810924820e-16
5.642484403097456379e+03 3.580314813084541508e-14 2.043489830091850557e-16
5.645231804340325652e+03 3.575118587713171456e-14 2.214017784557634204e-16
5.647979205583194926e+03 3.522568815985022866e-14 2.215883606304675376e-16
5.650726606826064199e+03 3.488092796845686239e-14 2.199210011432235588e-16
5.653474008068933472e+03 3.561862485794380768e-14 1.935859938466923699e-16
5.656221409311802745e+03 3.490134008275747279e-14 1.897705533365792733e-16
5.658968810554672018e+03 3.479483994886816486e-14 1.872947318838379719e-16
5.661716211797541291e+03 3.422070605397959086e-14 1.852051093003704787e-16
5.664463613040410564e+03 3.459802950795062333e-14 1.861726337981007394e-16
5.667211014283279837e+03 3.401795839811010835e-14 1.842870772584093426e-16
5.669958415526149111e+03 3.380059842248762053e-14 1.822759636491319431e-16
5.672705816769018384e+03 3.365048478542123358e-14 1.810490168957691378e-16
5.675453218011887657e+03 3.319462478085274495e-14 1.788090960987582123e-16
5.678200619254756930e+03 3.318533132462426768e-14 1.779333565136067228e-16
5.680948020497626203e+03 3.308908262910857177e-14 1.776437418362146725e-16
5.683695421740495476e+03 3.306688179386183335e-14 1.771840130536438767e-16
5.686442822983364749e+03 3.269661913270362526e-14 1.748923803140906477e-16
5.689190224226234022e+03 3.277547571117143541e-14 1.747566956190440086e-16
5.691937625469103295e+03 3.235587335605717095e-14 1.725145031219381789e-16
5.694685026711972569e+03 3.239538806652863807e-14 1.721401518192250638e-16
5.697432427954841842e+03 3.223650431137243805e-14 1.722091141156514299e-16
5.700179829197711115e+03 3.236735567821473976e-14 1.912209502239074746e-16
5.702927230440580388e+03 3.223296744699240085e-14 1.718192393955226486e-16
5.705674631683449661e+03 3.169150127518685956e-14 1.671316031085256738e-16
