# obs_wvl flux error  |  merged epoch (resel): STIS CCD,STIS MAMA
1.583000000000000000e+03 1.258654354654626022e-14 1.750640953159040088e-14
1.586096674159735812e+03 8.763645331950515166e-16 8.098857789389616140e-15
1.589193348319471625e+03 8.747222151613702327e-15 5.878086528658406212e-15
1.592290022479207437e+03 2.665793001076804629e-16 4.073369048295346068e-15
1.595386696638943249e+03 -6.990873558079782483e-15 2.810173281827179219e-15
1.598483370798679061e+03 -2.807991031717974091e-15 2.416532757479170266e-15
1.601580044958414874e+03 -1.367962732536180856e-15 1.946983112952497486e-15
1.604676719118150686e+03 -1.918082512039200452e-15 1.565898476307097893e-15
1.607773393277886498e+03 -2.852521435018673710e-15 1.190914377308744874e-15
1.610870067437622311e+03 -1.665845681490276609e-15 1.039575659191763897e-15
1.613966741597358123e+03 -2.135915983843405311e-16 9.722762863050226262e-16
1.617063415757093935e+03 -1.784057964348147682e-15 7.286008683579258629e-16
1.620160089916829747e+03 -1.415407104960795424e-16 7.312730897391488281e-16
1.623256764076565560e+03 1.078465177420764671e-15 7.100896596201896343e-16
1.626353438236301372e+03 -5.993447508506492493e-16 5.281798587296438995e-16
1.629450112396037184e+03 -2.711772863800213819e-16 4.862323618955210166e-16
1.632546786555772997e+03 -6.265766859088920306e-16 4.215207170860209462e-16
1.635643460715508809e+03 -6.709068013814171999e-16 3.839447297050797350e-16
1.638740134875244621e+03 2.144269177304258300e-16 4.045381342416773823e-16
1.641836809034980433e+03 -1.706113423588751559e-16 3.476678161789117856e-16
1.644933483194716246e+03 -3.529951903311130204e-16 3.091192259558212189e-16
1.648030157354452058e+03 -2.957564542843264985e-16 2.867993645766059395e-16
1.651126831514187870e+03 2.871294731347900003e-16 3.176746995833454963e-16
1.654223505673923682e+03 -5.126180278374235135e-16 2.351325673115848798e-16
1.657320179833659495e+03 -5.843421298423403211e-18 2.605079092016823767e-16
1.660416853993395307e+03 9.095536062246269051e-17 2.509402317912133565e-16
1.663513528153131119e+03 -3.734808520029380049e-16 2.044130390639679691e-16
1.666610202312866932e+03 -4.376802971345084562e-16 1.843054274230722972e-16
1.669706876472602744e+03 -2.864694066192301377e-17 2.125431110722736369e-16
1.672803550632338556e+03 -3.135854032203536338e-16 1.780178544951820944e-16
1.675900224792074368e+03 -1.035555675192915662e-16 1.894917147462369170e-16
1.678996898951810181e+03 8.847506207105261707e-17 1.967378662794305590e-16
1.682093573111545993e+03 6.255658896994129604e-17 1.850845178435573720e-16
1.685190247271281805e+03 6.521940467221930716e-17 1.805727659559940438e-16
1.688286921431017618e+03 -1.079024053807196176e-16 1.592498872436420176e-16
1.691383595590753430e+03 1.472651151608205533e-16 1.763522699475030882e-16
1.694480269750489242e+03 -1.800788126896869801e-16 1.474879854974699843e-16
1.697576943910225054e+03 -2.536998730861975432e-16 1.394013860928021630e-16
1.700673618069960867e+03 6.667836043496235296e-17 1.554281899601958278e-16
1.703770292229696679e+03 -3.856165420605874032e-17 1.457686599520402593e-16
1.706866966389432491e+03 -2.397477588784554573e-16 1.256955216369633114e-16
1.709963640549168304e+03 -1.709875383649612994e-16 1.295612749258405138e-16
1.713060314708904116e+03 -1.073643845538925095e-16 1.272839427226643224e-16
1.716156988868639928e+03 2.226474744262922194e-16 1.464808193193131907e-16
1.719253663028375740e+03 1.411679283070871545e-16 1.347671723833266932e-16
1.722350337188111553e+03 5.580355671411677597e-17 1.274486238741134894e-16
1.725447011347847365e+03 2.297536827592446053e-16 1.390489302823867946e-16
1.728543685507583177e+03 8.426947284832584233e-17 1.233601529988194735e-16
1.731640359667318990e+03 5.225598039288935778e-17 1.210339525651800462e-16
1.734737033827054802e+03 -6.916745173833659104e-17 1.140987636876537795e-16
1.737833707986790614e+03 2.054043308834734289e-17 1.194514236205893539e-16
1.740930382146526426e+03 1.306619233493086064e-17 1.112375785535220886e-16
1.744027056306262239e+03 -2.078714139224723936e-17 1.027152180142945948e-16
1.747123730465998051e+03 1.985758725127353882e-16 1.191182834900157665e-16
1.750220404625733863e+03 7.780297030347498477e-17 1.104761148559151665e-16
1.753317078785469675e+03 3.289240574028477488e-17 1.050242132662793644e-16
1.756413752945205488e+03 1.081377793576923779e-16 1.062422957505706768e-16
1.759510427104941300e+03 -4.024099313782877802e-17 9.369676426274921236e-17
1.762607101264677112e+03 -1.277348831717081488e-16 8.558260823280191130e-17
1.765703775424412925e+03 -2.687827204410299252e-17 8.846353944780777228e-17
1.768800449584148737e+03 4.967079927796678612e-17 9.500057047542240625e-17
1.771897123743884549e+03 5.818332446180406863e-17 9.559607235436755749e-17
1.774993797903620361e+03 1.018726846586889277e-16 9.697444171036304283e-17
1.778090472063356174e+03 -3.120314900317533690e-17 8.285964278813097203e-17
1.781187146223091986e+03 1.904742275426487490e-16 9.761123836247685915e-17
1.784283820382827798e+03 6.366369284267195382e-17 8.836918031951357140e-17
1.787380494542563611e+03 4.064905778330038325e-17 8.552388711929298829e-17
1.790477168702299423e+03 1.506549757346146969e-16 8.911556324716688659e-17
1.793573842862035235e+03 8.688467489956732273e-17 8.371103108172191255e-17
1.796670517021771047e+03 4.426302612188780033e-17 7.973471611902667351e-17
1.799767191181506860e+03 1.984474294535883888e-16 8.775276355995653390e-17
1.802863865341242672e+03 2.201288761071747803e-16 9.036067524876927565e-17
1.805960539500978484e+03 2.410228539872435064e-16 9.220371093593324512e-17
1.809057213660714297e+03 1.725825454499484826e-16 8.416957718069465447e-17
1.812153887820450109e+03 2.237457620739498929e-16 8.252170520455220862e-17
1.815250561980185921e+03 1.898349116285500648e-16 8.144560129803298897e-17
1.818347236139921733e+03 -1.906283799535089439e-17 6.759129819131839520e-17
1.821443910299657546e+03 1.076037374869585448e-16 7.255040416728932862e-17
1.824540584459393358e+03 1.736399863541534531e-16 7.790225744538657431e-17
1.827637258619129170e+03 9.041064106212629864e-17 7.265178261561533765e-17
1.830733932778864983e+03 7.024175237771368005e-17 6.788907210304372481e-17
1.833830606938600795e+03 1.064453726623305438e-16 7.002687996725574774e-17
1.836927281098336607e+03 1.643977606750179752e-16 7.540975040923093500e-17
1.840023955258072419e+03 4.378202342209999200e-17 6.631808362537698506e-17
1.843120629417808232e+03 -1.406842166982146370e-17 5.983422011406408034e-17
1.846217303577544044e+03 8.375218478536118430e-17 6.769600527347110669e-17
1.849313977737279856e+03 1.961822001414245555e-16 7.338868253453780800e-17
1.852410651897015669e+03 1.518318071067613328e-16 6.770857648790584743e-17
1.855507326056751481e+03 1.117563882548386658e-16 6.554559623356792059e-17
1.858604000216487293e+03 5.969610497767013339e-17 6.193849044449609164e-17
1.861700674376223105e+03 1.210077823896487112e-16 6.798326995599054729e-17
1.864797348535958918e+03 6.493950164631062093e-17 5.893703309379608325e-17
1.867894022695694730e+03 2.531138102885262107e-16 7.243655802722368911e-17
1.870990696855430542e+03 1.667300032762807422e-16 6.601406238345319191e-17
1.874087371015166354e+03 2.038471098969168603e-16 6.874708583414591183e-17
1.877184045174902167e+03 1.395507829927221040e-16 6.178939955181718040e-17
1.880280719334637979e+03 2.124448286834786633e-16 6.745450879646341997e-17
1.883377393494373791e+03 2.404214829623004449e-16 6.817631228775500505e-17
1.886474067654109604e+03 3.653639201726152093e-16 7.687165702587195525e-17
1.889570741813845416e+03 2.248650576067907592e-16 6.768064294841415676e-17
1.892667415973581228e+03 2.169857422191893602e-16 6.476006748566563693e-17
1.895764090133317040e+03 9.224844007334629509e-17 5.629225784726516059e-17
1.898860764293052853e+03 9.439136153406974173e-17 5.719693991530570540e-17
1.901957438452788665e+03 2.341233520960477339e-16 6.674356950402462197e-17
1.905054112612524477e+03 1.606140130108500303e-16 5.957507788089466944e-17
1.908150786772260290e+03 1.338970246472594753e-16 5.828096164369244304e-17
1.911247460931996102e+03 1.174610075836823704e-16 5.570566169159310750e-17
1.914344135091731914e+03 1.868940996044194544e-16 6.044420950372015551e-17
1.917440809251467726e+03 7.740413303098043226e-17 5.403408803849863794e-17
1.920537483411203539e+03 1.313960026896500307e-16 5.665370270428803486e-17
1.923634157570939351e+03 1.962167025198336035e-16 5.985928856677168951e-17
1.926730831730675163e+03 2.370418780644203726e-16 6.184313021955134317e-17
1.929827505890410976e+03 2.648307079913915424e-16 6.308281286788106074e-17
1.932924180050146788e+03 1.605193214232118822e-16 5.610278415501883328e-17
1.936020854209882600e+03 1.740980696632694583e-16 5.596186436853620760e-17
1.939117528369618412e+03 1.610418377170656924e-16 5.480280668471496413e-17
1.942214202529354225e+03 1.950785372112896032e-16 5.817220282983012962e-17
1.945310876689090037e+03 1.696817074209264232e-16 5.635948892989537699e-17
1.948407550848825849e+03 1.408922488653428260e-16 5.297769959990085578e-17
1.951504225008561662e+03 2.721621508371882266e-16 6.128939893852319029e-17
1.954600899168297474e+03 2.717543095320247761e-16 6.015318086066284790e-17
1.957697573328033286e+03 2.178446410120393766e-16 5.642311493420094573e-17
1.960794247487769098e+03 1.641432550600239791e-16 5.343045056730437635e-17
1.963890921647504911e+03 1.816148058030050623e-16 5.416605360220172874e-17
1.966987595807240723e+03 2.234493798547192592e-16 5.555625314593832202e-17
1.970084269966976535e+03 2.836281911283271946e-16 5.819696245893370694e-17
1.973180944126712347e+03 2.446578145084953464e-16 5.514919102640699457e-17
1.976277618286448160e+03 2.783442839712099794e-16 5.716819733161945584e-17
1.979374292446183972e+03 3.522961543301143841e-16 6.234437392122741884e-17
1.982470966605919784e+03 1.501844757485614674e-16 4.971855202670290635e-17
1.985567640765655597e+03 2.115991244748280912e-16 5.355301234505940057e-17
1.988664314925391409e+03 2.657322549299754988e-16 5.509018009080414902e-17
1.991760989085127221e+03 2.644820239834121985e-16 5.426388228241301078e-17
1.994857663244863033e+03 2.668376484175033055e-16 5.491424116121612911e-17
1.997954337404598846e+03 2.331909782539998799e-16 5.303098964785737556e-17
2.001051011564334658e+03 1.700110671518856475e-16 4.916891909748746334e-17
2.004147685724070470e+03 2.442688845262486731e-16 5.161708158013835939e-17
2.007244359883806283e+03 2.990539658726899233e-16 5.468017122542079078e-17
2.010341034043542095e+03 2.775272911166431034e-16 5.435911094315002234e-17
2.013437708203277907e+03 2.456658309317261471e-16 5.307365406828304721e-17
2.016534382363013719e+03 2.646426712156981676e-16 5.276063216192955742e-17
2.019631056522749532e+03 2.771035980947895356e-16 5.175157820863127586e-17
2.022727730682485344e+03 2.035762301633553787e-16 4.794246752364154056e-17
2.025824404842221156e+03 3.411733713146527862e-16 5.620976937433986875e-17
2.028921079001956969e+03 3.077398515412583171e-16 5.423587452898612136e-17
2.032017753161692781e+03 2.936860866560335712e-16 5.225100344887712114e-17
2.035114427321428593e+03 2.892553746945128602e-16 5.078488149361159240e-17
2.038211101481164405e+03 2.203429228277665424e-16 4.735823342464526329e-17
2.041307775640900218e+03 2.318248409441216040e-16 4.854132597685350712e-17
2.044404449800636030e+03 2.327794695335119401e-16 4.835752446416085632e-17
2.047501123960371842e+03 1.986632172421018904e-16 4.552960149520976545e-17
2.050597798120107655e+03 2.035034459666364042e-16 4.494561708546446175e-17
2.053694472279843467e+03 1.619157161485949711e-16 4.265823997414548032e-17
2.056791146439579279e+03 2.876984252170281666e-16 5.067852963562935526e-17
2.059887820599315091e+03 1.660225893053753939e-16 4.247129555137906672e-17
2.062984494759050904e+03 1.641459782190018481e-16 4.257652539173955872e-17
2.066081168918786716e+03 1.795378370421596254e-16 4.380947928485270287e-17
2.069177843078522528e+03 1.683359906823706460e-16 4.247680438565604206e-17
2.072274517238258341e+03 1.235515118465259719e-16 3.886544095985680339e-17
2.075371191397994153e+03 1.152739808055091449e-16 3.901206440643477209e-17
2.078467865557729965e+03 2.079336467687478983e-16 4.377449588436359125e-17
2.081564539717465777e+03 1.313859740832855591e-16 3.875315927009717127e-17
2.084661213877201590e+03 7.904012011518929837e-17 3.458079298042240336e-17
2.087757888036937402e+03 1.332614892683746738e-16 3.812459396507925507e-17
2.090854562196673214e+03 1.763336298398533574e-16 4.059585460233041386e-17
2.093951236356409026e+03 2.065497631386295117e-16 4.200799758113603340e-17
2.097047910516144839e+03 2.271812816393295712e-16 4.299247227453183918e-17
2.100144584675880651e+03 1.637191490641314198e-16 3.932119497584155781e-17
2.103241258835616463e+03 1.459187330694433800e-16 3.735050105499638366e-17
2.106337932995352276e+03 1.419096569104652735e-16 3.735187571682528343e-17
2.109434607155088088e+03 1.243020352818002667e-16 3.631775925642866603e-17
2.112531281314823900e+03 1.535978288259405259e-16 3.717454845330908320e-17
2.115627955474559712e+03 1.942980853728691550e-16 3.925495741865512656e-17
2.118724629634295525e+03 2.286896789709314254e-16 4.170118639118070498e-17
2.121821303794031337e+03 2.009545818102840748e-16 3.965375563423157958e-17
2.124917977953767149e+03 1.926228183540596651e-16 3.858798020781441885e-17
2.128014652113502962e+03 1.097831496030130153e-16 3.388944795961174432e-17
2.131111326273238774e+03 2.024705095486685630e-16 3.936159474078948581e-17
2.134208000432974586e+03 1.799974348533642270e-16 3.800209777209477189e-17
2.137304674592710398e+03 8.901445637072818717e-17 3.186294462575987039e-17
2.140401348752446211e+03 1.473356493693565515e-16 3.561218794631484646e-17
2.143498022912182023e+03 1.051355022340380132e-16 3.314042130288802587e-17
2.146594697071917835e+03 1.146630508700969548e-16 3.345761178413561516e-17
2.149691371231653648e+03 7.399017868607548251e-17 3.043525111569607310e-17
2.152788045391389460e+03 1.051410723516667593e-16 3.252821638639967976e-17
2.155884719551125272e+03 8.514205558874879806e-17 3.093828366035683993e-17
2.158981393710861084e+03 1.117128816134510406e-16 3.228829396021944636e-17
2.162078067870596897e+03 1.344050953972126610e-16 3.351234692508489987e-17
2.165174742030332709e+03 1.355990366920687031e-16 3.384132407065697647e-17
2.168271416190068521e+03 9.824332416361910021e-17 3.070273467512971101e-17
2.171368090349804334e+03 8.520112044157867655e-17 3.043143576949960502e-17
2.174464764509540146e+03 1.378217465540753799e-16 3.378167505168879596e-17
2.177561438669275958e+03 1.805921265466059108e-16 3.544478352406350463e-17
2.180658112829011770e+03 5.540168553499568185e-17 2.753747016839426944e-17
2.183754786988747583e+03 4.659338494972936126e-17 2.779281711413916110e-17
2.186851461148483395e+03 1.666191622256450355e-16 3.414940263474453062e-17
2.189948135308219207e+03 1.365310852285225999e-16 3.197894875661201856e-17
2.193044809467955019e+03 6.298354178049152322e-17 2.791813533940810937e-17
2.196141483627690832e+03 8.258896638305569295e-17 2.897334840910007091e-17
2.199238157787426644e+03 1.408768102107758843e-16 3.261097101023621630e-17
2.202334831947162456e+03 8.145828763063287265e-17 2.840984798100401608e-17
2.205431506106898269e+03 9.049934618528252748e-17 2.918619458926483451e-17
2.208528180266634081e+03 7.810743830409911590e-17 2.809129575894146823e-17
2.211624854426369893e+03 1.041767541689513226e-16 2.971269363279273708e-17
2.214721528586105705e+03 9.792526011658188157e-17 2.928733074114230592e-17
2.217818202745841518e+03 1.101054313698213896e-16 3.038330579616831157e-17
2.220914876905577330e+03 1.064464264714524345e-16 2.989508239269578758e-17
2.224011551065313142e+03 1.086232654768957473e-16 2.973051638765807454e-17
2.227108225225048955e+03 1.058635958500641629e-16 2.928149473857056568e-17
2.230204899384784767e+03 1.037620678791613411e-16 2.913446933630706999e-17
2.233301573544520579e+03 9.811296672612980763e-17 2.926443355542201867e-17
2.236398247704256391e+03 8.747247373270997371e-17 2.819727927683624209e-17
2.239494921863992204e+03 9.020265821294230597e-17 2.855117099499228303e-17
2.242591596023728016e+03 5.204452641175176455e-17 2.565507169553429236e-17
2.245688270183463828e+03 1.521478453408586726e-16 3.174763626133149242e-17
2.248784944343199641e+03 1.030262998781398443e-16 2.858329759150693898e-17
2.251881618502935453e+03 7.125497243099475343e-17 2.650607642416105516e-17
2.254978292662671265e+03 7.918578256026620574e-17 2.734607510808053639e-17
2.258074966822407077e+03 1.127837624776709159e-16 2.922522435481894679e-17
2.261171640982142890e+03 1.777054273441073957e-16 3.287085838144943999e-17
2.264268315141878702e+03 1.610948113810463054e-16 3.130710612873311618e-17
2.267364989301614514e+03 1.655563276065751012e-16 3.153600525722083841e-17
2.270461663461350327e+03 1.742747144255648589e-16 3.211409537895843908e-17
2.273558337621086139e+03 1.540308535331968687e-16 3.072496270027314395e-17
2.276655011780821951e+03 2.119579414383085654e-16 3.405269349668455622e-17
2.279751685940557763e+03 1.748131676682090784e-16 3.214808926914821049e-17
2.282848360100293576e+03 1.243156015711449982e-16 2.889311915109950010e-17
2.285945034260029388e+03 2.857871192340598244e-16 3.705966761887029107e-17
2.289041708419765200e+03 2.023568685810840201e-16 3.240957177123454554e-17
2.292138382579501013e+03 2.249317972783335471e-16 3.363654197273043359e-17
2.295235056739236825e+03 2.066730788497809220e-16 3.292883079660244794e-17
2.298331730898972637e+03 2.707259467457822204e-16 3.626774662078804568e-17
2.301428405058708449e+03 2.891591654888866867e-16 3.672719744023754970e-17
2.304525079218444262e+03 3.276817257690447359e-16 3.820254979804736829e-17
2.307621753378180074e+03 3.637728583697464828e-16 3.922438462083250699e-17
2.310718427537915886e+03 3.062845916749185272e-16 3.642615248062800789e-17
2.313815101697651698e+03 3.761943913920100532e-16 4.001039967070776846e-17
2.316911775857387511e+03 3.108303690128538246e-16 3.712703329076831855e-17
2.320008450017123323e+03 3.802778027392374915e-16 3.948027207444040861e-17
2.323105124176859135e+03 3.993876066804637497e-16 4.026194986827883500e-17
2.326201798336594948e+03 3.650257187228861298e-16 3.900024095085460031e-17
2.329298472496330760e+03 4.328337624716886080e-16 4.167985235341996376e-17
2.332395146656066572e+03 4.063916593853463346e-16 4.072025255336941367e-17
2.335491820815802384e+03 4.445485556715561640e-16 4.167572634543980577e-17
2.338588494975538197e+03 3.235779496256230804e-16 3.729713759968961088e-17
2.341685169135274009e+03 3.889496266339243120e-16 3.995620296000450264e-17
2.344781843295009821e+03 4.281704497102129637e-16 4.166801325734965427e-17
2.347878517454745634e+03 4.309432715835858675e-16 4.142651051803003780e-17
2.350975191614481446e+03 4.420483838863970083e-16 4.171523461402127174e-17
2.354071865774217258e+03 3.938955375548769765e-16 4.005986027924968999e-17
2.357168539933953070e+03 2.720474954084145509e-16 3.496623169732409880e-17
2.360265214093688883e+03 3.436191452084494995e-16 3.778214778238693830e-17
2.363361888253424695e+03 4.091277412870104609e-16 4.017631161710895046e-17
2.366458562413160507e+03 5.495445904662128642e-16 4.551614678603287885e-17
2.369555236572896320e+03 3.846735106492556544e-16 3.918357323830224933e-17
2.372651910732632132e+03 4.238463934984586181e-16 4.070849754605886958e-17
2.375748584892367944e+03 4.826708536107084199e-16 4.280871477009308018e-17
2.378845259052103756e+03 4.158307541030864564e-16 3.961439539816007778e-17
2.381941933211839569e+03 3.527884526733321588e-16 3.762359161097287318e-17
2.385038607371575381e+03 3.489058081809425138e-16 3.782990376188229920e-17
2.388135281531311193e+03 3.213228255649464323e-16 3.633441579956750743e-17
2.391231955691047006e+03 4.165626947210846845e-16 4.025634397132329506e-17
2.394328629850782818e+03 3.379699876656058160e-16 3.708768310550471427e-17
2.397425304010518630e+03 3.445947334535440801e-16 3.715194566441308526e-17
2.400521978170254442e+03 4.209029942889479948e-16 4.000389262487842389e-17
2.403618652329990255e+03 3.492426744022294992e-16 3.721396326796371477e-17
2.406715326489726067e+03 3.019279211898677335e-16 3.550605214215745103e-17
2.409812000649461879e+03 3.853721195997394722e-16 3.851413540174740608e-17
2.412908674809197692e+03 4.163012690587624741e-16 3.951107787997274942e-17
2.416005348968933504e+03 4.019802190178064801e-16 3.891075976220989070e-17
2.419102023128669316e+03 3.791723429191274477e-16 3.808538143412256298e-17
2.422198697288405128e+03 3.759456862299946480e-16 3.788794674685925041e-17
2.425295371448140941e+03 4.096628998754606605e-16 3.936023847916019462e-17
2.428392045607876753e+03 3.603005602741980470e-16 3.734115921209411644e-17
2.431488719767612565e+03 2.882498875341387648e-16 3.475478131972557235e-17
2.434585393927348377e+03 3.604189264444897546e-16 3.797200308687895665e-17
2.437682068087084190e+03 3.095092070673230257e-16 3.583406378088307536e-17
2.440778742246820002e+03 3.645266953934958324e-16 3.749645818292718621e-17
2.443875416406555814e+03 3.057434765686269145e-16 3.517533061619890250e-17
2.446972090566291627e+03 3.297533216767315728e-16 3.634306522485622732e-17
2.450068764726027439e+03 3.471875876627957634e-16 3.717153995734949125e-17
2.453165438885763251e+03 3.195732426932139188e-16 3.564789155855445172e-17
2.456262113045499063e+03 3.995259323227909257e-16 3.835293121214406820e-17
2.459358787205234876e+03 4.751038579946983860e-16 4.114807860930355279e-17
2.462455461364970688e+03 4.579444339824708921e-16 4.018341192858457499e-17
2.465552135524706500e+03 5.151208662798481482e-16 4.208968100567329691e-17
2.468648809684442313e+03 4.794233028010665017e-16 4.133894673235925779e-17
2.471745483844178125e+03 5.583573678205309942e-16 4.384212703559725844e-17
2.474842158003913937e+03 5.656618748104442808e-16 4.369154873214900160e-17
2.477938832163649749e+03 6.441482303585604029e-16 4.608421991466200062e-17
2.481035506323385562e+03 6.374843875594614319e-16 4.615506528978568888e-17
2.484132180483121374e+03 6.334720850092476548e-16 4.517137918759756906e-17
2.487228854642857186e+03 6.650107135267433927e-16 4.639916831865971459e-17
2.490325528802592999e+03 6.043669280964266279e-16 4.441241346385498019e-17
2.493422202962328811e+03 7.304994808856126567e-16 4.802653084860733523e-17
2.496518877122064623e+03 6.785294521077095331e-16 4.638692924606435679e-17
2.499615551281800435e+03 7.116132883289482923e-16 4.763578283134573644e-17
2.502712225441536248e+03 8.163946861033191870e-16 5.005764125824721373e-17
2.505808899601272060e+03 8.166078361952492724e-16 4.992606183366915397e-17
2.508905573761007872e+03 7.209863190448297417e-16 4.761306028450225021e-17
2.512002247920743685e+03 8.690724933625320179e-16 5.167496909206747648e-17
2.515098922080479497e+03 9.418004968652390779e-16 5.310981626655192042e-17
2.518195596240215309e+03 8.514566280325181390e-16 5.056817507489262719e-17
2.521292270399951121e+03 1.027402543267482012e-15 5.546134897482813419e-17
2.524388944559686934e+03 1.024014093971883006e-15 5.510462102394910761e-17
2.527485618719422746e+03 9.140159506807729090e-16 5.198571446535527411e-17
2.530582292879158558e+03 9.856550997478282079e-16 5.377634522055609264e-17
2.533678967038894370e+03 9.364262551159382927e-16 5.228864977770270496e-17
2.536775641198630183e+03 9.703083889495834634e-16 5.352446156429405122e-17
2.539872315358365995e+03 9.633628603643512029e-16 5.310329705702506302e-17
2.542968989518101807e+03 1.048928024267369325e-15 5.543743709644545269e-17
2.546065663677837620e+03 9.451075311742533185e-16 5.198623352923329601e-17
2.549162337837573432e+03 9.677523292685440808e-16 5.266038182457543857e-17
2.552259011997309244e+03 9.945294755156023537e-16 5.377948173963990857e-17
2.555355686157045056e+03 1.067443854699881362e-15 5.627728468854622204e-17
2.558452360316780869e+03 9.593068270625574800e-16 5.243580258714421217e-17
2.561549034476516681e+03 8.894846304850648161e-16 5.042685370472611399e-17
2.564645708636252493e+03 9.296393577067750102e-16 5.215148494681846578e-17
2.567742382795988306e+03 8.918200248395630069e-16 5.112659956163912268e-17
2.570839056955724118e+03 8.811885862988687351e-16 5.054984832314583514e-17
2.573935731115459930e+03 9.162341762497904962e-16 5.186202307166447246e-17
2.577032405275195742e+03 8.268990113938626571e-16 4.962252625955081360e-17
2.580129079434931555e+03 6.718465892865915537e-16 4.486483062242262748e-17
2.583225753594667367e+03 7.064495153665596616e-16 4.591711333712945331e-17
2.586322427754403179e+03 7.177363987129185686e-16 4.675272568105351395e-17
2.589419101914138992e+03 5.429542941542887420e-16 4.089255179874299196e-17
2.592515776073874804e+03 6.249475289594967844e-16 4.406027308240564173e-17
2.595612450233610616e+03 5.857743770456580776e-16 4.270535554981477601e-17
2.598709124393346428e+03 5.722137684026410701e-16 4.237237711889298492e-17
2.601805798553082241e+03 4.261472884691160931e-16 3.740398888659695838e-17
2.604902472712818053e+03 6.270440924874790830e-16 4.456466979101115473e-17
2.607999146872553865e+03 5.562567546549074554e-16 4.157187395045478065e-17
2.611095821032289678e+03 4.710188894540982079e-16 3.923022073654454563e-17
2.614192495192025490e+03 3.899671361139463204e-16 3.695332142522026939e-17
2.617289169351761302e+03 5.090604659921114576e-16 4.080083435005286181e-17
2.620385843511497114e+03 5.886094456428137757e-16 4.307483811954715369e-17
2.623482517671232927e+03 6.649244878959376165e-16 4.489338913599876903e-17
2.626579191830968739e+03 7.649501301731609953e-16 4.757926440223669639e-17
2.629675865990704551e+03 8.788188670735416533e-16 5.046324812061879469e-17
2.632772540150440364e+03 8.419796866493523373e-16 4.911170930684765501e-17
2.635869214310176176e+03 8.923639501863670555e-16 5.078288779205638642e-17
2.638965888469911988e+03 9.179854702452343536e-16 5.120784279687091321e-17
2.642062562629647800e+03 9.862204795511142741e-16 5.238673739398405357e-17
2.645159236789383613e+03 1.038512053956041803e-15 5.355251993014366606e-17
2.648255910949119425e+03 1.135786290275541561e-15 5.614873844597813775e-17
2.651352585108855237e+03 1.195038125844815530e-15 5.681301388735086967e-17
2.654449259268591049e+03 1.311949528974272401e-15 5.937931412260721058e-17
2.657545933428326862e+03 1.214884635126550334e-15 5.666775789342491508e-17
2.660642607588062674e+03 1.284223855074576826e-15 5.932976627935801312e-17
2.663739281747798486e+03 1.374550119573489532e-15 6.099246652815493697e-17
2.666835955907534299e+03 1.312333922275683311e-15 5.896910071511560091e-17
2.669932630067270111e+03 1.347164822455343475e-15 6.014125461963571179e-17
2.673029304227005923e+03 1.465170511961678369e-15 6.229311278493895432e-17
2.676125978386741735e+03 1.542537929757869394e-15 6.298918166203887670e-17
2.679222652546477548e+03 1.570068625281742404e-15 6.341999198758218999e-17
2.682319326706213360e+03 1.683216960435369691e-15 6.658717135474472154e-17
2.685416000865949172e+03 1.601943683822430133e-15 6.450089767991862415e-17
2.688512675025684985e+03 1.765342059368607397e-15 6.777359986438883967e-17
2.691609349185420797e+03 1.777212460882774294e-15 6.802449891633505415e-17
2.694706023345156609e+03 1.906332867359930481e-15 6.958642374835314511e-17
2.697802697504892421e+03 1.916742302931801595e-15 7.047182299004687186e-17
2.700899371664628234e+03 1.998783871485840620e-15 7.200274555904969761e-17
2.703996045824364046e+03 2.017947717122877945e-15 7.198678325458625452e-17
2.707092719984099858e+03 2.253534930680711682e-15 7.552765370155586202e-17
2.710189394143835671e+03 2.472093017878361900e-15 7.882221706642201631e-17
2.713286068303571483e+03 2.493773774079469535e-15 7.867803489192562441e-17
2.716382742463307295e+03 2.650422902094589446e-15 8.108501560470345923e-17
2.719479416623043107e+03 2.795392979336407945e-15 8.415391687556179867e-17
2.722576090782778920e+03 2.830362132708357606e-15 8.408186600233915189e-17
2.725672764942514732e+03 2.836321881940410437e-15 8.477338763349802026e-17
2.728769439102250544e+03 2.973872934631011700e-15 8.653103569632356089e-17
2.731866113261986357e+03 2.922398120386599293e-15 8.517646556938946593e-17
2.734962787421722169e+03 2.948414866939306888e-15 8.550526719942016626e-17
2.738059461581457981e+03 3.195178870252307883e-15 8.927536989358819931e-17
2.741156135741193793e+03 3.258480693275308986e-15 9.014680409643942560e-17
2.744252809900929606e+03 3.368554555926172251e-15 9.133431593757931404e-17
2.747349484060665418e+03 3.348409341912126291e-15 9.095138300653348035e-17
2.750446158220401230e+03 3.254752174138341716e-15 9.011710751781074246e-17
2.753542832380137042e+03 3.395859308877346457e-15 9.234073206236896428e-17
2.756639506539872855e+03 3.361176412539729575e-15 9.052087233168914791e-17
2.759736180699608667e+03 3.442564265679634923e-15 9.253224925554258219e-17
2.762832854859344479e+03 3.562809513334003957e-15 9.427512122112415717e-17
2.765929529019080292e+03 3.571540923530760253e-15 9.529906655526004254e-17
2.769026203178816104e+03 3.391767446737154896e-15 9.124275509482503893e-17
2.772122877338551916e+03 3.606765204122877500e-15 9.428774545455938966e-17
2.775219551498287728e+03 3.896573064126764474e-15 9.963178253780402977e-17
2.778316225658023541e+03 3.899311895156425895e-15 9.885099510459962779e-17
2.781412899817759353e+03 3.665705190873266891e-15 9.553295277646646786e-17
2.784509573977495165e+03 3.742773235472863820e-15 9.736255812174614727e-17
2.787606248137230978e+03 3.824813803334148254e-15 9.880192104476871166e-17
2.790702922296966790e+03 3.824843758636403594e-15 9.855273406276591494e-17
2.793799596456702602e+03 3.872302596562166812e-15 9.909241543883039949e-17
2.796896270616438414e+03 3.523137688583765427e-15 9.582257242716485700e-17
2.799992944776174227e+03 3.612333493100627483e-15 9.622180692726365823e-17
2.803089618935910039e+03 3.656213042614007902e-15 9.858197373069690015e-17
2.806186293095645851e+03 3.618236398495324400e-15 9.765740698125805206e-17
2.809282967255381664e+03 3.164671060959500605e-15 9.158356907882177813e-17
2.812379641415117476e+03 2.785780908303842865e-15 8.501565602575262277e-17
2.815476315574853288e+03 3.485522665478084220e-15 9.563101864135052216e-17
2.818572989734589100e+03 3.107878910604318853e-15 8.856870385088686818e-17
2.821669663894324913e+03 4.375606551926322549e-15 1.061080178045759657e-16
2.824766338054060725e+03 5.282124698641784922e-15 1.168091938058680820e-16
2.827863012213796537e+03 5.566686207781297574e-15 1.192773382738125194e-16
2.830959686373532350e+03 5.676743101981259126e-15 1.203523195851819546e-16
2.834056360533268162e+03 5.884846333225212092e-15 1.223562159875130628e-16
2.837153034693003974e+03 6.263984251630390601e-15 1.260868199838696921e-16
2.840249708852739786e+03 6.596534812305446633e-15 1.307895204099750198e-16
2.843346383012475599e+03 6.875845178766798178e-15 1.329333095105174962e-16
2.846443057172211411e+03 6.985707998213876950e-15 1.345791186568079619e-16
2.849539731331947223e+03 7.172297815298612064e-15 1.369255270260155925e-16
2.852636405491683036e+03 7.285265224781574890e-15 1.384317961438057737e-16
2.855733079651418848e+03 7.459584442233187526e-15 1.398298847810883548e-16
2.858829753811154660e+03 8.129406181549927474e-15 1.465698660446640746e-16
2.861926427970890472e+03 8.563550834162984594e-15 1.495792435952612307e-16
2.865023102130626285e+03 7.941341154931897213e-15 1.454847480603011857e-16
2.868119776290362097e+03 7.015656842305323595e-15 1.352438630341640219e-16
2.871216450450097909e+03 8.334073212029590377e-15 1.506090480747590461e-16
2.874313124609833721e+03 9.699791048126973233e-15 1.617365459471281676e-16
2.877409798769569534e+03 1.029453889573150484e-14 1.653055056753346887e-16
2.880506472929305346e+03 1.031147147413622889e-14 1.657150786274800233e-16
2.883603147089041158e+03 1.039130281298527779e-14 1.673203364146778584e-16
2.886699821248776971e+03 1.089602221954904874e-14 1.720889761745868092e-16
2.889796495408512783e+03 1.110111006077139734e-14 1.732883117198677024e-16
2.892893169568248595e+03 1.183643904630632495e-14 1.794881023420626317e-16
2.895989843727984407e+03 1.226883061879498194e-14 1.833898890737507621e-16
2.899086517887720220e+03 1.253529698816241374e-14 1.870560275683936013e-16
2.902183192047456032e+03 1.300130140968645048e-14 1.921682451059096994e-16
2.905279866207191844e+03 1.318302295015890701e-14 1.910226430594039854e-16
2.908376540366927657e+03 1.354379135662957017e-14 1.958806496439956732e-16
2.911473214526663469e+03 1.338442654423534398e-14 1.943409684372526099e-16
2.914569888686399281e+03 1.371175030852030791e-14 1.979749557108228506e-16
2.917666562846135093e+03 1.391903978246698253e-14 2.008897887330278647e-16
2.920763237005870906e+03 1.410454592372101581e-14 2.031271130194319825e-16
2.923859911165606718e+03 1.412490357642749801e-14 2.036787002324662408e-16
2.926956585325342530e+03 1.395699970552523251e-14 2.028005580529542802e-16
2.930053259485078343e+03 1.370430281859489608e-14 2.017731152793856694e-16
2.933149933644814155e+03 1.418632822273651020e-14 2.071991879193714170e-16
2.936246607804549967e+03 1.414428808232336544e-14 2.063694615005108536e-16
2.939343281964285779e+03 1.392430914627567506e-14 2.057044193519012532e-16
2.942439956124021592e+03 1.374706821564945486e-14 2.058353749941857771e-16
2.945536630283757404e+03 1.376190842746151335e-14 2.069017686340665821e-16
2.948633304443493216e+03 1.382323074590159017e-14 2.092493663277254187e-16
2.951729978603229029e+03 1.366807138345456725e-14 2.076355033236770139e-16
2.954826652762964841e+03 1.404544473818636504e-14 2.121142974878280238e-16
2.957923326922700653e+03 1.424128066887246142e-14 2.166222001667856377e-16
2.961020001082436465e+03 1.424922244830061571e-14 2.187655151360358554e-16
2.964116675242172278e+03 1.420489253311908808e-14 2.178251272883796768e-16
2.967213349401908090e+03 1.402330774522743480e-14 2.142951749504110521e-16
2.969000000000000000e+03 1.382208209817360279e-14 1.537549337507003929e-16
2.970310023561643902e+03 1.367708920181052580e-14 2.147777328097455445e-16
2.973406697721379714e+03 1.379214075878560541e-14 2.161350708309111090e-16
2.974494213381157351e+03 1.390714794889962893e-14 1.606810230655943543e-16
2.976503371881115527e+03 1.413131604822412122e-14 2.203239196969860109e-16
2.979600046040851339e+03 1.403212482444121002e-14 2.196953310625342345e-16
2.979988426762314703e+03 1.398667688654232413e-14 1.943074198189106851e-16
2.982696720200587151e+03 1.359889119382192159e-14 2.166761718530491827e-16
2.985482640143472054e+03 1.431101753944809164e-14 2.066781755363667894e-16
2.985793394360322964e+03 1.438438448608625795e-14 2.281784372913323646e-16
2.988890068520058776e+03 1.464374372722991582e-14 2.308356605036900175e-16
2.990976853524629405e+03 1.434389515969324149e-14 1.713759321235076565e-16
2.991986742679794588e+03 1.417680413197574669e-14 2.272351510968476901e-16
2.995083416839530400e+03 1.468702503224014651e-14 2.328940368415584475e-16
2.996471066905786756e+03 1.431992522575425124e-14 1.649828046097792627e-16
2.998180090999266213e+03 1.389398999142537303e-14 2.272410744316638537e-16
3.001276765159002025e+03 1.376327697346953296e-14 2.295356692319007987e-16
3.001965280286944108e+03 1.372649601541595928e-14 1.861867744987186711e-16
3.004373439318737837e+03 1.354390982545427073e-14 2.286540660992590698e-16
3.007459493668101459e+03 1.327027650639570930e-14 2.284594281018050963e-16
3.007470113478473650e+03 1.326926676056445931e-14 2.292326206312381158e-16
3.010566787638209462e+03 1.300215239123075597e-14 2.256162992982221221e-16
3.012953707049258810e+03 1.278082004806474678e-14 1.842216132585256972e-16
3.013663461797945274e+03 1.272624375973123430e-14 2.284975513444803052e-16
3.016760135957681086e+03 1.218421661953361402e-14 2.253849101837145420e-16
3.018447920430416161e+03 1.230134857419097705e-14 1.621463276726216273e-16
3.019856810117416899e+03 1.242867032838939059e-14 2.277349623975820887e-16
3.022953484277152711e+03 1.209691030857820554e-14 2.273813069378352070e-16
3.023942133811573513e+03 1.215654429729521303e-14 1.721915504624792070e-16
3.026050158436888523e+03 1.223683683341914251e-14 2.287413150255493857e-16
3.029146832596624336e+03 1.175785746771399408e-14 2.282098800477780377e-16
3.029436347192730864e+03 1.176596523264859323e-14 2.083824181713238888e-16
3.032243506756360148e+03 1.183223300042750940e-14 2.284684432640869033e-16
3.034930560573888215e+03 1.173535101884268414e-14 2.043941044126562307e-16
3.035340180916095960e+03 1.171423979512404133e-14 2.322462894202602088e-16
3.038436855075831772e+03 1.155286246828399175e-14 2.305935055725104041e-16
3.040424773955045566e+03 1.169812059898598473e-14 1.742557360439421597e-16
3.041533529235567585e+03 1.178105814859493472e-14 2.366387849095242189e-16
3.044630203395303397e+03 1.186172335450028263e-14 2.397294239444806475e-16
3.045918987336202918e+03 1.199992168488920611e-14 1.750741398653082098e-16
3.047726877555039209e+03 1.218751734754995912e-14 2.445726154816750872e-16
3.050823551714775022e+03 1.177438034006510171e-14 2.420727302278026261e-16
3.051413200717360269e+03 1.180897414674541463e-14 2.025037556632643157e-16
3.053920225874510834e+03 1.205987166991180591e-14 2.425071849133843390e-16
3.056907414098517620e+03 1.239805477716121886e-14 2.460531685348810785e-16
3.057016900034246646e+03 1.241204227389011690e-14 2.546018170949594211e-16
3.060113574193982458e+03 1.251462602854994932e-14 2.525011491428170853e-16
3.062401627479674971e+03 1.236559389687416699e-14 2.032873977754343311e-16
3.063210248353718271e+03 1.236738867529288613e-14 2.575517240708810055e-16
3.066306922513454083e+03 1.261546931248815485e-14 2.582716503315348218e-16
3.067895840860832323e+03 1.255689573384016006e-14 1.891256823804856667e-16
3.069403596673189895e+03 1.256270743868314092e-14 2.662078720108424685e-16
3.072500270832925708e+03 1.294113643761649162e-14 2.727704848153083393e-16
3.073390054241989674e+03 1.301512965548180764e-14 2.122196025775730293e-16
3.075596944992661520e+03 1.313407278492104719e-14 2.710946215852570490e-16
3.078693619152397332e+03 1.330632612045318099e-14 2.802194285834262513e-16
3.078884267623147025e+03 1.330817785463028735e-14 2.643605537912950631e-16
3.081790293312133144e+03 1.348973124705198949e-14 2.825746324776312363e-16
3.084378481004304376e+03 1.402955183600117081e-14 2.537115479443061856e-16
3.084886967471868957e+03 1.416928416061172910e-14 2.959030248459534451e-16
3.087983641631604769e+03 1.458225551654015117e-14 2.939415191363436644e-16
3.089872694385461728e+03 1.439914582541174324e-14 2.220778544757523222e-16
3.091080315791340581e+03 1.442056560395348603e-14 3.028935697862563386e-16
3.094176989951076393e+03 1.509388547922252358e-14 3.112796495736438687e-16
3.095366907766619079e+03 1.506818174074986743e-14 2.304952823076073365e-16
3.097273664110812206e+03 1.535014213302082944e-14 3.082056902163567585e-16
3.100370338270548018e+03 1.551940289178237281e-14 3.220022019310402391e-16
3.100861121147776430e+03 1.560790293956675890e-14 2.788433359444579029e-16
3.103467012430283830e+03 1.631507282497428605e-14 3.217058743698738918e-16
3.106355334528933781e+03 1.616135779959571429e-14 3.177708343277143285e-16
3.106563686590019643e+03 1.615335134680178772e-14 3.380461620997261503e-16
3.109660360749755455e+03 1.622856118628399749e-14 3.274169200159637007e-16
3.111849547910091133e+03 1.637266524797667465e-14 2.688991414304676580e-16
3.112757034909491267e+03 1.647409584240533390e-14 3.460445198212100727e-16
3.115853709069227079e+03 1.670318907402569537e-14 3.508504466738989336e-16
3.117343761291248484e+03 1.700650688253570748e-14 2.605435713047533931e-16
3.118950383228962892e+03 1.724258279234694454e-14 3.565005433284361593e-16
3.122047057388698704e+03 1.803631005817429168e-14 3.749285708542100159e-16
3.122837974672405835e+03 1.814742314675400026e-14 3.017864684691524659e-16
3.125143731548434516e+03 1.874791642443772618e-14 3.659342204363617048e-16
3.128240405708170329e+03 1.810150881124508558e-14 3.804970362916756807e-16
3.128332188053563186e+03 1.811628473992028338e-14 3.705350694129968683e-16
3.131337079867906141e+03 1.900453355400140913e-14 3.738344859549365212e-16
3.133826401434720538e+03 1.846672314480619725e-14 3.331132660670429483e-16
3.134433754027641953e+03 1.835487005654390807e-14 3.949421529002146974e-16
3.137530428187377765e+03 1.835052292509625534e-14 3.874342294337551433e-16
3.139320614815877889e+03 1.824038358720559448e-14 2.944905359517676154e-16
3.140627102347113578e+03 1.815968894247029352e-14 3.983354301352585489e-16
3.143723776506849390e+03 1.788700290573082838e-14 4.013172948706127848e-16
3.144814828197035240e+03 1.828379537178706840e-14 3.089754174191100355e-16
3.146820450666585202e+03 1.874650136153380215e-14 3.991600253416460015e-16
3.149917124826321015e+03 1.833939502475877095e-14 4.100551041583308180e-16
3.150309041578192591e+03 1.807302932108421621e-14 1.103173218849883151e-15
3.155803254959349943e+03 1.855887465947826565e-14 1.088401272086464187e-15
3.161297468340507294e+03 1.879627677441328470e-14 1.144561699092143662e-15
3.166791681721664645e+03 1.735629406704029911e-14 1.052557330793294083e-15
3.172285895102821996e+03 1.857549871016630375e-14 1.056858776019502144e-15
3.177780108483979348e+03 1.624148444401638411e-14 1.032069691232592287e-15
3.183274321865136699e+03 1.885409687010576949e-14 1.028101458919372790e-15
3.188768535246294050e+03 1.812625125997245339e-14 1.007897487468124229e-15
3.194262748627451401e+03 1.818372086665856686e-14 9.973311761238717534e-16
3.199756962008608753e+03 1.854317679462516395e-14 9.921742395430325337e-16
3.205251175389766104e+03 2.003774826763733848e-14 1.085133174270738092e-15
3.210745388770923455e+03 1.764432826179527192e-14 1.024859492909694463e-15
3.216239602152080806e+03 1.710028043580022542e-14 9.504205756215303577e-16
3.221733815533238158e+03 1.717075891887189102e-14 9.351814394720123193e-16
3.227228028914395509e+03 1.816412803543460945e-14 9.364016398291852772e-16
3.232722242295552860e+03 1.620240146473753226e-14 9.354992552818823380e-16
3.238216455676710211e+03 1.745096089414170564e-14 9.339787617453325358e-16
3.243710669057867563e+03 1.508464067325352703e-14 8.855225331626971756e-16
3.249204882439024914e+03 1.470836123128267325e-14 8.800934190952676989e-16
3.254699095820182265e+03 1.528343471565521828e-14 8.836237040984970274e-16
3.260193309201339616e+03 1.391650951191197903e-14 8.524200174603913449e-16
3.265687522582496968e+03 1.387715138512733244e-14 8.586555136619611043e-16
3.271181735963654319e+03 1.718885033465571899e-14 8.711815376617891666e-16
3.276675949344811670e+03 1.572295729630473797e-14 8.490201437571758856e-16
3.282170162725969021e+03 1.534833932642781355e-14 8.431224965600962183e-16
3.287664376107126373e+03 1.542089804597564792e-14 8.395586805973474866e-16
3.293158589488283724e+03 1.549120259896768092e-14 8.314728642186982129e-16
3.298652802869441075e+03 1.667700858944094241e-14 8.342152782097081178e-16
3.304147016250598426e+03 1.629256911265958041e-14 8.219759032623258385e-16
3.309641229631755778e+03 1.557219558951624613e-14 8.106496579518868715e-16
3.315135443012913129e+03 1.595686074182775224e-14 8.035066040048412541e-16
3.320629656394070480e+03 1.556219973291788800e-14 8.039844347188887172e-16
3.326123869775227831e+03 1.851895249942552195e-14 9.332744732855864033e-16
3.331618083156385183e+03 1.899688280623195761e-14 8.248416785811903748e-16
3.337112296537542534e+03 1.785714916769167903e-14 8.064637012384492203e-16
3.342606509918699885e+03 2.008702257369507249e-14 8.158174792428366815e-16
3.348100723299857236e+03 4.035226054561461315e-14 1.102455658033523555e-15
3.353594936681014588e+03 2.004335856481853933e-14 8.169165362593108289e-16
3.359089150062171939e+03 2.189589349010744233e-14 8.085320731316010570e-16
3.364583363443329290e+03 2.249435001120496134e-14 8.026353213445961734e-16
3.370077576824486641e+03 2.292065949545585479e-14 8.040977201409279368e-16
3.375571790205643993e+03 2.010972108876754714e-14 8.100416184054446361e-16
3.381066003586801344e+03 2.335951794808750234e-14 7.987638240899745841e-16
3.386560216967958695e+03 2.371372820152868464e-14 7.965993458281646047e-16
3.392054430349116046e+03 2.324493145885152834e-14 8.094240789727058875e-16
3.397548643730273398e+03 2.285564358225115828e-14 7.884692781600995799e-16
3.403042857111430749e+03 2.330721108267409108e-14 7.862689134869989542e-16
3.408537070492588100e+03 2.422603785986639684e-14 7.759232875988394337e-16
3.414031283873745451e+03 2.539344654855057765e-14 7.841994466140441259e-16
3.419525497254902803e+03 2.471544007912128618e-14 8.004494848798836155e-16
3.425019710636060154e+03 2.843296620216702705e-14 7.831399398979305222e-16
3.430513924017217505e+03 2.841238157257674880e-14 7.884764816217680444e-16
3.436008137398374856e+03 2.845147715123504884e-14 7.933665822271624332e-16
3.441502350779532208e+03 2.706181530796527536e-14 7.746135500490370044e-16
3.446996564160689559e+03 2.818302834497900944e-14 7.730994060680000153e-16
3.452490777541846910e+03 3.016357803218328508e-14 7.784292167691030681e-16
3.457984990923004261e+03 2.912602998941929867e-14 7.675063873238589771e-16
3.463479204304161613e+03 3.049656194594710871e-14 7.673232918001184746e-16
3.468973417685318964e+03 3.326951050419395339e-14 7.828034090610975504e-16
3.474467631066476315e+03 3.348213444068868858e-14 7.778778867794874987e-16
3.479961844447633666e+03 3.472864300121544422e-14 7.837894363381614824e-16
3.485456057828791018e+03 3.487749746809043567e-14 7.821895789632236521e-16
3.490950271209948369e+03 3.844409235873811270e-14 8.042325211365740237e-16
3.496444484591105720e+03 3.689312487625732847e-14 7.887943551218433624e-16
3.501938697972263071e+03 3.816067479946470110e-14 7.887374655106072172e-16
3.507432911353420423e+03 4.186043780327643700e-14 8.112652430827180764e-16
3.512927124734577774e+03 4.266145560846009896e-14 8.140010092606498091e-16
3.518421338115735125e+03 4.478916096680369543e-14 8.233711372317685553e-16
3.523915551496892476e+03 4.680863724657360690e-14 8.323747638563545080e-16
3.529409764878049828e+03 4.824614510837505159e-14 8.343712977080568874e-16
3.534903978259207179e+03 5.218425063584278800e-14 8.675218882125097197e-16
3.540398191640364530e+03 5.067702455423324772e-14 8.425715305835572151e-16
3.545892405021521881e+03 5.266331211386655897e-14 8.556629559874310442e-16
3.551386618402679233e+03 5.344540754405887129e-14 8.551102102469308842e-16
3.556880831783836584e+03 5.557315104164677948e-14 8.714130668157304484e-16
3.562375045164993935e+03 5.769329081709806690e-14 8.789472210142335568e-16
3.567869258546151286e+03 5.967586099501894131e-14 8.796452401295054949e-16
3.573363471927308638e+03 6.208686519960930553e-14 8.998058198564628978e-16
3.578857685308465989e+03 6.325594179928501928e-14 9.020709727532715890e-16
3.584351898689623340e+03 6.666622146467428815e-14 9.109268324130921519e-16
3.589846112070780691e+03 6.504687796794454716e-14 8.977918650572610465e-16
3.595340325451938043e+03 6.591429196568244640e-14 8.980725150141795361e-16
3.600834538833095394e+03 6.551729123066957712e-14 1.104143021613381952e-15
3.606328752214252745e+03 6.775429199173870662e-14 1.172229773383686483e-15
3.611822965595410096e+03 6.935467548923931557e-14 9.306370814141481540e-16
3.617317178976567448e+03 6.641464462091904615e-14 8.936679830813062299e-16
3.622811392357724799e+03 6.691697158158393143e-14 8.965358544541004899e-16
3.628305605738882150e+03 6.709203448014551101e-14 8.929174905861867423e-16
3.633799819120039501e+03 6.371054586996876604e-14 8.688425192543180604e-16
3.639294032501196853e+03 6.350551073292030414e-14 8.670281912742902499e-16
3.644788245882354204e+03 6.142540611642020942e-14 8.605449955102868690e-16
3.650282459263511555e+03 5.714741958758159909e-14 8.401315600770860298e-16
3.655776672644668906e+03 5.476887440587089579e-14 8.168157529683038288e-16
3.661270886025826258e+03 5.377388041590219533e-14 8.098812437855103082e-16
3.666765099406983609e+03 5.032959584788589100e-14 7.835279187050961772e-16
3.672259312788140960e+03 4.670636458632431552e-14 7.840838115802684675e-16
3.677753526169298311e+03 4.303232131497568104e-14 7.601497056319175115e-16
3.683247739550455663e+03 3.989161608960393371e-14 7.279743690803977022e-16
3.688741952931613014e+03 3.552318937466743261e-14 7.048958012299013452e-16
3.694236166312770365e+03 3.470177074656106946e-14 7.194230667363269335e-16
3.699730379693927716e+03 3.987516776007000220e-14 7.314527376181994506e-16
3.705224593075085068e+03 2.885324404579624810e-14 6.487196805947023932e-16
3.710718806456242419e+03 2.594082394979276882e-14 6.213910297530001936e-16
3.716213019837399770e+03 2.440620542674731219e-14 6.041199743280181541e-16
3.721707233218557121e+03 2.355860103709844857e-14 5.977939366523887557e-16
3.727201446599714473e+03 2.086614573051242357e-14 5.834719517836907667e-16
3.732695659980871824e+03 2.079511458381326798e-14 5.693493976569969105e-16
3.738189873362029175e+03 1.947414633775817346e-14 5.562862912219805384e-16
3.743684086743186526e+03 2.007718554997719084e-14 5.534588342012857656e-16
3.749178300124343878e+03 2.193137710030453733e-14 5.577715238744883755e-16
3.754672513505501229e+03 2.425623357093275886e-14 5.736033107092604892e-16
3.760166726886658580e+03 2.541683422066113102e-14 5.757392464743510565e-16
3.765660940267815931e+03 2.808154975456505184e-14 5.847500525033049095e-16
3.771155153648973283e+03 2.991559704237759931e-14 5.850139856328328825e-16
3.776649367030130634e+03 3.133320665998292037e-14 6.058910958798147635e-16
3.782143580411287985e+03 3.318963234078703870e-14 6.157936752855656977e-16
3.787637793792445336e+03 3.363602534616225486e-14 6.005606939670606137e-16
3.793132007173602688e+03 3.420941725073816805e-14 5.925740728210149540e-16
3.798626220554760039e+03 3.564836500714103633e-14 5.966361061005113306e-16
3.804120433935917390e+03 3.557654680668836193e-14 5.897212634181813538e-16
3.809614647317074741e+03 3.688350854001496226e-14 5.955817532755889974e-16
3.815108860698232093e+03 3.746734626252594365e-14 6.112300642037354996e-16
3.820603074079389444e+03 3.713461098345988237e-14 5.849615602520706993e-16
3.826097287460546795e+03 3.826704123132700453e-14 5.862770811570810266e-16
3.831591500841704146e+03 3.966455398402152027e-14 5.935819056437305413e-16
3.837085714222861498e+03 4.138744003425142017e-14 5.935665011393782701e-16
3.842579927604018849e+03 4.299269199181165823e-14 5.967904285508886500e-16
3.848074140985176200e+03 4.411042904755118420e-14 6.009603962335278297e-16
3.853568354366333551e+03 4.690279680526750412e-14 6.082914388640676177e-16
3.859062567747490903e+03 5.308911012477290522e-14 6.316449054121788853e-16
3.864556781128648254e+03 5.589638290800358552e-14 6.378119673411723675e-16
3.870050994509805605e+03 6.152136593771691306e-14 6.708357234729508189e-16
3.875545207890962956e+03 6.690544248834175829e-14 6.884320611468157612e-16
3.881039421272120308e+03 7.168694695774898462e-14 7.125370496263825344e-16
3.886533634653277659e+03 7.632556762238268919e-14 7.076619635651795405e-16
3.892027848034435010e+03 7.922222422854049466e-14 7.165531734170103719e-16
3.897522061415592361e+03 8.375222425342337075e-14 7.286309111075593332e-16
3.903016274796749713e+03 8.585353570188518739e-14 7.311065375032865858e-16
3.908510488177907064e+03 8.639024168037417791e-14 7.317443877170146816e-16
3.914004701559064415e+03 8.586313911162710857e-14 7.302686228485862779e-16
3.919498914940221766e+03 8.454924725463216434e-14 7.286056914339522137e-16
3.924993128321379118e+03 8.603520683320361954e-14 7.170559351696952244e-16
3.930487341702536469e+03 8.772204748570056891e-14 7.247747929127121723e-16
3.935981555083693820e+03 8.413578456558522060e-14 7.096552070588901365e-16
3.941475768464851171e+03 8.620980513422484379e-14 7.117014345374047135e-16
3.946969981846008523e+03 8.679487094841892439e-14 7.130827139873385134e-16
3.952464195227165874e+03 8.093913808117500907e-14 6.805627872154351423e-16
3.957958408608323225e+03 8.435529671836537380e-14 6.967165530260848676e-16
3.963452621989480576e+03 8.811035473885266687e-14 7.045118600051964673e-16
3.968946835370637928e+03 8.537681787872133532e-14 6.918276927516380142e-16
3.974441048751795279e+03 8.493274420212265637e-14 6.845347481793411127e-16
3.979935262132952630e+03 8.301283324850651335e-14 6.740755667549979954e-16
3.985429475514109981e+03 7.931741983618065794e-14 6.649713164551952403e-16
3.990923688895267333e+03 7.123594140519048997e-14 6.323567652877553317e-16
3.996417902276424684e+03 7.190761646315820442e-14 6.430341507683758250e-16
4.001912115657582035e+03 7.206511748815345598e-14 6.333781194799653318e-16
4.007406329038739386e+03 7.293388517945295576e-14 6.308465013266337195e-16
4.012900542419896738e+03 7.423340775638094107e-14 6.359870268756614098e-16
4.018394755801054089e+03 7.479352465624423531e-14 6.344108869600211864e-16
4.023888969182211440e+03 7.389394445419842761e-14 6.303302056121891864e-16
4.029383182563368791e+03 7.477320816200249142e-14 6.373461945805689553e-16
4.034877395944526143e+03 7.478508763015377598e-14 6.277670254378574289e-16
4.040371609325683494e+03 7.676395275914850433e-14 6.322015236222584911e-16
4.045865822706840845e+03 7.991893531084685104e-14 6.415345174885227333e-16
4.051360036087998196e+03 8.214563610515234295e-14 6.519162024765403064e-16
4.056854249469155548e+03 8.592767924771400037e-14 6.618439618284774201e-16
4.062348462850312899e+03 8.719403303325945338e-14 6.705922090586776368e-16
4.067842676231470250e+03 8.725137563276236430e-14 6.609910937148831849e-16
4.073336889612627601e+03 8.894479058341115105e-14 6.693754199147400897e-16
4.078831102993784953e+03 8.825838975556239277e-14 6.625076343651750562e-16
4.084325316374942304e+03 8.836656978492543503e-14 6.631164177560664878e-16
4.089819529756099655e+03 8.806194695236237063e-14 6.613855060857230745e-16
4.095313743137257006e+03 8.727065404645823925e-14 6.624349791838897573e-16
4.100807956518414358e+03 8.729656888629077155e-14 6.594424340593106633e-16
4.106302169899571709e+03 8.519484504348378607e-14 6.488016697289860536e-16
4.111796383280729060e+03 8.462417238817011863e-14 6.536747763117638228e-16
4.117290596661886411e+03 8.363738115134548476e-14 6.469142770395235617e-16
4.122784810043043763e+03 8.225839206430626894e-14 6.417980791627242818e-16
4.128279023424201114e+03 8.207620863736003282e-14 6.365293117470819019e-16
4.133773236805358465e+03 8.108628799653046117e-14 6.325386653784148637e-16
4.139267450186515816e+03 7.892306432202976772e-14 6.272767020331849634e-16
4.144761663567673168e+03 7.780820002215485645e-14 6.173922942955480407e-16
4.150255876948830519e+03 7.645402596031219282e-14 6.115669094719325264e-16
4.155750090329987870e+03 7.648793608843490795e-14 6.135658956886670687e-16
4.161244303711145221e+03 7.629194269612683462e-14 6.078726772358905188e-16
4.166738517092302573e+03 7.573941864708335705e-14 6.064031586657487442e-16
4.172232730473459924e+03 7.632271332589822528e-14 6.054116060690654006e-16
4.177726943854617275e+03 7.710993107435269512e-14 6.092762026613055931e-16
4.183221157235774626e+03 7.715136979052256596e-14 6.147596850380184729e-16
4.188715370616931978e+03 7.625910098900812497e-14 6.035328774512930082e-16
4.194209583998089329e+03 7.807573263215003114e-14 6.076008266029896187e-16
4.199703797379246680e+03 7.705029385644057562e-14 6.051938644205343070e-16
4.205198010760404031e+03 7.708319708870141036e-14 6.008128291179826859e-16
4.210692224141561383e+03 7.664641777984389858e-14 6.033069398517671141e-16
4.216186437522718734e+03 7.389965279176964889e-14 5.914129674165216917e-16
4.221680650903876085e+03 7.209382308152585729e-14 5.825995717065593811e-16
4.227174864285033436e+03 7.236302808153746262e-14 5.822197101589357265e-16
4.232669077666190788e+03 7.122490434730657699e-14 5.781164290000037932e-16
4.238163291047348139e+03 6.838066751515167443e-14 5.686694343915927349e-16
4.243657504428505490e+03 6.819059067071875350e-14 6.531435777749272411e-16
4.249151717809662841e+03 6.560624829026445396e-14 6.343866474252444366e-16
4.254645931190820193e+03 6.417312895605969436e-14 5.513916703084621339e-16
4.260140144571977544e+03 6.210268517316695731e-14 5.414421522077147927e-16
4.265634357953134895e+03 5.999872763113342297e-14 5.346457207164385456e-16
4.271128571334292246e+03 5.799271046020503631e-14 5.250305955680591966e-16
4.276622784715449598e+03 5.513418999262445095e-14 5.117002511514813963e-16
4.282116998096606949e+03 5.437565344296896097e-14 5.100979702617654625e-16
4.287611211477764300e+03 5.319618711188066653e-14 5.108538965837323360e-16
4.293105424858921651e+03 5.104746033575709007e-14 4.917810169207381457e-16
4.298599638240079003e+03 4.987225043615237679e-14 4.868113185201910875e-16
4.304093851621236354e+03 4.735331063537495762e-14 4.762935531326430228e-16
4.309588065002393705e+03 4.632036395954775161e-14 4.706469902415627335e-16
4.315082278383551056e+03 4.518586791254103016e-14 4.678945936202355933e-16
4.320576491764708408e+03 4.703334237862424269e-14 5.239324304952659786e-16
4.326070705145865759e+03 4.558069445058415417e-14 4.650055736124567221e-16
4.331564918527023110e+03 4.529184496390460063e-14 4.678975676841713270e-16
4.337059131908180461e+03 4.765811889197952815e-14 4.783355470937915695e-16
4.342553345289337813e+03 4.748905048417402274e-14 4.695923327940941281e-16
4.348047558670495164e+03 4.935634647078831232e-14 4.764227984814275202e-16
4.353541772051652515e+03 4.930387151923005197e-14 4.750264718567634036e-16
4.359035985432809866e+03 5.099527307652204744e-14 4.810929919235674518e-16
4.364530198813967218e+03 5.174964066264560478e-14 4.820779132222172627e-16
4.370024412195124569e+03 5.111878303335302547e-14 4.820479368761613909e-16
4.375518625576281920e+03 5.182294241635776362e-14 4.802710925884656355e-16
4.381012838957439271e+03 5.353938120031458753e-14 4.879129508234566325e-16
4.386507052338596623e+03 5.477081780275047480e-14 4.924132557912894668e-16
4.392001265719753974e+03 5.488325218714825379e-14 4.909829443548686692e-16
4.397495479100911325e+03 5.547672255977906595e-14 4.906467146913535315e-16
4.402989692482068676e+03 5.628609485301223717e-14 4.955755222273243867e-16
4.408483905863226028e+03 5.696517631758696277e-14 4.959687077149944619e-16
4.413978119244383379e+03 5.784841715859991892e-14 4.993112941552083493e-16
4.419472332625540730e+03 6.007300359683076578e-14 5.088594675030535293e-16
4.424966546006698081e+03 5.981026901224740800e-14 5.049160047999110105e-16
4.430460759387855433e+03 6.360240774716846152e-14 5.175415470930639740e-16
4.435954972769012784e+03 6.525731772838780136e-14 5.205391813124329403e-16
4.441449186150170135e+03 6.681461419341209367e-14 5.268551292449382694e-16
4.446943399531327486e+03 6.670462753129883170e-14 5.240527162533458646e-16
4.452437612912484838e+03 6.774274743709294761e-14 5.268763428080171126e-16
4.457931826293642189e+03 7.138056571260023244e-14 5.495873024124311296e-16
4.463426039674799540e+03 7.222037383704710060e-14 5.398274357571023572e-16
4.468920253055956891e+03 7.473249205260007771e-14 5.473873011419342395e-16
4.474414466437114243e+03 7.632494634454730915e-14 5.522760824989134311e-16
4.479908679818271594e+03 7.704186756867665323e-14 5.545039758560438613e-16
4.485402893199428945e+03 7.732820916385155744e-14 5.545209275933287694e-16
4.490897106580586296e+03 7.754778725621890048e-14 5.557845087360519604e-16
4.496391319961743648e+03 7.898154448130432895e-14 5.583226534058148436e-16
4.501885533342900999e+03 8.098993188143111700e-14 5.664808191607695738e-16
4.507379746724058350e+03 8.141629359707286538e-14 5.687924620862034750e-16
4.512873960105215701e+03 8.189789918262083534e-14 5.672162948394377674e-16
4.518368173486373053e+03 8.311101460932844971e-14 5.728856144196636550e-16
4.523862386867530404e+03 8.300835396266584898e-14 6.176661230515528533e-16
4.529356600248687755e+03 8.248985109787036795e-14 5.675596309773945834e-16
4.534850813629845106e+03 8.418169699907951109e-14 5.729710615428562551e-16
4.540345027011002458e+03 8.522858973893618476e-14 5.778118380238688997e-16
4.545839240392159809e+03 8.400626728315770599e-14 5.735487137219820827e-16
4.551333453773317160e+03 8.267862837563664477e-14 5.684140150982352389e-16
4.556827667154474511e+03 8.182142833807857810e-14 5.705734836782405620e-16
4.562321880535631863e+03 8.197624114057140000e-14 5.926037842395545689e-16
4.567816093916789214e+03 8.017676061284420953e-14 5.609359291821811378e-16
4.573310307297946565e+03 7.896702276300000935e-14 5.703968793097353968e-16
4.578804520679103916e+03 7.906328838632784855e-14 5.544762543786446094e-16
4.584298734060261268e+03 7.815585130139151659e-14 5.532424329895449390e-16
4.589792947441418619e+03 7.886885855155883460e-14 5.560128136302135646e-16
4.595287160822575970e+03 7.822571598701681335e-14 5.528966551000863150e-16
4.600781374203733321e+03 7.887465162110001405e-14 5.553717619672718454e-16
4.606275587584890673e+03 7.896956405765985648e-14 5.545084539559999754e-16
4.611769800966048024e+03 8.008373799628483780e-14 5.617182111497696123e-16
4.617264014347205375e+03 7.893083170952623027e-14 5.977271844912613006e-16
4.622758227728362726e+03 8.136312279943522543e-14 5.703989300350835582e-16
4.628252441109520078e+03 8.106548294759661483e-14 5.646391262831444841e-16
4.633746654490677429e+03 7.954087612464507290e-14 5.575985105190341887e-16
4.639240867871834780e+03 8.021323038828660708e-14 5.773123571218935220e-16
4.644735081252992131e+03 7.760215218916428490e-14 5.507796021419243213e-16
4.650229294634149483e+03 7.550144964184547172e-14 5.466977711531684045e-16
4.655723508015306834e+03 7.427996339491066104e-14 5.416725570545375607e-16
4.661217721396464185e+03 7.152914320996774541e-14 5.316620834587512370e-16
4.666711934777621536e+03 6.907515150635848357e-14 5.264070518584827780e-16
4.672206148158778888e+03 6.785001432762257347e-14 5.407299387319405321e-16
4.677700361539936239e+03 6.705834090068770921e-14 5.152806315663787284e-16
4.683194574921093590e+03 6.759510347049695396e-14 5.186879401897360652e-16
4.688688788302250941e+03 6.704128587802024899e-14 5.192008827817159107e-16
4.694183001683408293e+03 6.527481244736115190e-14 5.116291244586887279e-16
4.699677215064565644e+03 6.644159047413834346e-14 5.165918990737260646e-16
4.705171428445722995e+03 6.525573325749131429e-14 5.112746021829749290e-16
4.710665641826880346e+03 6.529208867481214909e-14 5.115949847662150421e-16
4.716159855208037698e+03 6.332705331026829674e-14 5.120149330342204613e-16
4.721654068589195049e+03 6.342056773621906997e-14 5.058331120131161430e-16
4.727148281970352400e+03 6.014121698648264596e-14 4.947351955088105567e-16
4.732642495351509751e+03 5.767980903374464518e-14 5.030088155857013944e-16
4.738136708732667103e+03 5.440934905706256505e-14 4.733198145617381690e-16
4.743630922113824454e+03 5.234903255882439817e-14 4.667564687166293697e-16
4.749125135494981805e+03 4.994256319653652725e-14 4.574064546054943283e-16
4.754619348876139156e+03 4.846198237064146127e-14 4.510858602127848313e-16
4.760113562257296508e+03 4.589386796534136298e-14 4.408137946513740805e-16
4.765607775638453859e+03 4.508653577646220096e-14 4.375385157965826971e-16
4.771101989019611210e+03 4.485249622421628612e-14 4.360467586747297002e-16
4.776596202400768561e+03 4.522613849588258585e-14 4.367872849440561929e-16
4.782090415781925913e+03 4.645946181588753308e-14 4.389695702738743035e-16
4.787584629163083264e+03 4.704663111673831223e-14 4.415717336457095098e-16
4.793078842544240615e+03 4.853989900465277727e-14 4.455025070253894129e-16
4.798573055925397966e+03 5.170344309787661847e-14 4.583026699900707900e-16
4.804067269306555318e+03 5.205019024239683098e-14 4.584610442218830530e-16
4.809561482687712669e+03 5.304896915338938468e-14 4.624535074527523694e-16
4.815055696068870020e+03 5.359346812053996176e-14 4.636458461051894040e-16
4.820549909450027371e+03 5.318315486683719977e-14 4.608072334010839548e-16
4.826044122831184723e+03 5.113403667510411261e-14 4.528965330153252168e-16
4.831538336212342074e+03 4.988514154503622371e-14 4.485072277035686836e-16
4.837032549593499425e+03 4.748052254838773141e-14 4.390011138064142348e-16
4.842526762974656776e+03 4.494760404051497726e-14 4.301628897490422883e-16
4.848020976355814128e+03 4.325010360973926312e-14 4.216957454456792510e-16
4.853515189736971479e+03 4.227989433129359543e-14 4.870461454192851916e-16
4.859009403118128830e+03 4.091510726558712752e-14 4.121681497721701547e-16
4.864503616499286181e+03 3.971745872288501277e-14 4.063151880222818222e-16
4.869997829880443533e+03 3.919990395899260362e-14 4.019224757758654860e-16
4.875492043261600884e+03 4.023920287605158615e-14 4.077345550722528444e-16
4.880986256642758235e+03 3.986191082414951561e-14 4.077759340921810238e-16
4.886480470023915586e+03 4.082373226748028520e-14 4.245562671503427993e-16
4.891974683405072938e+03 4.159204919107891678e-14 4.099008293344092738e-16
4.897468896786230289e+03 4.327582324821731853e-14 4.162557207025423299e-16
4.902963110167387640e+03 4.596734892195775986e-14 4.266236354740343617e-16
4.908457323548544991e+03 4.661752703188973184e-14 4.300031244184416978e-16
4.913951536929702343e+03 4.894133321914983578e-14 4.344920187367920203e-16
4.919445750310859694e+03 4.945229009152275038e-14 4.355147358146403236e-16
4.924939963692017045e+03 5.005611111046497175e-14 4.362312092230494840e-16
4.930434177073174396e+03 4.990069273580194634e-14 4.356446101086004822e-16
4.935928390454331748e+03 5.037115764213239582e-14 4.435225333528692213e-16
4.941422603835489099e+03 4.930777932821196238e-14 4.380372751967900420e-16
4.946916817216646450e+03 4.908926110720477340e-14 4.311626103713214256e-16
4.952411030597803801e+03 4.860231855674894164e-14 4.359453580707848553e-16
4.957905243978961153e+03 4.718715295460259501e-14 4.221117784167665120e-16
4.963399457360118504e+03 4.638102425633698639e-14 4.184140285242086259e-16
4.968893670741275855e+03 4.414065726468614318e-14 4.125044124388032198e-16
4.974387884122433206e+03 4.308486866082758625e-14 4.047674587694849946e-16
4.979882097503590558e+03 4.284814381106365570e-14 4.030042293613473014e-16
4.985376310884747909e+03 3.963330677293550929e-14 3.903849581522514857e-16
4.990870524265905260e+03 3.959002235272412832e-14 3.912393925191804963e-16
4.996364737647062611e+03 3.771319388381196233e-14 3.827218906691730943e-16
5.001858951028219963e+03 3.828577211566564252e-14 3.831870845625542961e-16
5.007353164409377314e+03 3.909452475011773119e-14 3.867974126463245929e-16
5.012847377790534665e+03 3.873667515903779150e-14 3.834693365410544399e-16
5.018341591171692016e+03 3.950721902201899723e-14 3.869654073709158239e-16
5.023835804552849368e+03 3.911496692139709042e-14 3.824786069001641789e-16
5.029330017934006719e+03 4.030139419091028784e-14 3.896320803797362447e-16
5.034824231315164070e+03 4.018367702243830867e-14 3.878221955194039252e-16
5.040318444696321421e+03 4.045551875916207602e-14 3.859301074887113236e-16
5.045812658077478773e+03 4.224286342607396751e-14 3.930930490434697039e-16
5.051306871458636124e+03 4.277340511624877340e-14 3.936902134491093746e-16
5.056801084839793475e+03 4.434499951442872295e-14 4.035598225697625953e-16
5.062295298220950826e+03 4.551761172780738692e-14 4.029365753540821612e-16
5.067789511602108178e+03 4.710287048499086109e-14 4.115692508995239766e-16
5.073283724983265529e+03 4.880052459142982576e-14 4.142760110451529163e-16
5.078777938364422880e+03 4.976374061301620751e-14 4.171288699315977152e-16
5.084272151745580231e+03 5.151421025555509272e-14 4.253810383925329387e-16
5.089766365126737583e+03 5.297002750465152016e-14 4.272854619039629944e-16
5.095260578507894934e+03 5.459788635182686229e-14 4.325563725321409882e-16
5.100754791889052285e+03 5.604937587702486197e-14 4.351491866207565192e-16
5.106249005270209636e+03 5.670814867425222468e-14 4.366415623211087760e-16
5.111743218651366988e+03 5.728800469218162874e-14 4.397655013680016760e-16
5.117237432032524339e+03 5.871484865957555909e-14 4.723713935870720880e-16
5.122731645413681690e+03 6.050365867259587633e-14 4.459346391960915565e-16
5.128225858794839041e+03 6.267708080819353800e-14 4.606898341497701811e-16
5.133720072175996393e+03 6.380704995421380243e-14 4.598655101356848014e-16
5.139214285557153744e+03 6.385640163426931338e-14 4.588029633171494963e-16
5.144708498938311095e+03 6.559293234351770141e-14 4.624311193036449653e-16
5.150202712319468446e+03 6.572121105150466488e-14 4.627833129465133109e-16
5.155696925700625798e+03 6.540623253752789506e-14 4.608887983671972588e-16
5.161191139081783149e+03 6.730850695250867056e-14 4.656906570355147152e-16
5.166685352462940500e+03 6.731992779776400624e-14 4.656558161487401590e-16
5.172179565844097851e+03 6.587733957394791768e-14 4.639975987131087074e-16
5.177673779225255203e+03 6.731089835362716663e-14 4.679594044798766160e-16
5.183167992606412554e+03 6.723636748147750815e-14 4.663559583017865757e-16
5.188662205987569905e+03 6.749982277398182421e-14 4.711678494778076220e-16
5.194156419368727256e+03 6.783498376536681500e-14 4.766506101076828201e-16
5.199650632749884608e+03 6.903286005245906062e-14 4.701325922408202780e-16
5.205144846131041959e+03 6.864031846636765462e-14 4.687218362190864311e-16
5.210639059512199310e+03 6.884433501053934154e-14 4.711804841856083097e-16
5.216133272893356661e+03 7.005193680425547575e-14 4.752419916287161894e-16
5.221627486274514013e+03 6.848608609026043419e-14 4.683116687514556520e-16
5.227121699655671364e+03 6.880695221050406672e-14 4.850554698099415805e-16
5.232615913036828715e+03 7.031592631768623801e-14 4.754772087291194405e-16
5.238110126417986066e+03 6.901016807796915226e-14 4.694270975822204553e-16
5.243604339799143418e+03 6.779003852161419249e-14 4.648117335537175396e-16
5.249098553180300769e+03 6.573453365152015763e-14 4.628062383011282914e-16
5.254592766561458120e+03 6.319873955063588460e-14 4.556899394410810304e-16
5.260086979942615471e+03 6.079014416652920432e-14 4.473582909964496013e-16
5.265581193323772823e+03 5.772498762141636554e-14 4.398910073797749365e-16
5.271075406704930174e+03 5.656850557013788802e-14 4.321366314601365926e-16
5.276569620086087525e+03 5.403995859772086456e-14 4.280848606220075634e-16
5.282063833467244876e+03 5.202151291289695224e-14 4.182456764324556207e-16
5.287558046848402228e+03 5.134096364461584177e-14 3.581473611874294696e-16
5.292000000000000000e+03 5.103862592274188878e-14 3.075937459932770520e-16
5.293052260229559579e+03 5.093276208167933829e-14 3.532710051063574182e-16
5.298546473610716930e+03 5.101963156647167289e-14 2.818310150610749927e-16
5.301759443370567169e+03 5.096982677094368033e-14 2.499647122071135105e-16
5.304040686991874281e+03 5.064109457859575288e-14 3.019563489512641995e-16
5.309534900373031633e+03 5.156806180797919247e-14 3.086138513093017275e-16
5.311518886741134338e+03 5.156332251729849673e-14 2.561136348411183558e-16
5.315029113754188984e+03 5.226155589693565749e-14 2.619922218448946397e-16
5.320523327135346335e+03 5.534488352936490730e-14 3.147493429702017325e-16
5.321278330111701507e+03 5.553181744318585464e-14 2.927798197217925030e-16
5.326017540516503686e+03 5.514898835781810808e-14 2.600759887026862037e-16
5.331037773482268676e+03 5.323493490909392751e-14 2.972378645745509587e-16
5.331511753897661038e+03 5.311055854600806327e-14 3.121283300309595961e-16
5.337005967278818389e+03 5.204074870653314334e-14 2.626917655733649738e-16
5.340797216852835845e+03 5.110672348920225738e-14 2.602341906679197773e-16
5.342500180659975740e+03 5.103729998663491941e-14 3.081066223501800378e-16
5.347994394041133091e+03 5.162766287700138934e-14 2.998792577104140419e-16
5.350556660223403014e+03 5.158873214739833716e-14 2.547656718569861014e-16
5.353488607422290443e+03 5.177194277003243677e-14 2.909882207419079990e-16
5.358982820803447794e+03 5.188640568953177846e-14 3.178720359729102447e-16
5.360316103593970183e+03 5.200280657137236284e-14 2.763417175291132629e-16
5.364477034184605145e+03 5.211322836808290635e-14 2.692249411694234419e-16
5.369971247565762496e+03 5.213040758162848050e-14 3.217152450309885249e-16
5.370075546964537352e+03 5.212843864698878196e-14 3.182634383745950390e-16
5.375465460946919848e+03 5.199207904704699459e-14 2.734245190096932453e-16
5.379834990335104521e+03 5.180980165873646885e-14 2.849678105521267293e-16
5.380959674328077199e+03 5.181657571008407990e-14 3.208824239981668718e-16
5.386453887709234550e+03 5.150636649095641717e-14 2.859424431240163613e-16
5.389594433705671690e+03 5.130221068928309990e-14 2.570570926691556026e-16
5.391948101090391901e+03 5.121060026100382815e-14 3.102826559700530849e-16
5.397442314471549253e+03 5.134738605646021452e-14 3.197567577127722391e-16
5.399353877076238859e+03 5.134618600286779551e-14 2.646778392557677054e-16
5.402936527852706604e+03 5.163013780664512173e-14 2.747220538157220038e-16
5.408430741233863955e+03 5.187332708793520044e-14 3.167983099855825799e-16
5.409113320446806028e+03 5.192335080001328814e-14 2.953279089219403108e-16
5.413924954615021306e+03 5.192924656770546958e-14 2.609260787810511901e-16
5.418872763817373198e+03 5.197145424915451789e-14 2.981137355371958808e-16
5.419419167996178658e+03 5.193127649876299025e-14 3.147572717461536316e-16
5.424913381377336009e+03 5.091871483346389312e-14 2.610577449251268032e-16
5.428632207187940367e+03 5.077490890615215338e-14 2.598539023784677039e-16
5.430407594758493360e+03 5.066354017754130874e-14 3.069000167624304504e-16
5.435901808139650711e+03 5.027310252662024686e-14 2.897614098353896684e-16
5.438391650558507536e+03 4.980909630385406496e-14 2.478953181371992901e-16
5.441396021520808063e+03 4.939497655897237777e-14 2.700078695459465649e-16
5.446890234901965414e+03 4.860706008386414345e-14 2.993464035252854075e-16
5.448151093929074705e+03 4.850348062249654569e-14 2.662039797835108211e-16
5.452384448283122765e+03 4.767209973361589164e-14 2.403147077203138078e-16
5.457878661664280116e+03 4.657702037127041356e-14 2.886690193452424844e-16
5.457910537299641874e+03 4.657419840753507202e-14 2.878845322277368153e-16
5.463372875045437468e+03 4.488596973931520720e-14 2.322598795864811086e-16
5.467669980670209043e+03 4.420695095447464312e-14 2.550112646600025722e-16
5.468867088426594819e+03 4.410959958797414089e-14 2.848868698578162056e-16
5.474361301807752170e+03 4.419311321490423956e-14 2.447905517904612567e-16
5.477429424040776212e+03 4.767893953044785698e-14 2.442443438939293068e-16
5.479855515188909521e+03 4.819935551325151737e-14 2.804513555614731831e-16
5.485349728570066873e+03 4.519437074929584841e-14 2.767303949458459710e-16
5.487188867411343381e+03 4.515443723176355205e-14 2.383043861096656840e-16
5.490843941951224224e+03 4.581734839778350122e-14 2.310994237433942794e-16
5.496338155332381575e+03 4.743085699641562738e-14 2.820518047125793558e-16
5.496948310781910550e+03 4.744994326724889638e-14 2.682316281359199302e-16
5.501832368713538926e+03 4.895579391578529325e-14 2.302016539793031016e-16
5.506707754152477719e+03 4.945850374724968165e-14 2.729429843861448877e-16
5.507326582094696278e+03 4.958593009079077851e-14 2.873338988892265690e-16
5.512820795475853629e+03 5.151509993661483975e-14 2.422099741248293300e-16
5.516467197523044888e+03 5.176904990510220145e-14 2.529336506422611477e-16
5.518315008857010980e+03 5.215647815593289050e-14 2.937193626181465486e-16
5.523809222238168331e+03 5.433367042343012414e-14 2.858319794936085806e-16
5.526226640893612057e+03 5.423525209364373501e-14 2.515255344462315585e-16
5.529303435619325683e+03 5.439530576358164933e-14 2.608144845621970607e-16
5.534797649000483034e+03 5.489506838979733011e-14 2.996991948884376299e-16
5.535986084264179226e+03 5.490021333151055123e-14 2.721609387199250699e-16
5.540291862381640385e+03 5.568234549581642419e-14 2.405898494742535996e-16
5.545745527634746395e+03 5.690921344236387872e-14 3.096967500813189148e-16
5.545786075762797736e+03 5.691402753567579076e-14 3.105963236740275471e-16
5.551280289143955088e+03 5.730471085874687878e-14 2.477313703594872022e-16
5.555504971005313564e+03 5.810315711915262394e-14 2.785930198420885904e-16
5.556774502525112439e+03 5.841186852205246320e-14 3.077077395084622366e-16
5.562268715906269790e+03 5.878895819148364641e-14 2.722305330732260635e-16
5.565264414375880733e+03 5.886174781635151715e-14 2.611885635543471840e-16
5.567762929287427141e+03 5.900097335535478559e-14 2.921015804907265702e-16
5.573257142668584493e+03 5.965618864322511564e-14 3.117681157223479794e-16
5.575023857746447902e+03 5.953666720167850516e-14 2.721934893625814600e-16
5.578751356049741844e+03 5.918545112892770603e-14 2.540124124441162743e-16
5.584245569430899195e+03 5.922425219887467759e-14 3.092647576565675920e-16
5.584783301117015071e+03 5.921685985736378424e-14 2.969776038868378670e-16
5.589739782812056546e+03 5.938560742756258732e-14 2.470049487545543077e-16
5.594542744487582240e+03 5.947344904796928295e-14 2.992955385143184040e-16
5.595233996193213898e+03 5.954293932483121027e-14 3.160640539227888013e-16
5.600728209574371249e+03 5.950465048094887443e-14 2.565964830521791263e-16
5.604302187858149409e+03 5.923013178958559596e-14 2.696264723150155682e-16
5.606222422955528600e+03 5.916838371773624309e-14 3.097631345788685346e-16
5.611716636336685951e+03 5.965905999382005140e-14 2.993231519787196536e-16
5.614061631228716578e+03 5.950444409949325180e-14 2.669892887007483130e-16
5.617210849717843303e+03 5.978900309262370531e-14 2.693091078704003639e-16
5.622705063099000654e+03 6.054781263080258311e-14 3.128402760783831334e-16
5.623821074599283747e+03 6.032457991010403437e-14 2.876648244043762369e-16
5.628199276480158005e+03 6.072905664988165331e-14 2.539676999878744516e-16
5.633580517969850916e+03 5.972641545410674199e-14 3.263441595915668563e-16
5.633693489861315356e+03 5.973831879610284352e-14 3.291904917590848189e-16
5.639187703242472708e+03 5.894788508107951471e-14 2.493883024260476976e-16
5.643339961340418085e+03 5.826284527933628532e-14 2.780413012167242103e-16
5.644681916623630059e+03 5.824448606226354155e-14 3.058268772410112967e-16
5.650176130004787410e+03 5.814751885402504647e-14 2.700815980229740068e-16
5.653099404710985254e+03 5.832694893312137221e-14 2.638550764754173597e-16
5.655670343385944761e+03 5.795120124368078714e-14 2.841142935832037549e-16
5.661164556767102113e+03 5.817807089845671173e-14 3.055747967149792968e-16
5.662858848081552424e+03 5.828935188326705175e-14 2.725502857833464315e-16
5.666658770148259464e+03 5.819486336085239668e-14 2.450298950204504587e-16
5.672152983529416815e+03 5.749540697428335669e-14 3.079166861448281640e-16
5.672618291452119593e+03 5.747534649896651654e-14 2.990354433931747496e-16
5.677647196910574166e+03 5.756414079265949986e-14 2.361377595552810810e-16
5.682377734822686762e+03 5.768458076493902867e-14 2.890608791515547510e-16
5.683141410291731518e+03 5.772220424217184126e-14 3.040695525658993795e-16
5.688635623672888869e+03 5.658392248298581110e-14 2.481736487275199110e-16
5.692137178193253931e+03 5.665143329773086471e-14 3.723023905809988854e-16
5.701896621563821100e+03 5.530709166426062795e-14 3.629321769926922935e-16
5.711656064934388269e+03 5.393812179623900051e-14 3.596634560986773778e-16
5.721415508304955438e+03 5.264172915647443677e-14 3.556276049819117248e-16
5.731174951675522607e+03 5.196295467365807420e-14 3.558207139297643916e-16
5.740934395046089776e+03 5.104315795564078194e-14 3.479351951207170345e-16
5.750693838416656945e+03 5.043912416158298894e-14 3.457233663434712022e-16
5.760453281787224114e+03 4.957402943565443422e-14 3.422577571496105409e-16
5.770212725157791283e+03 5.062452711031802176e-14 3.441120844244229285e-16
5.779972168528358452e+03 5.055691496556441779e-14 3.423086322440051054e-16
5.789731611898925621e+03 5.141882942375132023e-14 3.424848350919234102e-16
5.799491055269492790e+03 5.160283155980475743e-14 3.450673729647169082e-16
5.809250498640059959e+03 5.179229157716332583e-14 3.566328798370995949e-16
5.819009942010627128e+03 5.374426806374666479e-14 3.604572958608070292e-16
5.828769385381194297e+03 5.438330961466274208e-14 3.491145815438483013e-16
5.838528828751761466e+03 5.520596586791716223e-14 3.532162229653824645e-16
5.848288272122328635e+03 5.670073174867966451e-14 3.512412015341751057e-16
5.858047715492895804e+03 5.689697047754472919e-14 3.525690430021106098e-16
5.867807158863462973e+03 5.760640203146999445e-14 3.542909107672963749e-16
5.877566602234030142e+03 5.781243288423401136e-14 3.530896722923616968e-16
5.887326045604597311e+03 5.675725706330893796e-14 3.507171336430351755e-16
5.897085488975164481e+03 5.628937851285772028e-14 3.503900797553943940e-16
5.906844932345731650e+03 5.507180457159324738e-14 3.453577493871039524e-16
5.916604375716298819e+03 5.017694091820169596e-14 3.334106179827598644e-16
5.926363819086865988e+03 4.921657927399170211e-14 3.298154015081344602e-16
5.936123262457433157e+03 5.345558381979290516e-14 3.515678794493008352e-16
5.945882705828000326e+03 5.410635508032573878e-14 3.467203934578848755e-16
5.955642149198567495e+03 5.434468668957472089e-14 3.461254114707999523e-16
5.965401592569134664e+03 5.317013239309334962e-14 3.450397433098601645e-16
5.975161035939701833e+03 5.380934450903296974e-14 3.434007633969138257e-16
5.984920479310269002e+03 5.401614521309854901e-14 3.436504810317311954e-16
5.994679922680836171e+03 5.263146456435265707e-14 3.395612424071923019e-16
6.004439366051403340e+03 5.152198217861631655e-14 3.352488909642672604e-16
6.014198809421970509e+03 5.052935402913390470e-14 3.557738101323491317e-16
6.023958252792537678e+03 5.018988608001002827e-14 3.333578350056692501e-16
6.033717696163104847e+03 4.903303071136436235e-14 3.254704523771716540e-16
6.043477139533672016e+03 4.829052890804568506e-14 3.220413003714067735e-16
6.053236582904239185e+03 4.821547875281084720e-14 3.212630472310598260e-16
6.062996026274806354e+03 4.964022827145748238e-14 3.319223211936276584e-16
6.072755469645373523e+03 4.559941480796024461e-14 3.113333483673237336e-16
6.082514913015940692e+03 4.338021116323400184e-14 3.034380553087984787e-16
6.092274356386507861e+03 3.938544769808409576e-14 2.904983014244649188e-16
6.102033799757075030e+03 3.493661099981887610e-14 2.804524875996666563e-16
6.111793243127642199e+03 2.969870350929054005e-14 2.585667588301874849e-16
6.121552686498209368e+03 2.632301136251502652e-14 2.473010235610928184e-16
6.131312129868776537e+03 2.238022576689312534e-14 2.298632322500166466e-16
6.141071573239343707e+03 2.075323878998093065e-14 2.268268529531744635e-16
6.150831016609910876e+03 1.954109695998944752e-14 2.223752790458447684e-16
6.160590459980478045e+03 1.953535319543306179e-14 2.208396504648545989e-16
6.170349903351045214e+03 1.985238066159678625e-14 2.195683370244294247e-16
6.180109346721612383e+03 2.214343630836714532e-14 2.437380413397684269e-16
6.189868790092179552e+03 2.529919374890724317e-14 2.428602929899415033e-16
6.199628233462746721e+03 2.878758782231137354e-14 2.651211151479332152e-16
6.209387676833313890e+03 3.151537767636256253e-14 2.609368896612933247e-16
6.219147120203881059e+03 3.413572291278187254e-14 2.698879067544105466e-16
6.228906563574448228e+03 3.611014307733895417e-14 2.737706858288405577e-16
6.238666006945015397e+03 3.872123674052527985e-14 2.828797088775958619e-16
6.248425450315582566e+03 4.059396982475420795e-14 2.871488601593813587e-16
6.258184893686149735e+03 4.236109663283534459e-14 2.925501218140452293e-16
6.267944337056716904e+03 4.320083403809526340e-14 2.945857381368725525e-16
6.277703780427284073e+03 4.389154232050583305e-14 2.956886381742264758e-16
6.287463223797851242e+03 4.465857837725281666e-14 2.977771373514380182e-16
6.297222667168418411e+03 4.453968829056839290e-14 2.975068102738453808e-16
6.306982110538985580e+03 4.434924030056398777e-14 2.963536390582986344e-16
6.316741553909552749e+03 4.379563235026533419e-14 2.947964871433844027e-16
6.326500997280119918e+03 4.422201421281295979e-14 3.010412726861691270e-16
6.336260440650687087e+03 4.392015859622330671e-14 2.937649771796738155e-16
6.346019884021254256e+03 4.355517085532148166e-14 2.923509099034593912e-16
6.355779327391821425e+03 4.372120115719537894e-14 2.900150154319612866e-16
6.365538770762388594e+03 4.328177327682872456e-14 2.872110880162524557e-16
6.375298214132955763e+03 4.255988343246864970e-14 2.866278607350079114e-16
6.385057657503522933e+03 4.246377983410182344e-14 2.857760125486283044e-16
6.394817100874090102e+03 4.246438943189087105e-14 2.842882259669133737e-16
6.404576544244657271e+03 4.129109746296745613e-14 2.825788112820266342e-16
6.414335987615224440e+03 4.127757599376275098e-14 2.862746879565800796e-16
6.424095430985791609e+03 4.184191959379195161e-14 2.805842223938871589e-16
6.433854874356358778e+03 4.163302698289676285e-14 2.792372544885832291e-16
6.443614317726925947e+03 4.085956253157735302e-14 2.783138589053717519e-16
6.453373761097493116e+03 4.096061351758810487e-14 2.778828953433785426e-16
6.463133204468060285e+03 3.985313347376027369e-14 2.753057183018482306e-16
6.472892647838627454e+03 3.954759230098565384e-14 2.741995764518510422e-16
6.482652091209194623e+03 3.993875384620697384e-14 2.775774283650545009e-16
6.492411534579761792e+03 3.877728783386695577e-14 2.710411080448457762e-16
6.502170977950328961e+03 3.856345716172780516e-14 2.749029132421014297e-16
6.511930421320896130e+03 3.937163947373196549e-14 3.358296975332822697e-16
6.521689864691463299e+03 3.882395230923035149e-14 3.540089256141655416e-16
6.531449308062030468e+03 3.822261625071689878e-14 2.717535770452840327e-16
6.541208751432597637e+03 3.783917516256602229e-14 2.700850412674420816e-16
6.550968194803164806e+03 3.751504098545184978e-14 2.691978790357566325e-16
6.560727638173731975e+03 3.724742791563652147e-14 2.688919048577009501e-16
6.570487081544299144e+03 3.641814384890825029e-14 2.660488220599301665e-16
6.580246524914866313e+03 3.558763797616088115e-14 2.647692142529407892e-16
6.590005968285433482e+03 3.551055175882979744e-14 2.643507114468242139e-16
6.599765411656000651e+03 3.504372561577967263e-14 2.637756506849672959e-16
6.609524855026567820e+03 3.438072588959887488e-14 2.612514021470621509e-16
6.619284298397134990e+03 3.403859378346384099e-14 2.610758118444390936e-16
6.629043741767702159e+03 3.291758361481593082e-14 2.576323029733827947e-16
6.638803185138269328e+03 3.287829654409052310e-14 2.587075051794000085e-16
6.648562628508836497e+03 3.261256346284005242e-14 2.563820311764454416e-16
6.658322071879403666e+03 3.226399464099512580e-14 2.567708542671779228e-16
6.668081515249970835e+03 3.150083055191696537e-14 2.529160341290034394e-16
6.677840958620538004e+03 3.128931113668001833e-14 2.547903210889238091e-16
6.687600401991105173e+03 3.271017449411036799e-14 2.584318130459800098e-16
6.697359845361672342e+03 2.977650176445072706e-14 2.463526874246329281e-16
6.707119288732239511e+03 2.947233586967698704e-14 2.436554012153653961e-16
6.716878732102806680e+03 2.934901899642794549e-14 2.461793802115275809e-16
6.726638175473373849e+03 2.934762805963731048e-14 2.471267579094113417e-16
6.736397618843941018e+03 3.003122118602890131e-14 2.475448890244866493e-16
6.746157062214508187e+03 2.927025492692460465e-14 2.443746152897932524e-16
6.755916505585075356e+03 2.859139364296546962e-14 2.412381890806462976e-16
6.765675948955642525e+03 2.790343199805177579e-14 2.386314806025333637e-16
6.775435392326209694e+03 2.762915203202677076e-14 2.376293948268150431e-16
6.785194835696776863e+03 2.738684805564129742e-14 2.377741144480828993e-16
6.794954279067344032e+03 2.752602668517262991e-14 2.374526939549584888e-16
6.804713722437911201e+03 2.771340716375377700e-14 2.382595860963070441e-16
6.814473165808478370e+03 2.676858906853012726e-14 2.337761501758489557e-16
6.824232609179045539e+03 2.696662091276181958e-14 2.380893885635741239e-16
6.833992052549612708e+03 2.733273613108416940e-14 2.397715156739131946e-16
6.843751495920179877e+03 2.643061996052295437e-14 2.354008627720199789e-16
6.853510939290747046e+03 2.616687944009866502e-14 2.350485010181082893e-16
6.863270382661314216e+03 2.639650596497737882e-14 2.349110545215892519e-16
6.873029826031881385e+03 2.620127598631638281e-14 2.332644109500978251e-16
6.882789269402448554e+03 2.581313584640742761e-14 2.321982043087865006e-16
6.892548712773015723e+03 2.524257908020685296e-14 2.399460831714137153e-16
6.902308156143582892e+03 2.520865685052003078e-14 2.309465561900609823e-16
6.912067599514150061e+03 2.451306706531045808e-14 2.279972616168879729e-16
6.921827042884717230e+03 2.409238842866872986e-14 2.271243499170529388e-16
6.931586486255284399e+03 2.340064673081525493e-14 2.242480137212196504e-16
6.941345929625851568e+03 2.353942316624802729e-14 2.239611297226542928e-16
6.951105372996418737e+03 2.316475384473654341e-14 2.233120710728201601e-16
6.960864816366985906e+03 2.294677864064541952e-14 2.219772563695229643e-16
6.970624259737553075e+03 2.305232342652013893e-14 2.238176061433328349e-16
6.980383703108120244e+03 2.200281764922541124e-14 2.190595054993949724e-16
6.990143146478687413e+03 2.175777523051701784e-14 2.207142958787749575e-16
6.999902589849254582e+03 2.207922443189943335e-14 2.210255846896541281e-16
7.009662033219821751e+03 2.200281538679345761e-14 2.205886208988253820e-16
7.019421476590388920e+03 2.224127683689387809e-14 2.195835071877088954e-16
7.029180919960956089e+03 2.112184862678583920e-14 2.163886044515401973e-16
7.038940363331523258e+03 2.152680688961123021e-14 2.164916466922045030e-16
7.048699806702090427e+03 2.085674224132428778e-14 2.132536618523307216e-16
7.058459250072657596e+03 2.097478302914952576e-14 2.152099498766829554e-16
7.068218693443224765e+03 2.064210744142279282e-14 2.135500050715852451e-16
7.077978136813791934e+03 2.030908264243415830e-14 2.117225377127435130e-16
7.087737580184359103e+03 2.000826905803086491e-14 2.183709784800078269e-16
7.097497023554926272e+03 1.986064573163040093e-14 2.096074844986910011e-16
7.107256466925493442e+03 2.008876093219565874e-14 2.120594441497321797e-16
7.117015910296060611e+03 1.996206529572403767e-14 2.110502197987377030e-16
7.126775353666627780e+03 1.981106403624879972e-14 2.106565300017524683e-16
7.136534797037194949e+03 1.979601157201984847e-14 2.123601973871206875e-16
7.146294240407762118e+03 1.995761159258265507e-14 2.129091031760715021e-16
7.156053683778329287e+03 1.973360340086246439e-14 2.124898112135615652e-16
7.165813127148896456e+03 1.942591743252658618e-14 2.126166571073056843e-16
7.175572570519463625e+03 1.993519128982916525e-14 2.150167724166066103e-16
7.185332013890030794e+03 1.976426952918510873e-14 2.133848796373952159e-16
7.195091457260597963e+03 2.523974299036503005e-14 2.372523179052120971e-16
7.204850900631165132e+03 1.956589803190459485e-14 2.153440824422088825e-16
7.214610344001732301e+03 1.922407525460172765e-14 2.150428489435946944e-16
7.224369787372299470e+03 1.946009640665793385e-14 2.153631994730549458e-16
7.234129230742866639e+03 1.985418175583626906e-14 2.188108009609651641e-16
7.243888674113433808e+03 2.010443385299532939e-14 2.334511075875580629e-16
7.253648117484000977e+03 1.957861626520734982e-14 2.207661927065714186e-16
7.263407560854568146e+03 1.919145896838344320e-14 2.179907370239794473e-16
7.273167004225135315e+03 1.947281006590114675e-14 2.223951427975244734e-16
7.282926447595702484e+03 1.909189644129681152e-14 2.183391407478421064e-16
7.292685890966269653e+03 1.926026578976065255e-14 2.200991148967890419e-16
7.302445334336836822e+03 1.890011532509096591e-14 2.200462582275861142e-16
7.312204777707403991e+03 1.857643738567201310e-14 2.223199517529339713e-16
7.321964221077971160e+03 1.845730162445802108e-14 2.214062167556322779e-16
7.331723664448538329e+03 1.815069261616434236e-14 2.192116102162256129e-16
7.341483107819105498e+03 1.744551165426227489e-14 2.161987821821131796e-16
7.351242551189672668e+03 1.757124672446137514e-14 2.199374168857195123e-16
7.361001994560239837e+03 1.680763349128589524e-14 2.161574868634987087e-16
7.370761437930807006e+03 1.679667669332158288e-14 2.170158545809733141e-16
7.380520881301374175e+03 1.659535146956998787e-14 2.156084110112193791e-16
7.390280324671941344e+03 1.591345905109255876e-14 2.160096607402692386e-16
7.400039768042508513e+03 1.575901804185773646e-14 2.134853681357804151e-16
7.409799211413075682e+03 1.517108043002553022e-14 2.110441814109472823e-16
7.419558654783642851e+03 1.541453319802655267e-14 2.134181269247194050e-16
7.429318098154210020e+03 1.490962405284014178e-14 2.120042696804620679e-16
7.439077541524777189e+03 1.483485941679780920e-14 2.131851542242414371e-16
7.448836984895344358e+03 1.474601420935533340e-14 2.123343354656469657e-16
7.458596428265911527e+03 1.404670472633704665e-14 2.080525205711058248e-16
7.468355871636478696e+03 1.349428394819075513e-14 2.100468610296725094e-16
7.478115315007045865e+03 1.268445622291825693e-14 2.026130927285410537e-16
7.487874758377613034e+03 1.249317093607993959e-14 2.026843907065499705e-16
7.497634201748180203e+03 1.188897422289288431e-14 2.012737206296532542e-16
7.507393645118747372e+03 1.168286409012727239e-14 2.001728860106600250e-16
7.517153088489314541e+03 1.186419059949592646e-14 2.012605277704142649e-16
7.526912531859881710e+03 1.248987621995292001e-14 2.032578336610620653e-16
7.536671975230448879e+03 1.259651628830473052e-14 2.066884349152328506e-16
7.546431418601016048e+03 1.230854684142135674e-14 2.031918216140357374e-16
7.556190861971583217e+03 1.215381675104247312e-14 2.025131967787232267e-16
7.565950305342150386e+03 1.233404480300909757e-14 2.076380269675718342e-16
7.575709748712717555e+03 1.220477808344267955e-14 2.030121791023948126e-16
7.585469192083284725e+03 1.292021924223822408e-14 2.090506890428450760e-16
7.595228635453851894e+03 1.283118077490447864e-14 2.093095412513505071e-16
7.604988078824419063e+03 1.235041983880929262e-14 2.068390441929481584e-16
7.614747522194986232e+03 1.262650666486250544e-14 2.084075354344374283e-16
7.624506965565553401e+03 1.224861870428112690e-14 2.121074673077745868e-16
7.634266408936120570e+03 1.283272915271510612e-14 2.098203841539285899e-16
7.644025852306687739e+03 1.297144435562437238e-14 2.121612809871385757e-16
7.653785295677254908e+03 1.263672809797446166e-14 2.449877503942762539e-16
7.663544739047822077e+03 1.274660503489379957e-14 2.427316084638841020e-16
7.673304182418389246e+03 1.240728067433843975e-14 2.112197982473475149e-16
7.683063625788956415e+03 1.275953386878125346e-14 2.151193978839169759e-16
7.692823069159523584e+03 1.266254160498298483e-14 2.193004364729156531e-16
7.702582512530090753e+03 1.189916568591711670e-14 2.136358103186908044e-16
7.712341955900657922e+03 1.239784912247702349e-14 2.165307964099824902e-16
7.722101399271225091e+03 1.329023358301659932e-14 2.269994736075203183e-16
7.731860842641792260e+03 1.335959499519761489e-14 2.441899642822149558e-16
7.741620286012359429e+03 1.218348046206308075e-14 2.263396902629228061e-16
7.751379729382926598e+03 1.221962569302977661e-14 2.252988266834795082e-16
7.761139172753493767e+03 1.320226149612071951e-14 2.263407182666397928e-16
7.770898616124060936e+03 1.439509273472114840e-14 2.348523785295101976e-16
7.780658059494628105e+03 1.453841870804874577e-14 2.400597776320212373e-16
7.790417502865195274e+03 1.438914257993687425e-14 2.389335441982521861e-16
7.800176946235762443e+03 1.325530610852362111e-14 2.333068778787047163e-16
7.809936389606329612e+03 1.416574257777756193e-14 2.492397666814799222e-16
7.819695832976896781e+03 1.543752922773547060e-14 2.487450922502748837e-16
7.829455276347463951e+03 1.579151936920004533e-14 2.512486288158849633e-16
7.839214719718031120e+03 1.562621862037008737e-14 2.558853234690645007e-16
7.848974163088598289e+03 1.526600957426458030e-14 2.493898555495398062e-16
7.858733606459165458e+03 1.502807326864030817e-14 2.493941936541220723e-16
7.868493049829732627e+03 1.485813139867319083e-14 2.530252562625958483e-16
7.878252493200299796e+03 1.492380952396901471e-14 2.601958152834889814e-16
7.888011936570866965e+03 1.602875917596566584e-14 2.599259670211288916e-16
7.897771379941434134e+03 1.595512713161251127e-14 2.805332596885719630e-16
7.907530823312001303e+03 1.536418242743720221e-14 2.602546301045834744e-16
7.917290266682568472e+03 1.476748822290103677e-14 2.584583066402174644e-16
7.927049710053135641e+03 1.492446904096802807e-14 2.599215884290140272e-16
7.936809153423702810e+03 1.451157716230801092e-14 2.595823133897393012e-16
7.946568596794269979e+03 1.436580854962259799e-14 2.656295748972954544e-16
7.956328040164837148e+03 1.338681898512173016e-14 2.573682306430694036e-16
7.966087483535404317e+03 1.212999922399666086e-14 2.567358076741393904e-16
7.975846926905971486e+03 1.272248885165686663e-14 2.593376223677320605e-16
7.985606370276538655e+03 1.308873175779690601e-14 2.599562724414133402e-16
7.995365813647105824e+03 1.242521465652093463e-14 2.568647176742399339e-16
8.005125257017672993e+03 1.249386722495235687e-14 2.618866192308283912e-16
8.014884700388240162e+03 1.072760610331101873e-14 2.632108033866183185e-16
8.024644143758807331e+03 1.063931613588660254e-14 2.592316652068621272e-16
8.034403587129374500e+03 1.158093137373345539e-14 2.732091145531314167e-16
8.044163030499941669e+03 1.119623064946677340e-14 2.627940621243997407e-16
8.053922473870508838e+03 1.113797524404916353e-14 2.614942201459590526e-16
8.063681917241076007e+03 1.009593106095449463e-14 2.580215312801777460e-16
8.073441360611643177e+03 9.755228150508990504e-15 2.555695102541542884e-16
8.083200803982210346e+03 9.551261180653561302e-15 2.570081964775478536e-16
8.092960247352777515e+03 9.350685315431143792e-15 2.576827695862607691e-16
8.102719690723344684e+03 1.032160968558247612e-14 2.653569926835161991e-16
8.112479134093911853e+03 1.047363912771236775e-14 2.711258323750899310e-16
8.122238577464479022e+03 1.100115913302417404e-14 2.752493146260831957e-16
8.131998020835046191e+03 1.111405255591740535e-14 2.732870521657076561e-16
8.141757464205613360e+03 1.097922458223556250e-14 2.773733463402846847e-16
8.151516907576180529e+03 1.075296124386500830e-14 2.807271021290604517e-16
8.161276350946747698e+03 1.074037865463415377e-14 2.742852264548363500e-16
8.171035794317314867e+03 1.131406343206348822e-14 2.799794952915045734e-16
8.180795237687882036e+03 1.063555864742466009e-14 2.827183069425992620e-16
8.190554681058449205e+03 9.945787065981074730e-15 2.752571933578567730e-16
8.200314124429016374e+03 9.624173269001081761e-15 2.767119910417042858e-16
8.210073567799583543e+03 9.770107422203429108e-15 2.800253094996048625e-16
8.219833011170150712e+03 9.074569768651736033e-15 2.732771506463269488e-16
8.229592454540717881e+03 9.382422800934947895e-15 2.781607706166424891e-16
8.239351897911285050e+03 7.979701660299195587e-15 2.693948201391361263e-16
8.249111341281852219e+03 7.726785442837657619e-15 2.678456757639056785e-16
8.258870784652419388e+03 8.018780458806362364e-15 2.698007311227164868e-16
8.268630228022986557e+03 8.064415707969682837e-15 2.710494448843221152e-16
8.278389671393553726e+03 7.745274305484775285e-15 2.718954555699062702e-16
8.288149114764120895e+03 8.197750278417567396e-15 2.757643046165948470e-16
8.297908558134688064e+03 8.700739466245381369e-15 2.792915771145767714e-16
8.307668001505255233e+03 9.721953369879146826e-15 2.833726161902136913e-16
8.317427444875822403e+03 1.053965487622721346e-14 2.918831564656821599e-16
8.327186888246389572e+03 1.111868190457031289e-14 2.953381036764571889e-16
8.336946331616956741e+03 1.064445112436080201e-14 2.919706844861131434e-16
8.346705774987523910e+03 1.102934691352021508e-14 2.991733671676246723e-16
8.356465218358091079e+03 1.112681935378679794e-14 3.249444726850730734e-16
8.366224661728658248e+03 1.012354153362743502e-14 2.903425652371641110e-16
8.375984105099225417e+03 9.922222537695801263e-15 2.891084036452974696e-16
8.385743548469792586e+03 1.091944271399284166e-14 2.941494681084294879e-16
8.395502991840359755e+03 1.153901287368242479e-14 2.989135474305276943e-16
8.405262435210926924e+03 1.175815068301144046e-14 3.158429560486456017e-16
8.415021878581494093e+03 1.162609652525639869e-14 3.026671128074299148e-16
8.424781321952061262e+03 1.300927266034073544e-14 3.064332954204087565e-16
8.434540765322628431e+03 1.460338234522086984e-14 3.169898906278752694e-16
8.444300208693195600e+03 1.592772060891723781e-14 3.321724469749680383e-16
8.454059652063762769e+03 1.579188904184770363e-14 3.313112219985496994e-16
8.463819095434329938e+03 1.605294051164244390e-14 3.292169554795337621e-16
8.473578538804897107e+03 1.623758619850498349e-14 3.241106566666490505e-16
8.483337982175464276e+03 1.564492660530369154e-14 3.260708003645892696e-16
8.493097425546031445e+03 1.607623072808453330e-14 3.241629848352569813e-16
8.502856868916598614e+03 1.613579122754181162e-14 3.276803765386334206e-16
8.512616312287165783e+03 1.730850500882331950e-14 3.312525434258251980e-16
8.522375755657732952e+03 1.810180995281410725e-14 3.351129036759290238e-16
8.532135199028300121e+03 1.835615988663278715e-14 3.419489406313338711e-16
8.541894642398867290e+03 1.880061301879599895e-14 3.438902546010435135e-16
8.551654085769434460e+03 1.817426859324870556e-14 3.361074776570058157e-16
8.561413529140001629e+03 1.761436115228620323e-14 3.320753678565148985e-16
8.571172972510568798e+03 1.695985388070764507e-14 3.366650409839720536e-16
8.580932415881135967e+03 1.710940202082641338e-14 3.321055883845296589e-16
8.590691859251703136e+03 1.720224937774341993e-14 3.283118650787014612e-16
8.600451302622270305e+03 1.787256398585947849e-14 3.326028251911689576e-16
8.610210745992837474e+03 1.880391646251995731e-14 3.352662752436142527e-16
8.619970189363404643e+03 1.912920032508691753e-14 3.388741534208376936e-16
8.629729632733971812e+03 1.845615222179419426e-14 3.370897586949854468e-16
8.639489076104538981e+03 1.838590205714636239e-14 3.349154744064838365e-16
8.649248519475106150e+03 1.722390641276375221e-14 3.297853870800450877e-16
8.659007962845673319e+03 1.638768088334532039e-14 3.339295604702985734e-16
8.668767406216240488e+03 1.725326564846313133e-14 3.329015034987094643e-16
8.678526849586807657e+03 1.799220697099912655e-14 3.367551567167411980e-16
8.688286292957374826e+03 1.907832134083869336e-14 3.410480625645623919e-16
8.698045736327941995e+03 1.787791678482523319e-14 3.398821004246370010e-16
8.707805179698509164e+03 1.648960780694090523e-14 3.326550280030784149e-16
8.717564623069076333e+03 1.654711756772766980e-14 3.277111122603904530e-16
8.727324066439643502e+03 1.637760631110577372e-14 3.275389086238955481e-16
8.737083509810210671e+03 1.721104593464662998e-14 3.807332357406404367e-16
8.746842953180777840e+03 1.749414616073923958e-14 3.357065410606097982e-16
8.756602396551345009e+03 1.606117029868110402e-14 3.305996312794082467e-16
8.766361839921912178e+03 1.559753511066118053e-14 3.231184620362186093e-16
8.776121283292479347e+03 1.587288615132755090e-14 3.258438852214338735e-16
8.785880726663046516e+03 1.538941023843502943e-14 3.208669106516022530e-16
8.795640170033613686e+03 1.579972467483132205e-14 3.293743751550596501e-16
8.805399613404180855e+03 1.596689913627516617e-14 3.293897657412444789e-16
8.815159056774748024e+03 1.599636067145020574e-14 3.274661902330455548e-16
8.824918500145315193e+03 1.466838267774630628e-14 3.205936304936223515e-16
8.834677943515882362e+03 1.497249847227326492e-14 3.250702825638971152e-16
8.844437386886449531e+03 1.509165976512572749e-14 3.379255559849254421e-16
8.854196830257016700e+03 1.396060327860454913e-14 3.178393854599625242e-16
8.863956273627583869e+03 1.362884868471584049e-14 3.141637549870305601e-16
8.873715716998151038e+03 1.384557806582290578e-14 3.179972046248778061e-16
8.883475160368718207e+03 1.367054770907060122e-14 3.219014347534320602e-16
8.893234603739285376e+03 1.276852709995272096e-14 3.174842758579969739e-16
8.902994047109852545e+03 1.236029449141539268e-14 3.082575519081977821e-16
8.912753490480419714e+03 1.258731018579814953e-14 3.159266624263027382e-16
8.922512933850986883e+03 1.367360258026662226e-14 3.469458134552714700e-16
8.932272377221554052e+03 1.304510002565163510e-14 3.103669249277132871e-16
8.942031820592121221e+03 1.145910305351100356e-14 3.053082295573038801e-16
8.951791263962688390e+03 1.095318382499160842e-14 2.989566077466736988e-16
8.961550707333255559e+03 1.278936639686034193e-14 3.297673266803169879e-16
8.971310150703822728e+03 1.161621538714600231e-14 3.034395931153577833e-16
8.981069594074389897e+03 1.234484250343209082e-14 3.078924124352622473e-16
8.990829037444957066e+03 1.231868389684853551e-14 3.092757552807300012e-16
9.000588480815524235e+03 1.210295314734638413e-14 3.072747983554856178e-16
9.010347924186091404e+03 1.080370798923681351e-14 2.993644886262665532e-16
9.020107367556658573e+03 1.079607305001796766e-14 3.056792289257658617e-16
9.029866810927225742e+03 1.196601237361609749e-14 3.356479102592595040e-16
9.039626254297792912e+03 1.133228656237045367e-14 3.002315873536443220e-16
9.049385697668360081e+03 1.202010017391984489e-14 3.054666619135407080e-16
9.059145141038927250e+03 1.202737231867631192e-14 3.073740854516329334e-16
9.068904584409494419e+03 9.990389439689115753e-15 2.944724909082542399e-16
9.078664027780061588e+03 9.552472132189825022e-15 2.922856839481994789e-16
9.088423471150628757e+03 9.708680938249869136e-15 2.932666134046114019e-16
9.098182914521195926e+03 9.762246679454775853e-15 3.012735918410223377e-16
9.107942357891763095e+03 9.624108311963845179e-15 3.010079143405070225e-16
9.117701801262330264e+03 1.093774794209317641e-14 3.064412387489514851e-16
9.127461244632897433e+03 1.154218956493148111e-14 3.056756681852681450e-16
9.137220688003464602e+03 1.143908857446529798e-14 3.040661580692976738e-16
9.146980131374031771e+03 1.037655754314694166e-14 2.998623419506284675e-16
9.156739574744598940e+03 8.673251094312894337e-15 2.893501683194801740e-16
9.166499018115166109e+03 8.751307025038221443e-15 2.899935812228456335e-16
9.176258461485733278e+03 9.214491821939807425e-15 2.921268940039174074e-16
9.186017904856300447e+03 9.627126870500201393e-15 2.917131023548933699e-16
9.195777348226867616e+03 1.084557083814620989e-14 3.017084497138035403e-16
9.205536791597434785e+03 9.795445114683146463e-15 3.000675443972769499e-16
9.215296234968001954e+03 8.360850874474575257e-15 2.859285102654966260e-16
9.225055678338569123e+03 7.842196434268575427e-15 2.974053539455586019e-16
9.234815121709136292e+03 8.548829300029059904e-15 2.896121257718152958e-16
9.244574565079703461e+03 9.326188897674404516e-15 2.964609735362139729e-16
9.254334008450270630e+03 1.021316460614864818e-14 3.009876878404426446e-16
9.264093451820837799e+03 9.816225265685387427e-15 2.964694507652431630e-16
9.273852895191404969e+03 9.519947239037717601e-15 2.983822785594871459e-16
9.283612338561972138e+03 7.908424186122003241e-15 2.894433135871944136e-16
9.293371781932539307e+03 7.354453279291413209e-15 2.850349688633386654e-16
9.303131225303106476e+03 7.563412091071153980e-15 2.883195513652282233e-16
9.312890668673673645e+03 7.268202994815524389e-15 2.888496048863905914e-16
9.322650112044240814e+03 7.487377301752768752e-15 2.981855305488826494e-16
9.332409555414807983e+03 8.382946118822826435e-15 2.987800665955849086e-16
9.342168998785375152e+03 8.450879228055744139e-15 3.042868251271308415e-16
9.351928442155942321e+03 9.478220690909308420e-15 3.076073480838309934e-16
9.361687885526509490e+03 9.219811527863475892e-15 3.025318659354553876e-16
9.371447328897076659e+03 8.145148259822507628e-15 3.778044090745285419e-16
9.381206772267643828e+03 6.567459348312984417e-15 3.749824578348244012e-16
9.390966215638210997e+03 6.897600579276864420e-15 2.953605642708140833e-16
9.400725659008778166e+03 7.372927749357932787e-15 2.986443525303761862e-16
9.410485102379345335e+03 1.102585071008608105e-14 3.237975866304206247e-16
9.420244545749912504e+03 1.120564474685908594e-14 3.301028479831563599e-16
9.430003989120479673e+03 7.047169061537223130e-15 3.023135440016329999e-16
9.439763432491046842e+03 6.214738619339519048e-15 3.029767185646035803e-16
9.449522875861614011e+03 6.084907531130809385e-15 3.028674308294971994e-16
9.459282319232181180e+03 5.705096435378217985e-15 3.042481582305973152e-16
9.469041762602748349e+03 5.384250000655279810e-15 3.134702638921381860e-16
9.478801205973315518e+03 6.397261519823307647e-15 3.082627259364972651e-16
9.488560649343882687e+03 6.925170393425426932e-15 3.256960966877216204e-16
9.498320092714449856e+03 6.807234093619115580e-15 3.178486998305957840e-16
9.508079536085017025e+03 7.758664245635312051e-15 3.249919808405347161e-16
9.517838979455584195e+03 7.764010780651261843e-15 3.272400591980879902e-16
9.527598422826151364e+03 7.224801766176563019e-15 3.280701468899272179e-16
9.537357866196718533e+03 6.029083049768825088e-15 3.199583873086794589e-16
9.547117309567285702e+03 5.878211047162783192e-15 3.533270902526843711e-16
9.556876752937852871e+03 4.975156804974051951e-15 3.296379526097055469e-16
9.566636196308420040e+03 1.218741462146346135e-14 3.937870226049976614e-16
9.576395639678987209e+03 1.029414848394749204e-14 3.685355327131751986e-16
9.586155083049554378e+03 4.745012205436508060e-15 3.318306307946998516e-16
9.595914526420121547e+03 5.010510372246883500e-15 3.365648884254398428e-16
9.605673969790688716e+03 5.852921372812200190e-15 3.417118770363637585e-16
9.615433413161255885e+03 6.350307481950906759e-15 3.527926328107863267e-16
9.625192856531823054e+03 6.298219670908003431e-15 3.695220403247510244e-16
9.634952299902390223e+03 5.538796246765347524e-15 3.522312659073080007e-16
9.644711743272957392e+03 5.068529948675090315e-15 3.551970040120243211e-16
9.654471186643524561e+03 4.267065452019417816e-15 3.622852263254639012e-16
9.664230630014091730e+03 3.667798651193597438e-15 3.565878660089680191e-16
9.673990073384658899e+03 4.049525936737291900e-15 3.702437777332581207e-16
9.683749516755226068e+03 4.371104427171196426e-15 3.771748077043128993e-16
9.693508960125793237e+03 4.942777082743544589e-15 3.805216909280774606e-16
9.703268403496360406e+03 5.720606428107901672e-15 4.028972247429629920e-16
9.713027846866927575e+03 5.249690828621206983e-15 4.026410521454129187e-16
9.722787290237494744e+03 4.612879410241249673e-15 4.008457951983356684e-16
9.732546733608061913e+03 4.097342846107342113e-15 4.034668777707661981e-16
9.742306176978629082e+03 3.949954903887344948e-15 4.121226624826309031e-16
9.752065620349196251e+03 3.757913224837510994e-15 4.211042085910151039e-16
9.761825063719763421e+03 3.538785767635569330e-15 4.224107978286083416e-16
9.771584507090330590e+03 4.069099085584142784e-15 4.319998036906241699e-16
9.781343950460897759e+03 4.559484302289150990e-15 4.433483559720262686e-16
9.791103393831464928e+03 5.649368865216965089e-15 4.588504632084282202e-16
9.800862837202032097e+03 4.377789985647687629e-15 4.678362622136728842e-16
9.810622280572599266e+03 4.442739698655731459e-15 4.714434461877706045e-16
9.820381723943166435e+03 3.812304572990004508e-15 4.713058373425113362e-16
9.830141167313733604e+03 4.211210708925038098e-15 4.822242471248737615e-16
9.839900610684300773e+03 4.642180095066706879e-15 4.979728325603186386e-16
9.849660054054867942e+03 2.522163187095305130e-14 6.974791457553045390e-16
9.859419497425435111e+03 4.867734113919017556e-15 5.219257330829684673e-16
9.869178940796002280e+03 4.538877914444989503e-15 5.261373259185063439e-16
9.878938384166569449e+03 5.029254934786161231e-15 5.477205632439479488e-16
9.888697827537136618e+03 4.850349088461007103e-15 6.476188397140913394e-16
9.898457270907703787e+03 4.511215743617086546e-15 5.587809615453502176e-16
9.908216714278270956e+03 3.658426847407233058e-15 5.642869650896963435e-16
9.917976157648838125e+03 4.652321107317228058e-15 5.838133833412742998e-16
9.927735601019405294e+03 3.869376670605619150e-15 5.965559329340482476e-16
9.937495044389972463e+03 3.871471212794750732e-15 6.142384830587988667e-16
9.947254487760539632e+03 3.289954650102066468e-15 6.322991190742120703e-16
9.957013931131106801e+03 4.612161736067501634e-15 6.697183524528774579e-16
9.966773374501673970e+03 3.134944512288167173e-15 6.847892628122273649e-16
9.976532817872241139e+03 3.015445087568072995e-15 7.032282507021183615e-16
9.986292261242808308e+03 2.495442537229397157e-15 6.785585710996353084e-16
9.996051704613375477e+03 4.301063603188564600e-15 7.086380001513803160e-16
1.000581114798394265e+04 5.651786464327821213e-15 7.324236751968939690e-16
1.001557059135450982e+04 3.480495591296659012e-15 7.485409248575683652e-16
1.002533003472507698e+04 3.093158168414056178e-15 7.722754162094943938e-16
1.003508947809564415e+04 2.612747426562796735e-15 8.020707072533280326e-16
1.004484892146621132e+04 3.052108139586727357e-15 8.056295172180329363e-16
1.005460836483677849e+04 4.091087157538617997e-15 8.486371095263084997e-16
1.006436780820734566e+04 3.314806993985814059e-15 8.642664698694470549e-16
1.007412725157791283e+04 3.643776442488139936e-15 9.148367568460426749e-16
1.008388669494848000e+04 4.164549023162300770e-15 9.238503479047544237e-16
1.009364613831904717e+04 3.515470760861093122e-15 1.090468323086833878e-15
1.010340558168961434e+04 3.468368967380374944e-15 1.011335705212042031e-15
1.011316502506018151e+04 2.956063087087373674e-15 1.049532894581046809e-15
1.012292446843074868e+04 2.328607744396366198e-15 1.145672707801258922e-15
1.013268391180131584e+04 2.084394850209302398e-15 1.109975927323701703e-15
1.014244335517188301e+04 3.059348350421180929e-15 1.171936251362958721e-15
1.015220279854245018e+04 3.014533911634882064e-15 1.208411587681996085e-15
1.016196224191301735e+04 2.459326351193523609e-15 1.312856983186033033e-15
1.017172168528358452e+04 1.664327599628718480e-15 1.344923383395098926e-15
1.018148112865415169e+04 3.807205101607931127e-15 1.407073894536438603e-15
1.019124057202471886e+04 6.008630353829074739e-16 1.462075787096310543e-15
1.020100001539528603e+04 3.003042364268682899e-15 1.540024862269223907e-15
1.021075945876585320e+04 6.617477286039594128e-15 1.652735839906911130e-15
1.022051890213642037e+04 4.726080317551884973e-15 1.714760356873542891e-15
