# obs_wvl flux error  |  merged epoch (resel): STIS CCD,STIS MAMA
1.583000000000000000e+03 -2.276367388980730836e-14 1.521769776009275265e-14
1.586096672542760189e+03 -7.102502705727692677e-15 7.607437669370477207e-15
1.589193345085520377e+03 4.274366935249660113e-15 5.170367843404552518e-15
1.592290017628280566e+03 2.256806138798471350e-15 4.124683004867715967e-15
1.595386690171040755e+03 -4.747213504373826118e-15 2.885807125841111476e-15
1.598483362713800943e+03 -7.859363909956977166e-15 1.932049007263453835e-15
1.601580035256561132e+03 -2.104418017604294362e-16 1.954016604728647200e-15
1.604676707799321321e+03 -1.040568952047182261e-15 1.513871192850754249e-15
1.607773380342081509e+03 -2.104390169740237800e-15 1.193553327853708891e-15
1.610870052884841698e+03 -3.053869373918408369e-15 8.831249353407809491e-16
1.613966725427601887e+03 -1.455082371808179771e-15 8.470102366610159461e-16
1.617063397970362075e+03 -1.963387944249231724e-15 6.705453243912095864e-16
1.620160070513122264e+03 9.752717163009645125e-17 7.163375574090625469e-16
1.623256743055882453e+03 -5.668537880571185579e-16 5.738654231895782544e-16
1.626353415598642641e+03 -9.694591339148257194e-16 4.918860436433462167e-16
1.629450088141402830e+03 -1.236663198788780480e-15 4.155454425753680173e-16
1.632546760684163019e+03 -4.779364572579424845e-17 4.420359305819567644e-16
1.635643433226923207e+03 -2.691055182446343228e-16 3.902596190697939801e-16
1.638740105769683396e+03 5.308568924087233741e-17 3.892963475772477764e-16
1.641836778312443585e+03 -2.616027941237841787e-16 3.299764915063010366e-16
1.644933450855203773e+03 2.668451563426349915e-18 3.297033461369721102e-16
1.648030123397963962e+03 -1.077195254673346748e-16 2.994351502965161259e-16
1.651126795940724151e+03 -6.064221859743864476e-17 2.773519442564148842e-16
1.654223468483484339e+03 -2.207239796538860524e-17 2.664198018134464501e-16
1.657320141026244528e+03 -5.498644967850594083e-16 2.118080419085176565e-16
1.660416813569004717e+03 -2.790524047736190249e-17 2.389557462970033584e-16
1.663513486111764905e+03 -1.934913972364832671e-16 2.159043302257349414e-16
1.666610158654525094e+03 1.011395663925007405e-16 2.201089433076376528e-16
1.669706831197285283e+03 1.193097301297914666e-16 2.135943051110337498e-16
1.672803503740045471e+03 -2.024109728490033471e-16 1.788987038036387893e-16
1.675900176282805660e+03 -2.117603506036966875e-16 1.804616478652242354e-16
1.678996848825565849e+03 -2.809686898324121679e-16 1.711344662331781738e-16
1.682093521368326037e+03 7.881820970502667123e-17 1.885832603493600477e-16
1.685190193911086226e+03 -2.443016148333754693e-16 1.557727382474577034e-16
1.688286866453846415e+03 -1.811222065788953594e-16 1.555207650544749832e-16
1.691383538996606603e+03 -6.915816481414449026e-17 1.620280034117807991e-16
1.694480211539366792e+03 -2.248458756624469790e-16 1.431603713862071648e-16
1.697576884082126981e+03 -2.171186458893950839e-17 1.582458611687800284e-16
1.700673556624887169e+03 8.412470677944943158e-18 1.534335974560254207e-16
1.703770229167647358e+03 1.597388630910834587e-16 1.574625851262393663e-16
1.706866901710407546e+03 -3.668448391917274243e-17 1.349340246863262446e-16
1.709963574253167735e+03 -1.900191504366738895e-16 1.246692103138474302e-16
1.713060246795927924e+03 -7.114516665602424522e-17 1.339799773065006921e-16
1.716156919338688112e+03 -8.951688763850699988e-18 1.364299309125011880e-16
1.719253591881448301e+03 7.208949420528600192e-17 1.361012483177140154e-16
1.722350264424208490e+03 -7.432033036326541905e-18 1.253550883665115920e-16
1.725446936966968678e+03 2.054890999044675099e-17 1.240112428367903739e-16
1.728543609509728867e+03 4.267011600672493195e-17 1.186880305409054272e-16
1.731640282052489056e+03 7.767997997138466549e-17 1.221981034414869671e-16
1.734736954595249244e+03 -2.740396377527110085e-17 1.106452523372996818e-16
1.737833627138009433e+03 3.346025194345656359e-17 1.113160847252237153e-16
1.740930299680769622e+03 7.468746007200067890e-17 1.182247539746708726e-16
1.744026972223529810e+03 -4.515286044842392074e-17 1.053346547686010792e-16
1.747123644766289999e+03 1.525426446236450395e-16 1.160633252138267875e-16
1.750220317309050188e+03 -4.396593456701562334e-17 1.016844260943309215e-16
1.753316989851810376e+03 7.234487996184156992e-17 1.098426968397814613e-16
1.756413662394570565e+03 -1.435818032961439688e-16 8.742708637591348340e-17
1.759510334937330754e+03 -4.235017655577789992e-17 9.628061824100450639e-17
1.762607007480090942e+03 -6.528524836282684772e-17 9.426086111594516370e-17
1.765703680022851131e+03 -2.202223655788029434e-17 9.391047147341127106e-17
1.768800352565611320e+03 7.758327060065108538e-18 9.236628922116428432e-17
1.771897025108371508e+03 6.350973307245517280e-18 9.187296827450056521e-17
1.774993697651131697e+03 1.988210473595102545e-17 9.279365318223843636e-17
1.778090370193891886e+03 1.385716003621746790e-16 9.983271630242760074e-17
1.781187042736652074e+03 1.122246406519899193e-16 9.558400671296842411e-17
1.784283715279412263e+03 1.318173232706593983e-16 9.452756928434849136e-17
1.787380387822172452e+03 2.167859920090090777e-17 8.492746397078888702e-17
1.790477060364932640e+03 9.705856529264399730e-18 8.536664954798072319e-17
1.793573732907692829e+03 1.079989493265613362e-16 9.113113614151553400e-17
1.796670405450453018e+03 -3.099277360575741727e-17 7.882768698038008348e-17
1.799767077993213206e+03 1.083575818878113759e-16 8.674900435393202623e-17
1.802863750535973395e+03 2.723369807681278339e-17 8.179382274454068892e-17
1.805960423078733584e+03 1.825718930368719044e-17 8.128605961936629809e-17
1.809057095621493772e+03 1.737444448652218102e-16 8.978409528387728274e-17
1.812153768164253961e+03 2.074575578361671274e-16 9.034826426297380936e-17
1.815250440707014150e+03 6.421097429572450476e-17 7.660525819025758628e-17
1.818347113249774338e+03 9.516307578296169557e-17 7.936702795300809680e-17
1.821443785792534527e+03 1.067553823869251352e-16 7.823275514936154390e-17
1.824540458335294716e+03 4.330846766452059027e-17 7.272831199754690015e-17
1.827637130878054904e+03 2.047827158400597044e-16 8.417423319776489684e-17
1.830733803420815093e+03 1.222677043549620278e-16 7.689055383223961411e-17
1.833830475963575282e+03 1.158548779798632589e-16 7.667403577736771677e-17
1.836927148506335470e+03 1.342444361404175352e-16 7.616379013026098685e-17
1.840023821049095659e+03 1.950528465166423465e-16 8.130254078674114571e-17
1.843120493591855848e+03 2.255636895485910977e-16 8.213330966309185336e-17
1.846217166134616036e+03 9.657588685265461212e-17 7.167094650243670133e-17
1.849313838677376225e+03 2.176244972070449687e-16 7.943637882992492297e-17
1.852410511220136414e+03 5.368065287639835321e-17 6.441058448481305070e-17
1.855507183762896602e+03 2.314136439792248669e-16 7.791001816008370332e-17
1.858603856305656791e+03 2.767777476406467940e-16 8.034099730015989601e-17
1.861700528848416980e+03 1.953156301675394717e-16 7.403835532806219571e-17
1.864797201391177168e+03 1.760744642596947942e-16 7.191626522486656375e-17
1.867893873933937357e+03 1.983901376794146836e-16 7.482123485499945281e-17
1.870990546476697546e+03 1.538787780768583787e-16 7.087272679702378211e-17
1.874087219019457734e+03 2.364125881839237259e-16 7.429632344742917346e-17
1.877183891562217923e+03 2.283895624993335895e-16 7.310502596787666880e-17
1.880280564104978112e+03 1.823502780055737748e-16 7.001743310023818178e-17
1.883377236647738300e+03 3.211967273306568274e-16 7.726247515620353878e-17
1.886473909190498489e+03 2.489469682155182745e-16 7.200158707665671952e-17
1.889570581733258678e+03 1.184417287581295490e-16 6.414751959688875674e-17
1.892667254276018866e+03 1.735455080245068121e-16 6.732798651158024306e-17
1.895763926818779055e+03 3.095483362891808228e-16 7.547838385082384728e-17
1.898860599361539244e+03 2.150500259661626043e-16 6.900925335109860174e-17
1.901957271904299432e+03 1.822037910835921736e-16 6.757206827487969313e-17
1.905053944447059621e+03 1.424067914544577254e-16 6.359142180732716471e-17
1.908150616989819810e+03 2.251904818398593813e-16 6.899263990310834998e-17
1.911247289532579998e+03 2.273326326093329241e-16 6.761836093183865497e-17
1.914343962075340187e+03 7.971497523769292099e-17 5.767778759019280820e-17
1.917440634618100376e+03 6.096759707597336852e-17 5.656280241072365176e-17
1.920537307160860564e+03 2.224175663650459140e-16 6.669958541264068282e-17
1.923633979703620753e+03 1.594827941427517023e-16 6.242053383031675303e-17
1.926730652246380942e+03 2.237126824476443378e-16 6.598233044427173364e-17
1.929827324789141130e+03 1.484326838080473317e-16 5.921811729901492831e-17
1.932923997331901319e+03 1.943029389140521896e-16 6.364223952530970562e-17
1.936020669874661507e+03 2.016176352936638921e-16 6.354794830175874846e-17
1.939117342417421696e+03 2.728414748307019130e-16 6.765485172237300537e-17
1.942214014960181885e+03 3.580403366991255660e-16 7.089367549783672705e-17
1.945310687502942073e+03 2.866327059018730607e-16 6.687519456870373922e-17
1.948407360045702262e+03 2.807994728693529525e-16 6.619131784579826858e-17
1.951504032588462451e+03 2.454921374406289291e-16 6.378827850724570615e-17
1.954600705131222639e+03 3.099845158058159279e-16 6.757809264522953071e-17
1.957697377673982828e+03 2.717546600359497002e-16 6.345276543775475095e-17
1.960794050216743017e+03 3.711319240001640402e-16 6.917645887151819827e-17
1.963890722759503205e+03 2.481675435591610339e-16 6.183838910008365493e-17
1.966987395302263394e+03 2.617631283734014190e-16 6.285840121806228020e-17
1.970084067845023583e+03 3.102649869223382869e-16 6.545104240662819788e-17
1.973180740387783771e+03 3.197098658124156973e-16 6.552158792777699624e-17
1.976277412930543960e+03 2.878896536324035122e-16 6.280111270827027545e-17
1.979374085473304149e+03 2.949664058968497954e-16 6.262462339686262006e-17
1.982470758016064337e+03 3.309239482223981319e-16 6.505925990578900570e-17
1.985567430558824526e+03 2.841191972177468170e-16 6.217308114130929731e-17
1.988664103101584715e+03 3.348157791947162985e-16 6.455909968400560233e-17
1.991760775644344903e+03 1.832500845995204429e-16 5.461511929996972397e-17
1.994857448187105092e+03 1.992194386353723360e-16 5.591820349290220182e-17
1.997954120729865281e+03 2.347568236923266972e-16 5.775448194826831209e-17
2.001050793272625469e+03 2.307090780722038807e-16 5.721592609423539819e-17
2.004147465815385658e+03 3.120507479885358647e-16 6.115334366317547367e-17
2.007244138358145847e+03 1.890942666696985086e-16 5.358632372039081621e-17
2.010340810900906035e+03 3.438151098618217202e-16 6.208781314749180586e-17
2.013437483443666224e+03 3.093026662937823029e-16 5.990814509717702370e-17
2.016534155986426413e+03 2.753630048016335327e-16 5.742820951726467233e-17
2.019630828529186601e+03 3.103776756717144703e-16 5.873881448730620539e-17
2.022727501071946790e+03 3.291050066106189859e-16 5.987641852110118876e-17
2.025824173614706979e+03 3.560299111627736826e-16 6.104040780159350732e-17
2.028920846157467167e+03 1.949974190332159889e-16 5.189210809605130687e-17
2.032017518700227356e+03 1.716197746920199336e-16 4.959880258851797838e-17
2.035114191242987545e+03 3.277702905706479236e-16 5.822119915222580945e-17
2.038210863785747733e+03 2.556654807905646933e-16 5.423463160358968147e-17
2.041307536328507922e+03 2.653455220131076835e-16 5.423134759397334461e-17
2.044404208871268111e+03 1.722075333542598086e-16 4.850787353408213183e-17
2.047500881414028299e+03 1.810815407170693562e-16 4.887770645404211366e-17
2.050597553956788488e+03 2.918533062473121987e-16 5.476819552170547331e-17
2.053694226499548677e+03 1.248609219425547231e-16 4.441148647995951198e-17
2.056790899042308865e+03 2.411471637394211797e-16 5.173753555562910393e-17
2.059887571585069054e+03 1.893818854055315139e-16 4.819440434740797114e-17
2.062984244127829243e+03 2.052273257412073931e-16 4.848645474968023879e-17
2.066080916670589431e+03 1.590286718485954550e-16 4.546420795760681938e-17
2.069177589213349620e+03 1.520045618297126263e-16 4.520787482728197963e-17
2.072274261756109809e+03 1.231679703811292306e-16 4.241504437416846601e-17
2.075370934298869997e+03 1.326414576123202153e-16 4.284898955747894654e-17
2.078467606841630186e+03 2.427812720005967047e-16 4.944923454886315345e-17
2.081564279384390375e+03 1.594966052083602268e-16 4.464153865768735824e-17
2.084660951927150563e+03 1.509082400919639175e-16 4.334187520461047100e-17
2.087757624469910752e+03 9.643452192007641974e-17 3.969806721962427689e-17
2.090854297012670941e+03 1.483096721520610133e-16 4.226827375326807545e-17
2.093950969555431129e+03 2.102159462023092240e-16 4.569278009892678266e-17
2.097047642098191318e+03 1.884971018903870873e-16 4.427413589289650143e-17
2.100144314640951507e+03 8.602828151660700949e-17 3.836012941279295533e-17
2.103240987183711695e+03 1.727427536373248224e-16 4.287786386496858454e-17
2.106337659726471884e+03 1.092235446453346136e-16 3.892991374564473766e-17
2.109434332269232073e+03 1.721108474584068852e-16 4.197820069701199709e-17
2.112531004811992261e+03 1.741343707251037208e-16 4.175714305680491241e-17
2.115627677354752450e+03 2.038379679412075586e-16 4.329463238022832215e-17
2.118724349897512639e+03 1.867883882843419338e-16 4.232496829429744088e-17
2.121821022440272827e+03 1.458752836503023803e-16 3.998796548212574699e-17
2.124917694983033016e+03 1.474110180066815654e-16 3.912374623504656705e-17
2.128014367525793205e+03 1.175304310731495680e-16 3.753983652700586987e-17
2.131111040068553393e+03 1.775584285676549564e-16 4.024765331571549121e-17
2.134207712611313582e+03 1.498364111821076135e-16 3.883605995202400081e-17
2.137304385154073771e+03 6.989075570248000733e-17 3.328749671198938354e-17
2.140401057696833959e+03 1.798960692039228093e-16 3.985299386995832467e-17
2.143497730239594148e+03 1.110521484132566356e-16 3.589356308698603973e-17
2.146594402782354337e+03 1.268321330226110240e-16 3.625601783106177863e-17
2.149691075325114525e+03 4.856631007031314918e-17 3.107985180395293735e-17
2.152787747867874714e+03 9.448564541865811216e-17 3.369469822318969276e-17
2.155884420410634903e+03 1.923645044433872999e-16 3.945174319995981820e-17
2.158981092953395091e+03 7.474902303138559057e-17 3.183189280791137698e-17
2.162077765496155280e+03 1.128712624540519017e-16 3.399620878035923428e-17
2.165174438038915468e+03 1.906311007562806565e-16 3.920237956771288679e-17
2.168271110581675657e+03 1.005070184969299207e-16 3.298773761698637889e-17
2.171367783124435846e+03 1.269401137639833997e-16 3.464507018906708806e-17
2.174464455667196034e+03 7.963383905336153773e-17 3.191200239562721925e-17
2.177561128209956223e+03 1.121447797683896111e-16 3.336224977340844695e-17
2.180657800752716412e+03 8.119437617704098619e-17 3.092505180751022689e-17
2.183754473295476600e+03 6.509091755570882325e-17 3.028496655020977677e-17
2.186851145838236789e+03 5.550235240497232766e-17 2.861334010073144920e-17
2.189947818380996978e+03 1.232988622742361041e-16 3.286240413968731337e-17
2.193044490923757166e+03 6.141196872835448162e-17 2.915573759022677243e-17
2.196141163466517355e+03 9.726879408549069394e-17 3.126864792810772977e-17
2.199237836009277544e+03 9.031584185054213487e-17 3.109019334436431362e-17
2.202334508552037732e+03 9.048366454997361252e-17 3.046660818555861395e-17
2.205431181094797921e+03 1.702050365791338373e-16 3.522089564503112081e-17
2.208527853637558110e+03 9.405362768709836377e-17 3.079855224407843349e-17
2.211624526180318298e+03 8.848534881908143295e-17 3.035958599935992924e-17
2.214721198723078487e+03 9.814696897677547722e-17 3.067249304358876764e-17
2.217817871265838676e+03 6.923733220350861723e-17 2.881442476717270034e-17
2.220914543808598864e+03 1.315314575656314507e-16 3.233883186327198614e-17
2.224011216351359053e+03 9.372176579781111164e-17 2.999667227903104590e-17
2.227107888894119242e+03 5.589922517664053598e-17 2.759501055734978432e-17
2.230204561436879430e+03 6.180816298343455746e-17 2.760613136074495651e-17
2.233301233979639619e+03 1.102427600352430031e-16 3.078658031657512874e-17
2.236397906522399808e+03 1.179077748680075550e-16 3.059608087540073130e-17
2.239494579065159996e+03 8.285635932929716513e-17 2.886168092563853475e-17
2.242591251607920185e+03 9.755327758358330519e-17 2.940671297522554968e-17
2.245687924150680374e+03 1.142803981278368745e-16 3.021138339158324092e-17
2.248784596693440562e+03 1.193230932197818542e-16 3.056096457272234333e-17
2.251881269236200751e+03 1.686947540925938038e-16 3.306723781784501806e-17
2.254977941778960940e+03 1.235230217027329995e-16 3.058670438272275407e-17
2.258074614321721128e+03 1.779125468820612426e-16 3.314259378097417580e-17
2.261171286864481317e+03 2.071055383464600198e-16 3.485859432960956730e-17
2.264267959407241506e+03 1.394638779639085822e-16 3.080537004798864930e-17
2.267364631950001694e+03 2.457974773702414836e-16 3.657664034435242419e-17
2.270461304492761883e+03 1.674147986732197653e-16 3.242827040746513516e-17
2.273557977035522072e+03 2.121033520417488740e-16 3.428027488496632984e-17
2.276654649578282260e+03 1.990151272976148182e-16 3.398505283170298403e-17
2.279751322121042449e+03 1.793307257487239481e-16 3.293648432631400410e-17
2.282847994663802638e+03 2.361961774370989631e-16 3.539388013588721799e-17
2.285944667206562826e+03 2.871182206179929374e-16 3.788004932093656635e-17
2.289041339749323015e+03 3.119414266140909470e-16 3.857308433126961571e-17
2.292138012292083204e+03 3.102875115946884965e-16 3.861237240267801276e-17
2.295234684834843392e+03 2.651285213802217080e-16 3.644373513930879249e-17
2.298331357377603581e+03 3.230328563866131306e-16 3.898396011111803135e-17
2.301428029920363770e+03 3.781480638612735589e-16 4.105579166075697830e-17
2.304524702463123958e+03 3.839851850100738847e-16 4.136648084316867215e-17
2.307621375005884147e+03 3.322824561084586805e-16 3.877557926866731796e-17
2.310718047548644336e+03 3.880799807549771015e-16 4.107289367434092145e-17
2.313814720091404524e+03 3.604486394357465971e-16 3.993904819012229858e-17
2.316911392634164713e+03 3.804400566512319767e-16 4.091547019283056795e-17
2.320008065176924902e+03 3.428220427747961409e-16 3.886168241290424357e-17
2.323104737719685090e+03 4.204237667542277110e-16 4.210406022677722047e-17
2.326201410262445279e+03 4.223248343244390890e-16 4.236506808109913794e-17
2.329298082805205468e+03 4.239029209093036579e-16 4.208229248402358032e-17
2.332394755347965656e+03 4.647919744110523679e-16 4.366446583121718987e-17
2.335491427890725845e+03 4.277356116174911248e-16 4.175681576233306598e-17
2.338588100433486034e+03 3.907621396819756787e-16 4.074847241801049410e-17
2.341684772976246222e+03 4.254461698021834548e-16 4.180118172887523857e-17
2.344781445519006411e+03 3.982859901220856337e-16 4.112879822854234163e-17
2.347878118061766600e+03 4.380188693220794856e-16 4.231570465814368120e-17
2.350974790604526788e+03 4.543227818630383510e-16 4.274901817441606148e-17
2.354071463147286977e+03 5.570338529186065720e-16 4.657538834612343259e-17
2.357168135690047166e+03 4.407252970354157756e-16 4.239034887784045229e-17
2.360264808232807354e+03 3.726370741638638546e-16 3.941945456020933127e-17
2.363361480775567543e+03 5.372170369109218875e-16 4.544018593866289398e-17
2.366458153318327732e+03 4.923291936664910882e-16 4.382956800978392443e-17
2.369554825861087920e+03 5.616102584747462367e-16 4.632017697042786794e-17
2.372651498403848109e+03 4.955907962574519621e-16 4.388213303347801746e-17
2.375748170946608298e+03 4.514002466732375363e-16 4.244346950414661593e-17
2.378844843489368486e+03 4.664238776635379517e-16 4.235645393690515031e-17
2.381941516032128675e+03 4.976815800146677293e-16 4.373982639437510150e-17
2.385038188574888864e+03 3.960767246457564065e-16 4.046146720826399280e-17
2.388134861117649052e+03 3.009733957783052736e-16 3.633749676660279249e-17
2.391231533660409241e+03 3.686716296152559070e-16 3.857029911098659498e-17
2.394328206203169430e+03 4.376336764813276450e-16 4.164901045956657020e-17
2.397424878745929618e+03 3.078566088859445540e-16 3.635596414284976037e-17
2.400521551288689807e+03 3.825131046741805376e-16 3.915458871179623532e-17
2.403618223831449995e+03 4.169520740313375016e-16 4.043795341758322426e-17
2.406714896374210184e+03 4.714158825862536848e-16 4.254859214336266237e-17
2.409811568916970373e+03 3.913299586431164946e-16 3.926665082601476910e-17
2.412908241459730561e+03 3.758345349976909619e-16 3.871515443059648300e-17
2.416004914002490750e+03 3.728633338443696055e-16 3.875819961095784097e-17
2.419101586545250939e+03 4.535807027958844083e-16 4.206430461784741656e-17
2.422198259088011127e+03 3.432601202379682822e-16 3.751821172825463898e-17
2.425294931630771316e+03 4.250619720943630765e-16 4.057150374121595319e-17
2.428391604173531505e+03 4.470863243983350032e-16 4.123281807094614576e-17
2.431488276716291693e+03 4.299982480959539499e-16 4.090441811037419445e-17
2.434584949259051882e+03 3.827695246815818101e-16 3.931625103926733434e-17
2.437681621801812071e+03 3.537613459616527099e-16 3.844490429733022229e-17
2.440778294344572259e+03 3.710543512367435277e-16 3.845732886235199883e-17
2.443874966887332448e+03 3.451691514788702432e-16 3.749854841946452752e-17
2.446971639430092637e+03 4.191588128776535585e-16 4.027335491966440126e-17
2.450068311972852825e+03 4.723974610476922901e-16 4.255546549305286761e-17
2.453164984515613014e+03 4.897676983514840259e-16 4.263515583308076657e-17
2.456261657058373203e+03 5.934238148352699576e-16 4.553367505852922182e-17
2.459358329601133391e+03 6.644293477953960165e-16 4.818292448429572144e-17
2.462455002143893580e+03 6.626658837454709815e-16 4.809465298986775975e-17
2.465551674686653769e+03 6.697970083160051198e-16 4.785388043692009849e-17
2.468648347229413957e+03 6.689329362380465574e-16 4.831939779717262288e-17
2.471745019772174146e+03 7.202797512898959370e-16 4.970494614591389788e-17
2.474841692314934335e+03 8.256626045682081229e-16 5.243524095129290168e-17
2.477938364857694523e+03 8.080241202135273029e-16 5.170037086627534062e-17
2.481035037400454712e+03 8.948438723018026959e-16 5.481047755711438375e-17
2.484131709943214901e+03 8.602984974782971260e-16 5.293168589658491209e-17
2.487228382485975089e+03 8.082276228851087345e-16 5.185648386008146372e-17
2.490325055028735278e+03 9.233478253577646936e-16 5.514160344555523928e-17
2.493421727571495467e+03 9.440468991159176600e-16 5.532239651368249983e-17
2.496518400114255655e+03 1.003350870692660565e-15 5.685841252947127971e-17
2.499615072657015844e+03 1.023387428884978952e-15 5.744115363998679369e-17
2.502711745199776033e+03 9.383264678790074819e-16 5.499744056507193666e-17
2.505808417742536221e+03 1.013483026066645553e-15 5.699549316720943222e-17
2.508905090285296410e+03 1.107968503751380713e-15 5.960160728217531774e-17
2.512001762828056599e+03 1.050095573991258960e-15 5.796529721686729907e-17
2.515098435370816787e+03 1.119886942515021784e-15 5.960008220284236556e-17
2.518195107913576976e+03 1.132988069061735198e-15 5.993784108387702408e-17
2.521291780456337165e+03 1.066802624328401908e-15 5.810505707213329483e-17
2.524388452999097353e+03 1.300688464390765405e-15 6.380306802172203314e-17
2.527485125541857542e+03 1.248546388820251815e-15 6.272414871650536440e-17
2.530581798084617731e+03 1.138120962559367963e-15 6.006056824287206976e-17
2.533678470627377919e+03 1.099193427540908940e-15 5.890211929436154731e-17
2.536775143170138108e+03 1.236483005678077203e-15 6.222269135000670671e-17
2.539871815712898297e+03 1.227630567186874964e-15 6.212191490832414412e-17
2.542968488255658485e+03 1.077880441215986678e-15 5.889046749360271630e-17
2.546065160798418674e+03 1.136686692885826486e-15 5.967449596845163101e-17
2.549161833341178863e+03 1.018496034785096548e-15 5.698669966316077426e-17
2.552258505883939051e+03 1.151275168036688428e-15 6.023550636388171221e-17
2.555355178426699240e+03 1.017511813379916862e-15 5.778852170190201979e-17
2.558451850969459429e+03 9.578562639821501588e-16 5.588130066389716127e-17
2.561548523512219617e+03 8.687712380848581110e-16 5.327645588014773855e-17
2.564645196054979806e+03 9.294476527969100622e-16 5.518245038932663370e-17
2.567741868597739995e+03 9.141701412277310450e-16 5.485346103467774675e-17
2.570838541140500183e+03 8.376516727209215892e-16 5.265147685057965988e-17
2.573935213683260372e+03 8.485693368636749378e-16 5.340012577896624596e-17
2.577031886226020561e+03 7.754113197429508285e-16 5.131012440168231226e-17
2.580128558768780749e+03 7.517074570207056716e-16 5.051004536666758205e-17
2.583225231311540938e+03 7.489481457918530650e-16 5.052612105460611214e-17
2.586321903854301127e+03 6.871047396768278432e-16 4.931007305194246322e-17
2.589418576397061315e+03 5.886206873569249506e-16 4.562394841606095471e-17
2.592515248939821504e+03 5.433617656475907040e-16 4.501243202039328001e-17
2.595611921482581693e+03 6.947466442287794162e-16 4.967222967799282774e-17
2.598708594025341881e+03 5.933678763917078213e-16 4.615161415368567158e-17
2.601805266568102070e+03 3.733754128234977095e-16 3.909222216507947426e-17
2.604901939110862259e+03 6.182767663032634455e-16 4.743851022656518189e-17
2.607998611653622447e+03 6.380049658475666587e-16 4.761649029832831823e-17
2.611095284196382636e+03 6.442970460439068114e-16 4.779301192638984063e-17
2.614191956739142825e+03 5.225736116155082184e-16 4.452830016080913277e-17
2.617288629281903013e+03 6.967741232042343994e-16 4.990455906760998198e-17
2.620385301824663202e+03 7.920945081397471586e-16 5.239208914886849083e-17
2.623481974367423391e+03 1.053412049360402739e-15 5.887682594314794757e-17
2.626578646910183579e+03 1.217388830970329739e-15 6.275320301541677940e-17
2.629675319452943768e+03 1.239561725090200777e-15 6.380876232871053594e-17
2.632771991995703956e+03 1.370118352955478590e-15 6.628557789702161008e-17
2.635868664538464145e+03 1.268365855981325903e-15 6.418731405375324999e-17
2.638965337081224334e+03 1.384275842662151584e-15 6.671044352229237577e-17
2.642062009623984522e+03 1.378739443739085022e-15 6.642481614132452307e-17
2.645158682166744711e+03 1.499843828029263774e-15 6.904030406449538982e-17
2.648255354709504900e+03 1.547099112309933033e-15 7.034085116385024559e-17
2.651352027252265088e+03 1.577781719173247796e-15 7.011030735256728393e-17
2.654448699795025277e+03 1.673380273983588160e-15 7.226934165802174622e-17
2.657545372337785466e+03 1.556951580754904879e-15 6.965008993480576522e-17
2.660642044880545654e+03 1.742572026691024782e-15 7.410558866551392462e-17
2.663738717423305843e+03 1.806595968526909689e-15 7.494169582923048629e-17
2.666835389966066032e+03 1.802587585440026230e-15 7.447987469935711161e-17
2.669932062508826220e+03 1.852904478529739756e-15 7.617331083431445067e-17
2.673028735051586409e+03 1.957370047208270643e-15 7.771228329436761565e-17
2.676125407594346598e+03 2.026865084944279437e-15 7.810742574585372112e-17
2.679222080137106786e+03 2.052785435587245420e-15 7.896151978238483329e-17
2.682318752679866975e+03 2.078387961180095887e-15 8.018319427698983315e-17
2.685415425222627164e+03 2.289977162455738500e-15 8.332646180529486861e-17
2.688512097765387352e+03 2.263060410747960895e-15 8.261343126793525688e-17
2.691608770308147541e+03 2.606379854183091134e-15 8.891905551117706768e-17
2.694705442850907730e+03 2.448712111823515013e-15 8.460136552714409464e-17
2.697802115393667918e+03 2.520451195942194113e-15 8.697420365880608302e-17
2.700898787936428107e+03 2.778125717769467809e-15 9.145224852009228375e-17
2.703995460479188296e+03 2.825014330231717376e-15 9.116674973499510020e-17
2.707092133021948484e+03 3.014149077515569795e-15 9.385250298123703165e-17
2.710188805564708673e+03 3.073430053633856520e-15 9.523150551090482503e-17
2.713285478107468862e+03 3.153358526658556286e-15 9.596102338312784685e-17
2.716382150650229050e+03 3.403513685994743432e-15 9.912609869401146781e-17
2.719478823192989239e+03 3.286320274843777213e-15 9.820974247985741734e-17
2.722575495735749428e+03 3.588210615462935795e-15 1.025870243107279027e-16
2.725672168278509616e+03 3.659806589862244007e-15 1.039271124350499478e-16
2.728768840821269805e+03 3.829024186884315837e-15 1.051221508481568088e-16
2.731865513364029994e+03 3.704442191242372603e-15 1.029916813903433630e-16
2.734962185906790182e+03 3.861448779893487887e-15 1.057926039397899388e-16
2.738058858449550371e+03 4.021806142028148443e-15 1.077533655936028415e-16
2.741155530992310560e+03 3.989678609084523006e-15 1.071415990098059868e-16
2.744252203535070748e+03 3.780432753631145755e-15 1.041721330030392421e-16
2.747348876077830937e+03 4.039336210926727534e-15 1.081871330640260562e-16
2.750445548620591126e+03 4.112113032769040541e-15 1.086821313140491786e-16
2.753542221163351314e+03 3.973982737001212557e-15 1.070063385455131583e-16
2.756638893706111503e+03 4.205836445859027294e-15 1.093697983150486366e-16
2.759735566248871692e+03 4.310482014377648123e-15 1.116538083278198164e-16
2.762832238791631880e+03 4.102549384192199814e-15 1.086325574006927758e-16
2.765928911334392069e+03 4.345625031899852057e-15 1.128799535692956133e-16
2.769025583877152258e+03 4.651789905130000944e-15 1.157615886594187917e-16
2.772122256419912446e+03 4.649059365709951909e-15 1.146425424384068113e-16
2.775218928962672635e+03 4.571118573666930260e-15 1.146731022021080584e-16
2.778315601505432824e+03 4.762196725335162301e-15 1.169982729839484095e-16
2.781412274048193012e+03 4.876073405955438892e-15 1.178037537902102133e-16
2.784508946590953201e+03 4.947635288216663298e-15 1.189367608057629971e-16
2.787605619133713390e+03 5.041312204362686637e-15 1.206122211342913822e-16
2.790702291676473578e+03 5.124090214977997847e-15 1.214915281688139746e-16
2.793798964219233767e+03 5.154903134988277166e-15 1.216961809366829203e-16
2.796895636761993956e+03 4.671272838921945208e-15 1.175889054078333756e-16
2.799992309304754144e+03 4.692512775201999366e-15 1.164242212982337964e-16
2.803088981847514333e+03 5.172835169339326566e-15 1.235607874269281214e-16
2.806185654390274522e+03 4.541789009169341467e-15 1.150046242601859798e-16
2.809282326933034710e+03 4.871702149258585397e-15 1.194747389540546075e-16
2.812378999475794899e+03 3.200768165012150507e-15 9.579811043857963866e-17
2.815475672018555088e+03 5.202976239268449719e-15 1.236116771153855849e-16
2.818572344561315276e+03 4.178769144789609234e-15 1.103184740473785245e-16
2.821669017104075465e+03 5.108181422020499822e-15 1.229388402880797690e-16
2.824765689646835654e+03 7.422695974215086192e-15 1.471974325500257617e-16
2.827862362189595842e+03 8.119818242695147024e-15 1.523578200330742485e-16
2.830959034732356031e+03 8.272110717237534634e-15 1.535648308613536899e-16
2.834055707275116220e+03 8.923333031733792453e-15 1.595852811175072684e-16
2.837152379817876408e+03 9.400196001691947996e-15 1.630958306357138788e-16
2.840249052360636597e+03 9.854136690245340696e-15 1.686768103363257382e-16
2.843345724903396786e+03 1.020944646934538756e-14 1.703819020855996788e-16
2.846442397446156974e+03 1.068828959854406574e-14 1.754609420595150572e-16
2.849539069988917163e+03 1.123783227743361480e-14 1.790914904958009970e-16
2.852635742531677352e+03 1.157385284247665760e-14 1.830708650025360664e-16
2.855732415074437540e+03 1.106577216384542668e-14 1.784529489939709454e-16
2.858829087617197729e+03 1.263125853802516358e-14 1.917429074557317192e-16
2.861925760159957917e+03 1.318793990327444989e-14 1.935471858377729669e-16
2.865022432702718106e+03 1.326679266097552737e-14 1.955128538674008927e-16
2.868119105245478295e+03 1.094606658192001154e-14 1.764142630832582019e-16
2.871215777788238483e+03 1.219626235271939629e-14 1.913730865066189453e-16
2.874312450330998672e+03 1.445599874208735756e-14 2.057145654412354046e-16
2.877409122873758861e+03 1.574492073825770458e-14 2.136333306560056594e-16
2.880505795416519049e+03 1.601798156904530764e-14 2.162092126118113310e-16
2.883602467959279238e+03 1.595886308991990240e-14 2.157215350481059978e-16
2.886699140502039427e+03 1.624057449901927187e-14 2.180521767561126620e-16
2.889795813044799615e+03 1.648943587718809104e-14 2.199430673327040691e-16
2.892892485587559804e+03 1.752813279386710245e-14 2.282479638777059635e-16
2.895989158130319993e+03 1.804501968981272912e-14 2.320852254713556444e-16
2.899085830673080181e+03 1.833869042412452427e-14 2.342184151237577581e-16
2.902182503215840370e+03 1.813876306587439233e-14 2.346344711050926238e-16
2.905279175758600559e+03 1.786630409169290032e-14 2.298042700839396096e-16
2.908375848301360747e+03 1.805744345922447754e-14 2.337128082103034173e-16
2.911472520844120936e+03 1.770164679261140234e-14 2.321382324513232729e-16
2.914569193386881125e+03 1.777827539976152644e-14 2.330252548119504780e-16
2.917665865929641313e+03 1.802689372716227708e-14 2.351842165230357912e-16
2.920762538472401502e+03 1.803271268805104875e-14 2.365203920846275819e-16
2.923859211015161691e+03 1.793197710606206126e-14 2.363882030114894825e-16
2.926955883557921879e+03 1.787035717731376065e-14 2.356548422959734618e-16
2.930052556100682068e+03 1.768470580893691541e-14 2.348900977086501979e-16
2.933149228643442257e+03 1.808767573396824377e-14 2.396747249545639240e-16
2.936245901186202445e+03 1.791857920731597918e-14 2.377234330637138090e-16
2.939342573728962634e+03 1.803131291866669273e-14 2.390956905787800153e-16
2.942439246271722823e+03 1.802567953356675566e-14 2.410319052056684094e-16
2.945535918814483011e+03 1.808625218248147359e-14 2.432786242843413261e-16
2.948632591357243200e+03 1.853681901341596248e-14 2.476624512097902979e-16
2.951729263900003389e+03 1.850047683273268142e-14 2.461699057460405807e-16
2.954825936442763577e+03 1.881788799645682232e-14 2.493022021664703252e-16
2.957922608985523766e+03 1.903984692784282919e-14 2.536201953385440275e-16
2.961019281528283955e+03 2.007715494719126149e-14 2.635750273022459259e-16
2.964115954071044143e+03 1.934658856730076227e-14 2.568407064976672884e-16
2.967212626613804332e+03 1.927513322391553625e-14 2.545950024034945512e-16
2.968000000000000000e+03 1.935372340057230225e-14 2.012895316360061070e-16
2.970309299156564521e+03 1.958514070660468670e-14 2.595431332733813351e-16
2.973405971699324709e+03 1.937052715448758844e-14 2.579642682850867242e-16
2.973494267607209622e+03 1.935583737195168513e-14 2.507989187265533286e-16
2.976502644242084898e+03 1.894023730934259407e-14 2.559126450817672750e-16
2.978988535214419244e+03 1.914922913360056067e-14 2.140986402318996569e-16
2.979599316784845087e+03 1.921255232233552580e-14 2.585177601124058919e-16
2.982695989327605275e+03 1.929047650568151989e-14 2.604122026079611104e-16
2.984482802821628866e+03 1.971737885147583287e-14 1.916593878357772679e-16
2.985792661870365464e+03 1.998392485590392872e-14 2.696091048668980832e-16
2.988889334413125653e+03 1.967954775348597839e-14 2.673408114459642145e-16
2.989977070428838488e+03 1.976648163132175990e-14 1.983758153862650719e-16
2.991986006955885841e+03 2.003203350918673409e-14 2.680881745104378694e-16
2.995082679498646030e+03 1.998541752283418800e-14 2.709196322977306302e-16
2.995471338036048110e+03 1.999396067321339044e-14 2.398491416818795526e-16
2.998179352041406219e+03 2.001881029836639127e-14 2.701338436892689630e-16
3.000965605643257732e+03 1.973452138645561324e-14 2.455474191248237464e-16
3.001276024584166407e+03 1.969624970193300640e-14 2.707499408442795894e-16
3.004372697126926596e+03 1.990595647991870273e-14 2.743515394997049363e-16
3.006459873250467354e+03 1.962034468953173412e-14 2.073342907550091091e-16
3.007469369669686785e+03 1.947706047618554051e-14 2.757855421281876731e-16
3.010566042212446973e+03 1.908249493615058408e-14 2.717277843686939291e-16
3.011954140857676975e+03 1.869017331116494161e-14 1.939585385761774006e-16
3.013662714755207162e+03 1.824997508543094375e-14 2.688659446183261274e-16
3.016759387297967351e+03 1.793098309980633974e-14 2.706576123969223855e-16
3.017448408464886597e+03 1.796016451249842693e-14 2.196327133094085979e-16
3.019856059840727539e+03 1.810116866449165812e-14 2.672173306285541328e-16
3.022942676072096219e+03 1.749131667532069741e-14 2.658307884090922102e-16
3.022952732383487728e+03 1.748972359908494569e-14 2.666762010025983502e-16
3.026049404926247917e+03 1.764312212436559159e-14 2.677708781872784979e-16
3.028436943679305841e+03 1.758047724203666389e-14 2.196432021710459350e-16
3.029146077469008105e+03 1.756902022107824430e-14 2.720717163835342700e-16
3.032242750011768294e+03 1.735697113804781607e-14 2.709627440555927024e-16
3.033931211286515463e+03 1.753897318990729358e-14 1.974862318755055794e-16
3.035339422554528483e+03 1.758887997388419210e-14 2.776801668579120672e-16
3.038436095097288671e+03 1.764371684683444875e-14 2.799481590037375336e-16
3.039425478893725085e+03 1.772672988872087865e-14 2.123484542373305305e-16
3.041532767640048860e+03 1.796950405474143652e-14 2.800890997969724918e-16
3.044629440182809049e+03 1.805177036961055614e-14 2.871525089949432673e-16
3.044919746500934707e+03 1.808808567232578364e-14 2.624643294220146689e-16
3.047726112725569237e+03 1.848028137308808945e-14 2.890396135133969778e-16
3.050414014108144329e+03 1.834627680892383771e-14 2.581836157031204777e-16
3.050822785268329426e+03 1.831956754810313194e-14 2.927179829605719233e-16
3.053919457811089615e+03 1.923886185838134425e-14 2.963996402945668349e-16
3.055908281715353951e+03 1.949029205296932318e-14 2.264671784156873305e-16
3.057016130353849803e+03 1.963590715642142138e-14 3.063160209138208532e-16
3.060112802896609992e+03 1.963325172314205721e-14 3.084428894172333559e-16
3.061402549322563573e+03 2.008702204574293183e-14 2.273344963483481935e-16
3.063209475439370181e+03 2.054768259803019436e-14 3.173454338488350055e-16
3.066306147982130369e+03 2.041554298633571809e-14 3.218988774521322846e-16
3.066896816929773195e+03 2.061844020740413623e-14 2.703173050127656081e-16
3.069402820524890558e+03 2.116043110314598634e-14 3.258469269400712830e-16
3.072391084536982817e+03 2.172874123778976509e-14 3.249426482686686074e-16
3.072499493067650747e+03 2.174211897229204104e-14 3.358375394722988431e-16
3.075596165610410935e+03 2.354985821629711054e-14 3.420921826651101206e-16
3.077885352144192439e+03 2.314710476029437617e-14 2.758146888743703637e-16
3.078692838153171124e+03 2.301241835443249862e-14 3.469294764572166461e-16
3.081789510695931313e+03 2.468660628679382049e-14 3.689339435091513895e-16
3.083379619751402061e+03 2.483615045756571743e-14 2.690565370643786920e-16
3.084886183238691501e+03 2.519216360941069690e-14 3.702810863463720557e-16
3.087982855781451690e+03 2.611152649110994302e-14 3.801825512214358210e-16
3.088873887358611682e+03 2.612385669686534114e-14 2.974189496673491407e-16
3.091079528324211878e+03 2.633134373772111430e-14 3.731283676739823939e-16
3.094176200866972067e+03 2.714734026608427179e-14 3.981184333190600633e-16
3.094368154965821304e+03 2.712424786287930850e-14 3.759744383450760339e-16
3.097272873409732256e+03 2.674700143637123658e-14 3.797117128972256318e-16
3.099862422573030926e+03 2.789321775929527238e-14 3.517651407684109505e-16
3.100369545952492444e+03 2.811239218736029751e-14 4.079971331266680925e-16
3.103466218495252633e+03 2.844779071424828399e-14 4.005057214158274420e-16
3.105356690180240548e+03 2.840372837138045616e-14 3.096026006739022931e-16
3.106562891038012822e+03 2.832573745727981345e-14 4.188698809709681755e-16
3.109659563580773010e+03 2.833379207003765201e-14 4.205095577969964025e-16
3.110850957787450170e+03 2.824934354365373963e-14 3.130303606551120677e-16
3.112756236123533199e+03 2.848732227452317499e-14 4.096666217881052710e-16
3.115852908666293388e+03 2.823458170567175712e-14 4.295627672188847497e-16
3.116345225394659792e+03 2.837604544861091545e-14 3.730753320520927575e-16
3.118949581209053576e+03 2.868234549486660556e-14 4.165666263438854411e-16
3.121839493001869414e+03 2.859127927937480363e-14 4.143857652194766226e-16
3.122046253751813765e+03 2.855677339270697517e-14 4.397706022842563390e-16
3.125142926294573954e+03 2.808198612896663885e-14 4.207867258429478004e-16
3.127333760609079036e+03 2.783350947461816591e-14 3.464204075156551342e-16
3.128239598837334142e+03 2.761738198333694903e-14 4.411343179332692728e-16
3.131336271380094331e+03 2.871015307188255419e-14 4.464188550982340614e-16
3.132828028216288658e+03 2.898027231882724924e-14 3.344302719568014674e-16
3.134432943922854520e+03 2.898709377353466715e-14 4.509817410444413525e-16
3.137529616465614708e+03 2.744722799629585596e-14 4.528379376610860426e-16
3.138322295823498280e+03 2.761456939157286665e-14 3.652709263802119429e-16
3.140626289008374897e+03 2.764964128199001438e-14 4.359586194171029759e-16
3.143722961551135086e+03 2.775422158995750928e-14 4.647412175181933137e-16
3.143816563430707902e+03 2.773055165447136363e-14 4.527783194861345667e-16
3.146819634093895274e+03 2.685922936289560085e-14 4.395152387121157538e-16
3.149310831037917524e+03 2.797861520046103981e-14 4.029533579272886364e-16
3.149916306636655463e+03 2.931236635159516050e-14 1.253705454393073339e-15
3.154805098645127146e+03 2.666262361546935518e-14 1.360903060192425783e-15
3.160299366252336768e+03 2.730776535876781903e-14 1.274173566283386471e-15
3.165793633859546389e+03 2.584716115800616501e-14 1.193319960720669836e-15
3.171287901466756011e+03 2.358247308736664368e-14 1.153238107711130856e-15
3.176782169073965633e+03 2.741078265957169703e-14 1.166169802798857007e-15
3.182276436681175255e+03 2.641015571595755326e-14 1.145736890885679899e-15
3.187770704288384877e+03 2.535716093181273952e-14 1.140538253474697118e-15
3.193264971895594499e+03 2.376987072817879361e-14 1.096977786891920113e-15
3.198759239502804121e+03 2.407130707394061423e-14 1.091521263831360357e-15
3.204253507110013743e+03 2.672476027186727002e-14 1.213244327279410212e-15
3.209747774717223365e+03 2.392624024315980169e-14 1.102819983301812862e-15
3.215242042324432987e+03 2.379780602768069133e-14 1.050858502363318167e-15
3.220736309931642609e+03 2.244342561211411284e-14 1.026168058014430418e-15
3.226230577538852231e+03 2.481917624317250373e-14 1.035294131739757738e-15
3.231724845146061853e+03 1.973388757676689985e-14 1.017723451138350809e-15
3.237219112753271475e+03 2.138230426599710480e-14 1.005303404909670264e-15
3.242713380360481096e+03 2.307954676501839928e-14 9.880328312427185048e-16
3.248207647967690718e+03 2.151751176622651318e-14 9.786663534509667442e-16
3.253701915574900340e+03 2.338787845667751863e-14 1.028048672383134254e-15
3.259196183182109962e+03 2.065988430221402883e-14 9.701332733956409705e-16
3.264690450789319584e+03 2.059734441773089242e-14 9.772769662865579150e-16
3.270184718396529206e+03 2.142626853342797736e-14 9.618731479325569026e-16
3.275678986003738828e+03 2.381298432748425539e-14 9.566820562535885495e-16
3.281173253610948450e+03 2.306507615559475732e-14 9.441508657638709854e-16
3.286667521218158072e+03 2.396979905933712894e-14 9.470761540653385690e-16
3.292161788825367694e+03 2.239728699417863297e-14 9.234866512383244202e-16
3.297656056432577316e+03 2.399890525407081117e-14 9.321624168028281054e-16
3.303150324039786938e+03 2.551027650021030784e-14 9.392132085091216630e-16
3.308644591646996560e+03 2.609565226411253140e-14 9.372079141315578983e-16
3.314138859254206182e+03 2.382686517827271396e-14 9.242664297524905332e-16
3.319633126861415803e+03 2.562204870086502634e-14 9.195040269789231719e-16
3.325127394468625425e+03 2.824555236526469872e-14 9.915711562274110141e-16
3.330621662075835047e+03 2.864986426163599546e-14 9.333595158729932493e-16
3.336115929683044669e+03 2.769993515216616659e-14 9.276854432381974233e-16
3.341610197290254291e+03 2.892051026725237479e-14 9.326068871546678070e-16
3.347104464897463913e+03 3.903686423673665270e-14 1.125243346429277424e-15
3.352598732504673535e+03 3.371118603892584612e-14 9.417818988732314574e-16
3.358093000111883157e+03 3.456018789901838645e-14 9.389838593950557242e-16
3.363587267719092779e+03 3.468886111005523919e-14 9.355097243562279113e-16
3.369081535326302401e+03 3.508589394625215452e-14 9.327296881026614601e-16
3.374575802933512023e+03 3.474313119216657016e-14 9.231954956698895536e-16
3.380070070540721645e+03 3.631249889658997527e-14 9.322935642164502567e-16
3.385564338147931267e+03 3.597734954214673274e-14 9.225792441450783373e-16
3.391058605755140889e+03 3.744053770356633010e-14 9.487318632282663257e-16
3.396552873362350510e+03 3.561229047196147918e-14 9.239123683643843052e-16
3.402047140969560132e+03 3.377999380655876961e-14 9.683169578777230494e-16
3.407541408576769754e+03 3.855269304831988715e-14 9.300207596600137046e-16
3.413035676183979376e+03 4.011278256292246747e-14 9.306698216380827127e-16
3.418529943791188998e+03 4.092300679431935476e-14 9.607178930064620569e-16
3.424024211398398620e+03 4.262715633510735973e-14 9.542410364179296640e-16
3.429518479005608242e+03 4.411290948153351489e-14 9.412437134622115200e-16
3.435012746612817864e+03 4.613686545325088381e-14 9.443481280120513822e-16
3.440507014220027486e+03 4.580784793108589250e-14 9.372568469679136591e-16
3.446001281827237108e+03 4.795986107150478658e-14 9.379446390278774028e-16
3.451495549434446730e+03 4.861491484764520372e-14 9.646429742188627224e-16
3.456989817041656352e+03 5.313479910767859582e-14 9.591468834046303696e-16
3.462484084648865974e+03 5.712247899137977200e-14 9.703056950338914066e-16
3.467978352256075596e+03 5.915295559968793005e-14 9.836887174294912674e-16
3.473472619863285217e+03 6.304064757142620745e-14 1.004702464644628108e-15
3.478966887470494839e+03 6.141679981790122967e-14 9.882983147411954581e-16
3.484461155077704461e+03 6.158234693605425487e-14 1.019603019828489107e-15
3.489955422684914083e+03 6.343476399056642404e-14 1.006776976913347726e-15
3.495449690292123705e+03 6.358240933094986329e-14 1.007224766158944897e-15
3.500943957899333327e+03 6.498976275393279611e-14 1.009619431156481259e-15
3.506438225506542949e+03 6.567656299974317003e-14 9.988982058970441542e-16
3.511932493113752571e+03 6.551416313413704199e-14 9.956589630399976545e-16
3.517426760720962193e+03 6.802943295222848570e-14 1.005984280395514000e-15
3.522921028328171815e+03 6.927074617247988922e-14 1.009926729962355184e-15
3.528415295935381437e+03 6.884208638450524760e-14 9.993175995386864427e-16
3.533909563542591059e+03 7.304207482334606948e-14 1.029111230083424257e-15
3.539403831149800681e+03 6.942284761634877074e-14 1.003299791349518936e-15
3.544898098757010303e+03 7.290645675931176225e-14 1.019760709105373061e-15
3.550392366364219924e+03 7.210976456317729159e-14 1.009807882653298867e-15
3.555886633971429546e+03 7.437016783962725147e-14 1.017227362088651090e-15
3.561380901578639168e+03 7.543867577588260060e-14 1.026385646938132336e-15
3.566875169185848790e+03 7.716271478087736778e-14 1.124462927282700769e-15
3.572369436793058412e+03 8.005173368258047188e-14 1.048380186337777790e-15
3.577863704400268034e+03 8.040127293138373744e-14 1.052453598692150578e-15
3.583357972007477656e+03 8.023474081601687494e-14 1.040416520745765915e-15
3.588852239614687278e+03 7.812398105392231153e-14 1.024269846452387989e-15
3.594346507221896900e+03 8.236561188812086997e-14 1.044028888223705658e-15
3.599840774829106522e+03 8.150264005401885759e-14 1.041400894525794172e-15
3.605335042436316144e+03 8.500999466299690766e-14 1.085167170461205316e-15
3.610829310043525766e+03 8.795715798524589542e-14 1.499057100584992501e-15
3.616323577650735388e+03 8.586795872550864029e-14 1.478439798520713491e-15
3.621817845257945010e+03 8.955964985650574592e-14 1.073288585106034335e-15
3.627312112865154631e+03 8.804948724946198757e-14 1.057266957148175211e-15
3.632806380472364253e+03 8.494478707210649850e-14 1.040395170743232783e-15
3.638300648079573875e+03 8.150577574570162597e-14 1.020933041741137158e-15
3.643794915686783497e+03 7.728851022522194173e-14 9.934376236015171103e-16
3.649289183293993119e+03 6.926036107126617796e-14 9.569944659805138544e-16
3.654783450901202741e+03 6.434464081528392535e-14 9.250854227776424021e-16
3.660277718508412363e+03 5.807249213318537291e-14 8.873004805098919350e-16
3.665771986115621985e+03 5.453336057612615634e-14 8.686816226906497841e-16
3.671266253722831607e+03 4.838982455280275756e-14 8.573156502616176234e-16
3.676760521330041229e+03 4.356483139081601871e-14 8.487775413720854033e-16
3.682254788937250851e+03 4.023545916978006182e-14 7.861897909263051266e-16
3.687749056544460473e+03 3.687466778234026051e-14 7.526462137054987826e-16
3.693243324151670095e+03 3.402510226894915624e-14 7.450603528365774225e-16
3.698737591758879717e+03 3.460732531613223301e-14 7.532642491161114910e-16
3.704231859366089338e+03 3.184166176199082980e-14 7.190424343496172175e-16
3.709726126973298960e+03 3.303377396496673889e-14 7.052988142796881086e-16
3.715220394580508582e+03 3.129853135874097399e-14 6.911308912742756051e-16
3.720714662187718204e+03 3.023195580404401246e-14 6.819964862962843232e-16
3.726208929794927826e+03 3.035045190487400119e-14 6.834937406365304901e-16
3.731703197402137448e+03 3.069890644581450358e-14 6.772327145832214791e-16
3.737197465009347070e+03 3.029917729156488144e-14 6.754843158865837076e-16
3.742691732616556692e+03 3.076024277287631166e-14 6.631858170326805729e-16
3.748186000223766314e+03 3.373148005626462410e-14 6.768931615760541224e-16
3.753680267830975936e+03 3.386765027287180115e-14 6.773487833519017130e-16
3.759174535438185558e+03 3.772358111332298794e-14 6.931418177741154840e-16
3.764668803045395180e+03 4.025368242452967257e-14 7.009967528477524135e-16
3.770163070652604802e+03 4.344624210177678468e-14 7.094757551581370474e-16
3.775657338259814424e+03 4.520344136839680400e-14 7.390416472198396720e-16
3.781151605867024045e+03 4.709503609824337408e-14 7.426314196935235352e-16
3.786645873474233667e+03 4.765770053459955569e-14 7.392589118755883964e-16
3.792140141081443289e+03 4.856980732596149597e-14 7.348674177200727859e-16
3.797634408688652911e+03 4.963134371165786229e-14 7.197226204885713477e-16
3.803128676295862533e+03 4.931075262367010314e-14 7.134741046746293751e-16
3.808622943903072155e+03 5.088901579469913112e-14 7.191891428911988977e-16
3.814117211510281777e+03 5.159389146182889594e-14 7.265961231464109879e-16
3.819611479117491399e+03 4.996758347564052139e-14 7.427816660227097553e-16
3.825105746724701021e+03 5.103352667789090839e-14 7.091781972622104502e-16
3.830600014331910643e+03 5.418335978395858624e-14 7.154482741470922024e-16
3.836094281939120265e+03 5.347681221520844557e-14 7.057970380372453296e-16
3.841588549546329887e+03 5.430766476962010997e-14 7.033942391482840412e-16
3.847082817153539509e+03 5.571179053445628897e-14 7.648036304498154501e-16
3.852577084760749131e+03 5.937523748859426808e-14 7.366583088195389093e-16
3.858071352367958752e+03 6.512560929885123012e-14 7.464882100847868234e-16
3.863565619975168374e+03 6.658901309555750251e-14 7.582995916680588981e-16
3.869059887582377996e+03 7.493666906799221873e-14 7.908118254398671569e-16
3.874554155189587618e+03 7.926188634433641819e-14 7.916148293138475786e-16
3.880048422796797240e+03 8.484767341673720052e-14 8.170352713905280004e-16
3.885542690404006862e+03 8.783012165635629242e-14 8.162435586879118908e-16
3.891036958011216484e+03 8.986031845476912432e-14 8.260881519882227567e-16
3.896531225618426106e+03 9.091888733243970283e-14 8.196107753065764717e-16
3.902025493225635728e+03 9.413882146439834535e-14 8.275974170111058693e-16
3.907519760832845350e+03 9.353303625796789361e-14 8.275551195306525831e-16
3.913014028440054972e+03 9.301092150875838898e-14 8.222632801814482387e-16
3.918508296047264594e+03 9.307468982110379252e-14 8.188172982240960704e-16
3.924002563654474216e+03 9.314715736857847109e-14 8.116243832169086677e-16
3.929496831261683838e+03 9.462654380484963328e-14 8.343437260842614919e-16
3.934991098868893459e+03 9.301877215212411157e-14 8.038206270546605069e-16
3.940485366476103081e+03 9.409538233361037119e-14 8.164870344103801377e-16
3.945979634083312703e+03 9.926853106779279603e-14 8.238091295648631692e-16
3.951473901690522325e+03 9.537190462432793333e-14 7.990189222528067983e-16
3.956968169297731947e+03 9.199796212822491005e-14 7.861068227115930528e-16
3.962462436904941569e+03 1.018116011047180976e-13 8.231656195832465810e-16
3.967956704512151191e+03 9.736916606203677063e-14 8.525065577912469047e-16
3.973450972119360813e+03 9.802861595860517058e-14 7.998170033569747997e-16
3.978945239726570435e+03 9.571445859814312430e-14 7.832086577968907653e-16
3.984439507333780057e+03 9.281689826092401712e-14 7.764260364320510521e-16
3.989933774940989679e+03 8.250672817454277291e-14 7.360024382185434054e-16
3.995428042548199301e+03 8.668917288825397626e-14 7.465579957076547871e-16
4.000922310155408923e+03 8.596830385106048738e-14 7.428646295379208397e-16
4.006416577762618545e+03 8.687936907304449159e-14 7.449790795178095570e-16
4.011910845369828166e+03 8.938497265902276320e-14 7.547675010478067576e-16
4.017405112977037788e+03 9.131948673900259914e-14 7.567208327212600477e-16
4.022899380584247410e+03 8.998609056222431040e-14 7.513567183322229571e-16
4.028393648191457032e+03 9.462094626764595076e-14 7.751319626791071973e-16
4.033887915798666654e+03 9.221731205834969515e-14 7.994613252002142154e-16
4.039382183405876276e+03 9.733075945083893860e-14 7.688922362460229066e-16
4.044876451013085898e+03 9.801639950252468606e-14 7.684186862523182753e-16
4.050370718620295520e+03 1.003394331413001968e-13 8.076835821502015101e-16
4.055864986227505142e+03 1.037772664143377178e-13 7.870782750314246460e-16
4.061359253834714764e+03 1.033941619864141336e-13 7.894977485471137720e-16
4.066853521441924386e+03 1.048804330858914732e-13 7.863621720720841035e-16
4.072347789049134008e+03 1.054764395566575138e-13 7.935879807769193381e-16
4.077842056656343630e+03 1.069879664544340850e-13 7.931429086322431581e-16
4.083336324263553252e+03 1.076120493686510955e-13 7.937758359167133799e-16
4.088830591870762873e+03 1.066330005458675743e-13 7.893765992200206241e-16
4.094324859477972495e+03 1.073274423456871302e-13 7.953413327097356114e-16
4.099819127085182117e+03 1.041985252130833662e-13 7.833891151647204254e-16
4.105313394692391739e+03 1.036780337276475966e-13 7.785045660164743888e-16
4.110807662299601361e+03 1.024690358523810404e-13 7.772243108549454090e-16
4.116301929906810983e+03 1.005575049572065464e-13 7.938741362474162486e-16
4.121796197514020605e+03 9.944137717184496896e-14 7.663382098667407557e-16
4.127290465121230227e+03 9.945349234784601764e-14 7.631734811426599910e-16
4.132784732728439849e+03 9.706872888775157295e-14 7.548723123995488733e-16
4.138279000335649471e+03 9.513821778922530664e-14 7.434611982730667628e-16
4.143773267942859093e+03 9.205004539826388220e-14 7.577397075084543368e-16
4.149267535550068715e+03 8.962731486324720358e-14 7.221586095728368864e-16
4.154761803157278337e+03 9.176570890783205970e-14 7.324335090844098828e-16
4.160256070764487959e+03 9.174981089842777463e-14 7.246775391273002624e-16
4.165750338371697580e+03 9.214628178668037806e-14 7.289441925175118272e-16
4.171244605978907202e+03 9.359474356327808285e-14 7.307048254275609738e-16
4.176738873586116824e+03 9.551561620454735404e-14 7.382204576250394918e-16
4.182233141193326446e+03 9.675582382787379759e-14 7.379827839151476408e-16
4.187727408800536068e+03 9.435588972634014748e-14 7.318472258012880842e-16
4.193221676407745690e+03 9.392016441275788856e-14 7.261551146285779006e-16
4.198715944014955312e+03 8.999809420090528796e-14 7.124442268474647356e-16
4.204210211622164934e+03 8.723386906923057369e-14 6.996211942374158530e-16
4.209704479229374556e+03 8.638992296722729085e-14 7.322356671590214148e-16
4.215198746836584178e+03 8.152715908908363336e-14 6.901169127591304773e-16
4.220693014443793800e+03 8.044874971149080827e-14 6.760991749244842506e-16
4.226187282051003422e+03 7.640426502396068784e-14 6.596993608738960363e-16
4.231681549658213044e+03 7.554517112530355826e-14 6.526354152115843552e-16
4.237175817265422666e+03 7.259621873366390427e-14 6.431638520047932364e-16
4.242670084872632287e+03 6.938013019038734365e-14 6.361349153947302664e-16
4.248164352479841909e+03 6.791223561365561071e-14 6.204803880431193993e-16
4.253658620087051531e+03 6.505792689990137999e-14 6.089762500040730584e-16
4.259152887694261153e+03 6.232703948861395173e-14 5.943603728306082432e-16
4.264647155301470775e+03 5.962704119337285848e-14 5.859670062187297319e-16
4.270141422908680397e+03 5.950544319946689751e-14 5.811192488993345261e-16
4.275635690515890019e+03 5.462789936747106436e-14 5.592794215411217155e-16
4.281129958123099641e+03 5.520381708338410747e-14 5.602290566255591310e-16
4.286624225730309263e+03 5.126318107629156083e-14 5.460992274800737484e-16
4.292118493337518885e+03 5.070755771243037194e-14 5.361373256393585102e-16
4.297612760944728507e+03 4.996281499748369830e-14 5.308919482627515606e-16
4.303107028551938129e+03 4.992524397037611425e-14 5.301724400644799611e-16
4.308601296159147751e+03 4.822077171397964244e-14 5.421627981615513842e-16
4.314095563766357373e+03 4.909901797658315668e-14 5.283790357654693012e-16
4.319589831373566994e+03 5.029660179930951058e-14 5.311220177065866689e-16
4.325084098980776616e+03 4.990264533827828987e-14 5.244221732688389776e-16
4.330578366587986238e+03 5.303049637743791669e-14 5.417134892544986801e-16
4.336072634195195860e+03 5.440097708460986455e-14 5.410477679718411696e-16
4.341566901802405482e+03 5.690528822926484958e-14 5.502040805112366941e-16
4.347061169409615104e+03 5.853386369553557685e-14 5.547131907105952661e-16
4.352555437016824726e+03 6.021655128528116229e-14 5.599612529462230195e-16
4.358049704624034348e+03 6.190276200448569162e-14 5.671713330076162754e-16
4.363543972231243970e+03 6.165581152047831085e-14 5.634947805209024462e-16
4.369038239838453592e+03 6.397931581932079316e-14 5.718291897686356881e-16
4.374532507445663214e+03 6.547818434324564922e-14 5.739520899948226136e-16
4.380026775052872836e+03 6.902995667873364340e-14 5.873301529282173579e-16
4.385521042660082458e+03 6.909019044513553118e-14 5.875212337356914480e-16
4.391015310267292080e+03 7.226956853874333482e-14 5.974096763380749767e-16
4.396509577874501701e+03 7.166447835868121626e-14 5.948014862663113265e-16
4.402003845481711323e+03 7.480353102043411874e-14 6.031212790215406094e-16
4.407498113088920945e+03 7.394282599382480399e-14 5.991528647360518350e-16
4.412992380696130567e+03 7.374694108050770123e-14 6.078335640169008396e-16
4.418486648303340189e+03 7.353106669698950851e-14 5.977042939394214239e-16
4.423980915910549811e+03 7.223624315803418817e-14 5.936777435653809369e-16
4.429475183517759433e+03 7.369454739486920572e-14 5.966964135659741017e-16
4.434969451124969055e+03 7.204890074767702907e-14 6.154071257775087039e-16
4.440463718732178677e+03 7.316936043124165023e-14 5.902260252048673290e-16
4.445957986339388299e+03 7.378241789102552622e-14 5.896201023487225951e-16
4.451452253946597921e+03 7.399122700605991158e-14 5.889085624156269884e-16
4.456946521553807543e+03 7.564127406123364695e-14 5.999537543706244163e-16
4.462440789161017165e+03 7.832082133011099890e-14 6.034080129486715822e-16
4.467935056768226787e+03 8.016155318470598814e-14 6.095513305520944333e-16
4.473429324375436408e+03 8.196205108435014675e-14 6.125162350719933484e-16
4.478923591982646030e+03 8.366022420117309068e-14 6.180896424990979540e-16
4.484417859589855652e+03 8.598943403856610562e-14 6.246954641612003561e-16
4.489912127197065274e+03 8.637499154874693656e-14 6.265046887208477122e-16
4.495406394804274896e+03 8.661691597488951065e-14 6.276097190845932897e-16
4.500900662411484518e+03 8.822935199178981006e-14 6.327660990571043763e-16
4.506394930018694140e+03 8.742635274903395607e-14 6.310295331239967719e-16
4.511889197625903762e+03 8.581743436489517405e-14 6.228569473935971447e-16
4.517383465233113384e+03 8.657999132413851924e-14 6.291940178656061070e-16
4.522877732840323006e+03 8.632438290834561334e-14 6.269236569492574208e-16
4.528372000447532628e+03 8.431089654386218927e-14 6.176169107281766262e-16
4.533866268054742250e+03 8.577942699142494053e-14 6.219848051597199025e-16
4.539360535661951872e+03 8.499043171595418220e-14 6.197624654956522392e-16
4.544854803269161494e+03 8.427881625301815517e-14 6.166346266526776765e-16
4.550349070876371115e+03 8.263782618484549795e-14 6.113228427357966608e-16
4.555843338483580737e+03 8.197949005815363796e-14 6.106212689955906606e-16
4.561337606090790359e+03 8.085629222097665778e-14 6.035826145456474372e-16
4.566831873697999981e+03 8.104920421506585855e-14 6.045253030435096247e-16
4.572326141305209603e+03 8.034739398395615508e-14 6.010636513423968936e-16
4.577820408912419225e+03 8.057116568638013904e-14 6.006662242347601990e-16
4.583314676519628847e+03 7.872589891308121907e-14 5.984010949487361906e-16
4.588808944126838469e+03 8.046016145902626600e-14 6.318433627972719908e-16
4.594303211734048091e+03 8.015359212291878033e-14 6.011422329102071130e-16
4.599797479341257713e+03 8.232865734690594696e-14 6.090677614319612828e-16
4.605291746948467335e+03 8.106586516158916512e-14 6.044438493061691384e-16
4.610786014555676957e+03 8.227133622521658111e-14 6.094855178287870570e-16
4.616280282162886579e+03 8.238482304040177723e-14 6.100605948389841101e-16
4.621774549770096201e+03 8.200347170076041831e-14 6.113396739674373302e-16
4.627268817377305822e+03 8.252346486621637145e-14 6.128170935471667008e-16
4.632763084984515444e+03 8.132853514568512577e-14 6.077330340643015736e-16
4.638257352591725066e+03 7.957004303143594986e-14 6.190999185575127690e-16
4.643751620198934688e+03 7.780336470626687246e-14 6.715140722329579580e-16
4.649245887806144310e+03 7.526928741525583752e-14 5.961759030191693835e-16
4.654740155413353932e+03 7.113354275185671676e-14 6.219769721563898940e-16
4.660234423020563554e+03 6.951893239516486930e-14 5.663098302442744841e-16
4.665728690627773176e+03 6.930635282716784939e-14 5.706749827607376120e-16
4.671222958234982798e+03 6.721915717070794428e-14 5.585183620133024538e-16
4.676717225842192420e+03 6.685442511046419776e-14 5.562538608575197213e-16
4.682211493449402042e+03 6.489604204475426207e-14 5.506404184792757893e-16
4.687705761056611664e+03 6.512272409142150026e-14 5.557977723577463751e-16
4.693200028663821286e+03 6.355496552616637444e-14 5.496778735546921193e-16
4.698694296271030908e+03 6.194487479665635807e-14 5.727176157075395037e-16
4.704188563878240529e+03 6.439588087478049760e-14 5.516371762761477235e-16
4.709682831485450151e+03 6.290210499639362631e-14 5.907506971499099965e-16
4.715177099092659773e+03 6.339453732367438053e-14 5.474633123609696953e-16
4.720671366699869395e+03 6.336600795122551114e-14 5.491095819130151469e-16
4.726165634307079017e+03 6.249784187048043282e-14 5.453390586228126213e-16
4.731659901914288639e+03 6.123006283950545632e-14 5.394926237072082768e-16
4.737154169521498261e+03 6.069080959591715639e-14 5.404309322980062659e-16
4.742648437128707883e+03 5.976061760841547191e-14 5.382562990528112297e-16
4.748142704735917505e+03 5.714141434141067673e-14 5.282314305444194810e-16
4.753636972343127127e+03 5.574937499989279184e-14 5.226911042778048597e-16
4.759131239950336749e+03 5.434930166915006659e-14 5.764809814974270833e-16
4.764625507557546371e+03 5.365820319106415317e-14 5.135736097829166431e-16
4.770119775164755993e+03 5.363173598728511231e-14 5.161708445135133349e-16
4.775614042771965615e+03 5.387548318403263385e-14 5.280443439936025198e-16
4.781108310379175236e+03 5.400382169876480167e-14 5.140787622988462765e-16
4.786602577986384858e+03 5.547242565911205619e-14 5.200880024518926994e-16
4.792096845593594480e+03 5.737243200408179681e-14 5.254730020884204892e-16
4.797591113200804102e+03 5.872419869948475966e-14 5.319203636623836913e-16
4.803085380808013724e+03 5.925655332826815867e-14 5.324203316935376565e-16
4.808579648415223346e+03 6.012293650155252732e-14 5.368767122405725989e-16
4.814073916022432968e+03 5.958285414080514683e-14 5.343407975345987251e-16
4.819568183629642590e+03 5.870348659223708046e-14 5.285006440452569220e-16
4.825062451236852212e+03 5.735899108886908727e-14 5.243867528358569587e-16
4.830556718844061834e+03 5.624299821076859363e-14 5.190710837671837312e-16
4.836050986451271456e+03 5.469820935585988475e-14 5.169017784061798586e-16
4.841545254058481078e+03 5.285734396768679952e-14 5.042560064263614544e-16
4.847039521665690700e+03 5.067651205539892616e-14 4.941934277827520294e-16
4.852533789272900322e+03 4.856592056948930014e-14 4.852105400653124085e-16
4.858028056880109943e+03 4.895831458424497189e-14 4.868628940107677921e-16
4.863522324487319565e+03 4.620753107747935183e-14 4.747244845689589387e-16
4.869016592094529187e+03 4.447026448832728683e-14 4.640225651628740661e-16
4.874510859701738809e+03 4.386373281439420493e-14 4.625027957481462272e-16
4.880005127308948431e+03 4.311688075993504528e-14 4.892455806466566173e-16
4.885499394916158053e+03 4.394324492824194578e-14 4.613949645133714120e-16
4.890993662523367675e+03 4.403281019801273480e-14 4.590687333405355488e-16
4.896487930130577297e+03 4.397416426198375073e-14 4.590732584548102095e-16
4.901982197737786919e+03 4.443018649128054460e-14 4.616603056477679415e-16
4.907476465344996541e+03 4.574289434927184399e-14 4.670619823222296809e-16
4.912970732952206163e+03 4.610890962646184615e-14 4.687821609590445332e-16
4.918465000559415785e+03 4.503545198484102303e-14 4.588447997064644635e-16
4.923959268166625407e+03 4.489814955673662301e-14 4.594092750329124966e-16
4.929453535773835029e+03 4.591268315553753992e-14 4.598972617661181032e-16
4.934947803381044650e+03 4.629809610173064189e-14 4.685331859055313242e-16
4.940442070988254272e+03 4.592827345966929502e-14 4.642102020788866888e-16
4.945936338595463894e+03 4.594352225072655936e-14 4.585779617019562814e-16
4.951430606202673516e+03 4.632070701303308401e-14 4.650698915543388904e-16
4.956924873809883138e+03 4.613865436721578843e-14 4.566473499012107703e-16
4.962419141417092760e+03 4.583453163964938941e-14 4.533451523733254512e-16
4.967913409024302382e+03 4.492748171409722185e-14 4.521155763085438784e-16
4.973407676631512004e+03 4.428124688469216165e-14 4.450189899710550819e-16
4.978901944238721626e+03 4.441709296716293390e-14 4.446278893176167533e-16
4.984396211845931248e+03 4.363516276585041723e-14 4.422437683500779173e-16
4.989890479453140870e+03 4.408258293150220611e-14 4.439262882867835636e-16
4.995384747060350492e+03 4.266581281598251054e-14 4.396294248006959800e-16
5.000879014667560114e+03 4.287549397252912409e-14 4.364807858752322517e-16
5.006373282274769736e+03 4.445881178952642628e-14 4.431918610407070859e-16
5.011867549881979357e+03 4.513289742315156703e-14 4.435103000400275199e-16
5.017361817489188979e+03 4.562189464882672740e-14 4.455740730811305741e-16
5.022856085096398601e+03 4.742149291458012567e-14 4.495629460651545212e-16
5.028350352703608223e+03 4.747286060726381342e-14 4.529871440012147395e-16
5.033844620310817845e+03 4.717569277293712311e-14 4.518885571743304070e-16
5.039338887918027467e+03 4.699709865691830249e-14 4.452306506258721055e-16
5.044833155525237089e+03 4.912121965919658732e-14 4.521354382328433202e-16
5.050327423132446711e+03 4.978476989568775163e-14 4.697568733000693724e-16
5.055821690739656333e+03 5.269193845876603413e-14 4.676707976272155740e-16
5.061315958346865955e+03 5.197238803964232177e-14 4.598984962134795988e-16
5.066810225954075577e+03 5.416396790513858473e-14 4.692048394093036443e-16
5.072304493561285199e+03 5.572897637576743077e-14 4.870102112845382639e-16
5.077798761168494821e+03 5.700281053020699132e-14 4.859487970117020588e-16
5.083293028775704443e+03 5.997283426518333359e-14 4.861084432648084464e-16
5.088787296382914064e+03 6.225271646213865223e-14 4.929966361010437717e-16
5.094281563990123686e+03 6.309131246117511838e-14 4.970043963258300308e-16
5.099775831597333308e+03 6.530476693981716107e-14 4.994238916244754541e-16
5.105270099204542930e+03 6.594498336418743139e-14 5.012510085630936335e-16
5.110764366811752552e+03 6.779526364961856173e-14 5.075391612704517246e-16
5.116258634418962174e+03 6.788745300597935049e-14 5.103580215923532432e-16
5.121752902026171796e+03 6.834693047667956846e-14 5.047036513132669702e-16
5.127247169633381418e+03 6.977387379223532931e-14 5.149121316650159061e-16
5.132741437240591040e+03 7.011706396770973363e-14 5.115347219847777744e-16
5.138235704847800662e+03 6.874112150472556316e-14 5.055185010215162522e-16
5.143729972455010284e+03 6.902621929802295623e-14 5.043527609429003909e-16
5.149224240062219906e+03 6.818974147110021020e-14 5.022275910864751671e-16
5.154718507669429528e+03 6.724838616019456866e-14 4.992232117724417400e-16
5.160212775276639150e+03 6.719387639698170285e-14 4.985742499548297830e-16
5.165707042883848771e+03 6.629913260953163959e-14 4.913853710651067107e-16
5.171201310491058393e+03 6.577694700597556358e-14 4.894453592310556068e-16
5.176695578098268015e+03 6.621058989629509322e-14 4.910422338046952566e-16
5.182189845705477637e+03 6.591562340530586324e-14 4.889968791881780436e-16
5.187684113312687259e+03 6.732482041946641175e-14 4.932467067601492275e-16
5.193178380919896881e+03 6.589003127034386731e-14 4.862389402359452224e-16
5.198672648527106503e+03 6.740433565551270738e-14 4.912348135796486607e-16
5.204166916134316125e+03 6.733758223885733806e-14 4.903536741086296764e-16
5.209661183741525747e+03 6.895818219753255301e-14 4.985084161125082279e-16
5.215155451348735369e+03 6.782186904280279078e-14 4.935771892592856805e-16
5.220649718955944991e+03 6.596424995057162495e-14 4.855909297031221559e-16
5.226143986563154613e+03 6.676470626044821739e-14 4.857507110927491818e-16
5.231638254170364235e+03 6.667194425671670574e-14 4.864675642249934043e-16
5.237132521777573857e+03 6.478999845186237393e-14 4.786407707763521181e-16
5.242626789384783478e+03 6.218804933834243183e-14 4.687007871068197537e-16
5.248121056991993100e+03 5.899710580684266615e-14 4.686725755718776243e-16
5.253615324599202722e+03 5.782726394327251228e-14 4.541505841100677576e-16
5.259109592206412344e+03 5.547630004291088826e-14 4.456460060554970579e-16
5.264603859813621966e+03 5.295364918286420907e-14 4.422856332190899366e-16
5.270098127420831588e+03 5.160888943570396295e-14 4.322437581062555927e-16
5.275592395028041210e+03 5.018028551365331068e-14 4.347702677954315779e-16
5.281086662635250832e+03 4.782738349139796793e-14 4.175739706200047593e-16
5.286580930242460454e+03 4.633851499541242394e-14 3.532219018183635848e-16
5.291000000000000000e+03 4.628376999458330464e-14 3.065842237662565230e-16
5.292075197849670076e+03 4.604868140870830574e-14 3.536479338229151678e-16
5.297569465456879698e+03 4.596395698701702946e-14 2.800307054103842847e-16
5.300759463152592616e+03 4.600281899705434617e-14 2.469670983724342867e-16
5.303063733064089320e+03 4.578750039410152465e-14 2.985186895600575057e-16
5.308558000671298942e+03 4.641741224205207159e-14 3.050596602773986312e-16
5.310518926305185232e+03 4.641923533474209195e-14 2.538522674491581209e-16
5.314052268278508564e+03 4.639012340818878159e-14 2.574028210022451046e-16
5.319546535885718185e+03 4.750869696289679706e-14 3.114686770188835475e-16
5.320278389457777848e+03 4.787549344409402779e-14 2.886689524214022935e-16
5.325040803492927807e+03 4.963029929281333713e-14 2.682855883289756880e-16
5.330037852610370464e+03 4.792400299930619800e-14 2.910166836827660252e-16
5.330535071100137429e+03 4.777263963652998945e-14 3.064085716433100671e-16
5.336029338707347051e+03 4.703954457044063159e-14 2.603668150823623147e-16
5.339797315762963080e+03 4.620848004891835830e-14 2.548426877299912380e-16
5.341523606314556673e+03 4.636876182768597375e-14 3.017675706328101316e-16
5.347017873921766295e+03 4.721563525074656047e-14 2.949360877047074629e-16
5.349556778915555697e+03 4.757459184058638191e-14 2.502100470042794310e-16
5.352512141528975917e+03 4.854541117432790854e-14 2.868314889285865194e-16
5.358006409136185539e+03 4.930600929007461757e-14 3.153680917985680393e-16
5.359316242068148313e+03 4.935302744398236240e-14 2.743791136760278180e-16
5.363500676743395161e+03 4.991072834872217340e-14 2.671105316530511430e-16
5.368994944350604783e+03 5.070326194274856563e-14 3.220899857549579575e-16
5.369075705220740929e+03 5.070776586464509775e-14 3.194094742343072921e-16
5.374489211957814405e+03 5.118980447797195028e-14 2.746168980838969742e-16
5.378835168373333545e+03 5.150150908981941980e-14 2.927367781149410258e-16
5.379983479565024027e+03 5.157949483432633153e-14 3.305147650278950588e-16
5.385477747172233649e+03 5.166117834381280787e-14 2.920402791272907806e-16
5.388594631525926161e+03 5.164584900385129056e-14 2.621921653991474772e-16
5.390972014779443271e+03 5.150908585906597935e-14 3.173638494815902849e-16
5.396466282386652892e+03 5.045685507018173475e-14 3.407792827975530763e-16
5.398354094678518777e+03 5.069824289255337896e-14 2.838442750284209454e-16
5.401960549993862514e+03 5.103301933963738316e-14 2.801128925241320950e-16
5.407454817601072136e+03 5.072360319813229797e-14 3.172639637045938352e-16
5.408113557831111393e+03 5.078389697457646893e-14 2.960340342799317233e-16
5.412949085208281758e+03 5.041868874542464370e-14 2.621844728036584822e-16
5.417873020983704009e+03 5.037174912703285104e-14 2.965819291617154572e-16
5.418443352815491380e+03 5.028453972805052559e-14 3.143672315235778730e-16
5.423937620422701002e+03 4.912249961320499617e-14 2.603951931097786613e-16
5.427632484136296625e+03 4.864575435457805218e-14 2.659766559751385216e-16
5.429431888029910624e+03 4.827643130260992972e-14 3.148673034690877843e-16
5.434926155637120246e+03 4.752799884507498302e-14 2.931103223599921138e-16
5.437391947288889241e+03 4.743597281464990772e-14 2.490182442998298113e-16
5.440420423244329868e+03 4.676715945760159399e-14 2.737840678012580328e-16
5.445914690851539490e+03 4.557023826586460007e-14 2.896928366059010186e-16
5.447151410441481858e+03 4.552624198848866165e-14 2.571971295243466461e-16
5.451408958458749112e+03 4.414949926019933427e-14 2.340420611460955570e-16
5.456903226065958734e+03 4.277662647903431130e-14 2.802919461463849044e-16
5.456910873594074474e+03 4.277651187331365149e-14 2.801012677566014881e-16
5.462397493673168356e+03 4.185948129100366587e-14 2.234567287566081731e-16
5.466670336746667090e+03 4.161283415795363783e-14 2.438328489339949429e-16
5.467891761280377978e+03 4.151181839754713999e-14 2.725264672043919851e-16
5.473386028887587599e+03 4.224463081332997373e-14 2.413678472795816711e-16
5.476429799899259706e+03 4.595160833180672650e-14 2.392035474165188677e-16
5.478880296494797221e+03 4.625998227702311026e-14 2.761072682329169733e-16
5.484374564102006843e+03 4.348912490914249640e-14 2.714922899109207239e-16
5.486189263051852322e+03 4.364444493303339458e-14 2.323767975968622348e-16
5.489868831709216465e+03 4.425857202247774947e-14 2.276702160855069412e-16
5.495363099316426087e+03 4.520843091926052405e-14 2.747378109791866180e-16
5.495948726204444938e+03 4.529423151030774935e-14 2.613351016507099501e-16
5.500857366923635709e+03 4.663255877251465902e-14 2.263930910974219772e-16
5.505708189357037554e+03 4.787982339201361050e-14 2.661968947795195238e-16
5.506351634530845331e+03 4.799188000699573995e-14 2.814191304688171806e-16
5.511845902138054953e+03 5.003882989218338539e-14 2.399097965666397197e-16
5.515467652509630170e+03 5.050914464969375011e-14 2.456181640974297459e-16
5.517340169745264575e+03 5.064191916568256986e-14 2.875273780395083224e-16
5.522834437352474197e+03 5.269462050624814937e-14 2.800732166232113722e-16
5.525227115662222786e+03 5.301498361821291610e-14 2.434181077907806031e-16
5.528328704959683819e+03 5.308595169893000565e-14 2.552555058930860966e-16
5.533822972566893441e+03 5.494089792194612597e-14 2.962795869059782027e-16
5.534986578814815402e+03 5.508706002803580203e-14 2.680809703828737710e-16
5.539317240174103063e+03 5.547832775705385574e-14 2.402327491860837469e-16
5.544746041967408019e+03 5.615722908931629363e-14 2.994625105320910493e-16
5.544811507781312685e+03 5.615517414012550321e-14 3.010558413991658707e-16
5.550305775388522306e+03 5.684400282140604931e-14 2.451503258656866295e-16
5.554505505120000635e+03 5.786484186370280089e-14 2.717754142547903558e-16
5.555800042995731928e+03 5.789824590491648565e-14 3.036057069867291320e-16
5.561294310602941550e+03 5.886491733673538051e-14 2.712453512800335308e-16
5.564264968272593251e+03 5.934132389900547451e-14 2.548583414632852268e-16
5.566788578210151172e+03 5.942390842737095296e-14 2.882630561940015413e-16
5.572282845817360794e+03 6.075975224086213513e-14 3.106907855684082352e-16
5.574024431425185867e+03 6.091258937619014276e-14 2.689704205877646150e-16
5.577777113424570416e+03 6.184961586079586535e-14 2.563451551548789340e-16
5.583271381031780038e+03 6.231798415056932863e-14 3.126318551235626610e-16
5.583783894577778483e+03 6.229621814204318715e-14 2.997174382597100640e-16
5.588765648638989660e+03 6.307195417965740847e-14 2.531144061647589253e-16
5.593543357730371099e+03 6.321095401327488331e-14 2.986685850062173462e-16
5.594259916246199282e+03 6.326540079515580038e-14 3.175336293640066236e-16
5.599754183853408904e+03 6.323108031480726975e-14 2.632253110660385202e-16
5.603302820882963715e+03 6.327122255025735226e-14 2.702474761320240414e-16
5.605248451460618526e+03 6.339614671769207018e-14 3.138833660774034657e-16
5.610742719067828148e+03 6.439994021719417652e-14 3.049997960889663359e-16
5.613062284035556331e+03 6.447000281717236740e-14 2.670238680535134661e-16
5.616236986675037770e+03 6.430896883106711150e-14 2.746027110715481952e-16
5.621731254282247392e+03 6.419097297160032319e-14 3.134514695093834679e-16
5.622821747188148947e+03 6.404813836294458719e-14 2.866033292558967500e-16
5.627225521889457013e+03 6.403647313922625845e-14 2.537316738383523007e-16
5.632581210340741563e+03 6.388102462353102660e-14 3.186378883642439825e-16
5.632719789496666635e+03 6.390311891375206813e-14 3.222888193325392882e-16
5.638214057103876257e+03 6.346545497700644420e-14 2.525491431904749504e-16
5.642340673493334180e+03 6.299045582726501921e-14 2.776773258650338036e-16
5.643708324711085879e+03 6.283956919300519144e-14 3.091675347709299815e-16
5.649202592318295501e+03 6.204260497724799988e-14 2.746873350583123212e-16
5.652100136645926796e+03 6.192118494342549360e-14 2.612427888011099251e-16
5.654696859925505123e+03 6.153262216162166962e-14 2.872583513700752880e-16
5.660191127532714745e+03 6.080015489920533074e-14 3.092459893194250730e-16
5.661859599798519412e+03 6.071987089332035516e-14 2.726987174737327146e-16
5.665685395139924367e+03 6.062451824898624154e-14 2.465893717656793049e-16
5.671179662747133989e+03 6.042833601919872640e-14 3.030185374053076104e-16
5.671619062951112028e+03 6.040682281321837656e-14 2.932341028186629610e-16
5.676673930354343611e+03 6.007401933330091945e-14 2.394044993137972951e-16
5.681378526103704644e+03 6.051861217137417626e-14 2.873193170863754052e-16
5.682168197961553233e+03 6.054625155921306174e-14 3.051469740302759599e-16
5.687662465568762855e+03 6.008870456850255025e-14 2.530471068542310852e-16
5.691137989256297260e+03 5.996885321552889773e-14 3.885095707237182061e-16
5.700897452408889876e+03 5.831841299020040341e-14 3.762103010446453547e-16
5.710656915561482492e+03 5.954072813347127612e-14 4.584497588577974766e-16
5.720416378714075108e+03 5.912805445630824102e-14 4.562159173337831530e-16
5.730175841866667724e+03 5.931731636458964670e-14 3.818549939983542395e-16
5.739935305019260340e+03 5.759608694916353729e-14 3.719590964801857649e-16
5.749694768171852957e+03 5.631062808715283143e-14 3.677758464408398408e-16
5.759454231324445573e+03 5.493132528555016698e-14 4.174994208887463604e-16
5.769213694477038189e+03 5.381304605390105500e-14 3.582459617841021619e-16
5.778973157629630805e+03 5.310761186625738159e-14 3.538964655209100867e-16
5.788732620782223421e+03 5.388250967636708338e-14 3.614608493680934294e-16
5.798492083934816037e+03 5.401538500259951520e-14 3.783830195447181443e-16
5.808251547087408653e+03 5.425432509849545597e-14 3.607690108185154427e-16
5.818011010240001269e+03 5.411147705354898422e-14 3.568405600456709976e-16
5.827770473392593885e+03 5.539435236851317556e-14 3.747908429685842832e-16
5.837529936545186501e+03 5.568114125038747306e-14 3.596480688765409207e-16
5.847289399697779118e+03 5.649695443147352899e-14 3.574540484575121007e-16
5.857048862850371734e+03 5.610201595032123085e-14 3.581225675030247102e-16
5.866808326002964350e+03 5.577696081579523065e-14 3.550719398307851597e-16
5.876567789155556966e+03 5.586233761678495014e-14 3.545042773900501060e-16
5.886327252308149582e+03 5.579684294432516336e-14 3.542426319290802932e-16
5.896086715460742198e+03 5.547044820143491653e-14 3.548953261649770762e-16
5.905846178613334814e+03 5.569751109946810137e-14 3.529597288754546894e-16
5.915605641765927430e+03 5.226744640540153887e-14 3.451432146740739686e-16
5.925365104918520046e+03 4.880410101082193251e-14 3.332205873892269800e-16
5.935124568071112662e+03 5.470682127772115670e-14 3.514059324713189083e-16
5.944884031223705279e+03 5.877037167607508981e-14 3.624144603504177252e-16
5.954643494376297895e+03 6.156873468190904697e-14 3.789857298039695451e-16
5.964402957528890511e+03 5.553338353305054966e-14 3.531013761726296144e-16
5.974162420681483127e+03 5.556289387738069937e-14 3.538829152625701941e-16
5.983921883834075743e+03 5.527255031886668055e-14 3.543903985450630118e-16
5.993681346986668359e+03 5.477786273349236231e-14 3.545460677881496689e-16
6.003440810139260975e+03 5.377505377185671167e-14 3.477477289674994978e-16
6.013200273291853591e+03 5.315764604281347420e-14 3.455113647869360339e-16
6.022959736444446207e+03 5.253400533546203615e-14 3.449503938553572968e-16
6.032719199597038823e+03 5.186799506233643760e-14 3.385712927456740260e-16
6.042478662749631440e+03 5.076412443831355916e-14 3.366274040345923526e-16
6.052238125902224056e+03 5.014863693726910444e-14 3.334847265090839940e-16
6.061997589054816672e+03 4.887717982379771090e-14 3.421764307978146959e-16
6.071757052207409288e+03 4.626916166587443648e-14 3.187782729597225375e-16
6.081516515360001904e+03 4.391111596771177822e-14 3.106597120222821118e-16
6.091275978512594520e+03 4.163855498437453468e-14 3.023364522523041305e-16
6.101035441665187136e+03 3.757981155722265276e-14 2.917587042944483957e-16
6.110794904817779752e+03 3.341023043739917853e-14 2.755841705684208959e-16
6.120554367970372368e+03 3.131183727229646885e-14 2.675341342309449522e-16
6.130313831122964984e+03 2.772886823163280560e-14 2.539903011064795836e-16
6.140073294275557600e+03 2.594750769691243301e-14 2.487002444193808547e-16
6.149832757428150217e+03 2.404687711454218665e-14 2.429825828017665460e-16
6.159592220580742833e+03 2.332570794805540236e-14 2.386591824350373696e-16
6.169351683733335449e+03 2.433806513238025207e-14 2.397863891267446909e-16
6.179111146885928065e+03 2.591694764388276277e-14 2.469905195295595463e-16
6.188870610038520681e+03 2.777998306778022200e-14 2.558465253777765542e-16
6.198630073191113297e+03 3.100814680267801018e-14 2.770904567546597607e-16
6.208389536343705913e+03 3.253456701432922230e-14 2.683260982028395444e-16
6.218148999496298529e+03 3.483091401665936129e-14 2.795060932392076268e-16
6.227908462648891145e+03 3.737699651000112370e-14 2.831946543895959707e-16
6.237667925801483761e+03 3.907804178916978062e-14 2.886594822495096789e-16
6.247427388954076378e+03 4.140986239338611751e-14 2.951916588298105049e-16
6.257186852106668994e+03 4.354646285663282993e-14 3.012512189039640455e-16
6.266946315259261610e+03 4.492300982369729352e-14 3.040015967729071185e-16
6.276705778411854226e+03 4.534327339370226768e-14 3.145293677580066429e-16
6.286465241564446842e+03 4.628990738948299645e-14 3.077074588779185671e-16
6.296224704717039458e+03 4.643706407510152771e-14 3.077991254156119122e-16
6.305984167869632074e+03 4.688951145910348708e-14 3.087403481446659080e-16
6.315743631022224690e+03 4.691486329717275157e-14 3.091301987103345155e-16
6.325503094174817306e+03 4.699067699930329218e-14 3.084037796299039360e-16
6.335262557327409922e+03 4.640111366497477270e-14 3.154903529013453712e-16
6.345022020480002539e+03 4.686786095544500365e-14 3.058704260970941052e-16
6.354781483632595155e+03 4.660942479245828060e-14 3.039475328085767869e-16
6.364540946785187771e+03 4.654358609952160730e-14 3.031849632489374160e-16
6.374300409937780387e+03 4.622110835184707845e-14 3.024912717842656905e-16
6.384059873090373003e+03 4.573659753436693338e-14 2.992876360053084714e-16
6.393819336242965619e+03 4.567381547138091555e-14 2.991127899417347173e-16
6.403578799395558235e+03 4.515653428072089202e-14 2.955284349476469775e-16
6.413338262548150851e+03 4.571355049530367416e-14 3.003802914297894454e-16
6.423097725700743467e+03 4.498907189590578591e-14 3.073822536761551406e-16
6.432857188853336083e+03 4.376411592177725157e-14 2.913129017035586981e-16
6.442616652005928700e+03 4.360807790312518172e-14 2.914127039343730563e-16
6.452376115158521316e+03 4.306366933024111575e-14 2.904586236602676062e-16
6.462135578311113932e+03 4.245016480885780379e-14 2.890794333882583252e-16
6.471895041463706548e+03 4.163971840706933597e-14 2.871860421595144309e-16
6.481654504616299164e+03 4.185767021213295287e-14 2.870718081794643063e-16
6.491413967768891780e+03 4.094229368728178318e-14 2.830318311032795646e-16
6.501173430921484396e+03 4.070435968795714241e-14 2.826600151945959016e-16
6.510932894074077012e+03 4.014516181437869847e-14 2.811085088845091351e-16
6.520692357226669628e+03 3.944900313638228201e-14 2.842895737455272164e-16
6.530451820379262244e+03 3.933017302098428238e-14 3.849227483758243885e-16
6.540211283531854860e+03 3.836233135358961852e-14 3.817314901060174038e-16
6.549970746684447477e+03 3.907062571935520283e-14 2.802983906764216840e-16
6.559730209837040093e+03 3.825128269540407794e-14 2.781703334284078663e-16
6.569489672989632709e+03 3.796327996160109681e-14 2.772164327750280199e-16
6.579249136142225325e+03 3.754462375322647817e-14 2.771329829222472503e-16
6.589008599294817941e+03 3.739381834485632494e-14 2.769693529112292065e-16
6.598768062447410557e+03 3.609444835179713531e-14 2.727613187149265322e-16
6.608527525600003173e+03 3.535927776056396392e-14 2.704452713357499693e-16
6.618286988752595789e+03 3.553104358592931774e-14 2.717853221975070742e-16
6.628046451905188405e+03 3.483478883170470238e-14 2.701984806683138477e-16
6.637805915057781021e+03 3.434110628224414351e-14 2.689528820669973411e-16
6.647565378210373638e+03 3.417538336265865429e-14 2.674930581605813498e-16
6.657324841362966254e+03 3.393470822727471896e-14 2.692917532563611312e-16
6.667084304515558870e+03 3.330512745877348119e-14 2.646591419091394367e-16
6.676843767668151486e+03 3.310256021497512208e-14 2.651186586522019078e-16
6.686603230820744102e+03 3.380666632833414253e-14 2.699119522348900550e-16
6.696362693973336718e+03 3.259068226334270981e-14 2.624193658053625425e-16
6.706122157125929334e+03 3.197789859549559109e-14 2.590098074723753013e-16
6.715881620278521950e+03 3.178278630765446070e-14 2.595491651588648022e-16
6.725641083431114566e+03 3.158674450762583965e-14 2.592499159983172684e-16
6.735400546583707182e+03 3.141044471862725344e-14 2.583841414127545907e-16
6.745160009736299799e+03 3.079515728205003467e-14 2.563020559270224166e-16
6.754919472888892415e+03 2.983797583435431233e-14 2.533019538851898912e-16
6.764678936041485031e+03 2.997301838875104224e-14 2.526795581133593974e-16
6.774438399194077647e+03 2.949819703212305674e-14 2.518738889700875368e-16
6.784197862346670263e+03 2.849264398488919653e-14 2.484226046577141664e-16
6.793957325499262879e+03 2.875029938369490172e-14 2.490428977702056868e-16
6.803716788651855495e+03 2.853414342551979349e-14 2.490139622458912416e-16
6.813476251804448111e+03 2.788022134804849047e-14 2.454945302882276317e-16
6.823235714957040727e+03 2.723754342383680153e-14 2.458162427935454028e-16
6.832995178109633343e+03 2.832431464980080995e-14 2.504864379919089635e-16
6.842754641262225960e+03 2.740696647177412171e-14 2.465828088770910065e-16
6.852514104414818576e+03 2.748361709131342857e-14 2.446691523688006918e-16
6.862273567567411192e+03 2.686474848930845024e-14 2.423195964078113626e-16
6.872033030720003808e+03 2.650858454141092949e-14 2.416943198365038442e-16
6.881792493872596424e+03 2.665447860623491386e-14 2.419954683837615283e-16
6.891551957025189040e+03 2.646892535248736285e-14 2.491611270217948208e-16
6.901311420177781656e+03 2.610161948973465954e-14 2.399567660435905985e-16
6.911070883330374272e+03 2.566188001154373649e-14 2.394392360439628348e-16
6.920830346482966888e+03 2.576019731526261383e-14 2.444278317822853314e-16
6.930589809635559504e+03 2.523438116721926080e-14 2.402549855339584492e-16
6.940349272788152120e+03 2.494134563400377645e-14 2.362623950895587179e-16
6.950108735940744737e+03 2.487136185918073006e-14 2.365889364297054813e-16
6.959868199093337353e+03 2.444988866090178204e-14 2.347892440489101483e-16
6.969627662245929969e+03 2.477622154943918284e-14 2.361319029767135811e-16
6.979387125398522585e+03 2.441241748450979518e-14 2.347761801601858867e-16
6.989146588551115201e+03 2.451818266812609235e-14 2.382239867072140439e-16
6.998906051703707817e+03 2.415126442226226957e-14 2.348043938116034665e-16
7.008665514856300433e+03 2.399778332894691035e-14 2.354674367661625138e-16
7.018424978008893049e+03 2.440782934864663474e-14 2.414322558341071552e-16
7.028184441161485665e+03 2.384250314185572884e-14 2.359409033182594627e-16
7.037943904314078281e+03 2.344220122727119953e-14 2.309355957521046373e-16
7.047703367466670898e+03 2.312500626752549453e-14 2.287828916947857754e-16
7.057462830619263514e+03 2.287662498029240042e-14 2.293986308350043776e-16
7.067222293771856130e+03 2.280738032447373215e-14 2.287892839399081034e-16
7.076981756924448746e+03 2.279060982043838323e-14 2.287317170067139929e-16
7.086741220077041362e+03 2.311725565796885875e-14 2.305155369972448555e-16
7.096500683229633978e+03 2.255411812378657267e-14 2.287307317863003196e-16
7.106260146382226594e+03 2.320792201193880857e-14 2.297138477340773029e-16
7.116019609534819210e+03 2.274200442950545358e-14 2.291390191982666015e-16
7.125779072687411826e+03 2.216952935705451454e-14 2.270368342549472183e-16
7.135538535840004442e+03 2.242988104431814072e-14 2.295730585781254931e-16
7.145297998992597059e+03 2.248712017079287465e-14 2.297640916130226096e-16
7.155057462145189675e+03 2.224798607831135445e-14 2.312124587555841148e-16
7.164816925297782291e+03 2.234256546567562202e-14 2.310113203458305464e-16
7.174576388450374907e+03 2.249985873469750317e-14 2.318416650779602463e-16
7.184335851602967523e+03 2.208104226688509353e-14 2.300511100455248259e-16
7.194095314755560139e+03 2.421251835170905881e-14 2.540836296545155229e-16
7.203854777908152755e+03 2.248691080947381700e-14 2.411079685021142736e-16
7.213614241060745371e+03 2.142605762046957079e-14 2.303540122531990512e-16
7.223373704213337987e+03 2.174558538704724004e-14 2.318642429869885480e-16
7.233133167365930603e+03 2.217670078801997715e-14 2.345013386636157568e-16
7.242892630518523220e+03 2.266746650171468517e-14 2.443171607671496906e-16
7.252652093671115836e+03 2.219922941990951068e-14 2.372768776193283289e-16
7.262411556823708452e+03 2.130335776352476890e-14 2.333873418784081920e-16
7.272171019976301068e+03 2.129845513034069035e-14 2.376458668669056766e-16
7.281930483128893684e+03 2.121298402373061895e-14 2.360967883008488962e-16
7.291689946281486300e+03 2.103634642123396088e-14 2.358275714918871588e-16
7.301449409434078916e+03 2.099071624594224102e-14 2.385075042430862949e-16
7.311208872586671532e+03 2.043992696308865527e-14 2.384784252915894366e-16
7.320968335739264148e+03 1.989490877127081301e-14 2.385645970250137201e-16
7.330727798891856764e+03 1.954129187485650908e-14 2.329614885382780369e-16
7.340487262044449380e+03 1.913409692325968095e-14 2.315027601209160680e-16
7.350246725197041997e+03 1.909589807029983705e-14 2.351571592040718651e-16
7.360006188349634613e+03 1.860422970184798855e-14 2.312424738630460701e-16
7.369765651502227229e+03 1.857504293107666503e-14 2.334643028974666950e-16
7.379525114654819845e+03 1.793815348685360616e-14 2.299108192875068188e-16
7.389284577807412461e+03 1.771173722089378951e-14 2.331057082062906756e-16
7.399044040960005077e+03 1.733132826727404959e-14 2.301685601066491270e-16
7.408803504112597693e+03 1.741677171705577279e-14 2.298626868900443281e-16
7.418562967265190309e+03 1.716788376954068271e-14 2.319106607118158041e-16
7.428322430417782925e+03 1.722179811971525539e-14 2.310666765818285048e-16
7.438081893570375541e+03 1.693489539181265166e-14 2.506773464809332096e-16
7.447841356722968158e+03 1.670034512634253494e-14 2.284410490552139612e-16
7.457600819875560774e+03 1.615522190778456727e-14 2.417292067167433896e-16
7.467360283028153390e+03 1.553696577066309881e-14 2.235566154121174991e-16
7.477119746180746006e+03 1.488203070894662854e-14 2.220522819134566363e-16
7.486879209333338622e+03 1.485989359499435205e-14 2.228529497170621914e-16
7.496638672485931238e+03 1.493761021570895179e-14 2.233403965290857985e-16
7.506398135638523854e+03 1.425003163842003767e-14 2.216618240088795255e-16
7.516157598791116470e+03 1.388608202897407520e-14 2.177126374029100419e-16
7.525917061943709086e+03 1.513267804943690473e-14 2.248701311086100141e-16
7.535676525096301702e+03 1.480814662131556563e-14 2.261544792708899527e-16
7.545435988248894319e+03 1.490043675392264575e-14 2.237104839003349012e-16
7.555195451401486935e+03 1.441311644115871602e-14 2.234109529421249254e-16
7.564954914554079551e+03 1.511983782922041173e-14 2.297100447940120795e-16
7.574714377706672167e+03 1.501285743189900792e-14 2.244906652026747393e-16
7.584473840859264783e+03 1.559139481445838569e-14 2.277513597493278656e-16
7.594233304011857399e+03 1.594343880061080751e-14 2.331746290597965788e-16
7.603992767164450015e+03 1.560641263600903734e-14 2.301502604155402769e-16
7.613752230317042631e+03 1.529950169249254636e-14 2.296305308771810319e-16
7.623511693469635247e+03 1.501789523639078998e-14 2.273848211142045260e-16
7.633271156622227863e+03 1.572610088426783012e-14 2.343808437784469359e-16
7.643030619774820480e+03 1.633391749872073881e-14 2.365695210878718314e-16
7.652790082927413096e+03 1.591449794655948229e-14 2.400639494303401493e-16
7.662549546080005712e+03 1.489549728166024421e-14 2.313109993089067911e-16
7.672309009232598328e+03 1.543646991021169060e-14 2.347736913177677299e-16
7.682068472385190944e+03 1.574739342947116644e-14 2.371728416443544237e-16
7.691827935537783560e+03 1.566921637777025635e-14 2.413976981142790433e-16
7.701587398690376176e+03 1.549076041201186591e-14 2.386995294114792943e-16
7.711346861842968792e+03 1.526751057061889861e-14 2.401042903314794641e-16
7.721106324995561408e+03 1.662788282780199548e-14 2.499679299207396691e-16
7.730865788148154024e+03 1.677449375525718154e-14 2.667510981725043608e-16
7.740625251300746640e+03 1.607310257746388588e-14 2.472182681504622785e-16
7.750384714453339257e+03 1.571991861738740973e-14 2.460531401092286897e-16
7.760144177605931873e+03 1.697791366537681671e-14 2.532310378959886358e-16
7.769903640758524489e+03 1.797883597025294275e-14 2.599577641714108723e-16
7.779663103911117105e+03 1.798962490681012471e-14 2.634272280135915203e-16
7.789422567063709721e+03 1.734617517540457349e-14 2.646147235789544572e-16
7.799182030216302337e+03 1.701702864817565166e-14 2.632013009912954619e-16
7.808941493368894953e+03 1.692995654917876752e-14 2.650538368858764564e-16
7.818700956521487569e+03 1.866949040246075486e-14 2.727337002363752881e-16
7.828460419674080185e+03 1.962343656491990681e-14 2.766985475451182633e-16
7.838219882826672801e+03 1.933881001849566668e-14 2.786604612279195779e-16
7.847979345979265418e+03 1.850640987537876853e-14 2.747637083194181471e-16
7.857738809131858034e+03 1.814508271959574873e-14 2.744267880546111156e-16
7.867498272284450650e+03 1.844679574554754035e-14 2.777250898357355678e-16
7.877257735437043266e+03 1.793015230919373530e-14 2.814504186314385363e-16
7.887017198589635882e+03 1.887639006914229267e-14 2.839963640919629134e-16
7.896776661742228498e+03 1.953331014336074334e-14 2.912577088253670727e-16
7.906536124894821114e+03 1.774444581376513666e-14 2.818062167438172915e-16
7.916295588047413730e+03 1.575279960606111493e-14 2.755797940281711112e-16
7.926055051200006346e+03 1.550357976077230372e-14 2.775082297143973665e-16
7.935814514352598962e+03 1.604391727710273979e-14 2.785753091867069277e-16
7.945573977505191579e+03 1.584358868472479344e-14 2.797614605875165517e-16
7.955333440657784195e+03 1.462930172945637798e-14 2.741577771160290123e-16
7.965092903810376811e+03 1.337869967443010352e-14 2.720984000199477443e-16
7.974852366962969427e+03 1.357680160283820060e-14 2.725264325992349689e-16
7.984611830115562043e+03 1.476110213757123492e-14 2.802212755114182911e-16
7.994371293268154659e+03 1.526825244291486620e-14 2.826626279391523698e-16
8.004130756420747275e+03 1.415139569387893906e-14 2.830189241402111397e-16
8.013890219573339891e+03 1.322883249571295551e-14 2.808351069505255306e-16
8.023649682725932507e+03 1.308407560290646433e-14 2.770799686791511337e-16
8.033409145878525123e+03 1.365995796375659663e-14 2.864931050327677340e-16
8.043168609031117740e+03 1.307978778486186956e-14 2.836640306741636087e-16
8.052928072183710356e+03 1.312250908066613908e-14 2.843092872248074600e-16
8.062687535336302972e+03 1.253726743585426848e-14 2.822487904767018136e-16
8.072446998488895588e+03 1.191275420575588513e-14 2.805933154727747776e-16
8.082206461641488204e+03 1.201225237022533404e-14 2.819548097841784026e-16
8.091965924794080820e+03 1.140990576462478071e-14 2.811193208817832912e-16
8.101725387946673436e+03 1.193559819968857788e-14 2.852091784471215924e-16
8.111484851099266052e+03 1.387851536790046149e-14 2.995636663635036352e-16
8.121244314251858668e+03 1.322267247800852015e-14 2.976815909609000273e-16
8.131003777404451284e+03 1.410533425704994421e-14 3.020574947428214634e-16
8.140763240557043900e+03 1.454853762347004763e-14 3.059739224859527576e-16
8.150522703709636517e+03 1.407372682479628200e-14 3.103851122202243103e-16
8.160282166862229133e+03 1.508081574973442875e-14 3.111247032263354016e-16
8.170041630014821749e+03 1.541778796487593307e-14 3.137422054314159925e-16
8.179801093167414365e+03 1.543675897703476158e-14 3.180257515671145784e-16
8.189560556320006981e+03 1.538819420939538201e-14 3.172904425504135305e-16
8.199320019472599597e+03 1.487138139938965636e-14 3.160832188441096396e-16
8.209079482625191304e+03 1.555670868453646272e-14 3.207280295361316902e-16
8.218838945777784829e+03 1.422265724612541614e-14 3.141777954476744339e-16
8.228598408930378355e+03 1.460976325929664726e-14 3.172899690635872280e-16
8.238357872082970061e+03 1.348769127877116004e-14 3.106828086749335136e-16
8.248117335235561768e+03 1.265913659684720918e-14 3.069335905346403558e-16
8.257876798388155294e+03 1.223106971351701035e-14 3.093688019606772509e-16
8.267636261540748819e+03 1.299481971663559823e-14 3.186361972081288420e-16
8.277395724693340526e+03 1.317933692323194721e-14 3.193954716405569486e-16
8.287155187845932232e+03 1.274875028066525141e-14 3.132062481910898302e-16
8.296914650998525758e+03 1.336209736307936628e-14 3.151623839096142129e-16
8.306674114151119284e+03 1.309778686492863408e-14 3.176829622448493261e-16
8.316433577303710990e+03 1.430266804070794794e-14 3.237735249137203498e-16
8.326193040456302697e+03 1.470962574916196854e-14 3.295688992070810461e-16
8.335952503608896222e+03 1.548716450565484347e-14 3.330928186034050316e-16
8.345711966761489748e+03 1.513508647579832193e-14 3.480382925337939069e-16
8.355471429914081455e+03 1.615084581342280761e-14 4.334397263030472460e-16
8.365230893066673161e+03 1.476596918838575842e-14 3.744690157063374546e-16
8.374990356219266687e+03 1.426694000280871781e-14 3.261403715343817852e-16
8.384749819371860212e+03 1.507243956269025403e-14 3.297036843740945754e-16
8.394509282524451919e+03 1.532076683293419382e-14 3.355641199919350523e-16
8.404268745677043626e+03 1.616173128912736817e-14 3.455397317215765518e-16
8.414028208829637151e+03 1.508783478428511176e-14 3.390547534640454054e-16
8.423787671982230677e+03 1.588231828951584924e-14 3.347185868264813090e-16
8.433547135134822383e+03 1.747348926450416227e-14 3.435352273480974652e-16
8.443306598287414090e+03 1.759913398531234094e-14 3.589577816051103457e-16
8.453066061440007616e+03 1.834118537031481880e-14 3.491569407377199860e-16
8.462825524592601141e+03 1.893440678092420078e-14 3.613800126529812955e-16
8.472584987745192848e+03 1.841559433987504753e-14 3.496069859944380824e-16
8.482344450897784554e+03 1.719764279045396285e-14 3.533679902757948721e-16
8.492103914050378080e+03 1.762071383334034712e-14 3.446506295881520650e-16
8.501863377202971606e+03 1.775391104451422143e-14 3.467104104871512332e-16
8.511622840355563312e+03 1.796851706893391294e-14 3.503515370749553669e-16
8.521382303508155019e+03 1.893189735034137356e-14 3.568951311429052594e-16
8.531141766660748544e+03 1.936342247017442320e-14 3.616620634813566895e-16
8.540901229813342070e+03 2.056696435355902804e-14 3.659115822119580653e-16
8.550660692965933777e+03 1.967403529227846435e-14 3.582487122663903195e-16
8.560420156118525483e+03 1.924695259966900621e-14 3.774710517777286247e-16
8.570179619271119009e+03 1.765841021321948777e-14 3.983549288331085715e-16
8.579939082423712534e+03 1.717788014458042200e-14 3.425815255088558696e-16
8.589698545576304241e+03 1.773993942806252152e-14 3.448033696762826806e-16
8.599458008728895948e+03 1.821060104000703461e-14 3.492019504560357841e-16
8.609217471881489473e+03 1.864458413446514183e-14 3.492672781678864236e-16
8.618976935034082999e+03 1.843548030273070621e-14 3.520981400547359341e-16
8.628736398186674705e+03 1.890889495143816303e-14 3.526427718125638198e-16
8.638495861339266412e+03 1.882906596923028281e-14 3.517110362786614472e-16
8.648255324491859938e+03 1.651908766112617981e-14 3.418979750608403193e-16
8.658014787644453463e+03 1.676700790566793706e-14 3.510696209920538952e-16
8.667774250797045170e+03 1.737156430465256142e-14 3.441802996414965892e-16
8.677533713949636876e+03 1.829427747032038955e-14 3.485702643787218593e-16
8.687293177102230402e+03 1.890946481685802394e-14 3.542648270879138349e-16
8.697052640254823928e+03 1.763965246825806786e-14 3.524635331578633212e-16
8.706812103407415634e+03 1.665365238164879414e-14 3.503618517565193530e-16
8.716571566560007341e+03 1.650170322097140502e-14 3.399261897943152961e-16
8.726331029712600866e+03 1.677090120113752106e-14 3.438671801138104611e-16
8.736090492865194392e+03 1.723695912482484932e-14 3.459635639733966858e-16
8.745849956017786099e+03 1.821593429883419944e-14 3.524176774619994259e-16
8.755609419170377805e+03 1.752790430361468443e-14 3.541370183153261693e-16
8.765368882322971331e+03 1.589394290919792482e-14 3.372776786074881397e-16
8.775128345475564856e+03 1.581329894014088129e-14 3.372676906746422057e-16
8.784887808628156563e+03 1.576267487545797726e-14 3.372557716865443874e-16
8.794647271780748270e+03 1.593456240458811628e-14 3.429164760338398869e-16
8.804406734933341795e+03 1.634397385284358689e-14 3.433875178003604146e-16
8.814166198085935321e+03 1.669384494956896621e-14 3.460362911954442292e-16
8.823925661238527027e+03 1.621449460426993968e-14 3.426668241019952922e-16
8.833685124391118734e+03 1.428455896375225134e-14 3.344793406952039211e-16
8.843444587543712260e+03 1.542849896559392542e-14 3.487465615628431296e-16
8.853204050696305785e+03 1.509032829060140342e-14 3.326275718521337195e-16
8.862963513848897492e+03 1.423449967207211566e-14 3.262644711900236292e-16
8.872722977001489198e+03 1.469942781613117872e-14 3.400825053822172477e-16
8.882482440154082724e+03 1.454916603075739052e-14 3.359645039301392157e-16
8.892241903306676249e+03 1.384875723986544117e-14 3.370674687519731232e-16
8.902001366459267956e+03 1.339449574608042488e-14 3.255957922996330019e-16
8.911760829611859663e+03 1.395607142652060132e-14 3.378193451757419931e-16
8.921520292764453188e+03 1.396555209237193782e-14 3.542676324404542330e-16
8.931279755917046714e+03 1.343131620997248669e-14 3.225023842677755399e-16
8.941039219069638420e+03 1.174758932111920644e-14 3.180526331456258829e-16
8.950798682222230127e+03 1.216168511948228627e-14 3.142158280716914599e-16
8.960558145374823653e+03 1.355235972356284693e-14 3.433025856264023039e-16
8.970317608527417178e+03 1.271631869461780888e-14 3.195256795788750133e-16
8.980077071680008885e+03 1.317055827693543108e-14 3.224472168126675163e-16
8.989836534832600591e+03 1.325731171963180208e-14 3.219619077027058572e-16
8.999595997985194117e+03 1.305948637350947433e-14 3.333309756940324356e-16
9.009355461137787643e+03 1.231925600272391586e-14 3.197562002869805341e-16
9.019114924290379349e+03 1.187800275823343163e-14 3.154462241548259805e-16
9.028874387442971056e+03 1.341117821777692909e-14 3.537502121247694758e-16
9.038633850595564581e+03 1.277646667038163565e-14 3.201650496007437774e-16
9.048393313748158107e+03 1.368078504579130607e-14 3.279834020488518145e-16
9.058152776900749814e+03 1.330632252223402566e-14 3.238168731796169081e-16
9.067912240053341520e+03 1.211971906099681393e-14 3.151122229728495383e-16
9.077671703205935046e+03 1.076604224781197802e-14 3.128335553476725940e-16
9.087431166358528571e+03 1.087139325223887278e-14 3.085041661265253938e-16
9.097190629511120278e+03 1.131443450978387214e-14 3.180265817278430141e-16
9.106950092663711985e+03 1.158063527172765157e-14 3.218209112507742224e-16
9.116709555816305510e+03 1.206352436092275352e-14 3.207083570534392412e-16
9.126469018968899036e+03 1.237227757750801245e-14 3.189064734056469140e-16
9.136228482121490742e+03 1.223717873323070412e-14 3.151688208182776931e-16
9.145987945274082449e+03 1.107127608464849327e-14 3.120858967072090962e-16
9.155747408426675975e+03 1.038514840435063084e-14 3.072560726866495728e-16
9.165506871579269500e+03 1.015160165506192797e-14 3.069376988168690609e-16
9.175266334731861207e+03 1.051081061645967113e-14 3.083200197671463504e-16
9.185025797884452913e+03 1.152030914468135679e-14 3.111943427606890368e-16
9.194785261037046439e+03 1.236497574719268463e-14 3.177446745678806412e-16
9.204544724189639965e+03 1.156288135785353985e-14 3.198812277940038338e-16
9.214304187342231671e+03 1.018265592216588588e-14 3.022761510448033807e-16
9.224063650494823378e+03 9.339518514380023391e-15 3.105145301924166483e-16
9.233823113647416903e+03 9.508575870242965546e-15 3.082042544256242927e-16
9.243582576800010429e+03 1.118974116800954622e-14 3.116734058790099300e-16
9.253342039952602136e+03 1.130986029473827043e-14 3.130674961616795612e-16
9.263101503105193842e+03 1.201678978816107787e-14 3.179396000986364246e-16
9.272860966257787368e+03 1.140215256914014756e-14 3.149307542210876009e-16
9.282620429410380893e+03 1.016023029203342681e-14 3.092748447441568381e-16
9.292379892562972600e+03 8.796360942960643735e-15 3.017425752312962145e-16
9.302139355715564307e+03 8.845741663484284766e-15 3.025870768226239609e-16
9.311898818868157832e+03 9.173253851871119505e-15 3.047459602578783435e-16
9.321658282020751358e+03 8.839513187408450874e-15 3.027494157539861493e-16
9.331417745173343064e+03 1.011806563401813239e-14 3.131785015365308138e-16
9.341177208325934771e+03 1.070786928380427809e-14 3.174476084689807249e-16
9.350936671478528297e+03 1.167886937361930064e-14 3.238590615815047658e-16
9.360696134631121822e+03 1.116143106939058071e-14 3.206332576815520980e-16
9.370455597783713529e+03 1.039111565379143740e-14 3.195180435514173528e-16
9.380215060936305235e+03 7.769664374432314512e-15 3.077816721992920787e-16
9.389974524088898761e+03 8.279965371612143329e-15 3.078492091589044799e-16
9.399733987241492287e+03 8.502371902720814986e-15 3.123544809444217308e-16
9.409493450394083993e+03 1.188751225160015875e-14 3.312713004541661258e-16
9.419252913546675700e+03 1.382898097275470224e-14 3.557272608708358933e-16
9.429012376699269225e+03 1.000320206417052237e-14 3.219351752460304244e-16
9.438771839851862751e+03 7.949509332717862669e-15 3.143230499928258926e-16
9.448531303004454458e+03 7.458696130717970903e-15 3.106018427410355344e-16
9.458290766157046164e+03 7.860075056995103993e-15 3.170618917795407537e-16
9.468050229309639690e+03 7.419947493065955102e-15 3.200331152731458267e-16
9.477809692462233215e+03 8.046191811216389168e-15 3.197747880143074748e-16
9.487569155614824922e+03 9.178406557001274456e-15 3.419316677564712647e-16
9.497328618767416629e+03 9.137014771936374729e-15 3.295078957483381936e-16
9.507088081920010154e+03 9.109431367704018703e-15 3.349066424731601574e-16
9.516847545072603680e+03 1.004217159312318488e-14 3.423975336085946639e-16
9.526607008225195386e+03 8.875553374635657306e-15 3.353479309841500232e-16
9.536366471377787093e+03 8.526033225512025585e-15 3.369790143634775870e-16
9.546125934530380619e+03 8.330361787968962832e-15 3.762931236415203118e-16
9.555885397682974144e+03 6.428427700700449945e-15 3.320068494576971963e-16
9.565644860835565851e+03 1.060195730837180658e-14 3.722014997199149253e-16
9.575404323988157557e+03 1.199478800726985236e-14 3.895497326094775131e-16
9.585163787140751083e+03 6.869479408739923940e-15 3.419967174498531822e-16
9.594923250293344609e+03 7.006254223050161292e-15 3.560712537332431219e-16
9.604682713445936315e+03 8.112150921064980090e-15 3.568209992373981201e-16
9.614442176598528022e+03 8.806983528381802857e-15 3.713269593627723762e-16
9.624201639751121547e+03 8.143088108238546075e-15 3.767645167067292713e-16
9.633961102903715073e+03 7.650413565817803968e-15 3.624518730221312667e-16
9.643720566056306780e+03 7.103874573535509673e-15 3.675909763559657578e-16
9.653480029208898486e+03 6.768588449576466977e-15 3.694305641408556967e-16
9.663239492361492012e+03 5.752641227708456996e-15 3.682351785417746661e-16
9.672998955514085537e+03 5.530462326344862609e-15 3.751438272921394597e-16
9.682758418666677244e+03 6.482081011360357917e-15 3.855299126753888660e-16
9.692517881819268950e+03 6.555432914953501753e-15 3.867218493373778065e-16
9.702277344971862476e+03 7.057051904166978872e-15 4.066598245250837132e-16
9.712036808124456002e+03 7.690996440817534804e-15 4.085963392136529396e-16
9.721796271277047708e+03 6.585064486624449729e-15 4.044018696759712245e-16
9.731555734429639415e+03 5.275912074682334978e-15 4.097950922898572851e-16
9.741315197582232940e+03 4.285443204721137561e-15 4.089653060503532819e-16
9.751074660734826466e+03 4.211972772728738483e-15 4.219253953695404373e-16
9.760834123887418173e+03 5.161229623880606101e-15 4.259015397534835774e-16
9.770593587040009879e+03 6.002784363049981689e-15 4.386074755216234295e-16
9.780353050192603405e+03 6.300476147553125522e-15 4.532153547929072931e-16
9.790112513345196930e+03 6.494498663796986691e-15 4.550683120912665379e-16
9.799871976497788637e+03 6.229110216573382211e-15 4.631667861522233308e-16
9.809631439650380344e+03 7.189872745501630849e-15 4.780590151055631000e-16
9.819390902802973869e+03 5.265453446136203234e-15 4.699076528008098270e-16
9.829150365955567395e+03 5.154408589865956291e-15 4.825198547746652605e-16
9.838909829108159101e+03 5.151333958335418398e-15 4.941736181471201930e-16
9.848669292260750808e+03 2.564171514976459183e-14 6.894824969667513843e-16
9.858428755413344334e+03 5.523868406990953043e-15 5.204928222655028008e-16
9.868188218565937859e+03 5.837220983083589081e-15 5.295069290393107537e-16
9.877947681718529566e+03 6.563511510761283666e-15 5.465841057033256535e-16
9.887707144871121272e+03 5.577364263742209006e-15 6.233551942511730102e-16
9.897466608023714798e+03 4.741083029011683076e-15 5.575608945179622727e-16
9.907226071176308324e+03 5.015819266108178051e-15 5.591807721551913690e-16
9.916985534328900030e+03 4.074301129786059890e-15 5.773574789694756372e-16
9.926744997481491737e+03 4.841779398913182848e-15 5.889121381587605332e-16
9.936504460634085262e+03 4.653914993439923246e-15 5.916231278915412162e-16
9.946263923786678788e+03 5.190634225649876754e-15 6.226193890543127179e-16
9.956023386939270495e+03 6.273567749268224531e-15 6.532958560463919851e-16
9.965782850091862201e+03 5.856960901647321682e-15 6.748194757623161145e-16
9.975542313244455727e+03 4.463576228510705291e-15 6.791187424799651109e-16
9.985301776397049252e+03 4.163961664257497706e-15 6.719158603738424021e-16
9.995061239549640959e+03 4.980966475178834769e-15 6.924437722830081075e-16
1.000482070270223267e+04 5.415648069477616216e-15 7.083244947702700172e-16
1.001458016585482619e+04 5.798836884900392055e-15 7.321506321893426899e-16
1.002433962900741972e+04 4.557942881678238802e-15 7.431849997302426688e-16
1.003409909216001142e+04 2.977360109075984648e-15 7.693428822249180566e-16
1.004385855531260313e+04 3.739386400252314857e-15 7.819808989650765893e-16
1.005361801846519666e+04 5.677583364895439285e-15 8.259190585249205204e-16
1.006337748161779018e+04 4.934525650544246312e-15 8.391330461812599758e-16
1.007313694477038189e+04 4.928845572005718709e-15 8.872191398729950759e-16
1.008289640792297359e+04 4.820586094508322341e-15 8.922483878745349345e-16
1.009265587107556712e+04 5.661241650900626092e-15 1.080027269652519805e-15
1.010241533422816065e+04 4.824164397119770106e-15 9.711380099298844676e-16
1.011217479738075235e+04 3.570526465649971594e-15 9.929346947687141543e-16
1.012193426053334406e+04 3.911028097930182337e-15 1.103149960252401959e-15
1.013169372368593758e+04 3.588233203204411124e-15 1.065343157713677072e-15
1.014145318683853111e+04 2.782942221315197391e-15 1.117396706965839773e-15
1.015121264999112282e+04 3.572009596529052554e-15 1.155000930309831099e-15
1.016097211314371452e+04 2.839000542327377990e-15 1.206318422399979670e-15
1.017073157629630805e+04 4.239584696598750572e-15 1.291999058986273961e-15
1.018049103944890157e+04 3.156938070434995979e-15 1.355306744599721250e-15
1.019025050260149328e+04 2.091727870103648592e-15 1.401120180938382335e-15
1.020000996575408499e+04 2.997091187346269684e-15 1.472772805859337497e-15
1.020976942890667851e+04 6.295570226168424308e-15 1.580593330833619990e-15
1.021952889205927204e+04 4.508639713158867165e-15 1.666773591384357615e-15
