# obs_wvl flux error  |  merged epoch (resel): STIS CCD,STIS MAMA
1.583000000000000000e+03 4.981198463395142996e-15 2.187107294984414642e-14
1.586096701156351628e+03 4.981198463395142996e-15 9.381705357402213986e-15
1.589193402312703256e+03 4.981198463395142996e-15 5.947714157923117583e-15
1.592290103469054884e+03 -9.926227360019908538e-15 3.470672345994356432e-15
1.595386804625406512e+03 -1.930236821583520889e-16 3.319847071632467408e-15
1.598483505781758140e+03 4.442466631899508799e-18 3.091230798025998051e-15
1.601580206938109768e+03 -1.829926487422188711e-15 1.958808019945800852e-15
1.604676908094461396e+03 -8.329749026992165755e-16 1.680133905773477955e-15
1.607773609250813024e+03 -3.311067476923198357e-15 1.176543114419063517e-15
1.610870310407164652e+03 -6.380948518371842713e-16 1.130968639925876424e-15
1.613967011563516280e+03 3.432457476241644708e-16 1.020353886741535675e-15
1.617063712719867908e+03 -4.938278402084971328e-19 8.835635831735622278e-16
1.620160413876219536e+03 -7.166998550907535334e-16 7.277907235184845168e-16
1.623257115032571164e+03 -6.649333425341662846e-16 6.194688494012362281e-16
1.626353816188922792e+03 -5.406364468563357421e-16 5.620827996776601368e-16
1.629450517345274420e+03 -3.410665884942025442e-16 5.210146131812613796e-16
1.632547218501626048e+03 -8.564797476157789574e-16 4.154930458799378715e-16
1.635643919657977676e+03 -1.882879431753444614e-16 4.272007359008064657e-16
1.638740620814329304e+03 -1.906125605402162005e-16 3.916572308200712934e-16
1.641837321970680932e+03 -6.453615560228013684e-16 3.305098049397924653e-16
1.644934023127032560e+03 -1.217010511616432335e-16 3.408341931802720746e-16
1.648030724283384188e+03 -1.970971671822071182e-16 3.146086046571163844e-16
1.651127425439735816e+03 4.666883062027590704e-16 3.409975516508889716e-16
1.654224126596087444e+03 5.263940630665248284e-17 2.859837928963600775e-16
1.657320827752439072e+03 -3.632265243663151070e-16 2.455785565148804631e-16
1.660417528908790700e+03 3.152965441200483859e-16 2.860325452191404030e-16
1.663514230065142328e+03 -4.917072835921497614e-18 2.593983866561745989e-16
1.666610931221493956e+03 -3.680248648238214377e-17 2.351743739627907768e-16
1.669707632377845584e+03 1.771407097663780298e-16 2.362645955229253217e-16
1.672804333534197212e+03 3.156170702009408428e-16 2.338668304674254489e-16
1.675901034690548840e+03 6.894014273769584901e-17 2.140828267945613115e-16
1.678997735846900468e+03 -2.715563507641726999e-16 1.849524698567276511e-16
1.682094437003252096e+03 -2.673901852289341977e-16 1.808610129170177684e-16
1.685191138159603724e+03 -2.586801451727348197e-16 1.737865285084933830e-16
1.688287839315955353e+03 9.151299388278974293e-17 1.915647156453176448e-16
1.691384540472306981e+03 -3.764402012405971947e-16 1.597926392516865425e-16
1.694481241628658609e+03 6.113713094363677564e-17 1.854143550363945852e-16
1.697577942785010237e+03 -7.053632498703355928e-17 1.657385784259301141e-16
1.700674643941361865e+03 -1.011914352499927809e-16 1.571375861815587890e-16
1.703771345097713493e+03 -1.578117976038442359e-16 1.530586747381987180e-16
1.706868046254065121e+03 -9.726102639109557705e-17 1.493264418894304870e-16
1.709964747410416749e+03 1.361127576306866206e-16 1.619219760087477135e-16
1.713061448566768377e+03 1.952888901537856151e-16 1.630089418109698154e-16
1.716158149723120005e+03 1.459454843792706312e-16 1.595556135812781823e-16
1.719254850879471633e+03 8.278626026809519155e-18 1.403292015202311813e-16
1.722351552035823261e+03 2.343358055203628700e-16 1.547033303388989060e-16
1.725448253192174889e+03 2.028923086367925267e-16 1.519752083917897569e-16
1.728544954348526517e+03 -2.030163132855744780e-16 1.191239568113637529e-16
1.731641655504878145e+03 1.052869608569872891e-16 1.374983230517796042e-16
1.734738356661229773e+03 -6.101161546338168756e-17 1.221107723732922347e-16
1.737835057817581401e+03 5.665770885759262648e-17 1.313364144251308631e-16
1.740931758973933029e+03 2.330313441536512177e-16 1.398791403528409159e-16
1.744028460130284657e+03 1.602273408307408188e-16 1.314524107187963564e-16
1.747125161286636285e+03 -5.775450560021175098e-17 1.133180226413383560e-16
1.750221862442987913e+03 -7.116488050452532576e-17 1.128897235522375229e-16
1.753318563599339541e+03 4.388729914425834777e-17 1.161636400977063727e-16
1.756415264755691169e+03 9.275636497192009303e-17 1.162504549852193672e-16
1.759511965912042797e+03 -7.976592367104511269e-17 1.054384302778999988e-16
1.762608667068394425e+03 -2.495192623283951375e-16 9.385970103171719822e-17
1.765705368224746053e+03 -1.868172068385189367e-16 9.645616162295707397e-17
1.768802069381097681e+03 -1.585172663409794360e-16 9.375587170634306469e-17
1.771898770537449309e+03 -3.668058869180705379e-17 1.007719328392241232e-16
1.774995471693800937e+03 -5.363873035348351977e-17 9.859363124703917343e-17
1.778092172850152565e+03 -2.246443883956349351e-17 1.006103641676403606e-16
1.781188874006504193e+03 -6.195263850769962915e-17 9.656261569534571732e-17
1.784285575162855821e+03 -6.188547331113027110e-17 9.704734677534409295e-17
1.787382276319207449e+03 -2.951242856805751337e-17 9.616816837691125683e-17
1.790478977475559077e+03 -8.129432478550782835e-17 8.944569640532193206e-17
1.793575678631910705e+03 -1.607251378115232863e-17 9.407376524243759547e-17
1.796672379788262333e+03 -8.084575645604423486e-18 9.247563705807310494e-17
1.799769080944613961e+03 2.125487469080258111e-16 1.032531423429852636e-16
1.802865782100965589e+03 6.879934894167802440e-17 9.418862425185439685e-17
1.805962483257317217e+03 1.782234334057960381e-16 9.858174753785268680e-17
1.809059184413668845e+03 1.375792800589628321e-16 9.363154933394645528e-17
1.812155885570020473e+03 3.774237479474611026e-17 8.848926612939138228e-17
1.815252586726372101e+03 1.307621940043446811e-17 8.441671453850840682e-17
1.818349287882723729e+03 -3.442297029562149669e-17 8.170290247535388633e-17
1.821445989039075357e+03 -3.073423035368553892e-17 8.126495950014424819e-17
1.824542690195426985e+03 1.947966166678793656e-16 9.357683289820977419e-17
1.827639391351778613e+03 1.414809641237673825e-16 8.859930167299394992e-17
1.830736092508130241e+03 1.630983113307916442e-16 8.971928481528156256e-17
1.833832793664481869e+03 6.269222342355337858e-17 8.077833374375927936e-17
1.836929494820833497e+03 1.478254674360088169e-16 8.572893788917588337e-17
1.840026195977185125e+03 7.982428173118835354e-17 8.263350518642860970e-17
1.843122897133536753e+03 9.551559318254830448e-17 8.255511950831825286e-17
1.846219598289888381e+03 4.081293662806935333e-17 7.766031223373050975e-17
1.849316299446240009e+03 1.837370645665170767e-16 8.644376275903902553e-17
1.852413000602591637e+03 3.022482662006700597e-16 9.075500014417004477e-17
1.855509701758943265e+03 1.470884633945695194e-16 8.109059714676644558e-17
1.858606402915294893e+03 2.075605137125176395e-16 8.403262946204265505e-17
1.861703104071646521e+03 3.495168774920470153e-17 7.310376884840366203e-17
1.864799805227998149e+03 2.165699036158640682e-16 8.565789764957396081e-17
1.867896506384349777e+03 2.183652989207262581e-16 8.411144479608428649e-17
1.870993207540701405e+03 1.911251599642193355e-16 8.045772662870096802e-17
1.874089908697053033e+03 1.968561886733955702e-16 8.062924192123522799e-17
1.877186609853404661e+03 2.503687483683591937e-16 8.270889758845410384e-17
1.880283311009756289e+03 1.340324961626060691e-16 7.494478863773150168e-17
1.883380012166107917e+03 1.060994035052073988e-16 7.327200756834686087e-17
1.886476713322459545e+03 2.035500255401567964e-16 7.836940604054064207e-17
1.889573414478811173e+03 1.875542836002470372e-16 7.703845709829868758e-17
1.892670115635162801e+03 2.272318729293307976e-16 7.793925118705370892e-17
1.895766816791514429e+03 1.176004426907948818e-16 7.124568699979303652e-17
1.898863517947866058e+03 1.076366626043273420e-16 7.041903957285568900e-17
1.901960219104217686e+03 2.457849048035660680e-16 7.860970748027010835e-17
1.905056920260569314e+03 2.295718830284985047e-16 7.635111690153102591e-17
1.908153621416920942e+03 1.231952446537658459e-16 7.032519607505694547e-17
1.911250322573272570e+03 2.128266684585501443e-16 7.521505013795743362e-17
1.914347023729624198e+03 1.610023605766989314e-16 7.100761932107861221e-17
1.917443724885975826e+03 1.885611189942719596e-16 7.212079685063417560e-17
1.920540426042327454e+03 1.855738688370426358e-16 7.127848820964159272e-17
1.923637127198679082e+03 1.145058791299039128e-16 6.756392529274491687e-17
1.926733828355030710e+03 2.265065500648425782e-16 7.410797888133343808e-17
1.929830529511382338e+03 2.234259715553047498e-16 7.195937785233719559e-17
1.932927230667733966e+03 1.985378915619990020e-16 7.077470315096125757e-17
1.936023931824085594e+03 2.392478945510324641e-16 7.222145817059430095e-17
1.939120632980437222e+03 1.476444646699828543e-16 6.697813492811272905e-17
1.942217334136788850e+03 7.741543544865668200e-17 6.236294888959716177e-17
1.945314035293140478e+03 1.186898585630833406e-16 6.519792966153097749e-17
1.948410736449492106e+03 2.646998066016216113e-16 7.262816053764628362e-17
1.951507437605843734e+03 2.394586220431213968e-16 7.107119795664221318e-17
1.954604138762195362e+03 6.721808432038231343e-17 6.055431014126391652e-17
1.957700839918546990e+03 2.767579082409521663e-16 7.186182802755581063e-17
1.960797541074898618e+03 2.161865438995662277e-16 6.763515048183215969e-17
1.963894242231250246e+03 2.235287785053321559e-16 6.799792245393810347e-17
1.966990943387601874e+03 1.571454086372843126e-16 6.360414899178104116e-17
1.970087644543953502e+03 1.714099497294405718e-16 6.409003943259206236e-17
1.973184345700305130e+03 1.725506421245700227e-16 6.388507289962412892e-17
1.976281046856656758e+03 2.560797792291092989e-16 6.802818300562079153e-17
1.979377748013008386e+03 2.054031970689145692e-16 6.487028681714755885e-17
1.982474449169360014e+03 1.721968784759441133e-16 6.247561312673645055e-17
1.985571150325711642e+03 2.281285497616624763e-16 6.573549559047776478e-17
1.988667851482063270e+03 2.062069541444681535e-16 6.408078720950047201e-17
1.991764552638414898e+03 2.196937533350085445e-16 6.353696487515597972e-17
1.994861253794766526e+03 2.896869681852572224e-16 6.687054501242161624e-17
1.997957954951118154e+03 1.666099753504032519e-16 5.996414037072378827e-17
2.001054656107469782e+03 2.141813610617073702e-16 6.272043621376366880e-17
2.004151357263821410e+03 2.720489466420340366e-16 6.481023033572115114e-17
2.007248058420173038e+03 3.394183169820167802e-16 6.799652646098468721e-17
2.010344759576524666e+03 1.664672435514238895e-16 5.815932230790026905e-17
2.013441460732876294e+03 1.650098286674916322e-16 5.807141223367841814e-17
2.016538161889227922e+03 2.427292585912353207e-16 6.167710914634545072e-17
2.019634863045579550e+03 1.861548238140695046e-16 5.778652981557387975e-17
2.022731564201931178e+03 3.101518619710820069e-16 6.438372945485914254e-17
2.025828265358282806e+03 1.888902715844427815e-16 5.764251644748578234e-17
2.028924966514634434e+03 2.494405230965390039e-16 6.093791869755622155e-17
2.032021667670986062e+03 2.326186862666317134e-16 5.879010197867346459e-17
2.035118368827337690e+03 2.211809818937113838e-16 5.768315165899477945e-17
2.038215069983689318e+03 8.939352998918344941e-17 4.996640760404711219e-17
2.041311771140040946e+03 2.392929757300568428e-16 5.774621897048308994e-17
2.044408472296392574e+03 1.945306434870411158e-16 5.477424983387392329e-17
2.047505173452744202e+03 2.119785051875999912e-16 5.543489830869732541e-17
2.050601874609095830e+03 1.138347775623301390e-16 4.926117573630124408e-17
2.053698575765447458e+03 1.750306036897533329e-16 5.239439123722146165e-17
2.056795276921799086e+03 2.274108811269464951e-16 5.512510506310621787e-17
2.059891978078150714e+03 9.130533470902812552e-17 4.653824557555412647e-17
2.062988679234502342e+03 1.236651802466431069e-16 4.772857098874023153e-17
2.066085380390853970e+03 7.479492031840072156e-17 4.437414637850754267e-17
2.069182081547205598e+03 1.458138525060213194e-16 4.858769046476099012e-17
2.072278782703557226e+03 2.690425753296987053e-16 5.415650980265728141e-17
2.075375483859908854e+03 2.033364856036615427e-16 5.057219766100553711e-17
2.078472185016260482e+03 9.583787661686842477e-17 4.433931807442857029e-17
2.081568886172612110e+03 1.007380817159136741e-16 4.425703248100602423e-17
2.084665587328963738e+03 1.583860998703035345e-16 4.693879268685755040e-17
2.087762288485315366e+03 1.028492843333605101e-16 4.330983131008243936e-17
2.090858989641666994e+03 1.847178600586550502e-16 4.706411000928775896e-17
2.093955690798018622e+03 1.477881913111997419e-16 4.473732931667918134e-17
2.097052391954370250e+03 1.670168761018129430e-16 4.516183425577539567e-17
2.100149093110721878e+03 1.263562057846904828e-16 4.347322204968961729e-17
2.103245794267073506e+03 1.773657373550430755e-16 4.556659334314054178e-17
2.106342495423425135e+03 1.437622473533934870e-16 4.353204579202808654e-17
2.109439196579776763e+03 1.274159079076265967e-16 4.191597005408481233e-17
2.112535897736128391e+03 1.035545777711566781e-16 3.999962542473631564e-17
2.115632598892480019e+03 1.106535303339879684e-16 4.031092013583893554e-17
2.118729300048831647e+03 1.230565530124884927e-16 4.096558610361289646e-17
2.121826001205183275e+03 1.690943603884162819e-16 4.318655180580546978e-17
2.124922702361534903e+03 1.770293655388932241e-16 4.295719507852933343e-17
2.128019403517886531e+03 6.785612982703265827e-17 3.679249001158181311e-17
2.131116104674238159e+03 1.194631678995391348e-16 3.908897365610299952e-17
2.134212805830589787e+03 1.872195469806487597e-16 4.319082456449820530e-17
2.137309506986941415e+03 1.424457376476060499e-17 3.225228361616369116e-17
2.140406208143293043e+03 9.972676311000605809e-17 3.735873259237641794e-17
2.143502909299644671e+03 8.216234496145659858e-17 3.651011420283524132e-17
2.146599610455996299e+03 8.030069064859505613e-17 3.568711139986281170e-17
2.149696311612347927e+03 5.899278420066482361e-17 3.449606178876605230e-17
2.152793012768699555e+03 4.635673689095128396e-17 3.331888440168954532e-17
2.155889713925051183e+03 1.037997913171442471e-16 3.646332484714502093e-17
2.158986415081402811e+03 1.052378333600969491e-16 3.595409475709051086e-17
2.162083116237754439e+03 1.508284318746364720e-16 3.815006221339372671e-17
2.165179817394106067e+03 8.160534786236676557e-17 3.482147286787929070e-17
2.168276518550457695e+03 1.287475800087523511e-16 3.672808510749011364e-17
2.171373219706809323e+03 7.426535936601819656e-17 3.331612146026892089e-17
2.174469920863160951e+03 4.642233742481060033e-17 3.167851997357950682e-17
2.177566622019512579e+03 1.407820140798340836e-16 3.698434248799598966e-17
2.180663323175864207e+03 8.649438222753697236e-17 3.330324452249603651e-17
2.183760024332215835e+03 1.114074712789509059e-16 3.490362213679110767e-17
2.186856725488567463e+03 7.473269911527954316e-17 3.178998934109296171e-17
2.189953426644919091e+03 8.952287878418174738e-17 3.273030266073677443e-17
2.193050127801270719e+03 6.832191956440883715e-17 3.169165283467160892e-17
2.196146828957622347e+03 9.971434249378598659e-17 3.351989086371189994e-17
2.199243530113973975e+03 8.679343357783585219e-17 3.306228100715411034e-17
2.202340231270325603e+03 4.243503573991812516e-17 2.963828445122699466e-17
2.205436932426677231e+03 2.530059519668332466e-17 2.789508087266567840e-17
2.208533633583028859e+03 1.293078614187900193e-16 3.429396596941962896e-17
2.211630334739380487e+03 1.043863689388576338e-16 3.267870371033248777e-17
2.214727035895732115e+03 1.207898534868366806e-16 3.400418021747543328e-17
2.217823737052083743e+03 3.675344315495740154e-17 2.890820157687604215e-17
2.220920438208435371e+03 5.388598662788026854e-17 2.932900370505068193e-17
2.224017139364786999e+03 1.152888096621876606e-16 3.300893018961346145e-17
2.227113840521138627e+03 3.486674788981129012e-17 2.791990853266734495e-17
2.230210541677490255e+03 8.099731213607122454e-17 3.014753173969033862e-17
2.233307242833841883e+03 8.227998007325844954e-17 3.056357055103492429e-17
2.236403943990193511e+03 1.624705125890805516e-16 3.453739549398297032e-17
2.239500645146545139e+03 1.289582946983888349e-16 3.273650403052919075e-17
2.242597346302896767e+03 1.405869612785727270e-16 3.305504299934301825e-17
2.245694047459248395e+03 1.744349440485600179e-16 3.485507106747326599e-17
2.248790748615600023e+03 1.434971027689245993e-16 3.333811196520398038e-17
2.251887449771951651e+03 1.530205435608891069e-16 3.384934590967580818e-17
2.254984150928303279e+03 1.133230259716072718e-16 3.138527139635624619e-17
2.258080852084654907e+03 1.889390270066133041e-16 3.474069549900529594e-17
2.261177553241006535e+03 1.556360893756085715e-16 3.338212306814306538e-17
2.264274254397358163e+03 1.349285943364143106e-16 3.166833660834847487e-17
2.267370955553709791e+03 2.435703047335199523e-16 3.741877997969134658e-17
2.270467656710061419e+03 1.644099435437684915e-16 3.351723376948633651e-17
2.273564357866413047e+03 2.534786617229606914e-16 3.716607603094828360e-17
2.276661059022764675e+03 2.901552859018061406e-16 3.903958627440322339e-17
2.279757760179116303e+03 3.031504097334679413e-16 3.951913968351773161e-17
2.282854461335467931e+03 2.873597436127126593e-16 3.817870346402319021e-17
2.285951162491819559e+03 3.167613644084997127e-16 3.950877989589335243e-17
2.289047863648171187e+03 2.996289617755221146e-16 3.852223163066004155e-17
2.292144564804522815e+03 3.436132175404275819e-16 4.044720992916667528e-17
2.295241265960874443e+03 3.624645365884179251e-16 4.105414853075281450e-17
2.298337967117226071e+03 3.403130709189415948e-16 3.978292607459373271e-17
2.301434668273577699e+03 3.858617465910076617e-16 4.186612799912437172e-17
2.304531369429929327e+03 3.220164867279338900e-16 3.915036107355054029e-17
2.307628070586280955e+03 4.473875388635506186e-16 4.364785593720959025e-17
2.310724771742632583e+03 4.347003110531681468e-16 4.324915041013963679e-17
2.313821472898984211e+03 3.947654502537499628e-16 4.156289261315033246e-17
2.316918174055335840e+03 4.731434720542706118e-16 4.474296283074116701e-17
2.320014875211687468e+03 4.086998757508086589e-16 4.190266772731227988e-17
2.323111576368039096e+03 4.271423286905287620e-16 4.230736287043860801e-17
2.326208277524390724e+03 4.538861822098333549e-16 4.365265552747553052e-17
2.329304978680742352e+03 4.545125844938864580e-16 4.392828772477353336e-17
2.332401679837093980e+03 4.285840552208722420e-16 4.295850948961121865e-17
2.335498380993445608e+03 3.872362189859379899e-16 4.067448375690008329e-17
2.338595082149797236e+03 4.295453669056065650e-16 4.287473420326687176e-17
2.341691783306148864e+03 4.986866984607473134e-16 4.458323470975374003e-17
2.344788484462500492e+03 4.311928141581604758e-16 4.224690015795448777e-17
2.347885185618852120e+03 4.732591271077337696e-16 4.364597240586893425e-17
2.350981886775203748e+03 4.769714770561362376e-16 4.396133713780954978e-17
2.354078587931555376e+03 3.963527899928737875e-16 4.110604791493769363e-17
2.357175289087907004e+03 4.041872939810217723e-16 4.092933434830494993e-17
2.360271990244258632e+03 4.632280984994394183e-16 4.289497725793034868e-17
2.363368691400610260e+03 4.358920131365321124e-16 4.182826338891380256e-17
2.366465392556961888e+03 4.900552876703099221e-16 4.356919707478406075e-17
2.369562093713313516e+03 4.417835541336828175e-16 4.188296350513181732e-17
2.372658794869665144e+03 3.931771564284964744e-16 4.001664539831837335e-17
2.375755496026016772e+03 4.419088759168492696e-16 4.225350956753268279e-17
2.378852197182368400e+03 4.772423592522296854e-16 4.299087078492924153e-17
2.381948898338720028e+03 3.379210251627121655e-16 3.782705495145694805e-17
2.385045599495071656e+03 4.337866131573964592e-16 4.217368633681454801e-17
2.388142300651423284e+03 3.203200984372891557e-16 3.721834668400372726e-17
2.391239001807774912e+03 4.079458919900452090e-16 4.026725177372667263e-17
2.394335702964126540e+03 3.387515091220960321e-16 3.829166148516609054e-17
2.397432404120478168e+03 2.266503175529612980e-16 3.294763178748672236e-17
2.400529105276829796e+03 4.094354914866759483e-16 4.009943618133641650e-17
2.403625806433181424e+03 4.265944489706976763e-16 4.099115165427553287e-17
2.406722507589533052e+03 3.845823498772064049e-16 3.954113263856983691e-17
2.409819208745884680e+03 3.244695883025231874e-16 3.687952820137536161e-17
2.412915909902236308e+03 3.726396729440571858e-16 3.833229593877665865e-17
2.416012611058587936e+03 3.973456288890097022e-16 3.982473683214136260e-17
2.419109312214939564e+03 3.100772792113291594e-16 3.657271211380012185e-17
2.422206013371291192e+03 3.253851163484336099e-16 3.676465669008247869e-17
2.425302714527642820e+03 3.354838219408016812e-16 3.727679478713504563e-17
2.428399415683994448e+03 3.193154327575426875e-16 3.641808712248807574e-17
2.431496116840346076e+03 3.239131612515231370e-16 3.667312010921303956e-17
2.434592817996697704e+03 3.852650701223102672e-16 3.924069898289386558e-17
2.437689519153049332e+03 3.609719656705816822e-16 3.847181188380025480e-17
2.440786220309400960e+03 3.827520296626951432e-16 3.852295820872642286e-17
2.443882921465752588e+03 3.895344787656263714e-16 3.906231192937086040e-17
2.446979622622104216e+03 3.701891805947723843e-16 3.805265798071538597e-17
2.450076323778455844e+03 4.550778697182131458e-16 4.139281934256805172e-17
2.453173024934807472e+03 5.926814222777640177e-16 4.565406762822539668e-17
2.456269726091159100e+03 5.695279460651319084e-16 4.446559881742274167e-17
2.459366427247510728e+03 6.557848382398922612e-16 4.760928044377445290e-17
2.462463128403862356e+03 7.308115593839735414e-16 4.956676172718833527e-17
2.465559829560213984e+03 7.974911832571522978e-16 5.081728003707330915e-17
2.468656530716565612e+03 8.193954826192781232e-16 5.177782915602470170e-17
2.471753231872917240e+03 8.745501843212598841e-16 5.350052959983771225e-17
2.474849933029268868e+03 7.781438485654108436e-16 5.048621959706923038e-17
2.477946634185620496e+03 8.523567604416374683e-16 5.222172415766758055e-17
2.481043335341972124e+03 9.888787895232042139e-16 5.663085568227021849e-17
2.484140036498323752e+03 9.259447197447689377e-16 5.367780726781339081e-17
2.487236737654675380e+03 1.031290859374629022e-15 5.669913543659186057e-17
2.490333438811027008e+03 1.038159250535033301e-15 5.709254099225770032e-17
2.493430139967378636e+03 9.963386762914216821e-16 5.562695067222953181e-17
2.496526841123730264e+03 1.011491201305035645e-15 5.589595301703837751e-17
2.499623542280081892e+03 1.095860959675364063e-15 5.827932181442251438e-17
2.502720243436433520e+03 1.053761323431633830e-15 5.720383796920105276e-17
2.505816944592785148e+03 1.044809917524306310e-15 5.662330257239322840e-17
2.508913645749136776e+03 1.139107051156786444e-15 5.884169743036176352e-17
2.512010346905488404e+03 1.145336208118033355e-15 5.929830268289295824e-17
2.515107048061840032e+03 1.002264772144955961e-15 5.587436172961705180e-17
2.518203749218191660e+03 1.110200475242503226e-15 5.825195092359842559e-17
2.521300450374543288e+03 1.180584440012355865e-15 5.981544458395750523e-17
2.524397151530894917e+03 1.111797940890554559e-15 5.859507208262757933e-17
2.527493852687246545e+03 1.034727747856693087e-15 5.665244863950654211e-17
2.530590553843598173e+03 1.078027072112683319e-15 5.743756684853317112e-17
2.533687254999949801e+03 1.251818150333405785e-15 6.156447641170328807e-17
2.536783956156301429e+03 1.029100212206747131e-15 5.624706587423095198e-17
2.539880657312653057e+03 1.107619417475126374e-15 5.811722349320785603e-17
2.542977358469004685e+03 1.085330557583472651e-15 5.786310814411453111e-17
2.546074059625356313e+03 1.072157024268205288e-15 5.695583492345802503e-17
2.549170760781707941e+03 1.109544847618566578e-15 5.824234923097508276e-17
2.552267461938059569e+03 8.991078548866356805e-16 5.298662635632035203e-17
2.555364163094411197e+03 1.031762219891543085e-15 5.716596341603752259e-17
2.558460864250762825e+03 8.636822502916180665e-16 5.238751632379919771e-17
2.561557565407114453e+03 8.385995786957809353e-16 5.162461214774218965e-17
2.564654266563466081e+03 7.592370912231541941e-16 4.968359162930609206e-17
2.567750967719817709e+03 8.837295790058979399e-16 5.316321907723682497e-17
2.570847668876169337e+03 8.393089872460387643e-16 5.193901006223622479e-17
2.573944370032520965e+03 8.228258699458021549e-16 5.194327026109757301e-17
2.577041071188872593e+03 7.239732160597169095e-16 4.888447828258837631e-17
2.580137772345224221e+03 6.693522010695482831e-16 4.714317966486939970e-17
2.583234473501575849e+03 6.883280110367233171e-16 4.799029459250784165e-17
2.586331174657927477e+03 5.957319302171981247e-16 4.566699573230159041e-17
2.589427875814279105e+03 5.133519927576558611e-16 4.247183875325178782e-17
2.592524576970630733e+03 5.469075300379071305e-16 4.425759351063069596e-17
2.595621278126982361e+03 6.182365175400131942e-16 4.657585183941723149e-17
2.598717979283333989e+03 5.368680924583004509e-16 4.381451533804108291e-17
2.601814680439685617e+03 4.158468830969208528e-16 4.005522863302328641e-17
2.604911381596037245e+03 6.590184381146883978e-16 4.770630524256340929e-17
2.608008082752388873e+03 6.378464733733966648e-16 4.649173533594921730e-17
2.611104783908740501e+03 7.661554302525488330e-16 5.025385424565818658e-17
2.614201485065092129e+03 5.250510080210262967e-16 4.340657196699380358e-17
2.617298186221443757e+03 9.389684771640344243e-16 5.532030233776618130e-17
2.620394887377795385e+03 9.441087984729407015e-16 5.508874384886408237e-17
2.623491588534147013e+03 1.109065864227557705e-15 5.881144703834657931e-17
2.626588289690498641e+03 1.289232643446420059e-15 6.288040173077100744e-17
2.629684990846850269e+03 1.408667451678250238e-15 6.597802024191527839e-17
2.632781692003201897e+03 1.513676874550060311e-15 6.777556088216882716e-17
2.635878393159553525e+03 1.541267218230432349e-15 6.837140182971462247e-17
2.638975094315905153e+03 1.548211252603745995e-15 6.858879750407373031e-17
2.642071795472256781e+03 1.667104573994546660e-15 7.096302429840337723e-17
2.645168496628608409e+03 1.631857949633492097e-15 7.048290257048153782e-17
2.648265197784960037e+03 1.664086091039512881e-15 7.167714526731488248e-17
2.651361898941311665e+03 1.684760811686658018e-15 7.126173358185548798e-17
2.654458600097663293e+03 1.879765472109760569e-15 7.540687868124098191e-17
2.657555301254014921e+03 1.722080125990276566e-15 7.223931627399781806e-17
2.660652002410366549e+03 1.848352124777141036e-15 7.548483088429689220e-17
2.663748703566718177e+03 1.993909752998742454e-15 7.794162711921558943e-17
2.666845404723069805e+03 2.005066886757212740e-15 7.788669056166596821e-17
2.669942105879421433e+03 2.156457640166472105e-15 8.169337279918697267e-17
2.673038807035773061e+03 1.957565921210109790e-15 7.775153262587684739e-17
2.676135508192124689e+03 2.225464815550334609e-15 8.180232109175678927e-17
2.679232209348476317e+03 2.136839407174219711e-15 8.081164770830788005e-17
2.682328910504827945e+03 2.535909604729824108e-15 8.859938724819176505e-17
2.685425611661179573e+03 2.434750114711910710e-15 8.657009812112723693e-17
2.688522312817531201e+03 2.537476242909647040e-15 8.821722638115364821e-17
2.691619013973882829e+03 2.887314492336545608e-15 9.467932889198915966e-17
2.694715715130234457e+03 2.779190745366555232e-15 9.138288962348034105e-17
2.697812416286586085e+03 2.924423044587104032e-15 9.512368593760300302e-17
2.700909117442937713e+03 3.006679423618589266e-15 9.703231655490254025e-17
2.704005818599289341e+03 3.286197577226250746e-15 1.003774236027286043e-16
2.707102519755640969e+03 3.336429654436805502e-15 1.009850952087940017e-16
2.710199220911992597e+03 3.310448804543553445e-15 1.011012437394440589e-16
2.713295922068344225e+03 3.815699863987929406e-15 1.076729902371650889e-16
2.716392623224695853e+03 3.712356516062801607e-15 1.058711539319846981e-16
2.719489324381047481e+03 3.937869926117039903e-15 1.097805344386414482e-16
2.722586025537399109e+03 3.821990603143578658e-15 1.082957980396454811e-16
2.725682726693750737e+03 4.087594547165348830e-15 1.122057788345579746e-16
2.728779427850102365e+03 4.014284212902020728e-15 1.100199762367103959e-16
2.731876129006453993e+03 4.143333015819112605e-15 1.113870908859858079e-16
2.734972830162805622e+03 3.942271880202029367e-15 1.093481566309627886e-16
2.738069531319157250e+03 4.119175607120709773e-15 1.116446487820505330e-16
2.741166232475508878e+03 4.228469188779204623e-15 1.129079453180031132e-16
2.744262933631860506e+03 4.147821014582619448e-15 1.115505486949228735e-16
2.747359634788212134e+03 4.287755883523793576e-15 1.138432946286950693e-16
2.750456335944563762e+03 4.331570701834969519e-15 1.141414108869580114e-16
2.753553037100915390e+03 4.539269087179490416e-15 1.169714739026288192e-16
2.756649738257267018e+03 4.504447291250861784e-15 1.155936239837869008e-16
2.759746439413618646e+03 4.575742345132325945e-15 1.173270649302078106e-16
2.762843140569970274e+03 4.614938125621858605e-15 1.173605453802186288e-16
2.765939841726321902e+03 4.934250836885326197e-15 1.225441648243351519e-16
2.769036542882673530e+03 4.991769392264734036e-15 1.225844759138272158e-16
2.772133244039025158e+03 4.874168361046543481e-15 1.199795483492779986e-16
2.775229945195376786e+03 4.939467201865320268e-15 1.217698179506179708e-16
2.778326646351728414e+03 4.936500757159101559e-15 1.214938684717494776e-16
2.781423347508080042e+03 5.364928934613115381e-15 1.261775818586223876e-16
2.784520048664431670e+03 5.530715168524231509e-15 1.284542906770204101e-16
2.787616749820783298e+03 5.347172177236356054e-15 1.266930065914114758e-16
2.790713450977134926e+03 5.510827859668308488e-15 1.284270576660283111e-16
2.793810152133486554e+03 5.619699224755615948e-15 1.294351441563871687e-16
2.796906853289838182e+03 4.769913768670999276e-15 1.208254428914753454e-16
2.800003554446189810e+03 5.420756105866487247e-15 1.324348914435839479e-16
2.803100255602541438e+03 5.610969159142620109e-15 1.311161349256905890e-16
2.806196956758893066e+03 5.420756105866487247e-15 1.280560043544197370e-16
2.809293657915244694e+03 4.798796715103084792e-15 1.205560753967063383e-16
2.812390359071596322e+03 4.335987436602880307e-15 1.141837199930206856e-16
2.815487060227947950e+03 5.610969159142620109e-15 1.336041936263373518e-16
2.818583761384299578e+03 4.547701760792313552e-15 1.160426817064036795e-16
2.821680462540651206e+03 7.345455537389032182e-15 1.492277781122060239e-16
2.824777163697002834e+03 8.966473018364515608e-15 1.639660361835764857e-16
2.827873864853354462e+03 9.828192673783442747e-15 1.706574080850925568e-16
2.830970566009706090e+03 1.004053548955135634e-14 1.721680186774550761e-16
2.834067267166057718e+03 1.043631793864809231e-14 1.751835804428863226e-16
2.837163968322409346e+03 1.117823905425019259e-14 1.808503619914618321e-16
2.840260669478760974e+03 1.164657934907801264e-14 1.865855506898539838e-16
2.843357370635112602e+03 1.215137878204959955e-14 1.894523823030533975e-16
2.846454071791464230e+03 1.315161591313678909e-14 1.982257036203303261e-16
2.849550772947815858e+03 1.324475435711879097e-14 1.976398275154572358e-16
2.852647474104167486e+03 1.325402744352308692e-14 1.996497673650672822e-16
2.855744175260519114e+03 1.325402744352308692e-14 2.042332969298029219e-16
2.858840876416870742e+03 1.325402744352308692e-14 2.118720668677702150e-16
2.861937577573222370e+03 1.325402744352308692e-14 2.136710182951261058e-16
2.865034278729573998e+03 1.384484441494974833e-14 2.133558203241993920e-16
2.868130979885925626e+03 1.262383408947335638e-14 1.920456264253297925e-16
2.871227681042277254e+03 1.600131366180118225e-14 2.226925617303494925e-16
2.874324382198628882e+03 1.792692035941400075e-14 2.331282073086276505e-16
2.877421083354980510e+03 1.827542644731404881e-14 2.335756241791056622e-16
2.880517784511332138e+03 1.901477473137374080e-14 2.397552054255785273e-16
2.883614485667683766e+03 1.916447601640195422e-14 2.404041877100097189e-16
2.886711186824035394e+03 1.935431741470387481e-14 2.414309696957895806e-16
2.889807887980387022e+03 1.948187412649222075e-14 2.470042567695734663e-16
2.892904589136738650e+03 1.948187412649222075e-14 2.439546669913092554e-16
2.896001290293090278e+03 1.972760342784745960e-14 2.493097477858656384e-16
2.899097991449441906e+03 1.985471158370808727e-14 2.534689595743876949e-16
2.902194692605793534e+03 1.985471158370808727e-14 2.522839001401660552e-16
2.905291393762145162e+03 1.972760342784745960e-14 2.444796961109129127e-16
2.908388094918496790e+03 1.985471158370808727e-14 2.487420785074266476e-16
2.911484796074848418e+03 1.918952434202193755e-14 2.452833841113406920e-16
2.914581497231200046e+03 1.957392580834806581e-14 2.477015509361213459e-16
2.917678198387551674e+03 1.959148905822624166e-14 2.490462034028550210e-16
2.920774899543903302e+03 1.941110887817649299e-14 2.501589431961888782e-16
2.923871600700254930e+03 1.907702089911823884e-14 2.458710933432017762e-16
2.926968301856606558e+03 1.903920086916653420e-14 2.468054525761820641e-16
2.930065003012958186e+03 1.927594225676371962e-14 2.496696041123905658e-16
2.933161704169309814e+03 1.941110887817649299e-14 2.515708306505686207e-16
2.936258405325661442e+03 1.959704953865758681e-14 2.549793872834288542e-16
2.939355106482013070e+03 1.959704953865758681e-14 2.524321414760308368e-16
2.942451807638364699e+03 2.002474354322978963e-14 2.570316787367811574e-16
2.945548508794716327e+03 2.003375079625601648e-14 2.619845123433557867e-16
2.948645209951067955e+03 2.003375079625601648e-14 2.595875123247738749e-16
2.951741911107419583e+03 2.067251995549017304e-14 2.642260253440413529e-16
2.954838612263771211e+03 2.068051483964520703e-14 2.649721044363934058e-16
2.957935313420122839e+03 2.079550278743031467e-14 2.684716637266238310e-16
2.961032014576474467e+03 2.162615342796037958e-14 2.761199038234816594e-16
2.964128715732826095e+03 2.149444161755773117e-14 2.740355776128147706e-16
2.967225416889177723e+03 2.157260837980722172e-14 2.726992301676440006e-16
2.968000000000000000e+03 2.153428356013611270e-14 2.159448399142871622e-16
2.970322118045529351e+03 2.134974941631571939e-14 2.734673787461290724e-16
2.973418819201880979e+03 2.120811686911930794e-14 2.723876858460757022e-16
2.973494307803544871e+03 2.122245621797640732e-14 2.659182552634262042e-16
2.976515520358232607e+03 2.178820154481241109e-14 2.784390025423071295e-16
2.978988615607089741e+03 2.190056599365946652e-14 2.300736953618251892e-16
2.979612221514584235e+03 2.193160322474829209e-14 2.785877336588167716e-16
2.982708922670935863e+03 2.199372731116024303e-14 2.794334809406803924e-16
2.984482923410634612e+03 2.218336951231125584e-14 2.042627923286591452e-16
2.985805623827287491e+03 2.235754159736857432e-14 2.868355594572728218e-16
2.988902324983639119e+03 2.230993675261818082e-14 2.870057808212289273e-16
2.989977231214179483e+03 2.227564571436099404e-14 2.129016429321311935e-16
2.991999026139990747e+03 2.234551458464510692e-14 2.839817502806966408e-16
2.995095727296342375e+03 2.189309351821609233e-14 2.858581268703121612e-16
2.995471539017724353e+03 2.179204093873562600e-14 2.539910108017129551e-16
2.998192428452694003e+03 2.114524990202586759e-14 2.786045771290371192e-16
3.000965846821269224e+03 2.131845528372832838e-14 2.567427945516007590e-16
3.001289129609045631e+03 2.131845528372832838e-14 2.842674681275072413e-16
3.004385830765397259e+03 2.131845528372832838e-14 2.884746978276290938e-16
3.006460154624814095e+03 2.127047462003876171e-14 2.173026937067144468e-16
3.007482531921748887e+03 2.127047462003876171e-14 2.896702602981837857e-16
3.010579233078100515e+03 2.127047462003876171e-14 2.900658224592614585e-16
3.011954462428358966e+03 2.118103237503868468e-14 2.073075999156792726e-16
3.013675934234452143e+03 2.077213216149291036e-14 2.867272747266445842e-16
3.016772635390803771e+03 2.064083302209404944e-14 2.912191856791264344e-16
3.017448770231903836e+03 2.067178718245011866e-14 2.372604299039171414e-16
3.019869336547155399e+03 2.077213216149291036e-14 2.878540842403737746e-16
3.022943078035448707e+03 2.065868227259603972e-14 2.883409938042901826e-16
3.022966037703507027e+03 2.065794697216658370e-14 2.904317594301393526e-16
3.026062738859858655e+03 2.077300850060236528e-14 2.939665183107067890e-16
3.028437385838993578e+03 2.077300850060236528e-14 2.376099305467450891e-16
3.029159440016210283e+03 2.061976126759272328e-14 2.946630566064853868e-16
3.032256141172561911e+03 2.109458222179208697e-14 2.996410178241717275e-16
3.033931693642538448e+03 2.121657126807668189e-14 2.173417712532364242e-16
3.035352842328913539e+03 2.122918161487203539e-14 3.045790244916786803e-16
3.038449543485265167e+03 2.177703854225351018e-14 3.103950222780648645e-16
3.039426001446083319e+03 2.181486692543697607e-14 2.359747525108425961e-16
3.041546244641616795e+03 2.191504346544116079e-14 3.078894896030316367e-16
3.044642945797968423e+03 2.236803150744691759e-14 3.219389543610262679e-16
3.044920309249628190e+03 2.236803150744691759e-14 2.955143532453571481e-16
3.047739646954320051e+03 2.236803150744691759e-14 3.162137956967949427e-16
3.050414617053173060e+03 2.259305389200039887e-14 2.859101968653514023e-16
3.050836348110671679e+03 2.260015475367193153e-14 3.253245278506206700e-16
3.053933049267023307e+03 2.418439658031022242e-14 3.335054093261787377e-16
3.055908924856717931e+03 2.427307346472758895e-14 2.523505668096174282e-16
3.057029750423374935e+03 2.427307346472758895e-14 3.408157252490310765e-16
3.060126451579726563e+03 2.489053443708075729e-14 3.475585093107000892e-16
3.061403232660262802e+03 2.521857304326813096e-14 2.549988555704374603e-16
3.063223152736078191e+03 2.547777255177471396e-14 3.488527610206907906e-16
3.066319853892429819e+03 2.655684617955891544e-14 3.619219831659552521e-16
3.066897540463807672e+03 2.673511959239352520e-14 3.054248585380524056e-16
3.069416555048781447e+03 2.753638658380498141e-14 3.631911403134781705e-16
3.072391848267352543e+03 2.844049366461568760e-14 3.679670946059285009e-16
3.072513256205133075e+03 2.847092781942729107e-14 3.816731225703768228e-16
3.075609957361484703e+03 2.944882153983880502e-14 3.762826249124308616e-16
3.077886156070897414e+03 2.968110429328948792e-14 3.106560265057335483e-16
3.078706658517836331e+03 2.978640299385105255e-14 3.924378098421457999e-16
3.081803359674187959e+03 3.092853252535786086e-14 4.080044945399527901e-16
3.083380463874442285e+03 3.147143980828791477e-14 3.000454685876104601e-16
3.084900060830539587e+03 3.215412463487195240e-14 4.132779044411430435e-16
3.087996761986891215e+03 3.332060114858241470e-14 4.259970274294322630e-16
3.088874771677987155e+03 3.352453263957238373e-14 3.353956316112962580e-16
3.091093463143242843e+03 3.403004812767889707e-14 4.183748021450601761e-16
3.094190164299594471e+03 3.428873545207101581e-14 4.372999157537590026e-16
3.094369079481532026e+03 3.432533782811478549e-14 4.149716486314423067e-16
3.097286865455946099e+03 3.486542243332473278e-14 4.260795028722656346e-16
3.099863387285076897e+03 3.571415029170493893e-14 3.925764216262072378e-16
3.100383566612297727e+03 3.571415029170493893e-14 4.562647427003243014e-16
3.103480267768649355e+03 3.571415029170493893e-14 4.460502835818208391e-16
3.105357695088621767e+03 3.576925106614602260e-14 3.475659416294566268e-16
3.106576968925000983e+03 3.576925106614602260e-14 4.720519401981963667e-16
3.109673670081352611e+03 3.576925106614602260e-14 4.632619649150877016e-16
3.110852002892166638e+03 3.571671977574139942e-14 3.467959832351835733e-16
3.112770371237704239e+03 3.576925106614602260e-14 4.526012620433394343e-16
3.115867072394055867e+03 3.572666086264522856e-14 4.807946509790467102e-16
3.116346310695711509e+03 3.571702961624049064e-14 4.191240256807156775e-16
3.118963773550407495e+03 3.532846751446416308e-14 4.550396158287803878e-16
3.121840618499256379e+03 3.532846751446416308e-14 4.550180308130539931e-16
3.122060474706759123e+03 3.532846751446416308e-14 4.843817171883552539e-16
3.125157175863110751e+03 3.532846751446416308e-14 4.625056358448275223e-16
3.127334926302801250e+03 3.530690995791394653e-14 3.826742510635355059e-16
3.128253877019462379e+03 3.514962906291842026e-14 4.880510268536008907e-16
3.131350578175814007e+03 3.453344025950939289e-14 4.826534086292573848e-16
3.132829234106346121e+03 3.450671275634308192e-14 3.604453693372492736e-16
3.134447279332165635e+03 3.431606817253029841e-14 4.812904211699221380e-16
3.137543980488517263e+03 3.344843857667281101e-14 4.913732440596088178e-16
3.138323541909890992e+03 3.333975336506538319e-14 3.976058210892822903e-16
3.140640681644868891e+03 3.254485225603609374e-14 4.629185758617263073e-16
3.143737382801220519e+03 3.153116535781929579e-14 4.852246351706548492e-16
3.143817849713435862e+03 3.155831505515682053e-14 4.744612897580290332e-16
3.146834083957572147e+03 3.155831505515682053e-14 4.760238438643866954e-16
3.149312157516980733e+03 3.153116535781929579e-14 4.199406481372328737e-16
3.149930785113923775e+03 3.153116535781929579e-14 1.262222191426426008e-15
3.154806465320525604e+03 3.012198003167124957e-14 1.386018514591237975e-15
3.160300773124070474e+03 3.012198003167124957e-14 1.327427299682807165e-15
3.165795080927615345e+03 2.892308977626803832e-14 1.220746679524487636e-15
3.171289388731160216e+03 2.892308977626803832e-14 1.221030745163689138e-15
3.176783696534705086e+03 2.599219609756248342e-14 1.188241240345756286e-15
3.182278004338249957e+03 2.691012051635460063e-14 1.178054121404179837e-15
3.187772312141794828e+03 2.627495570867252426e-14 1.160303805053463318e-15
3.193266619945339698e+03 2.627495570867252426e-14 1.132581522955474361e-15
3.198760927748884569e+03 2.627495570867252426e-14 1.127258924022731990e-15
3.204255235552429440e+03 2.627495570867252426e-14 1.267974094714970577e-15
3.209749543355974311e+03 2.547892362924074545e-14 1.135370285099381974e-15
3.215243851159519181e+03 2.547892362924074545e-14 1.098293282487515236e-15
3.220738158963064052e+03 2.401724271496558363e-14 1.051869962216570440e-15
3.226232466766608923e+03 2.438868892356584072e-14 1.064093370333045326e-15
3.231726774570153793e+03 2.258500854945832315e-14 1.066685692550415282e-15
3.237221082373698664e+03 2.438868892356584072e-14 1.046523935775056801e-15
3.242715390177243535e+03 2.438868892356584072e-14 1.031737256048794694e-15
3.248209697980788405e+03 2.372892225893849478e-14 1.012536412413532499e-15
3.253704005784333276e+03 2.438868892356584072e-14 1.027454197972314882e-15
3.259198313587878147e+03 2.438868892356584072e-14 1.002586626537599165e-15
3.264692621391423017e+03 2.243671179853786737e-14 9.899360562031670922e-16
3.270186929194967888e+03 2.548198393735499834e-14 1.007158647116734520e-15
3.275681236998512759e+03 2.548198393735499834e-14 9.873834630233790866e-16
3.281175544802057630e+03 2.577720635295284018e-14 9.953026041201123814e-16
3.286669852605602500e+03 2.600806842124777136e-14 1.008285937968575098e-15
3.292164160409147371e+03 2.577720635295284018e-14 9.665271698931121734e-16
3.297658468212692242e+03 2.636361584372205380e-14 9.764821280563093003e-16
3.303152776016237112e+03 2.636361584372205380e-14 9.846933334049453610e-16
3.308647083819781983e+03 2.636361584372205380e-14 9.581922336579749262e-16
3.314141391623326854e+03 2.762026791497630876e-14 9.591339990025220052e-16
3.319635699426871724e+03 2.762026791497630876e-14 9.537285589281720072e-16
3.325130007230416595e+03 3.139523665467980840e-14 1.025879489708446387e-15
3.330624315033961466e+03 3.139523665467980840e-14 9.899728625388185326e-16
3.336118622837506337e+03 3.139523665467980840e-14 9.678618585163324715e-16
3.341612930641051207e+03 3.283065124622078680e-14 9.631600577153503943e-16
3.347107238444596078e+03 3.582079743540924040e-14 1.116673820314792343e-15
3.352601546248140949e+03 3.821045605412532640e-14 9.964006846424902636e-16
3.358095854051685819e+03 4.036578554792644986e-14 9.936529948051597749e-16
3.363590161855230690e+03 4.051592769469863862e-14 9.875738321706763010e-16
3.369084469658775561e+03 4.051592769469863862e-14 1.001628840460400996e-15
3.374578777462320431e+03 4.051592769469863862e-14 9.786095759675949131e-16
3.380073085265865302e+03 4.086859699599742119e-14 9.808458317991023259e-16
3.385567393069410173e+03 4.086859699599742119e-14 9.702414029853868134e-16
3.391061700872955043e+03 4.129756219019384845e-14 9.905194508706238443e-16
3.396556008676499914e+03 4.179782304702352830e-14 9.805026098849694673e-16
3.402050316480044785e+03 4.179782304702352830e-14 9.671989346150130139e-16
3.407544624283589656e+03 4.596873334612611985e-14 9.733361157708232701e-16
3.413038932087134526e+03 4.668652728031116604e-14 9.886873367805844772e-16
3.418533239890679397e+03 4.782188355763664226e-14 1.008483071341862073e-15
3.424027547694224268e+03 5.081911527101082880e-14 9.846461307086164381e-16
3.429521855497769138e+03 5.175281272538942712e-14 9.935099799219473898e-16
3.435016163301314009e+03 5.459437303698224015e-14 1.009662900420385941e-15
3.440510471104858880e+03 5.459437303698224015e-14 9.950870913119546654e-16
3.446004778908403750e+03 5.728130607210053764e-14 1.007051403969718873e-15
3.451499086711948621e+03 6.167225047117139943e-14 1.027816813374256466e-15
3.456993394515493492e+03 6.570165149720285969e-14 1.051822703681389914e-15
3.462487702319038362e+03 6.873506340549811251e-14 1.050387030280445216e-15
3.467982010122583233e+03 7.191313289921036342e-14 1.066538771822952432e-15
3.473476317926128104e+03 7.253351691221034475e-14 1.082844968087381248e-15
3.478970625729672975e+03 7.253351691221034475e-14 1.070160196131743028e-15
3.484464933533217845e+03 7.253351691221034475e-14 1.062373507360389866e-15
3.489959241336762716e+03 7.253351691221034475e-14 1.067980464508904076e-15
3.495453549140307587e+03 7.253351691221034475e-14 1.054949636819570176e-15
3.500947856943852457e+03 7.232051946584800191e-14 1.047926237729344089e-15
3.506442164747397328e+03 7.390613970476641905e-14 1.075830062632000646e-15
3.511936472550942199e+03 7.390613970476641905e-14 1.078557857412045469e-15
3.517430780354487069e+03 7.390613970476641905e-14 1.051466390556545672e-15
3.522925088158031940e+03 7.390613970476641905e-14 1.048155738825518280e-15
3.528419395961576811e+03 7.701689982509286317e-14 1.061120254407798891e-15
3.533913703765121681e+03 7.701689982509286317e-14 1.072717962692421690e-15
3.539408011568666552e+03 7.717357415294040279e-14 1.053546009000837711e-15
3.544902319372211423e+03 7.717357415294040279e-14 1.079807100196207868e-15
3.550396627175756294e+03 7.701689982509286317e-14 1.050278704231841976e-15
3.555890934979301164e+03 8.077174291332383975e-14 1.066346124526966628e-15
3.561385242782846035e+03 8.186510460867815167e-14 1.081714656858211096e-15
3.566879550586390906e+03 8.303979404918014278e-14 1.080816017502119478e-15
3.572373858389935776e+03 8.303979404918014278e-14 1.084081728765870442e-15
3.577868166193480647e+03 8.493100282687346818e-14 1.091578833095075541e-15
3.583362473997025518e+03 8.593572685361612142e-14 1.089596090380760784e-15
3.588856781800570388e+03 8.710227063098623304e-14 1.092513483302575293e-15
3.594351089604115259e+03 8.710227063098623304e-14 1.080549516112162398e-15
3.599845397407660130e+03 8.849618936969025981e-14 1.087316642584406637e-15
3.605339705211205001e+03 8.849618936969025981e-14 1.123742420461037284e-15
3.610834013014749871e+03 8.849618936969025981e-14 1.569454533153402311e-15
3.616328320818294742e+03 8.849618936969025981e-14 1.523161570194427389e-15
3.621822628621839613e+03 8.849618936969025981e-14 1.106073597517430856e-15
3.627316936425384483e+03 8.849618936969025981e-14 1.076357251054506564e-15
3.632811244228929354e+03 8.849618936969025981e-14 1.074761634236211497e-15
3.638305552032474225e+03 8.325141677677007448e-14 1.041891588979645461e-15
3.643799859836019095e+03 7.598916497579491254e-14 1.011114698474943449e-15
3.649294167639563966e+03 6.700900976402835119e-14 9.561270279860124317e-16
3.654788475443108837e+03 6.184057455705103810e-14 9.291121752082249906e-16
3.660282783246653707e+03 5.594940154252630620e-14 8.920174050752146542e-16
3.665777091050198578e+03 5.142060360750390558e-14 8.592020541297626329e-16
3.671271398853743449e+03 4.906571586678324219e-14 8.587525802717087718e-16
3.676765706657288320e+03 4.404990894124414696e-14 8.243745483125415160e-16
3.682260014460833190e+03 3.964919911946311942e-14 8.150921729959368348e-16
3.687754322264378061e+03 3.670492999713100108e-14 7.665851210871325558e-16
3.693248630067922932e+03 3.585329978375137664e-14 7.706773565441244363e-16
3.698742937871467802e+03 3.530219929721218779e-14 7.737098687169644062e-16
3.704237245675012673e+03 3.395656203796754261e-14 7.459742433144187128e-16
3.709731553478557544e+03 3.262980664667386956e-14 7.268253184478088580e-16
3.715225861282102414e+03 3.313711740832059522e-14 7.158063324917948204e-16
3.720720169085647285e+03 3.287742495963519047e-14 7.120852481014624298e-16
3.726214476889192156e+03 3.326983501796116806e-14 7.146778816348951910e-16
3.731708784692737026e+03 3.254729335144786956e-14 7.048482419937823621e-16
3.737203092496281897e+03 3.328117972084606300e-14 6.978396456530093745e-16
3.742697400299826768e+03 3.373564832036906477e-14 7.005596165591355165e-16
3.748191708103371639e+03 3.732438150976568997e-14 7.123967455856836593e-16
3.753686015906916509e+03 3.818757129370325976e-14 7.162556285954881073e-16
3.759180323710461380e+03 4.380091214317644313e-14 7.414840853474249182e-16
3.764674631514006251e+03 4.767702204244189510e-14 7.609007491256409317e-16
3.770168939317551121e+03 5.153508169052634152e-14 7.672538630288171362e-16
3.775663247121095992e+03 5.273948309679021281e-14 7.757385640518211618e-16
3.781157554924640863e+03 5.310495964112259864e-14 7.918627859603776114e-16
3.786651862728185733e+03 5.310495964112259864e-14 7.727833148782296569e-16
3.792146170531730604e+03 5.428220140325318480e-14 7.618551623722550222e-16
3.797640478335275475e+03 5.438363840132560088e-14 7.608354685754109621e-16
3.803134786138820346e+03 5.485180827808731888e-14 7.549779931315262064e-16
3.808629093942365216e+03 5.552259951926897707e-14 7.599918168870061849e-16
3.814123401745910087e+03 5.552259951926897707e-14 7.637552834932302827e-16
3.819617709549454958e+03 5.552259951926897707e-14 7.549738679863688511e-16
3.825112017352999828e+03 5.552259951926897707e-14 7.405143367672882268e-16
3.830606325156544699e+03 5.844189337053284687e-14 7.545028356723158924e-16
3.836100632960089570e+03 5.844189337053284687e-14 7.430566698215902284e-16
3.841594940763634440e+03 5.986397028281220227e-14 7.435903066619819802e-16
3.847089248567179311e+03 6.180807423681055033e-14 7.495853402034929510e-16
3.852583556370724182e+03 6.590726018534899873e-14 7.624684466053683545e-16
3.858077864174269052e+03 7.183461359886701677e-14 7.850064507570152395e-16
3.863572171977813923e+03 7.608210361903381502e-14 8.009023325169874609e-16
3.869066479781358794e+03 8.190745896935045482e-14 8.340016755980423918e-16
3.874560787584903665e+03 8.576187663598317882e-14 8.373400358680226119e-16
3.880055095388448535e+03 8.782182969921875663e-14 8.440194478332677566e-16
3.885549403191993406e+03 8.967946030474289875e-14 8.378018164707893428e-16
3.891043710995538277e+03 9.126369410592964159e-14 8.461910298785014796e-16
3.896538018799083147e+03 9.183079420294394118e-14 8.453914651530494183e-16
3.902032326602628018e+03 9.183079420294394118e-14 8.328227005385950778e-16
3.907526634406172889e+03 9.229771842011553891e-14 8.353067937158924592e-16
3.913020942209717759e+03 9.229771842011553891e-14 8.362541020311471093e-16
3.918515250013262630e+03 9.229771842011553891e-14 8.281085663018827132e-16
3.924009557816807501e+03 9.510018605962676265e-14 8.326007250832768192e-16
3.929503865620352371e+03 9.603114350425620876e-14 8.330351954341078890e-16
3.934998173423897242e+03 9.603114350425620876e-14 8.289522998074633797e-16
3.940492481227442113e+03 9.603114350425620876e-14 8.364148590741733466e-16
3.945986789030986984e+03 9.603114350425620876e-14 8.449350989348219005e-16
3.951481096834531854e+03 9.628241957207756854e-14 8.199389047113319984e-16
3.956975404638076725e+03 9.384225040947861765e-14 8.085174640048492409e-16
3.962469712441621596e+03 1.030575035039402811e-13 8.373834412260347831e-16
3.967964020245166466e+03 1.006861663922169914e-13 8.256555267997567770e-16
3.973458328048711337e+03 9.985169302847773027e-14 8.159443556999071811e-16
3.978952635852256208e+03 9.790473735022207254e-14 8.064530123086838453e-16
3.984446943655801078e+03 9.706499256974393641e-14 8.078653646272898434e-16
3.989941251459345949e+03 8.659953237037597628e-14 7.690909822658940487e-16
3.995435559262890820e+03 9.015442297032695760e-14 7.756738618478949710e-16
4.000929867066435691e+03 9.138297887774157755e-14 7.762474886593784204e-16
4.006424174869980561e+03 9.237227503908100462e-14 7.787010095311176713e-16
4.011918482673525432e+03 9.529343486601597348e-14 7.933104585626751992e-16
4.017412790477070303e+03 9.529343486601597348e-14 7.838553673167636127e-16
4.022907098280615173e+03 9.666222000618003051e-14 7.890020511292904047e-16
4.028401406084160044e+03 9.741260739326329425e-14 8.016176282242624967e-16
4.033895713887704915e+03 9.741260739326329425e-14 7.866746893108253422e-16
4.039390021691249785e+03 9.950412087816983800e-14 7.973780757721698937e-16
4.044884329494794656e+03 1.018510196292027178e-13 8.224458568932549705e-16
4.050378637298339527e+03 1.031460625339914294e-13 8.106653553417573866e-16
4.055872945101884397e+03 1.054258618580142751e-13 8.060420239565559400e-16
4.061367252905429268e+03 1.059061916659315597e-13 8.069237210822849428e-16
4.066861560708974139e+03 1.059061916659315597e-13 8.041638950261912908e-16
4.072355868512519010e+03 1.084991909639754413e-13 8.177437527610790053e-16
4.077850176316063880e+03 1.085504111584792881e-13 8.089156656739841497e-16
4.083344484119608751e+03 1.105131521054148150e-13 8.128167271647378227e-16
4.088838791923153622e+03 1.095126681006033723e-13 8.075891296123299206e-16
4.094333099726698492e+03 1.092889599429764306e-13 8.096665500267341315e-16
4.099827407530243363e+03 1.098494047343052795e-13 8.087223872995983858e-16
4.105321715333788234e+03 1.053258824948592750e-13 7.910817392403855314e-16
4.110816023137333104e+03 1.049382614536233528e-13 7.901352641355466179e-16
4.116310330940877975e+03 1.049382614536233528e-13 7.953773638065248423e-16
4.121804638744422846e+03 1.029294959542977022e-13 7.806990741026315868e-16
4.127298946547967716e+03 1.005256506521602742e-13 7.684353783250930529e-16
4.132793254351512587e+03 9.812412920601595796e-14 7.564555537334557935e-16
4.138287562155057458e+03 9.585780847933152380e-14 7.479024253149435871e-16
4.143781869958602329e+03 9.616519307966846033e-14 7.474046096748658844e-16
4.149276177762147199e+03 9.563124590520208801e-14 7.418459496802385396e-16
4.154770485565692070e+03 9.585780847933152380e-14 7.455858883966534264e-16
4.160264793369236941e+03 9.433654184941177602e-14 7.303186010559639405e-16
4.165759101172781811e+03 9.563124590520208801e-14 7.383821673084745157e-16
4.171253408976326682e+03 9.433654184941177602e-14 7.394914056320827435e-16
4.176747716779871553e+03 9.433654184941177602e-14 7.430195801431206367e-16
4.182242024583416423e+03 9.433654184941177602e-14 7.289298575989215994e-16
4.187736332386961294e+03 9.300179469773782780e-14 7.214291330596395495e-16
4.193230640190506165e+03 9.099044901295979845e-14 7.085285701942895964e-16
4.198724947994051035e+03 8.732210284268783901e-14 6.952389060896298361e-16
4.204219255797595906e+03 8.568304610104492963e-14 6.873116277930333513e-16
4.209713563601140777e+03 8.256079937495922470e-14 6.791785322798863031e-16
4.215207871404685648e+03 7.919672421313304079e-14 6.629302365855925354e-16
4.220702179208230518e+03 7.769871157207150106e-14 6.546435711797992401e-16
4.226196487011775389e+03 7.584234942267643938e-14 6.460528764657487155e-16
4.231690794815320260e+03 7.187897641911406205e-14 6.289534040729246221e-16
4.237185102618865130e+03 6.876569434002864728e-14 6.190835914062214166e-16
4.242679410422410001e+03 6.822912792676555746e-14 6.230035179867065933e-16
4.248173718225954872e+03 6.541133279409301795e-14 6.016451461086997382e-16
4.253668026029499742e+03 6.282649995628392360e-14 5.909580527031411473e-16
4.259162333833044613e+03 5.984737349391206518e-14 5.756651680638502898e-16
4.264656641636589484e+03 5.744155377753303675e-14 5.691151382107165946e-16
4.270150949440134355e+03 5.584767523718437755e-14 5.578453183708719081e-16
4.275645257243679225e+03 5.176648425042418966e-14 5.376199598732909473e-16
4.281139565047224096e+03 5.176648425042418966e-14 5.383373033574821204e-16
4.286633872850768967e+03 5.176648425042418966e-14 5.409302631427495161e-16
4.292128180654313837e+03 4.995646594054673557e-14 5.250517982554230577e-16
4.297622488457858708e+03 4.967657127655028749e-14 5.225414235708617648e-16
4.303116796261403579e+03 4.967846638227138720e-14 5.223144694737040366e-16
4.308611104064948449e+03 5.032986033464797800e-14 5.230786775376418324e-16
4.314105411868493320e+03 5.221353251056826599e-14 5.327715200007358099e-16
4.319599719672038191e+03 5.297746194136617264e-14 5.352972691157838955e-16
4.325094027475583061e+03 5.409912020700339839e-14 5.364441717658634940e-16
4.330588335279127932e+03 5.638261146362448953e-14 5.464566660513037048e-16
4.336082643082672803e+03 5.799657731906785345e-14 5.479809173131048636e-16
4.341576950886217674e+03 6.128781247646918421e-14 5.599168126708407632e-16
4.347071258689762544e+03 6.169121243656785198e-14 5.592164486278182566e-16
4.352565566493307415e+03 6.396794733147185641e-14 5.667990240100883658e-16
4.358059874296852286e+03 6.689731047552977364e-14 6.305636149728538909e-16
4.363554182100397156e+03 6.799422073086932290e-14 6.382468962661335212e-16
4.369048489903942027e+03 6.901390878295278281e-14 5.821533186232496727e-16
4.374542797707486898e+03 7.159303897191350011e-14 5.899008993034162141e-16
4.380037105511031768e+03 7.494782550782107202e-14 5.998878186559476343e-16
4.385531413314576639e+03 7.599654943860573016e-14 6.018474182941857945e-16
4.391025721118121510e+03 7.752097072057994155e-14 6.070282120917874093e-16
4.396520028921666380e+03 7.876324730121850864e-14 6.088220675029385297e-16
4.402014336725211251e+03 7.843761246098099796e-14 6.067634745788298135e-16
4.407508644528756122e+03 7.759589436366247882e-14 6.030715058574033343e-16
4.413002952332300993e+03 7.500418853923102071e-14 5.994919874219721329e-16
4.418497260135845863e+03 7.298485595043136808e-14 5.870739978182213244e-16
4.423991567939390734e+03 7.118023680432685880e-14 5.804892819189863150e-16
4.429485875742935605e+03 7.129418223719402449e-14 5.798753272060048732e-16
4.434980183546480475e+03 6.968970651469434874e-14 5.688535738805096525e-16
4.440474491350025346e+03 7.027446454235627784e-14 5.729823847638000158e-16
4.445968799153570217e+03 7.027130388972203411e-14 5.688012608723842782e-16
4.451463106957115087e+03 7.129418223719402449e-14 5.710015238859017335e-16
4.456957414760659958e+03 7.536386246788643399e-14 5.894888762010348566e-16
4.462451722564204829e+03 7.638370731586166740e-14 5.881218578354325714e-16
4.467946030367749700e+03 8.076010605239681765e-14 6.017181308898064901e-16
4.473440338171294570e+03 8.129568505834245371e-14 6.012422417426826588e-16
4.478934645974839441e+03 8.294748623951642263e-14 6.068407191925446419e-16
4.484428953778384312e+03 8.468900283238287235e-14 6.118554542433852403e-16
4.489923261581929182e+03 8.468900283238287235e-14 6.116621023734075261e-16
4.495417569385474053e+03 8.502135390822080097e-14 6.117038738728227368e-16
4.500911877189018924e+03 8.587631648221421556e-14 6.159677958436358872e-16
4.506406184992563794e+03 8.763331734414985046e-14 6.226927953199837329e-16
4.511900492796108665e+03 8.727428730718645788e-14 6.185168643948884781e-16
4.517394800599653536e+03 8.745052282710646255e-14 6.202918529185406347e-16
4.522889108403198406e+03 8.811690166683311338e-14 6.226558278559459784e-16
4.528383416206743277e+03 8.579913844253240284e-14 6.119055761891428573e-16
4.533877724010288148e+03 8.556691366746474344e-14 6.123934160899421474e-16
4.539372031813833019e+03 8.556691366746474344e-14 6.153120129211000315e-16
4.544866339617377889e+03 8.426407305888682973e-14 6.076631212090744165e-16
4.550360647420922760e+03 8.405712633671829475e-14 6.072339886928725472e-16
4.555854955224467631e+03 8.297491925304672742e-14 6.048545940947512651e-16
4.561349263028012501e+03 8.304557703942438212e-14 6.035931841325009343e-16
4.566843570831557372e+03 8.295537935965053416e-14 6.017123192349802915e-16
4.572337878635102243e+03 8.304557703942438212e-14 6.017736650824269373e-16
4.577832186438647113e+03 8.297491925304672742e-14 6.037509358715687590e-16
4.583326494242191984e+03 8.295537935965053416e-14 6.015502321747180773e-16
4.588820802045736855e+03 8.295537935965053416e-14 6.064226421573075012e-16
4.594315109849281725e+03 8.253885287941901894e-14 6.014677222292509125e-16
4.599809417652826596e+03 8.191340433468137731e-14 5.978152675893848268e-16
4.605303725456371467e+03 8.191340433468137731e-14 5.990112166535803742e-16
4.610798033259916338e+03 8.191340433468137731e-14 6.049203076941053593e-16
4.616292341063461208e+03 8.120154703096615070e-14 6.009380419007064292e-16
4.621786648867006079e+03 8.120154703096615070e-14 6.029813855666251168e-16
4.627280956670550950e+03 8.075545563150927447e-14 6.022511069120686452e-16
4.632775264474095820e+03 8.075545563150927447e-14 5.972153777467459423e-16
4.638269572277640691e+03 8.011654989667323769e-14 6.109025283245945938e-16
4.643763880081185562e+03 7.732584376787468799e-14 6.668686913792727726e-16
4.649258187884730432e+03 7.364260808158359065e-14 5.919322988065162796e-16
4.654752495688275303e+03 7.037885221638283347e-14 5.610499545018021170e-16
4.660246803491820174e+03 6.852731789726900713e-14 5.555364104564683538e-16
4.665741111295365044e+03 6.709669277629321673e-14 5.552968633067025166e-16
4.671235419098909915e+03 6.655430952297878751e-14 5.484649522659203547e-16
4.676729726902454786e+03 6.533500097358562985e-14 5.454128457237712053e-16
4.682224034705999657e+03 6.379545074209220937e-14 5.391650746496098197e-16
4.687718342509544527e+03 6.401136122177171954e-14 5.437758769670988063e-16
4.693212650313089398e+03 6.394833975958079670e-14 5.417961271347691897e-16
4.698706958116634269e+03 6.394833975958079670e-14 5.474849306513319537e-16
4.704201265920179139e+03 6.394833975958079670e-14 5.481412151148285131e-16
4.709695573723724010e+03 6.355379141381474377e-14 5.398571826897784124e-16
4.715189881527268881e+03 6.355379141381474377e-14 5.431266681439191727e-16
4.720684189330813751e+03 6.355379141381474377e-14 5.429384796275024252e-16
4.726178497134358622e+03 6.329319122584223196e-14 5.405649249735254854e-16
4.731672804937903493e+03 6.196377541220446440e-14 5.358783990669123800e-16
4.737167112741448364e+03 6.045579802477569876e-14 5.324789438236702600e-16
4.742661420544993234e+03 5.935483038336776600e-14 5.289416625683633455e-16
4.748155728348538105e+03 5.771206269935202214e-14 5.244852576158041250e-16
4.753650036152082976e+03 5.771206269935202214e-14 5.220367561809436990e-16
4.759144343955627846e+03 5.667844471776051894e-14 5.796582064522319514e-16
4.764638651759172717e+03 5.692809489265948123e-14 5.195366214463287185e-16
4.770132959562717588e+03 5.700477373436524750e-14 5.210527012527574269e-16
4.775627267366262458e+03 5.735135061596121169e-14 5.227611549465859595e-16
4.781121575169807329e+03 5.902284527170995805e-14 5.268188971606992403e-16
4.786615882973352200e+03 6.008404288712789380e-14 5.292193504900379958e-16
4.792110190776897070e+03 6.059157565149815647e-14 5.339142534754708391e-16
4.797604498580441941e+03 6.059157565149815647e-14 5.389069344632769612e-16
4.803098806383986812e+03 6.059157565149815647e-14 5.332851855218245992e-16
4.808593114187531683e+03 6.059157565149815647e-14 5.369428022004618154e-16
4.814087421991076553e+03 6.059157565149815647e-14 5.313344325367996595e-16
4.819581729794621424e+03 5.949103389806119521e-14 5.254595663637634476e-16
4.825076037598166295e+03 5.849373710905862024e-14 5.235083864234470400e-16
4.830570345401711165e+03 5.810184884435212811e-14 5.216486007405060606e-16
4.836064653205256036e+03 5.610340151386970057e-14 5.151922798670302758e-16
4.841558961008800907e+03 5.425055748287585533e-14 5.071234438421929078e-16
4.847053268812345777e+03 5.323894475017373676e-14 5.035910346250159307e-16
4.852547576615890648e+03 5.137161690878093902e-14 4.955659913268731308e-16
4.858041884419435519e+03 4.950901799319806456e-14 4.889989867452026441e-16
4.863536192222980389e+03 4.803813956037410005e-14 4.847528327615276253e-16
4.869030500026525260e+03 4.547675206918974368e-14 4.699236020276915165e-16
4.874524807830070131e+03 4.599648809478245271e-14 4.764051526253914818e-16
4.880019115633615002e+03 4.552049681904311192e-14 4.741160278791701615e-16
4.885513423437159872e+03 4.550766954544643439e-14 4.702286314153268068e-16
4.891007731240704743e+03 4.552049681904311192e-14 4.723366271586851450e-16
4.896502039044249614e+03 4.542085422608557407e-14 4.709943555858157919e-16
4.901996346847794484e+03 4.552049681904311192e-14 4.784042717434281216e-16
4.907490654651339355e+03 4.552049681904311192e-14 4.786204310134571943e-16
4.912984962454884226e+03 4.552049681904311192e-14 4.746128099167705616e-16
4.918479270258429096e+03 4.501586156828023184e-14 4.663714212862839174e-16
4.923973578061973967e+03 4.509396389504289558e-14 4.658346019007828124e-16
4.929467885865518838e+03 4.557653235681161930e-14 4.663274031459043216e-16
4.934962193669063709e+03 4.630722942163517356e-14 4.763011799051750275e-16
4.940456501472608579e+03 4.630722942163517356e-14 4.782674358275910644e-16
4.945950809276153450e+03 4.630722942163517356e-14 4.725494716085664235e-16
4.951445117079698321e+03 4.630722942163517356e-14 4.851264189186363835e-16
4.956939424883243191e+03 4.630722942163517356e-14 4.664572773660181755e-16
4.962433732686788062e+03 4.583933474318798261e-14 4.658879661483255270e-16
4.967928040490332933e+03 4.515974044162421054e-14 4.944485312888333999e-16
4.973422348293877803e+03 4.577657022918798033e-14 4.583815000917243991e-16
4.978916656097422674e+03 4.583933474318798261e-14 4.608094237108358100e-16
4.984410963900967545e+03 4.583933474318798261e-14 4.608838907274713517e-16
4.989905271704512415e+03 4.529516753485815652e-14 4.558504603660513964e-16
4.995399579508057286e+03 4.489762681424536501e-14 4.529538800231163714e-16
5.000893887311602157e+03 4.606877768821916579e-14 4.584804387033359459e-16
5.006388195115147028e+03 4.735407203470538055e-14 4.614420329480064231e-16
5.011882502918691898e+03 4.807826033929515232e-14 4.624036931594364463e-16
5.017376810722236769e+03 4.902845048594793714e-14 4.680928484882003956e-16
5.022871118525781640e+03 5.007602759915658951e-14 4.673351081665015880e-16
5.028365426329326510e+03 5.036169613020349632e-14 4.700381391825192027e-16
5.033859734132871381e+03 5.036169613020349632e-14 4.738558928691328890e-16
5.039354041936416252e+03 5.036169613020349632e-14 4.788978870774909678e-16
5.044848349739961122e+03 5.298878431099610056e-14 4.740932550654958513e-16
5.050342657543505993e+03 5.353070309188698500e-14 4.758659470675719119e-16
5.055836965347050864e+03 5.600951828667121142e-14 4.869407526526800275e-16
5.061331273150595734e+03 5.624128187588979952e-14 4.828191354321719074e-16
5.066825580954140605e+03 5.838539835996980199e-14 5.311685376782526649e-16
5.072319888757685476e+03 6.018044424030413209e-14 4.954901601258814553e-16
5.077814196561230347e+03 6.111402591515557240e-14 4.971355851690511510e-16
5.083308504364775217e+03 6.282001723282368270e-14 5.045192347119535557e-16
5.088802812168320088e+03 6.493660372298057982e-14 5.094261158649831093e-16
5.094297119971864959e+03 6.570417726464035354e-14 5.112537062605864129e-16
5.099791427775409829e+03 6.777484891650112010e-14 5.144426209128284785e-16
5.105285735578954700e+03 6.825122678343329570e-14 5.160529482075034473e-16
5.110780043382499571e+03 6.918264448849968474e-14 5.203384417427143125e-16
5.116274351186044441e+03 6.918264448849968474e-14 5.227873230059393433e-16
5.121768658989589312e+03 6.918264448849968474e-14 5.183886172356838518e-16
5.127262966793134183e+03 6.918264448849968474e-14 5.278859616471431701e-16
5.132757274596679054e+03 6.918264448849968474e-14 5.216912360964467231e-16
5.138251582400223924e+03 6.918264448849968474e-14 5.170681181000102496e-16
5.143745890203768795e+03 6.880538853755817838e-14 5.099770445359005031e-16
5.149240198007313666e+03 6.878566129150707118e-14 5.093209039308779130e-16
5.154734505810858536e+03 6.768365792221964575e-14 5.063321725660177862e-16
5.160228813614403407e+03 6.768365792221964575e-14 5.036257641058734310e-16
5.165723121417948278e+03 6.643883156222373676e-14 4.988512229208310507e-16
5.171217429221493148e+03 6.753862258568997213e-14 5.025076339093851914e-16
5.176711737025038019e+03 6.761471315523688821e-14 5.037668762090511868e-16
5.182206044828582890e+03 6.731541278815108487e-14 5.002811075484475117e-16
5.187700352632127760e+03 6.802243719547702488e-14 5.052758148069829559e-16
5.193194660435672631e+03 6.802243719547702488e-14 4.996268400612728699e-16
5.198688968239217502e+03 6.802243719547702488e-14 5.014889039195072661e-16
5.204183276042762373e+03 6.802243719547702488e-14 5.009995382737303956e-16
5.209677583846307243e+03 6.802243719547702488e-14 5.046638399032210641e-16
5.215171891649852114e+03 6.802243719547702488e-14 5.010645199126121342e-16
5.220666199453396985e+03 6.706119951375882800e-14 5.110387351515769095e-16
5.226160507256941855e+03 6.669932047452822569e-14 4.944794726713912697e-16
5.231654815060486726e+03 6.594070452212262943e-14 4.898841413532551167e-16
5.237149122864031597e+03 6.395707474943606946e-14 4.818563535444555565e-16
5.242643430667576467e+03 6.135611943472106398e-14 4.714686865331854723e-16
5.248137738471121338e+03 5.905268031316638995e-14 4.639710026772325322e-16
5.253632046274666209e+03 5.735084236558788326e-14 4.579075294913011035e-16
5.259126354078211079e+03 5.554529895578425290e-14 4.510467881935121645e-16
5.264620661881755950e+03 5.271387118402422302e-14 4.465585751917499614e-16
5.270114969685300821e+03 5.095962156495468710e-14 4.331286434991961676e-16
5.275609277488845692e+03 5.058679715621557988e-14 4.403025019534402054e-16
5.281103585292390562e+03 4.928738454759382571e-14 4.277089707667481876e-16
5.286597893095935433e+03 4.827267588084629319e-14 3.630802502051656421e-16
5.291000000000000000e+03 4.761708559487274258e-14 3.124160870482414681e-16
5.292092200899480304e+03 4.743465389904230182e-14 3.615477866129501024e-16
5.297586508703025174e+03 4.745809894708112352e-14 2.879443740799049855e-16
5.300759630868682507e+03 4.760133759762661983e-14 2.539736846585068377e-16
5.303080816506570045e+03 4.738991737031967919e-14 3.072306180002072850e-16
5.308575124310114916e+03 4.767481411361430800e-14 3.113560646337050736e-16
5.310519261737365014e+03 4.767481411361430800e-14 2.594472250607382094e-16
5.314069432113659786e+03 4.767481411361430800e-14 2.653051864571138479e-16
5.319563739917204657e+03 4.767481411361430800e-14 3.525103026205389597e-16
5.320278892606047521e+03 4.767481411361430800e-14 3.280785540151182159e-16
5.325058047720749528e+03 4.767481411361430800e-14 3.051685269702372600e-16
5.330038523474730027e+03 4.722421088888565241e-14 3.132257436823255860e-16
5.330552355524294398e+03 4.713393234060914485e-14 3.324772453233068854e-16
5.336046663327839269e+03 4.824207086355641297e-14 2.710904477690277998e-16
5.339798154343412534e+03 4.867382218939463184e-14 2.616610202476817740e-16
5.341540971131384140e+03 4.903775374379125511e-14 3.110023252659319141e-16
5.347035278934929011e+03 4.937909777334680555e-14 3.012618540259203225e-16
5.349557785212095041e+03 4.968348853827472582e-14 2.559135942479560169e-16
5.352529586738473881e+03 5.046281023581571690e-14 2.910787226670357962e-16
5.358023894542018752e+03 5.149599832665266212e-14 3.228575341391662700e-16
5.359317416080777548e+03 5.167385713222220895e-14 2.816484914186627773e-16
5.363518202345563623e+03 5.181022585088709394e-14 2.735392140955752093e-16
5.369012510149108493e+03 5.181022585088709394e-14 3.264216533016735695e-16
5.369077046949460055e+03 5.181249475393270143e-14 3.242604084537552115e-16
5.374506817952653364e+03 5.213677530456692008e-14 2.738315907262296034e-16
5.378836677818142562e+03 5.270638431755732491e-14 2.897218967656349923e-16
5.380001125756198235e+03 5.282197599865460091e-14 3.284276464869730013e-16
5.385495433559743105e+03 5.315488937927299795e-14 2.976260610451725477e-16
5.388596308686825068e+03 5.300637362439663664e-14 2.666331408166504361e-16
5.390989741363287976e+03 5.244831613763279582e-14 3.201833398026130962e-16
5.396484049166832847e+03 5.206748133383188546e-14 3.262531167581744894e-16
5.398355939555507575e+03 5.206748133383188546e-14 2.702815175869695471e-16
5.401978356970377718e+03 5.206748133383188546e-14 2.798588193231009804e-16
5.407472664773922588e+03 5.187290873523796943e-14 3.201525768963457529e-16
5.408115570424190082e+03 5.186420005117048551e-14 2.995164916476325124e-16
5.412966972577467459e+03 5.104356372245744529e-14 2.632350277570719425e-16
5.417875201292872589e+03 5.076064274444725454e-14 3.045676905907016675e-16
5.418461280381012330e+03 5.070340626689471684e-14 3.228392973525640803e-16
5.423955588184557200e+03 5.038738758246670549e-14 2.647499546079813131e-16
5.427634832161555096e+03 5.011521772138312706e-14 2.587827436913768228e-16
5.429449895988102071e+03 4.995393734324940546e-14 3.076130409160886661e-16
5.434944203791646942e+03 4.841008647657946357e-14 2.896030283444347355e-16
5.437394463030237603e+03 4.807172538523165523e-14 2.453128907049570270e-16
5.440438511595191812e+03 4.680237029870643144e-14 2.661995165003143462e-16
5.445932819398736683e+03 4.600912995706020871e-14 2.938890288013432154e-16
5.447154093898920109e+03 4.588090887192437698e-14 2.606027169128729047e-16
5.451427127202281554e+03 4.497856560968893549e-14 2.380970680933865461e-16
5.456913724767602616e+03 4.441747410292565670e-14 2.847674907442626529e-16
5.456921435005826424e+03 4.441700041915255085e-14 2.849644933301153522e-16
5.462415742809371295e+03 4.332543477157439278e-14 2.274616492948847667e-16
5.466673355636285123e+03 4.339954350912842715e-14 2.479219417120831037e-16
5.467910050612916166e+03 4.338604118140602922e-14 2.775788556021389344e-16
5.473404358416461037e+03 4.392657969699246701e-14 2.487790040135245602e-16
5.476432986504967630e+03 4.392657969699246701e-14 2.438196167268267828e-16
5.478898666220005907e+03 4.389212651217023858e-14 2.817664473319360338e-16
5.484392974023550778e+03 4.575128360171861547e-14 2.777965111517724549e-16
5.486192617373650137e+03 4.577903568101521830e-14 2.379390199668802724e-16
5.489887281827095649e+03 4.652241207677413456e-14 2.325735882022493475e-16
5.495381589630640519e+03 4.794238691186948338e-14 2.834890671326010179e-16
5.495952248242332644e+03 4.803860293374703282e-14 2.700889072634472546e-16
5.500875897434185390e+03 4.928163631120438521e-14 2.329487765772298003e-16
5.505711879111015151e+03 5.018168078807465798e-14 2.726118163797127681e-16
5.506370205237730261e+03 5.024923214209704143e-14 2.887906136179257448e-16
5.511864513041275131e+03 5.123107440159633463e-14 2.432033184588476428e-16
5.515471509979697657e+03 5.175782695895338205e-14 2.490873857531816614e-16
5.517358820844820002e+03 5.203869798640701082e-14 2.919557022679119939e-16
5.522853128648364873e+03 5.388395134693728543e-14 2.840192239515915505e-16
5.525231140848380164e+03 5.393691268678833955e-14 2.458131148772658905e-16
5.528347436451909743e+03 5.430468468266987316e-14 2.581364497043794422e-16
5.533841744255454614e+03 5.532757634501221422e-14 2.967077025942959094e-16
5.534990771717062671e+03 5.545060086803477121e-14 2.685119788377108186e-16
5.539336052058999485e+03 5.653005737159777847e-14 2.419974401794937671e-16
5.544750402585745178e+03 5.746459628512625923e-14 3.015243272706274274e-16
5.544830359862544356e+03 5.746777231256825242e-14 3.034886636726068003e-16
5.550324667666089226e+03 5.768117167522081929e-14 2.455567405195510258e-16
5.554510033454427685e+03 5.783301748743142080e-14 2.714939947756246580e-16
5.555818975469634097e+03 5.783301748743142080e-14 3.031642596757266967e-16
5.561313283273178968e+03 5.790561804400273344e-14 2.703543862416983672e-16
5.564269664323110192e+03 5.806020524779508337e-14 2.524945070534105216e-16
5.566807591076723838e+03 5.808331889050314566e-14 2.849761117145815930e-16
5.572301898880268709e+03 5.818911103326553706e-14 3.026158954370990755e-16
5.574029295191792698e+03 5.821152248949716827e-14 2.619198885958814721e-16
5.577796206683813580e+03 5.840628525216811673e-14 2.503485673903879518e-16
5.583290514487358450e+03 5.870450591644044640e-14 3.027398977010290567e-16
5.583788926060475205e+03 5.876467382696310613e-14 2.905696089775580488e-16
5.588784822290903321e+03 5.935919525080011037e-14 2.457006243389444367e-16
5.593548556929157712e+03 6.020976004469121263e-14 2.925239666760600714e-16
5.594279130094448192e+03 6.026409713027126653e-14 3.115794812814854811e-16
5.599773437897993063e+03 6.062187190741241984e-14 2.574118677727862125e-16
5.603308187797840219e+03 6.081517466329721856e-14 2.646586394183691505e-16
5.605267745701537933e+03 6.081734935201293855e-14 3.090160013784225819e-16
5.610762053505082804e+03 6.102258283821612394e-14 2.989655243165056403e-16
5.613067818666522726e+03 6.108803424016801673e-14 2.613897099377057215e-16
5.616256361308627675e+03 6.101262300119505293e-14 2.730332845701609058e-16
5.621750669112172545e+03 6.043659268405558489e-14 3.359163808066026379e-16
5.622827449535205233e+03 6.052272638959192571e-14 3.026156448445819968e-16
5.627244976915717416e+03 6.043659268405558489e-14 2.792125155635966407e-16
5.632587080403887740e+03 6.043659268405558489e-14 3.371208561948025515e-16
5.632739284719262287e+03 6.043659268405558489e-14 3.421146824255262024e-16
5.638233592522807157e+03 5.976835198775537739e-14 2.680614425577720291e-16
5.642346711272570246e+03 5.976835198775537739e-14 2.869450136075969682e-16
5.643727900326352028e+03 5.976835198775537739e-14 3.231312588651284381e-16
5.649222208129896899e+03 5.942292006420307182e-14 2.713217215690607340e-16
5.652106342141252753e+03 5.968676309145960392e-14 2.554227583524565675e-16
5.654716515933441769e+03 5.951324790408057161e-14 2.806743931419238087e-16
5.660210823736986640e+03 5.960141623128663722e-14 3.011253038550193087e-16
5.661865973009935260e+03 5.958779640272249853e-14 2.648505283102929821e-16
5.665705131540531511e+03 5.968676309145960392e-14 2.450207939206347955e-16
5.671199439344076382e+03 5.955604351498268674e-14 3.023365548991097460e-16
5.671625603878617767e+03 5.953458064988206237e-14 2.926662886941139957e-16
5.676693747147621252e+03 5.922656832256386402e-14 2.376934823871355374e-16
5.681385234747300274e+03 5.930274043150207718e-14 2.823646920840643217e-16
5.682188054951166123e+03 5.923140174498490091e-14 3.002761631547195170e-16
5.687682362754710994e+03 5.923140174498490091e-14 2.537649806765978597e-16
5.691144865615982781e+03 5.922738838142613162e-14 3.929366753886777222e-16
5.700904496484665287e+03 5.922738838142613162e-14 3.811258822340645802e-16
5.710664127353347794e+03 5.922738838142613162e-14 4.557299690243637694e-16
5.720423758222030301e+03 5.838616279908222109e-14 4.510070046537236414e-16
5.730183389090712808e+03 5.732179812891602175e-14 3.778065259016194547e-16
5.739943019959395315e+03 5.619862305759993321e-14 3.687466931294422536e-16
5.749702650828077822e+03 5.586327459630275272e-14 3.668548993611307807e-16
5.759462281696760328e+03 5.496406794920217264e-14 4.182708987306466057e-16
5.769221912565442835e+03 5.314836611608727847e-14 3.684488618499815322e-16
5.778981543434125342e+03 5.256624714846061594e-14 3.534898708922744314e-16
5.788741174302807849e+03 5.310294964028361883e-14 3.529525030988734585e-16
5.798500805171490356e+03 5.354521651409830381e-14 3.553824876976330899e-16
5.808260436040172863e+03 5.373740930656976239e-14 3.631839810177892669e-16
5.818020066908855370e+03 5.373740930656976239e-14 3.569063987782585487e-16
5.827779697777537876e+03 5.396487718183626023e-14 3.580883034137710903e-16
5.837539328646220383e+03 5.396487718183626023e-14 3.574402861775180735e-16
5.847298959514902890e+03 5.401703958052994365e-14 3.518640110938663125e-16
5.857058590383585397e+03 5.396487718183626023e-14 3.508441191262349769e-16
5.866818221252267904e+03 5.436521949236463304e-14 3.532159235230869146e-16
5.876577852120950411e+03 5.471785459154787352e-14 3.525181817231645288e-16
5.886337482989632917e+03 5.466910028753598820e-14 3.510810247987196652e-16
5.896097113858315424e+03 5.549562485298126373e-14 3.547322356150759714e-16
5.905856744726997931e+03 5.529395040530190164e-14 3.520881949708149544e-16
5.915616375595680438e+03 5.112901261573436722e-14 3.425602234173063916e-16
5.925376006464362945e+03 4.881233456397193840e-14 3.342176625760429494e-16
5.935135637333045452e+03 5.412518478645094908e-14 3.502274433509900029e-16
5.944895268201727959e+03 5.445907258314478016e-14 4.244814960323746482e-16
5.954654899070410465e+03 5.445907258314478016e-14 4.406033663013995496e-16
5.964414529939092972e+03 5.445907258314478016e-14 3.498225266244850132e-16
5.974174160807775479e+03 5.445907258314478016e-14 3.531347824113782891e-16
5.983933791676457986e+03 5.445907258314478016e-14 3.519823170982983493e-16
5.993693422545140493e+03 5.369123593309372895e-14 3.488918879056949827e-16
6.003453053413823000e+03 5.205774868320181221e-14 4.089063684932959695e-16
6.013212684282505506e+03 5.133546740933244618e-14 4.228564787948086554e-16
6.022972315151188013e+03 5.088552365233692264e-14 3.419129760140472904e-16
6.032731946019870520e+03 5.088552365233692264e-14 3.380738619509201055e-16
6.042491576888553027e+03 4.925295594929091292e-14 3.322470306502158079e-16
6.052251207757235534e+03 4.707693469312409221e-14 3.244388083197942319e-16
6.062010838625918041e+03 4.642079469037459518e-14 3.303422191873869902e-16
6.071770469494600547e+03 4.460908243503665112e-14 3.148388074665365420e-16
6.081530100363283054e+03 4.215066522570166488e-14 3.060324147470412728e-16
6.091289731231965561e+03 3.908623515310800306e-14 2.951428019222659205e-16
6.101049362100648068e+03 3.731343107694101983e-14 2.921117011072413872e-16
6.110808992969330575e+03 3.413588718328145855e-14 2.776696900095375160e-16
6.120568623838013082e+03 3.089975209764399123e-14 2.670080856779088255e-16
6.130328254706695589e+03 2.859006666173660960e-14 2.603157089806811625e-16
6.140087885575378095e+03 2.705397714458164339e-14 2.549432062242553485e-16
6.149847516444060602e+03 2.586446504199576178e-14 2.495127252659698166e-16
6.159607147312743109e+03 2.629039496275418392e-14 2.489588465326770318e-16
6.169366778181425616e+03 2.638652445575767906e-14 2.472240477944504314e-16
6.179126409050108123e+03 2.762652805006173944e-14 2.531384496289469872e-16
6.188886039918790630e+03 2.945520282347399566e-14 2.625062954409867812e-16
6.198645670787473136e+03 3.230469158380731061e-14 2.833267781836955893e-16
6.208405301656155643e+03 3.404181088816156903e-14 2.745262957676161143e-16
6.218164932524838150e+03 3.536639015982463775e-14 2.805100458552892434e-16
6.227924563393520657e+03 3.691948560681129003e-14 2.818019108925107842e-16
6.237684194262203164e+03 3.962551336027003403e-14 2.915909879533090000e-16
6.247443825130885671e+03 4.197012901525072490e-14 2.978422332163952219e-16
6.257203455999568178e+03 4.358355603560043997e-14 3.031098821592551118e-16
6.266963086868250684e+03 4.371648431469610707e-14 3.012313232294757762e-16
6.276722717736933191e+03 4.530418319629799993e-14 3.642300910744375633e-16
6.286482348605615698e+03 4.573662114831602835e-14 3.798448140046859091e-16
6.296241979474298205e+03 4.573662114831602835e-14 3.122028065960359190e-16
6.306001610342980712e+03 4.573662114831602835e-14 3.513079131136254286e-16
6.315761241211663219e+03 4.584259570977965996e-14 3.077539468257585634e-16
6.325520872080345725e+03 4.584259570977965996e-14 3.058835460240218747e-16
6.335280502949028232e+03 4.584259570977965996e-14 3.295908522880117672e-16
6.345040133817710739e+03 4.584259570977965996e-14 3.049321583858942113e-16
6.354799764686393246e+03 4.584259570977965996e-14 3.027051680369379529e-16
6.364559395555075753e+03 4.567623035616546490e-14 3.011820285129144860e-16
6.374319026423758260e+03 4.517440821245757770e-14 3.002251410522012499e-16
6.384078657292440766e+03 4.477866702780877919e-14 2.966951008538065554e-16
6.393838288161123273e+03 4.477866702780877919e-14 2.979435642316075354e-16
6.403597919029805780e+03 4.443410032506567967e-14 2.949404546647855226e-16
6.413357549898488287e+03 4.417187719619058982e-14 2.945396095150043424e-16
6.423117180767170794e+03 4.342937731868943951e-14 2.920936958215537216e-16
6.432876811635853301e+03 4.249212297749095863e-14 2.892277033117749358e-16
6.442636442504535808e+03 4.199425042186907761e-14 2.875918068723810067e-16
6.452396073373218314e+03 4.158626807533442963e-14 2.866697404081690367e-16
6.462155704241900821e+03 4.101158792378441649e-14 2.904555304886042302e-16
6.471915335110583328e+03 4.060724914894584346e-14 2.843631759202908712e-16
6.481674965979265835e+03 4.060724914894584346e-14 2.857488059074300786e-16
6.491434596847948342e+03 3.960590159878738888e-14 2.800042769697783671e-16
6.501194227716630849e+03 3.904894362083235473e-14 2.794314678041957783e-16
6.510953858585313355e+03 3.858803676300547443e-14 2.774520301210978220e-16
6.520713489453995862e+03 3.843571795355746062e-14 2.822334818262736071e-16
6.530473120322678369e+03 3.772619797877206575e-14 3.807357574301825309e-16
6.540232751191360876e+03 3.656233848130752068e-14 3.762809749032531072e-16
6.549992382060043383e+03 3.656233848130752068e-14 2.829943751540937133e-16
6.559752012928725890e+03 3.652439564392104500e-14 2.762804146519446083e-16
6.569511643797408396e+03 3.598425376852196914e-14 2.716510771995023607e-16
6.579271274666090903e+03 3.579213444201138593e-14 2.723242944060412047e-16
6.589030905534773410e+03 3.547943986302973128e-14 2.711497476609822280e-16
6.598790536403455917e+03 3.486618823172692438e-14 2.696240910717677095e-16
6.608550167272138424e+03 3.438855902770270590e-14 2.684882517270944667e-16
6.618309798140820931e+03 3.388353456636028665e-14 2.680749670543673751e-16
6.628069429009503438e+03 3.332403993153824115e-14 2.661663178634855757e-16
6.637829059878185944e+03 3.274054600921179131e-14 2.649722390639723453e-16
6.647588690746868451e+03 3.196965521533315310e-14 2.828546711983870478e-16
6.657348321615550958e+03 3.196965521533315310e-14 2.643781417277568026e-16
6.667107952484233465e+03 3.183457317371098820e-14 2.634566663649595699e-16
6.676867583352915972e+03 3.183457317371098820e-14 2.633557016647705790e-16
6.686627214221598479e+03 3.159768476947156836e-14 2.651373686571202424e-16
6.696386845090280985e+03 3.080705304215197210e-14 2.575971061854531952e-16
6.706146475958963492e+03 3.072961673658211337e-14 2.556654101415969424e-16
6.715906106827645999e+03 3.072961673658211337e-14 2.741434744866255626e-16
6.725665737696328506e+03 3.068379972354668609e-14 2.577895751685053453e-16
6.735425368565011013e+03 2.995166178992582195e-14 2.577798357018674447e-16
6.745184999433693520e+03 2.971906014719979519e-14 2.533949184039457161e-16
6.754944630302376027e+03 2.894271042977141376e-14 2.504769771339051663e-16
6.764704261171058533e+03 2.887180072607829176e-14 2.490310856457964713e-16
6.774463892039741040e+03 2.847792784015566085e-14 2.495135272499762963e-16
6.784223522908423547e+03 2.789968438822928947e-14 2.463593069947152633e-16
6.793983153777106054e+03 2.757238778931903668e-14 2.448210840510723681e-16
6.803742784645788561e+03 2.757238778931903668e-14 2.457325568789787033e-16
6.813502415514471068e+03 2.736987986951547429e-14 2.437958538025124930e-16
6.823262046383153574e+03 2.700199063469164440e-14 2.454815690140627184e-16
6.833021677251836081e+03 2.700199063469164440e-14 2.497933450180491390e-16
6.842781308120518588e+03 2.690267293377247568e-14 2.445738886823447626e-16
6.852540938989201095e+03 2.690267293377247568e-14 2.436509926820658368e-16
6.862300569857883602e+03 2.612643597530937244e-14 2.408224727778391133e-16
6.872060200726566109e+03 2.594591904036590400e-14 2.401160721688382253e-16
6.881819831595248615e+03 2.553530684905967954e-14 2.397779618643580153e-16
6.891579462463931122e+03 2.553530684905967954e-14 2.481644790186717318e-16
6.901339093332613629e+03 2.530838216067522319e-14 2.387642146830416924e-16
6.911098724201296136e+03 2.515015358377047390e-14 2.386114061589172218e-16
6.920858355069978643e+03 2.503994815636918534e-14 2.393188333401641536e-16
6.930617985938661150e+03 2.501695059649222928e-14 2.388317328729804976e-16
6.940377616807343657e+03 2.480000349296656827e-14 2.371308315543945210e-16
6.950137247676026163e+03 2.460000737451188446e-14 2.367195379898257387e-16
6.959896878544708670e+03 2.402698747083731987e-14 2.382229626048969178e-16
6.969656509413391177e+03 2.426690370638779415e-14 2.367465936668021666e-16
6.979416140282073684e+03 2.364710814919280018e-14 2.363393100352626116e-16
6.989175771150756191e+03 2.397033649761605323e-14 2.406861371580181751e-16
6.998935402019438698e+03 2.397033649761605323e-14 2.361781885641864315e-16
7.008695032888121204e+03 2.382808963842061950e-14 2.360118025551273100e-16
7.018454663756803711e+03 2.381188328468175074e-14 2.337017280836737126e-16
7.028214294625486218e+03 2.344106166101332696e-14 2.347301799397595611e-16
7.037973925494168725e+03 2.344106166101332696e-14 2.337188494107082716e-16
7.047733556362851232e+03 2.312488074979773315e-14 2.311541618450447911e-16
7.057493187231533739e+03 2.330102244974549737e-14 2.321220449732665784e-16
7.067252818100216246e+03 2.324997174748109997e-14 2.313157918450171702e-16
7.077012448968898752e+03 2.295595212146327449e-14 2.304179959622689219e-16
7.086772079837581259e+03 2.297171276456550389e-14 2.306038555857800407e-16
7.096531710706263766e+03 2.309563828358124888e-14 2.308301798823761679e-16
7.106291341574946273e+03 2.297171276456550389e-14 2.371977296277640042e-16
7.116050972443628780e+03 2.295595212146327449e-14 2.308890223968262324e-16
7.125810603312311287e+03 2.264473050047230578e-14 2.296192036870203699e-16
7.135570234180993793e+03 2.241478429363817380e-14 2.298449256959529642e-16
7.145329865049676300e+03 2.277847035941396418e-14 2.334130700656877768e-16
7.155089495918358807e+03 2.231671334539376534e-14 2.304690334180877625e-16
7.164849126787041314e+03 2.239692925255495342e-14 2.313219277696961390e-16
7.174608757655723821e+03 2.244404097868993709e-14 2.321638661096534643e-16
7.184368388524406328e+03 2.277349262726045442e-14 2.326027799207689952e-16
7.194128019393088834e+03 2.236757433770597821e-14 2.676252855538574500e-16
7.203887650261771341e+03 2.236034769661961366e-14 2.348339912158356500e-16
7.213647281130453848e+03 2.137657195306887385e-14 2.307789153803024203e-16
7.223406911999136355e+03 2.177440899311872819e-14 2.318505659842551028e-16
7.233166542867818862e+03 2.254668330586068114e-14 2.364956377881830113e-16
7.242926173736501369e+03 2.290508663050799470e-14 2.456743333899250956e-16
7.252685804605183876e+03 2.177152349884876339e-14 2.369271667823062341e-16
7.262445435473866382e+03 2.176728121558499356e-14 2.365917297451722885e-16
7.272205066342548889e+03 2.152514445712226473e-14 2.400674782113853815e-16
7.281964697211231396e+03 2.129316486062953761e-14 2.360584624606574997e-16
7.291724328079913903e+03 2.152644020061773918e-14 2.385900208709401509e-16
7.301483958948596410e+03 2.070759236537927927e-14 2.368644604453079902e-16
7.311243589817278917e+03 2.096348283101850373e-14 2.409579022769627015e-16
7.321003220685961423e+03 2.004268626841845987e-14 2.361092756548968295e-16
7.330762851554643930e+03 1.943966099213342683e-14 2.331774747672723616e-16
7.340522482423326437e+03 1.984524989071906919e-14 2.359413685722592291e-16
7.350282113292008944e+03 1.969233217300677238e-14 2.386965520946454439e-16
7.360041744160691451e+03 1.900868249901507227e-14 2.345437769782324792e-16
7.369801375029373958e+03 1.884963295618903786e-14 2.346916805148677370e-16
7.379561005898056465e+03 1.889161443017933344e-14 2.351157785403506330e-16
7.389320636766738971e+03 1.854923101902319780e-14 2.357310097391875492e-16
7.399080267635421478e+03 1.810807781154444311e-14 2.325529765289571991e-16
7.408839898504103985e+03 1.746116220458065133e-14 2.296027120967239300e-16
7.418599529372786492e+03 1.796592251667925236e-14 2.333815851016256159e-16
7.428359160241468999e+03 1.750083129598641751e-14 2.317963274539319631e-16
7.438118791110151506e+03 1.775406589099974407e-14 2.341255047727012583e-16
7.447878421978834012e+03 1.713024715746291127e-14 2.309042383491924856e-16
7.457638052847516519e+03 1.687776140377022708e-14 2.300481358370693799e-16
7.467397683716199026e+03 1.597656021859533788e-14 2.313114230869552559e-16
7.477157314584881533e+03 1.575418462705486186e-14 2.256920358554938200e-16
7.486916945453564040e+03 1.569857329292031102e-14 2.257285720394672756e-16
7.496676576322246547e+03 1.598869807665277247e-14 2.290361583068439479e-16
7.506436207190929053e+03 1.489179949547102136e-14 2.233457877423045333e-16
7.516195838059611560e+03 1.450422007652338155e-14 2.214371669000743603e-16
7.525955468928294067e+03 1.607355740688995660e-14 2.288675022514003618e-16
7.535715099796976574e+03 1.618730884995701512e-14 2.323472642859287472e-16
7.545474730665659081e+03 1.584775111561732645e-14 2.276667684467927319e-16
7.555234361534341588e+03 1.560072413497086348e-14 2.277776369191747385e-16
7.564993992403024095e+03 1.615100625063542707e-14 2.324116553995602294e-16
7.574753623271706601e+03 1.530702284660216572e-14 2.267873882782720354e-16
7.584513254140389108e+03 1.626258753519338482e-14 2.432412610061786782e-16
7.594272885009071615e+03 1.641043436139871064e-14 2.353872762617421574e-16
7.604032515877754122e+03 1.640821239847679440e-14 2.367558104630550312e-16
7.613792146746436629e+03 1.583115276590304732e-14 2.326628291020242007e-16
7.623551777615119136e+03 1.596836472457400933e-14 2.329617153396251101e-16
7.633311408483801642e+03 1.606723869488431570e-14 2.509578348178571296e-16
7.643071039352484149e+03 1.638481671076225191e-14 2.420366220512852194e-16
7.652830670221166656e+03 1.649921725351875471e-14 2.435496077452558251e-16
7.662590301089849163e+03 1.564499634555733563e-14 2.352894541949428661e-16
7.672349931958531670e+03 1.624785674989504945e-14 2.455558508188422032e-16
7.682109562827214177e+03 1.643333586779340426e-14 2.414261526259963835e-16
7.691869193695896683e+03 1.619587720449257283e-14 2.442704607739684334e-16
7.701628824564579190e+03 1.574886849539488024e-14 2.408851175697058667e-16
7.711388455433261697e+03 1.586656521236226395e-14 2.435611190156053285e-16
7.721148086301944204e+03 1.746151396396831202e-14 2.530053359798661150e-16
7.730907717170626711e+03 1.706129665451933717e-14 2.710745186224413493e-16
7.740667348039309218e+03 1.656688298478857361e-14 2.492356036675201411e-16
7.750426978907991725e+03 1.617284432421479658e-14 2.490639607542649420e-16
7.760186609776674231e+03 1.726086629043344816e-14 2.557212460843844357e-16
7.769946240645356738e+03 1.829570855162107397e-14 2.621110095362050069e-16
7.779705871514039245e+03 1.865936075525408126e-14 2.717626576428116973e-16
7.789465502382721752e+03 1.814874302503747582e-14 2.696456138477008712e-16
7.799225133251404259e+03 1.777131920937058086e-14 2.653549234074165071e-16
7.808984764120086766e+03 1.834458774149825016e-14 2.716954376564846519e-16
7.818744394988769272e+03 1.975279990095437205e-14 2.773881302097770952e-16
7.828504025857451779e+03 2.008207293673455802e-14 2.792239854910932787e-16
7.838263656726134286e+03 1.949806698170628393e-14 2.802951465450281856e-16
7.848023287594816793e+03 1.852412607117226608e-14 2.756453179830400992e-16
7.857782918463499300e+03 1.747609212211401308e-14 2.729918051108566459e-16
7.867542549332181807e+03 1.745124591877248872e-14 2.774723220851922115e-16
7.877302180200864314e+03 1.753458175158732296e-14 2.809652639638900427e-16
7.887061811069546820e+03 1.812797880503413973e-14 2.817508305188294701e-16
7.896821441938229327e+03 1.833490859623738811e-14 2.845070810419837348e-16
7.906581072806911834e+03 1.741606289323719516e-14 2.814135752750294704e-16
7.916340703675594341e+03 1.532366407687448365e-14 2.755594257062050850e-16
7.926100334544276848e+03 1.512709550056752551e-14 2.725836463288305429e-16
7.935859965412959355e+03 1.530930136884356881e-14 2.758269345798511998e-16
7.945619596281641861e+03 1.506613130660962403e-14 2.768044348948472785e-16
7.955379227150324368e+03 1.340438149454063922e-14 2.708101561590101978e-16
7.965138858019006875e+03 1.311506115088424795e-14 2.722383918193394594e-16
7.974898488887689382e+03 1.363828048013094571e-14 2.745824452503088393e-16
7.984658119756371889e+03 1.449519763295251682e-14 2.807569718563795827e-16
7.994417750625054396e+03 1.541259873438607438e-14 2.840175456668777919e-16
8.004177381493736902e+03 1.477998978400609425e-14 2.857019513947165643e-16
8.013937012362419409e+03 1.373326326180895394e-14 2.807934543869388106e-16
8.023696643231101916e+03 1.271477317206261010e-14 2.809205078474060543e-16
8.033456274099784423e+03 1.337251455885352715e-14 2.863299132077412796e-16
8.043215904968466930e+03 1.308688449216115402e-14 2.809903260452947335e-16
8.052975535837149437e+03 1.373569299841202064e-14 2.872431569932033450e-16
8.062735166705831944e+03 1.269764429371140458e-14 2.842756765168987574e-16
8.072494797574514450e+03 1.187582505657111317e-14 2.798243537828872504e-16
8.082254428443196957e+03 1.205649853025505021e-14 2.833584047903308537e-16
8.092014059311879464e+03 1.249388117980453208e-14 2.871102527017097111e-16
8.101773690180561971e+03 1.299461336767394515e-14 2.926058087142409363e-16
8.111533321049244478e+03 1.393096489780301466e-14 3.021570299839402272e-16
8.121292951917926985e+03 1.451169106116060801e-14 3.056354024102599841e-16
8.131052582786609491e+03 1.460348385813299313e-14 3.062046873631610023e-16
8.140812213655291998e+03 1.510798729726208555e-14 3.096788676881773869e-16
8.150571844523974505e+03 1.468191541577495820e-14 3.254365444280258493e-16
8.160331475392657012e+03 1.513562652453529783e-14 3.114213855338528287e-16
8.170091106261339519e+03 1.612555438218783502e-14 3.176178569199762274e-16
8.179850737130022026e+03 1.640317048044340153e-14 3.245563303158392111e-16
8.189610367998704533e+03 1.631639367344442012e-14 3.230915202265409457e-16
8.199369998867387039e+03 1.523044068132021050e-14 3.204102051848778130e-16
8.209129629736069546e+03 1.563027937772377869e-14 3.222797983694204357e-16
8.218889260604752053e+03 1.547681176837283121e-14 3.210992612570968552e-16
8.228648891473434560e+03 1.574842878405417512e-14 3.237318113241390766e-16
8.238408522342117067e+03 1.403258626297418645e-14 3.148725889059641651e-16
8.248168153210799574e+03 1.388511445601892875e-14 3.149152508412473483e-16
8.257927784079482080e+03 1.337952641601473205e-14 3.131261803823676546e-16
8.267687414948164587e+03 1.425234385397983332e-14 3.186082711086233856e-16
8.277447045816847094e+03 1.399900635390841227e-14 3.202578903320364723e-16
8.287206676685529601e+03 1.437580504880966302e-14 3.229682973387895303e-16
8.296966307554212108e+03 1.404663481575628564e-14 3.215564405675440977e-16
8.306725938422894615e+03 1.436989333354060799e-14 3.247320996154477817e-16
8.316485569291577121e+03 1.480873120477095829e-14 3.276326777941513636e-16
8.326245200160259628e+03 1.529076098283940604e-14 3.355116861837408559e-16
8.336004831028942135e+03 1.584497795564190493e-14 3.336397770944956409e-16
8.345764461897624642e+03 1.557995463636265725e-14 3.495694746661082364e-16
8.355524092766307149e+03 1.623462090544292109e-14 4.384477875859230839e-16
8.365283723634989656e+03 1.496075211363431572e-14 3.762382113120540200e-16
8.375043354503672163e+03 1.460658523051018301e-14 3.285196335701898344e-16
8.384802985372354669e+03 1.548513240784038875e-14 3.325975884677649062e-16
8.394562616241037176e+03 1.598727541316337302e-14 3.367300516130857958e-16
8.404322247109719683e+03 1.641753762676325102e-14 3.468111135309534975e-16
8.414081877978402190e+03 1.544351863764900753e-14 3.363892614651011329e-16
8.423841508847084697e+03 1.584946487132852390e-14 3.351171521098246930e-16
8.433601139715767204e+03 1.655237098558054899e-14 3.396860739759406304e-16
8.443360770584449710e+03 1.788907013713127279e-14 3.485377218763584239e-16
8.453120401453132217e+03 1.741362487615339339e-14 3.476209894181429367e-16
8.462880032321814724e+03 1.825332184187098186e-14 3.598656620944237417e-16
8.472639663190497231e+03 1.669478227383539584e-14 3.429971318147982042e-16
8.482399294059179738e+03 1.603951828974203329e-14 3.493468754117976371e-16
8.492158924927862245e+03 1.653633184330425661e-14 3.400769215756080167e-16
8.501918555796544752e+03 1.697961210323734734e-14 3.449276415448709769e-16
8.511678186665227258e+03 1.676039003137843678e-14 3.442707183176352380e-16
8.521437817533909765e+03 1.798501482448912881e-14 3.531295787909313872e-16
8.531197448402592272e+03 1.898166783591812863e-14 3.562713519652198248e-16
8.540957079271274779e+03 1.853184276611258703e-14 3.605343971018133962e-16
8.550716710139957286e+03 1.755006526799753111e-14 3.515615562120146742e-16
8.560476341008639793e+03 1.703728581778865127e-14 3.663245841740593460e-16
8.570235971877322299e+03 1.696784615894406757e-14 3.968468305224447378e-16
8.579995602746004806e+03 1.582066751870995882e-14 3.367892098001372482e-16
8.589755233614687313e+03 1.644687143051562030e-14 3.392369395367864724e-16
8.599514864483369820e+03 1.741453028546326580e-14 3.488855782202029808e-16
8.609274495352052327e+03 1.707976388599311175e-14 3.429900622506422676e-16
8.619034126220734834e+03 1.719881456571242332e-14 3.434990336769173490e-16
8.628793757089417340e+03 1.786806177223526337e-14 3.550079204672040583e-16
8.638553387958099847e+03 1.681895065773606146e-14 3.457489299188452371e-16
8.648313018826782354e+03 1.557661875096896071e-14 3.356583305154576605e-16
8.658072649695464861e+03 1.553875008099933560e-14 3.402582189039972413e-16
8.667832280564147368e+03 1.616139536485415020e-14 3.410165871407177289e-16
8.677591911432829875e+03 1.688361878462655071e-14 3.418624617123117837e-16
8.687351542301512382e+03 1.771497916641925536e-14 3.484772299325337561e-16
8.697111173170194888e+03 1.643908499268953564e-14 3.579679657284124154e-16
8.706870804038877395e+03 1.611480731807419739e-14 3.439577549115931787e-16
8.716630434907559902e+03 1.628398649884561212e-14 3.397025493782057457e-16
8.726390065776242409e+03 1.527339832782405928e-14 3.388102761541264572e-16
8.736149696644924916e+03 1.650706599590481337e-14 3.411924315527004094e-16
8.745909327513607423e+03 1.752484656517876358e-14 3.493961502592074372e-16
8.755668958382289929e+03 1.604623369202682008e-14 3.441117011119905338e-16
8.765428589250972436e+03 1.495320335897265962e-14 3.348424967209112352e-16
8.775188220119654943e+03 1.513320407088899251e-14 3.345397159611397067e-16
8.784947850988337450e+03 1.499366881719462125e-14 3.313653720074924861e-16
8.794707481857019957e+03 1.599051809183488386e-14 3.440620376901473695e-16
8.804467112725702464e+03 1.538846123824703803e-14 3.378358620370097335e-16
8.814226743594384970e+03 1.613605760083878731e-14 3.399062421317557076e-16
8.823986374463067477e+03 1.596454318736418842e-14 3.402496512368178094e-16
8.833746005331749984e+03 1.426853018099654108e-14 3.371144831991006144e-16
8.843505636200432491e+03 1.471127145532969678e-14 3.481945036956662895e-16
8.853265267069114998e+03 1.429123077258485024e-14 3.281594943768440452e-16
8.863024897937797505e+03 1.361446315449798172e-14 3.235159587354429694e-16
8.872784528806480012e+03 1.378480280883795638e-14 3.368061663083920208e-16
8.882544159675162518e+03 1.407551738948362040e-14 3.346814106093272464e-16
8.892303790543845025e+03 1.324211646264706670e-14 3.349152395101860050e-16
8.902063421412527532e+03 1.257979478925297157e-14 3.197563141139075174e-16
8.911823052281210039e+03 1.284628632088209303e-14 3.277660595414517403e-16
8.921582683149892546e+03 1.349709787610135271e-14 3.547114051695816681e-16
8.931342314018575053e+03 1.321900803244556482e-14 3.227525065224089162e-16
8.941101944887257559e+03 1.216655729189500791e-14 3.201172039880050285e-16
8.950861575755940066e+03 1.216160509267040314e-14 3.144569821614563360e-16
8.960621206624622573e+03 1.275247292791413717e-14 3.414086081298757167e-16
8.970380837493305080e+03 1.276124705623491696e-14 3.231032324309263768e-16
8.980140468361987587e+03 1.224941622446599486e-14 3.319587405581644542e-16
8.989900099230670094e+03 1.330743673070082220e-14 3.238072028337520022e-16
8.999659730099352601e+03 1.294110563088390224e-14 3.229403679129657854e-16
9.009419360968035107e+03 1.154735199458481601e-14 3.143308283981787554e-16
9.019178991836717614e+03 1.188455816914458479e-14 3.176315596128017860e-16
9.028938622705400121e+03 1.302613802569962757e-14 3.530207964172308402e-16
9.038698253574082628e+03 1.283807848763219536e-14 3.184715598813418019e-16
9.048457884442765135e+03 1.307668693560825165e-14 3.203892917361124045e-16
9.058217515311447642e+03 1.343247930917497241e-14 3.249394449944347953e-16
9.067977146180130148e+03 1.130480064514086304e-14 3.117231930372357057e-16
9.077736777048812655e+03 1.062786851905186644e-14 3.079906151849863430e-16
9.087496407917495162e+03 1.054527044964636725e-14 3.066906519843249698e-16
9.097256038786177669e+03 1.226579036387994610e-14 3.344544283882757035e-16
9.107015669654860176e+03 1.146370075211052355e-14 3.207879216008280512e-16
9.116775300523542683e+03 1.200277318878567506e-14 3.288897581453034553e-16
9.126534931392225189e+03 1.315978874667019863e-14 3.232871056071423603e-16
9.136294562260907696e+03 1.227147780258715609e-14 3.179819042870783403e-16
9.146054193129590203e+03 1.187766971721070976e-14 3.148133816953409365e-16
9.155813823998272710e+03 1.081416931887337773e-14 3.095829448278153852e-16
9.165573454866955217e+03 1.041038295521016637e-14 3.066282257135298548e-16
9.175333085735637724e+03 1.134837744842326948e-14 3.114484094981029303e-16
9.185092716604320231e+03 1.226641055946451369e-14 3.162505418257836214e-16
9.194852347473002737e+03 1.287220713670571202e-14 3.212827446578232156e-16
9.204611978341685244e+03 1.193889257646046292e-14 3.249404900564133870e-16
9.214371609210367751e+03 9.668128985752910706e-15 3.013677577444091393e-16
9.224131240079050258e+03 1.008098997416360446e-14 3.189167218707495306e-16
9.233890870947732765e+03 1.022796518918550082e-14 3.052570031764503972e-16
9.243650501816415272e+03 1.142465554559093941e-14 3.165650647666469923e-16
9.253410132685097778e+03 1.210348014412215004e-14 3.246813859744119646e-16
9.263169763553780285e+03 1.261640455411036570e-14 3.180161003767218078e-16
9.272929394422462792e+03 1.223995308926234787e-14 3.196079441297030173e-16
9.282689025291145299e+03 1.073035953398001032e-14 3.123680795728179517e-16
9.292448656159827806e+03 9.278449354620859294e-15 3.062103894763271410e-16
9.302208287028510313e+03 9.159127758413565815e-15 3.050444292974673127e-16
9.311967917897192820e+03 9.529040071765660733e-15 3.088869529365809499e-16
9.321727548765875326e+03 9.957603957268116316e-15 3.083843156588804969e-16
9.331487179634557833e+03 1.141554409533278744e-14 3.206875800777376889e-16
9.341246810503240340e+03 1.142954568124450983e-14 3.229983018308006488e-16
9.351006441371922847e+03 1.265675742201039768e-14 3.309301137207818390e-16
9.360766072240605354e+03 1.179746001593304556e-14 3.255856562720123495e-16
9.370525703109287861e+03 1.046502281026862931e-14 3.208483825344209325e-16
9.380285333977970367e+03 9.161686038164481505e-15 3.130714047722420225e-16
9.390044964846652874e+03 8.628303393833972453e-15 3.093431114347305613e-16
9.399804595715335381e+03 9.538400862325480286e-15 3.144646352761994212e-16
9.409564226584017888e+03 1.055915800848871423e-14 3.898549370408202513e-16
9.419323857452700395e+03 1.168947406781548822e-14 4.147434787791993169e-16
9.429083488321382902e+03 9.881764674213854167e-15 3.252992463856098421e-16
9.438843119190065408e+03 8.929781221450033137e-15 3.236137168050227800e-16
9.448602750058747915e+03 7.730233616241627944e-15 3.134437704072959681e-16
9.458362380927430422e+03 8.250679130607229185e-15 3.216399167107107939e-16
9.468122011796112929e+03 8.231899462005147564e-15 3.272501702155701575e-16
9.477881642664795436e+03 8.627794708745647718e-15 3.251908078923056235e-16
9.487641273533477943e+03 1.006924965565280621e-14 3.477399934614269475e-16
9.497400904402160450e+03 1.007874336287533366e-14 3.397165471273314652e-16
9.507160535270842956e+03 1.062005767284360737e-14 3.449023504094224726e-16
9.516920166139525463e+03 1.063727545661308328e-14 3.459940609505509011e-16
9.526679797008207970e+03 1.052689951462148326e-14 3.456518230867340565e-16
9.536439427876890477e+03 8.480166324081028885e-15 3.471768021111693129e-16
9.546199058745572984e+03 8.227188177352994403e-15 3.797762417075575838e-16
9.555958689614255491e+03 6.726264930814216142e-15 3.357797101975278205e-16
9.565718320482937997e+03 7.164569913934784945e-15 4.224137800262305665e-16
9.575477951351620504e+03 6.680900031098661717e-15 4.350061243515227600e-16
9.585237582220303011e+03 7.249489494904391913e-15 3.440896868872392690e-16
9.594997213088985518e+03 8.372826015029814154e-15 3.568185571809296381e-16
9.604756843957668025e+03 9.550577036768228973e-15 3.639609600493529391e-16
9.614516474826350532e+03 9.950596629761402146e-15 3.750732983555707764e-16
9.624276105695033039e+03 9.351382754571224524e-15 3.853908378951993789e-16
9.634035736563715545e+03 8.926120471525020275e-15 3.707444750521570359e-16
9.643795367432398052e+03 7.845893694266139564e-15 3.711386769150567234e-16
9.653554998301080559e+03 6.997785852139888170e-15 3.732798619728267379e-16
9.663314629169763066e+03 6.225861352418052253e-15 3.692330779147134712e-16
9.673074260038445573e+03 6.885483702367288096e-15 3.835313305437075378e-16
9.682833890907128080e+03 6.571702628529286573e-15 3.875372506990892583e-16
9.692593521775810586e+03 7.509474903021940776e-15 3.932921627112896705e-16
9.702353152644493093e+03 7.584058547590115807e-15 4.095064441060327186e-16
9.712112783513175600e+03 8.406352914188110750e-15 4.148486548907752280e-16
9.721872414381858107e+03 6.493292540646095012e-15 4.066200511029358950e-16
9.731632045250540614e+03 5.731124488483458997e-15 4.100983632238157214e-16
9.741391676119223121e+03 5.925684972642044634e-15 4.201591378060939714e-16
9.751151306987905627e+03 5.447118533542233481e-15 4.231638873130708764e-16
9.760910937856588134e+03 5.910452587876458973e-15 4.288043661772491656e-16
9.770670568725270641e+03 6.277513123903449371e-15 4.429067753985716484e-16
9.780430199593953148e+03 7.077578766507060726e-15 4.553178153694540022e-16
9.790189830462635655e+03 6.590793352416480675e-15 4.546820800489574422e-16
9.799949461331318162e+03 8.119927146770434919e-15 4.750453201760272633e-16
9.809709092200000669e+03 6.609432200546600337e-15 4.715991496230443612e-16
9.819468723068683175e+03 6.126704073246457657e-15 4.777576488585843629e-16
9.829228353937365682e+03 6.818644036963961483e-15 4.926195396748230445e-16
9.838987984806048189e+03 5.807473738546359497e-15 4.963960563199968707e-16
9.848747615674730696e+03 5.298205689047584316e-15 5.874104605021042763e-16
9.858507246543413203e+03 5.761482860430529686e-15 5.172532293122229265e-16
9.868266877412095710e+03 7.127581611199127200e-15 5.286241546788850378e-16
9.878026508280778216e+03 7.058260866734414315e-15 5.484888586554191005e-16
9.887786139149460723e+03 6.885704379005179985e-15 6.411678980497512559e-16
9.897545770018143230e+03 4.857848776660087631e-15 5.563893945542424754e-16
9.907305400886825737e+03 4.629129486179278855e-15 5.633083450941198612e-16
9.917065031755508244e+03 5.703800543696136787e-15 5.792046003256721377e-16
9.926824662624190751e+03 6.040326128328257000e-15 5.910459190152868769e-16
9.936584293492873257e+03 6.132011703556984581e-15 6.070671486408270173e-16
9.946343924361555764e+03 6.639744780496108330e-15 6.252032028791096870e-16
9.956103555230238271e+03 7.365335875536500201e-15 6.622556844715865764e-16
9.965863186098920778e+03 4.352069967387558272e-15 6.822451493910387041e-16
9.975622816967603285e+03 5.927864604461660026e-15 6.940921076925912382e-16
9.985382447836285792e+03 4.077749625699730386e-15 6.667593276997549977e-16
9.995142078704968299e+03 5.499181922006138759e-15 7.020865879001321999e-16
1.000490170957365081e+04 6.177901366431058581e-15 7.111425152584621854e-16
1.001466134044233331e+04 6.460228260295353444e-15 7.430469172252842951e-16
1.002442097131101582e+04 4.839325216210465804e-15 7.500638517560597936e-16
1.003418060217969833e+04 4.554157877523169455e-15 7.797465946798591634e-16
1.004394023304838083e+04 3.867350384663036436e-15 7.807627252158581714e-16
1.005369986391706334e+04 5.161229973538245927e-15 8.349009156496933688e-16
1.006345949478574585e+04 4.900898192486400384e-15 8.415814275694300144e-16
1.007321912565442835e+04 5.226801315198707171e-15 8.994969415136673713e-16
1.008297875652311086e+04 5.251783723008310448e-15 9.017089877366273068e-16
1.009273838739179337e+04 5.313097022677561977e-15 1.109686150369170727e-15
1.010249801826047587e+04 7.010658242807766324e-15 9.921515231823838932e-16
1.011225764912915838e+04 3.799764076051628989e-15 1.007676225523269115e-15
1.012201727999784089e+04 3.979662600749857245e-15 1.128120365030377467e-15
1.013177691086652339e+04 2.828276019120904654e-15 1.072036670286620353e-15
1.014153654173520590e+04 2.366811405902327541e-15 1.131257210046247242e-15
1.015129617260388841e+04 3.425452106253890951e-15 1.160217986483018778e-15
1.016105580347257091e+04 3.341688545900249977e-15 1.228081768430288782e-15
1.017081543434125342e+04 2.564601044719741890e-15 1.296515035672141361e-15
1.018057506520993593e+04 4.044897212785067534e-15 1.337032650266941725e-15
1.019033469607861844e+04 3.867829063770103282e-15 1.404180287746120282e-15
1.020009432694730094e+04 6.623394479315690492e-15 1.492000628535631853e-15
1.020985395781598345e+04 6.615984924714236494e-15 1.587259722851686745e-15
1.021961358868466596e+04 3.053726082375589475e-15 1.659992396991042468e-15
