# obs_wvl flux error  |  merged epoch (native): STIS CCD,STIS MAMA
1.583000000000000000e+03 -1.493369166832337908e-15 1.963871807417281318e-14
1.584548362467686957e+03 -1.493369166832337908e-15 1.177712704799569640e-14
1.586096724935373913e+03 -5.379461282012207284e-15 7.860808137929526057e-15
1.587645087403060870e+03 -5.379461282012207284e-15 7.010232845759661813e-15
1.589193449870747827e+03 -5.379461282012207284e-15 5.871793583607292944e-15
1.590741812338434784e+03 -5.379461282012207284e-15 7.022194935588478917e-15
1.592290174806121740e+03 -8.724269081629923331e-15 5.013006024257695800e-15
1.593838537273808697e+03 -9.423257061087152628e-15 3.283169621846943205e-15
1.595386899741495654e+03 -8.243842402348198141e-15 2.842262594784514052e-15
1.596935262209182611e+03 -6.387543641396932828e-15 3.978722546874946878e-15
1.598483624676869567e+03 -1.428140631964325239e-15 3.856574997066417352e-15
1.600031987144556524e+03 9.769077575902704792e-16 2.517901726639733217e-15
1.601580349612243481e+03 -3.875380452845025269e-16 2.132058069560361635e-15
1.603128712079930438e+03 -5.335158722184692429e-16 1.906555695531169184e-15
1.604677074547617394e+03 -1.428140631964325239e-15 1.685008137287065222e-15
1.606225437015304351e+03 -1.724021777771520829e-15 1.484491671093896342e-15
1.607773799482991308e+03 -3.751913275481999893e-16 1.430475766084903736e-15
1.609322161950678264e+03 1.121793749590651347e-15 1.425152035241246605e-15
1.610870524418365221e+03 -2.092520872939388987e-16 1.217767440678677284e-15
1.612418886886052178e+03 -1.786995585115196228e-15 9.953116721034596306e-16
1.613967249353739135e+03 -4.298639831644241604e-18 1.043530748212406953e-15
1.615515611821426091e+03 1.876627585762652409e-16 9.804271244173820090e-16
1.617063974289113048e+03 -1.295835492921641611e-15 8.074798751275588884e-16
1.618612336756800005e+03 -2.202708536020028034e-15 6.710928402859650425e-16
1.620160699224486962e+03 -1.443858661873836530e-15 6.884620756704028598e-16
1.621709061692173918e+03 -3.548085302109515224e-16 7.082297276759549541e-16
1.623257424159860875e+03 -4.585552047678812049e-16 6.507144712611148140e-16
1.624805786627547832e+03 -4.954911086870406055e-16 6.175526568392236408e-16
1.626354149095234789e+03 3.622467966982846597e-16 6.468518974706883968e-16
1.627902511562921745e+03 1.234083410366931063e-15 6.587302507136820778e-16
1.629450874030608702e+03 2.696951046238745895e-16 5.609715379313057964e-16
1.630999236498295659e+03 -9.123161902093399174e-17 5.183896100506498988e-16
1.632547598965982615e+03 1.102983387269676932e-16 5.015973397589911521e-16
1.634095961433669572e+03 -2.892068988254729715e-16 4.475739536302452659e-16
1.635644323901356529e+03 -3.087160932840332528e-16 4.371502629837078783e-16
1.637192686369043486e+03 -3.902164262992067381e-16 4.092486585936480534e-16
1.638741048836730442e+03 -3.734356707451698444e-16 3.912392437166104872e-16
1.640289411304417399e+03 -7.292222100732126435e-16 3.421920738128118823e-16
1.641837773772104356e+03 -2.019696354542073224e-16 3.822216089667967585e-16
1.643386136239791313e+03 5.195324729626264369e-17 3.739275049830674946e-16
1.644934498707478269e+03 -5.777018554021613497e-16 3.161347688959151093e-16
1.646482861175165226e+03 -4.748885780451824336e-16 3.203831414948659925e-16
1.648031223642852183e+03 -2.985698359575377257e-16 3.177389643670738718e-16
1.649579586110539140e+03 -8.045025564893234287e-16 2.634798323481314808e-16
1.651127948578226096e+03 -6.203521859507858608e-16 2.821163398235607127e-16
1.652676311045913053e+03 1.873637005268317310e-19 3.155765251211014167e-16
1.654224673513600010e+03 1.747915243965978017e-16 3.142342805349071528e-16
1.655773035981286966e+03 -7.017982765159894508e-17 2.907604692531906364e-16
1.657321398448973923e+03 -3.084457880233456403e-16 2.646786749194957443e-16
1.658869760916660880e+03 -2.228257076212005379e-16 2.680186601267294289e-16
1.660418123384347837e+03 -5.222624108911341481e-16 2.267264851074927310e-16
1.661966485852034793e+03 -4.742617198692088589e-16 2.362781553475661022e-16
1.663514848319721750e+03 -1.772216825595403282e-16 2.529397783929837060e-16
1.665063210787408707e+03 -1.667788962976633179e-17 2.580000772643308490e-16
1.666611573255095664e+03 -1.020915257293156083e-16 2.415643906654693266e-16
1.668159935722782620e+03 -3.844616285199464339e-17 2.466473052211260111e-16
1.669708298190469577e+03 4.041376414955786997e-17 2.487100874368649832e-16
1.671256660658156534e+03 -1.162559801784550774e-16 2.271571754899944364e-16
1.672805023125843491e+03 8.900117278119303437e-17 2.425075173292311615e-16
1.674353385593530447e+03 2.032013930325046220e-17 2.247040422711488824e-16
1.675901748061217404e+03 -5.744123572338362787e-17 2.222244272601130504e-16
1.677450110528904361e+03 1.314391113127326442e-16 2.313827739120360417e-16
1.678998472996591317e+03 5.557185002009169161e-17 2.193782462664897787e-16
1.680546835464278274e+03 2.351412303944455507e-17 2.170558324060420137e-16
1.682095197931965231e+03 3.277004665916646510e-17 2.121711958170920786e-16
1.683643560399652188e+03 -1.541254859842952361e-17 2.063755632079974097e-16
1.685191922867339144e+03 -1.330449167020727070e-16 1.952814478040163193e-16
1.686740285335026101e+03 -2.599215648218735120e-17 1.987558837669879972e-16
1.688288647802713058e+03 -7.345211542923037766e-17 1.884374442680499637e-16
1.689837010270400015e+03 -2.646557410128854073e-17 1.916255343518852515e-16
1.691385372738086971e+03 -1.390713398429073573e-17 1.918260979569469306e-16
1.692933735205773928e+03 -7.541013737610139683e-17 1.845788706792237988e-16
1.694482097673460885e+03 1.899828689317846535e-17 1.925772246606733277e-16
1.696030460141147842e+03 -2.682100620259836015e-16 1.545244656541136059e-16
1.697578822608834798e+03 -6.916349166901108599e-17 1.872516703380990597e-16
1.699127185076521755e+03 -9.357040991937525764e-17 1.704848949218100472e-16
1.700675547544208712e+03 -1.715312559599155694e-17 1.784412843543194808e-16
1.702223910011895669e+03 -5.191876126321849297e-18 1.758242730749987517e-16
1.703772272479582625e+03 -1.868784909976169371e-16 1.590214374519502910e-16
1.705320634947269582e+03 3.164369924917545987e-17 1.787534892725820245e-16
1.706868997414956539e+03 -7.093432394557583667e-17 1.593364769267401640e-16
1.708417359882643495e+03 -2.400014045397511334e-16 1.463897928587508766e-16
1.709965722350330452e+03 -2.493151153962542186e-16 1.460964677252493387e-16
1.711514084818017409e+03 -1.001002514643429803e-16 1.582531530412504657e-16
1.713062447285704366e+03 1.401487507268627714e-16 1.780970748390438619e-16
1.714610809753391322e+03 7.368184564447305282e-17 1.655163884666259871e-16
1.716159172221078279e+03 -3.112733608259708341e-17 1.598895173960693594e-16
1.717707534688765236e+03 -1.037304047361998842e-16 1.487404905536213385e-16
1.719255897156452193e+03 -1.749156106183280530e-16 1.418494063034382127e-16
1.720804259624139149e+03 9.364052820708100168e-19 1.575672514431088517e-16
1.722352622091826106e+03 1.869980652035211682e-16 1.705410848053847194e-16
1.723900984559513063e+03 2.045309448627778623e-16 1.683508424926982397e-16
1.725449347027200020e+03 5.069687340549257776e-17 1.525878441892161069e-16
1.726997709494886976e+03 3.597811310546864404e-17 1.520445205068784096e-16
1.728546071962573933e+03 2.301431333711278135e-16 1.685736798060771822e-16
1.730094434430260890e+03 2.611179627565999978e-16 1.637704405735887922e-16
1.731642796897947846e+03 1.202799329536779164e-16 1.535684860092380987e-16
1.733191159365634803e+03 1.772864996415952229e-17 1.437756424876009919e-16
1.734739521833321760e+03 -2.357247887590032577e-16 1.176911790329329313e-16
1.736287884301008717e+03 -2.380341981105443487e-16 1.230149947849698431e-16
1.737836246768695673e+03 2.886031909917127161e-17 1.470659103800972822e-16
1.739384609236382630e+03 -1.371477427715602462e-16 1.222603721026775544e-16
1.740932971704069587e+03 1.607071295087768826e-16 1.582258293662968880e-16
1.742481334171756544e+03 4.340258454538394396e-17 1.358303263361605179e-16
1.744029696639443500e+03 -1.113071255475903520e-17 1.346971462202555763e-16
1.745578059107130457e+03 -1.253889327575015732e-17 1.345212979143577968e-16
1.747126421574817414e+03 3.379205831753881773e-17 1.363662338522798818e-16
1.748674784042504371e+03 2.088403949298909648e-17 1.303242236431685310e-16
1.750223146510191327e+03 -5.386040727128543044e-17 1.262746287596490839e-16
1.751771508977878284e+03 -3.521929709554862182e-17 1.296602497714429108e-16
1.753319871445565241e+03 -7.912483476733657825e-17 1.200533716570352003e-16
1.754868233913252197e+03 -2.973846834059915222e-16 9.629999623600131327e-17
1.756416596380939154e+03 -1.462274684635429105e-16 1.175971204370457331e-16
1.757964958848626111e+03 -1.008239558993389223e-16 1.162436542105008069e-16
1.759513321316313068e+03 1.406436461156860651e-16 1.410058440320672318e-16
1.761061683784000024e+03 1.381798989622577216e-16 1.324956695339004732e-16
1.762610046251686981e+03 -8.746113951157039761e-17 1.126441292921352779e-16
1.764158408719373938e+03 6.184510187483566157e-17 1.314338177489588818e-16
1.765706771187060895e+03 9.434275124194737521e-17 1.275260041621930888e-16
1.767255133654747851e+03 1.292355366139608685e-16 1.324135778404778027e-16
1.768803496122434808e+03 -5.721431320242434038e-17 1.114041352451770481e-16
1.770351858590121765e+03 7.063767287395074839e-17 1.264505650414330066e-16
1.771900221057808722e+03 2.996367082266150218e-17 1.189830334162844821e-16
1.773448583525495678e+03 2.012277424278269730e-16 1.364705948615332354e-16
1.774996945993182635e+03 2.402155528983253040e-16 1.356101456713149823e-16
1.776545308460869592e+03 4.859556735297818874e-16 1.556684646647732413e-16
1.778093670928556548e+03 2.813729111023695559e-16 1.329293280146832457e-16
1.779642033396243505e+03 -4.802120175812570356e-17 1.079150036461074488e-16
1.781190395863930462e+03 1.442396613263922138e-17 1.163603652614911344e-16
1.782738758331617419e+03 9.071917697876347071e-17 1.218325272051189748e-16
1.784287120799304375e+03 1.823414158594673704e-16 1.300224605527266507e-16
1.785835483266991332e+03 -7.865149766390478709e-18 1.072943482364008491e-16
1.787383845734678289e+03 1.004400343025489608e-16 1.228382692740494761e-16
1.788932208202365246e+03 5.676554335719088792e-17 1.144967764231970253e-16
1.790480570670052202e+03 -1.184937364129243267e-16 9.599575351550157512e-17
1.792028933137739159e+03 1.285077904382110664e-17 1.115109282192472014e-16
1.793577295605426116e+03 1.447570870560305530e-16 1.228955432670377330e-16
1.795125658073113073e+03 -2.360469907656853644e-16 7.395956439034308804e-17
1.796674020540800029e+03 -8.278587171281132103e-17 1.034770493734828686e-16
1.798222383008486986e+03 3.115117073358414925e-16 1.357444867166425765e-16
1.799770745476173943e+03 6.396189967241379805e-17 1.056363993948637609e-16
1.801319107943860899e+03 1.182696246459910172e-16 1.155090360832266482e-16
1.802867470411547856e+03 -1.645748141837477495e-16 8.351630882629644335e-17
1.804415832879234813e+03 3.630865640268537192e-17 1.116441522421323081e-16
1.805964195346921770e+03 1.005094656214401324e-16 1.120071996035288195e-16
1.807512557814608726e+03 2.430358736577950143e-17 1.040347297523145477e-16
1.809060920282295683e+03 -9.577002059270021094e-17 8.994335675889175437e-17
1.810609282749982640e+03 5.906820733277856563e-17 1.092326416255955428e-16
1.812157645217669597e+03 -2.908134037776031944e-17 9.724213811929582126e-17
1.813706007685356553e+03 -7.950678209065844599e-17 9.009602313034654260e-17
1.815254370153043510e+03 -6.219486766253874201e-17 9.242818504123654422e-17
1.816802732620730467e+03 6.894723741784157452e-17 1.056534382127581362e-16
1.818351095088417424e+03 1.729925294627476262e-16 1.168959534539833721e-16
1.819899457556104380e+03 2.783719739438583420e-16 1.213096904059392426e-16
1.821447820023791337e+03 -2.908887562553880498e-17 8.892280402678121521e-17
1.822996182491478294e+03 9.752802988673696728e-17 1.086409366089103562e-16
1.824544544959165250e+03 2.412926221814239033e-17 9.736526990304432929e-17
1.826092907426852207e+03 -1.617715145962889313e-16 7.372036096768347180e-17
1.827641269894539164e+03 -1.072415378456890792e-16 8.585735151746586603e-17
1.829189632362226121e+03 2.102740997483808723e-16 1.150389629916397912e-16
1.830737994829913077e+03 6.582458640744887714e-18 9.173780646431605520e-17
1.832286357297600034e+03 1.870852729197861798e-16 1.124916381013745828e-16
1.833834719765286991e+03 9.353256092061045910e-17 1.015859864073852920e-16
1.835383082232973948e+03 3.374618081459046018e-16 1.224763646116536707e-16
1.836931444700660904e+03 2.273324703242094441e-16 1.118824036569952633e-16
1.838479807168347861e+03 1.778180476765705685e-16 1.062780802067506924e-16
1.840028169636034818e+03 3.926050690539912812e-17 9.488796366053131229e-17
1.841576532103721775e+03 9.061180511869823895e-17 1.015747724948982347e-16
1.843124894571408731e+03 8.390405377752755020e-17 9.880915941335537938e-17
1.844673257039095688e+03 1.812068883990372212e-16 1.072606319504622504e-16
1.846221619506782645e+03 2.606622946755486196e-16 1.142360161411957541e-16
1.847769981974469601e+03 1.985646401498510994e-16 1.068063628262911555e-16
1.849318344442156558e+03 1.677624563749913275e-16 1.045580594867914351e-16
1.850866706909843515e+03 1.060424893637516461e-16 1.000898517113461139e-16
1.852415069377530472e+03 4.985951864688919138e-17 9.138117554682953272e-17
1.853963431845217428e+03 1.976830726783907160e-16 1.076934708668830052e-16
1.855511794312904385e+03 1.399156835736845112e-16 1.007582539609719406e-16
1.857060156780591342e+03 5.036097771086554884e-17 9.077774065571891464e-17
1.858608519248278299e+03 1.786062851705179897e-16 1.049776458895608235e-16
1.860156881715965255e+03 1.281519817020497751e-16 9.815753996692677306e-17
1.861705244183652212e+03 4.948265000064757693e-17 8.989015204155998262e-17
1.863253606651339169e+03 2.380163089012913872e-16 1.091364556570728476e-16
1.864801969119026126e+03 8.591620456451273111e-17 9.279163756550775020e-17
1.866350331586713082e+03 1.197090755625633558e-16 9.880268653404388410e-17
1.867898694054400039e+03 2.864529313919278261e-16 1.131902037879808265e-16
1.869447056522086996e+03 1.849502984700305020e-16 1.015555441371448229e-16
1.870995418989773952e+03 1.745365614322579799e-16 9.973410357228581824e-17
1.872543781457460909e+03 3.131276768589045220e-16 1.121969343805401589e-16
1.874092143925147866e+03 3.717598778688053144e-16 1.168744948318311185e-16
1.875640506392834823e+03 3.111848190681073022e-16 1.109669242735970762e-16
1.877188868860521779e+03 1.994543337029820909e-16 9.967920312008327167e-17
1.878737231328208736e+03 3.760165094499768229e-16 1.178146541974978018e-16
1.880285593795895693e+03 3.559551082124704877e-16 1.128663293589739881e-16
1.881833956263582650e+03 2.158419787741374294e-16 1.017521231812561625e-16
1.883382318731269606e+03 2.828425485184258004e-16 1.087769418860829637e-16
1.884930681198956563e+03 1.980957413249007722e-16 9.989450670093209410e-17
1.886479043666643520e+03 2.551242359027821514e-16 1.059762229921359916e-16
1.888027406134330477e+03 2.754817963785596398e-16 1.043258055383896320e-16
1.889575768602017433e+03 3.258454680514354045e-16 1.107569193097480505e-16
1.891124131069704390e+03 1.177331666975619986e-16 9.146228206630028020e-17
1.892672493537391347e+03 1.756937550322514595e-16 9.710843336687458999e-17
1.894220856005078303e+03 1.934509378320637224e-16 9.853283735573066733e-17
1.895769218472765260e+03 2.223589513578104839e-16 1.010345631466367080e-16
1.897317580940452217e+03 6.198969711484595038e-17 8.584180796733473466e-17
1.898865943408139174e+03 1.061379440512445182e-16 9.042112008063813188e-17
1.900414305875826130e+03 2.383857367683897309e-16 1.015141809574700591e-16
1.901962668343513087e+03 1.155340022135776166e-16 9.076838185601305648e-17
1.903511030811200044e+03 1.178076962592898538e-16 9.090770793773463985e-17
1.905059393278887001e+03 4.217916609812001944e-18 7.845814495259652051e-17
1.906607755746573957e+03 2.704211027027856817e-16 1.025277505519272570e-16
1.908156118214260914e+03 2.251250605876102845e-16 9.844600066936469427e-17
1.909704480681947871e+03 1.760032293505182793e-16 9.603031725610223751e-17
1.911252843149634828e+03 5.892176210774075385e-18 7.572778048563166547e-17
1.912801205617321784e+03 1.389766470088548842e-16 9.310235317660762016e-17
1.914349568085008741e+03 1.602072983452117912e-16 9.288302210407316768e-17
1.915897930552695698e+03 1.180472100323087349e-16 8.880534948992005525e-17
1.917446293020382655e+03 1.395055433156250692e-16 9.138974278294356501e-17
1.918994655488069611e+03 1.968841361896951594e-16 9.374867622329771073e-17
1.920543017955756568e+03 2.090792207913491745e-16 9.621833425294671865e-17
1.922091380423443525e+03 1.002362613491733477e-16 8.518512915631835151e-17
1.923639742891130481e+03 3.418948028320490017e-16 1.090572393383332104e-16
1.925188105358817438e+03 3.178361117819834026e-16 1.045305642442858629e-16
1.926736467826504395e+03 1.770651974574175721e-16 9.233464057005358594e-17
1.928284830294191352e+03 1.100087374061241272e-16 8.616212869188831750e-17
1.929833192761878308e+03 1.508029223442293034e-16 8.923348355204291049e-17
1.931381555229565265e+03 1.992322399649116652e-16 9.263716435494563263e-17
1.932929917697252222e+03 1.048225577343380501e-16 8.578327792653896464e-17
1.934478280164939179e+03 3.471291094266501204e-16 1.057468880771838232e-16
1.936026642632626135e+03 3.360204624097510591e-16 1.049115308017690938e-16
1.937575005100313092e+03 2.138739015787939959e-16 9.442023710950848575e-17
1.939123367568000049e+03 7.753405744538563976e-17 8.167234439013554216e-17
1.940671730035687006e+03 2.904213495069923520e-16 1.002054537521721881e-16
1.942220092503373962e+03 5.653230358225795613e-17 7.860083841164155333e-17
1.943768454971060919e+03 1.803349605247459187e-16 9.018666755434616918e-17
1.945316817438747876e+03 2.507572419946757310e-16 9.711208223233869025e-17
1.946865179906434832e+03 7.562319987434611801e-17 8.057904761478125237e-17
1.948413542374121789e+03 2.116083397602231682e-16 9.255003101732049820e-17
1.949961904841808746e+03 1.353022653899632428e-16 8.425657693412358411e-17
1.951510267309495703e+03 3.237416280306657091e-16 1.004351453175550059e-16
1.953058629777182659e+03 2.083979741997411038e-16 9.199460297899212770e-17
1.954606992244869616e+03 1.954557728439385691e-16 8.907971423070311587e-17
1.956155354712556573e+03 1.221032718280630026e-16 8.302130673847129089e-17
1.957703717180243530e+03 2.222782152301416995e-16 9.032912057697073734e-17
1.959252079647930486e+03 4.654897198508264870e-17 7.139342037383203761e-17
1.960800442115617443e+03 2.252067958865258300e-16 9.012008794806367042e-17
1.962348804583304400e+03 1.899026272255407559e-16 8.458862390507948937e-17
1.963897167050991357e+03 2.477567667707418226e-16 9.024186075447996653e-17
1.965445529518678313e+03 2.614443150338901807e-16 9.232584879233186271e-17
1.966993891986365270e+03 1.809112775708114157e-16 8.381200330268674962e-17
1.968542254454052227e+03 1.161266673799711492e-16 7.787517378058265972e-17
1.970090616921739183e+03 2.196318093016517879e-16 8.703398883203324161e-17
1.971638979389426140e+03 1.147289664711356892e-16 7.659563026698569643e-17
1.973187341857113097e+03 1.454609521261209538e-16 7.866244255556220672e-17
1.974735704324800054e+03 2.110493837569330622e-16 8.497281635135111263e-17
1.976284066792487010e+03 1.694626887092082300e-16 7.936548569126925399e-17
1.977832429260173967e+03 2.321810045074733375e-16 8.519901794658186304e-17
1.979380791727860924e+03 2.795126980220854404e-16 8.879374930926878095e-17
1.980929154195547881e+03 2.754833094130452699e-16 8.847658504818688659e-17
1.982477516663234837e+03 6.238000438034298119e-17 6.991371391620782368e-17
1.984025879130921794e+03 1.871327280632325832e-16 7.784837520751431776e-17
1.985574241598608751e+03 2.264497737263012901e-16 8.431887442751829201e-17
1.987122604066295708e+03 1.693635697039105778e-16 7.684790947248031919e-17
1.988670966533982664e+03 2.117667822373778017e-16 7.976934175718591168e-17
1.990219329001669621e+03 3.348739565322955354e-16 9.113618665448603467e-17
1.991767691469356578e+03 3.030712186594279111e-16 8.564120527943297445e-17
1.993316053937043534e+03 2.376307488333212550e-16 8.209961583859453075e-17
1.994864416404730491e+03 2.641029715288183013e-16 8.242845441505328839e-17
1.996412778872417448e+03 2.941264306868779641e-16 8.502574735249405441e-17
1.997961141340104405e+03 2.417172735949979129e-16 8.018195982230605671e-17
1.999509503807791361e+03 2.866582668616153716e-16 8.390169665568582915e-17
2.001057866275478318e+03 1.616316925708276954e-16 7.399793644409201134e-17
2.002606228743165275e+03 2.261554224466446991e-16 7.790605295733317458e-17
2.004154591210852232e+03 7.899009697093955982e-17 6.320473554064830574e-17
2.005702953678539188e+03 3.250630989196601027e-16 8.389370614944180915e-17
2.007251316146226145e+03 2.624303712205415561e-16 7.909229362002075733e-17
2.008799678613913102e+03 3.841119288226641390e-16 8.830874663522128119e-17
2.010348041081600059e+03 2.445044066787291136e-16 7.757917158764179497e-17
2.011896403549287015e+03 2.944982807211022569e-16 7.955308591286272017e-17
2.013444766016973972e+03 2.839137973331804414e-16 8.081816112665201827e-17
2.014993128484660929e+03 2.065227892618044918e-16 7.328388535942404266e-17
2.016541490952347885e+03 2.120214694600647928e-16 7.276859137915287871e-17
2.018089853420034842e+03 3.222053814374952342e-16 8.121739732079624712e-17
2.019638215887721799e+03 2.877128587713334841e-16 7.764437419608552502e-17
2.021186578355408756e+03 2.292243226607541404e-16 7.352642944649059164e-17
2.022734940823095712e+03 2.640904680381022208e-16 7.527638801399638386e-17
2.024283303290782669e+03 2.958245302345193893e-16 7.834031016994561171e-17
2.025831665758469626e+03 2.659988946925261140e-16 7.647779183006670763e-17
2.027380028226156583e+03 1.924959558837751561e-16 6.830152759964791519e-17
2.028928390693843539e+03 2.498891288928393527e-16 7.407817111667491093e-17
2.030476753161530496e+03 2.558360738488606884e-16 7.365018602699250014e-17
2.032025115629217453e+03 2.738898048074943571e-16 7.461191387388439936e-17
2.033573478096904410e+03 2.023816433684176972e-16 6.743801696662776389e-17
2.035121840564591366e+03 2.676622105699326683e-16 7.314550412759122939e-17
2.036670203032278323e+03 1.803159500790222962e-16 6.568258451539514559e-17
2.038218565499965280e+03 2.386807778142558300e-16 7.069564963114237359e-17
2.039766927967652236e+03 2.352818382674729274e-16 7.060384134477551379e-17
2.041315290435339193e+03 1.837590951533891144e-16 6.474875905152563192e-17
2.042863652903026150e+03 2.030189966921256996e-16 6.693223358497015277e-17
2.044412015370713107e+03 1.585889331112437195e-16 6.142482128050579586e-17
2.045960377838400063e+03 2.647599029404077853e-16 7.033730157110367972e-17
2.047508740306087020e+03 3.103650295579014537e-16 7.296177903766821815e-17
2.049057102773774204e+03 3.353155152077426861e-16 7.530264705147067688e-17
2.050605465241460934e+03 1.862875462390946033e-16 6.393512512136816054e-17
2.052153827709147663e+03 1.197292513304035007e-16 5.791839542938863183e-17
2.053702190176834847e+03 1.345633201048337523e-16 5.874315473635960933e-17
2.055250552644522031e+03 1.839817579848522414e-16 6.257302903908680163e-17
2.056798915112208761e+03 1.366600488215387161e-16 5.850449868098628688e-17
2.058347277579895490e+03 1.979558247060121283e-16 6.329868072963305995e-17
2.059895640047582674e+03 1.326745791723785207e-16 5.731580426509396708e-17
2.061444002515269858e+03 1.713665818867787150e-16 6.007444741298118085e-17
2.062992364982956587e+03 2.298070417691561866e-16 6.355591621948459174e-17
2.064540727450643317e+03 1.852533674896168036e-16 6.093206892326146081e-17
2.066089089918330501e+03 1.674059157018187459e-16 5.967668077334042104e-17
2.067637452386017685e+03 1.160359969413287207e-16 5.401416226892985665e-17
2.069185814853704414e+03 1.111662159260792720e-16 5.429932882327390587e-17
2.070734177321391144e+03 9.478018985284959603e-17 5.277434353145229182e-17
2.072282539789078328e+03 7.604863866022379241e-17 4.894843651498451358e-17
2.073830902256765512e+03 1.424020549585125540e-16 5.590306704954475298e-17
2.075379264724452241e+03 1.509264725486111011e-16 5.391373693226109838e-17
2.076927627192138971e+03 3.215704854350147612e-16 6.859511921710123051e-17
2.078475989659826155e+03 1.889242081570809544e-16 5.867440015910593179e-17
2.080024352127513339e+03 1.351585217668803081e-16 5.477897212397338863e-17
2.081572714595200068e+03 9.337895011805273125e-17 5.044539276743087524e-17
2.083121077062886798e+03 2.009242935475748256e-16 5.798633008776332884e-17
2.084669439530573982e+03 1.641999277172055031e-16 5.565668042911550293e-17
2.086217801998261166e+03 1.318437268415425681e-16 5.227258392697584124e-17
2.087766164465947895e+03 1.650540240397991027e-16 5.595318841686193916e-17
2.089314526933634625e+03 1.054114844950809000e-16 4.886258140311545906e-17
2.090862889401321809e+03 2.352476185920283963e-16 5.902041845796681788e-17
2.092411251869008993e+03 1.960804213062383586e-16 5.760166324406181305e-17
2.093959614336695722e+03 9.159539270335101425e-17 4.818775198829833987e-17
2.095507976804382452e+03 4.320410127083366176e-17 4.177972183057598100e-17
2.097056339272069636e+03 2.034381637756634386e-16 5.574310490829402254e-17
2.098604701739756820e+03 2.042510897497903965e-16 5.645589097389117379e-17
2.100153064207443549e+03 1.805242393824941034e-16 5.558837603870193368e-17
2.101701426675130278e+03 1.434119466305511026e-16 5.197756358108224076e-17
2.103249789142817463e+03 6.793086795829782023e-17 4.377372625116191956e-17
2.104798151610504647e+03 1.353604451106787266e-16 5.005564066533647572e-17
2.106346514078191376e+03 1.436787630822758609e-16 4.986861507297426230e-17
2.107894876545878105e+03 1.285064062473392687e-16 5.064842120516950477e-17
2.109443239013565289e+03 1.045555991516968063e-16 4.571833189429787201e-17
2.110991601481252474e+03 2.087992182683235807e-16 5.386291670511540232e-17
2.112539963948939203e+03 2.041220807573720400e-16 5.578016024384936682e-17
2.114088326416625932e+03 3.007865344460460683e-17 3.746425449682550366e-17
2.115636688884313116e+03 1.709593486955800016e-16 5.228257618127497474e-17
2.117185051352000301e+03 1.605648345200880197e-16 4.862835513956129743e-17
2.118733413819687030e+03 1.991411727246001663e-16 5.265336447233058375e-17
2.120281776287373759e+03 1.901995094027258762e-16 5.327381074894859144e-17
2.121830138755060943e+03 1.286196790673823500e-16 4.639186632057882160e-17
2.123378501222748127e+03 2.248375146159261323e-16 5.551989394103691187e-17
2.124926863690434857e+03 1.624340178548618307e-16 4.876594384008073406e-17
2.126475226158121586e+03 1.632996849402448894e-16 4.984473844123924101e-17
2.128023588625808770e+03 9.646069569920949286e-17 4.427241567501284360e-17
2.129571951093495954e+03 1.188179550350860919e-16 4.523406174943199868e-17
2.131120313561182684e+03 1.778442154926896624e-16 5.094815823514798224e-17
2.132668676028869413e+03 7.138903003748233348e-17 4.044735032309245974e-17
2.134217038496556597e+03 1.299202085773430104e-16 4.661841275030577708e-17
2.135765400964243781e+03 8.883830231675916351e-17 4.246077892203003357e-17
2.137313763431930511e+03 1.012857337250247688e-16 4.251007903297012361e-17
2.138862125899617240e+03 1.410324467279388976e-16 4.756208403039464647e-17
2.140410488367304424e+03 6.026635064120565092e-17 4.008460949835556482e-17
2.141958850834991608e+03 4.918122004901821519e-17 3.764355451801393806e-17
2.143507213302678338e+03 1.222130760423700902e-16 4.535903065978357765e-17
2.145055575770365067e+03 1.178158119099595042e-16 4.328276519175154398e-17
2.146603938238052251e+03 1.591779073284599155e-16 4.681649317349647384e-17
2.148152300705739435e+03 1.156780498489408224e-16 4.333694899416171292e-17
2.149700663173426165e+03 1.273311677219877288e-16 4.376287494283231781e-17
2.151249025641112894e+03 1.338414137879047797e-16 4.423128439021952066e-17
2.152797388108800078e+03 1.774866097255052672e-16 4.762102607276360460e-17
2.154345750576487262e+03 1.256319423324765146e-16 4.356623964162432166e-17
2.155894113044173992e+03 1.568444876738781384e-16 4.579049673962881596e-17
2.157442475511860721e+03 1.548084250474593587e-16 4.609523886363639356e-17
2.158990837979547905e+03 7.845889704551731201e-17 3.886056489585677850e-17
2.160539200447235089e+03 9.701022402882000934e-17 4.081468194063567936e-17
2.162087562914921818e+03 6.404598250792295802e-17 3.754404925877184142e-17
2.163635925382608548e+03 8.982428104115575989e-17 3.884869148775684706e-17
2.165184287850295732e+03 1.014193949870700543e-16 4.150668012195995607e-17
2.166732650317982916e+03 8.287015747696485465e-17 3.944746702215832143e-17
2.168281012785669645e+03 9.900345724640901411e-17 3.948799202649544250e-17
2.169829375253356375e+03 1.276244575741240598e-16 4.203763153020786417e-17
2.171377737721043559e+03 9.110928735450787662e-17 3.948394466856687097e-17
2.172926100188730743e+03 9.127553619999022818e-17 3.977798858087493439e-17
2.174474462656417472e+03 4.293648449549475544e-17 3.400878028972651099e-17
2.176022825124104202e+03 1.411524202814242486e-16 4.373544168438038206e-17
2.177571187591791386e+03 1.240296281674842360e-16 4.198032684085860819e-17
2.179119550059478570e+03 5.530521485162910366e-17 3.504586175333480536e-17
2.180667912527165299e+03 1.358656995183202613e-16 4.226790798801105124e-17
2.182216274994852029e+03 1.401722305530041515e-16 4.104045298491265267e-17
2.183764637462539213e+03 1.454813998283923265e-16 4.408592655808479363e-17
2.185312999930226397e+03 3.023683610130569939e-17 3.348622883583248307e-17
2.186861362397913126e+03 6.344557508872720034e-17 3.568970454912300393e-17
2.188409724865599856e+03 6.557949025313993338e-17 3.513597865721599153e-17
2.189958087333287040e+03 1.165035891149520661e-16 3.974330656361628344e-17
2.191506449800974224e+03 9.050370964405394319e-17 3.737697433578803469e-17
2.193054812268660953e+03 4.714186425193485510e-17 3.553136813876969795e-17
2.194603174736347682e+03 1.027917054257981788e-17 2.928922997518784135e-17
2.196151537204034867e+03 7.456522527719849284e-17 3.624549049033894323e-17
2.197699899671722051e+03 6.934009881861034213e-17 3.389165718426834319e-17
2.199248262139408780e+03 1.927566404924651200e-16 4.456487331171820656e-17
2.200796624607095509e+03 1.718870721286820409e-16 4.462761639127334768e-17
2.202344987074782694e+03 7.110223523576342332e-17 3.531698372803581435e-17
2.203893349542469878e+03 7.158363282483400864e-17 3.583630217710026846e-17
2.205441712010156607e+03 4.589725823042462073e-17 3.372311348117536680e-17
2.206990074477843336e+03 2.856790537538534375e-17 3.113357087262176606e-17
2.208538436945530520e+03 7.329199163532921906e-17 3.548867566842584634e-17
2.210086799413217705e+03 9.936862526377451622e-17 3.766839241358538191e-17
2.211635161880904434e+03 4.884255540469920719e-17 3.348057229038178405e-17
2.213183524348591163e+03 4.165104305677269568e-17 3.144968109267037629e-17
2.214731886816278347e+03 1.267943458551615503e-16 3.924170554816808351e-17
2.216280249283965532e+03 8.848318473064027961e-17 3.632174622308326860e-17
2.217828611751652261e+03 7.864477865140214592e-17 3.408913667949950867e-17
2.219376974219338990e+03 1.605137134469039034e-16 4.139936843973120806e-17
2.220925336687026174e+03 1.284019524855249145e-16 3.956713095127568709e-17
2.222473699154713358e+03 6.109801580048448399e-17 3.376088599654800735e-17
2.224022061622400088e+03 2.634904730746855952e-17 3.144598511299818027e-17
2.225570424090086817e+03 1.504799463721966659e-17 2.887676247135398698e-17
2.227118786557774001e+03 4.257202574951628862e-17 3.060375140753281411e-17
2.228667149025461185e+03 1.181295589206787483e-16 3.747435808439866015e-17
2.230215511493147915e+03 1.373362413505871270e-16 3.902605012155181020e-17
2.231763873960834644e+03 8.512682571654789420e-17 3.368249882132310183e-17
2.233312236428521828e+03 1.667671047118000958e-16 4.113854624275002746e-17
2.234860598896209012e+03 9.769821870233042006e-17 3.592404164771719183e-17
2.236408961363895742e+03 9.730772561854607040e-17 3.483735700771830773e-17
2.237957323831582471e+03 1.079767876938533283e-16 3.621299137007422385e-17
2.239505686299269655e+03 7.832630221039243083e-17 3.365267708274137405e-17
2.241054048766956839e+03 9.136196347471029626e-17 3.566642826137995378e-17
2.242602411234643569e+03 6.205886209375363067e-17 3.184246113033913517e-17
2.244150773702330298e+03 8.898609763858621360e-17 3.598589532991788832e-17
2.245699136170017482e+03 9.503663793045922574e-18 2.796794801858414404e-17
2.247247498637704666e+03 6.346178048949515560e-17 3.148284767859947796e-17
2.248795861105391396e+03 1.111261231038997715e-16 3.698319381318505001e-17
2.250344223573078125e+03 7.611436882601892186e-17 3.276385911779516496e-17
2.251892586040765309e+03 1.125109576768001748e-16 3.645200939564619829e-17
2.253440948508452493e+03 8.340039469984275169e-17 3.201424208645090739e-17
2.254989310976139222e+03 1.901037814987455506e-16 4.128000064972978691e-17
2.256537673443825952e+03 1.396644859831030297e-16 3.841689354100102416e-17
2.258086035911513136e+03 8.581733741995102333e-17 3.353914293143700139e-17
2.259634398379200320e+03 7.857355451563130718e-17 3.366708536280876731e-17
2.261182760846887049e+03 5.836457081887504495e-17 3.061369341932644463e-17
2.262731123314573779e+03 1.124175419522833809e-16 3.618330366676980654e-17
2.264279485782260963e+03 9.462644247758913560e-17 3.344547153954988098e-17
2.265827848249948147e+03 1.477312068807155350e-16 3.737602136096443335e-17
2.267376210717634876e+03 1.430671417351051549e-16 3.805843489912052357e-17
2.268924573185321606e+03 9.528810448812069386e-17 3.449650313118846662e-17
2.270472935653008790e+03 4.574604492857798295e-17 2.888335176062744629e-17
2.272021298120695974e+03 1.408297918229088281e-16 3.729921326668132006e-17
2.273569660588382703e+03 1.310189410144098711e-16 3.499201867901814439e-17
2.275118023056069433e+03 1.834459776553941475e-16 3.884295171132379124e-17
2.276666385523756617e+03 2.120606730036817377e-16 4.208989728624129142e-17
2.278214747991443801e+03 1.246931637272603528e-16 3.534498169435252411e-17
2.279763110459130530e+03 1.707818130251613992e-16 3.871753517942184970e-17
2.281311472926817260e+03 2.224353703765364908e-16 4.069203339790615190e-17
2.282859835394504444e+03 2.530420862649841022e-16 4.358650559473717298e-17
2.284408197862191628e+03 1.651964333185771019e-16 3.816692120693869542e-17
2.285956560329878357e+03 1.645072716293597661e-16 3.731464950907590008e-17
2.287504922797565087e+03 1.921926621510003792e-16 3.909840584367128809e-17
2.289053285265252271e+03 2.767320312852154818e-16 4.411353871794302958e-17
2.290601647732939455e+03 2.260805647161681563e-16 4.238159385824544793e-17
2.292150010200626184e+03 1.632537823236533982e-16 3.725253658230798987e-17
2.293698372668312913e+03 1.925680282029844485e-16 3.988723529884749061e-17
2.295246735136000098e+03 1.636101400065442269e-16 3.723395630932551342e-17
2.296795097603687282e+03 2.118928111571142557e-16 3.973302453603821138e-17
2.298343460071374011e+03 2.514475206618274549e-16 4.374480859961791725e-17
2.299891822539060740e+03 1.750989421005666591e-16 3.776208100654483877e-17
2.301440185006747924e+03 2.231077597115079459e-16 4.025865454305610645e-17
2.302988547474435109e+03 2.619115230915082416e-16 4.361255490465735014e-17
2.304536909942121838e+03 2.424166022534674314e-16 4.139270632821336369e-17
2.306085272409808567e+03 2.815365811887529967e-16 4.367339415693059632e-17
2.307633634877495751e+03 3.657223064512331252e-16 4.772015336219920721e-17
2.309181997345182936e+03 3.600068863311732695e-16 4.778366723543540633e-17
2.310730359812869665e+03 3.042342929384446822e-16 4.499769062696822714e-17
2.312278722280556394e+03 3.256402484385695049e-16 4.530158404047686082e-17
2.313827084748243578e+03 3.309535996102379043e-16 4.690910716692626850e-17
2.315375447215930762e+03 2.823303691897181951e-16 4.366126475411157266e-17
2.316923809683617492e+03 2.201600044810913011e-16 4.045194394271779881e-17
2.318472172151304221e+03 2.329389344247197721e-16 4.024226669659062008e-17
2.320020534618991405e+03 2.997315098654447995e-16 4.392669057535455887e-17
2.321568897086678589e+03 3.122456431413823148e-16 4.497565457542850246e-17
2.323117259554365319e+03 3.372692961343098843e-16 4.584354159476489150e-17
2.324665622022052048e+03 4.001223354954730873e-16 4.876300042965331242e-17
2.326213984489739232e+03 3.652085777882063203e-16 4.682215016679405360e-17
2.327762346957426416e+03 3.731683504868024740e-16 4.847652972717814136e-17
2.329310709425113146e+03 3.195751676740951337e-16 4.499589093057153751e-17
2.330859071892799875e+03 3.085981547152310860e-16 4.518648956392944838e-17
2.332407434360487059e+03 2.699948668559023051e-16 4.204044634372473158e-17
2.333955796828174243e+03 3.240023563977130793e-16 4.562783843253809803e-17
2.335504159295860973e+03 3.623930299986288163e-16 4.569160772406331506e-17
2.337052521763547702e+03 4.006706604090354136e-16 4.823119986078170682e-17
2.338600884231234886e+03 4.772074424026103731e-16 5.249094929603743817e-17
2.340149246698922070e+03 4.083820127113935951e-16 4.826634818433081806e-17
2.341697609166608800e+03 4.751801873455994382e-16 5.269682528068290080e-17
2.343245971634295529e+03 3.802840191591228931e-16 4.788056259002654895e-17
2.344794334101982713e+03 2.985365066008536810e-16 4.401559952565409990e-17
2.346342696569669897e+03 3.477470926760437885e-16 4.624252521772522350e-17
2.347891059037356627e+03 3.084777407466949567e-16 4.331948532237736520e-17
2.349439421505043356e+03 3.777171358592619344e-16 4.704181408543973241e-17
2.350987783972730540e+03 4.361814691287771858e-16 4.978571901678525600e-17
2.352536146440417724e+03 4.193055307555803623e-16 4.965566107573859918e-17
2.354084508908104453e+03 3.342274251036850472e-16 4.593718079930868670e-17
2.355632871375791183e+03 2.974014941157014579e-16 4.370660387927781087e-17
2.357181233843478367e+03 2.784995502365580088e-16 4.143213696038610673e-17
2.358729596311165551e+03 3.686084081933266735e-16 4.749284643120077815e-17
2.360277958778852280e+03 3.275071055903399165e-16 4.425097558726485813e-17
2.361826321246539010e+03 3.527227374835074237e-16 4.514584835253070675e-17
2.363374683714226194e+03 4.423782284658151025e-16 5.042967648289272133e-17
2.364923046181913378e+03 3.774315340017835667e-16 4.625022310197988276e-17
2.366471408649600107e+03 4.751559045305159026e-16 5.134701884875724948e-17
2.368019771117286837e+03 4.909788940704901697e-16 5.228685752054121093e-17
2.369568133584974021e+03 3.717607683350686398e-16 4.633781638967423606e-17
2.371116496052661205e+03 4.254169867120604039e-16 4.880741291104043865e-17
2.372664858520347934e+03 4.454005300731239575e-16 4.935401729195733207e-17
2.374213220988034664e+03 4.480719284222979597e-16 5.115451437341892912e-17
2.375761583455721848e+03 3.076238126208748009e-16 4.424351973415905783e-17
2.377309945923409032e+03 2.770797243794965646e-16 4.172280409797645272e-17
2.378858308391095761e+03 3.505360589415807302e-16 4.509336411270026176e-17
2.380406670858782491e+03 3.777116716078042059e-16 4.626522824798964021e-17
2.381955033326469675e+03 3.600880110889775276e-16 4.624934181028117445e-17
2.383503395794156859e+03 3.260368363051824438e-16 4.467956104520358461e-17
2.385051758261843588e+03 2.635450190216012327e-16 4.095083607197231354e-17
2.386600120729530317e+03 2.907033715065464458e-16 4.303977898681380846e-17
2.388148483197217502e+03 3.231079353420034624e-16 4.288247682068558697e-17
2.389696845664904686e+03 3.868995504419928170e-16 4.717256429132283509e-17
2.391245208132591415e+03 3.868187519701477878e-16 4.703298310689285269e-17
2.392793570600278144e+03 3.194630289573620634e-16 4.371304807758503359e-17
2.394341933067965329e+03 3.347840600835363245e-16 4.507799770194911329e-17
2.395890295535652513e+03 2.792580732881644671e-16 4.144704995820565168e-17
2.397438658003339242e+03 3.635146395218967643e-16 4.564136136180654618e-17
2.398987020471025971e+03 3.790071132351984911e-16 4.604334756294690299e-17
2.400535382938713155e+03 4.069214617093563643e-16 4.722960974546575970e-17
2.402083745406400340e+03 4.512038762715281201e-16 4.943398951930805660e-17
2.403632107874087069e+03 3.595031500331695786e-16 4.552514058222676316e-17
2.405180470341773798e+03 3.485037848828410918e-16 4.543808402385180444e-17
2.406728832809460982e+03 3.285175878322863591e-16 4.340360190044090475e-17
2.408277195277148166e+03 3.969095476397573661e-16 4.704378494174378580e-17
2.409825557744834896e+03 3.997196267102792195e-16 4.717591275793404077e-17
2.411373920212521625e+03 3.627138246088647995e-16 4.459618986358114533e-17
2.412922282680208809e+03 4.390845126574196131e-16 4.966536733663949485e-17
2.414470645147895993e+03 3.246189808572605924e-16 4.361808831047024570e-17
2.416019007615582723e+03 3.201539917485704035e-16 4.315674348379741681e-17
2.417567370083269452e+03 3.668523470826709433e-16 4.580209818815708947e-17
2.419115732550956636e+03 3.099671368837883135e-16 4.365914994997038214e-17
2.420664095018643820e+03 3.059019270834697560e-16 4.204471720181178817e-17
2.422212457486330550e+03 3.586336390816436400e-16 4.627008831701086502e-17
2.423760819954017279e+03 2.764524723268687801e-16 4.116552099191533976e-17
2.425309182421704463e+03 2.692256424726847881e-16 4.016347384370816969e-17
2.426857544889391647e+03 3.109214915779513291e-16 4.362859524356643745e-17
2.428405907357078377e+03 2.810552062957483126e-16 4.091984335554014220e-17
2.429954269824765106e+03 3.309671879300252327e-16 4.367666880372920904e-17
2.431502632292452290e+03 3.551120449715753126e-16 4.476345350746782674e-17
2.433050994760139474e+03 3.863323479637818078e-16 4.648903273485033179e-17
2.434599357227826204e+03 3.733451745839386099e-16 4.639942511156152727e-17
2.436147719695512933e+03 2.946561025312607840e-16 4.253443088850402921e-17
2.437696082163200117e+03 3.048603599669526662e-16 4.273790635556068873e-17
2.439244444630887301e+03 2.962054944377179996e-16 4.283100456374024896e-17
2.440792807098574031e+03 2.777950561457961587e-16 4.111950215526548582e-17
2.442341169566260760e+03 2.656086623914591836e-16 4.032010817880553396e-17
2.443889532033947944e+03 2.791252856759251351e-16 4.186563911046262515e-17
2.445437894501635128e+03 2.845801990372052196e-16 4.075555954279456661e-17
2.446986256969321857e+03 3.490734949894863401e-16 4.537535941651008355e-17
2.448534619437008587e+03 3.146684794960312516e-16 4.234695145870867778e-17
2.450082981904695771e+03 3.765969819376249526e-16 4.622111270525310167e-17
2.451631344372382955e+03 3.747562726752289138e-16 4.657972039605328563e-17
2.453179706840069684e+03 3.054203638233136013e-16 4.272911110497886769e-17
2.454728069307756414e+03 2.834115902901822019e-16 4.181580454265727817e-17
2.456276431775443598e+03 2.739124408581317696e-16 3.948173725418790146e-17
2.457824794243130782e+03 3.897416620455409746e-16 4.593024575411972402e-17
2.459373156710817511e+03 4.181663775019695494e-16 4.731622195873423869e-17
2.460921519178504241e+03 4.174441619313947047e-16 4.840110119669090034e-17
2.462469881646191425e+03 3.294805734438351711e-16 4.352701816674934423e-17
2.464018244113878609e+03 3.295875128713070673e-16 4.401591380270914726e-17
2.465566606581565338e+03 3.222924822825533547e-16 4.281659010234277338e-17
2.467114969049252068e+03 3.566091396433751615e-16 4.452190270579398686e-17
2.468663331516939252e+03 3.654620605447105260e-16 4.444659384314849542e-17
2.470211693984626436e+03 4.870163105256822613e-16 5.111766037581955506e-17
2.471760056452313165e+03 4.402257272410491469e-16 4.774569869069425406e-17
2.473308418919999895e+03 4.697667300961745061e-16 5.152335750823601251e-17
2.474856781387687079e+03 3.549400851048965005e-16 4.391527402314488894e-17
2.476405143855374263e+03 4.435814886960975089e-16 4.925125448778462203e-17
2.477953506323060992e+03 4.085516093978131263e-16 4.657550002223755747e-17
2.479501868790747722e+03 5.231265031256030063e-16 5.109203632933210372e-17
2.481050231258434906e+03 5.051625699214336340e-16 5.067610064027996245e-17
2.482598593726122090e+03 5.531257852084220274e-16 5.426015966675296582e-17
2.484146956193808819e+03 4.623257983269805653e-16 4.809838897596181869e-17
2.485695318661495548e+03 4.741739020465535410e-16 4.986164666407619288e-17
2.487243681129182733e+03 5.282807460871205768e-16 5.209185072728934926e-17
2.488792043596869917e+03 5.312304116629765537e-16 5.137826782003026277e-17
2.490340406064556646e+03 5.827730259653245035e-16 5.516195106899126693e-17
2.491888768532243375e+03 4.308275600949445741e-16 4.790073976257850721e-17
2.493437130999930559e+03 5.099828968280772980e-16 5.070056016117208598e-17
2.494985493467617744e+03 5.771907523249053998e-16 5.348972894578292679e-17
2.496533855935304473e+03 6.342934224724253409e-16 5.533779881664977182e-17
2.498082218402991202e+03 6.989601158372127549e-16 5.860723142000874277e-17
2.499630580870678386e+03 5.835552550174318802e-16 5.318766768334853897e-17
2.501178943338365571e+03 7.018301254722298719e-16 5.860701618022299690e-17
2.502727305806052300e+03 6.420494361536942368e-16 5.561788366055354287e-17
2.504275668273739029e+03 6.303825121926969084e-16 5.614761206878123720e-17
2.505824030741426213e+03 6.501718744028310421e-16 5.590032063312955441e-17
2.507372393209113397e+03 7.494279958312335805e-16 5.934603238747158517e-17
2.508920755676800127e+03 7.791606884784418296e-16 6.175575646461428481e-17
2.510469118144486856e+03 6.732547504453471613e-16 5.722045212444939320e-17
2.512017480612174040e+03 7.131355521871635999e-16 5.829807007094580674e-17
2.513565843079861224e+03 8.562445261404184041e-16 6.270693384388654908e-17
2.515114205547547954e+03 8.704702816006653084e-16 6.357627641087188140e-17
2.516662568015234683e+03 8.125895533164902045e-16 6.281117756967574654e-17
2.518210930482921867e+03 7.375358334553959610e-16 5.848207979096954629e-17
2.519759292950609051e+03 8.386083473661665279e-16 6.323138794759985326e-17
2.521307655418295781e+03 8.133488722154039320e-16 6.282060492593145121e-17
2.522856017885982510e+03 8.031217208412353612e-16 6.077986336990488648e-17
2.524404380353669694e+03 7.913597563911947120e-16 6.131435367110755855e-17
2.525952742821356878e+03 8.863950467402382715e-16 6.413712533585006617e-17
2.527501105289043608e+03 9.204624840719170946e-16 6.572076141579472092e-17
2.529049467756730337e+03 9.214617108535740016e-16 6.514269202641920604e-17
2.530597830224417521e+03 9.928387564494660475e-16 6.694309456712234682e-17
2.532146192692104705e+03 9.873810655246054081e-16 6.843354915244456371e-17
2.533694555159791435e+03 8.944531232318422356e-16 6.388969893804078022e-17
2.535242917627478164e+03 9.720168325494723704e-16 6.663456696818678401e-17
2.536791280095165348e+03 1.014863068713717652e-15 6.906248900184539965e-17
2.538339642562852532e+03 9.726711559129168512e-16 6.642567333998957320e-17
2.539888005030539261e+03 1.023130532543454230e-15 6.902897102576275987e-17
2.541436367498225991e+03 9.862101315586602506e-16 6.665702362695647209e-17
2.542984729965913175e+03 1.107633334954553531e-15 7.163873523553304531e-17
2.544533092433600359e+03 9.292117627154754280e-16 6.651879566956692025e-17
2.546081454901287088e+03 9.880611319220796324e-16 6.522453617194486302e-17
2.547629817368973818e+03 1.136069465421296133e-15 7.328169079737460864e-17
2.549178179836661002e+03 9.096325585845645129e-16 6.458249663279587634e-17
2.550726542304348186e+03 9.664111428854071171e-16 6.681868265776338985e-17
2.552274904772034915e+03 1.006224180516396283e-15 6.821010062852611915e-17
2.553823267239721645e+03 1.113480641055532952e-15 7.052778992251151241e-17
2.555371629707408829e+03 1.028636164201122718e-15 7.020553395638160655e-17
2.556919992175096013e+03 9.997313727246063759e-16 6.828256326951050891e-17
2.558468354642782742e+03 9.548303022182326120e-16 6.623413779402210465e-17
2.560016717110469472e+03 9.380410226312175128e-16 6.699466349473787714e-17
2.561565079578156656e+03 9.415155656645095785e-16 6.624019535318695012e-17
2.563113442045843840e+03 8.797696900467332561e-16 6.476210898832286042e-17
2.564661804513530569e+03 8.293009379703632596e-16 6.321944867466992970e-17
2.566210166981217299e+03 9.440284720181294016e-16 6.597999388495152261e-17
2.567758529448904483e+03 8.893602495263096097e-16 6.554676504265826072e-17
2.569306891916591667e+03 8.365534735627405149e-16 6.270091018031989359e-17
2.570855254384278396e+03 8.925392190361149659e-16 6.512973275931632557e-17
2.572403616851965126e+03 7.443941989960773556e-16 6.002294896553198356e-17
2.573951979319652310e+03 8.567531448638042435e-16 6.463974427593387166e-17
2.575500341787339494e+03 7.270447215263930127e-16 6.050277068691267934e-17
2.577048704255026223e+03 7.312295729526353020e-16 5.960528225691724043e-17
2.578597066722712952e+03 8.540691170745652955e-16 6.440011321949520787e-17
2.580145429190400137e+03 7.781453481178494515e-16 6.091913803832476519e-17
2.581693791658087321e+03 8.033971122261357214e-16 6.314293465862854446e-17
2.583242154125774050e+03 6.993490747856186509e-16 5.862725683499181380e-17
2.584790516593460779e+03 6.644031664824643226e-16 5.863448203078947514e-17
2.586338879061147964e+03 6.095242373424481266e-16 5.560455765033272878e-17
2.587887241528835148e+03 6.197387335077252555e-16 5.807944163978755122e-17
2.589435603996521877e+03 4.683272139157316577e-16 4.996086847720733212e-17
2.590983966464208606e+03 4.745011164272590327e-16 4.940442007665340293e-17
2.592532328931895790e+03 6.852425769707317196e-16 5.901947175008081094e-17
2.594080691399582975e+03 6.597961173912671615e-16 5.883960163274368382e-17
2.595629053867269704e+03 6.161827187944854338e-16 5.668316385508570279e-17
2.597177416334956433e+03 6.455675127342415078e-16 5.878481485197905086e-17
2.598725778802643617e+03 4.769102819541961537e-16 5.202596153440376162e-17
2.600274141270330801e+03 3.217344548750997419e-16 4.395627334996972212e-17
2.601822503738017531e+03 4.184256638380430094e-16 4.724492160009356665e-17
2.603370866205704260e+03 6.037018151588951215e-16 5.680612924210633425e-17
2.604919228673391444e+03 5.644405846655010365e-16 5.528680760894245153e-17
2.606467591141078628e+03 5.475276222122509337e-16 5.441194877353864779e-17
2.608015953608765358e+03 5.544475782376088183e-16 5.434838211925172936e-17
2.609564316076452087e+03 5.308555998247991356e-16 5.329048154467828121e-17
2.611112678544139271e+03 5.788103293720976545e-16 5.671595487140727969e-17
2.612661041011826455e+03 3.742737446587495026e-16 4.681657326454674197e-17
2.614209403479513185e+03 3.439982642599476303e-16 4.605558240572483271e-17
2.615757765947199914e+03 3.866096454238982528e-16 4.721937089106329826e-17
2.617306128414887098e+03 5.015448572203611093e-16 5.305282525032976442e-17
2.618854490882574282e+03 4.400274834429393267e-16 5.113275158489041378e-17
2.620402853350261012e+03 4.023830616782280481e-16 4.851552701438536351e-17
2.621951215817947741e+03 5.175059985778226592e-16 5.307787456385559807e-17
2.623499578285634925e+03 5.700074527629191870e-16 5.443150831709123313e-17
2.625047940753322109e+03 7.009715004142678937e-16 6.091167403411872677e-17
2.626596303221008839e+03 6.332636843578148492e-16 5.846596681252531298e-17
2.628144665688695568e+03 5.836481690364624745e-16 5.605364239614828960e-17
2.629693028156382752e+03 5.984740316425262450e-16 5.643472120202033331e-17
2.631241390624069936e+03 7.585266874376275553e-16 6.325065789280081117e-17
2.632789753091756666e+03 6.949320203976720446e-16 5.997082696558082058e-17
2.634338115559443395e+03 7.821008167362545316e-16 6.378709875442586901e-17
2.635886478027130579e+03 7.557032720237086974e-16 6.326639110503016815e-17
2.637434840494817763e+03 7.251853339642968340e-16 6.152872285998921117e-17
2.638983202962504492e+03 7.392215324026761886e-16 6.215576030365121896e-17
2.640531565430191222e+03 8.157466457283090319e-16 6.536189661423769616e-17
2.642079927897878406e+03 7.845863872038639381e-16 6.303940604662389894e-17
2.643628290365565590e+03 1.001794849463332965e-15 7.112258612386806870e-17
2.645176652833252319e+03 9.551995651788112000e-16 6.978803073046148877e-17
2.646725015300939049e+03 8.671424777661311731e-16 6.713265588102850048e-17
2.648273377768626233e+03 9.294344629263956715e-16 6.898297629988758366e-17
2.649821740236313417e+03 9.155165884640082977e-16 6.954580065044601045e-17
2.651370102704000146e+03 9.616917587160810838e-16 6.980560620484755827e-17
2.652918465171686876e+03 1.019347682535727028e-15 7.150806404056577762e-17
2.654466827639374060e+03 1.060422126143392148e-15 7.373626626343193253e-17
2.656015190107061244e+03 1.011870298686622084e-15 7.205314865439530410e-17
2.657563552574747973e+03 9.630347588716761964e-16 7.026742072903815817e-17
2.659111915042434703e+03 9.785082210151921234e-16 7.044159058421210846e-17
2.660660277510121887e+03 1.166279757132483643e-15 7.847910557162087247e-17
2.662208639977809071e+03 9.680466679835473105e-16 7.067129919925094634e-17
2.663757002445495800e+03 1.131511372090596247e-15 7.650784189199359609e-17
2.665305364913182530e+03 1.228255136428418497e-15 7.904100196784901784e-17
2.666853727380869714e+03 1.183524467717729688e-15 7.782244831191719288e-17
2.668402089848556898e+03 1.233463220042305764e-15 7.908898213467178984e-17
2.669950452316243627e+03 1.215574254279209875e-15 7.918144487650054457e-17
2.671498814783930356e+03 1.134949884924578442e-15 7.772429158237999755e-17
2.673047177251617541e+03 1.310787058190102899e-15 8.126708111592838819e-17
2.674595539719304725e+03 1.300469480523905703e-15 8.274202122720837411e-17
2.676143902186991454e+03 1.445111685439051403e-15 8.576371444738488717e-17
2.677692264654678183e+03 1.440442844115651104e-15 8.554812013805630175e-17
2.679240627122365368e+03 1.270667152571579776e-15 8.148427439863410189e-17
2.680788989590052552e+03 1.261084548498904728e-15 8.032288549159712733e-17
2.682337352057739281e+03 1.374341562168269867e-15 8.410125955617199782e-17
2.683885714525426010e+03 1.488283653447958304e-15 8.912369418232096505e-17
2.685434076993113194e+03 1.504765765211896093e-15 8.844536233628881483e-17
2.686982439460800379e+03 1.287683909415550643e-15 8.228035087507586013e-17
2.688530801928487108e+03 1.603197978237479109e-15 9.160762928572385352e-17
2.690079164396173837e+03 1.441728728406203464e-15 8.658822559366282533e-17
2.691627526863861021e+03 1.702348271045311360e-15 9.398143190893833860e-17
2.693175889331548206e+03 1.641057646927776388e-15 9.426644255135191234e-17
2.694724251799234935e+03 1.622759259947736683e-15 9.155873869221340752e-17
2.696272614266921664e+03 1.554254793235592961e-15 8.958611735033685420e-17
2.697820976734608848e+03 1.555711242550691771e-15 9.180695408554920965e-17
2.699369339202296032e+03 1.676513739104200734e-15 9.343201984714683784e-17
2.700917701669982762e+03 1.627504562274473430e-15 9.307548014922632871e-17
2.702466064137669491e+03 1.634191880148003807e-15 9.473227772182964362e-17
2.704014426605356675e+03 1.655038126428347952e-15 9.280563212386802247e-17
2.705562789073043859e+03 1.916736732119228534e-15 1.008023935768835686e-16
2.707111151540730589e+03 2.042518711084973791e-15 1.032968605907335295e-16
2.708659514008417318e+03 1.828564955615729772e-15 9.903704885084010619e-17
2.710207876476104502e+03 1.887390680973154160e-15 1.001318111766627880e-16
2.711756238943791686e+03 2.144615044705856087e-15 1.064322707669921859e-16
2.713304601411478416e+03 2.272430162842156288e-15 1.098396929093264955e-16
2.714852963879165145e+03 2.055255344319308335e-15 1.050473770663977026e-16
2.716401326346852329e+03 2.137000376278462443e-15 1.060272956530594131e-16
2.717949688814539513e+03 2.320533588348576499e-15 1.109606884094605744e-16
2.719498051282226243e+03 2.358981793449807460e-15 1.137914036777649829e-16
2.721046413749912972e+03 2.533846420854046255e-15 1.155348777832493435e-16
2.722594776217600156e+03 2.511510422648898268e-15 1.155644089076817513e-16
2.724143138685287340e+03 2.599111680098713949e-15 1.201536757127976489e-16
2.725691501152974070e+03 2.519497167875059712e-15 1.178978645667935507e-16
2.727239863620660799e+03 2.674254643948866875e-15 1.213309597519282336e-16
2.728788226088347983e+03 2.596568564095736010e-15 1.179724518537792466e-16
2.730336588556035167e+03 2.779527585908149756e-15 1.238990310087323438e-16
2.731884951023721896e+03 2.558255370723175935e-15 1.179124032051417236e-16
2.733433313491408626e+03 2.603665310642798989e-15 1.191087136399401841e-16
2.734981675959095810e+03 2.649743475611512457e-15 1.218860481112987592e-16
2.736530038426782994e+03 2.629576126451788777e-15 1.197373200062680802e-16
2.738078400894469723e+03 3.004281481743907695e-15 1.298950542876335597e-16
2.739626763362156453e+03 2.736027340048686616e-15 1.229341181457587079e-16
2.741175125829843637e+03 2.848201995045891244e-15 1.260447125790212939e-16
2.742723488297530821e+03 2.986890939291742668e-15 1.292793613568286226e-16
2.744271850765217550e+03 2.960313574429833351e-15 1.280269392556395179e-16
2.745820213232904280e+03 3.106655846543367546e-15 1.327011500036567960e-16
2.747368575700591464e+03 2.776066971300206379e-15 1.250447183449744255e-16
2.748916938168278648e+03 2.795572116143194149e-15 1.272812487648303300e-16
2.750465300635965377e+03 2.883035316915701436e-15 1.283755205036566222e-16
2.752013663103652107e+03 2.984269384662537125e-15 1.303085127985888204e-16
2.753562025571339291e+03 3.085688990653125197e-15 1.328523427450054568e-16
2.755110388039026475e+03 3.143405574887156545e-15 1.355093842222816016e-16
2.756658750506713204e+03 3.210906825597994555e-15 1.348687028667555578e-16
2.758207112974399934e+03 3.009985572342655219e-15 1.327165658680489739e-16
2.759755475442087118e+03 2.974599038470110014e-15 1.326857845061814916e-16
2.761303837909774302e+03 3.275014834244304641e-15 1.380742173234145200e-16
2.762852200377461031e+03 2.858552954933395425e-15 1.309266502251020275e-16
2.764400562845147761e+03 3.240598743422611553e-15 1.362706759168882924e-16
2.765948925312834945e+03 3.280403034485163403e-15 1.415752047878524015e-16
2.767497287780522129e+03 3.272859919882094198e-15 1.405598120369021337e-16
2.769045650248208858e+03 3.118695951939330829e-15 1.350722395125624372e-16
2.770594012715895587e+03 3.032506864572255378e-15 1.384506793974351425e-16
2.772142375183582772e+03 2.984369051941788011e-15 1.324616369793042617e-16
2.773690737651269956e+03 3.170356832526942249e-15 1.394197985907731764e-16
2.775239100118956685e+03 3.414943429687036795e-15 1.457365670445510620e-16
2.776787462586643414e+03 3.101201219792580623e-15 1.371481475267823290e-16
2.778335825054330599e+03 3.443318172484422407e-15 1.449366646356570754e-16
2.779884187522017783e+03 3.201869980489112008e-15 1.414140357401518037e-16
2.781432549989704512e+03 3.122797405564665703e-15 1.375302139761730275e-16
2.782980912457391241e+03 3.298319947501036494e-15 1.444807642327912984e-16
2.784529274925078425e+03 3.390214566013894017e-15 1.451337805704009530e-16
2.786077637392765610e+03 3.257484128201636829e-15 1.435488601527037928e-16
2.787625999860452339e+03 3.012907170202486000e-15 1.380580546865829978e-16
2.789174362328139068e+03 3.303054999597197946e-15 1.465924154291085716e-16
2.790722724795826252e+03 3.260509217092621920e-15 1.436269722893674149e-16
2.792271087263513436e+03 3.133218913004941837e-15 1.432514900202993519e-16
2.793819449731200166e+03 3.283559857810137982e-15 1.456586648891953184e-16
2.795367812198886895e+03 3.068718616634877297e-15 1.409313965933573044e-16
2.796916174666574079e+03 2.154306552376952612e-15 1.220867521646189621e-16
2.798464537134261263e+03 2.877813247224357331e-15 1.394728243068688797e-16
2.800012899601947993e+03 3.297191435416321321e-15 1.469815756907185588e-16
2.801561262069634722e+03 3.304949130190329211e-15 1.497770905891642888e-16
2.803109624537321906e+03 2.872476086928331830e-15 1.414684991367729634e-16
2.804657987005009090e+03 2.585204032360835415e-15 1.327701796985665136e-16
2.806206349472695820e+03 2.943627255178344264e-15 1.411112745204188230e-16
2.807754711940382549e+03 3.384586889516741253e-15 1.505580181762386969e-16
2.809303074408069733e+03 2.479572335013535031e-15 1.290908059810039001e-16
2.810851436875756917e+03 1.501401602960247888e-15 1.029867273483159103e-16
2.812399799343443647e+03 2.191803258823798178e-15 1.215725032030404950e-16
2.813948161811130376e+03 3.080074947536821138e-15 1.434113347215899372e-16
2.815496524278817560e+03 3.255377581574279713e-15 1.456009854030293416e-16
2.817044886746504744e+03 2.261318745871917369e-15 1.227685487051797446e-16
2.818593249214191474e+03 1.946589882724853722e-15 1.154153839625864057e-16
2.820141611681878203e+03 3.178669334484203849e-15 1.431553833876044353e-16
2.821689974149565387e+03 3.541049362479560159e-15 1.522782290597914508e-16
2.823238336617252571e+03 3.833889747654310768e-15 1.586443161960529208e-16
2.824786699084939301e+03 4.377360263658679045e-15 1.689876764948345782e-16
2.826335061552626030e+03 4.141964015358212296e-15 1.638034824858907379e-16
2.827883424020313214e+03 4.595351062368248615e-15 1.709602487801906937e-16
2.829431786488000398e+03 4.495331081801542379e-15 1.701492509915267914e-16
2.830980148955687127e+03 4.607892470991600887e-15 1.705400513173650945e-16
2.832528511423373857e+03 4.880632359740248770e-15 1.768907989350087428e-16
2.834076873891061041e+03 4.551653211673408202e-15 1.687935582017546897e-16
2.835625236358748225e+03 4.763068113118563440e-15 1.741021403295886926e-16
2.837173598826434954e+03 4.902426388775269115e-15 1.762479457198858211e-16
2.838721961294121684e+03 4.819513440307895040e-15 1.699758820439804696e-16
2.840270323761808868e+03 4.943900041845027843e-15 1.795040273670475993e-16
2.841818686229496052e+03 5.061677525505664075e-15 1.768387571237900718e-16
2.843367048697182781e+03 5.193248129853158345e-15 1.795919550894628353e-16
2.844915411164869511e+03 5.190066214116034256e-15 1.800211222820685808e-16
2.846463773632556695e+03 5.411756684893904528e-15 1.840748946559641341e-16
2.848012136100243879e+03 5.630075365653037413e-15 1.898345296999604703e-16
2.849560498567930608e+03 5.736600210898341520e-15 1.907568896305065108e-16
2.851108861035617338e+03 5.327210279460483028e-15 1.787235754764454814e-16
2.852657223503304522e+03 5.531002878636203480e-15 1.874949852392716991e-16
2.854205585970991706e+03 5.336437056344901477e-15 1.805011068450213601e-16
2.855753948438678435e+03 5.723657252321929348e-15 1.884136851091980865e-16
2.857302310906365165e+03 6.104651898865965078e-15 1.969018011166155039e-16
2.858850673374052349e+03 6.159816835320160532e-15 1.946405359957325244e-16
2.860399035841739533e+03 6.318159820526030726e-15 2.001491787909513307e-16
2.861947398309426262e+03 6.403076727254972017e-15 1.960338566419019052e-16
2.863495760777112991e+03 6.342974367010106536e-15 1.968108987867018750e-16
2.865044123244800176e+03 5.822496782579460810e-15 1.879874827659827789e-16
2.866592485712487360e+03 5.048965176405586602e-15 1.760906921487659843e-16
2.868140848180174089e+03 4.824158504967050220e-15 1.708250352352802682e-16
2.869689210647860818e+03 6.042625982311895004e-15 1.930791712069603654e-16
2.871237573115548003e+03 6.278583760353255531e-15 1.985526213590278132e-16
2.872785935583235187e+03 7.183460316703950719e-15 2.102157247007428770e-16
2.874334298050921916e+03 7.625052265682271507e-15 2.163878293516013237e-16
2.875882660518608645e+03 7.395387151702077226e-15 2.099664811330474073e-16
2.877431022986295829e+03 7.635839266126490197e-15 2.134188026511250601e-16
2.878979385453983014e+03 7.744933699866204786e-15 2.163149238392807475e-16
2.880527747921669743e+03 7.551557378321340738e-15 2.101584805746835421e-16
2.882076110389356472e+03 8.180699934473174036e-15 2.254868982251626633e-16
2.883624472857043656e+03 8.036143877465454355e-15 2.169486170893671407e-16
2.885172835324730841e+03 8.119301257381957405e-15 2.228464400355520503e-16
2.886721197792417570e+03 8.252909844568490186e-15 2.210012753737131499e-16
2.888269560260104299e+03 8.288641758043743483e-15 2.221398221401889340e-16
2.889817922727791483e+03 8.588819577703606063e-15 2.269827698916596543e-16
2.891366285195478667e+03 8.784175314931664076e-15 2.273416834696922351e-16
2.892914647663165397e+03 9.309283705238509532e-15 2.362927188237192916e-16
2.894463010130852126e+03 9.459525567112477319e-15 2.371470932812327670e-16
2.896011372598539310e+03 9.105895889212974641e-15 2.311481583274998601e-16
2.897559735066226494e+03 8.989690584982196433e-15 2.326878481492791994e-16
2.899108097533913224e+03 1.004534034918810434e-14 2.454152786299888789e-16
2.900656460001599953e+03 9.789597004395682955e-15 2.419474716994846891e-16
2.902204822469287137e+03 1.000003956329353763e-14 2.442927487064599758e-16
2.903753184936974321e+03 1.025992687602404403e-14 2.503185690580136043e-16
2.905301547404661051e+03 1.052033700708646198e-14 2.457937494658702798e-16
2.906849909872347780e+03 1.060212480540344745e-14 2.497625311683314764e-16
2.908398272340034964e+03 1.084656421797059784e-14 2.543665686206899758e-16
2.909946634807722148e+03 1.118210940040178726e-14 2.542925776368115707e-16
2.911494997275408878e+03 1.079271234167556085e-14 2.512842527224408645e-16
2.913043359743095607e+03 1.141773689695515842e-14 2.611796434669630684e-16
2.914591722210782791e+03 1.124537480280638122e-14 2.553837786225442666e-16
2.916140084678469975e+03 1.150837274577553387e-14 2.611271241475573890e-16
2.917688447146156705e+03 1.133920383624186372e-14 2.592884939964684904e-16
2.919236809613843434e+03 1.112130029977068152e-14 2.523082981694533104e-16
2.920785172081530618e+03 1.125293329020342496e-14 2.577157485266528205e-16
2.922333534549217802e+03 1.170966605270722384e-14 2.653355918052716412e-16
2.923881897016904531e+03 1.155519820319321588e-14 2.585910462274550813e-16
2.925430259484591261e+03 1.143610886365259774e-14 2.595329161695365982e-16
2.926978621952278445e+03 1.135037256024205508e-14 2.563903713356158069e-16
2.928526984419965629e+03 1.154194611668127680e-14 2.623899246908621485e-16
2.930075346887652358e+03 1.068801098725673119e-14 2.487179211622270030e-16
2.931623709355339088e+03 1.091924535704999246e-14 2.544202301577731262e-16
2.933172071823026272e+03 1.099906881713322039e-14 2.556972057500048750e-16
2.934720434290713456e+03 1.133195370980450842e-14 2.577832892783382299e-16
2.936268796758400185e+03 1.112602492415167870e-14 2.543074450771763836e-16
2.937817159226086915e+03 1.096706596736188276e-14 2.543923688925549019e-16
2.939365521693774099e+03 1.220336894182791095e-14 2.686779289411533112e-16
2.940913884161461283e+03 1.137309731101472031e-14 2.556052338200695310e-16
2.942462246629148012e+03 1.144785277117981360e-14 2.595859487208984611e-16
2.944010609096834742e+03 1.105422656914700982e-14 2.548341239107845335e-16
2.945558971564521926e+03 1.126887827868146527e-14 2.572365623715702819e-16
2.947107334032209110e+03 1.116201945226735110e-14 2.586565392767927616e-16
2.948655696499895839e+03 1.097577268524577985e-14 2.545174131811672559e-16
2.950204058967582569e+03 1.111481793743823555e-14 2.565042167845739166e-16
2.951752421435269753e+03 1.103962791557188418e-14 2.539853255250755955e-16
2.953300783902956937e+03 1.094910286826150266e-14 2.527007534946325673e-16
2.954849146370643666e+03 1.064194198031087584e-14 2.497773958411075216e-16
2.956397508838330396e+03 1.114430638352931606e-14 2.572985034344131215e-16
2.957945871306017580e+03 1.071152343787144771e-14 2.537251402940704545e-16
2.959494233773704764e+03 1.075075694666276589e-14 2.511993090750030466e-16
2.961042596241391493e+03 1.108023336583094661e-14 2.608435393490092697e-16
2.962590958709078222e+03 1.103418651625515912e-14 2.545840319665942956e-16
2.964139321176765407e+03 1.091020207726344239e-14 2.546024963043410579e-16
2.965687683644452591e+03 1.053147763929327621e-14 2.535834844879359743e-16
2.967236046112139320e+03 1.101741194748771678e-14 2.512727171036722309e-16
2.968000000000000000e+03 1.085318919737834631e-14 1.793422045875125890e-16
2.968784408579826049e+03 1.069047112709043657e-14 2.552226608822178090e-16
2.970332771047513233e+03 1.062881003410875130e-14 2.505791861422570520e-16
2.970747146860086104e+03 1.062647210619079156e-14 1.959326241615685609e-16
2.971881133515200418e+03 1.059611973781141265e-14 2.526586401866870846e-16
2.973429495982887147e+03 1.084895283899538563e-14 2.556175522230873370e-16
2.973494293720172209e+03 1.083896377999223586e-14 2.452169331532224641e-16
2.974977858450573876e+03 1.061848587030376771e-14 2.469847219593635559e-16
2.976241440580258313e+03 1.060963355977793225e-14 2.125496126466559410e-16
2.976526220918261060e+03 1.061420973122540333e-14 2.540959818006847282e-16
2.978074583385948245e+03 1.100776882583464364e-14 2.572597522552945174e-16
2.978988587440344418e+03 1.094035380410561364e-14 1.831631535220632774e-16
2.979622945853634974e+03 1.091821595196821751e-14 2.525976564130894787e-16
2.981171308321321703e+03 1.026550429073068565e-14 2.486013619353068266e-16
2.981735734300430522e+03 1.037260313246509961e-14 1.831415757844574505e-16
2.982719670789008887e+03 1.055338904807602531e-14 2.514593845525639716e-16
2.984268033256696071e+03 1.077929263142957886e-14 2.560360150935392734e-16
2.984482881160516627e+03 1.073982238846366717e-14 2.235166877566296029e-16
2.985816395724382801e+03 1.045693411348610744e-14 2.511427126766805648e-16
2.987230028020602731e+03 1.060044324409365892e-14 2.359267686257004294e-16
2.987364758192069530e+03 1.060985595760101476e-14 2.570848603291523025e-16
2.988913120659756714e+03 1.077619993590572539e-14 2.566843161967739511e-16
2.989977174880688835e+03 1.084395813581753673e-14 1.954280405077914265e-16
2.990461483127443898e+03 1.085564975265326862e-14 2.583526717283748273e-16
2.992009845595130628e+03 1.044362054700946991e-14 2.505444383247181481e-16
2.992724321740774940e+03 1.046146168680486631e-14 1.788504702250585171e-16
2.993558208062817357e+03 1.049610988765215993e-14 2.519771178894045514e-16
2.995106570530504541e+03 1.079945343502906180e-14 2.556797517005104173e-16
2.995471468600861044e+03 1.075737522719784355e-14 2.052689054821774534e-16
2.996654932998191725e+03 1.063927305699590335e-14 2.596821515903000681e-16
2.998203295465878455e+03 1.020131099920904459e-14 2.488956922114470542e-16
2.998218615460947149e+03 1.019976192222449186e-14 2.464703459958790363e-16
2.999751657933565184e+03 1.002956615728146393e-14 2.485373971808729441e-16
3.000965762321033253e+03 9.994715138199379345e-15 2.020978008272056806e-16
3.001300020401252368e+03 9.982575528385255970e-15 2.479368848972104976e-16
3.002848382868939552e+03 9.746863961445948175e-15 2.478714408604843081e-16
3.003712909181119358e+03 9.786224929679573963e-15 1.778962631502854314e-16
3.004396745336626282e+03 9.822529306067840788e-15 2.500266537739724507e-16
3.005945107804313011e+03 9.634792616802450965e-15 2.441614573901943006e-16
3.006460056041205462e+03 9.665244804969622515e-15 1.832092572478319427e-16
3.007493470272000195e+03 9.748422198189710506e-15 2.478183415465749736e-16
3.009041832739687379e+03 9.884206896798770399e-15 2.523830695506769674e-16
3.009207202901291566e+03 9.830416628544436374e-15 2.271678627340940711e-16
3.010590195207374109e+03 9.415736349309052611e-15 2.419974446216373664e-16
3.011954349761377671e+03 9.228004183158165293e-15 2.148271983250184127e-16
3.012138557675060838e+03 9.206695113299970421e-15 2.413286111640041254e-16
3.013686920142748022e+03 8.822824263871500632e-15 2.368284561256304345e-16
3.014701496621463775e+03 9.005141178768226843e-15 1.800043236304880430e-16
3.015235282610435206e+03 9.115489190410098301e-15 2.439561458515136465e-16
3.016783645078121936e+03 9.212738305100830032e-15 2.456939534151592943e-16
3.017448643481549880e+03 8.895909632698301779e-15 1.727865527204959639e-16
3.018332007545808665e+03 8.493786437802823747e-15 2.322399880930582875e-16
3.019880370013495849e+03 9.116289044324174822e-15 2.446368062284315080e-16
3.020195790341635984e+03 9.131353007341689239e-15 2.014821268492601183e-16
3.021428732481183033e+03 9.170271086767469300e-15 2.436844802015530537e-16
3.022942937201722089e+03 9.062722531658362534e-15 2.385864714888847742e-16
3.022977094948869762e+03 9.059497982524328232e-15 2.438391734386071023e-16
3.024525457416556492e+03 8.708355334429579629e-15 2.362764107159920200e-16
3.025690084061808193e+03 8.617027782652878409e-15 1.888173561067671291e-16
3.026073819884243676e+03 8.586935197303986540e-15 2.379058792807001658e-16
3.027622182351930860e+03 9.178331034180788461e-15 2.489297621082114203e-16
3.028437230921894297e+03 9.174202503655085442e-15 1.756395907465482849e-16
3.029170544819617589e+03 9.156664857270165659e-15 2.447121761287429470e-16
3.030718907287304319e+03 8.969627051155434618e-15 2.469065362099303381e-16
3.031184377781980402e+03 9.001247075465361486e-15 1.884278573777055595e-16
3.032267269754991503e+03 8.994106970385671217e-15 2.443417847830208168e-16
3.033815632222678687e+03 9.031420298106080927e-15 2.471204677637463005e-16
3.033931524642066506e+03 9.039006477834927827e-15 2.296229446367154366e-16
3.035363994690365416e+03 9.034456533241470002e-15 2.481378104311520509e-16
3.036678671502152611e+03 8.733783565463467460e-15 2.112703425752880387e-16
3.036912357158052146e+03 8.657762673377020456e-15 2.443165556897112688e-16
3.038460719625739330e+03 8.654129235579615759e-15 2.447243752355526454e-16
3.039425818362238715e+03 8.931496707387358829e-15 1.824819296865681893e-16
3.040009082093426514e+03 9.037743232841159284e-15 2.509834368762362045e-16
3.041557444561113243e+03 8.563693268435379126e-15 2.419314639893260034e-16
3.042172965222324819e+03 8.537623218949116864e-15 1.756456819025441562e-16
3.043105807028799973e+03 8.438552061518742084e-15 2.420772949197599038e-16
3.044654169496487157e+03 8.800073987745101356e-15 2.507359735840045781e-16
3.044920112082410924e+03 8.779306668686404671e-15 2.124174559247808238e-16
3.046202531964174341e+03 8.682839021199853372e-15 2.433610252118905409e-16
3.047667258942497028e+03 8.807950335875450827e-15 2.387298842045587198e-16
3.047750894431861070e+03 8.819318726509511505e-15 2.517439648180245807e-16
3.049299256899547800e+03 8.916686375289222444e-15 2.467156286841313389e-16
3.050414405802583133e+03 8.786337718537015958e-15 1.937498284590814585e-16
3.050847619367234984e+03 8.770312184634525396e-15 2.500166891835266679e-16
3.052395981834922168e+03 8.945714939816205533e-15 2.523240716783281830e-16
3.053161552662669237e+03 8.946902536306630383e-15 1.795718650508839310e-16
3.053944344302608897e+03 8.986441635855117967e-15 2.514092156614372586e-16
3.055492706770295626e+03 8.854998520847283145e-15 2.557293325404142691e-16
3.055908699522755342e+03 8.797329104425830622e-15 1.995538427945104528e-16
3.057041069237982811e+03 8.653850934407961295e-15 2.483603526470846859e-16
3.058589431705669995e+03 8.860337843843685631e-15 2.551881305286384243e-16
3.058655846382841446e+03 8.866923587646595471e-15 2.447084360582642726e-16
3.060137794173356724e+03 9.069770242529854651e-15 2.556168687678541134e-16
3.061402993242927550e+03 9.281508912002459334e-15 2.194753206363501289e-16
3.061686156641043453e+03 9.361953379325674585e-15 2.614469170562439497e-16
3.063234519108730638e+03 9.340087484616232125e-15 2.609702276048556745e-16
3.064150140103013655e+03 8.956286392924381621e-15 1.851045555839838512e-16
3.064782881576417822e+03 8.785666933644706589e-15 2.529186721372232501e-16
3.066331244044104551e+03 8.883778838866970498e-15 2.571556861732150497e-16
3.066897286963099759e+03 9.008264551664912376e-15 1.918791102377645863e-16
3.067879606511791280e+03 9.289813189969047856e-15 2.683619475859823683e-16
3.069427968979478464e+03 8.991756288714649639e-15 2.657415965004880027e-16
3.069644433823185864e+03 8.978111280236419275e-15 2.323088316179709096e-16
3.070976331447165649e+03 8.971303374615889268e-15 2.633217281962308775e-16
3.072391580683271968e+03 9.240503511350953815e-15 2.479637095719427861e-16
3.072524693914852378e+03 9.269938263099105967e-15 2.695927984001357487e-16
3.074073056382539107e+03 9.738338859344829522e-15 2.730663394689341904e-16
3.075138727543358073e+03 9.743986372577535026e-15 2.098260439563961592e-16
3.075621418850226291e+03 9.772830660955200674e-15 2.761018617367004065e-16
3.077169781317913476e+03 9.423150926249152490e-15 2.703369842405311364e-16
3.077885874403444177e+03 9.653316581957780270e-15 1.965779535150188024e-16
3.078718143785600205e+03 9.894661505789869327e-15 2.789170070115736157e-16
3.080266506253286934e+03 9.630810248907934048e-15 2.766082254939229668e-16
3.080633021263530281e+03 9.623481046035769384e-15 2.227028695813780192e-16
3.081814868720974118e+03 9.534681931396169614e-15 2.796233617692078677e-16
3.083363231188661302e+03 9.509105429344179350e-15 2.805159095144942911e-16
3.083380168123616386e+03 9.509651442850062898e-15 2.775415576960037678e-16
3.084911593656348032e+03 9.653461299580340439e-15 2.781487238681447165e-16
3.086127314983702490e+03 9.957979584297411510e-15 2.357201165682591196e-16
3.086459956124034761e+03 1.005847963415630396e-14 2.885808393766546300e-16
3.088008318591721945e+03 9.961439842654269675e-15 2.823899196654333459e-16
3.088874461843788595e+03 9.952936683505597850e-15 2.062308215442138102e-16
3.089556681059409129e+03 9.990145538920673459e-15 2.881487013796189635e-16
3.091105043527095859e+03 1.013740285751172493e-14 2.932335821948635038e-16
3.091621608703874699e+03 1.023394712222957049e-14 2.206940941913438088e-16
3.092653405994782588e+03 1.035466932095049536e-14 2.925611013111220414e-16
3.094201768462469772e+03 1.047177548205823825e-14 2.969283322760644569e-16
3.094368755563960804e+03 1.052228992127182685e-14 2.678710295759002561e-16
3.095750130930156956e+03 1.110467768468237704e-14 3.016541544116286088e-16
3.097115902424046908e+03 1.136493089267192760e-14 2.757628666190880938e-16
3.097298493397843686e+03 1.142425942801566308e-14 3.087021190364856650e-16
3.098846855865530415e+03 1.089948138238439511e-14 2.999310238398315726e-16
3.099863049284133012e+03 1.076427855202988990e-14 2.290664758258890859e-16
3.100395218333217599e+03 1.076940632752531245e-14 3.071038813925153567e-16
3.101943580800904783e+03 1.154085705541354621e-14 3.171383915006927538e-16
3.102610196144219117e+03 1.137289680213667123e-14 2.275685116041482466e-16
3.103491943268591513e+03 1.119457804072187254e-14 3.081974589985127040e-16
3.105040305736278242e+03 1.074601257280818546e-14 3.095030223837803259e-16
3.105357343004305221e+03 1.083313751822614331e-14 2.562485252922004316e-16
3.106588668203965426e+03 1.119770925141863974e-14 3.117643977808238903e-16
3.108104489864391326e+03 1.170182776487386260e-14 3.173849411801970411e-16
3.108137030671652610e+03 1.171191944441051315e-14 3.238363010843533382e-16
3.109685393139339340e+03 1.211129294354231589e-14 3.234502167130483555e-16
3.110851636724477430e+03 1.214274922774549676e-14 2.660766668557945751e-16
3.111233755607026069e+03 1.220292328920269049e-14 3.332001340342486193e-16
3.112782118074713253e+03 1.157330439465159853e-14 3.258090661957884762e-16
3.113598783584563535e+03 1.162879072433660825e-14 2.374883673956945309e-16
3.114330480542400437e+03 1.158643508972916737e-14 3.331678995705710743e-16
3.115878843010087166e+03 1.226476372122375859e-14 3.405658877976011105e-16
3.116345930444649639e+03 1.228617966059280418e-14 2.616548281371236977e-16
3.117427205477773896e+03 1.229117301643496949e-14 3.324802380677441672e-16
3.118975567945461080e+03 1.191195279367363226e-14 3.366035733218064823e-16
3.119093077304735743e+03 1.192759670627547034e-14 3.132326143967703288e-16
3.120523930413148264e+03 1.218159355345905740e-14 3.337502365145561468e-16
3.121840224164821848e+03 1.218236238392705744e-14 2.984790230786955895e-16
3.122072292880834993e+03 1.220969929463460960e-14 3.436667843413933011e-16
3.123620655348521723e+03 1.195634488523293766e-14 3.358027340100102844e-16
3.124587371024907952e+03 1.254966448812295248e-14 2.608503126268018287e-16
3.125169017816208907e+03 1.296061105123292609e-14 3.576421976015323428e-16
3.126717380283896091e+03 1.374679245953336494e-14 3.667584508842123478e-16
3.127334517884994057e+03 1.352067954312502152e-14 2.678138562393690177e-16
3.128265742751582820e+03 1.346757905717757755e-14 3.581736452789147347e-16
3.129814105219269550e+03 1.318320194543092845e-14 3.623966685968445191e-16
3.130081664745080161e+03 1.313701663739021664e-14 3.087795187214425925e-16
3.131362467686956734e+03 1.318767401749797070e-14 3.547004426654489260e-16
3.132828811605166266e+03 1.351890551652769958e-14 3.575429396483106239e-16
3.132910830154643918e+03 1.354495646278984343e-14 3.758388349289378537e-16
3.134459192622330647e+03 1.417186705120963558e-14 3.726853711604656605e-16
3.135575958465252370e+03 1.404689459772606872e-14 2.990783245200499515e-16
3.136007555090017377e+03 1.398478738161708624e-14 3.815322795860323647e-16
3.137555917557704561e+03 1.292895557773664305e-14 3.673848586463276818e-16
3.138323105325338474e+03 1.303576275626810705e-14 2.664949131842857767e-16
3.139104280025391745e+03 1.325781633742290700e-14 3.706158340129579634e-16
3.140652642493078474e+03 1.419518952183409876e-14 3.854624980454886877e-16
3.141070252185424579e+03 1.409388528235201009e-14 3.040047847078592535e-16
3.142201004960765204e+03 1.414215761028861567e-14 3.769841526834528142e-16
3.143749367428452388e+03 1.369729391827099739e-14 3.858765404235483958e-16
3.143817399045510683e+03 1.367157554810002890e-14 3.703549599755962303e-16
3.145297729896139572e+03 1.318747431609403619e-14 3.712807136865345229e-16
3.146564545905596788e+03 1.349813351368274749e-14 3.337218551051566266e-16
3.146846092363826301e+03 1.353968280092730307e-14 3.944348641954816292e-16
3.148394454831513031e+03 1.392695150234924055e-14 3.885238615181806557e-16
3.149311692765682892e+03 1.398430329018488598e-14 2.892430695231939127e-16
3.149942817299200215e+03 1.397699331490144617e-14 3.935578280359743607e-16
3.151491179766887399e+03 1.472360395780720388e-14 4.052550047627856941e-16
3.152058839625768996e+03 1.457058974022458793e-14 3.019092072743575338e-16
3.153039542234574128e+03 1.490741482830160427e-14 1.092803536584554413e-15
3.154805986485855101e+03 1.282922601351789951e-14 1.443388862365694241e-15
3.157553133345941205e+03 1.585276686698346729e-14 1.485753288377738248e-15
3.160300280206027310e+03 1.498755880842286544e-14 1.624841316112171160e-15
3.163047427066113414e+03 1.413922777537336432e-14 1.440709523484969145e-15
3.165794573926199519e+03 1.238175107162074973e-14 1.399827065257169292e-15
3.168541720786285623e+03 1.274215837623066547e-14 1.412319032254512026e-15
3.171288867646371727e+03 1.463636022370901908e-14 1.415258277561304708e-15
3.174036014506457832e+03 1.593193072807442444e-14 1.408543589166290135e-15
3.176783161366543936e+03 1.200159231634904426e-14 1.429257149721628536e-15
3.179530308226630041e+03 1.551367866791061070e-14 1.421742361555508743e-15
3.182277455086716145e+03 1.533883115222653920e-14 1.410900447419533060e-15
3.185024601946802250e+03 1.656951503128701986e-14 1.405802006670279176e-15
3.187771748806888354e+03 1.592689204674755880e-14 1.360915975759158684e-15
3.190518895666974458e+03 1.634034273057198991e-14 1.356245952599515038e-15
3.193266042527060563e+03 1.627894004412787818e-14 1.352607677340009471e-15
3.196013189387146667e+03 1.316736525216732758e-14 1.359255663085303548e-15
3.198760336247232772e+03 1.748313192718310808e-14 1.368471834892060353e-15
3.201507483107318876e+03 1.530881341694151265e-14 1.323830992881268778e-15
3.204254629967404981e+03 1.896102151302131787e-14 1.551717019200152474e-15
3.207001776827491085e+03 1.776179225822064596e-14 1.344684731344375697e-15
3.209748923687577189e+03 1.454523075469786918e-14 1.424532670349422200e-15
3.212496070547663294e+03 1.450418605730158633e-14 1.289920590655913542e-15
3.215243217407749398e+03 1.293866901468735416e-14 1.276358642968706780e-15
3.217990364267835503e+03 1.328210002801334237e-14 1.289857067832408783e-15
3.220737511127921607e+03 1.196763895358732676e-14 1.251677117072773232e-15
3.223484657988007712e+03 1.290215317098857785e-14 1.275854004590534532e-15
3.226231804848093816e+03 1.361730653958190552e-14 1.235454356144250231e-15
3.228978951708179920e+03 1.311877383135890923e-14 1.210865421533865215e-15
3.231726098568266025e+03 1.329061666921682876e-14 1.284957267311243904e-15
3.234473245428352129e+03 1.242329233837843600e-14 1.199909157681117889e-15
3.237220392288438234e+03 1.418653360707646407e-14 1.330699596015549535e-15
3.239967539148524338e+03 1.522764750640706447e-14 1.223967359566148521e-15
3.242714686008610443e+03 1.020077894318599331e-14 1.194856259444551141e-15
3.245461832868696547e+03 1.122891815857687972e-14 1.180862458914727937e-15
3.248208979728782651e+03 1.228613469165913607e-14 1.193795944819959787e-15
3.250956126588868756e+03 9.005624909945369502e-15 1.137398334657949918e-15
3.253703273448954860e+03 1.259072916063876546e-14 1.207845337141536226e-15
3.256450420309040965e+03 1.226166390737206119e-14 1.167209559338273071e-15
3.259197567169127069e+03 9.457301147775060272e-15 1.122806334908989577e-15
3.261944714029213173e+03 8.550970217400502303e-15 1.155201993189752121e-15
3.264691860889299278e+03 1.099091312681316482e-14 1.164712379244555945e-15
3.267439007749385382e+03 1.217447073851160551e-14 1.190698801297040979e-15
3.270186154609471487e+03 1.241305716990324257e-14 1.153889387779860054e-15
3.272933301469557591e+03 1.223335768687746300e-14 1.143409660400923999e-15
3.275680448329643696e+03 1.100911787943263673e-14 1.120102994052152316e-15
3.278427595189729800e+03 1.009465165994198377e-14 1.106064285251440429e-15
3.281174742049815904e+03 1.354563725936548235e-14 1.146426439724729180e-15
3.283921888909902009e+03 1.043878336258432309e-14 1.148476905519050205e-15
3.286669035769988113e+03 1.064341764559039941e-14 1.106836887735772010e-15
3.289416182630074218e+03 8.983576902186730019e-15 1.112878373918039352e-15
3.292163329490160322e+03 1.026443368100758556e-14 1.094695909578710970e-15
3.294910476350246427e+03 1.203549888797441763e-14 1.104940065803033139e-15
3.297657623210332531e+03 1.091890922442599710e-14 1.086029660378400090e-15
3.300404770070418635e+03 1.472079335430014086e-14 1.124950090026640081e-15
3.303151916930504740e+03 1.187469351123545384e-14 1.083423284928583793e-15
3.305899063790590844e+03 1.230094782257976136e-14 1.095601236925076465e-15
3.308646210650676949e+03 1.307573510853472148e-14 1.086900907612407951e-15
3.311393357510763053e+03 1.233121032210020115e-14 1.076953821863992707e-15
3.314140504370849158e+03 1.007888787780884216e-14 1.046507786567998433e-15
3.316887651230935262e+03 1.028169337368669512e-14 1.075610356366600617e-15
3.319634798091021366e+03 1.091971840811475118e-14 1.060816649175765547e-15
3.322381944951107471e+03 1.088095241450689862e-14 1.060634570350790673e-15
3.325129091811193575e+03 1.255189607722413437e-14 1.146893667284860982e-15
3.327876238671279680e+03 1.448201828960868684e-14 1.114345807860966991e-15
3.330623385531365784e+03 1.419965637601339117e-14 1.073548552875177440e-15
3.333370532391451889e+03 1.376227499388392370e-14 1.053863304351152367e-15
3.336117679251537993e+03 1.241532096358979574e-14 1.037917990820444212e-15
3.338864826111624097e+03 1.547112789519067615e-14 1.071034895868621722e-15
3.341611972971710202e+03 1.421291685869864337e-14 1.053865749692394222e-15
3.344359119831796306e+03 1.580711698741183032e-14 1.073926017112170544e-15
3.347106266691882411e+03 1.617656303753936037e-14 9.498619858451818801e-16
3.349853413551968515e+03 1.607267379084842407e-14 1.253409603314641334e-15
3.352600560412054620e+03 1.534472791108833138e-14 1.039350739183178987e-15
3.355347707272140724e+03 1.443160888503999015e-14 1.039877283817241462e-15
3.358094854132226828e+03 1.562387615631425260e-14 1.042230899249623489e-15
3.360842000992312933e+03 1.817717678894740066e-14 1.066065582803464724e-15
3.363589147852399037e+03 1.340809249127713510e-14 1.012796629640849996e-15
3.366336294712485142e+03 1.590233750382842009e-14 1.038618435391080149e-15
3.369083441572571246e+03 1.584251973672891190e-14 1.028395656789918393e-15
3.371830588432657350e+03 1.702403771089732302e-14 1.032397297123001269e-15
3.374577735292743455e+03 1.532386682909691286e-14 1.016132705036914857e-15
3.377324882152829559e+03 1.461164975658597087e-14 1.035141314480321168e-15
3.380072029012915664e+03 1.888342525865920716e-14 1.044070924326748883e-15
3.382819175873001768e+03 1.748152721564546690e-14 1.039742047565213391e-15
3.385566322733087873e+03 1.585016636081734984e-14 9.989366811984335661e-16
3.388313469593173977e+03 1.728413340667603248e-14 1.069850413942423039e-15
3.391060616453260081e+03 1.950979566171503332e-14 1.070693905481008861e-15
3.393807763313346186e+03 1.877244943515890822e-14 1.021990207656170033e-15
3.396554910173432290e+03 1.951283678310077630e-14 1.034188489946136601e-15
3.399302057033518395e+03 1.652748245932648836e-14 1.019096463130256456e-15
3.402049203893604499e+03 1.768305509012592501e-14 1.016477672920131666e-15
3.404796350753690604e+03 2.090041821714895103e-14 1.028907617204696452e-15
3.407543497613776708e+03 2.017883115255071188e-14 1.012585171187089362e-15
3.410290644473862812e+03 1.959056571718141017e-14 1.043673834798644591e-15
3.413037791333948917e+03 2.029985290698362208e-14 1.008388973675421869e-15
3.415784938194035021e+03 1.945688554866566123e-14 9.921196328402239781e-16
3.418532085054121126e+03 1.720882962655035947e-14 1.048769597641268574e-15
3.421279231914207230e+03 1.933366075375396200e-14 9.914185887144203055e-16
3.424026378774293335e+03 2.255172320486245162e-14 1.010131832385920629e-15
3.426773525634379439e+03 2.220574154812082832e-14 1.003390591083326522e-15
3.429520672494465543e+03 1.981734327940413518e-14 9.918513084435053472e-16
3.432267819354551648e+03 2.100791258182593270e-14 1.060219978260188871e-15
3.435014966214637752e+03 2.122705932438347046e-14 1.007206131764761282e-15
3.437762113074723857e+03 2.256999304601143879e-14 1.005242210102834860e-15
3.440509259934809961e+03 2.010427890193956005e-14 9.597025788196547651e-16
3.443256406794896066e+03 2.003268182553431444e-14 9.671876504950921345e-16
3.446003553654982170e+03 2.134639023458698014e-14 9.831564748153416929e-16
3.448750700515068274e+03 2.344428049345069840e-14 1.005663607104255697e-15
3.451497847375154379e+03 2.291180781391631402e-14 9.784536683460950162e-16
3.454244994235240483e+03 2.348972903457931484e-14 9.830830990417071807e-16
3.456992141095326588e+03 2.178771637029651430e-14 9.639524096512883506e-16
3.459739287955412692e+03 2.276472384437907788e-14 9.679909867084727420e-16
3.462486434815498797e+03 2.283463795728398365e-14 9.631601124972467129e-16
3.465233581675584901e+03 2.554893393981941246e-14 9.903147279623054747e-16
3.467980728535671005e+03 2.472279146138578888e-14 9.747466394886482583e-16
3.470727875395757110e+03 2.338798676325647917e-14 9.740160228040864778e-16
3.473475022255843214e+03 2.446439502110925973e-14 9.709890408902104037e-16
3.476222169115929319e+03 2.546125023275949232e-14 9.774157197029532391e-16
3.478969315976015423e+03 2.528933617629392038e-14 9.732566717399338685e-16
3.481716462836101528e+03 2.447462678086677715e-14 9.607010482400797386e-16
3.484463609696187632e+03 2.393850244018214003e-14 9.605813836141718276e-16
3.487210756556273736e+03 2.642029946288077714e-14 9.771161682435287071e-16
3.489957903416359841e+03 2.557273467133416895e-14 9.668782317507659128e-16
3.492705050276445945e+03 2.639096283134252794e-14 9.685274597055133390e-16
3.495452197136532050e+03 2.752274642725696817e-14 9.794410469684120814e-16
3.498199343996618154e+03 2.990896882492600244e-14 9.948336331487834387e-16
3.500946490856704258e+03 2.834093926944243500e-14 9.733599865137898667e-16
3.503693637716790363e+03 2.964879939050183091e-14 9.966613237332280934e-16
3.506440784576876467e+03 2.976041834880013588e-14 9.876147484641365508e-16
3.509187931436962572e+03 3.048788793380235815e-14 9.946852162708350695e-16
3.511935078297048676e+03 3.262185338753295421e-14 1.010320290471320887e-15
3.514682225157134781e+03 3.331337437486567711e-14 1.012496789356636177e-15
3.517429372017220885e+03 3.382860445226595866e-14 1.009259517718941287e-15
3.520176518877306989e+03 3.394722846318328754e-14 1.011870046800654104e-15
3.522923665737393094e+03 3.394008921706568178e-14 1.013567429756633935e-15
3.525670812597479198e+03 3.615198154540819914e-14 1.030416802575551252e-15
3.528417959457565303e+03 3.685714736006234787e-14 1.024116974572969591e-15
3.531165106317651407e+03 3.938179768557151938e-14 1.055720488701862165e-15
3.533912253177737512e+03 4.045498918472546775e-14 1.065177435427330048e-15
3.536659400037823616e+03 4.050432309943629150e-14 1.050965954301935541e-15
3.539406546897909720e+03 3.844522701229080383e-14 1.026315983435741889e-15
3.542153693757995825e+03 4.094397008290205378e-14 1.058673178654792696e-15
3.544900840618081929e+03 4.378012372860805064e-14 1.074251935604313699e-15
3.547647987478168034e+03 4.124886529849618512e-14 1.046793378040197728e-15
3.550395134338254138e+03 4.223828276414281822e-14 1.054355729676557580e-15
3.553142281198340243e+03 4.644512019795957815e-14 1.085972990801702405e-15
3.555889428058426347e+03 4.615522991247509645e-14 1.072140595301141137e-15
3.558636574918512451e+03 4.262375476217376457e-14 1.053352977451722999e-15
3.561383721778598556e+03 4.584949688767267318e-14 1.083570251253071556e-15
3.564130868638684660e+03 4.925977459182509686e-14 1.099168280717812725e-15
3.566878015498770765e+03 4.975621363817136452e-14 1.093679047750616996e-15
3.569625162358856869e+03 4.854704471935925644e-14 1.088815103101326091e-15
3.572372309218942974e+03 4.874317152018706664e-14 1.111340201269054336e-15
3.575119456079029078e+03 5.015393443812168871e-14 1.121772310319594829e-15
3.577866602939115182e+03 5.292743485103039215e-14 1.121706924600872472e-15
3.580613749799201287e+03 5.362560840314791749e-14 1.109412861447566361e-15
3.583360896659287391e+03 5.431491563253290403e-14 1.115843158077920315e-15
3.586108043519373496e+03 5.489919114566576505e-14 1.117579064384797238e-15
3.588855190379459600e+03 5.312269066466619122e-14 1.094680786798796852e-15
3.591602337239545705e+03 5.379969589673168900e-14 1.104929939420129649e-15
3.594349484099631809e+03 5.311185950840939932e-14 1.092344826464460549e-15
3.597096630959717913e+03 5.298045922800018672e-14 1.095583790456474219e-15
3.599843777819804018e+03 5.378439350313509106e-14 1.167819674723811092e-15
3.602590924679890122e+03 5.449527574986248721e-14 1.120530501375601246e-15
3.605338071539976227e+03 5.576406849304438938e-14 1.517024997104137601e-15
3.608085218400062331e+03 5.498904951419654133e-14 1.272259254900614398e-15
3.610832365260148435e+03 5.445877876948510695e-14 1.142585695479912683e-15
3.613579512120234540e+03 5.631470743572015193e-14 1.115204301765108690e-15
3.616326658980320644e+03 5.460516061383261356e-14 1.091035544438830866e-15
3.619073805840406749e+03 5.546629488548891999e-14 1.097855828276127918e-15
3.621820952700492853e+03 5.352748659820788297e-14 1.085226031576727856e-15
3.624568099560578958e+03 5.091109433046019417e-14 1.106327980205300007e-15
3.627315246420665062e+03 5.285326753146881513e-14 1.078509945685325925e-15
3.630062393280751166e+03 5.124443740344361192e-14 1.063177439860944648e-15
3.632809540140837271e+03 5.023541414350567696e-14 1.040686181142607486e-15
3.635556687000923375e+03 4.828286232502639389e-14 1.025921290457490887e-15
3.638303833861009480e+03 4.894269665533968874e-14 1.034256477714052881e-15
3.641050980721095584e+03 4.691894642409421408e-14 1.009178263522454530e-15
3.643798127581181689e+03 4.775803064198373688e-14 1.016368261926617737e-15
3.646545274441267793e+03 4.536305595965134311e-14 1.015545465828909138e-15
3.649292421301353897e+03 4.734898835982225443e-14 1.012099453915739792e-15
3.652039568161440002e+03 4.564367145463788538e-14 1.024900602876810494e-15
3.654786715021526106e+03 4.531880247780012949e-14 9.857703576325181570e-16
3.657533861881612211e+03 4.564367145463788538e-14 9.892879069464998187e-16
3.660281008741698315e+03 4.499819252936940309e-14 9.857297677199073902e-16
3.663028155601784420e+03 4.250466622581679957e-14 1.009667564451572796e-15
3.665775302461870524e+03 4.519072111763593278e-14 9.811891664780153410e-16
3.668522449321956628e+03 4.460268339202644346e-14 9.777106621816478300e-16
3.671269596182042733e+03 4.370893575457282610e-14 9.870967056035990987e-16
3.674016743042128837e+03 4.293138404322137024e-14 9.937411418659195633e-16
3.676763889902214942e+03 4.293138404322137024e-14 9.544056740852732324e-16
3.679511036762301046e+03 4.199422784111557752e-14 9.428103887016721715e-16
3.682258183622387151e+03 4.251766429198692047e-14 9.556561356664511279e-16
3.685005330482473255e+03 3.898071550643471524e-14 9.168764615106828995e-16
3.687752477342559359e+03 3.887278717383888514e-14 9.133103479274677312e-16
3.690499624202645464e+03 3.682894157794343702e-14 9.051453045695479723e-16
3.693246771062731568e+03 3.692138933099608158e-14 9.555157133092917880e-16
3.695993917922817673e+03 3.591491883481816170e-14 8.954239009862557466e-16
3.698741064782903777e+03 3.414653658733256340e-14 8.690456720938032739e-16
3.701488211642989882e+03 3.024917284970979336e-14 1.060642586332336511e-15
3.704235358503075986e+03 2.916823400459718428e-14 8.329535184308784629e-16
3.706982505363162090e+03 2.782355047378093911e-14 8.330221446212117554e-16
3.709729652223248195e+03 2.619584349250449794e-14 7.868746061250839384e-16
3.712476799083334299e+03 2.446233855299697181e-14 8.013293529304949695e-16
3.715223945943420404e+03 2.473387404872414743e-14 7.788185623245418183e-16
3.717971092803506508e+03 2.446233855299697181e-14 7.648090335137564460e-16
3.720718239663592612e+03 2.421665093776768792e-14 7.567243961656578469e-16
3.723465386523678717e+03 2.289014611288355297e-14 7.476763390241955485e-16
3.726212533383764821e+03 2.197296341756184213e-14 7.489453754666810557e-16
3.728959680243850926e+03 2.109432847718355676e-14 7.255633181487333680e-16
3.731706827103937030e+03 2.089698797402488426e-14 7.207117240594431301e-16
3.734453973964023135e+03 1.893584986973380387e-14 6.959473411821306319e-16
3.737201120824109239e+03 1.799879960863900253e-14 7.015873541056185065e-16
3.739948267684195343e+03 1.755077531840962569e-14 6.798815145071224073e-16
3.742695414544281448e+03 1.761033136014632156e-14 6.780290719798992370e-16
3.745442561404367552e+03 1.879981923689013716e-14 6.848797262421125229e-16
3.748189708264453657e+03 1.921362698595279599e-14 6.827016833301300874e-16
3.750936855124539761e+03 1.944759901623215271e-14 6.840826573384767652e-16
3.753684001984625866e+03 1.944759901623215271e-14 6.888481287754884736e-16
3.756431148844711970e+03 2.081602804662265957e-14 6.906392475631556660e-16
3.759178295704798074e+03 2.081602804662265957e-14 6.932420848388273542e-16
3.761925442564884179e+03 2.098765599813369065e-14 6.923131104451924041e-16
3.764672589424970283e+03 2.334249021838813110e-14 7.184421000423048469e-16
3.767419736285056388e+03 2.346743503179394176e-14 7.093907556595235488e-16
3.770166883145142492e+03 2.346743503179394176e-14 7.072978471423671165e-16
3.772914030005228597e+03 2.346743503179394176e-14 6.867951680681158514e-16
3.775661176865314701e+03 2.523590132135974483e-14 7.243087023187533563e-16
3.778408323725400805e+03 2.565919945396420139e-14 7.565929052258005905e-16
3.781155470585486910e+03 2.598259249216664944e-14 7.185623736357958688e-16
3.783902617445573014e+03 2.598259249216664944e-14 7.247501268167445646e-16
3.786649764305659119e+03 2.666505041855373042e-14 7.122777940053636549e-16
3.789396911165745223e+03 2.709390633317773997e-14 7.213576540165883244e-16
3.792144058025831328e+03 2.709390633317773997e-14 6.999913321534649589e-16
3.794891204885917432e+03 2.709390633317773997e-14 6.893269840590694431e-16
3.797638351746003536e+03 2.709390633317773997e-14 7.023084285904688111e-16
3.800385498606089641e+03 2.738886384644657763e-14 7.077536130911287317e-16
3.803132645466175745e+03 2.882865535608397869e-14 6.938396606306158136e-16
3.805879792326261850e+03 2.882865535608397869e-14 6.934576250743260456e-16
3.808626939186347954e+03 2.882865535608397869e-14 7.213218254916235605e-16
3.811374086046434059e+03 3.118360381676698671e-14 7.113252003756599415e-16
3.814121232906520163e+03 3.130029071482195597e-14 7.172407754802464434e-16
3.816868379766606267e+03 3.130029071482195597e-14 7.087456084351213686e-16
3.819615526626692372e+03 3.130029071482195597e-14 6.909078731383253474e-16
3.822362673486778476e+03 3.130029071482195597e-14 7.706322300027137347e-16
3.825109820346864581e+03 3.180625540530114321e-14 6.995872023244218529e-16
3.827856967206950685e+03 3.187704939177496393e-14 6.906305582858829957e-16
3.830604114067036789e+03 3.187704939177496393e-14 6.920366897237422958e-16
3.833351260927122894e+03 3.371591061024343924e-14 6.951568981734172312e-16
3.836098407787208998e+03 3.404126597296390523e-14 6.893895599692597931e-16
3.838845554647295103e+03 3.515888418037235568e-14 7.086157481882657981e-16
3.841592701507381207e+03 3.565414012070173038e-14 7.006233205423352925e-16
3.844339848367467312e+03 3.616512733552759620e-14 6.962568183207844086e-16
3.847086995227553416e+03 3.773293162102243915e-14 7.013800395844516055e-16
3.849834142087639520e+03 3.892007477255372311e-14 7.278870933501238546e-16
3.852581288947725625e+03 4.068045161357900740e-14 7.135617677912632036e-16
3.855328435807811729e+03 4.335011022381207431e-14 7.334398512943949908e-16
3.858075582667897834e+03 4.601490789189641145e-14 7.438038626652353690e-16
3.860822729527983938e+03 4.730809911760536922e-14 7.815977325345673266e-16
3.863569876388070043e+03 4.846036337718766375e-14 7.518959209068855361e-16
3.866317023248156147e+03 5.285298382426463817e-14 7.710593070160705922e-16
3.869064170108242251e+03 5.709596815578052608e-14 8.090627531682154507e-16
3.871811316968328356e+03 5.884071101431331610e-14 7.959644913009434544e-16
3.874558463828414460e+03 6.150356769525624613e-14 8.185208738388562833e-16
3.877305610688500565e+03 6.323633725519707133e-14 8.366496141722214972e-16
3.880052757548586669e+03 6.636393738926045891e-14 8.304113731647274961e-16
3.882799904408672774e+03 6.697529984706201804e-14 8.261527937432633388e-16
3.885547051268758878e+03 6.776563855763160043e-14 8.258524936396598003e-16
3.888294198128844982e+03 7.225198361180791381e-14 8.655476457698757480e-16
3.891041344988931087e+03 7.275912604011618044e-14 8.424384467477642518e-16
3.893788491849017191e+03 7.543729792169577220e-14 8.548739012942392337e-16
3.896535638709103296e+03 7.560607105045146640e-14 8.565030298864253889e-16
3.899282785569189400e+03 7.664566178517264496e-14 8.520464204546477203e-16
3.902029932429275505e+03 7.844443714010811580e-14 8.646084391574072606e-16
3.904777079289361609e+03 7.894533160039512640e-14 8.616022907787506864e-16
3.907524226149447713e+03 7.844443714010811580e-14 8.564210036660029167e-16
3.910271373009533818e+03 7.894533160039512640e-14 8.552272850577027010e-16
3.913018519869619922e+03 7.931416675326993668e-14 8.603255881977668223e-16
3.915765666729706027e+03 7.931416675326993668e-14 8.531122302377473582e-16
3.918512813589792131e+03 7.927336392518699364e-14 8.469879779568597733e-16
3.921259960449878236e+03 7.974580192055523135e-14 8.481493639120945498e-16
3.924007107309964340e+03 7.958446711249775979e-14 8.475518369836789029e-16
3.926754254170050444e+03 8.023641128724888378e-14 8.493277875458886718e-16
3.929501401030136549e+03 8.023641128724888378e-14 8.554482192826384415e-16
3.932248547890222653e+03 8.023641128724888378e-14 8.450810359371195509e-16
3.934995694750308758e+03 7.953092889464353008e-14 8.313174895080703089e-16
3.937742841610394862e+03 7.996139275224186475e-14 8.443860664132845623e-16
3.940489988470480966e+03 7.994875670855706068e-14 8.336531225236834557e-16
3.943237135330567071e+03 7.996139275224186475e-14 8.385046650523992630e-16
3.945984282190653175e+03 7.994875670855706068e-14 8.384677093759693259e-16
3.948731429050739280e+03 7.996139275224186475e-14 8.187309089182792440e-16
3.951478575910825384e+03 7.631501970677109665e-14 7.977552153137042886e-16
3.954225722770911489e+03 7.223484579405203009e-14 7.794317014788879083e-16
3.956972869630997593e+03 7.721907498925232610e-14 8.114835192408221375e-16
3.959720016491083697e+03 7.877389335094377068e-14 8.194158932895454994e-16
3.962467163351169802e+03 7.877389335094377068e-14 8.253734284670995039e-16
3.965214310211255906e+03 7.877389335094377068e-14 8.126884064801791490e-16
3.967961457071342011e+03 7.877389335094377068e-14 8.152921133059566997e-16
3.970708603931428115e+03 7.772435594066033713e-14 7.883184631703344943e-16
3.973455750791514220e+03 7.877389335094377068e-14 8.020118929027444003e-16
3.976202897651600324e+03 7.819392122218227022e-14 7.877735231243717080e-16
3.978950044511686428e+03 7.588633832232454781e-14 7.748995584522408127e-16
3.981697191371772533e+03 7.557171049993779180e-14 7.818113712280534231e-16
3.984444338231858637e+03 7.585140666572320074e-14 7.754105982471876543e-16
3.987191485091944742e+03 7.042227375436991755e-14 7.463317484402352484e-16
3.989938631952030846e+03 6.596184169944818576e-14 7.299771114888485524e-16
3.992685778812116951e+03 6.635759660052587791e-14 7.866428099790507986e-16
3.995432925672203055e+03 6.651903117230334710e-14 7.395145675957177458e-16
3.998180072532289159e+03 6.590957791016619286e-14 7.229044388302566003e-16
4.000927219392375264e+03 6.508551696094558818e-14 7.194421320477207227e-16
4.003674366252461368e+03 6.407554583495065637e-14 7.159792445299454838e-16
4.006421513112547473e+03 6.396283504975357124e-14 7.097555233312845012e-16
4.009168659972633577e+03 6.477899782368087239e-14 7.152359141620752086e-16
4.011915806832719682e+03 6.587936636262815609e-14 7.207708410313396115e-16
4.014662953692805786e+03 6.462594594289633676e-14 7.084518915605823867e-16
4.017410100552891890e+03 6.429294359207597106e-14 7.065930279847673098e-16
4.020157247412977995e+03 6.284540551302189950e-14 7.975950067040609368e-16
4.022904394273064099e+03 6.305420628664788881e-14 7.263208074929568422e-16
4.025651541133150204e+03 6.347112461097692946e-14 7.211086370499539127e-16
4.028398687993236308e+03 6.353249497051299206e-14 7.017798611713306114e-16
4.031145834853322413e+03 6.134151454953736846e-14 6.810565119639531428e-16
4.033892981713408517e+03 6.112497425788377626e-14 6.832597615662305990e-16
4.036640128573494621e+03 6.208344422648321287e-14 6.853466198732122054e-16
4.039387275433580726e+03 6.362336600270962776e-14 6.907404702165223729e-16
4.042134422293666830e+03 6.420565796069571624e-14 6.901209497272231273e-16
4.044881569153752935e+03 6.454404477470582453e-14 6.943555714588597154e-16
4.047628716013839039e+03 6.648543306167950491e-14 7.104479247725316782e-16
4.050375862873925144e+03 6.675916074101661507e-14 7.030352697964856650e-16
4.053123009734011248e+03 6.683163667671488623e-14 7.003837858060131694e-16
4.055870156594097352e+03 6.703317133848991151e-14 6.984158005837468975e-16
4.058617303454183457e+03 6.875169251943559398e-14 7.096922611188711897e-16
4.061364450314269561e+03 7.072125524085380802e-14 7.112532030797717306e-16
4.064111597174355666e+03 7.157934945845750234e-14 7.155025373223828665e-16
4.066858744034441770e+03 7.138376744900240293e-14 7.116810532256635497e-16
4.069605890894527874e+03 7.108381293304466698e-14 7.201215070947816571e-16
4.072353037754613979e+03 7.136648192523005199e-14 7.132223285793002187e-16
4.075100184614700083e+03 7.218134246044777276e-14 7.139802245910187876e-16
4.077847331474786188e+03 7.305600143381375950e-14 7.158809284612893720e-16
4.080594478334872292e+03 7.203021238159554355e-14 7.118858610492224482e-16
4.083341625194958397e+03 7.120980584848274488e-14 7.085763838816617024e-16
4.086088772055044501e+03 7.159973009811847243e-14 7.076592485326384323e-16
4.088835918915130605e+03 7.083733394670708606e-14 7.070614687983294917e-16
4.091583065775216710e+03 7.069553189889663371e-14 7.028646588350871246e-16
4.094330212635302814e+03 7.156940367182400405e-14 7.129384054938073980e-16
4.097077359495388919e+03 7.093131941352952259e-14 7.041702984723360556e-16
4.099824506355475023e+03 7.128143618535321364e-14 7.045158484539913992e-16
4.102571653215561128e+03 7.081369492993153223e-14 7.037901184436682730e-16
4.105318800075647232e+03 7.109370971473652849e-14 7.001988601782424575e-16
4.108065946935733336e+03 7.290202661056013865e-14 7.096125940403321052e-16
4.110813093795819441e+03 7.248475384641827331e-14 7.053507530687301334e-16
4.113560240655905545e+03 7.198402357069954243e-14 7.031252031553898059e-16
4.116307387515991650e+03 7.299312189259252942e-14 7.056865400895810394e-16
4.119054534376077754e+03 7.186187777301742818e-14 6.982773079978245487e-16
4.121801681236163859e+03 7.123383816084566500e-14 6.993709771122653833e-16
4.124548828096249963e+03 7.174745411591045158e-14 6.996611530052080233e-16
4.127295974956336067e+03 7.107138935163215112e-14 6.938626295876391510e-16
4.130043121816422172e+03 7.007960356845393046e-14 6.891158449075711424e-16
4.132790268676508276e+03 7.065599720353505615e-14 6.896711234731360694e-16
4.135537415536594381e+03 7.014120742420802878e-14 6.863356305380828359e-16
4.138284562396680485e+03 6.994900968023153019e-14 6.847871641239536434e-16
4.141031709256766590e+03 7.038951334917453397e-14 6.845410711305793576e-16
4.143778856116852694e+03 6.896516244425663211e-14 6.761496927552671141e-16
4.146526002976938798e+03 6.750797548202599609e-14 6.715779347479070099e-16
4.149273149837024903e+03 6.821756089449187568e-14 6.734989915027040797e-16
4.152020296697111007e+03 6.866463146119307659e-14 6.832783961182471381e-16
4.154767443557197112e+03 6.917578992372699770e-14 6.796656204999704352e-16
4.157514590417283216e+03 6.757654145327148537e-14 6.642673042408510837e-16
4.160261737277369321e+03 6.815249708138114113e-14 6.684005430894951212e-16
4.163008884137455425e+03 6.956310195704226297e-14 6.741583234842868960e-16
4.165756030997541529e+03 6.907118822005984618e-14 6.687357022944522141e-16
4.168503177857627634e+03 6.893179464508977613e-14 6.666231276636535356e-16
4.171250324717713738e+03 6.948369374104049346e-14 6.701221296893949345e-16
4.173997471577799843e+03 6.904883182875349599e-14 6.708949377332489527e-16
4.176744618437885947e+03 6.904883182875349599e-14 6.658461509279910856e-16
4.179491765297972051e+03 6.891452549772962289e-14 6.650155598652708576e-16
4.182238912158058156e+03 6.890805339088097952e-14 6.664095019527898762e-16
4.184986059018144260e+03 6.904883182875349599e-14 6.725448808431560198e-16
4.187733205878230365e+03 6.898603907411536711e-14 6.626444151744633432e-16
4.190480352738316469e+03 6.890805339088097952e-14 6.668680971357893045e-16
4.193227499598402574e+03 6.890805339088097952e-14 6.720640453229082605e-16
4.195974646458488678e+03 6.887764306160443954e-14 6.582849956721645219e-16
4.198721793318574782e+03 6.888447045598192005e-14 6.576678128854487733e-16
4.201468940178660887e+03 6.871622797100853533e-14 6.583014926004637984e-16
4.204216087038746991e+03 6.768786458893900825e-14 6.501368466779733363e-16
4.206963233898833096e+03 6.813256010598419674e-14 6.535530706996405191e-16
4.209710380758919200e+03 6.719149583503964036e-14 6.506171772849209443e-16
4.212457527619005305e+03 6.691290443375656657e-14 6.457703542117568465e-16
4.215204674479091409e+03 6.696317064807496612e-14 6.476482402717009559e-16
4.217951821339177513e+03 6.658251178768342096e-14 6.490600777091659026e-16
4.220698968199263618e+03 6.637541197438156812e-14 6.424518734436263182e-16
4.223446115059349722e+03 6.691290443375656657e-14 6.482765907573792192e-16
4.226193261919435827e+03 6.762065885306863066e-14 6.444179238576502334e-16
4.228940408779521931e+03 6.691913145694059126e-14 6.405462294591416928e-16
4.231687555639608036e+03 6.566113112833793739e-14 6.343470607085472527e-16
4.234434702499694140e+03 6.574231248889794031e-14 6.375683887503960265e-16
4.237181849359780244e+03 6.526352160237995038e-14 6.337381971130141741e-16
4.239928996219866349e+03 6.540897142458398363e-14 6.348540176242251986e-16
4.242676143079952453e+03 6.526352160237995038e-14 6.570328999611827380e-16
4.245423289940038558e+03 6.526352160237995038e-14 9.080623063786831192e-16
4.248170436800124662e+03 6.497791208639015358e-14 6.342252170928644757e-16
4.250917583660210767e+03 6.325718621873546721e-14 8.533616068592700474e-16
4.253664730520296871e+03 6.236119377057158027e-14 6.191853084301053324e-16
4.256411877380382975e+03 6.180043726235567687e-14 6.158604069703609953e-16
4.259159024240469080e+03 6.076082937595736891e-14 6.120540355078684724e-16
4.261906171100555184e+03 6.003723198092464475e-14 6.103731368670848886e-16
4.264653317960641289e+03 5.993952408273529496e-14 6.052664621963870783e-16
4.267400464820727393e+03 5.988323092368354975e-14 6.031182176011831968e-16
4.270147611680813498e+03 5.897333574164239174e-14 5.982378849298293635e-16
4.272894758540899602e+03 5.772566302004733045e-14 5.911965666566659310e-16
4.275641905400985706e+03 5.694407148941083343e-14 5.859585595976558159e-16
4.278389052261071811e+03 5.560291164250103992e-14 5.833343933531745187e-16
4.281136199121157915e+03 5.567673543998131661e-14 5.842294942087798303e-16
4.283883345981244020e+03 5.462113971839927025e-14 5.763160869557975789e-16
4.286630492841330124e+03 5.448955309882200183e-14 5.822715159872051064e-16
4.289377639701416228e+03 5.280399533979274711e-14 5.664655290187770679e-16
4.292124786561502333e+03 5.206562921114154690e-14 5.606874052952609923e-16
4.294871933421588437e+03 5.212184288282248673e-14 5.599201904154576388e-16
4.297619080281674542e+03 5.185768090007647890e-14 5.573584015511132765e-16
4.300366227141760646e+03 5.150218831824827313e-14 5.558499164750765757e-16
4.303113374001846751e+03 5.047713121818255800e-14 5.504096053349421325e-16
4.305860520861932855e+03 4.962188799864829804e-14 5.458796914721920060e-16
4.308607667722018959e+03 4.877085188201280831e-14 5.403507296203735685e-16
4.311354814582105064e+03 4.882097790653287699e-14 5.403569645445097635e-16
4.314101961442191168e+03 4.718316480495138214e-14 5.516994254523875469e-16
4.316849108302277273e+03 4.714492401161165877e-14 5.466684301822289922e-16
4.319596255162363377e+03 4.710305899383607521e-14 5.327185787093285663e-16
4.322343402022449482e+03 4.693915353547006808e-14 5.332252595705041422e-16
4.325090548882535586e+03 4.639133550584375637e-14 5.262967780984012679e-16
4.327837695742621690e+03 4.475655586718837355e-14 5.173143112035658046e-16
4.330584842602707795e+03 4.454820590072152502e-14 5.241011844888695673e-16
4.333331989462793899e+03 4.497163405024668381e-14 5.201801409707905497e-16
4.336079136322880004e+03 4.535142656207427430e-14 5.245512316345182074e-16
4.338826283182966108e+03 4.485941342588529909e-14 5.213286190187649943e-16
4.341573430043052213e+03 4.457546635810256863e-14 5.139307879513017103e-16
4.344320576903138317e+03 4.459664481033596990e-14 5.148971323158291493e-16
4.347067723763224421e+03 4.459664481033596990e-14 5.146289356698965756e-16
4.349814870623310526e+03 4.457546635810256863e-14 5.134695570814659223e-16
4.352562017483396630e+03 4.412386920902274786e-14 5.089750968642297162e-16
4.355309164343482735e+03 4.350063679236435316e-14 5.054271600793474059e-16
4.358056311203568839e+03 4.412386920902274786e-14 5.106389198917652742e-16
4.360803458063654944e+03 4.344534524116674331e-14 5.535564302253798462e-16
4.363550604923741048e+03 4.218919787367659245e-14 5.264596596369583637e-16
4.366297751783827152e+03 4.392110295862447977e-14 5.114002907173071134e-16
4.369044898643913257e+03 4.399809834193890678e-14 5.057384853738603983e-16
4.371792045503999361e+03 4.392110295862447977e-14 5.079160530800239815e-16
4.374539192364085466e+03 4.387600674396779463e-14 5.060737141560075577e-16
4.377286339224171570e+03 4.399809834193890678e-14 5.044110983031119197e-16
4.380033486084257675e+03 4.438557423671338061e-14 5.054381034193767898e-16
4.382780632944343779e+03 4.430583256912649775e-14 5.035070283507514944e-16
4.385527779804429883e+03 4.465204385327365976e-14 5.087972592446862969e-16
4.388274926664515988e+03 4.478481033683097025e-14 5.062179237249713653e-16
4.391022073524602092e+03 4.394793787519472987e-14 5.031034703705728306e-16
4.393769220384688197e+03 4.416089388883699784e-14 5.027592546445054980e-16
4.396516367244774301e+03 4.422985468778329828e-14 4.992472350576389916e-16
4.399263514104860405e+03 4.438319377393968515e-14 4.998558600102961701e-16
4.402010660964946510e+03 4.455062222004926449e-14 5.032865215408380025e-16
4.404757807825032614e+03 4.455062222004926449e-14 5.003402820195114386e-16
4.407504954685118719e+03 4.455062222004926449e-14 5.124656080543749839e-16
4.410252101545204823e+03 4.472603914007232818e-14 5.067813178230858552e-16
4.412999248405290928e+03 4.483351428975329469e-14 5.048069540478014691e-16
4.415746395265377032e+03 4.472603914007232818e-14 4.999321672659570237e-16
4.418493542125463136e+03 4.555551305522602878e-14 5.081035056078361348e-16
4.421240688985549241e+03 4.576334947158069119e-14 5.076081886950340550e-16
4.423987835845635345e+03 4.667776928466895898e-14 5.094408247673404647e-16
4.426734982705721450e+03 4.802044284826486026e-14 5.136791384340675717e-16
4.429482129565807554e+03 4.898363776826572690e-14 5.177016253891094028e-16
4.432229276425893659e+03 4.906904278876759395e-14 5.158039605234325774e-16
4.434976423285979763e+03 4.932440217085605230e-14 5.158734230106524561e-16
4.437723570146065867e+03 5.085770836978441824e-14 5.232089082424279364e-16
4.440470717006151972e+03 5.103321303438991812e-14 5.243779326830190143e-16
4.443217863866238076e+03 5.103321303438991812e-14 5.227491841748689596e-16
4.445965010726324181e+03 5.201232690318241459e-14 5.257008923425615860e-16
4.448712157586410285e+03 5.241475472530574900e-14 5.255548948048638528e-16
4.451459304446496390e+03 5.389411701711192810e-14 5.337302978036814155e-16
4.454206451306582494e+03 5.587774076850417352e-14 5.424294422772913751e-16
4.456953598166668598e+03 5.619194200272499276e-14 5.576593103665780416e-16
4.459700745026754703e+03 5.643444836016677121e-14 5.491413631348285524e-16
4.462447891886840807e+03 5.866983430169796853e-14 5.510483070624461304e-16
4.465195038746926912e+03 6.193971047689264609e-14 5.647817445723255292e-16
4.467942185607013016e+03 6.206500668318235693e-14 5.618315186069170233e-16
4.470689332467099121e+03 6.179463894256686073e-14 5.603045108629762900e-16
4.473436479327185225e+03 6.297741562878550771e-14 5.712027460619250992e-16
4.476183626187271329e+03 6.413229987543746485e-14 5.717472545240339422e-16
4.478930773047357434e+03 6.532259823325553469e-14 5.772389457049445256e-16
4.481677919907443538e+03 6.610534686430086039e-14 5.779177971150572106e-16
4.484425066767529643e+03 6.668923069748614073e-14 5.790873893814666728e-16
4.487172213627615747e+03 6.657489873415871748e-14 5.770546652622101935e-16
4.489919360487701852e+03 6.660226914599037619e-14 5.790361199094325029e-16
4.492666507347787956e+03 6.732966234568616893e-14 5.823420840190536649e-16
4.495413654207874060e+03 6.885118036673752871e-14 5.859195348598246908e-16
4.498160801067960165e+03 7.083547341968805466e-14 5.940912854723942871e-16
4.500907947928046269e+03 7.083547341968805466e-14 5.959627535692273190e-16
4.503655094788132374e+03 7.123234540995194452e-14 5.991683144651267070e-16
4.506402241648218478e+03 7.211170492216239770e-14 5.996400467641599239e-16
4.509149388508304583e+03 7.437425239996472915e-14 6.069959928441684111e-16
4.511896535368390687e+03 7.437425239996472915e-14 6.041869698620752788e-16
4.514643682228476791e+03 7.458907689370127985e-14 6.070448811074849885e-16
4.517390829088562896e+03 7.460152585330734700e-14 6.075271074473992099e-16
4.520137975948649000e+03 7.470026152204417528e-14 6.128751847608992087e-16
4.522885122808735105e+03 7.470026152204417528e-14 6.080147287390272701e-16
4.525632269668821209e+03 7.520570086517753701e-14 6.084740059739050664e-16
4.528379416528907313e+03 7.631785491611313531e-14 6.115447353553938767e-16
4.531126563388993418e+03 7.785212516624307681e-14 6.176453724819313708e-16
4.533873710249079522e+03 7.785212516624307681e-14 6.160712286337640531e-16
4.536620857109165627e+03 7.886496787993285183e-14 6.217743144748941036e-16
4.539368003969251731e+03 8.046494046891964615e-14 6.273180083267136752e-16
4.542115150829337836e+03 8.046494046891964615e-14 6.281350077800353647e-16
4.544862297689423940e+03 8.046494046891964615e-14 6.284503398843961065e-16
4.547609444549510044e+03 8.046494046891964615e-14 6.254677948424600277e-16
4.550356591409596149e+03 8.130465230279730382e-14 6.283047897294159754e-16
4.553103738269682253e+03 8.130465230279730382e-14 6.335494791588177030e-16
4.555850885129768358e+03 8.134236772513978229e-14 6.321868267810033805e-16
4.558598031989854462e+03 8.134236772513978229e-14 6.274469596920627466e-16
4.561345178849940567e+03 8.130465230279730382e-14 6.287737129495221134e-16
4.564092325710026671e+03 8.134236772513978229e-14 6.277157841076687869e-16
4.566839472570112775e+03 8.130465230279730382e-14 6.311023805949960749e-16
4.569586619430198880e+03 8.130465230279730382e-14 6.273216481849992858e-16
4.572333766290284984e+03 8.003195910400860448e-14 6.247927991757449082e-16
4.575080913150371089e+03 8.121776092974171198e-14 6.283383207766197335e-16
4.577828060010457193e+03 8.121776092974171198e-14 6.432215863841269016e-16
4.580575206870543298e+03 8.013846297515394112e-14 6.272444800495845367e-16
4.583322353730629402e+03 8.025938852434992402e-14 6.241671487265219850e-16
4.586069500590715506e+03 8.119049359267571541e-14 6.271235871648221395e-16
4.588816647450801611e+03 8.084177865587132073e-14 6.253710202418599781e-16
4.591563794310887715e+03 8.104263121658109323e-14 6.284913609651760847e-16
4.594310941170973820e+03 8.104263121658109323e-14 6.276823886456247677e-16
4.597058088031059924e+03 8.104263121658109323e-14 6.275196646384295976e-16
4.599805234891146029e+03 8.091700615078017879e-14 6.263754652797175164e-16
4.602552381751232133e+03 8.104263121658109323e-14 6.288137986938662973e-16
4.605299528611318237e+03 8.102558128024141359e-14 6.281991890003847275e-16
4.608046675471404342e+03 8.102558128024141359e-14 6.264304005211365337e-16
4.610793822331490446e+03 8.091700615078017879e-14 6.277683477544026569e-16
4.613540969191576551e+03 8.044389489133749790e-14 6.238253445004906833e-16
4.616288116051662655e+03 8.085824401767311857e-14 6.279733693191667040e-16
4.619035262911748760e+03 8.087524423482953064e-14 6.277207204784747474e-16
4.621782409771834864e+03 8.087524423482953064e-14 6.292911691410128139e-16
4.624529556631920968e+03 8.087524423482953064e-14 6.341164155090056874e-16
4.627276703492007073e+03 8.087524423482953064e-14 6.334022080202663835e-16
4.630023850352093177e+03 8.087524423482953064e-14 6.310847494256314834e-16
4.632770997212179282e+03 8.082198153458188520e-14 6.263215876190330947e-16
4.635518144072265386e+03 8.021481142733438820e-14 6.259454175231804623e-16
4.638265290932351490e+03 7.972415564533207153e-14 6.484251861330327796e-16
4.641012437792437595e+03 7.860186150410948269e-14 6.800672271621321867e-16
4.643759584652523699e+03 7.823168839373812041e-14 6.385501408145356327e-16
4.646506731512609804e+03 7.807809819435986097e-14 6.182304607154245673e-16
4.649253878372695908e+03 7.644090184847241876e-14 6.132134780407407056e-16
4.652001025232782013e+03 7.469787591139948854e-14 6.035139706794855323e-16
4.654748172092868117e+03 7.461547960695422678e-14 6.048113051650976640e-16
4.657495318952954221e+03 7.366528270828721464e-14 6.002856887912680012e-16
4.660242465813040326e+03 7.340344065272852367e-14 6.016811681510894383e-16
4.662989612673126430e+03 7.293124910685698462e-14 6.087224234469304047e-16
4.665736759533212535e+03 7.165082679298503758e-14 6.079650661359347535e-16
4.668483906393298639e+03 7.165082679298503758e-14 6.004252057761624651e-16
4.671231053253384744e+03 7.165082679298503758e-14 5.962797862961711778e-16
4.673978200113470848e+03 6.918238825327010529e-14 5.829488886984662209e-16
4.676725346973556952e+03 6.791862850251716685e-14 5.800460710213149880e-16
4.679472493833643057e+03 6.759420578587925006e-14 5.796549120645789197e-16
4.682219640693729161e+03 6.759420578587925006e-14 5.829765554561406626e-16
4.684966787553815266e+03 6.759420578587925006e-14 5.838389568645097547e-16
4.687713934413901370e+03 6.624151209560105232e-14 5.769382487545241006e-16
4.690461081273987475e+03 6.608343557897372119e-14 5.772420518351427176e-16
4.693208228134073579e+03 6.608343557897372119e-14 5.787638948412229582e-16
4.695955374994159683e+03 6.553839532663362228e-14 5.727837184007108621e-16
4.698702521854245788e+03 6.473345383547114526e-14 5.730168871469716883e-16
4.701449668714331892e+03 6.461370787101781210e-14 5.719396909255151196e-16
4.704196815574417997e+03 6.461370787101781210e-14 5.759911524634500106e-16
4.706943962434504101e+03 6.461370787101781210e-14 5.740902093226584755e-16
4.709691109294590206e+03 6.394693441674783685e-14 5.668952726116086966e-16
4.712438256154676310e+03 6.394693441674783685e-14 5.684336004762168807e-16
4.715185403014762414e+03 6.394693441674783685e-14 5.692062999652021715e-16
4.717932549874848519e+03 6.379949714392981706e-14 5.675546929646912029e-16
4.720679696734934623e+03 6.343408048920196604e-14 5.669269918700148660e-16
4.723426843595020728e+03 6.070299015312902222e-14 5.561443900969700355e-16
4.726173990455106832e+03 5.941456179055607446e-14 5.532713500765074469e-16
4.728921137315192937e+03 5.792106744043175733e-14 5.456024100589028542e-16
4.731668284175279041e+03 5.668536925765293694e-14 5.405083319019329789e-16
4.734415431035365145e+03 5.382920401822950345e-14 5.261516484941022780e-16
4.737162577895451250e+03 5.143763652482560968e-14 5.204100682033682007e-16
4.739909724755537354e+03 5.101127713001055555e-14 5.191084067850466438e-16
4.742656871615623459e+03 5.046924620521072458e-14 5.170373953015091380e-16
4.745404018475709563e+03 4.826643122123615868e-14 5.067525755094982703e-16
4.748151165335795667e+03 4.671340473228874549e-14 5.011260630625047024e-16
4.750898312195881772e+03 4.510777723822380000e-14 4.928196487392048854e-16
4.753645459055967876e+03 4.273514032928779626e-14 4.884789188457006597e-16
4.756392605916053981e+03 4.125552810843386933e-14 4.790770322094780381e-16
4.759139752776140085e+03 4.072804970744801572e-14 4.739466543926482492e-16
4.761886899636226190e+03 3.992605231926449526e-14 4.693947310567336705e-16
4.764634046496312294e+03 3.935985439902347539e-14 4.893769556513476902e-16
4.767381193356398398e+03 3.884811055747218593e-14 4.725663879239235607e-16
4.770128340216484503e+03 3.850623898688182384e-14 4.633106984680332077e-16
4.772875487076570607e+03 3.792077882079402901e-14 4.598390889327015267e-16
4.775622633936656712e+03 3.856187214986111709e-14 4.663743858563410754e-16
4.778369780796742816e+03 3.882692068216795632e-14 4.645316347510076696e-16
4.781116927656828921e+03 3.844091764807424725e-14 4.830293907113855870e-16
4.783864074516915025e+03 3.985173666463255884e-14 4.800886026229742766e-16
4.786611221377001129e+03 4.054516962150090270e-14 4.726329092448556203e-16
4.789358368237087234e+03 4.140506757255629446e-14 4.836310332835741992e-16
4.792105515097173338e+03 4.197766464305513737e-14 4.804152455087318549e-16
4.794852661957259443e+03 4.398773954070393887e-14 4.897770254069980779e-16
4.797599808817345547e+03 4.519371288734687773e-14 4.950133907397184327e-16
4.800346955677431652e+03 4.568042832436972079e-14 4.954906093502355655e-16
4.803094102537517756e+03 4.671942938079411203e-14 5.230009464880587419e-16
4.805841249397603860e+03 4.712317690730514665e-14 5.132872332094200578e-16
4.808588396257689965e+03 4.744421429070790592e-14 5.035867993043075601e-16
4.811335543117776069e+03 4.764065661064242896e-14 6.854180021269957665e-16
4.814082689977862174e+03 4.764065661064242896e-14 6.854180021269957665e-16
4.816829836837948278e+03 4.696283438631071087e-14 5.001201763113498084e-16
4.819576983698034383e+03 4.657928705828311144e-14 6.803264341414909638e-16
4.822324130558120487e+03 4.657928705828311144e-14 6.803264341414909638e-16
4.825071277418206591e+03 4.606110965530640423e-14 4.967037701086348997e-16
4.827818424278292696e+03 4.499457500521088940e-14 4.906015125302446790e-16
4.830565571138378800e+03 4.425781254365958722e-14 4.891484638383699253e-16
4.833312717998464905e+03 4.425781254365958722e-14 4.886974721370393730e-16
4.836059864858551009e+03 4.386921171097679129e-14 4.868818484322131999e-16
4.838807011718637114e+03 4.177336213109534959e-14 4.768991049576117250e-16
4.841554158578723218e+03 4.034721789967874950e-14 4.706273739288529080e-16
4.844301305438809322e+03 3.847004297968479099e-14 4.599570731167583934e-16
4.847048452298895427e+03 3.747940716250195861e-14 4.579447874706199881e-16
4.849795599158981531e+03 3.695762545991005981e-14 4.542807829640687416e-16
4.852542746019067636e+03 3.673381115929487216e-14 5.309206771774177495e-16
4.855289892879153740e+03 3.673381115929487216e-14 6.164705260721205834e-16
4.858037039739239844e+03 3.582535202352525952e-14 4.497833769110271467e-16
4.860784186599325949e+03 3.458043098316556387e-14 4.465933039522709590e-16
4.863531333459412053e+03 3.495256468432910857e-14 4.477104773085755497e-16
4.866278480319498158e+03 3.378832648966091324e-14 4.358128065691968998e-16
4.869025627179584262e+03 3.360721455440795242e-14 4.379965623367917246e-16
4.871772774039670367e+03 3.445060348801358938e-14 4.453343293118958509e-16
4.874519920899756471e+03 3.495256468432910857e-14 4.469234404948409528e-16
4.877267067759842575e+03 3.557665075827411930e-14 4.479327735462114491e-16
4.880014214619928680e+03 3.580014487907297670e-14 4.476210895609932513e-16
4.882761361480014784e+03 3.697115422527131656e-14 4.545533590748072134e-16
4.885508508340100889e+03 3.717363411452206447e-14 4.546748020723217952e-16
4.888255655200186993e+03 3.817367629176658356e-14 4.623391837366821384e-16
4.891002802060273098e+03 3.848650320915117179e-14 4.609394645178074399e-16
4.893749948920359202e+03 4.010625816199642134e-14 4.747665387866488542e-16
4.896497095780445306e+03 4.136038244096107924e-14 4.758298487819708667e-16
4.899244242640531411e+03 4.269126348147393177e-14 4.871586930584052996e-16
4.901991389500617515e+03 4.413206646840472673e-14 4.896093103073294685e-16
4.904738536360703620e+03 4.508502571431132172e-14 4.940515834617405836e-16
4.907485683220789724e+03 4.583477964291797414e-14 5.023109537922836321e-16
4.910232830080875829e+03 4.688049436676625943e-14 5.005430105937670193e-16
4.912979976940961933e+03 4.849266971478345454e-14 5.081551362855780665e-16
4.915727123801048037e+03 4.921952191513628911e-14 5.111080035854920325e-16
4.918474270661134142e+03 4.981482721030677680e-14 5.131133656881536944e-16
4.921221417521220246e+03 4.982037231631293847e-14 5.151242673617761840e-16
4.923968564381306351e+03 5.059875447375173297e-14 5.164071983447273004e-16
4.926715711241392455e+03 5.094958294761037716e-14 5.170385989279964763e-16
4.929462858101478560e+03 5.125565108846681998e-14 5.218605068410874328e-16
4.932210004961564664e+03 5.125565108846681998e-14 5.216289499772634012e-16
4.934957151821650768e+03 5.125565108846681998e-14 5.293061661114514879e-16
4.937704298681736873e+03 5.125565108846681998e-14 6.093323474355633311e-16
4.940451445541822977e+03 5.125565108846681998e-14 5.418598846773332240e-16
4.943198592401909082e+03 5.097282951768025482e-14 5.212417752310935889e-16
4.945945739261995186e+03 5.072255689978325983e-14 5.171055923543928825e-16
4.948692886122081291e+03 4.990658491333720664e-14 5.249417398264302765e-16
4.951440032982167395e+03 4.948209586569418645e-14 5.217168907461164703e-16
4.954187179842253499e+03 4.948209586569418645e-14 5.134796066776560763e-16
4.956934326702339604e+03 4.931489324506886947e-14 5.207384567988375887e-16
4.959681473562425708e+03 4.840135110432306552e-14 5.087396887477486070e-16
4.962428620422511813e+03 4.685030850942509090e-14 4.988256385588173492e-16
4.965175767282597917e+03 4.481460027413146067e-14 5.010067963804624229e-16
4.967922914142684021e+03 4.439442844071411331e-14 4.926907932305869418e-16
4.970670061002770126e+03 4.317069010254394960e-14 4.826349862560018557e-16
4.973417207862856230e+03 4.283247771972052965e-14 5.369027865411418362e-16
4.976164354722942335e+03 4.283247771972052965e-14 5.449540904530900148e-16
4.978911501583028439e+03 4.283247771972052965e-14 5.514938229277538265e-16
4.981658648443114544e+03 4.191286351640727835e-14 4.888262186118457915e-16
4.984405795303200648e+03 3.894173087872159731e-14 4.658957194824784714e-16
4.987152942163286752e+03 3.752419888934108069e-14 4.589099888905696869e-16
4.989900089023372857e+03 3.752419888934108069e-14 4.673644358688421869e-16
4.992647235883458961e+03 3.727581701847988286e-14 4.572523692997238872e-16
4.995394382743545066e+03 3.572555724808635554e-14 4.531491713028860522e-16
4.998141529603631170e+03 3.550973105829149715e-14 4.501650152284704736e-16
5.000888676463717275e+03 3.576188168134616206e-14 4.519658794318488453e-16
5.003635823323803379e+03 3.609785105170434902e-14 4.568486329937061008e-16
5.006382970183889483e+03 3.578381574382944413e-14 4.547060909307862127e-16
5.009130117043975588e+03 3.609785105170434902e-14 4.594197895982103794e-16
5.011877263904061692e+03 3.609785105170434902e-14 4.540048042679623275e-16
5.014624410764147797e+03 3.609785105170434902e-14 4.595059276351904359e-16
5.017371557624233901e+03 3.609785105170434902e-14 4.619993594429188829e-16
5.020118704484320006e+03 3.602194373543296342e-14 4.542634689181652029e-16
5.022865851344406110e+03 3.609785105170434902e-14 4.553141648176344260e-16
5.025612998204492214e+03 3.570832763543406500e-14 4.517580558104831129e-16
5.028360145064578319e+03 3.560530013343413056e-14 4.543787636831695041e-16
5.031107291924664423e+03 3.626563142786335970e-14 4.628942467723493154e-16
5.033854438784750528e+03 3.626563142786335970e-14 4.626002124180311636e-16
5.036601585644836632e+03 3.631632916597004406e-14 4.594649951501497764e-16
5.039348732504922737e+03 3.626563142786335970e-14 4.572477724873769354e-16
5.042095879365008841e+03 3.675956622587349716e-14 4.597395130333398265e-16
5.044843026225094945e+03 3.820096029022627031e-14 4.713916164439211984e-16
5.047590173085181050e+03 3.820096029022627031e-14 4.729171304085472419e-16
5.050337319945267154e+03 3.820096029022627031e-14 4.682731860799514006e-16
5.053084466805353259e+03 3.820096029022627031e-14 4.684735628714090729e-16
5.055831613665439363e+03 3.945322347406996724e-14 4.865445698989235275e-16
5.058578760525525468e+03 4.039487001861570924e-14 4.817078851019636031e-16
5.061325907385611572e+03 4.039487001861570924e-14 4.802604649263950899e-16
5.064073054245697676e+03 4.039487001861570924e-14 4.858616657862030025e-16
5.066820201105783781e+03 4.176136942586145713e-14 4.911539377433292587e-16
5.069567347965869885e+03 4.269513172365800769e-14 4.941477372659103247e-16
5.072314494825955990e+03 4.269513172365800769e-14 4.924923747661959337e-16
5.075061641686042094e+03 4.284015144439425965e-14 4.936989401660784023e-16
5.077808788546128199e+03 4.335148461663991372e-14 4.971508963785903809e-16
5.080555935406214303e+03 4.455246252134702271e-14 5.028508165384195054e-16
5.083303082266300407e+03 4.501535133133630774e-14 5.087633611136512045e-16
5.086050229126386512e+03 4.562615518808963441e-14 5.170235640302246111e-16
5.088797375986472616e+03 4.562615518808963441e-14 5.847155512990432614e-16
5.091544522846558721e+03 4.640981522287193305e-14 5.255389551971188345e-16
5.094291669706644825e+03 4.735351878216334907e-14 5.199504119405170902e-16
5.097038816566730929e+03 4.785018932699541335e-14 5.196904467096127359e-16
5.099785963426817034e+03 4.929769720486882432e-14 5.281817119844403726e-16
5.102533110286903138e+03 5.019722559131776315e-14 5.370031045427853723e-16
5.105280257146989243e+03 5.019722559131776315e-14 5.309880132074190424e-16
5.108027404007075347e+03 5.058322903893387966e-14 5.351284789432375510e-16
5.110774550867161452e+03 5.064150500421342570e-14 5.382233160723621238e-16
5.113521697727247556e+03 5.064150500421342570e-14 5.362806488903760141e-16
5.116268844587333660e+03 5.092297992321440527e-14 5.440814643610793566e-16
5.119015991447419765e+03 5.105573575168977634e-14 5.401504294997261396e-16
5.121763138307505869e+03 5.165794972814462996e-14 5.421100884953498140e-16
5.124510285167591974e+03 5.349999492871309506e-14 5.543311608782858470e-16
5.127257432027678078e+03 5.391430372964531609e-14 5.666608917092562405e-16
5.130004578887764183e+03 5.399614229692705290e-14 5.578633897486927174e-16
5.132751725747850287e+03 5.508544757410036588e-14 5.636078523941693730e-16
5.135498872607936391e+03 5.515447007002651386e-14 5.614465939881423200e-16
5.138246019468022496e+03 5.574839826829895275e-14 5.686299863097598964e-16
5.140993166328108600e+03 5.590035069342085936e-14 5.689390680936564870e-16
5.143740313188194705e+03 5.571847108242815070e-14 5.711291200503477005e-16
5.146487460048280809e+03 5.702446415035886756e-14 5.790837542998491156e-16
5.149234606908366914e+03 5.768670750678485481e-14 5.839116679238087684e-16
5.151981753768453018e+03 5.702446415035886756e-14 5.811441777690400747e-16
5.154728900628539122e+03 5.768670750678485481e-14 5.816095988585308636e-16
5.157476047488625227e+03 5.903002382436524149e-14 5.849636754094341654e-16
5.160223194348711331e+03 5.953377607769269065e-14 5.907911876696956802e-16
5.162970341208797436e+03 6.121370955845595916e-14 5.972448381442268422e-16
5.165717488068883540e+03 6.273304297933040788e-14 6.085051852072324588e-16
5.168464634928969645e+03 6.273304297933040788e-14 6.110668895177573533e-16
5.171211781789055749e+03 6.257125002037943977e-14 6.074336062011969557e-16
5.173958928649141853e+03 6.317048681676866922e-14 6.092637803842784771e-16
5.176706075509227958e+03 6.423568969446535424e-14 6.175120700284322942e-16
5.179453222369314062e+03 6.560646423488574843e-14 6.326311210546277325e-16
5.182200369229400167e+03 6.565476603375791093e-14 6.214940813666430661e-16
5.184947516089486271e+03 6.611662368054355873e-14 6.278324187811825339e-16
5.187694662949572376e+03 6.695725637998922530e-14 6.301744461751747984e-16
5.190441809809658480e+03 6.585211142932709378e-14 6.233560292644769004e-16
5.193188956669744584e+03 6.671412637953159874e-14 6.332959330445866734e-16
5.195936103529830689e+03 6.757012346965108458e-14 6.355612291975662427e-16
5.198683250389916793e+03 6.931499620497706852e-14 6.454661816632260614e-16
5.201430397250002898e+03 6.880997910247783707e-14 6.456149055676913824e-16
5.204177544110089002e+03 6.947547420825433609e-14 6.487068509831278813e-16
5.206924690970175106e+03 7.031390520896103981e-14 6.629021002185086533e-16
5.209671837830261211e+03 7.042508013513779121e-14 6.578064079658660377e-16
5.212418984690347315e+03 6.947547420825433609e-14 6.637602461584508352e-16
5.215166131550433420e+03 6.947547420825433609e-14 6.645491605896837566e-16
5.217913278410519524e+03 6.874107975592389931e-14 6.512501164052947245e-16
5.220660425270605629e+03 6.876924235962525713e-14 6.551542312353944706e-16
5.223407572130691733e+03 6.895023560312363122e-14 7.077708968453186129e-16
5.226154718990777837e+03 7.022589476627064435e-14 6.655991901915967185e-16
5.228901865850863942e+03 7.083533614483263892e-14 6.684914547510001734e-16
5.231649012710950046e+03 7.033007846508452115e-14 6.671937826131339048e-16
5.234396159571036151e+03 7.073636213006495828e-14 6.706929703326968762e-16
5.237143306431122255e+03 7.131655145440931606e-14 6.739991274912054493e-16
5.239890453291208360e+03 7.159547433066643422e-14 6.745595639877433888e-16
5.242637600151294464e+03 7.001819788169779638e-14 6.689869032761335375e-16
5.245384747011380568e+03 6.921590580079622512e-14 6.664452657025154217e-16
5.248131893871466673e+03 6.970862241374438889e-14 6.743624671080047868e-16
5.250879040731552777e+03 6.967509180955585040e-14 6.796113563856775336e-16
5.253626187591638882e+03 6.780484082923505717e-14 6.693307754149956918e-16
5.256373334451724986e+03 6.765825624069588629e-14 6.709449030249841883e-16
5.259120481311811091e+03 6.790144325671570245e-14 6.786100997110383556e-16
5.261867628171897195e+03 6.713973054383597774e-14 6.900855700661411026e-16
5.264614775031983299e+03 6.386295158864781572e-14 6.576474638988510619e-16
5.267361921892069404e+03 6.412481188456571910e-14 6.616800916983496073e-16
5.270109068752155508e+03 6.346572934131013591e-14 6.571460939181373718e-16
5.272856215612241613e+03 6.383458294845072241e-14 6.654731245628432370e-16
5.275603362472327717e+03 6.120646476230049288e-14 6.585280368958138309e-16
5.278350509332413822e+03 6.141962744049349497e-14 6.550296398371483257e-16
5.281097656192499926e+03 5.873154027178454987e-14 6.442113556862478729e-16
5.283844803052586030e+03 5.887949913527189207e-14 6.478339696116257239e-16
5.286591949912672135e+03 5.886151045383864031e-14 5.255835126445170613e-16
5.289339096772758239e+03 5.839640086785305697e-14 5.275186757347566659e-16
5.290000000000000000e+03 5.863622635855178482e-14 4.511781501015969076e-16
5.292086243632844344e+03 5.869511558823316212e-14 4.420840933768544242e-16
5.294833390492930448e+03 5.773968007025741271e-14 4.845585229492786682e-16
5.294879788949570866e+03 5.775132069448555828e-14 4.799187619591999982e-16
5.297580537353016553e+03 5.882019062914431397e-14 4.025224797389932193e-16
5.299759577899141732e+03 5.924991297105006366e-14 4.292753850822409568e-16
5.300327684213102657e+03 5.917253666028782330e-14 4.814304565911012191e-16
5.303074831073188761e+03 5.778884039115918499e-14 4.194611397348919609e-16
5.304639366848712598e+03 5.825878299927517632e-14 3.874389482213055027e-16
5.305821977933274866e+03 5.840492751779827529e-14 4.609152418917899895e-16
5.308569124793360970e+03 6.075690906031728223e-14 4.871588519775139749e-16
5.309519155798283464e+03 6.067196516651249619e-14 4.097203194080179915e-16
5.311316271653447075e+03 6.040614542379311585e-14 4.034774677498536596e-16
5.314063418513533179e+03 6.068248174432784042e-14 4.767552740872746632e-16
5.314398944747854330e+03 6.051170875220450251e-14 4.473695343004278892e-16
5.316810565373619283e+03 6.009300514010894911e-14 3.874989321556766909e-16
5.319278733697425196e+03 5.982232127398594173e-14 4.505555070959560831e-16
5.319557712233705388e+03 5.997976710348600289e-14 4.750099342075079813e-16
5.322304859093791492e+03 6.020148300549747980e-14 3.321719767465757331e-16
5.324158522646996062e+03 5.994086778766546840e-14 3.803104525445707678e-16
5.325052005953877597e+03 6.032050779593326947e-14 4.434534018135640712e-16
5.327799152813963701e+03 6.028471948004218083e-14 4.970789980683194232e-16
5.329038311596566928e+03 6.018867080499471991e-14 4.155552048512520598e-16
5.330546299674049806e+03 6.035975520836895687e-14 4.702097381039736524e-16
5.333293446534135910e+03 5.949159532821763726e-14 4.849176146042359133e-16
5.333918100546137794e+03 5.926550834534650203e-14 4.299128889247629541e-16
5.336040593394222014e+03 5.914561860586355173e-14 3.985139960349163951e-16
5.338787740254308119e+03 5.780077850832397107e-14 4.826659859517729538e-16
5.338797889495708660e+03 5.779874952651542467e-14 4.817661465971999112e-16
5.341534887114394223e+03 5.798205749584669918e-14 4.008995518376207117e-16
5.343677678445279525e+03 5.835722121919505448e-14 4.391229268331913480e-16
5.344282033974480328e+03 5.848815035972228029e-14 4.939680172982393374e-16
5.347029180834566432e+03 5.817494147366074526e-14 4.452072512933319248e-16
5.348557467394850391e+03 5.754136357058849578e-14 4.046564752416248865e-16
5.349776327694652537e+03 5.772313319924864774e-14 4.782014491233853157e-16
5.352523474554738641e+03 5.783848258105032233e-14 5.071216557598440793e-16
5.353437256344421257e+03 5.771047986787921823e-14 4.263351230390077341e-16
5.355270621414824745e+03 5.709201434042659053e-14 4.229374091928166647e-16
5.358017768274910850e+03 5.690814731990353777e-14 4.966820517663336629e-16
5.358317045293992123e+03 5.700657048517712415e-14 4.687458269943186004e-16
5.360764915134996954e+03 5.688348923862983325e-14 4.102690746869091212e-16
5.363196834243562989e+03 5.717712993163041130e-14 4.730868618934642114e-16
5.363512061995083059e+03 5.711054322119808006e-14 5.030434755644067566e-16
5.366259208855169163e+03 5.670521753661810134e-14 4.283683703012001538e-16
5.368076623193133855e+03 5.660152962824194204e-14 4.242936564436223793e-16
5.369006355715255268e+03 5.611262096127151291e-14 5.045359554739702611e-16
5.371753502575341372e+03 5.576301109294124529e-14 4.871627862605812902e-16
5.372956412142704721e+03 5.579251394197980101e-14 4.391417463305185432e-16
5.374500649435427476e+03 5.516940099935824006e-14 4.876683187511893076e-16
5.377247796295513581e+03 5.562750628260129687e-14 5.622125144766286146e-16
5.377836201092275587e+03 5.570172786804960609e-14 5.098523325806000544e-16
5.379994943155599685e+03 5.572433935531748210e-14 4.164268785657270862e-16
5.382715990041846453e+03 5.582631586479316094e-14 5.081858818280768102e-16
5.382742090015685790e+03 5.582570601724369517e-14 5.106541031240940679e-16
5.385489236875771894e+03 5.529126482461628127e-14 4.200426402292788089e-16
5.387595778991417319e+03 5.479381572752059616e-14 4.475043020494659459e-16
5.388236383735857999e+03 5.452037331811079159e-14 5.074512517183396825e-16
5.390983530595944103e+03 5.263083024127160048e-14 4.448022776819596759e-16
5.392475567940988185e+03 5.261100459621311891e-14 4.034158276451950933e-16
5.393730677456030207e+03 5.229772556349781035e-14 4.697018670257812752e-16
5.396477824316116312e+03 5.203853172157835057e-14 4.922391801623826167e-16
5.397355356890559051e+03 5.229048693958687785e-14 4.190366557238371834e-16
5.399224971176202416e+03 5.213381641923783910e-14 4.135009951405703120e-16
5.401972118036288521e+03 5.211810671981248121e-14 4.864045246258894694e-16
5.402235145840129917e+03 5.217088551073351444e-14 4.630622294140585423e-16
5.404719264896374625e+03 5.177781189649682095e-14 3.988270805559918751e-16
5.407114934789700783e+03 5.190776601302258022e-14 4.486844860248330717e-16
5.407466411756460730e+03 5.190344677691472035e-14 4.798203098711723269e-16
5.410213558616546834e+03 5.197291447324761952e-14 4.186366433798114870e-16
5.411994723739271649e+03 5.195698216534495630e-14 4.097016257427488147e-16
5.412960705476632938e+03 5.195698216534495630e-14 4.890816280605805872e-16
5.415707852336719043e+03 5.197291447324761952e-14 4.606629299690400101e-16
5.416874512688842515e+03 5.195698216534495630e-14 3.900624401353840386e-16
5.418454999196805147e+03 5.172208318564354871e-14 4.163424920703508737e-16
5.421202146056891252e+03 5.164585081308986118e-14 4.685646175224497214e-16
5.421754301638413381e+03 5.192057154696645829e-14 4.231818884539412523e-16
5.423949292916977356e+03 5.212357163778221889e-14 3.822510390361915966e-16
5.426634090587984247e+03 5.190538804680533922e-14 4.600885378463409147e-16
5.426696439777063460e+03 5.189600013283478503e-14 4.652875497882511561e-16
5.429443586637149565e+03 5.166994682034470300e-14 3.771505471001943725e-16
5.431513879537555113e+03 5.158943247059086999e-14 4.058807044028406978e-16
5.432190733497235669e+03 5.159053697869297630e-14 4.596963136463154046e-16
5.434937880357321774e+03 5.057160961008760601e-14 4.151159020813157002e-16
5.436393668487125979e+03 5.076177809204087449e-14 3.765341360742545320e-16
5.437685027217407878e+03 5.093294253172786650e-14 4.324646944077101897e-16
5.440432174077493983e+03 5.126464808370901891e-14 4.506836816787763585e-16
5.441273457436696845e+03 5.076177809204087449e-14 3.881177041331930334e-16
5.443179320937580087e+03 5.127456183094317428e-14 3.734876028292778570e-16
5.445926467797666191e+03 4.979342909934258184e-14 4.408745601662579779e-16
5.446153246386267710e+03 4.987300688674896497e-14 4.233866650416863407e-16
5.448673614657752296e+03 5.055106439993514998e-14 3.623595552253387255e-16
5.451033035335838576e+03 5.009058412587590931e-14 4.189100087959181492e-16
5.451420761517838400e+03 5.002765722555628636e-14 4.499354384865652287e-16
5.454167908377924505e+03 5.009058412587590931e-14 3.714514392638824711e-16
5.455912824285409442e+03 5.002765722555628636e-14 3.681135819270665710e-16
5.456915055238010609e+03 4.946263784927126431e-14 4.338143065276330445e-16
5.459662202098096714e+03 4.893738949223263326e-14 4.193110157596305207e-16
5.460792613234980308e+03 4.877121468630223412e-14 3.562582943714630989e-16
5.462409348958182818e+03 4.823113653877629417e-14 3.671990044198670683e-16
5.465156495818268922e+03 4.857735041567277007e-14 4.212757929095454539e-16
5.465672402184551174e+03 4.861935477017919745e-14 3.851244236026261166e-16
5.467903642678355027e+03 4.762031923113495394e-14 3.384235892447345402e-16
5.470552191134122040e+03 4.766231408190462150e-14 4.131799617400202269e-16
5.470650789538441131e+03 4.765179788317350750e-14 4.202251321281486847e-16
5.473397936398527236e+03 4.692060224610073709e-14 3.363279727340009980e-16
5.475431980083692906e+03 4.704383411530140395e-14 3.814699343040858677e-16
5.476145083258613340e+03 4.715138052608453831e-14 4.290985609370936615e-16
5.478892230118699445e+03 4.700553217239451591e-14 3.372910519218494750e-16
5.480311769033263772e+03 4.699138217498164318e-14 3.192178310961978939e-16
5.481639376978785549e+03 4.709053070005530890e-14 3.792104415771107613e-16
5.484386523838871653e+03 4.832894638313493757e-14 4.096825792559128794e-16
5.485191557982834638e+03 4.842304358301161988e-14 3.563662793215600378e-16
5.487133670698957758e+03 4.859620189849585203e-14 3.378341101000511878e-16
5.489880817559043862e+03 4.743500864543532766e-14 4.058814612791509581e-16
5.490071346932405504e+03 4.745321618401759986e-14 3.928104190733499835e-16
5.492627964419129967e+03 4.827281085988313599e-14 3.284669076936583564e-16
5.494951135881976370e+03 4.915833293471766991e-14 3.823950380275945295e-16
5.495375111279216071e+03 4.922457366482132617e-14 4.117393039433237637e-16
5.498122258139302176e+03 4.889585158861877007e-14 3.542624433773147108e-16
5.499830924831547236e+03 4.898554246246255787e-14 3.558207237310948492e-16
5.500869404999388280e+03 4.901192512410134911e-14 4.174317090966426383e-16
5.503616551859474384e+03 5.043285289832818930e-14 4.091348662017801036e-16
5.504710713781118102e+03 5.050824887276693167e-14 3.458741459796432477e-16
5.506363698719560489e+03 5.063059808888430369e-14 3.553956994898940427e-16
5.509110845579646593e+03 5.061699238064614502e-14 4.119308304550458033e-16
5.509590502730688968e+03 5.062405719516909606e-14 3.776787581156670186e-16
5.511857992439732698e+03 5.159251575210013154e-14 3.351564066736605725e-16
5.514470291680259834e+03 5.090654033844961282e-14 4.052916802101408285e-16
5.514605139299818802e+03 5.091952546904789315e-14 4.148714395561270114e-16
5.517352286159904907e+03 5.168814714183224708e-14 3.377999525676796757e-16
5.519350080629830700e+03 5.141494566695356411e-14 3.600252086219051899e-16
5.520099433019991011e+03 5.143325025894634064e-14 4.112939256309723740e-16
5.522846579880077115e+03 5.193468878670796595e-14 3.812368480678526321e-16
5.524229869579401566e+03 5.203787610648711773e-14 3.431952465621032063e-16
5.525593726740163220e+03 5.258623690790314194e-14 3.803120806906434146e-16
5.528340873600249324e+03 5.302485649545879025e-14 4.118457166033023107e-16
5.529109658528972432e+03 5.311522232935585294e-14 3.591917922518810071e-16
5.531088020460335429e+03 5.346601669617096305e-14 3.401118218336010589e-16
5.533835167320421533e+03 5.318610033086796011e-14 4.119380022049121906e-16
5.533989447478543298e+03 5.319578994042497570e-14 4.009095445402305885e-16
5.536582314180507638e+03 5.372945462908282671e-14 3.353370291037888658e-16
5.538869236428114164e+03 5.455976279244224709e-14 3.829775589998863929e-16
5.539329461040593742e+03 5.466827179943767237e-14 4.165864907564295237e-16
5.542076607900679846e+03 5.417638454603394041e-14 3.574584289742999090e-16
5.543749025377685030e+03 5.405514109875447028e-14 3.460323563832145900e-16
5.544823754760765951e+03 5.417866122767339563e-14 4.134390098886256589e-16
5.547570901620852055e+03 5.454881129705647080e-14 4.214484417578895651e-16
5.548628814327255895e+03 5.494583587621442120e-14 3.544829951153694249e-16
5.550318048480938160e+03 5.474716947257533446e-14 3.582050058926006195e-16
5.553065195341024264e+03 5.384063264191425669e-14 4.099693844797989349e-16
5.553508603276826761e+03 5.382952170921456786e-14 3.784044976715505976e-16
5.555812342201110368e+03 5.373103092098031348e-14 3.395199195785672404e-16
5.558388392226397627e+03 5.395153144140349263e-14 3.967194270564609050e-16
5.558559489061196473e+03 5.392998520734151173e-14 4.089856217252830404e-16
5.561306635921282577e+03 5.354925141268868756e-14 3.378972120699819485e-16
5.563268181175968493e+03 5.378340387568875992e-14 3.545488466250551149e-16
5.564053782781368682e+03 5.361053840971351168e-14 4.091619816439618838e-16
5.566800929641454786e+03 5.390228765242542476e-14 3.767609534582648981e-16
5.568147970125539359e+03 5.416062995667683811e-14 3.324651956298856955e-16
5.569548076501540891e+03 5.431599478504122589e-14 3.717134776449062486e-16
5.572295223361626995e+03 5.435697452006771916e-14 4.070684548108594633e-16
5.573027759075110225e+03 5.441554675283390891e-14 3.549811002995102719e-16
5.575042370221713099e+03 5.406653507297784662e-14 3.349490305096886778e-16
5.577789517081799204e+03 5.461925649603144572e-14 4.052572159308616966e-16
5.577907548024681091e+03 5.461911071606882926e-14 3.966859327102767273e-16
5.580536663941885308e+03 5.423108347719842698e-14 3.291250130382931387e-16
5.582787336974251957e+03 5.428201858484664417e-14 3.675460085063860515e-16
5.583283810801971413e+03 5.427585768704083403e-14 4.034260737347775946e-16
5.586030957662057517e+03 5.352220830626060717e-14 3.471799098808880376e-16
5.587667125923822823e+03 5.311628475848604191e-14 3.280820378669446911e-16
5.588778104522143622e+03 5.282301981916178622e-14 3.904617261826668988e-16
5.591525251382229726e+03 5.322759098166098668e-14 4.054619590016018391e-16
5.592546914873393689e+03 5.297331607814762504e-14 3.359709119302013286e-16
5.594272398242315830e+03 5.301442230321397878e-14 3.499153010025082347e-16
5.597019545102401935e+03 5.263434888817305183e-14 3.925260101776715119e-16
5.597426703822964555e+03 5.272034816042909812e-14 3.633140871750576762e-16
5.599766691962488039e+03 5.235513420727709280e-14 3.195550496382549279e-16
5.602306492772535421e+03 5.229919731017292107e-14 3.754999691966884876e-16
5.602513838822574144e+03 5.224474251548234323e-14 3.902659692293717558e-16
5.605260985682660248e+03 5.230002056343932438e-14 3.267902839152628387e-16
5.607186281722106287e+03 5.199554570588652719e-14 3.361066592584515330e-16
5.608008132542746353e+03 5.212218066581268522e-14 3.921043190087047278e-16
5.610755279402832457e+03 5.195496787263001081e-14 3.827156121023605952e-16
5.612066070671677153e+03 5.198900845594889610e-14 3.323087529857898124e-16
5.613502426262918561e+03 5.188315052038315574e-14 3.528249524265334113e-16
5.616249573123004666e+03 5.165435246676327219e-14 3.946953139687657129e-16
5.616945859621248019e+03 5.181176222410278709e-14 3.471080934866482354e-16
5.618996719983090770e+03 5.149189264196123140e-14 3.159627006290675320e-16
5.621743866843176875e+03 5.167173947471239616e-14 3.856702733894868817e-16
5.621825648570818885e+03 5.166044162701945814e-14 3.800055858702137068e-16
5.624491013703262979e+03 5.082629328000361733e-14 2.870696546424553142e-16
5.626705437520389751e+03 5.073566490367669890e-14 3.103019172276307183e-16
5.627238160563349084e+03 5.076905164513582665e-14 3.367168042837506449e-16
5.629985307423435188e+03 5.024773125144488108e-14 3.468161156847787872e-16
5.631585226469960617e+03 4.993235084012589704e-14 3.195076619868892856e-16
5.632732454283521292e+03 4.985873251191335792e-14 3.861614408171539287e-16
5.635479601143607397e+03 4.967479045157021052e-14 3.712900080832908659e-16
5.636465015419531483e+03 4.991405644541609239e-14 3.110118453058375393e-16
5.638226748003693501e+03 5.002570652296569965e-14 3.193967437865734827e-16
5.640973894863779606e+03 5.053041597961344980e-14 3.805452285646489086e-16
5.641344804369102349e+03 5.056492656630519251e-14 3.536977904567644290e-16
5.643721041723865710e+03 4.999421017361826621e-14 3.089010302946873356e-16
5.646224593318673215e+03 5.044916578808864295e-14 3.577962779205269040e-16
5.646468188583951815e+03 5.042302223372322927e-14 3.748717736987586441e-16
5.649215335444037919e+03 4.947155062478190253e-14 3.109508676477085796e-16
5.651104382268244080e+03 4.903597912514437956e-14 3.120705778940963257e-16
5.651962482304124023e+03 4.875295844145612795e-14 3.659467887062526799e-16
5.654709629164210128e+03 4.945250360630588011e-14 3.478915849023244057e-16
5.655984171217814946e+03 4.960838635590489341e-14 2.998697724427220630e-16
5.657456776024296232e+03 4.935738466911392275e-14 3.313432686377349162e-16
5.660203922884382337e+03 4.933092366857891032e-14 3.657710675163408893e-16
5.660863960167385812e+03 4.923627543299295431e-14 3.217355598999601986e-16
5.662951069744468441e+03 4.907105324205058940e-14 3.012452700467917558e-16
5.665698216604554545e+03 4.885494679113714831e-14 3.660556198607981233e-16
5.665743749116956678e+03 4.885706342027942846e-14 3.630079046164128236e-16
5.668445363464640650e+03 4.878056211199580192e-14 2.972267799530347597e-16
5.670623538066527544e+03 4.910090362661506424e-14 3.234963993626568791e-16
5.671192510324726754e+03 4.909636711454982747e-14 3.614040338358559517e-16
5.673939657184812859e+03 4.923245913461430564e-14 3.240656692432384355e-16
5.675503327016098410e+03 4.923245913461430564e-14 2.983837907130860692e-16
5.676686804044898963e+03 4.923245913461430564e-14 3.530120829572878371e-16
5.679433950904985068e+03 4.923245913461430564e-14 3.600382636056838592e-16
5.680383115965669276e+03 4.929293247174802862e-14 3.020143870293025241e-16
5.682181097765071172e+03 4.925885888608423813e-14 3.062238427179813709e-16
5.684928244625157276e+03 4.905238994530358634e-14 3.585061530651472340e-16
5.685262904915240142e+03 4.902380410068939701e-14 3.359921317497197902e-16
5.687675391485243381e+03 4.841667458211344620e-14 2.937717931331031413e-16
5.690142693864811008e+03 4.769613804028279950e-14 3.365686160927836375e-16
5.690422538345329485e+03 4.784578174241529477e-14 4.848648531624709599e-16
5.695022482814381874e+03 4.732489996889573389e-14 5.046600170454844745e-16
5.699902271763952740e+03 4.700700548044287541e-14 4.988713570575997154e-16
5.704782060713523606e+03 4.693793109527158988e-14 4.997923183322022632e-16
5.709661849663094472e+03 4.652700503067067967e-14 5.024469321010343563e-16
5.714541638612665338e+03 4.614383735589395029e-14 4.954244848396253205e-16
5.719421427562236204e+03 4.623355240148687028e-14 4.945173554462130377e-16
5.724301216511807070e+03 4.600464465284506274e-14 4.940162887219426497e-16
5.729181005461377936e+03 4.475353620608672391e-14 4.985855675405048436e-16
5.734060794410948802e+03 4.467531929803497795e-14 4.863625021772282143e-16
5.738940583360519668e+03 4.475353620608672391e-14 4.907261201318791994e-16
5.743820372310090534e+03 4.494961750120509208e-14 4.846749708242778385e-16
5.748700161259661400e+03 4.396703337707275987e-14 4.801270618419235656e-16
5.753579950209232265e+03 4.379742626495426075e-14 4.795726269271304344e-16
5.758459739158803131e+03 4.381510486378347538e-14 4.797422368820739851e-16
5.763339528108373997e+03 4.401767867529704442e-14 4.801470463274218282e-16
5.768219317057944863e+03 4.353685247472437138e-14 4.738982325715588467e-16
5.773099106007515729e+03 4.314061589763091112e-14 4.773551645967169632e-16
5.777978894957086595e+03 4.420146269266256066e-14 4.926846693365576230e-16
5.782858683906657461e+03 4.560330565040378228e-14 4.823594629448347309e-16
5.787738472856228327e+03 4.612261354000955746e-14 4.846204212134327443e-16
5.792618261805799193e+03 4.682345927348795158e-14 4.858172247612011350e-16
5.797498050755370059e+03 4.686614618478410968e-14 4.861897659678224431e-16
5.802377839704940925e+03 4.764691520282564696e-14 4.919873603483658227e-16
5.807257628654511791e+03 4.938832047008151077e-14 5.071892897533059322e-16
5.812137417604082657e+03 4.938832047008151077e-14 4.948858006086973097e-16
5.817017206553653523e+03 5.153998626119533867e-14 5.056985235033778067e-16
5.821896995503224389e+03 5.170656014366368361e-14 5.041920910469532502e-16
5.826776784452795255e+03 5.170656014366368361e-14 5.002713083156096039e-16
5.831656573402366121e+03 5.254853769024326316e-14 5.016074057773938789e-16
5.836536362351936987e+03 5.414313799353577084e-14 5.214548809710682814e-16
5.841416151301507853e+03 5.470491613640105699e-14 5.100893437228750094e-16
5.846295940251078719e+03 5.480864198329919021e-14 5.146062065122518646e-16
5.851175729200649585e+03 5.480864198329919021e-14 5.069245394013051907e-16
5.856055518150220450e+03 5.509254489319613895e-14 5.135867909977807718e-16
5.860935307099791316e+03 5.509254489319613895e-14 5.067637247780008296e-16
5.865815096049362182e+03 5.509254489319613895e-14 5.098242256778662015e-16
5.870694884998933048e+03 5.565030497423088996e-14 5.224851979127279954e-16
5.875574673948503914e+03 5.565030497423088996e-14 5.122526865809865123e-16
5.880454462898074780e+03 5.565030497423088996e-14 5.116573465543295211e-16
5.885334251847645646e+03 5.565030497423088996e-14 5.094567737727200701e-16
5.890214040797216512e+03 5.565030497423088996e-14 5.079655600204035515e-16
5.895093829746787378e+03 5.565030497423088996e-14 5.201842238566530406e-16
5.899973618696358244e+03 5.565030497423088996e-14 5.110099425947492011e-16
5.904853407645929110e+03 5.565030497423088996e-14 5.101837470966494583e-16
5.909733196595499976e+03 5.394790680124103402e-14 4.999219638529401236e-16
5.914612985545070842e+03 5.122549380668779568e-14 4.926406035153150087e-16
5.919492774494641708e+03 4.689892398168803821e-14 4.701174544572921945e-16
5.924372563444212574e+03 4.593436603694274363e-14 4.719358390990367266e-16
5.929252352393783440e+03 5.024802037780366639e-14 4.928030991470511225e-16
5.934132141343354306e+03 5.246489175206166207e-14 4.977766544493378002e-16
5.939011930292925172e+03 5.313133392143828549e-14 4.984365727333961301e-16
5.943891719242496038e+03 5.374626590992559140e-14 5.012266370312470918e-16
5.948771508192066904e+03 5.381654870293290698e-14 5.139450150221792281e-16
5.953651297141637770e+03 5.281547940951483851e-14 4.967998914430353743e-16
5.958531086091208635e+03 5.129137325413745442e-14 4.940138778802141997e-16
5.963410875040779501e+03 5.129137325413745442e-14 4.953413532426927534e-16
5.968290663990350367e+03 5.129137325413745442e-14 4.959186087868571929e-16
5.973170452939921233e+03 5.120966172699043850e-14 4.928651150669047250e-16
5.978050241889492099e+03 5.120966172699043850e-14 4.925530440497730909e-16
5.982930030839062965e+03 4.998070425894582449e-14 4.858504556470066683e-16
5.987809819788633831e+03 4.996252682284788759e-14 4.847110253004002584e-16
5.992689608738204697e+03 4.996252682284788759e-14 4.835699918562912645e-16
5.997569397687775563e+03 4.945887529810618043e-14 4.856192807936957567e-16
6.002449186637346429e+03 4.825949830340585299e-14 4.738063111645605218e-16
6.007328975586917295e+03 4.750995324311030169e-14 3.844925143588994996e-16
6.012208764536488161e+03 4.654626632586734349e-14 5.286028221348668902e-16
6.017088553486059027e+03 4.661689193300941967e-14 4.710839478881023426e-16
6.021968342435629893e+03 4.654626632586734349e-14 3.823660377413458433e-16
6.026848131385200759e+03 4.654626632586734349e-14 5.233768935481038741e-16
6.031727920334771625e+03 4.654626632586734349e-14 4.651335092488640857e-16
6.036607709284342491e+03 4.560404621123788513e-14 4.569613348846182363e-16
6.041487498233913357e+03 4.560404621123788513e-14 4.584985352224652075e-16
6.046367287183484223e+03 4.560404621123788513e-14 4.624772032607086130e-16
6.051247076133055089e+03 4.496728858678547436e-14 4.520371452758709363e-16
6.056126865082625955e+03 4.496728858678547436e-14 5.171824624223860511e-16
6.061006654032196820e+03 4.465385244162707767e-14 4.080991777021268372e-16
6.065886442981767686e+03 4.411963212846460591e-14 5.021092197315284774e-16
6.070766231931338552e+03 4.348376602392525362e-14 4.456369047211240076e-16
6.075646020880909418e+03 4.294905006646063198e-14 4.417353348106474066e-16
6.080525809830480284e+03 4.239881926389371240e-14 4.339996544688072120e-16
6.085405598780051150e+03 4.096487610485201115e-14 4.299521183009643275e-16
6.090285387729622016e+03 3.939341114838659277e-14 4.210111308615033149e-16
6.095165176679192882e+03 3.772616475451659313e-14 4.104452906319590386e-16
6.100044965628763748e+03 3.443996499858100600e-14 4.034101240521290025e-16
6.104924754578334614e+03 3.163852602981273715e-14 3.824563160040611044e-16
6.109804543527905480e+03 2.966112338040360614e-14 3.704642650067674208e-16
6.114684332477476346e+03 2.807114148181155926e-14 3.624469868483405472e-16
6.119564121427047212e+03 2.550330889592843255e-14 3.519955173570691216e-16
6.124443910376618078e+03 2.386412170331065815e-14 3.428910122818332212e-16
6.129323699326188944e+03 2.140331307223738991e-14 3.256131947846788346e-16
6.134203488275759810e+03 2.062868760884267871e-14 3.268711031552979021e-16
6.139083277225330676e+03 1.911957637195263942e-14 3.158587084959937943e-16
6.143963066174901542e+03 1.877876408099832076e-14 3.113583540137193022e-16
6.148842855124472408e+03 1.833596498215063811e-14 3.126856356564663852e-16
6.153722644074043274e+03 1.758042416767067701e-14 3.080029904664416988e-16
6.158602433023614140e+03 1.764445292491202944e-14 3.054672499673378196e-16
6.163482221973185005e+03 1.781121849419175936e-14 3.067910708187433075e-16
6.168362010922755871e+03 1.704761486826237219e-14 3.036361334793055807e-16
6.173241799872326737e+03 1.832902335608884181e-14 3.151361370556488855e-16
6.178121588821897603e+03 1.982961591580003088e-14 3.186494694619058061e-16
6.183001377771468469e+03 2.175574561133877994e-14 3.256433650436551067e-16
6.187881166721039335e+03 2.342773656620663589e-14 3.424894896287960411e-16
6.192760955670610201e+03 2.515310933399892755e-14 3.430759766985704501e-16
6.197640744620181067e+03 2.811910489082156986e-14 3.867439088815609318e-16
6.202520533569751933e+03 2.843344591505931655e-14 3.595826439796398597e-16
6.207400322519322799e+03 2.900314103651361856e-14 3.616009081867383577e-16
6.212280111468893665e+03 3.076760700400504009e-14 3.839281317856266445e-16
6.217159900418464531e+03 3.236789188861937777e-14 3.774929025908002239e-16
6.222039689368035397e+03 3.288599465247035194e-14 3.779886156157174812e-16
6.226919478317606263e+03 3.325870389711130963e-14 3.784223658353451869e-16
6.231799267267177129e+03 3.469981428022426539e-14 3.854264181347438989e-16
6.236679056216747995e+03 3.609173517047351446e-14 3.930124361829363268e-16
6.241558845166318861e+03 3.691707737794955607e-14 3.950756495225842365e-16
6.246438634115889727e+03 3.731559538217362103e-14 3.950798278689782834e-16
6.251318423065460593e+03 3.789035327080781041e-14 3.997393718016227992e-16
6.256198212015031459e+03 3.823183795001628564e-14 3.352481991932492610e-16
6.261078000964602325e+03 3.868434029054637624e-14 4.589675553268212152e-16
6.265957789914173190e+03 3.931380186290226860e-14 4.016848162347760907e-16
6.270837578863744056e+03 3.972328515597179412e-14 4.035118631757413904e-16
6.275717367813314922e+03 3.972328515597179412e-14 4.046490190390281905e-16
6.280597156762885788e+03 4.068261779063557615e-14 4.090814013739209046e-16
6.285476945712456654e+03 4.100822247449422256e-14 4.085027202784027051e-16
6.290356734662027520e+03 4.100822247449422256e-14 4.064805923386045237e-16
6.295236523611598386e+03 4.100822247449422256e-14 4.056658790739653491e-16
6.300116312561169252e+03 4.100822247449422256e-14 4.078686648557962787e-16
6.304996101510740118e+03 4.100822247449422256e-14 4.123144537693824359e-16
6.309875890460310984e+03 4.072443671864397191e-14 4.047085177747542321e-16
6.314755679409881850e+03 4.072443671864397191e-14 4.060320063965183866e-16
6.319635468359452716e+03 4.059500965364935199e-14 4.002320792274870710e-16
6.324515257309023582e+03 4.072283580062840940e-14 4.025216868903161516e-16
6.329395046258594448e+03 4.072283580062840940e-14 3.404486492913030775e-16
6.334274835208165314e+03 4.063955660708884476e-14 4.595360203135472575e-16
6.339154624157736180e+03 4.055504101766056614e-14 4.015344093991733937e-16
6.344034413107307046e+03 4.063955660708884476e-14 3.976669650912029853e-16
6.348914202056877912e+03 4.055504101766056614e-14 3.984595600772940218e-16
6.353793991006448778e+03 4.055504101766056614e-14 3.967340347037560103e-16
6.358673779956019644e+03 4.027509450216560248e-14 3.926387573621838631e-16
6.363553568905590510e+03 3.989520648752139501e-14 3.899414846887260976e-16
6.368433357855161375e+03 3.946522932861499401e-14 3.895192408067428590e-16
6.373313146804732241e+03 3.993213690639826486e-14 3.919437771111689560e-16
6.378192935754303107e+03 3.967182488674641668e-14 3.915690036979477059e-16
6.383072724703873973e+03 3.957002234829799748e-14 3.856022864774392257e-16
6.387952513653444839e+03 3.957002234829799748e-14 3.890469435112799804e-16
6.392832302603015705e+03 3.957002234829799748e-14 3.858225608403067240e-16
6.397712091552586571e+03 3.917917907853491444e-14 3.842178016172164878e-16
6.402591880502157437e+03 3.892335501752239456e-14 3.816814257269203471e-16
6.407471669451728303e+03 3.910463970332316135e-14 3.820480475048232161e-16
6.412351458401299169e+03 3.892335501752239456e-14 3.815789233285459106e-16
6.417231247350870035e+03 3.871159878933667288e-14 3.827716623932277278e-16
6.422111036300440901e+03 3.874338377623708355e-14 3.826135202921189662e-16
6.426990825250011767e+03 3.837682133214770776e-14 3.791976114612947811e-16
6.431870614199582633e+03 3.868755584777962814e-14 3.766717471119484699e-16
6.436750403149153499e+03 3.868755584777962814e-14 3.811359550024984263e-16
6.441630192098724365e+03 3.849779432497011356e-14 3.758256919822224395e-16
6.446509981048295231e+03 3.817793916811804751e-14 3.745488912370013419e-16
6.451389769997866097e+03 3.828574490643182227e-14 3.766808916149885134e-16
6.456269558947436963e+03 3.828574490643182227e-14 3.772144500327906872e-16
6.461149347897007829e+03 3.828574490643182227e-14 3.748620581312872367e-16
6.466029136846578695e+03 3.794757961252947036e-14 3.750796508185302960e-16
6.470908925796149560e+03 3.791479694420514342e-14 3.759025152495630945e-16
6.475788714745720426e+03 3.795896879097370780e-14 3.713539027486882001e-16
6.480668503695291292e+03 3.818646023308627711e-14 3.738041699074744733e-16
6.485548292644862158e+03 3.806867397507069639e-14 3.735652283047882982e-16
6.490428081594433024e+03 3.722581105880798970e-14 3.765666921911861768e-16
6.495307870544003890e+03 3.732564249918989267e-14 3.682324215792303868e-16
6.500187659493574756e+03 3.775977611267762655e-14 3.738943557849085169e-16
6.505067448443145622e+03 3.722581105880798970e-14 3.751578643808091284e-16
6.509947237392716488e+03 3.705623251182347425e-14 3.675055982743017218e-16
6.514827026342287354e+03 3.686041435861125904e-14 3.242061056992178164e-16
6.519706815291858220e+03 3.690272845874136010e-14 4.463117184245394935e-16
6.524586604241429086e+03 3.673236873928381958e-14 3.650227874838330394e-16
6.529466393190999952e+03 3.643300050673297366e-14 3.672615268551735068e-16
6.534346182140570818e+03 3.673236873928381958e-14 3.714388568579628582e-16
6.539225971090141684e+03 3.692953863701164461e-14 3.655821431897003747e-16
6.544105760039712550e+03 3.648168884514058210e-14 3.651604589653939023e-16
6.548985548989283416e+03 3.530425224203438679e-14 3.611069100922404494e-16
6.553865337938854282e+03 3.580974614286034580e-14 3.797346455171466523e-16
6.558745126888425148e+03 3.599323193903826040e-14 3.627893492094066507e-16
6.563624915837996014e+03 3.574534329714217285e-14 3.629088544783069300e-16
6.568504704787566880e+03 3.543326953515027414e-14 3.579580027586308260e-16
6.573384493737137745e+03 3.514389500529190763e-14 3.580942750780328254e-16
6.578264282686708611e+03 3.582001197744019062e-14 3.624632662516163075e-16
6.583144071636279477e+03 3.519495332337483915e-14 3.579068766297036050e-16
6.588023860585850343e+03 3.452347640387706805e-14 3.547154732701084982e-16
6.592903649535421209e+03 3.355505674762573021e-14 3.530483574037610282e-16
6.597783438484992075e+03 3.379542245043525003e-14 3.527700793393101052e-16
6.602663227434562941e+03 3.356210643898390655e-14 3.522937627576676238e-16
6.607543016384133807e+03 3.312484332156701920e-14 3.490294413523263287e-16
6.612422805333704673e+03 3.266885754953845341e-14 3.488012102446763986e-16
6.617302594283275539e+03 3.305337969096312102e-14 3.492951723631009380e-16
6.622182383232846405e+03 3.235108141149563141e-14 3.492010541562212035e-16
6.627062172182417271e+03 3.193312952021860989e-14 3.467492768213290556e-16
6.631941961131988137e+03 3.134125681064167975e-14 3.408484799000093996e-16
6.636821750081559003e+03 3.149285869623965761e-14 3.446680668818165872e-16
6.641701539031129869e+03 3.088992759254643378e-14 3.398890172622207239e-16
6.646581327980700735e+03 3.078832508575768038e-14 3.375066053771902975e-16
6.651461116930271601e+03 3.083120243222260544e-14 3.372261679217303735e-16
6.656340905879842467e+03 2.994375361911964940e-14 3.383436434972537249e-16
6.661220694829413333e+03 2.923781201922265935e-14 3.307317280320488021e-16
6.666100483778984199e+03 3.004297776312896721e-14 3.350461154880892953e-16
6.670980272728555065e+03 2.907069982032405111e-14 3.277160423550340400e-16
6.675860061678125930e+03 2.981801472589665034e-14 3.386701469511098051e-16
6.680739850627696796e+03 2.965804258376170428e-14 3.323220929309004410e-16
6.685619639577267662e+03 2.951381666219054942e-14 3.016410418988754832e-16
6.690499428526838528e+03 2.940030692315763472e-14 3.962478625468536736e-16
6.695379217476409394e+03 2.863029395752271576e-14 3.245141787925642805e-16
6.700259006425980260e+03 2.859712356058454562e-14 3.231125974881375674e-16
6.705138795375551126e+03 2.771101802696599121e-14 3.197544646826477697e-16
6.710018584325121992e+03 2.700963492676175532e-14 3.169767115438376472e-16
6.714898373274692858e+03 2.776484576533030937e-14 3.190764840362431513e-16
6.719778162224263724e+03 2.765901700651479761e-14 3.216532489293350206e-16
6.724657951173834590e+03 2.749554129555396816e-14 3.182852421332093695e-16
6.729537740123405456e+03 2.761722989741183900e-14 3.204049186831680904e-16
6.734417529072976322e+03 2.798862230111976714e-14 3.204825463771096687e-16
6.739297318022547188e+03 2.705093335395412716e-14 3.155592087649343089e-16
6.744177106972118054e+03 2.685141835349194554e-14 3.143544886820049730e-16
6.749056895921688920e+03 2.584076622635940013e-14 3.076354351034606746e-16
6.753936684871259786e+03 2.628630220619156176e-14 3.101630604713019761e-16
6.758816473820830652e+03 2.585516327038932302e-14 3.063770047315057257e-16
6.763696262770401518e+03 2.572728526693535039e-14 3.072350454000536934e-16
6.768576051719972384e+03 2.595845752437679340e-14 3.078575944320829872e-16
6.773455840669543250e+03 2.528068545993531048e-14 3.063885835314937073e-16
6.778335629619114115e+03 2.484247067859778853e-14 3.013992197820402652e-16
6.783215418568684981e+03 2.513678050375077772e-14 3.041145401246427805e-16
6.788095207518255847e+03 2.512368221459984403e-14 3.031610605773598380e-16
6.792974996467826713e+03 2.537558247638014292e-14 3.044340031186530399e-16
6.797854785417397579e+03 2.513079503782674003e-14 3.009336198518409075e-16
6.802734574366968445e+03 2.518167523209514462e-14 3.028445400606039703e-16
6.807614363316539311e+03 2.532881161358583547e-14 3.022918203916402960e-16
6.812494152266110177e+03 2.474551739408151219e-14 2.979413660692338708e-16
6.817373941215681043e+03 2.410721180292717369e-14 2.975472561445313916e-16
6.822253730165251909e+03 2.500467296099626700e-14 3.066393584279115004e-16
6.827133519114822775e+03 2.512693067955921896e-14 3.085710834191783160e-16
6.832013308064393641e+03 2.529264765856129927e-14 3.040437483215156762e-16
6.836893097013964507e+03 2.497282369193125881e-14 3.041017767281745723e-16
6.841772885963535373e+03 2.487927674342676252e-14 3.004051423341038545e-16
6.846652674913106239e+03 2.427908269769508056e-14 2.960520463248957115e-16
6.851532463862677105e+03 2.447952016398840955e-14 2.977243021179122115e-16
6.856412252812247971e+03 2.438357184793774877e-14 2.961356093541072829e-16
6.861292041761818837e+03 2.435706120413088157e-14 2.979377559216808987e-16
6.866171830711389703e+03 2.396512931512525051e-14 2.957001081183401730e-16
6.871051619660960569e+03 2.426056963399603385e-14 2.989316826322676678e-16
6.875931408610531435e+03 2.414190480284958924e-14 2.969208616644426642e-16
6.880811197560102300e+03 2.341362826843149180e-14 2.947749664789681091e-16
6.885690986509673166e+03 2.388927835737311235e-14 2.957494231843021540e-16
6.890570775459244032e+03 2.413617230637871653e-14 3.085009897683539563e-16
6.895450564408814898e+03 2.355554907803591868e-14 2.917971121199224828e-16
6.900330353358385764e+03 2.394761504097768435e-14 2.926039795823059259e-16
6.905210142307956630e+03 2.294978523057021253e-14 2.861082705977082669e-16
6.910089931257527496e+03 2.321200799804322209e-14 2.897939694195914440e-16
6.914969720207098362e+03 2.280995378476963439e-14 2.869178824822398052e-16
6.919849509156669228e+03 2.249150978869461678e-14 2.944175828976422022e-16
6.924729298106240094e+03 2.249637405771379749e-14 2.908494644532054324e-16
6.929609087055810960e+03 2.226006317002078262e-14 2.847359519834336718e-16
6.934488876005381826e+03 2.242800336192728045e-14 2.840665306642679996e-16
6.939368664954952692e+03 2.252069179950244018e-14 2.839582866447804073e-16
6.944248453904523558e+03 2.203869225986496788e-14 2.839777356103693371e-16
6.949128242854094424e+03 2.196182172869930135e-14 2.818816357800046681e-16
6.954008031803665290e+03 2.181955375537628453e-14 2.838723992646149674e-16
6.958887820753236156e+03 2.161507315523883378e-14 2.806954630034189172e-16
6.963767609702807022e+03 2.126204887848649092e-14 2.780615214889683505e-16
6.968647398652377888e+03 2.167334039469671098e-14 2.835619697969731437e-16
6.973527187601948754e+03 2.132308060787657267e-14 2.776479788174166982e-16
6.978406976551519620e+03 2.052535239486678041e-14 2.746584404284713734e-16
6.983286765501090485e+03 2.067111074169860431e-14 2.733743029772101212e-16
6.988166554450661351e+03 2.124827761635940559e-14 2.820217768180161601e-16
6.993046343400232217e+03 2.109215865954528263e-14 2.749442062514845560e-16
6.997926132349803083e+03 2.088736043886809995e-14 2.765144109212388899e-16
7.002805921299373949e+03 2.078190282225240516e-14 2.817565548734146421e-16
7.007685710248944815e+03 2.098591106211669846e-14 2.755575483034809459e-16
7.012565499198515681e+03 2.039838830985037994e-14 2.702491429029438986e-16
7.017445288148086547e+03 2.016241266343022330e-14 2.705446890568248834e-16
7.022325077097657413e+03 2.114030511684985817e-14 2.806208250056336123e-16
7.027204866047228279e+03 2.025117751849668818e-14 2.678869507894273639e-16
7.032084654996799145e+03 1.996897852239171897e-14 2.674653844533133068e-16
7.036964443946370011e+03 2.016970221576761367e-14 2.688332423970894267e-16
7.041844232895940877e+03 1.955246549303804416e-14 2.721033223104294445e-16
7.046724021845511743e+03 1.983811674101603588e-14 2.671476025372672683e-16
7.051603810795082609e+03 1.947375573038838019e-14 2.655035160398753935e-16
7.056483599744653475e+03 1.940193837578086518e-14 2.678397499985025698e-16
7.061363388694224341e+03 1.956306267558408438e-14 2.658055502409834349e-16
7.066243177643795207e+03 2.008217628005083177e-14 2.693339596783894526e-16
7.071122966593366073e+03 1.968047597692647544e-14 2.648961327675564557e-16
7.076002755542936939e+03 1.896015979818547009e-14 2.625269824262741436e-16
7.080882544492507805e+03 1.923991703917887567e-14 2.623487253783440464e-16
7.085762333442078670e+03 1.960614806734883300e-14 2.667993973415150600e-16
7.090642122391649536e+03 1.935635771560237976e-14 2.623145517637876078e-16
7.095521911341220402e+03 1.906750724776096050e-14 2.598234571582986060e-16
7.100401700290791268e+03 1.894402399972156739e-14 2.601666772833945745e-16
7.105281489240362134e+03 1.883113794598891576e-14 2.586399521098017435e-16
7.110161278189933000e+03 1.854546122650760114e-14 2.576712009689020725e-16
7.115041067139503866e+03 1.878324091198004889e-14 2.595298005446985305e-16
7.119920856089074732e+03 1.889564045555542457e-14 2.600578611278834148e-16
7.124800645038645598e+03 1.836250202535899810e-14 2.580015119392325313e-16
7.129680433988216464e+03 1.756959060099305822e-14 2.570515933558876209e-16
7.134560222937787330e+03 1.812255780250842896e-14 2.610085977118728843e-16
7.139440011887358196e+03 1.818176655804559577e-14 2.566731781362318581e-16
7.144319800836929062e+03 1.821461586158593947e-14 2.574797786196113852e-16
7.149199589786499928e+03 1.788451961624315943e-14 2.565514287695326267e-16
7.154079378736070794e+03 1.803942911831031350e-14 2.569438803521665213e-16
7.158959167685641660e+03 1.811908543834556618e-14 2.583581885454628647e-16
7.163838956635212526e+03 1.799815733113929921e-14 2.584314046771765561e-16
7.168718745584783392e+03 1.778323197451575664e-14 2.695908035158640735e-16
7.173598534534354258e+03 1.832695248394359345e-14 2.622121191765790372e-16
7.178478323483925124e+03 1.829229861773319528e-14 2.569496535601218974e-16
7.183358112433495990e+03 1.811565834145706880e-14 2.566581824610428884e-16
7.188237901383066855e+03 1.799149893191692645e-14 2.596496666577119117e-16
7.193117690332637721e+03 1.805383034167354088e-14 2.668051210070732735e-16
7.197997479282208587e+03 1.836812121944631643e-14 3.348085659457794138e-16
7.202877268231779453e+03 1.849161944951463500e-14 2.613123272717188644e-16
7.207757057181350319e+03 1.784972409223006730e-14 2.560234563069299082e-16
7.212636846130921185e+03 1.733050133410602737e-14 2.563149991638368795e-16
7.217516635080492051e+03 1.768120973361452445e-14 2.567496158182814246e-16
7.222396424030062917e+03 1.783471220437717326e-14 2.589001358504105957e-16
7.227276212979633783e+03 1.818015436982309656e-14 2.639648264797576837e-16
7.232156001929204649e+03 1.817894727146044639e-14 2.615983649260024306e-16
7.237035790878775515e+03 1.918790996797602651e-14 2.864396734828350827e-16
7.241915579828346381e+03 1.903786635529228571e-14 2.705242313152844850e-16
7.246795368777917247e+03 1.846856479802579868e-14 2.642672956127898104e-16
7.251675157727488113e+03 1.856635272654170828e-14 2.661121257250959088e-16
7.256554946677058979e+03 1.829098701838355378e-14 2.636675842600190305e-16
7.261434735626629845e+03 1.814264045866688504e-14 2.619340189544017142e-16
7.266314524576200711e+03 1.833825586338238537e-14 2.722340567761117962e-16
7.271194313525771577e+03 1.797509017365416932e-14 2.629090468167505507e-16
7.276074102475342443e+03 1.793928558090301822e-14 2.616325811206927328e-16
7.280953891424913309e+03 1.822475206689082287e-14 2.634748318255120313e-16
7.285833680374484175e+03 1.829211306785229462e-14 2.652552561182245440e-16
7.290713469324055040e+03 1.883589460591966828e-14 2.691278505099948178e-16
7.295593258273625906e+03 1.803617130840937985e-14 2.618803168728179808e-16
7.300473047223196772e+03 1.807303517948409917e-14 2.645638292029277473e-16
7.305352836172767638e+03 1.817048797972982492e-14 2.713807618214964409e-16
7.310232625122338504e+03 1.814118014540507401e-14 2.693552470841789632e-16
7.315112414071909370e+03 1.789178430969754030e-14 2.635728450035067745e-16
7.319992203021480236e+03 1.770853325576388956e-14 2.660662192383293973e-16
7.324871991971051102e+03 1.811667553799442369e-14 2.678256833791783730e-16
7.329751780920621968e+03 1.801578399272610008e-14 2.645720184940701614e-16
7.334631569870192834e+03 1.781359248397875444e-14 2.668733404409876189e-16
7.339511358819763700e+03 1.739408325759857708e-14 2.635072830621447586e-16
7.344391147769334566e+03 1.789539451704480148e-14 2.732408262129250933e-16
7.349270936718905432e+03 1.780275760932612132e-14 2.660411444451792070e-16
7.354150725668476298e+03 1.692256060611084957e-14 2.621992312224921156e-16
7.359030514618047164e+03 1.680015241666094685e-14 2.614632480322811541e-16
7.363910303567618030e+03 1.676611895786671399e-14 2.649759131344628448e-16
7.368790092517188896e+03 1.710742711888475748e-14 2.691177853646546780e-16
7.373669881466759762e+03 1.694377551547315976e-14 2.632232454633748970e-16
7.378549670416330628e+03 1.645660264444200273e-14 2.586896944338360317e-16
7.383429459365901494e+03 1.662118754297661541e-14 2.607252758337579486e-16
7.388309248315472360e+03 1.617029828866122771e-14 2.621751202336198194e-16
7.393189037265043225e+03 1.567443387218305528e-14 2.568733064884805080e-16
7.398068826214614091e+03 1.515937144832174554e-14 2.530259761619327285e-16
7.402948615164184957e+03 1.500475911892850349e-14 2.530901935758247889e-16
7.407828404113755823e+03 1.520373282801125575e-14 2.538820551313829304e-16
7.412708193063326689e+03 1.492681525091646696e-14 2.528640534215154996e-16
7.417587982012897555e+03 1.440130390414020317e-14 2.499185948124327229e-16
7.422467770962468421e+03 1.431956313720307053e-14 2.515036084695835997e-16
7.427347559912039287e+03 1.467252066809845504e-14 2.526757587238334051e-16
7.432227348861610153e+03 1.440392248222876666e-14 2.510172843888650492e-16
7.437107137811181019e+03 1.393062999123944142e-14 2.493986966037900722e-16
7.441986926760751885e+03 1.385555279723746392e-14 2.482474690399577602e-16
7.446866715710322751e+03 1.390096570998079985e-14 2.487743413821038845e-16
7.451746504659893617e+03 1.364498627585417697e-14 2.473963735036929725e-16
7.456626293609464483e+03 1.387142149645846401e-14 2.483786590990644917e-16
7.461506082559035349e+03 1.345220342623748189e-14 2.479457976261119716e-16
7.466385871508606215e+03 1.272144957980954308e-14 2.416963691189625476e-16
7.471265660458177081e+03 1.222280111134829693e-14 2.384547880740957772e-16
7.476145449407747947e+03 1.223791639780738609e-14 2.393092477482957201e-16
7.481025238357318813e+03 1.161105494493308636e-14 2.361472642692321439e-16
7.485905027306889679e+03 1.157293230603370565e-14 2.359149426389753208e-16
7.490784816256460545e+03 1.225324680032788595e-14 2.440483970171444860e-16
7.495664605206031410e+03 1.183157119081859117e-14 2.374081725652913842e-16
7.500544394155602276e+03 1.149187800929018734e-14 2.390008952277247916e-16
7.505424183105173142e+03 1.120240085100695157e-14 2.378582349225902685e-16
7.510303972054744008e+03 1.112171765708498307e-14 2.358659690730052714e-16
7.515183761004314874e+03 1.150036798502922169e-14 2.358460445362492322e-16
7.520063549953885740e+03 1.172487703110711290e-14 2.356297521363300839e-16
7.524943338903456606e+03 1.202139456040399801e-14 2.384703984399368751e-16
7.529823127853027472e+03 1.268002177764971375e-14 2.570152133239250403e-16
7.534702916802598338e+03 1.250531716438070313e-14 2.613670555934783830e-16
7.539582705752169204e+03 1.197651736023013961e-14 2.483993542549805041e-16
7.544462494701740070e+03 1.159123674550142364e-14 2.499156389038064517e-16
7.549342283651310936e+03 1.192701656701821002e-14 2.411534785605434166e-16
7.554222072600881802e+03 1.132027161676475457e-14 2.337642628816496219e-16
7.559101861550452668e+03 1.142189981031115091e-14 2.360534532750097694e-16
7.563981650500023534e+03 1.168800092021782701e-14 2.402458347162297911e-16
7.568861439449594400e+03 1.150646922609187217e-14 2.374189435749735212e-16
7.573741228399165266e+03 1.106973369784485197e-14 2.395494250615366948e-16
7.578621017348736132e+03 1.165969500734487941e-14 2.388052212748701730e-16
7.583500806298306998e+03 1.258383812301419031e-14 2.425135395650667897e-16
7.588380595247877864e+03 1.265626561198677780e-14 2.449160600645146850e-16
7.593260384197448730e+03 1.221659748959300715e-14 2.433194270800901607e-16
7.598140173147019595e+03 1.207828645900359445e-14 2.405921550769773796e-16
7.603019962096590461e+03 1.199473746018159913e-14 2.424208359979271892e-16
7.607899751046161327e+03 1.153332335679137336e-14 2.392404089554292836e-16
7.612779539995732193e+03 1.147451008827309468e-14 2.382739159695268746e-16
7.617659328945303059e+03 1.140243989025400688e-14 2.373671485531160659e-16
7.622539117894873925e+03 1.163895445168903828e-14 2.385933745442481169e-16
7.627418906844444791e+03 1.162653452708431407e-14 2.405730550007617680e-16
7.632298695794015657e+03 1.171036435292087311e-14 2.405812529753493665e-16
7.637178484743586523e+03 1.175417348009811380e-14 2.419160389226432621e-16
7.642058273693157389e+03 1.194750591431131881e-14 2.426071378062217859e-16
7.646938062642728255e+03 1.201574130387761308e-14 2.429870926931241552e-16
7.651817851592299121e+03 1.202938519157296231e-14 2.529313245738173123e-16
7.656697640541869987e+03 1.204280019483821088e-14 3.401425971124357600e-16
7.661577429491440853e+03 1.154822257391078904e-14 2.433842997714084598e-16
7.666457218441011719e+03 1.131121021499814638e-14 3.210042317763596659e-16
7.671337007390582585e+03 1.130415049597167429e-14 2.414665490965085206e-16
7.676216796340153451e+03 1.168608060542381853e-14 2.463635551587942239e-16
7.681096585289724317e+03 1.185277846217156010e-14 2.488434726280904341e-16
7.685976374239295183e+03 1.194137923681376884e-14 2.530750735270002258e-16
7.690856163188866049e+03 1.164481193913483695e-14 2.459236193012819834e-16
7.695735952138436915e+03 1.147806497712786007e-14 2.448575255365365472e-16
7.700615741088007780e+03 1.094744738699597400e-14 2.443030834501793937e-16
7.705495530037578646e+03 1.119451778894144956e-14 2.479997821289552564e-16
7.710375318987149512e+03 1.118241586438946341e-14 2.450459525068740325e-16
7.715255107936720378e+03 1.130837576102273305e-14 2.532714646356187424e-16
7.720134896886291244e+03 1.221711090394785605e-14 2.582627104783363954e-16
7.725014685835862110e+03 1.225595393451555103e-14 2.628685677873774241e-16
7.729894474785432976e+03 1.217460582087049144e-14 2.894187323478370723e-16
7.734774263735003842e+03 1.188620981650810046e-14 2.596199459264229888e-16
7.739654052684574708e+03 1.139438305048840018e-14 2.485776804255756790e-16
7.744533841634145574e+03 1.153944785899009610e-14 2.508267597302448887e-16
7.749413630583716440e+03 1.169582975840343055e-14 2.518819527715624638e-16
7.754293419533287306e+03 1.161275728527085883e-14 2.725318040730545976e-16
7.759173208482858172e+03 1.197790965111216675e-14 2.608264003610434900e-16
7.764052997432429038e+03 1.249609648762730785e-14 2.598779347239686665e-16
7.768932786381999904e+03 1.296841661923245415e-14 2.636059967690580402e-16
7.773812575331570770e+03 1.312410256077016958e-14 2.636866849008175109e-16
7.778692364281141636e+03 1.292274767230065054e-14 2.692119880409282113e-16
7.783572153230712502e+03 1.262523038820799140e-14 2.683067976490477740e-16
7.788451942180283368e+03 1.306086642496058636e-14 2.679436133130308261e-16
7.793331731129854234e+03 1.230621689532780522e-14 2.637037112585889182e-16
7.798211520079425100e+03 1.246712507047534668e-14 2.654161196514692123e-16
7.803091309028995965e+03 1.201372602828274644e-14 2.634970361951293828e-16
7.807971097978566831e+03 1.247233743004665315e-14 2.771801580586141212e-16
7.812850886928137697e+03 1.322966550284641475e-14 2.734735138772127380e-16
7.817730675877708563e+03 1.343177699228562159e-14 2.770590634619648255e-16
7.822610464827279429e+03 1.377427429727332091e-14 2.811258320738544356e-16
7.827490253776850295e+03 1.418266901471101890e-14 2.794093858968141048e-16
7.832370042726421161e+03 1.403896428665042685e-14 2.802031035212422992e-16
7.837249831675992027e+03 1.374544636036975568e-14 2.776903301417484654e-16
7.842129620625562893e+03 1.378238376295506096e-14 2.780658689993704244e-16
7.847009409575133759e+03 1.399135702556281120e-14 2.824086843916792095e-16
7.851889198524704625e+03 1.349238743263945640e-14 2.776002338572046408e-16
7.856768987474275491e+03 1.386696457498292745e-14 2.839218422090147517e-16
7.861648776423846357e+03 1.415359101609082376e-14 2.842023386407434413e-16
7.866528565373417223e+03 1.338362612532336357e-14 2.786975991264398003e-16
7.871408354322988089e+03 1.355194344371887810e-14 2.977342759208896240e-16
7.876288143272558955e+03 1.371046204806522511e-14 2.885732650641534496e-16
7.881167932222129821e+03 1.380190156404765025e-14 2.884086001616768377e-16
7.886047721171700687e+03 1.425932043756001522e-14 2.889151738957396859e-16
7.890927510121271553e+03 1.503871919345642886e-14 2.932777780085286914e-16
7.895807299070842419e+03 1.532587425652501162e-14 3.020401795536183634e-16
7.900687088020413285e+03 1.497717568282205535e-14 2.961435535728464109e-16
7.905566876969984150e+03 1.495165874978570899e-14 2.979812479022830054e-16
7.910446665919555016e+03 1.432376693054080615e-14 2.926054934645769689e-16
7.915326454869125882e+03 1.345023128887120139e-14 2.892893224892018124e-16
7.920206243818696748e+03 1.338001758008940050e-14 2.898918260791162896e-16
7.925086032768267614e+03 1.404842481253026221e-14 2.932160265135522018e-16
7.929965821717838480e+03 1.488429389906597489e-14 2.997436506837265517e-16
7.934845610667409346e+03 1.403050079308297823e-14 2.961638328564005182e-16
7.939725399616980212e+03 1.421405654569272194e-14 2.978090465268130919e-16
7.944605188566551078e+03 1.409445728218840621e-14 2.980671499662301960e-16
7.949484977516121944e+03 1.385144642806586978e-14 2.982370411726731235e-16
7.954364766465692810e+03 1.310184593366680814e-14 2.925251991336622243e-16
7.959244555415263676e+03 1.286364161692546730e-14 2.928862169550153974e-16
7.964124344364834542e+03 1.223057923520261200e-14 2.937637494214356368e-16
7.969004133314405408e+03 1.166155043820243316e-14 2.939909906710527034e-16
7.973883922263976274e+03 1.231157458563015448e-14 2.939054801653280905e-16
7.978763711213547140e+03 1.335270627579260866e-14 2.985835974604305944e-16
7.983643500163118006e+03 1.220404483930438415e-14 3.118568168636106573e-16
7.988523289112688872e+03 1.272245706559395723e-14 3.033906605724545321e-16
7.993403078062259738e+03 1.232340059570556245e-14 2.951470270657547676e-16
7.998282867011830604e+03 1.175135154090829924e-14 3.007618695940681415e-16
8.003162655961401470e+03 1.160633173227547074e-14 3.101014343370218578e-16
8.008042444910972335e+03 1.114989345877583972e-14 3.000854599873768845e-16
8.012922233860543201e+03 1.087563526196874460e-14 2.905051749118549921e-16
8.017802022810114067e+03 1.066495296757637804e-14 2.905973139407701530e-16
8.022681811759684933e+03 1.054826846430835358e-14 2.892556630094573995e-16
8.027561600709255799e+03 1.040793677345560426e-14 2.921127982483677548e-16
8.032441389658826665e+03 1.021248971324421854e-14 3.093372770876910115e-16
8.037321178608397531e+03 1.036785746654515850e-14 3.053100009672174503e-16
8.042200967557968397e+03 9.988516743837936732e-15 2.962039288520087314e-16
8.047080756507539263e+03 1.018755230949328390e-14 2.939050372351027103e-16
8.051960545457110129e+03 1.031443535060166468e-14 2.931134334899596123e-16
8.056840334406680995e+03 1.012140044739922249e-14 2.917603586049605924e-16
8.061720123356251861e+03 9.926115708531729920e-15 2.986296853159052074e-16
8.066599912305822727e+03 9.314031088705384795e-15 2.900633691538932915e-16
8.071479701255393593e+03 8.837126479756743627e-15 2.855696312876019338e-16
8.076359490204964459e+03 8.852579366385050510e-15 2.891220000725216960e-16
8.081239279154535325e+03 9.285928992319408821e-15 2.946940381998052883e-16
8.086119068104106191e+03 8.914538560264935937e-15 2.903856855472309454e-16
8.090998857053677057e+03 7.954730074190899855e-15 2.857325501205309401e-16
8.095878646003247923e+03 8.418914770760905348e-15 2.922189016370993651e-16
8.100758434952818789e+03 9.197145962765712320e-15 2.955592992710596303e-16
8.105638223902389655e+03 9.558447985005646775e-15 2.981769463863768467e-16
8.110518012851960520e+03 9.662778905557460197e-15 3.011745088561972910e-16
8.115397801801531386e+03 9.734524531440770266e-15 3.101235944145894205e-16
8.120277590751102252e+03 9.691235737762641431e-15 3.101268528932434608e-16
8.125157379700673118e+03 9.119900865201996894e-15 3.046617332425413970e-16
8.130037168650243984e+03 9.134302705643329132e-15 3.040915127434251213e-16
8.134916957599814850e+03 9.395852075326597332e-15 3.030769187918809696e-16
8.139796746549385716e+03 9.757737894619160296e-15 3.073768121762489791e-16
8.144676535498956582e+03 9.736795311649258111e-15 3.120605443408980726e-16
8.149556324448527448e+03 9.988186064690663399e-15 3.110091594927949809e-16
8.154436113398098314e+03 9.690669594549301107e-15 3.084553010169894163e-16
8.159315902347669180e+03 9.175453030119714254e-15 3.073888420894002287e-16
8.164195691297240046e+03 9.490250243193368793e-15 3.071704544430568909e-16
8.169075480246810912e+03 9.434150048599121541e-15 3.065880158291017163e-16
8.173955269196381778e+03 8.805926483054107077e-15 3.064348706809563123e-16
8.178835058145952644e+03 8.660039777719464894e-15 3.083264151236697512e-16
8.183714847095523510e+03 8.757578696734758817e-15 3.092439318983094139e-16
8.188594636045094376e+03 8.617499537120802245e-15 3.063955568401078641e-16
8.193474424994665242e+03 7.678388239263013048e-15 3.028335345283636683e-16
8.198354213944236108e+03 7.734343313369312849e-15 3.013523750454440800e-16
8.203234002893806974e+03 7.937019023541279355e-15 3.067508696673750205e-16
8.208113791843377840e+03 7.633189981778183688e-15 3.016096497725660250e-16
8.212993580792948705e+03 7.045202207636283781e-15 3.024014429507971575e-16
8.217873369742519571e+03 6.620849363921040634e-15 2.967391484049792303e-16
8.222753158692090437e+03 6.406704351703130737e-15 2.976853144074261937e-16
8.227632947641661303e+03 6.876280588682287214e-15 3.017439506321237857e-16
8.232512736591232169e+03 6.525393017467027158e-15 2.989883419914366641e-16
8.237392525540803035e+03 6.065156253142480285e-15 2.950149863192893264e-16
8.242272314490373901e+03 5.862943938072892336e-15 2.936387925425531248e-16
8.247152103439944767e+03 5.701719354082472729e-15 2.921141091516692645e-16
8.252031892389515633e+03 5.959353861905315420e-15 2.946916397550135885e-16
8.256911681339086499e+03 5.670883464678563368e-15 2.927101374483076236e-16
8.261791470288657365e+03 5.612107933739076024e-15 2.930394587125398787e-16
8.266671259238228231e+03 5.739853462640560167e-15 2.944642968965242885e-16
8.271551048187799097e+03 6.183303647251140266e-15 3.013992479202664500e-16
8.276430837137369963e+03 6.184670761374983212e-15 3.003989753894438630e-16
8.281310626086940829e+03 6.269984602345397988e-15 3.011803908925136032e-16
8.286190415036511695e+03 5.969042730417854849e-15 3.017828062065936018e-16
8.291070203986082561e+03 7.025824014992482463e-15 3.076752530139179015e-16
8.295949992935653427e+03 6.899968239457726268e-15 3.041800844353242714e-16
8.300829781885224293e+03 6.597106061924902202e-15 3.171986718767510243e-16
8.305709570834795159e+03 7.729573478287864236e-15 3.158839833828296121e-16
8.310589359784366025e+03 8.203783829127139077e-15 3.147557087433750420e-16
8.315469148733936890e+03 8.642838037943969929e-15 3.220924961899462063e-16
8.320348937683507756e+03 8.632999972797929953e-15 3.208820543552038557e-16
8.325228726633078622e+03 8.700649651440835462e-15 3.233938496094711175e-16
8.330108515582649488e+03 9.184166130989171039e-15 3.274380430964747493e-16
8.334988304532220354e+03 9.489249033891231837e-15 3.289967457424413376e-16
8.339868093481791220e+03 9.303207365734468592e-15 3.305470452155793230e-16
8.344747882431362086e+03 9.243859031526644318e-15 3.281752676492259619e-16
8.349627671380932952e+03 9.228157796810219684e-15 3.328821773797450081e-16
8.354507460330503818e+03 9.228157796810219684e-15 3.770979079043561334e-16
8.359387249280074684e+03 8.657575258536838763e-15 3.405263431390766324e-16
8.364267038229645550e+03 7.516250941404359014e-15 3.166785825151674871e-16
8.369146827179216416e+03 7.877481259150910485e-15 3.185765727769804704e-16
8.374026616128787282e+03 7.913108508555780261e-15 3.308131569354618190e-16
8.378906405078358148e+03 7.758338492834621030e-15 3.211590255774362768e-16
8.383786194027929014e+03 8.693282803194396996e-15 3.247387186595208700e-16
8.388665982977499880e+03 9.059549999319860162e-15 3.273629290577075455e-16
8.393545771927070746e+03 8.910117548201776739e-15 3.278181647861485404e-16
8.398425560876641612e+03 9.409779092037947799e-15 3.689727737271468985e-16
8.403305349826212478e+03 9.834547041882885722e-15 3.428601359071915095e-16
8.408185138775783344e+03 9.389185239232558145e-15 3.354675963117745586e-16
8.413064927725354210e+03 9.755815603740283043e-15 3.389092128352723067e-16
8.417944716674925075e+03 1.009303851081783092e-14 3.367287150368914111e-16
8.422824505624495941e+03 1.064024759088542431e-14 3.389936593782138627e-16
8.427704294574066807e+03 1.163127488265439633e-14 3.495980069539186457e-16
8.432584083523637673e+03 1.191542581788758787e-14 3.514896681155268935e-16
8.437463872473208539e+03 1.259950112560372819e-14 3.585719208445322750e-16
8.442343661422779405e+03 1.366956393193354668e-14 3.652178899535490415e-16
8.447223450372350271e+03 1.389319645491096686e-14 3.599750413568223565e-16
8.452103239321921137e+03 1.392981773717764188e-14 3.658612089958692799e-16
8.456983028271492003e+03 1.450297840667192515e-14 3.658304495557738252e-16
8.461862817221062869e+03 1.472246940741861489e-14 3.769522208977624002e-16
8.466742606170633735e+03 1.480412786234789835e-14 3.689180402784034055e-16
8.471622395120204601e+03 1.434305006354517741e-14 3.636073144632872873e-16
8.476502184069775467e+03 1.459881688746897667e-14 3.709774800312769301e-16
8.481381973019346333e+03 1.426238389325198336e-14 3.681484478922918607e-16
8.486261761968917199e+03 1.367619940880558349e-14 3.620660794292073663e-16
8.491141550918488065e+03 1.381902227339116222e-14 3.623233483091453071e-16
8.496021339868058931e+03 1.449487498469150991e-14 3.660237148507084201e-16
8.500901128817629797e+03 1.488372733476729614e-14 3.704360150452386466e-16
8.505780917767200663e+03 1.505199191310764093e-14 3.702752859524389395e-16
8.510660706716771529e+03 1.561743005063236454e-14 3.738545994685658659e-16
8.515540495666342395e+03 1.644949884318448374e-14 3.788008803810008860e-16
8.520420284615913260e+03 1.663070919739217036e-14 3.804105047237806602e-16
8.525300073565484126e+03 1.652327954764631973e-14 3.802279305960729100e-16
8.530179862515054992e+03 1.675327114515272186e-14 3.881331328047749671e-16
8.535059651464625858e+03 1.713064646954597963e-14 3.923926538115889027e-16
8.539939440414196724e+03 1.713064646954597963e-14 4.105929744801331583e-16
8.544819229363767590e+03 1.715222006351936652e-14 3.978609222115249579e-16
8.549699018313338456e+03 1.726966623362958722e-14 3.859447566389541777e-16
8.554578807262909322e+03 1.713064646954597963e-14 3.850667346419167668e-16
8.559458596212480188e+03 1.715222006351936652e-14 3.846566318016454393e-16
8.564338385162051054e+03 1.646535386154011377e-14 3.841547851178860589e-16
8.569218174111621920e+03 1.593778673770142693e-14 3.798241809140044816e-16
8.574097963061192786e+03 1.589672672049629099e-14 3.795235111610600359e-16
8.578977752010763652e+03 1.645364273563304192e-14 3.815928746292412705e-16
8.583857540960334518e+03 1.640188581662299644e-14 3.828576085190491959e-16
8.588737329909905384e+03 1.677912132520239819e-14 3.824317327539095430e-16
8.593617118859476250e+03 1.661459034314596939e-14 3.806012350977904384e-16
8.598496907809047116e+03 1.710133265607250538e-14 3.896409122679361926e-16
8.603376696758617982e+03 1.794929250723270254e-14 3.937215836034757201e-16
8.608256485708188848e+03 1.744046488544758716e-14 3.852987328080749347e-16
8.613136274657759714e+03 1.837281738714498686e-14 3.926096580749711772e-16
8.618016063607330580e+03 1.796184510587115317e-14 3.895826360528422427e-16
8.622895852556901445e+03 1.818842233972333012e-14 3.930486651977192007e-16
8.627775641506472311e+03 1.829208993940989044e-14 3.961608093276820664e-16
8.632655430456043177e+03 1.843417981323198851e-14 3.962663348363103240e-16
8.637535219405614043e+03 1.767281490068086587e-14 3.955796652493625036e-16
8.642415008355184909e+03 1.743610995155167131e-14 3.889730456662065257e-16
8.647294797304755775e+03 1.646789428603310908e-14 3.858757377041814589e-16
8.652174586254326641e+03 1.686211352084520918e-14 4.000396974446340374e-16
8.657054375203897507e+03 1.631483566385019249e-14 3.845613962555505990e-16
8.661934164153468373e+03 1.679121663672499558e-14 3.912419526377088023e-16
8.666813953103039239e+03 1.846031608227202441e-14 3.993750429581169669e-16
8.671693742052610105e+03 1.742545661497565533e-14 3.889935489355194642e-16
8.676573531002180971e+03 1.794902460691269097e-14 3.959143239430859523e-16
8.681453319951751837e+03 1.807611225884689339e-14 3.973469850092203920e-16
8.686333108901322703e+03 1.794902460691269097e-14 4.056608360675659229e-16
8.691212897850893569e+03 1.742920455773182537e-14 4.162309677155521840e-16
8.696092686800464435e+03 1.742920455773182537e-14 4.006766673934611726e-16
8.700972475750035301e+03 1.679909098581501679e-14 3.905381211408952363e-16
8.705852264699606167e+03 1.677755168856531399e-14 3.999131721397387072e-16
8.710732053649177033e+03 1.606088295970980513e-14 3.925303064082310856e-16
8.715611842598747899e+03 1.647705317548072001e-14 3.960215407889828757e-16
8.720491631548318765e+03 1.644274187388316218e-14 3.938761693570292083e-16
8.725371420497889630e+03 1.653331238931347487e-14 3.941552472092400176e-16
8.730251209447460496e+03 1.657602425911382829e-14 3.934255966436176984e-16
8.735130998397031362e+03 1.667729702657395853e-14 4.273065026160836670e-16
8.740010787346602228e+03 1.720140448537108707e-14 5.221358314616987139e-16
8.744890576296173094e+03 1.781760727086351251e-14 4.051660947625597678e-16
8.749770365245743960e+03 1.667729702657395853e-14 4.050104393900040041e-16
8.754650154195314826e+03 1.782150551655452730e-14 4.071887495389530979e-16
8.759529943144885692e+03 1.661525027694802919e-14 3.929777709546061873e-16
8.764409732094456558e+03 1.588485244521919339e-14 3.955992173003863919e-16
8.769289521044027424e+03 1.537647564801415166e-14 3.910218049797911704e-16
8.774169309993598290e+03 1.550369303655517492e-14 3.896757485238246837e-16
8.779049098943169156e+03 1.583202154777428354e-14 3.900324155836287402e-16
8.783928887892740022e+03 1.568714576250936347e-14 3.879543225753352636e-16
8.788808676842310888e+03 1.486361067813604713e-14 3.991270204785084147e-16
8.793688465791881754e+03 1.481267281423956140e-14 3.919888716852929462e-16
8.798568254741452620e+03 1.588250092680499052e-14 4.197063179363962185e-16
8.803448043691023486e+03 1.564285923094518916e-14 3.987559687479819273e-16
8.808327832640594352e+03 1.581701559763000625e-14 3.997326817239693744e-16
8.813207621590165218e+03 1.605601599212920112e-14 3.982020855386077610e-16
8.818087410539736084e+03 1.590450023126215176e-14 4.005060474748767480e-16
8.822967199489306950e+03 1.590632868348323436e-14 3.943887369253413714e-16
8.827846988438877815e+03 1.528431867985129112e-14 3.977693306305711576e-16
8.832726777388448681e+03 1.451664094234423565e-14 3.947421220935526254e-16
8.837606566338019547e+03 1.468620941349566767e-14 3.884142376724210429e-16
8.842486355287590413e+03 1.546919112194439364e-14 4.231242109649422933e-16
8.847366144237161279e+03 1.533139265961672517e-14 3.973128137611224728e-16
8.852245933186732145e+03 1.448112208268540414e-14 3.860089698275143532e-16
8.857125722136303011e+03 1.417443828713817390e-14 3.849364261745587190e-16
8.862005511085873877e+03 1.382887760923328521e-14 3.816943939974389863e-16
8.866885300035444743e+03 1.406645495276760442e-14 4.043356774895881387e-16
8.871765088985015609e+03 1.439275377537901881e-14 3.913758181881904949e-16
8.876644877934586475e+03 1.404939386761414482e-14 3.851780802140534425e-16
8.881524666884157341e+03 1.380534933439099022e-14 4.034597586300051317e-16
8.886404455833728207e+03 1.302496864739706288e-14 4.205174626419311549e-16
8.891284244783299073e+03 1.264459274227892147e-14 3.935260412659303850e-16
8.896164033732869939e+03 1.265069922948677221e-14 3.911779592739451932e-16
8.901043822682440805e+03 1.277510211211061320e-14 3.815311465144023123e-16
8.905923611632011671e+03 1.201266652569418916e-14 3.919911628163186520e-16
8.910803400581582537e+03 1.230165554662524714e-14 3.906448034671321264e-16
8.915683189531153403e+03 1.258460417140481716e-14 3.844800260054586246e-16
8.920562978480724269e+03 1.265804252394814039e-14 4.493806298270973704e-16
8.925442767430295135e+03 1.268623202499531879e-14 3.946804519501505416e-16
8.930322556379866000e+03 1.263576168530937127e-14 3.838760607228973003e-16
8.935202345329436866e+03 1.185361699537235898e-14 4.001125805413613047e-16
8.940082134279007732e+03 1.211732602336482303e-14 3.824458404929653839e-16
8.944961923228578598e+03 1.122448357065221665e-14 3.723851303937682154e-16
8.949841712178149464e+03 1.167924915929467470e-14 3.829997365521673613e-16
8.954721501127720330e+03 1.127614101505273700e-14 3.755916858557060178e-16
8.959601290077291196e+03 1.266223801257396872e-14 4.272255233573574607e-16
8.964481079026862062e+03 1.307993378792922477e-14 3.925303755350186517e-16
8.969360867976432928e+03 1.209103727808342125e-14 3.865286832006557367e-16
8.974240656926003794e+03 1.165740248968386400e-14 3.913611887642622562e-16
8.979120445875574660e+03 1.188987961388410804e-14 3.895748793892626020e-16
8.984000234825145526e+03 1.233674358600052601e-14 3.875451104824646171e-16
8.988880023774716392e+03 1.264974782881628078e-14 3.983679871649800132e-16
8.993759812724287258e+03 1.287030202808921533e-14 3.929667514342763266e-16
8.998639601673858124e+03 1.242166639271863912e-14 3.930839708557851967e-16
9.003519390623428990e+03 1.242043414654370356e-14 3.892374773206493678e-16
9.008399179572999856e+03 1.108324738770726341e-14 3.810759177398993728e-16
9.013278968522570722e+03 1.040625194660809796e-14 3.763598568624432001e-16
9.018158757472141588e+03 9.864071442538777545e-15 3.919508058015369059e-16
9.023038546421712454e+03 1.040077100450443542e-14 3.857037206771779291e-16
9.027918335371283320e+03 1.192242571181702428e-14 4.475402547749587154e-16
9.032798124320854185e+03 1.114730110569732870e-14 3.991838497446865062e-16
9.037677913270425051e+03 1.113240636653679457e-14 3.857646977550132141e-16
9.042557702219995917e+03 1.190896984635672554e-14 3.934317554965338978e-16
9.047437491169566783e+03 1.152882421609273829e-14 3.928863895397506612e-16
9.052317280119137649e+03 1.185863156712472949e-14 3.967640812589042842e-16
9.057197069068708515e+03 1.118139760312857842e-14 3.908176489956733617e-16
9.062076858018279381e+03 1.066470728414530490e-14 3.847143781453920487e-16
9.066956646967850247e+03 9.564449712772926046e-15 3.822655884564697903e-16
9.071836435917421113e+03 9.155300449534700854e-15 3.764113763256986837e-16
9.076716224866991979e+03 9.045466496982605929e-15 3.771927475138134179e-16
9.081596013816562845e+03 9.377857748885753802e-15 3.797233577343275547e-16
9.086475802766133711e+03 8.629151500156233837e-15 3.732944242966484510e-16
9.091355591715704577e+03 9.062617198888182833e-15 3.820832962565874682e-16
9.096235380665275443e+03 9.152613885589259699e-15 3.985052139397245136e-16
9.101115169614846309e+03 9.087064370184825959e-15 3.986906794555701132e-16
9.105994958564417175e+03 8.950533405505295480e-15 3.892349606262894033e-16
9.110874747513988041e+03 9.754244989047906816e-15 4.111763089228987188e-16
9.115754536463558907e+03 9.950617814479423945e-15 3.942825993235041409e-16
9.120634325413129773e+03 9.770653467289563549e-15 3.899757941790643024e-16
9.125514114362700639e+03 9.379052568505959328e-15 3.952921798529349904e-16
9.130393903312271505e+03 9.785693353228314697e-15 3.919899968755142743e-16
9.135273692261842370e+03 1.058886424915098833e-14 3.979935974919892926e-16
9.140153481211413236e+03 1.086428733995612687e-14 3.990826296998180021e-16
9.145033270160984102e+03 1.019516051322921049e-14 3.977127629671221641e-16
9.149913059110554968e+03 8.770118758354140364e-15 3.947156298128668405e-16
9.154792848060125834e+03 8.442791672544075402e-15 3.825220101792583702e-16
9.159672637009696700e+03 8.509519503244647584e-15 3.918930077009647263e-16
9.164552425959267566e+03 8.264136851693036703e-15 3.831260559299209653e-16
9.169432214908838432e+03 8.240451534066196694e-15 3.829413535901277916e-16
9.174312003858409298e+03 9.090209949149812120e-15 3.912837218370118019e-16
9.179191792807980164e+03 9.094083036519675746e-15 3.989958471390305453e-16
9.184071581757551030e+03 8.699696889379577768e-15 3.874858890988133993e-16
9.188951370707121896e+03 9.550749402924787146e-15 4.015744741035587492e-16
9.193831159656692762e+03 1.001357913956943721e-14 4.022722773360793494e-16
9.198710948606263628e+03 1.005836510690580618e-14 4.023885305465248914e-16
9.203590737555834494e+03 9.746977315626444070e-15 4.112245607979303620e-16
9.208470526505405360e+03 8.235596472235829610e-15 3.886017791850191891e-16
9.213350315454976226e+03 8.248048953087504336e-15 3.897203872839168768e-16
9.218230104404547092e+03 7.379763832687151268e-15 3.890359369146341949e-16
9.223109893354117958e+03 7.727922668962523928e-15 4.239873381784683994e-16
9.227989682303688824e+03 7.732278906189299017e-15 3.920136922938110960e-16
9.232869471253259690e+03 7.736861923502645472e-15 3.990067473410914087e-16
9.237749260202830555e+03 7.341483747263622609e-15 3.951079634677516786e-16
9.242629049152401421e+03 8.886397950832452345e-15 4.096900011124576214e-16
9.247508838101972287e+03 8.493038059777743967e-15 4.074645486856675431e-16
9.252388627051543153e+03 9.219524105717601941e-15 4.138365997921214020e-16
9.257268416001114019e+03 1.002596715277994229e-14 4.145388818429487109e-16
9.262148204950684885e+03 9.795471472572066316e-15 4.171025208803885935e-16
9.267027993900255751e+03 1.049559813800501646e-14 4.308761578445172648e-16
9.271907782849826617e+03 9.233908648193665160e-15 4.127936571901913770e-16
9.276787571799397483e+03 8.162721442295727995e-15 4.143245406393507273e-16
9.281667360748968349e+03 7.403087022202021503e-15 4.091849128658018797e-16
9.286547149698539215e+03 7.391182849228881177e-15 4.032576940205796261e-16
9.291426938648110081e+03 7.283013355124536857e-15 4.021684535997867015e-16
9.296306727597680947e+03 6.424570507716089211e-15 4.022230255696952335e-16
9.301186516547251813e+03 6.190147707095256606e-15 4.030053191194087410e-16
9.306066305496822679e+03 6.419437916311428028e-15 4.075749574649099179e-16
9.310946094446393545e+03 6.595509029226856298e-15 4.039933099453471534e-16
9.315825883395964411e+03 6.278710242111696803e-15 4.329535960289374177e-16
9.320705672345535277e+03 6.694843490057764243e-15 4.074693605071214116e-16
9.325585461295106143e+03 7.146710728111726124e-15 4.137042635857294972e-16
9.330465250244677009e+03 7.719394840700143348e-15 4.303369432451953989e-16
9.335345039194247875e+03 8.469553577513235000e-15 4.268671630086805764e-16
9.340224828143818741e+03 8.791826233592498407e-15 4.379800468793760686e-16
9.345104617093389606e+03 7.761288816922727523e-15 4.245144450259097990e-16
9.349984406042960472e+03 8.938799958796134389e-15 4.511983428045258664e-16
9.354864194992531338e+03 7.985852047622125345e-15 4.301753054228919901e-16
9.359743983942102204e+03 7.733695334243299646e-15 4.303891628534767695e-16
9.364623772891673070e+03 8.848626726930114038e-15 4.543033174707680695e-16
9.369503561841243936e+03 8.017342559524243278e-15 4.377893444239585123e-16
9.374383350790814802e+03 7.539764826022345579e-15 3.510154958404656267e-16
9.379263139740385668e+03 6.988946351309905866e-15 4.827009949924130836e-16
9.384142928689956534e+03 5.578184194126728895e-15 4.245083319225201171e-16
9.389022717639527400e+03 5.897606838604020478e-15 4.285285955817166222e-16
9.393902506589098266e+03 6.598966257264457478e-15 4.352912427358671350e-16
9.398782295538669132e+03 5.689044870514167464e-15 4.348700526832901496e-16
9.403662084488239998e+03 7.135857743776857328e-15 4.437086559683263780e-16
9.408541873437810864e+03 8.018365964659316325e-15 4.551371888021935514e-16
9.413421662387381730e+03 8.247658794797533145e-15 3.612885251348153120e-16
9.418301451336952596e+03 8.471219704170567660e-15 5.137905981675533300e-16
9.423181240286523462e+03 7.665899895762906794e-15 4.574112487152281389e-16
9.428061029236094328e+03 6.550820812482976844e-15 4.491982908285108238e-16
9.432940818185665194e+03 6.963578871762306239e-15 4.558587445248726318e-16
9.437820607135236060e+03 6.117015916455934402e-15 4.578604610947089095e-16
9.442700396084806926e+03 5.841146425328894766e-15 4.656800246532531335e-16
9.447580185034377791e+03 5.566061072329746235e-15 4.510391744502485339e-16
9.452459973983948657e+03 5.905926250720777465e-15 4.585765706224263166e-16
9.457339762933519523e+03 6.820862549367082398e-15 4.674978758212450178e-16
9.462219551883090389e+03 5.664902355109793445e-15 5.016243656255911102e-16
9.467099340832661255e+03 5.594760987854512946e-15 4.646456334976020444e-16
9.471979129782232121e+03 5.359452055840858250e-15 4.634721378535600870e-16
9.476858918731802987e+03 5.587949620104199535e-15 4.846271335006827507e-16
9.481738707681373853e+03 6.080447727329510241e-15 4.845361793055273652e-16
9.486618496630944719e+03 5.499013649568683520e-15 4.855063507812393661e-16
9.491498285580515585e+03 6.380933741907053340e-15 4.856533583320849607e-16
9.496378074530086451e+03 6.388618344435389735e-15 4.956522784047464082e-16
9.501257863479657317e+03 7.636543813220142976e-15 4.991407899023082711e-16
9.506137652429228183e+03 7.294436055391043261e-15 5.125685771638209341e-16
9.511017441378799049e+03 7.022611849189084516e-15 5.165163980928335234e-16
9.515897230328369915e+03 6.649029698154038606e-15 5.042309715427328060e-16
9.520777019277940781e+03 7.482745976607765077e-15 5.131541250895809864e-16
9.525656808227511647e+03 7.023176614642139249e-15 5.094585222682103502e-16
9.530536597177082513e+03 7.039512597947870062e-15 5.136754107438134321e-16
9.535416386126653379e+03 5.355618426569458029e-15 5.018465651093760448e-16
9.540296175076224245e+03 5.309024404879622616e-15 5.141811678871461030e-16
9.545175964025795111e+03 3.088874509543847113e-15 5.657820746810150374e-16
9.550055752975365976e+03 5.129780392037792820e-15 5.079064608971494688e-16
9.554935541924936842e+03 4.825782697025120726e-15 5.131695789995891724e-16
9.559815330874507708e+03 4.134964039826846319e-15 5.118119621650919324e-16
9.564695119824078574e+03 4.200820256994129382e-15 5.315966336066331239e-16
9.569574908773649440e+03 4.391221295068620795e-15 3.771063976246247744e-16
9.574454697723220306e+03 4.586640634218199994e-15 5.283039253836045290e-16
9.579334486672791172e+03 4.250517251666038727e-15 5.320891995320794432e-16
9.584214275622362038e+03 5.437178927547272022e-15 5.407795473173313353e-16
9.589094064571932904e+03 4.980979638691708897e-15 5.486601875314037549e-16
9.593973853521503770e+03 3.670670274473521426e-15 5.430212234888236089e-16
9.598853642471074636e+03 5.098244526223771521e-15 5.395270489118075513e-16
9.603733431420645502e+03 4.749352296072817832e-15 5.473863377318445191e-16
9.608613220370216368e+03 5.754475974535076458e-15 5.501022189752553857e-16
9.613493009319787234e+03 5.920921290999423404e-15 5.640486487351698208e-16
9.618372798269358100e+03 5.748297768081491415e-15 5.769082865070535344e-16
9.623252587218928966e+03 5.756135142283053171e-15 5.933207759438431847e-16
9.628132376168499832e+03 5.679387558645076787e-15 5.531723160045187636e-16
9.633012165118070698e+03 5.627361120495835161e-15 5.560319518621187182e-16
9.637891954067641564e+03 4.508489544987764081e-15 5.473867012349866050e-16
9.642771743017212430e+03 4.911006569798104391e-15 5.545709203043276363e-16
9.647651531966783296e+03 4.867174463168319950e-15 5.550325178267435330e-16
9.652531320916354161e+03 4.851872674523082309e-15 5.738360507563652528e-16
9.657411109865925027e+03 4.927339348373784771e-15 5.586259707690604998e-16
9.662290898815495893e+03 4.345598555511431654e-15 5.575610118273706958e-16
9.667170687765066759e+03 4.146273331366527590e-15 5.609568477601937627e-16
9.672050476714637625e+03 3.352494455937959716e-15 5.537768860646752407e-16
9.676930265664208491e+03 4.556133585324753807e-15 5.959535999540141357e-16
9.681810054613779357e+03 4.293832219440852426e-15 5.807121611724438588e-16
9.686689843563350223e+03 3.634254338897843229e-15 5.660190114886368884e-16
9.691569632512921089e+03 4.000614879197689064e-15 5.705088075749650505e-16
9.696449421462491955e+03 5.201712825700888080e-15 5.979902980520649043e-16
9.701329210412062821e+03 3.989530802781932003e-15 6.069149771178778742e-16
9.706208999361633687e+03 5.020177413290871249e-15 6.020802748981597959e-16
9.711088788311204553e+03 5.840477371811904909e-15 5.980455268397726687e-16
9.715968577260775419e+03 5.248294726407600671e-15 5.970345289536354038e-16
9.720848366210346285e+03 4.205249358749540651e-15 5.877682121310897993e-16
9.725728155159917151e+03 3.581778106089768684e-15 5.851748585786873309e-16
9.730607944109488017e+03 3.561212045407354129e-15 5.999529457724668755e-16
9.735487733059058883e+03 2.777854970241795194e-15 5.863306348299554981e-16
9.740367522008629749e+03 2.475713257761127905e-15 6.016404901605235907e-16
9.745247310958200615e+03 3.125184803649082754e-15 6.138172214699515686e-16
9.750127099907771481e+03 4.304390200046583499e-15 6.171582698127563403e-16
9.755006888857342346e+03 4.626167325460855381e-15 6.099536930250519218e-16
9.759886677806913212e+03 3.936550167758900214e-15 6.091787642878245553e-16
9.764766466756484078e+03 3.486456416708533596e-15 6.093088975108448022e-16
9.769646255706054944e+03 4.261310973531383606e-15 6.194460292261073978e-16
9.774526044655625810e+03 3.920178233317896957e-15 6.286560640341514079e-16
9.779405833605196676e+03 4.500019761109793332e-15 6.282428989820824833e-16
9.784285622554767542e+03 4.027916554740292803e-15 6.411271238851326148e-16
9.789165411504338408e+03 4.715928255358405161e-15 6.298064969871473379e-16
9.794045200453909274e+03 4.999120870903293570e-15 6.479220678868026680e-16
9.798924989403480140e+03 4.956055549203059114e-15 6.599255957844137622e-16
9.803804778353051006e+03 5.083193021849709138e-15 6.450409112081213064e-16
9.808684567302621872e+03 4.810850055952614680e-15 6.530794860202087111e-16
9.813564356252192738e+03 3.662800499561041689e-15 6.407084568581407545e-16
9.818444145201763604e+03 3.855947062237572806e-15 6.466107233240640573e-16
9.823323934151334470e+03 2.900222158554506685e-15 6.483870770139515419e-16
9.828203723100905336e+03 3.380676910681191357e-15 6.564679511410272179e-16
9.833083512050476202e+03 2.507285196231674012e-15 6.647088642196656111e-16
9.837963301000047068e+03 2.931868627694460033e-15 6.595301174393915887e-16
9.842843089949617934e+03 4.701721071531011001e-15 7.878255030599023555e-16
9.847722878899188800e+03 3.198255155040634336e-15 5.873654409558962359e-16
9.852602667848759666e+03 2.508664313649674875e-15 6.678700375466510023e-16
9.857482456798330531e+03 3.222296390971051269e-15 6.836276847816003579e-16
9.862362245747901397e+03 4.883003791257351961e-15 6.917553997397350296e-16
9.867242034697472263e+03 3.888265916423480095e-15 6.864695077727292127e-16
9.872121823647043129e+03 4.750057196300779796e-15 6.988695750567686318e-16
9.877001612596613995e+03 4.860446031548570490e-15 7.257681962116384704e-16
9.881881401546184861e+03 3.042964242330900243e-15 7.221389742235193034e-16
9.886761190495755727e+03 2.663034206218301634e-15 8.554391791471036089e-16
9.891640979445326593e+03 2.760103506695911893e-15 8.108404731810189764e-16
9.896520768394897459e+03 2.852637706261819861e-15 7.112826076934682523e-16
9.901400557344468325e+03 2.054024970194466133e-15 7.102706462864278063e-16
9.906280346294039191e+03 2.381332297789916208e-15 7.117881940015300797e-16
9.911160135243610057e+03 3.558872801380883337e-15 7.340418544827213760e-16
9.916039924193180923e+03 3.323840562672797897e-15 7.249345145699409440e-16
9.920919713142751789e+03 2.637499225190683955e-15 7.412390962791524097e-16
9.925799502092322655e+03 2.797104313026113076e-15 7.440219594173879131e-16
9.930679291041893521e+03 2.365528768443383204e-15 7.509255555995656136e-16
9.935559079991464387e+03 3.200801782219716872e-15 7.599879489620774883e-16
9.940438868941035253e+03 4.272765076371557260e-15 7.722762036654734469e-16
9.945318657890606119e+03 3.161557123672499512e-15 7.774432036791209288e-16
9.950198446840176985e+03 3.741420656975527644e-15 8.037335789185423936e-16
9.955078235789747851e+03 4.474767754360190760e-15 7.974299835231320106e-16
9.959958024739318716e+03 6.686910311053256680e-15 8.846794073318861667e-16
9.964837813688889582e+03 3.809990652389856569e-15 8.064417602719207719e-16
9.969717602638460448e+03 1.147363770724315993e-15 8.836684570520508584e-16
9.974597391588031314e+03 3.080257473186006602e-15 8.444563961252775190e-16
9.979477180537602180e+03 2.797265215656537246e-15 8.152360526742903673e-16
9.984356969487173046e+03 3.009160939589305602e-15 8.236853518650843419e-16
9.989236758436743912e+03 2.407995685528841375e-15 8.178699546577807242e-16
9.994116547386314778e+03 1.628855253489865102e-15 8.446887825876599472e-16
9.998996336335885644e+03 3.744742986499531929e-15 8.577635963554988084e-16
1.000387612528545651e+04 4.647251004053795805e-15 8.620923716089601496e-16
1.000875591423502738e+04 3.847493894389071225e-15 8.542914627233515259e-16
1.001363570318459824e+04 2.846421894000890178e-15 8.737701734563351536e-16
1.001851549213416911e+04 3.272402043595859253e-15 8.746008254584935526e-16
1.002339528108373997e+04 3.104742068913323652e-15 8.789490595310694108e-16
1.002827507003331084e+04 3.037378034835993474e-15 9.009734391944634596e-16
1.003315485898288171e+04 2.426104120313762096e-15 8.922387424492607709e-16
1.003803464793245257e+04 1.084143364483952328e-15 8.918056848750761624e-16
1.004291443688202344e+04 1.991686936613629562e-15 8.976232550600017321e-16
1.004779422583159430e+04 3.617443296641859422e-15 9.294326658760052959e-16
1.005267401478116517e+04 2.441506382087401654e-15 9.643493507655418811e-16
1.005755380373073604e+04 2.223880994174545393e-15 9.696362870875795669e-16
1.006243359268030690e+04 1.594875098193415331e-15 9.628417331592827767e-16
1.006731338162987777e+04 2.622633062108059607e-15 9.720750520460150002e-16
1.007219317057944863e+04 3.980589801081276948e-15 1.016308265572489433e-15
1.007707295952901950e+04 4.099116570567938104e-15 1.000408097305673944e-15
1.008195274847859037e+04 2.859302504407124961e-15 1.021154842681235422e-15
1.008683253742816123e+04 3.263626364239672200e-15 1.095114962038942211e-15
1.009171232637773210e+04 3.907645327616758471e-15 1.222879001897560185e-15
1.009659211532730296e+04 3.351822565566531536e-15 1.108026157877688342e-15
1.010147190427687383e+04 2.652674650404540220e-15 1.090573438660949892e-15
1.010635169322644470e+04 2.622243332919083124e-15 1.075691864879033891e-15
1.011123148217601556e+04 3.103448362405315264e-15 1.110981384683030469e-15
1.011611127112558643e+04 3.032914121383612586e-15 1.209580001938951893e-15
1.012099106007515729e+04 1.181945724769986686e-15 1.250132623121869291e-15
1.012587084902472816e+04 3.352512661880508747e-15 1.152699927963288729e-15
1.013075063797429902e+04 2.325971779698931119e-15 1.175854546765714402e-15
1.013563042692386989e+04 1.249918291771248439e-15 1.176544827289384100e-15
1.014051021587344076e+04 1.276896795010150260e-16 1.201732686481741316e-15
1.014539000482301162e+04 1.365981702263180555e-16 1.239971114345840750e-15
1.015026979377258249e+04 1.423191878671494747e-15 1.270586670593885267e-15
1.015514958272215335e+04 2.619195888673264139e-15 1.283149186863102009e-15
1.016002937167172422e+04 1.802980747168869942e-15 1.320167709372443727e-15
1.016490916062129509e+04 2.760715369099241213e-15 1.330294617099618306e-15
1.016978894957086595e+04 1.823922640558422981e-15 1.380120718084036819e-15
1.017466873852043682e+04 1.369148440780560764e-15 1.399821830245260012e-15
1.017954852747000768e+04 2.697071729952820543e-15 1.405120344123672150e-15
1.018442831641957855e+04 2.149435589030420214e-15 1.429358557586717588e-15
1.018930810536914942e+04 3.966504264610940985e-15 1.465948079740078849e-15
1.019418789431872028e+04 4.293199255199420648e-15 1.506722434569614956e-15
1.019906768326829115e+04 2.369666703525713147e-15 1.537342618609674041e-15
1.020394747221786201e+04 3.034623875006670300e-15 1.584187052533469544e-15
1.020882726116743288e+04 6.814862452525958668e-15 1.647825643032954420e-15
1.021370705011700375e+04 5.367146016103155299e-15 1.711699237143025576e-15
1.021858683906657461e+04 2.647094432919489978e-15 1.741505756451084931e-15
1.022346662801614548e+04 5.165327058667940911e-15 1.759110613581796110e-15
