# obs_wvl flux error
2.968000000000000000e+03 4.137599669758487949e-15 1.867320978155310660e-15
2.970746884200718341e+03 3.922429506127313206e-15 1.513186754127782366e-15
2.973493768401436682e+03 1.571433157078199230e-15 1.522077197918747865e-15
2.976240652602155023e+03 3.245740087685257028e-15 1.509810784580797965e-15
2.978987536802873365e+03 5.056173369326258811e-15 1.408008835708923450e-15
2.981734421003591706e+03 1.160118528812314365e-15 1.625553500172214763e-15
2.984481305204310047e+03 3.229293697465898515e-15 1.367335720170671467e-15
2.987228189405028388e+03 2.344947969692785164e-15 1.290491656734944244e-15
2.989975073605746729e+03 1.606969436842351376e-15 1.275927744784886722e-15
2.992721957806465070e+03 3.737282993767496650e-16 1.287735185472219016e-15
2.995468842007183412e+03 3.312495078430116099e-15 1.263668290087870816e-15
2.998215726207901753e+03 4.095241205574327461e-15 1.247287369989698147e-15
3.000962610408620094e+03 5.186977371722167969e-15 1.302762467031403844e-15
3.003709494609338435e+03 3.716696039169615577e-15 1.104497024548631780e-15
3.006456378810056776e+03 5.307661442821544719e-16 1.371779387198996010e-15
3.009203263010775117e+03 6.577628772835973471e-16 1.163957823862187935e-15
3.011950147211493459e+03 1.477591169794532895e-15 1.153718184169408029e-15
3.014697031412211800e+03 2.229389148144927198e-15 1.401994435598946113e-15
3.017443915612930141e+03 2.243456856565728904e-15 1.131061820672547063e-15
3.020190799813648482e+03 3.885180765299239806e-15 1.119732646922315256e-15
3.022937684014366823e+03 5.528276892553845021e-16 1.072285984133421158e-15
3.025684568215085164e+03 2.988109569685857082e-15 1.113245275273695644e-15
3.028431452415803506e+03 2.996574700151489732e-15 1.054653572283695954e-15
3.031178336616521847e+03 1.697205115410685833e-15 1.017838209716349398e-15
3.033925220817240188e+03 3.030787070350517549e-15 1.030082274770466080e-15
3.036672105017958529e+03 2.377863304056071272e-15 1.012727397623343201e-15
3.039418989218676870e+03 1.790777929960469647e-15 1.067272235925724601e-15
3.042165873419395211e+03 2.878209644468682802e-15 9.730963748270341976e-16
3.044912757620113553e+03 1.372595276472397955e-15 9.325919050825938217e-16
3.047659641820831894e+03 2.320648472814042598e-15 9.356969516577497338e-16
3.050406526021550235e+03 1.972401986993371340e-15 9.093404059352478778e-16
3.053153410222268576e+03 2.465107648031989617e-15 9.027658250638151365e-16
3.055900294422986917e+03 3.353435489759788640e-15 9.194602994103281505e-16
3.058647178623705258e+03 3.711406136477580651e-15 8.945922587795128596e-16
3.061394062824423600e+03 1.211159960317575235e-15 8.694705359873896916e-16
3.064140947025141941e+03 7.773888426439671229e-16 8.428098204467065050e-16
3.066887831225860282e+03 2.454385832203630867e-15 8.443084811469867806e-16
3.069634715426578623e+03 2.883735941262243849e-15 8.339247342877595625e-16
3.072381599627296964e+03 2.624711610902446337e-15 8.272440832822323659e-16
3.075128483828015305e+03 2.489088088690634403e-15 8.262496694013620807e-16
3.077875368028733646e+03 1.732007983613871385e-16 8.407608385285238748e-16
3.080622252229451988e+03 2.680541600435580668e-15 8.300879503415438559e-16
3.083369136430170329e+03 5.037633062432895169e-15 9.761642674397060700e-16
3.086116020630888670e+03 4.214954065069348412e-15 8.225650088172204986e-16
3.088862904831607011e+03 3.553448600663970460e-15 7.899764097681131787e-16
3.091609789032325352e+03 1.195524118204413145e-15 7.936568147202346650e-16
3.094356673233043693e+03 2.498202587286131698e-15 7.879112419482493747e-16
3.097103557433762035e+03 3.577980034780571837e-15 7.843459226417477138e-16
3.099850441634480376e+03 2.132710356747149247e-15 7.554744359576596040e-16
3.102597325835198717e+03 1.521742173785091842e-15 7.623277956606264443e-16
3.105344210035917058e+03 2.627455999455461773e-15 7.693328587022312158e-16
3.108091094236635399e+03 3.083797887077068913e-15 7.594589291186212061e-16
3.110837978437353740e+03 3.251081595103173219e-15 7.665325121987166602e-16
3.113584862638072082e+03 3.533898558001173941e-16 9.454620600002035339e-16
3.116331746838790423e+03 2.324762638589310662e-15 7.606905850051358143e-16
3.119078631039508764e+03 4.926598750192687414e-15 7.729510503456309013e-16
3.121825515240227105e+03 3.572309185104285844e-15 8.176224788371083964e-16
3.124572399440945446e+03 1.392284325908597197e-15 7.581769776695800264e-16
3.127319283641663787e+03 1.857973059842074323e-15 7.447690277645164492e-16
3.130066167842382129e+03 2.522612816229768350e-15 7.325328211957111626e-16
3.132813052043100470e+03 2.561116608664442228e-15 7.481024859656079659e-16
3.135559936243818811e+03 2.927937964596354840e-15 7.231792142661295950e-16
3.138306820444537152e+03 -5.381375377228195347e-16 8.838044035935513105e-16
3.141053704645255493e+03 2.867981422899749202e-15 7.571109136405695342e-16
3.143800588845973834e+03 1.856186433758118113e-15 7.074882177223196498e-16
3.146547473046692176e+03 2.665289525475324247e-15 7.384551245134106385e-16
3.149294357247410517e+03 1.826478779257701090e-15 7.086634556636277880e-16
3.152041241448128858e+03 3.553745889502088906e-15 7.216383806009083097e-16
3.154788125648847199e+03 2.350614034209919725e-15 6.960912522573172056e-16
3.157535009849565540e+03 2.796686651652978651e-15 7.161026045867548843e-16
3.160281894050283881e+03 3.105631044839961962e-15 8.505735757046522535e-16
3.163028778251002223e+03 2.087049101875420193e-15 6.841703740904836711e-16
3.165775662451720564e+03 2.497551582587628876e-15 6.844206768552585220e-16
3.168522546652438905e+03 2.527745963564561127e-15 6.824437961548294624e-16
3.171269430853157246e+03 2.113754281030411002e-15 6.778164041875951408e-16
3.174016315053875587e+03 3.363608665819951970e-15 6.792896400419685890e-16
3.176763199254593928e+03 2.580722687218886818e-15 6.669947003089716313e-16
3.179510083455312270e+03 3.086279859938854362e-15 6.876599887533092891e-16
3.182256967656030611e+03 3.703452080627364787e-15 6.621475126543706874e-16
3.185003851856748952e+03 3.980088467926718759e-15 6.863411963324526368e-16
3.187750736057467293e+03 3.421102079238092831e-15 6.478712475959995269e-16
3.190497620258185634e+03 3.745455565311599204e-15 6.487814696293270744e-16
3.193244504458903975e+03 2.983573559746235905e-15 6.607739812543096061e-16
3.195991388659622316e+03 2.968395579447796856e-15 6.566006759679653019e-16
3.198738272860340658e+03 2.937554146033014362e-15 6.397891236962813816e-16
3.201485157061058999e+03 3.454289390784270208e-15 6.308356704453384099e-16
3.204232041261777340e+03 3.482664852804348836e-15 6.305002221142877909e-16
3.206978925462495681e+03 2.812198856185595256e-15 6.559016204489723672e-16
3.209725809663214022e+03 3.249111256529792423e-15 7.251144927815336523e-16
3.212472693863932363e+03 4.168584804583710515e-15 6.263876843667904537e-16
3.215219578064650705e+03 3.024976719873072575e-15 6.263332112208860794e-16
3.217966462265369046e+03 2.331378359692230976e-15 5.970466416661202048e-16
3.220713346466087387e+03 3.746546303132787520e-15 6.096931844772997500e-16
3.223460230666805728e+03 3.550330534606592453e-15 6.520199694840343803e-16
3.226207114867524069e+03 3.528305990650051627e-15 5.963800491178612532e-16
3.228953999068242410e+03 3.335720663744663923e-15 5.921350939046643546e-16
3.231700883268960752e+03 1.989239985760520642e-15 6.470272659650361104e-16
3.234447767469679093e+03 2.881280112901914900e-15 5.836953038632095825e-16
3.237194651670397434e+03 3.715554007628935239e-15 6.367494502817962450e-16
3.239941535871115775e+03 3.519008972198417441e-15 5.874375141507371887e-16
3.242688420071834116e+03 2.527674859894248289e-15 5.700025247682470942e-16
3.245435304272552457e+03 3.424191328289425227e-15 5.829335842133115521e-16
3.248182188473270799e+03 3.000891214436048383e-15 5.746789590034251079e-16
3.250929072673989140e+03 2.198448005297120537e-15 5.596484603999252766e-16
3.253675956874707481e+03 3.814289690273360772e-15 5.962053075793822205e-16
3.256422841075425822e+03 2.122988550461465954e-15 5.564711369860973919e-16
3.259169725276144163e+03 2.488176204781704070e-15 5.565025571186864341e-16
3.261916609476862504e+03 1.134019783138675865e-15 5.451084172171680092e-16
3.264663493677580846e+03 2.743346289480680022e-15 5.729063064268899779e-16
3.267410377878299187e+03 2.878609610341724409e-15 5.552072439253970163e-16
3.270157262079017528e+03 2.708016310606627377e-15 5.567970303519055622e-16
3.272904146279735869e+03 2.524470833732054821e-15 4.700609684313138151e-16
3.275651030480454210e+03 2.233384477519622519e-15 6.241788435294899368e-16
3.278397914681172551e+03 2.341639434167302515e-15 5.426714775807806689e-16
3.281144798881890893e+03 2.133549414649478172e-15 5.382141663258532777e-16
3.283891683082609234e+03 4.921215969682248267e-15 5.717719303778661167e-16
3.286638567283327575e+03 3.060936919767352060e-15 5.333406964580355163e-16
3.289385451484045916e+03 2.544572333196872056e-15 5.346229657856351115e-16
3.292132335684764257e+03 3.172714864400377506e-15 5.405461586189940459e-16
3.294879219885482598e+03 2.659676292587851630e-15 5.308113660538085097e-16
3.297626104086200939e+03 1.748876389533282072e-15 5.185177818711464121e-16
3.300372988286919281e+03 2.286096969965556327e-15 5.261124368112511038e-16
3.303119872487637622e+03 2.132033803697776186e-15 5.306405949674938738e-16
3.305866756688355963e+03 2.608778264792241725e-15 5.250436500490281802e-16
3.308613640889074304e+03 3.044809146483005278e-15 5.225307015718464778e-16
3.311360525089792645e+03 3.060886496655098579e-15 5.256843354297199510e-16
3.314107409290510986e+03 1.894296541674669924e-15 5.071680085818239063e-16
3.316854293491229328e+03 2.956197067914822438e-15 5.154506565380175580e-16
3.319601177691947669e+03 2.193908640240495720e-15 5.180947463528073478e-16
3.322348061892666010e+03 2.427472953348338888e-15 5.210739975539655552e-16
3.325094946093384351e+03 3.096946097903386269e-15 6.505083452258093592e-16
3.327841830294102692e+03 3.740904300502229597e-15 5.218849517982016376e-16
3.330588714494821033e+03 4.323069455996016130e-15 5.202969516676491441e-16
3.333335598695539375e+03 3.504401059183841071e-15 5.072289110690181105e-16
3.336082482896257716e+03 3.570305081208924137e-15 5.045358190795177251e-16
3.338829367096976057e+03 3.321513985299509463e-15 4.983098551363908280e-16
3.341576251297694398e+03 3.292847607443412531e-15 4.999744959478413216e-16
3.344323135498412739e+03 3.584825068259699100e-15 5.139822756991974033e-16
3.347070019699131080e+03 3.276176939619110028e-15 4.365513340638586850e-16
3.349816903899849422e+03 2.601224204974326645e-15 5.681185502506153062e-16
3.352563788100567763e+03 2.897526943710136815e-15 4.897096604569192665e-16
3.355310672301286104e+03 3.462473072685818429e-15 4.955198135512237635e-16
3.358057556502004445e+03 3.004238148901306105e-15 4.847816251266603588e-16
3.360804440702722786e+03 3.528881076667203158e-15 4.961076439057116956e-16
3.363551324903441127e+03 3.907831079334122550e-15 4.880732891455918140e-16
3.366298209104159469e+03 2.833658291743893281e-15 4.726987819051880226e-16
3.369045093304877810e+03 3.981149711423559918e-15 4.876752018602335538e-16
3.371791977505596151e+03 3.597111871698081719e-15 4.786475125744363744e-16
3.374538861706314492e+03 3.780276725298354851e-15 4.790685613256772757e-16
3.377285745907032833e+03 3.356229188412410976e-15 4.748354995363599821e-16
3.380032630107751174e+03 3.331587269298093916e-15 4.866568457212159639e-16
3.382779514308469516e+03 3.062631695524160523e-15 4.667218938218320699e-16
3.385526398509187857e+03 3.325400836256349153e-15 4.738108364092530200e-16
3.388273282709906198e+03 3.978688394693137312e-15 5.557067653179055234e-16
3.391020166910624539e+03 3.752134619621722706e-15 5.242663012972545557e-16
3.393767051111342880e+03 3.609462527122268966e-15 4.831244447406062026e-16
3.396513935312061221e+03 4.260509169141032665e-15 4.872069493184954116e-16
3.399260819512779563e+03 3.793570456533447533e-15 4.972371495018324552e-16
3.402007703713497904e+03 3.303778347949316748e-15 4.753042562336068543e-16
3.404754587914216245e+03 3.718784670794599080e-15 4.624850897540778822e-16
3.407501472114934586e+03 3.994795977354734897e-15 4.612134827103348887e-16
3.410248356315652927e+03 3.929804464886716481e-15 5.178075488246132988e-16
3.412995240516371268e+03 3.964391859468078364e-15 4.577462610744680709e-16
3.415742124717089609e+03 4.130585084362441069e-15 4.708792750223340366e-16
3.418489008917807951e+03 5.236056447647912580e-15 5.567543259178856488e-16
3.421235893118526292e+03 4.756789164309752905e-15 4.593733780795000719e-16
3.423982777319244633e+03 5.931444171712247875e-15 4.698319895648702617e-16
3.426729661519962974e+03 5.586285003675390141e-15 4.618451211954380327e-16
3.429476545720681315e+03 4.191628900834913851e-15 4.606050488839602256e-16
3.432223429921399656e+03 5.290139311432206691e-15 4.608283957996922898e-16
3.434970314122117998e+03 5.920159561233435717e-15 4.819947855811524434e-16
3.437717198322836339e+03 4.652036243705706093e-15 4.555129787096859896e-16
3.440464082523554680e+03 4.762301354607539185e-15 4.457043079818810464e-16
3.443210966724273021e+03 4.914673340448764072e-15 4.492473884176428721e-16
3.445957850924991362e+03 5.149886282858586219e-15 4.591668565953790801e-16
3.448704735125709703e+03 4.600210767815045131e-15 4.573817438466519586e-16
3.451451619326428045e+03 5.601075400143156098e-15 4.517499854401802407e-16
3.454198503527146386e+03 5.009478727305226431e-15 4.411318353793303693e-16
3.456945387727864727e+03 5.296339656038695970e-15 4.423619421380693337e-16
3.459692271928583068e+03 4.579222643393532695e-15 4.308977897320564557e-16
3.462439156129301409e+03 4.798655516628903677e-15 4.335549491459536551e-16
3.465186040330019750e+03 4.768929640939264370e-15 4.306206187538036616e-16
3.467932924530738092e+03 5.488597684087639477e-15 4.387320006497053155e-16
3.470679808731456433e+03 4.628908876928649659e-15 4.391186073350029658e-16
3.473426692932174774e+03 4.875040808674726580e-15 4.292652862215984264e-16
3.476173577132893115e+03 5.649332319588610825e-15 4.366406606269208375e-16
3.478920461333611456e+03 4.886612672481899440e-15 4.268791934194927152e-16
3.481667345534329797e+03 4.893040018760785823e-15 4.246961134928430182e-16
3.484414229735048139e+03 5.291937760898989999e-15 4.382377837377708340e-16
3.487161113935766480e+03 4.809400549831401800e-15 4.421014772670794061e-16
3.489907998136484821e+03 4.617768960024639561e-15 4.982202910405041667e-16
3.492654882337203162e+03 4.049455243297814282e-15 4.144585029525272058e-16
3.495401766537921503e+03 4.641027777793123758e-15 4.217936757995886499e-16
3.498148650738639844e+03 6.226492649278260358e-15 4.320240003698473152e-16
3.500895534939358186e+03 5.281561761095070140e-15 4.207793608278422428e-16
3.503642419140076527e+03 5.690894563376712432e-15 4.267665291603168929e-16
3.506389303340794868e+03 6.025260652789954399e-15 4.287308184226362015e-16
3.509136187541513209e+03 6.076033905523088474e-15 4.301177192307655026e-16
3.511883071742231550e+03 6.015157374237584262e-15 4.247629769047010864e-16
3.514629955942949891e+03 5.663551627613365230e-15 4.511116581688005601e-16
3.517376840143668232e+03 6.004915505493426760e-15 4.220237991278552611e-16
3.520123724344386574e+03 6.607592111457137485e-15 4.296598572070006321e-16
3.522870608545104915e+03 7.270227864596828373e-15 4.321793025665428147e-16
3.525617492745823256e+03 6.764526940110650415e-15 4.496790057706026445e-16
3.528364376946541597e+03 7.086543928826319587e-15 4.515612154474430526e-16
3.531111261147259938e+03 7.288146029045046635e-15 4.443780043519317342e-16
3.533858145347978279e+03 7.998896192970210174e-15 4.593547723736579979e-16
3.536605029548696621e+03 7.697178085468749553e-15 4.406924863631726125e-16
3.539351913749414962e+03 7.829594915269272336e-15 4.314682574754098806e-16
3.542098797950133303e+03 7.326097356388365363e-15 4.337453384938295978e-16
3.544845682150851644e+03 8.368046426383623194e-15 4.501494083778817246e-16
3.547592566351569985e+03 8.174234098574352778e-15 4.370048138009660078e-16
3.550339450552288326e+03 7.559176530447474773e-15 4.353302899464818152e-16
3.553086334753006668e+03 8.132724559308149376e-15 4.333413467389038046e-16
3.555833218953725009e+03 8.704567733086975004e-15 4.346324953431555968e-16
3.558580103154443350e+03 8.202283940791657926e-15 4.486487386247197508e-16
3.561326987355161691e+03 8.948612134651338159e-15 4.513438828523437813e-16
3.564073871555880032e+03 8.410963126072137638e-15 4.408620042686780795e-16
3.566820755756598373e+03 8.230653390781493657e-15 4.360960249814164114e-16
3.569567639957316715e+03 8.860585812181930733e-15 4.337764171087693884e-16
3.572314524158035056e+03 9.355982062614535751e-15 4.500576537263742951e-16
3.575061408358753397e+03 9.392493518361361424e-15 4.728137168763111920e-16
3.577808292559471738e+03 9.784298709269542697e-15 4.485573465222664867e-16
3.580555176760190079e+03 9.198652828424385213e-15 4.294327156852133216e-16
3.583302060960908420e+03 9.376157782147212427e-15 4.327963852390904895e-16
3.586048945161626762e+03 9.486406743418950827e-15 4.319175728175931510e-16
3.588795829362345103e+03 8.756838072698500744e-15 4.209017164115016024e-16
3.591542713563063444e+03 9.996447701168641205e-15 4.348702193998024417e-16
3.594289597763781785e+03 9.771867222997465226e-15 4.270261339103427976e-16
3.597036481964500126e+03 9.007016500074463748e-15 4.227838470604658201e-16
3.599783366165218467e+03 9.284065131218035452e-15 4.258924816328091521e-16
3.602530250365936809e+03 9.687593571045195196e-15 4.381078860221369058e-16
3.605277134566655150e+03 9.901999094290058059e-15 5.394130979431052977e-16
3.608024018767373491e+03 9.893950629897960502e-15 4.357640041278822943e-16
3.610770902968091832e+03 9.466621270909333134e-15 4.769146504254307573e-16
3.613517787168810173e+03 9.225399267781788331e-15 4.269061975546549097e-16
3.616264671369528514e+03 9.536059355110107533e-15 4.220060852935761567e-16
3.619011555570246855e+03 9.907242008263586264e-15 4.242148177062750620e-16
3.621758439770965197e+03 9.470805379831008447e-15 4.241255428453500564e-16
3.624505323971683538e+03 8.689331512627671276e-15 4.102305526136685566e-16
3.627252208172401879e+03 8.839253352506050561e-15 4.134031368931946819e-16
3.629999092373120220e+03 8.508990361898920903e-15 4.305705323996889069e-16
3.632745976573838561e+03 8.121419933679913999e-15 3.997625601594490963e-16
3.635492860774556902e+03 7.844377027557242134e-15 4.081242778084933580e-16
3.638239744975275244e+03 8.456049567577697568e-15 4.044477806704759084e-16
3.640986629175993585e+03 8.104298967307031367e-15 3.973206522211699110e-16
3.643733513376711926e+03 8.567142564456086070e-15 3.987719968497862844e-16
3.646480397577430267e+03 7.560202115921260634e-15 4.165934213147834824e-16
3.649227281778148608e+03 7.620010093444399945e-15 4.011549743940629837e-16
3.651974165978866949e+03 7.957505658189424788e-15 4.100506828824733452e-16
3.654721050179585291e+03 8.351388586738010917e-15 3.923475894222568068e-16
3.657467934380303632e+03 8.814502599226513479e-15 3.973479105245810334e-16
3.660214818581021973e+03 9.702870459521531944e-15 4.129590660436792279e-16
3.662961702781740314e+03 8.628961410134088448e-15 3.919459222011006359e-16
3.665708586982458655e+03 1.002889378622763842e-14 4.027373348927769403e-16
3.668455471183176996e+03 1.068605062554756260e-14 4.063763861124451589e-16
3.671202355383895338e+03 1.103496101942791764e-14 4.435779306836542040e-16
3.673949239584613679e+03 1.141278664604154057e-14 4.414798264104321301e-16
3.676696123785332020e+03 1.191244491814361294e-14 4.174447231108988377e-16
3.679443007986050361e+03 1.265539221872461971e-14 4.191164943376239524e-16
3.682189892186768702e+03 1.392851759970324849e-14 4.584563710477909109e-16
3.684936776387487043e+03 1.351261606037963594e-14 4.295781712659526458e-16
3.687683660588205385e+03 1.522680946382820186e-14 4.388686451991040230e-16
3.690430544788923726e+03 1.485440415871769731e-14 4.282616537834003996e-16
3.693177428989642067e+03 1.652910136567961005e-14 5.183670264962314172e-16
3.695924313190360408e+03 1.650207524062964451e-14 4.578796257306996952e-16
3.698671197391078749e+03 1.639805354142749592e-14 4.285855913863931469e-16
3.701418081591797090e+03 1.652605156399807734e-14 5.484809913410308106e-16
3.704164965792515432e+03 1.718000019534817152e-14 4.522321034148966898e-16
3.706911849993233773e+03 1.653203074090923518e-14 4.297008812389752745e-16
3.709658734193952114e+03 1.685528518788045251e-14 4.303778809478352030e-16
3.712405618394670455e+03 1.629469341690671852e-14 4.237423908078797720e-16
3.715152502595388796e+03 1.540089362849049672e-14 4.200883235235496819e-16
3.717899386796107137e+03 1.470506939429762335e-14 4.100593595569167662e-16
3.720646270996825479e+03 1.369694105405805459e-14 4.003653874505144377e-16
3.723393155197543820e+03 1.437063688266488743e-14 4.066280025689506610e-16
3.726140039398262161e+03 1.371658160885566637e-14 4.110002497910293925e-16
3.728886923598980502e+03 1.300255065843940250e-14 3.906571368332293658e-16
3.731633807799698843e+03 1.219645608687593263e-14 3.838516200432898462e-16
3.734380692000417184e+03 1.095275938035394949e-14 3.685127946844767757e-16
3.737127576201135525e+03 1.100027950163859252e-14 3.746432258034031328e-16
3.739874460401853867e+03 1.070682373505955665e-14 3.626808624800811153e-16
3.742621344602572208e+03 1.066831625012462627e-14 3.627711247600635880e-16
3.745368228803290549e+03 1.076041965854767225e-14 3.612502794465598426e-16
3.748115113004008890e+03 1.075321185178377930e-14 3.594702942827522307e-16
3.750861997204727231e+03 1.087774594342357157e-14 3.600424248980830032e-16
3.753608881405445572e+03 1.022454688874036567e-14 3.608009508945222583e-16
3.756355765606163914e+03 1.043493747983306320e-14 3.516871508647572837e-16
3.759102649806882255e+03 9.795432328964467293e-15 3.554498687403526861e-16
3.761849534007600596e+03 9.912486200065168752e-15 3.438201410918754032e-16
3.764596418208318937e+03 1.064070689121247119e-14 3.536384791426169514e-16
3.767343302409037278e+03 9.988302711924242887e-15 3.398836999401173096e-16
3.770090186609755619e+03 9.738842500848252511e-15 3.353625615091292433e-16
3.772837070810473961e+03 1.013985907689642874e-14 3.439595115776688695e-16
3.775583955011192302e+03 9.957801814152450882e-15 3.510092806589233259e-16
3.778330839211910643e+03 9.779000634638377908e-15 3.847851194657194754e-16
3.781077723412628984e+03 9.114810566690492033e-15 3.316550717483211158e-16
3.783824607613347325e+03 9.039968580510996785e-15 3.618256816160995417e-16
3.786571491814065666e+03 8.692911937187512009e-15 3.243794189043312324e-16
3.789318376014784008e+03 9.104732862924410139e-15 3.232837596061563246e-16
3.792065260215502349e+03 8.219650514668283266e-15 3.108792285107739130e-16
3.794812144416220690e+03 7.998864562098735983e-15 3.066652257543035550e-16
3.797559028616939031e+03 8.087288311683690308e-15 3.091724660720123732e-16
3.800305912817657372e+03 7.324441769356397606e-15 3.144659426780858926e-16
3.803052797018375713e+03 7.755596394102263571e-15 3.078700148220771152e-16
3.805799681219094055e+03 8.883403266249081718e-15 3.103400004419072376e-16
3.808546565419812396e+03 7.969332404565985324e-15 2.983348360169408818e-16
3.811293449620530737e+03 7.635681803815006211e-15 2.960753088748733558e-16
3.814040333821249078e+03 8.428164502140320890e-15 3.241216085440639020e-16
3.816787218021967419e+03 7.359562617513967515e-15 2.932411730915832545e-16
3.819534102222685760e+03 7.700075541450928487e-15 2.910924183923133780e-16
3.822280986423404102e+03 7.422735367776366413e-15 2.905396160140926292e-16
3.825027870624122443e+03 7.647268484957752941e-15 3.000958805764631510e-16
3.827774754824840784e+03 7.409883451676068102e-15 2.871216268589315664e-16
3.830521639025559125e+03 7.758800837423594111e-15 2.919567609600560542e-16
3.833268523226277466e+03 8.354051188894725327e-15 2.901848761845320622e-16
3.836015407426995807e+03 8.099013918282675763e-15 2.879409770858345376e-16
3.838762291627714148e+03 8.330594700589726662e-15 2.862903706736420963e-16
3.841509175828432490e+03 8.705787891226118017e-15 2.879814323186627057e-16
3.844256060029150831e+03 9.004279097750150373e-15 2.906690402193667099e-16
3.847002944229869172e+03 9.424896277590144763e-15 2.911767767199151908e-16
3.849749828430587513e+03 9.060797305391791440e-15 2.915511051747728461e-16
3.852496712631305854e+03 9.684890673095677309e-15 2.899532806082311927e-16
3.855243596832024195e+03 9.976390832969608732e-15 2.896451648483481626e-16
3.857990481032742537e+03 1.042343938388067869e-14 2.960765460462334827e-16
3.860737365233460878e+03 1.093696069145312913e-14 2.977891695198325497e-16
3.863484249434179219e+03 1.066947339896583686e-14 2.935938437336031338e-16
3.866231133634897560e+03 1.172117542683534970e-14 3.001751258287447943e-16
3.868978017835615901e+03 1.240201478764253146e-14 3.065925810874992851e-16
3.871724902036334242e+03 1.324004992556311600e-14 3.905325871445940872e-16
3.874471786237052584e+03 1.296622911071048386e-14 3.083653456430340204e-16
3.877218670437770925e+03 1.329109986316666141e-14 3.352953718761285053e-16
3.879965554638489266e+03 1.330280406381941758e-14 3.118058468796329708e-16
3.882712438839207607e+03 1.409995804285586345e-14 3.148509131967373952e-16
3.885459323039925948e+03 1.484156543755874561e-14 3.120598823744243957e-16
3.888206207240644289e+03 1.557813984669166604e-14 3.425338892983421027e-16
3.890953091441362631e+03 1.533298709808785602e-14 3.142293419160571536e-16
3.893699975642080972e+03 1.598402897843222307e-14 3.174403746034594614e-16
3.896446859842799313e+03 1.719022538137231912e-14 3.255375545572720383e-16
3.899193744043517654e+03 1.721525278598266207e-14 3.194436083011738518e-16
3.901940628244235995e+03 1.783177952892114880e-14 3.278251738565382541e-16
3.904687512444954336e+03 1.900041047950057507e-14 3.315671678820407995e-16
3.907434396645672678e+03 1.926381308062168824e-14 3.343518456759279358e-16
3.910181280846391019e+03 1.881629355299595376e-14 3.267612757860021974e-16
3.912928165047109360e+03 2.009410943572910503e-14 3.368892625112095381e-16
3.915675049247827701e+03 2.009700591436060092e-14 3.360444717694732554e-16
3.918421933448546042e+03 2.030174340904334463e-14 3.329828003415365182e-16
3.921168817649264383e+03 2.069204554777848630e-14 3.331648884816231909e-16
3.923915701849982725e+03 2.079932906042248044e-14 3.336451584982736392e-16
3.926662586050701066e+03 2.214238963545421086e-14 3.425765684580205538e-16
3.929409470251419407e+03 2.246189448793357986e-14 3.426946401156439577e-16
3.932156354452137748e+03 2.304292198979219645e-14 3.451043187442994823e-16
3.934903238652856089e+03 2.261825447971164398e-14 3.377395776897436966e-16
3.937650122853574430e+03 2.239745957094670819e-14 3.372867254760257401e-16
3.940397007054292771e+03 2.252374519134894041e-14 3.370235906749584094e-16
3.943143891255011113e+03 2.233906898508967349e-14 3.350353854904394689e-16
3.945890775455729454e+03 2.245357393907817048e-14 3.343401515446754885e-16
3.948637659656447795e+03 2.182933437548222837e-14 3.289571338918502545e-16
3.951384543857166136e+03 2.262686772933751581e-14 3.323323690854414417e-16
3.954131428057884477e+03 2.262636282823699745e-14 3.301108713116931084e-16
3.956878312258602818e+03 2.289436248908406571e-14 3.345036735658628464e-16
3.959625196459321160e+03 2.311197831895869652e-14 3.322834929604757709e-16
3.962372080660039501e+03 2.309024888581576526e-14 3.316880986545990265e-16
3.965118964860757842e+03 2.298028592033063614e-14 3.290988427008821718e-16
3.967865849061476183e+03 2.315199568645577408e-14 3.304043754519212606e-16
3.970612733262194524e+03 2.345136764974727610e-14 3.291421713015256958e-16
3.973359617462912865e+03 2.381757423348332836e-14 3.355945639809553622e-16
3.976106501663631207e+03 2.413190445609724784e-14 3.310912781026131023e-16
3.978853385864349548e+03 2.400268063257540411e-14 3.281322505199198899e-16
3.981600270065067889e+03 2.337042138627246555e-14 3.346999133627935029e-16
3.984347154265786230e+03 2.401170646542412129e-14 3.326922090648855499e-16
3.987094038466504571e+03 2.252963788298143213e-14 3.181153714593365922e-16
3.989840922667222912e+03 2.143289418364366600e-14 3.155416849085525204e-16
3.992587806867941254e+03 2.061089886508654269e-14 3.068592425168287786e-16
3.995334691068659595e+03 2.023585165266305691e-14 3.050740392535571885e-16
3.998081575269377936e+03 1.949329571872244669e-14 2.986423302804494016e-16
4.000828459470096277e+03 1.884998938680573512e-14 2.956310351683378829e-16
4.003575343670814618e+03 1.843151791812967524e-14 2.971788350227608478e-16
4.006322227871532959e+03 1.846148531179791202e-14 2.946712056457248982e-16
4.009069112072251301e+03 1.900805683401896277e-14 2.999774350810408282e-16
4.011815996272969642e+03 1.789209629147901289e-14 2.881655131664561946e-16
4.014562880473687983e+03 1.735754821674130487e-14 2.840868877120914822e-16
4.017309764674406324e+03 1.706827124432853238e-14 2.819716665654318215e-16
4.020056648875124665e+03 1.645888796347655880e-14 2.767419150911376296e-16
4.022803533075843006e+03 1.609936208072767388e-14 2.737146093810008381e-16
4.025550417276561348e+03 1.653164760095142618e-14 3.056382723262379910e-16
4.028297301477279689e+03 1.611340250753873014e-14 2.782083624902831935e-16
4.031044185677998030e+03 1.504254929334959963e-14 2.642498297495437481e-16
4.033791069878716371e+03 1.480998319092359866e-14 2.692941760885339985e-16
4.036537954079434712e+03 1.456362422674865200e-14 2.626923821779834284e-16
4.039284838280153053e+03 1.452717520644392666e-14 2.604706370354746745e-16
4.042031722480871395e+03 1.448638552779823155e-14 2.646960472746653471e-16
4.044778606681589736e+03 1.414695311449844725e-14 2.598607147816154602e-16
4.047525490882308077e+03 1.454984690266967976e-14 2.736225591320578889e-16
4.050272375083026418e+03 1.463563254420283503e-14 2.641933299043421858e-16
4.053019259283744759e+03 1.454972274855024680e-14 2.587989862564816952e-16
4.055766143484463100e+03 1.468197638624726507e-14 2.618971432319461662e-16
4.058513027685181441e+03 1.423263583207409837e-14 2.625839370824891537e-16
4.061259911885899783e+03 1.476086787067365089e-14 2.593686517068450371e-16
4.064006796086618124e+03 1.549807919338951811e-14 2.722125734951506648e-16
4.066753680287336465e+03 1.518929947659738359e-14 2.613130673268215528e-16
4.069500564488054806e+03 1.553234806854013992e-14 2.753238966035425036e-16
4.072247448688773147e+03 1.529334555163140135e-14 2.620919157769460835e-16
4.074994332889491488e+03 1.598480949094184825e-14 2.655608936321066674e-16
4.077741217090209830e+03 1.594891723405219716e-14 2.689915866324789821e-16
4.080488101290928171e+03 1.555030991653519517e-14 2.616168217908288663e-16
4.083234985491646512e+03 1.634868455228739016e-14 2.698047570961920101e-16
4.085981869692364853e+03 1.631111399696493041e-14 2.950512779288349435e-16
4.088728753893083194e+03 1.696419518142477737e-14 2.742541027593893678e-16
4.091475638093801535e+03 1.722396602016407088e-14 2.692454451488524505e-16
4.094222522294519877e+03 1.617379628362639055e-14 2.719183132629968156e-16
4.096969406495238218e+03 1.619564895053301023e-14 2.650195498126211270e-16
4.099716290695956559e+03 1.673240896127023355e-14 2.653390086466523874e-16
4.102463174896674900e+03 1.558474071363123873e-14 2.577694235066719597e-16
4.105210059097393241e+03 1.532744239847019281e-14 2.584664907760630453e-16
4.107956943298111582e+03 1.565123093279358913e-14 2.593938769178918491e-16
4.110703827498829924e+03 1.522121797789572815e-14 2.545190875929442415e-16
4.113450711699548265e+03 1.561931669352468630e-14 2.583666634034970922e-16
4.116197595900266606e+03 1.590549551994643499e-14 2.594847106347216929e-16
4.118944480100984947e+03 1.574193736307406714e-14 2.572090596671612570e-16
4.121691364301703288e+03 1.492605594812445258e-14 2.533040526193171389e-16
4.124438248502421629e+03 1.472783046958936482e-14 2.543189159177988959e-16
4.127185132703139971e+03 1.478792849486911609e-14 2.517244352060018709e-16
4.129932016903858312e+03 1.494412015686666373e-14 2.526781805230893060e-16
4.132678901104576653e+03 1.517122596090346360e-14 2.518006950670928098e-16
4.135425785305294994e+03 1.562864671195019457e-14 2.553027962379337478e-16
4.138172669506013335e+03 1.530963558970123395e-14 2.505723338367110691e-16
4.140919553706731676e+03 1.534352852591729588e-14 2.504987134848253068e-16
4.143666437907450018e+03 1.574677520818221276e-14 2.531814835146621664e-16
4.146413322108168359e+03 1.556386289305264470e-14 2.528643711937108624e-16
4.149160206308886700e+03 1.565526274235674464e-14 2.520037196451379460e-16
4.151907090509605041e+03 1.619697996335244819e-14 2.684894807114778859e-16
4.154653974710323382e+03 1.579428430556464687e-14 2.547304865694819227e-16
4.157400858911041723e+03 1.535285713966557236e-14 2.478149204955602802e-16
4.160147743111760064e+03 1.549667616779228509e-14 2.546665259971001561e-16
4.162894627312478406e+03 1.538062365199005583e-14 2.516085021743401077e-16
4.165641511513196747e+03 1.556073061942190361e-14 2.493026529309191584e-16
4.168388395713915088e+03 1.585520379167499335e-14 2.487944799233773267e-16
4.171135279914633429e+03 1.572015521131408480e-14 2.489607756713328232e-16
4.173882164115351770e+03 1.616929374578350830e-14 2.536673069403081475e-16
4.176629048316070111e+03 1.642311880969754081e-14 2.545164574804970303e-16
4.179375932516788453e+03 1.611532875154378357e-14 2.488305818910066151e-16
4.182122816717506794e+03 1.588910681300432048e-14 2.482516506493874273e-16
4.184869700918225135e+03 1.625520288020779604e-14 2.503289899302560200e-16
4.187616585118943476e+03 1.587730676980957038e-14 2.475603061679861426e-16
4.190363469319661817e+03 1.637705586491682356e-14 2.508261454636795513e-16
4.193110353520380158e+03 1.702834773971445632e-14 2.522875616294615691e-16
4.195857237721098500e+03 1.730938241397442009e-14 2.570601158814505047e-16
4.198604121921816841e+03 1.739672590771856193e-14 2.578875979199069368e-16
4.201351006122535182e+03 1.772092889714752551e-14 2.557490630892576349e-16
4.204097890323253523e+03 1.817292917278764610e-14 2.571852072622013503e-16
4.206844774523971864e+03 1.830621601686641672e-14 2.598708308683906262e-16
4.209591658724690205e+03 1.835936252032589870e-14 2.630506472891819388e-16
4.212338542925408547e+03 1.802158389114117778e-14 2.570481904262987927e-16
4.215085427126126888e+03 1.767100304031100175e-14 2.548825880040102233e-16
4.217832311326845229e+03 1.790917111861310096e-14 2.572625832617755059e-16
4.220579195527563570e+03 1.750533720940833015e-14 2.516926557932254939e-16
4.223326079728281911e+03 1.772013763930853154e-14 2.534913284298944053e-16
4.226072963929000252e+03 1.731229638157716721e-14 2.490121158677987068e-16
4.228819848129718594e+03 1.713761350154249186e-14 2.487605257721640502e-16
4.231566732330436935e+03 1.711802860972163037e-14 2.482814224894252245e-16
4.234313616531155276e+03 1.718147453723496549e-14 2.516648370981066745e-16
4.237060500731873617e+03 1.700620989891050333e-14 2.502087913958417917e-16
4.239807384932591958e+03 1.688437543153469347e-14 2.476472004903504681e-16
4.242554269133310299e+03 1.733631022481617592e-14 2.708102499612511632e-16
4.245301153334028641e+03 1.719466363612468626e-14 2.545923267783829161e-16
4.248048037534746982e+03 1.692552974084667532e-14 2.484376555945405797e-16
4.250794921735465323e+03 1.670087104941986238e-14 2.453118375233808521e-16
4.253541805936183664e+03 1.642929307243366293e-14 2.428327566967932550e-16
4.256288690136902005e+03 1.653068781832226563e-14 2.427216324912119709e-16
4.259035574337620346e+03 1.613382201746956413e-14 2.413620588091993423e-16
4.261782458538338688e+03 1.658465079758246245e-14 2.502764846095788226e-16
4.264529342739057029e+03 1.647824647395905439e-14 2.430238864584949444e-16
4.267276226939775370e+03 1.625570554363884027e-14 2.404564216607193653e-16
4.270023111140493711e+03 1.701375757404021920e-14 2.449736677659044960e-16
4.272769995341212052e+03 1.721669065624617461e-14 2.440858161316636187e-16
4.275516879541930393e+03 1.704126280411337855e-14 2.424621461643437648e-16
4.278263763742648734e+03 1.663836261564295750e-14 2.414994981284400462e-16
4.281010647943367076e+03 1.722503494163923449e-14 2.451713582096705612e-16
4.283757532144085417e+03 1.713831243798179815e-14 2.431365121504960924e-16
4.286504416344803758e+03 1.742044035455492809e-14 2.519455915248734418e-16
4.289251300545522099e+03 1.702952617190774921e-14 2.427291752289001229e-16
4.291998184746240440e+03 1.703385472924631876e-14 2.407499166286119500e-16
4.294745068946958781e+03 1.669323101304637246e-14 2.380429189193944054e-16
4.297491953147677123e+03 1.663780066272282655e-14 2.376984617874425313e-16
4.300238837348395464e+03 1.693136440785405445e-14 2.399314904388502376e-16
4.302985721549113805e+03 1.693583836964717229e-14 2.390920840820446456e-16
4.305732605749832146e+03 1.710956973795064124e-14 2.398900733592441854e-16
4.308479489950550487e+03 1.694653705138328652e-14 2.396183308251471673e-16
4.311226374151268828e+03 1.693235866085843995e-14 2.379911587783072246e-16
4.313973258351987170e+03 1.689462338517508706e-14 2.417990025894611523e-16
4.316720142552705511e+03 1.602711020203005326e-14 2.400375298103676031e-16
4.319467026753423852e+03 1.611647086280042742e-14 2.358770530095178505e-16
4.322213910954142193e+03 1.573187905595969951e-14 2.298090616129729007e-16
4.324960795154860534e+03 1.491629021609117845e-14 2.268701210893787042e-16
4.327707679355578875e+03 1.481785104690687065e-14 2.255822872941024637e-16
4.330454563556297217e+03 1.450680286035152357e-14 2.307646487490350534e-16
4.333201447757015558e+03 1.423141914136329658e-14 2.228109905011017377e-16
4.335948331957733899e+03 1.414239366552835612e-14 2.270025579003942645e-16
4.338695216158452240e+03 1.372812593197476658e-14 2.198082669432422197e-16
4.341442100359170581e+03 1.309448366501969062e-14 2.133431065501658781e-16
4.344188984559888922e+03 1.322864517495431961e-14 2.137947771878686660e-16
4.346935868760607264e+03 1.310319155009848963e-14 2.120148496243308115e-16
4.349682752961325605e+03 1.285570280858258628e-14 2.109722969374116527e-16
4.352429637162043946e+03 1.295919526485462841e-14 2.110690847261060277e-16
4.355176521362762287e+03 1.273345186820567742e-14 2.109229202063614035e-16
4.357923405563480628e+03 1.268115595088818115e-14 2.100863785922178243e-16
4.360670289764198969e+03 1.266785628122246678e-14 2.092436645956030588e-16
4.363417173964917311e+03 1.238566122000118641e-14 2.080588488032287424e-16
4.366164058165635652e+03 1.238804245180050125e-14 2.088838718801059734e-16
4.368910942366353993e+03 1.216369324079579623e-14 2.066139521746751403e-16
4.371657826567072334e+03 1.204128901571991510e-14 2.043364038122540084e-16
4.374404710767790675e+03 1.157370331156294062e-14 2.001282963971254391e-16
4.377151594968509016e+03 1.139026396971334126e-14 1.995528175210778644e-16
4.379898479169227357e+03 1.159343645865235810e-14 2.021478526202851739e-16
4.382645363369945699e+03 1.107021121951525311e-14 1.969880448480936694e-16
4.385392247570664040e+03 1.100032369088674017e-14 1.976176470861801096e-16
4.388139131771382381e+03 1.068093474841613506e-14 1.938606958062706283e-16
4.390886015972100722e+03 1.032457730309340121e-14 1.929575772597267251e-16
4.393632900172819063e+03 1.025167083438603137e-14 1.925047222678626508e-16
4.396379784373537404e+03 1.021871927268266809e-14 1.965358698993134315e-16
4.399126668574255746e+03 1.016516649167000287e-14 1.985474425860835429e-16
4.401873552774974087e+03 1.004987770327421012e-14 1.952949965435093095e-16
4.404620436975692428e+03 9.336274499531503128e-15 1.871277974750780576e-16
4.407367321176410769e+03 9.335078713927399689e-15 1.860456793740157479e-16
4.410114205377129110e+03 9.422857915008424859e-15 1.850923186092555963e-16
4.412861089577847451e+03 9.109370551191765153e-15 1.821129923388243462e-16
4.415607973778565793e+03 9.161740896876649890e-15 1.835438917081644332e-16
4.418354857979284134e+03 9.540533678610541192e-15 1.929933788034705101e-16
4.421101742180002475e+03 9.305873286078793407e-15 1.868931497488462768e-16
4.423848626380720816e+03 8.946047218335695181e-15 1.815070088769729670e-16
4.426595510581439157e+03 9.052268578083273230e-15 1.829612465889133719e-16
4.429342394782157498e+03 9.284858952363430584e-15 1.843385230633298357e-16
4.432089278982875840e+03 9.350594907423825872e-15 1.832840324664757347e-16
4.434836163183594181e+03 9.217176919407474921e-15 1.813289336454528557e-16
4.437583047384312522e+03 9.004062750262558269e-15 1.799252417519061353e-16
4.440329931585030863e+03 8.929676909734347290e-15 1.819269480716574595e-16
4.443076815785749204e+03 9.122792969755262547e-15 1.824974031408804667e-16
4.445823699986467545e+03 9.085209225846672684e-15 1.798870137713773620e-16
4.448570584187185887e+03 9.076875578004199359e-15 1.793916330404725373e-16
4.451317468387904228e+03 9.403516901775245454e-15 1.816904213236537468e-16
4.454064352588622569e+03 9.536872981615960413e-15 1.858638126404643811e-16
4.456811236789340910e+03 9.876979245796547517e-15 2.118984524534572405e-16
4.459558120990059251e+03 1.034686472042840295e-14 1.967957437911708135e-16
4.462305005190777592e+03 1.013108772068593027e-14 1.847365294549849530e-16
4.465051889391495934e+03 1.046874259263553943e-14 1.881417247959321819e-16
4.467798773592214275e+03 1.093468096879011165e-14 1.904943875198048352e-16
4.470545657792932616e+03 1.103105110905727951e-14 1.898876875102813350e-16
4.473292541993650957e+03 1.136062372561112474e-14 1.941205116693707275e-16
4.476039426194369298e+03 1.192091776875041756e-14 1.958474095745299073e-16
4.478786310395087639e+03 1.195179754350697140e-14 1.949072609433842821e-16
4.481533194595805980e+03 1.205583316992215869e-14 1.961639861392010974e-16
4.484280078796524322e+03 1.233078105388485693e-14 1.971812079501969882e-16
4.487026962997242663e+03 1.223751037892551491e-14 1.960539886458377681e-16
4.489773847197961004e+03 1.223867776991184156e-14 1.969289681183788100e-16
4.492520731398679345e+03 1.238700141862624139e-14 1.975009345128789174e-16
4.495267615599397686e+03 1.250778169297648143e-14 1.992258439794727288e-16
4.498014499800116027e+03 1.345773762520932235e-14 2.043116998259693468e-16
4.500761384000834369e+03 1.391117087041693334e-14 2.071494152495845517e-16
4.503508268201552710e+03 1.470424409667191509e-14 2.145990352054737397e-16
4.506255152402271051e+03 1.486435665402025509e-14 2.122601724037759945e-16
4.509002036602989392e+03 1.504307156637307850e-14 2.117825627112931089e-16
4.511748920803707733e+03 1.566793758554123351e-14 2.146607963869383655e-16
4.514495805004426074e+03 1.557394234388818848e-14 2.378437687289365729e-16
4.517242689205144416e+03 1.605051891991347432e-14 2.293234765160857043e-16
4.519989573405862757e+03 1.700181894268977038e-14 2.285872177063224686e-16
4.522736457606581098e+03 1.717719289210538578e-14 2.236404936065387233e-16
4.525483341807299439e+03 1.750660085886511233e-14 2.231517192676307290e-16
4.528230226008017780e+03 1.768969827495041516e-14 2.241935598311126706e-16
4.530977110208736121e+03 1.812736717941218648e-14 2.269735521069848818e-16
4.533723994409454463e+03 1.848215420726633428e-14 2.282119012936804289e-16
4.536470878610172804e+03 1.917855313386442471e-14 2.344083708278358053e-16
4.539217762810891145e+03 1.980733272782203259e-14 2.359399142508431145e-16
4.541964647011609486e+03 1.991686691444449234e-14 2.359084223812672727e-16
4.544711531212327827e+03 2.029551834816838488e-14 2.375523104745683794e-16
4.547458415413046168e+03 2.049859182206630649e-14 2.376660744419476089e-16
4.550205299613764510e+03 2.102607488724981435e-14 2.397922757618282020e-16
4.552952183814482851e+03 2.139983884895967042e-14 2.446182308498672091e-16
4.555699068015201192e+03 2.158278735697009678e-14 2.434963201844772768e-16
4.558445952215919533e+03 2.194825095289017007e-14 2.435849903322078603e-16
4.561192836416637874e+03 2.240953039286285534e-14 2.457878474091589092e-16
4.563939720617356215e+03 2.325904045438907465e-14 2.494517134916959056e-16
4.566686604818074557e+03 2.378395756482997886e-14 2.528587943472986079e-16
4.569433489018792898e+03 2.416783168658008622e-14 2.553365698703632827e-16
4.572180373219511239e+03 2.432812259113504237e-14 2.538174845500856663e-16
4.574927257420229580e+03 2.441991814710285681e-14 2.842019110900653681e-16
4.577674141620947921e+03 2.489113334326029865e-14 2.667331857482307879e-16
4.580421025821666262e+03 2.501220562775198409e-14 2.562253776362364936e-16
4.583167910022384604e+03 2.505675325097747613e-14 2.571536035087082943e-16
4.585914794223102945e+03 2.588780187500654713e-14 2.610102790176483017e-16
4.588661678423821286e+03 2.632915910979491965e-14 2.625595211723838356e-16
4.591408562624539627e+03 2.605080446726718584e-14 2.626624683776912893e-16
4.594155446825257968e+03 2.586395308844670090e-14 2.607425551506703189e-16
4.596902331025976309e+03 2.587305882420125804e-14 2.613797559252723737e-16
4.599649215226694650e+03 2.599239730618568770e-14 2.626684192348178149e-16
4.602396099427412992e+03 2.627313908049764280e-14 2.622416460601935550e-16
4.605142983628131333e+03 2.606648686200052073e-14 2.607834137089315029e-16
4.607889867828849674e+03 2.616536543845259751e-14 2.630837162269353822e-16
4.610636752029568015e+03 2.630474254833928241e-14 2.634179082497345195e-16
4.613383636230286356e+03 2.598824269874252331e-14 2.609717495382956954e-16
4.616130520431004697e+03 2.612488424265696029e-14 2.645066086041911431e-16
4.618877404631723039e+03 2.627480916980645300e-14 2.640647760021134011e-16
4.621624288832441380e+03 2.612517905319438812e-14 2.666538735080488137e-16
4.624371173033159721e+03 2.633860020173462706e-14 2.675718751595486809e-16
4.627118057233878062e+03 2.677000470891190510e-14 2.664918268805992202e-16
4.629864941434596403e+03 2.714521657461234465e-14 2.677565171050993589e-16
4.632611825635314744e+03 2.675924209675188588e-14 2.650911443373974909e-16
4.635358709836033086e+03 2.686797043166713855e-14 2.669596631352056559e-16
4.638105594036751427e+03 2.707250166844289361e-14 3.222111913177871096e-16
4.640852478237469768e+03 2.682899441616617281e-14 3.625688796519570311e-16
4.643599362438188109e+03 2.641792908912726887e-14 2.628900113659826849e-16
4.646346246638906450e+03 2.586671652694480543e-14 2.625340109045262707e-16
4.649093130839624791e+03 2.612734752955729529e-14 2.650809612872717398e-16
4.651840015040343133e+03 2.568378455480601770e-14 2.598354626979895685e-16
4.654586899241061474e+03 2.570815547954873296e-14 2.621500262589900316e-16
4.657333783441779815e+03 2.561273817410432819e-14 2.613111863335640194e-16
4.660080667642498156e+03 2.533328374319872985e-14 2.617484409594828397e-16
4.662827551843216497e+03 2.509698410579048070e-14 2.695793611020944977e-16
4.665574436043934838e+03 2.387147494005790204e-14 2.591216017889146322e-16
4.668321320244653180e+03 2.378044693038372784e-14 2.544727589609049880e-16
4.671068204445371521e+03 2.377380457395136074e-14 2.530916665484244361e-16
4.673815088646089862e+03 2.296230930296419999e-14 2.508694818391408155e-16
4.676561972846808203e+03 2.235616767456899025e-14 2.651309420356620340e-16
4.679308857047526544e+03 2.185834876521894767e-14 2.573839540636820404e-16
4.682055741248244885e+03 2.121558769599866644e-14 2.439360460039353488e-16
4.684802625448963227e+03 2.016069850269457834e-14 2.454954706826145770e-16
4.687549509649681568e+03 1.962844654832877718e-14 2.380096743735264626e-16
4.690296393850399909e+03 1.918130659504525133e-14 2.324280993560105000e-16
4.693043278051118250e+03 1.911485025524113440e-14 2.379658790850100492e-16
4.695790162251836591e+03 1.843361580869075351e-14 2.326752373748847729e-16
4.698537046452554932e+03 1.813106765669844457e-14 2.389106926878021874e-16
4.701283930653273273e+03 1.775927191676290612e-14 2.288540406717664093e-16
4.704030814853991615e+03 1.743459755719894128e-14 2.246672726192265225e-16
4.706777699054709956e+03 1.711419177855332238e-14 2.227339906847319992e-16
4.709524583255428297e+03 1.688002774753573372e-14 2.212449984231218111e-16
4.712271467456146638e+03 1.627416040946605485e-14 2.212497959519101056e-16
4.715018351656864979e+03 1.593298888658368756e-14 2.183465579740086618e-16
4.717765235857583320e+03 1.606577480781536319e-14 2.177556634158122704e-16
4.720512120058301662e+03 1.609389904181743381e-14 2.178875639153880872e-16
4.723259004259020003e+03 1.561103878810334169e-14 2.152212373986661315e-16
4.726005888459738344e+03 1.537979509974624441e-14 2.144784540978590321e-16
4.728752772660456685e+03 1.514840187016280457e-14 2.130311905712446169e-16
4.731499656861175026e+03 1.529981767470329109e-14 2.144332189418988490e-16
4.734246541061893367e+03 1.523274420679475236e-14 2.132976581649737638e-16
4.736993425262611709e+03 1.494751820628894182e-14 2.141443841446155040e-16
4.739740309463330050e+03 1.516025650409919873e-14 2.149623840615215275e-16
4.742487193664048391e+03 1.496591594875095863e-14 2.135316879827608673e-16
4.745234077864766732e+03 1.419111150508067847e-14 2.111187196189201561e-16
4.747980962065485073e+03 1.449977853323735438e-14 2.128511219825781377e-16
4.750727846266203414e+03 1.486750051464387683e-14 2.134418570963800417e-16
4.753474730466921756e+03 1.478918550864807467e-14 2.123204540512049997e-16
4.756221614667640097e+03 1.444078598075110291e-14 2.106944201911775028e-16
4.758968498868358438e+03 1.381804196171118647e-14 2.065016992441335892e-16
4.761715383069076779e+03 1.306837115984520614e-14 2.028361237715893148e-16
4.764462267269795120e+03 1.260993794438384316e-14 2.013100852419121304e-16
4.767209151470513461e+03 1.263003479660604327e-14 2.008601332623352845e-16
4.769956035671231803e+03 1.246931211857149782e-14 2.009965082928639305e-16
4.772702919871950144e+03 1.222724138960201811e-14 1.992437112453146904e-16
4.775449804072668485e+03 1.216206949769035108e-14 2.036706910369414520e-16
4.778196688273386826e+03 1.210420132995174331e-14 1.988421976548846212e-16
4.780943572474105167e+03 1.137694074058893170e-14 1.918371758216069830e-16
4.783690456674823508e+03 1.118647198108857929e-14 1.916690999325655378e-16
4.786437340875541850e+03 1.135773698713234269e-14 1.943999920522155464e-16
4.789184225076260191e+03 1.136541981113094179e-14 1.928244094453223796e-16
4.791931109276978532e+03 1.136122899702223902e-14 1.928200168456888302e-16
4.794677993477696873e+03 1.179748934728707111e-14 1.962811720260793545e-16
4.797424877678415214e+03 1.165335593333629910e-14 2.073053748657699721e-16
4.800171761879133555e+03 1.181467605721731174e-14 1.990173099966023206e-16
4.802918646079851897e+03 1.198649089933236521e-14 1.959793295583282214e-16
4.805665530280570238e+03 1.204999266025273635e-14 2.001681514076329659e-16
4.808412414481288579e+03 1.206774296205124365e-14 1.971320176748425809e-16
4.811159298682006920e+03 1.234046071571800939e-14 1.986169921562446261e-16
4.813906182882725261e+03 1.280182690295019519e-14 2.018111211179640016e-16
4.816653067083443602e+03 1.302608374587978793e-14 2.016990600830639476e-16
4.819399951284161943e+03 1.326413464519318848e-14 2.055738477680869368e-16
4.822146835484880285e+03 1.300528064546619280e-14 2.033313391151974844e-16
4.824893719685598626e+03 1.328256458475996007e-14 2.044305789215478570e-16
4.827640603886316967e+03 1.364778517002842278e-14 2.109183895739097762e-16
4.830387488087035308e+03 1.374017340749099038e-14 2.077502397344407537e-16
4.833134372287753649e+03 1.398182898962384709e-14 2.157312956585778846e-16
4.835881256488471990e+03 1.414617766556307419e-14 2.526381486851315114e-16
4.838628140689190332e+03 1.459975054078723559e-14 2.612844304350430026e-16
4.841375024889908673e+03 1.428668249560965380e-14 2.437805746429239199e-16
4.844121909090627014e+03 1.438376402069922276e-14 2.164323894066810112e-16
4.846868793291345355e+03 1.339405715290819596e-14 2.043150310495068270e-16
4.849615677492063696e+03 1.353045367354838996e-14 2.086029331011435810e-16
4.852362561692782037e+03 1.369805000628951877e-14 2.070857090606161627e-16
4.855109445893500379e+03 1.302700746558918671e-14 2.107417021913410505e-16
4.857856330094218720e+03 1.282512439563353935e-14 2.079182450468328277e-16
4.860603214294937061e+03 1.308773341947315170e-14 2.111432443424296322e-16
4.863350098495655402e+03 1.293154273076427980e-14 2.066682987117226193e-16
4.866096982696373743e+03 1.198308358452699664e-14 1.960710952531870267e-16
4.868843866897092084e+03 1.140839046616723084e-14 2.127255549961539029e-16
4.871590751097810426e+03 1.166241074901771590e-14 1.997572406140248687e-16
4.874337635298528767e+03 1.171240754853787016e-14 1.954061428195814894e-16
4.877084519499247108e+03 1.182766311319903728e-14 1.954162756084807678e-16
4.879831403699965449e+03 1.159289440516971210e-14 1.930797195304455590e-16
4.882578287900683790e+03 1.148084267925345844e-14 1.997494854536825453e-16
4.885325172101402131e+03 1.114395767394354029e-14 1.935207793452782550e-16
4.888072056302120473e+03 1.103696627631926005e-14 1.915033220332307056e-16
4.890818940502838814e+03 1.070103844720814269e-14 1.884343643609201791e-16
4.893565824703557155e+03 1.089458475143302377e-14 1.963185720506927726e-16
4.896312708904275496e+03 1.097047082581317597e-14 1.930601182507258692e-16
4.899059593104993837e+03 1.120098677914162111e-14 1.987284544678717651e-16
4.901806477305712178e+03 1.113231732690935647e-14 1.921410324565618808e-16
4.904553361506430520e+03 1.133112858235225803e-14 1.948530648888377062e-16
4.907300245707148861e+03 1.134317403030601664e-14 2.001998910085024108e-16
4.910047129907867202e+03 1.168639487040984723e-14 2.019893462703830554e-16
4.912794014108585543e+03 1.226604015774571715e-14 2.167149677061834587e-16
4.915540898309303884e+03 1.176208297033436252e-14 1.982401607509903689e-16
4.918287782510022225e+03 1.192376737084950672e-14 1.964470880945533700e-16
4.921034666710740566e+03 1.296354046143153399e-14 2.025787768026880579e-16
4.923781550911458908e+03 1.288744532660830048e-14 2.018689462816931100e-16
4.926528435112177249e+03 1.281226093157621142e-14 2.016889845223508503e-16
4.929275319312895590e+03 1.327025138910680472e-14 2.051347400117637175e-16
4.932022203513613931e+03 1.361928532636449086e-14 2.244755242281898482e-16
4.934769087714332272e+03 1.431456881739560927e-14 2.937676755991608249e-16
4.937515971915050613e+03 1.461333867221696772e-14 2.278900828440212806e-16
4.940262856115768955e+03 1.462066453371707195e-14 2.135595404690473484e-16
4.943009740316487296e+03 1.520203969132855030e-14 2.199697013221534658e-16
4.945756624517205637e+03 1.554527572187487548e-14 2.168738623226564329e-16
4.948503508717923978e+03 1.567865720183274591e-14 2.313554066223215068e-16
4.951250392918642319e+03 1.692966958006074516e-14 2.409051617950575629e-16
4.953997277119360660e+03 1.684610800967313458e-14 2.245838138507187987e-16
4.956744161320079002e+03 1.719206991060335093e-14 2.256570543184761839e-16
4.959491045520797343e+03 1.674335224381832560e-14 2.222139785055224793e-16
4.962237929721515684e+03 1.718679342734925887e-14 2.257433976981445790e-16
4.964984813922234025e+03 1.708237007675438713e-14 2.334741464249711417e-16
4.967731698122952366e+03 1.680310470779932694e-14 2.247295849663397302e-16
4.970478582323670707e+03 1.662861832499480566e-14 2.218723020529834126e-16
4.973225466524389049e+03 1.680837285878376827e-14 2.233454101105930812e-16
4.975972350725107390e+03 1.669157709630382327e-14 2.224009546302133654e-16
4.978719234925825731e+03 1.673532712346825403e-14 2.273881124860322590e-16
4.981466119126544072e+03 1.642169930075959211e-14 2.216963951482011699e-16
4.984213003327262413e+03 1.563911528427414784e-14 2.199053479132480958e-16
4.986959887527980754e+03 1.515576126075051412e-14 2.153962781988124962e-16
4.989706771728699096e+03 1.528653507276301786e-14 2.379797612322097738e-16
4.992453655929417437e+03 1.517836663161114464e-14 2.196097883731702633e-16
4.995200540130135778e+03 1.434054185984272221e-14 2.138885820303553524e-16
4.997947424330854119e+03 1.406139960363002643e-14 2.107465411909939975e-16
5.000694308531572460e+03 1.448561749880578780e-14 2.130124293947387943e-16
5.003441192732290801e+03 1.396688393432434808e-14 2.092067274931806170e-16
5.006188076933009143e+03 1.359612057402851822e-14 2.080531334618367546e-16
5.008934961133727484e+03 1.353457851259608700e-14 2.075662674373867492e-16
5.011681845334445825e+03 1.341765493410061467e-14 2.069038665538807465e-16
5.014428729535164166e+03 1.309786159198220305e-14 2.073952295084122290e-16
5.017175613735882507e+03 1.305597169769928196e-14 2.072028397790248018e-16
5.019922497936600848e+03 1.251771999889928996e-14 2.019173708295587231e-16
5.022669382137319189e+03 1.242531174296591864e-14 2.013337827593663171e-16
5.025416266338037531e+03 1.214432601338292882e-14 1.993306428292520622e-16
5.028163150538755872e+03 1.205160272005374188e-14 2.002193496759289351e-16
5.030910034739474213e+03 1.187855638687981072e-14 2.006077580296115351e-16
5.033656918940192554e+03 1.215883771650626422e-14 2.027120026993332476e-16
5.036403803140910895e+03 1.184267562934892251e-14 1.984237783356093083e-16
5.039150687341629236e+03 1.137985459601000985e-14 1.961368796096841352e-16
5.041897571542347578e+03 1.075770179978750782e-14 1.910852884808131477e-16
5.044644455743065919e+03 1.105096228581255552e-14 1.969380011536072038e-16
5.047391339943784260e+03 1.077653088254141386e-14 1.931172511287387888e-16
5.050138224144502601e+03 1.109188656357755786e-14 1.952148182278462773e-16
5.052885108345220942e+03 1.143485760014090262e-14 1.975467079637444571e-16
5.055631992545939283e+03 1.136722336915696124e-14 2.053491369264512403e-16
5.058378876746657625e+03 1.140112579700989995e-14 1.977490500358598489e-16
5.061125760947375966e+03 1.112708286979731524e-14 1.946454956929749757e-16
5.063872645148094307e+03 1.181302568402836887e-14 2.073889048233307087e-16
5.066619529348812648e+03 1.172484644179274898e-14 2.025224816821675194e-16
5.069366413549530989e+03 1.135341575366627580e-14 2.162800944089360751e-16
5.072113297750249330e+03 1.150156710356269955e-14 2.035230248828911575e-16
5.074860181950967672e+03 1.096214283905214631e-14 2.031955214852439389e-16
5.077607066151686013e+03 1.095952714026595316e-14 1.961351452073078680e-16
5.080353950352404354e+03 1.119945810767585041e-14 1.974160687477936586e-16
5.083100834553122695e+03 1.119376558133319669e-14 2.010851715977864004e-16
5.085847718753841036e+03 1.180036211657052694e-14 2.092143072099825260e-16
5.088594602954559377e+03 1.165527282675797578e-14 1.998106451403398034e-16
5.091341487155277719e+03 1.187690018696194376e-14 2.071869377696652516e-16
5.094088371355996060e+03 1.178247826928910067e-14 2.024412875319871332e-16
5.096835255556714401e+03 1.182334172881434663e-14 2.013823591038551946e-16
5.099582139757432742e+03 1.211469995901741006e-14 2.056116818300260243e-16
5.102329023958151083e+03 1.190064900400179513e-14 2.097057926963024432e-16
5.105075908158869424e+03 1.162594507207360570e-14 2.009047450360670206e-16
5.107822792359587766e+03 1.179404929692713843e-14 2.031453905581917636e-16
5.110569676560306107e+03 1.196938350466603713e-14 2.044986800465332146e-16
5.113316560761024448e+03 1.177169198336995840e-14 2.027564079389851155e-16
5.116063444961742789e+03 1.176659339914368788e-14 2.145044122736982189e-16
5.118810329162461130e+03 1.184185345787599901e-14 2.045695695203263893e-16
5.121557213363179471e+03 1.187506620346667666e-14 2.033187985233475295e-16
5.124304097563897813e+03 1.206850672472887871e-14 2.064753411109386926e-16
5.127050981764616154e+03 1.246766403945500953e-14 2.387510817336346336e-16
5.129797865965334495e+03 1.216391916913101765e-14 2.087971129309430896e-16
5.132544750166052836e+03 1.226596499691842070e-14 2.086624441688866704e-16
5.135291634366771177e+03 1.244225425761639979e-14 2.090686034339206109e-16
5.138038518567489518e+03 1.250681257066250089e-14 2.152765367447097379e-16
5.140785402768207859e+03 1.241076408985757490e-14 2.117378649937594743e-16
5.143532286968926201e+03 1.261684817543879228e-14 2.120863532816803254e-16
5.146279171169644542e+03 1.223115349464933094e-14 2.083063140198592081e-16
5.149026055370362883e+03 1.241308049264302803e-14 2.108665881163832830e-16
5.151772939571081224e+03 1.240577048734412339e-14 2.362115223919247923e-16
5.154519823771799565e+03 1.266601587481731384e-14 2.147788451840840175e-16
5.157266707972517906e+03 1.296600563372254807e-14 2.150033681470042918e-16
5.160013592173236248e+03 1.316180497444509167e-14 2.172459504986602720e-16
5.162760476373954589e+03 1.311859731720626676e-14 2.166522492804449324e-16
5.165507360574672930e+03 1.302380489115718070e-14 2.161811681470549299e-16
5.168254244775391271e+03 1.334919457781120232e-14 2.241571987698084347e-16
5.171001128976109612e+03 1.353670757175368460e-14 2.202604453023154333e-16
5.173748013176827953e+03 1.424320955756574628e-14 2.259658687746912537e-16
5.176494897377546295e+03 1.413627353106202194e-14 2.245760757036337628e-16
5.179241781578264636e+03 1.468345888773008822e-14 2.360073635100772687e-16
5.181988665778982977e+03 1.495535701986521193e-14 2.294281647268976836e-16
5.184735549979701318e+03 1.489949485956241350e-14 2.312328726725108519e-16
5.187482434180419659e+03 1.542440584911303563e-14 2.350863826054328382e-16
5.190229318381138000e+03 1.525850857035026822e-14 2.319461120987058284e-16
5.192976202581856342e+03 1.608018739674460175e-14 2.412496957279794123e-16
5.195723086782574683e+03 1.553330006081196524e-14 2.349604416770407745e-16
5.198469970983293024e+03 1.638905363228233087e-14 2.419153771776825655e-16
5.201216855184011365e+03 1.647656937355272694e-14 2.425247070043394006e-16
5.203963739384729706e+03 1.652825670847751728e-14 2.431030555244060726e-16
5.206710623585448047e+03 1.729511422067477145e-14 2.571968943200925549e-16
5.209457507786166389e+03 1.699933823284297046e-14 2.474998299295483211e-16
5.212204391986884730e+03 1.734818000346524134e-14 2.504417878439590398e-16
5.214951276187603071e+03 1.744561288384248642e-14 2.534241641833362578e-16
5.217698160388321412e+03 1.760000922948276475e-14 2.523263206831888671e-16
5.220445044589039753e+03 1.736583018102588440e-14 2.515507400573522390e-16
5.223191928789758094e+03 1.790737018471661168e-14 2.558957648406876175e-16
5.225938812990476436e+03 1.787145485503326591e-14 2.550632634032733973e-16
5.228685697191194777e+03 1.859410212085935604e-14 2.607519378702065489e-16
5.231432581391913118e+03 1.950385172450063416e-14 2.677379895943467241e-16
5.234179465592631459e+03 1.981589687898855545e-14 2.696948349181318845e-16
5.236926349793349800e+03 1.950536919654178625e-14 2.662293668035988729e-16
5.239673233994068141e+03 1.980345546313277272e-14 2.684424697188358021e-16
5.242420118194786482e+03 1.963410581648540361e-14 2.675151513787042755e-16
5.245167002395504824e+03 1.995822636170192791e-14 2.704038274611623730e-16
5.247913886596223165e+03 2.049019591723873664e-14 2.771221047790157244e-16
5.250660770796941506e+03 2.057833516008782143e-14 2.797303436729566874e-16
5.253407654997659847e+03 1.995559853431018428e-14 3.079227845014359376e-16
5.256154539198378188e+03 2.049969663181659560e-14 2.774101631232967759e-16
5.258901423399096529e+03 2.113337410404431211e-14 2.809996639294838439e-16
5.261648307599814871e+03 2.174793506679532499e-14 3.065994804740053048e-16
5.264395191800533212e+03 2.071473243939919487e-14 2.828577232000104572e-16
5.267142076001251553e+03 2.084201505453675909e-14 2.842520564955604768e-16
5.269888960201969894e+03 2.125112133242262915e-14 2.847467800972025831e-16
5.272635844402688235e+03 2.204874073146243381e-14 2.915331114053599509e-16
5.275382728603406576e+03 2.180358812144416145e-14 2.958487902044933420e-16
5.278129612804124918e+03 2.160357279059383202e-14 2.896003062039887079e-16
5.280876497004843259e+03 2.163102594810314443e-14 2.907824050280402823e-16
5.283623381205561600e+03 2.151039267482968884e-14 2.907399351489238033e-16
5.286370265406279941e+03 2.149558712102066533e-14 2.933380302208450218e-16
5.289117149606998282e+03 2.094511415695237562e-14 2.384533168981558816e-16
5.291000000000000000e+03 2.109711699260967148e-14 1.944282290434853552e-16
5.291864033807716623e+03 2.098495097460837963e-14 2.352670275689427135e-16
5.294610918008434965e+03 2.030132227622379650e-14 1.833087823793168412e-16
5.295879399408941026e+03 2.048051400636406321e-14 1.612468129797034215e-16
5.297357802209153306e+03 2.033631122725320042e-14 1.756465614202036994e-16
5.300104686409871647e+03 2.025316629907569166e-14 2.200122213988158674e-16
5.300758798817882052e+03 2.021062676925193168e-14 1.908329415177351014e-16
5.302851570610589988e+03 1.968064070627038330e-14 1.810402219155768739e-16
5.305598454811308329e+03 1.912660285578330092e-14 2.076211014046663452e-16
5.305638198226823079e+03 1.913533514105502093e-14 2.060019315788670070e-16
5.308345339012026670e+03 1.971869688122562922e-14 1.801132776866188853e-16
5.310517597635764105e+03 1.965430197231740862e-14 1.864787361026269342e-16
5.311092223212745012e+03 1.952723744338442335e-14 2.077076929291427958e-16
5.313839107413463353e+03 1.894463373408935994e-14 1.836401816798312554e-16
5.315396997044705131e+03 1.875908066396254476e-14 1.677065226960457179e-16
5.316585991614181694e+03 1.871009936523144881e-14 1.994129945717340195e-16
5.319332875814900035e+03 1.823235106192295687e-14 2.043951240641172324e-16
5.320276396453646157e+03 1.813765219040003807e-14 1.650027970936566958e-16
5.322079760015618376e+03 1.818798763719674054e-14 1.494765217692438529e-16
5.324826644216336717e+03 1.841982861388518062e-14 1.817767792872798068e-16
5.325155795862587183e+03 1.832907761934158007e-14 1.729320676703156159e-16
5.327573528417055059e+03 1.870888517020468758e-14 1.666837144962972747e-16
5.330035195271528210e+03 1.811430332136047220e-14 2.033867691442381703e-16
5.330320412617773400e+03 1.822748982806081337e-14 2.170300804121131482e-16
5.333067296818491741e+03 1.791107679898408415e-14 1.791699773099665038e-16
5.334914594680469236e+03 1.720123738431041794e-14 1.739480996798352731e-16
5.335814181019210082e+03 1.724674096693821360e-14 2.073662546465964912e-16
5.338561065219928423e+03 1.674502568141648244e-14 2.048750586451367597e-16
5.339793994089410262e+03 1.673589431807380429e-14 1.724838500453069603e-16
5.341307949420646764e+03 1.706330700365680863e-14 1.848971990988220338e-16
5.344054833621365106e+03 1.692157196724426096e-14 2.087432306722856055e-16
5.344673393498351288e+03 1.685441495874416102e-14 1.838721557546135439e-16
5.346801717822083447e+03 1.707833903579383223e-14 1.748544318069548917e-16
5.349548602022801788e+03 1.701703451375969403e-14 2.101789140057200046e-16
5.349552792907292314e+03 1.701657526677386435e-14 2.100014024952988372e-16
5.352295486223520129e+03 1.725359050196783196e-14 1.814399345488592567e-16
5.354432192316233341e+03 1.710096720346271480e-14 1.881235339314089118e-16
5.355042370424238470e+03 1.716289782782558388e-14 2.133312304189760893e-16
5.357789254624956811e+03 1.717683435375208072e-14 1.917183938908503559e-16
5.359311591725174367e+03 1.718951810294966971e-14 1.723471168524809612e-16
5.360536138825675152e+03 1.738604097846618798e-14 2.064176696160716871e-16
5.363283023026393494e+03 1.725102249325573266e-14 2.153040356819405284e-16
5.364190991134115393e+03 1.724391359467227635e-14 1.798792212087958163e-16
5.366029907227111835e+03 1.726939235369355004e-14 1.847869806933219290e-16
5.368776791427830176e+03 1.742127751929520032e-14 2.198726650933199274e-16
5.369070390543056419e+03 1.740376482320724115e-14 2.070325220564804323e-16
5.371523675628548517e+03 1.708509958611425731e-14 1.787929731000325025e-16
5.373949789951997445e+03 1.734827875554680818e-14 2.021593929296260501e-16
5.374270559829266858e+03 1.736463307279940402e-14 2.160566070202559403e-16
5.377017444029985199e+03 1.734299297853361730e-14 1.858683121482303405e-16
5.378829189360938472e+03 1.722416244667180350e-14 1.783948242493074095e-16
5.379764328230703541e+03 1.724226090974040726e-14 2.148876139353183290e-16
5.382511212431421882e+03 1.770872836735262187e-14 2.153125425212459252e-16
5.383708588769879498e+03 1.760928362954267030e-14 1.783952695032093855e-16
5.385258096632140223e+03 1.750614407069401238e-14 1.946580607389456535e-16
5.388004980832858564e+03 1.675163287050246563e-14 2.109480686163544975e-16
5.388587988178820524e+03 1.669905797809957727e-14 1.863935795496439475e-16
5.390751865033576905e+03 1.686599107837700463e-14 1.759552803070149667e-16
5.393467387587761550e+03 1.723015061325222978e-14 2.110983399494167811e-16
5.393498749234295246e+03 1.723577536504674814e-14 2.124443738429220788e-16
5.396245633435013588e+03 1.688816793643958323e-14 1.781558836406745246e-16
5.398346786996702576e+03 1.718989759977797033e-14 1.888427609781510613e-16
5.398992517635731929e+03 1.740346490932599694e-14 2.156682680083103422e-16
5.401739401836450270e+03 1.724164131788672882e-14 1.916713019170607607e-16
5.403226186405643602e+03 1.728304661000879944e-14 1.697118631390202873e-16
5.404486286037168611e+03 1.741946163847555367e-14 2.023160245554943115e-16
5.407233170237886952e+03 1.715024109131396202e-14 2.102023908568038753e-16
5.408105585814584629e+03 1.714914898774378049e-14 1.760727884065975921e-16
5.409980054438605293e+03 1.727276319253304309e-14 1.805644817485641362e-16
5.412726938639323635e+03 1.741252152437905416e-14 2.163811880099795054e-16
5.412984985223525655e+03 1.742674279576379242e-14 2.041988374274010641e-16
5.415473822840041976e+03 1.783609830237372819e-14 1.780336793785558486e-16
5.417864384632466681e+03 1.778727210528116307e-14 1.938554376356433671e-16
5.418220707040760317e+03 1.778546297310127762e-14 2.084830419192052823e-16
5.420967591241478658e+03 1.765495353173845263e-14 1.765971494873971686e-16
5.422743784041407707e+03 1.780432838473026305e-14 1.714263538235173475e-16
5.423714475442196999e+03 1.795637075264144256e-14 2.066159051358287237e-16
5.426461359642915340e+03 1.754658206414511229e-14 1.977186149027212369e-16
5.427623183450348733e+03 1.753780482324579762e-14 1.647989038627159574e-16
5.429208243843633682e+03 1.770029718854656304e-14 1.797821966089564955e-16
5.431955128044352023e+03 1.765993097957485803e-14 2.029134615187063826e-16
5.432502582859289760e+03 1.763279643339378960e-14 1.818638690334184006e-16
5.434702012245070364e+03 1.752808948236088921e-14 1.659080243618680334e-16
5.437381982268230786e+03 1.756163599896438524e-14 1.962393192723158585e-16
5.437448896445788705e+03 1.756625452470655577e-14 1.987833329278269177e-16
5.440195780646507046e+03 1.751054714766978717e-14 1.639934207820413791e-16
5.442261381677171812e+03 1.743830003771557811e-14 1.759653725123692628e-16
5.442942664847225387e+03 1.748988283865013475e-14 2.009156168263889062e-16
5.445689549047943729e+03 1.745980699509175375e-14 1.797072465558670289e-16
5.447140781086112838e+03 1.745705306534374316e-14 1.599095415414787332e-16
5.448436433248662070e+03 1.762965006248370925e-14 1.852432575427565162e-16
5.451183317449380411e+03 1.721818188833124573e-14 1.646581400918553947e-16
5.452020180495053864e+03 1.715302716485715139e-14 1.457711770889859016e-16
5.453930201650098752e+03 1.698400882047557413e-14 1.422288937904937072e-16
5.456677085850817093e+03 1.699150534696440400e-14 1.963557323040379817e-16
5.456899579903994891e+03 1.698840323486481756e-14 1.878634742548284799e-16
5.459423970051535434e+03 1.670031672119668993e-14 1.569240858885466920e-16
5.461778979312935917e+03 1.686248623434771132e-14 1.739986669865865057e-16
5.462170854252253775e+03 1.687474149045263722e-14 1.875722495859760649e-16
5.464917738452972117e+03 1.705830645217134195e-14 1.611556328616651022e-16
5.466658378721876943e+03 1.695847364300688984e-14 1.563943094402558080e-16
5.467664622653690458e+03 1.689671048963997641e-14 1.871844650123883715e-16
5.470411506854408799e+03 1.645680141482024941e-14 1.843465087417793449e-16
5.471537778130817969e+03 1.655249175698314876e-14 1.538988068963717348e-16
5.473158391055127140e+03 1.657644284606084387e-14 1.649052308711785628e-16
5.475905275255845481e+03 1.607632048384062848e-14 1.917973118287291136e-16
5.476417177539758995e+03 1.605289481847843990e-14 1.749649617772255287e-16
5.478652159456563822e+03 1.592878211526740538e-14 1.364258357856346521e-16
5.481296576948700022e+03 1.580594727315263221e-14 1.747439074821415864e-16
5.481399043657282164e+03 1.581271858246488796e-14 1.781431635891296357e-16
5.484145927858000505e+03 1.564552835909354078e-14 1.461539913029122927e-16
5.486175976357641048e+03 1.529083857094750010e-14 1.527805843394642399e-16
5.486892812058718846e+03 1.527156422755240603e-14 1.748308619800467797e-16
5.489639696259437187e+03 1.488929963488123940e-14 1.583069830809608574e-16
5.491055375766582074e+03 1.482216392758021366e-14 1.413372699417761917e-16
5.492386580460155528e+03 1.496519577015230405e-14 1.622732535698090852e-16
5.495133464660873869e+03 1.421739286919660113e-14 1.692168893254243909e-16
5.495934775175523100e+03 1.423422220827920879e-14 1.458875347703374358e-16
5.497880348861592211e+03 1.411836947407624229e-14 1.401073764254383038e-16
5.500627233062310552e+03 1.411034077187382972e-14 1.821901049607291375e-16
5.500814174584464126e+03 1.412245091754031709e-14 1.770551529486798716e-16
5.503374117263028893e+03 1.430431618402826968e-14 1.377591428717053674e-16
5.505693573993405153e+03 1.424292491989927964e-14 1.548773974915933208e-16
5.506121001463747234e+03 1.426500257057136012e-14 1.682884010963579605e-16
5.508867885664465575e+03 1.366246044529901601e-14 1.433094579018690211e-16
5.510572973402346179e+03 1.348346273186785331e-14 1.371029944692204643e-16
5.511614769865183916e+03 1.360289228746384377e-14 1.648103428585539188e-16
5.514361654065902258e+03 1.334538222920138199e-14 1.636896105983824521e-16
5.515452372811287205e+03 1.326326141378936577e-14 1.354894609388936777e-16
5.517108538266620599e+03 1.327023695378366228e-14 1.432486765824766967e-16
5.519855422467338940e+03 1.302571534871894730e-14 1.633953867601998531e-16
5.520331772220228231e+03 1.294875819440699091e-14 1.487112341381721521e-16
5.522602306668057281e+03 1.295862813336577607e-14 1.321757213520444991e-16
5.525211171629169257e+03 1.262516547757580207e-14 1.544663951913203712e-16
5.525349190868775622e+03 1.262550832937355592e-14 1.585150217092345075e-16
5.528096075069493963e+03 1.258964978900795200e-14 1.327286089370604597e-16
5.530090571038110284e+03 1.265944289955260615e-14 1.421387619157902021e-16
5.530842959270212305e+03 1.278280703091271491e-14 1.638603204331765203e-16
5.533589843470930646e+03 1.265313202767743513e-14 1.459003659936229889e-16
5.534969970447051310e+03 1.256066328984150312e-14 1.281182000353628377e-16
5.536336727671648987e+03 1.270301177262227559e-14 1.468903202868340388e-16
5.539083611872367328e+03 1.297473526360576166e-14 1.585459742190580923e-16
5.539849369855992336e+03 1.310678092898796974e-14 1.369002325057765311e-16
5.541830496073085669e+03 1.349764230622702121e-14 1.351154250614624210e-16
5.544577380273804010e+03 1.380018965506053874e-14 1.670264242085345987e-16
5.544728769264933362e+03 1.383655455623418270e-14 1.624860767067433348e-16
5.547324264474522352e+03 1.421759278151053556e-14 1.382446639065981120e-16
5.549608168673874388e+03 1.411572375965526685e-14 1.516955853393654577e-16
5.550071148675240693e+03 1.403214829481684558e-14 1.655287247908495375e-16
5.552818032875959034e+03 1.427207495021293792e-14 1.417675089909310519e-16
5.554487568082815415e+03 1.444630655191333645e-14 1.343246000079581930e-16
5.555564917076677375e+03 1.454241728090129315e-14 1.630077103434702140e-16
5.558311801277395716e+03 1.471745184083352682e-14 1.647781614498234451e-16
5.559366967491756441e+03 1.466602986224872436e-14 1.353749871113331211e-16
5.561058685478114057e+03 1.485018035609120386e-14 1.429788229429779370e-16
5.563805569678832398e+03 1.557006510343098434e-14 1.668417823871459926e-16
5.564246366900697467e+03 1.560189611536987920e-14 1.528169496037578969e-16
5.566552453879550740e+03 1.544897103139371258e-14 1.365454472018039725e-16
5.569125766309638493e+03 1.555441426260680139e-14 1.602522287568659335e-16
5.569299338080269081e+03 1.553921624839287890e-14 1.657436420310709456e-16
5.572046222280987422e+03 1.579763513320502289e-14 1.439678382235007177e-16
5.574005165718579519e+03 1.611294601946245438e-14 1.470484821310816002e-16
5.574793106481705763e+03 1.612842633377907675e-14 1.720987841115872869e-16
5.577539990682424104e+03 1.620021621364634257e-14 1.583254818482625221e-16
5.578884565127520546e+03 1.627341911349368296e-14 1.379512714507738480e-16
5.580286874883142445e+03 1.614091431637453158e-14 1.578015505219538730e-16
5.583033759083860787e+03 1.614120447500705523e-14 1.711264562586766851e-16
5.583763964536461572e+03 1.615841308363820050e-14 1.485755136868134095e-16
5.585780643284579128e+03 1.626077150982373680e-14 1.425732191855679018e-16
5.588527527485297469e+03 1.622055700294016978e-14 1.732372766802539606e-16
5.588643363945402598e+03 1.622165161556632258e-14 1.695149686124144344e-16
5.591274411686015810e+03 1.681269651259635450e-14 1.474809274854717587e-16
5.593522763354343624e+03 1.659039982297065373e-14 1.613188421284142568e-16
5.594021295886734151e+03 1.664913120992419421e-14 1.809464694364837514e-16
5.596768180087452492e+03 1.647719856352918291e-14 1.491033908970285295e-16
5.598402162763284650e+03 1.646799349019730177e-14 1.364949966669785013e-16
5.599515064288170834e+03 1.663217758896746790e-14 1.657909444477275329e-16
5.602261948488889175e+03 1.675436061076013714e-14 1.673680598524037551e-16
5.603281562172225676e+03 1.680898584940155846e-14 1.399468860260119979e-16
5.605008832689607516e+03 1.677648078895344019e-14 1.484090496736435627e-16
5.607755716890325857e+03 1.632234774861108285e-14 1.642780808837976081e-16
5.608160961581166703e+03 1.631928179488489658e-14 1.511008121767805208e-16
5.610502601091044198e+03 1.653913656443928221e-14 1.370413843326286059e-16
5.613040360990107729e+03 1.663113677208008075e-14 1.626815500389981817e-16
5.613249485291762539e+03 1.666040773616248287e-14 1.696430894309273711e-16
5.615996369492480881e+03 1.664203507567138003e-14 1.462592823946403441e-16
5.617919760399048755e+03 1.633962454570355370e-14 1.408411915533555188e-16
5.618743253693199222e+03 1.633073692076964243e-14 1.631335429065658730e-16
5.621490137893917563e+03 1.610948471709064465e-14 1.548096191882759972e-16
5.622799159807989781e+03 1.598587992086682576e-14 1.315057024857013792e-16
5.624237022094635904e+03 1.616478433223186022e-14 1.483443377244943751e-16
5.626983906295354245e+03 1.630372546315901124e-14 1.382934224842642217e-16
5.627678559216930807e+03 1.627913190542297023e-14 1.244004999700124572e-16
5.629730790496072586e+03 1.647474272176738869e-14 1.221287923243003090e-16
5.632477674696790928e+03 1.649327452462268533e-14 1.661182494210891442e-16
5.632557958625871834e+03 1.648554520929073822e-14 1.634301906182824454e-16
5.635224558897509269e+03 1.641315003535903394e-14 1.346951464537127885e-16
5.637437358034812860e+03 1.638792426071187901e-14 1.440389772431184472e-16
5.637971443098227610e+03 1.643202022025597421e-14 1.608103685085814722e-16
5.640718327298945951e+03 1.663794090535015619e-14 1.432443371737920819e-16
5.642316757443753886e+03 1.658659270480539659e-14 1.313107029273503622e-16
5.643465211499664292e+03 1.658571292947149685e-14 1.582714589411559756e-16
5.646212095700382633e+03 1.614601622720684105e-14 1.631111068132108916e-16
5.647196156852694912e+03 1.614012356795900168e-14 1.340348597059958481e-16
5.648958979901100975e+03 1.598683265142594241e-14 1.409225438965619161e-16
5.651705864101819316e+03 1.581693900006850269e-14 1.577334467089398953e-16
5.652075556261635938e+03 1.588009016385954342e-14 1.463254038205144694e-16
5.654452748302537657e+03 1.590272021672107100e-14 1.305738207302803381e-16
5.656954955670576965e+03 1.607226709224156254e-14 1.502456632988534240e-16
5.657199632503255998e+03 1.604809287637261669e-14 1.578243442368950339e-16
5.659946516703974339e+03 1.607331516028853132e-14 1.351605551270879175e-16
5.661834355079517991e+03 1.595836920586285444e-14 1.331700263221139885e-16
5.662693400904692680e+03 1.596364552511618165e-14 1.583943252895590683e-16
5.665440285105411022e+03 1.555185351414690592e-14 1.476899599711103577e-16
5.666713754488459017e+03 1.545418663215742274e-14 1.249888796762651320e-16
5.668187169306129363e+03 1.547067706666843421e-14 1.408449995174875810e-16
5.670934053506847704e+03 1.544651665266709514e-14 1.543155497885353312e-16
5.671593153897400043e+03 1.537766302266741732e-14 1.345570529272800994e-16
5.673680937707566045e+03 1.553906314370647316e-14 1.288034693411419016e-16
5.676427821908284386e+03 1.543153615062788890e-14 1.537696311591901283e-16
5.676472553306341069e+03 1.542145073947617074e-14 1.523889377558534674e-16
5.679174706109002727e+03 1.509914625730680906e-14 1.299525633715819726e-16
5.681351952715282096e+03 1.513104680895147783e-14 1.523038103207105472e-16
5.681921590309721068e+03 1.514622435640092174e-14 1.684553650873647442e-16
5.684668474510439410e+03 1.517717243722424382e-14 1.444946265378669675e-16
5.686231352124223122e+03 1.527199885860063084e-14 1.292283100430006010e-16
5.687415358711157751e+03 1.502797135129761710e-14 1.478003665048162361e-16
5.690162242911876092e+03 1.473706088095995333e-14 1.534091753810781561e-16
5.691110751533164148e+03 1.458010025512988235e-14 2.317041815279046871e-16
5.695990150942105174e+03 1.504455703477813662e-14 2.248966976943932924e-16
5.700869550351046200e+03 1.488897166667391701e-14 2.212140207100258839e-16
5.705748949759987227e+03 1.403171064079836437e-14 2.179158831296234405e-16
5.710628349168928253e+03 1.445755815876201861e-14 2.193065843214028738e-16
5.715507748577869279e+03 1.429109375100582465e-14 2.183319451157029534e-16
5.720387147986810305e+03 1.471972111457312832e-14 2.198793174521030381e-16
5.725266547395751331e+03 1.413244561388532013e-14 2.175487720226393408e-16
5.730145946804692358e+03 1.436006506306480898e-14 2.280242474137262074e-16
5.735025346213633384e+03 1.353437427834279245e-14 2.118305626499259042e-16
5.739904745622574410e+03 1.379384804167994108e-14 2.143111032378764791e-16
5.744784145031515436e+03 1.363578943642919582e-14 2.152180842300332988e-16
5.749663544440456462e+03 1.355822899237244515e-14 2.113645625220663761e-16
5.754542943849397489e+03 1.334166498294696487e-14 2.100476260673184904e-16
5.759422343258338515e+03 1.269986848679239738e-14 2.055338216034438641e-16
5.764301742667279541e+03 1.268599872071703205e-14 2.072067591967656647e-16
5.769181142076220567e+03 1.251751017756189138e-14 2.029733119935162368e-16
5.774060541485161593e+03 1.176486805548351352e-14 2.033994849361846098e-16
5.778939940894102619e+03 1.129448250650064696e-14 1.949029771077761916e-16
5.783819340303043646e+03 1.097346247911755591e-14 1.923350840562465843e-16
5.788698739711984672e+03 1.116749921275441067e-14 1.935014854236799285e-16
5.793578139120925698e+03 1.067586811470136251e-14 2.067327392495078677e-16
5.798457538529866724e+03 1.075943710107566715e-14 1.933152839780692179e-16
5.803336937938807750e+03 1.076190254160261781e-14 1.898911233978372669e-16
5.808216337347748777e+03 1.098475163287762788e-14 1.911353018786945251e-16
5.813095736756689803e+03 1.098588530578139431e-14 1.948018845160932565e-16
5.817975136165630829e+03 1.163773257716616176e-14 2.022580412073696013e-16
5.822854535574571855e+03 1.117680343093228595e-14 1.915043038171617635e-16
5.827733934983512881e+03 1.174278596326366350e-14 1.956042171202089009e-16
5.832613334392453908e+03 1.177698620420922255e-14 1.935130799566324461e-16
5.837492733801394934e+03 1.227831590471582572e-14 2.001445672012789350e-16
5.842372133210335960e+03 1.242099132727594227e-14 2.010220090216584461e-16
5.847251532619276986e+03 1.337013463451463059e-14 2.024626624735196692e-16
5.852130932028218012e+03 1.319420513541162562e-14 2.012913929641309814e-16
5.857010331437159039e+03 1.363954313760928227e-14 2.085270272401759415e-16
5.861889730846100065e+03 1.422131390268189203e-14 2.059904532284023223e-16
5.866769130255041091e+03 1.470193014118614331e-14 2.132140804137031602e-16
5.871648529663982117e+03 1.494208308778568268e-14 2.212276553968684280e-16
5.876527929072923143e+03 1.486373125685260869e-14 2.089482860866814475e-16
5.881407328481864170e+03 1.542522396749368506e-14 2.130205860330526027e-16
5.886286727890805196e+03 1.541752482766141044e-14 2.130619585198492120e-16
5.891166127299746222e+03 1.483810742681837694e-14 2.101597652933229788e-16
5.896045526708687248e+03 1.565397463931840425e-14 2.181324891033846659e-16
5.900924926117628274e+03 1.556873126363968887e-14 2.351449665253480573e-16
5.905804325526569301e+03 1.560176423375220482e-14 2.402781812391327642e-16
5.910683724935510327e+03 1.550106691965320789e-14 2.135580333408221105e-16
5.915563124344451353e+03 1.580449209656176728e-14 2.166726322189584396e-16
5.920442523753392379e+03 1.562445874736639192e-14 1.595279861729903320e-16
5.925321923162333405e+03 1.539783247737555594e-14 2.240153329559368446e-16
5.930201322571274432e+03 1.534056034223318720e-14 1.578448712777925337e-16
5.935080721980215458e+03 1.527313398094667235e-14 2.203582020317173987e-16
5.939960121389156484e+03 1.516184496301930926e-14 2.113292109084745222e-16
5.944839520798097510e+03 1.530905228524731354e-14 2.129693946280752786e-16
5.949718920207038536e+03 1.499925343879464055e-14 1.563204871620047354e-16
5.954598319615979563e+03 1.462541466244488692e-14 2.180083870522461602e-16
5.959477719024920589e+03 1.448797622562980198e-14 2.069679356381600888e-16
5.964357118433861615e+03 1.400523662766482912e-14 2.041710492632247018e-16
5.969236517842802641e+03 1.395301140145667786e-14 2.040387018403480722e-16
5.974115917251743667e+03 1.385381635734051306e-14 2.039907210420457448e-16
5.978995316660684693e+03 1.372526755505099150e-14 2.057241643129081001e-16
5.983874716069625720e+03 1.379477458046208542e-14 2.031963768197884043e-16
5.988754115478566746e+03 1.390333363690063215e-14 2.038121519518254228e-16
5.993633514887507772e+03 1.380495920439152431e-14 2.026995890424132055e-16
5.998512914296448798e+03 1.354758599772666581e-14 2.039435702013647233e-16
6.003392313705389824e+03 1.336907457858736635e-14 1.994705968216910293e-16
6.008271713114330851e+03 1.358794273775025229e-14 2.016889280350157462e-16
6.013151112523271877e+03 1.356797030938726354e-14 2.010050418044512489e-16
6.018030511932212903e+03 1.380772601620934740e-14 2.026970133498011406e-16
6.022909911341153929e+03 1.366193489039690809e-14 1.494221606542316853e-16
6.027789310750094955e+03 1.347295095177310567e-14 2.080117703831998872e-16
6.032668710159035982e+03 1.366672576835706255e-14 1.990110366573970227e-16
6.037548109567977008e+03 1.315372386556062173e-14 1.951812715598312255e-16
6.042427508976918034e+03 1.273624812800195394e-14 1.932068727680702779e-16
6.047306908385859060e+03 1.270149530971313178e-14 1.930668528091306757e-16
6.052186307794800086e+03 1.236306033636674502e-14 1.921768165683856223e-16
6.057065707203741113e+03 1.269338936478704885e-14 2.038026507146964130e-16
6.061945106612682139e+03 1.236943115080218329e-14 1.530343812565579672e-16
6.066824506021623165e+03 1.195470707425786913e-14 2.177381041327332333e-16
6.071703905430564191e+03 1.218664644769906232e-14 1.885617333380667056e-16
6.076583304839505217e+03 1.236894063468686094e-14 1.883786262623076028e-16
6.081462704248446244e+03 1.248243679211909411e-14 1.874462320384745676e-16
6.086342103657387270e+03 1.244699455522840906e-14 1.398194561920344724e-16
6.091221503066328296e+03 1.239693958788754874e-14 1.963959311214688361e-16
6.096100902475269322e+03 1.196215602177951108e-14 1.829858004916554966e-16
6.100980301884210348e+03 1.184406021391741323e-14 1.907816506663170972e-16
6.105859701293151375e+03 1.089099823674435210e-14 1.755707347788423048e-16
6.110739100702092401e+03 1.043446848336656607e-14 1.726420368332489538e-16
6.115618500111033427e+03 9.753402741161525684e-15 1.682627532958444139e-16
6.120497899519974453e+03 9.166877859505295034e-15 1.652080321798012705e-16
6.125377298928915479e+03 8.422461265767955860e-15 1.598406159403048073e-16
6.130256698337856506e+03 7.877255909077269871e-15 1.561547784989510671e-16
6.135136097746797532e+03 7.354802089853491113e-15 1.591655178429394792e-16
6.140015497155738558e+03 6.761513867508504896e-15 1.521736495826231852e-16
6.144894896564679584e+03 6.356208358648651585e-15 1.451262679635771284e-16
6.149774295973620610e+03 5.966232896269961326e-15 1.461100159533826235e-16
6.154653695382561637e+03 5.750928094700120935e-15 1.451263711943142753e-16
6.159533094791502663e+03 5.651117993545378926e-15 1.427555823017371497e-16
6.164412494200443689e+03 5.481146750612236651e-15 1.396942179432850156e-16
6.169291893609384715e+03 5.235748080414452018e-15 1.381119173966793519e-16
6.174171293018325741e+03 5.364485000994055301e-15 1.445690072177683776e-16
6.179050692427266767e+03 5.359625997183515526e-15 1.373978633404135713e-16
6.183930091836207794e+03 5.178396593492580404e-15 1.358356828842739106e-16
6.188809491245148820e+03 5.306488441232144188e-15 1.477481387469319223e-16
6.193688890654089846e+03 5.326308579903095364e-15 1.386569885084235690e-16
6.198568290063030872e+03 5.595681203418885321e-15 1.059063581679921494e-16
6.203447689471971898e+03 5.937206716527922493e-15 1.514129891429981606e-16
6.208327088880912925e+03 6.103540107716319224e-15 1.438165015634253849e-16
6.213206488289853951e+03 6.032835839450943728e-15 1.615802212711562528e-16
6.218085887698794977e+03 6.378378267427316759e-15 1.458594155310932083e-16
6.222965287107736003e+03 6.169216878139654037e-15 1.429569450772250380e-16
6.227844686516677029e+03 6.928596390911810078e-15 1.466643758830708673e-16
6.232724085925618056e+03 6.890057321055933978e-15 1.469860964093257548e-16
6.237603485334559082e+03 7.357445362978125556e-15 1.527462607670132052e-16
6.242482884743500108e+03 7.645923732631021042e-15 1.528812276832755928e-16
6.247362284152441134e+03 8.079441996483552951e-15 1.538889735879163088e-16
6.252241683561382160e+03 7.971177240401647733e-15 1.550465725984274086e-16
6.257121082970323187e+03 8.658597173337870506e-15 1.569983600855290750e-16
6.262000482379264213e+03 8.710288106501081732e-15 1.566379446408246459e-16
6.266879881788205239e+03 8.939350942203740751e-15 1.580151695707021506e-16
6.271759281197146265e+03 9.270966601825904426e-15 1.601553350746818810e-16
6.276638680606087291e+03 9.495429516226598879e-15 1.625751235169635234e-16
6.281518080015028318e+03 1.022104880345598712e-14 1.675904326327709590e-16
6.286397479423969344e+03 1.024316126994950614e-14 1.649234784647663516e-16
6.291276878832910370e+03 1.082518484300985977e-14 1.682451204272592823e-16
6.296156278241851396e+03 1.084593874551131983e-14 1.675285291535883648e-16
6.301035677650792422e+03 1.134458434177077525e-14 1.709505310594821042e-16
6.305915077059733449e+03 1.189531992256838142e-14 1.743487265627283216e-16
6.310794476468674475e+03 1.187440786552539083e-14 1.727997915158998471e-16
6.315673875877615501e+03 1.181969897849993301e-14 1.762961624870345788e-16
6.320553275286556527e+03 1.226114060450853194e-14 1.744116803369152216e-16
6.325432674695497553e+03 1.232434121797815816e-14 1.751413814235509225e-16
6.330312074104438580e+03 1.266388118776663221e-14 1.761924292427478300e-16
6.335191473513379606e+03 1.274000491110216672e-14 1.760364171792435117e-16
6.340070872922320632e+03 1.288260486699545821e-14 1.788633377513869969e-16
6.344950272331261658e+03 1.310436677860747608e-14 1.787220122072031133e-16
6.349829671740202684e+03 1.341987677105038846e-14 1.786829849195399164e-16
6.354709071149143710e+03 1.326815524206081934e-14 1.769459151500356908e-16
6.359588470558084737e+03 1.318423920174900006e-14 1.761882507360133668e-16
6.364467869967025763e+03 1.335674953636055791e-14 1.763163802806505638e-16
6.369347269375966789e+03 1.371275657929175892e-14 1.781327671885155027e-16
6.374226668784907815e+03 1.353418003357422636e-14 1.773435449635953916e-16
6.379106068193848841e+03 1.373477632289397900e-14 1.785510807653829405e-16
6.383985467602789868e+03 1.367693642332685599e-14 1.763835449608620923e-16
6.388864867011730894e+03 1.416393764786897824e-14 1.803870331387540121e-16
6.393744266420671920e+03 1.415175594093468911e-14 1.804591999180809107e-16
6.398623665829612946e+03 1.370776197817558221e-14 1.778452681999091072e-16
6.403503065238553972e+03 1.387746213836077001e-14 1.763826270120470931e-16
6.408382464647494999e+03 1.408674859588535027e-14 1.781957254193710268e-16
6.413261864056436025e+03 1.415436321467041167e-14 1.778595747185034884e-16
6.418141263465377051e+03 1.392837739237131491e-14 1.767692551066394961e-16
6.423020662874318077e+03 1.394457250126265121e-14 1.780827219177373329e-16
6.427900062283259103e+03 1.406080210956947092e-14 1.776782517933225539e-16
6.432779461692200130e+03 1.404409115889685334e-14 1.765143612700284500e-16
6.437658861101141156e+03 1.397983942353902220e-14 1.772410641628879760e-16
6.442538260510082182e+03 1.416848547604023778e-14 1.772532191114845724e-16
6.447417659919023208e+03 1.405475316817674373e-14 1.758062509367403522e-16
6.452297059327964234e+03 1.398575739201790853e-14 1.751759248333275577e-16
6.457176458736905261e+03 1.381217917355424643e-14 1.740452827147809148e-16
6.462055858145846287e+03 1.348662109176897841e-14 1.755654970734942739e-16
6.466935257554787313e+03 1.334044454216332507e-14 1.754611076238406783e-16
6.471814656963728339e+03 1.387612045543045642e-14 1.753872342895216268e-16
6.476694056372669365e+03 1.356068993185700054e-14 1.726602985630949142e-16
6.481573455781610392e+03 1.345520883527582580e-14 1.722924342771047190e-16
6.486452855190551418e+03 1.328863650956861176e-14 1.713993738368847445e-16
6.491332254599492444e+03 1.355028145204827369e-14 1.769866694125162778e-16
6.496211654008433470e+03 1.305352697528946016e-14 1.691213974202010443e-16
6.501091053417374496e+03 1.304476861027685410e-14 1.701155589632908086e-16
6.505970452826315523e+03 1.317346263086297006e-14 1.699714043704959222e-16
6.510849852235256549e+03 1.298460915043485833e-14 1.689145927123656243e-16
6.515729251644197575e+03 1.325779260521957070e-14 1.717610025215773883e-16
6.520608651053138601e+03 1.310218154155487084e-14 1.842897535609726597e-16
6.525488050462079627e+03 1.279081868454226828e-14 1.679790276352341515e-16
6.530367449871020654e+03 1.267667898643268827e-14 1.732226959442662969e-16
6.535246849279961680e+03 1.237809200355307012e-14 1.663240716552531957e-16
6.540126248688902706e+03 1.226936721479433975e-14 1.654282633516234434e-16
6.545005648097843732e+03 1.230904604388584188e-14 1.669283561925896694e-16
6.549885047506784758e+03 1.226543419785798807e-14 1.660029580736474185e-16
6.554764446915725784e+03 1.241512862137532742e-14 1.665179701100670136e-16
6.559643846324666811e+03 1.196523057440684727e-14 1.644491631182710833e-16
6.564523245733607837e+03 1.226247735751179555e-14 1.676126248973305881e-16
6.569402645142548863e+03 1.174853278814324341e-14 1.614089714141720929e-16
6.574282044551489889e+03 1.153634067137178326e-14 1.613427169408628387e-16
6.579161443960430915e+03 1.152137708728272523e-14 1.291328877432213603e-16
6.584040843369371942e+03 1.152465828254149222e-14 1.790465787793326540e-16
6.588920242778312968e+03 1.152520869626007554e-14 1.607800541029033716e-16
6.593799642187253994e+03 1.141879828985315552e-14 1.672490035444487207e-16
6.598679041596195020e+03 1.119827367436499040e-14 1.594531624750297471e-16
6.603558441005136046e+03 1.128610511587991595e-14 1.633176304678037781e-16
6.608437840414077073e+03 1.100305786808278298e-14 1.578628570659478435e-16
6.613317239823018099e+03 1.083291594587917528e-14 1.576565045308075430e-16
6.618196639231959125e+03 1.081181156811387516e-14 1.580724990337371616e-16
6.623076038640900151e+03 1.048025726921031170e-14 1.552240363720252192e-16
6.627955438049841177e+03 1.061145361329375326e-14 1.554361316779388468e-16
6.632834837458782204e+03 1.024177480439236006e-14 1.542919266903920644e-16
6.637714236867723230e+03 1.036577666468092312e-14 1.586417669482623283e-16
6.642593636276664256e+03 1.027109515361475481e-14 1.567906428767810333e-16
6.647473035685605282e+03 9.881938883353366458e-15 1.515041611773583961e-16
6.652352435094546308e+03 9.712635997448715679e-15 1.500167326089004895e-16
6.657231834503487335e+03 9.678815692153998655e-15 1.551211596130022761e-16
6.662111233912428361e+03 9.591415886091007169e-15 1.500482842280746376e-16
6.666990633321369387e+03 9.381553841554906046e-15 1.480440362456699657e-16
6.671870032730310413e+03 9.329680371163059153e-15 1.476683184273592655e-16
6.676749432139251439e+03 9.365501790171191598e-15 1.579000136495634222e-16
6.681628831548192466e+03 9.213205220962602539e-15 1.486121268381808783e-16
6.686508230957133492e+03 8.981364848925672797e-15 1.226369611179888723e-16
6.691387630366074518e+03 8.639171091018044840e-15 1.738132915938403662e-16
6.696267029775015544e+03 8.830166844203573371e-15 1.456563086634786315e-16
6.701146429183956570e+03 8.870351247120835224e-15 1.431704024099411924e-16
6.706025828592897597e+03 8.793432776729504250e-15 1.424107671920400579e-16
6.710905228001838623e+03 8.166432453492127885e-15 1.385648093017258405e-16
6.715784627410779649e+03 8.459267288218856592e-15 1.405809388651683301e-16
6.720664026819720675e+03 8.248726863335419085e-15 1.438133444881214737e-16
6.725543426228661701e+03 8.313531943036465711e-15 1.401337294183730667e-16
6.730422825637602728e+03 8.310789713581349181e-15 1.424478976030774581e-16
6.735302225046543754e+03 8.338036132768132641e-15 1.419144763503940678e-16
6.740181624455484780e+03 8.174840848060177596e-15 1.402498966562252101e-16
6.745061023864425806e+03 8.198183695831464476e-15 1.389942483422876843e-16
6.749940423273366832e+03 7.838518605366700880e-15 1.359533794344440497e-16
6.754819822682307858e+03 7.881610535762206672e-15 1.367145863600002383e-16
6.759699222091248885e+03 7.757282075075952439e-15 1.347292655396369979e-16
6.764578621500189911e+03 7.934488192751553550e-15 1.383610914929929181e-16
6.769458020909130937e+03 7.995305274634700021e-15 1.407211692271347123e-16
6.774337420318071963e+03 7.806035355803473940e-15 1.355410647229373921e-16
6.779216819727012989e+03 7.776016338181040142e-15 1.350564516737970497e-16
6.784096219135954016e+03 8.064091419595755519e-15 1.380924452695207083e-16
6.788975618544895042e+03 7.515885224163432742e-15 1.322085062238770737e-16
6.793855017953836068e+03 7.661287382987634736e-15 1.358313347147673091e-16
6.798734417362777094e+03 7.468619384268847794e-15 1.322389098947841278e-16
6.803613816771718120e+03 7.404405135232209134e-15 1.340667654495475655e-16
6.808493216180659147e+03 7.426921983603057531e-15 1.321430022798790045e-16
6.813372615589600173e+03 7.159958802897210704e-15 1.300274351526965347e-16
6.818252014998541199e+03 7.287173187121295746e-15 1.314840733291729055e-16
6.823131414407482225e+03 7.003154675704979905e-15 1.360780852959341764e-16
6.828010813816423251e+03 7.153921669928668624e-15 1.411273973406648516e-16
6.832890213225364278e+03 6.989869286748792069e-15 1.302346496972587015e-16
6.837769612634305304e+03 6.813182150152686802e-15 1.343648511995433396e-16
6.842649012043246330e+03 6.808283349517737432e-15 1.288265020717519714e-16
6.847528411452187356e+03 6.872181377302845246e-15 1.287941423456753255e-16
6.852407810861128382e+03 6.706654119249744641e-15 1.275702093961116750e-16
6.857287210270069409e+03 6.932519012784056849e-15 1.285907033917942191e-16
6.862166609679010435e+03 6.749862796944096310e-15 1.290891545609246030e-16
6.867046009087951461e+03 7.015239339230510461e-15 1.304078443629436185e-16
6.871925408496892487e+03 6.882652222439876889e-15 1.275378811111653712e-16
6.876804807905833513e+03 7.062186590295639336e-15 1.290425845294131379e-16
6.881684207314774540e+03 7.184733640179010321e-15 1.300381659574238149e-16
6.886563606723715566e+03 6.933459764295628170e-15 1.279997445429877384e-16
6.891443006132656592e+03 7.179309702152483061e-15 1.368747415990005721e-16
6.896322405541597618e+03 6.693889697234122368e-15 1.264833814972970163e-16
6.901201804950538644e+03 6.897599043115289101e-15 1.274036642958833307e-16
6.906081204359479671e+03 6.745627429945587127e-15 1.260430636250792299e-16
6.910960603768420697e+03 6.583680672821833162e-15 1.253469527244727983e-16
6.915840003177361723e+03 6.617874105620667520e-15 1.257695626391522291e-16
6.920719402586302749e+03 6.557203622954960414e-15 1.300382799652556351e-16
6.925598801995243775e+03 6.587753082528113864e-15 1.290347282163011193e-16
6.930478201404184802e+03 6.609666211185756419e-15 1.274651500969659582e-16
6.935357600813125828e+03 6.347721531356871771e-15 1.233542918551421415e-16
6.940237000222066854e+03 6.588280780661282076e-15 1.247827491044494795e-16
6.945116399631007880e+03 6.476174997311998635e-15 1.242801327703930905e-16
6.949995799039948906e+03 6.332885943438970669e-15 1.228134455358550580e-16
6.954875198448889932e+03 6.085445897043476590e-15 1.236129663353347418e-16
6.959754597857830959e+03 6.405176275788283027e-15 1.230654180652866390e-16
6.964633997266771985e+03 6.219281935084184874e-15 1.211734503209365220e-16
6.969513396675713011e+03 6.036220122736806257e-15 1.237787506964976339e-16
6.974392796084654037e+03 6.186238134564285753e-15 1.224700852864089981e-16
6.979272195493595063e+03 6.237608413576906259e-15 1.230272835913469525e-16
6.984151594902536090e+03 6.213430874930137208e-15 1.211813090227320080e-16
6.989030994311477116e+03 6.134064812699911994e-15 1.052592481693148982e-16
6.993910393720418142e+03 5.988522937087903397e-15 1.402945038050931932e-16
6.998789793129359168e+03 6.089633200501364224e-15 1.237689032058472607e-16
7.003669192538300194e+03 6.370365139859202825e-15 1.304211427166874182e-16
7.008548591947241221e+03 6.296291039910727186e-15 1.221536465196788621e-16
7.013427991356182247e+03 6.014698647723382869e-15 1.199877674509491327e-16
7.018307390765123273e+03 5.897039038065555532e-15 1.245584138389644406e-16
7.023186790174064299e+03 5.972635961126745705e-15 1.275052708673392423e-16
7.028066189583005325e+03 6.008652033007297076e-15 1.190489801553820982e-16
7.032945588991946352e+03 6.085026030337939454e-15 1.197075975420853253e-16
7.037824988400887378e+03 6.025240599958471951e-15 1.196028207278564632e-16
7.042704387809828404e+03 6.027718108784247413e-15 1.183479808372771043e-16
7.047583787218769430e+03 6.252293135435707505e-15 1.198262060583380925e-16
7.052463186627710456e+03 5.830909318651414716e-15 1.168983317368517111e-16
7.057342586036651483e+03 5.780384364156984848e-15 1.183518272516583598e-16
7.062221985445592509e+03 5.714355511131951550e-15 1.178584683667582927e-16
7.067101384854533535e+03 5.796926317269797353e-15 1.174163961777487729e-16
7.071980784263474561e+03 5.635394085458284310e-15 1.172917123721545059e-16
7.076860183672415587e+03 5.682860693926889716e-15 1.164278578047347409e-16
7.081739583081356614e+03 5.575359634184773791e-15 1.152633722106776777e-16
7.086618982490297640e+03 5.931773123125633333e-15 1.179448008125890259e-16
7.091498381899238666e+03 5.787864386298443100e-15 1.179683014473733014e-16
7.096377781308179692e+03 5.755577229709632176e-15 1.160166858905740075e-16
7.101257180717120718e+03 5.656273825937286670e-15 1.210447849300014303e-16
7.106136580126061745e+03 5.801643188222132698e-15 1.164146529486740104e-16
7.111015979535002771e+03 5.940754441469876770e-15 1.169434065997308190e-16
7.115895378943943797e+03 6.060672517674059665e-15 1.181287905597228985e-16
7.120774778352884823e+03 5.810881847621832793e-15 1.164310654655444944e-16
7.125654177761825849e+03 5.681959964486344800e-15 1.152720606853163258e-16
7.130533577170766875e+03 5.687785157194641171e-15 1.159750260523717028e-16
7.135412976579707902e+03 5.605878624866739050e-15 1.148339784249628879e-16
7.140292375988648928e+03 5.778759668229668443e-15 1.162658533787200472e-16
7.145171775397589954e+03 5.807190897203777837e-15 1.184938767162805407e-16
7.150051174806530980e+03 5.755638625504070318e-15 1.165265960109904188e-16
7.154930574215472006e+03 5.722404376634226398e-15 1.166689200151322284e-16
7.159809973624413033e+03 5.915992260881489448e-15 1.176050735164388225e-16
7.164689373033354059e+03 5.795852059928738371e-15 1.171164267519516472e-16
7.169568772442295085e+03 5.775081006747799211e-15 1.181552922221503363e-16
7.174448171851236111e+03 5.618774196010856247e-15 1.187496884381702988e-16
7.179327571260177137e+03 5.832734495465863777e-15 1.171196033879018402e-16
7.184206970669118164e+03 5.772128536160821096e-15 1.160887924553256725e-16
7.189086370078059190e+03 5.502400210989419713e-15 1.193880208788171202e-16
7.193965769487000216e+03 1.921293230291901724e-15 1.231146291425636355e-16
7.198845168895941242e+03 4.826465454947611493e-15 1.181494992334385638e-16
7.203724568304882268e+03 5.825141739160835318e-15 1.188710730755693110e-16
7.208603967713823295e+03 5.634428424364260762e-15 1.161499748730667372e-16
7.213483367122764321e+03 5.665285770911541571e-15 1.171334811300242961e-16
7.218362766531705347e+03 5.461981923553383822e-15 1.160804303340707125e-16
7.223242165940646373e+03 5.687493233856669041e-15 1.173219841628649379e-16
7.228121565349587399e+03 5.718479102994236690e-15 1.228399342817706701e-16
7.233000964758528426e+03 5.782193353764189021e-15 1.181177819692875539e-16
7.237880364167469452e+03 5.743748995090766813e-15 1.084161523376703818e-16
7.242759763576410478e+03 5.613176803654631661e-15 1.422996160797013339e-16
7.247639162985351504e+03 5.748232702981670415e-15 1.181501163938465040e-16
7.252518562394292530e+03 5.925918132156548698e-15 1.203724291555204348e-16
7.257397961803233557e+03 5.856301198201243215e-15 1.193526601378706217e-16
7.262277361212174583e+03 5.928677031003756547e-15 1.196086103714161889e-16
7.267156760621115609e+03 5.687919365665476408e-15 1.317566625874893628e-16
7.272036160030056635e+03 5.634030303600548634e-15 1.193408867488184152e-16
7.276915559438997661e+03 5.631287434485351594e-15 1.182862491512275791e-16
7.281794958847938688e+03 5.862423885558917816e-15 1.209863321987874305e-16
7.286674358256879714e+03 6.023326599227408385e-15 1.210317057923136558e-16
7.291553757665820740e+03 6.044896903549542593e-15 1.211549324917308699e-16
7.296433157074761766e+03 5.941025771857061594e-15 1.226710216795034974e-16
7.301312556483702792e+03 5.918518861557646076e-15 1.216743562747452527e-16
7.306191955892643819e+03 5.901459792289490782e-15 1.268971983172654079e-16
7.311071355301584845e+03 6.005219409725116186e-15 1.228986483611121896e-16
7.315950754710525871e+03 5.879305311703593772e-15 1.205304209700445368e-16
7.320830154119466897e+03 5.892992500336951561e-15 1.246955292149612009e-16
7.325709553528407923e+03 5.688101941307525037e-15 1.225548517400170033e-16
7.330588952937348949e+03 5.643220329608660463e-15 1.201492318913361312e-16
7.335468352346289976e+03 5.851756825387806421e-15 1.288775049476386340e-16
7.340347751755231002e+03 5.813732363511621690e-15 1.214581372922783747e-16
7.345227151164172028e+03 5.876333428884956895e-15 1.311142343917267615e-16
7.350106550573113054e+03 5.768823250932720674e-15 1.224821261875816591e-16
7.354985949982054080e+03 5.633128724784795907e-15 1.218119456304939439e-16
7.359865349390995107e+03 5.724463637009228797e-15 1.215075701494473023e-16
7.364744748799936133e+03 5.587627457218377153e-15 1.203155807657861644e-16
7.369624148208877159e+03 5.535962287444190568e-15 1.224289602575384232e-16
7.374503547617818185e+03 5.590443748452095845e-15 1.214814332363142318e-16
7.379382947026759211e+03 5.417310684408592892e-15 1.192034125466476342e-16
7.384262346435700238e+03 5.447926630517247391e-15 1.205686414042863555e-16
7.389141745844641264e+03 5.561900008480641976e-15 1.256418306901359956e-16
7.394021145253582290e+03 5.419760705219089754e-15 1.201925999921023801e-16
7.398900544662523316e+03 5.006867806261117659e-15 1.166987953924378127e-16
7.403779944071464342e+03 4.756338802748562294e-15 1.164584490774113755e-16
7.408659343480405369e+03 4.886841215377659391e-15 1.165280184653818983e-16
7.413538742889346395e+03 4.880643605214326906e-15 1.167401071085081086e-16
7.418418142298287421e+03 4.660118475784992292e-15 1.160820414269327813e-16
7.423297541707228447e+03 4.959821602623189611e-15 1.225308308443545233e-16
7.428176941116169473e+03 4.823173543133630031e-15 1.195190127374192737e-16
7.433056340525110500e+03 4.633789931507468933e-15 1.159966832564061246e-16
7.437935739934051526e+03 4.504810046936279523e-15 1.157019309615426897e-16
7.442815139342992552e+03 4.622592611143233360e-15 1.155396804010196188e-16
7.447694538751933578e+03 4.712965705014922612e-15 1.159562604198418295e-16
7.452573938160874604e+03 4.504372039295682001e-15 1.151726640248030189e-16
7.457453337569815631e+03 4.502223919075113544e-15 1.148761380716795210e-16
7.462332736978756657e+03 4.407487905136407203e-15 1.144895321416765472e-16
7.467212136387697683e+03 4.350098366819271535e-15 1.133817274284182832e-16
7.472091535796638709e+03 4.388889370881064077e-15 1.138474106025223590e-16
7.476970935205579735e+03 4.437507881861779762e-15 1.144651062567876628e-16
7.481850334614520762e+03 4.266483072168565314e-15 1.136980663115404756e-16
7.486729734023461788e+03 4.164036171877015257e-15 1.122261751325040046e-16
7.491609133432402814e+03 3.909480959998211258e-15 1.157679774618292888e-16
7.496488532841343840e+03 3.949204141484174348e-15 1.117285184098743758e-16
7.501367932250284866e+03 3.696501247672590328e-15 1.118552666310336436e-16
7.506247331659225893e+03 3.379290842606597570e-15 1.184247515879823193e-16
7.511126731068166919e+03 3.465985282174862500e-15 1.179822225786268170e-16
7.516006130477107945e+03 3.204627876039860430e-15 1.155888481378429574e-16
7.520885529886048971e+03 2.998912859671390455e-15 1.138799934600413205e-16
7.525764929294989997e+03 3.035817828239507096e-15 1.088392467400708120e-16
7.530644328703931023e+03 3.173493210916566476e-15 1.061106996479384750e-16
7.535523728112872050e+03 3.026264896959114660e-15 1.057779876193204209e-16
7.540403127521813076e+03 2.995139204448365876e-15 1.043596310661508518e-16
7.545282526930754102e+03 2.953476218777817318e-15 1.048794080017196018e-16
7.550161926339695128e+03 3.108321069871995282e-15 1.055566847969475247e-16
7.555041325748636154e+03 3.152427297327685882e-15 1.073626647499649984e-16
7.559920725157577181e+03 2.995013499714048857e-15 1.064054442277903157e-16
7.564800124566518207e+03 3.181964548628745283e-15 1.125664952506721518e-16
7.569679523975459233e+03 3.354941400113445481e-15 1.138781538190504502e-16
7.574558923384400259e+03 3.336546951729717468e-15 1.096461233844547984e-16
7.579438322793341285e+03 3.643249359605590357e-15 1.107807483861899336e-16
7.584317722202282312e+03 3.891121351675831418e-15 1.126630671942726968e-16
7.589197121611223338e+03 3.806950736249244005e-15 1.134302208942581318e-16
7.594076521020164364e+03 3.823221840998601955e-15 1.139493207674740547e-16
7.598955920429105390e+03 3.895335128097198073e-15 1.121721991455113942e-16
7.603835319838046416e+03 3.899002760873770685e-15 1.122576429708391544e-16
7.608714719246987443e+03 3.891956787824994546e-15 1.133726222093356969e-16
7.613594118655928469e+03 3.869615734166701705e-15 1.126151616735096181e-16
7.618473518064869495e+03 3.758218485934102066e-15 1.121059196223565384e-16
7.623352917473810521e+03 3.751826990799225568e-15 1.123048171537122404e-16
7.628232316882751547e+03 4.037586321738460180e-15 1.132083444261479138e-16
7.633111716291692574e+03 4.152929575022650065e-15 1.139947328472861186e-16
7.637991115700633600e+03 4.138470821284754081e-15 1.156297513507712248e-16
7.642870515109574626e+03 4.268002956223142434e-15 1.157903470882254204e-16
7.647749914518515652e+03 4.099101695144537835e-15 1.139034497330147667e-16
7.652629313927456678e+03 4.205411482428842344e-15 1.294910307632599498e-16
7.657508713336397705e+03 3.901563743247020466e-15 1.139332166783361846e-16
7.662388112745338731e+03 4.179710919599552178e-15 1.185722157422381583e-16
7.667267512154279757e+03 4.278542607920710787e-15 1.161693918427899793e-16
7.672146911563220783e+03 4.427270023539875903e-15 1.173549550663166708e-16
7.677026310972161809e+03 4.674751148288833960e-15 1.188806688732547822e-16
7.681905710381102836e+03 4.743050365796476138e-15 1.191928196088572290e-16
7.686785109790043862e+03 4.826590153926875606e-15 1.280912899576481694e-16
7.691664509198984888e+03 4.617681635617848707e-15 1.203147134825318200e-16
7.696543908607925914e+03 4.318926436830152571e-15 1.176410695978355346e-16
7.701423308016866940e+03 4.446473231462983629e-15 1.197352317525300049e-16
7.706302707425807967e+03 4.335467281717081108e-15 1.200094094684962722e-16
7.711182106834748993e+03 4.346432847340261767e-15 1.202872880705560974e-16
7.716061506243690019e+03 4.500311444762928060e-15 1.201687361859934473e-16
7.720940905652631045e+03 4.750973415240175945e-15 1.269845904832274774e-16
7.725820305061572071e+03 4.519208566625046944e-15 1.220191757556790336e-16
7.730699704470513097e+03 4.896907512477663584e-15 1.469617338286264904e-16
7.735579103879454124e+03 4.467783647618141318e-15 1.232008033327191445e-16
7.740458503288395150e+03 4.361332463879139648e-15 1.212334176151303302e-16
7.745337902697336176e+03 4.382398821773975999e-15 1.216633995424457044e-16
7.750217302106277202e+03 4.197170024774432637e-15 1.210314112394202992e-16
7.755096701515218228e+03 4.162185583295281740e-15 1.218670105370003149e-16
7.759976100924159255e+03 4.280509209451287244e-15 1.219089854132471550e-16
7.764855500333100281e+03 4.582335550988598356e-15 1.248122001176127012e-16
7.769734899742041307e+03 4.614017155868772220e-15 1.254035871800453103e-16
7.774614299150982333e+03 4.610580568803999269e-15 1.246195664941954143e-16
7.779493698559923359e+03 4.980209606201270872e-15 1.317167132498826458e-16
7.784373097968864386e+03 4.719578686490620823e-15 1.305896533202077294e-16
7.789252497377805412e+03 4.790151206837922577e-15 1.331719735829969799e-16
7.794131896786746438e+03 4.475756353647149937e-15 1.256135813332647172e-16
7.799011296195687464e+03 4.339852464318437643e-15 1.251250049584809549e-16
7.803890695604628490e+03 4.443071399728584891e-15 1.263679877718174697e-16
7.808770095013569517e+03 4.605506608565659168e-15 1.356445949484582761e-16
7.813649494422510543e+03 4.647370740314788915e-15 1.291674949383684855e-16
7.818528893831451569e+03 5.006415340349374523e-15 1.371319203588813936e-16
7.823408293240392595e+03 5.010490876684556980e-15 1.321470561310932949e-16
7.828287692649333621e+03 5.115772324394697044e-15 1.324186183253532336e-16
7.833167092058274648e+03 5.048764306771389959e-15 1.355353201411978772e-16
7.838046491467215674e+03 5.129344281765368805e-15 1.332130652766776187e-16
7.842925890876156700e+03 4.611049069224933141e-15 1.293158478547523093e-16
7.847805290285097726e+03 4.641895519942435213e-15 1.306367928272784210e-16
7.852684689694038752e+03 4.870223133148671163e-15 1.349158002879873535e-16
7.857564089102979779e+03 4.891082414337898935e-15 1.330960256352290696e-16
7.862443488511920805e+03 4.766940244723465662e-15 1.339880543737870418e-16
7.867322887920861831e+03 4.605026249153805169e-15 1.320290861664505479e-16
7.872202287329802857e+03 4.700171122563287358e-15 1.456266323330620950e-16
7.877081686738743883e+03 4.872124624372139226e-15 1.374727352186457855e-16
7.881961086147684910e+03 5.232559922494797841e-15 1.402125118790038447e-16
7.886840485556625936e+03 5.228918411305361336e-15 1.372859464897135037e-16
7.891719884965566962e+03 5.327001386699018374e-15 1.390082964261990358e-16
7.896599284374507988e+03 5.218941912940603673e-15 1.395888470757190771e-16
7.901478683783449014e+03 5.330610637235788730e-15 1.411262190777161437e-16
7.906358083192390040e+03 5.219213270005520511e-15 1.398882424392634415e-16
7.911237482601331067e+03 4.880641109922510351e-15 1.405666376064736394e-16
7.916116882010272093e+03 5.046330479891560036e-15 1.410040260659151794e-16
7.920996281419213119e+03 5.074379557271223151e-15 1.418138700833693589e-16
7.925875680828154145e+03 5.076472135449585085e-15 1.395482997849070458e-16
7.930755080237095171e+03 5.382556093128584047e-15 1.421071066735062969e-16
7.935634479646036198e+03 5.517627041844322310e-15 1.431757486835080657e-16
7.940513879054977224e+03 5.589917989877199098e-15 1.442101714789715361e-16
7.945393278463918250e+03 5.469963081018273963e-15 1.451543101306124790e-16
7.950272677872859276e+03 5.305158200206293374e-15 1.430072384269914950e-16
7.955152077281800302e+03 5.117382127551011249e-15 1.421734188851770369e-16
7.960031476690741329e+03 4.786839437350079352e-15 1.428305303156152352e-16
7.964910876099682355e+03 4.892487555100483125e-15 1.493616365564495616e-16
7.969790275508623381e+03 4.900085578810180345e-15 1.482479783821611975e-16
7.974669674917564407e+03 4.811696365028204474e-15 1.432093779538354777e-16
7.979549074326505433e+03 4.745972160466162059e-15 1.423652472495696979e-16
7.984428473735446460e+03 5.181987901327918752e-15 1.463502240680447907e-16
7.989307873144387486e+03 5.049296469162908998e-15 1.438785131913197379e-16
7.994187272553328512e+03 5.159214719012989472e-15 1.450927649507079051e-16
7.999066671962269538e+03 4.909229193323992084e-15 1.446251656120698578e-16
8.003946071371210564e+03 4.592002081921711009e-15 1.498935249074935726e-16
8.008825470780151591e+03 4.451097105876757974e-15 1.505059872846689645e-16
8.013704870189092617e+03 4.639555283447064258e-15 1.444533047032804297e-16
8.018584269598033643e+03 4.529641909023408767e-15 1.429641507319571654e-16
8.023463669006974669e+03 4.733100726399499400e-15 1.455331325780230749e-16
8.028343068415915695e+03 4.638631130180438516e-15 1.460399475277903244e-16
8.033222467824856722e+03 4.631728437550452302e-15 1.696361789292666973e-16
8.038101867233797748e+03 4.459225956088103085e-15 1.504577166353040719e-16
8.042981266642738774e+03 4.420000225646140186e-15 1.448008634234723506e-16
8.047860666051679800e+03 4.696170270076955645e-15 1.477253860453486541e-16
8.052740065460620826e+03 4.692714816209974189e-15 1.480075806037610342e-16
8.057619464869561853e+03 4.640974492455624735e-15 1.477262292613259569e-16
8.062498864278502879e+03 4.379558997107151506e-15 1.489677325077454523e-16
8.067378263687443905e+03 4.281597500447057387e-15 1.464997417230755081e-16
8.072257663096384931e+03 4.161536291976535224e-15 1.450762471093582174e-16
8.077137062505325957e+03 4.192957935760925542e-15 1.483655452048244764e-16
8.082016461914266984e+03 4.084328980650699050e-15 1.456772028512092995e-16
8.086895861323208010e+03 3.969711752793545053e-15 1.459163977481446981e-16
8.091775260732149036e+03 3.894953276089884030e-15 1.460031473288290473e-16
8.096654660141090062e+03 3.819739998817665551e-15 1.467227962564079272e-16
8.101534059550031088e+03 4.086887703303718758e-15 1.483825922283926598e-16
8.106413458958972114e+03 4.116245895564483354e-15 1.489223748395571090e-16
8.111292858367913141e+03 4.014380849752179553e-15 1.506195039048755929e-16
8.116172257776854167e+03 4.003397402225025576e-15 1.513115517806402096e-16
8.121051657185795193e+03 3.772469180378909312e-15 1.488894750380544138e-16
8.125931056594736219e+03 3.863876333333709476e-15 1.487569021103948280e-16
8.130810456003677245e+03 4.044265317861764706e-15 1.504962720796820519e-16
8.135689855412618272e+03 3.950660230178245630e-15 1.501404023674787996e-16
8.140569254821559298e+03 3.729681670285928934e-15 1.517273508867263099e-16
8.145448654230500324e+03 3.576101292369153253e-15 1.563793410975026451e-16
8.150328053639441350e+03 3.466356589077101380e-15 1.503107052402083845e-16
8.155207453048382376e+03 3.494476974125599050e-15 1.475386037925908539e-16
8.160086852457323403e+03 3.301468493719039238e-15 1.468179685643877671e-16
8.164966251866264429e+03 3.263350226182723008e-15 1.469625425576614541e-16
8.169845651275205455e+03 3.104162172147294708e-15 1.466805744736073363e-16
8.174725050684146481e+03 3.286047266861105417e-15 1.540502385613377663e-16
8.179604450093087507e+03 3.123861295508006312e-15 1.517731850198889756e-16
8.184483849502028534e+03 2.853325899456054088e-15 1.489144070833327498e-16
8.189363248910969560e+03 3.087498790314222625e-15 1.485809933306236051e-16
8.194242648319910586e+03 2.625867649560654409e-15 1.441611813362075272e-16
8.199122047728851612e+03 2.373995144048994265e-15 1.429396354541812951e-16
8.204001447137792638e+03 2.624408679662064040e-15 1.511984589636846975e-16
8.208880846546733665e+03 2.481691138086200659e-15 1.456199912531161625e-16
8.213760245955674691e+03 2.117705209059189029e-15 1.452131563799697602e-16
8.218639645364615717e+03 1.999410311728371194e-15 1.415188307973445557e-16
8.223519044773556743e+03 1.900469047090815945e-15 1.406700284145586636e-16
8.228398444182497769e+03 1.689153785137170639e-15 1.419151831259587383e-16
8.233277843591438796e+03 1.781227605123616862e-15 1.413159679410906217e-16
8.238157243000379822e+03 1.672288513731977955e-15 1.403221584304701264e-16
8.243036642409320848e+03 1.720431672759136397e-15 1.411030204669888569e-16
8.247916041818261874e+03 1.831792204647108723e-15 1.417318303020438985e-16
8.252795441227202900e+03 1.477062020093476088e-15 1.384988518453602445e-16
8.257674840636143927e+03 1.365956741022046620e-15 1.387164461688740009e-16
8.262554240045084953e+03 1.207453714039145180e-15 1.379048448901191186e-16
8.267433639454025979e+03 1.660498506852956500e-15 1.419392495301762193e-16
8.272313038862967005e+03 1.680992675131774124e-15 1.457071603675780205e-16
8.277192438271908031e+03 1.527042009029858161e-15 1.473750711996876501e-16
8.282071837680849058e+03 1.304000275487767329e-15 1.427883669285947387e-16
8.286951237089790084e+03 1.235384179487241010e-15 1.437376080995544596e-16
8.291830636498731110e+03 1.628729903343431107e-15 1.432656324510948949e-16
8.296710035907672136e+03 1.622794006244462942e-15 1.419480045996218156e-16
8.301589435316613162e+03 1.579733265016833047e-15 1.424523305995477252e-16
8.306468834725554188e+03 1.813177820568080046e-15 1.449377778869469485e-16
8.311348234134495215e+03 1.704140468272263107e-15 1.438685357535593317e-16
8.316227633543436241e+03 2.011391239356306762e-15 1.515378392433682660e-16
8.321107032952377267e+03 2.160638145358477998e-15 1.496394210920225007e-16
8.325986432361318293e+03 1.802610862595653488e-15 1.522438162716644259e-16
8.330865831770259319e+03 1.988227601968452509e-15 1.526695216903601150e-16
8.335745231179200346e+03 1.920984485474381001e-15 1.521878407922649222e-16
8.340624630588141372e+03 2.013792004447588678e-15 1.548173798427813258e-16
8.345504029997082398e+03 1.929767482197555716e-15 1.498821994632093716e-16
8.350383429406023424e+03 1.956995629416615713e-15 1.506665345079701463e-16
8.355262828814964450e+03 1.963718769187748296e-15 1.552668642634196473e-16
8.360142228223905477e+03 1.891019054195354661e-15 1.976889666201219527e-16
8.365021627632846503e+03 1.635292764138609339e-15 1.460587777577233960e-16
8.369901027041787529e+03 1.668608105955987060e-15 1.471307019065433265e-16
8.374780426450728555e+03 1.778019105936843531e-15 1.524245706201159503e-16
8.379659825859669581e+03 1.876626890216444948e-15 1.481480681787413750e-16
8.384539225268610608e+03 1.842317430342700106e-15 1.481617801182303808e-16
8.389418624677551634e+03 2.264518144442298122e-15 1.546360188996797611e-16
8.394298024086492660e+03 2.191834219041284316e-15 1.513384453240970134e-16
8.399177423495433686e+03 2.277121106390713271e-15 1.735087012102462376e-16
8.404056822904374712e+03 2.088065724743100748e-15 1.532451421645954111e-16
8.408936222313315739e+03 1.928588166609219825e-15 1.544125303448073463e-16
8.413815621722256765e+03 1.959342647184730872e-15 1.582268051166378109e-16
8.418695021131197791e+03 2.052437852511758632e-15 1.525977521804196924e-16
8.423574420540138817e+03 2.435640183990761964e-15 1.537080582560989612e-16
8.428453819949079843e+03 2.348164385258208648e-15 1.563968203259462010e-16
8.433333219358020870e+03 2.344258439897109897e-15 1.543569383792286609e-16
8.438212618766961896e+03 2.457970167626105285e-15 1.638796769708914137e-16
8.443092018175902922e+03 2.701314496409629049e-15 1.728288619376479783e-16
8.447971417584843948e+03 2.650721253566444078e-15 1.703612993822364766e-16
8.452850816993784974e+03 2.520690243115683749e-15 1.582489022080354380e-16
8.457730216402726001e+03 2.684461486272376995e-15 1.572378068944568771e-16
8.462609615811667027e+03 2.972436596627041453e-15 1.793860570013675417e-16
8.467489015220608053e+03 2.735902270388376862e-15 1.614027759553746147e-16
8.472368414629549079e+03 2.859099660938505765e-15 1.590366472794142802e-16
8.477247814038490105e+03 2.799901409807221467e-15 1.604067539080324017e-16
8.482127213447431131e+03 2.861185079454523148e-15 1.952288528316212277e-16
8.487006612856372158e+03 3.089134029892445355e-15 1.662632655745786413e-16
8.491886012265313184e+03 3.070402611586235868e-15 1.609440196806897383e-16
8.496765411674254210e+03 3.443642264940283692e-15 1.636284755810822268e-16
8.501644811083195236e+03 3.748976721202931854e-15 1.660801189754373485e-16
8.506524210492136262e+03 3.833246075498258386e-15 1.662505904927401050e-16
8.511403609901077289e+03 4.157609343530866713e-15 1.703515734012256955e-16
8.516283009310018315e+03 4.618952623635602119e-15 1.720720090382582173e-16
8.521162408718959341e+03 4.347798082355446087e-15 1.708002217676926257e-16
8.526041808127900367e+03 4.645213341792849496e-15 1.734191396603507828e-16
8.530921207536841393e+03 5.132131194587315913e-15 1.798020230930741962e-16
8.535800606945782420e+03 5.362570978619700598e-15 1.790905756815932384e-16
8.540680006354723446e+03 5.397544003516522425e-15 1.845622271627663300e-16
8.545559405763664472e+03 5.582345678865127021e-15 1.810681750372090257e-16
8.550438805172605498e+03 5.415047073735556980e-15 1.798832120371205202e-16
8.555318204581546524e+03 5.126305792881111165e-15 1.778558843629824401e-16
8.560197603990487551e+03 5.132493029834430077e-15 1.771663236961038631e-16
8.565077003399428577e+03 5.034143301666427237e-15 1.758032427119416077e-16
8.569956402808369603e+03 5.274037016546873159e-15 1.774609335685171331e-16
8.574835802217310629e+03 4.851549430574349728e-15 1.835901987252921172e-16
8.579715201626251655e+03 5.329321457737637763e-15 1.810749336277296668e-16
8.584594601035192682e+03 5.528587264870298517e-15 1.794695402684459833e-16
8.589474000444133708e+03 5.653301811386763286e-15 1.800560011867250145e-16
8.594353399853074734e+03 6.018114140722028934e-15 1.841611240832672943e-16
8.599232799262015760e+03 6.013273673114339352e-15 1.909805147596026314e-16
8.604112198670956786e+03 5.911442203617825830e-15 1.833654901949908192e-16
8.608991598079897813e+03 5.784764696594413804e-15 1.812812709016398399e-16
8.613870997488838839e+03 6.082972113339814548e-15 1.845259420303251382e-16
8.618750396897779865e+03 6.420616287116993900e-15 1.871464087038165818e-16
8.623629796306720891e+03 6.534736682875456343e-15 1.872934880343363842e-16
8.628509195715661917e+03 6.516430311431836194e-15 1.946045086034675817e-16
8.633388595124602944e+03 6.454110241273257223e-15 1.894679392639799824e-16
8.638267994533543970e+03 6.344250897829003051e-15 1.870269797700192934e-16
8.643147393942484996e+03 6.222328520611422963e-15 1.858401432928962762e-16
8.648026793351426022e+03 6.099328868239528166e-15 1.858332615412511280e-16
8.652906192760367048e+03 6.024515919366604124e-15 1.957048321666237059e-16
8.657785592169308075e+03 6.021495200001188620e-15 1.861571653531215238e-16
8.662664991578249101e+03 6.100887462718217548e-15 1.862602973910413377e-16
8.667544390987190127e+03 6.204643828372306890e-15 1.887875762881104122e-16
8.672423790396131153e+03 6.198626355583646800e-15 1.874677747906037245e-16
8.677303189805072179e+03 6.942327457525474890e-15 1.945878034914765242e-16
8.682182589214013205e+03 6.980096101519616560e-15 1.946804957044656810e-16
8.687061988622954232e+03 6.948882007832968973e-15 1.931841148281985579e-16
8.691941388031895258e+03 6.888750002709646262e-15 2.066192377334350422e-16
8.696820787440836284e+03 6.617018012775525795e-15 1.954424011465575207e-16
8.701700186849777310e+03 6.372915558309983284e-15 1.901080680600166210e-16
8.706579586258718336e+03 6.916531082640759410e-15 2.052393689030567880e-16
8.711458985667659363e+03 6.662512530371630600e-15 1.950163018238468687e-16
8.716338385076600389e+03 6.311837919631461547e-15 1.906435849406999432e-16
8.721217784485541415e+03 6.521541380911103197e-15 1.917557687664423082e-16
8.726097183894482441e+03 6.642169198115349529e-15 1.989777876787173353e-16
8.730976583303423467e+03 6.645688057038473056e-15 1.945718596780214760e-16
8.735855982712364494e+03 7.272276242331829248e-15 1.983076335652647198e-16
8.740735382121305520e+03 7.454622205931774919e-15 2.018246437534376052e-16
8.745614781530246546e+03 7.245043323126341043e-15 2.035158265764877254e-16
8.750494180939187572e+03 7.310870455473699465e-15 2.013406325121655352e-16
8.755373580348128598e+03 6.796018835342404830e-15 2.054063600878405577e-16
8.760252979757069625e+03 5.965492679335228632e-15 2.025925430340799992e-16
8.765132379166010651e+03 6.057544533975263560e-15 1.932614262001575723e-16
8.770011778574951677e+03 6.326090401330151363e-15 1.946975601498470713e-16
8.774891177983892703e+03 6.176366547455365508e-15 1.924758606601399861e-16
8.779770577392833729e+03 6.340342735986500044e-15 1.945277774814027357e-16
8.784649976801774756e+03 5.822941017224458109e-15 1.887815455025494364e-16
8.789529376210715782e+03 6.373939420419309249e-15 2.161546938585703494e-16
8.794408775619656808e+03 6.385097602823995031e-15 2.010788220765826518e-16
8.799288175028597834e+03 6.538559554136913173e-15 1.959477039538888449e-16
8.804167574437538860e+03 6.041303327098514336e-15 1.991527974718446974e-16
8.809046973846479887e+03 6.459475061279383193e-15 2.043479070749906506e-16
8.813926373255420913e+03 6.246867939109503099e-15 1.942913363521247778e-16
8.818805772664361939e+03 6.087391326966662833e-15 2.015557844968607528e-16
8.823685172073302965e+03 6.002905839027214907e-15 1.938432963413317354e-16
8.828564571482243991e+03 6.089422307214871978e-15 1.993948844563054824e-16
8.833443970891185018e+03 5.597640545794937381e-15 1.998338504809459690e-16
8.838323370300126044e+03 5.915338685506641019e-15 1.933910221368351975e-16
8.843202769709067070e+03 6.354663222930660086e-15 2.331051195010587859e-16
8.848082169118008096e+03 5.784154319993175502e-15 2.057957997092034896e-16
8.852961568526949122e+03 5.637120953326628220e-15 1.920446098661016282e-16
8.857840967935890149e+03 5.464709874565753005e-15 1.902559177059504849e-16
8.862720367344831175e+03 5.616448085257653343e-15 1.912531556361121663e-16
8.867599766753772201e+03 6.224930775687776880e-15 2.178936544894373737e-16
8.872479166162713227e+03 5.842746187924942042e-15 1.947066148901550195e-16
8.877358565571654253e+03 5.736669905001093567e-15 1.794758525529960127e-16
8.882237964980595279e+03 5.779508663506959407e-15 2.551167416527794479e-16
8.887117364389536306e+03 5.541737729390189627e-15 2.356024208532947490e-16
8.891996763798477332e+03 5.133692991060028151e-15 1.912051729652945045e-16
8.896876163207418358e+03 4.979740712339983713e-15 1.995688302980426648e-16
8.901755562616359384e+03 4.713731249218275870e-15 1.892753603982660800e-16
8.906634962025300410e+03 4.565312477778107363e-15 2.082740784776061917e-16
8.911514361434241437e+03 4.222339225789978757e-15 2.062185054369668919e-16
8.916393760843182463e+03 4.053777696275094054e-15 1.833698654803033208e-16
8.921273160252123489e+03 4.554065933485227126e-15 2.028907161354496052e-16
8.926152559661064515e+03 4.029139183849834470e-15 1.829562327351754170e-16
8.931031959070005541e+03 3.848283193381507988e-15 1.852912701500969021e-16
8.935911358478946568e+03 3.290260686338917658e-15 1.984970737837687740e-16
8.940790757887887594e+03 3.495063199224502255e-15 1.817487952321242837e-16
8.945670157296828620e+03 3.306553157494509806e-15 1.781279279330684414e-16
8.950549556705769646e+03 3.377977636457823383e-15 1.783565986601231534e-16
8.955428956114710672e+03 3.405143317863641352e-15 1.825010470610655562e-16
8.960308355523651699e+03 3.639312847982494393e-15 2.393831537752895306e-16
8.965187754932592725e+03 3.516744012816217749e-15 1.839926574538641580e-16
8.970067154341533751e+03 3.148451099432033472e-15 1.832882718387155113e-16
8.974946553750474777e+03 3.180511866608827527e-15 1.800228697539522282e-16
8.979825953159415803e+03 3.575724043564274447e-15 1.897876329892844001e-16
8.984705352568356830e+03 3.649942011410941563e-15 1.852518130122719459e-16
8.989584751977297856e+03 3.843363857893886823e-15 1.905906973273007260e-16
8.994464151386238882e+03 3.651541884990169832e-15 1.942239837323618848e-16
8.999343550795179908e+03 3.366265931452771877e-15 1.894815524042070583e-16
9.004222950204120934e+03 3.624946726041611607e-15 1.878757231516915415e-16
9.009102349613061961e+03 3.175893356637248671e-15 1.807966698931634409e-16
9.013981749022002987e+03 3.522336171517460193e-15 1.892872428687292102e-16
9.018861148430944013e+03 3.873356181398233265e-15 1.950370738630939287e-16
9.023740547839885039e+03 3.836451075371610337e-15 1.936406560882596091e-16
9.028619947248826065e+03 4.661536706658177157e-15 2.591263615101904327e-16
9.033499346657767092e+03 3.805146428623433545e-15 1.925881753517997909e-16
9.038378746066708118e+03 3.842310594336094467e-15 1.878055573587105006e-16
9.043258145475649144e+03 4.239743857739199427e-15 1.947810209932791421e-16
9.048137544884590170e+03 4.148024200988190215e-15 1.925888534591652996e-16
9.053016944293531196e+03 3.947119076324452002e-15 1.949311107758755808e-16
9.057896343702472223e+03 4.192817231242336676e-15 1.967752477052519020e-16
9.062775743111413249e+03 3.958876626608689300e-15 1.927884761794941772e-16
9.067655142520354275e+03 3.433361065677134187e-15 1.879199438356417622e-16
9.072534541929295301e+03 3.354487852110497360e-15 2.158102571447824457e-16
9.077413941338236327e+03 3.230163132187022435e-15 1.876482992420182292e-16
9.082293340747177353e+03 3.210196424820437738e-15 2.150092286744758946e-16
9.087172740156118380e+03 3.434431480704175314e-15 1.900696153575884991e-16
9.092052139565059406e+03 3.546456122145032268e-15 1.928613885291967859e-16
9.096931538974000432e+03 3.605532207685977147e-15 2.054285779452839537e-16
9.101810938382941458e+03 3.372131162679830328e-15 2.028530969396750988e-16
9.106690337791882484e+03 3.214113482932910933e-15 1.990452718380833196e-16
9.111569737200823511e+03 4.042016251753568412e-15 2.189285833900250425e-16
9.116449136609764537e+03 3.938703295285637939e-15 2.010809538330363927e-16
9.121328536018705563e+03 4.014099499993012644e-15 1.967774601889145888e-16
9.126207935427646589e+03 4.056322522359787420e-15 2.011687388565099812e-16
9.131087334836587615e+03 3.852735505804950103e-15 2.007349332213792873e-16
9.135966734245528642e+03 3.855563692154794867e-15 1.966089272858836257e-16
9.140846133654469668e+03 4.392412330200475086e-15 2.030639193557721067e-16
9.145725533063410694e+03 3.823008436572000260e-15 2.031965763811149476e-16
9.150604932472351720e+03 3.440227657434901542e-15 2.065831359284877312e-16
9.155484331881292746e+03 3.116077995842568042e-15 1.917459348991384653e-16
9.160363731290233773e+03 2.972486521569515038e-15 2.012928100947105663e-16
9.165243130699174799e+03 2.907834346335839471e-15 1.925425997070547468e-16
9.170122530108115825e+03 3.163515001198441719e-15 1.937758219646639304e-16
9.175001929517056851e+03 3.619380058501777268e-15 1.986265449577851598e-16
9.179881328925997877e+03 3.662468376268971146e-15 2.084207325675564049e-16
9.184760728334938904e+03 3.810521451833883855e-15 1.993381536608777371e-16
9.189640127743879930e+03 3.915248966642411617e-15 2.021009559276756454e-16
9.194519527152820956e+03 4.029706734770971152e-15 2.035820780476482364e-16
9.199398926561761982e+03 3.611577024474816592e-15 1.993320604750544536e-16
9.204278325970703008e+03 3.310908997049572036e-15 2.203923372005140267e-16
9.209157725379644035e+03 2.957186093197968500e-15 1.953977101064130694e-16
9.214037124788585061e+03 3.192833516967680225e-15 1.966970068945338160e-16
9.218916524197526087e+03 2.860788320605989138e-15 1.952098191558839526e-16
9.223795923606467113e+03 3.042445564451540882e-15 2.490869390431412346e-16
9.228675323015408139e+03 2.633220379359687669e-15 1.959720740408940402e-16
9.233554722424349166e+03 3.346632378153718063e-15 2.020890495527426581e-16
9.238434121833290192e+03 3.410967881231388083e-15 2.024465125611618926e-16
9.243313521242231218e+03 3.285622657494465594e-15 2.106150888695165741e-16
9.248192920651172244e+03 3.336002986465763149e-15 2.042950431236673099e-16
9.253072320060113270e+03 3.883485981470088303e-15 2.123987829360621997e-16
9.257951719469054296e+03 3.617238415392455809e-15 2.057134155065332772e-16
9.262831118877995323e+03 3.371044870871458150e-15 2.057555908093413070e-16
9.267710518286936349e+03 3.534592843805689826e-15 2.147055074355384652e-16
9.272589917695877375e+03 3.781095630516004810e-15 2.111611737740214549e-16
9.277469317104818401e+03 3.020266621295518542e-15 2.198426436274710733e-16
9.282348716513759427e+03 3.076843662682959573e-15 2.081632493223223546e-16
9.287228115922700454e+03 2.848087150162539089e-15 2.047791349131102297e-16
9.292107515331641480e+03 2.823429166724472778e-15 2.051021538767347214e-16
9.296986914740582506e+03 2.987585749896545698e-15 2.127524044007720284e-16
9.301866314149523532e+03 2.860596833176158081e-15 2.059151502645005866e-16
9.306745713558464558e+03 3.151403038470982991e-15 2.124133240171282236e-16
9.311625112967405585e+03 2.894108186110541360e-15 2.102302460371280505e-16
9.316504512376346611e+03 3.136261823446560780e-15 2.251182300302891239e-16
9.321383911785287637e+03 3.085574254107464419e-15 2.110582147895968416e-16
9.326263311194228663e+03 2.804861989461819784e-15 2.121050878239479309e-16
9.331142710603169689e+03 2.984574641022582891e-15 2.156369390146766619e-16
9.336022110012110716e+03 3.259078110248665566e-15 2.217016227402524324e-16
9.340901509421051742e+03 3.972226894082130386e-15 2.328374457516444390e-16
9.345780908829992768e+03 3.383823419925718101e-15 2.198988194222107360e-16
9.350660308238933794e+03 4.219375358227083620e-15 2.375341402710330633e-16
9.355539707647874820e+03 3.791952944245986906e-15 2.288271317049347890e-16
9.360419107056815847e+03 3.315132938183665668e-15 2.255467651787298265e-16
9.365298506465756873e+03 3.950980338501324515e-15 2.451589867348552205e-16
9.370177905874697899e+03 3.424772548879504109e-15 2.277929844787680008e-16
9.375057305283638925e+03 2.908965048616317973e-15 2.222033909520156051e-16
9.379936704692579951e+03 2.798347640567393170e-15 2.269750876905179346e-16
9.384816104101520978e+03 2.383179959354225261e-15 2.184175312788211644e-16
9.389695503510462004e+03 2.983251512496885414e-15 2.264576480508419130e-16
9.394574902919403030e+03 2.769242431674510277e-15 2.288014631520541062e-16
9.399454302328344056e+03 3.119802472896242347e-15 2.283033561623953885e-16
9.404333701737285082e+03 3.006334595239772738e-15 2.285878406302941709e-16
9.409213101146226109e+03 3.663231004651710006e-15 2.360050809430694184e-16
9.414092500555167135e+03 3.710227294241085868e-15 1.707791427660425936e-16
9.418971899964108161e+03 3.752329274798711992e-15 2.450416288523243674e-16
9.423851299373049187e+03 3.588250321327811289e-15 2.432800092893985627e-16
9.428730698781990213e+03 2.926607928252808798e-15 2.335595597647317735e-16
9.433610098190931240e+03 2.813263542332283474e-15 2.331561037564056862e-16
9.438489497599872266e+03 2.725185330592919755e-15 2.374799168765710959e-16
9.443368897008813292e+03 2.605722784520447076e-15 2.458761921197032813e-16
9.448248296417754318e+03 2.316217398945740324e-15 2.290056098437596876e-16
9.453127695826695344e+03 2.484418176245654147e-15 2.318170385702532394e-16
9.458007095235636370e+03 2.440428673931820743e-15 2.295814913802473478e-16
9.462886494644577397e+03 3.295260430341462927e-15 2.796123588428518779e-16
9.467765894053518423e+03 2.396311398592022742e-15 2.337321902175318989e-16
9.472645293462459449e+03 2.738359430933685801e-15 2.342842388731152128e-16
9.477524692871400475e+03 2.422849314749487793e-15 2.343092136311007630e-16
9.482404092280341501e+03 2.736795480523731701e-15 2.347909932399473223e-16
9.487283491689282528e+03 2.954181866985474026e-15 2.474988497848608565e-16
9.492162891098223554e+03 2.595869812959870556e-15 2.340797875554286096e-16
9.497042290507164580e+03 2.678960475591455133e-15 2.354981092913268313e-16
9.501921689916105606e+03 2.892091407908221484e-15 2.379692849924841573e-16
9.506801089325046632e+03 3.110149828423855017e-15 2.586117785471609851e-16
9.511680488733987659e+03 3.730250212299066657e-15 2.656759580037126339e-16
9.516559888142928685e+03 3.084017444674850108e-15 2.409729340948845774e-16
9.521439287551869711e+03 2.797217318652740562e-15 2.429410512401214572e-16
9.526318686960810737e+03 3.022482390075786382e-15 2.422848529298538852e-16
9.531198086369751763e+03 2.477248187385663785e-15 2.334779003361310017e-16
9.536077485778692790e+03 2.608417481995446095e-15 2.367662881177529098e-16
9.540956885187633816e+03 2.419318448601394894e-15 2.360480992723376485e-16
9.545836284596574842e+03 3.165364607195927435e-15 3.189903023611616416e-16
9.550715684005515868e+03 2.175532934323412083e-15 2.336846065060275597e-16
9.555595083414456894e+03 1.821666824765551778e-15 2.340317888340084621e-16
9.560474482823397921e+03 1.992245085920717110e-15 2.371508269171777962e-16
9.565353882232338947e+03 1.719138599142920002e-15 2.478937740741868085e-16
9.570233281641279973e+03 1.860433400967275524e-15 1.797952268176566204e-16
9.575112681050220999e+03 1.963644783291608529e-15 2.343265112105564523e-16
9.579992080459162025e+03 1.964371676925349247e-15 2.419983199820722431e-16
9.584871479868103052e+03 2.148860145696024153e-15 2.371167971631690943e-16
9.589750879277044078e+03 2.224183825654158060e-15 2.420099458611056469e-16
9.594630278685985104e+03 2.242220562826904624e-15 2.508053425380752861e-16
9.599509678094926130e+03 1.823738050820153721e-15 2.349228830946495162e-16
9.604389077503867156e+03 2.619766145931533768e-15 2.421937975783599732e-16
9.609268476912808183e+03 2.669919091992849973e-15 2.442070573283742535e-16
9.614147876321749209e+03 2.504677382510093065e-15 2.519804006363787577e-16
9.619027275730690235e+03 2.538118172386898100e-15 2.468120162175369863e-16
9.623906675139631261e+03 2.791678007859842057e-15 2.827180755566811828e-16
9.628786074548572287e+03 2.445041589133039594e-15 2.513970506830559139e-16
9.633665473957513314e+03 2.315052496547158542e-15 2.436448235881842857e-16
9.638544873366454340e+03 2.304368614934910558e-15 2.447363366089071862e-16
9.643424272775395366e+03 2.117846704454494885e-15 2.441942622119838776e-16
9.648303672184336392e+03 2.093842222083327727e-15 2.470091495747973157e-16
9.653183071593277418e+03 2.116491680216469247e-15 2.563613942929646130e-16
9.658062471002218444e+03 2.016604702965937945e-15 2.458754217189699194e-16
9.662941870411159471e+03 1.865799724801727815e-15 2.469813652610870975e-16
9.667821269820100497e+03 1.764080395134728361e-15 2.481143136467323044e-16
9.672700669229041523e+03 1.945279198556868977e-15 2.528787484811865329e-16
9.677580068637982549e+03 1.618942156917116239e-15 2.779802968378743111e-16
9.682459468046923575e+03 1.863203734330740369e-15 2.560685766163377330e-16
9.687338867455864602e+03 1.801341959019428779e-15 2.519630262820440757e-16
9.692218266864805628e+03 1.562835243665425077e-15 2.491944116323370246e-16
9.697097666273746654e+03 2.287069129350364431e-15 2.594326434315158239e-16
9.701977065682687680e+03 1.876437456451730707e-15 2.777501826227018841e-16
9.706856465091628706e+03 2.663543666671784026e-15 2.841992989772172743e-16
9.711735864500569733e+03 2.132845731459500272e-15 2.608401319076373847e-16
9.716615263909510759e+03 2.250265433284596139e-15 2.642917751627834467e-16
9.721494663318451785e+03 1.813576351351174018e-15 2.602337316201689951e-16
9.726374062727392811e+03 1.651612203753120170e-15 2.616278416753612622e-16
9.731253462136333837e+03 1.711542192491704339e-15 2.638942123866835482e-16
9.736132861545274864e+03 1.799511132228564520e-15 2.643671546688837346e-16
9.741012260954215890e+03 1.771438445100417389e-15 2.719308182567987520e-16
9.745891660363156916e+03 1.442549229282372329e-15 2.718684625005814386e-16
9.750771059772097942e+03 1.248714772276015232e-15 2.729285634034220883e-16
9.755650459181038968e+03 1.869773027997615684e-15 2.695913988414096549e-16
9.760529858589979995e+03 1.452105260133554653e-15 2.676076993932555666e-16
9.765409257998921021e+03 1.388386773585823308e-15 2.702106060361318175e-16
9.770288657407862047e+03 1.595783914402043980e-15 2.720273604570826108e-16
9.775168056816803073e+03 1.751075640540951154e-15 2.759270547828964235e-16
9.780047456225744099e+03 1.577840574611410581e-15 2.753071901417319211e-16
9.784926855634685126e+03 2.114219680811221489e-15 2.862246618101669176e-16
9.789806255043626152e+03 1.979584011640731465e-15 2.806589054772629272e-16
9.794685654452567178e+03 2.177251745529761227e-15 2.862049465553288038e-16
9.799565053861508204e+03 1.942197026633863097e-15 2.874820235976470171e-16
9.804444453270449230e+03 1.695425952517836894e-15 2.859455438864738790e-16
9.809323852679390257e+03 2.062105514402597524e-15 2.919570459233172715e-16
9.814203252088331283e+03 1.457287940121230997e-15 2.866471653277659388e-16
9.819082651497272309e+03 1.171214043150911237e-15 2.850936392937759224e-16
9.823962050906213335e+03 1.381265071802102606e-15 2.943077632532497049e-16
9.828841450315154361e+03 1.154045388188786336e-15 2.905331476942815363e-16
9.833720849724095388e+03 1.439341602750652607e-15 2.987612526956422559e-16
9.838600249133036414e+03 1.663152274811328139e-15 3.024040343980775406e-16
9.843479648541977440e+03 1.612796047834866148e-15 3.758586677756993932e-16
9.848359047950918466e+03 1.078600081726195490e-15 2.971290494076878636e-16
9.853238447359859492e+03 1.050578004898319743e-15 2.969395057712748681e-16
9.858117846768800518e+03 1.641366353417237123e-15 3.043928607642946720e-16
9.862997246177741545e+03 1.994818613155904901e-15 3.074902321374600883e-16
9.867876645586682571e+03 1.706897271228726084e-15 3.109658786479384628e-16
9.872756044995623597e+03 1.621487474967091195e-15 3.135072411253978857e-16
9.877635444404564623e+03 1.750014812334351569e-15 3.334107490739134776e-16
9.882514843813505649e+03 1.770753381121140570e-15 3.418271404595070371e-16
9.887394243222446676e+03 2.257741508867379944e-15 4.447024959107346421e-16
9.892273642631387702e+03 2.181523092750319205e-15 3.306766158502491727e-16
9.897153042040328728e+03 1.912454926242574694e-15 3.236159340305811724e-16
9.902032441449269754e+03 1.502702628690386632e-15 3.295977662868728174e-16
9.906911840858210780e+03 1.283781732160890204e-15 3.207626951220451318e-16
9.911791240267151807e+03 1.207176017757900671e-15 3.251849108850246708e-16
9.916670639676092833e+03 1.299629830735931898e-15 3.352368560507950440e-16
9.921550039085033859e+03 1.275245962819891875e-15 3.442835977447432956e-16
9.926429438493974885e+03 1.597910284075919376e-15 3.435604366803060971e-16
9.931308837902915911e+03 1.488276066860214592e-15 3.400422515442626584e-16
9.936188237311856938e+03 1.672791331726432217e-15 3.420263539814214421e-16
9.941067636720797964e+03 2.116357374208337079e-15 3.543993238976254809e-16
9.945947036129738990e+03 1.374346960275111979e-15 3.482040618067825396e-16
9.950826435538680016e+03 1.476673210317500151e-15 3.665630495978026966e-16
9.955705834947621042e+03 2.024044190245928260e-15 3.651265083955705800e-16
9.960585234356562069e+03 1.759632478120506457e-15 4.009438697353344116e-16
9.965464633765503095e+03 8.271731480751799963e-16 4.743793198021132099e-16
9.970344033174444121e+03 1.474747881548197645e-15 4.644270325445654909e-16
9.975223432583385147e+03 1.358922685938207767e-15 3.949126589573373039e-16
9.980102831992326173e+03 9.864047340260324398e-16 3.638691650259712599e-16
9.984982231401267200e+03 9.912197403272082717e-16 3.685477222059471269e-16
9.989861630810208226e+03 8.478077731907614877e-16 3.714517120493379036e-16
9.994741030219149252e+03 1.040613143835916013e-15 3.766666122008287256e-16
9.999620429628090278e+03 1.308836758078261250e-15 3.880089523953796488e-16
1.000449982903703130e+04 1.820174268801612381e-15 3.901327446401774568e-16
1.000937922844597233e+04 1.882899919347441541e-15 4.212785815377687404e-16
1.001425862785491336e+04 1.988535944235094143e-15 4.547044494790834522e-16
1.001913802726385438e+04 2.359178881577800315e-15 4.327103568156417859e-16
1.002401742667279541e+04 2.341388979843319361e-15 4.146080891638657619e-16
1.002889682608173644e+04 1.384481814161130870e-15 4.150781998784271773e-16
1.003377622549067746e+04 1.422921170775198073e-15 4.203999348657447482e-16
1.003865562489961849e+04 2.027700566784181393e-15 4.222647726904610100e-16
1.004353502430855951e+04 1.741166186961760743e-15 4.262021435700701083e-16
1.004841442371750054e+04 1.130995386082345246e-15 4.340640736287899471e-16
1.005329382312644157e+04 1.747682406992725156e-15 4.540896682133511488e-16
1.005817322253538259e+04 1.960636835590599672e-15 4.423387714833339916e-16
1.006305262194432362e+04 1.475623440153746502e-15 4.463607307426787062e-16
1.006793202135326464e+04 1.206779682238853234e-15 4.866703008701323365e-16
1.007281142076220567e+04 1.626639941351577430e-15 5.232369400161403476e-16
1.007769082017114670e+04 1.440033421657493819e-15 4.619911501818874904e-16
1.008257021958008772e+04 1.338206011841618103e-15 4.707031787362349256e-16
1.008744961898902875e+04 2.397757038545183386e-15 5.759164208392361349e-16
1.009232901839796978e+04 3.137397707237111393e-15 6.307449353549273245e-16
1.009720841780691080e+04 2.656122629502430892e-15 5.112715266115317426e-16
1.010208781721585183e+04 1.915039174413288453e-15 5.228522218968463197e-16
1.010696721662479285e+04 1.300354072315213449e-15 5.087346824302997316e-16
1.011184661603373388e+04 1.513240191046619310e-15 5.280498054761331781e-16
1.011672601544267491e+04 2.189024310359878575e-15 6.224826929957979135e-16
1.012160541485161593e+04 1.991212284103563957e-15 6.438315067958242757e-16
1.012648481426055696e+04 1.798687713535870673e-15 5.448238084136330139e-16
1.013136421366949799e+04 1.821556012852212085e-15 5.543414652137850360e-16
1.013624361307843901e+04 1.273539956862584010e-15 5.652213485361732325e-16
1.014112301248738004e+04 1.115858874929328276e-15 5.901850537115730418e-16
1.014600241189632106e+04 1.063088680067539633e-15 6.031315746561326849e-16
1.015088181130526209e+04 9.765267127501021518e-16 6.010402790135639993e-16
1.015576121071420312e+04 1.325825916470229490e-15 6.102025289026265140e-16
1.016064061012314414e+04 1.354547449260771222e-15 6.230437632313365527e-16
1.016552000953208517e+04 1.506574143854426831e-15 6.376837863144259239e-16
1.017039940894102619e+04 -2.441178163661172778e-15 6.523663740526304629e-16
1.017527880834996722e+04 -3.416472203785411448e-15 6.580209229547750804e-16
1.018015820775890825e+04 8.050026972526630889e-16 6.724659572379983862e-16
1.018503760716784927e+04 1.540897046252414103e-15 6.935389509209679073e-16
1.018991700657679030e+04 1.762410082121806830e-15 7.125613778343832821e-16
1.019479640598573133e+04 2.806927727876074894e-15 7.355311131218541602e-16
1.019967580539467235e+04 1.220552884590172320e-15 7.462179032655879385e-16
1.020455520480361338e+04 1.339220247456593768e-15 7.877154801388679518e-16
1.020943460421255440e+04 2.918535230966973432e-15 8.238667787800356843e-16
1.021431400362149543e+04 2.392132231495487473e-15 8.358261441440714416e-16
1.021919340303043646e+04 2.431589961357410850e-15 8.436837865056495491e-16
1.022407280243937748e+04 8.494720976436762161e-16 8.630298724299052387e-16
