# obs_wvl flux error  |  merged epoch (resel): STIS CCD,STIS MAMA
1.581000000000000000e+03 5.205242819752426533e-14 4.403934204545803972e-14
1.584096205800341522e+03 -2.687036793753237446e-15 1.546730481473449094e-14
1.587192411600683045e+03 2.934750264826978904e-15 8.932615958801603854e-15
1.590288617401024567e+03 -9.400903238094228394e-15 5.578280832058640058e-15
1.593384823201366089e+03 1.610849424238246170e-15 4.782374040026757874e-15
1.596481029001707611e+03 1.014606206582727948e-15 3.747082625352950233e-15
1.599577234802049134e+03 -4.248383710028336616e-15 2.654087657148110183e-15
1.602673440602390656e+03 -1.826217349218208872e-15 2.267794425547227001e-15
1.605769646402732178e+03 -3.561841994998515311e-15 1.690422028479345564e-15
1.608865852203073700e+03 -1.219555059202966045e-15 1.524098348466178256e-15
1.611962058003415223e+03 -1.172181381189873807e-15 1.277214576371677520e-15
1.615058263803756745e+03 6.796116365221279373e-16 1.178280417666718665e-15
1.618154469604098267e+03 4.921553086572975538e-16 1.026622691223964449e-15
1.621250675404439789e+03 1.100851849065708488e-16 8.585797653603819176e-16
1.624346881204781312e+03 -3.981485951705058530e-16 7.424090271807238777e-16
1.627443087005122834e+03 4.392490923262949034e-16 7.022406576872567725e-16
1.630539292805464356e+03 -3.274593364597186927e-16 5.950755622044916285e-16
1.633635498605805878e+03 -2.749495889907749283e-16 5.396814584918109128e-16
1.636731704406147401e+03 7.193977159511337666e-16 5.422826945952356826e-16
1.639827910206488923e+03 6.150368708901592022e-17 4.658122416646790929e-16
1.642924116006830445e+03 -1.183667447976267898e-16 4.279120913572946516e-16
1.646020321807171968e+03 -8.040101122204506733e-16 3.583221151476150413e-16
1.649116527607513490e+03 -1.800086224979019671e-16 3.714925646645588692e-16
1.652212733407855012e+03 4.070638315220183230e-16 3.709082069760988098e-16
1.655308939208196534e+03 -5.979664416677651997e-19 3.385739958735369072e-16
1.658405145008538057e+03 1.337249124258033026e-16 3.252873410748399360e-16
1.661501350808879579e+03 6.253297243442583834e-16 3.374953594818981063e-16
1.664597556609221101e+03 -2.483640380700753814e-16 2.745246978370922595e-16
1.667693762409562623e+03 -4.620535293341472994e-16 2.517302059335606383e-16
1.670789968209904146e+03 3.011704126387411539e-16 2.843198646401290781e-16
1.673886174010245668e+03 1.827207003412548291e-16 2.656105180010145307e-16
1.676982379810587190e+03 5.479385520823335998e-16 2.756057239576947864e-16
1.680078585610928712e+03 -1.688835219328337861e-16 2.246888877977725701e-16
1.683174791411270235e+03 4.388957569267811735e-18 2.312128357649359337e-16
1.686270997211611757e+03 -3.987778914431866033e-17 2.127665827680731565e-16
1.689367203011953279e+03 1.249570540264752627e-16 2.172401223005768837e-16
1.692463408812294801e+03 2.578912394134563868e-16 2.217423960708652857e-16
1.695559614612636324e+03 -2.573886592620078568e-17 1.973759528981675861e-16
1.698655820412977846e+03 2.756510053679116300e-16 2.041213885556684282e-16
1.701752026213319368e+03 -7.429241349591549965e-17 1.819459887038966620e-16
1.704848232013660891e+03 1.451011792158150832e-16 1.909368742858207766e-16
1.707944437814002413e+03 4.876209021899090911e-16 2.071981926475129458e-16
1.711040643614343935e+03 1.142569912117557829e-16 1.810485848323664284e-16
1.714136849414685457e+03 -2.940295288107206609e-17 1.686855672515088347e-16
1.717233055215026980e+03 1.099095485607420285e-16 1.693629043629530582e-16
1.720329261015368502e+03 3.147614161274163917e-16 1.777420866195261622e-16
1.723425466815710024e+03 3.516366577577601593e-18 1.584814846266275162e-16
1.726521672616051546e+03 1.887396653997449566e-16 1.620121013840592294e-16
1.729617878416393069e+03 2.865964267119866914e-16 1.654295437262705131e-16
1.732714084216734591e+03 -2.949630547291923287e-17 1.439985217630716499e-16
1.735810290017076113e+03 -9.759164691795308960e-18 1.445240144667813745e-16
1.738906495817417635e+03 1.225447489863859711e-17 1.426790922957214846e-16
1.742002701617759158e+03 -4.954551225718651142e-18 1.384102484974026651e-16
1.745098907418100680e+03 -1.090101826354934667e-16 1.279295536451918382e-16
1.748195113218442202e+03 1.671446427157497772e-16 1.388888576062300145e-16
1.751291319018783724e+03 9.892593671359467480e-17 1.307735786354706835e-16
1.754387524819125247e+03 1.477610837117378657e-16 1.336484643593703411e-16
1.757483730619466769e+03 1.086653688180718620e-16 1.305965297076190846e-16
1.760579936419808291e+03 -6.582560203995458254e-18 1.212939919598139521e-16
1.763676142220149814e+03 4.422669093772820640e-17 1.205898087211424949e-16
1.766772348020491336e+03 8.733699213225579168e-17 1.227280035111238597e-16
1.769868553820832858e+03 1.169691002837712338e-16 1.224125182379161363e-16
1.772964759621174380e+03 3.590244509872432653e-17 1.158219146159461270e-16
1.776060965421515903e+03 7.983189124526333369e-17 1.148202383309821005e-16
1.779157171221857425e+03 -4.580756811103464666e-17 1.041898806825227952e-16
1.782253377022198947e+03 1.398257644737763994e-16 1.173438918614932607e-16
1.785349582822540469e+03 5.854397388900237978e-17 1.093799036968824277e-16
1.788445788622881992e+03 3.541844546981033803e-16 1.241462688443959214e-16
1.791541994423223514e+03 -1.084108934804889699e-16 9.647421610497838523e-17
1.794638200223565036e+03 1.046347484983654202e-16 1.093676446419485166e-16
1.797734406023906558e+03 2.398108667655481810e-17 1.000287966117286332e-16
1.800830611824248081e+03 7.660198477444402354e-17 1.006959931652729723e-16
1.803926817624589603e+03 1.648888645470569094e-16 1.031941021510373402e-16
1.807023023424931125e+03 3.728749997495987553e-16 1.126717339692935183e-16
1.810119229225272647e+03 1.447064319548567988e-16 1.005133034861598024e-16
1.813215435025614170e+03 1.907219151297922671e-17 9.132977246252756729e-17
1.816311640825955692e+03 9.327871580938021892e-17 9.534344161160027673e-17
1.819407846626297214e+03 1.599678270817835713e-17 8.981406221609558636e-17
1.822504052426638737e+03 1.486417594750735649e-17 8.826445931881703219e-17
1.825600258226980259e+03 1.446945240951880927e-16 9.317108070698850398e-17
1.828696464027321781e+03 2.230881818297774878e-16 9.294594773961491151e-17
1.831792669827663303e+03 3.665610410783003262e-16 9.977939598896142896e-17
1.834888875628004826e+03 2.831256717790437167e-16 9.565127748682571764e-17
1.837985081428346348e+03 1.477281846852418786e-16 8.832062298185529412e-17
1.841081287228687870e+03 2.448617655516202835e-16 9.271148016018192828e-17
1.844177493029029392e+03 1.933824479966914550e-16 8.997269376563594422e-17
1.847273698829370915e+03 1.496734471196265014e-16 8.459017272466349699e-17
1.850369904629712437e+03 3.631342270216261426e-16 9.236703645301472340e-17
1.853466110430053959e+03 5.058655347947658935e-16 9.965794979357870587e-17
1.856562316230395481e+03 2.782404250981419717e-16 8.786051197727542772e-17
1.859658522030737004e+03 3.852239252680750607e-16 9.299603071967422426e-17
1.862754727831078526e+03 4.382621584094175397e-16 9.438684361897057856e-17
1.865850933631420048e+03 2.700638045878642542e-16 8.480850782758180173e-17
1.868947139431761570e+03 4.357297118606668755e-16 9.340976552905250330e-17
1.872043345232103093e+03 5.164477777715789215e-16 9.516291420746807622e-17
1.875139551032444615e+03 3.639876198835536865e-16 8.463810926451537196e-17
1.878235756832786137e+03 4.884257158028326309e-16 9.068265648284741155e-17
1.881331962633127660e+03 4.455598484643045706e-16 8.836813213503218106e-17
1.884428168433469182e+03 4.621403362485217635e-16 9.005151509324585111e-17
1.887524374233810704e+03 6.049425083584606897e-16 9.574199062141671296e-17
1.890620580034152226e+03 4.899997915611870028e-16 8.921010572500379074e-17
1.893716785834493749e+03 5.419291660979884408e-16 9.073714821810517718e-17
1.896812991634835271e+03 6.844727272173942876e-16 9.519821117370562607e-17
1.899909197435176793e+03 6.832283182204053979e-16 9.491870389478092023e-17
1.903005403235518315e+03 5.460520491071683062e-16 8.714148417392575336e-17
1.906101609035859838e+03 5.651039552749233799e-16 8.648667574480995907e-17
1.909197814836201360e+03 8.607161062659208130e-16 9.845062935502088956e-17
1.912294020636542882e+03 6.855092094637263560e-16 8.876252805681139343e-17
1.915390226436884404e+03 6.575580314798158294e-16 8.788383237014119164e-17
1.918486432237225927e+03 6.923333949816272628e-16 9.044972741539493441e-17
1.921582638037567449e+03 5.965977663201634377e-16 8.768957568495767239e-17
1.924678843837908971e+03 7.301818061195772663e-16 9.246851654357075024e-17
1.927775049638250493e+03 4.934195677314393827e-16 7.838925893973781160e-17
1.930871255438592016e+03 5.280348349973131797e-16 8.211858746088619238e-17
1.933967461238933538e+03 5.125418435153658522e-16 8.120146523864019889e-17
1.937063667039275060e+03 4.625279799478950595e-16 7.958177385410216941e-17
1.940159872839616582e+03 4.737669833509245923e-16 7.995553588568505117e-17
1.943256078639958105e+03 4.740264858285915645e-16 7.935219090806759722e-17
1.946352284440299627e+03 3.225710330141480280e-16 7.136727382484608668e-17
1.949448490240641149e+03 4.020508898463071003e-16 7.527393731828201465e-17
1.952544696040982672e+03 4.511022747976270613e-16 7.457047124887667270e-17
1.955640901841324194e+03 5.529639866177269078e-16 7.764036723449310812e-17
1.958737107641665716e+03 3.393266735949949370e-16 6.955537927506835424e-17
1.961833313442007238e+03 2.818267600050982875e-16 6.728619393900754749e-17
1.964929519242348761e+03 4.113612095892275757e-16 7.253903738045344684e-17
1.968025725042690283e+03 5.138078920423340093e-16 7.513426262965298439e-17
1.971121930843031805e+03 4.760829241667121281e-16 7.418878569212015645e-17
1.974218136643373327e+03 4.275011054625418795e-16 7.222602546692557964e-17
1.977314342443714850e+03 3.857200030906503669e-16 6.908847523102690956e-17
1.980410548244056372e+03 3.307458904507682861e-16 6.470677028003620195e-17
1.983506754044397894e+03 4.438538530038050811e-16 7.099256918678247356e-17
1.986602959844739416e+03 2.881459853075597994e-16 6.265815602411037320e-17
1.989699165645080939e+03 4.445584780575349861e-16 7.001759725979132731e-17
1.992795371445422461e+03 3.678289290992082114e-16 6.629064236530634762e-17
1.995891577245763983e+03 3.334544545312092125e-16 6.417761603929021075e-17
1.998987783046105505e+03 4.371000109647780616e-16 6.890433409190272349e-17
2.002083988846447028e+03 3.357891413869268632e-16 6.326290441186277852e-17
2.005180194646788550e+03 3.975004105847915874e-16 6.521541599521111852e-17
2.008276400447130072e+03 3.767814912694518393e-16 6.461230749380223530e-17
2.011372606247471595e+03 4.242396147503080081e-16 6.564253328551001419e-17
2.014468812047813117e+03 4.723173255962131241e-16 6.705772873849128485e-17
2.017565017848154639e+03 4.797103716935616872e-16 6.518277234769473584e-17
2.020661223648496161e+03 5.579856448376736423e-16 6.909242658974104237e-17
2.023757429448837684e+03 5.240611867453662539e-16 6.848493047351525506e-17
2.026853635249179206e+03 5.817350825275672968e-16 7.093800642609292241e-17
2.029949841049520728e+03 4.949941764470648697e-16 6.523215306911807589e-17
2.033046046849862250e+03 4.520808918442717762e-16 6.231891157274929374e-17
2.036142252650203773e+03 6.322584723220366497e-16 7.128500948033317694e-17
2.039238458450545295e+03 5.159072101919282263e-16 6.576175171288992242e-17
2.042334664250886817e+03 4.422684953516382598e-16 6.252411213919830802e-17
2.045430870051228339e+03 5.736336811528752901e-16 6.706249143327442137e-17
2.048527075851569862e+03 5.567071077103595778e-16 6.549032284228517774e-17
2.051623281651911384e+03 4.222759550137318686e-16 6.023299779646371225e-17
2.054719487452252906e+03 4.428982554017828602e-16 6.105102399592249539e-17
2.057815693252594428e+03 5.474894163405955026e-16 6.403898972459488814e-17
2.060911899052935951e+03 5.551859490527291141e-16 6.355703221943874288e-17
2.064008104853277473e+03 4.263218214198271695e-16 5.898855672034364606e-17
2.067104310653618995e+03 4.436691619458315467e-16 5.905972169057363190e-17
2.070200516453960518e+03 5.185291768233708455e-16 6.146684798453994239e-17
2.073296722254302040e+03 4.503418359731028229e-16 5.779861977280358442e-17
2.076392928054643562e+03 4.105739844869293599e-16 5.583445906499463492e-17
2.079489133854985084e+03 5.325573862667208902e-16 6.071174477776131526e-17
2.082585339655326607e+03 4.206732495341836966e-16 5.597913077061070268e-17
2.085681545455668129e+03 3.829406657309772946e-16 5.429781547056744422e-17
2.088777751256009651e+03 4.437602040591993067e-16 5.635675897254162740e-17
2.091873957056351173e+03 4.366059502883071627e-16 5.598031962479722195e-17
2.094970162856692696e+03 4.337836758834440451e-16 5.529517142144869379e-17
2.098066368657034218e+03 4.729316980450890463e-16 5.705802910162043235e-17
2.101162574457375740e+03 4.660826331161578471e-16 5.668287062578055754e-17
2.104258780257717262e+03 4.867107081585400436e-16 5.672124226452298435e-17
2.107354986058058785e+03 4.024246102484393153e-16 5.248636339997715800e-17
2.110451191858400307e+03 4.048868974125365505e-16 5.231438409916367806e-17
2.113547397658741829e+03 3.917240551563613454e-16 5.229605901117540433e-17
2.116643603459083351e+03 4.120207145299765637e-16 5.300472544955134851e-17
2.119739809259424874e+03 4.781491329858504067e-16 5.518372267067569511e-17
2.122836015059766396e+03 4.282188678335728328e-16 5.249352966989979486e-17
2.125932220860107918e+03 2.929100017724269906e-16 4.611486097377062147e-17
2.129028426660449441e+03 3.197094104133061489e-16 4.752484233661633398e-17
2.132124632460790963e+03 3.795390469356355217e-16 5.061022429319888431e-17
2.135220838261132485e+03 3.302037790057514974e-16 4.806114390102240575e-17
2.138317044061474007e+03 3.557479692717607213e-16 4.874304724210139983e-17
2.141413249861815530e+03 3.481772826303260987e-16 4.810253027771372578e-17
2.144509455662157052e+03 4.031965770960338452e-16 5.024405514343434544e-17
2.147605661462498574e+03 3.771087610816926846e-16 4.885461688130060323e-17
2.150701867262840096e+03 3.478376484013156182e-16 4.728880250552018378e-17
2.153798073063181619e+03 3.485973871588267417e-16 4.757163887236031010e-17
2.156894278863523141e+03 3.542659034682851824e-16 4.622903939321821428e-17
2.159990484663864663e+03 5.146761577231283356e-16 5.291114313154751808e-17
2.163086690464206185e+03 4.455993778281659360e-16 5.050898265649372557e-17
2.166182896264547708e+03 4.150992316733113610e-16 4.812044432173081751e-17
2.169279102064889230e+03 4.546188493157480556e-16 4.975430640714190196e-17
2.172375307865230752e+03 4.435668628048341951e-16 4.958514164162533256e-17
2.175471513665572274e+03 4.163511807086778638e-16 4.833440483734240622e-17
2.178567719465913797e+03 4.229934230034353723e-16 4.897412106534547432e-17
2.181663925266255319e+03 5.001257035297580106e-16 5.060149948307497330e-17
2.184760131066596841e+03 4.058166105690257575e-16 4.664497104727871874e-17
2.187856336866938364e+03 3.477000970852702254e-16 4.508390908931915923e-17
2.190952542667279886e+03 4.356497888538401054e-16 4.861906083569300555e-17
2.194048748467621408e+03 3.895612720220412877e-16 4.561533209192856286e-17
2.197144954267962930e+03 3.932383669376739185e-16 4.614026098215446865e-17
2.200241160068304453e+03 3.669514024047763248e-16 4.467296242486576592e-17
2.203337365868645975e+03 4.236079726806905278e-16 4.674324313891149213e-17
2.206433571668987497e+03 3.315265198043406249e-16 4.349582146210383431e-17
2.209529777469329019e+03 3.569652774864838768e-16 4.461904831528977656e-17
2.212625983269670542e+03 3.888797978098125059e-16 4.577747800639577299e-17
2.215722189070012064e+03 3.398900607807118005e-16 4.297023584383596171e-17
2.218818394870353586e+03 3.221806555164040977e-16 4.257949129219349416e-17
2.221914600670695108e+03 3.135690669157614346e-16 4.226089102438977611e-17
2.225010806471036631e+03 3.524670968369242147e-16 4.398951653222696521e-17
2.228107012271378153e+03 2.881854543028673329e-16 4.069263791609438617e-17
2.231203218071719675e+03 2.655880748288528244e-16 3.963655556742478282e-17
2.234299423872061197e+03 2.742356091149190152e-16 3.991752427932726899e-17
2.237395629672402720e+03 3.301525101331588256e-16 4.264500433107255777e-17
2.240491835472744242e+03 3.311117591106853982e-16 4.200813237449158385e-17
2.243588041273085764e+03 3.522874779463022104e-16 4.257595070796019522e-17
2.246684247073427287e+03 3.773216781621377268e-16 4.380763865386669548e-17
2.249780452873768809e+03 3.435373357390962991e-16 4.232923144595490259e-17
2.252876658674110331e+03 3.434800023233767172e-16 4.220005663925071439e-17
2.255972864474451853e+03 3.530982150156088304e-16 4.222522223289472494e-17
2.259069070274793376e+03 2.982535174310371610e-16 4.000538706591998129e-17
2.262165276075134898e+03 3.431126301105104275e-16 4.214562448330743180e-17
2.265261481875476420e+03 3.642824734790205334e-16 4.262993375015986300e-17
2.268357687675817942e+03 2.905397921319891614e-16 3.945874279308861931e-17
2.271453893476159465e+03 2.650413745903303447e-16 3.809518834738119219e-17
2.274550099276500987e+03 2.706996566468493502e-16 3.836396398992423328e-17
2.277646305076842509e+03 3.301755289742094443e-16 4.100245057903392869e-17
2.280742510877184031e+03 2.698000652293225102e-16 3.795325115799564492e-17
2.283838716677525554e+03 3.130017224651962392e-16 4.015045175517983858e-17
2.286934922477867076e+03 3.033464028678447512e-16 3.957025049294561439e-17
2.290031128278208598e+03 3.369946033050838187e-16 4.100141430444612819e-17
2.293127334078550120e+03 2.848432200530202998e-16 3.920648794851909891e-17
2.296223539878891643e+03 2.392090892744256700e-16 3.681228246804817150e-17
2.299319745679233165e+03 2.334001668880745074e-16 3.630638622675148855e-17
2.302415951479574687e+03 2.088499918431034526e-16 3.518307202789226983e-17
2.305512157279916210e+03 3.317633117448735838e-16 4.002875526960114262e-17
2.308608363080257732e+03 3.013892858962137151e-16 3.851651708808223278e-17
2.311704568880599254e+03 2.810451884053323032e-16 3.799393576317846838e-17
2.314800774680940776e+03 3.245277235106002252e-16 3.961374687121280339e-17
2.317896980481282299e+03 2.384471935965381271e-16 3.533237052253246343e-17
2.320993186281623821e+03 3.560590825625025135e-16 4.061303581700685003e-17
2.324089392081965343e+03 3.049683687067123439e-16 3.809965001056115936e-17
2.327185597882306865e+03 3.645961039435568933e-16 4.043219388942236200e-17
2.330281803682648388e+03 4.847300639404240984e-16 4.469070411971363612e-17
2.333378009482989910e+03 5.325885387654174080e-16 4.526028832096897864e-17
2.336474215283331432e+03 5.233790049638586515e-16 4.527913071729200078e-17
2.339570421083672954e+03 6.256174212955202998e-16 4.858281725575614364e-17
2.342666626884014477e+03 5.880563233156773501e-16 4.746160606194917944e-17
2.345762832684355999e+03 5.209550968067428083e-16 4.509249100321259828e-17
2.348859038484697521e+03 5.840955749263845586e-16 4.721136317163136334e-17
2.351955244285039043e+03 6.540934746966975859e-16 4.930224828618074739e-17
2.355051450085380566e+03 7.382715476162789664e-16 5.120657528193881182e-17
2.358147655885722088e+03 6.649557430712059370e-16 4.854794379261199983e-17
2.361243861686063610e+03 6.885731158344779665e-16 4.981315102617296589e-17
2.364340067486405133e+03 8.296181868372045797e-16 5.387548756485139100e-17
2.367436273286746655e+03 8.279258500556327223e-16 5.300816358612518637e-17
2.370532479087088177e+03 8.254886898208649413e-16 5.294893715916182647e-17
2.373628684887429699e+03 9.162744664508936665e-16 5.594633398680382517e-17
2.376724890687771222e+03 8.484080733877942851e-16 5.314645185634995625e-17
2.379821096488112744e+03 9.320860690102432834e-16 5.585225909055865864e-17
2.382917302288454266e+03 9.129208258088602067e-16 5.513619470148958108e-17
2.386013508088795788e+03 9.567226105359245057e-16 5.617808874211185366e-17
2.389109713889137311e+03 8.610089909005389051e-16 5.330178785167453367e-17
2.392205919689478833e+03 8.799226808225400581e-16 5.405666028641874940e-17
2.395302125489820355e+03 1.007515223361644095e-15 5.714275560211096612e-17
2.398398331290161877e+03 9.658492680523383570e-16 5.577965012187892860e-17
2.401494537090503400e+03 9.473390505105317471e-16 5.522739170687147508e-17
2.404590742890844922e+03 1.020430777954002818e-15 5.698665067210785365e-17
2.407686948691186444e+03 1.097507910396257988e-15 5.833682879439162533e-17
2.410783154491527966e+03 9.854279524582170893e-16 5.542394029576094654e-17
2.413879360291869489e+03 9.677057366966253153e-16 5.570096489413135035e-17
2.416975566092211011e+03 9.150065262990918855e-16 5.415888341407290716e-17
2.420071771892552533e+03 9.088214943962180622e-16 5.358437983812551443e-17
2.423167977692894056e+03 9.639123695825370625e-16 5.511885596356477678e-17
2.426264183493235578e+03 9.396968365686558689e-16 5.468186083462235010e-17
2.429360389293577100e+03 9.516199942170339274e-16 5.525258008703280070e-17
2.432456595093918622e+03 8.015094402480607473e-16 5.102627197771314099e-17
2.435552800894260145e+03 9.229082231616838730e-16 5.480018193861702440e-17
2.438649006694601667e+03 8.845322905777551990e-16 5.265816803894865382e-17
2.441745212494943189e+03 8.060854146212077155e-16 5.104564854264171674e-17
2.444841418295284711e+03 8.534034378498555668e-16 5.233663766101349828e-17
2.447937624095626234e+03 9.572494780858852388e-16 5.488261220056665694e-17
2.451033829895967756e+03 9.133210671919409650e-16 5.330123618460850072e-17
2.454130035696309278e+03 9.080979341435337955e-16 5.282289540203900725e-17
2.457226241496650800e+03 8.588704126244089024e-16 5.165384891976283196e-17
2.460322447296992323e+03 7.738718373471481958e-16 4.934156429700283831e-17
2.463418653097333845e+03 7.239426872322184984e-16 4.774420854132168846e-17
2.466514858897675367e+03 8.103786303738071794e-16 5.084248692581282942e-17
2.469611064698016889e+03 7.911362415220178369e-16 4.987537531668132972e-17
2.472707270498358412e+03 7.168784933577184048e-16 4.726398918367627600e-17
2.475803476298699934e+03 6.716403742297087181e-16 4.650113644386933692e-17
2.478899682099041456e+03 6.659103806831879955e-16 4.688146118777980303e-17
2.481995887899382979e+03 6.119597623941185289e-16 4.442007487875001555e-17
2.485092093699724501e+03 5.981755337333063274e-16 4.468376875025591650e-17
2.488188299500066023e+03 5.853610275205750922e-16 4.467448461523926284e-17
2.491284505300407545e+03 5.244080391478863869e-16 4.245378802713346041e-17
2.494380711100749068e+03 5.452938317338285409e-16 4.284020493252833557e-17
2.497476916901090590e+03 5.928399999356952986e-16 4.414853523107682677e-17
2.500573122701432112e+03 5.180028748544143504e-16 4.136427407598029816e-17
2.503669328501773634e+03 6.079017263111664625e-16 4.434963546294144449e-17
2.506765534302115157e+03 5.035155802911557928e-16 4.154426765032166846e-17
2.509861740102456679e+03 4.521675172190213164e-16 4.006437781506734025e-17
2.512957945902798201e+03 4.392915479583664481e-16 3.907625378258117072e-17
2.516054151703139723e+03 6.216466885364943608e-16 4.489959205690391011e-17
2.519150357503481246e+03 5.743347053944459806e-16 4.309869361253645870e-17
2.522246563303822768e+03 5.071884657750592356e-16 4.122517385048923141e-17
2.525342769104164290e+03 5.942718560136967671e-16 4.451285272627310797e-17
2.528438974904505812e+03 6.796549315085498613e-16 4.605610904068269057e-17
2.531535180704847335e+03 6.028280504054943569e-16 4.338427465815458644e-17
2.534631386505188857e+03 5.892273313365569731e-16 4.358475058729633043e-17
2.537727592305530379e+03 7.456545769917836210e-16 4.806438659496081033e-17
2.540823798105871901e+03 8.509447268161972386e-16 4.998931370116867187e-17
2.543920003906213424e+03 8.976263348315742751e-16 5.007245494369035779e-17
2.547016209706554946e+03 9.938741685115846933e-16 5.283523560526896212e-17
2.550112415506896468e+03 1.085357425736857242e-15 5.495753299159908260e-17
2.553208621307237991e+03 1.035770200214841564e-15 5.431064778675577895e-17
2.556304827107579513e+03 1.113113179643507718e-15 5.534432175193092699e-17
2.559401032907921035e+03 1.147425647877192052e-15 5.564344808461322891e-17
2.562497238708262557e+03 1.213203035604689807e-15 5.759385645463794981e-17
2.565593444508604080e+03 1.178789630548707032e-15 5.622392427843393462e-17
2.568689650308945602e+03 1.147686805668933046e-15 5.517070242344646159e-17
2.571785856109287124e+03 1.235045162199286524e-15 5.814165393421636855e-17
2.574882061909628646e+03 1.202895493292471231e-15 5.684101669403945429e-17
2.577978267709970169e+03 1.252302864510745443e-15 5.745549284446714487e-17
2.581074473510311691e+03 1.204750717745817313e-15 5.644468912591633581e-17
2.584170679310653213e+03 1.123374265303514205e-15 5.512513854241762093e-17
2.587266885110994735e+03 1.056869672815857159e-15 5.326959979936619453e-17
2.590363090911336258e+03 1.151159885078226183e-15 5.579024003351999067e-17
2.593459296711677780e+03 1.238027185797776056e-15 5.771612885463967355e-17
2.596555502512019302e+03 1.197338349578165257e-15 5.605199151359176280e-17
2.599651708312360824e+03 1.176436484617917276e-15 5.562771853650161988e-17
2.602747914112702347e+03 1.169299048539670614e-15 5.594207622539773207e-17
2.605844119913043869e+03 1.244003159071012670e-15 5.682081827589819991e-17
2.608940325713385391e+03 1.287596562920702366e-15 5.776061147259617434e-17
2.612036531513726914e+03 1.264214775651649018e-15 5.769559349594321415e-17
2.615132737314068436e+03 1.342380327764950840e-15 5.945225602749238705e-17
2.618228943114409958e+03 1.248387416096240586e-15 5.730112753820885598e-17
2.621325148914751480e+03 1.257089199677799059e-15 5.738322713949724034e-17
2.624421354715093003e+03 1.071155870067365358e-15 5.331215027943190476e-17
2.627517560515434525e+03 1.077307665474452082e-15 5.422386899229973895e-17
2.630613766315776047e+03 1.119550937580384184e-15 5.458427203153491946e-17
2.633709972116117569e+03 1.114118124540210439e-15 5.486817164521917901e-17
2.636806177916459092e+03 1.009237224736749734e-15 5.219715816737932392e-17
2.639902383716800614e+03 9.471080828189460007e-16 5.054737840165535649e-17
2.642998589517142136e+03 9.051271502916717526e-16 4.967940885589760237e-17
2.646094795317483658e+03 9.600102668284083417e-16 5.137709456908627899e-17
2.649191001117825181e+03 8.242683483317211803e-16 4.741484703097114287e-17
2.652287206918166703e+03 8.339251241223521237e-16 4.851761325817837821e-17
2.655383412718508225e+03 7.363736763203432212e-16 4.568061175449773537e-17
2.658479618518849747e+03 7.584255080199719467e-16 4.657634908019195109e-17
2.661575824319191270e+03 7.477814069059507975e-16 4.620708426003789915e-17
2.664672030119532792e+03 7.755280274946169729e-16 4.681496745217858843e-17
2.667768235919874314e+03 7.434484766512796974e-16 4.636665730995095247e-17
2.670864441720215837e+03 6.784355729962227409e-16 4.452725808586097451e-17
2.673960647520557359e+03 6.879426735230609920e-16 4.476264699552830453e-17
2.677056853320898881e+03 5.807520255304845537e-16 4.193161843931130102e-17
2.680153059121240403e+03 5.867388301069132914e-16 4.250739762949035864e-17
2.683249264921581926e+03 6.504606972904968801e-16 4.425248769102964470e-17
2.686345470721923448e+03 6.233095320119176085e-16 4.336847620371178645e-17
2.689441676522264970e+03 6.127283723816152458e-16 4.348788932584570404e-17
2.692537882322606492e+03 6.438639565624992128e-16 4.381386243830028407e-17
2.695634088122948015e+03 7.201581984965582002e-16 4.628342865306736274e-17
2.698730293923289537e+03 7.387341701294601742e-16 4.649307983289151923e-17
2.701826499723631059e+03 8.484517544198180389e-16 4.878663555181070108e-17
2.704922705523972581e+03 9.506722502153678161e-16 5.071442518845569061e-17
2.708018911324314104e+03 1.061047854238720183e-15 5.383567944245100156e-17
2.711115117124655626e+03 1.155001848777514971e-15 5.571092182223923604e-17
2.714211322924997148e+03 1.172770672977944397e-15 5.556646561468590650e-17
2.717307528725338670e+03 1.373557505865536838e-15 6.034015259483881291e-17
2.720403734525680193e+03 1.483486063723841068e-15 6.179782654535421691e-17
2.723499940326021715e+03 1.480724920013766244e-15 6.157791328917521739e-17
2.726596146126363237e+03 1.497579786131651744e-15 6.088232202467720232e-17
2.729692351926704760e+03 1.571440044575415481e-15 6.274760998480157942e-17
2.732788557727046282e+03 1.536071205005222565e-15 6.210946767974995406e-17
2.735884763527387804e+03 1.679981657020001641e-15 6.474873728054562369e-17
2.738980969327729326e+03 1.709420047782320369e-15 6.529019521262333028e-17
2.742077175128070849e+03 1.663824550676884521e-15 6.460151057795365815e-17
2.745173380928412371e+03 1.684493442446735378e-15 6.530930626830767129e-17
2.748269586728753893e+03 1.673560382045657388e-15 6.504317705223876625e-17
2.751365792529095415e+03 1.875447737322877602e-15 6.920370116497403944e-17
2.754461998329436938e+03 1.775454270606729594e-15 6.614166245663864304e-17
2.757558204129778460e+03 1.708547299069915261e-15 6.598999478929254233e-17
2.760654409930119982e+03 1.615963395750843640e-15 6.458072549849295149e-17
2.763750615730461504e+03 1.761453096036473390e-15 6.785152095603197500e-17
2.766846821530803027e+03 1.723993670979935998e-15 6.631239627283739915e-17
2.769943027331144549e+03 1.822320893309772262e-15 6.819893268153018045e-17
2.773039233131486071e+03 1.807586680038296100e-15 6.815856650971329257e-17
2.776135438931827593e+03 1.861793563551000149e-15 6.885387860054358768e-17
2.779231644732169116e+03 1.927009552918246371e-15 6.951891308415382220e-17
2.782327850532510638e+03 2.041448076800492996e-15 7.230323668100168232e-17
2.785424056332852160e+03 1.964119512403772127e-15 7.111591976932996408e-17
2.788520262133193683e+03 2.126394330591100020e-15 7.385817149626412236e-17
2.791616467933535205e+03 2.131842973450536176e-15 7.355382246698965600e-17
2.794712673733876727e+03 2.061224264643894003e-15 7.384897877473879476e-17
2.797808879534218249e+03 1.893955616461662341e-15 6.981366353612076544e-17
2.800905085334559772e+03 2.315207962462527113e-15 7.892949392831347817e-17
2.804001291134901294e+03 2.047634461545050436e-15 7.324514586122468738e-17
2.807097496935242816e+03 2.224354490068100316e-15 7.649496474762236089e-17
2.810193702735584338e+03 2.427279026470454919e-15 7.931597189426214483e-17
2.813289908535925861e+03 2.383834483173653594e-15 7.807790516316005042e-17
2.816386114336267383e+03 2.351285769220823117e-15 7.784362281293808872e-17
2.819482320136608905e+03 2.448097766718055915e-15 7.991131258140582189e-17
2.822578525936950427e+03 2.337020990581464718e-15 7.803049405446424880e-17
2.825674731737291950e+03 2.329082019087324224e-15 7.837019050261247772e-17
2.828770937537633472e+03 2.243139501403932688e-15 7.697274782034366337e-17
2.831867143337974994e+03 2.215714148042722802e-15 7.639152768010916305e-17
2.834963349138316516e+03 2.437266298162312763e-15 8.062783698293560802e-17
2.838059554938658039e+03 2.203257437716167904e-15 7.715785813480042241e-17
2.841155760738999561e+03 2.201161897946900461e-15 7.732896056102224027e-17
2.844251966539341083e+03 2.158148336846647725e-15 7.625613395526850917e-17
2.847348172339682606e+03 2.341903697961307888e-15 7.969503478917288006e-17
2.850444378140024128e+03 2.362226709292123486e-15 8.037844558719614150e-17
2.853540583940365650e+03 2.202645921776096220e-15 7.719192492762664801e-17
2.856636789740707172e+03 2.450667359171898515e-15 8.153502492876928494e-17
2.859732995541048695e+03 2.577901237846168450e-15 8.293368404088357277e-17
2.862829201341390217e+03 2.619230961660577832e-15 8.420855796927685305e-17
2.865925407141731739e+03 2.631517133912971697e-15 8.499650479962453659e-17
2.869021612942073261e+03 2.675819993969122646e-15 8.737593633138349487e-17
2.872117818742414784e+03 2.682970366623510673e-15 8.666204057821014716e-17
2.875214024542756306e+03 2.853655714600277761e-15 8.974862532721858399e-17
2.878310230343097828e+03 2.681237368187358015e-15 8.641805935028842572e-17
2.881406436143439350e+03 2.868934308993173545e-15 8.962361814890594086e-17
2.884502641943780873e+03 2.985996304023853932e-15 9.177980795276897917e-17
2.887598847744122395e+03 3.110472180025665429e-15 9.429002661884069970e-17
2.890695053544463917e+03 3.155876746385769185e-15 9.489019916500459917e-17
2.893791259344805439e+03 3.125167517165901935e-15 9.409628576785169679e-17
2.896887465145146962e+03 3.128491561520377731e-15 9.453071338021638414e-17
2.899983670945488484e+03 3.441392723621269535e-15 9.992775305568482749e-17
2.903079876745830006e+03 3.788918464929832721e-15 1.041840405258502777e-16
2.906176082546171529e+03 3.858563057657438463e-15 1.066180875512700490e-16
2.909272288346513051e+03 4.050310974601757732e-15 1.089658918919626530e-16
2.912368494146854573e+03 4.037159268440142383e-15 1.091816708065322905e-16
2.915464699947196095e+03 4.125193953571954648e-15 1.113626791323425003e-16
2.918560905747537618e+03 4.315301090802880080e-15 1.142332050903730138e-16
2.921657111547879140e+03 4.229553395246040636e-15 1.127168566568225054e-16
2.924753317348220662e+03 4.253851067968478157e-15 1.135607939616007413e-16
2.927849523148562184e+03 4.190954009268010503e-15 1.135166824395992372e-16
2.930945728948903707e+03 4.225871351488331178e-15 1.142336347328832623e-16
2.934041934749245229e+03 4.266079763428795102e-15 1.156073200167737796e-16
2.937138140549586751e+03 4.024552946527847413e-15 1.132342179909994005e-16
2.940234346349928273e+03 4.191542461129509009e-15 1.157742451899767429e-16
2.943330552150269796e+03 4.344066573162198074e-15 1.185676295517445370e-16
2.946426757950611318e+03 4.072297567070727505e-15 1.157921213560447391e-16
2.949522963750952840e+03 4.223645372343122738e-15 1.187421940045017946e-16
2.952619169551294362e+03 4.168624485469467950e-15 1.186160633854062502e-16
2.955715375351635885e+03 4.115722491506946093e-15 1.194761865623542995e-16
2.958811581151977407e+03 3.952963240175184365e-15 1.178286556038738407e-16
2.961907786952318929e+03 4.061437061124535144e-15 1.196401676803097911e-16
2.965003992752660452e+03 4.064165819072200074e-15 1.190034017583914831e-16
2.967000000000000000e+03 4.052481768160611853e-15 8.842950411397679027e-17
2.968100198553001974e+03 4.031506131131329696e-15 1.202653114993836688e-16
2.971196404353343496e+03 3.840509486077574387e-15 1.167464889864550561e-16
2.972493410813978699e+03 3.920767841826353809e-15 8.501252937754956200e-17
2.974292610153685018e+03 4.037770901422327228e-15 1.207624672677709245e-16
2.977388815954026541e+03 3.933750266068379987e-15 1.192044637553135494e-16
2.977986821627957397e+03 3.903770601947598788e-15 9.904242480419707906e-17
2.980485021754368063e+03 3.804318023642765423e-15 1.173966862094566167e-16
2.983480232441936096e+03 3.934826198874611010e-15 1.184594139237088359e-16
2.983581227554709585e+03 3.941052746078804278e-15 1.223488286155383087e-16
2.986677433355051107e+03 3.997619547995284886e-15 1.223258214185406706e-16
2.988973643255914794e+03 3.972204485185777649e-15 9.776561721796401780e-17
2.989773639155392630e+03 3.973917540930984593e-15 1.242120563463680374e-16
2.992869844955734152e+03 3.726271919490231133e-15 1.214260348661326039e-16
2.994467054069893493e+03 3.587588159592161990e-15 8.491323358637923407e-17
2.995966050756075674e+03 3.462429823510869410e-15 1.171886557691963361e-16
2.999062256556417196e+03 3.803525592412842017e-15 1.240859298421609423e-16
2.999960464883872191e+03 3.743355860092635252e-15 9.535643333424322190e-17
3.002158462356758719e+03 3.620067571790998359e-15 1.219609343307164728e-16
3.005254668157100241e+03 3.575887757445050929e-15 1.237523914136309550e-16
3.005453875697850890e+03 3.565680433964704382e-15 1.161525220738629236e-16
3.008350873957441763e+03 3.461927210865730608e-15 1.208709559210001658e-16
3.010947286511829589e+03 3.398108113492843232e-15 1.043968732933994329e-16
3.011447079757783285e+03 3.392389996516708832e-15 1.219281816956926047e-16
3.014543285558124808e+03 3.324865066730287144e-15 1.216546593364612742e-16
3.016440697325808287e+03 3.325943731233784256e-15 8.934343420516845167e-17
3.017639491358466330e+03 3.327809306252340806e-15 1.227940071602315070e-16
3.020735697158807852e+03 3.323604345914805522e-15 1.237233293960282548e-16
3.021934108139786986e+03 3.386422890022823506e-15 9.119803958479131178e-17
3.023831902959149375e+03 3.515797081552649631e-15 1.273117535567397246e-16
3.026928108759490897e+03 3.186816241703919311e-15 1.243581529381943608e-16
3.027427518953765684e+03 3.215097366821467802e-15 1.066711687668579969e-16
3.030024314559832419e+03 3.320704982831694309e-15 1.256189382486103889e-16
3.032920929767744383e+03 3.479990218561277386e-15 1.233702125438687346e-16
3.033120520360173941e+03 3.488739215949394207e-15 1.313330506872065380e-16
3.036216726160515464e+03 3.178443328610285264e-15 1.256722931133527500e-16
3.038414340581723081e+03 3.229314557918363287e-15 9.975278077826673615e-17
3.039312931960856986e+03 3.271576248823103236e-15 1.295689541237054932e-16
3.042409137761198508e+03 3.828774896484662254e-15 1.402026188563782995e-16
3.043907751395701780e+03 3.613196850818000043e-15 9.875073158025255659e-17
3.045505343561540030e+03 3.447122143918044433e-15 1.339777378654354982e-16
3.048601549361881553e+03 3.864082813756156225e-15 1.442706470955771520e-16
3.049401162209680479e+03 3.858545728391341761e-15 1.142544025217806260e-16
3.051697755162223075e+03 3.764065059271085964e-15 1.402378306167343974e-16
3.054793960962564597e+03 3.716408470418304002e-15 1.445653883360044335e-16
3.054894573023659177e+03 3.719125494274718297e-15 1.401579606420309804e-16
3.057890166762906119e+03 3.788985152299157344e-15 1.431420870257725332e-16
3.060387983837637876e+03 3.818248829726247402e-15 1.239207900881741446e-16
3.060986372563247642e+03 3.829341355354000317e-15 1.482153218239577901e-16
3.064082578363589164e+03 3.897453424971945375e-15 1.459847350066285448e-16
3.065881394651616574e+03 3.872789688385243952e-15 1.111728360992880226e-16
3.067178784163930686e+03 3.941301173565294879e-15 1.549106296505512558e-16
3.070274989964272208e+03 3.670510436517003660e-15 1.512289886552674232e-16
3.071374805465595273e+03 3.525538560832391389e-15 1.119855797023345082e-16
3.073371195764613731e+03 3.367827984285993029e-15 1.428926348196583700e-16
3.076467401564955253e+03 3.545177369049955320e-15 1.515684864179444113e-16
3.076868216279573971e+03 3.550927721237497061e-15 1.344145469321076069e-16
3.079563607365296775e+03 3.683137838393397720e-15 1.545920400558534879e-16
3.082361627093552670e+03 3.655028108945799515e-15 1.443753087140727330e-16
3.082659813165638298e+03 3.663345510633831473e-15 1.581097999448692536e-16
3.085756018965979820e+03 3.822727221937112840e-15 1.566736632053531213e-16
3.087855037907531369e+03 3.843533372875880529e-15 1.259603744553585352e-16
3.088852224766321342e+03 3.871447622838547803e-15 1.658985513544021252e-16
3.091948430566662864e+03 3.554781305689638288e-15 1.600082479655518649e-16
3.093348448721510067e+03 3.613708108657317372e-15 1.183470737638677798e-16
3.095044636367004387e+03 3.663361903429515282e-15 1.625372726847022135e-16
3.098140842167345909e+03 3.639506998660651047e-15 1.669356264947167624e-16
3.098841859535488766e+03 3.652966695337699203e-15 1.368671675173384829e-16
3.101237047967687431e+03 3.647074609310535841e-15 1.621617541724094123e-16
3.104333253768028953e+03 3.144923291529126432e-15 1.599810530989386695e-16
3.104335270349467464e+03 3.145121843766499400e-15 1.598856685424185859e-16
3.107429459568370476e+03 3.539169703907296629e-15 1.624222643222260644e-16
3.109828681163446163e+03 3.493873841280216539e-15 1.405754834375205925e-16
3.110525665368711998e+03 3.491106032681552756e-15 1.714470196113727774e-16
3.113621871169053520e+03 3.363910484287246993e-15 1.674053459865528674e-16
3.115322091977424861e+03 3.362252219261563627e-15 1.258007113875640428e-16
3.116718076969395042e+03 3.472654830662447181e-15 1.735846911219281568e-16
3.119814282769736565e+03 3.634463189865930440e-15 1.815618499237817612e-16
3.120815502791403560e+03 3.644712934401769185e-15 1.399156167512031352e-16
3.122910488570078087e+03 3.663883849498323104e-15 1.751372832080241030e-16
3.126006694370419609e+03 3.577315259117975789e-15 1.841570428966878607e-16
3.126308913605382259e+03 3.581423007063695604e-15 1.689261162907017960e-16
3.129102900170761131e+03 3.675772328415088260e-15 1.775056900486424316e-16
3.131802324419360957e+03 3.444961031771544230e-15 1.653847451842470146e-16
3.132199105971102654e+03 3.430104780850711339e-15 1.852168284671893070e-16
3.135295311771444176e+03 3.335686896096124734e-15 1.821784769304739681e-16
3.137295735233339656e+03 3.389287922934283978e-15 1.448473585222992531e-16
3.138391517571785698e+03 3.396150946083003473e-15 1.928958987988208142e-16
3.141487723372127221e+03 3.843794845365720651e-15 2.028325096687477174e-16
3.142789146047318354e+03 3.924002506618301018e-15 1.529069737149056060e-16
3.144583929172468743e+03 3.896983794111615394e-15 2.021923049458735583e-16
3.147680134972810265e+03 3.977995419876953859e-15 2.087179617134211850e-16
3.148282556861297053e+03 3.519497574456713605e-15 5.309074647047627375e-16
3.153775967675275751e+03 3.679722141657463987e-15 5.268824816249875372e-16
3.159269378489254450e+03 4.508255142353272761e-15 5.421215320029327697e-16
3.164762789303233149e+03 4.100892259461447669e-15 4.981420769770085558e-16
3.170256200117211847e+03 4.974955730499624921e-15 5.013446574006686337e-16
3.175749610931190546e+03 5.024214039044893472e-15 5.053625097112489371e-16
3.181243021745169244e+03 4.688770246302688432e-15 4.910380963761286384e-16
3.186736432559147943e+03 5.167206197571357298e-15 4.874131130388381443e-16
3.192229843373126641e+03 4.832198655139571735e-15 4.811868639209544492e-16
3.197723254187105340e+03 4.719554199078580462e-15 4.748168801332824499e-16
3.203216665001084039e+03 6.332546247647316824e-15 5.486150164904294591e-16
3.208710075815062737e+03 4.357696205328198956e-15 4.651182452379708109e-16
3.214203486629041436e+03 5.050985809788673260e-15 4.600584437782955625e-16
3.219696897443020134e+03 4.137331905062126911e-15 4.528776952763570022e-16
3.225190308256998833e+03 5.622604083698879198e-15 4.647600165022395363e-16
3.230683719070977531e+03 3.783380961857629561e-15 4.462922213084851563e-16
3.236177129884956230e+03 4.485610918610694228e-15 4.502353875626977157e-16
3.241670540698934929e+03 3.748928486891906410e-15 4.232111156201416762e-16
3.247163951512913627e+03 4.094010878575401887e-15 4.189722294053512508e-16
3.252657362326892326e+03 4.523679119173592015e-15 4.217762100862091498e-16
3.258150773140871024e+03 3.989061520878438330e-15 4.067747194556038740e-16
3.263644183954849723e+03 4.824120423005901534e-15 4.239237723755454134e-16
3.269137594768828421e+03 4.607330624322290140e-15 4.260729447068385321e-16
3.274631005582807120e+03 4.807603998940989273e-15 4.087624202178955778e-16
3.280124416396785819e+03 3.780338273527743890e-15 4.005515112386165840e-16
3.285617827210764517e+03 5.110403347952747155e-15 4.059744357204647992e-16
3.291111238024743216e+03 4.277839542316110008e-15 3.951621592379272348e-16
3.296604648838721914e+03 5.094075916691978927e-15 3.969795828788869050e-16
3.302098059652700613e+03 4.584285601611525479e-15 3.949733655420265471e-16
3.307591470466679311e+03 5.218030298988332485e-15 3.917149954231809290e-16
3.313084881280658010e+03 4.771556069771880843e-15 3.893587754512804571e-16
3.318578292094636708e+03 4.295094352427720372e-15 3.817017206918615881e-16
3.324071702908615407e+03 5.795376897688866790e-15 4.523461062650690726e-16
3.329565113722594106e+03 5.597162599855101973e-15 3.878695664221449396e-16
3.335058524536572804e+03 5.466127926545567757e-15 3.789121272331490037e-16
3.340551935350551503e+03 5.396492426959036475e-15 3.775223385396444632e-16
3.346045346164530201e+03 1.198519393293452499e-14 5.758868021686754219e-16
3.351538756978508900e+03 4.844595976545665469e-15 3.681086969315894478e-16
3.357032167792487598e+03 6.077681535827791491e-15 3.775529868016947022e-16
3.362525578606466297e+03 5.239700082481729103e-15 3.644388577899241026e-16
3.368018989420444996e+03 5.932805734540841379e-15 3.711521878590773817e-16
3.373512400234423694e+03 5.088808373243827053e-15 3.595244826349318022e-16
3.379005811048402393e+03 6.333415180920167153e-15 3.860798940667924126e-16
3.384499221862381091e+03 9.673354943523530846e-15 3.800694780872823675e-16
3.389992632676359790e+03 1.674167833335664636e-14 4.579047951426485639e-16
3.395486043490338488e+03 5.962664570212346867e-15 3.629178469583504335e-16
3.400979454304317187e+03 6.355105123145473336e-15 3.623924551386889056e-16
3.406472865118295886e+03 7.179012962801373003e-15 3.605973207256933332e-16
3.411966275932274584e+03 6.995497624048845766e-15 3.709949347585266087e-16
3.417459686746253283e+03 6.879799621348640903e-15 3.715916888580860540e-16
3.422953097560231981e+03 9.285772174052507666e-15 4.580722748510165687e-16
3.428446508374210680e+03 7.783439538574031561e-15 3.668390808862575469e-16
3.433939919188189378e+03 7.862608612667690562e-15 3.819862319731240500e-16
3.439433330002168077e+03 7.884271625379152115e-15 3.552914458763164775e-16
3.444926740816146776e+03 7.540254889311165190e-15 4.084998798272856136e-16
3.450420151630125474e+03 7.885480528718330980e-15 3.543644799991735553e-16
3.455913562444104173e+03 7.990989153599860504e-15 3.474137078040605017e-16
3.461406973258082871e+03 7.875045621220242432e-15 3.424883252286088095e-16
3.466900384072061570e+03 7.858924423022535060e-15 3.419077401850324341e-16
3.472393794886040268e+03 8.364230290037526687e-15 3.474624448391065264e-16
3.477887205700018967e+03 7.661647898960382842e-15 3.362852831282814630e-16
3.483380616513997666e+03 7.351776656240802011e-15 3.370846488671303116e-16
3.488874027327976364e+03 8.117603617030246493e-15 3.556267607922977887e-16
3.494367438141955063e+03 7.660787467359142228e-15 3.366028612153788812e-16
3.499860848955933761e+03 8.135360375706949194e-15 3.336602289297962807e-16
3.505354259769912460e+03 8.555572278477843074e-15 3.374241821409038645e-16
3.510847670583891158e+03 8.800510688453782701e-15 3.411519501045117200e-16
3.516341081397869857e+03 9.094990676560198624e-15 3.383284588894753399e-16
3.521834492211848556e+03 9.804894022249909325e-15 3.469966012149728883e-16
3.527327903025827254e+03 9.447987997386716303e-15 3.381785776373341898e-16
3.532821313839805953e+03 1.090712596779379205e-14 3.561940666920462775e-16
3.538314724653784651e+03 1.047427548796058344e-14 3.434704686297192247e-16
3.543808135467763350e+03 1.059024453921109399e-14 3.470019779900707232e-16
3.549301546281742048e+03 9.647007665564756735e-15 3.431654437330562981e-16
3.554794957095720747e+03 1.050893920470747467e-14 3.426360747622457531e-16
3.560288367909699446e+03 1.127767026800709601e-14 3.523999449324060364e-16
3.565781778723678144e+03 1.169141689555212053e-14 3.476036328502237276e-16
3.571275189537656843e+03 1.092930784588918793e-14 3.435850758262735479e-16
3.576768600351635541e+03 1.050174915288887496e-14 3.682699158897934218e-16
3.582262011165614240e+03 1.121204669264054566e-14 3.443283070532447735e-16
3.587755421979592938e+03 1.170786764638910310e-14 3.434632380215684261e-16
3.593248832793571637e+03 1.117749755474127210e-14 3.401245107434451666e-16
3.598742243607550336e+03 1.102699476000812967e-14 3.392427941191760629e-16
3.604235654421529034e+03 1.157459177718810834e-14 4.767611460094549823e-16
3.609729065235507733e+03 1.138565757970202845e-14 4.114524030349774333e-16
3.615222476049486431e+03 1.065889749483439222e-14 3.356779350666335923e-16
3.620715886863465130e+03 1.123886544993852286e-14 3.414562623964213929e-16
3.626209297677443828e+03 1.081910290007430645e-14 3.330841696863702224e-16
3.631702708491422527e+03 1.121895359409928488e-14 3.425393290261717850e-16
3.637196119305401226e+03 1.122268258950035749e-14 3.305249689159977198e-16
3.642689530119379924e+03 1.094610741653336215e-14 3.268859014042533892e-16
3.648182940933358623e+03 1.135280133404623557e-14 3.318527064924615903e-16
3.653676351747337321e+03 1.180445328034603912e-14 3.493257469999269959e-16
3.659169762561316020e+03 1.291565153936100261e-14 3.423892996998402064e-16
3.664663173375294718e+03 1.434501030029183348e-14 3.491115423789084067e-16
3.670156584189273417e+03 1.612243533419771523e-14 3.606976201397765958e-16
3.675649995003252116e+03 1.789413168297641088e-14 3.695891503594271773e-16
3.681143405817230814e+03 1.923052645560386786e-14 3.813531701479980420e-16
3.686636816631209513e+03 2.071340433922124923e-14 3.772402284744755384e-16
3.692130227445188211e+03 2.291512915016117043e-14 4.145623000312216903e-16
3.697623638259166910e+03 2.365303031189303981e-14 4.201068890481111326e-16
3.703117049073145608e+03 2.466940589692547793e-14 3.959383986376218070e-16
3.708610459887124307e+03 2.492179450308422033e-14 3.882894895321341284e-16
3.714103870701103006e+03 2.413998748967279241e-14 3.828182546415304571e-16
3.719597281515081704e+03 2.287271637914737518e-14 3.794476308536184137e-16
3.725090692329060403e+03 2.238960239869615685e-14 3.764736644847799669e-16
3.730584103143039101e+03 2.047029446217949721e-14 3.576351604172484152e-16
3.736077513957017800e+03 1.931757950915282838e-14 3.493709951701995640e-16
3.741570924770996498e+03 1.853967442575716148e-14 3.415325244426131095e-16
3.747064335584975197e+03 1.729412744726327558e-14 3.311134541548206280e-16
3.752557746398953896e+03 1.768340688108998697e-14 3.350104498125317541e-16
3.758051157212932594e+03 1.725566331972762076e-14 3.289375524679695586e-16
3.763544568026911293e+03 1.660055240919143008e-14 3.219246190745264009e-16
3.769037978840889991e+03 1.583946385753662140e-14 3.110631410922603066e-16
3.774531389654868690e+03 1.433824874069784061e-14 3.138714886698436841e-16
3.780024800468847388e+03 1.402237759784037112e-14 3.017452667813705297e-16
3.785518211282826087e+03 1.253493297968973450e-14 3.031625514945472888e-16
3.791011622096804786e+03 1.243631055093117006e-14 2.821289299797439812e-16
3.796505032910783484e+03 1.178250283808732188e-14 2.732399719510363638e-16
3.801998443724762183e+03 1.157252273200791611e-14 2.747072235432080889e-16
3.807491854538740881e+03 1.099048693586037331e-14 2.837191471143853727e-16
3.812985265352719580e+03 1.112381171349651955e-14 2.702971011466481315e-16
3.818478676166698278e+03 1.064925597592503540e-14 2.626088062430250491e-16
3.823972086980676977e+03 1.153126280552422788e-14 2.622770661740667931e-16
3.829465497794655676e+03 1.158137631075350054e-14 2.624575097842731504e-16
3.834958908608634374e+03 1.154465896459562232e-14 2.685015655514617836e-16
3.840452319422613073e+03 1.264813753823932962e-14 2.786773122862633294e-16
3.845945730236591771e+03 1.370548435102585484e-14 2.707451546521525690e-16
3.851439141050570470e+03 1.449001710638806945e-14 2.777663222137708400e-16
3.856932551864549168e+03 1.555321470567874706e-14 2.771165592665099149e-16
3.862425962678527867e+03 1.672185434722624767e-14 3.074061437186198072e-16
3.867919373492506566e+03 1.902925161777336854e-14 2.996773371647536460e-16
3.873412784306485264e+03 2.040528101792461340e-14 2.981648928125692758e-16
3.878906195120463963e+03 2.162448220240816939e-14 3.101305481325758972e-16
3.884399605934442661e+03 2.234855719133392606e-14 3.025073301623675882e-16
3.889893016748421360e+03 2.263599316343549936e-14 3.031407206031644286e-16
3.895386427562400058e+03 2.470123311651072965e-14 3.154296344260259359e-16
3.900879838376378757e+03 2.629660528360573293e-14 3.239424195547117364e-16
3.906373249190357456e+03 2.609918325096534252e-14 3.397559958061572269e-16
3.911866660004336154e+03 2.723576321840472608e-14 3.197307397543659070e-16
3.917360070818314853e+03 2.761080897108109884e-14 3.212124062070826711e-16
3.922853481632293551e+03 2.904856394441515007e-14 3.232672466036170355e-16
3.928346892446272250e+03 2.944808599921567738e-14 3.264207478623880572e-16
3.933840303260250948e+03 3.022759663034891611e-14 3.254182637236884197e-16
3.939333714074229647e+03 3.054191141287610785e-14 3.261567285407458254e-16
3.944827124888208346e+03 3.053007990750343520e-14 3.249877449770897962e-16
3.950320535702187044e+03 3.121844197243018989e-14 3.278659617957205422e-16
3.955813946516165743e+03 3.181909655918952007e-14 3.266020751569922866e-16
3.961307357330144441e+03 3.267819307907138099e-14 3.305910611260584837e-16
3.966800768144123140e+03 3.321490217316620744e-14 3.291720166152906350e-16
3.972294178958101838e+03 3.429816456536369125e-14 3.337374599837313111e-16
3.977787589772080537e+03 3.454339459892649104e-14 3.336135533548649592e-16
3.983281000586059236e+03 3.481346432457045173e-14 3.511030405489760157e-16
3.988774411400037934e+03 3.405192921504159946e-14 3.298886468166240162e-16
3.994267822214016633e+03 3.267045621650687763e-14 3.224557690420014891e-16
3.999761233027995331e+03 3.118575629820522903e-14 3.137281448891113614e-16
4.005254643841974030e+03 3.004069245762875570e-14 3.097072476001728712e-16
4.010748054655952728e+03 2.976742825774029347e-14 3.082061340669756406e-16
4.016241465469931427e+03 2.887438569316559645e-14 3.023708454788806911e-16
4.021734876283910125e+03 2.784986065900082165e-14 3.181426458532711966e-16
4.027228287097888824e+03 2.692022198502980699e-14 3.033940064322462002e-16
4.032721697911867523e+03 2.485870170249130588e-14 2.818822049500951844e-16
4.038215108725846221e+03 2.418264022551635482e-14 2.780475646625573981e-16
4.043708519539824920e+03 2.395643560865282361e-14 2.787245451540306050e-16
4.049201930353803618e+03 2.369384188007238954e-14 2.785635919737279919e-16
4.054695341167782317e+03 2.400305710759181484e-14 2.777655541215808866e-16
4.060188751981761015e+03 2.380316346329303220e-14 2.733324878874669230e-16
4.065682162795739714e+03 2.398450025757812749e-14 2.963488727760375466e-16
4.071175573609718413e+03 2.510351019175544499e-14 2.838058240171959976e-16
4.076668984423697111e+03 2.615940660074616325e-14 2.829556049083647037e-16
4.082162395237675810e+03 2.613189875884581791e-14 2.846803716030311855e-16
4.087655806051654508e+03 2.473581841036652763e-14 2.766600504971735546e-16
4.093149216865633207e+03 2.440788389579288431e-14 2.921449621935596292e-16
4.098642627679611905e+03 2.397500239607027958e-14 2.722142114014390783e-16
4.104136038493590604e+03 2.407146333392433556e-14 2.722564921703462699e-16
4.109629449307569303e+03 2.331257990566030722e-14 2.695688101260312556e-16
4.115122860121548001e+03 2.312428325696657003e-14 2.686353812103811928e-16
4.120616270935526700e+03 2.248646804072712375e-14 2.667465750224546999e-16
4.126109681749505398e+03 2.197342153771919420e-14 2.617117030356593387e-16
4.131603092563484097e+03 2.106816134991715079e-14 2.583794200856645018e-16
4.137096503377462795e+03 2.108351166615362526e-14 2.567888896016522912e-16
4.142589914191441494e+03 2.055976710591436841e-14 2.522522654014548086e-16
4.148083325005420193e+03 1.988722065292627127e-14 2.500816040210340887e-16
4.153576735819398891e+03 1.932441571912732118e-14 2.612072342165234287e-16
4.159070146633377590e+03 1.919720364872093123e-14 2.483539309105672186e-16
4.164563557447356288e+03 1.886993455894074766e-14 2.428925971681383600e-16
4.170056968261334987e+03 1.926898971834726541e-14 2.445391967505294562e-16
4.175550379075313685e+03 1.958902053554327475e-14 2.520027482787825672e-16
4.181043789889292384e+03 1.970885647260237441e-14 2.461806734375204273e-16
4.186537200703271083e+03 2.075196774328062861e-14 2.501362093766334845e-16
4.192030611517249781e+03 2.231126668287678400e-14 2.561628631050375617e-16
4.197524022331228480e+03 2.224571672945146351e-14 2.554215008404383008e-16
4.203017433145207178e+03 2.253686193080403503e-14 2.562945290698804765e-16
4.208510843959185877e+03 2.276725691166315591e-14 2.614593102916099658e-16
4.214004254773164575e+03 2.316289783204319999e-14 2.607066603398464647e-16
4.219497665587143274e+03 2.367169328412004034e-14 2.629904995153019378e-16
4.224991076401121973e+03 2.396485565330083174e-14 2.616176859645526749e-16
4.230484487215100671e+03 2.385564956844442418e-14 2.611779365415267155e-16
4.235977898029079370e+03 2.349612327228398255e-14 2.602049141038777962e-16
4.241471308843058068e+03 2.329700497811936388e-14 2.694409065736293291e-16
4.246964719657036767e+03 2.259888343458355982e-14 2.548572184524432656e-16
4.252458130471015465e+03 2.290341887284908509e-14 2.560189227696149215e-16
4.257951541284994164e+03 2.234363945616221736e-14 2.522111362703653344e-16
4.263444952098972863e+03 2.261292227670196684e-14 2.571296546442400633e-16
4.268938362912951561e+03 2.314205141328967103e-14 2.663951362745030433e-16
4.274431773726930260e+03 2.211889928505942320e-14 2.754797346918406973e-16
4.279925184540908958e+03 2.350239250274948872e-14 2.586591505792470550e-16
4.285418595354887657e+03 2.304577269965467858e-14 2.591880971297048203e-16
4.290912006168866355e+03 2.313893985257945494e-14 2.553411748535093771e-16
4.296405416982845054e+03 2.359193764444955589e-14 2.549053144712802665e-16
4.301898827796823753e+03 2.475319653023716217e-14 2.594722246950373663e-16
4.307392238610802451e+03 2.600850300115691100e-14 2.644878831025583084e-16
4.312885649424781150e+03 2.645961801522169060e-14 2.696854173567486152e-16
4.318379060238759848e+03 2.602068741555715911e-14 2.690246568694577402e-16
4.323872471052738547e+03 2.613373541371427837e-14 2.626002685762916141e-16
4.329365881866717245e+03 2.590851156621555807e-14 2.712769629780468953e-16
4.334859292680695944e+03 2.545985336808180180e-14 2.610107816627492154e-16
4.340352703494674643e+03 2.473621066393536314e-14 2.607990360597559312e-16
4.345846114308653341e+03 2.450646550666189567e-14 2.663228741076903228e-16
4.351339525122632040e+03 2.310355738569731196e-14 2.470817195611805903e-16
4.356832935936610738e+03 2.246268016928101162e-14 2.450253419526905327e-16
4.362326346750589437e+03 2.162188485595540771e-14 2.408649818675828571e-16
4.367819757564568135e+03 2.044305043126001347e-14 2.349846387561655172e-16
4.373313168378546834e+03 1.957554350258193971e-14 2.318191219040941747e-16
4.378806579192525533e+03 1.935571250243750235e-14 2.310006054239719585e-16
4.384299990006504231e+03 1.878599451818011344e-14 2.266097462450179436e-16
4.389793400820482930e+03 1.805054060849220433e-14 2.234910133086699165e-16
4.395286811634461628e+03 1.706914118216377930e-14 2.166099154142235634e-16
4.400780222448440327e+03 1.676829049893367076e-14 2.142802867451752387e-16
4.406273633262419025e+03 1.606760464013246569e-14 2.110744052370027246e-16
4.411767044076397724e+03 1.596346742603883703e-14 2.098351429197370472e-16
4.417260454890376423e+03 1.544448335694975477e-14 2.146896507514392004e-16
4.422753865704355121e+03 1.500670640758381559e-14 2.065437536537301654e-16
4.428247276518333820e+03 1.469746403681447126e-14 2.034882074991257760e-16
4.433740687332312518e+03 1.463626787653057502e-14 2.033076167683862912e-16
4.439234098146291217e+03 1.471688591210755861e-14 2.025030964364817596e-16
4.444727508960269915e+03 1.490411387442647604e-14 2.022967532716854032e-16
4.450220919774248614e+03 1.502924967756561259e-14 2.081501353163593939e-16
4.455714330588227313e+03 1.530339694305257843e-14 2.188403157097971383e-16
4.461207741402206011e+03 1.545962911251892446e-14 2.042243024629236683e-16
4.466701152216184710e+03 1.542841959899529810e-14 2.041999245493351133e-16
4.472194563030163408e+03 1.534868432479798058e-14 2.048608400016345558e-16
4.477687973844142107e+03 1.586200336129670153e-14 2.052393126401493081e-16
4.483181384658120805e+03 1.622229762373922808e-14 2.069243909804978656e-16
4.488674795472099504e+03 1.660111541502046807e-14 2.092832764213708340e-16
4.494168206286078203e+03 1.672840617959372233e-14 2.092503232208497448e-16
4.499661617100056901e+03 1.815248106620101321e-14 2.179127733066081493e-16
4.505155027914035600e+03 1.885586555199798832e-14 2.202921827790912255e-16
4.510648438728014298e+03 1.967196253447037832e-14 2.229360719850631031e-16
4.516141849541992997e+03 2.101109979629870034e-14 2.299992676121848696e-16
4.521635260355971695e+03 2.191418613434338012e-14 2.363103043981546281e-16
4.527128671169950394e+03 2.332884543696786446e-14 2.380263124644441336e-16
4.532622081983929093e+03 2.417724949591958606e-14 2.585771955482790024e-16
4.538115492797907791e+03 2.642863262174197921e-14 2.518506199221401455e-16
4.543608903611886490e+03 2.865109724749181929e-14 2.605649906222643058e-16
4.549102314425865188e+03 3.085258707030323696e-14 2.994534936389307281e-16
4.554595725239843887e+03 3.360293404838452368e-14 2.799569496442099013e-16
4.560089136053822585e+03 3.631349623793377804e-14 2.870145632353805441e-16
4.565582546867801284e+03 3.899563858944944036e-14 2.961627255271771720e-16
4.571075957681779983e+03 3.848577546142764457e-14 2.969244293909963658e-16
4.576569368495758681e+03 4.092532008419677685e-14 3.015027713313520819e-16
4.582062779309737380e+03 4.057074131244838916e-14 3.009203350119449374e-16
4.587556190123716078e+03 4.225302011050206619e-14 3.070208354887200925e-16
4.593049600937694777e+03 4.270044446424366392e-14 3.094145162560167980e-16
4.598543011751673475e+03 4.278199526296453836e-14 3.095556021245011719e-16
4.604036422565652174e+03 4.403921912446985264e-14 3.119256501692259153e-16
4.609529833379630873e+03 4.553217599134750437e-14 3.179034524949118651e-16
4.615023244193609571e+03 4.730309008474494475e-14 3.236214422054687304e-16
4.620516655007588270e+03 4.826027634908207831e-14 3.289233881096511921e-16
4.626010065821566968e+03 4.859283215296307595e-14 3.289116011810558364e-16
4.631503476635545667e+03 5.083277744331415110e-14 3.338394227028266629e-16
4.636996887449524365e+03 5.075858172988591594e-14 3.346045922336245644e-16
4.642490298263503064e+03 5.155647980416623908e-14 3.360324384621297305e-16
4.647983709077481763e+03 5.072466919089602380e-14 3.339737987354513222e-16
4.653477119891460461e+03 4.833651484683658584e-14 3.251956048429788060e-16
4.658970530705439160e+03 4.562989433253594368e-14 3.170841495186581376e-16
4.664463941519417858e+03 4.342575389529879462e-14 3.411381533385695403e-16
4.669957352333396557e+03 4.135698816145296136e-14 3.037914753312005717e-16
4.675450763147375255e+03 3.847791907859104990e-14 2.936591235771950224e-16
4.680944173961353954e+03 3.665519896634063509e-14 2.883504386396247136e-16
4.686437584775332652e+03 3.428540046098927857e-14 2.809616170255253978e-16
4.691930995589311351e+03 3.200260616636838601e-14 2.720005659815954303e-16
4.697424406403290050e+03 3.024988360116225021e-14 2.651346072587121402e-16
4.702917817217268748e+03 2.812624155653165685e-14 2.568871394749558174e-16
4.708411228031247447e+03 2.655010649884673985e-14 2.509376585564430852e-16
4.713904638845226145e+03 2.535326451743701901e-14 2.456686469434958590e-16
4.719398049659204844e+03 2.461241836568857577e-14 2.423714881398137825e-16
4.724891460473183542e+03 2.347249542159848654e-14 2.375221675389891212e-16
4.730384871287162241e+03 2.408927137757086062e-14 2.396283260634996903e-16
4.735878282101140940e+03 2.472572774146171662e-14 2.435620466736366313e-16
4.741371692915119638e+03 2.465172018382669851e-14 2.435350507258559288e-16
4.746865103729098337e+03 2.404496560888503811e-14 2.411549225707159420e-16
4.752358514543077035e+03 2.344437219529336945e-14 2.377196323317571325e-16
4.757851925357055734e+03 2.249975752817325043e-14 2.347090938308109478e-16
4.763345336171034432e+03 2.235788083192242582e-14 2.328524443955249092e-16
4.768838746985013131e+03 2.224647453818489766e-14 2.318280933137505619e-16
4.774332157798991830e+03 2.225058620241364145e-14 2.361734623384622088e-16
4.779825568612970528e+03 2.235859690548989667e-14 2.305034925637937128e-16
4.785318979426949227e+03 2.270962146737401669e-14 2.318665502128941216e-16
4.790812390240927925e+03 2.299610927032909521e-14 2.338481985282137508e-16
4.796305801054906624e+03 2.443863003752596030e-14 2.384534235268058922e-16
4.801799211868885322e+03 2.477732459948422857e-14 2.394407136594363240e-16
4.807292622682864021e+03 2.540110312354724357e-14 2.437577000520327336e-16
4.812786033496842720e+03 2.650683894592868414e-14 2.506115602141237290e-16
4.818279444310821418e+03 2.873771476385634382e-14 2.536125306179168979e-16
4.823772855124800117e+03 3.013069960478683989e-14 2.593419617414742294e-16
4.829266265938778815e+03 3.076818875881546752e-14 2.773952499180357727e-16
4.834759676752757514e+03 3.090253298277585747e-14 2.629141662032875579e-16
4.840253087566736212e+03 2.997767169325302566e-14 2.580011502488383249e-16
4.845746498380714911e+03 2.945180946452339403e-14 2.561269309705227460e-16
4.851239909194693610e+03 2.845380305338298547e-14 2.512624731644462134e-16
4.856733320008672308e+03 2.800345242343115431e-14 2.540071436516826199e-16
4.862226730822651007e+03 2.804264016588760106e-14 2.524011933386170264e-16
4.867720141636629705e+03 2.690915720815052283e-14 2.436682875802317256e-16
4.873213552450608404e+03 2.742132491622621204e-14 2.457815269808780939e-16
4.878706963264587102e+03 2.698209881896367006e-14 2.431711231605670365e-16
4.884200374078565801e+03 2.674822358078284422e-14 2.422005934711287586e-16
4.889693784892544500e+03 2.619464314352409747e-14 2.413350678837418741e-16
4.895187195706523198e+03 2.568056995658640235e-14 2.381897401902830900e-16
4.900680606520501897e+03 2.556393338957687456e-14 2.387478685429884756e-16
4.906174017334480595e+03 2.566571890701765324e-14 2.386253293441890624e-16
4.911667428148459294e+03 2.675370855417913509e-14 2.503305090987006043e-16
4.917160838962437992e+03 2.605115124997294155e-14 2.396969842289987385e-16
4.922654249776416691e+03 2.787907214958508287e-14 2.420143584109295044e-16
4.928147660590395390e+03 2.824501754337518599e-14 2.478226861190305134e-16
4.933641071404374088e+03 2.967484595117681770e-14 2.545043265091542712e-16
4.939134482218352787e+03 3.070606963595258512e-14 2.567511183981112646e-16
4.944627893032331485e+03 3.192475373147634258e-14 2.558120901495372895e-16
4.950121303846310184e+03 3.198995460024556909e-14 2.629575448972031760e-16
4.955614714660288882e+03 3.382494950321051559e-14 2.605396093294034065e-16
4.961108125474267581e+03 3.366128013158018320e-14 2.592908920610866235e-16
4.966601536288246280e+03 3.402637290604263137e-14 2.600055426095289709e-16
4.972094947102224978e+03 3.395805477385596116e-14 2.594612980216784919e-16
4.977588357916203677e+03 3.306787948586194465e-14 2.598443990689911860e-16
4.983081768730182375e+03 3.165647800045224841e-14 2.528086537399766405e-16
4.988575179544161074e+03 3.060518374248223070e-14 2.489030817887311564e-16
4.994068590358139772e+03 2.951371717235747295e-14 2.438868965908229875e-16
4.999562001172118471e+03 2.825157414671624195e-14 2.388322827254483223e-16
5.005055411986097170e+03 2.789384941518788808e-14 2.367003865822425852e-16
5.010548822800075868e+03 2.706738724373562432e-14 2.329240132993545436e-16
5.016042233614054567e+03 2.665855544312902139e-14 2.317515037884455251e-16
5.021535644428033265e+03 2.582322135124974788e-14 2.268335776958811902e-16
5.027029055242011964e+03 2.517601719826626727e-14 2.241096989760580144e-16
5.032522466055990662e+03 2.412095215569182038e-14 2.207226575075982392e-16
5.038015876869969361e+03 2.319864835956960883e-14 2.157528139398982619e-16
5.043509287683948060e+03 2.298153458575174115e-14 2.143580613870706224e-16
5.049002698497926758e+03 2.271565304028779232e-14 2.137670845073871085e-16
5.054496109311905457e+03 2.267168601610601744e-14 2.127655055601729637e-16
5.059989520125884155e+03 2.148058424848561198e-14 2.069679576115467430e-16
5.065482930939862854e+03 2.189897726697549114e-14 2.130084837505575876e-16
5.070976341753841552e+03 2.154800797521361725e-14 2.063350373456415133e-16
5.076469752567820251e+03 2.110640406821468473e-14 2.039074212130140001e-16
5.081963163381798950e+03 2.141738754412489882e-14 2.063240315123474351e-16
5.087456574195777648e+03 2.063338218819488866e-14 2.030403744551231462e-16
5.092949985009756347e+03 1.997773090954395038e-14 1.996872603052393458e-16
5.098443395823735045e+03 1.971310800309169511e-14 1.965867440906679303e-16
5.103936806637713744e+03 1.959957994408106114e-14 1.972692363784248674e-16
5.109430217451692442e+03 1.948999696427608811e-14 1.957666052082738176e-16
5.114923628265671141e+03 1.942480259267066882e-14 1.951478037145703357e-16
5.120417039079649840e+03 1.885499005197779964e-14 1.912798955033794339e-16
5.125910449893628538e+03 1.909357717223022204e-14 2.000876368048422557e-16
5.131403860707607237e+03 1.867144425156011558e-14 1.915841252256454734e-16
5.136897271521585935e+03 1.838659055865989212e-14 1.887985960769937193e-16
5.142390682335564634e+03 1.854471756151871991e-14 1.899869597884463017e-16
5.147884093149543332e+03 1.839335188190878173e-14 1.880587485039028810e-16
5.153377503963522031e+03 1.825359156419978007e-14 1.901817960557078366e-16
5.158870914777500730e+03 1.816017337838727998e-14 1.870505832215767607e-16
5.164364325591479428e+03 1.830377882900354050e-14 2.040972306357664564e-16
5.169857736405458127e+03 1.874131669339169997e-14 1.883212929419760216e-16
5.175351147219436825e+03 1.933958574947046601e-14 1.906569424376103312e-16
5.180844558033415524e+03 1.966055227614974025e-14 1.928820391024994073e-16
5.186337968847394222e+03 2.021566162454670052e-14 1.932720960436461407e-16
5.191831379661372921e+03 2.074334247971656177e-14 1.956402838440953368e-16
5.197324790475351620e+03 2.131562256401001997e-14 1.988192359830747465e-16
5.202818201289330318e+03 2.193789015239052185e-14 1.997804425530000719e-16
5.208311612103309017e+03 2.330322125661195266e-14 2.066233096414546461e-16
5.213805022917287715e+03 2.448995989825853836e-14 2.102878453597290331e-16
5.219298433731266414e+03 2.445090041949947851e-14 2.084487106208932892e-16
5.224791844545245112e+03 2.627736442055584153e-14 2.138894187710030191e-16
5.230285255359223811e+03 2.786786633982526537e-14 2.199750277874349405e-16
5.235778666173202510e+03 2.831718009264354936e-14 2.207711902087847035e-16
5.241272076987181208e+03 2.878528260170830683e-14 2.214356782743668130e-16
5.246765487801159907e+03 2.894504141391044072e-14 2.221898114414427878e-16
5.252258898615138605e+03 2.961028431355200126e-14 2.246080718834835752e-16
5.257752309429117304e+03 2.994559832578819906e-14 2.255989807596778281e-16
5.263245720243096002e+03 3.052174477878148478e-14 2.304385998276472624e-16
5.268739131057074701e+03 3.163545890237659663e-14 2.312468694773270256e-16
5.274232541871053400e+03 3.253130247292794427e-14 2.353055641647186058e-16
5.279725952685032098e+03 3.280506172588033358e-14 2.353446662779521444e-16
5.285219363499010797e+03 3.374241324391265323e-14 2.007989550570406533e-16
5.289000000000000000e+03 3.382316716854123589e-14 1.642834735834436012e-16
5.290712774312989495e+03 3.397821228844633762e-14 2.035471933280763512e-16
5.296206185126968194e+03 3.434200789221843313e-14 1.673430154907624467e-16
5.298758006749426386e+03 3.436046081761398653e-14 1.418345056064942910e-16
5.301699595940946892e+03 3.446667577826107858e-14 1.597661001281967187e-16
5.307193006754925591e+03 3.466172422399387925e-14 1.791273031539133361e-16
5.308516013498852772e+03 3.457744621034990726e-14 1.583620554292334904e-16
5.312686417568904290e+03 3.462085383777353732e-14 1.413522252656977088e-16
5.318179828382882988e+03 3.449925920926401543e-14 1.709295425268708036e-16
5.318274020248279157e+03 3.447784726698060613e-14 1.693914902697139893e-16
5.323673239196861687e+03 3.489550193736942063e-14 1.440024715801894383e-16
5.328032026997705543e+03 3.409915408026571555e-14 1.549493542026006380e-16
5.329166650010840385e+03 3.438150132226737125e-14 1.745679706451113335e-16
5.334660060824819084e+03 3.368256779499429236e-14 1.573086608581272619e-16
5.337790033747131929e+03 3.304399412168891097e-14 1.467193518999165061e-16
5.340153471638797782e+03 3.308740756923167375e-14 1.718173834930551616e-16
5.345646882452776481e+03 3.288245817531492057e-14 1.741007967873660223e-16
5.347548040496558315e+03 3.283013998413984800e-14 1.456069249913663364e-16
5.351140293266755180e+03 3.265253469976469190e-14 1.502412842412970422e-16
5.356633704080733878e+03 3.244458240491479937e-14 1.736026685185600073e-16
5.357306047245984701e+03 3.242019975674671018e-14 1.622103377588712786e-16
5.362127114894712577e+03 3.224885443224161552e-14 1.482056375216630255e-16
5.367064053995411086e+03 3.206502119486608329e-14 1.639007529322587474e-16
5.367620525708691275e+03 3.207993537577942656e-14 1.736236253725724355e-16
5.373113936522669974e+03 3.196634280856862349e-14 1.476921549690064156e-16
5.376822060744837472e+03 3.194158870459587392e-14 1.450958046575275968e-16
5.378607347336648672e+03 3.202832179589766083e-14 1.738224889769981303e-16
5.384100758150627371e+03 3.276371626306842331e-14 1.695819279405265383e-16
5.386580067494263858e+03 3.287314654252072727e-14 1.421630594170472408e-16
5.389594168964606069e+03 3.306294889483598632e-14 1.580840598280464228e-16
5.395087579778584768e+03 3.352218616197924847e-14 1.807824889340082616e-16
5.396338074243690244e+03 3.358223284191451106e-14 1.595752277648196130e-16
5.400580990592563467e+03 3.414603684109825093e-14 1.491128146336651807e-16
5.406074401406542165e+03 3.478494829053661638e-14 1.776072356414330776e-16
5.406096080993116630e+03 3.478531844736722847e-14 1.772300842241781343e-16
5.411567812220520864e+03 3.536504622148236168e-14 1.533497158830161076e-16
5.415854087742543015e+03 3.615952665075101678e-14 1.613630875711951249e-16
5.417061223034499562e+03 3.635042151866049924e-14 1.814197869788217486e-16
5.422554633848478261e+03 3.684789439497706002e-14 1.588142787114071789e-16
5.425612094491969401e+03 3.696380099120388364e-14 1.446648533185645572e-16
5.428048044662456959e+03 3.689871502465159749e-14 1.697035832175590687e-16
5.433541455476435658e+03 3.764447228181359171e-14 1.772123729998136325e-16
5.435370101241395787e+03 3.770976114716765312e-14 1.500042785184063787e-16
5.439034866290414357e+03 3.788473892394958414e-14 1.490125809080152718e-16
5.444528277104393055e+03 3.887288537134590291e-14 1.781475689866137153e-16
5.445128107990822173e+03 3.886971157317036492e-14 1.685208254407158056e-16
5.450021687918371754e+03 3.886731086410574720e-14 1.435947792867250936e-16
5.454886114740248559e+03 3.904671493587557930e-14 1.668268970037187867e-16
5.455515098732350452e+03 3.907302882723036933e-14 1.766157007451478876e-16
5.461008509546329151e+03 3.884008002083590524e-14 1.454953708737639761e-16
5.464644121489674944e+03 3.881481427133378091e-14 1.479809359407467736e-16
5.466501920360307849e+03 3.883795248380293856e-14 1.733340954167477966e-16
5.471995331174286548e+03 3.842493746600784437e-14 1.646659567841745833e-16
5.474402128239101330e+03 4.094226028000635226e-14 1.486853475335203325e-16
5.477488741988265247e+03 4.119554572248446161e-14 1.583689851684904175e-16
5.482982152802243945e+03 3.840744593215339590e-14 1.693866702276261202e-16
5.484160134988527716e+03 3.839956812233165318e-14 1.530142676544538783e-16
5.488475563616222644e+03 3.817861114459018789e-14 1.360573054216472416e-16
5.493918141737954102e+03 3.773339081055316883e-14 1.699333170896245006e-16
5.493968974430201342e+03 3.773071343916492277e-14 1.705993002278103870e-16
5.499462385244180041e+03 3.744739663198391345e-14 1.381072133865917723e-16
5.503676148487380487e+03 3.700552233346257698e-14 1.495992524214810914e-16
5.504955796058158739e+03 3.695100030397152600e-14 1.660954168296973836e-16
5.510449206872137438e+03 3.669273117702118228e-14 1.470266069490164417e-16
5.513434155236806873e+03 3.654529876589715836e-14 1.383332612415039444e-16
5.515942617686116137e+03 3.645105371596881177e-14 1.563316392749823905e-16
5.521436028500094835e+03 3.609743447624643583e-14 1.635667912622344431e-16
5.523192161986233259e+03 3.612808434952054212e-14 1.418156844063086498e-16
5.526929439314073534e+03 3.633494542360937087e-14 1.351100959711552201e-16
5.532422850128052232e+03 3.624760765096522196e-14 1.639943607013226694e-16
5.532950168735659645e+03 3.623914526056237386e-14 1.570155915169887807e-16
5.537916260942030931e+03 3.645285879466469535e-14 1.319900618089656021e-16
5.542708175485086031e+03 3.608084148913499914e-14 1.635273152197977571e-16
5.543409671756009629e+03 3.608229097242064677e-14 1.723985815881511533e-16
5.548903082569988328e+03 3.616246818078963835e-14 1.386491132151864557e-16
5.552466182234512416e+03 3.615758536078769965e-14 1.416414287616187469e-16
5.554396493383967027e+03 3.605619238200002177e-14 1.639698207160335750e-16
5.559889904197945725e+03 3.607137942924867362e-14 1.595796857840172048e-16
5.562224188983938802e+03 3.613859065668063351e-14 1.387142666150323537e-16
5.565383315011924424e+03 3.598897016338546511e-14 1.428348075043288426e-16
5.570876725825903122e+03 3.566756142236894441e-14 1.664558442789485977e-16
5.571982195733365188e+03 3.569304046746082141e-14 1.513494348917781073e-16
5.576370136639881821e+03 3.543945298212919779e-14 1.323284002384120965e-16
5.581740202482791574e+03 3.481543675198575199e-14 1.598075919238730808e-16
5.581863547453860519e+03 3.480583774024845370e-14 1.613403108515210076e-16
5.587356958267839218e+03 3.474087612962918223e-14 1.297525573244915103e-16
5.591498209232217960e+03 3.456783019036732425e-14 1.451003493639281324e-16
5.592850369081817917e+03 3.455254424747309196e-14 1.621039663075263868e-16
5.598343779895796615e+03 3.392844494467015068e-14 1.416971704252994493e-16
5.601256215981644345e+03 3.380375994422900766e-14 1.342865107597137482e-16
5.603837190709775314e+03 3.362973979309872974e-14 1.487550926661196324e-16
5.609330601523754012e+03 3.278551535551908503e-14 1.561421703118041879e-16
5.611014222731070731e+03 3.276170786034798471e-14 1.370195889361547367e-16
5.614824012337732711e+03 3.252321495117595189e-14 1.270838773374133054e-16
5.620317423151711409e+03 3.224430862451258157e-14 1.568990985542058919e-16
5.620772229480497117e+03 3.219341568252783536e-14 1.513749984847340523e-16
5.625810833965690108e+03 3.198949384252656447e-14 1.240475803773837168e-16
5.630530236229923503e+03 3.135659927540685274e-14 1.461986692724318191e-16
5.631304244779668807e+03 3.137519490073270509e-14 1.554774817048777813e-16
5.636797655593647505e+03 3.011197305809517103e-14 1.248288222226779101e-16
5.640288242979349889e+03 2.966140010693813296e-14 1.288658404509245253e-16
5.642291066407626204e+03 2.957631404355762349e-14 1.488587370406401788e-16
5.647784477221604902e+03 2.856982932311972791e-14 1.438192791888170374e-16
5.650046249728776274e+03 2.858410265486648400e-14 1.259882691196689403e-16
5.653277888035583601e+03 2.817344081877894150e-14 1.259404085436608644e-16
5.658771298849562299e+03 2.733628353288074204e-14 1.531846003887422393e-16
5.659804256478202660e+03 2.727333613599134558e-14 1.405477292165605912e-16
5.664264709663540998e+03 2.673682566418054492e-14 1.175393417788020641e-16
5.669562263227629046e+03 2.644013083830307875e-14 1.393539635480851966e-16
5.669758120477519697e+03 2.643748537212066206e-14 1.412517158175181901e-16
5.675251531291498395e+03 2.589666846362248308e-14 1.112277750693880979e-16
5.679320269977055432e+03 2.569992104387747097e-14 1.261348980576762400e-16
5.680744942105477094e+03 2.575753031127027453e-14 1.399852902223329202e-16
5.686238352919455792e+03 2.491864221192034556e-14 1.251519687926701400e-16
5.689078276726481818e+03 2.448605179687903832e-14 1.761427332464953666e-16
5.698836283475908203e+03 2.407813851110969605e-14 1.707065423084481771e-16
5.708594290225334589e+03 2.325453758474035575e-14 1.667442834503065815e-16
5.718352296974760975e+03 2.294813125953710410e-14 1.653217731307411507e-16
5.728110303724187361e+03 2.255738560756515193e-14 1.671777282965964524e-16
5.737868310473613747e+03 2.183251662216947935e-14 1.629939923777487296e-16
5.747626317223040132e+03 2.186991277877794946e-14 1.606201169233871389e-16
5.757384323972466518e+03 2.145473427530472737e-14 1.601586770216077924e-16
5.767142330721892904e+03 2.124532558698547696e-14 1.772617108002998398e-16
5.776900337471319290e+03 2.096679659700330719e-14 1.562670395155161581e-16
5.786658344220745676e+03 2.010560463254905562e-14 1.523597168284075097e-16
5.796416350970172061e+03 1.952052284952340554e-14 1.511996805294030300e-16
5.806174357719598447e+03 1.887186719503147716e-14 1.525148402344867135e-16
5.815932364469024833e+03 1.855265393846539961e-14 1.466517319864541740e-16
5.825690371218451219e+03 1.907541768757788056e-14 1.483717800830298861e-16
5.835448377967877605e+03 2.054024355601707009e-14 1.516491602230312786e-16
5.845206384717303990e+03 2.259804169364762378e-14 1.581876121668491980e-16
5.854964391466730376e+03 2.400328853524380916e-14 1.630145473733488056e-16
5.864722398216156762e+03 2.560097540031421648e-14 1.670772428955986311e-16
5.874480404965583148e+03 2.623389666851722191e-14 1.681517839206584510e-16
5.884238411715009534e+03 2.703488055909274479e-14 1.696647522264678425e-16
5.893996418464435919e+03 2.779141830573447702e-14 1.741707093692557107e-16
5.903754425213862305e+03 2.762230442262890578e-14 1.700963253660538578e-16
5.913512431963288691e+03 2.775605312680776281e-14 1.715191128196973810e-16
5.923270438712715077e+03 2.751191922136933879e-14 1.730607886868229175e-16
5.933028445462141462e+03 2.692016593246197544e-14 1.693035266930269626e-16
5.942786452211567848e+03 2.577888042836371280e-14 1.658578267316190518e-16
5.952544458960994234e+03 2.472142688390900106e-14 1.631859058234310510e-16
5.962302465710420620e+03 2.311737031240853940e-14 1.583934141998489397e-16
5.972060472459847006e+03 2.238669139799777858e-14 1.566218384700112833e-16
5.981818479209273391e+03 2.193907396235744004e-14 1.550990750197400508e-16
5.991576485958699777e+03 2.202283935733415229e-14 1.552307620037134502e-16
6.001334492708126163e+03 2.244947475329146834e-14 1.559498302838777655e-16
6.011092499457552549e+03 2.288107602173633154e-14 1.572821252923313665e-16
6.020850506206978935e+03 2.279146278192012065e-14 1.600182092130298827e-16
6.030608512956405320e+03 2.241116478306358651e-14 1.545481913727855314e-16
6.040366519705831706e+03 2.111283712059201946e-14 1.500127808887405945e-16
6.050124526455258092e+03 2.023285021608184203e-14 1.470846925343269706e-16
6.059882533204684478e+03 1.999822289887844928e-14 1.564476147251327018e-16
6.069640539954110864e+03 1.933605604486688012e-14 1.436434795725428183e-16
6.079398546703537249e+03 1.980204685922357683e-14 1.455200574679837207e-16
6.089156553452963635e+03 2.062397575501072169e-14 1.452516328039686127e-16
6.098914560202390021e+03 2.080725802702941012e-14 1.486614464858922577e-16
6.108672566951816407e+03 2.057774564417526204e-14 1.438941982990293132e-16
6.118430573701242793e+03 1.991325518959426650e-14 1.418888949385358542e-16
6.128188580450669178e+03 1.944647014321399269e-14 1.388920626422652692e-16
6.137946587200095564e+03 1.862815179550911589e-14 1.378157445265728842e-16
6.147704593949521950e+03 1.625077389629128373e-14 1.305203044315131504e-16
6.157462600698948336e+03 1.536985016350862004e-14 1.267897091637760471e-16
6.167220607448374722e+03 1.435823433885484594e-14 1.228975090971679864e-16
6.176978614197801107e+03 1.387000064865454886e-14 1.219120419384657039e-16
6.186736620947227493e+03 1.361977128830326255e-14 1.218634140852638621e-16
6.196494627696653879e+03 1.422451893632072320e-14 1.376781157488431452e-16
6.206252634446080265e+03 1.358063649108089363e-14 1.217423477944782542e-16
6.216010641195506651e+03 1.406123164773968120e-14 1.240015172251079244e-16
6.225768647944933036e+03 1.417462368522812210e-14 1.221554559502439264e-16
6.235526654694359422e+03 1.454000736523945859e-14 1.245442550861179693e-16
6.245284661443785808e+03 1.464574263715995474e-14 1.241080935940460272e-16
6.255042668193212194e+03 1.482708206051331805e-14 1.249387180239799998e-16
6.264800674942638580e+03 1.552850245982904373e-14 1.261955857872693692e-16
6.274558681692064965e+03 1.615930693273753750e-14 1.283762615191314449e-16
6.284316688441491351e+03 1.656696870111424919e-14 1.297843565095331574e-16
6.294074695190917737e+03 1.712216743666184513e-14 1.318884052885759940e-16
6.303832701940344123e+03 1.770765974426513380e-14 1.326867499995969275e-16
6.313590708689770508e+03 1.859940418824535492e-14 1.365806109416372857e-16
6.323348715439196894e+03 1.943571647183606434e-14 1.383521000117423784e-16
6.333106722188623280e+03 1.999997583082879895e-14 1.390773435457308474e-16
6.342864728938049666e+03 2.081861418866105230e-14 1.406149382715547066e-16
6.352622735687476052e+03 2.198398683822789012e-14 1.472165728677775344e-16
6.362380742436902437e+03 2.252336310192115266e-14 1.438528136961476675e-16
6.372138749186328823e+03 2.360831239564861247e-14 1.471719674580549581e-16
6.381896755935755209e+03 2.381139930272592983e-14 1.467178604284424237e-16
6.391654762685181595e+03 2.440374803892270567e-14 1.485858372159483700e-16
6.401412769434607981e+03 2.457416919693645242e-14 1.481564043485397879e-16
6.411170776184034366e+03 2.496364707320591160e-14 1.495164976623717345e-16
6.420928782933460752e+03 2.510828987382625309e-14 1.499521861824428660e-16
6.430686789682887138e+03 2.544108524348853883e-14 1.500713957750008767e-16
6.440444796432313524e+03 2.592226145848111600e-14 1.512916204080673859e-16
6.450202803181739910e+03 2.629079368038927122e-14 1.518393124632477530e-16
6.459960809931166295e+03 2.633641500473889238e-14 1.522021795786262645e-16
6.469718816680592681e+03 2.632071420628612581e-14 1.523264264565768159e-16
6.479476823430019067e+03 2.650494983850344816e-14 1.652032987683207522e-16
6.489234830179445453e+03 2.631404666872619386e-14 1.535860918458703107e-16
6.498992836928871839e+03 2.634604295432463992e-14 1.574489813383780205e-16
6.508750843678298224e+03 2.649893107567625718e-14 1.528479132557300192e-16
6.518508850427724610e+03 2.621923041213505420e-14 1.974727716002332149e-16
6.528266857177150996e+03 2.607564080141089359e-14 1.920390938686169971e-16
6.538024863926577382e+03 2.596715599709182919e-14 1.520854814105343009e-16
6.547782870676003768e+03 2.572398433793762291e-14 1.515061504573055004e-16
6.557540877425430153e+03 2.559193610242341836e-14 1.513588244335631580e-16
6.567298884174856539e+03 2.489075880959394727e-14 1.495312420591607708e-16
6.577056890924282925e+03 2.436110911093780151e-14 1.504406257243645457e-16
6.586814897673709311e+03 2.355315977791738862e-14 1.460691892979847652e-16
6.596572904423135697e+03 2.337098815406332420e-14 1.459119652107060589e-16
6.606330911172562082e+03 2.263947882338129868e-14 1.442404851644558685e-16
6.616088917921988468e+03 2.204236168269859612e-14 1.424858545663344714e-16
6.625846924671414854e+03 2.114449505164611175e-14 1.410462051301366700e-16
6.635604931420841240e+03 2.042797238212665232e-14 1.472945916720479650e-16
6.645362938170267626e+03 1.951845720349611336e-14 1.423636102072968448e-16
6.655120944919694011e+03 1.907367723375440682e-14 1.350444281288731471e-16
6.664878951669120397e+03 1.852575260529131179e-14 1.336948788534429787e-16
6.674636958418546783e+03 1.805500389775930786e-14 1.378935300837971823e-16
6.684394965167973169e+03 1.745801269560562841e-14 1.306703725099758051e-16
6.694152971917399555e+03 1.690167513826117133e-14 1.268854382208605874e-16
6.703910978666825940e+03 1.628633581342023372e-14 1.261195438799792798e-16
6.713668985416252326e+03 1.565680863123706796e-14 1.242998776812223195e-16
6.723426992165678712e+03 1.527572155933412820e-14 1.230776460755027598e-16
6.733184998915105098e+03 1.498195336977407635e-14 1.218260826915865212e-16
6.742943005664531483e+03 1.457808848022213975e-14 1.197802714855044602e-16
6.752701012413957869e+03 1.411437302854039835e-14 1.176860960984313305e-16
6.762459019163384255e+03 1.381880938034148164e-14 1.161869379304052757e-16
6.772217025912810641e+03 1.346184112923711633e-14 1.152690956645803935e-16
6.781975032662237027e+03 1.312960670594961870e-14 1.146975564992221302e-16
6.791733039411663412e+03 1.294655849832443633e-14 1.140049157542167781e-16
6.801491046161089798e+03 1.261204611091853880e-14 1.123104085288982086e-16
6.811249052910516184e+03 1.252951861401738734e-14 1.116367520513324203e-16
6.821007059659942570e+03 1.223777308397451977e-14 1.132701673629876146e-16
6.830765066409368956e+03 1.224994208433193583e-14 1.123770056828888917e-16
6.840523073158795341e+03 1.160252362400690299e-14 1.108589271384282164e-16
6.850281079908221727e+03 1.143214138705971915e-14 1.085029852012887368e-16
6.860039086657648113e+03 1.141455812911196211e-14 1.090936729825501656e-16
6.869797093407074499e+03 1.124482032942419259e-14 1.095891454233281315e-16
6.879555100156500885e+03 1.098672748448003556e-14 1.076307018795863954e-16
6.889313106905927270e+03 1.113427576315917880e-14 1.091289013402252126e-16
6.899071113655353656e+03 1.090366611912438239e-14 1.064278790413580328e-16
6.908829120404780042e+03 1.063938344577479463e-14 1.052407967527298406e-16
6.918587127154206428e+03 1.064658118218454450e-14 1.059734947569153580e-16
6.928345133903632814e+03 1.045546440413695826e-14 1.066594630829254771e-16
6.938103140653059199e+03 1.025549882759362212e-14 1.043409467055727196e-16
6.947861147402485585e+03 9.904465052770255360e-15 1.026784624371051108e-16
6.957619154151911971e+03 9.780950284091511944e-15 1.020013442082474983e-16
6.967377160901338357e+03 9.843949424069434681e-15 1.032972191750579823e-16
6.977135167650764743e+03 9.569166479535778125e-15 1.014823639374760163e-16
6.986893174400191128e+03 9.617406059587854233e-15 1.034673349812668162e-16
6.996651181149617514e+03 9.344523307931533372e-15 1.020845358393184417e-16
7.006409187899043900e+03 9.235614718004493652e-15 1.017094269264448339e-16
7.016167194648470286e+03 9.300001454642375615e-15 1.000634207214410247e-16
7.025925201397896672e+03 9.357511231432171303e-15 1.003713128022253108e-16
7.035683208147323057e+03 9.244744168055421243e-15 1.001784128007009928e-16
7.045441214896749443e+03 9.163164942148317801e-15 1.004286309180022545e-16
7.055199221646175829e+03 9.138487607076202577e-15 9.983830804047939173e-17
7.064957228395602215e+03 9.329533634791366109e-15 1.006121215916379428e-16
7.074715235145028601e+03 9.310356246388931592e-15 1.004731981084079622e-16
7.084473241894454986e+03 9.144694744885481687e-15 9.961957914829957527e-17
7.094231248643881372e+03 9.050923328768746834e-15 9.897568875223550385e-17
7.103989255393307758e+03 9.544286306618682820e-15 1.008182277721677635e-16
7.113747262142734144e+03 9.635052014934282242e-15 1.017488849704190771e-16
7.123505268892160530e+03 9.858501667922585344e-15 1.038514521387654785e-16
7.133263275641586915e+03 1.004747253677664441e-14 1.040041296749084461e-16
7.143021282391013301e+03 1.022248862380358873e-14 1.046862333441427308e-16
7.152779289140439687e+03 1.049817435353280782e-14 1.063051732588904177e-16
7.162537295889866073e+03 1.053309161309280239e-14 1.061118835727438235e-16
7.172295302639292458e+03 1.053660861246822596e-14 1.120930437247877909e-16
7.182053309388718844e+03 1.082282959450109524e-14 1.082722196232599029e-16
7.191811316138145230e+03 1.602848857127829044e-14 1.305656542692147023e-16
7.201569322887571616e+03 1.095899196780257417e-14 1.093194999694244891e-16
7.211327329636998002e+03 1.069020926691644207e-14 1.078373364636846865e-16
7.221085336386424387e+03 1.068888919839350308e-14 1.080437762243102017e-16
7.230843343135850773e+03 1.087869632745235607e-14 1.100642673633110422e-16
7.240601349885277159e+03 1.139634803320801671e-14 1.177118452976087533e-16
7.250359356634703545e+03 1.101508893040944472e-14 1.113469796912660233e-16
7.260117363384129931e+03 1.091844258715161763e-14 1.109009368944971326e-16
7.269875370133556316e+03 1.121106547364448945e-14 1.144062909862406798e-16
7.279633376882982702e+03 1.148444356205605261e-14 1.130551881360808685e-16
7.289391383632409088e+03 1.177959495383108255e-14 1.150389593353369431e-16
7.299149390381835474e+03 1.164777446288819128e-14 1.158418553453201992e-16
7.308907397131261860e+03 1.160584656713567807e-14 1.163926299193248703e-16
7.318665403880688245e+03 1.193168824023924095e-14 1.183500387798766357e-16
7.328423410630114631e+03 1.189365761323184136e-14 1.200927985792734498e-16
7.338181417379541017e+03 1.213469331812612892e-14 1.187910678301900417e-16
7.347939424128967403e+03 1.199998988250179465e-14 1.192959578908778905e-16
7.357697430878393789e+03 1.171231286148468028e-14 1.173125970190410739e-16
7.367455437627820174e+03 1.188987365739769243e-14 1.194131666090661127e-16
7.377213444377246560e+03 1.180501803914930171e-14 1.196577329696948037e-16
7.386971451126672946e+03 1.184130688034704801e-14 1.238257465517580901e-16
7.396729457876099332e+03 1.149724746359248368e-14 1.176848245663161643e-16
7.406487464625525718e+03 1.132955110463068714e-14 1.170707446022278450e-16
7.416245471374952103e+03 1.152274267645989466e-14 1.184410501878157919e-16
7.426003478124378489e+03 1.127305648539868246e-14 1.180116504616943219e-16
7.435761484873804875e+03 1.109204736286520644e-14 1.177165411626135382e-16
7.445519491623231261e+03 1.090139716971590330e-14 1.189570117176196954e-16
7.455277498372657647e+03 1.076319007126507854e-14 1.160518127011111406e-16
7.465035505122084032e+03 1.064528786544791153e-14 1.334523105118339413e-16
7.474793511871510418e+03 1.076340976675160287e-14 1.202254934479173826e-16
7.484551518620936804e+03 1.033268303617723838e-14 1.150595206139937905e-16
7.494309525370363190e+03 1.038033471531454836e-14 1.163838025625054042e-16
7.504067532119789576e+03 1.016026876316607426e-14 1.160500935091547903e-16
7.513825538869215961e+03 9.788323252436684716e-15 1.129712342272541072e-16
7.523583545618642347e+03 9.546602477979039832e-15 1.125294505903457119e-16
7.533341552368068733e+03 9.596746682498669782e-15 1.154808230841712512e-16
7.543099559117495119e+03 9.256734899955469539e-15 1.113386950310280333e-16
7.552857565866921504e+03 8.792613181989344032e-15 1.177618499611560470e-16
7.562615572616347890e+03 8.961720023841967181e-15 1.122297056937154106e-16
7.572373579365774276e+03 8.950015188990623591e-15 1.111832002585277686e-16
7.582131586115200662e+03 9.185558710497652455e-15 1.117770838995056795e-16
7.591889592864627048e+03 9.010064073753351648e-15 1.130467616946370605e-16
7.601647599614053433e+03 9.008407666988934104e-15 1.122158908484303586e-16
7.611405606363479819e+03 8.469928754310284892e-15 1.102976090325140157e-16
7.621163613112906205e+03 8.688800174368263886e-15 1.109829246761163149e-16
7.630921619862332591e+03 9.192359738927803322e-15 1.132194185216631755e-16
7.640679626611758977e+03 9.316920810639836197e-15 1.146885844725047160e-16
7.650437633361185362e+03 9.089620308981556430e-15 1.193592282818970107e-16
7.660195640110611748e+03 9.014608554202703241e-15 1.145458281709713814e-16
7.669953646860038134e+03 9.305594486828677981e-15 1.154684959152663059e-16
7.679711653609464520e+03 9.603847678250563359e-15 1.170189114873240210e-16
7.689469660358890906e+03 9.720437025470029735e-15 1.205145986521425888e-16
7.699227667108317291e+03 9.627354355702846413e-15 1.192598757327698006e-16
7.708985673857743677e+03 9.583720054596467913e-15 1.185650003474003007e-16
7.718743680607170063e+03 1.030060203888015023e-14 1.251609746095475939e-16
7.728501687356596449e+03 1.060570348073556755e-14 1.374509252069621709e-16
7.738259694106022835e+03 1.005565514308751311e-14 1.225967408884238344e-16
7.748017700855449220e+03 1.006810724241219616e-14 1.234814653108534198e-16
7.757775707604875606e+03 1.040210742008581959e-14 1.280348351269840483e-16
7.767533714354301992e+03 1.103410606084600329e-14 1.291505909418512881e-16
7.777291721103728378e+03 1.105833812281862850e-14 1.318260220143090550e-16
7.787049727853154764e+03 1.084046029248032402e-14 1.312318593503154330e-16
7.796807734602581149e+03 1.075079203605549918e-14 1.307040342270192563e-16
7.806565741352007535e+03 1.105834849213500924e-14 1.380029687632856325e-16
7.816323748101433921e+03 1.160576953679466263e-14 1.373644248809390178e-16
7.826081754850860307e+03 1.182825033652005332e-14 1.493826463935682380e-16
7.835839761600286693e+03 1.235787096061726986e-14 1.514600870905562019e-16
7.845597768349713078e+03 1.122321868007892042e-14 1.354067388285704829e-16
7.855355775099139464e+03 1.102420356525128503e-14 1.351098092514362547e-16
7.865113781848565850e+03 1.139638505090933090e-14 1.380754286385661761e-16
7.874871788597992236e+03 1.098961016910731857e-14 1.414751276205719394e-16
7.884629795347418622e+03 1.145468806155115092e-14 1.409489658549400772e-16
7.894387802096845007e+03 1.166136962937775172e-14 1.442922787431288072e-16
7.904145808846271393e+03 1.151486098134331350e-14 1.427255281038872921e-16
7.913903815595697779e+03 1.083397470880981750e-14 1.417913122472047827e-16
7.923661822345124165e+03 1.059560023863651269e-14 1.399070861970589003e-16
7.933419829094550551e+03 1.100780534624629308e-14 1.416375547213969010e-16
7.943177835843976936e+03 1.142586876185310275e-14 1.449506978923588952e-16
7.952935842593403322e+03 1.057694514551627723e-14 1.415025266560924748e-16
7.962693849342829708e+03 9.856696186279989240e-15 1.410509696344804784e-16
7.972451856092256094e+03 1.001917143776638018e-14 1.413870712101073786e-16
7.982209862841682479e+03 1.034486863817339638e-14 1.422944181789956644e-16
7.991967869591108865e+03 1.026222583396421880e-14 1.422346125927292471e-16
8.001725876340535251e+03 9.635504962237213053e-15 1.427956421190032015e-16
8.011483883089961637e+03 8.944449908539631939e-15 1.378019793628792058e-16
8.021241889839388023e+03 8.825648915647039831e-15 1.414106598808808385e-16
8.030999896588814408e+03 8.961962931428480816e-15 1.541200197483095146e-16
8.040757903338240794e+03 8.982070268088916203e-15 1.411662066417403896e-16
8.050515910087667180e+03 8.917283569025601935e-15 1.408488896349730939e-16
8.060273916837093566e+03 8.842619125637184512e-15 1.430113894410901276e-16
8.070031923586519952e+03 8.219395618140069714e-15 1.393514169808225376e-16
8.079789930335946337e+03 7.700363441948991828e-15 1.382166216026154975e-16
8.089547937085372723e+03 7.629454440917379110e-15 1.400154490152729548e-16
8.099305943834799109e+03 7.719334361045467054e-15 1.389565278126207478e-16
8.109063950584225495e+03 7.767907349242716530e-15 1.404950322221303255e-16
8.118821957333651881e+03 7.823672210650065542e-15 1.413485772379355302e-16
8.128579964083078266e+03 7.704512776704195667e-15 1.411926795646300511e-16
8.138337970832504652e+03 7.208341259189811916e-15 1.404076545231420147e-16
8.148095977581931038e+03 7.111564813971561106e-15 1.432908135623680371e-16
8.157853984331357424e+03 7.159611873634477881e-15 1.418692107853677750e-16
8.167611991080783810e+03 7.155108356905140819e-15 1.404751297902419406e-16
8.177369997830210195e+03 6.577451788614492128e-15 1.410999821701814398e-16
8.187128004579636581e+03 5.784307262629079350e-15 1.353417281565368157e-16
8.196886011329062967e+03 5.312187417187585164e-15 1.527760183080965554e-16
8.206644018078488443e+03 4.935192372486291568e-15 1.340576587488987557e-16
8.216402024827915739e+03 4.239664854118883254e-15 1.276379062089903230e-16
8.226160031577343034e+03 4.284965272279516091e-15 1.278423109516676714e-16
8.235918038326768510e+03 3.677963526249575858e-15 1.255712178036800321e-16
8.245676045076193986e+03 3.699303075070025032e-15 1.250461496511715341e-16
8.255434051825621282e+03 3.200446424549340353e-15 1.227880853449987954e-16
8.265192058575048577e+03 3.353232876716277078e-15 1.242794997650453340e-16
8.274950065324474053e+03 3.027316678590114521e-15 1.246490994109883557e-16
8.284708072073899530e+03 2.913370467460030944e-15 1.257390046288975002e-16
8.294466078823326825e+03 3.113169998051556616e-15 1.231362179438334642e-16
8.304224085572754120e+03 3.176459997895967103e-15 1.247069372776828186e-16
8.313982092322179597e+03 3.482283471438736768e-15 1.279159917318917303e-16
8.323740099071605073e+03 3.961752975884504365e-15 1.329274124835380950e-16
8.333498105821032368e+03 3.865147849512432384e-15 1.309624608472276763e-16
8.343256112570459663e+03 3.920010519015527895e-15 1.302217769945481719e-16
8.353014119319885140e+03 3.704819449027502748e-15 1.303305867353606571e-16
8.362772126069310616e+03 3.610184991891933503e-15 1.305828337488428657e-16
8.372530132818737911e+03 3.751099021311575063e-15 1.294604292726297017e-16
8.382288139568165207e+03 3.829918944460278638e-15 1.299817380111907429e-16
8.392046146317590683e+03 3.931386097256049186e-15 1.338316631011884985e-16
8.401804153067016159e+03 4.095022582442200908e-15 1.437967057095170942e-16
8.411562159816443454e+03 3.913300619769632690e-15 1.318254573875974222e-16
8.421320166565870750e+03 3.929122564485611973e-15 1.305954174830246292e-16
8.431078173315296226e+03 4.365872591454958891e-15 1.345957530779597149e-16
8.440836180064721702e+03 4.858233918237636759e-15 1.448519770471007458e-16
8.450594186814148998e+03 5.224377986729872836e-15 1.393904490393744696e-16
8.460352193563576293e+03 5.444762717705011983e-15 1.401840943319538764e-16
8.470110200313001769e+03 5.979704361470054645e-15 1.432357131581761066e-16
8.479868207062427246e+03 5.751567406244119013e-15 1.482099850833077043e-16
8.489626213811854541e+03 6.667892451309164289e-15 1.480012264730396382e-16
8.499384220561281836e+03 7.008208902364469892e-15 1.491540982589213113e-16
8.509142227310707312e+03 7.243515918688402543e-15 1.582991783787675342e-16
8.518900234060132789e+03 8.599693403196208105e-15 1.600114046415527515e-16
8.528658240809560084e+03 8.915324096587782877e-15 1.875820541699553124e-16
8.538416247558987379e+03 9.132316107143314538e-15 1.682400140626771691e-16
8.548174254308412856e+03 9.495980317595525215e-15 1.651112603998845183e-16
8.557932261057838332e+03 9.271438707886547833e-15 1.613994533534045871e-16
8.567690267807265627e+03 8.997594467626789590e-15 1.592259207432787431e-16
8.577448274556692922e+03 9.122495845345476295e-15 1.631347564643937885e-16
8.587206281306118399e+03 9.554405087500472011e-15 1.621625988786602620e-16
8.596964288055543875e+03 9.834317704485298675e-15 1.697180150422556423e-16
8.606722294804971170e+03 1.021731331183146263e-14 1.653958262702543219e-16
8.616480301554398466e+03 1.083416158348910164e-14 1.678551769223010226e-16
8.626238308303823942e+03 1.073185996236275676e-14 1.702102483567937495e-16
8.635996315053249418e+03 1.070589447358212595e-14 1.675224539455234998e-16
8.645754321802676714e+03 9.857303216277306686e-15 1.654577132131966442e-16
8.655512328552104009e+03 1.006324175457922582e-14 1.692073065607640960e-16
8.665270335301529485e+03 1.027684215454153255e-14 1.659201051531079897e-16
8.675028342050954961e+03 1.095837135980945496e-14 1.712757771656644440e-16
8.684786348800382257e+03 1.139701346691891791e-14 1.735893993683986997e-16
8.694544355549809552e+03 1.091171719024048529e-14 1.740646754839371833e-16
8.704302362299235028e+03 1.086757814704348907e-14 1.700145604399316222e-16
8.714060369048660505e+03 1.061820388627388310e-14 1.685011909056755853e-16
8.723818375798087800e+03 1.049830971904516833e-14 1.722297359939596510e-16
8.733576382547515095e+03 1.094472716257344056e-14 1.696289894458882655e-16
8.743334389296940572e+03 1.148098705230517557e-14 1.753309911720273367e-16
8.753092396046366048e+03 1.106580763543082246e-14 1.758102065374700138e-16
8.762850402795793343e+03 9.955001757533361249e-15 1.654339888049250123e-16
8.772608409545220638e+03 1.018406692287223191e-14 1.669854128030120645e-16
8.782366416294646115e+03 1.019608046576818775e-14 1.655579163929241698e-16
8.792124423044071591e+03 1.049689343502730507e-14 1.702272955553322678e-16
8.801882429793498886e+03 1.079837066313513071e-14 1.770508907662962294e-16
8.811640436542926182e+03 1.052859993128378430e-14 1.689511226396885892e-16
8.821398443292351658e+03 9.856105587140376789e-15 1.679764059473240066e-16
8.831156450041777134e+03 9.579592973341685184e-15 1.692439059192264086e-16
8.840914456791204429e+03 9.659238654571402990e-15 1.804927086677232430e-16
8.850672463540631725e+03 9.301118414544623977e-15 1.633512593257250380e-16
8.860430470290057201e+03 9.230882303544152668e-15 1.619284578979612038e-16
8.870188477039482677e+03 9.590758170294551987e-15 1.723507761282386915e-16
8.879946483788909973e+03 9.549009607087405041e-15 1.720867515105091803e-16
8.889704490538337268e+03 8.922959089399263794e-15 1.695124715742929933e-16
8.899462497287762744e+03 8.260999962904261571e-15 1.578795738957414522e-16
8.909220504037188221e+03 8.423859568149052722e-15 1.678172532278495500e-16
8.918978510786615516e+03 8.505383211747791923e-15 1.893293354265763948e-16
8.928736517536042811e+03 7.587450226605189771e-15 1.531157831158573794e-16
8.938494524285468287e+03 7.073279869554580394e-15 1.497737582057719659e-16
8.948252531034893764e+03 6.895560823962499825e-15 1.482047793984751442e-16
8.958010537784321059e+03 7.864283252123635125e-15 1.800428020486525933e-16
8.967768544533748354e+03 6.887779253407718391e-15 1.529597492270409729e-16
8.977526551283173831e+03 6.859721384552971374e-15 1.520540959280268926e-16
8.987284558032599307e+03 6.903725925300067514e-15 1.526392146251939116e-16
8.997042564782026602e+03 6.885962386712708475e-15 1.523856414676985598e-16
9.006800571531453897e+03 6.386954660649297338e-15 1.460119802639180194e-16
9.016558578280879374e+03 6.159526957330821954e-15 1.457338395279402625e-16
9.026316585030304850e+03 6.884653311713531075e-15 1.738042814675350529e-16
9.036074591779732145e+03 6.623443055035843911e-15 1.487892216826940671e-16
9.045832598529159441e+03 7.373138668591232454e-15 1.524276499362952644e-16
9.055590605278584917e+03 7.655606384709290980e-15 1.589571687537624133e-16
9.065348612028010393e+03 6.459905731916264293e-15 1.649791023463582794e-16
9.075106618777437689e+03 6.368683642641653894e-15 1.502168222191323201e-16
9.084864625526864984e+03 6.385266661571371016e-15 1.511731271303531935e-16
9.094622632276290460e+03 6.429387633195988475e-15 1.535293764118268431e-16
9.104380639025715936e+03 6.536563163125806986e-15 1.491725321839693828e-16
9.114138645775143232e+03 6.962181624557975561e-15 1.559905946100339951e-16
9.123896652524570527e+03 7.606454816698097543e-15 1.542891935037307261e-16
9.133654659273996003e+03 7.294408798291120160e-15 1.521972955481041383e-16
9.143412666023421480e+03 6.827707878067990752e-15 1.516436540122115892e-16
9.153170672772848775e+03 6.342636479078984282e-15 1.489977716577115544e-16
9.162928679522276070e+03 6.232608090009315332e-15 1.480331272701227672e-16
9.172686686271701547e+03 6.446561448418495711e-15 1.484031654031364474e-16
9.182444693021127023e+03 6.952384091668702354e-15 1.515539313839467077e-16
9.192202699770554318e+03 7.626263505577355814e-15 1.550868754048704028e-16
9.201960706519981613e+03 6.788082523957529771e-15 1.501218099806151793e-16
9.211718713269407090e+03 6.122770366402441480e-15 1.453931202038068861e-16
9.221476720018832566e+03 5.836989920319367406e-15 1.576091446585568091e-16
9.231234726768259861e+03 5.855124145714310805e-15 1.455669215079965192e-16
9.240992733517687157e+03 6.430349137312758946e-15 1.476439172997684690e-16
9.250750740267112633e+03 7.186444798313535295e-15 1.541165318894366337e-16
9.260508747016538109e+03 7.282160697494834004e-15 1.546110890595569699e-16
9.270266753765965404e+03 6.868782965439838686e-15 1.532748793070512271e-16
9.280024760515392700e+03 5.884800434557114964e-15 1.473041573759620388e-16
9.289782767264818176e+03 5.398044044653345045e-15 1.494540744218806220e-16
9.299540774014243652e+03 5.280953984844260739e-15 1.468804091053004695e-16
9.309298780763670948e+03 5.426697874502311593e-15 1.472882433352018183e-16
9.319056787513098243e+03 5.622156195935464123e-15 1.481812411323609915e-16
9.328814794262523719e+03 6.143602287782663714e-15 1.587550289830107245e-16
9.338572801011949196e+03 6.691601530795492691e-15 1.572847206017797825e-16
9.348330807761376491e+03 7.556186917280334173e-15 1.618289036423748527e-16
9.358088814510803786e+03 7.113415911500217287e-15 1.603104780852139466e-16
9.367846821260229262e+03 6.164164750050307528e-15 1.554176416842175889e-16
9.377604828009654739e+03 4.919605060303672385e-15 1.521825659248047098e-16
9.387362834759082034e+03 4.824713798468478978e-15 1.467922677386032090e-16
9.397120841508509329e+03 5.594233235537997218e-15 1.516225951964400351e-16
9.406878848257934806e+03 8.363558694254514615e-15 1.724420179501427228e-16
9.416636855007360282e+03 8.793594454776809320e-15 1.773047701003849126e-16
9.426394861756787577e+03 5.949025538876616681e-15 1.554808741255130549e-16
9.436152868506214872e+03 4.892149309317730525e-15 1.507665937333199843e-16
9.445910875255640349e+03 4.536808898691001937e-15 1.511746478986503660e-16
9.455668882005065825e+03 4.548046364381112666e-15 1.515284074998844908e-16
9.465426888754493120e+03 4.426710715669527915e-15 1.561758061532954855e-16
9.475184895503920416e+03 4.834661916641091011e-15 1.546378687332526786e-16
9.484942902253345892e+03 5.243339527429248058e-15 1.588624856652261899e-16
9.494700909002771368e+03 5.467736710322739344e-15 1.604870931203663557e-16
9.504458915752198664e+03 5.600973609883566612e-15 1.657804062081181712e-16
9.514216922501625959e+03 5.579348358444112016e-15 1.682022503757784932e-16
9.523974929251051435e+03 5.384168981634080665e-15 1.652354938883197800e-16
9.533732936000476911e+03 4.860383419556500507e-15 1.637916392793978934e-16
9.543490942749904207e+03 6.659555938006593090e-15 2.260739132642816057e-16
9.553248949499331502e+03 3.380033216364949886e-15 1.599901652309328742e-16
9.563006956248756978e+03 3.440632443931462673e-15 1.603148951113987136e-16
9.572764962998182455e+03 3.738114648962968448e-15 1.618139670360198831e-16
9.582522969747609750e+03 3.787316504595547086e-15 1.622343163449163972e-16
9.592280976497037045e+03 4.121468966003584588e-15 1.691331942669078045e-16
9.602038983246462521e+03 4.513465154497996174e-15 1.718928230248203627e-16
9.611796989995887998e+03 5.063499368822312370e-15 1.820895884047595773e-16
9.621554996745315293e+03 4.690998765111071741e-15 1.960976555249635867e-16
9.631313003494742588e+03 4.380754935263504725e-15 1.746837883505434372e-16
9.641071010244168065e+03 4.093349332772703560e-15 1.756940326102906825e-16
9.650829016993593541e+03 3.438354730691135521e-15 1.778422579443840926e-16
9.660587023743020836e+03 2.929296376895520691e-15 1.750648668937955874e-16
9.670345030492448132e+03 3.290281781318444103e-15 1.960771571231644165e-16
9.680103037241873608e+03 3.635122676251559481e-15 1.924632911607490163e-16
9.689861043991299084e+03 3.536496970440367332e-15 1.846133433965855523e-16
9.699619050740726379e+03 4.533011533137152691e-15 2.189595619191331608e-16
9.709377057490153675e+03 4.171394215533726087e-15 1.976944884186706980e-16
9.719135064239579151e+03 3.374630663443220524e-15 1.938737996468805057e-16
9.728893070989004627e+03 3.221988628372422940e-15 1.975121458497888603e-16
9.738651077738431923e+03 3.059878114911113401e-15 2.154674141375187747e-16
9.748409084487859218e+03 3.569923254822198287e-15 2.061524207993093090e-16
9.758167091237284694e+03 3.389822494587356596e-15 2.062106709268589119e-16
9.767925097986710171e+03 3.589033588469859922e-15 2.127865901431503978e-16
9.777683104736137466e+03 3.819464859712963352e-15 2.224122804760083661e-16
9.787441111485564761e+03 4.205356418496857116e-15 2.219586760154093115e-16
9.797199118234990237e+03 4.652860881544048767e-15 2.294917473682336922e-16
9.806957124984415714e+03 3.903391773943175061e-15 2.293290896648344359e-16
9.816715131733843009e+03 3.346585018285006061e-15 2.293106186558343736e-16
9.826473138483270304e+03 3.073257937492196336e-15 2.315371388709267403e-16
9.836231145232695781e+03 3.367545424284084765e-15 2.376199725055001933e-16
9.845989151982121257e+03 2.301011705890894443e-14 4.025141685919351474e-16
9.855747158731548552e+03 3.969693695587939755e-15 2.519463605579994266e-16
9.865505165480975847e+03 4.292377357416229902e-15 2.594176171064561461e-16
9.875263172230401324e+03 3.982504277323047401e-15 2.749571666909361226e-16
9.885021178979826800e+03 4.043499206116645704e-15 3.789377255104253153e-16
9.894779185729254095e+03 3.025745167038508475e-15 2.698666396403562412e-16
9.904537192478681391e+03 2.500456255430363355e-15 2.686530725414462353e-16
9.914295199228106867e+03 2.783121798891383617e-15 2.796858970848431777e-16
9.924053205977532343e+03 3.228786309680754329e-15 2.879111886926276367e-16
9.933811212726959639e+03 4.215458946618232443e-15 2.985344218121081965e-16
9.943569219476386934e+03 4.302622864412733255e-15 3.120762949303256958e-16
9.953327226225812410e+03 3.678283475207291003e-15 3.285440541748287341e-16
9.963085232975237886e+03 3.492509004270818600e-15 3.142522987871298672e-16
9.972843239724665182e+03 3.292978002525771377e-15 3.662293513521644445e-16
9.982601246474092477e+03 3.212764891748291755e-15 3.288533031312807685e-16
9.992359253223517953e+03 2.912423479987405309e-15 3.383726398942024935e-16
1.000211725997294343e+04 3.681487949156244007e-15 3.474519707030794761e-16
1.001187526672237072e+04 3.539234539980867850e-15 3.588462086308817032e-16
1.002163327347179802e+04 2.972775347705531210e-15 3.689651060910155386e-16
1.003139128022122350e+04 2.781335477989339861e-15 3.782005230042991704e-16
1.004114928697064897e+04 2.647288278246339710e-15 3.841653388725464254e-16
1.005090729372007627e+04 2.948272709293958039e-15 4.442128628544895882e-16
1.006066530046950356e+04 3.419732075354164701e-15 4.436013034113760448e-16
1.007042330721892904e+04 4.086264771814403935e-15 4.514991189886194795e-16
1.008018131396835452e+04 3.360834706983842950e-15 4.441907068711372407e-16
1.008993932071778181e+04 4.524789121185865480e-15 4.999683851074362602e-16
1.009969732746720911e+04 3.224688125546984602e-15 4.793815485787393120e-16
1.010945533421663458e+04 3.617847363567639901e-15 4.899651644121489737e-16
1.011921334096606006e+04 3.228427415548246057e-15 5.851313270665556049e-16
1.012897134771548735e+04 2.919760830402036045e-15 5.263366597848036747e-16
1.013872935446491465e+04 3.247710352592678148e-15 5.649132429516435275e-16
1.014848736121434013e+04 2.888285821731291931e-15 5.669978515856762263e-16
1.015824536796376560e+04 3.857692695925600560e-15 6.022540615233403360e-16
1.016800337471319290e+04 2.471596947968608943e-15 6.562782951718896338e-16
1.017776138146262019e+04 3.416827216063796341e-15 6.502749483560318298e-16
1.018751938821204567e+04 3.754746355487672618e-15 6.790688054361642774e-16
1.019727739496147115e+04 4.005864647134318328e-15 7.164769751335806876e-16
1.020703540171089844e+04 4.777079348309730646e-15 7.731343120846814127e-16
1.021679340846032574e+04 3.181989891388217583e-15 7.955249685689154508e-16
