# obs_wvl flux error  |  merged epoch (native): STIS CCD,STIS MAMA
1.580000000000000000e+03 -8.520487973486407161e-15 2.993219821306736250e-13
1.581548837328177342e+03 -8.520487973486407161e-15 7.400418297994065369e-14
1.583097674656354684e+03 -8.520487973486407161e-15 4.412181347380871742e-14
1.584646511984532026e+03 -6.024014972830574188e-14 2.257154932525009400e-14
1.586195349312709368e+03 -9.015200190892903972e-15 1.970450170414682513e-14
1.587744186640886710e+03 -2.305323125961728163e-14 1.512200086668571513e-14
1.589293023969064052e+03 -8.423485815509020288e-15 1.361970125016139442e-14
1.590841861297241394e+03 -8.423485815509020288e-15 1.258425877895009567e-14
1.592390698625418736e+03 -6.072601039712870328e-15 8.133680344466498105e-15
1.593939535953596078e+03 -1.475493616447543649e-14 8.291761374734640810e-15
1.595488373281773420e+03 -3.791392221225563907e-15 9.380823452275442680e-15
1.597037210609950762e+03 -3.791392221225563907e-15 7.102281153987812275e-15
1.598586047938128104e+03 -1.369096870293108559e-14 4.857091317897536557e-15
1.600134885266305446e+03 -3.163470951564201065e-15 5.666375452154159452e-15
1.601683722594482788e+03 -3.791392221225563907e-15 5.828680757638403421e-15
1.603232559922660130e+03 -5.597982657912998084e-15 4.125527600287701757e-15
1.604781397250837472e+03 -6.141093621882930421e-15 3.731148289401840112e-15
1.606330234579014814e+03 -3.880309505758003257e-15 3.652516659641714609e-15
1.607879071907192156e+03 7.061350280179130986e-16 3.777259526208098919e-15
1.609427909235369498e+03 -5.474343560752083299e-15 2.756231772869881000e-15
1.610976746563546840e+03 -3.341252893222716774e-16 3.108562856029167311e-15
1.612525583891724182e+03 -3.213902360633843910e-16 2.883416043205396015e-15
1.614074421219901524e+03 -3.102871602902037416e-15 2.349665240900800511e-15
1.615623258548078866e+03 1.123764127998671310e-15 2.670984541865215302e-15
1.617172095876256208e+03 -1.869668462386513433e-15 2.140799736475726480e-15
1.618720933204433550e+03 -1.518417960117896744e-15 1.985026678624912929e-15
1.620269770532610892e+03 -2.231036448458795260e-15 1.767395370001891817e-15
1.621818607860788234e+03 2.063426309575145114e-15 2.132380815054836879e-15
1.623367445188965576e+03 8.270898408838711398e-17 1.813043547512357629e-15
1.624916282517142918e+03 3.255168618608492998e-16 1.667587613934276312e-15
1.626465119845320260e+03 -1.267622802075468109e-16 1.577465842555293560e-15
1.628013957173497602e+03 -4.352507182896311208e-16 1.434279718544026799e-15
1.629562794501674944e+03 1.861224239966828325e-16 1.458156091949426489e-15
1.631111631829852286e+03 9.314054731962580117e-16 1.411763778636205235e-15
1.632660469158029628e+03 -3.035718684098366491e-16 1.251770691419478975e-15
1.634209306486206970e+03 5.426897189507668755e-16 1.270169266620500774e-15
1.635758143814384312e+03 -2.735496696434621733e-16 1.124766808852018959e-15
1.637306981142561654e+03 1.004584002555440469e-15 1.231658894569456464e-15
1.638855818470738996e+03 4.272837694958032746e-16 1.091869029367985062e-15
1.640404655798916338e+03 -9.094039251097132258e-16 8.848449108383949612e-16
1.641953493127093680e+03 1.351392486876225990e-16 1.005150106456862358e-15
1.643502330455271021e+03 -8.595657660114136101e-16 8.231819833526449785e-16
1.645051167783448363e+03 -5.710568858671298335e-16 8.586206806010232756e-16
1.646600005111625705e+03 -1.697010440958135919e-15 6.345340572370425233e-16
1.648148842439803047e+03 -4.055859734801399877e-16 7.852133430850025659e-16
1.649697679767980389e+03 1.411140724231679080e-17 8.067493263571085432e-16
1.651246517096157731e+03 -6.431768526912670233e-16 6.885089087166526990e-16
1.652795354424335073e+03 1.183392982949604708e-15 8.969249799489215314e-16
1.654344191752512415e+03 -7.291787406470645164e-16 6.445983166997622113e-16
1.655893029080689757e+03 -3.911485905408218982e-16 6.746534791044130104e-16
1.657441866408867099e+03 -4.536034921169809895e-16 6.343650177569426478e-16
1.658990703737044441e+03 3.078250511263904938e-16 7.043885725958309748e-16
1.660539541065221783e+03 -6.140556495586432268e-16 5.855632949910179230e-16
1.662088378393399125e+03 -3.357288983844992812e-16 6.060202385376650622e-16
1.663637215721576467e+03 -5.769864714177743244e-16 5.599480103307311382e-16
1.665186053049753809e+03 -7.740238935396955912e-16 5.225496976079669905e-16
1.666734890377931151e+03 5.335730936947594686e-16 6.617686255474039476e-16
1.668283727706108493e+03 -2.823011987464172926e-16 5.441877126989965642e-16
1.669832565034285835e+03 -1.421807773725230931e-16 5.429290496801789294e-16
1.671381402362463177e+03 9.820987945368147421e-17 5.591882304188806481e-16
1.672930239690640519e+03 6.933064998444162749e-16 6.168651735254370216e-16
1.674479077018817861e+03 5.364108214767446797e-16 5.888584330157143201e-16
1.676027914346995203e+03 1.845399442460117482e-16 5.437456537279369448e-16
1.677576751675172545e+03 1.379419376642019154e-16 5.398464987119678575e-16
1.679125589003349887e+03 -5.359424136903714310e-16 4.317592547352838934e-16
1.680674426331527229e+03 1.388894305650646200e-16 5.065711682948801629e-16
1.682223263659704571e+03 -1.770048726227328060e-16 4.714511971415804366e-16
1.683772100987881913e+03 1.405173475395656618e-16 4.795426555997105131e-16
1.685320938316059255e+03 -2.147397696761471334e-17 4.635124802441081352e-16
1.686869775644236597e+03 2.093061660335771379e-16 4.669672662793719265e-16
1.688418612972413939e+03 1.767020389452484181e-16 4.762395115635343574e-16
1.689967450300591281e+03 -3.048928983503325769e-16 3.825294555349094469e-16
1.691516287628768623e+03 5.984961881399682004e-16 5.036687646648320162e-16
1.693065124956945965e+03 -2.587261604250206707e-16 3.901720018315184031e-16
1.694613962285123307e+03 -4.558374437483025631e-16 3.636421803577300108e-16
1.696162799613300649e+03 9.939262451842362175e-17 4.182932261788785193e-16
1.697711636941477991e+03 -2.382011632757332668e-16 3.762872589505264180e-16
1.699260474269655333e+03 -2.024284473817268499e-16 3.759840167541801979e-16
1.700809311597832675e+03 -3.358835940888243285e-16 3.445928159158602440e-16
1.702358148926010017e+03 1.491179738004660356e-16 4.054099249965379640e-16
1.703906986254187359e+03 -2.720305527758666838e-16 3.375397240837577392e-16
1.705455823582364701e+03 -1.361437536881222624e-16 3.543287203786560100e-16
1.707004660910542043e+03 -2.158369612105100694e-16 3.441697458888719769e-16
1.708553498238719385e+03 -3.128099345248596209e-16 3.252852980209396963e-16
1.710102335566896727e+03 3.611597111362296551e-17 3.680157427049756848e-16
1.711651172895074069e+03 -6.390019524075009544e-17 3.305376188943167558e-16
1.713200010223251411e+03 5.489779954802817556e-16 4.149775664915219784e-16
1.714748847551428753e+03 -2.939857944597877448e-16 3.174854355094747137e-16
1.716297684879606095e+03 -3.896169382863295666e-16 2.748524148970127576e-16
1.717846522207783437e+03 3.742462317105665347e-16 3.687667584582560316e-16
1.719395359535960779e+03 -1.393479029830393221e-16 3.113744746088380959e-16
1.720944196864138121e+03 9.215299902524714662e-17 3.452844138439667010e-16
1.722493034192315463e+03 -1.050008030972058504e-16 3.143241111466093723e-16
1.724041871520492805e+03 -1.514643356573362055e-16 2.932777578407808748e-16
1.725590708848670147e+03 2.389418368930398763e-16 3.308853780426890033e-16
1.727139546176847489e+03 7.048028376485052507e-16 3.685930140540685951e-16
1.728688383505024831e+03 2.941555328673795218e-16 3.308371250006925141e-16
1.730237220833202173e+03 2.872775941211122127e-16 3.253547663888955591e-16
1.731786058161379515e+03 5.075649178416454128e-17 3.085546166671444813e-16
1.733334895489556857e+03 -1.257155550789635826e-16 2.817270428045589657e-16
1.734883732817734199e+03 -7.646270857472183130e-17 2.945249992193638951e-16
1.736432570145911541e+03 -5.274671174336045323e-16 2.022936392943273022e-16
1.737981407474088883e+03 1.883510498945111799e-16 2.997377032821766253e-16
1.739530244802266225e+03 9.842273686821032856e-17 2.891688789784445314e-16
1.741079082130443567e+03 -7.855319593876205999e-17 2.632887612753511406e-16
1.742627919458620909e+03 3.054973904540344513e-17 2.718581089131546177e-16
1.744176756786798251e+03 2.910615659988498895e-17 2.674468977528130126e-16
1.745725594114975593e+03 -5.384419114482067676e-17 2.595409741719515861e-16
1.747274431443152935e+03 -1.495592495563384348e-16 2.412599094822362883e-16
1.748823268771330277e+03 -2.373016139002304287e-17 2.594159486877838939e-16
1.750372106099507619e+03 -1.653245178437928474e-16 2.370794478201593460e-16
1.751920943427684961e+03 -1.483307412572960275e-16 2.378034872779552307e-16
1.753469780755862303e+03 1.225427668847432557e-16 2.493994746921162816e-16
1.755018618084039645e+03 5.184227523018072255e-16 2.976942163487347102e-16
1.756567455412216987e+03 1.468824629218273530e-16 2.617708110395474052e-16
1.758116292740394329e+03 -1.454759753451878288e-17 2.439784297950456135e-16
1.759665130068571671e+03 -2.539582295092820847e-16 2.072698048418995287e-16
1.761213967396749013e+03 -8.192120514481713790e-17 2.285988712862133138e-16
1.762762804724926355e+03 -1.440618025162244666e-16 2.164302719068386469e-16
1.764311642053103697e+03 1.093787979395955463e-16 2.345676456344665905e-16
1.765860479381281039e+03 4.017799653846368916e-16 2.687068386291677683e-16
1.767409316709458381e+03 7.989790572266802711e-17 2.258763367695329978e-16
1.768958154037635722e+03 1.164366104973485681e-16 2.333309760411108242e-16
1.770506991365813064e+03 1.422521361717518061e-16 2.339180358287520447e-16
1.772055828693990406e+03 3.083577084416244866e-17 2.238904061196492662e-16
1.773604666022167748e+03 -1.572057794852255772e-16 1.984030727198463080e-16
1.775153503350345090e+03 -6.863558344035666107e-17 2.050217240920812108e-16
1.776702340678522432e+03 -1.745602841215865630e-16 1.983923895187652348e-16
1.778251178006699774e+03 -2.921817844683230053e-16 1.753447931055231527e-16
1.779800015334877116e+03 -2.497577695256120328e-16 1.842783181144608092e-16
1.781348852663054458e+03 -2.766020043644565605e-16 1.681692297113924717e-16
1.782897689991231800e+03 -4.887427173124161946e-17 1.991286698732682494e-16
1.784446527319409142e+03 -2.749232576834780455e-16 1.695170595539930111e-16
1.785995364647586484e+03 -9.471935246307638625e-17 1.898744957176260960e-16
1.787544201975763826e+03 -7.932210656636913148e-17 1.785711789230479009e-16
1.789093039303941168e+03 1.350842301777043499e-16 2.128385990147010236e-16
1.790641876632118510e+03 -2.887688294456750669e-17 1.823786071071944003e-16
1.792190713960295852e+03 2.521677467903403596e-16 2.184210964495805835e-16
1.793739551288473194e+03 -7.433290401878337389e-17 1.787278844881536990e-16
1.795288388616650536e+03 5.334882093074305048e-18 1.880462529664091568e-16
1.796837225944827878e+03 -6.465317195647913422e-17 1.793777001802934824e-16
1.798386063273005220e+03 -1.099141001985906636e-16 1.710328164728377008e-16
1.799934900601182562e+03 -5.381856337880898746e-17 1.753212685679711847e-16
1.801483737929359904e+03 8.755483423332920223e-17 1.892706995813958310e-16
1.803032575257537246e+03 1.469829725413760565e-16 1.855947479612929545e-16
1.804581412585714588e+03 3.323144711906950678e-16 2.093994900876166151e-16
1.806130249913891930e+03 -1.057954974671348048e-17 1.773053344048214495e-16
1.807679087242069272e+03 -1.564942210019157774e-16 1.494685466064032712e-16
1.809227924570246614e+03 1.919494007515571547e-16 1.909271458616035931e-16
1.810776761898423956e+03 -1.912597134367372300e-17 1.670353690001365214e-16
1.812325599226601298e+03 1.827749713650380842e-17 1.714159793686593499e-16
1.813874436554778640e+03 -1.315853079874254350e-16 1.565716138689858412e-16
1.815423273882955982e+03 -1.086904731538282174e-16 1.497435937325073668e-16
1.816972111211133324e+03 2.588178290092844584e-16 1.821444203068964798e-16
1.818520948539310666e+03 1.631073383214866027e-16 1.830809135727344912e-16
1.820069785867488008e+03 -2.804475491737330844e-16 1.345942960217678224e-16
1.821618623195665350e+03 -2.914711320929361612e-16 1.288964274095158165e-16
1.823167460523842692e+03 -5.055251800116915054e-17 1.484033410882217815e-16
1.824716297852020034e+03 1.822391052013873563e-16 1.709934888996703150e-16
1.826265135180197376e+03 2.858860871575044136e-16 1.780613870893722361e-16
1.827813972508374718e+03 2.361673868492559946e-16 1.738774865399101656e-16
1.829362809836552060e+03 1.149565366665514247e-16 1.703917707015843379e-16
1.830911647164729402e+03 -1.626581354574757034e-16 1.361457012210723606e-16
1.832460484492906744e+03 -1.181935724892110219e-16 1.426219710380149835e-16
1.834009321821084086e+03 -2.900898415284119647e-16 1.238344129407560400e-16
1.835558159149261428e+03 -2.742412764308577637e-16 1.112206563873230732e-16
1.837106996477438770e+03 -4.951650965168969747e-17 1.454827344288221554e-16
1.838655833805616112e+03 -1.596143625599680697e-16 1.276842790038713938e-16
1.840204671133793454e+03 2.148245420120031164e-17 1.452386651168383249e-16
1.841753508461970796e+03 6.293001264982073846e-17 1.461983555234337043e-16
1.843302345790148138e+03 -1.790194926594313128e-17 1.457354243631200142e-16
1.844851183118325480e+03 -1.057588957133362433e-16 1.235847845473088956e-16
1.846400020446502822e+03 1.756276354249628584e-16 1.566927244065728173e-16
1.847948857774680164e+03 -1.131279127378717688e-16 1.310961901982587374e-16
1.849497695102857506e+03 -1.183439055566981578e-16 1.224697922755624993e-16
1.851046532431034848e+03 -2.916663083296007033e-17 1.382586126362409678e-16
1.852595369759212190e+03 -1.910988192860835230e-16 1.161996121704900049e-16
1.854144207087389532e+03 -1.566179079231679661e-17 1.321028400940912595e-16
1.855693044415566874e+03 6.260918506103970953e-17 1.398616238317412959e-16
1.857241881743744216e+03 1.136641324925034326e-16 1.427167328309838012e-16
1.858790719071921558e+03 1.022550542976987060e-16 1.430537259940416024e-16
1.860339556400098900e+03 -9.403263029501977048e-17 1.209681231727646050e-16
1.861888393728276242e+03 -1.085906232129974751e-16 1.205926853836543542e-16
1.863437231056453584e+03 -9.978290588265207719e-17 1.201061155356919747e-16
1.864986068384630926e+03 5.196871117676263522e-17 1.309144437163072132e-16
1.866534905712808268e+03 9.473126720196681578e-17 1.385486380449139552e-16
1.868083743040985610e+03 4.961150474958067133e-18 1.247043075481388547e-16
1.869632580369162952e+03 2.096432802562833971e-16 1.432703034222837394e-16
1.871181417697340294e+03 2.834807725385919456e-16 1.491250588600836872e-16
1.872730255025517636e+03 1.118209366839124131e-16 1.380829968741967130e-16
1.874279092353694978e+03 -1.327843196625429026e-16 1.100230504925781146e-16
1.875827929681872320e+03 -1.922195576838206715e-17 1.222466695086215472e-16
1.877376767010049662e+03 -9.968401486380085141e-17 1.159648274811253032e-16
1.878925604338227004e+03 -2.418485203358875028e-16 9.872930340591930324e-17
1.880474441666404346e+03 -1.106107213007577192e-16 1.089388495494926537e-16
1.882023278994581688e+03 -3.667797677062586252e-17 1.179913415104934084e-16
1.883572116322759030e+03 -2.002117034132575078e-16 1.036145754744940029e-16
1.885120953650936372e+03 -1.103067925814677832e-16 1.060274686227742945e-16
1.886669790979113714e+03 6.073204193812873440e-17 1.254242232261953024e-16
1.888218628307291056e+03 4.069286423767024068e-17 1.189830938009089638e-16
1.889767465635468398e+03 1.935032242740050472e-16 1.343867877557180505e-16
1.891316302963645740e+03 3.461445342510071753e-17 1.218381756208102186e-16
1.892865140291823081e+03 1.251629468450788562e-17 1.162820156898455942e-16
1.894413977620000423e+03 2.064024618728715169e-16 1.317841256273037355e-16
1.895962814948177765e+03 1.966654034224582351e-16 1.302935294841417891e-16
1.897511652276355107e+03 -6.739988771233384782e-17 1.097225485332826857e-16
1.899060489604532449e+03 -1.528157280060717404e-16 9.708923989076686649e-17
1.900609326932709791e+03 -1.008980067403987583e-16 1.032192913011339598e-16
1.902158164260887133e+03 -7.756176671713251420e-17 1.015115901196037811e-16
1.903707001589064475e+03 4.600001080607020164e-17 1.145309161116378569e-16
1.905255838917241817e+03 -4.789531599065296388e-18 1.106510874450249711e-16
1.906804676245419159e+03 -8.819205127464301356e-17 1.048404915219497430e-16
1.908353513573596501e+03 -1.715190617932180215e-16 9.181565889080936537e-17
1.909902350901773843e+03 -1.505231277470387023e-16 9.536266850679710235e-17
1.911451188229951185e+03 -1.515953957434211158e-16 9.432173602027245600e-17
1.913000025558128527e+03 2.707579662375442939e-17 1.097638902399275922e-16
1.914548862886305869e+03 8.004989441939069055e-17 1.136720076575545438e-16
1.916097700214483211e+03 -1.337301729690401520e-16 9.262882991637219186e-17
1.917646537542660553e+03 -2.547026396029085668e-16 7.777876946642391631e-17
1.919195374870837895e+03 -1.517832325421857253e-16 9.052794102066477571e-17
1.920744212199015237e+03 6.372949076308509239e-17 1.094970648814708907e-16
1.922293049527192579e+03 1.031568824900173135e-16 1.134222129591597667e-16
1.923841886855369921e+03 5.708005233674126168e-18 1.031275811764965816e-16
1.925390724183547263e+03 -2.595350320773553072e-17 1.002228100626901021e-16
1.926939561511724605e+03 -8.413817603909774660e-17 9.399243530941915816e-17
1.928488398839901947e+03 -1.145243262856758846e-16 9.100604418155667116e-17
1.930037236168079289e+03 -1.503502151799301778e-16 8.717923755572342877e-17
1.931586073496256631e+03 -3.072856345852106195e-17 9.815657818201781984e-17
1.933134910824433973e+03 -1.567658250182239379e-17 9.935975109277183395e-17
1.934683748152611315e+03 -1.664311482769204502e-16 8.328852274622954636e-17
1.936232585480788657e+03 -1.990302973121862429e-16 7.950328884160523716e-17
1.937781422808965999e+03 -7.506064002451254760e-17 9.179358372011944455e-17
1.939330260137143341e+03 -7.219400177001431324e-17 9.167123699371146736e-17
1.940879097465320683e+03 -1.456849177397677983e-16 8.393169338928586264e-17
1.942427934793498025e+03 -8.704996633116704302e-17 8.977109860763406456e-17
1.943976772121675367e+03 9.639271358636262965e-18 9.712831712466514073e-17
1.945525609449852709e+03 1.333927580833552247e-16 1.059711979160112643e-16
1.947074446778030051e+03 1.665474148426257367e-16 1.081659791286986677e-16
1.948623284106207393e+03 1.286558496891967283e-16 1.064746055168682143e-16
1.950172121434384735e+03 2.910731798380250356e-17 9.815009083283048214e-17
1.951720958762562077e+03 -9.284408802044823620e-18 9.484794807087019154e-17
1.953269796090739419e+03 1.176725020765211646e-16 1.048449519344724968e-16
1.954818633418916761e+03 1.370199840283844616e-16 1.048497857938818639e-16
1.956367470747094103e+03 3.801105236405865895e-17 9.698840496905809259e-17
1.957916308075271445e+03 8.964818960424346511e-17 1.007904778106912599e-16
1.959465145403448787e+03 1.518715198870095919e-16 1.049144331337551145e-16
1.961013982731626129e+03 8.007507320990266972e-17 1.003607633435861989e-16
1.962562820059803471e+03 8.773789267753250000e-17 1.008438349427727537e-16
1.964111657387980813e+03 -1.120621231331410136e-17 9.082569787662473966e-17
1.965660494716158155e+03 -2.408747992553783338e-17 8.980878342471376881e-17
1.967209332044335497e+03 -4.941292450512851682e-18 9.104692701743527699e-17
1.968758169372512839e+03 -2.648403337347885806e-17 8.948274362534145162e-17
1.970307006700690181e+03 2.214132089565236523e-17 9.306639557015026439e-17
1.971855844028867523e+03 -1.079514115989531526e-16 7.906874401710670048e-17
1.973404681357044865e+03 -1.200864405584481391e-16 7.808727571688967394e-17
1.974953518685222207e+03 1.530015211310559161e-17 9.113036479988451136e-17
1.976502356013399549e+03 6.286526558855558853e-17 9.453362402944893989e-17
1.978051193341576891e+03 -4.831608432988901021e-18 8.862582367820317813e-17
1.979600030669754233e+03 -5.928970801814569633e-18 8.747868144605330504e-17
1.981148867997931575e+03 -1.123654830013694127e-16 7.496909402422871278e-17
1.982697705326108917e+03 -2.354224482987908305e-16 6.289858784805152476e-17
1.984246542654286259e+03 -1.845746768030708300e-16 6.860261673193983340e-17
1.985795379982463601e+03 -1.110502817462840298e-16 7.597509431567853482e-17
1.987344217310640943e+03 4.296381286774419743e-17 8.963093585315770925e-17
1.988893054638818285e+03 3.351734741140659731e-17 8.775729466499246877e-17
1.990441891966995627e+03 -9.957564246158482553e-18 8.402544314471898469e-17
1.991990729295172969e+03 -4.283418545967781224e-17 7.973053574503827005e-17
1.993539566623350311e+03 6.599676446792892730e-17 9.029170092533741485e-17
1.995088403951527653e+03 6.016140530322676136e-17 8.725117208507008336e-17
1.996637241279704995e+03 -3.418839129924598617e-17 8.037767165741207019e-17
1.998186078607882337e+03 2.402431668548027145e-17 8.458587780328908759e-17
1.999734915936059679e+03 4.125966261836146975e-17 8.457667227901959278e-17
2.001283753264237021e+03 7.752800914015112938e-17 8.724157797679083505e-17
2.002832590592414363e+03 1.315321507019037785e-16 9.172487267690707446e-17
2.004381427920591705e+03 9.579557808623640412e-17 8.908191910910957250e-17
2.005930265248769047e+03 5.655013679284034812e-17 8.607602205155591997e-17
2.007479102576946389e+03 9.851820837454866419e-17 8.842123103465687606e-17
2.009027939905123731e+03 1.512146613708018644e-16 9.274943688445378918e-17
2.010576777233301073e+03 -5.917284019350143447e-18 7.707745453423176056e-17
2.012125614561478415e+03 -1.754178127806248653e-16 6.033468590931215648e-17
2.013674451889655757e+03 -7.436709689187057300e-18 7.892035096281150877e-17
2.015223289217833099e+03 7.547217497027923353e-17 8.273416743410101716e-17
2.016772126546010441e+03 7.826930985675606197e-17 8.445459748981193015e-17
2.018320963874187782e+03 3.211621909841912485e-17 7.800566414956325127e-17
2.019869801202365124e+03 8.712805852017216907e-17 8.454020597479775185e-17
2.021418638530542466e+03 5.116939199441480536e-17 7.961407398474169167e-17
2.022967475858719808e+03 2.865019257445421150e-17 7.854153439854752030e-17
2.024516313186897150e+03 1.365203898938504266e-18 7.477266984327005717e-17
2.026065150515074492e+03 6.722794897164018111e-17 8.343839018051866472e-17
2.027613987843251834e+03 5.487610118597408610e-17 7.850740292828026896e-17
2.029162825171429176e+03 -1.030262414475765429e-16 6.330457935026789371e-17
2.030711662499606518e+03 -1.138373406801467785e-16 6.315267117007531287e-17
2.032260499827783860e+03 4.444547519572530341e-17 7.808130535585207571e-17
2.033809337155961202e+03 1.093731665347832793e-17 7.330821300940084391e-17
2.035358174484138544e+03 1.851305270807711972e-17 7.623379759049393451e-17
2.036907011812315886e+03 6.588931993510423037e-17 7.882666828865980681e-17
2.038455849140493228e+03 3.105328691640516448e-17 7.644561319265988817e-17
2.040004686468670570e+03 9.180610988308424872e-17 8.128571699605530851e-17
2.041553523796847912e+03 4.444678696542849290e-17 7.505575699834178539e-17
2.043102361125025254e+03 2.120518835777804124e-17 7.525808799894704157e-17
2.044651198453202596e+03 8.894990605006623616e-17 7.924027219818605239e-17
2.046200035781379938e+03 5.577273974071902610e-17 7.468646582996992091e-17
2.047748873109557280e+03 -4.953520641213180863e-17 6.534330759477619100e-17
2.049297710437734622e+03 1.454956481258323824e-17 7.283826612192678812e-17
2.050846547765911964e+03 3.434022715840299163e-17 7.297331977210620657e-17
2.052395385094089306e+03 4.216744853715506639e-17 7.478493696745764406e-17
2.053944222422266648e+03 5.929250245031962530e-18 6.970808391432298319e-17
2.055493059750443990e+03 -4.148903539220917280e-17 6.486891131238174557e-17
2.057041897078621332e+03 -8.353546875566879141e-17 6.199571878405076522e-17
2.058590734406798674e+03 -8.350849303127453633e-17 6.147488603510615311e-17
2.060139571734976016e+03 5.607573762608906870e-17 7.532528253678721652e-17
2.061688409063153358e+03 5.743973448769477175e-17 7.332712722004554125e-17
2.063237246391330700e+03 -7.352247834169082851e-17 5.955411362699176062e-17
2.064786083719508042e+03 -4.773959932356873870e-17 6.489469443263583996e-17
2.066334921047685384e+03 2.072996821877305311e-18 6.775818731109691136e-17
2.067883758375862726e+03 -7.877777335194218171e-17 5.937991449718434206e-17
2.069432595704040068e+03 4.108056969498324788e-17 7.377387981055759790e-17
2.070981433032217410e+03 2.669395879823642651e-17 6.675562012909057789e-17
2.072530270360394752e+03 -1.878291891409262872e-17 6.504881287284795412e-17
2.074079107688572094e+03 2.573687080717996853e-17 6.815528971276214116e-17
2.075627945016749436e+03 8.644582349056833245e-18 6.580064296166403168e-17
2.077176782344926778e+03 -4.356491076502006467e-17 6.029116629945412310e-17
2.078725619673104120e+03 -8.217463181126150945e-17 5.544496546103347402e-17
2.080274457001281462e+03 5.348798912704878971e-17 7.172019826515140603e-17
2.081823294329458804e+03 4.300879790341970363e-17 6.686844708965774064e-17
2.083372131657636146e+03 5.737053169411657406e-19 6.490265253379282427e-17
2.084920968985813488e+03 -2.317494568845738803e-17 6.190636781500817573e-17
2.086469806313990830e+03 -3.404541180194609380e-17 6.037821377790248662e-17
2.088018643642168172e+03 8.609194353141446251e-17 7.255405809279763741e-17
2.089567480970345514e+03 5.729334459058879957e-17 6.609220433124623921e-17
2.091116318298522856e+03 6.322346908811097525e-18 6.269547718289911817e-17
2.092665155626700198e+03 -4.585920520852268074e-17 5.722065966396569121e-17
2.094213992954877540e+03 -1.145780564529623991e-17 6.232760303665504248e-17
2.095762830283054882e+03 1.268845849232816408e-16 7.383976261581461814e-17
2.097311667611232224e+03 3.114821595533363580e-17 6.142240358551947523e-17
2.098860504939409566e+03 2.740870627054864332e-17 6.536005327434445346e-17
2.100409342267586908e+03 1.254460847407414424e-16 7.271050316052330420e-17
2.101958179595764250e+03 6.976024827474892651e-17 6.518340971320563266e-17
2.103507016923941592e+03 -3.556666739446049362e-17 5.588957810731114663e-17
2.105055854252118934e+03 -3.626212177561613204e-17 5.732098368916231527e-17
2.106604691580296276e+03 6.491126250108437375e-17 6.704174781298444108e-17
2.108153528908473618e+03 2.943458322311202255e-17 6.163056807179921943e-17
2.109702366236650960e+03 1.343282600181586334e-17 6.101461596792154476e-17
2.111251203564828302e+03 -2.669735503761482909e-17 5.629866922221943810e-17
2.112800040893005644e+03 8.239613620394206472e-18 6.078673332488889208e-17
2.114348878221182986e+03 7.900450775025584611e-17 6.555784374481431737e-17
2.115897715549360328e+03 7.433341292168247231e-17 6.491291942355634421e-17
2.117446552877537670e+03 -5.596747449890094253e-18 5.634468227905917994e-17
2.118995390205715012e+03 6.324393500362026416e-18 6.130382566419864053e-17
2.120544227533892354e+03 -3.584654567611070380e-17 5.329822009153702655e-17
2.122093064862069696e+03 1.050234471095783713e-17 6.014573402040620223e-17
2.123641902190247038e+03 4.784675663758315427e-17 6.125493560225905867e-17
2.125190739518424380e+03 -3.964896415070475898e-17 5.220572072807278967e-17
2.126739576846601722e+03 -5.758067417302173530e-17 5.182054533373329800e-17
2.128288414174779064e+03 -6.601392484944846756e-17 5.025430624767946513e-17
2.129837251502956406e+03 3.382945682660622480e-18 5.938998958092644878e-17
2.131386088831133748e+03 7.188999581333181086e-17 6.436678765840106124e-17
2.132934926159311090e+03 6.605121660003662612e-17 6.170448933832780604e-17
2.134483763487488432e+03 1.276343896015384077e-16 6.838800194431330319e-17
2.136032600815665774e+03 1.332975434380864837e-16 6.656437739077942602e-17
2.137581438143843116e+03 -8.481079996685822985e-19 5.335053430604470347e-17
2.139130275472020458e+03 3.790205990581057089e-17 6.092412299206592702e-17
2.140679112800197800e+03 6.282391003508131183e-17 6.219819258497752406e-17
2.142227950128375142e+03 6.327877615534928920e-17 6.169947346672688276e-17
2.143776787456552483e+03 -1.409661183708295719e-17 5.256180592570222070e-17
2.145325624784729825e+03 4.569716595708265706e-19 5.660385690916714944e-17
2.146874462112907167e+03 -3.463093342673331179e-17 5.055325077707103718e-17
2.148423299441084509e+03 1.126815954742955973e-17 5.765602970590721536e-17
2.149972136769261851e+03 3.349254387579526143e-17 5.743196403549006305e-17
2.151520974097439193e+03 -4.931168489617760844e-17 4.886187987661220827e-17
2.153069811425616535e+03 -4.580586274981868825e-17 5.062690651752782731e-17
2.154618648753793877e+03 -3.978914271979569377e-17 5.022395675471993291e-17
2.156167486081971219e+03 7.171781318541811387e-17 6.240115297244428765e-17
2.157716323410148561e+03 -1.525571826066393301e-17 4.910715344070731050e-17
2.159265160738325903e+03 -9.056870775633574393e-18 5.459945312333746538e-17
2.160813998066503245e+03 -1.150133971503825865e-17 5.171904226738898434e-17
2.162362835394680587e+03 4.869962356128531198e-17 5.938866239934107375e-17
2.163911672722857929e+03 7.497023170269908030e-17 5.929750244383629912e-17
2.165460510051035271e+03 1.034617093645244047e-16 6.188251531752141763e-17
2.167009347379212613e+03 -9.509682461461597557e-18 4.993544783898912100e-17
2.168558184707389955e+03 -9.232251952178553459e-17 4.340721140907206582e-17
2.170107022035567297e+03 -2.877815742967589899e-17 4.957874562672035826e-17
2.171655859363744639e+03 1.677132526603248845e-17 5.470606726681897659e-17
2.173204696691921981e+03 -1.953970228338985224e-17 5.015308687929872277e-17
2.174753534020099323e+03 -4.839960399792187894e-17 4.648120392754904537e-17
2.176302371348276665e+03 1.738227281256242076e-17 5.481813843601648421e-17
2.177851208676454007e+03 9.701537613235167928e-17 5.998204131085460890e-17
2.179400046004631349e+03 1.196408219753781695e-17 4.959783624919652906e-17
2.180948883332808691e+03 -4.462433615086368394e-17 4.631996458013052750e-17
2.182497720660986033e+03 -8.721778417960827603e-18 5.015953711828133339e-17
2.184046557989163375e+03 2.836486304204686664e-18 5.104104798266636498e-17
2.185595395317340717e+03 4.590234789416638168e-17 5.549172009102569361e-17
2.187144232645518059e+03 8.393979086478768520e-17 5.830960342272148205e-17
2.188693069973695401e+03 -5.938442404096524970e-18 4.826798342551017619e-17
2.190241907301872743e+03 -4.825031447341711577e-17 4.561049780513647620e-17
2.191790744630050085e+03 -1.636900921310770741e-17 4.904330581220345415e-17
2.193339581958227427e+03 6.899456159014771845e-17 5.733913426672586423e-17
2.194888419286404769e+03 3.832367006657982775e-17 5.201405801283768215e-17
2.196437256614582111e+03 2.351308877933335885e-17 5.202038793409803059e-17
2.197986093942759453e+03 -6.180340178918994642e-17 4.058973827376008141e-17
2.199534931270936795e+03 -1.820664018716114667e-17 4.933141590196115937e-17
2.201083768599114137e+03 -7.032186908011669804e-18 4.794539689464225874e-17
2.202632605927291479e+03 -1.458880496246734436e-17 4.804866589630953454e-17
2.204181443255468821e+03 -1.683013777115104564e-17 4.828190650544603635e-17
2.205730280583646163e+03 -9.384424717152148311e-18 4.861313742223071310e-17
2.207279117911823505e+03 -2.976791198911941761e-17 4.547002838955114545e-17
2.208827955240000847e+03 -8.842988960546768257e-17 3.797715004019298523e-17
2.210376792568178189e+03 -1.265977881097947850e-16 3.408440464224026359e-17
2.211925629896355531e+03 -9.062333383030236467e-17 3.861187095799538521e-17
2.213474467224532873e+03 -6.158983102985977246e-17 4.146335937119217960e-17
2.215023304552710215e+03 -8.750480470776714531e-17 3.834902527341705734e-17
2.216572141880887557e+03 -6.583975637657499575e-17 4.207204075065401860e-17
2.218120979209064899e+03 8.882057884970233119e-17 5.802456183224661944e-17
2.219669816537242241e+03 4.731741403267487748e-17 5.006076194421095047e-17
2.221218653865419583e+03 -3.909375908237192889e-17 4.256615961208097971e-17
2.222767491193596925e+03 1.899608963636776070e-17 4.904931087704802748e-17
2.224316328521774267e+03 -4.677531337451216701e-17 4.009717661693507935e-17
2.225865165849951609e+03 -2.388130544781090905e-17 4.595349518520807216e-17
2.227414003178128951e+03 4.665016775838301836e-17 5.162325334206066880e-17
2.228962840506306293e+03 -1.689158091421802829e-17 4.317410702421866164e-17
2.230511677834483635e+03 -4.969262684599369843e-18 4.662300539090724088e-17
2.232060515162660977e+03 -4.104530495034582572e-17 4.049348728374883920e-17
2.233609352490838319e+03 -5.808503287447473590e-18 4.643387814294030087e-17
2.235158189819015661e+03 3.048756759017887234e-17 4.897265438268810928e-17
2.236707027147193003e+03 -3.653040652288819371e-17 4.035037484448852071e-17
2.238255864475370345e+03 -1.050970040618001635e-16 3.264356383976782711e-17
2.239804701803547687e+03 -3.037376525207236199e-17 4.452677970013160446e-17
2.241353539131725029e+03 -2.930621489246151006e-18 4.450393385255938358e-17
2.242902376459902371e+03 -1.706286583937949488e-17 4.382377553554912751e-17
2.244451213788079713e+03 -4.971352676064392934e-17 3.920491611040224690e-17
2.246000051116257055e+03 -8.903793829580706200e-17 3.458394418877671018e-17
2.247548888444434397e+03 -7.952628840105997340e-17 3.790321056638792893e-17
2.249097725772611739e+03 3.481456408054626241e-17 5.125088449311423461e-17
2.250646563100789081e+03 -3.789883851692386231e-17 3.824058589205360533e-17
2.252195400428966423e+03 -6.762947077620348234e-17 3.747783762300472863e-17
2.253744237757143765e+03 -6.107204021356461695e-17 3.890558999175851042e-17
2.255293075085321107e+03 4.566314561031335703e-17 5.061168410439429174e-17
2.256841912413498449e+03 3.732820725214195899e-17 4.647495953978118629e-17
2.258390749741675791e+03 2.502589478385147062e-17 4.756821737667430784e-17
2.259939587069853133e+03 -1.344528084006285496e-18 4.443576119670877247e-17
2.261488424398030475e+03 6.169580751871280191e-18 4.562068112434839512e-17
2.263037261726207817e+03 -8.653967071050551885e-18 4.320917306765980067e-17
2.264586099054385159e+03 -1.481395648719752279e-17 4.315160099813752898e-17
2.266134936382562501e+03 8.061964214351542763e-17 5.331763375927655182e-17
2.267683773710739842e+03 2.121824229397925110e-17 4.545406634039073224e-17
2.269232611038917184e+03 2.631028303353517191e-17 4.717214270810995660e-17
2.270781448367094526e+03 -6.500561883634541587e-18 4.251282196142444216e-17
2.272330285695271868e+03 -6.289122220504396992e-18 4.448587890169768619e-17
2.273879123023449210e+03 -4.399080852724258244e-17 3.856216483556990971e-17
2.275427960351626552e+03 -3.633548285461570192e-17 4.158379107785663199e-17
2.276976797679803894e+03 3.113940434874404830e-17 4.773626911793517881e-17
2.278525635007981236e+03 1.552332120106284165e-17 4.449084494528323806e-17
2.280074472336158578e+03 7.330035932088066577e-17 5.162222214293170241e-17
2.281623309664335920e+03 4.197509238336466179e-17 4.619034190298840132e-17
2.283172146992513262e+03 9.823166558384389494e-19 4.399594147022381265e-17
2.284720984320690604e+03 3.805320810142551926e-17 4.741040098665621396e-17
2.286269821648867946e+03 6.220866733113950126e-17 4.947121020172760045e-17
2.287818658977045288e+03 4.971478852663297965e-17 4.738286561894034109e-17
2.289367496305222630e+03 -1.458823115494611401e-17 4.037495217339279334e-17
2.290916333633399972e+03 3.802799803962976417e-17 4.822019674465932828e-17
2.292465170961577314e+03 2.565264248915950523e-18 4.167339747312212781e-17
2.294014008289754656e+03 1.988877448666830557e-17 4.568758572039983945e-17
2.295562845617931998e+03 -2.761343868438570275e-17 3.847352023922755505e-17
2.297111682946109340e+03 -5.733478050592388824e-17 3.721456231389605496e-17
2.298660520274286682e+03 -9.545225483268994881e-18 4.252257230932053953e-17
2.300209357602464024e+03 -1.248857056753202292e-17 4.046869650832269248e-17
2.301758194930641366e+03 2.809562675637830309e-17 4.642301896705151885e-17
2.303307032258818708e+03 4.599177724988614949e-17 4.710392666576955231e-17
2.304855869586996050e+03 1.113438223862939555e-17 4.245416054261040673e-17
2.306404706915173392e+03 1.077415542915146243e-17 4.349846530488309514e-17
2.307953544243350734e+03 4.132079843854247044e-17 4.613068091026469221e-17
2.309502381571528076e+03 6.009408991014007474e-17 4.844255287495730475e-17
2.311051218899705418e+03 9.687619787886585679e-18 4.152376225360510940e-17
2.312600056227882760e+03 1.970752611143041285e-18 4.211657228584825215e-17
2.314148893556060102e+03 -5.176497781070444714e-17 3.459267855858371181e-17
2.315697730884237444e+03 -4.537797928507920356e-17 3.752752478791232220e-17
2.317246568212414786e+03 -2.456983837317988640e-17 3.965544603219520232e-17
2.318795405540592128e+03 -5.506707324551729161e-17 3.614839600344528820e-17
2.320344242868769470e+03 1.125747984336458075e-17 4.457676496898832946e-17
2.321893080196946812e+03 7.277002245272612290e-17 4.868621938389025151e-17
2.323441917525124154e+03 1.163326784346735557e-16 5.291004096976842772e-17
2.324990754853301496e+03 5.611866587287590463e-17 4.540991464275043325e-17
2.326539592181478838e+03 5.239062311990718603e-17 4.699347740036086780e-17
2.328088429509656180e+03 8.824121630772676587e-17 4.920989639911840414e-17
2.329637266837833522e+03 4.849422434043044867e-17 4.549716133864118697e-17
2.331186104166010864e+03 -5.538668796528965891e-17 3.293417290127603378e-17
2.332734941494188206e+03 -1.080834177408901612e-17 4.231267123376483309e-17
2.334283778822365548e+03 1.092789730227981865e-16 5.221229665969223773e-17
2.335832616150542890e+03 4.335443783152686314e-17 4.298220647291486747e-17
2.337381453478720232e+03 -3.747786596907003152e-17 3.623208042527108113e-17
2.338930290806897574e+03 -1.814336689091668150e-17 3.928349159160965818e-17
2.340479128135074916e+03 -1.650469304099858348e-17 3.916616515804203057e-17
2.342027965463252258e+03 -3.494263145050220148e-17 3.717587717425033285e-17
2.343576802791429600e+03 -5.454616830378133248e-18 3.963335272159752696e-17
2.345125640119606942e+03 -3.391657859588209560e-18 3.993817572808858692e-17
2.346674477447784284e+03 -1.235306105926197674e-17 3.892425308180753983e-17
2.348223314775961626e+03 -2.218395029897153282e-17 3.816286239099266978e-17
2.349772152104138968e+03 8.320620098328225147e-17 5.039090046626791888e-17
2.351320989432316310e+03 7.477509872083904092e-17 4.591388702680436163e-17
2.352869826760493652e+03 -2.405599152646173435e-17 3.668814202459791177e-17
2.354418664088670994e+03 -2.134090867558762766e-17 3.874320838147928670e-17
2.355967501416848336e+03 4.262067901797159752e-17 4.489279757468416370e-17
2.357516338745025678e+03 1.312497028937647141e-17 4.026255247890482046e-17
2.359065176073203020e+03 -1.282135356397129516e-17 3.908668136154858404e-17
2.360614013401380362e+03 -4.126524199926434955e-17 3.517362322655816966e-17
2.362162850729557704e+03 1.976844130537543688e-17 4.328568374340987813e-17
2.363711688057735046e+03 2.922840517780278914e-17 4.224224361022494085e-17
2.365260525385912388e+03 1.461872743047672847e-18 3.972535585554859162e-17
2.366809362714089730e+03 8.558630523815021813e-17 4.937325029605146926e-17
2.368358200042267072e+03 6.510038926346451380e-17 4.458498571987837561e-17
2.369907037370444414e+03 8.731359681131620616e-18 4.027780362699917991e-17
2.371455874698621756e+03 -1.107569140492930696e-17 3.874794738889384802e-17
2.373004712026799098e+03 2.002536349319362478e-18 4.062431607300042577e-17
2.374553549354976440e+03 -8.625438523978451074e-18 3.810326656665056347e-17
2.376102386683153782e+03 8.156192531083947144e-17 4.815283397236020938e-17
2.377651224011331124e+03 3.766535945835142023e-17 4.167947522678378130e-17
2.379200061339508466e+03 -1.367758601440796918e-17 3.850276624569362495e-17
2.380748898667685808e+03 1.546376445220025121e-17 4.199011465860438570e-17
2.382297735995863150e+03 -3.419270098922015657e-17 3.465194458519210010e-17
2.383846573324040492e+03 3.467437033149433475e-17 4.387093300674563029e-17
2.385395410652217834e+03 1.269232929190495672e-16 5.172226779792889226e-17
2.386944247980395176e+03 3.620147122406115806e-17 4.049920645007293022e-17
2.388493085308572518e+03 -2.241297945217894923e-17 3.726805996387408785e-17
2.390041922636749860e+03 2.085309409518614645e-17 4.224135379729758528e-17
2.391590759964927202e+03 4.483439230837786900e-17 4.372891513112727809e-17
2.393139597293104543e+03 4.267844364602146505e-17 4.301591536886849623e-17
2.394688434621281885e+03 -1.541124653816688067e-17 3.662107729237270433e-17
2.396237271949459227e+03 3.604913068892686353e-17 4.388510499495351800e-17
2.397786109277636569e+03 3.967498974604155334e-17 4.177981989808861233e-17
2.399334946605813911e+03 1.450388155918721460e-17 4.057968839316844420e-17
2.400883783933991253e+03 3.451898128277774504e-19 3.838945149998469612e-17
2.402432621262168595e+03 -3.757685904902972895e-17 3.361096686067734040e-17
2.403981458590345937e+03 -9.633898884879554147e-18 3.900591986441511669e-17
2.405530295918523279e+03 2.411589687566950281e-17 4.121314720023686408e-17
2.407079133246700621e+03 4.125549812906475460e-17 4.276614649736201722e-17
2.408627970574877963e+03 -1.785124342620223079e-17 3.553327462492671196e-17
2.410176807903055305e+03 -4.391249930228348091e-17 3.366924658172482416e-17
2.411725645231232647e+03 -5.713493257584614387e-17 3.194647482813817165e-17
2.413274482559409989e+03 -1.991248490603072466e-17 3.746572069376083455e-17
2.414823319887587331e+03 -4.479715289394191663e-17 3.259464025196829257e-17
2.416372157215764673e+03 -4.051099602903088097e-17 3.472340662103346380e-17
2.417920994543942015e+03 -9.468344894109740355e-18 3.873304995802524948e-17
2.419469831872119357e+03 -4.524870106541331665e-17 3.225868022590077544e-17
2.421018669200296699e+03 1.787486406767901113e-17 4.065607187696841379e-17
2.422567506528474041e+03 -3.336184956108136164e-17 3.197925169412236342e-17
2.424116343856651383e+03 -1.607592896822929477e-17 3.733527556026396038e-17
2.425665181184828725e+03 3.361606923739036136e-17 4.200040131703005356e-17
2.427214018513006067e+03 -1.079012253133279429e-18 3.666569763905973881e-17
2.428762855841183409e+03 6.837098804857670690e-18 3.944752300103670360e-17
2.430311693169360751e+03 6.416548718479012909e-17 4.476760541117560112e-17
2.431860530497538093e+03 -6.407493687138163114e-18 3.629702422992479307e-17
2.433409367825715435e+03 -6.921724087150469069e-18 3.809600165796543018e-17
2.434958205153892777e+03 -9.579706927869099518e-19 3.795346573252541832e-17
2.436507042482070119e+03 -4.722198581203198712e-17 3.220490695654665552e-17
2.438055879810247461e+03 -1.014796199828712751e-17 3.813522023854144254e-17
2.439604717138424803e+03 -2.050311630601691128e-17 3.503484222607763665e-17
2.441153554466602145e+03 1.212953142490156588e-17 3.974240068507271201e-17
2.442702391794779487e+03 -3.132406655828712322e-17 3.244097355122208366e-17
2.444251229122956829e+03 -4.280200020674375774e-17 3.346926361343807764e-17
2.445800066451134171e+03 -3.414798225259995480e-17 3.382642414000024299e-17
2.447348903779311513e+03 -3.475849682189127939e-18 3.796711469169695499e-17
2.448897741107488855e+03 -8.712467286224988753e-18 3.579980355494001764e-17
2.450446578435666197e+03 3.344867782572001221e-17 4.131875790553787375e-17
2.451995415763843539e+03 -1.577468614003016081e-18 3.570340537080084191e-17
2.453544253092020881e+03 -4.498547493787687690e-17 3.169989542519580264e-17
2.455093090420198223e+03 3.459384424396143652e-17 4.224538572738506249e-17
2.456641927748375565e+03 1.937381733863915591e-17 3.809609328834368984e-17
2.458190765076552907e+03 -4.562244376273154461e-18 3.674361923708984693e-17
2.459739602404730249e+03 -3.022194056137805655e-17 3.340201197847089065e-17
2.461288439732907591e+03 -1.334778958563411502e-17 3.642250553811296853e-17
2.462837277061084933e+03 -2.159062796444284189e-17 3.362923916707151758e-17
2.464386114389262275e+03 -5.438718051335602607e-17 3.043286994356512201e-17
2.465934951717439617e+03 -1.571966882017276810e-17 3.622578715877380217e-17
2.467483789045616959e+03 -1.431068976518516456e-17 3.447256612840829819e-17
2.469032626373794301e+03 2.164318415880707165e-17 3.965102705533048535e-17
2.470581463701971643e+03 -1.381711476642284563e-17 3.426595671811276158e-17
2.472130301030148985e+03 -5.626129304280113371e-18 3.679611845666685863e-17
2.473679138358326327e+03 -2.583624340642192134e-17 3.348453635236826762e-17
2.475227975686503669e+03 1.359969493797654113e-17 3.859049364343553444e-17
2.476776813014681011e+03 -7.883691843826582649e-17 2.391362054648851494e-17
2.478325650342858353e+03 -5.229019510494650823e-17 3.330498862647447264e-17
2.479874487671035695e+03 3.221141070242930698e-17 4.002750973278874378e-17
2.481423324999213037e+03 1.220315621416699956e-17 3.656015743783286008e-17
2.482972162327390379e+03 -2.097394004119510637e-17 3.384596302522551107e-17
2.484520999655567721e+03 2.433253403461486919e-18 3.675221073840618962e-17
2.486069836983745063e+03 -4.299746031571409399e-17 3.054349765378144286e-17
2.487618674311922405e+03 -2.956658312857586127e-17 3.386718240123479149e-17
2.489167511640099747e+03 -3.520846719787561172e-17 3.207762195997348222e-17
2.490716348968277089e+03 -4.171844556892830851e-17 3.246674956998486417e-17
2.492265186296454431e+03 -2.065606769621381234e-17 3.433841603442649742e-17
2.493814023624631773e+03 -2.815818347501618320e-17 3.298687674548897892e-17
2.495362860952809115e+03 2.033669144389214881e-17 3.927282584725617159e-17
2.496911698280986457e+03 -1.325155101392592842e-17 3.335157337894648725e-17
2.498460535609163799e+03 -7.679321609160715409e-18 3.534080558944232398e-17
2.500009372937341141e+03 -5.118614830879782369e-18 3.587666876032271234e-17
2.501558210265518483e+03 -3.293397920919033517e-17 3.189806134994710726e-17
2.503107047593695825e+03 4.342069865131501900e-17 4.116086048175235565e-17
2.504655884921873167e+03 5.734667099745900544e-17 4.057708298330166679e-17
2.506204722250050509e+03 1.921001447326125619e-17 3.739208788398369928e-17
2.507753559578227851e+03 -1.663752888679083415e-17 3.345862198653225550e-17
2.509302396906405193e+03 -3.090660871769091207e-18 3.579267515765874888e-17
2.510851234234582535e+03 -8.488844792723090347e-18 3.454268066411498462e-17
2.512400071562759877e+03 -4.873627923006512725e-17 3.041792266256882005e-17
2.513948908890937219e+03 -3.679995582543597604e-17 3.224989543815496092e-17
2.515497746219114561e+03 1.851729482525295535e-18 3.662458721541305812e-17
2.517046583547291903e+03 3.101110439046020288e-17 3.985457248059252962e-17
2.518595420875469244e+03 -3.632869010667762803e-17 2.951134164297786056e-17
2.520144258203646586e+03 6.095717249458751574e-18 3.746675301806027850e-17
2.521693095531823928e+03 5.954257289385507221e-17 4.086413298353165243e-17
2.523241932860001270e+03 7.777912707523253362e-17 4.219034340061343825e-17
2.524790770188178612e+03 1.932016344793156409e-17 3.599746837377060142e-17
2.526339607516355954e+03 4.199153494120513072e-17 3.943017780931107840e-17
2.527888444844533296e+03 7.148518657079157688e-17 4.113078208414542568e-17
2.529437282172710638e+03 2.992271963680991038e-17 3.693177949633157434e-17
2.530986119500887980e+03 -2.488140959292344350e-17 3.195268041089688091e-17
2.532534956829065322e+03 -3.783803151287838006e-17 3.131788969908812084e-17
2.534083794157242664e+03 -5.150731060782706643e-17 2.890465448954466698e-17
2.535632631485420006e+03 -4.940156306555783432e-17 2.995125193983586887e-17
2.537181468813597348e+03 -4.929060875399881934e-17 2.999687116630703793e-17
2.538730306141774690e+03 -3.756256601147187604e-17 3.113194126690533411e-17
2.540279143469952032e+03 -2.960191938964082312e-17 3.235633516338401813e-17
2.541827980798129374e+03 9.514763416910231223e-18 3.643395852559345642e-17
2.543376818126306716e+03 -1.497619902101344973e-17 3.262120046338063684e-17
2.544925655454484058e+03 -1.788137983752737121e-17 3.387930625155908198e-17
2.546474492782661400e+03 -1.861680109732152229e-17 3.271758120475401016e-17
2.548023330110838742e+03 -1.087669801389516651e-17 3.426331806738962514e-17
2.549572167439016084e+03 -2.984899266599196090e-17 3.071393449646190997e-17
2.551121004767193426e+03 2.034918051213912778e-17 3.819083294004626255e-17
2.552669842095370768e+03 -3.500626320005611730e-17 2.921144252657078596e-17
2.554218679423548110e+03 -3.363889140364569184e-17 3.180882682949855341e-17
2.555767516751725452e+03 7.698787058892490614e-18 3.610968823206173415e-17
2.557316354079902794e+03 2.014887716742699379e-17 3.626283020366967865e-17
2.558865191408080136e+03 2.366543317631551961e-17 3.612559897269842108e-17
2.560414028736257478e+03 2.068120996491905231e-17 3.627266964838238648e-17
2.561962866064434820e+03 -1.425986328247775989e-17 3.213486776609285633e-17
2.563511703392612162e+03 -1.802585141737454577e-17 3.266195363511587819e-17
2.565060540720789504e+03 -4.136349512319555825e-17 2.960573368271905144e-17
2.566609378048966846e+03 -1.648426191105301578e-17 3.275767402011194077e-17
2.568158215377144188e+03 3.573292777631682225e-18 3.485538104120476449e-17
2.569707052705321530e+03 1.304240499256135125e-17 3.545397883361678482e-17
2.571255890033498872e+03 1.691291680775344313e-17 3.610771074537946742e-17
2.572804727361676214e+03 4.882075855943561952e-17 3.904208490829764000e-17
2.574353564689853556e+03 6.958894707143814166e-17 3.969719094246813218e-17
2.575902402018030898e+03 3.651657228171862131e-18 3.335613871689892185e-17
2.577451239346208240e+03 -2.648835078424421514e-17 3.094803671771065577e-17
2.579000076674385582e+03 7.119074721004855873e-17 4.104217688932356915e-17
2.580548914002562924e+03 2.408424030562008419e-17 3.444531796402965608e-17
2.582097751330740266e+03 -6.233431803805879477e-18 3.329376803710339263e-17
2.583646588658917608e+03 -4.206568443973424559e-17 2.899675566044846466e-17
2.585195425987094950e+03 -3.116382829526195546e-17 3.090692457591147590e-17
2.586744263315272292e+03 3.333594225119350775e-18 3.406517688492596935e-17
2.588293100643449634e+03 -4.730828594912114049e-17 2.769538320495686880e-17
2.589841937971626976e+03 -2.717431906104544059e-17 3.150123709694327267e-17
2.591390775299804318e+03 -5.801665634018365313e-17 2.708904456554438370e-17
2.592939612627981660e+03 -1.085936185552545410e-17 3.478969034983728667e-17
2.594488449956159002e+03 -3.946563127711018290e-18 3.273725636850329924e-17
2.596037287284336344e+03 -5.286485250906566874e-17 2.767200378463909003e-17
2.597586124612513686e+03 -4.172169892038188135e-17 3.014523307322761562e-17
2.599134961940691028e+03 -6.066610058406151579e-17 2.778587786547958442e-17
2.600683799268868370e+03 -1.453896773409926447e-17 3.484226451852544104e-17
2.602232636597045712e+03 -7.721428300568980693e-20 3.387337687275916499e-17
2.603781473925223054e+03 1.802407505741335614e-17 3.575397798028898924e-17
2.605330311253400396e+03 1.775263769860689250e-17 3.487604286779480140e-17
2.606879148581577738e+03 -2.794653670361739630e-17 3.009125250300134030e-17
2.608427985909755080e+03 -2.863483628893721978e-17 3.106614776829932436e-17
2.609976823237932422e+03 -6.207080871383989281e-18 3.346208191276064557e-17
2.611525660566109764e+03 2.080569474987796309e-17 3.608398987828657875e-17
2.613074497894287106e+03 -8.744301142943802416e-18 3.173215462758001172e-17
2.614623335222464448e+03 1.724920316371298692e-17 3.608262185100854126e-17
2.616172172550641790e+03 -9.182194985382821198e-19 3.244254866304232188e-17
2.617721009878819132e+03 2.066958867793554590e-17 3.567590322210517134e-17
2.619269847206996474e+03 2.205762253515755012e-17 3.486599218279999200e-17
2.620818684535173816e+03 -3.050002400423561924e-17 2.969021047929092639e-17
2.622367521863351158e+03 -1.849266826143735137e-17 3.267522181906083086e-17
2.623916359191528500e+03 2.161042196200104653e-17 3.520324468198915836e-17
2.625465196519705842e+03 -2.876174369561687045e-17 2.920700324733060933e-17
2.627014033847883184e+03 -3.830412695812407084e-17 2.996570907799444753e-17
2.628562871176060526e+03 -7.654654023132793603e-18 3.284143223352408844e-17
2.630111708504237868e+03 -4.066417396643354637e-17 2.861983131218730705e-17
2.631660545832415210e+03 -3.767528989031719920e-17 2.999999777844148608e-17
2.633209383160592552e+03 2.583988233901661965e-17 3.607380212638296998e-17
2.634758220488769894e+03 3.142053012451041342e-17 3.532836884590467078e-17
2.636307057816947236e+03 2.800000673283380262e-17 3.591837985070771200e-17
2.637855895145124578e+03 -6.807329416813582224e-17 2.405199664184935700e-17
2.639404732473301920e+03 -2.252320266750582174e-17 3.315006831700232876e-17
2.640953569801479262e+03 6.837450884820185903e-17 3.969609218522497836e-17
2.642502407129656604e+03 6.902575030705338182e-17 3.905264198629653314e-17
2.644051244457833945e+03 6.085277100539411739e-18 3.277824208093810697e-17
2.645600081786011287e+03 -6.773901885303623008e-18 3.345263264313822633e-17
2.647148919114188629e+03 -7.826693680466462262e-18 3.250243330022769832e-17
2.648697756442365971e+03 -1.090021358303984718e-17 3.202714789717409421e-17
2.650246593770543313e+03 4.168996454438722061e-17 3.784018486653839153e-17
2.651795431098720655e+03 -4.425393875111536831e-18 3.141306875235342234e-17
2.653344268426897997e+03 -7.623959356087782433e-18 3.273243827121975306e-17
2.654893105755075339e+03 -1.952558661285280327e-17 3.053249561987693458e-17
2.656441943083252681e+03 -2.149972078641060998e-17 3.155261285930114570e-17
2.657990780411430023e+03 -2.373633367309905241e-17 3.071421730814534487e-17
2.659539617739607365e+03 1.346593602894076234e-17 3.521619296775285860e-17
2.661088455067784707e+03 9.006510519784538663e-17 4.058557466964958061e-17
2.662637292395962049e+03 1.758218821113630556e-17 3.283901318073056994e-17
2.664186129724139391e+03 -1.484637585818129893e-17 3.198678139279234438e-17
2.665734967052316733e+03 8.483598868377657181e-18 3.366096397355791140e-17
2.667283804380494075e+03 -9.603719761650400100e-18 3.234152333026928865e-17
2.668832641708671417e+03 2.231542204617576273e-17 3.601255218401806180e-17
2.670381479036848759e+03 4.549636957261238713e-17 3.707140836432561664e-17
2.671930316365026101e+03 4.975754068382511047e-17 3.736534908114766403e-17
2.673479153693203443e+03 8.623375880098589141e-17 3.996713119218962076e-17
2.675027991021380785e+03 6.854535866838236474e-17 3.811818030168279874e-17
2.676576828349558127e+03 4.335987709372747034e-17 3.672993948736547019e-17
2.678125665677735469e+03 4.261890116096219747e-17 3.652194120774517257e-17
2.679674503005912811e+03 1.257125978293936270e-17 3.386441241188175698e-17
2.681223340334090153e+03 2.259783106071465215e-17 3.557883906505874088e-17
2.682772177662267495e+03 7.096325190478373151e-17 3.974373600475004581e-17
2.684321014990444837e+03 5.059376266520534021e-17 3.748557915242421538e-17
2.685869852318622179e+03 1.932269123471760537e-17 3.516576446024121404e-17
2.687418689646799521e+03 -4.504855833533929781e-18 3.223697030509040006e-17
2.688967526974976863e+03 2.243408373600866413e-17 3.642433655487828860e-17
2.690516364303154205e+03 -1.880472726874995950e-17 3.098173225218582632e-17
2.692065201631331547e+03 -7.185287893244500913e-18 3.334846044246794219e-17
2.693614038959508889e+03 -2.906300049114056575e-17 2.978115532696523326e-17
2.695162876287686231e+03 -4.597950787560474279e-17 2.922023030156419872e-17
2.696711713615863573e+03 9.982786975797014747e-18 3.432793400840680679e-17
2.698260550944040915e+03 5.396671461743811220e-17 3.847182877899464720e-17
2.699809388272218257e+03 -1.081921735494555407e-19 3.279734070660609137e-17
2.701358225600395599e+03 1.460661888698472576e-17 3.522798945639113648e-17
2.702907062928572941e+03 3.593688567093946705e-17 3.624946944272993996e-17
2.704455900256750283e+03 1.086400128919613170e-17 3.397082093820427445e-17
2.706004737584927625e+03 -4.128838246265336787e-17 2.854818830765526006e-17
2.707553574913104967e+03 -9.228086905408710313e-17 2.295532197822439905e-17
2.709102412241282309e+03 -4.081792908158154077e-17 2.982458832016490575e-17
2.710651249569459651e+03 1.061331135478003054e-17 3.395513198072234592e-17
2.712200086897636993e+03 5.601909938148940211e-17 3.860843666877802028e-17
2.713748924225814335e+03 3.812842170309176776e-17 3.588139873778425875e-17
2.715297761553991677e+03 -7.649006909099312475e-18 3.231070762502166876e-17
2.716846598882169019e+03 7.127788548815472860e-17 3.947171372050890642e-17
2.718395436210346361e+03 6.187183487407461195e-17 3.742565192965215922e-17
2.719944273538523703e+03 -2.491695057148783353e-17 3.049134044723798739e-17
2.721493110866701045e+03 9.982800092960773604e-19 3.370277616681829407e-17
2.723041948194878387e+03 4.356558635242791058e-17 3.681917379676553012e-17
2.724590785523055729e+03 3.435144515880990756e-17 3.579602318887110784e-17
2.726139622851233071e+03 5.719630789893292235e-18 3.326470598262824906e-17
2.727688460179410413e+03 -2.672948161886199434e-17 3.041008546804363744e-17
2.729237297507587755e+03 -2.108119210626634553e-17 3.133417162223227324e-17
2.730786134835765097e+03 3.738358111968461491e-18 3.355149947062492302e-17
2.732334972163942439e+03 3.201568903506561815e-17 3.620248654455282649e-17
2.733883809492119781e+03 2.173721034522776189e-17 3.505942127012766512e-17
2.735432646820297123e+03 -1.053574941351732978e-17 3.268982824883697601e-17
2.736981484148474465e+03 -3.041947535175385462e-18 3.319010674542098878e-17
2.738530321476651807e+03 -4.992024603051045838e-17 2.806467424678873875e-17
2.740079158804829149e+03 -4.180557402584027525e-17 2.987917996042558879e-17
2.741627996133006491e+03 4.123589142591714004e-17 3.707430190604131884e-17
2.743176833461183833e+03 -9.051577436867788253e-18 3.216227717962438687e-17
2.744725670789361175e+03 -3.803375075271279786e-17 3.050544167408473527e-17
2.746274508117538517e+03 -3.061422353486968665e-18 3.383541043952571628e-17
2.747823345445715859e+03 -2.232994604562653222e-18 3.390210484879475619e-17
2.749372182773893201e+03 4.306695639336659088e-17 3.768508253144219603e-17
2.750921020102070543e+03 1.988252166359356761e-17 3.554646724987488133e-17
2.752469857430247885e+03 7.404256910817346575e-18 3.455956432604291559e-17
2.754018694758425227e+03 -3.788692119327310230e-17 2.932720680434035837e-17
2.755567532086602569e+03 -7.494549929366532154e-17 2.682412702801897074e-17
2.757116369414779911e+03 -2.572110712406024326e-17 3.153152538544015679e-17
2.758665206742957253e+03 9.403953315710200087e-18 3.488436566432982123e-17
2.760214044071134595e+03 -2.789725688250929821e-17 3.118458149148289245e-17
2.761762881399311937e+03 8.495058516848631230e-18 3.491754096661259239e-17
2.763311718727489279e+03 5.602421654331108299e-17 3.912902878842896126e-17
2.764860556055666621e+03 1.958107741985571558e-17 3.602754572307986038e-17
2.766409393383843963e+03 -3.383528260171363955e-17 3.050709084392080360e-17
2.767958230712021304e+03 -4.241101474105634997e-17 3.008079576345926856e-17
2.769507068040198646e+03 -4.370172763943868108e-17 3.013192312807925802e-17
2.771055905368375988e+03 -1.914474437191048251e-17 3.335928279920807677e-17
2.772604742696553330e+03 4.366871664631790046e-17 3.799986969702685744e-17
2.774153580024730672e+03 2.481993950775029948e-17 3.616197988995079720e-17
2.775702417352908014e+03 -1.328872684234180621e-17 3.327979460233489261e-17
2.777251254681085356e+03 -2.436470226602768945e-17 3.196652881465971860e-17
2.778800092009262698e+03 9.113176155416960871e-18 3.540671347905149059e-17
2.780348929337440040e+03 1.777738669630340817e-17 3.629768783923238499e-17
2.781897766665617382e+03 -1.361372174079529670e-17 3.333290422215596092e-17
2.783446603993794724e+03 -1.683442607065143035e-17 3.308129309133220643e-17
2.784995441321972066e+03 -3.868285629816100389e-17 3.105650285008565437e-17
2.786544278650149408e+03 -1.741743258710237092e-17 3.292084111979550315e-17
2.788093115978326750e+03 6.638121047935651576e-17 4.028804682535401050e-17
2.789641953306504092e+03 5.967988208481388916e-17 4.026721828189875871e-17
2.791190790634681434e+03 1.748194566360204726e-19 3.545754053475381312e-17
2.792739627962858776e+03 -9.177443957990130658e-19 3.551610704087771491e-17
2.794288465291036118e+03 -1.049306422486072643e-17 3.458879369598412385e-17
2.795837302619213460e+03 -1.883459314812536306e-17 3.337176679743081691e-17
2.797386139947390802e+03 6.046761917958403576e-18 3.579341705390348381e-17
2.798934977275568144e+03 -2.203212819237884667e-17 3.386554719185541485e-17
2.800483814603745486e+03 -3.736283684439818648e-17 3.202003932373591077e-17
2.802032651931922828e+03 -3.355089227505454155e-17 3.218866114237128133e-17
2.803581489260100170e+03 -3.429184254135248890e-17 3.270279415754294420e-17
2.805130326588277512e+03 2.872909670731465049e-17 3.844712006876615951e-17
2.806679163916454854e+03 7.350467571259174500e-17 4.153284108502897026e-17
2.808228001244632196e+03 3.752699416577107709e-17 3.855697729269769561e-17
2.809776838572809538e+03 3.778441435848139854e-18 3.589457045004344472e-17
2.811325675900986880e+03 -2.908349030828638224e-17 3.326983963194813823e-17
2.812874513229164222e+03 -4.632776684230974036e-17 3.098407057074884046e-17
2.814423350557341564e+03 -4.665582685801029883e-17 3.192971005708903651e-17
2.815972187885518906e+03 -7.304575159300083799e-17 2.920281839509708978e-17
2.817521025213696248e+03 -5.364587142017948809e-17 3.057238596949443435e-17
2.819069862541873590e+03 -8.849920330972979607e-18 3.488892023334388050e-17
2.820618699870050932e+03 -7.719186270644672357e-18 3.539399911905404993e-17
2.822167537198228274e+03 -3.947488493094285036e-17 3.212806018015820038e-17
2.823716374526405616e+03 -3.877404317736082925e-18 3.571239819499823343e-17
2.825265211854582958e+03 4.451759886807657217e-17 4.020563645766768345e-17
2.826814049182760300e+03 4.806864139773527150e-17 4.048657496359215237e-17
2.828362886510937642e+03 -1.838725717329234931e-17 3.544411680843075307e-17
2.829911723839114984e+03 -9.049282819079042096e-17 2.653165316090469087e-17
2.831460561167292326e+03 -4.169354110275693299e-17 3.143513374962181524e-17
2.833009398495469668e+03 1.190757070393663193e-17 3.778260478972682711e-17
2.834558235823647010e+03 -2.853190291288017840e-17 3.468901484803294898e-17
2.836107073151824352e+03 -5.389151164986436502e-17 3.099141193853222955e-17
2.837655910480001694e+03 2.670459129512651119e-17 3.863667659796099083e-17
2.839204747808179036e+03 8.304250701918352853e-17 4.388074888731792213e-17
2.840753585136356378e+03 3.998908059547727786e-17 4.112378838868866958e-17
2.842302422464533720e+03 1.347760318699923868e-17 3.802496756861587223e-17
2.843851259792711062e+03 2.823867167431701152e-17 4.001150087925546877e-17
2.845400097120888404e+03 5.229823202004078107e-18 3.847841943008045596e-17
2.846948934449065746e+03 -2.338678846666811811e-17 3.531752788113640985e-17
2.848497771777243088e+03 2.538206460697020312e-18 3.707887706705816706e-17
2.850046609105420430e+03 2.775984588725007515e-17 4.017904651462442555e-17
2.851595446433597772e+03 -3.128643296704064359e-17 3.510694825032848269e-17
2.853144283761775114e+03 -1.699982078262794622e-17 3.553156615063583499e-17
2.854693121089952456e+03 3.841134021716312469e-17 4.193838816612622562e-17
2.856241958418129798e+03 -2.289408749625646182e-17 3.703515491941931644e-17
2.857790795746307140e+03 -3.315086493789937646e-17 3.517777701287360118e-17
2.859339633074484482e+03 5.106438244387836837e-17 4.204649983545048884e-17
2.860888470402661824e+03 9.129227062333737533e-17 4.636926600073030636e-17
2.862437307730839166e+03 2.839397096260010329e-17 4.215530553602224450e-17
2.863986145059016508e+03 -3.859808248718639174e-17 3.500838126769245181e-17
2.865534982387193850e+03 -3.786191983621865235e-17 3.500246689801463613e-17
2.867083819715371192e+03 -1.119055544447050831e-17 3.755348375893408661e-17
2.868632657043548534e+03 1.246157197159837255e-17 4.098875771297861181e-17
2.870181494371725876e+03 -2.351955895990397128e-17 3.666348707965751409e-17
2.871730331699903218e+03 -1.346328562528027454e-17 3.774495848674311244e-17
2.873279169028080560e+03 3.370415919245233657e-17 4.176654632811411436e-17
2.874828006356257902e+03 8.468235459518425268e-17 4.604590953371159184e-17
2.876376843684435244e+03 6.326871406643570141e-17 4.649417695667701086e-17
2.877925681012612586e+03 5.960187150705787947e-18 4.095494980652679187e-17
2.879474518340789928e+03 -6.166018442498902858e-18 3.975118258685522046e-17
2.881023355668967270e+03 -1.181383764280231476e-17 3.900523662058511559e-17
2.882572192997144612e+03 -8.024365892337650202e-18 3.970946336897275026e-17
2.884121030325321954e+03 5.670179680111865293e-18 4.108716026560315506e-17
2.885669867653499296e+03 -6.439571119604126735e-19 4.092855774088623431e-17
2.887218704981676638e+03 -2.718499763584185582e-17 3.775020946357949879e-17
2.888767542309853980e+03 -3.058797613342062140e-17 3.827051810995914933e-17
2.890316379638031322e+03 -4.721094782930983349e-17 3.571414353301093196e-17
2.891865216966208664e+03 1.453443785603201447e-17 4.202432143602763319e-17
2.893414054294386005e+03 1.107991884057600030e-16 4.942488696846725263e-17
2.894962891622563347e+03 1.283643504153379882e-16 5.383898176126657839e-17
2.896511728950740689e+03 8.685680557828991923e-18 4.272061078057288785e-17
2.898060566278918031e+03 1.657694119825164778e-17 4.466244237656851088e-17
2.899609403607095373e+03 6.599349778382641428e-18 4.369122293364028742e-17
2.901158240935272715e+03 4.575456380340207026e-17 4.730241716038804814e-17
2.902707078263450057e+03 6.624962461032894017e-17 5.033349489717046072e-17
2.904255915591627399e+03 -2.966481509390510840e-17 4.048825026935428219e-17
2.905804752919804741e+03 -5.571888807237535940e-17 3.608823991051150262e-17
2.907353590247982083e+03 1.795644903064786881e-17 4.432893244595745534e-17
2.908902427576159425e+03 -2.052125246840964716e-17 4.273770787104828763e-17
2.910451264904336767e+03 -7.459477454505444797e-17 3.479698609891506062e-17
2.912000102232514109e+03 -2.422389427966235440e-17 4.097435414512441179e-17
2.913548939560691451e+03 -2.535490547310673739e-18 4.288291327492759952e-17
2.915097776888868793e+03 3.684178253797957652e-17 4.774545474150099676e-17
2.916646614217046135e+03 2.326045185340892304e-17 4.520476557096619425e-17
2.918195451545223477e+03 6.317989941835915196e-17 5.102329346434635401e-17
2.919744288873400819e+03 -1.365565101020968716e-17 4.543658471929728544e-17
2.921293126201578161e+03 -9.584334864311735566e-17 3.432617014463338911e-17
2.922841963529755503e+03 -2.419099375405110094e-17 4.191972463802584784e-17
2.924390800857932845e+03 2.578703247269930547e-17 4.829501525982102842e-17
2.925939638186110187e+03 7.061100166324086654e-18 4.658449209419598069e-17
2.927488475514287529e+03 4.691604764160736387e-17 5.060178927639427604e-17
2.929037312842464871e+03 8.378005456884890307e-17 5.519361667970615421e-17
2.930586150170642213e+03 5.298467786297808213e-18 4.876669934611615187e-17
2.932134987498819555e+03 -5.414947679982446253e-17 4.083745457889354157e-17
2.933683824826996897e+03 5.151162042298052332e-18 4.643047221564629051e-17
2.935232662155174239e+03 3.628026071220633938e-17 5.229667233775906554e-17
2.936781499483351581e+03 -2.996318040923153999e-17 4.484813544898277349e-17
2.938330336811528923e+03 1.163352662492507368e-17 4.878756511539472812e-17
2.939879174139706265e+03 4.519311310948038913e-17 5.205540171984727861e-17
2.941428011467883607e+03 4.194298279292960217e-17 5.258920333993038290e-17
2.942976848796060949e+03 4.503814366746533744e-17 5.253899001723918316e-17
2.944525686124238291e+03 6.757619227896052189e-17 5.702341784618948932e-17
2.946074523452415633e+03 -1.554971565408641712e-17 4.782752131013404246e-17
2.947623360780592975e+03 3.480302589908491172e-17 5.102538105973294342e-17
2.949172198108770317e+03 1.020216456539869565e-16 6.069386393425255361e-17
2.950721035436947659e+03 1.732950831442003121e-17 5.137233634544446133e-17
2.952269872765125001e+03 1.523117123058178058e-17 5.225339097128312050e-17
2.953818710093302343e+03 3.689237499678521705e-17 5.421892770089713454e-17
2.955367547421479685e+03 6.941303979570184824e-17 6.098445490089781392e-17
2.956916384749657027e+03 1.654095942048636656e-17 5.207011564827066818e-17
2.958465222077834369e+03 8.253640265255320105e-17 6.100248043315250602e-17
2.960014059406011711e+03 3.155707802589164265e-17 5.483558154602639785e-17
2.961562896734189053e+03 3.194085331355623449e-17 5.662699510013592649e-17
2.963111734062366395e+03 -1.614844368795420405e-18 5.380278664505033491e-17
2.964660571390543737e+03 -1.480843014574438464e-17 5.217566876685054489e-17
2.966209408718721079e+03 -9.680518727107489108e-18 5.232214760099749864e-17
2.967758246046898421e+03 2.455754974554462809e-17 5.769206643715841274e-17
2.969307083375075763e+03 -1.791804548700529291e-17 5.131705825662606509e-17
2.970855920703253105e+03 6.126133540490422269e-17 6.226301972453377642e-17
2.972404758031430447e+03 -2.763318290001007071e-17 5.377281774132240022e-17
2.973953595359607789e+03 -9.671711421863346920e-17 4.416187781229479149e-17
2.975502432687785131e+03 -4.562754989285451939e-17 5.050755976591072359e-17
2.977051270015962473e+03 1.903905475538368217e-17 5.671572687122955833e-17
2.978600107344139815e+03 5.866960480196290087e-17 6.610588330723287686e-17
2.980148944672317157e+03 -7.470821561316867492e-17 4.782799359577581602e-17
2.981697782000494499e+03 2.919383347164827826e-17 6.219822893742353063e-17
2.982000000000000000e+03 4.450185828149563183e-17 5.200858473221985490e-17
2.983246619328671841e+03 4.645254303810064177e-17 6.468625778972121516e-17
2.984745998782536390e+03 5.335254773491244622e-17 5.933904771688147223e-17
2.984795456656849183e+03 5.259551612511302697e-17 6.115081666969794464e-17
2.986344293985026525e+03 1.775684787770189452e-17 6.019756155429725642e-17
2.987491997565072779e+03 -3.597375639669098157e-17 4.396930829529708972e-17
2.987893131313203867e+03 -6.368678983224370359e-17 5.444448576273406916e-17
2.989441968641381209e+03 -5.268963733268086079e-17 5.328187469814585191e-17
2.990237996347609169e+03 7.302267631659569015e-18 4.338884610674883688e-17
2.990990805969558551e+03 2.079524503811312716e-17 6.412193469904142097e-17
2.992539643297735893e+03 2.856164226329476877e-17 6.215310028477010256e-17
2.992983995130145559e+03 1.629252503547268704e-17 4.802471172635956581e-17
2.994088480625913235e+03 5.805182491725944229e-17 5.779163164008890778e-17
2.995637317954090577e+03 9.785127727444147636e-17 6.213929890222158367e-17
2.995729993912681948e+03 8.223269547333862137e-17 5.873484235452604770e-17
2.997186155282267919e+03 -2.105158630599418744e-17 4.738834878304285001e-17
2.998475992695218338e+03 9.291253135153709102e-18 5.561231480561443769e-17
2.998734992610445261e+03 2.571241289249000547e-17 6.508004625850740239e-17
3.000283829938622603e+03 -2.229682036454224098e-17 5.791628105831766307e-17
3.001221991477754727e+03 -1.874122321470899922e-17 4.512369100556123776e-17
3.001832667266799945e+03 -1.663609269666546596e-17 6.173917657781726905e-17
3.003381504594977287e+03 -8.639599767226981949e-17 5.531621086354893966e-17
3.003967990260291117e+03 -1.091391169064475414e-16 3.934197390889674925e-17
3.004930341923154629e+03 -1.434375298386338384e-16 4.757221012736306451e-17
3.006479179251331971e+03 -9.506804930661938294e-17 5.290466975427346819e-17
3.006713989042827507e+03 -7.728110968305244449e-17 4.641960697266335994e-17
3.008028016579509313e+03 -3.022540725774135334e-17 6.324772705870648356e-17
3.009459987825363896e+03 -7.995074238337615905e-17 5.338490083572015830e-17
3.009576853907686655e+03 -8.767662903223524521e-17 5.717219716824120486e-17
3.011125691235863997e+03 -9.534021754456340323e-17 5.416613510225197190e-17
3.012205986607900286e+03 -6.288926535158442810e-17 4.709719915762277332e-17
3.012674528564041339e+03 -5.259764263685811616e-17 6.170403303184362313e-17
3.014223365892218681e+03 -8.074849665197421134e-17 6.327650837130187657e-17
3.014951985390436676e+03 -5.252970709978281857e-17 4.666096261413340247e-17
3.015772203220396023e+03 -5.966213461671179087e-17 6.184254950902434398e-17
3.017321040548573365e+03 4.002367933161346810e-17 6.872146204333895414e-17
3.017697984172973065e+03 2.092944481585345725e-18 5.513176827204370739e-17
3.018869877876750706e+03 -3.374931944902148033e-17 5.417623196431824629e-17
3.020418715204928048e+03 3.893142056435532112e-17 6.676632054036169115e-17
3.020443982955509455e+03 3.854270046185259520e-17 6.581885196891852509e-17
3.021967552533105390e+03 6.485256473933856742e-17 6.919268219569508787e-17
3.023189981738045844e+03 -2.497465793821890584e-17 5.564443668314466967e-17
3.023516389861282732e+03 -4.722251085912532324e-17 6.613213519208098617e-17
3.025065227189460074e+03 -1.022137254282205903e-16 6.465616473093545776e-17
3.025935980520582234e+03 -4.923811645297005916e-17 5.140048458579467159e-17
3.026614064517637416e+03 -8.436092127717310121e-17 6.989811332853209793e-17
3.028162901845814758e+03 -8.792505634499578503e-17 6.817341721253168552e-17
3.028681979303118624e+03 -3.835295150582321152e-17 5.356140209421321849e-17
3.029711739173992100e+03 -1.099335681843617506e-16 7.392518496995610120e-17
3.031260576502169442e+03 -8.044012033875548207e-17 7.539890029951324500e-17
3.031427978085655013e+03 -6.082586969913683089e-17 6.858649636945153547e-17
3.032809413830346784e+03 -1.944754407016698245e-16 7.259924646014504997e-17
3.034173976868191403e+03 -1.513452872798485881e-16 5.433323153085486058e-17
3.034358251158524126e+03 -1.766905125636386902e-16 5.993630501505224841e-17
3.035907088486701468e+03 -4.136881739878882354e-17 6.057128678922939085e-17
3.036919975650727793e+03 6.089728224760551604e-17 5.983401020204411090e-17
3.037455925814878810e+03 1.366757919478199746e-16 8.009479984903492129e-17
3.039004763143056152e+03 -3.147492484572582899e-17 6.572218284116667522e-17
3.039665974433264182e+03 -6.549071189398340789e-17 4.872602781397656792e-17
3.040553600471233494e+03 4.185398485759246482e-18 6.288212660113142810e-17
3.042102437799410836e+03 1.275080058392385630e-16 7.346826867782460602e-17
3.042411973215800572e+03 9.763920588295643382e-17 6.277517432748126251e-17
3.043651275127588178e+03 9.763920588295643382e-17 7.336927739752280615e-17
3.045157971998336961e+03 1.577375078143439923e-16 6.877543865262367617e-17
3.045200112455765520e+03 1.659698335382496352e-16 7.040076335245924698e-17
3.046748949783942862e+03 -3.248445219237090420e-18 8.268353220590713201e-17
3.047903970780873351e+03 -3.949024793315758842e-17 6.919506969081937437e-17
3.048297787112120204e+03 -6.631652777137057458e-17 8.746471556700550683e-17
3.049846624440297546e+03 -1.820223309583525982e-16 6.765643692932220638e-17
3.050649969563409741e+03 -1.035507668519759224e-16 5.264627257424422533e-17
3.051395461768474888e+03 -9.976815604649161485e-17 7.183311303419086338e-17
3.052944299096652230e+03 2.124815869827611495e-16 8.702546004613635509e-17
3.053395968345946130e+03 1.953102025604423998e-16 7.199995354799787443e-17
3.054493136424829572e+03 2.787011975889101500e-16 8.117532282632530380e-17
3.056041973753006914e+03 -1.328052307408970748e-17 7.086442838607599231e-17
3.056141967128482520e+03 -1.532870975162543576e-17 6.725614706753278057e-17
3.057590811081184256e+03 3.858121929544766602e-17 7.342422012632733228e-17
3.058887965911018910e+03 -1.962729368482197943e-20 7.518243755057981456e-17
3.059139648409361598e+03 -1.131062935443656387e-17 8.449251719360256258e-17
3.060688485737538940e+03 -1.089875588077268741e-16 1.005315466774189110e-16
3.061633964693555299e+03 -1.665172602692268425e-17 7.150212741347996917e-17
3.062237323065716282e+03 -9.918041839276335537e-17 9.362379614102670536e-17
3.063786160393893624e+03 3.126484928995076968e-16 9.496788384595609574e-17
3.064379963476091689e+03 1.918192679855135039e-16 7.242697793859947966e-17
3.065334997722070966e+03 2.637802781958634422e-16 7.839873580357139396e-17
3.066883835050248308e+03 2.123885255974102605e-16 7.824886819747057678e-17
3.067125962258628078e+03 1.950781109698874009e-16 7.034191942197331392e-17
3.068432672378425650e+03 2.123885255974102605e-16 8.440140386521978581e-17
3.069871961041164468e+03 2.655802138501999579e-16 7.742040863776230925e-17
3.069981509706602992e+03 2.836485296433757581e-16 8.145317829755617833e-17
3.071530347034780334e+03 1.917156793299518527e-16 8.172668712869507003e-17
3.072617959823700858e+03 7.062792931461665516e-18 7.569940279573881250e-17
3.073079184362957676e+03 -2.711180800497715765e-17 9.254119499241397113e-17
3.074628021691135018e+03 -1.186205934600190298e-16 7.937596251774894613e-17
3.075363958606237247e+03 -1.149683464747824385e-16 6.090960065795346687e-17
3.076176859019312360e+03 -1.576861994282034897e-16 6.933595036643226112e-17
3.077725696347489702e+03 9.877936174594285268e-17 9.009396857965537386e-17
3.078109957388773637e+03 8.365058104272774115e-17 7.755943847098253515e-17
3.079274533675667044e+03 -1.354841912975711173e-16 8.014111513264958963e-17
3.080823371003844386e+03 -2.772211714176982526e-16 8.756243664004484654e-17
3.080855956171310027e+03 -2.716004267372946040e-16 8.616617999005987232e-17
3.082372208332021728e+03 -2.021369987689360785e-16 7.464049656745200069e-17
3.083601954953846416e+03 -1.206012678607009503e-16 6.288729479492331008e-17
3.083921045660199070e+03 -1.147491910677301021e-16 7.244495542021020022e-17
3.085469882988376412e+03 -1.929320977138798176e-16 8.019084820934588074e-17
3.086347953736382806e+03 -1.748550353860926632e-16 6.573600338404560327e-17
3.087018720316553754e+03 -2.678655902746989759e-16 7.873056745880980854e-17
3.088567557644731096e+03 -1.710471755547519161e-16 8.691769455688912453e-17
3.089093952518919195e+03 -1.130917694149597556e-16 7.272304523367378433e-17
3.090116394972908438e+03 -8.719396262616368992e-17 7.931940550642070520e-17
3.091665232301085780e+03 8.396117626442038750e-17 9.142478651917777122e-17
3.091839951301455585e+03 7.660393799139231294e-17 8.563808038029015570e-17
3.093214069629263122e+03 9.215474189379311986e-17 7.603601272745146569e-17
3.094585950083991975e+03 8.242708089677918331e-17 8.742599371059197693e-17
3.094762906957440464e+03 8.525315783239084744e-17 9.284185106950074405e-17
3.096311744285617806e+03 4.335956722748200740e-16 8.678508051035308143e-17
3.097331948866528364e+03 2.460030707925190931e-16 7.869261055256077766e-17
3.097860581613795148e+03 3.022311882781619945e-16 9.318234769452084859e-17
3.099409418941972490e+03 1.221945706278912837e-16 9.324205136443713072e-17
3.100077947649064754e+03 1.402422274669130341e-16 8.210814340573145565e-17
3.100958256270149832e+03 4.406926045852251130e-16 9.577498925640487284e-17
3.102507093598327174e+03 1.870399054614403611e-16 1.079382115596645615e-16
3.102823946431601144e+03 6.290777664716576538e-16 9.629076957374933128e-17
3.104055930926504516e+03 1.870399054614403611e-16 8.929079312996289413e-17
3.105569945214137533e+03 1.847426181482438776e-16 8.951490442302485702e-17
3.105604768254681858e+03 1.870399054614403611e-16 9.057993394730485742e-17
3.107153605582859200e+03 -1.756775370238735359e-16 8.879641125277479463e-17
3.108315943996673923e+03 -2.760758555545142902e-16 8.992753080037314923e-17
3.108702442911036542e+03 -3.859415918479543231e-16 1.034914669601482543e-16
3.110251280239213884e+03 -8.190102801819195281e-17 8.965409064790878244e-17
3.111061942779210312e+03 7.524909578195316362e-17 8.634335383686766332e-17
3.111800117567391226e+03 9.339943090998147777e-17 9.842198285139618501e-17
3.113348954895568568e+03 1.835649801295657539e-16 1.130003560118922429e-16
3.113807941561746702e+03 1.475736359274188121e-16 9.673464010078304383e-17
3.114897792223745910e+03 1.002305438872702081e-16 8.693465432478963417e-17
3.116446629551923252e+03 4.520803162385048510e-17 9.666215294981899857e-17
3.116553940344283092e+03 3.575032702230747712e-17 9.360093150813837458e-17
3.117995466880100594e+03 1.800065052161602790e-17 7.934076960321444786e-17
3.119299939126819481e+03 -4.794257847414039524e-17 9.103599231434995817e-17
3.119544304208277936e+03 -2.757502794304342165e-17 9.971513139288719935e-17
3.121093141536455278e+03 1.011404147969813971e-16 8.676242173864239635e-17
3.122045937909355871e+03 3.751733404316316716e-17 8.396120582141188727e-17
3.122641978864632620e+03 2.337117491986407568e-17 9.637567119838081575e-17
3.124190816192809962e+03 -1.201898960736234274e-16 9.569922554689850404e-17
3.124791936691892261e+03 -1.365976173357644607e-16 8.036025157154272962e-17
3.125739653520987304e+03 -1.503634064071957651e-16 7.978168538981898527e-17
3.127288490849164646e+03 3.447142614544211811e-17 1.132442231602095700e-16
3.127537935474428650e+03 5.488539171923780636e-17 1.077741426252349894e-16
3.128837328177341988e+03 -9.728941446360152260e-17 8.665326917154693345e-17
3.130283934256965040e+03 3.001214423831336418e-17 1.187551264437499535e-16
3.130386165505519330e+03 2.532117199750928756e-17 1.221683844008523683e-16
3.131935002833696672e+03 5.117362162477549416e-18 8.964961125128028013e-17
3.133029933039501429e+03 5.865816719062334466e-17 9.660709283394148525e-17
3.133483840161874014e+03 5.983755481244929206e-17 1.092596625555074443e-16
3.135032677490051356e+03 -5.042714916767354264e-16 1.143042714581522638e-16
3.135775931822037819e+03 -3.413858431203945025e-16 9.796629791696798034e-17
3.136581514818228698e+03 -5.363206097476701137e-16 1.082797709423215653e-16
3.138130352146406040e+03 -2.583996799777006540e-16 9.980320264573850716e-17
3.138521930604574209e+03 -2.155886137190576181e-16 9.110239412909783568e-17
3.139679189474583382e+03 -1.444300987325745497e-16 7.789123288634558433e-17
3.141228026802760724e+03 8.783920189838592621e-17 9.997521071342143341e-17
3.141267929387110598e+03 8.464102418783875045e-17 9.902336903970686461e-17
3.142776864130938066e+03 3.634311283293002966e-16 7.942636068711790821e-17
3.144013928169646988e+03 2.486625709086200115e-16 8.803749749257412316e-17
3.144325701459115407e+03 3.312302472199770733e-16 9.677609363035306471e-17
3.145874538787292749e+03 8.082701127876243035e-16 9.130222848846030861e-17
3.146759926952183378e+03 5.753789963080635911e-16 9.312398030084829839e-17
3.147423376115470091e+03 7.899164551975370541e-16 1.054464058399789307e-16
3.148972213443647433e+03 -2.135017040461391797e-16 1.040456940510109887e-16
3.149505925734719767e+03 -1.349547873680715231e-16 9.321658012773915045e-17
3.150521050771824775e+03 -3.277116965584714298e-16 1.013683466165730726e-16
3.152251924517256157e+03 -3.843829523784197289e-16 1.181827793586545526e-16
3.154997923299792546e+03 -2.748739972469682179e-16 1.337250555410152633e-16
3.157743922082328936e+03 -4.871167718057503430e-16 1.323467709390165215e-16
3.160489920864865326e+03 -7.787142144572195374e-16 1.281479198004894858e-16
3.163235919647401715e+03 -2.684191052614565033e-16 1.293633355472498807e-16
3.165981918429938105e+03 -6.189700689918895685e-16 1.855352404230863649e-16
3.168727917212474495e+03 3.586559167233551381e-16 1.186079168607567455e-16
3.171473915995010884e+03 -2.055722699219071743e-16 1.169768024734139463e-16
3.174219914777547274e+03 -1.241425411738064571e-16 1.457775215183122293e-16
3.176965913560083663e+03 -1.241425411738064571e-16 1.156323088475476759e-16
3.179711912342620053e+03 -3.893582790373920803e-16 1.151942219059383687e-16
3.182457911125156443e+03 6.824990582071041685e-16 1.324311405990909542e-16
3.185203909907692832e+03 8.588366746265000740e-16 1.402338450964431127e-16
3.187949908690229222e+03 -4.201804449301171542e-16 1.679810009088045558e-16
3.190695907472765612e+03 -4.547592223867178211e-17 1.714211037895472550e-16
3.193441906255302001e+03 1.797177467097882206e-16 1.227920303566977306e-16
3.196187905037838391e+03 -2.343670706186759338e-16 1.320804473923839521e-16
3.198933903820374780e+03 -4.547592223867178211e-17 1.252613785122953403e-16
3.201679902602911170e+03 -8.297311278377206661e-17 1.054723949204989468e-16
3.204425901385447560e+03 3.351011928107945757e-16 1.332663574172049648e-16
3.207171900167983949e+03 -8.399137332743658752e-16 1.458970504493356675e-16
3.209917898950520339e+03 6.884492781587280011e-17 1.185931627579192985e-16
3.212663897733056729e+03 -3.494796456776641329e-16 1.062770662092777764e-16
3.215409896515593118e+03 -2.049981220825406721e-16 1.053834313338434868e-16
3.218155895298129508e+03 6.470232513491576627e-16 1.126246991535908888e-16
3.220901894080665897e+03 9.179147082165703827e-16 1.151862409427946278e-16
3.223647892863202287e+03 3.226134670244538373e-16 1.185293025024699014e-16
3.226393891645738677e+03 -3.118265266544383018e-16 1.658005212883970719e-16
3.229139890428275066e+03 -2.929599513240019475e-16 1.210909832565640099e-16
3.231885889210811456e+03 1.629741892552659324e-17 1.134846250520924324e-16
3.234631887993347846e+03 7.080697144454710285e-17 1.069232314863414872e-16
3.237377886775884235e+03 6.034292802959178551e-16 1.167497165694695374e-16
3.240123885558420625e+03 -1.919849796035619273e-16 1.131697200292002771e-16
3.242869884340957015e+03 -6.748299546476909437e-16 1.169856048312517378e-16
3.245615883123493404e+03 -3.597628358145718393e-16 1.106056012464564391e-16
3.248361881906029794e+03 9.239466936779386994e-16 1.102877087280037543e-16
3.251107880688566183e+03 1.538493394985428614e-16 1.016897283796617970e-16
3.253853879471102573e+03 -1.360034976227261873e-17 9.708723866317334169e-17
3.256599878253638963e+03 -2.305316288219362984e-16 9.814888487798606384e-17
3.259345877036175352e+03 1.337306346155484798e-16 1.032803487389714142e-16
3.262091875818711742e+03 -4.444683445934296728e-16 1.436584309097025265e-16
3.264837874601248132e+03 2.337310945113829116e-16 1.121662375558517154e-16
3.267583873383784521e+03 5.520186078901702082e-16 1.087949601151645666e-16
3.270329872166320911e+03 1.102471679902261183e-16 1.054455944220926759e-16
3.273075870948857300e+03 1.395618358855598226e-17 9.276099407038363782e-17
3.275821869731393690e+03 1.096594009912285648e-17 1.026225926778036700e-16
3.278567868513930080e+03 -3.133239574676704671e-16 9.784570478012220421e-17
3.281313867296466469e+03 -2.109410053544063606e-17 9.188146159539152755e-17
3.284059866079002859e+03 -3.079333904740240896e-16 9.414432362429893230e-17
3.286805864861539249e+03 -6.287203729450751242e-18 9.634501272937855306e-17
3.289551863644075638e+03 -2.982463820400887924e-16 1.165153555789481651e-16
3.292297862426612028e+03 3.510866443503691142e-16 1.055298207769332114e-16
3.295043861209148417e+03 -2.731715081026673815e-16 2.721343651269648941e-16
3.297789859991684807e+03 -2.347196311946644774e-16 9.796897402417072009e-17
3.300535858774221197e+03 -3.223129114334929650e-16 1.020395494406242144e-16
3.303281857556757586e+03 -2.937938427110473952e-16 8.650583814551026962e-17
3.306027856339293976e+03 1.013447620803702894e-16 9.057547075621196075e-17
3.308773855121830366e+03 -1.144351213224422384e-16 9.118362802524499813e-17
3.311519853904366755e+03 3.450533521350701782e-16 9.504228297543296612e-17
3.314265852686903145e+03 -4.925137961158122917e-16 1.378678997748226063e-16
3.317011851469439534e+03 8.277740383413281441e-17 1.083189839494751659e-16
3.319757850251975924e+03 3.656990445940093141e-16 9.525663267094543943e-17
3.322503849034512314e+03 -2.735952264135579041e-16 1.393257814034774579e-16
3.325249847817048703e+03 -2.446011663853925007e-16 1.003612438019186864e-16
3.327995846599585093e+03 -2.537987321302366541e-18 1.040013196083329866e-16
3.330741845382121483e+03 4.601438455063878765e-16 9.990200656846008067e-17
3.333487844164657872e+03 5.763166927593223134e-16 1.048796047338593709e-16
3.336233842947194262e+03 2.654297445652132009e-16 1.017044586836914134e-16
3.338979841729730651e+03 -7.442454902841790926e-16 1.240484948410484117e-16
3.341725840512267041e+03 -2.385518072520576362e-16 8.807699163860799876e-17
3.344471839294803431e+03 -2.058983210083301291e-16 8.405332956603981079e-17
3.347217838077339820e+03 1.540420772252756819e-17 8.588081108441122213e-17
3.349963836859876210e+03 -2.316720262287854158e-16 8.444480261110595123e-17
3.352709835642412600e+03 -3.000952365375315712e-16 8.585845557213903308e-17
3.355455834424948989e+03 -2.808656963805387326e-16 1.048572687974803947e-16
3.358201833207485379e+03 -4.460409916700851610e-16 1.502483304204595649e-16
3.360947831990021768e+03 -4.126244857977186975e-16 1.071517263699235573e-16
3.363693830772558158e+03 7.371789972262827822e-19 1.021071678017257637e-16
3.366439829555094548e+03 -3.406364869273068430e-16 8.643510508229279785e-17
3.369185828337630937e+03 -8.688021712981991823e-18 8.452328772923545090e-17
3.371931827120167327e+03 -1.258906653018499479e-16 9.417330803280772992e-17
3.374677825902703717e+03 -7.924088046601427576e-17 8.347562138006266732e-17
3.377423824685240106e+03 -2.621610742853328018e-16 7.748325362983381395e-17
3.380169823467776496e+03 -1.436575427335517374e-16 9.522912736874975950e-17
3.382915822250312885e+03 1.037252796155093902e-16 9.271691642378952738e-17
3.385661821032849275e+03 -1.143130177474116159e-15 1.372115527289288464e-16
3.388407819815385665e+03 -4.164241194107091871e-16 8.881686956910450444e-17
3.391153818597922054e+03 -1.562379660908520672e-16 8.142527533548369570e-17
3.393899817380458444e+03 -1.783115854186591497e-16 9.254238320535889218e-17
3.396645816162994834e+03 -2.589062722375360974e-16 8.057816843606326664e-17
3.399391814945531223e+03 -2.513473436591959081e-17 7.897052617667954084e-17
3.402137813728067613e+03 -1.905468533777441656e-16 7.903399495334051178e-17
3.404883812510604002e+03 -7.626180669893369159e-17 8.153408417118820272e-17
3.407629811293140392e+03 5.167057521037428111e-17 7.934710849182913458e-17
3.410375810075676782e+03 1.163291881729129287e-16 8.298259085653626812e-17
3.413121808858213171e+03 -9.270038486283402423e-17 9.397010298569506032e-17
3.415867807640749561e+03 -6.482879862585289637e-17 7.529358000853434894e-17
3.418613806423285951e+03 -1.610950128365473453e-16 7.587093814212167568e-17
3.421359805205822340e+03 -4.489566802362979924e-17 7.942094788414951809e-17
3.424105803988358730e+03 1.559244997262263462e-16 8.020656441569140833e-17
3.426851802770895119e+03 -1.116544199707360440e-15 1.796289617969088709e-16
3.429597801553431509e+03 8.408813980259203654e-16 8.757482330908861084e-17
3.432343800335967899e+03 4.657330722474052745e-16 7.667004991827783107e-17
3.435089799118504288e+03 5.938175354995720069e-16 8.079327372089139458e-17
3.437835797901040678e+03 1.260331477793306414e-16 7.655022463948314892e-17
3.440581796683577068e+03 2.810866182554281573e-16 7.540603642931333499e-17
3.443327795466113457e+03 -1.453497842049582951e-16 7.341657697198521507e-17
3.446073794248649847e+03 1.312058872583226177e-16 7.963748867621955963e-17
3.448819793031186236e+03 2.220546164304279076e-16 7.770331368302618282e-17
3.451565791813722626e+03 -2.403142251014817121e-16 9.233636498594685105e-17
3.454311790596259016e+03 1.799770627339963139e-16 7.530685547519161299e-17
3.457057789378795405e+03 -8.963798507058425376e-18 7.097277789090154782e-17
3.459803788161331795e+03 -1.170323222168839362e-16 7.125160498465976752e-17
3.462549786943868185e+03 -1.937334666549371052e-16 8.669175908783794196e-17
3.465295785726404574e+03 -4.658248968622419992e-16 1.098154944885339835e-16
3.468041784508940964e+03 1.841745724884874951e-16 8.078849957463369024e-17
3.470787783291477353e+03 -8.283787046654721924e-16 1.525496508716370146e-16
3.473533782074013743e+03 9.822651614837332425e-17 7.475006860174988209e-17
3.476279780856550133e+03 -7.983673041652700490e-17 7.348330014985529413e-17
3.479025779639086522e+03 1.058013657848185988e-16 7.305584252970106375e-17
3.481771778421622912e+03 5.184350762954896747e-17 7.420836353686950557e-17
3.484517777204159302e+03 -1.008411279192699291e-16 7.811721166626465272e-17
3.487263775986695691e+03 1.964913988931914207e-17 7.026959816216007376e-17
3.490009774769232081e+03 2.577461657127472332e-17 8.333123370453068843e-17
3.492755773551768470e+03 2.880002178184013266e-16 7.595494832683365253e-17
3.495501772334304860e+03 2.791663378759028977e-16 6.918191749158064474e-17
3.498247771116841250e+03 9.717323202191123695e-17 6.942146367587839239e-17
3.500993769899377639e+03 -1.037756784806160026e-16 7.038012964101972194e-17
3.503739768681914029e+03 -4.432217211513176965e-17 7.698328022235467932e-17
3.506485767464450419e+03 1.753153403171445003e-16 7.225561901175319638e-17
3.509231766246986808e+03 1.988411158107601416e-16 6.989015406851956049e-17
3.511977765029523198e+03 8.970635047130922369e-17 7.152215841144811016e-17
3.514723763812059588e+03 -5.748383607001965762e-16 8.620872253016263451e-17
3.517469762594595977e+03 -1.458853340822207259e-16 6.770115925745622103e-17
3.520215761377132367e+03 -5.393205237495590856e-16 8.576039500204116783e-17
3.522961760159668756e+03 -1.599060785553822561e-16 6.771162764240894001e-17
3.525707758942205146e+03 3.940283113695038221e-17 7.016720433638307675e-17
3.528453757724741536e+03 -1.650478861205121070e-16 8.240489702903382963e-17
3.531199756507277925e+03 -1.175951031334873762e-16 6.718768297092440758e-17
3.533945755289814315e+03 -2.234161656096506919e-17 6.606246513618539189e-17
3.536691754072350705e+03 1.146200464245666780e-16 8.059334036844082286e-17
3.539437752854887094e+03 -3.960265238485755487e-16 8.032317120380486012e-17
3.542183751637423484e+03 -8.987718038816236896e-17 7.050347079605355721e-17
3.544929750419959873e+03 1.467839825117650603e-16 7.706814517080984715e-17
3.547675749202496263e+03 6.009636198391513069e-16 9.722724855760102252e-17
3.550421747985032653e+03 6.295416554285188756e-16 7.995333417048662819e-17
3.553167746767569042e+03 3.080497092952024787e-17 8.460026662867840212e-17
3.555913745550105432e+03 2.273223851518229160e-16 9.231589621304551616e-17
3.558659744332641822e+03 -6.579416065076808771e-17 7.909276094984711797e-17
3.561405743115178211e+03 4.553871397429073837e-16 8.250426949389323787e-17
3.564151741897714601e+03 3.332709027459188331e-16 6.828937079984273537e-17
3.566897740680250990e+03 -4.018404499572599655e-16 8.014382904704282029e-17
3.569643739462787380e+03 1.650062377202070262e-16 7.437247687676254826e-17
3.572389738245323770e+03 -8.980299946715987300e-17 7.314077215162390052e-17
3.575135737027860159e+03 -1.556975728537606685e-16 7.121744974342420316e-17
3.577881735810396549e+03 4.953667560720962793e-16 7.129407978368175581e-17
3.580627734592932939e+03 5.934730684158834830e-17 6.602451062263081638e-17
3.583373733375469328e+03 -1.315807959161837851e-16 6.547124006822354377e-17
3.586119732158005718e+03 -3.097341110455309564e-17 6.437012729460346072e-17
3.588865730940542107e+03 9.159230331763875309e-17 6.605909488574389884e-17
3.591611729723078497e+03 4.399615074428680099e-16 7.131252070102872182e-17
3.594357728505614887e+03 -1.875208941043346002e-16 9.730419649648124863e-17
3.597103727288151276e+03 -2.559370013696053856e-16 6.540150308934467113e-17
3.599849726070687666e+03 1.433499742068364369e-18 6.432000228875094062e-17
3.602595724853224056e+03 4.266737811488082744e-16 7.526972040732325207e-17
3.605341723635760445e+03 2.804051689552409857e-16 7.173721392293366059e-17
3.608087722418296835e+03 1.109649864753043539e-16 6.505852902129019935e-17
3.610833721200833224e+03 -1.016582541613077896e-16 6.640058717105211156e-17
3.613579719983369614e+03 9.506349178881209995e-17 6.483631110913146436e-17
3.616325718765906004e+03 -1.353432969956683739e-16 8.191656912835374783e-17
3.619071717548442393e+03 -3.898379178275029711e-16 9.463352748518731456e-17
3.621817716330978783e+03 -4.056305609324282593e-16 1.165434336211710906e-16
3.624563715113515173e+03 -1.710798099259616529e-16 6.781701293380648765e-17
3.627309713896051562e+03 -1.903767936766675737e-16 6.294045566187814783e-17
3.630055712678587952e+03 -1.693413636098618012e-16 6.287692459820007994e-17
3.632801711461124341e+03 -4.620985288281989788e-17 6.189018251459707978e-17
3.635547710243660731e+03 5.298573869167213841e-17 7.292506627375125549e-17
3.638293709026197121e+03 -1.451915017507516458e-16 8.767427298550304893e-17
3.641039707808733510e+03 -1.395894597026755045e-16 6.589145847347690680e-17
3.643785706591269900e+03 1.126314383769032789e-17 6.308155420494626310e-17
3.646531705373806290e+03 -3.486765136255298921e-16 8.333070504044346777e-17
3.649277704156342679e+03 -1.381389402764776340e-16 6.051421257452960814e-17
3.652023702938879069e+03 -3.938820995916626635e-17 6.416524364374146786e-17
3.654769701721415458e+03 -2.034285731186218326e-16 7.209660039952698602e-17
3.657515700503951848e+03 -1.355839645404219648e-16 6.235442286409569148e-17
3.660261699286488238e+03 -5.595572529129467353e-17 5.789600949465471077e-17
3.663007698069024627e+03 -3.713192295436695328e-16 7.758928826895858522e-17
3.665753696851561017e+03 3.583410247256617221e-16 6.414956070510431100e-17
3.668499695634097407e+03 -3.832905792213242690e-17 5.943530430927400052e-17
3.671245694416633796e+03 -1.871074231096186598e-16 6.094919777784836606e-17
3.673991693199170186e+03 4.103447395039453917e-17 5.917365051235323048e-17
3.676737691981706575e+03 -4.658909591120060268e-17 7.188971292553828079e-17
3.679483690764242965e+03 5.843632845066169001e-17 5.684642919731831694e-17
3.682229689546779355e+03 -6.344324860664231263e-17 6.097004827049219181e-17
3.684975688329315744e+03 2.695760749189991223e-16 6.033017113815132441e-17
3.687721687111852134e+03 1.563043771760567555e-16 6.507332301989777738e-17
3.690467685894388524e+03 -8.860013584626831047e-17 6.771890681027756785e-17
3.693213684676924913e+03 1.613186681018122172e-17 6.980405360840075441e-17
3.695959683459461303e+03 2.388215157193905678e-17 5.752667911655810004e-17
3.698705682241997692e+03 1.155460827065451970e-16 6.771557806914073594e-17
3.701451681024534082e+03 -1.200508993728585228e-16 6.694562047835878966e-17
3.704197679807070472e+03 -6.895975543643863699e-17 5.280944218706318414e-17
3.706943678589606861e+03 7.552182815410784199e-17 6.247317310509203805e-17
3.709689677372143251e+03 -3.041088511606187414e-16 8.389722627473830724e-17
3.712435676154679641e+03 2.191681747446269431e-16 5.984666688746772211e-17
3.715181674937216030e+03 1.541312502332984870e-16 5.691960788892374017e-17
3.717927673719752420e+03 -4.800492854581109891e-17 5.362470008710847496e-17
3.720673672502288809e+03 -3.794653920594594170e-16 8.340377485225516066e-17
3.723419671284825199e+03 2.154335604583594515e-16 6.471830019788809251e-17
3.726165670067361589e+03 -2.594113691848524337e-16 6.216005910842754110e-17
3.728911668849897978e+03 -5.344296739345521459e-17 6.806736927195152645e-17
3.731657667632434368e+03 1.390419096685720108e-16 5.510432762709515079e-17
3.734403666414970758e+03 1.484966639176369421e-16 5.617818960740966480e-17
3.737149665197507147e+03 6.336861065790539595e-17 8.150098976199630128e-17
3.739895663980043537e+03 1.624909747526474376e-16 5.322944157863722205e-17
3.742641662762579926e+03 2.055081810935940202e-16 6.264278590562562850e-17
3.745387661545116316e+03 9.424231417903891477e-18 6.212538044955248244e-17
3.748133660327652706e+03 -1.543179303427620246e-16 6.200489655382618114e-17
3.750879659110189095e+03 -1.454427593613889435e-16 5.185664881804348011e-17
3.753625657892725485e+03 2.130171655782204690e-17 5.190085317927611715e-17
3.756371656675261875e+03 5.717262972194802234e-17 5.244940793332704159e-17
3.759117655457798264e+03 6.133548363582174075e-17 4.950658581064632921e-17
3.761863654240334654e+03 1.644045286607161851e-17 5.223232588140020037e-17
3.764609653022871044e+03 8.126420617703448321e-16 6.887079868758573396e-17
3.767355651805407433e+03 8.350836352298862107e-17 4.802746751848529217e-17
3.770101650587943823e+03 2.547961814199849901e-17 4.995222375818755366e-17
3.772847649370480212e+03 -1.593503965300407586e-16 5.776827845048565069e-17
3.775593648153016602e+03 -2.039230064101322995e-16 6.889397027865290850e-17
3.778339646935552992e+03 9.819022748090814369e-17 4.746536506815819262e-17
3.781085645718089381e+03 5.777704201907048236e-17 5.291864794268906977e-17
3.783831644500625771e+03 -4.715622947769906942e-16 6.773306901730903833e-17
3.786577643283162161e+03 -2.174036391470692694e-16 6.858193969599725760e-17
3.789323642065698550e+03 2.929889351340891455e-16 5.705031431827030327e-17
3.792069640848234940e+03 1.467940803143917081e-16 4.599073169096143194e-17
3.794815639630771329e+03 -3.131121677030339782e-17 4.481493479817776449e-17
3.797561638413307719e+03 3.569902983537873299e-17 5.107612643259715033e-17
3.800307637195844109e+03 3.636738276031198009e-16 4.831356844421350933e-17
3.803053635978380498e+03 2.809888927928758115e-16 5.095792179274950838e-17
3.805799634760916888e+03 -3.799301102352554281e-17 6.865865255443914214e-17
3.808545633543453278e+03 7.118554738202846678e-16 5.882127830899684265e-17
3.811291632325989667e+03 1.341669524466463052e-16 4.695947564015447882e-17
3.814037631108526057e+03 -8.659247818693348489e-18 6.189289465013031771e-17
3.816783629891062446e+03 -7.884049154305052388e-17 5.412434802861648618e-17
3.819529628673598836e+03 -1.534787134829030963e-17 4.306678104536057241e-17
3.822275627456135226e+03 2.759084933907627580e-16 4.399842986165398637e-17
3.825021626238671615e+03 8.761563117680733264e-17 4.321207865208993612e-17
3.827767625021208005e+03 -6.051029916943817317e-17 4.123353479119531466e-17
3.830513623803744395e+03 1.312779809487424058e-16 4.197724784105036394e-17
3.833259622586280784e+03 -6.927726771433226309e-17 4.211385066820855433e-17
3.836005621368817174e+03 -6.755056651639039940e-16 7.006164708776797435e-17
3.838751620151353563e+03 -2.070169550004910811e-16 4.713787818938331441e-17
3.841497618933889953e+03 -2.005181647491182827e-16 5.263431885783558796e-17
3.844243617716426343e+03 -1.137182844718285743e-16 4.030751580429207788e-17
3.846989616498962732e+03 -1.442785616294013579e-16 4.428068249913065267e-17
3.849735615281499122e+03 1.016765979963363339e-16 4.094129522675868394e-17
3.852481614064035512e+03 -1.239231830653791933e-16 3.808768575491111517e-17
3.855227612846571901e+03 4.377519772052999956e-17 4.545480387104609785e-17
3.857973611629108291e+03 -8.823316190037418297e-17 4.477305252759695245e-17
3.860719610411644680e+03 6.176112535595393336e-17 3.878545557105312078e-17
3.863465609194181070e+03 2.547301465417465713e-16 4.121662627890476163e-17
3.866211607976717460e+03 2.759540437582638002e-16 4.073212634796243336e-17
3.868957606759253849e+03 -5.133255929967021332e-18 3.927944960419653593e-17
3.871703605541790239e+03 1.395241455786279298e-17 4.034884871463987334e-17
3.874449604324326629e+03 -7.325282956084658742e-16 1.285089647655422862e-16
3.877195603106863018e+03 8.619409714871557050e-17 4.549963316261254088e-17
3.879941601889399408e+03 6.843958546741051122e-17 4.830621312244104642e-17
3.882687600671935797e+03 1.246090750929779185e-16 3.869366640833842212e-17
3.885433599454472187e+03 3.563992384990606561e-16 4.352713128525025015e-17
3.888179598237008577e+03 2.220206945987888981e-16 3.899871669431256406e-17
3.890925597019544966e+03 -7.108929423526160209e-17 3.694119170621794946e-17
3.893671595802081356e+03 -2.824634130568008526e-17 3.783989850236359056e-17
3.896417594584617746e+03 -3.913097718600524012e-16 6.357750151408339905e-17
3.899163593367154135e+03 3.477156879147542075e-18 4.123336016290195166e-17
3.901909592149690525e+03 1.065839858300738420e-16 3.702241948160523051e-17
3.904655590932226914e+03 5.383481373332091064e-17 3.583711461887687489e-17
3.907401589714763304e+03 4.611069765105561245e-17 3.480203171357354775e-17
3.910147588497299694e+03 1.127728357831756228e-16 3.529850065227217303e-17
3.912893587279836083e+03 -1.767048583107214783e-17 3.536527653622783388e-17
3.915639586062372473e+03 6.447989955907606549e-17 3.659423160974466031e-17
3.918385584844908863e+03 -4.905630935234733653e-17 4.132361137277560776e-17
3.921131583627445252e+03 -5.774926058452479103e-17 3.625870860679811787e-17
3.923877582409981642e+03 6.140651311705916107e-17 3.542509359536618413e-17
3.926623581192518031e+03 -2.373984875666760750e-17 3.691690494205236739e-17
3.929369579975054421e+03 2.986132062779557014e-16 3.794540332708328787e-17
3.932115578757590811e+03 2.253749446018953897e-17 4.128522979714652333e-17
3.934861577540127200e+03 -1.283330376526520075e-16 3.473103272309720858e-17
3.937607576322663590e+03 -3.058594152033516367e-18 3.431736758139895315e-17
3.940353575105199980e+03 -9.529729362697688315e-18 3.496390518730193633e-17
3.943099573887736369e+03 -1.322713706750455847e-16 3.379317871109023450e-17
3.945845572670272759e+03 5.310119612697493214e-17 3.303020510471388725e-17
3.948591571452809148e+03 7.671438079380168245e-17 3.429941131358236667e-17
3.951337570235345538e+03 2.140918124555037465e-16 3.522325634988893413e-17
3.954083569017881928e+03 -3.104492218562197737e-17 3.512142212833045323e-17
3.956829567800418317e+03 -1.100077248569587385e-16 4.289004181458352600e-17
3.959575566582954707e+03 -3.996345459862738849e-18 3.434806018316565451e-17
3.962321565365491097e+03 1.848373065396097007e-16 3.735288921997947962e-17
3.965067564148027486e+03 4.703862419161763809e-17 3.212664643657167220e-17
3.967813562930563876e+03 1.472159380960069909e-16 3.515546568367969951e-17
3.970559561713100265e+03 -4.072829717842560638e-17 3.649248359127668573e-17
3.973305560495636655e+03 -4.915759307223101693e-16 7.420120705412151310e-17
3.976051559278173045e+03 7.890978997326070684e-17 3.891377955736097313e-17
3.978797558060709434e+03 1.649910552009762461e-16 3.570358835628589526e-17
3.981543556843245824e+03 6.004632844299450734e-17 3.206363002366996575e-17
3.984289555625782214e+03 1.767015512489149796e-16 3.374949493765039226e-17
3.987035554408318603e+03 9.436929262031214453e-17 3.369742300223973349e-17
3.989781553190854993e+03 2.761271612057297478e-16 3.750850338763911870e-17
3.992527551973391382e+03 1.127597887746905779e-16 3.336671933433091021e-17
3.995273550755927772e+03 1.042266609197274734e-16 3.571517267948219206e-17
3.998019549538464162e+03 -5.083481115395764964e-18 3.177989965720876578e-17
4.000765548321000551e+03 1.889442959758680104e-16 3.247089920453905180e-17
4.003511547103536941e+03 1.807959849797244332e-16 3.124383965763880662e-17
4.006257545886073331e+03 2.177702568481821826e-17 3.312705812110381114e-17
4.009003544668609720e+03 -1.090854769350697138e-16 3.526810611368452740e-17
4.011749543451146110e+03 1.552204763802511402e-16 3.224939920925807172e-17
4.014495542233682499e+03 -8.109056480856458102e-18 3.170454411424769540e-17
4.017241541016218889e+03 6.702138404807301565e-17 3.466033390889438545e-17
4.019987539798755279e+03 1.335484134993382188e-17 3.299748324136469053e-17
4.022733538581291668e+03 -9.719851318773393247e-17 3.407637176980366998e-17
4.025479537363828058e+03 -5.959439288160587527e-17 3.000882518745887375e-17
4.028225536146364448e+03 -9.164086307506211050e-17 4.053065046427053581e-17
4.030971534928900837e+03 4.195283386525550334e-17 3.172649606737238546e-17
4.033717533711437227e+03 -1.538999944156200475e-16 4.388318703252164693e-17
4.036463532493973617e+03 6.545008913321003266e-17 3.185884332430447535e-17
4.039209531276510006e+03 -1.263117977161149257e-16 3.554008216620016801e-17
4.041955530059046396e+03 3.146279403189379903e-17 3.047131205419916852e-17
4.044701528841582785e+03 -6.655906793215686119e-17 3.115737039123988883e-17
4.047447527624119175e+03 3.398180620360340560e-17 2.934495716142130681e-17
4.050193526406655565e+03 -2.165848616238400043e-17 3.341788657830431138e-17
4.052939525189191954e+03 -4.922373585585037636e-17 3.162861524373993616e-17
4.055685523971728344e+03 1.236345483427772495e-16 3.407408840444683452e-17
4.058431522754264734e+03 9.347868019194794874e-17 2.837410068218126118e-17
4.061177521536801123e+03 -3.464017808602280723e-17 2.743836206616582589e-17
4.063923520319337513e+03 -8.056156479469385711e-17 3.327446081986744122e-17
4.066669519101873902e+03 1.422202264053347417e-17 3.048811933981170370e-17
4.069415517884410292e+03 -4.130871809051247421e-16 9.184532838639847214e-17
4.072161516666946682e+03 -1.884612278038709567e-16 3.715008702439395445e-17
4.074907515449483071e+03 -5.253593840322100795e-17 2.836202076958331408e-17
4.077653514232019461e+03 -7.933528829364933662e-17 3.824164526030493759e-17
4.080399513014555851e+03 4.427593946050193348e-17 2.913476471917392110e-17
4.083145511797092240e+03 1.208257750312868196e-16 3.036084956386890213e-17
4.085891510579628630e+03 -5.396397884240802111e-16 7.349847630080075830e-17
4.088637509362165019e+03 2.008014994632805354e-17 3.710455689813340211e-17
4.091383508144701409e+03 9.828252079356989347e-17 3.224867461346631461e-17
4.094129506927237799e+03 7.658879559545944976e-17 3.197492630606998896e-17
4.096875505709774188e+03 1.521297722091712767e-16 3.002141959405618625e-17
4.099621504492310123e+03 -1.722340955443184299e-16 3.464206065360755320e-17
4.102367503274846968e+03 -4.415435084949873327e-16 7.170363150822587517e-17
4.105113502057383812e+03 -7.574376109847665722e-17 3.267146917283020639e-17
4.107859500839919747e+03 -2.065043276599932068e-16 3.234427559703092996e-17
4.110605499622455682e+03 -1.190968827316361334e-16 2.885139057108838194e-17
4.113351498404992526e+03 -6.274286424627812656e-17 2.665958258650354669e-17
4.116097497187529370e+03 2.310220510882888322e-17 2.710664588411621531e-17
4.118843495970065305e+03 1.707722173254306909e-17 2.784977646246804522e-17
4.121589494752601240e+03 -1.256144408936829656e-16 7.467814570294743352e-17
4.124335493535138085e+03 -1.060479741680787030e-16 3.491853269535363919e-17
4.127081492317674929e+03 -1.241444798279703796e-16 4.769736063823077308e-17
4.129827491100210864e+03 3.476751171060939948e-17 2.923911324801540197e-17
4.132573489882746799e+03 1.931814529383168557e-16 2.919758157912540036e-17
4.135319488665283643e+03 4.405597061637820588e-17 3.236317618836614199e-17
4.138065487447820487e+03 -1.925284757051355210e-16 5.484768157371573313e-17
4.140811486230356422e+03 -7.477575521563579833e-17 3.054839065767096259e-17
4.143557485012892357e+03 5.249655283711677510e-17 2.688104571882357079e-17
4.146303483795429202e+03 7.191158411516350824e-17 2.630307095703741501e-17
4.149049482577966046e+03 -1.872710906100464117e-17 2.724635893772504917e-17
4.151795481360501981e+03 -5.943781322473935471e-17 2.698201497319984106e-17
4.154541480143037916e+03 -6.452342029331954890e-17 3.238354772665527899e-17
4.157287478925574760e+03 -1.699228092963924219e-16 3.759760957410911725e-17
4.160033477708111604e+03 1.931978303094508651e-16 3.323004905712726868e-17
4.162779476490647539e+03 5.539859658201063587e-17 2.689861491874157662e-17
4.165525475273183474e+03 -2.344678113308271729e-16 3.448089680496932322e-17
4.168271474055720319e+03 -2.897998977056331751e-16 4.303156093124320133e-17
4.171017472838257163e+03 -2.104816614165437396e-16 3.573849636328102578e-17
4.173763471620793098e+03 -8.536335497615943578e-17 2.950977325104604602e-17
4.176509470403329033e+03 9.507278378618118073e-18 2.639040895627073874e-17
4.179255469185865877e+03 -8.707015926633640584e-17 4.110190781765647578e-17
4.182001467968402721e+03 -5.755699062193664798e-17 2.906755851783500523e-17
4.184747466750938656e+03 1.406416202505882255e-17 3.538917760112279814e-17
4.187493465533474591e+03 8.927267269751920262e-17 3.067260374901002936e-17
4.190239464316011436e+03 3.278782855537183098e-16 3.240015885129585630e-17
4.192985463098548280e+03 -8.728716006659126484e-17 3.941518557525640260e-17
4.195731461881084215e+03 -2.093087878765418380e-17 2.794219278969823788e-17
4.198477460663620150e+03 -3.104255564723507101e-17 2.488055863946212103e-17
4.201223459446156994e+03 1.147318558205655031e-17 2.960124838134884978e-17
4.203969458228693838e+03 2.319677478117737234e-17 2.562222587083748856e-17
4.206715457011229773e+03 -4.358207679686021165e-18 2.943513561905093914e-17
4.209461455793765708e+03 -3.782690988888647466e-17 2.548750618043493104e-17
4.212207454576302553e+03 -5.069922370050085268e-17 2.443105080464340104e-17
4.214953453358839397e+03 -2.439481572568802663e-17 2.431399312567056864e-17
4.217699452141375332e+03 7.823567316807227905e-17 3.026407726439709186e-17
4.220445450923911267e+03 3.715312531597204339e-17 2.548398179097111987e-17
4.223191449706448111e+03 -5.979300605306335980e-17 2.391721802563778972e-17
4.225937448488984955e+03 -6.408661228052421904e-17 2.517217682169266609e-17
4.228683447271520890e+03 -3.524349880845732860e-17 2.744345803678961539e-17
4.231429446054056825e+03 1.800324948369459102e-16 3.007568739768903010e-17
4.234175444836593670e+03 2.572186902273067257e-16 3.362131218219895572e-17
4.236921443619130514e+03 2.771110956971358377e-16 3.658833931682516625e-17
4.239667442401666449e+03 1.183414211011665316e-16 3.020737658846256444e-17
4.242413441184202384e+03 5.718457273893386598e-17 2.675790383952973856e-17
4.245159439966739228e+03 -2.575830774729062330e-17 2.576528979664985926e-17
4.247905438749276072e+03 -4.490295051800909290e-17 2.606506884196567966e-17
4.250651437531812007e+03 -1.151720542871236434e-17 2.485121369403207499e-17
4.253397436314347942e+03 4.254350694491840649e-17 2.522479045220491843e-17
4.256143435096884787e+03 4.906034216846056099e-17 2.815562353754832918e-17
4.258889433879421631e+03 -2.310407888028665334e-17 2.482586891553540666e-17
4.261635432661957566e+03 4.357609157287515287e-17 2.627431448097394949e-17
4.264381431444493501e+03 1.375907931168761265e-16 3.287730285071034783e-17
4.267127430227030345e+03 -3.086438190649662501e-17 7.471148689626380847e-17
4.269873429009567189e+03 5.650367780628507970e-17 3.579821188389740701e-17
4.272619427792103124e+03 -7.100172235677329780e-17 2.566349409538670840e-17
4.275365426574639059e+03 -1.101133761381298227e-16 2.458136609027262175e-17
4.278111425357175904e+03 -1.019777627165830592e-16 2.733277356657488044e-17
4.280857424139712748e+03 -2.938313778196221270e-18 2.637817930781575604e-17
4.283603422922248683e+03 -4.673320241113668008e-17 2.557181790639783433e-17
4.286349421704784618e+03 9.152037818684768065e-17 2.499404867751359147e-17
4.289095420487321462e+03 1.330982236905907449e-16 2.696842489182628111e-17
4.291841419269858307e+03 -4.791515882268608912e-16 1.212229907025348009e-16
4.294587418052394241e+03 -1.436381544540830494e-16 4.958196912296578730e-17
4.297333416834930176e+03 1.477244462892529302e-16 2.684171413647432053e-17
4.300079415617467021e+03 3.909352764975690173e-17 2.562970845597880486e-17
4.302825414400003865e+03 -4.810607971157159510e-17 2.431981277453967718e-17
4.305571413182539800e+03 5.279876827948911699e-17 2.426595707351042981e-17
4.308317411965075735e+03 -5.688410502901217152e-17 2.381047420092272940e-17
4.311063410747612579e+03 -8.685388292367500529e-17 2.419994354684142938e-17
4.313809409530149424e+03 1.329774668741381999e-16 2.813814794010469212e-17
4.316555408312685358e+03 4.230824207887895597e-17 2.588505770850978181e-17
4.319301407095221293e+03 8.791606459955625820e-17 2.395371726569844636e-17
4.322047405877758138e+03 9.966117956293820820e-17 2.398997262410336475e-17
4.324793404660294982e+03 2.084558063874972218e-17 2.602996284389508469e-17
4.327539403442830917e+03 6.564119763691779156e-17 2.459581688325264040e-17
4.330285402225366852e+03 4.646647614935660768e-17 2.430816203624018204e-17
4.333031401007903696e+03 -1.153218535447237571e-17 2.414006770086761800e-17
4.335777399790440541e+03 -7.849468379509093361e-17 2.556792329905069850e-17
4.338523398572976475e+03 1.614022229025102262e-16 3.040771716277671902e-17
4.341269397355512410e+03 2.381439187829941022e-16 2.626118079467168611e-17
4.344015396138049255e+03 -1.733147582502851201e-16 5.246075084015461988e-17
4.346761394920586099e+03 -1.043433904354710314e-16 2.856105379788008864e-17
4.349507393703122034e+03 -5.259597933514300178e-18 2.523849861557004714e-17
4.352253392485657969e+03 1.145802357119968005e-16 2.722796494531536126e-17
4.354999391268194813e+03 1.978870089231960074e-16 3.058031813664391393e-17
4.357745390050731658e+03 1.248363083651583215e-16 4.541488413161459060e-17
4.360491388833267592e+03 4.444239483712523961e-17 3.053006954300922278e-17
4.363237387615803527e+03 -3.740654325317522097e-16 8.933751203568538767e-17
4.365983386398340372e+03 -1.996296152772858871e-16 4.022115894569618017e-17
4.368729385180877216e+03 -1.288135526812258224e-16 2.399696411537913355e-17
4.371475383963413151e+03 -1.598506563626481644e-17 2.376334160839329198e-17
4.374221382745949086e+03 -4.452103868453937124e-17 2.433675309344742555e-17
4.376967381528485930e+03 1.584632938216106003e-17 2.262953238094389342e-17
4.379713380311022775e+03 -4.233088716330769700e-17 3.427226408712240048e-17
4.382459379093558709e+03 7.805390770232941671e-17 2.487399501822406708e-17
4.385205377876094644e+03 2.181282756751070113e-16 2.962818919252902736e-17
4.387951376658631489e+03 1.350559431610849978e-16 2.754374879645786426e-17
4.390697375441168333e+03 1.501110903575574803e-17 3.100118603343036770e-17
4.393443374223704268e+03 5.604396363216186432e-17 2.661344707327781397e-17
4.396189373006240203e+03 1.386154909098798553e-16 3.085055818840957901e-17
4.398935371788777047e+03 7.019624703574072337e-17 2.442298656698113003e-17
4.401681370571313892e+03 -1.398177626988856694e-16 2.604762678087194096e-17
4.404427369353849826e+03 -1.231362105373433085e-17 2.281484040762347202e-17
4.407173368136385761e+03 2.194425449273475080e-17 2.241469463641290789e-17
4.409919366918922606e+03 -2.867940902364466228e-17 2.432961950951856137e-17
4.412665365701459450e+03 4.905551555639937622e-17 2.250589749055795150e-17
4.415411364483995385e+03 1.058640731259226737e-16 2.216492139642972695e-17
4.418157363266531320e+03 2.494416141452613419e-16 2.557098954640461204e-17
4.420903362049068164e+03 -4.620884923271020702e-17 4.090770575635171527e-17
4.423649360831605009e+03 2.817057987871521570e-17 3.082548571659929822e-17
4.426395359614140943e+03 4.517132857268542050e-17 2.411495695902099571e-17
4.429141358396676878e+03 -6.820299039160554953e-17 3.222214962426456244e-17
4.431887357179213723e+03 4.785936089455689044e-17 2.429361188883116227e-17
4.434633355961750567e+03 -2.592514540718811651e-17 3.561331589684231393e-17
4.437379354744286502e+03 -1.003040694762726859e-16 2.859008976738883948e-17
4.440125353526822437e+03 -4.204608761766778171e-16 8.188225767632859221e-17
4.442871352309359281e+03 -1.780543736511588894e-16 4.196911886628779107e-17
4.445617351091896126e+03 1.672975047396861638e-16 2.720232884192171182e-17
4.448363349874432060e+03 8.742846121058041467e-17 2.431453730621600482e-17
4.451109348656967995e+03 1.688948734528930224e-16 2.764885136661518177e-17
4.453855347439504840e+03 -4.034322518953503497e-17 3.237074446825526390e-17
4.456601346222041684e+03 -5.289062082684561844e-17 2.567577372850825988e-17
4.459347345004577619e+03 2.583613583027358193e-18 2.238031733001543957e-17
4.462093343787113554e+03 2.442424303999345332e-17 2.167454968616596228e-17
4.464839342569650398e+03 5.004585305351421552e-17 2.562705885480133865e-17
4.467585341352187243e+03 -2.479104898566676329e-18 2.295472718487769208e-17
4.470331340134723177e+03 1.788239471590221648e-16 2.512792506251458773e-17
4.473077338917259112e+03 1.234652627422872898e-16 2.342922197981187553e-17
4.475823337699795957e+03 -5.871560646816840984e-18 2.540547917188251948e-17
4.478569336482332801e+03 2.096791328659404409e-17 2.306827717749314248e-17
4.481315335264868736e+03 1.065348217996316346e-16 2.243660364643368634e-17
4.484061334047404671e+03 1.492011845970345381e-16 2.192284910974306365e-17
4.486807332829941515e+03 -1.289339582829211120e-16 3.969194678485318958e-17
4.489553331612478360e+03 -1.481104889087765148e-16 2.619558529728556542e-17
4.492299330395014294e+03 5.363649056111940412e-17 2.226203337053381733e-17
4.495045329177550229e+03 1.010412194681216134e-17 2.042883262256063555e-17
4.497791327960087074e+03 -6.760663783744516062e-18 2.231239091090644511e-17
4.500537326742623918e+03 6.759707594520185891e-17 2.254486257205352118e-17
4.503283325525159853e+03 -1.576264819497394204e-16 3.407955472051234105e-17
4.506029324307695788e+03 -5.232050062519082547e-17 2.784617063851221786e-17
4.508775323090232632e+03 6.020105460650066644e-17 2.529754339804523073e-17
4.511521321872769477e+03 -1.569057614963881496e-16 3.743948619452733001e-17
4.514267320655305411e+03 -5.695493276029340008e-17 2.684999494702849767e-17
4.517013319437841346e+03 8.477739940243382759e-17 2.151643087479002425e-17
4.519759318220378191e+03 2.039028039553639949e-16 2.498277299647407078e-17
4.522505317002915035e+03 1.078801076356546858e-16 2.333981053886877137e-17
4.525251315785450970e+03 5.235190441273921537e-17 2.160841515886202024e-17
4.527997314567986905e+03 -7.715794723616614103e-17 3.774744407885666848e-17
4.530743313350523749e+03 -6.441279150272140073e-17 2.550001098084113310e-17
4.533489312133060594e+03 -3.920030181316146072e-17 2.218776587293984372e-17
4.536235310915596529e+03 6.150261921147773559e-17 2.311558706500023027e-17
4.538981309698132463e+03 1.366874175420022136e-16 2.486368956935159347e-17
4.541727308480669308e+03 1.153385364357859471e-16 2.319694216813582703e-17
4.544473307263206152e+03 1.369360046922181200e-16 2.270835621107737821e-17
4.547219306045742087e+03 9.658012564067060906e-17 2.181316226392107686e-17
4.549965304828278022e+03 -1.510718559752430930e-17 2.171577686047605766e-17
4.552711303610814866e+03 -3.607696515280113406e-17 2.367899488752239661e-17
4.555457302393351711e+03 -1.943348693920956441e-17 2.109836492567617125e-17
4.558203301175887646e+03 2.699004813210551864e-16 2.504317006493523810e-17
4.560949299958423580e+03 2.165435514240227314e-16 2.382789897430502986e-17
4.563695298740960425e+03 2.807577159058526805e-17 2.149015196905778013e-17
4.566441297523497269e+03 4.722431409184145305e-17 2.154895904159628874e-17
4.569187296306033204e+03 5.828888772238893364e-17 2.399587349654916820e-17
4.571933295088569139e+03 -3.073564928230635568e-17 2.665287106720181987e-17
4.574679293871105983e+03 -4.883867041133195735e-18 2.037505240067497756e-17
4.577425292653642828e+03 2.076437860639341986e-17 2.075367646930388209e-17
4.580171291436178763e+03 -4.108155449428101432e-18 3.191303499378261688e-17
4.582917290218714697e+03 -1.633492493535754131e-17 2.501401803408417448e-17
4.585663289001251542e+03 -4.319657411969121252e-17 2.114320942145412508e-17
4.588409287783788386e+03 -1.099601717813540356e-16 3.120855951865096696e-17
4.591155286566324321e+03 -6.130516079287805663e-17 2.617826694138180563e-17
4.593901285348860256e+03 1.173277521626896851e-17 2.791517406398423487e-17
4.596647284131397100e+03 4.429769000344727584e-17 2.527251615761963511e-17
4.599393282913933945e+03 1.551858465005595013e-16 2.518756622110935586e-17
4.602139281696469880e+03 7.866669054437912657e-17 2.825400173719327572e-17
4.604885280479005814e+03 -9.888998301976037767e-17 4.111208961981117733e-17
4.607631279261542659e+03 -1.483527276404549639e-17 4.319499711548142345e-17
4.610377278044079503e+03 2.269340015941019808e-17 2.913662715158540090e-17
4.613123276826615438e+03 1.025245704583581533e-16 2.662150872083679342e-17
4.615869275609151373e+03 -9.611724729889094345e-17 2.814058173573122298e-17
4.618615274391688217e+03 -1.075858174924852273e-16 2.442384397638816156e-17
4.621361273174225062e+03 -9.365161300738227743e-17 2.399989994403142318e-17
4.624107271956760997e+03 3.383936624353818947e-17 2.292910554783666894e-17
4.626853270739296931e+03 -8.693195552324604711e-17 5.465761435518326709e-17
4.629599269521833776e+03 -9.884705113159014878e-17 3.845004516876453167e-17
4.632345268304370620e+03 1.137291134951467630e-16 3.031926062334112672e-17
4.635091267086906555e+03 1.403673739504337844e-16 2.552189616380305827e-17
4.637837265869442490e+03 -2.490967283221019309e-17 2.836353651414559183e-17
4.640583264651979334e+03 2.731249841932256818e-17 2.284079899860875898e-17
4.643329263434516179e+03 3.076537599448271972e-17 2.045976741785130944e-17
4.646075262217052114e+03 6.160042202528736087e-17 2.097718645671719664e-17
4.648821260999588048e+03 -4.589229191211269345e-17 2.681325518592384502e-17
4.651567259782124893e+03 -8.856237555248395598e-17 2.626122994403694179e-17
4.654313258564661737e+03 -5.009605735006904500e-17 3.526969483061126024e-17
4.657059257347197672e+03 -3.990212263613996825e-17 2.524334097651967722e-17
4.659805256129733607e+03 -1.805547678468506274e-16 5.273160821079777158e-17
4.662551254912270451e+03 -2.443970243571161160e-17 3.200573716776680943e-17
4.665297253694807296e+03 1.216383013608151623e-16 2.960430424577110344e-17
4.668043252477343231e+03 4.110233917928276153e-17 2.310859528552640023e-17
4.670789251259879165e+03 2.981289922108227307e-17 3.247257383223505715e-17
4.673535250042416010e+03 -1.547349866621723141e-17 2.337383658509630506e-17
4.676281248824952854e+03 -7.062760223790262937e-17 2.164438904782622325e-17
4.679027247607488789e+03 -5.140021827007208900e-18 2.084105713386396730e-17
4.681773246390024724e+03 -2.533649246714416724e-17 2.097831314875725746e-17
4.684519245172561568e+03 1.112543458975617958e-17 2.134415670037158020e-17
4.687265243955098413e+03 1.609273031170296219e-16 2.239163925859267977e-17
4.690011242737634348e+03 1.726374398310928977e-16 2.305573128274132702e-17
4.692757241520170282e+03 3.202966248982608451e-17 2.080207202055308933e-17
4.695503240302707127e+03 -3.936749081278962156e-17 2.026298402073231467e-17
4.698249239085243971e+03 4.336416403825594345e-17 2.313574121889746821e-17
4.700995237867779906e+03 -6.322262369190383338e-18 3.661533401142236535e-17
4.703741236650315841e+03 1.607506111051348282e-16 2.754841098711754371e-17
4.706487235432852685e+03 1.209224555326701935e-16 2.184531047912928949e-17
4.709233234215389530e+03 1.652831865879098397e-16 2.515551069036392023e-17
4.711979232997925465e+03 -5.198086165624866263e-17 3.216604124776535888e-17
4.714725231780461399e+03 -7.279039114043425745e-17 2.437428328744195848e-17
4.717471230562998244e+03 -3.441253903347104646e-17 2.380876213361370954e-17
4.720217229345535088e+03 1.656229643612961127e-17 2.139953232990740278e-17
4.722963228128071023e+03 7.867899469769937947e-17 2.112923696169070391e-17
4.725709226910606958e+03 3.896680278353065253e-17 2.062923554250307829e-17
4.728455225693143802e+03 -2.759783437926249857e-17 2.762700823007369135e-17
4.731201224475680647e+03 -7.693536698905148310e-17 2.338008006735146329e-17
4.733947223258216582e+03 -1.689438774383184981e-17 2.462745908234874241e-17
4.736693222040752516e+03 1.796670530321875383e-16 2.455880132276685220e-17
4.739439220823289361e+03 2.790070736574401949e-16 2.407344725531709098e-17
4.742185219605826205e+03 2.915115732937844727e-16 2.454984915675525084e-17
4.744931218388362140e+03 1.020267833199078236e-16 2.167760272797810112e-17
4.747677217170898075e+03 -7.476729102829304585e-17 2.287927769506555169e-17
4.750423215953434919e+03 -1.859465994197944029e-17 2.333066380123456424e-17
4.753169214735971764e+03 9.773288381781652160e-17 2.739360384505445236e-17
4.755915213518507699e+03 9.517967622359301389e-17 2.343174827733037710e-17
4.758661212301043633e+03 2.297625160030413767e-18 2.256812378348760272e-17
4.761407211083580478e+03 -4.153800317819734186e-17 2.309907458817243933e-17
4.764153209866117322e+03 2.310193717619365548e-17 2.127145533046537186e-17
4.766899208648653257e+03 3.025363005736478736e-16 2.571870026736873613e-17
4.769645207431189192e+03 1.188695630467569067e-16 2.407527275027431472e-17
4.772391206213726036e+03 -3.722343252659869084e-17 2.288837390120169151e-17
4.775137204996262881e+03 -1.137595465636920584e-17 2.185406517082712495e-17
4.777883203778798816e+03 5.545708510641938237e-17 2.077810824544091690e-17
4.780629202561334750e+03 8.494292265676105881e-18 2.176636160980827426e-17
4.783375201343871595e+03 -4.047570427161191158e-17 2.112309618723361841e-17
4.786121200126408439e+03 1.809241490272157622e-16 2.358108667948350948e-17
4.788867198908944374e+03 1.252175372773106960e-16 2.132629880664723007e-17
4.791613197691480309e+03 1.063122207237388628e-16 2.229687022861507619e-17
4.794359196474017153e+03 3.282985082544085170e-17 2.114315161817432942e-17
4.797105195256553998e+03 1.935988478338394856e-17 2.355457082550956657e-17
4.799851194039089933e+03 -1.482016392543604426e-17 2.654346896829382390e-17
4.802597192821625868e+03 -3.953633966005265434e-17 2.196467542916407819e-17
4.805343191604162712e+03 -2.078418419941210335e-16 4.735558292393179302e-17
4.808089190386699556e+03 -1.428533414526735363e-16 2.997631162109790764e-17
4.810835189169235491e+03 1.035184591197944230e-17 3.018736821738741068e-17
4.813581187951771426e+03 -1.672613373622858016e-17 2.247479698089079976e-17
4.816327186734308270e+03 -2.210174765513658208e-17 1.988567213316105224e-17
4.819073185516845115e+03 -5.387309089631689902e-17 2.377863581044080292e-17
4.821819184299381050e+03 1.883202097558383687e-17 2.134551761306650996e-17
4.824565183081916985e+03 1.248621283918475179e-16 2.344016698937441205e-17
4.827311181864453829e+03 2.654524098038122298e-17 3.058612127226298302e-17
4.830057180646990673e+03 4.337668727096914481e-17 3.772065141185263746e-17
4.832803179429526608e+03 1.182920570632916641e-19 2.572631580549892657e-17
4.835549178212062543e+03 -3.686322661866617025e-17 2.120047080879770039e-17
4.838295176994599387e+03 -7.170790409098844782e-17 1.999057800521441730e-17
4.841041175777136232e+03 1.866604325154337490e-16 2.386447051742798752e-17
4.843787174559672167e+03 2.174478922079240754e-16 2.259549513387305193e-17
4.846533173342208102e+03 4.412920097349578237e-17 2.226909165945803989e-17
4.849279172124744946e+03 -1.054718151254959158e-17 2.085735250424546193e-17
4.852025170907281790e+03 6.080574214121359722e-17 2.051578532014303547e-17
4.854771169689817725e+03 9.502981849830608501e-17 2.362545339509132180e-17
4.857517168472353660e+03 -3.540982687051275493e-17 2.851446747985401781e-17
4.860263167254890504e+03 -3.920011198749583533e-17 2.344776462591781644e-17
4.863009166037427349e+03 -1.541226664732758351e-17 2.088222201624917239e-17
4.865755164819963284e+03 -1.828973925739591489e-18 2.132882989213808170e-17
4.868501163602499219e+03 -2.075930709851477853e-17 2.073738502488668331e-17
4.871247162385036063e+03 -4.950812549255252899e-17 2.636478141530779681e-17
4.873993161167572907e+03 3.087560359987769755e-17 2.328449341162499334e-17
4.876739159950108842e+03 -3.169110749604294526e-17 2.133118371271156423e-17
4.879485158732644777e+03 2.984700142855885206e-18 2.017883933930990338e-17
4.882231157515181621e+03 6.129760323985361706e-17 2.107688183169552307e-17
4.884977156297718466e+03 1.408969424437534620e-17 2.231313908254092292e-17
4.887723155080254401e+03 6.073517516116712568e-17 2.189524236683051904e-17
4.890469153862790336e+03 -6.926238152316089412e-18 2.373189060194271836e-17
4.893215152645327180e+03 1.479750472976290941e-16 4.415691147182276914e-17
4.895961151427864024e+03 1.202783068148332960e-16 2.991823633095109228e-17
4.898707150210399959e+03 5.563568937515172253e-17 2.129012772682040120e-17
4.901453148992935894e+03 7.163562728462238769e-17 2.186000525015616379e-17
4.904199147775472738e+03 -2.528004234669478347e-17 2.172888112729140612e-17
4.906945146558009583e+03 2.599067024419310801e-17 2.177301334207700320e-17
4.909691145340545518e+03 1.107248905138302455e-17 2.057364130030723298e-17
4.912437144123081453e+03 3.098589041089918702e-17 2.078777939106072144e-17
4.915183142905618297e+03 -1.116294393080603119e-17 2.001750787126338448e-17
4.917929141688155141e+03 3.577271457182373680e-18 2.047083395807845477e-17
4.920675140470691076e+03 -6.966501454040719362e-18 2.061712118007287671e-17
4.923421139253227011e+03 2.800695800141352262e-17 2.003895900666741483e-17
4.926167138035763855e+03 8.174576825440683319e-17 2.094167354824607341e-17
4.928913136818300700e+03 -1.129043578261615238e-17 2.391908304706723637e-17
4.931659135600836635e+03 4.634750467578822281e-17 2.588429540380654323e-17
4.934405134383372570e+03 2.021987564003416183e-16 2.247026472024850348e-17
4.937151133165909414e+03 4.634750467578822281e-17 2.058783675056777736e-17
4.939897131948446258e+03 8.999456768956156219e-17 2.628861057401744975e-17
4.942643130730982193e+03 2.916925802297460299e-17 2.241221066701927051e-17
4.945389129513518128e+03 4.685170571162621560e-17 2.041899247503132316e-17
4.948135128296054972e+03 1.958467655759707063e-17 2.057078314389189202e-17
4.950881127078591817e+03 -7.308377492273549394e-17 2.165753202926123942e-17
4.953627125861127752e+03 -2.152905901371731478e-17 2.052069518284135157e-17
4.956373124643663687e+03 5.241731805895333461e-17 2.231558019951461010e-17
4.959119123426200531e+03 -7.903973086224390296e-18 2.063196313188491891e-17
4.961865122208737375e+03 4.641454877624143287e-17 2.240759026311725755e-17
4.964611120991273310e+03 2.248704766040367379e-16 2.386443022684424246e-17
4.967357119773809245e+03 3.244986649514184515e-18 7.243743075196303976e-17
4.970103118556346089e+03 -3.594170004232595012e-17 3.734503762358373118e-17
4.972849117338882934e+03 1.224993794071969210e-16 2.143860013001008201e-17
4.975595116121418869e+03 3.123872084932234146e-17 2.109727824672179264e-17
4.978341114903954804e+03 6.765560752787817277e-17 2.075760438982102661e-17
4.981087113686491648e+03 2.246683802246518516e-17 2.089609000823681983e-17
4.983833112469028492e+03 -1.134538498837207899e-16 2.919198876645744315e-17
4.986579111251564427e+03 -1.009612806102791987e-16 2.760562711072782116e-17
4.989325110034100362e+03 -3.667039039814197890e-17 2.115205572859884280e-17
4.992071108816637206e+03 -2.058361839394448032e-16 2.991081632004772040e-17
4.994817107599174051e+03 -3.360139688367628471e-18 2.412497004554653903e-17
4.997563106381709986e+03 -1.371282882012160336e-17 2.030797427212379125e-17
5.000309105164245921e+03 -1.310401351127824201e-17 2.131894104030338886e-17
5.003055103946782765e+03 -2.496237024733998264e-17 2.050469509264178719e-17
5.005801102729319609e+03 1.288817929008254112e-16 2.193206057037838803e-17
5.008547101511855544e+03 7.860932132577411642e-17 2.117055074458670031e-17
5.011293100294391479e+03 4.659369642160384888e-17 2.079017207949926687e-17
5.014039099076928323e+03 3.411773926439407183e-17 2.123180675286141491e-17
5.016785097859465168e+03 7.659017857652036128e-17 2.089296199443384188e-17
5.019531096642001103e+03 8.133901747371253983e-17 2.050654604891201400e-17
5.022277095424537038e+03 7.768941302696731202e-17 2.191385275405120724e-17
5.025023094207073882e+03 1.544640499657893063e-16 2.207943715440391621e-17
5.027769092989610726e+03 -4.939946899155841277e-17 3.081978754915205161e-17
5.030515091772146661e+03 4.867950060181139091e-17 2.575718957361627635e-17
5.033261090554682596e+03 1.506400282072291235e-16 2.435001413009767703e-17
5.036007089337219440e+03 1.312193523200623952e-17 2.094217939962767665e-17
5.038753088119756285e+03 4.300374043092930945e-17 2.020550600262418839e-17
5.041499086902292220e+03 3.330042927232517074e-17 2.374272617346286368e-17
5.044245085684828155e+03 9.779161770201541990e-17 2.177417074158041445e-17
5.046991084467364999e+03 -1.888032396411807953e-17 2.175826675400450415e-17
5.049737083249901843e+03 2.711642986444986581e-18 2.039411766292242731e-17
5.052483082032437778e+03 2.374822744494370815e-17 2.165955000915615874e-17
5.055229080814973713e+03 4.303277399791071875e-17 2.024744757590315758e-17
5.057975079597510558e+03 4.709302644775800767e-17 2.138358247946209036e-17
5.060721078380047402e+03 8.373558781340053615e-18 2.188912258026939578e-17
5.063467077162583337e+03 -2.806396597579830433e-17 2.098251842877651150e-17
5.066213075945119272e+03 -1.738587811120584663e-18 2.107836788157491331e-17
5.068959074727656116e+03 -1.252078287829743563e-17 1.987921566379350921e-17
5.071705073510192960e+03 -2.167076281370964813e-17 1.974733219302043326e-17
5.074451072292728895e+03 1.568710955992526504e-17 2.132251954387632577e-17
5.077197071075264830e+03 -1.039641519563208724e-17 2.206456371183326008e-17
5.079943069857801675e+03 1.378440464412003578e-16 2.209488666338305501e-17
5.082689068640338519e+03 6.864678682909822060e-17 2.042902705952823160e-17
5.085435067422874454e+03 -8.608231488245825864e-17 2.809753447099705374e-17
5.088181066205410389e+03 -2.628893941208680193e-17 2.435021509653008214e-17
5.090927064987947233e+03 -1.007975273041614913e-16 2.535937999513120113e-17
5.093673063770484077e+03 -4.618861309937157942e-18 2.604633812915604502e-17
5.096419062553020012e+03 1.415604621664990360e-16 2.354144446215319707e-17
5.099165061335555947e+03 3.711248244287054880e-17 2.040884892892878886e-17
5.101911060118092792e+03 -1.293862682684172079e-17 2.049476164060790748e-17
5.104657058900629636e+03 1.914767431661494520e-16 3.127341298817956042e-17
5.107403057683165571e+03 6.766156612492192546e-17 3.570894173725928815e-17
5.110149056465701506e+03 5.141681185377210427e-17 2.689308060379207338e-17
5.112895055248238350e+03 6.269124310776041825e-17 2.153651965967655740e-17
5.115641054030775194e+03 -1.304101480068972146e-17 2.018010222801492445e-17
5.118387052813311129e+03 4.827504326589766126e-17 2.199203402249463692e-17
5.121133051595847064e+03 3.389000998518182612e-17 2.075257410224418066e-17
5.123879050378383909e+03 7.594669704604525293e-18 1.986573034030736356e-17
5.126625049160920753e+03 -1.020463438669770903e-17 2.076774554301363867e-17
5.129371047943456688e+03 7.122925437441569078e-18 2.078461232324038417e-17
5.132117046725992623e+03 -9.456119865653799611e-18 2.062861053746337420e-17
5.134863045508529467e+03 2.286841612550742399e-17 2.095253761202487626e-17
5.137609044291066311e+03 2.029096999123434846e-16 2.687636467426986271e-17
5.140355043073602246e+03 3.266072030384887374e-17 2.936347783147666569e-17
5.143101041856138181e+03 4.204819093574112934e-17 2.649503165591889605e-17
5.145847040638675026e+03 -5.277909145854598202e-17 2.799990197796236997e-17
5.148593039421211870e+03 -6.887157680602195066e-17 2.830299220627797352e-17
5.151339038203747805e+03 3.033286857227468481e-17 2.576190490325360929e-17
5.154085036986283740e+03 1.720897073088887997e-17 2.055599655078322587e-17
5.156831035768820584e+03 1.257973972388229418e-17 2.067532929533437371e-17
5.159577034551357428e+03 -7.935471254931340200e-18 2.131656829186904674e-17
5.162323033333893363e+03 1.326061456772902644e-16 2.261260222712435899e-17
5.165069032116429298e+03 -1.928706503994649390e-18 2.159278643693656339e-17
5.167815030898966143e+03 8.875168188381254307e-17 2.377326673273355746e-17
5.170561029681502987e+03 7.356173623491245751e-17 2.562051659595714430e-17
5.173307028464038922e+03 -1.403720205546567625e-16 4.526175147573782362e-17
5.176053027246574857e+03 -5.391596505252907253e-17 2.364851744767548641e-17
5.178799026029111701e+03 6.969040656647877299e-17 2.092617891643328791e-17
5.181545024811648545e+03 2.842783127804279992e-17 2.046540556567820023e-17
5.184291023594184480e+03 1.652625328278262459e-16 2.459290285484535447e-17
5.187037022376720415e+03 2.766571834408216539e-16 2.444254249684219056e-17
5.189783021159257260e+03 -9.432908474570646348e-18 5.032496106781408152e-17
5.192529019941794104e+03 -6.069610427106852882e-17 2.583218491998270138e-17
5.195275018724330039e+03 -2.965259547785437654e-16 2.861290943825582045e-17
5.198021017506865974e+03 -1.349083684023499161e-16 2.222761774708746283e-17
5.200767016289402818e+03 -5.671204776846807898e-17 2.377313033198634289e-17
5.203513015071939662e+03 1.067228509250207294e-16 2.310260836899890957e-17
5.206259013854475597e+03 3.085920446121249966e-17 2.302775392112304396e-17
5.209005012637011532e+03 2.430997397779941231e-16 2.803449306385820873e-17
5.211751011419548377e+03 1.170331183923407514e-16 2.585935019990050212e-17
5.214497010202085221e+03 -2.102117903945317386e-16 3.405735506872293116e-17
5.217243008984621156e+03 -5.759545110052096052e-17 2.251148741068777978e-17
5.219989007767157091e+03 -2.336487580179350579e-17 2.211822918372604649e-17
5.222735006549693935e+03 6.939450569982212313e-18 2.197640590846993266e-17
5.225481005332230779e+03 -4.618039883912076100e-17 2.253724328304639850e-17
5.228227004114766714e+03 4.282592326117658218e-17 2.270702869249628826e-17
5.230973002897302649e+03 -2.423729557210646631e-16 5.481146847368677939e-17
5.233719001679839494e+03 2.298937638592399109e-17 2.903087960058181009e-17
5.236465000462376338e+03 7.834173784953339779e-17 2.216630720925599560e-17
5.239210999244912273e+03 4.851019019569707700e-17 2.148296348917612013e-17
5.241956998027448208e+03 -2.443267283139669614e-16 2.963541850130415933e-17
5.244702996809985052e+03 -8.951984317767201025e-17 2.267394495267812205e-17
5.247448995592521896e+03 6.460026568988470287e-17 2.197478677090707068e-17
5.250194994375057831e+03 3.666007632216466201e-17 2.188988376860165058e-17
5.252940993157593766e+03 -5.354693681421710784e-17 2.882320578542949117e-17
5.255686991940130611e+03 -8.484469181164128168e-18 2.197625542044969329e-17
5.258432990722667455e+03 1.555048387225849243e-17 2.121047191223088070e-17
5.261178989505203390e+03 -4.850220641642784900e-17 2.205635089451460754e-17
5.263924988287739325e+03 -1.779806318157608794e-16 3.901177174027642983e-17
5.266670987070276169e+03 1.580619579946677267e-17 2.444836556747597628e-17
5.269416985852813013e+03 2.205973792113944920e-16 2.635638116916043693e-17
5.272162984635348948e+03 4.819289500283618573e-17 2.217429936782442651e-17
5.274908983417884883e+03 3.882125080346866610e-17 2.233855699949444195e-17
5.277654982200421728e+03 9.190039093243844955e-17 2.314757844733612100e-17
5.280400980982958572e+03 -8.342767120909705438e-18 2.247490614336804070e-17
5.283146979765494507e+03 1.200771195053059886e-16 2.248696105131975564e-17
5.285892978548030442e+03 -1.585418495731331967e-18 2.247666674624692070e-17
5.288638977330567286e+03 -2.991399334604572986e-18 2.189632626277402257e-17
5.291384976113104130e+03 1.016644802829212696e-16 2.354523772449026418e-17
5.294130974895640065e+03 -7.246064938935733453e-17 2.320743322942984619e-17
5.296876973678176000e+03 1.403436169643244886e-16 2.507439621018268677e-17
5.299622972460712845e+03 9.815964320166394747e-17 2.505862028279894885e-17
5.302368971243249689e+03 -2.665664473354173270e-17 4.281686105534177063e-17
5.305114970025785624e+03 -2.457166903748906887e-17 3.076044570885956224e-17
5.307860968808321559e+03 1.973212456535730026e-16 2.622496055641819671e-17
5.310606967590858403e+03 2.579467223471948118e-16 2.814702681549464836e-17
5.313352966373395248e+03 9.378476700101141780e-17 2.413447536781748001e-17
5.316098965155931182e+03 -2.639006185871552913e-16 3.792415461634402459e-17
5.318844963938467117e+03 -6.794402377921175687e-17 2.533079354272898388e-17
5.321590962721003962e+03 -2.968989895495646750e-17 2.238391880254835418e-17
5.324336961503540806e+03 -7.893272652337135017e-17 2.189928193043872126e-17
5.327082960286076741e+03 -2.697652576536893852e-17 2.290181209277313284e-17
5.329828959068612676e+03 5.725649288286299860e-17 2.377972857172464390e-17
5.332574957851149520e+03 -2.529173755115994256e-17 3.457303176922231580e-17
5.335320956633686365e+03 8.708133213037994632e-17 2.470037602428263713e-17
5.338066955416222299e+03 1.558999906484021869e-17 2.334544722041401621e-17
5.340812954198758234e+03 1.477032998107486069e-16 2.608416718450217600e-17
5.343558952981295079e+03 -5.414525404389056181e-17 3.841941401524055540e-17
5.346304951763831923e+03 -9.888606962797679814e-18 2.484693748590400710e-17
5.349050950546367858e+03 8.726231593585541291e-20 3.272537113577893650e-17
5.351796949328903793e+03 5.529298211093887373e-17 2.491758455385868605e-17
5.354542948111440637e+03 -3.435109254716914929e-17 2.322196925320015462e-17
5.357288946893977482e+03 -2.405063705619888477e-17 2.287280887374484047e-17
5.360034945676513416e+03 -1.671346268629447473e-16 3.098641579220095214e-17
5.362780944459049351e+03 2.642790126248591471e-18 2.432239612611369043e-17
5.365526943241586196e+03 3.757367684597768418e-18 2.393113085174287353e-17
5.368272942024123040e+03 -3.536787536348757105e-17 2.393103311251853511e-17
5.371018940806658975e+03 8.045482457723066823e-17 2.552933759684391237e-17
5.373764939589194910e+03 -5.559013585026334322e-17 2.874038696803318694e-17
5.376510938371731754e+03 -6.382574463985976134e-17 2.405345862753299645e-17
5.379256937154268599e+03 -8.074488644315546641e-17 2.745232502063333030e-17
5.382002935936804533e+03 -1.285097406527865053e-16 2.660761109471601989e-17
5.384748934719340468e+03 -2.812031149511559959e-16 5.651442738044211162e-17
5.387494933501877313e+03 9.605901153923727576e-17 2.761145809899944926e-17
5.390240932284414157e+03 7.022953768512687587e-17 2.436891250418885205e-17
5.392986931066950092e+03 -1.179680788067040592e-16 2.904578953352759425e-17
5.395732929849486027e+03 8.488260168636799453e-18 2.443165026759328452e-17
5.398478928632022871e+03 -4.626572827938592456e-17 2.349822452041169413e-17
5.401224927414559716e+03 1.003643383753168689e-16 2.659983642100687159e-17
5.403970926197095650e+03 2.607265322377612499e-17 2.517197872215333539e-17
5.406716924979631585e+03 6.731863210032914640e-17 2.505087215145887898e-17
5.409462923762168430e+03 7.377050411484846120e-18 2.506124268499872798e-17
5.412208922544705274e+03 7.363909866519320177e-17 2.548425438721994055e-17
5.414954921327241209e+03 7.681457024837597480e-17 2.488252226324691307e-17
5.417700920109777144e+03 -1.167299104025247739e-16 3.528698352900749233e-17
5.420446918892313988e+03 -4.476682198883615116e-17 2.969563543123189004e-17
5.423192917674850833e+03 -6.132383466994238775e-17 2.575958909506379153e-17
5.425938916457386767e+03 1.851677540677517127e-16 2.916892460023919943e-17
5.428684915239922702e+03 -2.137765312863009353e-17 2.505786975806074125e-17
5.431430914022459547e+03 -8.484238731743067468e-16 3.602874333707459387e-17
5.434176912804996391e+03 -1.461102699823733689e-16 3.375195251211175093e-17
5.436922911587532326e+03 -4.798335742025642224e-17 2.706476667355070226e-17
5.439668910370068261e+03 -1.287021153854406082e-16 3.604046917313486804e-17
5.442414909152605105e+03 -1.573633445477804042e-16 3.343804465793542382e-17
5.445160907935141950e+03 1.995609874334802739e-17 2.565856586544908409e-17
5.447906906717677884e+03 7.245142934613539499e-17 2.629366809619499684e-17
5.450652905500213819e+03 6.834890034404873384e-17 2.583650858554130562e-17
5.453398904282750664e+03 3.171414122577643750e-17 2.533138590570392594e-17
5.456144903065287508e+03 -5.009832818735519184e-17 2.884920072596146821e-17
5.458890901847823443e+03 -2.403773531825646226e-17 3.089568069457814971e-17
5.461636900630359378e+03 -8.158343065854438465e-17 2.874889187483801342e-17
5.464382899412896222e+03 -7.659859967031159153e-17 3.013024943774675492e-17
5.467128898195433067e+03 2.741599653216297911e-16 3.029783927804643223e-17
5.469874896977969001e+03 5.573475775955779601e-17 2.673237788623630073e-17
5.472620895760504936e+03 -1.137555070756200920e-16 3.693486580010857871e-17
5.475366894543041781e+03 -8.318866743680832940e-18 3.905153431682670570e-17
5.478112893325578625e+03 5.227360965088393051e-17 3.432475637883533583e-17
5.480858892108114560e+03 -2.791553152340860817e-16 4.565667037490975738e-17
5.483604890890650495e+03 7.589591692520382908e-17 2.975547211651137213e-17
5.486350889673187339e+03 4.474520427990381064e-17 2.813299881027584786e-17
5.489096888455724184e+03 7.166522862046975199e-17 3.916273833207994240e-17
5.491842887238260118e+03 9.680022696795220644e-17 3.504987422012135017e-17
5.494588886020796053e+03 2.283485307835623170e-19 2.765262764427084048e-17
5.497334884803332898e+03 2.405655885257788481e-16 3.151702757460980881e-17
5.500080883585869742e+03 2.472084708689174258e-16 3.078384299945455820e-17
5.502826882368405677e+03 -4.526499386882665611e-17 2.776296500684568202e-17
5.505572881150941612e+03 2.137167828502761696e-16 3.064706280416557494e-17
5.508318879933478456e+03 3.606467164120090323e-17 2.876953623609651811e-17
5.511064878716015301e+03 -3.227127652054196353e-18 2.676500824626145559e-17
5.513810877498551235e+03 5.006905369060886594e-17 2.845524522146382191e-17
5.516556876281087170e+03 -7.680017811120712753e-17 3.857796003492305738e-17
5.519302875063624015e+03 -7.583667099125044154e-17 3.563136646374138741e-17
5.522048873846160859e+03 8.097552006173818166e-17 3.251624913645748480e-17
5.524794872628696794e+03 8.132911217678803984e-17 2.859609568721146220e-17
5.527540871411232729e+03 2.157532772747337742e-16 3.195617183104269043e-17
5.530286870193769573e+03 7.211357567613852084e-18 2.811969103779925911e-17
5.533032868976306418e+03 1.511988052108083250e-16 3.201863835908666445e-17
5.535778867758842352e+03 1.992994860304573149e-17 2.863912569031580827e-17
5.538524866541378287e+03 1.264942411331910594e-16 4.534620469194397916e-17
5.541270865323915132e+03 6.434150689035525258e-17 3.174322907113439393e-17
5.544016864106451976e+03 1.882813383578933395e-16 3.184918319080643923e-17
5.546762862888987911e+03 9.240418140679005276e-18 3.050267344564293236e-17
5.549508861671523846e+03 1.705105076077904384e-16 3.202576674792633267e-17
5.552254860454060690e+03 1.198417322900745230e-16 3.001203207408911366e-17
5.555000859236597535e+03 -2.031627178067199280e-16 4.427294949863478769e-17
5.557746858019133469e+03 2.234310270789862920e-16 3.279782034787080572e-17
5.560492856801669404e+03 1.101203284075405101e-16 5.087691384729602855e-17
5.563238855584206249e+03 -8.674033133181822292e-18 3.698853536453876562e-17
5.565984854366743093e+03 -4.824910392248466125e-17 2.821803020880912388e-17
5.568730853149279028e+03 -1.810277628367309793e-17 3.677545642336344511e-17
5.571476851931814963e+03 5.038784866889515476e-17 3.223864395792376525e-17
5.574222850714351807e+03 -6.329880695371164720e-17 2.834532364004635302e-17
5.576968849496888652e+03 5.294761676917175210e-17 2.817862216075034097e-17
5.579714848279424587e+03 2.855958502568970198e-17 2.900081990982915258e-17
5.582460847061960521e+03 7.487728282363717972e-17 3.522254533110447700e-17
5.585206845844497366e+03 1.189224970758682309e-16 3.156199363278484679e-17
5.587952844627034210e+03 3.430044812385263598e-17 3.194363319214517808e-17
5.590698843409570145e+03 4.073162850985692385e-17 3.017472438381823733e-17
5.593444842192106080e+03 -3.260243033952283309e-17 2.866391880113555716e-17
5.596190840974642924e+03 -7.149090947541942996e-17 2.743942325518880691e-17
5.598936839757179769e+03 -5.338964063735267447e-17 2.978986872380028838e-17
5.601682838539715704e+03 1.816721563216375930e-18 3.102391790728327721e-17
5.604428837322251638e+03 5.879601160909170740e-17 2.971053688829556209e-17
5.607174836104788483e+03 9.238633028672757255e-17 3.061151264892927686e-17
5.609920834887325327e+03 -1.011546876258648242e-16 5.672156965597693440e-17
5.612666833669861262e+03 3.727688369706118923e-17 3.021846538278223726e-17
5.615412832452397197e+03 -3.835771743422357169e-18 2.763443679928924505e-17
5.618158831234934041e+03 1.630186796841698118e-17 3.242874428329015151e-17
5.620904830017470886e+03 -2.323706064587114136e-17 2.721686655026563811e-17
5.623650828800006821e+03 -5.625988726927888951e-17 2.887381099846066778e-17
5.626396827582542755e+03 -6.975393871473172276e-17 3.226429279223681028e-17
5.629142826365079600e+03 2.601613410976249785e-17 2.700408206556140300e-17
5.631888825147616444e+03 -3.966397423985933177e-17 3.094104872858070633e-17
5.634634823930152379e+03 9.805595548119187562e-17 2.839014268862180979e-17
5.637380822712688314e+03 -1.323907338758495032e-16 4.906405139864015490e-17
5.640126821495225158e+03 2.653432992186603273e-16 3.068152112631405845e-17
5.642872820277762003e+03 -1.093579040992877783e-17 3.175121310957990954e-17
5.645618819060297938e+03 1.552235639120900952e-17 4.006660830314189230e-17
5.648364817842833872e+03 8.534286385449754393e-17 2.802042368923774952e-17
5.651110816625370717e+03 -5.856797508438253104e-17 2.708568266623524794e-17
5.653856815407907561e+03 4.483224849291959394e-17 2.845864137658039511e-17
5.656602814190443496e+03 -5.153592415487399313e-17 2.708940819711096959e-17
5.659348812972979431e+03 3.091287613288678799e-18 3.501833529589270698e-17
5.662094811755516275e+03 -5.271914707936841611e-17 2.669668131001598700e-17
5.664840810538053120e+03 3.176548062802969717e-17 3.011364169431370991e-17
5.667586809320589055e+03 5.337691073010364182e-17 2.694652075578160408e-17
5.670332808103124989e+03 -6.018359860161648806e-17 3.165347238164817587e-17
5.673078806885661834e+03 6.773316250885246464e-17 2.809337281279317332e-17
5.675824805668198678e+03 -4.857701525704033583e-17 2.598517970063732284e-17
5.678570804450734613e+03 -9.698183942672156839e-17 4.039439772352642324e-17
5.681316803233270548e+03 -6.236644088270401128e-17 2.577873054532272559e-17
5.684062802015807392e+03 -1.205067222561708677e-16 4.268744138605107639e-17
5.686808800798344237e+03 3.933479105797414385e-17 3.176714976124179736e-17
5.689554799580880172e+03 9.382744064409304011e-17 3.047610826723688056e-17
5.692300798363416106e+03 6.902721847975012534e-17 2.603377173796159164e-17
5.695046797145952951e+03 4.841834044191122283e-17 2.536647071561602740e-17
5.697792795928489795e+03 1.225166652375018852e-16 3.911924568871859572e-17
5.700538794711025730e+03 2.031934076623189543e-17 2.593998495341890858e-17
5.703284793493561665e+03 1.628654644793244882e-16 3.074082744351129166e-17
