# obs_wvl flux error  |  merged epoch (native): STIS CCD,STIS MAMA
1.580000000000000000e+03 -4.171928162494185963e-15 7.882006814808120709e-14
1.581548086546578588e+03 6.005754599301450285e-17 4.225334453445664639e-14
1.583096173093157176e+03 -4.171928162494185963e-15 1.983478875503063228e-14
1.584644259639735765e+03 -2.345451036354934328e-14 1.214432932966583772e-14
1.586192346186314353e+03 -8.462810121999957962e-15 9.775855588943338432e-15
1.587740432732892941e+03 6.005754599301450285e-17 7.937592139335705041e-15
1.589288519279471529e+03 -3.405267572857310855e-15 6.135202496245707931e-15
1.590836605826050118e+03 -8.589679267409115052e-16 5.762134546271992836e-15
1.592384692372628706e+03 -1.358176982276887914e-15 4.940882678580038777e-15
1.593932778919207294e+03 6.860746329084062849e-16 4.480638764319254451e-15
1.595480865465785882e+03 1.621272479194937037e-15 4.035395497617502884e-15
1.597028952012364471e+03 1.060500981503922686e-15 3.552626495246977504e-15
1.598577038558943059e+03 1.473191681238938359e-17 3.077239144928301262e-15
1.600125125105521647e+03 7.440663992941588526e-16 2.802713387356821668e-15
1.601673211652100235e+03 2.271693840491573190e-16 2.530447174849435685e-15
1.603221298198678824e+03 -4.942192089156046001e-16 2.216223181552625550e-15
1.604769384745257412e+03 1.503027773294315974e-15 2.112880272163924823e-15
1.606317471291836000e+03 2.060273768849882176e-15 1.969736404141548735e-15
1.607865557838414588e+03 1.019200868018228087e-15 1.741531864697461173e-15
1.609413644384993177e+03 -2.781265800548207987e-17 1.547530382646120364e-15
1.610961730931571765e+03 -6.127484999179350182e-16 1.395263644206425306e-15
1.612509817478150353e+03 1.416287750041628383e-15 1.401290143910104953e-15
1.614057904024728941e+03 8.141454720477992447e-16 1.258319240661578240e-15
1.615605990571307530e+03 -1.933239112456641045e-15 1.018605567959085698e-15
1.617154077117886118e+03 2.239891316271012253e-16 1.101970792219957428e-15
1.618702163664464706e+03 1.046097311686836528e-15 1.028009286092272631e-15
1.620250250211043294e+03 -9.997071357905034626e-16 8.377602456105686619e-16
1.621798336757621882e+03 -1.676346279694127461e-15 7.607937158676795527e-16
1.623346423304200471e+03 -5.280205512366414772e-16 8.011214148808459436e-16
1.624894509850779059e+03 1.690279703918001777e-17 7.637525253051186528e-16
1.626442596397357647e+03 -5.823946492907123168e-16 6.864602335597817464e-16
1.627990682943936235e+03 -6.347077107961591814e-16 6.554874045030251254e-16
1.629538769490514824e+03 3.800650262824473668e-16 6.838980397001023860e-16
1.631086856037093412e+03 4.625232888633369965e-16 6.439938840075896397e-16
1.632634942583672000e+03 9.618022026527697598e-17 6.086196740000844642e-16
1.634183029130250588e+03 3.799590432687703338e-16 5.969238118113141237e-16
1.635731115676829177e+03 -3.203117068052226504e-16 5.165323371144067686e-16
1.637279202223407765e+03 6.404972565450318640e-16 5.788731591898773213e-16
1.638827288769986353e+03 1.180432958160204983e-15 5.693379769478964348e-16
1.640375375316564941e+03 8.846984849390373572e-16 5.364575648014019881e-16
1.641923461863143530e+03 1.127847850248539077e-16 4.742960678926886023e-16
1.643471548409722118e+03 -1.863199920884393734e-16 4.448043955715296739e-16
1.645019634956300706e+03 -3.045924040468785290e-16 4.184910600532113587e-16
1.646567721502879294e+03 -4.389443396695344293e-16 4.016949246840703051e-16
1.648115808049457883e+03 -2.870208582030291125e-16 4.015417373287317358e-16
1.649663894596036471e+03 1.225693791968552160e-16 4.108927870289829845e-16
1.651211981142615059e+03 -2.609047685694230716e-16 3.631899065535160655e-16
1.652760067689193647e+03 2.716771913801581758e-16 4.077757405080987216e-16
1.654308154235772236e+03 1.236410171368225280e-16 3.737908304981666024e-16
1.655856240782350824e+03 8.529848295437763482e-17 3.772534762271068936e-16
1.657404327328929412e+03 1.142082323740180346e-16 3.561809381750903799e-16
1.658952413875508000e+03 -1.664784229634675244e-16 3.295266566536601871e-16
1.660500500422086589e+03 -6.694261720241864777e-17 3.367700113960161277e-16
1.662048586968665177e+03 -2.575401612831676178e-16 3.108125195803849221e-16
1.663596673515243765e+03 -1.941918264150808024e-16 3.108808490520890870e-16
1.665144760061822353e+03 9.036930382183488006e-18 3.218296678644935324e-16
1.666692846608400941e+03 -3.582571671324377010e-16 2.860976260697148016e-16
1.668240933154979530e+03 -1.297090047255186072e-16 3.057608641393683370e-16
1.669789019701558118e+03 2.797412266268802320e-16 3.204493215474016800e-16
1.671337106248136706e+03 6.668618089644996843e-16 3.383680783864932545e-16
1.672885192794715294e+03 4.191775429603605266e-16 3.137152635671157756e-16
1.674433279341293883e+03 -3.656525749077192267e-17 2.774817426796168798e-16
1.675981365887872471e+03 -2.917250417972041790e-16 2.585971894605273770e-16
1.677529452434451059e+03 -2.542806049026073823e-16 2.581410332229590721e-16
1.679077538981029647e+03 -1.329650792079302970e-16 2.612958361500669390e-16
1.680625625527608236e+03 1.413026780419746917e-16 2.793716782710816917e-16
1.682173712074186824e+03 1.361197962661076210e-17 2.672986188118440099e-16
1.683721798620765412e+03 9.112884948307019574e-17 2.645580862196009522e-16
1.685269885167344000e+03 5.707234015087978617e-17 2.559659776943483880e-16
1.686817971713922589e+03 5.058685548403810467e-17 2.521735540140238708e-16
1.688366058260501177e+03 8.217587126088105682e-17 2.537480391479632080e-16
1.689914144807079765e+03 4.355763369455698091e-16 2.775199121561387728e-16
1.691462231353658353e+03 1.917451907383684953e-16 2.495021954178196467e-16
1.693010317900236942e+03 4.150550232818548269e-16 2.676655374642785379e-16
1.694558404446815530e+03 7.820255147612870690e-17 2.355321545167330709e-16
1.696106490993394118e+03 7.325182392758503807e-17 2.408766374525580978e-16
1.697654577539972706e+03 -1.294318135553915377e-18 2.251893455984441181e-16
1.699202664086551295e+03 1.934676559057090723e-16 2.437343531383566710e-16
1.700750750633129883e+03 1.357955478915118850e-16 2.317295689842815316e-16
1.702298837179708471e+03 1.709778169729185610e-16 2.341961879886723472e-16
1.703846923726287059e+03 2.919282546191325920e-16 2.375233381343211337e-16
1.705395010272865647e+03 3.405454908920278438e-16 2.388655382091390551e-16
1.706943096819444236e+03 3.979151072008432456e-16 2.434719806012023625e-16
1.708491183366022824e+03 1.747449832723917533e-16 2.209587330831501909e-16
1.710039269912601412e+03 -1.139976233985461841e-16 2.018804513782780832e-16
1.711587356459180000e+03 1.932464758202482046e-16 2.266959926650305370e-16
1.713135443005758589e+03 1.245933434509007585e-16 2.160304125993394114e-16
1.714683529552337177e+03 -2.303450760130471726e-16 1.847059842963369905e-16
1.716231616098915765e+03 -1.148611966873986346e-16 1.993852442766546486e-16
1.717779702645494353e+03 2.638298088990937492e-16 2.189720844003056528e-16
1.719327789192072942e+03 1.050223567722632037e-16 2.050856898949405721e-16
1.720875875738651530e+03 1.917079455184838475e-16 2.129621780545570292e-16
1.722423962285230118e+03 2.977253869956149101e-16 2.196915983453491487e-16
1.723972048831808706e+03 1.546306032193079761e-16 2.008638363279209424e-16
1.725520135378387295e+03 4.631241748437822273e-16 2.255135452061885614e-16
1.727068221924965883e+03 6.095915415135852545e-17 1.882309737353646098e-16
1.728616308471544471e+03 -4.515818920098314779e-17 1.862246271348376199e-16
1.730164395018123059e+03 2.812522598069217299e-16 2.070798200855819540e-16
1.731712481564701648e+03 -2.330547724228433221e-17 1.804760927202373573e-16
1.733260568111280236e+03 -3.715515594084458367e-16 1.520904051717458642e-16
1.734808654657858824e+03 6.205088706950279522e-17 1.938015172383389413e-16
1.736356741204437412e+03 -1.136714658113569144e-16 1.699910962681670743e-16
1.737904827751016001e+03 -1.062633018732204133e-16 1.736345493830843132e-16
1.739452914297594589e+03 3.413288346573203555e-17 1.817165912856593429e-16
1.741001000844173177e+03 2.500709457756954737e-16 1.948973588019086045e-16
1.742549087390751765e+03 1.422416286068690256e-16 1.855380081298878484e-16
1.744097173937330354e+03 -1.889667183956740191e-16 1.558172191032883918e-16
1.745645260483908942e+03 9.437359337107807153e-17 1.812771805551056163e-16
1.747193347030487530e+03 6.846496558678257391e-18 1.718961057003105575e-16
1.748741433577066118e+03 5.818973455208435971e-17 1.741806961159822699e-16
1.750289520123644706e+03 3.158097614871413421e-16 1.942295214938062291e-16
1.751837606670223295e+03 4.392785392348728033e-17 1.689954260059188136e-16
1.753385693216801883e+03 -1.144933013881445180e-16 1.558894044953878297e-16
1.754933779763380471e+03 -1.232095529344645123e-17 1.661896381114365580e-16
1.756481866309959059e+03 -1.686208482973085079e-16 1.500638916904930085e-16
1.758029952856537648e+03 -5.189551523856032283e-17 1.605962308782322389e-16
1.759578039403116236e+03 -2.025209234101824782e-16 1.440796040407366968e-16
1.761126125949694824e+03 -1.197803481873126971e-16 1.542625134174691030e-16
1.762674212496273412e+03 -1.878269656050744989e-16 1.436350899192260662e-16
1.764222299042852001e+03 -3.236377333948264047e-16 1.325018937703571598e-16
1.765770385589430589e+03 1.071829677325062564e-16 1.710731399886801061e-16
1.767318472136009177e+03 5.200881303577517021e-17 1.558716018824716853e-16
1.768866558682587765e+03 -6.406705320546715202e-17 1.476688766785736065e-16
1.770414645229166354e+03 4.044525334709651015e-17 1.572460825529669873e-16
1.771962731775744942e+03 -3.541647230905431180e-17 1.498820889733429409e-16
1.773510818322323530e+03 -1.587098675634924743e-16 1.368215882171483783e-16
1.775058904868902118e+03 -8.544313224221298100e-17 1.441116940597086694e-16
1.776606991415480707e+03 7.708017316805933706e-17 1.601995009547579455e-16
1.778155077962059295e+03 -1.822592203356247374e-16 1.303669581415787419e-16
1.779703164508637883e+03 -4.499644159300954434e-17 1.466018511335244091e-16
1.781251251055216471e+03 -4.840976427806821683e-17 1.441692431612558716e-16
1.782799337601795060e+03 1.732063420869341887e-16 1.577026006656397511e-16
1.784347424148373648e+03 -1.500793664652952584e-16 1.318450949654237417e-16
1.785895510694952236e+03 -8.081112047011476247e-17 1.393198187509615198e-16
1.787443597241530824e+03 -9.382700642405861546e-18 1.416535226844148005e-16
1.788991683788109412e+03 1.490524236611013009e-16 1.553007511729744547e-16
1.790539770334688001e+03 1.116136882864086620e-16 1.504545946297816807e-16
1.792087856881266589e+03 -3.784154879388954656e-17 1.358725166193927890e-16
1.793635943427845177e+03 1.251383035546625662e-16 1.530037262177222433e-16
1.795184029974423765e+03 -8.902768163548781443e-17 1.296762349950964962e-16
1.796732116521002354e+03 3.592338824871155228e-17 1.435937607720803997e-16
1.798280203067580942e+03 -1.540151923996585335e-16 1.223796705133769104e-16
1.799828289614159530e+03 2.369977190319651388e-16 1.598563035532398460e-16
1.801376376160738118e+03 3.999675603006494006e-17 1.378957487906646049e-16
1.802924462707316707e+03 1.030157809248093022e-16 1.434060406774674052e-16
1.804472549253895295e+03 -9.858933781548434307e-18 1.346495170301083625e-16
1.806020635800473883e+03 2.119969228413642656e-17 1.356111964766095447e-16
1.807568722347052471e+03 8.724858337174545714e-17 1.409175690252035429e-16
1.809116808893631060e+03 -6.903356937456370292e-18 1.318692762176549706e-16
1.810664895440209648e+03 2.463898678889789508e-16 1.511087453271319234e-16
1.812212981986788236e+03 1.889106226786160391e-16 1.452883047330846230e-16
1.813761068533366824e+03 1.743245217246334873e-16 1.420485498352390789e-16
1.815309155079945413e+03 -1.359221524769220762e-16 1.171587174639388742e-16
1.816857241626524001e+03 -1.200770093036323375e-16 1.189539584890819308e-16
1.818405328173102589e+03 1.411327778810484682e-16 1.406320157258211681e-16
1.819953414719681177e+03 8.280164045838855599e-17 1.342770353769922890e-16
1.821501501266259766e+03 1.398340594031464635e-16 1.380380246968882399e-16
1.823049587812838354e+03 -3.075869690698355196e-17 1.215020422795612305e-16
1.824597674359416942e+03 3.961793049706843017e-17 1.312669539366467506e-16
1.826145760905995530e+03 1.370810672803970057e-16 1.349699789147788002e-16
1.827693847452574119e+03 3.531442055091320979e-16 1.511592288607016552e-16
1.829241933999152707e+03 4.129459146632063686e-17 1.255413605904930954e-16
1.830790020545731295e+03 1.768653332255424163e-17 1.239689276609866331e-16
1.832338107092309883e+03 1.916553871184858475e-16 1.369475057995231663e-16
1.833886193638888471e+03 1.729356102187445296e-16 1.354798012390991954e-16
1.835434280185467060e+03 1.292562316220261296e-16 1.307952669049829164e-16
1.836982366732045648e+03 2.897728361008244851e-16 1.448483796561101624e-16
1.838530453278624236e+03 1.022256386720332730e-16 1.275537412902974938e-16
1.840078539825202824e+03 2.938782146740005002e-16 1.439147412503690782e-16
1.841626626371781413e+03 3.698429216697402434e-16 1.460569098160271501e-16
1.843174712918360001e+03 1.075310500320541941e-16 1.270824390213096681e-16
1.844722799464938589e+03 3.449142472421001617e-16 1.469564840221700953e-16
1.846270886011517177e+03 -1.299461105689779892e-16 1.042298894906986320e-16
1.847818972558095766e+03 1.313922939345999425e-16 1.306473226008009687e-16
1.849367059104674354e+03 2.180841095257862610e-16 1.326111102929133199e-16
1.850915145651252942e+03 1.648314417893470556e-16 1.273961108302247722e-16
1.852463232197831530e+03 1.494808500126497150e-16 1.275662896675258423e-16
1.854011318744410119e+03 4.034410998216002436e-16 1.462244135292962249e-16
1.855559405290988707e+03 4.843783544355547326e-16 1.520679659415054859e-16
1.857107491837567295e+03 2.894106490708218264e-16 1.358134920224930221e-16
1.858655578384145883e+03 2.016353410220699659e-16 1.304638070100658392e-16
1.860203664930724472e+03 3.687752037540653205e-16 1.407981685955370407e-16
1.861751751477303060e+03 5.677541830795800190e-17 1.162869010227710352e-16
1.863299838023881648e+03 3.026701788739839994e-16 1.379032098328131056e-16
1.864847924570460236e+03 2.186416916090405551e-16 1.302915537989835629e-16
1.866396011117038825e+03 4.512647442816079348e-16 1.443828590571433576e-16
1.867944097663617413e+03 3.086728931097238725e-16 1.344810404547964588e-16
1.869492184210196001e+03 3.375632149949477596e-16 1.364694637784260602e-16
1.871040270756774589e+03 2.528085674669533067e-16 1.309804981114457864e-16
1.872588357303353177e+03 1.695674101124171510e-16 1.234036459725851092e-16
1.874136443849931766e+03 1.101607113693767869e-16 1.177117991837092327e-16
1.875684530396510354e+03 3.664332863412113226e-16 1.396885307750172112e-16
1.877232616943088942e+03 3.665105670117339610e-16 1.372317701296441279e-16
1.878780703489667530e+03 3.599767326093903859e-16 1.366501894688705549e-16
1.880328790036246119e+03 2.939244874630728610e-16 1.319473361533140182e-16
1.881876876582824707e+03 1.268690732589195150e-16 1.183345263143034203e-16
1.883424963129403295e+03 1.968404492117384097e-16 1.242089883705008458e-16
1.884973049675981883e+03 1.867176344322758494e-16 1.202719852081515674e-16
1.886521136222560472e+03 9.405741707334544520e-17 1.150268292271027516e-16
1.888069222769139060e+03 3.241951568224444168e-16 1.318994304984899206e-16
1.889617309315717648e+03 2.396889351472365495e-16 1.254630372827517169e-16
1.891165395862296236e+03 2.154987507687634208e-16 1.238006901874481019e-16
1.892713482408874825e+03 5.665129552641289424e-16 1.473732088515727989e-16
1.894261568955453413e+03 3.089032537028249407e-16 1.296814090314338556e-16
1.895809655502032001e+03 3.404792882742671686e-16 1.313677518461527750e-16
1.897357742048610589e+03 1.854148206844033060e-16 1.199491708324406219e-16
1.898905828595189178e+03 4.766913742489721836e-16 1.410432580391219151e-16
1.900453915141767766e+03 3.814691270045051487e-16 1.320725293144880158e-16
1.902002001688346354e+03 4.698477024264059356e-16 1.376652665211350834e-16
1.903550088234924942e+03 4.173870154816706877e-16 1.331521589497829538e-16
1.905098174781503531e+03 2.649706843593374817e-16 1.242752560988720848e-16
1.906646261328082119e+03 4.524889200531295647e-16 1.356822427842028280e-16
1.908194347874660707e+03 2.767824975847940444e-16 1.218616944597250050e-16
1.909742434421239295e+03 3.007358865151803589e-16 1.240280602737026571e-16
1.911290520967817884e+03 3.713626199308117268e-16 1.274564523796310939e-16
1.912838607514396472e+03 4.702730221031680533e-16 1.330976977103207734e-16
1.914386694060975060e+03 1.348254100080961799e-16 1.106077691282843869e-16
1.915934780607553648e+03 1.412599844669339038e-16 1.070816925560949598e-16
1.917482867154132236e+03 5.239660336760483691e-16 1.343312236654418587e-16
1.919030953700710825e+03 3.199777923946228538e-16 1.212219502176182207e-16
1.920579040247289413e+03 2.826579265583021462e-16 1.173613435148157916e-16
1.922127126793868001e+03 4.486002371918836400e-16 1.272251488490324486e-16
1.923675213340446589e+03 5.564449333610046261e-16 1.340394370068329629e-16
1.925223299887025178e+03 2.863742079203472833e-16 1.154240543798793460e-16
1.926771386433603766e+03 2.066334967259138713e-16 1.081239102246081188e-16
1.928319472980182354e+03 2.430526915147693632e-16 1.103248906761138533e-16
1.929867559526760942e+03 3.427120172596476734e-16 1.191449715499346454e-16
1.931415646073339531e+03 1.144976237262258481e-16 1.001029699767782988e-16
1.932963732619918119e+03 3.845750382075763181e-16 1.194590675738559119e-16
1.934511819166496707e+03 2.846194554140766663e-16 1.110058709089953811e-16
1.936059905713075295e+03 3.193047899561208024e-16 1.131731786452792005e-16
1.937607992259653884e+03 3.874510096254646986e-16 1.162888344598628214e-16
1.939156078806232472e+03 2.694578915927845470e-16 1.097819473386033117e-16
1.940704165352811060e+03 1.560242563702478347e-16 1.000882281520448279e-16
1.942252251899389648e+03 2.708440834179001429e-16 1.086684906517236856e-16
1.943800338445968237e+03 2.867976453165771054e-16 1.099523906898891889e-16
1.945348424992546825e+03 1.203355326406629858e-16 9.562999253156050229e-17
1.946896511539125413e+03 2.572314035741971551e-16 1.037644134990694503e-16
1.948444598085704001e+03 2.690010579374366245e-16 1.052147615280987924e-16
1.949992684632282590e+03 1.750036157742627864e-16 1.001415227414775912e-16
1.951540771178861178e+03 1.228884571119019979e-16 9.242325262507938119e-17
1.953088857725439766e+03 4.247635926160675875e-16 1.162619548317347687e-16
1.954636944272018354e+03 1.813159051192742440e-16 9.723965725367903622e-17
1.956185030818596942e+03 1.269646074897152801e-16 9.092750926281034447e-17
1.957733117365175531e+03 1.094901097091843666e-16 9.145572785197058507e-17
1.959281203911754119e+03 2.520739635134129706e-16 9.994186864175885365e-17
1.960829290458332707e+03 1.133523858495330824e-16 8.856412061611938702e-17
1.962377377004911295e+03 3.607519298360382115e-16 1.085621149621310372e-16
1.963925463551489884e+03 4.190994830215043489e-17 8.316222845722415792e-17
1.965473550098068472e+03 2.225887180720903773e-16 9.719082653735659363e-17
1.967021636644647060e+03 1.852278050938510828e-16 9.199555953904027439e-17
1.968569723191225648e+03 3.224960510234045716e-16 1.023210370591360873e-16
1.970117809737804237e+03 3.450772247503059353e-16 1.030180054200801514e-16
1.971665896284382825e+03 3.314929806147505712e-16 1.031822850259642006e-16
1.973213982830961413e+03 1.573630278249242923e-16 8.881666452462196913e-17
1.974762069377540001e+03 9.998103387116649422e-17 8.416762348256622224e-17
1.976310155924118590e+03 2.076350522683241601e-16 9.266350209146721305e-17
1.977858242470697178e+03 1.481523494628406699e-16 8.690974075635957821e-17
1.979406329017275766e+03 2.105035300941723899e-16 9.399909900600343464e-17
1.980954415563854354e+03 7.370995891443790895e-17 7.924468245957751178e-17
1.982502502110432943e+03 2.013405234922146906e-16 9.059304343072228276e-17
1.984050588657011531e+03 1.280477219946774431e-16 8.427146050756748597e-17
1.985598675203590119e+03 6.261795867227533963e-17 7.769216585955197926e-17
1.987146761750168707e+03 1.559292798208061364e-16 8.633119834672983906e-17
1.988694848296747296e+03 1.183918800104118977e-16 8.115822413742215882e-17
1.990242934843325884e+03 1.281547773870792448e-16 8.233746925191258827e-17
1.991791021389904472e+03 1.288096794311195403e-16 8.104914180288979303e-17
1.993339107936483060e+03 1.457507715970097171e-16 8.207364324410152206e-17
1.994887194483061648e+03 2.560208181792634417e-16 9.016295987070157266e-17
1.996435281029640237e+03 1.074190209188764430e-16 7.910949393553666822e-17
1.997983367576218825e+03 5.011128805838985924e-17 7.194506646340099199e-17
1.999531454122797413e+03 2.333634126295706861e-16 8.630947632289930127e-17
2.001079540669376001e+03 2.258478238102846114e-16 8.620530744330437585e-17
2.002627627215954590e+03 1.708017523599949777e-16 7.948202612374109070e-17
2.004175713762533178e+03 3.258719968064300835e-16 9.141317191910145251e-17
2.005723800309111766e+03 1.802702584062569631e-16 8.135931746318481492e-17
2.007271886855690354e+03 1.119065145682117962e-16 7.543732786821761508e-17
2.008819973402268943e+03 2.898049968430870593e-16 8.605628178735051880e-17
2.010368059948847531e+03 3.384860969771824020e-16 9.004487768611844489e-17
2.011916146495426119e+03 2.866737023279671425e-16 8.740050648591552975e-17
2.013464233042004707e+03 1.073159632463488323e-16 7.453216714386612326e-17
2.015012319588583296e+03 1.623006833119682631e-16 7.756541717546113999e-17
2.016560406135161884e+03 2.035687977728159006e-16 7.683519341608960982e-17
2.018108492681740472e+03 3.528059668635067347e-16 9.105783021396323958e-17
2.019656579228319060e+03 3.157118057905957355e-17 6.469443801939903551e-17
2.021204665774897649e+03 1.904693084505631845e-16 7.554072172124918189e-17
2.022752752321476237e+03 4.055855000300996005e-16 9.198476826732116643e-17
2.024300838868054825e+03 2.112584540773172361e-16 7.629689904576193059e-17
2.025848925414633413e+03 2.351761425605175253e-16 8.010062180711142814e-17
2.027397011961212002e+03 1.682835340486463697e-16 7.398826035322026077e-17
2.028945098507790590e+03 1.675081632386259172e-16 7.398549665797633335e-17
2.030493185054369178e+03 1.607438968931450465e-16 7.159128070774845153e-17
2.032041271600947766e+03 2.388488880018989253e-16 7.749115097925864074e-17
2.033589358147526355e+03 2.233101617666063152e-16 7.583077866116066596e-17
2.035137444694104943e+03 2.448899830990379216e-16 7.750835055049555348e-17
2.036685531240683531e+03 1.925807345674161233e-16 7.411491985481143173e-17
2.038233617787262119e+03 1.956331909100930524e-16 7.143405625381454280e-17
2.039781704333840707e+03 3.431124833313562158e-16 8.284162527968277926e-17
2.041329790880419296e+03 2.464233127889031625e-16 7.531112478521451628e-17
2.042877877426997884e+03 2.336650543514158807e-16 7.488945018267265738e-17
2.044425963973576472e+03 1.749429641555601930e-16 7.003152246839353400e-17
2.045974050520155060e+03 2.796476412416309736e-16 7.473743569391970895e-17
2.047522137066733649e+03 3.430180667958331278e-16 7.979654645844078168e-17
2.049070223613312010e+03 2.664409131255022874e-16 7.551135806088612652e-17
2.050618310159890825e+03 2.266402702028020590e-16 7.239922785254877364e-17
2.052166396706469641e+03 1.809738332687842575e-16 6.845808390158012289e-17
2.053714483253048002e+03 1.924427416489148573e-16 7.082853405051948497e-17
2.055262569799626363e+03 1.606797793178910262e-16 6.532651019166293313e-17
2.056810656346205178e+03 2.801288406405589402e-16 7.448394283097726411e-17
2.058358742892783994e+03 2.334807260588938771e-16 7.009328744202357571e-17
2.059906829439362355e+03 3.147610141965611677e-16 7.326668336398218037e-17
2.061454915985940715e+03 3.483755790329063368e-16 7.810948985657751365e-17
2.063003002532519531e+03 2.023885825640202089e-16 6.740837999638784597e-17
2.064551089079098347e+03 2.977439405148163095e-16 7.373212723461398155e-17
2.066099175625676708e+03 2.227277033925290530e-16 6.737250094919752932e-17
2.067647262172255068e+03 3.422373679773417516e-16 7.554899200982327959e-17
2.069195348718833884e+03 2.218242387284943939e-16 6.709007127021816831e-17
2.070743435265412700e+03 2.230543209619029256e-16 6.823053411464695134e-17
2.072291521811991061e+03 1.307931304433654961e-16 5.971717665579402125e-17
2.073839608358569421e+03 2.110371129453906215e-16 6.623650839770740806e-17
2.075387694905148237e+03 2.056485596734144565e-16 6.592165928925272155e-17
2.076935781451727053e+03 2.020109778742327779e-16 6.487044969246184869e-17
2.078483867998305413e+03 2.121961251032917058e-16 6.567350464942111737e-17
2.080031954544883774e+03 2.141682417110207983e-16 6.367878197709497373e-17
2.081580041091462590e+03 2.244152749501901085e-16 6.379975578654339565e-17
2.083128127638041406e+03 3.607361387119330985e-16 7.302837679336147202e-17
2.084676214184619766e+03 2.193104999007484216e-16 6.478584908368599020e-17
2.086224300731198127e+03 1.879847379721934120e-16 6.145707660818928344e-17
2.087772387277776943e+03 2.986720011386314418e-16 6.836622221668072113e-17
2.089320473824355759e+03 2.218403938887666234e-16 6.298731983960762074e-17
2.090868560370934119e+03 2.716533532233844387e-16 6.664648263675403047e-17
2.092416646917512480e+03 1.554302910039506501e-16 5.748472104492342933e-17
2.093964733464091296e+03 2.665122251002638853e-16 6.547212734842712520e-17
2.095512820010670112e+03 1.794626845946371393e-16 5.972698621502670131e-17
2.097060906557248472e+03 2.537025170968353298e-16 6.534174367283183834e-17
2.098608993103826833e+03 2.015320693423659486e-16 6.003550183091804011e-17
2.100157079650405649e+03 2.222284506639132236e-16 6.090087045685236741e-17
2.101705166196984464e+03 2.597411182011374546e-16 6.374376831086636602e-17
2.103253252743562825e+03 1.808553728125723673e-16 5.632225544988615088e-17
2.104801339290141186e+03 3.052973017097688370e-16 6.698387550010342277e-17
2.106349425836720002e+03 1.913000707546351243e-16 5.897082552534300365e-17
2.107897512383298817e+03 2.013041579858530744e-16 5.754844240734693352e-17
2.109445598929877178e+03 3.172677540389513545e-16 6.627397956883693045e-17
2.110993685476455539e+03 1.357694480291795420e-16 5.483808028185319283e-17
2.112541772023034355e+03 1.198416486275529509e-16 5.265007281102492434e-17
2.114089858569613170e+03 2.118589938078864544e-16 5.717918728822562842e-17
2.115637945116191531e+03 2.360417056927094345e-16 6.080089206739652771e-17
2.117186031662769892e+03 1.405275786925432221e-16 5.200709302856932795e-17
2.118734118209348708e+03 3.007430014076044336e-16 6.312391983610484076e-17
2.120282204755927523e+03 2.192265849725559119e-16 5.845079699192059771e-17
2.121830291302505884e+03 2.116729228254321542e-16 5.730492957593099705e-17
2.123378377849084245e+03 1.640639225503550932e-16 5.372055422235665929e-17
2.124926464395663061e+03 1.864194763020297160e-16 5.507978778892804201e-17
2.126474550942241876e+03 1.709598652604387753e-16 5.368431624964104709e-17
2.128022637488820237e+03 2.346533146034892438e-16 5.809969548740041274e-17
2.129570724035398598e+03 1.965239393508772667e-16 5.430965908245776918e-17
2.131118810581977414e+03 2.533315936279578691e-16 5.827384238918199755e-17
2.132666897128556229e+03 2.749036082090149991e-16 5.893959019351745523e-17
2.134214983675134590e+03 2.874631768265189861e-16 6.027401145619900483e-17
2.135763070221712951e+03 1.828762470441786028e-16 5.393489290574206709e-17
2.137311156768291767e+03 1.827364913902335381e-16 5.247400908644872442e-17
2.138859243314870582e+03 2.618785208931759247e-16 5.776740992931947828e-17
2.140407329861448943e+03 1.720037246113629707e-16 5.336704483856957586e-17
2.141955416408027304e+03 1.595491941442089024e-16 5.113640749323660578e-17
2.143503502954606120e+03 1.964247897444564183e-16 5.409161040797009844e-17
2.145051589501184935e+03 1.298374484444425641e-16 4.975730485391114335e-17
2.146599676047763296e+03 1.464046293693978325e-16 4.870587957675826668e-17
2.148147762594341657e+03 2.552907229175487324e-16 5.679521512512506614e-17
2.149695849140920473e+03 2.103424527473683988e-16 5.378206183399850506e-17
2.151243935687499288e+03 1.520529117942892436e-16 5.023898967355032694e-17
2.152792022234077649e+03 1.799885691954951972e-16 5.225684260224824241e-17
2.154340108780656010e+03 1.703655270335507741e-16 5.063584230922072456e-17
2.155888195327234826e+03 1.978223349855698127e-16 5.084707353466362771e-17
2.157436281873813641e+03 2.912100569600931858e-16 5.610884874757399271e-17
2.158984368420392002e+03 2.468702686743991770e-16 5.544694698461251362e-17
2.160532454966970363e+03 1.340128729167098152e-16 4.693470112691187910e-17
2.162080541513549178e+03 2.180112763195841963e-16 5.273489211802512750e-17
2.163628628060127994e+03 2.447758236082314088e-16 5.383712745443057732e-17
2.165176714606706355e+03 2.538017315065123092e-16 5.367366191335443454e-17
2.166724801153284716e+03 2.902410293278733222e-16 5.485597763586567022e-17
2.168272887699863531e+03 2.780214031270909974e-16 5.520930726383916956e-17
2.169820974246442347e+03 2.401423482418819354e-16 5.151285484358294793e-17
2.171369060793020708e+03 2.689643465555523960e-16 5.446613270745175090e-17
2.172917147339599069e+03 2.234523561770839417e-16 5.172257074382100134e-17
2.174465233886177884e+03 2.413752133896150718e-16 5.289850234434056610e-17
2.176013320432756700e+03 1.663738248363742306e-16 4.760915256272343700e-17
2.177561406979335061e+03 2.340285016587195854e-16 5.268193395611464058e-17
2.179109493525913422e+03 2.129387072091828537e-16 4.954327866179268092e-17
2.180657580072492237e+03 2.368688654142138994e-16 5.142506470678102947e-17
2.182205666619071053e+03 1.830884929740795278e-16 4.910914049999218801e-17
2.183753753165649414e+03 1.166746075075105123e-16 4.335748739401521827e-17
2.185301839712227775e+03 1.650860963521812263e-16 4.623083980047058657e-17
2.186849926258806590e+03 2.516798440614130067e-16 5.138607038761049780e-17
2.188398012805385406e+03 2.117950973604630589e-16 4.908815603235622741e-17
2.189946099351963767e+03 1.951293196042162581e-16 4.927686478666067272e-17
2.191494185898542128e+03 1.985677473454843122e-16 4.784152560179753696e-17
2.193042272445120943e+03 1.931546924026651016e-16 4.887024039560338967e-17
2.194590358991699759e+03 9.582429503688764159e-17 4.168285544297245134e-17
2.196138445538278120e+03 1.529599518668722511e-16 4.391053070463473624e-17
2.197686532084856481e+03 2.856155573125389952e-16 5.273813915511965709e-17
2.199234618631435296e+03 2.660342581064578524e-16 5.146379349161970072e-17
2.200782705178014112e+03 2.130128432292621090e-16 4.849668848557838892e-17
2.202330791724592473e+03 1.887435008827692219e-16 4.668318723478673293e-17
2.203878878271170834e+03 1.836534689349390745e-16 4.695384280937059081e-17
2.205426964817749649e+03 1.821940993142545645e-16 4.590563720301737434e-17
2.206975051364328465e+03 2.761766744279450311e-16 5.147118191896078178e-17
2.208523137910906826e+03 2.182944648045477081e-16 4.791766133651692047e-17
2.210071224457485187e+03 1.938112084606276930e-16 4.668287763462460552e-17
2.211619311004064002e+03 2.097464255450297030e-16 4.697492010399855664e-17
2.213167397550642818e+03 2.074794788748573948e-16 4.803056875190479427e-17
2.214715484097221179e+03 1.177948734057282299e-16 3.995712016988452477e-17
2.216263570643799540e+03 2.800115078083404971e-16 5.065658499485547303e-17
2.217811657190378355e+03 2.561326395371147132e-16 4.895676906220361704e-17
2.219359743736957171e+03 2.909765957994855982e-16 5.040111945933547253e-17
2.220907830283535532e+03 2.897440526754042682e-16 5.203712087880156679e-17
2.222455916830113893e+03 1.939515481703925784e-16 4.521162143786984679e-17
2.224004003376692708e+03 1.880768517263550788e-16 4.442029284035181798e-17
2.225552089923271524e+03 2.323340927840211582e-16 4.834953790627991619e-17
2.227100176469849885e+03 1.653651754462801293e-16 4.355183637515975529e-17
2.228648263016428245e+03 1.425135475248148027e-16 4.199993628019827708e-17
2.230196349563007061e+03 1.457721474988084335e-16 4.299646588205863751e-17
2.231744436109585877e+03 9.021622951980916572e-17 3.730508300865053562e-17
2.233292522656164238e+03 2.005438724945515779e-16 4.497615239414591250e-17
2.234840609202742598e+03 1.979544461462277689e-16 4.437325280017911457e-17
2.236388695749321414e+03 2.349722942006392881e-16 4.678209205055603172e-17
2.237936782295900230e+03 2.539131849823195924e-16 4.756344026487500612e-17
2.239484868842478591e+03 2.649000463779214051e-16 4.799976569263963589e-17
2.241032955389056951e+03 2.280224218315425533e-16 4.600400561981423959e-17
2.242581041935635767e+03 2.345135265913789105e-16 4.556666428373145860e-17
2.244129128482214583e+03 2.610881258780637293e-16 4.722212550123385542e-17
2.245677215028792943e+03 2.286207290352910260e-16 4.576713102417444751e-17
2.247225301575371304e+03 2.277406004226896880e-16 4.595636521107437848e-17
2.248773388121950120e+03 2.148088068508722964e-16 4.440491022868876253e-17
2.250321474668528936e+03 2.174898930669953086e-16 4.618834031104126818e-17
2.251869561215107296e+03 1.687188526631078073e-16 4.129605216522803103e-17
2.253417647761685657e+03 2.496368011349747949e-16 4.650636162628806169e-17
2.254965734308264473e+03 2.259362236163968592e-16 4.574158611947924954e-17
2.256513820854843289e+03 1.683000237426700909e-16 4.190234682462595270e-17
2.258061907401421649e+03 1.825757044019385004e-16 4.183163019350838981e-17
2.259609993948000010e+03 2.421869453820373046e-16 4.583074174095152806e-17
2.261158080494578826e+03 2.193135359816232213e-16 4.487571206793223866e-17
2.262706167041157642e+03 2.239588368902935546e-16 4.352743811889741599e-17
2.264254253587736002e+03 2.720416882346572575e-16 4.831427258606986222e-17
2.265802340134314363e+03 2.026317347861019278e-16 4.201590270539983798e-17
2.267350426680893179e+03 2.803920446476372148e-16 4.814485357635062439e-17
2.268898513227471994e+03 1.791409889538586504e-16 4.214239853046797752e-17
2.270446599774050355e+03 1.840219457052625051e-16 4.122409654248314440e-17
2.271994686320628716e+03 1.948979118406582993e-16 4.320325776980450298e-17
2.273542772867207532e+03 1.621458879690564062e-16 4.035078757570968527e-17
2.275090859413786347e+03 2.084222016896030840e-16 4.355079593669774554e-17
2.276638945960364708e+03 1.810766271983533868e-16 4.227045987998226241e-17
2.278187032506943069e+03 2.038809113205344500e-16 4.215832529965858028e-17
2.279735119053521885e+03 2.402971866973081872e-16 4.421174094892140765e-17
2.281283205600100700e+03 2.333834137682704470e-16 4.404018657630611371e-17
2.282831292146679061e+03 2.417058768433794374e-16 4.436815277729777254e-17
2.284379378693257422e+03 1.829960025550107671e-16 4.211154843336474203e-17
2.285927465239836238e+03 1.647167478311858086e-16 4.008277598513608252e-17
2.287475551786415053e+03 1.879793492711698501e-16 4.182894666729370496e-17
2.289023638332993414e+03 2.045787823623493784e-16 4.185212467283891945e-17
2.290571724879571775e+03 2.315486416264769978e-16 4.375332760383694833e-17
2.292119811426150591e+03 2.167646933774725307e-16 4.265779179711252988e-17
2.293667897972729406e+03 2.306549003181446608e-16 4.369817528274599290e-17
2.295215984519307767e+03 1.991988303549802841e-16 4.237877020811349743e-17
2.296764071065886128e+03 2.082388172968946190e-16 4.058699048702275184e-17
2.298312157612464944e+03 2.668629130517513853e-16 4.642904678990806019e-17
2.299860244159043759e+03 8.635920257599394917e-17 3.539973283738264967e-17
2.301408330705622120e+03 1.105282674645543567e-16 3.607673022336893819e-17
2.302956417252200481e+03 1.369471449827693629e-16 3.804484394393623446e-17
2.304504503798779297e+03 1.747252806077573180e-16 4.017735640640911748e-17
2.306052590345358112e+03 1.731593115452923682e-16 3.918330041120565383e-17
2.307600676891936473e+03 2.093949523390989819e-16 4.226264576310353043e-17
2.309148763438514834e+03 2.095863443353590860e-16 4.043521678050574375e-17
2.310696849985093650e+03 2.817247886743224987e-16 4.612081780070911662e-17
2.312244936531672465e+03 2.007103668961401356e-16 4.107784998608159605e-17
2.313793023078250826e+03 1.654461935246254483e-16 3.933360993902192691e-17
2.315341109624829187e+03 2.175494359088271819e-16 4.128672835021080780e-17
2.316889196171408003e+03 2.751301848655586879e-16 4.463419685448500032e-17
2.318437282717986818e+03 2.414619616175034990e-16 4.330129078810423773e-17
2.319985369264565179e+03 2.178871636381376199e-16 4.112160405942138796e-17
2.321533455811143540e+03 2.654435254292992253e-16 4.441438462348157984e-17
2.323081542357722356e+03 1.920120217131946137e-16 3.993154892233186726e-17
2.324629628904301171e+03 2.375595989520031505e-16 4.221171212804693034e-17
2.326177715450879532e+03 3.049300693815635635e-16 4.475507985293988189e-17
2.327725801997457893e+03 3.468504298189769101e-16 4.800154523155466459e-17
2.329273888544036708e+03 2.784430086555414452e-16 4.441457850752746470e-17
2.330821975090615524e+03 2.213611527371802030e-16 4.220563808850992215e-17
2.332370061637193885e+03 2.357609613470441239e-16 4.094032376904059666e-17
2.333918148183772246e+03 2.666285581718965177e-16 4.409270962612477668e-17
2.335466234730351061e+03 2.478778568351211959e-16 4.225506192442260115e-17
2.337014321276929877e+03 2.845476129219828446e-16 4.386169367320559513e-17
2.338562407823508238e+03 3.595159127404998455e-16 4.668107094958656879e-17
2.340110494370086599e+03 3.984957067435447124e-16 5.013499837642091028e-17
2.341658580916665414e+03 2.508196996714317968e-16 4.200473865864202660e-17
2.343206667463244230e+03 3.691752685207739119e-16 4.778112384935874228e-17
2.344754754009822591e+03 3.236107708504948110e-16 4.644702831020502295e-17
2.346302840556400952e+03 2.703248775969736673e-16 4.321006387247277378e-17
2.347850927102979767e+03 3.395578362289870476e-16 4.561553816878601857e-17
2.349399013649558583e+03 3.886808908289520732e-16 4.907971500970900081e-17
2.350947100196136944e+03 3.666251533992707045e-16 4.732257692752825312e-17
2.352495186742715305e+03 4.523987349131931997e-16 5.074422961532528771e-17
2.354043273289294120e+03 4.404818339420184333e-16 4.995925179647692244e-17
2.355591359835872936e+03 4.567402681402410427e-16 5.175753509196019860e-17
2.357139446382451297e+03 3.978191887090388626e-16 4.825617423865071637e-17
2.358687532929029658e+03 3.482085127895945003e-16 4.743093795211366783e-17
2.360235619475608473e+03 3.113658574853762202e-16 4.429826165661648496e-17
2.361783706022187289e+03 3.821939749540233408e-16 4.785430701060579816e-17
2.363331792568765650e+03 3.865733309160264962e-16 4.843052588879553325e-17
2.364879879115344011e+03 3.936335020040166817e-16 4.761016097322540308e-17
2.366427965661922826e+03 4.201200335408411779e-16 4.930397295333491294e-17
2.367976052208501642e+03 4.281429546759461970e-16 4.933872933804111329e-17
2.369524138755080003e+03 4.464193355177858017e-16 4.981643220611084015e-17
2.371072225301658364e+03 4.732795618888339096e-16 5.139829063504725949e-17
2.372620311848237179e+03 4.430968443036779199e-16 5.058233057275697777e-17
2.374168398394815995e+03 4.229054927708955015e-16 4.869833216276887736e-17
2.375716484941394356e+03 4.970948354052123813e-16 5.221965976729010112e-17
2.377264571487972717e+03 4.404054338193058434e-16 4.917955458462816100e-17
2.378812658034551532e+03 4.286577830224949728e-16 5.008654531022738141e-17
2.380360744581130348e+03 3.799041438954972724e-16 4.707043759329475947e-17
2.381908831127708709e+03 4.217485233952331478e-16 4.811468159568985163e-17
2.383456917674287070e+03 4.872801456927050474e-16 5.182172850015197414e-17
2.385005004220865885e+03 5.163268239246766128e-16 5.159431811083919755e-17
2.386553090767444701e+03 5.661392596664477188e-16 5.458247726602547175e-17
2.388101177314023062e+03 5.881798186027793834e-16 5.483484688145588167e-17
2.389649263860601422e+03 5.511914864493865833e-16 5.399241328834886074e-17
2.391197350407180238e+03 5.404200354689495148e-16 5.310905375906110851e-17
2.392745436953759054e+03 5.289942187901216361e-16 5.320120639856116889e-17
2.394293523500337415e+03 4.862128034197090215e-16 5.099899433773366754e-17
2.395841610046915775e+03 4.986844700020851896e-16 5.138690476068599535e-17
2.397389696593494591e+03 5.167009047722634784e-16 5.161236547656027894e-17
2.398937783140073407e+03 5.721237041537833252e-16 5.494385452570514114e-17
2.400485869686651768e+03 4.387654597297167861e-16 4.796914121310040281e-17
2.402033956233230128e+03 5.834524725750967904e-16 5.497659579548939373e-17
2.403582042779808944e+03 5.386814488334192248e-16 5.288346016886993953e-17
2.405130129326387760e+03 5.456758348111112840e-16 5.268866849659873364e-17
2.406678215872966121e+03 5.915370649071228497e-16 5.469569676162800286e-17
2.408226302419544481e+03 5.224590737143689107e-16 5.227850971620910058e-17
2.409774388966123297e+03 5.077028888756682232e-16 5.227419296799691520e-17
2.411322475512702113e+03 4.777154642626869427e-16 4.908595672129372580e-17
2.412870562059280473e+03 5.500478246264068460e-16 5.428388040475577465e-17
2.414418648605858834e+03 4.317859518837674992e-16 4.789265118856861303e-17
2.415966735152437650e+03 5.017907663584698289e-16 5.140502156586076578e-17
2.417514821699016466e+03 5.234818301271262604e-16 5.203348512651626641e-17
2.419062908245594826e+03 5.273716745315434540e-16 5.205705913145151042e-17
2.420610994792173187e+03 6.071136727716341434e-16 5.469033988709437060e-17
2.422159081338752003e+03 5.898484421289320520e-16 5.459234599228924308e-17
2.423707167885330819e+03 5.759514636693687063e-16 5.309700865320184141e-17
2.425255254431909179e+03 6.534455015099599600e-16 5.767857609975854888e-17
2.426803340978487540e+03 4.932647764324046392e-16 5.017966717885850424e-17
2.428351427525066356e+03 5.344124685430143268e-16 5.252855574457130954e-17
2.429899514071645171e+03 4.919354815202796098e-16 5.076403970840393060e-17
2.431447600618223532e+03 4.873486315098879285e-16 5.064261088824342033e-17
2.432995687164801893e+03 5.298621731640565021e-16 5.125029935428756565e-17
2.434543773711380709e+03 6.586221322211079417e-16 5.777533255316367967e-17
2.436091860257959524e+03 4.839767426743757528e-16 5.130111324684097776e-17
2.437639946804537885e+03 4.515507941132467476e-16 4.881796012526660165e-17
2.439188033351116246e+03 4.634759932770099675e-16 4.910782331435409376e-17
2.440736119897695062e+03 5.328590177923283082e-16 5.199313811379554086e-17
2.442284206444273877e+03 5.485070858448211645e-16 5.274217355075408371e-17
2.443832292990852238e+03 4.686642497237957674e-16 5.058331259121713470e-17
2.445380379537430599e+03 4.232193730943563201e-16 4.714019286380640651e-17
2.446928466084009415e+03 5.142901277382357938e-16 5.130005084942804930e-17
2.448476552630588230e+03 5.612826318658060635e-16 5.349212696674730931e-17
2.450024639177166591e+03 5.190064646507116907e-16 5.209918397131200332e-17
2.451572725723744952e+03 5.088098165292702817e-16 5.010885842601051029e-17
2.453120812270323768e+03 5.770284063689387495e-16 5.405155444182395923e-17
2.454668898816902583e+03 4.188031997816551709e-16 4.724423979853305900e-17
2.456216985363480944e+03 4.470807194572632317e-16 4.824217653904721931e-17
2.457765071910059305e+03 5.176173671760192620e-16 5.122334612857772071e-17
2.459313158456638121e+03 5.082051250740616330e-16 5.204761601362955834e-17
2.460861245003216936e+03 3.789929705961897929e-16 4.560887717214254401e-17
2.462409331549795297e+03 4.227930067494178444e-16 4.778724575992543697e-17
2.463957418096373658e+03 3.945975843738483455e-16 4.603840475172919883e-17
2.465505504642952474e+03 4.017052839853266594e-16 4.650809342843627272e-17
2.467053591189531289e+03 4.762642620343175537e-16 5.008189824093474147e-17
2.468601677736109650e+03 4.681014736460647010e-16 4.924017887701136211e-17
2.470149764282688011e+03 4.770645609789102895e-16 5.040840435762323677e-17
2.471697850829266827e+03 4.386110492834333157e-16 4.839050661991397798e-17
2.473245937375845642e+03 3.607896708573271802e-16 4.565527671582959262e-17
2.474794023922424003e+03 3.473945819395957510e-16 4.393976780296860411e-17
2.476342110469002364e+03 4.516303722612020776e-16 4.854315945459154815e-17
2.477890197015581180e+03 3.688894713564104448e-16 4.552187716057022917e-17
2.479438283562159995e+03 3.794530841686154191e-16 4.565363990430763850e-17
2.480986370108738356e+03 4.563806523880492123e-16 4.736915796384913738e-17
2.482534456655316717e+03 4.774535948818526389e-16 5.025968482384433728e-17
2.484082543201895533e+03 4.034028219361172869e-16 4.764835815646545023e-17
2.485630629748474348e+03 3.086868866109118133e-16 4.203638177725306430e-17
2.487178716295052709e+03 3.953731631138189574e-16 4.680126529317666495e-17
2.488726802841631070e+03 3.910190335951083623e-16 4.614205728057646756e-17
2.490274889388209886e+03 4.508017295704566906e-16 4.854445410827662595e-17
2.491822975934788701e+03 4.318745313625420792e-16 4.822096204766583498e-17
2.493371062481367062e+03 3.545856878407339200e-16 4.495358331498165925e-17
2.494919149027945423e+03 3.389075058658264886e-16 4.388925477740558530e-17
2.496467235574524238e+03 3.590750732192826426e-16 4.483775514704475353e-17
2.498015322121103054e+03 3.761408133971863341e-16 4.574788318649269035e-17
2.499563408667681415e+03 3.498652407311148301e-16 4.459058827448436490e-17
2.501111495214259776e+03 3.014105145269263342e-16 4.252337067633717766e-17
2.502659581760838591e+03 3.321173524891714980e-16 4.382514473029349852e-17
2.504207668307417407e+03 3.212953455222549736e-16 4.294389520442355000e-17
2.505755754853995768e+03 3.171205254711856010e-16 4.391916178832685126e-17
2.507303841400574129e+03 2.433022467064511596e-16 3.996822085121924961e-17
2.508851927947152944e+03 2.341215728558371672e-16 3.981789200780827375e-17
2.510400014493731760e+03 2.365169591882118393e-16 3.879283056856717695e-17
2.511948101040310121e+03 2.961185533400110723e-16 4.169173125184993000e-17
2.513496187586888482e+03 3.039491421990609492e-16 4.314068035903796551e-17
2.515044274133467297e+03 2.556318894699132094e-16 3.990675888826614289e-17
2.516592360680046113e+03 2.588214638846714404e-16 4.054380709355251502e-17
2.518140447226624474e+03 2.910087549898421308e-16 4.187394266028350310e-17
2.519688533773202835e+03 3.269117929625217151e-16 4.349050652486004442e-17
2.521236620319781650e+03 2.526288209407344188e-16 3.999146241808296335e-17
2.522784706866360466e+03 3.331120345616274131e-16 4.323323516888979374e-17
2.524332793412938827e+03 3.689613913820754118e-16 4.623479241484116000e-17
2.525880879959517188e+03 2.545989749067717010e-16 4.115492345903943574e-17
2.527428966506096003e+03 1.854432830932276285e-16 3.596262649851881211e-17
2.528977053052674819e+03 2.521875051858592455e-16 4.047061364645887080e-17
2.530525139599253180e+03 2.556115046346690005e-16 3.953276285193765903e-17
2.532073226145831541e+03 3.222150523960297017e-16 4.297864149579556938e-17
2.533621312692410356e+03 3.371330453400980143e-16 4.474134406474443166e-17
2.535169399238989172e+03 3.039899810478400346e-16 4.222903179756671976e-17
2.536717485785567533e+03 3.195978233827786458e-16 4.313175317670886119e-17
2.538265572332145894e+03 3.400606610783212139e-16 4.430601690302202942e-17
2.539813658878724709e+03 3.563720295062360736e-16 4.409798208656780248e-17
2.541361745425303525e+03 4.123123963063430598e-16 4.817574955376916435e-17
2.542909831971881886e+03 3.595143535822427168e-16 4.340677057908194274e-17
2.544457918518460247e+03 4.690059215625668534e-16 4.859996737554191720e-17
2.546006005065039062e+03 5.437429781410076566e-16 5.196067557978394060e-17
2.547554091611617878e+03 5.358048701465567091e-16 5.119361241924795388e-17
2.549102178158196239e+03 5.842523160349453300e-16 5.467500915656005247e-17
2.550650264704774600e+03 4.660757513361966107e-16 4.794238769638711718e-17
2.552198351251353415e+03 5.537972705521317786e-16 5.299093451034216352e-17
2.553746437797932231e+03 6.035054327104312626e-16 5.391412968085149223e-17
2.555294524344510592e+03 6.321480083769481617e-16 5.454890163333240688e-17
2.556842610891088952e+03 6.378213774244701448e-16 5.613573072813071048e-17
2.558390697437667768e+03 6.370472064391734579e-16 5.462205929325448548e-17
2.559938783984246584e+03 6.583061065450163801e-16 5.675603870776385228e-17
2.561486870530824945e+03 5.456502532955085922e-16 5.255292326134172290e-17
2.563034957077403305e+03 5.955561530280576333e-16 5.304162841829365675e-17
2.564583043623982121e+03 6.315160707976313348e-16 5.627311518162665099e-17
2.566131130170560937e+03 5.499296625807821234e-16 5.176418242692923877e-17
2.567679216717139298e+03 6.391492396698976844e-16 5.485909581506142457e-17
2.569227303263717658e+03 6.154598846934285038e-16 5.572468154616258359e-17
2.570775389810296474e+03 5.497331394206821340e-16 5.216280183994657811e-17
2.572323476356875290e+03 6.356074413420980861e-16 5.522107308080479948e-17
2.573871562903453651e+03 7.014053941720624095e-16 5.904873546710535957e-17
2.575419649450032011e+03 5.174401703017090747e-16 5.155578169405475998e-17
2.576967735996610827e+03 5.037033354857929418e-16 4.985453902477599502e-17
2.578515822543189643e+03 6.097303495950954326e-16 5.464488459910689759e-17
2.580063909089768003e+03 6.260178774650838839e-16 5.514710367071304869e-17
2.581611995636346364e+03 5.524549846768244179e-16 5.347787792525211304e-17
2.583160082182925180e+03 4.933967554645328561e-16 4.984697473689731873e-17
2.584708168729503996e+03 5.973345840264327847e-16 5.462592831957753990e-17
2.586256255276082356e+03 6.565870166304171577e-16 5.600750511375879866e-17
2.587804341822660717e+03 6.290653784078262852e-16 5.484793334917140092e-17
2.589352428369239533e+03 7.037308492962777397e-16 5.880288806759429525e-17
2.590900514915818349e+03 5.904351025990511304e-16 5.469938108784333681e-17
2.592448601462396709e+03 5.959856507103291527e-16 5.463172450213513203e-17
2.593996688008975070e+03 6.466535806813355276e-16 5.707744646805801500e-17
2.595544774555553886e+03 6.294686737497756608e-16 5.450812982316806552e-17
2.597092861102132701e+03 7.967962981458249677e-16 6.132985665514419827e-17
2.598640947648711062e+03 7.289984038000222661e-16 5.877536084123248123e-17
2.600189034195289423e+03 6.720364126196500098e-16 5.807764722349401342e-17
2.601737120741868239e+03 6.055830995550623387e-16 5.481926083848923584e-17
2.603285207288447054e+03 6.692907902391027847e-16 5.784033673455806518e-17
2.604833293835025415e+03 6.281563593884059023e-16 5.517622561671492591e-17
2.606381380381603776e+03 6.914236702536322229e-16 5.786736452988492336e-17
2.607929466928182592e+03 7.200216293542059377e-16 5.970629057615580619e-17
2.609477553474761407e+03 6.217070353551514316e-16 5.475036505068718321e-17
2.611025640021339768e+03 6.733775036319997840e-16 5.820269820845784410e-17
2.612573726567918129e+03 6.339175583957101429e-16 5.570611181204064822e-17
2.614121813114496945e+03 7.293257949022803763e-16 5.994231183774353826e-17
2.615669899661075760e+03 6.673024078851731469e-16 5.835338078460742580e-17
2.617217986207654121e+03 6.299038464489845799e-16 5.646932924150987566e-17
2.618766072754232482e+03 6.793796535834098041e-16 5.817357788254683093e-17
2.620314159300811298e+03 6.032306252080836868e-16 5.519810281604243391e-17
2.621862245847390113e+03 6.015710867401010704e-16 5.544159391861224892e-17
2.623410332393968474e+03 6.332596900133267361e-16 5.739108590647541548e-17
2.624958418940546835e+03 5.567599672952838944e-16 5.317086570112673014e-17
2.626506505487125651e+03 6.419719272059015168e-16 5.757262950798639239e-17
2.628054592033704466e+03 6.515639220675534181e-16 5.717794776597889923e-17
2.629602678580282827e+03 7.003682462440659905e-16 5.972179346565738881e-17
2.631150765126861188e+03 5.716039673515025896e-16 5.473635390363907380e-17
2.632698851673440004e+03 5.730132478747468186e-16 5.510498287605189246e-17
2.634246938220018819e+03 5.727936042502595222e-16 5.530277245217165304e-17
2.635795024766597180e+03 5.189309609123253855e-16 5.289785088506448255e-17
2.637343111313175541e+03 5.512216746444540847e-16 5.387525918417801352e-17
2.638891197859754357e+03 6.096675567184835383e-16 5.601593468184682643e-17
2.640439284406333172e+03 6.594796479534241175e-16 5.856332580751762775e-17
2.641987370952911533e+03 5.757354660630613547e-16 5.444735759622883736e-17
2.643535457499489894e+03 6.514303627354172460e-16 5.899803596542616253e-17
2.645083544046068710e+03 5.401121452241010089e-16 5.370476452894017335e-17
2.646631630592647525e+03 5.792866404672930039e-16 5.658839366762967535e-17
2.648179717139225886e+03 5.371589914067926327e-16 5.344237933588284890e-17
2.649727803685804247e+03 5.817356894421019378e-16 5.592986427759860785e-17
2.651275890232383063e+03 4.943716113856789387e-16 5.261210056230513526e-17
2.652823976778961878e+03 4.888544607988001891e-16 5.177219605328435078e-17
2.654372063325540239e+03 5.315260905358902670e-16 5.434240906568321064e-17
2.655920149872118600e+03 4.258252794079447257e-16 4.982859387746721536e-17
2.657468236418697416e+03 4.605244102735122079e-16 5.182641239559887020e-17
2.659016322965276231e+03 4.666530449918801994e-16 5.203620260806435139e-17
2.660564409511854592e+03 4.208701694252051221e-16 5.053902346373520347e-17
2.662112496058432953e+03 4.054591191283657898e-16 4.919226782539903693e-17
2.663660582605011768e+03 3.981053008674347375e-16 4.953447025022037150e-17
2.665208669151590584e+03 3.576183524607949264e-16 4.712624877860132783e-17
2.666756755698168945e+03 3.565987913216969911e-16 4.810112587270079790e-17
2.668304842244747306e+03 2.643095244495652394e-16 4.379884789593386343e-17
2.669852928791326121e+03 3.304236960774127923e-16 4.594697797706582799e-17
2.671401015337904937e+03 3.277482423039206563e-16 4.684759941310298047e-17
2.672949101884483298e+03 3.813788441190253921e-16 4.815694870731572592e-17
2.674497188431061659e+03 4.632476541960613123e-16 5.276801118875352903e-17
2.676045274977640474e+03 2.746797372509797419e-16 4.434258573846926532e-17
2.677593361524219290e+03 2.806809185017641489e-16 4.359617568485699104e-17
2.679141448070797651e+03 3.406080160978551474e-16 4.806043108049934413e-17
2.680689534617376012e+03 2.306431187341306008e-16 4.233960658664919975e-17
2.682237621163954827e+03 3.342114654913239636e-16 4.669208330857431261e-17
2.683785707710533643e+03 3.615228223406797189e-16 4.926505443106982998e-17
2.685333794257112004e+03 3.116392714073346142e-16 4.596703239952773769e-17
2.686881880803690365e+03 3.255767039791364917e-16 4.748183407078591716e-17
2.688429967350269180e+03 2.946981174635037742e-16 4.546921006557271580e-17
2.689978053896847996e+03 3.194110485500706544e-16 4.748137988166586106e-17
2.691526140443426357e+03 3.466686991114731341e-16 4.760598850641560950e-17
2.693074226990004718e+03 3.485274616702148928e-16 4.777274777986588659e-17
2.694622313536583533e+03 3.842752261404371067e-16 5.023976493794313208e-17
2.696170400083162349e+03 4.618808085427096153e-16 5.315307543823321103e-17
2.697718486629740710e+03 4.575493719641766080e-16 5.271600449718545278e-17
2.699266573176319071e+03 5.818877854300658431e-16 5.999705371386990101e-17
2.700814659722897886e+03 4.488429411821776593e-16 5.289010614000432368e-17
2.702362746269476702e+03 5.023164037079474051e-16 5.512943205991743868e-17
2.703910832816055063e+03 5.777259838003746415e-16 5.856859263647791890e-17
2.705458919362633424e+03 4.535071900655133800e-16 5.292938253325015876e-17
2.707007005909212239e+03 6.379541264106403701e-16 6.087347846021907669e-17
2.708555092455791055e+03 6.885553883040160402e-16 6.341460590126504295e-17
2.710103179002369416e+03 6.080394298491671521e-16 5.957530135029960316e-17
2.711651265548947777e+03 6.877549891184068902e-16 6.320069157533065765e-17
2.713199352095526592e+03 7.117416959985659642e-16 6.351519405528749130e-17
2.714747438642105408e+03 7.582200200240956764e-16 6.522951972029129823e-17
2.716295525188683769e+03 8.420995679078768784e-16 7.005122343442224780e-17
2.717843611735262130e+03 7.741600383752936675e-16 6.602079388284903632e-17
2.719391698281840945e+03 8.110104489425326037e-16 6.726596619333406819e-17
2.720939784828419761e+03 9.309348152993930696e-16 7.361539270880437439e-17
2.722487871374998122e+03 7.777654988046389089e-16 6.705079835434734701e-17
2.724035957921576482e+03 9.421047889864225898e-16 7.397069568777079121e-17
2.725584044468155298e+03 8.131402768140895695e-16 6.831097156374310158e-17
2.727132131014734114e+03 8.234096923404055098e-16 6.952037693746807064e-17
2.728680217561312475e+03 7.897536206164308042e-16 6.735897203261064869e-17
2.730228304107890835e+03 8.906191343739034068e-16 7.098885807752364327e-17
2.731776390654469651e+03 1.009077958071427562e-15 7.609870027458913841e-17
2.733324477201048467e+03 9.813355662921343397e-16 7.424976724819286615e-17
2.734872563747626828e+03 1.028688036567780897e-15 7.689054685033371549e-17
2.736420650294205188e+03 1.000471513162357581e-15 7.552673241074147398e-17
2.737968736840784004e+03 9.826627709500543477e-16 7.540133226693812973e-17
2.739516823387362820e+03 9.029255201646175996e-16 7.272259417490344952e-17
2.741064909933941180e+03 9.822879291621315162e-16 7.503310775760235951e-17
2.742612996480519541e+03 1.032687848167742176e-15 7.765139657199395045e-17
2.744161083027098357e+03 1.011542888094664983e-15 7.617256513430144399e-17
2.745709169573677173e+03 1.177155689724918453e-15 8.363861535250222893e-17
2.747257256120255533e+03 9.103237302399297645e-16 7.364150368463731494e-17
2.748805342666833894e+03 1.029909706074417568e-15 7.789099516557076170e-17
2.750353429213412710e+03 9.681494711388243146e-16 7.595318278462166837e-17
2.751901515759991526e+03 1.002934370270589655e-15 7.774149223040644994e-17
2.753449602306569886e+03 1.155442900388777640e-15 8.130565586165668359e-17
2.754997688853148247e+03 1.238555631532833211e-15 8.556335206422161684e-17
2.756545775399727063e+03 1.087610425869808150e-15 8.133983720899961374e-17
2.758093861946305879e+03 1.073926370245230766e-15 8.009694294264608049e-17
2.759641948492884239e+03 9.581717768712623012e-16 7.710140071157083305e-17
2.761190035039462600e+03 1.211312692234115283e-15 8.426994987829179904e-17
2.762738121586041416e+03 1.007829150616249467e-15 7.959630893990763863e-17
2.764286208132620231e+03 1.120673180160276760e-15 8.329826478327144572e-17
2.765834294679198592e+03 1.063503158541697579e-15 7.965404596407346621e-17
2.767382381225776953e+03 1.164927525382246329e-15 8.647162334029537006e-17
2.768930467772355769e+03 1.034656952875263983e-15 7.909591444921323789e-17
2.770478554318934584e+03 1.180768351056490997e-15 8.595030312859422631e-17
2.772026640865512945e+03 9.810604813252456186e-16 7.956466605109095678e-17
2.773574727412091306e+03 1.140874503666280870e-15 8.431860096268974662e-17
2.775122813958670122e+03 9.243436842872421582e-16 7.685611877750017356e-17
2.776670900505248937e+03 1.108781387069419198e-15 8.389331762692826218e-17
2.778218987051827298e+03 1.129457673379456690e-15 8.306215582101994835e-17
2.779767073598405659e+03 1.205327033814420103e-15 8.798039311748637601e-17
2.781315160144984475e+03 1.184646020644243333e-15 8.643769619138355589e-17
2.782863246691563290e+03 1.185072291628746249e-15 8.702524612941034543e-17
2.784411333238141651e+03 1.294246505294486623e-15 9.025096104303304696e-17
2.785959419784720012e+03 1.380871580511243205e-15 9.475380721233791791e-17
2.787507506331298828e+03 1.095359817568952702e-15 8.407247256230031655e-17
2.789055592877877643e+03 1.200119118832862566e-15 8.896790576495966632e-17
2.790603679424456004e+03 1.297716213928289471e-15 9.163029089339591469e-17
2.792151765971034365e+03 1.258953916005566085e-15 9.062612218756751022e-17
2.793699852517613181e+03 1.136915665801715921e-15 8.809186510556800616e-17
2.795247939064191996e+03 1.274650732754183389e-15 9.293580405711233013e-17
2.796796025610770357e+03 1.081526354503138631e-15 8.525987467893844513e-17
2.798344112157348718e+03 1.194518636232741874e-15 9.044970531932492805e-17
2.799892198703927534e+03 1.392610973007260424e-15 9.806904048435652514e-17
2.801440285250506349e+03 1.349239980925063670e-15 9.558377194489616101e-17
2.802988371797084710e+03 1.375624288658778367e-15 9.722127638657645936e-17
2.804536458343663071e+03 1.211060612922848663e-15 9.204073339908452377e-17
2.806084544890241887e+03 1.306966438969185462e-15 9.488370377646027991e-17
2.807632631436820702e+03 1.263717294092288962e-15 9.336284598378289612e-17
2.809180717983399063e+03 1.424288623508397511e-15 9.843634820476262094e-17
2.810728804529977424e+03 1.297609187222264898e-15 9.512098085984272192e-17
2.812276891076556240e+03 1.433369613751753765e-15 9.900935323434197498e-17
2.813824977623135055e+03 1.411721387052281538e-15 9.906307339776414212e-17
2.815373064169713416e+03 1.408132256986431883e-15 9.950644976391589540e-17
2.816921150716291777e+03 1.290885416479152650e-15 9.474856020968161914e-17
2.818469237262870593e+03 1.417138501523630272e-15 1.001733314634569360e-16
2.820017323809449408e+03 1.575215273275623473e-15 1.057277780785267866e-16
2.821565410356027769e+03 1.324747989624726884e-15 9.827541183378898606e-17
2.823113496902606130e+03 1.462671983082141482e-15 1.025959961369028109e-16
2.824661583449184945e+03 1.347543351636943561e-15 9.868705845437491251e-17
2.826209669995763761e+03 1.159540960501073135e-15 9.352028061890850273e-17
2.827757756542342122e+03 1.269065525036979381e-15 9.626283276594827572e-17
2.829305843088920483e+03 1.324057381417084034e-15 9.904577543081568677e-17
2.830853929635499298e+03 1.342711235667559987e-15 9.865288152389249107e-17
2.832402016182078114e+03 1.361893916896697534e-15 9.965949876765935917e-17
2.833950102728656475e+03 1.248319768562043418e-15 9.612582740467886316e-17
2.835498189275234836e+03 1.268579276816026365e-15 9.451595374034485464e-17
2.837046275821813651e+03 1.213065009833263913e-15 9.619937878965415547e-17
2.838594362368392467e+03 1.252185697070976543e-15 9.505872363480736876e-17
2.840142448914970828e+03 1.346302119320653911e-15 9.847084607633553430e-17
2.841690535461549189e+03 1.020807798215125601e-15 8.776106999446775527e-17
2.843238622008128004e+03 1.230833542380276629e-15 9.505250463503178045e-17
2.844786708554706820e+03 1.297983190083039896e-15 9.845285767062180627e-17
2.846334795101285181e+03 1.132354167185075869e-15 9.227221617048872621e-17
2.847882881647863542e+03 1.339983297953136822e-15 9.692651870011830588e-17
2.849430968194442357e+03 1.279405811472815125e-15 9.720210849938814396e-17
2.850979054741021173e+03 1.258372562628098889e-15 9.512714006174731261e-17
2.852527141287599534e+03 1.223144367327760302e-15 9.453679404041571743e-17
2.854075227834177895e+03 1.168763584754386017e-15 9.361969686289784927e-17
2.855623314380756710e+03 1.302931862453806389e-15 9.692428189264335321e-17
2.857171400927335526e+03 1.395073549374489665e-15 1.013238821705716527e-16
2.858719487473913887e+03 1.385975475150132179e-15 9.828861874631013309e-17
2.860267574020492248e+03 1.268202632875734546e-15 9.534117506308690516e-17
2.861815660567071063e+03 1.444480645783288823e-15 1.009425865273883899e-16
2.863363747113649879e+03 1.281709625808940909e-15 9.595936000298556948e-17
2.864911833660228240e+03 1.296353306677919618e-15 9.578702736572631366e-17
2.866459920206806601e+03 1.271484581573030522e-15 9.523720625577540406e-17
2.868008006753385416e+03 1.345291311932130367e-15 9.943778188293919441e-17
2.869556093299964232e+03 1.373257225402246743e-15 9.907566095818117632e-17
2.871104179846542593e+03 1.439120433196952421e-15 1.014679753044166974e-16
2.872652266393120954e+03 1.488784433340893871e-15 1.016332060816427614e-16
2.874200352939699769e+03 1.379266183515606867e-15 9.802941763693636159e-17
2.875748439486278585e+03 1.315990871254320545e-15 9.672438405897874321e-17
2.877296526032856946e+03 1.358832666823147627e-15 9.701255048595931563e-17
2.878844612579435307e+03 1.394413186118964810e-15 1.005103828792434237e-16
2.880392699126014122e+03 1.500525222331358125e-15 1.014053550041091673e-16
2.881940785672592938e+03 1.567964622409668226e-15 1.053478519747129855e-16
2.883488872219171299e+03 1.569179177136702081e-15 1.035763621037073185e-16
2.885036958765749660e+03 1.594278467319743532e-15 1.048128486489995755e-16
2.886585045312328475e+03 1.637385057827578110e-15 1.063132159198127363e-16
2.888133131858907291e+03 1.607475641488612514e-15 1.044001767473335595e-16
2.889681218405485652e+03 1.644180361283978369e-15 1.063250421861416302e-16
2.891229304952064012e+03 1.625576945470890241e-15 1.053193888512291238e-16
2.892777391498642828e+03 1.647759802528526209e-15 1.058572419781635679e-16
2.894325478045221644e+03 1.552585680109741043e-15 1.039194085685983567e-16
2.895873564591800005e+03 1.584648214928760682e-15 1.043983140969105941e-16
2.897421651138378365e+03 1.506860958566669929e-15 1.025269612511384780e-16
2.898969737684957181e+03 1.732276208266419893e-15 1.093048833552145151e-16
2.900517824231535997e+03 1.808361873071041541e-15 1.123276532119279324e-16
2.902065910778114358e+03 1.804665803467529384e-15 1.087444760841699875e-16
2.903613997324692718e+03 1.815589633553395600e-15 1.105021401893281261e-16
2.905162083871271534e+03 1.788142351603095002e-15 1.104484299629378595e-16
2.906710170417850350e+03 1.756941931107812708e-15 1.078203722826377609e-16
2.908258256964428710e+03 1.988113568305418725e-15 1.157124636801571258e-16
2.909806343511007071e+03 1.985315771387730633e-15 1.157929025710785854e-16
2.911354430057585887e+03 1.997686652921477078e-15 1.147346308214848862e-16
2.912902516604164703e+03 2.004212437526381319e-15 1.158506528294845499e-16
2.914450603150743063e+03 2.294021467291751255e-15 1.242327949202274160e-16
2.915998689697321424e+03 2.088232626146197081e-15 1.156136525923220456e-16
2.917546776243900240e+03 2.167061311609762102e-15 1.202452745956927074e-16
2.919094862790479056e+03 2.219801261387303084e-15 1.221981098394858753e-16
2.920642949337057416e+03 2.054999534332955537e-15 1.156267318308308784e-16
2.922191035883635777e+03 2.275690094900441898e-15 1.233112596536865827e-16
2.923739122430214593e+03 2.219963597283795737e-15 1.201620743989015589e-16
2.925287208976793409e+03 2.106288203340739242e-15 1.188657917067547193e-16
2.926835295523371769e+03 2.104254119538997451e-15 1.179519818270271367e-16
2.928383382069950130e+03 2.006403416285142175e-15 1.159061228810098599e-16
2.929931468616528946e+03 2.023905475045363261e-15 1.170044139225202780e-16
2.931479555163107761e+03 2.298285330345113405e-15 1.235669424201674120e-16
2.933027641709686122e+03 2.302960009024085040e-15 1.225976714109745476e-16
2.934575728256264483e+03 2.147971300038578687e-15 1.190729133525346744e-16
2.936123814802843299e+03 2.139441363294804245e-15 1.190069484476388519e-16
2.937671901349422114e+03 2.062053835776834474e-15 1.164046418602903381e-16
2.939219987896000475e+03 2.249394789789256577e-15 1.225789649423344413e-16
2.940768074442578836e+03 2.469889659990875689e-15 1.282155287282921328e-16
2.942316160989157652e+03 2.334238306074520210e-15 1.232091556586023818e-16
2.943864247535736467e+03 2.480075467673350496e-15 1.292388708743874415e-16
2.945412334082314828e+03 2.090184845385799812e-15 1.169180092703093553e-16
2.946960420628893189e+03 2.065795776556553254e-15 1.176820751564691232e-16
2.948508507175472005e+03 2.311708825888433357e-15 1.239639710675567085e-16
2.950056593722050820e+03 2.170355813413313962e-15 1.190120268992109696e-16
2.951604680268629181e+03 1.998017306105220718e-15 1.155076872954166153e-16
2.953152766815207542e+03 2.087272733736001855e-15 1.186445481533484667e-16
2.954700853361786358e+03 2.196683789037354752e-15 1.229557290298852953e-16
2.956248939908365173e+03 2.250824662836575894e-15 1.221439144996667053e-16
2.957797026454943534e+03 1.894562120321470065e-15 1.142856407826079257e-16
2.959345113001521895e+03 2.039671195862750007e-15 1.176115039533948693e-16
2.960893199548100711e+03 1.950537539633280641e-15 1.146857279555254381e-16
2.962441286094679526e+03 2.030696356251176693e-15 1.196776771066867009e-16
2.963989372641257887e+03 2.152105203142680102e-15 1.183244610094119224e-16
2.965537459187836248e+03 2.067813727162125834e-15 1.195990224916383597e-16
2.967000000000000000e+03 2.201019299979655027e-15 1.152688239751057362e-16
2.967085545734415064e+03 2.209612880481537558e-15 1.217813046430221640e-16
2.968633632280993879e+03 2.084722270095817873e-15 1.183673590883326513e-16
2.969746811009071280e+03 2.166839882994119145e-15 9.441629091612332752e-17
2.970181718827572240e+03 2.204455785003989566e-15 1.226376007397859868e-16
2.971729805374150601e+03 2.124869522173742355e-15 1.179470360767904173e-16
2.972493622018142560e+03 2.098766791014974640e-15 8.415395240178986184e-17
2.973277891920729417e+03 2.060045344775009047e-15 1.192890904621547558e-16
2.974825978467308232e+03 2.352334495352540050e-15 1.278458535265607237e-16
2.975240433027213840e+03 2.294437994658277517e-15 9.895049631756203657e-17
2.976374065013886593e+03 2.111297086058317591e-15 1.171184995443858080e-16
2.977922151560464954e+03 2.226752156178909779e-15 1.238692443923431240e-16
2.977987244036285119e+03 2.217495925315303154e-15 1.188059858315640266e-16
2.979470238107043770e+03 2.059976539083055920e-15 1.165563715442965192e-16
2.980734055045356399e+03 1.971390954465282170e-15 9.762134319769940098e-17
2.981018324653622585e+03 1.963294845535892061e-15 1.165795672028872912e-16
2.982566411200200946e+03 2.058568262631046913e-15 1.201634294285724443e-16
2.983480866054427679e+03 2.017354549423275529e-15 8.584381248083570597e-17
2.984114497746779307e+03 1.986595361218256063e-15 1.186190171792373941e-16
2.985662584293358123e+03 1.978466062263269843e-15 1.191314414952784623e-16
2.986227677063498959e+03 2.003731199785964388e-15 8.760139455940923205e-17
2.987210670839936938e+03 1.984166161386600491e-15 1.194276289550225166e-16
2.988758757386515299e+03 2.018034269842571957e-15 1.183830730592052551e-16
2.988974488072570239e+03 2.041565703845803553e-15 1.034441300976734727e-16
2.990306843933093660e+03 2.191580291019039428e-15 1.223216895927103998e-16
2.991721299081641519e+03 2.038837910570141918e-15 1.075396350676134257e-16
2.991854930479672475e+03 2.026833214198581666e-15 1.170319066467277906e-16
2.993403017026251291e+03 2.126025339020116039e-15 1.256210380737118074e-16
2.994468110090712798e+03 2.038725472749204241e-15 9.026925881563611985e-17
2.994951103572829652e+03 1.985301189549481456e-15 1.176966982477843978e-16
2.996499190119408013e+03 1.779410789462089665e-15 1.133772799808780876e-16
2.997214921099784078e+03 1.832870379056814307e-15 8.158181681386693287e-17
2.998047276665986828e+03 1.864548686741265826e-15 1.161116853174907972e-16
2.999595363212565644e+03 1.969778061911780527e-15 1.193422349155430719e-16
2.999961732108855358e+03 1.957714457412393447e-15 9.550030269203781484e-17
3.001143449759144005e+03 1.950345992416942966e-15 1.183668252826283453e-16
3.002691536305722366e+03 1.920774394407807885e-15 1.177342417331466549e-16
3.002708543117926638e+03 1.921971768448627353e-15 1.164548692227111023e-16
3.004239622852301181e+03 2.007325173263415311e-15 1.214315736702102157e-16
3.005455354126997918e+03 1.939748521043001010e-15 9.753460005787176222e-17
3.005787709398879997e+03 1.910241931676536206e-15 1.194154059024911071e-16
3.007335795945458358e+03 1.840743100871542445e-15 1.158206854049133062e-16
3.008202165136069198e+03 1.757605930152263684e-15 8.077111273972263959e-17
3.008883882492036719e+03 1.691364088692747620e-15 1.111060983519282219e-16
3.010431969038615534e+03 1.746953631773607466e-15 1.149768401638872816e-16
3.010948976145140477e+03 1.811483005431912246e-15 8.683257043511091605e-17
3.011980055585194350e+03 1.990718243177213080e-15 1.206766419745932049e-16
3.013528142131772711e+03 2.152465392505629400e-15 1.272395357356973824e-16
3.013695787154211757e+03 2.133796530048716811e-15 1.143120884931545524e-16
3.015076228678351072e+03 1.987214407101073628e-15 1.198779759955155003e-16
3.016442598163283037e+03 1.913389975923736518e-15 1.064901699000098093e-16
3.016624315224929887e+03 1.901058849161788727e-15 1.194199094364827268e-16
3.018172401771508703e+03 1.562314244330397079e-15 1.083375586448265221e-16
3.019189409172354317e+03 1.749213454286210696e-15 8.768498451491715686e-17
3.019720488318087064e+03 1.849520163793409730e-15 1.203377707000174734e-16
3.021268574864665425e+03 1.924389687260589940e-15 1.186886695779034605e-16
3.021936220181425597e+03 1.835667409230204858e-15 8.404157668322414759e-17
3.022816661411244240e+03 1.754311980760364431e-15 1.144428172142240214e-16
3.024364747957823056e+03 1.894392427274080847e-15 1.237037122630969504e-16
3.024683031190496877e+03 1.921080373577481820e-15 1.017117286310143243e-16
3.025912834504401417e+03 1.955594815522285294e-15 1.219177843158991540e-16
3.027429842199568157e+03 1.854700079499402604e-15 1.175053429915819131e-16
3.027460921050979778e+03 1.851801168005553760e-15 1.198512062744037767e-16
3.029009007597558593e+03 1.673183370999281356e-15 1.127032658222507407e-16
3.030176653208639436e+03 1.655724965352938643e-15 9.151070631210348450e-17
3.030557094144137409e+03 1.664596180861899138e-15 1.153151647582015119e-16
3.032105180690715770e+03 1.786194209058021954e-15 1.185403453117483500e-16
3.032923464217710716e+03 1.782215389356836220e-15 8.512005749360801310e-17
3.033653267237294131e+03 1.823703650341314639e-15 1.203364072138716004e-16
3.035201353783872946e+03 1.838986653806244541e-15 1.216970598304392268e-16
3.035670275226781996e+03 1.847459247574976876e-15 9.289006697435275835e-17
3.036749440330451762e+03 1.862716688744830228e-15 1.217051918081709705e-16
3.038297526877030123e+03 2.011711861317653465e-15 1.264717640091128669e-16
3.038417086235853276e+03 2.000802473658946755e-15 1.172317623333031762e-16
3.039845613423608484e+03 1.892053386339570453e-15 1.205330321290903518e-16
3.041163897244924556e+03 1.804786750834598351e-15 1.048966785027477653e-16
3.041393699970187299e+03 1.798744454733603747e-15 1.210666749314611220e-16
3.042941786516766115e+03 1.743663552619826166e-15 1.179157950134042939e-16
3.043910708253995836e+03 1.709860068509436204e-15 8.777579007562015676e-17
3.044489873063344476e+03 1.706504781573028037e-15 1.202482710297733039e-16
3.046037959609922837e+03 1.893375397116577365e-15 1.252559068834358177e-16
3.046657519263067115e+03 1.884796359266227267e-15 9.052355730522564750e-17
3.047586046156501652e+03 1.845760673979694520e-15 1.231481200374688791e-16
3.049134132703080468e+03 1.741542186639195468e-15 1.205791628379840597e-16
3.049404330272138395e+03 1.749936514289437316e-15 1.021286172270380019e-16
3.050682219249658829e+03 1.852199226965882144e-15 1.218582724099144389e-16
3.052151141281209675e+03 1.840223466133531905e-15 1.187368658757247511e-16
3.052230305796237189e+03 1.845186993047807950e-15 1.248297550077437483e-16
3.053778392342816005e+03 2.004935054023944273e-15 1.274244565755954796e-16
3.054897952290280955e+03 1.939631622805880450e-15 9.888669751988235763e-17
3.055326478889394821e+03 1.938077499589377966e-15 1.269271368577476824e-16
3.056874565435973182e+03 1.974816839084255342e-15 1.308464852995431943e-16
3.057644763299352235e+03 1.944776766776964617e-15 9.191197501241220911e-17
3.058422651982551542e+03 1.904263411949295887e-15 1.265936341907321885e-16
3.059970738529130358e+03 2.071080518903301535e-15 1.344148834499389138e-16
3.060391574308423515e+03 2.053522623352365203e-15 1.045295011787243322e-16
3.061518825075709174e+03 2.055545734769754795e-15 1.286780521264512705e-16
3.063066911622287535e+03 2.087800593284625133e-15 1.333873671927002597e-16
3.063138385317494794e+03 2.081962576887087757e-15 1.275192002672373507e-16
3.064614998168865895e+03 1.970130902523945639e-15 1.323503794832082739e-16
3.065885196326566074e+03 1.866774012602286296e-15 1.110950819777292820e-16
3.066163084715444711e+03 1.838837169290167806e-15 1.316232501587912055e-16
3.067711171262023527e+03 1.721930572139992334e-15 1.270517031758412498e-16
3.068632007335637354e+03 1.762750127925241067e-15 9.303652929192403538e-17
3.069259257808601888e+03 1.755008838187038395e-15 1.283589653113141874e-16
3.070807344355180248e+03 2.060053200419260868e-15 1.357306207660764334e-16
3.071378818344708634e+03 2.014450616598054418e-15 9.933218410275165734e-17
3.072355430901759064e+03 2.013235540865810309e-15 1.311774066698662541e-16
3.073903517448337880e+03 1.886464003382742019e-15 1.308769368216189935e-16
3.074125629353779914e+03 1.882362090682755269e-15 1.141130567268235834e-16
3.075451603994916240e+03 1.862436210082607777e-15 1.308329316970741116e-16
3.076872440362851194e+03 1.899500521156885133e-15 1.254746739234654764e-16
3.076999690541494601e+03 1.894974702016763971e-15 1.358871852460034031e-16
3.078547777088073417e+03 1.923281144260571640e-15 1.369624233402034919e-16
3.079619251371922473e+03 1.799547348301589480e-15 1.001839062506682955e-16
3.080095863634652233e+03 1.727869069842876244e-15 1.301181161255122283e-16
3.081643950181230593e+03 1.843748892426214127e-15 1.328629816043264494e-16
3.082366062380993753e+03 1.801004830154658346e-15 9.477724447528473094e-17
3.083192036727808954e+03 1.864577843009953228e-15 1.322166298651010599e-16
3.084740123274387770e+03 1.924187154573778388e-15 1.367323094517185556e-16
3.085112873390065033e+03 1.905689978296387441e-15 1.094455746929971320e-16
3.086288209820966586e+03 1.897619404195565370e-15 1.335637213865777964e-16
3.087836296367544946e+03 1.914765183863524214e-15 1.391466544471347614e-16
3.087859684399136313e+03 1.910571556028147975e-15 1.371351853162547560e-16
3.089384382914123307e+03 1.607037682200397138e-15 1.265056561602544767e-16
3.090606495408207593e+03 1.602285824224578930e-15 1.078875172090888350e-16
3.090932469460702123e+03 1.595952010032473126e-15 1.315207171563087941e-16
3.092480556007280939e+03 1.916244617405904386e-15 1.380823913507859843e-16
3.093353306417278873e+03 1.962429217164412618e-15 1.013399724641509838e-16
3.094028642553859299e+03 2.009322144494225861e-15 1.412811183846262487e-16
3.095576729100437660e+03 1.836919354306710378e-15 1.396618404022247183e-16
3.096100117426350153e+03 1.847189876430289198e-15 1.048898373696256057e-16
3.097124815647016476e+03 1.803134868276598542e-15 1.383572032551767712e-16
3.098672902193595291e+03 1.871621937100248953e-15 1.410356860751427511e-16
3.098846928435421432e+03 1.875304269552498479e-15 1.267052720741937686e-16
3.100220988740173652e+03 1.924968544856696381e-15 1.392483992586220495e-16
3.101593739444492712e+03 2.004378383537527944e-15 1.306002809295509847e-16
3.101769075286752013e+03 2.020571349456767275e-15 1.455393101632898394e-16
3.103317161833330829e+03 1.848019542112915504e-15 1.379057167695333287e-16
3.104340550453563992e+03 1.909916253817988140e-15 1.084568206804285441e-16
3.104865248379909644e+03 1.963616019032504376e-15 1.457384677901865096e-16
3.106413334926488005e+03 1.827558278876125620e-15 1.419828199002529037e-16
3.107087361462635272e+03 1.765421018811349726e-15 1.018796471060604952e-16
3.107961421473066366e+03 1.653340236536406718e-15 1.381161630376083270e-16
3.109509508019645182e+03 1.610881786340275399e-15 1.375025604712633339e-16
3.109834172471706552e+03 1.659443076926326978e-15 1.138014258877416714e-16
3.111057594566223997e+03 1.915486862986531210e-15 1.468372322125280579e-16
3.112580983480777832e+03 1.866379827532944211e-15 1.445005825795920716e-16
3.112605681112802358e+03 1.867334060887704755e-15 1.467606018518785683e-16
3.114153767659380719e+03 1.918745870322044401e-15 1.445681346360357410e-16
3.115327794489849111e+03 1.874803171293438266e-15 1.184806483572666938e-16
3.115701854205959535e+03 1.902319750037246227e-15 1.477727141544695336e-16
3.117249940752538350e+03 1.702275579885157955e-15 1.425716971471100579e-16
3.118074605498920391e+03 1.859682939775002809e-15 1.084237058767812706e-16
3.118798027299116711e+03 2.008175204907827421e-15 1.553809822780992630e-16
3.120346113845695072e+03 2.070181015582622945e-15 1.552652758484288960e-16
3.120821416507991671e+03 2.009556737892568401e-15 1.186009914897052107e-16
3.121894200392273888e+03 1.977744289938786054e-15 1.492739232322788624e-16
3.123442286938852703e+03 1.892785682081198602e-15 1.510243651099272886e-16
3.123568227517062951e+03 1.889934918261832783e-15 1.398123601236706283e-16
3.124990373485431064e+03 1.974238930615566806e-15 1.521835559153733297e-16
3.126315038526134231e+03 1.861389676050446510e-15 1.343335640759493437e-16
3.126538460032009425e+03 1.847237331943548269e-15 1.537681864908301014e-16
3.128086546578588241e+03 1.872364100464385424e-15 1.508399262013325726e-16
3.129061849535205511e+03 1.970080517683162224e-15 1.181012791751766788e-16
3.129634633125167056e+03 2.083561891377192908e-15 1.616606488239087031e-16
3.131182719671745417e+03 1.961128968521328913e-15 1.579080260164411349e-16
3.131808660544276790e+03 1.922359498318580484e-15 1.155295285148235414e-16
3.132730806218323778e+03 1.982579454221422352e-15 1.572779710290390095e-16
3.134278892764902594e+03 1.912962744721983453e-15 1.574531961117460778e-16
3.134555471553348070e+03 1.861596754548272913e-15 1.332060856246823246e-16
3.135826979311481409e+03 1.695443773590845445e-15 1.490100207197772505e-16
3.137302282562419350e+03 1.755822335564582598e-15 1.509493933935358235e-16
3.137375065858059770e+03 1.760426443338053819e-15 1.579627914413915567e-16
3.138923152404638131e+03 2.012243388208803669e-15 1.649430762596160047e-16
3.140049093571490630e+03 2.025978630229372439e-15 1.316691416296053744e-16
3.140471238951216947e+03 2.010869526148137706e-15 1.679953433264532767e-16
3.142019325497795762e+03 2.155031161489209667e-15 1.697931850884778132e-16
3.142795904580561910e+03 2.129113500243254096e-15 1.234509339724094161e-16
3.143567412044374123e+03 2.129888049514621320e-15 1.698930414873291537e-16
3.145115498590952484e+03 2.025956218688672750e-15 1.663375135716569998e-16
3.145542715589633190e+03 2.048362727085598666e-15 1.310208109351164903e-16
3.146663585137531300e+03 2.062223431104297967e-15 1.667361539668245097e-16
3.148211671684110115e+03 1.905940973756681638e-15 1.699125190862848209e-16
3.148289526598704470e+03 1.907634326543479536e-15 1.621145966764432379e-16
3.149759758230688476e+03 1.744420627537411669e-15 1.579963770061397342e-16
3.151036337607775749e+03 1.558067682925387441e-15 6.501320567535722184e-16
3.153783148616847029e+03 2.445170218192195282e-15 6.428000569364956540e-16
3.156529959625918309e+03 1.580954380715140259e-15 6.422271010628977875e-16
3.159276770634989589e+03 1.266961051362303018e-15 6.951279607391301172e-16
3.162023581644060869e+03 1.845125466412411763e-15 6.330343111646553735e-16
3.164770392653132149e+03 2.040832360116069090e-15 6.385381759761337740e-16
3.167517203662203428e+03 2.509788105232101861e-15 6.208406064801347232e-16
3.170264014671274708e+03 1.469028661519754905e-15 6.144944844951488735e-16
3.173010825680345988e+03 2.758585820889237625e-15 6.246583490440579398e-16
3.175757636689417268e+03 3.859848429402077436e-15 6.273416535582892990e-16
3.178504447698488548e+03 2.005985395700492828e-15 6.108757971967061014e-16
3.181251258707559828e+03 2.376036099686462660e-15 6.036115874590832353e-16
3.183998069716631107e+03 3.860281536041276875e-15 6.387715410181550054e-16
3.186744880725702387e+03 3.268433954915889106e-15 5.971937956419043563e-16
3.189491691734773667e+03 1.818521725949842468e-15 5.802598641346553920e-16
3.192238502743844947e+03 2.838439313640648452e-15 5.936888112965719875e-16
3.194985313752916227e+03 4.195099642202720465e-15 5.994334979820066559e-16
3.197732124761987507e+03 3.496130767041854962e-15 5.922029558616230678e-16
3.200478935771058786e+03 2.182632755752009294e-15 5.730569441705789684e-16
3.203225746780130066e+03 3.915569692302458479e-15 7.445527334005591133e-16
3.205972557789201346e+03 3.993383531099023238e-15 6.578822711767176208e-16
3.208719368798272626e+03 2.635770718573341208e-15 5.672491031512509848e-16
3.211466179807343906e+03 2.151649890736266155e-15 5.598746994111329908e-16
3.214212990816415186e+03 3.286436256922467926e-15 5.878972346200502260e-16
3.216959801825486466e+03 3.075768431398099138e-15 5.575983349641531079e-16
3.219706612834557745e+03 1.199029774056801537e-15 5.510046920310810833e-16
3.222453423843629025e+03 1.972762394344496125e-15 5.876052993720732820e-16
3.225200234852700305e+03 4.398306372293430200e-15 5.670060793585402530e-16
3.227947045861771585e+03 2.062896008541067214e-15 5.270762199331427246e-16
3.230693856870842865e+03 1.524910199697667210e-15 5.788932216923436328e-16
3.233440667879914145e+03 2.772438285250885038e-15 5.390930472829971772e-16
3.236187478888985424e+03 3.354357384455499032e-15 5.653507897720957791e-16
3.238934289898056704e+03 3.073499166482410157e-15 5.394677965965105745e-16
3.241681100907127984e+03 2.162310260614675466e-15 5.179488428799909222e-16
3.244427911916199264e+03 3.064769672852164825e-15 5.322562029028261891e-16
3.247174722925270544e+03 3.254022843781285879e-15 5.325913303940009175e-16
3.249921533934341824e+03 1.259198134503935835e-15 5.070561450539762333e-16
3.252668344943413103e+03 1.673512372081378554e-15 5.229548328218390434e-16
3.255415155952484383e+03 3.262415955544729564e-15 5.262682817790426479e-16
3.258161966961555663e+03 1.764118163684115416e-15 5.020155542530180757e-16
3.260908777970626943e+03 -1.541184484492335033e-16 4.940718203986112452e-16
3.263655588979698223e+03 1.376918148437208601e-15 5.180762485755798111e-16
3.266402399988769503e+03 2.709921290180046683e-15 5.166738143642513517e-16
3.269149210997840783e+03 2.462941295079272540e-15 5.209217364526781622e-16
3.271896022006912062e+03 1.562919384566536390e-15 5.002655418641529218e-16
3.274642833015983342e+03 2.769233964753442620e-15 5.058836644386181603e-16
3.277389644025054622e+03 3.005658465586874938e-15 5.111366333529295983e-16
3.280136455034125902e+03 1.809592874046450340e-15 4.938614250955980516e-16
3.282883266043197182e+03 1.846338119301103045e-15 4.993804934436553841e-16
3.285630077052268462e+03 3.104540707649068704e-15 5.025892925683987540e-16
3.288376888061339741e+03 2.448602678058711427e-15 4.850825984805983911e-16
3.291123699070411021e+03 1.335824586897904718e-15 4.802955109776532216e-16
3.293870510079482301e+03 1.901340592946761256e-15 4.853760033685109487e-16
3.296617321088553581e+03 3.756885905136508576e-15 4.973063360986813500e-16
3.299364132097624861e+03 3.136693358467818224e-15 4.887369776397946146e-16
3.302110943106696141e+03 1.169674392554909384e-15 4.952227825457404041e-16
3.304857754115767420e+03 1.783437552793437020e-15 4.796433241135404671e-16
3.307604565124838700e+03 2.133747443363374812e-15 4.869654023749324559e-16
3.310351376133909980e+03 1.942890345003933497e-15 5.032888433547463224e-16
3.313098187142981260e+03 1.515636226779731932e-15 4.675380787462224915e-16
3.315844998152052540e+03 2.447664890716325072e-15 4.748098316172823460e-16
3.318591809161123820e+03 2.589186779510759077e-15 4.717610674987875239e-16
3.321338620170195099e+03 2.892158404206646073e-15 4.871993610919207796e-16
3.324085431179266379e+03 3.088386134549326116e-15 6.013744342428207724e-16
3.326832242188337659e+03 3.215061572062158075e-15 4.826576717588039074e-16
3.329579053197408939e+03 3.199885821378044529e-15 4.715540184494500169e-16
3.332325864206480219e+03 2.201811367167754987e-15 4.595412867161220664e-16
3.335072675215551499e+03 2.035991940321668903e-15 4.533323330323123800e-16
3.337819486224622779e+03 3.546396560923224061e-15 4.682159575089134200e-16
3.340566297233694058e+03 2.012314527916449264e-15 4.497308324364117575e-16
3.343313108242765338e+03 2.570089082103709498e-15 4.643319139317848547e-16
3.346059919251836618e+03 3.286558836614627204e-15 4.339483172624218063e-16
3.348806730260907898e+03 4.352291605184879092e-15 5.683961123595186998e-16
3.351553541269979178e+03 3.310961907232981348e-15 4.546657495875524834e-16
3.354300352279050458e+03 2.731403582019175785e-15 4.566351215955262550e-16
3.357047163288121737e+03 3.036192969825015265e-15 4.581345529289986138e-16
3.359793974297193017e+03 3.759941458656852141e-15 4.562336903660044873e-16
3.362540785306264297e+03 2.155378135152227939e-15 4.339860697318542420e-16
3.365287596315335577e+03 1.242979155447124674e-15 4.436508784581488389e-16
3.368034407324406857e+03 3.361203436227386357e-15 4.751298925578222335e-16
3.370781218333478137e+03 3.338691386444918626e-15 4.406730913646029565e-16
3.373528029342549416e+03 2.022641294449668377e-15 4.314830315660729076e-16
3.376274840351620696e+03 3.322840071568735659e-15 4.435098963136751281e-16
3.379021651360691976e+03 4.035389476977620233e-15 4.475752022508081521e-16
3.381768462369763256e+03 3.223206678689253544e-15 4.371891627611635584e-16
3.384515273378834536e+03 2.776340472109584830e-15 4.372298770567178364e-16
3.387262084387905816e+03 5.833585953504063477e-15 6.930046017887371524e-16
3.390008895396977096e+03 3.856143007839230139e-15 5.053912203555713532e-16
3.392755706406048375e+03 2.634860999595385157e-15 4.421150151126045534e-16
3.395502517415119655e+03 2.286776304550937311e-15 4.245899520711209002e-16
3.398249328424190935e+03 3.052411657799648747e-15 4.535589997656508236e-16
3.400996139433262215e+03 3.522081400509527207e-15 4.217518902992926982e-16
3.403742950442333495e+03 2.647641347893227361e-15 4.146907247710274101e-16
3.406489761451404775e+03 3.104874179209118368e-15 4.193616468789439829e-16
3.409236572460476054e+03 4.540893696436169832e-15 4.797278528500526874e-16
3.411983383469547334e+03 3.707028807543912363e-15 4.246181386754298415e-16
3.414730194478618614e+03 2.975826547789614021e-15 4.149229340299433749e-16
3.417477005487689894e+03 3.197011779564809826e-15 4.439982023067162048e-16
3.420223816496761174e+03 4.729602210921012240e-15 4.280046464661841802e-16
3.422970627505832454e+03 5.246828058346131475e-15 4.268427337259560626e-16
3.425717438514903733e+03 3.185328773704570345e-15 4.070420784280789044e-16
3.428464249523975013e+03 3.270970726972391137e-15 4.381996626606437458e-16
3.431211060533046293e+03 5.295781806868075389e-15 5.601787138354587789e-16
3.433957871542117573e+03 3.911432414607268849e-15 4.481870348029833034e-16
3.436704682551188853e+03 3.466659130510850120e-15 4.154757278151689912e-16
3.439451493560260133e+03 3.737769473759552601e-15 4.155438399789447034e-16
3.442198304569331412e+03 3.845428746315117982e-15 4.208178970488182889e-16
3.444945115578402692e+03 4.420071821654113250e-15 4.387043650319858073e-16
3.447691926587473972e+03 3.995159885555410971e-15 4.252183439926632657e-16
3.450438737596545252e+03 3.358355717287834270e-15 3.983888106728611951e-16
3.453185548605616532e+03 3.096892509103658829e-15 4.030370711601265782e-16
3.455932359614687812e+03 3.771268778683642467e-15 4.002035862433074224e-16
3.458679170623759092e+03 4.466296274122181518e-15 4.017884135322728683e-16
3.461425981632830371e+03 4.224239218628226430e-15 3.952115233286073549e-16
3.464172792641901651e+03 3.926964568308396830e-15 3.924995784855233817e-16
3.466919603650972931e+03 3.445881436477792889e-15 3.889030431917685589e-16
3.469666414660044211e+03 4.401750876237363854e-15 4.125590552461072623e-16
3.472413225669115491e+03 4.898524444586088389e-15 4.227422103225650158e-16
3.475160036678186771e+03 3.757622756633883980e-15 3.889492761127722434e-16
3.477906847687258050e+03 2.947340837911974849e-15 3.783120511786542893e-16
3.480653658696329330e+03 3.816542927860397567e-15 3.864165044865647659e-16
3.483400469705400610e+03 4.119235139274390301e-15 3.877492535210252592e-16
3.486147280714471890e+03 3.861794432032575039e-15 3.846875084808797078e-16
3.488894091723543170e+03 4.967466088426490066e-15 4.346913337514585305e-16
3.491640902732614450e+03 4.596459898922556190e-15 3.909488960506570422e-16
3.494387713741685729e+03 4.099326488787056283e-15 3.914923335703836207e-16
3.497134524750757009e+03 3.667284497592185776e-15 3.791133722753808261e-16
3.499881335759828289e+03 4.525984657203179828e-15 3.855168508932675592e-16
3.502628146768899569e+03 5.268734121984131088e-15 3.929759657209283106e-16
3.505374957777970849e+03 3.976091835791724423e-15 3.765112113535916435e-16
3.508121768787042129e+03 3.419740952857199428e-15 3.889491990281895162e-16
3.510868579796113409e+03 4.508057533346612014e-15 3.866036654889574279e-16
3.513615390805184688e+03 4.349431730456646965e-15 3.801104769604300770e-16
3.516362201814255968e+03 4.117987884393371557e-15 3.765629373226150733e-16
3.519109012823327248e+03 4.857188992193941030e-15 3.894094953901023113e-16
3.521855823832398528e+03 5.240924910800540657e-15 3.944236728333693517e-16
3.524602634841469808e+03 5.384105094652906658e-15 3.867042993550516477e-16
3.527349445850541088e+03 4.339819242318569211e-15 3.745801259250468856e-16
3.530096256859612367e+03 4.540611635145523478e-15 3.671912214151542269e-16
3.532843067868683647e+03 5.981699239664822754e-15 5.074474860629210951e-16
3.535589878877754927e+03 4.434749396848121872e-15 3.723071566134955172e-16
3.538336689886826207e+03 4.676356857250283219e-15 3.757844809717802428e-16
3.541083500895897487e+03 5.543846634029754098e-15 3.836721140526653149e-16
3.543830311904968767e+03 6.090531102681188911e-15 3.907780459761312762e-16
3.546577122914040046e+03 5.338652596323577264e-15 3.770310722276549816e-16
3.549323933923111326e+03 4.588703519524363371e-15 3.735615669479399664e-16
3.552070744932182606e+03 5.918905502907787635e-15 3.884131512891514223e-16
3.554817555941253886e+03 5.609341655470924962e-15 3.777031921416837684e-16
3.557564366950325166e+03 4.536593765158844969e-15 3.830079038799174219e-16
3.560311177959396446e+03 5.436369031133926612e-15 3.810442740592831186e-16
3.563057988968467725e+03 6.654335897236497897e-15 3.867183439793585009e-16
3.565804799977539005e+03 6.225990958136814521e-15 3.776894048624894535e-16
3.568551610986610285e+03 5.295140076655455651e-15 3.725835579565648670e-16
3.571298421995681565e+03 5.887115197871255078e-15 3.792080834637638448e-16
3.574045233004752845e+03 6.038958025460485109e-15 3.780690138943731106e-16
3.576792044013824125e+03 5.217066902578372103e-15 3.780497014804200131e-16
3.579538855022895405e+03 5.699692915009188255e-15 3.745999180461709322e-16
3.582285666031966684e+03 6.292907876188379828e-15 3.775760437857544662e-16
3.585032477041037964e+03 5.974127318746366308e-15 3.735886522607296802e-16
3.587779288050109244e+03 4.692224909822973552e-15 3.597448340827982504e-16
3.590526099059180524e+03 5.925164708961474246e-15 3.778030285692433139e-16
3.593272910068251804e+03 6.428967540878354482e-15 3.742725787233535553e-16
3.596019721077323084e+03 6.061667636640041998e-15 3.715277428484186184e-16
3.598766532086394363e+03 5.706574992869328350e-15 3.682745635167115779e-16
3.601513343095465643e+03 6.372052956259037125e-15 3.884319811431831267e-16
3.604260154104536923e+03 7.328004708514704187e-15 5.295189008810337550e-16
3.607006965113608203e+03 6.108775171000721255e-15 3.870016177637942308e-16
3.609753776122679483e+03 5.090648330218484004e-15 3.624597657721450115e-16
3.612500587131750763e+03 4.917606471941910190e-15 3.679033375977411611e-16
3.615247398140822042e+03 6.034891658716570866e-15 3.711575657380503693e-16
3.617994209149893322e+03 5.525899830417763530e-15 3.593992741650051925e-16
3.620741020158964602e+03 5.034912704648927620e-15 3.930788390902923896e-16
3.623487831168035882e+03 4.955278936795208912e-15 3.633718824078724179e-16
3.626234642177107162e+03 5.109092535791064090e-15 3.570378800939339739e-16
3.628981453186178442e+03 5.082552679123036777e-15 3.890533422031879988e-16
3.631728264195249722e+03 5.398598656007960758e-15 3.557500907923633450e-16
3.634475075204321001e+03 6.059822852424568929e-15 3.605487576553701373e-16
3.637221886213392281e+03 5.595121518798826557e-15 3.508708223372236007e-16
3.639968697222463561e+03 5.508773767686899576e-15 3.584964711936398345e-16
3.642715508231534841e+03 6.170503088286641266e-15 3.555130958750287413e-16
3.645462319240606121e+03 5.415747823234554629e-15 3.438422818103787978e-16
3.648209130249677401e+03 5.624036818314720510e-15 3.522033149335200573e-16
3.650955941258748680e+03 5.606100687016611672e-15 3.557132923190716103e-16
3.653702752267819960e+03 6.597091538612650636e-15 3.553688303742459255e-16
3.656449563276891240e+03 7.044585319886268747e-15 3.553214256455546711e-16
3.659196374285962520e+03 6.651365969935623212e-15 3.517582588108965500e-16
3.661943185295033800e+03 6.472035055992276825e-15 3.540804838777630627e-16
3.664689996304105080e+03 7.123334770894014146e-15 3.668996878966714222e-16
3.667436807313176359e+03 7.409567548568424795e-15 3.598219203440455090e-16
3.670183618322247639e+03 7.141085580110365042e-15 3.804696508751451913e-16
3.672930429331318919e+03 8.176341375081979610e-15 4.077613898008918917e-16
3.675677240340390199e+03 9.030792537899638610e-15 3.868815975991429989e-16
3.678424051349461479e+03 8.579767830267179870e-15 3.630430670177040192e-16
3.681170862358532759e+03 8.280311531875486396e-15 3.865183528583342170e-16
3.683917673367604039e+03 8.648191960509716419e-15 3.691059965841139777e-16
3.686664484376675318e+03 9.603989635002836897e-15 3.684130873066390408e-16
3.689411295385746598e+03 1.003213282919910134e-14 3.703208238727570318e-16
3.692158106394817878e+03 9.860475577807015246e-15 4.376084285194462912e-16
3.694904917403889158e+03 1.050683183360142145e-14 3.926090805393890198e-16
3.697651728412960438e+03 1.150282515087970068e-14 4.072140090519192378e-16
3.700398539422031718e+03 1.040192143177946959e-14 3.762179219629144134e-16
3.703145350431102997e+03 1.031269979886936566e-14 3.770842411888789895e-16
3.705892161440174277e+03 1.169926462610803784e-14 3.843273444963323393e-16
3.708638972449245557e+03 1.087284172542540968e-14 3.623364202460394455e-16
3.711385783458316837e+03 1.024413730354335073e-14 3.569102254953318508e-16
3.714132594467388117e+03 9.725233091088113611e-15 3.786679760496795879e-16
3.716879405476459397e+03 1.067351639373566639e-14 3.641734150867874057e-16
3.719626216485530676e+03 1.080251251765045592e-14 3.571503348374919263e-16
3.722373027494601956e+03 1.002912905799347855e-14 3.547639003240471072e-16
3.725119838503673236e+03 9.927349100107675614e-15 3.648325219650330831e-16
3.727866649512744516e+03 1.044956316620346841e-14 3.526069600701404133e-16
3.730613460521815796e+03 9.344261175587294215e-15 3.413866069087414853e-16
3.733360271530887076e+03 8.933855473490442486e-15 3.345133655838063460e-16
3.736107082539958355e+03 9.045684097101575886e-15 3.350300835248611463e-16
3.738853893549029635e+03 8.767196676912016568e-15 3.287400707620194006e-16
3.741600704558100915e+03 7.797694424608999411e-15 3.203921351533460559e-16
3.744347515567172195e+03 7.943117503143021465e-15 3.216744948990946697e-16
3.747094326576243475e+03 8.146209640995586204e-15 3.241919015361572730e-16
3.749841137585314755e+03 8.167667706459707500e-15 3.210176239643991529e-16
3.752587948594386035e+03 8.678612580934193890e-15 3.320258655312539377e-16
3.755334759603457314e+03 8.175472130981250582e-15 3.142539298871165790e-16
3.758081570612528594e+03 8.269533341743809654e-15 3.248255577930729255e-16
3.760828381621599874e+03 7.288955430057504856e-15 3.092348439398855384e-16
3.763575192630671154e+03 7.056802254213992598e-15 3.076779193986486518e-16
3.766322003639742434e+03 7.180286955777094576e-15 3.009513959408917907e-16
3.769068814648813714e+03 6.978255057080564648e-15 2.941377009034878211e-16
3.771815625657884993e+03 6.861978872595882232e-15 2.948326318848532868e-16
3.774562436666956273e+03 6.842623126961869634e-15 3.246537498913635244e-16
3.777309247676027553e+03 6.959079436557577826e-15 3.114078851311071065e-16
3.780056058685098833e+03 6.613148675271707390e-15 2.905759805487550792e-16
3.782802869694170113e+03 6.115975756094765004e-15 3.318006794677938203e-16
3.785549680703241393e+03 5.933029012423754889e-15 2.898992923747788985e-16
3.788296491712312672e+03 5.755656313776297668e-15 2.804257394333677997e-16
3.791043302721383952e+03 5.603523838966685385e-15 2.762460622525532876e-16
3.793790113730455232e+03 4.776721238057804549e-15 2.636479059659926570e-16
3.796536924739526512e+03 5.064779535761100415e-15 2.644709768952691477e-16
3.799283735748597792e+03 5.331633357690430241e-15 2.757404673166836494e-16
3.802030546757669072e+03 5.253960495102386052e-15 2.658679249812316660e-16
3.804777357766740352e+03 5.580126691997121308e-15 2.665193614815378805e-16
3.807524168775811631e+03 5.420668760088439206e-15 2.651546564730472450e-16
3.810270979784882911e+03 5.296417611654248243e-15 2.685703330662650979e-16
3.813017790793954191e+03 4.613104223479939176e-15 2.546557705205280962e-16
3.815764601803025471e+03 4.545519159973352975e-15 2.599012539224738010e-16
3.818511412812096751e+03 4.984356226662309284e-15 2.547128013159469374e-16
3.821258223821168031e+03 4.556158244155001963e-15 2.478445113914170991e-16
3.824005034830239310e+03 3.903756770538568694e-15 2.433061534150940880e-16
3.826751845839310590e+03 4.597253569907581450e-15 2.488786012642023743e-16
3.829498656848381870e+03 5.763604952772293794e-15 2.596412468177170990e-16
3.832245467857453150e+03 5.455326796203671603e-15 2.516202527234178214e-16
3.834992278866524430e+03 5.096141607104158394e-15 2.510856395589198138e-16
3.837739089875595710e+03 5.483095855373393358e-15 2.499161118155193812e-16
3.840485900884666989e+03 5.569538625171911356e-15 2.481197489662890671e-16
3.843232711893738269e+03 5.202721144448439552e-15 2.461889788694191437e-16
3.845979522902809549e+03 5.608032522156923283e-15 2.473613951140085796e-16
3.848726333911880829e+03 5.971185308117196451e-15 2.545134256556529088e-16
3.851473144920952109e+03 6.335738697098699081e-15 2.497523306540634995e-16
3.854219955930023389e+03 6.701417705333425037e-15 2.511067190568995816e-16
3.856966766939094668e+03 6.896294719137045952e-15 2.579919385669485478e-16
3.859713577948165948e+03 7.820011562216334250e-15 2.616110280844522904e-16
3.862460388957237228e+03 7.969828545487298157e-15 2.597044512867762978e-16
3.865207199966308508e+03 7.329906517082167454e-15 2.520994460945916361e-16
3.867954010975379788e+03 8.364682420184290164e-15 2.819060580058657816e-16
3.870700821984451068e+03 8.903624313547902830e-15 2.658182976936799553e-16
3.873447632993522348e+03 8.707505654039068175e-15 2.644080555613058876e-16
3.876194444002593627e+03 9.274735952276989073e-15 2.940700376848773501e-16
3.878941255011664907e+03 9.805659829058223241e-15 2.717582475098851886e-16
3.881688066020736187e+03 9.874071473002330908e-15 2.669049194560394934e-16
3.884434877029807467e+03 9.684728626543710216e-15 2.624271929974439714e-16
3.887181688038878747e+03 1.004153680007160811e-14 2.638264405150117267e-16
3.889928499047950027e+03 1.016787580977537642e-14 2.629008583763809164e-16
3.892675310057021306e+03 1.043318124307940634e-14 2.663053720669668632e-16
3.895422121066092586e+03 1.040307870130273087e-14 2.662282015249952526e-16
3.898168932075163866e+03 1.066143322050966842e-14 2.640127785483793969e-16
3.900915743084235146e+03 1.083135126496036620e-14 2.640014046971969188e-16
3.903662554093306426e+03 1.042452483330942370e-14 2.791461586844223986e-16
3.906409365102377706e+03 1.061416570485724798e-14 2.709896996534838705e-16
3.909156176111448985e+03 1.152396867660312828e-14 2.693192603367429195e-16
3.911902987120520265e+03 1.200490131753144010e-14 2.712906365009641658e-16
3.914649798129591545e+03 1.095684803505164840e-14 2.672029721375546922e-16
3.917396609138662825e+03 1.112762836772172083e-14 2.639749265916260052e-16
3.920143420147734105e+03 1.149640919995719121e-14 2.627752817599477074e-16
3.922890231156805385e+03 1.183516937866027940e-14 2.654486235790367882e-16
3.925637042165876665e+03 1.167995345951659173e-14 2.641832725066287369e-16
3.928383853174947944e+03 1.217858006540773614e-14 2.660945418314502154e-16
3.931130664184019224e+03 1.306840958920238645e-14 2.702779256498821073e-16
3.933877475193090504e+03 1.238509343337883131e-14 2.632525139992018296e-16
3.936624286202161784e+03 1.224091821498116481e-14 2.633180602293232076e-16
3.939371097211233064e+03 1.279183724338060554e-14 2.659322377997053226e-16
3.942117908220304344e+03 1.309574184542408506e-14 2.679266904544896396e-16
3.944864719229375623e+03 1.286415560580737742e-14 2.643121231291537588e-16
3.947611530238446903e+03 1.321861489293562235e-14 2.740783159061291869e-16
3.950358341247518183e+03 1.373421205275810937e-14 2.690463533595701267e-16
3.953105152256589463e+03 1.451343491879298873e-14 2.715522659758731340e-16
3.955851963265660743e+03 1.373649921320047102e-14 2.931080679638967027e-16
3.958598774274732023e+03 1.408898530232325478e-14 3.006294169342258254e-16
3.961345585283803302e+03 1.510615201696354182e-14 2.957845092582450093e-16
3.964092396292874582e+03 1.521735434024248032e-14 2.790450796344557274e-16
3.966839207301945862e+03 1.504837673496173313e-14 2.754485128803201377e-16
3.969586018311017142e+03 1.547612753581962780e-14 2.765813569755157217e-16
3.972332829320088422e+03 1.631682813372651745e-14 2.869587848667088891e-16
3.975079640329159702e+03 1.599985196257492669e-14 2.769706301666752919e-16
3.977826451338230981e+03 1.552784875702604517e-14 2.735909710627758914e-16
3.980573262347302261e+03 1.612734727140449047e-14 2.845502897408409069e-16
3.983320073356373541e+03 1.731593584308184158e-14 2.823628547103497956e-16
3.986066884365444821e+03 1.609915373511030861e-14 2.699189244689271558e-16
3.988813695374516101e+03 1.538396969851089709e-14 2.708391083276346928e-16
3.991560506383587381e+03 1.554610987299578973e-14 2.702672620500879754e-16
3.994307317392658661e+03 1.561456970164571224e-14 2.679926574532614280e-16
3.997054128401729940e+03 1.541431232175373618e-14 2.647040254765197691e-16
3.999800939410801220e+03 1.504963014212690778e-14 2.625968421131695259e-16
4.002547750419872500e+03 1.518016632904745813e-14 2.677668470765240203e-16
4.005294561428943780e+03 1.511122146500424563e-14 2.619132207098029042e-16
4.008041372438015060e+03 1.502737059004265703e-14 2.649789797731459430e-16
4.010788183447086340e+03 1.462805180800944084e-14 2.597059437173623831e-16
4.013534994456157619e+03 1.466074230870675844e-14 2.580386179024529714e-16
4.016281805465228899e+03 1.453254020834057827e-14 2.568053763187226730e-16
4.019028616474300179e+03 1.444692414749922033e-14 2.548242372246035732e-16
4.021775427483371459e+03 1.496141966588683991e-14 2.572550645402298398e-16
4.024522238492442739e+03 1.491538158083215627e-14 2.866561238992394824e-16
4.027269049501514019e+03 1.368265355317362069e-14 2.644232480404853103e-16
4.030015860510585298e+03 1.301570999494795514e-14 2.455406030033869665e-16
4.032762671519656578e+03 1.345823722056813492e-14 2.458222997499025450e-16
4.035509482528727858e+03 1.311647877629891383e-14 2.433957352685441769e-16
4.038256293537799138e+03 1.249465329669550644e-14 2.381604256138178778e-16
4.041003104546870418e+03 1.233812689006027740e-14 2.417763866962166724e-16
4.043749915555941698e+03 1.262250654636316733e-14 2.422134568397793467e-16
4.046496726565012978e+03 1.289222255241278769e-14 2.502739910484248809e-16
4.049243537574084257e+03 1.234056753353646948e-14 2.406211824983095571e-16
4.051990348583155537e+03 1.215638260711178780e-14 2.354100117003137646e-16
4.054737159592226817e+03 1.309787780945079440e-14 2.433640389421754276e-16
4.057483970601298097e+03 1.223922588365513873e-14 2.683389272260719789e-16
4.060230781610369377e+03 1.173204964514956040e-14 2.454062875020062763e-16
4.062977592619440657e+03 1.216145169537696677e-14 2.385364969108809108e-16
4.065724403628511936e+03 1.287350492876658890e-14 2.390821157355201972e-16
4.068471214637583216e+03 1.275984796581615118e-14 2.480371272840576673e-16
4.071218025646654496e+03 1.248090925174629630e-14 2.369702185279285979e-16
4.073964836655725776e+03 1.305869603837715978e-14 2.385593870454805203e-16
4.076711647664797056e+03 1.366304031079684298e-14 2.405652846115096633e-16
4.079458458673868336e+03 1.281549235300120542e-14 2.338333471974330743e-16
4.082205269682939615e+03 1.261643152285583692e-14 2.390647437404415867e-16
4.084952080692010895e+03 1.293014780366689694e-14 2.400765103983978663e-16
4.087698891701082175e+03 1.302000874466715923e-14 2.355128874028705423e-16
4.090445702710153455e+03 1.260368721233580453e-14 2.328115985629173849e-16
4.093192513719224735e+03 1.281081023010015571e-14 2.447824146580387222e-16
4.095939324728296015e+03 1.285508261915415351e-14 2.368579052811086111e-16
4.098686135737367294e+03 1.235016965663613788e-14 2.326115988974216902e-16
4.101432946746438574e+03 1.231151307266665179e-14 2.311340781127228849e-16
4.104179757755509854e+03 1.255960714795037400e-14 2.305549227534190221e-16
4.106926568764581134e+03 1.261790996699021636e-14 2.309056630431995920e-16
4.109673379773652414e+03 1.171536551579980409e-14 2.257838574605210007e-16
4.112420190782723694e+03 1.166353166797116110e-14 2.275294123007138449e-16
4.115167001791794974e+03 1.196150750597223423e-14 2.293076970331594065e-16
4.117913812800866253e+03 1.147019152589197453e-14 2.243802681358770711e-16
4.120660623809937533e+03 1.151987402158966836e-14 2.268238490443235630e-16
4.123407434819008813e+03 1.186103299694173579e-14 2.256424870904127685e-16
4.126154245828080093e+03 1.139414878867814384e-14 2.210576842771159297e-16
4.128901056837151373e+03 1.091648818386177740e-14 2.173937859406859894e-16
4.131647867846222653e+03 1.077706936754285282e-14 2.160034483254144811e-16
4.134394678855293932e+03 1.113748480034003416e-14 2.200444683789825999e-16
4.137141489864365212e+03 1.107619990436151375e-14 2.175972899412936080e-16
4.139888300873436492e+03 1.056991605213405680e-14 2.132152041297639184e-16
4.142635111882507772e+03 1.048684227047234803e-14 2.133136569961387294e-16
4.145381922891579052e+03 1.051129780839356428e-14 2.147085942876903776e-16
4.148128733900650332e+03 1.021785175828046136e-14 2.114062682032871964e-16
4.150875544909721611e+03 9.805809429176886741e-15 2.098363907655922035e-16
4.153622355918792891e+03 9.810798566282072769e-15 2.097126525324796473e-16
4.156369166927864171e+03 1.004568335585512577e-14 2.085616139953193837e-16
4.159115977936935451e+03 9.800856621634725183e-15 2.124226839835244412e-16
4.161862788946006731e+03 9.423301911301968732e-15 2.057909791823367805e-16
4.164609599955078011e+03 9.473559628598990255e-15 2.041977856021725834e-16
4.167356410964149291e+03 9.996489612335060748e-15 2.065220643089637627e-16
4.170103221973220570e+03 9.553976598376148474e-15 2.045933589579607436e-16
4.172850032982291850e+03 9.266569278117383796e-15 2.023954014439699117e-16
4.175596843991363130e+03 1.017806145150173646e-14 2.105387584194621946e-16
4.178343655000434410e+03 1.015714562313717891e-14 2.062275224001926801e-16
4.181090466009505690e+03 9.648476229464254618e-15 2.080443719629606297e-16
4.183837277018576970e+03 1.015594233109739810e-14 2.085975940470804729e-16
4.186584088027648249e+03 1.009503044874955863e-14 2.054907788645005917e-16
4.189330899036719529e+03 9.865596826030635524e-15 2.035719705567114548e-16
4.192077710045790809e+03 1.041665903874451220e-14 2.063712128120201184e-16
4.194824521054862089e+03 1.087312222287440705e-14 2.095680755994016833e-16
4.197571332063933369e+03 1.063304753828370525e-14 2.141182559439895986e-16
4.200318143073004649e+03 1.028730726931568211e-14 2.071401807344414999e-16
4.203064954082075928e+03 1.043696710604313306e-14 2.060193439978812850e-16
4.205811765091147208e+03 1.096611658691694523e-14 2.122528017010182174e-16
4.208558576100218488e+03 1.098831426527228529e-14 2.149639240174555294e-16
4.211305387109289768e+03 1.043977754219977320e-14 2.077004937158440115e-16
4.214052198118361048e+03 1.055140195722816038e-14 2.066552827131170853e-16
4.216799009127432328e+03 1.111076326454503879e-14 2.115253674098895563e-16
4.219545820136503608e+03 1.126987957348144996e-14 2.105027517393887128e-16
4.222292631145574887e+03 1.114766585333478870e-14 2.179158747577151802e-16
4.225039442154646167e+03 1.139201772962168330e-14 2.132104764432460781e-16
4.227786253163717447e+03 1.167865319364224809e-14 2.109811064047706163e-16
4.230533064172788727e+03 1.152719031336831636e-14 2.096888967402832284e-16
4.233279875181860007e+03 1.167424876348645218e-14 2.110683672358128684e-16
4.236026686190931287e+03 1.174067811313606451e-14 2.111925082462087524e-16
4.238773497200002566e+03 1.181219694849337930e-14 2.112325824890991614e-16
4.241520308209073846e+03 1.189236574158139355e-14 2.328041630951198680e-16
4.244267119218145126e+03 1.132129904085828121e-14 2.187142658542438214e-16
4.247013930227216406e+03 1.133249116168568557e-14 2.100834202172413522e-16
4.249760741236287686e+03 1.186788176348700695e-14 2.114757769578120373e-16
4.252507552245358966e+03 1.164195529093482345e-14 2.086672871294736272e-16
4.255254363254430245e+03 1.131978324933672626e-14 2.062593091058109033e-16
4.258001174263501525e+03 1.123633968889212920e-14 2.051381830686021134e-16
4.260747985272572805e+03 1.160785881429445096e-14 2.157789896381537056e-16
4.263494796281644085e+03 1.146125664990368660e-14 2.095699479988387878e-16
4.266241607290715365e+03 1.134648805874328606e-14 2.068204191159115282e-16
4.268988418299786645e+03 1.173085042424401726e-14 2.086883601635681092e-16
4.271735229308857924e+03 1.133726645974752543e-14 2.044800521397312547e-16
4.274482040317929204e+03 1.062324927764893905e-14 2.215541501878581903e-16
4.277228851327000484e+03 1.084700979702766791e-14 2.320999869668631158e-16
4.279975662336071764e+03 1.166085592301807441e-14 2.170544643105682144e-16
4.282722473345143044e+03 1.180914069826389297e-14 2.070002514466252473e-16
4.285469284354214324e+03 1.214544079488823917e-14 2.190847166893465074e-16
4.288216095363285604e+03 1.207869486652648506e-14 2.118786514407356705e-16
4.290962906372356883e+03 1.194025365071449424e-14 2.060589058898580910e-16
4.293709717381428163e+03 1.137057589433146189e-14 2.238905123968384722e-16
4.296456528390499443e+03 1.173339277775736373e-14 2.144285271526909302e-16
4.299203339399570723e+03 1.247775881785918499e-14 2.081034603923997891e-16
4.301950150408642003e+03 1.238560062196937846e-14 2.071120622219251507e-16
4.304696961417713283e+03 1.245137128136061071e-14 2.074710656652720417e-16
4.307443772426784562e+03 1.295221391339487866e-14 2.118085742387175681e-16
4.310190583435855842e+03 1.293464124194074343e-14 2.099660704803888099e-16
4.312937394444927122e+03 1.301229330097170158e-14 2.145784708963423234e-16
4.315684205453998402e+03 1.324896018329347515e-14 2.206999893568098722e-16
4.318431016463069682e+03 1.326789985277493117e-14 2.139884716227949625e-16
4.321177827472140962e+03 1.321231022862256236e-14 2.101113148333427664e-16
4.323924638481212241e+03 1.305208233959194833e-14 2.085630279732363781e-16
4.326671449490283521e+03 1.298183454319284957e-14 2.076918125411308354e-16
4.329418260499354801e+03 1.329226453215312991e-14 2.284670900978266154e-16
4.332165071508426081e+03 1.291390137399989557e-14 2.152432448379507684e-16
4.334911882517497361e+03 1.297334792998108356e-14 2.116634604021849456e-16
4.337658693526568641e+03 1.277721821149514159e-14 2.084176421142939279e-16
4.340405504535639921e+03 1.287258968097234566e-14 2.068518806929070501e-16
4.343152315544711200e+03 1.304699390992522260e-14 2.624638973366981677e-16
4.345899126553782480e+03 1.186480807943398122e-14 2.775291540277894297e-16
4.348645937562853760e+03 1.214391595804892873e-14 2.015068992239912272e-16
4.351392748571925040e+03 1.230974158608499617e-14 2.016864920693979773e-16
4.354139559580996320e+03 1.184458225529642480e-14 1.983669524160473402e-16
4.356886370590067600e+03 1.167686030867739988e-14 1.993262156887845246e-16
4.359633181599138879e+03 1.185154977146739953e-14 1.998892449944656899e-16
4.362379992608210159e+03 1.159658590601781922e-14 1.964477202873520595e-16
4.365126803617281439e+03 1.102415105001756999e-14 1.928970786209134364e-16
4.367873614626352719e+03 1.080203283811004745e-14 1.929014286651260390e-16
4.370620425635423999e+03 1.109234799396309682e-14 1.978529066327136443e-16
4.373367236644495279e+03 1.070247107432899052e-14 1.917097423918758254e-16
4.376114047653566558e+03 1.014139768600542679e-14 1.862926409841463892e-16
4.378860858662637838e+03 1.035614537929730254e-14 1.930606641103239323e-16
4.381607669671709118e+03 1.060485625926395176e-14 1.914197958985938235e-16
4.384354480680780398e+03 1.021616125668433213e-14 1.875230176855008264e-16
4.387101291689851678e+03 9.736543640969150705e-15 1.883785627292988933e-16
4.389848102698922958e+03 9.504808787544893821e-15 1.862573508490160627e-16
4.392594913707994237e+03 9.414017455666766876e-15 1.832908443431291687e-16
4.395341724717065517e+03 9.071044300641914253e-15 1.789666401425098088e-16
4.398088535726136797e+03 8.956750373475356871e-15 1.775546248506382362e-16
4.400835346735208077e+03 9.026695618661746905e-15 1.783728024064875562e-16
4.403582157744279357e+03 8.868617751824358130e-15 1.766188898720991723e-16
4.406328968753350637e+03 8.831029437845853926e-15 1.768369582679884450e-16
4.409075779762421917e+03 8.868617751824358130e-15 1.802390210851598470e-16
4.411822590771493196e+03 8.831029437845853926e-15 1.790705165152678157e-16
4.414569401780564476e+03 8.600700940573819925e-15 1.750888730718489504e-16
4.417316212789635756e+03 8.320826043497975587e-15 1.793402704760286193e-16
4.420063023798707036e+03 8.082118125400705066e-15 1.760628092208515573e-16
4.422809834807778316e+03 8.082118125400705066e-15 1.733472127847336053e-16
4.425556645816849596e+03 8.082118125400705066e-15 1.730804047708586807e-16
4.428303456825920875e+03 8.021470144425928304e-15 1.709184632349753504e-16
4.431050267834992155e+03 7.927030730895710948e-15 1.702807442687500425e-16
4.433797078844063435e+03 8.081934106993186463e-15 1.700059369859710036e-16
4.436543889853134715e+03 8.081934106993186463e-15 1.699251336536045705e-16
4.439290700862205995e+03 7.811140321074139924e-15 1.709587398031599523e-16
4.442037511871277275e+03 7.692214055828683858e-15 1.693100548342917786e-16
4.444784322880348554e+03 8.081934106993186463e-15 1.696266565721402182e-16
4.447531133889419834e+03 8.081934106993186463e-15 1.693170880132562897e-16
4.450277944898491114e+03 7.808202952223643103e-15 1.813935060501682304e-16
4.453024755907562394e+03 8.138525278183360026e-15 1.786613066088847644e-16
4.455771566916633674e+03 8.165805594226269507e-15 1.967551971698937027e-16
4.458518377925704954e+03 8.166153953347390496e-15 1.833017514411076392e-16
4.461265188934776234e+03 8.137339007716080431e-15 1.683916711893536365e-16
4.464011999943847513e+03 8.453368869700435343e-15 1.709149350518180535e-16
4.466758810952918793e+03 8.453368869700435343e-15 1.716219059001543319e-16
4.469505621961990073e+03 8.453368869700435343e-15 1.713140142107598340e-16
4.472252432971061353e+03 8.453368869700435343e-15 1.743239895734295171e-16
4.474999243980132633e+03 8.453368869700435343e-15 1.714773112339310697e-16
4.477746054989203913e+03 8.207617206259636873e-15 1.677489968968416824e-16
4.480492865998275192e+03 8.327955807656625280e-15 1.688224980170754897e-16
4.483239677007346472e+03 8.502842489450731414e-15 1.699862018513838175e-16
4.485986488016417752e+03 8.502842489450731414e-15 1.711539015757180971e-16
4.488733299025489032e+03 8.329773643010257516e-15 1.694395910797662057e-16
4.491480110034560312e+03 8.671825864417624520e-15 1.721817796112897941e-16
4.494226921043631592e+03 9.158372912219890900e-15 1.737517774328641047e-16
4.496973732052702871e+03 9.418978517874403381e-15 1.790696209862823331e-16
4.499720543061774151e+03 9.422013505831218395e-15 1.824249486936866076e-16
4.502467354070845431e+03 9.952005457113128610e-15 1.850563491340984802e-16
4.505214165079916711e+03 1.046837309126896913e-14 1.832775732035552722e-16
4.507960976088987991e+03 1.053768291070961899e-14 1.815490483978895293e-16
4.510707787098059271e+03 1.064906776361205496e-14 1.818874710486298138e-16
4.513454598107130550e+03 1.130978517797406044e-14 1.864591318880009801e-16
4.516201409116201830e+03 1.159898036386578262e-14 1.911473373801718520e-16
4.518948220125273110e+03 1.159898036386578262e-14 1.955578859018015567e-16
4.521695031134344390e+03 1.182334543034938409e-14 1.932268969470440808e-16
4.524441842143415670e+03 1.189997240461272879e-14 1.903017792650268300e-16
4.527188653152486950e+03 1.189997240461272879e-14 1.884838253899029921e-16
4.529935464161558230e+03 1.239916270262157137e-14 1.922096859699953044e-16
4.532682275170629509e+03 1.302430366482819554e-14 1.952134688816638063e-16
4.535429086179700789e+03 1.368267781411730853e-14 2.006818507119769448e-16
4.538175897188772069e+03 1.382463047535749272e-14 2.001081398107384156e-16
4.540922708197843349e+03 1.434124018609215452e-14 2.037375613705866621e-16
4.543669519206914629e+03 1.490562198623201284e-14 2.059454839262875091e-16
4.546416330215985909e+03 1.553120597894320892e-14 2.096451873425163384e-16
4.549163141225057188e+03 1.613843509046246546e-14 2.111281947727489645e-16
4.551909952234128468e+03 1.664842017582500496e-14 2.191498382763816937e-16
4.554656763243199748e+03 1.766608190873560009e-14 2.349526399883968123e-16
4.557403574252271028e+03 1.909422765898578350e-14 2.319771488163939805e-16
4.560150385261342308e+03 1.969407410818160876e-14 2.296749559921463550e-16
4.562897196270413588e+03 2.066961389536794949e-14 2.353827395039113504e-16
4.565644007279484867e+03 2.173204379237786867e-14 2.392448292735109606e-16
4.568390818288556147e+03 2.211498215290847088e-14 2.396526129797690133e-16
4.571137629297627427e+03 2.264578907984721745e-14 2.410473868345120782e-16
4.573884440306698707e+03 2.346501744467658605e-14 2.733070495881840257e-16
4.576631251315769987e+03 2.410298645208588063e-14 2.898682877085859437e-16
4.579378062324841267e+03 2.422034636463632869e-14 2.632085320496050523e-16
4.582124873333912547e+03 2.429243009063956679e-14 2.484830028114364660e-16
4.584871684342983826e+03 2.477226631059878525e-14 2.518933713400023943e-16
4.587618495352055106e+03 2.477226631059878525e-14 2.537302641619010445e-16
4.590365306361126386e+03 2.477226631059878525e-14 2.527167458811697962e-16
4.593112117370197666e+03 2.477226631059878525e-14 2.511279491854219084e-16
4.595858928379268946e+03 2.477226631059878525e-14 2.502265758623150483e-16
4.598605739388340226e+03 2.452531925231213480e-14 2.512363774615377332e-16
4.601352550397411505e+03 2.435091336460619797e-14 3.219852615188828917e-16
4.604099361406482785e+03 2.514658708314358032e-14 3.504342062402531193e-16
4.606846172415554065e+03 2.528423121983011963e-14 2.523395928023401604e-16
4.609592983424625345e+03 2.528423121983011963e-14 2.526760277313277621e-16
4.612339794433696625e+03 2.532815326189774906e-14 2.525211883656919563e-16
4.615086605442767905e+03 2.562244323356991991e-14 2.546720194808829676e-16
4.617833416451839184e+03 2.602070544614880943e-14 2.564312212179846567e-16
4.620580227460910464e+03 2.625904777799208807e-14 2.634790789862119854e-16
4.623327038469981744e+03 2.709508086847584493e-14 2.834543583785223972e-16
4.626073849479053024e+03 2.770887584678989609e-14 2.863291333476691730e-16
4.628820660488124304e+03 2.848996089193936663e-14 2.729497853776798957e-16
4.631567471497195584e+03 2.900080062734348142e-14 2.695553070274690566e-16
4.634314282506266863e+03 2.983212692904675115e-14 2.738738504395176972e-16
4.637061093515338143e+03 3.089587490814270506e-14 2.762365831346574344e-16
4.639807904524409423e+03 3.126711552055830916e-14 3.522244891245220810e-16
4.642554715533480703e+03 3.163304850267029122e-14 3.865485147376242821e-16
4.645301526542551983e+03 3.136049096163909986e-14 2.773526272993327486e-16
4.648048337551623263e+03 3.146728446087363860e-14 2.783760262834102561e-16
4.650795148560694543e+03 3.138500340113996353e-14 2.765878227302726609e-16
4.653541959569765822e+03 3.100792830757079520e-14 3.499807178082726800e-16
4.656288770578837102e+03 2.923599269578566751e-14 3.739922836159837458e-16
4.659035581587908382e+03 2.923599269578566751e-14 2.700198834641753008e-16
4.661782392596979662e+03 2.923599269578566751e-14 3.432834003613797524e-16
4.664529203606050942e+03 2.659746134816599883e-14 3.577516444622442148e-16
4.667276014615122222e+03 2.654592585104185904e-14 3.262239071722575214e-16
4.670022825624193501e+03 2.604211097256229169e-14 3.553527148067220278e-16
4.672769636633264781e+03 2.513346909033167609e-14 2.512262627582280207e-16
4.675516447642336061e+03 2.422185860976195152e-14 2.479878258298355335e-16
4.678263258651407341e+03 2.389948454787343685e-14 2.471505336930066093e-16
4.681010069660478621e+03 2.280442447834650009e-14 2.426474335518169667e-16
4.683756880669549901e+03 2.165214074160191213e-14 2.394357886783108557e-16
4.686503691678621180e+03 2.099793020015237871e-14 2.357395887370045873e-16
4.689250502687692460e+03 2.038142219001954341e-14 2.323028535968403153e-16
4.691997313696763740e+03 1.965399330511025741e-14 2.291022435674256432e-16
4.694744124705835020e+03 1.925353340830301788e-14 2.877117011720577170e-16
4.697490935714906300e+03 1.845754079362205841e-14 3.115522705272877335e-16
4.700237746723977580e+03 1.800433760495587728e-14 2.212926711208003164e-16
4.702984557733048860e+03 1.713080076095721297e-14 2.171936433858033760e-16
4.705731368742120139e+03 1.650398900000017076e-14 2.141041965028838358e-16
4.708478179751191419e+03 1.607306894138412674e-14 2.113745004937344569e-16
4.711224990760262699e+03 1.532772355798217807e-14 2.076342374007124724e-16
4.713971801769333979e+03 1.462252887139477786e-14 2.054848412835909833e-16
4.716718612778405259e+03 1.439972274039504884e-14 2.039948325270229531e-16
4.719465423787476539e+03 1.439972274039504884e-14 2.043262941639734322e-16
4.722212234796547818e+03 1.399056070009363677e-14 2.023895267001011138e-16
4.724959045805619098e+03 1.345594536785245212e-14 2.003406866813764988e-16
4.727705856814690378e+03 1.345594536785245212e-14 2.002836030737312538e-16
4.730452667823761658e+03 1.345594536785245212e-14 2.000508404655465721e-16
4.733199478832832938e+03 1.299639703083436562e-14 1.958987412817756555e-16
4.735946289841904218e+03 1.305886502306541649e-14 1.993501407644195040e-16
4.738693100850975497e+03 1.299639703083436562e-14 2.517475273133975166e-16
4.741439911860046777e+03 1.299639703083436562e-14 2.750888785765293922e-16
4.744186722869118057e+03 1.269212990586926933e-14 1.958253862057593112e-16
4.746933533878189337e+03 1.275381087320102351e-14 1.967638964797057248e-16
4.749680344887260617e+03 1.273754446511339154e-14 1.980484587840690684e-16
4.752427155896331897e+03 1.273754446511339154e-14 1.963071527458299618e-16
4.755173966905403176e+03 1.273754446511339154e-14 1.967957954185767018e-16
4.757920777914474456e+03 1.273754446511339154e-14 1.955785922798667097e-16
4.760667588923545736e+03 1.273060734074912843e-14 1.969366635831008319e-16
4.763414399932617016e+03 1.267761367331368740e-14 1.978930856480512144e-16
4.766161210941688296e+03 1.258780681314786455e-14 1.958563506327589971e-16
4.768908021950759576e+03 1.243032896277074413e-14 1.938411989733125854e-16
4.771654832959830856e+03 1.230905573493351526e-14 1.935167179825045898e-16
4.774401643968902135e+03 1.254816948955591453e-14 2.037642518465508215e-16
4.777148454977973415e+03 1.293463395112989828e-14 2.036810151990189352e-16
4.779895265987044695e+03 1.293463395112989828e-14 2.084375053837843520e-16
4.782642076996115975e+03 1.302752234099249933e-14 2.099675091426635698e-16
4.785388888005187255e+03 1.309498301677808370e-14 2.003888567327991906e-16
4.788135699014258535e+03 1.311989646079054266e-14 1.970707584675143352e-16
4.790882510023329814e+03 1.361120044233752887e-14 2.019531798255706041e-16
4.793629321032401094e+03 1.403182903220685578e-14 2.030950736879670957e-16
4.796376132041472374e+03 1.451932117747331955e-14 2.046735134016378549e-16
4.799122943050543654e+03 1.465596548070479813e-14 2.044837599058357791e-16
4.801869754059614934e+03 1.490963584594691844e-14 2.066569328091583108e-16
4.804616565068686214e+03 1.548370626475319854e-14 2.183910081772731044e-16
4.807363376077757493e+03 1.607787669416495667e-14 2.158348572733840872e-16
4.810110187086828773e+03 1.667636186052743864e-14 2.159368952138364332e-16
4.812856998095900053e+03 1.725594652018329471e-14 2.191785818549473311e-16
4.815603809104971333e+03 1.755662677821850089e-14 2.193533571403266273e-16
4.818350620114042613e+03 1.804302147666651679e-14 2.225375229133752091e-16
4.821097431123113893e+03 1.899845296155702403e-14 2.284863676870958216e-16
4.823844242132185173e+03 1.961262715569809681e-14 2.306295140151535558e-16
4.826591053141256452e+03 1.992518049437363890e-14 2.315543699308933075e-16
4.829337864150327732e+03 2.046385351759482223e-14 2.355342711422459621e-16
4.832084675159399012e+03 2.089749163500223326e-14 2.358338098667976142e-16
4.834831486168470292e+03 2.098180672563097024e-14 2.371868628077866423e-16
4.837578297177541572e+03 2.058692205006082520e-14 2.376224931304319961e-16
4.840325108186612852e+03 2.054340659568755192e-14 2.351788215357027625e-16
4.843071919195684131e+03 2.052886875365490504e-14 2.339832593406947689e-16
4.845818730204755411e+03 1.994265392079845663e-14 2.344357599683410826e-16
4.848565541213826691e+03 1.969698946374521803e-14 2.317518688687876393e-16
4.851312352222897971e+03 1.957581709388597061e-14 2.294761656592516341e-16
4.854059163231969251e+03 1.946595300307829397e-14 2.306433879125134304e-16
4.856805974241040531e+03 1.895035765398475827e-14 2.293272678814932521e-16
4.859552785250111810e+03 1.863603550501235023e-14 2.277345095517926345e-16
4.862299596259183090e+03 1.863603550501235023e-14 2.313659313367619729e-16
4.865046407268254370e+03 1.852244026378260583e-14 2.254869533931966329e-16
4.867793218277325650e+03 1.818711256555065425e-14 2.236506459060049527e-16
4.870540029286396930e+03 1.818711256555065425e-14 2.253093040700802472e-16
4.873286840295468210e+03 1.818711256555065425e-14 2.238401289804327106e-16
4.876033651304539490e+03 1.785965503725967204e-14 2.211089755342140607e-16
4.878780462313610769e+03 1.810862521180385771e-14 2.222170224157862718e-16
4.881527273322682049e+03 1.808791683929912987e-14 2.221500873474967736e-16
4.884274084331753329e+03 1.771756120804090623e-14 2.201928830444377606e-16
4.887020895340824609e+03 1.773336132606234996e-14 2.398150527169565920e-16
4.889767706349895889e+03 1.810862521180385771e-14 2.313783262770012104e-16
4.892514517358967169e+03 1.810862521180385771e-14 2.291630618255101714e-16
4.895261328368038448e+03 1.821080189090361302e-14 2.251588079450348069e-16
4.898008139377109728e+03 1.804405736826490800e-14 2.703074462137387904e-16
4.900754950386181008e+03 1.821080189090361302e-14 2.383706350476625816e-16
4.903501761395252288e+03 1.894664826531321628e-14 2.284720991974639538e-16
4.906248572404323568e+03 1.894664826531321628e-14 2.331908495088433118e-16
4.908995383413394848e+03 1.894664826531321628e-14 2.271585419163550898e-16
4.911742194422466127e+03 1.976155963103910736e-14 2.539117917375246588e-16
4.914489005431537407e+03 1.976155963103910736e-14 2.391811846800619854e-16
4.917235816440608687e+03 1.976155963103910736e-14 2.306173085826212974e-16
4.919982627449679967e+03 1.978302305576589045e-14 2.303792541823311709e-16
4.922729438458751247e+03 2.001999716460093975e-14 2.309131786224199996e-16
4.925476249467822527e+03 2.035782759387444552e-14 2.331673189076742537e-16
4.928223060476893806e+03 2.072196993070397884e-14 2.350876709467158826e-16
4.930969871485965086e+03 2.109637715146110014e-14 2.369074008825780370e-16
4.933716682495036366e+03 2.171950457539481184e-14 2.506161279908000920e-16
4.936463493504107646e+03 2.201095176313723170e-14 2.583414605481978398e-16
4.939210304513178926e+03 2.201095176313723170e-14 2.430366158980338992e-16
4.941957115522250206e+03 2.225427860908032490e-14 2.440856840408337147e-16
4.944703926531321486e+03 2.260965047281518820e-14 2.436203303599335083e-16
4.947450737540392765e+03 2.304006809993971450e-14 2.588042430087828026e-16
4.950197548549464045e+03 2.304006809993971450e-14 2.559140944263629835e-16
4.952944359558535325e+03 2.339404232963910065e-14 2.490432179609882865e-16
4.955691170567606605e+03 2.374238281428358112e-14 2.524463264748043653e-16
4.958437981576677885e+03 2.374238281428358112e-14 2.504487702363722914e-16
4.961184792585749165e+03 2.374238281428358112e-14 2.486777977316297587e-16
4.963931603594820444e+03 2.374238281428358112e-14 2.489268501945686070e-16
4.966678414603891724e+03 2.374238281428358112e-14 2.496823708814159473e-16
4.969425225612963004e+03 2.374238281428358112e-14 2.489578119662096323e-16
4.972172036622034284e+03 2.374238281428358112e-14 2.527036722113146494e-16
4.974918847631105564e+03 2.368488576803345709e-14 2.485477684720310779e-16
4.977665658640176844e+03 2.349907330051432198e-14 2.484433068656066843e-16
4.980412469649248123e+03 2.321243204129976235e-14 2.461355310826884278e-16
4.983159280658319403e+03 2.229251682071704319e-14 2.442752524120994621e-16
4.985906091667390683e+03 2.172582979500440490e-14 2.420790004190014126e-16
4.988652902676461963e+03 2.149711452320614089e-14 2.447902400282811920e-16
4.991399713685533243e+03 2.070359791935491549e-14 2.446738023146270013e-16
4.994146524694604523e+03 2.078798107777507739e-14 2.455314485444443973e-16
4.996893335703675803e+03 1.996974396030978985e-14 2.387436683857603293e-16
4.999640146712747082e+03 1.959973989747811510e-14 2.332725065930120890e-16
5.002386957721818362e+03 1.964162574509622723e-14 2.321359596269693213e-16
5.005133768730889642e+03 1.940642435023893444e-14 2.307945432020741950e-16
5.007880579739960922e+03 1.876147393433952544e-14 2.274199664916201197e-16
5.010627390749032202e+03 1.834553334340299283e-14 2.258036266800006137e-16
5.013374201758103482e+03 1.847723851940462373e-14 2.302640494482248589e-16
5.016121012767174761e+03 1.845463275389921972e-14 2.272170165094609538e-16
5.018867823776246041e+03 1.788099292143239445e-14 2.241403679666200631e-16
5.021614634785317321e+03 1.689023952401736783e-14 2.176661346615902587e-16
5.024361445794388601e+03 1.674861427222415214e-14 2.180111783198980721e-16
5.027108256803459881e+03 1.665319327017526096e-14 2.179569632162152964e-16
5.029855067812531161e+03 1.642619624905061305e-14 2.179191094523826071e-16
5.032601878821602440e+03 1.616855548689675866e-14 2.174774073224700671e-16
5.035348689830673720e+03 1.584524515452550189e-14 2.207629977765514749e-16
5.038095500839745000e+03 1.496265890304667021e-14 2.172025613550095808e-16
5.040842311848816280e+03 1.451618189130940694e-14 2.278060748257091354e-16
5.043589122857887560e+03 1.493370634356845107e-14 2.331845730555467528e-16
5.046335933866958840e+03 1.460874399860629033e-14 2.146243954031388087e-16
5.049082744876030119e+03 1.460874399860629033e-14 2.075414269063135925e-16
5.051829555885101399e+03 1.424250739498652788e-14 2.060644876793127137e-16
5.054576366894172679e+03 1.454454331450165494e-14 2.096704148772751216e-16
5.057323177903243959e+03 1.391909445259391460e-14 2.037779120928529481e-16
5.060069988912315239e+03 1.334458329696091316e-14 2.008055164905309838e-16
5.062816799921386519e+03 1.379379637657014962e-14 2.144485428785611153e-16
5.065563610930457799e+03 1.356530928943541981e-14 2.060251818175320716e-16
5.068310421939529078e+03 1.350581437615940549e-14 2.060364859306327517e-16
5.071057232948600358e+03 1.338821989665531542e-14 2.026633307086791753e-16
5.073804043957671638e+03 1.269460220375736700e-14 2.031663360814497849e-16
5.076550854966742918e+03 1.304825641750287835e-14 2.019958118074682492e-16
5.079297665975814198e+03 1.323322487321728007e-14 2.019839965904602387e-16
5.082044476984885478e+03 1.299858358057461500e-14 2.026967643602400043e-16
5.084791287993956757e+03 1.340828557615305117e-14 2.112997797865885148e-16
5.087538099003028037e+03 1.306803353620197437e-14 2.011416666129157270e-16
5.090284910012099317e+03 1.274519432739044333e-14 2.044061664950560681e-16
5.093031721021170597e+03 1.241240065115158801e-14 1.986223879696402789e-16
5.095778532030241877e+03 1.217575766804933482e-14 1.964216252789246235e-16
5.098525343039313157e+03 1.205220310178809752e-14 1.959873904968167413e-16
5.101272154048384436e+03 1.222907771726309987e-14 2.044101947242744687e-16
5.104018965057455716e+03 1.210110002011068128e-14 1.967349056917542215e-16
5.106765776066526996e+03 1.178498154245413895e-14 1.947658910719069669e-16
5.109512587075598276e+03 1.192985416198861620e-14 1.988471275670934496e-16
5.112259398084669556e+03 1.145662012382881880e-14 1.932461592804028430e-16
5.115006209093740836e+03 1.149194309226702587e-14 1.952387396566589883e-16
5.117753020102812116e+03 1.167127778515911502e-14 1.951651626100975768e-16
5.120499831111883395e+03 1.126891143450891680e-14 1.916838628024087043e-16
5.123246642120954675e+03 1.100470671280263219e-14 1.914170396474871781e-16
5.125993453130025955e+03 1.176820722588612754e-14 2.155567797460159607e-16
5.128740264139097235e+03 1.155414236649103073e-14 1.972599741052247849e-16
5.131487075148168515e+03 1.170478784880706977e-14 1.982499461995557734e-16
5.134233886157239795e+03 1.131708681098425706e-14 1.937708147505354762e-16
5.136980697166311074e+03 1.087792523391390312e-14 1.915643182879154430e-16
5.139727508175382354e+03 1.094486341597394296e-14 1.942270631552436343e-16
5.142474319184453634e+03 1.093892508352161524e-14 1.930920496803747112e-16
5.145221130193524914e+03 1.056302202645888686e-14 1.904721213596956985e-16
5.147967941202596194e+03 1.099242726224099046e-14 1.948075135002353796e-16
5.150714752211667474e+03 1.080169463402112356e-14 1.975181151279361522e-16
5.153461563220738753e+03 1.046544880634894417e-14 1.923392303286980764e-16
5.156208374229810033e+03 1.060877339271509515e-14 1.924607528168114335e-16
5.158955185238881313e+03 1.086868179946927904e-14 1.957350941637136618e-16
5.161701996247952593e+03 1.096897135283998780e-14 1.957864777998257076e-16
5.164448807257023873e+03 1.064035658323651311e-14 1.929449238828816093e-16
5.167195618266095153e+03 1.110099388105274025e-14 2.004803343536094396e-16
5.169942429275166432e+03 1.100646606812777814e-14 1.958181663930100097e-16
5.172689240284237712e+03 1.101769581175237552e-14 1.980248661941649898e-16
5.175436051293308992e+03 1.106935194760704600e-14 1.978809551899504814e-16
5.178182862302380272e+03 1.159518859546843826e-14 2.106403320692212245e-16
5.180929673311451552e+03 1.160084934448729729e-14 2.008245100715935683e-16
5.183676484320522832e+03 1.146469602146515711e-14 2.036213900597973227e-16
5.186423295329594112e+03 1.174430962046180016e-14 2.114200605674062818e-16
5.189170106338665391e+03 1.149438932550684108e-14 2.041570557187064311e-16
5.191916917347736671e+03 1.203138673198891067e-14 2.086756712046337297e-16
5.194663728356807951e+03 1.157692083093044904e-14 2.025887287292250390e-16
5.197410539365879231e+03 1.209170011494289871e-14 2.073323790130887596e-16
5.200157350374950511e+03 1.234888996658833139e-14 2.097027581343439904e-16
5.202904161384021791e+03 1.183500423233217897e-14 2.064991180352420887e-16
5.205650972393093070e+03 1.266774695388368506e-14 2.223569619971435080e-16
5.208397783402164350e+03 1.271919260408343615e-14 2.139700765528156871e-16
5.211144594411235630e+03 1.361791789313297272e-14 2.197409541425160330e-16
5.213891405420306910e+03 1.388856033231887413e-14 2.239605886656940772e-16
5.216638216429378190e+03 1.344421729178394925e-14 2.182728613562657983e-16
5.219385027438449470e+03 1.424274202474850050e-14 2.281120200572216076e-16
5.222131838447520749e+03 1.503811426903835819e-14 2.307964495282755966e-16
5.224878649456592029e+03 1.457736034554553264e-14 2.256141277697100922e-16
5.227625460465663309e+03 1.518560195505642892e-14 2.324968313935941417e-16
5.230372271474734589e+03 1.575918909495711965e-14 2.377857055528988021e-16
5.233119082483805869e+03 1.568551079988489672e-14 2.354085930985896963e-16
5.235865893492877149e+03 1.581188573665384987e-14 2.360266717597221478e-16
5.238612704501948429e+03 1.679347697303119551e-14 2.429311095822433569e-16
5.241359515511019708e+03 1.684066648158044241e-14 2.419490497781518430e-16
5.244106326520090988e+03 1.626904881087949371e-14 2.441209705965032218e-16
5.246853137529162268e+03 1.672414868468019623e-14 2.436322804933860130e-16
5.249599948538233548e+03 1.711607031279999198e-14 2.487640539129807171e-16
5.252346759547304828e+03 1.714795771215520418e-14 2.478763124914201713e-16
5.255093570556376108e+03 1.689861076644941767e-14 2.462276515724292328e-16
5.257840381565447387e+03 1.742433337342568593e-14 2.499278074859344137e-16
5.260587192574518667e+03 1.770882069263863596e-14 2.573055629881923342e-16
5.263334003583589947e+03 1.726156481990531097e-14 2.562378003284454921e-16
5.266080814592661227e+03 1.671278713530671827e-14 2.787878345132465775e-16
5.268827625601732507e+03 1.804682142220455443e-14 2.576468943835121275e-16
5.271574436610803787e+03 1.802037297803201060e-14 2.577977969694958438e-16
5.274321247619875066e+03 1.800948919613696160e-14 2.593419031369297385e-16
5.277068058628946346e+03 1.842549945177924839e-14 2.607935190415699927e-16
5.279814869638017626e+03 1.865861961602419343e-14 2.639996736093650431e-16
5.282561680647088906e+03 1.912521711794553100e-14 2.667158162979542501e-16
5.285308491656160186e+03 1.954555296074032872e-14 2.190613393142661997e-16
5.288055302665231466e+03 1.951859792274599490e-14 2.238221365333640794e-16
5.289000000000000000e+03 1.947687007146283179e-14 1.800347585759891368e-16
5.290802113674302745e+03 2.010002320339569889e-14 1.967593894564116808e-16
5.293548924683374025e+03 1.999222719910998027e-14 2.166934853591861101e-16
5.293879119425153476e+03 1.996876449356890363e-14 2.006024662251689467e-16
5.296295735692445305e+03 2.032391356760164147e-14 1.821262255713642894e-16
5.298758238850306952e+03 2.041674372829820362e-14 2.008297424095849277e-16
5.299042546701516585e+03 2.043694214065225617e-14 2.138753202627109857e-16
5.301789357710587865e+03 2.041037606401267359e-14 1.822951664769506544e-16
5.303637358275460429e+03 2.017156573801798983e-14 1.870506127350358219e-16
5.304536168719659145e+03 2.016699141001763705e-14 2.246801927069924170e-16
5.307282979728730425e+03 2.073793809428255136e-14 1.862553478054748907e-16
5.308516477700613905e+03 2.090980544559684792e-14 1.650140932038744261e-16
5.310029790737801704e+03 2.145304685453697727e-14 2.004421758837320904e-16
5.312776601746872984e+03 2.204481653305890181e-14 2.178844087585605928e-16
5.313395597125767381e+03 2.179697498336620000e-14 1.907634408612875210e-16
5.315523412755944264e+03 2.148621100003916767e-14 1.799583440622413491e-16
5.318270223765015544e+03 2.119902260766920140e-14 2.141956735655324698e-16
5.318274716550920857e+03 2.119942237041422338e-14 2.140004997846309496e-16
5.321017034774086824e+03 2.160290937148204476e-14 1.638794997969481436e-16
5.323153835976074333e+03 2.128727549502733786e-14 1.686538927607332991e-16
5.323763845783158104e+03 2.122166682199357116e-14 1.856427944355956207e-16
5.326510656792229383e+03 2.115009847463858392e-14 2.020637896533824381e-16
5.328032955401227809e+03 2.085878034157161685e-14 1.782676846337350454e-16
5.329257467801300663e+03 2.081809545405904634e-14 2.170025772286952585e-16
5.332004278810371943e+03 2.091103708715451917e-14 2.171638809556425228e-16
5.332912074826381286e+03 2.079167763476839743e-14 1.810581454795928599e-16
5.334751089819443223e+03 2.095884366722507263e-14 1.871319940546102881e-16
5.337497900828514503e+03 2.066925178736438024e-14 2.174519585525315303e-16
5.337791194251534762e+03 2.069275488654381336e-14 2.043673654309749388e-16
5.340244711837585783e+03 2.116325520852842489e-14 1.846277401559308487e-16
5.342670313676688238e+03 2.111183123189479766e-14 2.111419295619696124e-16
5.342991522846657062e+03 2.112583464950695988e-14 2.259732702291601040e-16
5.345738333855728342e+03 2.100597820950878591e-14 1.952606431050104118e-16
5.347549433101841714e+03 2.047171781573554739e-14 1.839316985837501308e-16
5.348485144864799622e+03 2.044782417693336423e-14 2.222313234672319924e-16
5.351231955873870902e+03 2.035456328604296342e-14 2.312930497904950115e-16
5.352428552526995190e+03 2.039270429104913397e-14 1.890357094325688202e-16
5.353978766882942182e+03 2.019033599431076962e-14 2.049549604027561663e-16
5.356725577892013462e+03 2.003476064042504028e-14 2.220647645930971962e-16
5.357307671952148667e+03 1.995510853390063281e-14 1.959070617206904488e-16
5.359472388901084742e+03 2.008567146126467279e-14 1.904852294889539762e-16
5.362186791377302143e+03 1.989893907999629949e-14 2.231181052390189484e-16
5.362219199910156021e+03 1.990117711727958024e-14 2.246447608791100132e-16
5.364966010919227301e+03 2.010170807336264362e-14 1.910989977451022112e-16
5.367065910802455619e+03 1.987368329558379348e-14 1.982411360483708852e-16
5.367712821928298581e+03 1.986937818954900326e-14 2.282745106141423513e-16
5.370459632937369861e+03 1.967667587979264321e-14 2.054674955083819983e-16
5.371945030227609095e+03 1.953015979793696096e-14 1.797296650947143873e-16
5.373206443946441141e+03 1.946252194046457933e-14 2.146309549799202354e-16
5.375953254955512421e+03 1.925274292361007521e-14 2.325173926553615264e-16
5.376824149652762571e+03 1.943758142782382498e-14 1.926272255839442448e-16
5.378700065964583700e+03 1.970064652551129880e-14 2.031021288199578843e-16
5.381446876973654980e+03 2.032216575558890145e-14 2.535739589136063239e-16
5.381703269077916048e+03 2.033075695316098577e-14 2.408665547151988650e-16
5.384193687982726260e+03 1.998771911038445675e-14 1.963187426444378509e-16
5.386582388503069524e+03 1.991150826138471941e-14 2.133912881535069356e-16
5.386940498991797540e+03 1.989183781183982539e-14 2.305285326941477296e-16
5.389687310000868820e+03 2.055279180267682643e-14 2.007355349531895601e-16
5.391461507928223000e+03 2.093098171046406208e-14 1.930437903267456052e-16
5.392434121009940100e+03 2.069757243982668839e-14 2.343202674475797299e-16
5.395180932019011379e+03 2.063386806875736314e-14 2.359798801313523050e-16
5.396340627353376476e+03 2.069757243982668839e-14 1.953060646785563940e-16
5.397927743028082659e+03 2.108150866282788009e-14 2.083511016827450050e-16
5.400674554037153939e+03 2.167510781084561875e-14 2.361307015852451033e-16
5.401219746778529952e+03 2.171699328493371566e-14 2.108328503340324966e-16
5.403421365046225219e+03 2.230129990398889069e-14 1.974095944840418134e-16
5.406098866203683428e+03 2.325938083711894226e-14 2.367826088639480957e-16
5.406168176055296499e+03 2.327659932865073993e-14 2.400598424096605649e-16
5.408914987064367779e+03 2.355976735876120470e-14 2.101780545636506875e-16
5.410977985628836905e+03 2.367136841374714590e-14 2.168064937945310570e-16
5.411661798073439058e+03 2.391752889713814256e-14 2.529223782555574083e-16
5.414408609082510338e+03 2.485002544432350804e-14 2.239115308374271213e-16
5.415857105053990381e+03 2.493433881303387130e-14 1.998857629326089821e-16
5.417155420091581618e+03 2.541496029714613697e-14 2.357849103379963403e-16
5.419902231100652898e+03 2.590553121544542015e-14 2.464176506595957392e-16
5.420736224479143857e+03 2.596571329016127062e-14 2.092422405459702776e-16
5.422649042109724178e+03 2.678875572045970263e-14 2.091373134433019466e-16
5.425395853118795458e+03 2.662720372289921626e-14 2.454603317640588309e-16
5.425615343904297333e+03 2.663123312086369667e-14 2.351120400878349936e-16
5.428142664127866738e+03 2.713676714126359730e-14 2.021320855440955468e-16
5.430494463329450809e+03 2.784036194330763292e-14 2.298439920865468318e-16
5.430889475136938017e+03 2.791571331232107764e-14 2.484485617554051238e-16
5.433636286146009297e+03 2.815825735022475261e-14 2.135002073856376072e-16
5.435373582754604286e+03 2.821815970376845978e-14 2.059160923595186292e-16
5.436383097155080577e+03 2.832751904487804706e-14 2.476988458171730962e-16
5.439129908164151857e+03 2.821495530914206615e-14 2.532039362622113043e-16
5.440252702179757762e+03 2.849510397488975233e-14 2.087686793625966704e-16
5.441876719173223137e+03 2.909099370756988394e-14 2.288805721363601485e-16
5.444623530182294417e+03 2.910208367558549088e-14 2.470636196976957357e-16
5.445131821604911238e+03 2.903977370846664990e-14 2.243968837648082275e-16
5.447370341191365696e+03 2.971840490282005013e-14 2.166608904269645227e-16
5.450010941030064714e+03 2.962749433937575441e-14 2.678174575448388988e-16
5.450117152200436976e+03 2.965502886118674855e-14 2.729617744543045103e-16
5.452863963209508256e+03 3.036638172986390009e-14 2.081779848457041618e-16
5.454890060455218190e+03 3.041332696166259109e-14 2.159703063756130396e-16
5.455610774218579536e+03 3.040334254647704922e-14 2.475368049316585723e-16
5.458357585227650816e+03 3.051780677494617778e-14 2.262226445068134538e-16
5.459769179880371667e+03 3.051780677494617778e-14 2.007486379942729357e-16
5.461104396236722096e+03 3.061226661803096588e-14 2.288774153132202848e-16
5.463851207245793375e+03 3.114496577898394644e-14 2.459682632665293362e-16
5.464648299305525143e+03 3.120082101748578930e-14 2.119846449710260728e-16
5.466598018254864655e+03 3.125209035424220690e-14 2.046847811506872013e-16
5.469344829263935935e+03 3.117976089921408772e-14 2.476476199461050974e-16
5.469527418730678619e+03 3.114496577898394644e-14 2.391295295147067619e-16
5.472091640273007215e+03 3.116626607489522882e-14 1.998641863251072181e-16
5.474406538155832095e+03 3.116075555494345793e-14 2.343669751605461635e-16
5.474838451282078495e+03 3.119223717055058419e-14 2.527354359454921216e-16
5.477585262291149775e+03 3.128477584769202360e-14 1.884290791329053479e-16
5.479285657580985571e+03 3.108088609067022409e-14 1.935215441343603031e-16
5.480332073300221055e+03 3.125198135591481359e-14 2.411874510102240475e-16
5.483078884309292334e+03 3.133222336154608645e-14 2.421759657512521189e-16
5.484164777006139047e+03 3.133222336154608645e-14 2.016000005484713828e-16
5.485825695318363614e+03 3.140853300357879159e-14 2.113018353882787101e-16
5.488572506327434894e+03 3.138604943094527524e-14 2.394889389197632280e-16
5.489043896431292524e+03 3.133222336154608645e-14 2.191270942977905875e-16
5.491319317336506174e+03 3.140853300357879159e-14 1.952304333073547780e-16
5.493923015856446000e+03 3.140853300357879159e-14 2.346422989274451225e-16
5.494066128345577454e+03 3.142580414198646498e-14 2.408990336291693431e-16
5.496812939354648734e+03 3.126905770028181084e-14 1.962758960045051361e-16
5.498802135281599476e+03 3.130269210121936543e-14 2.171136303479026514e-16
5.499559750363720013e+03 3.131938728433201624e-14 2.484090990953471248e-16
5.502306561372791293e+03 3.130269210121936543e-14 2.303906442698622110e-16
5.503681254706752952e+03 3.130269210121936543e-14 2.026718492510547762e-16
5.505053372381862573e+03 3.130269210121936543e-14 2.197974150226466573e-16
5.507800183390933853e+03 3.091228184366022973e-14 2.377341002395507986e-16
5.508560374131906428e+03 3.100837972515032774e-14 2.064297123384543632e-16
5.510546994400005133e+03 3.105305108474724876e-14 1.952328725916689600e-16
5.513293805409076413e+03 3.106554986871617790e-14 2.345282982092859396e-16
5.513439493557059905e+03 3.107266724460947185e-14 2.282061991966683866e-16
5.516040616418147692e+03 3.114926131112738379e-14 1.914517508427383452e-16
5.518318612982213381e+03 3.099291252497257062e-14 2.133235209699306293e-16
5.518787427427218972e+03 3.095110300016353425e-14 2.333243603102816410e-16
5.521534238436290252e+03 3.107702598366760443e-14 2.028680677107600754e-16
5.523197732407366857e+03 3.110163544530593237e-14 1.934378438341001035e-16
5.524281049445361532e+03 3.107702598366760443e-14 2.320992196495057049e-16
5.527027860454432812e+03 3.107702598366760443e-14 2.315262630938182213e-16
5.528076851832520333e+03 3.100432125193367188e-14 1.919010892850292042e-16
5.529774671463504092e+03 3.110163544530593237e-14 1.997468406041519036e-16
5.532521482472575372e+03 3.105954616137212759e-14 2.305872263309578585e-16
5.532955971257673809e+03 3.102785515609288174e-14 2.118437225149957303e-16
5.535268293481646651e+03 3.110037100890725326e-14 1.901088561314220334e-16
5.537835090682827285e+03 3.105954616137212759e-14 2.224481814762069767e-16
5.538015104490717931e+03 3.102785515609288174e-14 2.302889181292331641e-16
5.540761915499789211e+03 3.102785515609288174e-14 1.974142848887228416e-16
5.542714210107980762e+03 3.097383263384078603e-14 2.030669114099253555e-16
5.543508726508860491e+03 3.087883266122827103e-14 2.368016754356486976e-16
5.546255537517931771e+03 3.077023675126449456e-14 2.297404269711264818e-16
5.547593329533134238e+03 3.068271095326263502e-14 1.933593973301471393e-16
5.549002348527003051e+03 3.061590990766647940e-14 1.994111317595546077e-16
5.551749159536074330e+03 3.065969152021786205e-14 2.273700918990388775e-16
5.552472448958287714e+03 3.061590990766647940e-14 1.969404056247645026e-16
5.554495970545145610e+03 3.061590990766647940e-14 1.891439181343901687e-16
5.557242781554216890e+03 3.054254713102150762e-14 2.261068848634348246e-16
5.557351568383441190e+03 3.053536283302182196e-14 2.214025109507601601e-16
5.559989592563288170e+03 3.051632844322848948e-14 1.918426419888841954e-16
5.562230687808594666e+03 3.051632844322848948e-14 2.106602475046080425e-16
5.562736403572359450e+03 3.051632844322848948e-14 2.348095087652667295e-16
5.565483214581430730e+03 3.031607956171400172e-14 1.999880474425757116e-16
5.567109807233748143e+03 3.031607956171400172e-14 1.841654547081863220e-16
5.568230025590502009e+03 3.030821896700522157e-14 2.227473056939092805e-16
5.570976836599573289e+03 3.029316626491759227e-14 2.481972343760573448e-16
5.571988926658901619e+03 3.020954041857982529e-14 2.042246158252936826e-16
5.573723647608644569e+03 3.020954041857982529e-14 1.901181737235293576e-16
5.576470458617715849e+03 3.004137002370376514e-14 2.208335458323864376e-16
5.576868046084055095e+03 3.002920261496149575e-14 2.038230524131952196e-16
5.579217269626787129e+03 2.984154683455758679e-14 1.822723493422692219e-16
5.581747165509208571e+03 2.970009111846800528e-14 2.122026235625833360e-16
5.581964080635858409e+03 2.968100276063017562e-14 2.214781188505640821e-16
5.584710891644929688e+03 2.955820578741906672e-14 1.861064620585527243e-16
5.586626284934362047e+03 2.934153067050174237e-14 1.843437293824000554e-16
5.587457702654000968e+03 2.933096478246417385e-14 2.173972186151933598e-16
5.590204513663072248e+03 2.913707249930831049e-14 2.056833380841777171e-16
5.591505404359515524e+03 2.899184244443618230e-14 1.755063442765353025e-16
5.592951324672143528e+03 2.899184244443618230e-14 2.002292363793869353e-16
5.595698135681214808e+03 2.899184244443618230e-14 2.181132659865752458e-16
5.596384523784669000e+03 2.895340845570744251e-14 1.896771739964780602e-16
5.598444946690286088e+03 2.895288236070848307e-14 1.786911648805265849e-16
5.601191757699357368e+03 2.859670547564812498e-14 2.118389063241777807e-16
5.601263643209822476e+03 2.858621095753594104e-14 2.088415784249890301e-16
5.603938568708428647e+03 2.847045955278552943e-14 1.758692964726118534e-16
5.606142762634975952e+03 2.809088572155599813e-14 1.868834262208752465e-16
5.606685379717499927e+03 2.809088572155599813e-14 2.090256387869269614e-16
5.609432190726571207e+03 2.770104057376888244e-14 1.848044020240411539e-16
5.611021882060129428e+03 2.740014285206998663e-14 1.678417949075762715e-16
5.612179001735642487e+03 2.736824677109168522e-14 2.021134843957170980e-16
5.614925812744713767e+03 2.736824677109168522e-14 2.058464811654870136e-16
5.615901001485282904e+03 2.736824677109168522e-14 1.707159156415893622e-16
5.617672623753785047e+03 2.736824677109168522e-14 1.771391056753966189e-16
5.620419434762856326e+03 2.730338850453014733e-14 2.062093209461184544e-16
5.620780120910436381e+03 2.722295921318518235e-14 1.916075962187956064e-16
5.623166245771927606e+03 2.670948234736925051e-14 1.542784997377844970e-16
5.625659240335589857e+03 2.661762967352573833e-14 1.617093747922960869e-16
5.625913056780998886e+03 2.661762967352573833e-14 1.676382441082208931e-16
5.628659867790070166e+03 2.645642336680798820e-14 1.647873763696546100e-16
5.630538359760743333e+03 2.616962592301622698e-14 1.691189677172128388e-16
5.631406678799141446e+03 2.600332866797567079e-14 2.003957625431095091e-16
5.634153489808212726e+03 2.540277829979726205e-14 1.863376100455037384e-16
5.635417479185896809e+03 2.540277829979726205e-14 1.578936396002653682e-16
5.636900300817284005e+03 2.536865722505308840e-14 1.775909295701138219e-16
5.639647111826355285e+03 2.536865722505308840e-14 1.958081221821096529e-16
5.640296598611050285e+03 2.536865722505308840e-14 1.713464729683450507e-16
5.642393922835426565e+03 2.487060595937291907e-14 1.630272494623052191e-16
5.645140733844497845e+03 2.455639862446399019e-14 1.950802505649281049e-16
5.645175718036203762e+03 2.455639862446399019e-14 1.936784619271168396e-16
5.647887544853569125e+03 2.436160066928370519e-14 1.612283385383244230e-16
5.650054837461357238e+03 2.393867973073728790e-14 1.680682091071784090e-16
5.650634355862640405e+03 2.384821481138389727e-14 1.895860433518592265e-16
5.653381166871711685e+03 2.364007231898538639e-14 1.683176624512214205e-16
5.654933956886510714e+03 2.358005405524915649e-14 1.518448572329249098e-16
5.656127977880782964e+03 2.341022254446412830e-14 1.814465665383570323e-16
5.658874788889854244e+03 2.339011654352459558e-14 1.869907813847914448e-16
5.659813076311664190e+03 2.338427016977156483e-14 1.553359536078068255e-16
5.661621599898925524e+03 2.328574861311273590e-14 1.615395590987218437e-16
5.664368410907996804e+03 2.287629009872675799e-14 1.900988099122562981e-16
5.664692195736817666e+03 2.287035148470631053e-14 1.772324490786807208e-16
5.667115221917068084e+03 2.268559563879893094e-14 1.559556270847024975e-16
5.669571315161971143e+03 2.268559563879893094e-14 1.737901251627531593e-16
5.669862032926139364e+03 2.268559563879893094e-14 1.848361999255859923e-16
5.672608843935210643e+03 2.246780097159095040e-14 1.565969130068979666e-16
5.674450434587124619e+03 2.184913837365093207e-14 1.498137382183064483e-16
5.675355654944281923e+03 2.181484739404812528e-14 1.796347263510719004e-16
5.678102465953353203e+03 2.174497241378469900e-14 1.724330463264584620e-16
5.679329554012278095e+03 2.166074332962703880e-14 1.442698031811110464e-16
5.680849276962424483e+03 2.166074332962703880e-14 1.622080105705908732e-16
5.683596087971495763e+03 2.119948061092039970e-14 1.770653655233219500e-16
5.684208673437431571e+03 2.112464724600515189e-14 1.556832436763094511e-16
5.686342898980567043e+03 2.112464724600515189e-14 1.483908739336540632e-16
5.689087792862585047e+03 2.096485610491615548e-14 1.777750957285363392e-16
5.689089709989638322e+03 2.096485610491615548e-14 2.723391382479055262e-16
5.693966912287738523e+03 2.022249130749867898e-14 2.649267474974662198e-16
5.698846031712892000e+03 1.969128534543700427e-14 2.528641551623926106e-16
5.703725151138045476e+03 1.969128534543700427e-14 2.564396598478675275e-16
5.708604270563198952e+03 1.969128534543700427e-14 2.533787162167115704e-16
5.713483389988352428e+03 1.940639809429378519e-14 2.526676828480327552e-16
5.718362509413505904e+03 1.940639809429378519e-14 2.505390956410699740e-16
5.723241628838659381e+03 1.868915782789775092e-14 2.472356857602558110e-16
5.728120748263812857e+03 1.864967702697599747e-14 2.527874439744541776e-16
5.732999867688966333e+03 1.789670937714716715e-14 2.419838978308514466e-16
5.737878987114119809e+03 1.807351738081706422e-14 2.447265242597168726e-16
5.742758106539273285e+03 1.807351738081706422e-14 2.423888818984879237e-16
5.747637225964426761e+03 1.807351738081706422e-14 2.421164589558444519e-16
5.752516345389580238e+03 1.782977020752943928e-14 2.402169543985555273e-16
5.757395464814733714e+03 1.791613551020935510e-14 2.406196100801294086e-16
5.762274584239887190e+03 1.803070932680206518e-14 2.406450884489547262e-16
5.767153703665040666e+03 1.833262151751567566e-14 2.452275480786982931e-16
5.772032823090194142e+03 1.833262151751567566e-14 2.490890789141359603e-16
5.776911942515347619e+03 1.833262151751567566e-14 2.395104555428572823e-16
5.781791061940501095e+03 1.854709569964307787e-14 2.414183931213592883e-16
5.786670181365654571e+03 1.863840219757789774e-14 2.400898862783282349e-16
5.791549300790808047e+03 1.854709569964307787e-14 2.452693080014455147e-16
5.796428420215961523e+03 1.840766161400703822e-14 2.427471124227343554e-16
5.801307539641115000e+03 1.824696331928053872e-14 2.376677599123523603e-16
5.806186659066268476e+03 1.824696331928053872e-14 2.507663401964317382e-16
5.811065778491421952e+03 1.773030145014531915e-14 2.381092173053539267e-16
5.815944897916575428e+03 1.752784170655351812e-14 2.321161087614637499e-16
5.820824017341728904e+03 1.773030145014531915e-14 2.347385274291572468e-16
5.825703136766882380e+03 1.756874504255299042e-14 2.352346498601084649e-16
5.830582256192035857e+03 1.768549223993825009e-14 2.313017190713104104e-16
5.835461375617189333e+03 1.761658730295990143e-14 2.335462644098962489e-16
5.840340495042342809e+03 1.867184968141777468e-14 2.395408959321818249e-16
5.845219614467496285e+03 1.894317625971095365e-14 2.386217599695101797e-16
5.850098733892649761e+03 1.977549689681082641e-14 2.496040294978781687e-16
5.854977853317803238e+03 2.015349146574602868e-14 2.459046194252366531e-16
5.859856972742956714e+03 2.060375188855119702e-14 2.443383234901446804e-16
5.864736092168110190e+03 2.132115779337699593e-14 2.503544813710229945e-16
5.869615211593263666e+03 2.147880636766259163e-14 2.642599085620867211e-16
5.874494331018417142e+03 2.147880636766259163e-14 2.474852095923588181e-16
5.879373450443570619e+03 2.162582269419167981e-14 2.495280234392037373e-16
5.884252569868724095e+03 2.202190772293752646e-14 2.536457767933536466e-16
5.889131689293877571e+03 2.202190772293752646e-14 2.537517464267306904e-16
5.894010808719031047e+03 2.202190772293752646e-14 2.609387099170368214e-16
5.898889928144184523e+03 2.202190772293752646e-14 2.522526572673506915e-16
5.903769047569337999e+03 2.202190772293752646e-14 2.509025531709987539e-16
5.908648166994491476e+03 2.139974972132196674e-14 2.488963950903771510e-16
5.913527286419644952e+03 2.148151869331318097e-14 2.511160913579792214e-16
5.918406405844798428e+03 2.139974972132196674e-14 2.497490661829717570e-16
5.923285525269951904e+03 2.139974972132196674e-14 2.527287811234327791e-16
5.928164644695105380e+03 2.109299699909295662e-14 2.474387989582196415e-16
5.933043764120258857e+03 2.054089890797417753e-14 2.439919087284326889e-16
5.937922883545412333e+03 2.005344535487698122e-14 2.421353043879484946e-16
5.942802002970565809e+03 1.995533866404396685e-14 2.412729898869344675e-16
5.947681122395719285e+03 1.942625376378383265e-14 2.392420008473896051e-16
5.952560241820872761e+03 1.853242250629608214e-14 2.336905004964741621e-16
5.957439361246026237e+03 1.816833607540603028e-14 2.338561848455768434e-16
5.962318480671179714e+03 1.775243259942256717e-14 2.298704102375990386e-16
5.967197600096333190e+03 1.715557414448190501e-14 2.271449248023148392e-16
5.972076719521486666e+03 1.644919482265614051e-14 2.232254450038852506e-16
5.976955838946640142e+03 1.644919482265614051e-14 2.241298713973173374e-16
5.981834958371793618e+03 1.610813722814703159e-14 2.206294754006270719e-16
5.986714077796947095e+03 1.554655524961816371e-14 2.176080508281905823e-16
5.991593197222100571e+03 1.573545127813556778e-14 2.182614817439593076e-16
5.996472316647254047e+03 1.565991587978777336e-14 2.218591145690914177e-16
6.001351436072407523e+03 1.596002382315615148e-14 2.183934513023527339e-16
6.006230555497560999e+03 1.596002382315615148e-14 2.199972549392763486e-16
6.011109674922714476e+03 1.570490289273244490e-14 2.514700262320035358e-16
6.015988794347867952e+03 1.635348938703869418e-14 2.241974615297954421e-16
6.020867913773021428e+03 1.635348938703869418e-14 2.329751102768265108e-16
6.025747033198174904e+03 1.635348938703869418e-14 2.229543269110799477e-16
6.030626152623328380e+03 1.635348938703869418e-14 2.324071566796060395e-16
6.035505272048481856e+03 1.635348938703869418e-14 2.185159322836122160e-16
6.040384391473635333e+03 1.602283304471490993e-14 2.164000198088582359e-16
6.045263510898788809e+03 1.602283304471490993e-14 2.152963240157692743e-16
6.050142630323942285e+03 1.504664787507856862e-14 2.090764358323372861e-16
6.055021749749095761e+03 1.488758897897920648e-14 2.160016952118610946e-16
6.059900869174249237e+03 1.485639054579718014e-14 1.522620186200041927e-16
6.064779988599402714e+03 1.482552450216782086e-14 2.104349728266168796e-16
6.069659108024556190e+03 1.461695348563727060e-14 2.049602956681282854e-16
6.074538227449709666e+03 1.457034164434958943e-14 2.060639956445217042e-16
6.079417346874863142e+03 1.434215726945703653e-14 2.023129804375919256e-16
6.084296466300016618e+03 1.466932458967653139e-14 2.042959350339205297e-16
6.089175585725170095e+03 1.496810495554614053e-14 2.070530252843515492e-16
6.094054705150323571e+03 1.496810495554614053e-14 2.081506162977452172e-16
6.098933824575477047e+03 1.556936987702927607e-14 2.157091617406913148e-16
6.103812944000630523e+03 1.608807425824452924e-14 2.086716609372959250e-16
6.108692063425783999e+03 1.608807425824452924e-14 2.091657802133739330e-16
6.113571182850937475e+03 1.608807425824452924e-14 2.101029398996018603e-16
6.118450302276090952e+03 1.608807425824452924e-14 2.114123093560238978e-16
6.123329421701244428e+03 1.608807425824452924e-14 2.087059311238607332e-16
6.128208541126397904e+03 1.575810197172369880e-14 2.054689270836282291e-16
6.133087660551551380e+03 1.575810197172369880e-14 2.303109841233398221e-16
6.137966779976704856e+03 1.514283646671970612e-14 2.045221811876257247e-16
6.142845899401858333e+03 1.468464720892501432e-14 1.998781204210233719e-16
6.147725018827011809e+03 1.426042318601467640e-14 1.967067166684346963e-16
6.152604138252165285e+03 1.346372755978471474e-14 1.947412708898533220e-16
6.157483257677318761e+03 1.344403816308978769e-14 1.905977186240142270e-16
6.162362377102472237e+03 1.272341308730058349e-14 1.865988295890745926e-16
6.167241496527625713e+03 1.213116866858308325e-14 1.840195221014031466e-16
6.172120615952779190e+03 1.213116866858308325e-14 1.882120679418388512e-16
6.176999735377932666e+03 1.170637244532094382e-14 1.810303704958160519e-16
6.181878854803086142e+03 1.162568307035258084e-14 1.805854006592615669e-16
6.186757974228239618e+03 1.162568307035258084e-14 1.852017888935610543e-16
6.191637093653393094e+03 1.154766571313450344e-14 1.833489265090919546e-16
6.196516213078546571e+03 1.153027575695598145e-14 1.327737026345522426e-16
6.201395332503700047e+03 1.151951679255166019e-14 1.865123933508810615e-16
6.206274451928853523e+03 1.154766571313450344e-14 1.816040659232929012e-16
6.211153571354006999e+03 1.154766571313450344e-14 1.936916771760182691e-16
6.216032690779160475e+03 1.155022341651432455e-14 1.824860997189227658e-16
6.220911810204313952e+03 1.128209422842458039e-14 1.778746395956105698e-16
6.225790929629467428e+03 1.150246039401139111e-14 1.786242296688326018e-16
6.230670049054620904e+03 1.158958599241499805e-14 1.790763855533495665e-16
6.235549168479774380e+03 1.158987970992258331e-14 1.840861774978953166e-16
6.240428287904927856e+03 1.165929910107025323e-14 1.806695127677473530e-16
6.245307407330081332e+03 1.165929910107025323e-14 1.787388256248941061e-16
6.250186526755234809e+03 1.142129776876286734e-14 1.800635656614703069e-16
6.255065646180388285e+03 1.178598440103010706e-14 1.788073966610186848e-16
6.259944765605541761e+03 1.179366700453118583e-14 1.785614217601529474e-16
6.264823885030695237e+03 1.179366700453118583e-14 1.790576691708354468e-16
6.269703004455848713e+03 1.179366700453118583e-14 1.780420687724361924e-16
6.274582123881002190e+03 1.222393497885208798e-14 1.808090114735402336e-16
6.279461243306155666e+03 1.228824328288746252e-14 1.834727986570989478e-16
6.284340362731309142e+03 1.228824328288746252e-14 1.813009469110260545e-16
6.289219482156462618e+03 1.247304954248243433e-14 1.814065202637115254e-16
6.294098601581616094e+03 1.285114868384187569e-14 1.840428389964212244e-16
6.298977721006769571e+03 1.285114868384187569e-14 1.832462673791442672e-16
6.303856840431923047e+03 1.359321968027594955e-14 1.867824111167249178e-16
6.308735959857076523e+03 1.359321968027594955e-14 1.859700712472500354e-16
6.313615079282229999e+03 1.375698799274009326e-14 1.921219840869876394e-16
6.318494198707383475e+03 1.375698799274009326e-14 1.861948582843059852e-16
6.323373318132536951e+03 1.394838371844296586e-14 1.885825334780289488e-16
6.328252437557690428e+03 1.414259894856434818e-14 1.947899519760202601e-16
6.333131556982843904e+03 1.414259894856434818e-14 1.873215967289399513e-16
6.338010676407997380e+03 1.475675126124294462e-14 1.919993132493428092e-16
6.342889795833150856e+03 1.498966562955497799e-14 1.909175917863399661e-16
6.347768915258304332e+03 1.567279259349582284e-14 1.956362871771427127e-16
6.352648034683457809e+03 1.625459352633046665e-14 1.963392090298608020e-16
6.357527154108611285e+03 1.656486368933942135e-14 1.976495124705194111e-16
6.362406273533764761e+03 1.720985960559677567e-14 1.998802168644097802e-16
6.367285392958918237e+03 1.732146731818373287e-14 2.015558632994195825e-16
6.372164512384071713e+03 1.830613799800629375e-14 2.055330225815254042e-16
6.377043631809225189e+03 1.861484778182476183e-14 2.162401371691746027e-16
6.381922751234378666e+03 1.923113883148130305e-14 2.178725378475820889e-16
6.386801870659532142e+03 1.997133764707783798e-14 1.615428363769824125e-16
6.391680990084685618e+03 2.083118969204225679e-14 2.262148922314990507e-16
6.396560109509839094e+03 2.099654864858406431e-14 2.145353402957419883e-16
6.401439228934992570e+03 2.110445510946736809e-14 2.144893583258586324e-16
6.406318348360146047e+03 2.119944214232814942e-14 2.152811987799158988e-16
6.411197467785299523e+03 2.168087583559405303e-14 2.174205928563950386e-16
6.416076587210452999e+03 2.177605392678605307e-14 2.175321723341444944e-16
6.420955706635606475e+03 2.177605392678605307e-14 2.171689330051053762e-16
6.425834826060759951e+03 2.227130793386873380e-14 2.196403778719271219e-16
6.430713945485913428e+03 2.241291103109922776e-14 2.182876173168830031e-16
6.435593064911066904e+03 2.245609287893642883e-14 2.220720279817684553e-16
6.440472184336220380e+03 2.245609287893642883e-14 2.219966168047653234e-16
6.445351303761373856e+03 2.324978708092822029e-14 2.224890511379611578e-16
6.450230423186527332e+03 2.324978708092822029e-14 2.213540635417088171e-16
6.455109542611680808e+03 2.365031615854667090e-14 2.276266889850929917e-16
6.459988662036834285e+03 2.365031615854667090e-14 2.228923870085485042e-16
6.464867781461987761e+03 2.390841569703512987e-14 2.241570364111328459e-16
6.469746900887141237e+03 2.420863788613361526e-14 2.257534202277050904e-16
6.474626020312294713e+03 2.420863788613361526e-14 2.247476649482133326e-16
6.479505139737448189e+03 2.422717982586838775e-14 1.696395941166628748e-16
6.484384259162601666e+03 2.425523059582535695e-14 2.384812263269418028e-16
6.489263378587755142e+03 2.437650654601723890e-14 2.267047847745552305e-16
6.494142498012908618e+03 2.459354563534479753e-14 2.335191750974803770e-16
6.499021617438062094e+03 2.470399751919552393e-14 2.274394465090820422e-16
6.503900736863215570e+03 2.470399751919552393e-14 2.255643209914088038e-16
6.508779856288369047e+03 2.482274776077759844e-14 2.262755989809913950e-16
6.513658975713522523e+03 2.497794628820181071e-14 2.294179480412020308e-16
6.518538095138675999e+03 2.497794628820181071e-14 2.423254824042346627e-16
6.523417214563829475e+03 2.520549907866123996e-14 2.279436178576243245e-16
6.528296333988982951e+03 2.520549907866123996e-14 2.273948834159411133e-16
6.533175453414136427e+03 2.491768253809545645e-14 2.270403200810399558e-16
6.538054572839289904e+03 2.478349372905950745e-14 2.260854334894913329e-16
6.542933692264443380e+03 2.478349372905950745e-14 2.286691538590454565e-16
6.547812811689596856e+03 2.478349372905950745e-14 2.281990598603212432e-16
6.552691931114750332e+03 2.478349372905950745e-14 2.282153089622262587e-16
6.557571050539903808e+03 2.459690969927578311e-14 2.251229166383786226e-16
6.562450169965057285e+03 2.448209278491560262e-14 1.715867932042540982e-16
6.567329289390210761e+03 2.436816211055098380e-14 2.390256302840099026e-16
6.572208408815364237e+03 2.433830529863448110e-14 2.237151181538330199e-16
6.577087528240517713e+03 2.433830529863448110e-14 2.247361196719508001e-16
6.581966647665671189e+03 2.357005500128681235e-14 2.259834832916835383e-16
6.586845767090824666e+03 2.344771472138296002e-14 1.719737871464638209e-16
6.591724886515978142e+03 2.338878873561767158e-14 2.367161420137618493e-16
6.596604005941131618e+03 2.338878873561767158e-14 2.200872749990123613e-16
6.601483125366285094e+03 2.322311436227748443e-14 2.193722843025056164e-16
6.606362244791438570e+03 2.289782970049464894e-14 2.171226417808890010e-16
6.611241364216592046e+03 2.235294852466109505e-14 2.148157768026483688e-16
6.616120483641745523e+03 2.185738445393086883e-14 2.131171376493542440e-16
6.620999603066898999e+03 2.169335696870869475e-14 2.149783778979890937e-16
6.625878722492052475e+03 2.102889234793485562e-14 2.178412911707171321e-16
6.630757841917205951e+03 2.058079203072876560e-14 2.083210606101650341e-16
6.635636961342359427e+03 2.036591973741875113e-14 2.095064569567223151e-16
6.640516080767512904e+03 2.024361331002805998e-14 2.072069938039197694e-16
6.645395200192666380e+03 1.985528716666293985e-14 2.033351435237551395e-16
6.650274319617819856e+03 1.976121618374565472e-14 2.022605502455216727e-16
6.655153439042973332e+03 1.891467308123408728e-14 2.014719350164194442e-16
6.660032558468126808e+03 1.866564500459358992e-14 1.980779366363280454e-16
6.664911677893280284e+03 1.866564500459358992e-14 1.976497226408857680e-16
6.669790797318433761e+03 1.777296722711710177e-14 1.925236295436290842e-16
6.674669916743587237e+03 1.777296722711710177e-14 2.031918007323717351e-16
6.679549036168740713e+03 1.735986671383098151e-14 1.949950374568890665e-16
6.684428155593894189e+03 1.735986671383098151e-14 1.964467617798852248e-16
6.689307275019047665e+03 1.661449512373943082e-14 1.874294848602358269e-16
6.694186394444201142e+03 1.642261079855929178e-14 2.082004185579219192e-16
6.699065513869354618e+03 1.642261079855929178e-14 1.859254412921666154e-16
6.703944633294508094e+03 1.590176095078785796e-14 1.821593679020564462e-16
6.708823752719661570e+03 1.572734412571175816e-14 1.815253540464573417e-16
6.713702872144815046e+03 1.558627018661120255e-14 1.803018181276431615e-16
6.718581991569968523e+03 1.502965618127806082e-14 1.863487654734517946e-16
6.723461110995121999e+03 1.509606043171966405e-14 1.798712162623020196e-16
6.728340230420275475e+03 1.502965618127806082e-14 1.822258512043657894e-16
6.733219349845428951e+03 1.502965618127806082e-14 1.804723573375402807e-16
6.738098469270582427e+03 1.456974284277905940e-14 1.772770128622279562e-16
6.742977588695735903e+03 1.425419489176454903e-14 1.741250679140790865e-16
6.747856708120889380e+03 1.418466956254013161e-14 1.732833575691654402e-16
6.752735827546042856e+03 1.405398949687182603e-14 1.728437687007739219e-16
6.757614946971196332e+03 1.382607706434220179e-14 1.700900438950089893e-16
6.762494066396349808e+03 1.352544535770898361e-14 1.687585650132913862e-16
6.767373185821503284e+03 1.334820343753195046e-14 1.688236853287736848e-16
6.772252305246656761e+03 1.329318087071668746e-14 1.672293729169390428e-16
6.777131424671810237e+03 1.263443607559782342e-14 1.646469868212729008e-16
6.782010544096963713e+03 1.263443607559782342e-14 1.662718180014699348e-16
6.786889663522117189e+03 1.263443607559782342e-14 1.641332397636355792e-16
6.791768782947270665e+03 1.254310182207788596e-14 1.644021502126848395e-16
6.796647902372424142e+03 1.194771594428044600e-14 1.592581461715078340e-16
6.801527021797577618e+03 1.194771594428044600e-14 1.625930561496098445e-16
6.806406141222731094e+03 1.166804280066268542e-14 1.578183472779158552e-16
6.811285260647884570e+03 1.150461049987933081e-14 1.570841228753875503e-16
6.816164380073038046e+03 1.161218073433691503e-14 1.577475681132687938e-16
6.821043499498191522e+03 1.150461049987933081e-14 1.635216326407125656e-16
6.825922618923344999e+03 1.132295011018103401e-14 1.582656136430499431e-16
6.830801738348498475e+03 1.132295011018103401e-14 1.577832507629039338e-16
6.835680857773651951e+03 1.126273543094422440e-14 1.644776926625544863e-16
6.840559977198805427e+03 1.063276297169668430e-14 1.527316537150083409e-16
6.845439096623958903e+03 1.094931388271284110e-14 1.536838190469309102e-16
6.850318216049112380e+03 1.092427278761451283e-14 1.538382676162194924e-16
6.855197335474265856e+03 1.053610981351200083e-14 1.516668642677572983e-16
6.860076454899419332e+03 1.046979450118584495e-14 1.516297838055855308e-16
6.864955574324572808e+03 1.068072369204110725e-14 1.549861591750501689e-16
6.869834693749726284e+03 1.068072369204110725e-14 1.514829066514945961e-16
6.874713813174879760e+03 1.055534642541764710e-14 1.528675818218360245e-16
6.879592932600033237e+03 1.048683929104753230e-14 1.519194023396021897e-16
6.884472052025186713e+03 1.051235150062268760e-14 1.523098864061679334e-16
6.889351171450340189e+03 1.076103703521046648e-14 1.555559393325129612e-16
6.894230290875493665e+03 1.055534642541764710e-14 1.523273689535992633e-16
6.899109410300647141e+03 1.039918287676969247e-14 1.502194021442334570e-16
6.903988529725800618e+03 1.019827471911226316e-14 1.477835566935024898e-16
6.908867649150954094e+03 1.021544833720468743e-14 1.492957760229823251e-16
6.913746768576107570e+03 1.025139195401769143e-14 1.509765774693035140e-16
6.918625888001261046e+03 1.044850881704145376e-14 1.529899152072804383e-16
6.923505007426414522e+03 1.025328668184779506e-14 1.524907888390594575e-16
6.928384126851567999e+03 9.793265040657779818e-15 1.465331716974725553e-16
6.933263246276721475e+03 1.009887205602358605e-14 1.473423474097920943e-16
6.938142365701874951e+03 9.783896486132583506e-15 1.450262856669272324e-16
6.943021485127028427e+03 9.921767290468057199e-15 1.474496776891539244e-16
6.947900604552181903e+03 9.675775573124904869e-15 1.451957444089888114e-16
6.952779723977335379e+03 9.618424036397995504e-15 1.453894650093239706e-16
6.957658843402488856e+03 9.536469273072992925e-15 1.429049461873570848e-16
6.962537962827642332e+03 9.484855256242273038e-15 1.428763936846347142e-16
6.967417082252795808e+03 9.547380147553866296e-15 1.459435065900929204e-16
6.972296201677949284e+03 9.607501305563690600e-15 1.439110311786789053e-16
6.977175321103102760e+03 9.459018850914029299e-15 1.433599540670874084e-16
6.982054440528256237e+03 9.259450012526599416e-15 1.407884521346324390e-16
6.986933559953409713e+03 8.944220169987818397e-15 1.450116633935680994e-16
6.991812679378563189e+03 9.037776393566813839e-15 1.396713018322578614e-16
6.996691798803716665e+03 8.801159414857471494e-15 1.416273584273710784e-16
7.001570918228870141e+03 8.931336233176722732e-15 1.476468014976558082e-16
7.006450037654023618e+03 8.750203587009461655e-15 1.383443555750364596e-16
7.011329157079177094e+03 8.498320379013435900e-15 1.374603233436058654e-16
7.016208276504330570e+03 8.560309938776520585e-15 1.360329742450842188e-16
7.021087395929484046e+03 8.415660207296667479e-15 1.350468672327532696e-16
7.025966515354637522e+03 8.303544638611028131e-15 1.340041127769027820e-16
7.030845634779790998e+03 8.487379602373081694e-15 1.358204580912694639e-16
7.035724754204944475e+03 8.495839045114999148e-15 1.362183037530044827e-16
7.040603873630097951e+03 8.608074439264915997e-15 1.355282120462862133e-16
7.045482993055251427e+03 8.639802545383055107e-15 1.354414075867758394e-16
7.050362112480404903e+03 8.473967190830551841e-15 1.346355572096798261e-16
7.055241231905558379e+03 8.815984645995654560e-15 1.386473518074900512e-16
7.060120351330711856e+03 8.717509793805931979e-15 1.394280216561871336e-16
7.064999470755865332e+03 8.861400760831904160e-15 1.374801574874365655e-16
7.069878590181018808e+03 8.622531517345553098e-15 1.377085547303006958e-16
7.074757709606172284e+03 8.743684515093842196e-15 1.368942225129201324e-16
7.079636829031325760e+03 8.566899964146197342e-15 1.352932455273240886e-16
7.084515948456479236e+03 8.547823363421368151e-15 1.347630966374686362e-16
7.089395067881632713e+03 8.521577754745643168e-15 1.351651515740084410e-16
7.094274187306786189e+03 8.427338932000888478e-15 1.331610677972461500e-16
7.099153306731939665e+03 8.364060181010039794e-15 1.331512222438755068e-16
7.104032426157093141e+03 8.628325154429776244e-15 1.346392484096515258e-16
7.108911545582246617e+03 8.419078379921120836e-15 1.329246205406417093e-16
7.113790665007400094e+03 8.469879950309061794e-15 1.340684728827117081e-16
7.118669784432553570e+03 8.801458217455744082e-15 1.359797585052826631e-16
7.123548903857707046e+03 8.741633165757176539e-15 1.347485478031708182e-16
7.128428023282860522e+03 8.918510817915459996e-15 1.390558593660072485e-16
7.133307142708013998e+03 8.884126890364383559e-15 1.355100967968041276e-16
7.138186262133167475e+03 9.230146989045695302e-15 1.546714708251011637e-16
7.143065381558320951e+03 9.250888727558269765e-15 1.394476342675246633e-16
7.147944500983474427e+03 9.747455920919461537e-15 1.418435791161051691e-16
7.152823620408627903e+03 9.922918384365117861e-15 1.437683526474612197e-16
7.157702739833781379e+03 1.014904724435603393e-14 1.432314863783619831e-16
7.162581859258934855e+03 9.968298723681289741e-15 1.419592491041036667e-16
7.167460978684088332e+03 1.034373960802303923e-14 1.454066467466634166e-16
7.172340098109241808e+03 1.017139972627207018e-14 1.453806117053817866e-16
7.177219217534395284e+03 1.015610806114425815e-14 1.440753999378532974e-16
7.182098336959548760e+03 1.039496352506558644e-14 1.442503878680853396e-16
7.186977456384702236e+03 1.043307214025546013e-14 1.488004391802724631e-16
7.191856575809855713e+03 1.037856895924315534e-14 1.298405660620379171e-16
7.196735695235009189e+03 1.027467482161937770e-14 1.774454879856750137e-16
7.201614814660162665e+03 1.058893282479795474e-14 1.476955323215338572e-16
7.206493934085316141e+03 1.012418182723250243e-14 1.427932946695472982e-16
7.211373053510469617e+03 1.046856605111824460e-14 1.458738914606326965e-16
7.216252172935623094e+03 1.024269543529382919e-14 1.446831068452163336e-16
7.221131292360776570e+03 1.019248873207858569e-14 1.440732554021429216e-16
7.226010411785930046e+03 1.041895047911270437e-14 1.479239008460560409e-16
7.230889531211083522e+03 1.021740881514309929e-14 1.441942117455239520e-16
7.235768650636236998e+03 1.020270554907711685e-14 1.264964642972755122e-16
7.240647770061390474e+03 1.027096227621156210e-14 1.711752736540658520e-16
7.245526889486543951e+03 1.023591157774882450e-14 1.447530233774387026e-16
7.250406008911697427e+03 1.043774886487166481e-14 1.478727826218976631e-16
7.255285128336850903e+03 1.023768527447758177e-14 1.451562256626792412e-16
7.260164247762004379e+03 9.711979722392124991e-15 1.424889896566944477e-16
7.265043367187157855e+03 1.022060111273330705e-14 1.576740579184968144e-16
7.269922486612311332e+03 1.043997451890623084e-14 1.472549825797917687e-16
7.274801606037464808e+03 1.047646871614624709e-14 1.472469764619648334e-16
7.279680725462618284e+03 1.059111528373760885e-14 1.483074791459184891e-16
7.284559844887771760e+03 1.099989235150329685e-14 1.508242668118062750e-16
7.289438964312925236e+03 1.102785288800384091e-14 1.501009968230628342e-16
7.294318083738078712e+03 1.108314951317012387e-14 1.526384638307235269e-16
7.299197203163232189e+03 1.104752440506179236e-14 1.519779509924262456e-16
7.304076322588385665e+03 1.095267880231704278e-14 1.552967906816559558e-16
7.308955442013539141e+03 1.069700666133895773e-14 1.511329401866761586e-16
7.313834561438692617e+03 1.060843059069126638e-14 1.506153833234803748e-16
7.318713680863846093e+03 1.087024063239553193e-14 1.542450443589197081e-16
7.323592800288999570e+03 1.096713703774238807e-14 1.514802168238862838e-16
7.328471919714153046e+03 1.127299764817153125e-14 1.528977568460829863e-16
7.333351039139306522e+03 1.158249370322844512e-14 1.560829091195533620e-16
7.338230158564459998e+03 1.166866153326705668e-14 1.553016279372273962e-16
7.343109277989613474e+03 1.173193563222753758e-14 1.608075313606723480e-16
7.347988397414766951e+03 1.181117636417691775e-14 1.575594227752198839e-16
7.352867516839920427e+03 1.187944676164948210e-14 1.580487657843911453e-16
7.357746636265073903e+03 1.196508867356717298e-14 1.570480094277028075e-16
7.362625755690227379e+03 1.142159176210843820e-14 1.539330859812181341e-16
7.367504875115380855e+03 1.186880401195812313e-14 1.592577671658165123e-16
7.372383994540534331e+03 1.197419349936020618e-14 1.586911908231570805e-16
7.377263113965687808e+03 1.212276914596879586e-14 1.576736456704958917e-16
7.382142233390841284e+03 1.228881184949510364e-14 1.601930111262720934e-16
7.387021352815994760e+03 1.201084363275881094e-14 1.621728832670732120e-16
7.391900472241148236e+03 1.165679265130934438e-14 1.569257327414262920e-16
7.396779591666301712e+03 1.187722887196240286e-14 1.571188171317352679e-16
7.401658711091455189e+03 1.189947193254534542e-14 1.572359812917330600e-16
7.406537830516608665e+03 1.196037947161226899e-14 1.573371743826616140e-16
7.411416949941762141e+03 1.212552624734795251e-14 1.588981421241030382e-16
7.416296069366915617e+03 1.217203369661463343e-14 1.592405989612157480e-16
7.421175188792069093e+03 1.180794803637519446e-14 1.607024298848804774e-16
7.426054308217222570e+03 1.201620965500691725e-14 1.587930177357023809e-16
7.430933427642376046e+03 1.214835599551592054e-14 1.596492062672670418e-16
7.435812547067529522e+03 1.212336740508479001e-14 1.605761401864010457e-16
7.440691666492682998e+03 1.201877885399353362e-14 1.595716349669695547e-16
7.445570785917836474e+03 1.188947305718141945e-14 1.599938231256152271e-16
7.450449905342989950e+03 1.196793968570142773e-14 1.579767328887033243e-16
7.455329024768143427e+03 1.173984112178484283e-14 1.562753520609522115e-16
7.460208144193296903e+03 1.174446199090467079e-14 1.608372805142851104e-16
7.465087263618450379e+03 1.134702706504651266e-14 1.543517322822452932e-16
7.469966383043603855e+03 1.160379338739919595e-14 1.563337991308549695e-16
7.474845502468757331e+03 1.181951402525038476e-14 1.572749895211277349e-16
7.479724621893910808e+03 1.160846100886128551e-14 1.566773702565004841e-16
7.484603741319064284e+03 1.149171681986175713e-14 1.552802095416051726e-16
7.489482860744217760e+03 1.132658269974747364e-14 1.556623368683037763e-16
7.494361980169371236e+03 1.088914663694926234e-14 1.521304648092583724e-16
7.499241099594524712e+03 1.094408923093727961e-14 1.549898632268760661e-16
7.504120219019678188e+03 1.071585622083029231e-14 1.537602302926271302e-16
7.508999338444831665e+03 1.075529465528268400e-14 1.518055817490419899e-16
7.513878457869985141e+03 1.074563698256168041e-14 1.515047762268545247e-16
7.518757577295138617e+03 1.011925727841706695e-14 1.514062987933026506e-16
7.523636696720292093e+03 1.031481409293366496e-14 1.504703713643227477e-16
7.528515816145445569e+03 1.038746239371344255e-14 1.588063124619161466e-16
7.533394935570599046e+03 1.010376213567174615e-14 1.492824852562872295e-16
7.538274054995752522e+03 9.869820636039565432e-15 1.462043163899333007e-16
7.543153174420905998e+03 9.709270351961329911e-15 1.477248166313307348e-16
7.548032293846059474e+03 9.649056220404652255e-15 1.475651199472768421e-16
7.552911413271212950e+03 9.317624934996441478e-15 1.441623826429643986e-16
7.557790532696366427e+03 9.489453574988547862e-15 1.453045023337451407e-16
7.562669652121519903e+03 9.711219286497099622e-15 1.529381449323140235e-16
7.567548771546673379e+03 9.587856610330008304e-15 1.478228324959897878e-16
7.572427890971826855e+03 9.674358383051067050e-15 1.460074004797048914e-16
7.577307010396980331e+03 9.684627911218445499e-15 1.455880249712364805e-16
7.582186129822133807e+03 1.020306646894984962e-14 1.495608303106741144e-16
7.587065249247287284e+03 1.048954480384843384e-14 1.542649992095064269e-16
7.591944368672440760e+03 1.017632722375471516e-14 1.515386786865727083e-16
7.596823488097594236e+03 1.011607714504025144e-14 1.496897862547563005e-16
7.601702607522747712e+03 9.940901053173868337e-15 1.486390930656170419e-16
7.606581726947901188e+03 9.772172968099906088e-15 1.487546803876171317e-16
7.611460846373054665e+03 9.501492754838235390e-15 1.467712774782378997e-16
7.616339965798208141e+03 9.273347165330520513e-15 1.457926853132001714e-16
7.621219085223361617e+03 9.511300157136175897e-15 1.520693579307445218e-16
7.626098204648515093e+03 9.766472186386376418e-15 1.482325804340440876e-16
7.630977324073668569e+03 9.732150167609291702e-15 1.476777110834870513e-16
7.635856443498822046e+03 9.880266693345644806e-15 1.490605618792198366e-16
7.640735562923975522e+03 1.025636516403724490e-14 1.514611760065196446e-16
7.645614682349128998e+03 1.044662166716698260e-14 1.520713690467977227e-16
7.650493801774282474e+03 1.019137633466535359e-14 1.625376313887854153e-16
7.655372921199435950e+03 1.003056813784592177e-14 1.515400514338424650e-16
7.660252040624589426e+03 1.013732630444718133e-14 1.538561265008344291e-16
7.665131160049742903e+03 1.031435126986684326e-14 1.523166176342163957e-16
7.670010279474896379e+03 1.062716204018696727e-14 1.617153164557345525e-16
7.674889398900049855e+03 1.115055299976456128e-14 1.644394388065694061e-16
7.679768518325203331e+03 1.133024545267401038e-14 1.581298563666470812e-16
7.684647637750356807e+03 1.143798284573390650e-14 1.662285876878141975e-16
7.689526757175510284e+03 1.121372686855777754e-14 1.584939093544068590e-16
7.694405876600663760e+03 1.130008147590911973e-14 1.600476157520703238e-16
7.699284996025817236e+03 1.148763697614935179e-14 1.606484695835291550e-16
7.704164115450970712e+03 1.087895320956365659e-14 1.563657157544593686e-16
7.709043234876124188e+03 1.139291344554592266e-14 1.607859500551324632e-16
7.713922354301277664e+03 1.205707896696512910e-14 1.716133506357370183e-16
7.718801473726431141e+03 1.241002850936846527e-14 1.711073767710668733e-16
7.723680593151584617e+03 1.229156323968674482e-14 1.665159550234138409e-16
7.728559712576738093e+03 1.248061800451982748e-14 1.908031403465420014e-16
7.733438832001891569e+03 1.186745669385245545e-14 1.656169916013649744e-16
7.738317951427045045e+03 1.178676816184901025e-14 1.638228023488003180e-16
7.743197070852198522e+03 1.168994296324632775e-14 1.637473709810555285e-16
7.748076190277351998e+03 1.138079416943391669e-14 1.672622793783505773e-16
7.752955309702505474e+03 1.147202875107850676e-14 1.642685382592273917e-16
7.757834429127658950e+03 1.209326855728186344e-14 1.678332840969933701e-16
7.762713548552812426e+03 1.265956947808791006e-14 1.728237853162488147e-16
7.767592667977965903e+03 1.274731940625230558e-14 1.721552307747035804e-16
7.772471787403119379e+03 1.286027244489012329e-14 1.730344046102626969e-16
7.777350906828272855e+03 1.292979364907187590e-14 1.767020612433307386e-16
7.782230026253426331e+03 1.244588732541480798e-14 1.763273689700300975e-16
7.787109145678579807e+03 1.243131586183373575e-14 1.822628552377015708e-16
7.791988265103733283e+03 1.154404374942891188e-14 1.692906192051052678e-16
7.796867384528886760e+03 1.147942500056765618e-14 1.694317990479177045e-16
7.801746503954040236e+03 1.174775630139513412e-14 1.689664701273365044e-16
7.806625623379193712e+03 1.208671685552684931e-14 1.877969930654709673e-16
7.811504742804347188e+03 1.212173189369842951e-14 1.731092016943952876e-16
7.816383862229500664e+03 1.242971437023905777e-14 1.780648805937664695e-16
7.821262981654654141e+03 1.281166228413272710e-14 1.773797889495508695e-16
7.826142101079807617e+03 1.254840069669969155e-14 1.783912331609860847e-16
7.831021220504961093e+03 1.253041950477225338e-14 1.729292418076929776e-16
7.835900339930114569e+03 1.276539214367959293e-14 2.205697352754043593e-16
7.840779459355268045e+03 1.199199709265160264e-14 1.726087622246460148e-16
7.845658578780421522e+03 1.183719396100754759e-14 1.726938139684423199e-16
7.850537698205574998e+03 1.159485268199538557e-14 1.715755651785771097e-16
7.855416817630728474e+03 1.154923552672407278e-14 1.749658968968379728e-16
7.860295937055881950e+03 1.175761867788818127e-14 1.745374061341958806e-16
7.865175056481035426e+03 1.135677019849108984e-14 1.719629460942115574e-16
7.870054175906188902e+03 1.164983306711888242e-14 1.869594051956560117e-16
7.874933295331342379e+03 1.175353132595658502e-14 1.770850403896731676e-16
7.879812414756495855e+03 1.172978231632472134e-14 1.789685528048674172e-16
7.884691534181649331e+03 1.204619336606079980e-14 1.782121328212889225e-16
7.889570653606802807e+03 1.225025506209721797e-14 1.787836978964861926e-16
7.894449773031956283e+03 1.268879561950997205e-14 1.861706298197792395e-16
7.899328892457109760e+03 1.225028398623497438e-14 1.797118599578143820e-16
7.904208011882263236e+03 1.192169857112825243e-14 1.801238084312569901e-16
7.909087131307416712e+03 1.164910198815738219e-14 1.807867553679839575e-16
7.913966250732570188e+03 1.135021538730757760e-14 1.778290322285875482e-16
7.918845370157723664e+03 1.116913451499113803e-14 1.871677323309730974e-16
7.923724489582877140e+03 1.117424436119727541e-14 1.781873971860328840e-16
7.928603609008030617e+03 1.145629456084812388e-14 1.781407436455823136e-16
7.933482728433184093e+03 1.164924423929439071e-14 1.796373820867311291e-16
7.938361847858337569e+03 1.141109199741487386e-14 1.779577474605924020e-16
7.943240967283491045e+03 1.162134873533201699e-14 1.829699985246002708e-16
7.948120086708644521e+03 1.169482647435619622e-14 1.815127868244296587e-16
7.952999206133797998e+03 1.111682836243211727e-14 1.792023285821323299e-16
7.957878325558951474e+03 1.070404756381720454e-14 1.768777979167763714e-16
7.962757444984104950e+03 1.016799920407276234e-14 1.786988991450781082e-16
7.967636564409258426e+03 1.010711743975570763e-14 1.778577101193721707e-16
7.972515683834411902e+03 1.015022538795044797e-14 1.762271773604391378e-16
7.977394803259565379e+03 1.020509933246211400e-14 1.764676549216249574e-16
7.982273922684718855e+03 1.049006266039549484e-14 1.779956160016225672e-16
7.987153042109872331e+03 1.093363462288849397e-14 1.807774609166104600e-16
7.992032161535025807e+03 1.034611229866045500e-14 1.761910443694240538e-16
7.996911280960179283e+03 1.035245146720503284e-14 1.779962272109616326e-16
8.001790400385332759e+03 9.931497053676207286e-15 1.782699698902811983e-16
8.006669519810486236e+03 9.481000432967730182e-15 1.743963564564076984e-16
8.011548639235639712e+03 9.235849596004829386e-15 1.721149350497357810e-16
8.016427758660793188e+03 9.114383493046181424e-15 1.724674921458621741e-16
8.021306878085946664e+03 8.779860493999676010e-15 1.706029193040643142e-16
8.026185997511100140e+03 8.912596166403218293e-15 1.741625568568130456e-16
8.031065116936253617e+03 9.273958355675018049e-15 1.985991051996977480e-16
8.035944236361407093e+03 9.042294439744731357e-15 1.777735942846773454e-16
8.040823355786560569e+03 9.124386542312172392e-15 1.750113608642621136e-16
8.045702475211714045e+03 9.395586014258906222e-15 1.776765970221745806e-16
8.050581594636867521e+03 9.269907065805254743e-15 1.768547855960546774e-16
8.055460714062020998e+03 8.953127300989338162e-15 1.752381219485251956e-16
8.060339833487174474e+03 9.211098269486679180e-15 1.806637728740870337e-16
8.065218952912327950e+03 8.730664933536537251e-15 1.739599089493066813e-16
8.070098072337481426e+03 8.340001707962407308e-15 1.725437546152609537e-16
8.074977191762634902e+03 8.270273540115290775e-15 1.749773340361087050e-16
8.079856311187788378e+03 7.914661987057567307e-15 1.712788311426890648e-16
8.084735430612941855e+03 7.747259477948899804e-15 1.716546836516535328e-16
8.089614550038095331e+03 7.646661537244497036e-15 1.709461472971925638e-16
8.094493669463248807e+03 7.877528939236995024e-15 1.749645777467408767e-16
8.099372788888402283e+03 7.688072305728744071e-15 1.875985535202449472e-16
8.104251908313555759e+03 7.955930312802427409e-15 1.763059658972070912e-16
8.109131027738709236e+03 8.319491673929563394e-15 1.791310075793405532e-16
8.114010147163862712e+03 8.366398782050967209e-15 1.820922531419726927e-16
8.118889266589016188e+03 8.010839861798732879e-15 1.787806684975489264e-16
8.123768386014169664e+03 7.974340056464894303e-15 1.765434162630081501e-16
8.128647505439323140e+03 7.950393020551747113e-15 1.764323303688548809e-16
8.133526624864476616e+03 7.743984084512065980e-15 1.756748002276212057e-16
8.138405744289630093e+03 7.938736109704171646e-15 1.797461601552145837e-16
8.143284863714783569e+03 7.732439172901816980e-15 1.834443253171072575e-16
8.148163983139937045e+03 7.507051227055807169e-15 1.787241004572346763e-16
8.153043102565090521e+03 7.524137663472148054e-15 1.754158611234476592e-16
8.157922221990243997e+03 7.828852195857766919e-15 1.780575260762736543e-16
8.162801341415397474e+03 7.928400220652137082e-15 1.785814079631964466e-16
8.167680460840550950e+03 7.210393732802579949e-15 1.741671343059369793e-16
8.172559580265704426e+03 7.182705499764333660e-15 1.810046110567038995e-16
8.177438699690857902e+03 7.007155585091692517e-15 1.783614578635130581e-16
8.182317819116011378e+03 6.310528747586315820e-15 1.725172663021950706e-16
8.187196938541164855e+03 6.066905926015976083e-15 1.693066195182796488e-16
8.192076057966318331e+03 5.783956941706900126e-15 1.694256992561915171e-16
8.196955177391471807e+03 5.446832806793961687e-15 1.652182880412284576e-16
8.201834296816625283e+03 5.673252459171285042e-15 1.728000285240241498e-16
8.206713416241778759e+03 5.415851350999181863e-15 1.651529589189769062e-16
8.211592535666932235e+03 5.167965255352610083e-15 1.660161457987851084e-16
8.216471655092085712e+03 4.683335173283445152e-15 1.630774560029158408e-16
8.221350774517239188e+03 4.369332245778871494e-15 1.588047716295339392e-16
8.226229893942392664e+03 4.349900132486588099e-15 1.608454020606223287e-16
8.231109013367546140e+03 4.294780684761914501e-15 1.606546415093162647e-16
8.235988132792699616e+03 3.764995441018077334e-15 1.564460254938900443e-16
8.240867252217853093e+03 3.989608383360295863e-15 1.594356383773468955e-16
8.245746371643006569e+03 3.560706646616058915e-15 1.590085866035870830e-16
8.250625491068160045e+03 3.365117363025518450e-15 1.556304144131947724e-16
8.255504610493313521e+03 3.227132302220221429e-15 1.528090258032684539e-16
8.260383729918466997e+03 3.024688421220914637e-15 1.509727084259107915e-16
8.265262849343620474e+03 3.157497501713146537e-15 1.526985182328707550e-16
8.270141968768773950e+03 3.032904598899987503e-15 1.587273087650611385e-16
8.275021088193927426e+03 3.068969902485488380e-15 1.539568250160978859e-16
8.279900207619080902e+03 2.785826038361696899e-15 1.507502833904138860e-16
8.284779327044234378e+03 2.849933827042817483e-15 1.591635287594300556e-16
8.289658446469387854e+03 3.107828784248281503e-15 1.539495390393094626e-16
8.294537565894541331e+03 2.907174543505362829e-15 1.516316020435216614e-16
8.299416685319694807e+03 2.977006389690237683e-15 1.528464593286941166e-16
8.304295804744848283e+03 2.986241949746794020e-15 1.529075206197018440e-16
8.309174924170001759e+03 3.176458999922629046e-15 1.566782272945262012e-16
8.314054043595155235e+03 3.337939137383116569e-15 1.583965099051472489e-16
8.318933163020308712e+03 3.526705882771883693e-15 1.615885937877591828e-16
8.323812282445462188e+03 3.451894817228654814e-15 1.696978318170297895e-16
8.328691401870615664e+03 3.592989995238302292e-15 1.679357462406904307e-16
8.333570521295769140e+03 3.794740659157832301e-15 1.617228999178633474e-16
8.338449640720922616e+03 3.932741431215239260e-15 1.619810128397052846e-16
8.343328760146076092e+03 3.693373447210141019e-15 1.606260111636806332e-16
8.348207879571229569e+03 3.688944749318791272e-15 1.623012462615723843e-16
8.353086998996383045e+03 3.610337752705435374e-15 1.604496955431802882e-16
8.357966118421536521e+03 3.350210281089225227e-15 1.661259664983262502e-16
8.362845237846689997e+03 3.193161962809429157e-15 1.575580927102011722e-16
8.367724357271843473e+03 3.259064015513116367e-15 1.580729564844485075e-16
8.372603476696996950e+03 3.514294170112931154e-15 1.606443744402616092e-16
8.377482596122150426e+03 3.455067384267695719e-15 1.589943620285716442e-16
8.382361715547303902e+03 3.783102417239445001e-15 1.626395148344505425e-16
8.387240834972457378e+03 3.742663726487353138e-15 1.630677090862313751e-16
8.392119954397610854e+03 3.780581482275364482e-15 1.632433835520414924e-16
8.396999073822764331e+03 3.783102417239445001e-15 2.071098973090956813e-16
8.401878193247917807e+03 4.058348911578933861e-15 1.681225916344331053e-16
8.406757312673071283e+03 3.818890895066298881e-15 1.676397095407832130e-16
8.411636432098224759e+03 3.831369974413775155e-15 1.634423353601591528e-16
8.416515551523378235e+03 3.758825179372489217e-15 1.626480906956184229e-16
8.421394670948531711e+03 3.785334645883086664e-15 1.650256578671072537e-16
8.426273790373685188e+03 4.254617445194090711e-15 1.716075303783432298e-16
8.431152909798838664e+03 4.508625026792670795e-15 1.707620281444702878e-16
8.436032029223992140e+03 4.778384554882491400e-15 1.739735379229631561e-16
8.440911148649145616e+03 4.819492636753211082e-15 1.720489621711046795e-16
8.445790268074299092e+03 4.818570859300787975e-15 1.716760401811509211e-16
8.450669387499452569e+03 5.329773844980060677e-15 1.774105399624560968e-16
8.455548506924606045e+03 5.531682395794361978e-15 1.720208413142008079e-16
8.460427626349759521e+03 5.667868874025894579e-15 2.220947916271561254e-16
8.465306745774912997e+03 5.700721378578381749e-15 1.778504060118347049e-16
8.470185865200066473e+03 5.927140402816359881e-15 1.829554186717469510e-16
8.475064984625219950e+03 5.949424367604456967e-15 1.833754597102825128e-16
8.479944104050373426e+03 5.491757216576678572e-15 1.904141932718253122e-16
8.484823223475526902e+03 5.978989811776272369e-15 1.824067616611798493e-16
8.489702342900680378e+03 6.579214279188811067e-15 1.873666224167723073e-16
8.494581462325833854e+03 6.995727773886530119e-15 1.906003601253573344e-16
8.499460581750987330e+03 7.464994742080537585e-15 1.923774009310252089e-16
8.504339701176140807e+03 7.007484051302502526e-15 1.905990883093148087e-16
8.509218820601294283e+03 7.455357850120497036e-15 1.943579101029290163e-16
8.514097940026447759e+03 8.257412660220986485e-15 1.983545984768846636e-16
8.518977059451601235e+03 8.588742834979134127e-15 2.003843104432357258e-16
8.523856178876754711e+03 9.045937613387536812e-15 2.036587922206296786e-16
8.528735298301908188e+03 9.427779836400518763e-15 2.088091693571421973e-16
8.533614417727061664e+03 9.763080820541751732e-15 2.089211537064465113e-16
8.538493537152215140e+03 9.620151297091612332e-15 2.084364257186495913e-16
8.543372656577368616e+03 9.632838985919974261e-15 2.086542364833218335e-16
8.548251776002522092e+03 9.348480887359463090e-15 2.064988287000561725e-16
8.553130895427675568e+03 9.484000497125260101e-15 2.071112217162129778e-16
8.558010014852829045e+03 9.665953574111118001e-15 2.079450997462361439e-16
8.562889134277982521e+03 9.669262892577382062e-15 2.072393923425855200e-16
8.567768253703135997e+03 9.308715160092875364e-15 2.049173362040863194e-16
8.572647373128289473e+03 9.414682683696086765e-15 2.053741538508606875e-16
8.577526492553442949e+03 9.517138544094365724e-15 2.076770287928231632e-16
8.582405611978596426e+03 9.572434382241438635e-15 2.092296300473849196e-16
8.587284731403749902e+03 9.783263572112141634e-15 2.084018951265236485e-16
8.592163850828903378e+03 9.956618558761768350e-15 2.095386472542675807e-16
8.597042970254056854e+03 1.082372258085323059e-14 2.268568266204633613e-16
8.601922089679210330e+03 1.073985313696469023e-14 2.152850781196778191e-16
8.606801209104363807e+03 1.035398982801686293e-14 2.111982514834752470e-16
8.611680328529517283e+03 1.099991021990465281e-14 2.166903415898030325e-16
8.616559447954670759e+03 1.128313739929968108e-14 2.220496544198850932e-16
8.621438567379824235e+03 1.152122635758221343e-14 2.210916308272865780e-16
8.626317686804977711e+03 1.180285078811036608e-14 2.259596797781147621e-16
8.631196806230131187e+03 1.149311506396849197e-14 2.207761530389001833e-16
8.636075925655284664e+03 1.140631068813341037e-14 2.225111613415205644e-16
8.640955045080438140e+03 1.124259201051326600e-14 2.183145727437039893e-16
8.645834164505591616e+03 1.079499957442098296e-14 2.181936328042852100e-16
8.650713283930745092e+03 1.067211137827601265e-14 2.328663646697193110e-16
8.655592403355898568e+03 1.111664623179124633e-14 2.202636495660991998e-16
8.660471522781052045e+03 1.113794246425272868e-14 2.195974360247170799e-16
8.665350642206205521e+03 1.157659747146927717e-14 2.236353865653190079e-16
8.670229761631358997e+03 1.177232621358335888e-14 2.234695026792495122e-16
8.675108881056512473e+03 1.206056346253859448e-14 2.269325233141404075e-16
8.679988000481665949e+03 1.276077832104426819e-14 2.345880634692662309e-16
8.684867119906819426e+03 1.189315321936540460e-14 2.317079970901738795e-16
8.689746239331972902e+03 1.261190465524509715e-14 2.431222726454893006e-16
8.694625358757126378e+03 1.189315321936540460e-14 2.302811507874939146e-16
8.699504478182279854e+03 1.183191871768182358e-14 2.261711730957437334e-16
8.704383597607433330e+03 1.131087156774006382e-14 2.247098441447354316e-16
8.709262717032586806e+03 1.111168801688372340e-14 2.234727689839232464e-16
8.714141836457740283e+03 1.129938121649599897e-14 2.244856092444108584e-16
8.719020955882893759e+03 1.119183644762674184e-14 2.241951326478175584e-16
8.723900075308047235e+03 1.133568437461617700e-14 2.318602931311708459e-16
8.728779194733200711e+03 1.124441677690333716e-14 2.260861502218211239e-16
8.733658314158354187e+03 1.171563055757041305e-14 2.273925910555520090e-16
8.738537433583507664e+03 1.183515345595060816e-14 2.738714804730881490e-16
8.743416553008661140e+03 1.227305771892457226e-14 2.338814612774415612e-16
8.748295672433814616e+03 1.237583491497376217e-14 2.815292671211978631e-16
8.753174791858968092e+03 1.174865555457457392e-14 2.368752948522496800e-16
8.758053911284121568e+03 1.116898541155625939e-14 2.265286288512177619e-16
8.762933030709275045e+03 1.079813414844467892e-14 2.235334661524092509e-16
8.767812150134428521e+03 1.111269136287476620e-14 2.257881907351910959e-16
8.772691269559581997e+03 1.128903394346378295e-14 2.289340754886506289e-16
8.777570388984735473e+03 1.119342470502833934e-14 2.262534105250366856e-16
8.782449508409888949e+03 1.140053290875609036e-14 2.270276568277233599e-16
8.787328627835042425e+03 1.130908564856379838e-14 2.280773943507755373e-16
8.792207747260195902e+03 1.119083357304888331e-14 2.322927286484613994e-16
8.797086866685349378e+03 1.167545679470957966e-14 2.323388688167648988e-16
8.801965986110502854e+03 1.195114038862706520e-14 2.375898870349462342e-16
8.806845105535656330e+03 1.173050443125240977e-14 2.578701830712973117e-16
8.811724224960809806e+03 1.198035791939387406e-14 2.339823226829852935e-16
8.816603344385963283e+03 1.158145193339025924e-14 2.375259203255584890e-16
8.821482463811116759e+03 1.118206590965010689e-14 2.281835876221329611e-16
8.826361583236270235e+03 1.117930058632380793e-14 2.363250480659630211e-16
8.831240702661423711e+03 1.059613004989757239e-14 2.338422816366444969e-16
8.836119822086577187e+03 1.088594757067040610e-14 2.275105839811386774e-16
8.840998941511730663e+03 1.083547409256800749e-14 2.623644041681758890e-16
8.845878060936884140e+03 1.056390216141232524e-14 2.277827145129380780e-16
8.850757180362037616e+03 1.042620495740652628e-14 2.247017412195795660e-16
8.855636299787191092e+03 1.012102997850989649e-14 2.233760230644142195e-16
8.860515419212344568e+03 1.041520439980668658e-14 2.259666983655662930e-16
8.865394538637498044e+03 1.015491460400444091e-14 2.648857770718225926e-16
8.870273658062651521e+03 1.026086258963509146e-14 2.284046091619807660e-16
8.875152777487804997e+03 1.037046624807704007e-14 2.259627052522106482e-16
8.880031896912958473e+03 1.058071025702812023e-14 2.450426167757006605e-16
8.884911016338111949e+03 1.074250823790269793e-14 2.711269330583959707e-16
8.889790135763265425e+03 1.006489628921008734e-14 2.261374116772967006e-16
8.894669255188418902e+03 9.540198992423415485e-15 2.244853549207785681e-16
8.899548374613572378e+03 9.668319834282583190e-15 2.219540351860239039e-16
8.904427494038725854e+03 9.487118172848656166e-15 2.426502220536658209e-16
8.909306613463879330e+03 9.722284138670661229e-15 2.400832447111364971e-16
8.914185732889032806e+03 9.514642851057422887e-15 2.224132651890535756e-16
8.919064852314186282e+03 1.059308081717504295e-14 2.969076692987655197e-16
8.923943971739339759e+03 9.659517927970306648e-15 2.269140811892634079e-16
8.928823091164493235e+03 9.559068574843274243e-15 2.235753081251129876e-16
8.933702210589646711e+03 8.453903686952430442e-15 2.169382862871449394e-16
8.938581330014800187e+03 8.308981085250783000e-15 2.151845769210521636e-16
8.943460449439953663e+03 7.957222654314141323e-15 2.126714798697757710e-16
8.948339568865107140e+03 7.643678624104673482e-15 2.109525824440236477e-16
8.953218688290260616e+03 8.041929958298980128e-15 2.180595482963695495e-16
8.958097807715414092e+03 9.085258811372475049e-15 2.771645417667607127e-16
8.962976927140567568e+03 8.171688655982883918e-15 2.171232433363573317e-16
8.967856046565721044e+03 7.976858274324229729e-15 2.215275564337061743e-16
8.972735165990874521e+03 7.559632873416994804e-15 2.135926199244081999e-16
8.977614285416027997e+03 7.689048486680819672e-15 2.213545450494309194e-16
8.982493404841181473e+03 7.711882947227644250e-15 2.178782425789956172e-16
8.987372524266334949e+03 7.989829917163219818e-15 2.229967348830261972e-16
8.992251643691488425e+03 7.852710901863204649e-15 2.182472131771906730e-16
8.997130763116641901e+03 7.981492631779288957e-15 2.248342734449761991e-16
9.002009882541795378e+03 7.475432189182200983e-15 2.146030397640332353e-16
9.006889001966948854e+03 7.049409374751519478e-15 2.115026734176566941e-16
9.011768121392102330e+03 6.683128893526125805e-15 2.119727807044694170e-16
9.016647240817255806e+03 7.092075204714093079e-15 2.169378712868718464e-16
9.021526360242409282e+03 7.454366914759988518e-15 2.221269553367418222e-16
9.026405479667562759e+03 7.987455254527468269e-15 2.726172073322826400e-16
9.031284599092716235e+03 7.586455098313975392e-15 2.225370512179622401e-16
9.036163718517869711e+03 7.873080292275994345e-15 2.199989573937516928e-16
9.041042837943023187e+03 8.296903255604245157e-15 2.254838162608429137e-16
9.045921957368176663e+03 7.880607498462230576e-15 2.217645994151619821e-16
9.050801076793330139e+03 8.521753491210459176e-15 2.311384532038998732e-16
9.055680196218483616e+03 8.161717966050287038e-15 2.304783526532577281e-16
9.060559315643637092e+03 8.149140126477297945e-15 2.257037560396390116e-16
9.065438435068790568e+03 6.928294562505429713e-15 2.159795952123097445e-16
9.070317554493944044e+03 6.925273587244259541e-15 2.164898534319286159e-16
9.075196673919097520e+03 6.761205541022181590e-15 2.168511398894155360e-16
9.080075793344250997e+03 6.705568800164322129e-15 2.167204159668342349e-16
9.084954912769404473e+03 6.827091202093701578e-15 2.196040105912721055e-16
9.089834032194557949e+03 7.430537936454250701e-15 2.237758110062184865e-16
9.094713151619711425e+03 7.102965789247290514e-15 2.229400087904278673e-16
9.099592271044864901e+03 7.301551973721930288e-15 2.261525614191110893e-16
9.104471390470018378e+03 7.449934916363889082e-15 2.241216202858591667e-16
9.109350509895171854e+03 9.192092276109947237e-15 2.654142793940252802e-16
9.114229629320325330e+03 7.981001070803447655e-15 2.319487207147125022e-16
9.119108748745478806e+03 8.279297191789055247e-15 2.319145296466090287e-16
9.123987868170632282e+03 8.542837278144573403e-15 2.336563515739022454e-16
9.128866987595785758e+03 8.592111536359534344e-15 2.345774479877892551e-16
9.133746107020939235e+03 7.843641754734655067e-15 2.288323265367602457e-16
9.138625226446092711e+03 8.293461784532660798e-15 2.340740340056891353e-16
9.143504345871246187e+03 8.206179740441104599e-15 2.364031875599431969e-16
9.148383465296399663e+03 7.066262940794001942e-15 2.393085719197199807e-16
9.153262584721553139e+03 6.538260188440259319e-15 2.256529152876221336e-16
9.158141704146706616e+03 6.645915262669762265e-15 2.310502124531814885e-16
9.163020823571860092e+03 6.453577984673667775e-15 2.216472975692642120e-16
9.167899942997013568e+03 7.141530570468531906e-15 2.291720810912408597e-16
9.172779062422167044e+03 7.193703418678412943e-15 2.280695389395446984e-16
9.177658181847320520e+03 6.864638886953332863e-15 2.368456646601516563e-16
9.182537301272473997e+03 7.463848861572668558e-15 2.303989586507657816e-16
9.187416420697627473e+03 8.540655320094563398e-15 2.530549561951115365e-16
9.192295540122780949e+03 8.405798468213105130e-15 2.548571899888661916e-16
9.197174659547934425e+03 7.676378660702859836e-15 2.367077605008988810e-16
9.202053778973087901e+03 7.557098032917985476e-15 2.372945506848585933e-16
9.206932898398241377e+03 6.346155081324582518e-15 2.292579338759052368e-16
9.211812017823394854e+03 6.009847584299042719e-15 2.212307745831302324e-16
9.216691137248548330e+03 5.819696256387418747e-15 2.256911869768486072e-16
9.221570256673701806e+03 6.408314650753575301e-15 2.572723457749762229e-16
9.226449376098855282e+03 6.015049569021242791e-15 2.239116845056290217e-16
9.231328495524008758e+03 6.439346493034003064e-15 2.302700303559318583e-16
9.236207614949162235e+03 6.509594503006102898e-15 2.291564035040834270e-16
9.241086734374315711e+03 7.161199866498172005e-15 2.353061323567291805e-16
9.245965853799469187e+03 7.632725462383041223e-15 2.414429787291195330e-16
9.250844973224622663e+03 7.695633593058768837e-15 2.454936496842709507e-16
9.255724092649776139e+03 7.431429699572031321e-15 2.385993855365639929e-16
9.260603212074929615e+03 8.281552613639260064e-15 2.473694312044538517e-16
9.265482331500083092e+03 8.115444458762069744e-15 2.545298779739898741e-16
9.270361450925236568e+03 7.548403247262286978e-15 2.437558889560991722e-16
9.275240570350390044e+03 7.045931350543952178e-15 2.429517345044896607e-16
9.280119689775543520e+03 5.818279987341749722e-15 2.324358796023940259e-16
9.284998809200696996e+03 6.806645587161667696e-15 2.398795067745434990e-16
9.289877928625850473e+03 5.515934509040338535e-15 2.318066829490733385e-16
9.294757048051003949e+03 5.612516660934381037e-15 2.388685772125066285e-16
9.299636167476157425e+03 5.565550817709188690e-15 2.311627628518842148e-16
9.304515286901310901e+03 5.406351724640563876e-15 2.349720924530319297e-16
9.309394406326464377e+03 5.607402495240898308e-15 2.375271344131988730e-16
9.314273525751617854e+03 5.938119134520236589e-15 2.517101939845638128e-16
9.319152645176771330e+03 6.056942066049658113e-15 2.376899600423470692e-16
9.324031764601924806e+03 5.868096555266003767e-15 2.394378155010113301e-16
9.328910884027078282e+03 6.679134745115410409e-15 2.782643214322608595e-16
9.333790003452231758e+03 6.706672742214670268e-15 2.535773220958919591e-16
9.338669122877385234e+03 7.280157315202686019e-15 2.616839091955819494e-16
9.343548242302538711e+03 7.322736509215457500e-15 2.550521686964257215e-16
9.348427361727692187e+03 7.244230588044585463e-15 2.698607300584348002e-16
9.353306481152845663e+03 7.754374206994625976e-15 2.618094306301317988e-16
9.358185600577999139e+03 7.752090366989819636e-15 2.635315817670046224e-16
9.363064720003152615e+03 7.346771072634300678e-15 2.745135695937098084e-16
9.367943839428306092e+03 7.008855020797244299e-15 2.579461023210885085e-16
9.372822958853459568e+03 6.021249432927121910e-15 2.496454236895415124e-16
9.377702078278613044e+03 5.822928751516800021e-15 2.530745029704205521e-16
9.382581197703766520e+03 5.226465152750155276e-15 2.434280657969948468e-16
9.387460317128919996e+03 5.358280799148107357e-15 2.423383860559610276e-16
9.392339436554073473e+03 5.638978538008454619e-15 2.447301056651473655e-16
9.397218555979226949e+03 5.874339214579843276e-15 2.446612553643406713e-16
9.402097675404380425e+03 6.661159303666629116e-15 2.523188991138082794e-16
9.406976794829533901e+03 7.047633452576893692e-15 2.666158491864670157e-16
9.411855914254687377e+03 7.447436812041311662e-15 1.920721598829824576e-16
9.416735033679840853e+03 6.661159303666629116e-15 2.674026687965566765e-16
9.421614153104994330e+03 7.509752098906220510e-15 2.643779050926685764e-16
9.426493272530147806e+03 6.640770810475541015e-15 2.524214113554561189e-16
9.431372391955301282e+03 5.815093278381665848e-15 2.459682857242517125e-16
9.436251511380454758e+03 5.626959029579457075e-15 2.438154411508070700e-16
9.441130630805608234e+03 5.601664743856406022e-15 2.438625083373340163e-16
9.446009750230761711e+03 4.731099860022897406e-15 2.527626056539428268e-16
9.450888869655915187e+03 4.761568010692097004e-15 2.393115515564125125e-16
9.455767989081068663e+03 5.238786988480141753e-15 2.472921741501629807e-16
9.460647108506222139e+03 5.618476123323925029e-15 2.589819385485404217e-16
9.465526227931375615e+03 5.297177609052127869e-15 2.543238829866967088e-16
9.470405347356529091e+03 5.520214773670941098e-15 2.449982639852263947e-16
9.475284466781682568e+03 5.369828458323088606e-15 2.476417440362375863e-16
9.480163586206836044e+03 5.495804598964951230e-15 2.483549520005916145e-16
9.485042705631989520e+03 6.172863932953391857e-15 2.521478471453876547e-16
9.489921825057142996e+03 6.290075458697535301e-15 2.510761065539699389e-16
9.494800944482296472e+03 6.258379631480455862e-15 2.527838271487074087e-16
9.499680063907449949e+03 6.783618291012544669e-15 2.559176757604804506e-16
9.504559183332603425e+03 5.929623477335091060e-15 2.536848149496450197e-16
9.509438302757756901e+03 6.454048590371668150e-15 2.669929995835419160e-16
9.514317422182910377e+03 6.837907381150075179e-15 2.596706338078229337e-16
9.519196541608063853e+03 5.933198666703629233e-15 2.504554115165138161e-16
9.524075661033217330e+03 5.841235801912377314e-15 2.496184517880818107e-16
9.528954780458370806e+03 5.980107685826900253e-15 2.512542101739083522e-16
9.533833899883524282e+03 5.651576012104724432e-15 2.493030703268826773e-16
9.538713019308677758e+03 5.226079358627627389e-15 2.726976251570916972e-16
9.543592138733831234e+03 4.691925636894855428e-15 1.908116074591121755e-16
9.548471258158984710e+03 4.321955804496114792e-15 2.382852915148606233e-16
9.553350377584138187e+03 4.333235806330503993e-15 2.415588958698731005e-16
9.558229497009291663e+03 4.499952999497988973e-15 2.461433956525994546e-16
9.563108616434445139e+03 4.324344543316574325e-15 2.384222683061912158e-16
9.567987735859598615e+03 4.514136547516590390e-15 2.575955041067597371e-16
9.572866855284752091e+03 4.033606690949325752e-15 2.365867261398398270e-16
9.577745974709905568e+03 3.889474801230893192e-15 2.385459019499146189e-16
9.582625094135059044e+03 4.155539642607539234e-15 2.387049322880742562e-16
9.587504213560212520e+03 4.773782925451178251e-15 2.485345334233243566e-16
9.592383332985365996e+03 4.713984031077229992e-15 2.526930292870326580e-16
9.597262452410519472e+03 5.029740944059140772e-15 2.472154178084341010e-16
9.602141571835672949e+03 5.644481750639619709e-15 2.539582684917689022e-16
9.607020691260826425e+03 5.425148655391818195e-15 2.680766197038847168e-16
9.611899810685979901e+03 5.739516915470663990e-15 2.679987332366370292e-16
9.616778930111133377e+03 5.510559646685216944e-15 2.572871974014502178e-16
9.621658049536286853e+03 5.797291422281709683e-15 3.045252822474094515e-16
9.626537168961440329e+03 5.352975053823585700e-15 2.550139346970002103e-16
9.631416288386593806e+03 5.437923767996758660e-15 2.550704477748644712e-16
9.636295407811747282e+03 5.389903465294217948e-15 2.579307843694773713e-16
9.641174527236900758e+03 4.839119434223670677e-15 2.524368676114431077e-16
9.646053646662054234e+03 4.376181379754242015e-15 2.508646646354206319e-16
9.650932766087207710e+03 3.573761309156692385e-15 2.587028769178558723e-16
9.655811885512361187e+03 4.009408659704461988e-15 2.516894088199944562e-16
9.660691004937514663e+03 3.622741648579298461e-15 2.469522328002947360e-16
9.665570124362668139e+03 3.894905207218874125e-15 2.516483990988106257e-16
9.670449243787821615e+03 3.764843365104950885e-15 2.578074333629791315e-16
9.675328363212975091e+03 4.354333156117909107e-15 3.459204069932011767e-16
9.680207482638128567e+03 3.766037567703870846e-15 2.630823550066326412e-16
9.685086602063282044e+03 3.684159940789236704e-15 2.553610998908575648e-16
9.689965721488435520e+03 4.231637668005496836e-15 2.577133057807274508e-16
9.694844840913588996e+03 4.266684694441773708e-15 2.640260495608942284e-16
9.699723960338742472e+03 4.415418248654679559e-15 3.123508190362814560e-16
9.704603079763895948e+03 4.945053374029473443e-15 2.691236077792602256e-16
9.709482199189049425e+03 4.970811281435977482e-15 2.706366338584668563e-16
9.714361318614202901e+03 4.946787368735788615e-15 2.715246993415545304e-16
9.719240438039356377e+03 4.209347231959791760e-15 2.642630592635759808e-16
9.724119557464509853e+03 3.723324067129740621e-15 2.612588702064499630e-16
9.728998676889663329e+03 4.117510532650372299e-15 2.672176234548219708e-16
9.733877796314816806e+03 3.578424878667107665e-15 2.658568787088937056e-16
9.738756915739970282e+03 3.933535081740867430e-15 2.917244915169504960e-16
9.743636035165123758e+03 4.263976143501430344e-15 2.960231435418392321e-16
9.748515154590277234e+03 3.925386533400545372e-15 2.707301257832530809e-16
9.753394274015430710e+03 4.137215778194126772e-15 2.720032299646922548e-16
9.758273393440584186e+03 4.264645486809517159e-15 2.742750089796671921e-16
9.763152512865737663e+03 4.139798622825820646e-15 2.748048118880192813e-16
9.768031632290891139e+03 4.130669237948978080e-15 2.764087836486164947e-16
9.772910751716044615e+03 4.655674100254054458e-15 2.813478997519213987e-16
9.777789871141198091e+03 4.342008695563697879e-15 2.805229697514295130e-16
9.782668990566351567e+03 5.470839958703565060e-15 2.953702555668594807e-16
9.787548109991505044e+03 5.196133469838023638e-15 2.899468250251840272e-16
9.792427229416658520e+03 5.156920201168916095e-15 2.921782183337709264e-16
9.797306348841811996e+03 5.774957483912988255e-15 2.971586681486082640e-16
9.802185468266965472e+03 6.286478267136736122e-15 3.039921483162430002e-16
9.807064587692118948e+03 5.401724193784888139e-15 3.001998246047911477e-16
9.811943707117272425e+03 4.809591743015125584e-15 2.963813650043421831e-16
9.816822826542425901e+03 4.259158547663150078e-15 2.908223630187088608e-16
9.821701945967579377e+03 4.761545178854230333e-15 3.006799844563062070e-16
9.826581065392732853e+03 4.215734928954500034e-15 2.943423830986964993e-16
9.831460184817886329e+03 4.427646269636237258e-15 2.987113650816869679e-16
9.836339304243039805e+03 4.496665619927665160e-15 3.018075806784487374e-16
9.841218423668193282e+03 4.687963138885233028e-15 4.043897549940988221e-16
9.846097543093346758e+03 3.927377269048094985e-15 3.219674861189544685e-16
9.850976662518500234e+03 4.464979085610813812e-15 3.079018776169110015e-16
9.855855781943653710e+03 6.301726715120782243e-15 3.217566278857448889e-16
9.860734901368807186e+03 6.003113336079259566e-15 3.248517992963683315e-16
9.865614020793960663e+03 5.744913857065701502e-15 3.336715025581395242e-16
9.870493140219114139e+03 6.139382283329786974e-15 3.283272347391424413e-16
9.875372259644267615e+03 6.035312088973561275e-15 3.466441137775003786e-16
9.880251379069421091e+03 5.750210328808589637e-15 3.494579966983794948e-16
9.885130498494574567e+03 6.775283235150321518e-15 4.668181099318215186e-16
9.890009617919728043e+03 6.500083235789682814e-15 4.886802051946833254e-16
9.894888737344881520e+03 4.371490351208218080e-15 3.277781406175471014e-16
9.899767856770034996e+03 3.925310989362803617e-15 3.503600230813721791e-16
9.904646976195188472e+03 3.246425564881167757e-15 3.174443236181931240e-16
9.909526095620341948e+03 3.761244473512211034e-15 3.244986147359653956e-16
9.914405215045495424e+03 4.047567661575711837e-15 3.348269714102720444e-16
9.919284334470648901e+03 4.116779833060579786e-15 3.413275413114848698e-16
9.924163453895802377e+03 4.945129819306530507e-15 3.420858645608944889e-16
9.929042573320955853e+03 5.250217923713430898e-15 3.476486864266679425e-16
9.933921692746109329e+03 4.919430664784699572e-15 3.495288790626499689e-16
9.938800812171262805e+03 5.118932091558574731e-15 3.505706090901656318e-16
9.943679931596416282e+03 4.921316489194940533e-15 3.635703484454558551e-16
9.948559051021569758e+03 4.418328759082765765e-15 3.845330996012130064e-16
9.953438170446723234e+03 5.099307104161455208e-15 3.822687477648592364e-16
9.958317289871876710e+03 5.137612056755154674e-15 4.098218598798769765e-16
9.963196409297030186e+03 4.255767939802133672e-15 3.623847729680843859e-16
9.968075528722183662e+03 5.244584700779543332e-15 3.941262217501658152e-16
9.972954648147337139e+03 4.689877247213507510e-15 4.363598694933437085e-16
9.977833767572490615e+03 3.240805906437573814e-15 3.579613255445054327e-16
9.982712886997644091e+03 3.998304433994317024e-15 3.681093559142963444e-16
9.987592006422797567e+03 4.057670306614849024e-15 3.738405447135470797e-16
9.992471125847951043e+03 4.341650271067162164e-15 3.776128327296952620e-16
9.997350245273104520e+03 5.777532888645418640e-15 3.934355241423864220e-16
1.000222936469825800e+04 5.236471184125410674e-15 3.936359008446458661e-16
1.000710848412341147e+04 4.714422123247827328e-15 3.972807328032561130e-16
1.001198760354856495e+04 5.080327858294738166e-15 5.606616956994620732e-16
1.001686672297371842e+04 4.138320113311551051e-15 5.165208597654685986e-16
1.002174584239887190e+04 4.069524523204792278e-15 4.071283548404174535e-16
1.002662496182402538e+04 3.812540854576472478e-15 4.116401855289477888e-16
1.003150408124917885e+04 3.290560373745076029e-15 4.149433350357692064e-16
1.003638320067433233e+04 3.737032840372798492e-15 4.158985148883028520e-16
1.004126232009948581e+04 4.346262409245334741e-15 4.224372308659388507e-16
1.004614143952463928e+04 4.130129596992615311e-15 4.428902175002423722e-16
1.005102055894979276e+04 4.287697191287818928e-15 4.587499981562154331e-16
1.005589967837494623e+04 4.559618645241088487e-15 4.436603307462018562e-16
1.006077879780009971e+04 5.025792866187026064e-15 4.490020916818551156e-16
1.006565791722525319e+04 5.454883231618836661e-15 4.768087001454719548e-16
1.007053703665040666e+04 5.194959218291754500e-15 4.876598327773096058e-16
1.007541615607556014e+04 5.201596431690292861e-15 4.700570627883674396e-16
1.008029527550071361e+04 5.568565125341122952e-15 4.808594249083462874e-16
1.008517439492586709e+04 5.408559936271219059e-15 4.855920672386184238e-16
1.009005351435102057e+04 5.749923593130544315e-15 5.293645282760727408e-16
1.009493263377617404e+04 5.652160292541664745e-15 5.515025461141569917e-16
1.009981175320132752e+04 4.538556395713790527e-15 5.102528020146776315e-16
1.010469087262648100e+04 4.501902100376338384e-15 5.064529561173838398e-16
1.010956999205163447e+04 5.050188889363061409e-15 5.192634915733601428e-16
1.011444911147678795e+04 4.984685644879743818e-15 6.121731679910161832e-16
1.011932823090194142e+04 4.241153995465926464e-15 6.149918428503239811e-16
1.012420735032709490e+04 3.422466406330042001e-15 5.323113619339560297e-16
1.012908646975224838e+04 3.297112065970796753e-15 5.389942708190068582e-16
1.013396558917740185e+04 2.901722492521342720e-15 5.533828614135027710e-16
1.013884470860255533e+04 3.135432343673230347e-15 5.813610507491520655e-16
1.014372382802770881e+04 3.982127349318072707e-15 5.883993538705664184e-16
1.014860294745286228e+04 4.099177124899760437e-15 5.950091778960167821e-16
1.015348206687801576e+04 3.965588786941133499e-15 6.092679938636229931e-16
1.015836118630316923e+04 4.681433472105016351e-15 6.180513616438367423e-16
1.016324030572832271e+04 4.786115302310293364e-15 6.281409378925532751e-16
1.016811942515347619e+04 4.013987471039652442e-15 6.714458062755510671e-16
1.017299854457862966e+04 3.899813916968200704e-15 6.728771730946191092e-16
1.017787766400378314e+04 3.045966601533217722e-15 6.557981909614146212e-16
1.018275678342893661e+04 2.648711563407207116e-15 6.688651191594840401e-16
1.018763590285409009e+04 3.592762548737119640e-15 6.891322533371822908e-16
1.019251502227924357e+04 5.199039963055180363e-15 7.248254133126556361e-16
1.019739414170439704e+04 4.656945408659144039e-15 7.377652466948752711e-16
1.020227326112955052e+04 4.588763702559557189e-15 7.685470129037586147e-16
1.020715238055470400e+04 5.209419832713395339e-15 8.034458940121890839e-16
1.021203149997985747e+04 5.854025208396603394e-15 8.311514447889872440e-16
1.021691061940501095e+04 5.170937869777263502e-15 8.377805649029771832e-16
1.022178973883016442e+04 5.125738815733966992e-15 8.617470844000998609e-16
