# obs_wvl flux error
1.139359999999999673e+03 1.446938766068397933e-15 9.847609901936320928e-16
1.139419999999999618e+03 1.358357629289781113e-15 8.016770097532057421e-16
1.139479999999999563e+03 1.093201670240561348e-15 7.715911725316212594e-16
1.139539999999999509e+03 1.573932462791152259e-15 8.356935188841098394e-16
1.139599999999999454e+03 1.097560922003352562e-15 7.740128946582483969e-16
1.139659999999999400e+03 1.593913304109349903e-15 8.456083425007908836e-16
1.139719999999999345e+03 8.121078333654090017e-16 7.360146137364506830e-16
1.139779999999999291e+03 1.456201518301496879e-15 8.308886282486999262e-16
1.139839999999999236e+03 1.444796923588635830e-15 8.218339962559358382e-16
1.139899999999999181e+03 9.347229325848187147e-16 7.527581128681193512e-16
1.139959999999999127e+03 1.168743242149681805e-15 7.848888806001310854e-16
1.140019999999999072e+03 5.649208661543065959e-16 6.778911898505786409e-16
1.140079999999999018e+03 7.938355975676148472e-16 7.225105178427881523e-16
1.140139999999998963e+03 8.500526067715542061e-16 7.223133015213991083e-16
1.140199999999998909e+03 6.411386137459878084e-16 6.911347779576509278e-16
1.140259999999998854e+03 5.793660919457771910e-16 6.798246442127479988e-16
1.140319999999998799e+03 2.037772144896284893e-15 8.656787229767636983e-16
1.140379999999998745e+03 1.850234179225636907e-15 8.324643596100229885e-16
1.140439999999998690e+03 1.630918798346891785e-15 8.058015577281335588e-16
1.140499999999998636e+03 1.256089588745491995e-15 7.531885058714683392e-16
1.140559999999998581e+03 1.372294687029831805e-15 7.838961479151743204e-16
1.140619999999998527e+03 1.065618379346931288e-15 7.456902235661924047e-16
1.140679999999998472e+03 1.159396863895789422e-15 7.456475001416529463e-16
1.140739999999998417e+03 1.453437458217927194e-15 7.827148402984995120e-16
1.140799999999998363e+03 4.628999844425756897e-16 9.220843664582537467e-16
1.140979999999998199e+03 1.454588420671797225e-15 8.431247186138155104e-16
1.141039999999998145e+03 1.013199312833621013e-15 7.080365585846571129e-16
1.141099999999998090e+03 1.004526892037298707e-15 7.154712391580863665e-16
1.141159999999998035e+03 1.256457124837131219e-15 7.465329807192789161e-16
1.141219999999997981e+03 1.942081134589000301e-15 8.285818647700120458e-16
1.141279999999997926e+03 1.741967868060436934e-15 8.077211959880107341e-16
1.141339999999997872e+03 1.749904506393745123e-15 7.903847288989888786e-16
1.141399999999997817e+03 1.174741480787269146e-15 7.132296969694406630e-16
1.141459999999997763e+03 1.198350178441195670e-15 7.399454113071117165e-16
1.141519999999997708e+03 1.906591099864072051e-15 8.334436918694905126e-16
1.141579999999997654e+03 1.973000365568320488e-15 8.378016298889043522e-16
1.141639999999997599e+03 1.398242746974235365e-15 7.723116482380250518e-16
1.141699999999997544e+03 1.556108402198947455e-15 7.877790830133293641e-16
1.141759999999997490e+03 1.488675020538393498e-15 7.838188825577212369e-16
1.141819999999997435e+03 2.146058768417833188e-15 8.664012031580553600e-16
1.141879999999997381e+03 1.749852479510558324e-15 8.103873746281956751e-16
1.141939999999997326e+03 1.322926799491465518e-15 7.594415986452479283e-16
1.141999999999997272e+03 1.414738950293453280e-15 7.792662139790273545e-16
1.142059999999997217e+03 2.004461746143910945e-15 8.435425697207902037e-16
1.142119999999997162e+03 1.319787936839334387e-15 7.672477388078323852e-16
1.142179999999997108e+03 1.419088354605619493e-15 7.858069314201209145e-16
1.142239999999997053e+03 1.388891375006933419e-15 7.857126586044169191e-16
1.142299999999996999e+03 2.625843186800851024e-15 9.241045952774699206e-16
1.142359999999996944e+03 1.268875327390649358e-15 7.718911618904021085e-16
1.142419999999996890e+03 1.872492749997284031e-15 8.393792065918881639e-16
1.142479999999996835e+03 1.246871292749261359e-15 7.611592059926459349e-16
1.142539999999996780e+03 1.359071184431935738e-15 7.770005689103995811e-16
1.142599999999996726e+03 1.640489164696843231e-15 8.062322567545271107e-16
1.142659999999996671e+03 1.953943326863051762e-15 8.404330707685229576e-16
1.142719999999996617e+03 2.229854959105893641e-15 8.698557514853631335e-16
1.142779999999996562e+03 1.376665839664449438e-15 7.664675528537891822e-16
1.142839999999996508e+03 2.042343106742973383e-15 8.233192676509631962e-16
1.142899999999996453e+03 3.062962033444279526e-15 9.347573448623902285e-16
1.142959999999996398e+03 5.314679712896920358e-16 6.400465296855956906e-16
1.143019999999996344e+03 1.563878401115049540e-15 7.868023188956761450e-16
1.143079999999996289e+03 1.583273919243307928e-15 7.850164823073431339e-16
1.143139999999996235e+03 1.081350350738375233e-15 7.149700351068733504e-16
1.143199999999996180e+03 1.226615065063108776e-15 7.202082389090597438e-16
1.143259999999996126e+03 2.187905494644459316e-15 8.528395094600121470e-16
1.143319999999996071e+03 1.559765964031176294e-15 8.162272113208363188e-16
1.143379999999996016e+03 1.319089500631629483e-15 8.101113622166040024e-16
1.143439999999995962e+03 1.608430792110812950e-15 8.560953615340028380e-16
1.143499999999995907e+03 1.746271673521157337e-15 8.553521170971522029e-16
1.143559999999995853e+03 1.258534001443644675e-15 7.855348255271024460e-16
1.143619999999995798e+03 2.096108198014462724e-15 9.146621807054674197e-16
1.143679999999995744e+03 2.271956335953958658e-15 9.148149664963625053e-16
1.143739999999995689e+03 2.625745833263508967e-15 9.170057735334971806e-16
1.143799999999995634e+03 1.271481356584959666e-15 7.349759213603145144e-16
1.143859999999995580e+03 2.257233143532277767e-15 8.396690273105244580e-16
1.143919999999995525e+03 2.817153956324307454e-15 8.922326831250377815e-16
1.143979999999995471e+03 1.190368727278931085e-15 7.113407595850781944e-16
1.144039999999995416e+03 1.836543974339807963e-15 7.972906619954829859e-16
1.144099999999995362e+03 1.853930665209753393e-15 7.962831678249484867e-16
1.144159999999995307e+03 1.822842803184305421e-15 7.841542256694206198e-16
1.144219999999995252e+03 2.274972897098180522e-15 8.352948862857866931e-16
1.144279999999995198e+03 1.400789276087514140e-15 7.395172048308805920e-16
1.144339999999995143e+03 1.853096686824905737e-15 7.921240970377083728e-16
1.144399999999995089e+03 8.107560305646947482e-16 6.612861486580580115e-16
1.144459999999995034e+03 1.693395567606795077e-15 7.884590313538528220e-16
1.144519999999994980e+03 1.788479995300448942e-15 7.988130879577457046e-16
1.144579999999994925e+03 1.235952142087935849e-15 7.294902157303056415e-16
1.144639999999994870e+03 1.892226449797856594e-15 8.136136627717724945e-16
1.144699999999994816e+03 1.550552490438325894e-15 7.692622535392043251e-16
1.144759999999994761e+03 1.341777504045189521e-15 7.488050257680498097e-16
1.144819999999994707e+03 1.184197347366062540e-15 7.338143567056672505e-16
1.144879999999994652e+03 6.279493081882580699e-16 6.546509978456259119e-16
1.144939999999994598e+03 1.543521780011355217e-15 7.783838188505207404e-16
1.144999999999994543e+03 1.095128840766554996e-15 7.245138535983532346e-16
1.145059999999994488e+03 1.339369162533435142e-15 7.504199815384774375e-16
1.145119999999994434e+03 1.084696045668158261e-15 7.128412744737634428e-16
1.145179999999994379e+03 1.199953113139168174e-15 7.273044340444873921e-16
1.145239999999994325e+03 1.338199927361432978e-15 7.436933244221781757e-16
1.145299999999994270e+03 1.518260892575675407e-15 7.574667705570449084e-16
1.145359999999994216e+03 1.869676236171610625e-15 8.027713578512743168e-16
1.145419999999994161e+03 1.108877464017575947e-15 7.036249960464667577e-16
1.145479999999994106e+03 9.625198477823835458e-16 6.785869874474943040e-16
1.145539999999994052e+03 2.089072946729089728e-15 8.177051399293096973e-16
1.145599999999993997e+03 2.172309954896491982e-15 8.299215975719376976e-16
1.145659999999993943e+03 1.039273328531063702e-15 6.874833793912593737e-16
1.145719999999993888e+03 1.731072390135517732e-15 7.663286870679197899e-16
1.145779999999993834e+03 1.412671265276499599e-15 7.223886805357594504e-16
1.145839999999993779e+03 2.497195638241552155e-15 8.395657268896212739e-16
1.145899999999993724e+03 2.177742330523453128e-15 8.000715669587872006e-16
1.145959999999993670e+03 1.502979418182136234e-15 7.272732247390284375e-16
1.146019999999993615e+03 3.843658499102903234e-16 5.885392450001958666e-16
1.146079999999993561e+03 1.284799509962512917e-15 7.052265526688106652e-16
1.146139999999993506e+03 1.477572324898753294e-15 7.267224135540925698e-16
1.146199999999993452e+03 8.859469140411895565e-16 6.493743334422119625e-16
1.146259999999993397e+03 1.632281596400375110e-15 7.450109926745592098e-16
1.146319999999993342e+03 1.213295134970735925e-15 5.921186673275483883e-16
1.146379999999993288e+03 1.766866874356371961e-15 5.978074731022463983e-16
1.146439999999993233e+03 2.386378419398686658e-15 6.426774236492769508e-16
1.146499999999993179e+03 1.378896227078255901e-15 5.520421951828713608e-16
1.146559999999993124e+03 1.440307532590937695e-15 5.654590353363495807e-16
1.146619999999993070e+03 1.157747705594264448e-15 5.407770966331040011e-16
1.146679999999993015e+03 1.967597182097520384e-15 6.156162105571559156e-16
1.146739999999992961e+03 1.430191527035238254e-15 5.684059251085137781e-16
1.146799999999992906e+03 1.686685382967620616e-15 5.960925639701397419e-16
1.146859999999992851e+03 1.527634690770824862e-15 5.765514763057977108e-16
1.146919999999992797e+03 1.548645007726997626e-15 5.775146131976063124e-16
1.146979999999992742e+03 1.400256605059377184e-15 5.605437586667737415e-16
1.147039999999992688e+03 1.401326461870914075e-15 5.709070285627037967e-16
1.147099999999992633e+03 1.330837992007493344e-15 5.616359259254152278e-16
1.147159999999992579e+03 1.857048749747626337e-15 6.115396876873332944e-16
1.147219999999992524e+03 2.117460696382021365e-15 6.302296230148802993e-16
1.147279999999992469e+03 2.177483310811067172e-15 6.346714971540714208e-16
1.147339999999992415e+03 1.935164863261553287e-15 6.116246158560127136e-16
1.147399999999992360e+03 2.119026085439559958e-15 6.279536133928262825e-16
1.147459999999992306e+03 1.912731051318054073e-15 6.094012794512247387e-16
1.147519999999992251e+03 1.751706688591643297e-15 5.999607328774429808e-16
1.147579999999992197e+03 2.223039016923476892e-15 6.394753717213520182e-16
1.147639999999992142e+03 1.808710943241952857e-15 6.038814508747465570e-16
1.147699999999992087e+03 1.837551616555275321e-15 6.028415837686068236e-16
1.147759999999992033e+03 2.154047597042324996e-15 6.293330959341355056e-16
1.147819999999991978e+03 1.916978457796705696e-15 7.942122752237573648e-16
1.147879999999991924e+03 1.620886200665515689e-15 7.581778126349989749e-16
1.147939999999991869e+03 1.824291445190092645e-15 6.147822810597125367e-16
1.147999999999991815e+03 2.521673832824609471e-15 6.485256934571799549e-16
1.148059999999991760e+03 1.390554247654905371e-15 5.553691668188468514e-16
1.148119999999991705e+03 1.916026737748098225e-15 5.958693769120079017e-16
1.148179999999991651e+03 1.629676461880642755e-15 5.720070419521361408e-16
1.148239999999991596e+03 2.258258780692561854e-15 6.261325039735636960e-16
1.148299999999991542e+03 1.934794730216067785e-15 5.950182421856523144e-16
1.148359999999991487e+03 1.711020572866100918e-15 5.792910364863729039e-16
1.148419999999991433e+03 2.335094317524626124e-15 6.238157943729637683e-16
1.148479999999991378e+03 2.130677245460351068e-15 6.034004466296453472e-16
1.148539999999991323e+03 1.868285878265693033e-15 5.875082298941595960e-16
1.148599999999991269e+03 1.787750049997144226e-15 5.815764484642246099e-16
1.148659999999991214e+03 2.359991873997527763e-15 7.129641654039646179e-16
1.148719999999991160e+03 2.277583435399060274e-15 9.656093200246562916e-16
1.148779999999991105e+03 1.651762250071154497e-15 8.969117552749402058e-16
1.148839999999991051e+03 1.735040124952213039e-15 9.171847697009031660e-16
1.148899999999990996e+03 2.015783064046673853e-15 9.418706645783287382e-16
1.148959999999990941e+03 1.407597734289585838e-15 5.440769336447043429e-16
1.149019999999990887e+03 1.844879830571227735e-15 5.836614938348667697e-16
1.149079999999990832e+03 2.288529605778000861e-15 6.156513219001931741e-16
1.149139999999990778e+03 1.760212894142779299e-15 5.733424562205940417e-16
1.149199999999990723e+03 2.511681910888809851e-15 6.351575265581842922e-16
1.149259999999990669e+03 1.932244411171335394e-15 5.894781021373663733e-16
1.149319999999990614e+03 1.887773946506814245e-15 5.869348489444916531e-16
1.149379999999990559e+03 2.423911848066436879e-15 6.329123618397638832e-16
1.149439999999990505e+03 2.283666715204389216e-15 6.161425893540290365e-16
1.149499999999990450e+03 1.730479996185897428e-15 5.712465632122023520e-16
1.149559999999990396e+03 2.161393058452409959e-15 6.084928384428451094e-16
1.149619999999990341e+03 1.736682455708348580e-15 5.765239963742808139e-16
1.149679999999990287e+03 1.428510188646649735e-15 5.532544811170951293e-16
1.149739999999990232e+03 2.021499766853944863e-15 6.087724167318195650e-16
1.149799999999990177e+03 1.825365664533004904e-15 5.925542537706656490e-16
1.149859999999990123e+03 1.421836129785607281e-15 5.563615479529570782e-16
1.149919999999990068e+03 1.544008804974888423e-15 5.634133864566294924e-16
1.149979999999990014e+03 1.438953499756569755e-15 5.555810361137258150e-16
1.150039999999989959e+03 1.893892692479323170e-15 5.944893638752355525e-16
1.150099999999989905e+03 1.741381324650491691e-15 5.800830824250938983e-16
1.150159999999989850e+03 1.319746406901848441e-15 5.452308706148903805e-16
1.150219999999989795e+03 1.266772583094675892e-15 5.459504336988391630e-16
1.150279999999989741e+03 1.788442188854742316e-15 5.921076654362440225e-16
1.150339999999989686e+03 1.952126016331365636e-15 6.121138259506716621e-16
1.150399999999989632e+03 1.152777633705101982e-15 5.402756349632322504e-16
1.150459999999989577e+03 2.004087057902257854e-15 6.178054164604800326e-16
1.150519999999989523e+03 2.233879430430516528e-15 6.293050822924086517e-16
1.150579999999989468e+03 1.634926358058932789e-15 5.790340862178940688e-16
1.150639999999989413e+03 1.796286785392787289e-15 5.912037401038888786e-16
1.150699999999989359e+03 2.433893543500904692e-15 6.382501204732883864e-16
1.150759999999989304e+03 1.724696953934817643e-15 5.641548473372115722e-16
1.150819999999989250e+03 1.563435044279726532e-15 5.517693732646524454e-16
1.150879999999989195e+03 2.246992049771877873e-15 6.059069158516988847e-16
1.150939999999989141e+03 1.907258967272707817e-15 5.759008521127276658e-16
1.150999999999989086e+03 1.910916057969404008e-15 5.759817953456039224e-16
1.151059999999989031e+03 1.752000774625079783e-15 5.627878285013694000e-16
1.151119999999988977e+03 1.868209435359409903e-15 5.658882720528961477e-16
1.151179999999988922e+03 1.556197234258172786e-15 5.404504124774135916e-16
1.151239999999988868e+03 2.014632659293671769e-15 5.731409604718607056e-16
1.151299999999988813e+03 1.536936311563873906e-15 5.394564319623183679e-16
1.151359999999988759e+03 1.705892106857421726e-15 5.561461138388561922e-16
1.151419999999988704e+03 1.774264638746292467e-15 5.578631714404213371e-16
1.151479999999988650e+03 1.659084252886317763e-15 5.448957168601355150e-16
1.151539999999988595e+03 1.105855172075953607e-15 4.967019501261602655e-16
1.151599999999988540e+03 2.031447184003104661e-15 5.764773314685583896e-16
1.151659999999988486e+03 2.021761249054703355e-15 5.784026281741846999e-16
1.151719999999988431e+03 1.590777875335653190e-15 5.512896663887484961e-16
1.151779999999988377e+03 2.294104967080026859e-15 6.223704403230952535e-16
1.151839999999988322e+03 2.275439250724790302e-15 6.128948829817223434e-16
1.151899999999988268e+03 1.686206863651885438e-15 5.607034508452011438e-16
1.151959999999988213e+03 1.028606788486218670e-15 4.972661600588286054e-16
1.152019999999988158e+03 2.028026744967403218e-15 6.028839959835335513e-16
1.152079999999988104e+03 1.768661322543686908e-15 5.834839173797486585e-16
1.152139999999988049e+03 2.239670925351574200e-15 6.131669329125441016e-16
1.152199999999987995e+03 1.504325708275151602e-15 5.365733778613133257e-16
1.152259999999987940e+03 1.886007613251351051e-15 5.719451892634123052e-16
1.152319999999987886e+03 2.102298608134198530e-15 5.862508662569902469e-16
1.152379999999987831e+03 1.721734211439746987e-15 5.608039136819870226e-16
1.152439999999987776e+03 1.293827945507361746e-15 5.290862916930329243e-16
1.152499999999987722e+03 1.420704218192004979e-15 5.349460809643741352e-16
1.152559999999987667e+03 1.976574288667208167e-15 5.876419098596440641e-16
1.152619999999987613e+03 1.326957839051663531e-15 5.300180556759221913e-16
1.152679999999987558e+03 1.540577758369663423e-15 5.533563457725904026e-16
1.152739999999987504e+03 1.743921185776727760e-15 5.707547825349988811e-16
1.152799999999987449e+03 1.111770838437958344e-15 5.085313894749750525e-16
1.152859999999987394e+03 1.448051539652945625e-15 5.471945149799629317e-16
1.152919999999987340e+03 1.741708697529950182e-15 5.677757952930659640e-16
1.152979999999987285e+03 1.660480478862224168e-15 5.607941688111701738e-16
1.153039999999987231e+03 1.793369298828720941e-15 5.699695767493206997e-16
1.153099999999987176e+03 2.020274702248218014e-15 5.848595176714820806e-16
1.153159999999987122e+03 1.658124155869830627e-15 5.586782122503036965e-16
1.153219999999987067e+03 1.593685244364908533e-15 5.421582141226382138e-16
1.153279999999987012e+03 1.672658154330064594e-15 5.508291291389328594e-16
1.153339999999986958e+03 1.556379752461392067e-15 5.409113366165591129e-16
1.153399999999986903e+03 1.575614850754536673e-15 5.374425250448354532e-16
1.153459999999986849e+03 2.144919444711335930e-15 5.831618429133857520e-16
1.153519999999986794e+03 1.933615744663058603e-15 5.150296061275154220e-16
1.153579999999986740e+03 1.290563710091434041e-15 4.313318188820717512e-16
1.153639999999986685e+03 1.742205752047986388e-15 4.689133685933040678e-16
1.153699999999986630e+03 1.541325319600124825e-15 4.546091356403221077e-16
1.153759999999986576e+03 1.564390146389579607e-15 4.507911296034654267e-16
1.153819999999986521e+03 1.405851742620309215e-15 4.416379985959111378e-16
1.153879999999986467e+03 1.497678424917083027e-15 4.450772550017334504e-16
1.153939999999986412e+03 9.497631769334332888e-16 4.014341366092748584e-16
1.153999999999986358e+03 1.236883464880974558e-15 4.233986969075102645e-16
1.154059999999986303e+03 1.500666538489945316e-15 4.408379358304862923e-16
1.154119999999986248e+03 1.625671610475693138e-15 4.550351807078704045e-16
1.154179999999986194e+03 1.321316677296324741e-15 4.326481279734887923e-16
1.154239999999986139e+03 1.318933106483568253e-15 4.309868864124118632e-16
1.154299999999986085e+03 1.590905663348539852e-15 4.531412686739052657e-16
1.154359999999986030e+03 1.231676446175118342e-15 4.218622260074168005e-16
1.154419999999985976e+03 1.380313063814900356e-15 4.334184823779123141e-16
1.154479999999985921e+03 1.417233674040109401e-15 4.428902849552720129e-16
1.154539999999985866e+03 1.567871015577924025e-15 4.503335949274009401e-16
1.154599999999985812e+03 1.388858618370620918e-15 4.388210557141687509e-16
1.154659999999985757e+03 1.328276580144692261e-15 4.343885738482404030e-16
1.154719999999985703e+03 1.418416579261061868e-15 4.371267179056494004e-16
1.154779999999985648e+03 1.428903750353444516e-15 4.411549446833236489e-16
1.154839999999985594e+03 1.244760437958863089e-15 4.217226201440334279e-16
1.154899999999985539e+03 1.037584001651696709e-15 4.118273727599474257e-16
1.154959999999985484e+03 1.339097939705653497e-15 4.386168413114533913e-16
1.155019999999985430e+03 1.405879055116433948e-15 5.187346371892097114e-16
1.155079999999985375e+03 1.276845840302252835e-15 5.091854744437918492e-16
1.155139999999985321e+03 1.378169956992430008e-15 4.631489949503337371e-16
1.155199999999985266e+03 1.268212725047876417e-15 4.318776834710323095e-16
1.155259999999985212e+03 1.345373785052138496e-15 4.415788326510466802e-16
1.155319999999985157e+03 1.729998119560654225e-15 4.710540873074539290e-16
1.155379999999985102e+03 1.209260013281940671e-15 4.340534867385162027e-16
1.155439999999985048e+03 1.167969808549474674e-15 4.322515861321665483e-16
1.155499999999984993e+03 1.301604720540804015e-15 4.408714151649998180e-16
1.155559999999984939e+03 1.575841448724011292e-15 4.603933113471561762e-16
1.155619999999984884e+03 1.543618436587908283e-15 4.574273687841718770e-16
1.155679999999984830e+03 1.759422553151723388e-15 5.593860164112721907e-16
1.155739999999984775e+03 1.409868432433362017e-15 5.290194038147309425e-16
1.155799999999984720e+03 1.446624470073364272e-15 5.350260023844853903e-16
1.155859999999984666e+03 1.054688750223340736e-15 4.973253116231614743e-16
1.155919999999984611e+03 1.408284394889668017e-15 4.426410470334067102e-16
1.155979999999984557e+03 1.407599765679303388e-15 4.424709809143506699e-16
1.156039999999984502e+03 1.466917673559188949e-15 4.438763016797499266e-16
1.156099999999984448e+03 1.284125946638982148e-15 4.291996726896261009e-16
1.156159999999984393e+03 1.195842854823074080e-15 4.223188373977165313e-16
1.156219999999984339e+03 1.253874216026499367e-15 4.232117917428569245e-16
1.156279999999984284e+03 1.285225005588834665e-15 4.246162075142583430e-16
1.156339999999984229e+03 1.169390975646974093e-15 4.148174285803012017e-16
1.156399999999984175e+03 1.755526935123138535e-15 4.601228802225662027e-16
1.156459999999984120e+03 1.395931831931924746e-15 4.323923843180732095e-16
1.156519999999984066e+03 1.260801842295093340e-15 4.229592300790423485e-16
1.156579999999984011e+03 1.193194824095134227e-15 4.142934760002543173e-16
1.156639999999983957e+03 1.186170290249976267e-15 4.127678022856852287e-16
1.156699999999983902e+03 1.508495093843557576e-15 4.385856266068231281e-16
1.156759999999983847e+03 1.153862933745079522e-15 4.089042447295031190e-16
1.156819999999983793e+03 1.280343152401811902e-15 4.200369917190120419e-16
1.156879999999983738e+03 1.178901885298070839e-15 4.113282062740721869e-16
1.156939999999983684e+03 1.495220820997538988e-15 4.354771918863041213e-16
1.156999999999983629e+03 7.129592959348693769e-16 3.699978081417914441e-16
1.157059999999983575e+03 1.040546063987730369e-15 3.999047482249523084e-16
1.157119999999983520e+03 1.247798162340583653e-15 4.145212610865254378e-16
1.157179999999983465e+03 1.317208843904342974e-15 4.226032242413218154e-16
1.157239999999983411e+03 1.167440355940343921e-15 4.160076064193636701e-16
1.157299999999983356e+03 1.256207420345164931e-15 4.175134007377345669e-16
1.157359999999983302e+03 1.541472839883293217e-15 4.376393672920936014e-16
1.157419999999983247e+03 1.288805268580091979e-15 4.155258950769665148e-16
1.157479999999983193e+03 1.387196721109478174e-15 4.296576515575272605e-16
1.157539999999983138e+03 1.690897804592380705e-15 4.593199892078079707e-16
1.157599999999983083e+03 1.712179144602849656e-15 4.654074576896906446e-16
1.157659999999983029e+03 1.787880079029210572e-15 4.672454872897165765e-16
1.157719999999982974e+03 2.401168722273508331e-15 5.050221575322171545e-16
1.157779999999982920e+03 2.588072156179836416e-15 5.168045267605693258e-16
1.157839999999982865e+03 1.606992624220734629e-15 4.537708282034504661e-16
1.157899999999982811e+03 1.914237337008192366e-15 4.702877819899648420e-16
1.157959999999982756e+03 1.371445958732612685e-15 4.325962284916448067e-16
1.158019999999982701e+03 1.375238732426836178e-15 4.346378106392992360e-16
1.158079999999982647e+03 1.525636850257085284e-15 4.472846063030716051e-16
1.158139999999982592e+03 1.838986083260853430e-15 4.673002009900401418e-16
1.158199999999982538e+03 1.608060223536222937e-15 4.516859726243289995e-16
1.158259999999982483e+03 2.354927257989236436e-15 4.988091272430763583e-16
1.158319999999982429e+03 1.348069454714881147e-15 4.326031694142216614e-16
1.158379999999982374e+03 1.765207559497768735e-15 4.630054437082462192e-16
1.158439999999982319e+03 1.532839086128288073e-15 4.418367829152822497e-16
1.158499999999982265e+03 1.775182690696064331e-15 4.605805114488233079e-16
1.158559999999982210e+03 1.496583147174538650e-15 4.407594165655740862e-16
1.158619999999982156e+03 1.533760385698224562e-15 4.343592411597812424e-16
1.158679999999982101e+03 1.705026575083684183e-15 4.529813090029141089e-16
1.158739999999982047e+03 1.891031028574876721e-15 4.730769132635286602e-16
1.158799999999981992e+03 1.358686602664103003e-15 4.342203991505246108e-16
1.158859999999981937e+03 1.539666015965571228e-15 4.446084885912019217e-16
1.158919999999981883e+03 1.879864071030841817e-15 4.710702058024805328e-16
1.158979999999981828e+03 1.318358946630136472e-15 4.241055931256378014e-16
1.159039999999981774e+03 1.652762888660432863e-15 4.507085601582279889e-16
1.159099999999981719e+03 2.046192383439356820e-15 4.744455141878133330e-16
1.159159999999981665e+03 2.119568373370860771e-15 4.737350101686248302e-16
1.159219999999981610e+03 2.405612046307015200e-15 4.877421632982629622e-16
1.159279999999981555e+03 1.576561664197289478e-15 4.364939496366876426e-16
1.159339999999981501e+03 1.606905284960359320e-15 4.377022042246526175e-16
1.159399999999981446e+03 1.732771134075571716e-15 4.427224737463383264e-16
1.159459999999981392e+03 1.331380584107147747e-15 4.179372181515642511e-16
1.159519999999981337e+03 1.805743908844180840e-15 4.472488603017372534e-16
1.159579999999981283e+03 2.115000688888306966e-15 4.667156048605404572e-16
1.159639999999981228e+03 1.802220955810603245e-15 4.451960097456644845e-16
1.159699999999981173e+03 1.391184297642455729e-15 4.160749144242574384e-16
1.159759999999981119e+03 1.530874772340486304e-15 4.271698938143410896e-16
1.159819999999981064e+03 1.297387046985619406e-15 4.052731792544866522e-16
1.159879999999981010e+03 1.483647154556452186e-15 4.266873264720048603e-16
1.159939999999980955e+03 1.583002776263160743e-15 3.960310060762301284e-16
1.159999999999980901e+03 1.583100946615440657e-15 3.175320139531871862e-16
1.160059999999980846e+03 2.020753789036751982e-15 3.437698840565777590e-16
1.160119999999980791e+03 1.706298475328525479e-15 3.286044689749054658e-16
1.160179999999980737e+03 1.537815418885965942e-15 3.228824093188237287e-16
1.160239999999980682e+03 1.455828953023212610e-15 3.217793458530033276e-16
1.160299999999980628e+03 1.599957454912160668e-15 3.308596234378290880e-16
1.160359999999980573e+03 1.615240546675223927e-15 3.287846959950167188e-16
1.160419999999980519e+03 1.665612485198852120e-15 3.337750413544295818e-16
1.160479999999980464e+03 2.191277825427222591e-15 3.622926388746934529e-16
1.160539999999980409e+03 1.952337669165600239e-15 3.450049092731456709e-16
1.160599999999980355e+03 1.620566111667304986e-15 3.243912585238164718e-16
1.160659999999980300e+03 1.707062224644815740e-15 3.280549129482010647e-16
1.160719999999980246e+03 1.841646859520656196e-15 3.308213526015548691e-16
1.160779999999980191e+03 1.831831920387616743e-15 3.335288815047312942e-16
1.160839999999980137e+03 1.731197198011678770e-15 3.305959649780854190e-16
1.160899999999980082e+03 2.247706326965617600e-15 3.570375406723281327e-16
1.160959999999980027e+03 1.799567874437903237e-15 3.320839657311510859e-16
1.161019999999979973e+03 1.697186285555125316e-15 3.277285623852230704e-16
1.161079999999979918e+03 1.510084878709613266e-15 3.133495446285113350e-16
1.161139999999979864e+03 1.750426857500710666e-15 3.298882500752692044e-16
1.161199999999979809e+03 1.640814103311662716e-15 3.244689388392671240e-16
1.161259999999979755e+03 1.748556332803052974e-15 3.283268351147314177e-16
1.161319999999979700e+03 1.782458127638797038e-15 3.290060055166930215e-16
1.161379999999979646e+03 1.530316534743587486e-15 3.400136990289093674e-16
1.161439999999979591e+03 1.496168924074113176e-15 4.279360275015707535e-16
1.161499999999979536e+03 1.101591669288686601e-15 4.022554301275723543e-16
1.161559999999979482e+03 1.720058169063907794e-15 4.452274347809393488e-16
1.161619999999979427e+03 1.912465716456262155e-15 3.371159097306536893e-16
1.161679999999979373e+03 1.773263031188666254e-15 3.298838849330586822e-16
1.161739999999979318e+03 1.922208221448233897e-15 3.386335065475079470e-16
1.161799999999979264e+03 1.391217309908748953e-15 3.070841699762168208e-16
1.161859999999979209e+03 1.875149078962262037e-15 3.303072843396068019e-16
1.161919999999979154e+03 1.517327158779859435e-15 3.126148762283956884e-16
1.161979999999979100e+03 1.742757127804819075e-15 3.247454935348952565e-16
1.162039999999979045e+03 1.680842260650022472e-15 3.223051363067451249e-16
1.162099999999978991e+03 1.503618791680142173e-15 3.118100892570043709e-16
1.162159999999978936e+03 1.628051760365613735e-15 3.163208274413339227e-16
1.162219999999978882e+03 2.002891723875882850e-15 3.334358721594153235e-16
1.162279999999978827e+03 1.742935419874475973e-15 3.211914212426930667e-16
1.162339999999978772e+03 1.616101643002119897e-15 3.152931469819276966e-16
1.162399999999978718e+03 1.517485489186224457e-15 3.071352039205240417e-16
1.162459999999978663e+03 1.907892541239095637e-15 3.287728895142686973e-16
1.162519999999978609e+03 1.631614671928374080e-15 3.125448099780480896e-16
1.162579999999978554e+03 1.488511335062978670e-15 3.058883199422155279e-16
1.162639999999978500e+03 2.031092191250310255e-15 3.357178386766218890e-16
1.162699999999978445e+03 1.766685671088313599e-15 3.220461057620146750e-16
1.162759999999978390e+03 1.627365213442664849e-15 3.157741418019169629e-16
1.162819999999978336e+03 2.194369350694666098e-15 3.446499723161759286e-16
1.162879999999978281e+03 2.132138389767865713e-15 3.724193642227206684e-16
1.162939999999978227e+03 1.931949045274584279e-15 3.628138300361908906e-16
1.162999999999978172e+03 1.543257110499111587e-15 3.414370973257675582e-16
1.163059999999978118e+03 1.921746395849019415e-15 3.634022934530889561e-16
1.163119999999978063e+03 1.770389900037179979e-15 3.245235904685124199e-16
1.163179999999978008e+03 1.562101674794563439e-15 3.104946624049559094e-16
1.163239999999977954e+03 1.648380164895227779e-15 3.164290669950128280e-16
1.163299999999977899e+03 1.531503980714193259e-15 3.103971005442884404e-16
1.163359999999977845e+03 2.119844944678362521e-15 3.441220249950261718e-16
1.163419999999977790e+03 1.815043497482603810e-15 3.293943037903061362e-16
1.163479999999977736e+03 1.591562082973376685e-15 3.146505295297383190e-16
1.163539999999977681e+03 2.062252159590505399e-15 3.408150727212073303e-16
1.163599999999977626e+03 1.545844014003933297e-15 3.150399649218578979e-16
1.163659999999977572e+03 1.462398965468338483e-15 3.095198845792151043e-16
1.163719999999977517e+03 2.119061335616369289e-15 3.434678229014450881e-16
1.163779999999977463e+03 1.883797529615544313e-15 3.317714423327821482e-16
1.163839999999977408e+03 1.887131561212100632e-15 3.334303700443730896e-16
1.163899999999977354e+03 1.961349303582724942e-15 3.422565490241892109e-16
1.163959999999977299e+03 1.683716109127238397e-15 3.323462352904550888e-16
1.164019999999977244e+03 1.942831980085006168e-15 3.520180010284934428e-16
1.164079999999977190e+03 1.646370313556482866e-15 3.300430544316798799e-16
1.164139999999977135e+03 2.150825289761425926e-15 3.572866367284109555e-16
1.164199999999977081e+03 1.673434033020159815e-15 3.287980551142953876e-16
1.164259999999977026e+03 1.790626730535189533e-15 3.379330585427480887e-16
1.164319999999976972e+03 1.485657191446111490e-15 3.135827802990697928e-16
1.164379999999976917e+03 1.487156564331286277e-15 3.067423905910500833e-16
1.164439999999976862e+03 1.551469926515560516e-15 3.126740350516980721e-16
1.164499999999976808e+03 1.588201439384394040e-15 3.124386077149335440e-16
1.164559999999976753e+03 1.452292274645991927e-15 3.037455432972340911e-16
1.164619999999976699e+03 1.616525546986406264e-15 3.129566310696328964e-16
1.164679999999976644e+03 1.434656956715315601e-15 2.975912880492504547e-16
1.164739999999976590e+03 1.543320985237384635e-15 3.056716185588749273e-16
1.164799999999976535e+03 2.165537596367109084e-15 3.394354019409477749e-16
1.164859999999976480e+03 1.830169326561530480e-15 3.191778538264076213e-16
1.164919999999976426e+03 1.630151933807710618e-15 3.076306484689426280e-16
1.164979999999976371e+03 1.465032651522398976e-15 2.960572224227173480e-16
1.165039999999976317e+03 1.710469565418737667e-15 3.102531663489658393e-16
1.165099999999976262e+03 1.392001873458901645e-15 2.949423857146885355e-16
1.165159999999976208e+03 1.395653398560003332e-15 2.943611744084316296e-16
1.165219999999976153e+03 1.734734545544279372e-15 3.115166836692237366e-16
1.165279999999976098e+03 1.814713567035445736e-15 3.182948306333537008e-16
1.165339999999976044e+03 1.753240119102229792e-15 3.147750470549842495e-16
1.165399999999975989e+03 1.607500273296003981e-15 3.093915384619291028e-16
1.165459999999975935e+03 1.352872203847898062e-15 2.942488907358401355e-16
1.165519999999975880e+03 1.682198729407545574e-15 3.114966797321938409e-16
1.165579999999975826e+03 1.393959491860772369e-15 2.962282732663032787e-16
1.165639999999975771e+03 1.627899701559916570e-15 3.080780243905127816e-16
1.165699999999975716e+03 1.434337271309133852e-15 2.984475986127317797e-16
1.165759999999975662e+03 1.515899093216923699e-15 3.020117986273755386e-16
1.165819999999975607e+03 1.585697016242966373e-15 3.078459932125450662e-16
1.165879999999975553e+03 1.778070918879338233e-15 3.192027289086542674e-16
1.165939999999975498e+03 1.402046378730527003e-15 2.987110727107920950e-16
1.165999999999975444e+03 1.834014758258042010e-15 3.244521724820134585e-16
1.166059999999975389e+03 1.288535644210925141e-15 2.966460669136541514e-16
1.166119999999975335e+03 1.218367445223429253e-15 2.914042904440809918e-16
1.166179999999975280e+03 1.864611480932285156e-15 3.268225667182710726e-16
1.166239999999975225e+03 1.762543493792249026e-15 3.199520662353112375e-16
1.166299999999975171e+03 1.550569310496845499e-15 3.077707130457313016e-16
1.166359999999975116e+03 1.249783514971109079e-15 2.866279274504852853e-16
1.166419999999975062e+03 1.984365387514562747e-15 3.288889941035570935e-16
1.166479999999975007e+03 1.766482764764882528e-15 3.160099906974132730e-16
1.166539999999974953e+03 1.414440556098669127e-15 2.996504985363109488e-16
1.166599999999974898e+03 1.329011993677284883e-15 2.926955933997241708e-16
1.166659999999974843e+03 1.355438753559146167e-15 2.961848907297588741e-16
1.166719999999974789e+03 1.330037102505973987e-15 2.962247181524154782e-16
1.166779999999974734e+03 1.804655450091249566e-15 3.229551526428374280e-16
1.166839999999974680e+03 1.432865617661185927e-15 3.016178852071036909e-16
1.166899999999974625e+03 1.448450983592190663e-15 3.032345963784644302e-16
1.166959999999974571e+03 1.703571125579104157e-15 3.140468726890361352e-16
1.167019999999974516e+03 1.473157275633981041e-15 2.997858722598852750e-16
1.167079999999974461e+03 1.859156389841065314e-15 3.214005572181434543e-16
1.167139999999974407e+03 1.514840028465168531e-15 3.048260494939090339e-16
1.167199999999974352e+03 1.662543459942175668e-15 3.143232486982664076e-16
1.167259999999974298e+03 1.486435539684078922e-15 3.021316972292483245e-16
1.167319999999974243e+03 1.478706719883784736e-15 3.024214527305436887e-16
1.167379999999974189e+03 1.766050261185708748e-15 3.176619004762508313e-16
1.167439999999974134e+03 1.419232783014283748e-15 2.989108407961050704e-16
1.167499999999974079e+03 1.497972654650099245e-15 2.975503631046444373e-16
1.167559999999974025e+03 1.678551729142331013e-15 3.075322183064760064e-16
1.167619999999973970e+03 1.475340410791315597e-15 2.979165138884498752e-16
1.167679999999973916e+03 1.293209864247663936e-15 2.866130464568747598e-16
1.167739999999973861e+03 1.750482182972471278e-15 3.118609098407483467e-16
1.167799999999973807e+03 1.805368993840008213e-15 3.154429142782901613e-16
1.167859999999973752e+03 1.504390190848567955e-15 2.974513624342276204e-16
1.167919999999973697e+03 1.656236504477582887e-15 3.093611580818754399e-16
1.167979999999973643e+03 1.242409810360532747e-15 2.858248465641141505e-16
1.168039999999973588e+03 1.477496245187577844e-15 2.944508823732163668e-16
1.168099999999973534e+03 1.889249866093993198e-15 3.145278906514081938e-16
1.168159999999973479e+03 2.129838104084464066e-15 3.307865437321077749e-16
1.168219999999973425e+03 2.043361198612964721e-15 3.241800503277264107e-16
1.168279999999973370e+03 2.120363206457139510e-15 3.279758254386452376e-16
1.168339999999973315e+03 1.583412496831068603e-15 3.009593709293131801e-16
1.168399999999973261e+03 1.660749417831475530e-15 3.066340770184968757e-16
1.168459999999973206e+03 1.550934649679638351e-15 3.012222655985991212e-16
1.168519999999973152e+03 1.808093936962440836e-15 3.166092170582533491e-16
1.168579999999973097e+03 2.152961120567907649e-15 3.348462075073261516e-16
1.168639999999973043e+03 1.575724248972005691e-15 3.018882028725022779e-16
1.168699999999972988e+03 1.826804033804172150e-15 3.179547963445972353e-16
1.168759999999972933e+03 1.835079429477966500e-15 3.198202666462767713e-16
1.168819999999972879e+03 1.774509354598031620e-15 3.191651580267252877e-16
1.168879999999972824e+03 1.606693387085253681e-15 3.055792803835500975e-16
1.168939999999972770e+03 1.530231512894942169e-15 3.008998180237536488e-16
1.168999999999972715e+03 1.438531715838839202e-15 2.930643947667397180e-16
1.169059999999972661e+03 1.583233291056830339e-15 3.006320245631871041e-16
1.169119999999972606e+03 1.558452612364407663e-15 3.008630744728099372e-16
1.169179999999972551e+03 1.922518284393130727e-15 3.205138536543570760e-16
1.169239999999972497e+03 1.782210239065540397e-15 3.130194292482309009e-16
1.169299999999972442e+03 1.602730498345718274e-15 4.156022076177568029e-16
1.169359999999972388e+03 1.410712549589685375e-15 4.009344877285511180e-16
1.169419999999972333e+03 1.833679540166955639e-15 4.270981343954247120e-16
1.169479999999972279e+03 1.621614627145506707e-15 4.094039323259593263e-16
1.169539999999972224e+03 1.898343973223847795e-15 4.301219104295817762e-16
1.169599999999972169e+03 1.739620044766509248e-15 3.101761169394210463e-16
1.169659999999972115e+03 1.538541163349658748e-15 2.988525701024689349e-16
1.169719999999972060e+03 1.630302084420432279e-15 3.051299907685381148e-16
1.169779999999972006e+03 1.838970636947194150e-15 3.155002835245914246e-16
1.169839999999971951e+03 1.674317525132865683e-15 3.081651560907350187e-16
1.169899999999971897e+03 1.485793337376410563e-15 2.985406495475975862e-16
1.169959999999971842e+03 1.472132726977221704e-15 2.977764366792072670e-16
1.170019999999971787e+03 1.299082279083129830e-15 2.880406206425426190e-16
1.170079999999971733e+03 1.521493090613788644e-15 3.006827967658372072e-16
1.170139999999971678e+03 1.693471880857311294e-15 3.093628110389781287e-16
1.170199999999971624e+03 1.637060447128395572e-15 3.082212118628988597e-16
1.170259999999971569e+03 1.613307417391369368e-15 3.057876974377275720e-16
1.170319999999971515e+03 1.488276081064821127e-15 2.955356688462544479e-16
1.170379999999971460e+03 1.680262923698371893e-15 3.085280072566703515e-16
1.170439999999971405e+03 1.447172104120155054e-15 2.950268139376738703e-16
1.170499999999971351e+03 1.604536158823530453e-15 3.032464117889976962e-16
1.170559999999971296e+03 1.598366582171517531e-15 3.030651686408606444e-16
1.170619999999971242e+03 1.270520274308208956e-15 2.809354465062571431e-16
1.170679999999971187e+03 1.606133251934673615e-15 3.018752555183590246e-16
1.170739999999971133e+03 1.628857384085462590e-15 3.061626958951439743e-16
1.170799999999971078e+03 1.727518702903404882e-15 3.092307961570315120e-16
1.170859999999971023e+03 1.698179139478004303e-15 3.022816213420155534e-16
1.170919999999970969e+03 1.288740260987365984e-15 2.833504703464904618e-16
1.170979999999970914e+03 1.825514845440238690e-15 3.137448750321105397e-16
1.171039999999970860e+03 1.823533771192750178e-15 3.118170363510385349e-16
1.171099999999970805e+03 1.898468525219124785e-15 3.180649347161461863e-16
1.171159999999970751e+03 1.945394561096966123e-15 3.201017809942378737e-16
1.171219999999970696e+03 1.765171962715886664e-15 3.078902215910570795e-16
1.171279999999970642e+03 1.617878909438831343e-15 3.008841729231313899e-16
1.171339999999970587e+03 1.716487964286853751e-15 3.084745832570337445e-16
1.171399999999970532e+03 1.627995149574200013e-15 3.004160482640945483e-16
1.171459999999970478e+03 1.649030537593072963e-15 3.005867457758961869e-16
1.171519999999970423e+03 1.321360053673430033e-15 2.840299883280111892e-16
1.171579999999970369e+03 1.521308813434962363e-15 2.965289084773414277e-16
1.171639999999970314e+03 1.334723813274698314e-15 2.852022379955829027e-16
1.171699999999970260e+03 1.695155955725150582e-15 3.021299171934764653e-16
1.171759999999970205e+03 1.619998565392545822e-15 2.982098550384963083e-16
1.171819999999970150e+03 1.715342270306254508e-15 3.032065020885792477e-16
1.171879999999970096e+03 1.698955897527178280e-15 3.058782235291960349e-16
1.171939999999970041e+03 1.963484681282957280e-15 3.175605304674300436e-16
1.171999999999969987e+03 1.836921207721912940e-15 3.104327919544839364e-16
1.172059999999969932e+03 1.681195820259027357e-15 2.974790420897829408e-16
1.172119999999969878e+03 1.460652333783716461e-15 2.894346768762332337e-16
1.172179999999969823e+03 2.067470268128173487e-15 3.199985552223542384e-16
1.172239999999969768e+03 1.566706674373147438e-15 2.949083634409499772e-16
1.172299999999969714e+03 1.561727791412012349e-15 2.989705975305996143e-16
1.172359999999969659e+03 1.785242820928156465e-15 3.167200289987761532e-16
1.172419999999969605e+03 1.997720120889900602e-15 3.297023673390674260e-16
1.172479999999969550e+03 1.764571121519443914e-15 3.161236115488379032e-16
1.172539999999969496e+03 1.833694597316133862e-15 3.200111984429556916e-16
1.172599999999969441e+03 1.600648855433165195e-15 3.111499272958252462e-16
1.172659999999969386e+03 1.333304713746230162e-15 2.937512099409666983e-16
1.172719999999969332e+03 1.702736766804520036e-15 3.136621359547287841e-16
1.172779999999969277e+03 1.877191317979204403e-15 3.203030851708069093e-16
1.172839999999969223e+03 1.578021196553275932e-15 2.950301985405300635e-16
1.172899999999969168e+03 1.835488775824385280e-15 3.109592911138799876e-16
1.172959999999969114e+03 1.945438474578937794e-15 3.187085747242891359e-16
1.173019999999969059e+03 1.739907460107916142e-15 3.066855204340867643e-16
1.173079999999969004e+03 1.837822446780487764e-15 3.107405498012740027e-16
1.173139999999968950e+03 1.875063873860670120e-15 3.158969644842526204e-16
1.173199999999968895e+03 1.979680900826344115e-15 3.228857140860022760e-16
1.173259999999968841e+03 1.391602559788295474e-15 2.910818462423091994e-16
1.173319999999968786e+03 1.606300264060935089e-15 3.022693304204318517e-16
1.173379999999968732e+03 2.264372288230099183e-15 3.363509578553720834e-16
1.173439999999968677e+03 1.819285508948952540e-15 3.144208416584317335e-16
1.173499999999968622e+03 1.596206876323725686e-15 3.018327092861894192e-16
1.173559999999968568e+03 1.650127698703083951e-15 3.068060012920075630e-16
1.173619999999968513e+03 1.689103309631963423e-15 3.068766980855061441e-16
1.173679999999968459e+03 1.541390318451771261e-15 3.024676779542679054e-16
1.173739999999968404e+03 1.444000930793719722e-15 2.947387843867713873e-16
1.173799999999968350e+03 1.746096903186767197e-15 3.084655532601940187e-16
1.173859999999968295e+03 1.915425713655026106e-15 3.163891927100005387e-16
1.173919999999968240e+03 2.010501738709995003e-15 3.235908676585198634e-16
1.173979999999968186e+03 1.509998820383932389e-15 2.980558816184197440e-16
1.174039999999968131e+03 1.441143775719333954e-15 2.932364714995781887e-16
1.174099999999968077e+03 1.466600126493430233e-15 2.923534302279963139e-16
1.174159999999968022e+03 1.209652993681788082e-15 2.790275660872082620e-16
1.174219999999967968e+03 1.602340959030521448e-15 2.976887653519910544e-16
1.174279999999967913e+03 1.868957961315477106e-15 3.117500995416829262e-16
1.174339999999967858e+03 1.469989887658991238e-15 2.907344457260433506e-16
1.174399999999967804e+03 1.452389496724635530e-15 2.895669639247454051e-16
1.174459999999967749e+03 1.612405016322172110e-15 2.992708154019912710e-16
1.174519999999967695e+03 1.376031058575527440e-15 2.806871148898579666e-16
1.174579999999967640e+03 1.605888001969810642e-15 2.978138479421525428e-16
1.174639999999967586e+03 1.770764407009185732e-15 3.093657982493505143e-16
1.174699999999967531e+03 1.693622870540498278e-15 2.966892797527555371e-16
1.174759999999967476e+03 1.945060672218991153e-15 3.110117707288714609e-16
1.174819999999967422e+03 1.877982653609748335e-15 3.085120661918654188e-16
1.174879999999967367e+03 1.813068972947484388e-15 3.049721927927668941e-16
1.174939999999967313e+03 1.996070083676891818e-15 3.154650767185828113e-16
1.174999999999967258e+03 1.475512539543989413e-15 2.916034506353047078e-16
1.175059999999967204e+03 1.826115350799058342e-15 3.086159727038237695e-16
1.175119999999967149e+03 1.511907485441914759e-15 2.914837366566608762e-16
1.175179999999967094e+03 1.595888620847248284e-15 2.931902579561803054e-16
1.175239999999967040e+03 1.637963552874596564e-15 2.996354313433959128e-16
1.175299999999966985e+03 1.663974809153146991e-15 3.008594346090323263e-16
1.175359999999966931e+03 1.563798068374641879e-15 2.930763209784727879e-16
1.175419999999966876e+03 1.647689129189150304e-15 2.989802872388014749e-16
1.175479999999966822e+03 1.828330834827735377e-15 3.093054953019780387e-16
1.175539999999966767e+03 1.794167734953708200e-15 3.105324926622483593e-16
1.175599999999966712e+03 1.809124608019748165e-15 3.123054201994288457e-16
1.175659999999966658e+03 1.670283077395353099e-15 3.032980058316170502e-16
1.175719999999966603e+03 1.584366128714837761e-15 2.981757066622361078e-16
1.175779999999966549e+03 1.837596582408609227e-15 3.149422316482741660e-16
1.175839999999966494e+03 1.462904429806134433e-15 2.940999563966031377e-16
1.175899999999966440e+03 1.716343308746647534e-15 3.055813105379591962e-16
1.175959999999966385e+03 1.880810580020941675e-15 3.159561418812998087e-16
1.176019999999966331e+03 2.022434570523987421e-15 3.205824851545954589e-16
1.176079999999966276e+03 1.823856550350264348e-15 3.117456331003514342e-16
1.176139999999966221e+03 1.537384778187451923e-15 2.963184333579478023e-16
1.176199999999966167e+03 1.617782295745581050e-15 3.020688434056673492e-16
1.176259999999966112e+03 1.550925198901646889e-15 2.992854186218495601e-16
1.176319999999966058e+03 1.733447647757914547e-15 3.086402083066225366e-16
1.176379999999966003e+03 1.889746649795840631e-15 3.177579508326330067e-16
1.176439999999965949e+03 1.787269498081651641e-15 3.140077362644314824e-16
1.176499999999965894e+03 1.812074742379594398e-15 3.146626016785077590e-16
1.176559999999965839e+03 1.951065729002477052e-15 3.218722286337129639e-16
1.176619999999965785e+03 1.774263007509227910e-15 3.116162748265769697e-16
1.176679999999965730e+03 1.741003147103470305e-15 3.107237359107061088e-16
1.176739999999965676e+03 1.648323958595953025e-15 3.058368435128867353e-16
1.176799999999965621e+03 1.612199617507092567e-15 3.028612130849141152e-16
1.176859999999965567e+03 1.791607623517500772e-15 3.110619763674276739e-16
1.176919999999965512e+03 1.832179166033383998e-15 3.170240996764593232e-16
1.176979999999965457e+03 1.674957728112184580e-15 3.073511194281115399e-16
1.177039999999965403e+03 1.846593447692076652e-15 3.165738207923229566e-16
1.177099999999965348e+03 1.681347033574731415e-15 3.065688659219709545e-16
1.177159999999965294e+03 2.020536024300809523e-15 3.262603990140754553e-16
1.177219999999965239e+03 2.225784214406875286e-15 3.343086259341846187e-16
1.177279999999965185e+03 1.734386858884884112e-15 3.083814836943079710e-16
1.177339999999965130e+03 1.940210604966563259e-15 3.194103474677432646e-16
1.177399999999965075e+03 1.610224525768855724e-15 3.006943689743275999e-16
1.177459999999965021e+03 1.759822995234390613e-15 3.050849671658782716e-16
1.177519999999964966e+03 1.729235297732459491e-15 3.051056831036510869e-16
1.177579999999964912e+03 2.032394731923901797e-15 3.202687299960254304e-16
1.177639999999964857e+03 1.631477347909962454e-15 2.939986050580650432e-16
1.177699999999964803e+03 1.604199621236089211e-15 2.975746720562291756e-16
1.177759999999964748e+03 1.925936712821993392e-15 3.123868332250388159e-16
1.177819999999964693e+03 1.648632902708794126e-15 3.000679756593944660e-16
1.177879999999964639e+03 1.648150911182224624e-15 3.010416679457163731e-16
1.177939999999964584e+03 1.635166614754529286e-15 2.998691089808550087e-16
1.177999999999964530e+03 1.779998679548723810e-15 3.076243816726668484e-16
1.178059999999964475e+03 1.650030529206514413e-15 3.010887183569855148e-16
1.178119999999964421e+03 2.022203167417395836e-15 3.182006758067279641e-16
1.178179999999964366e+03 1.776758227662209944e-15 3.047621819551677407e-16
1.178239999999964311e+03 1.561030180805020142e-15 2.942925923660635196e-16
1.178299999999964257e+03 1.635668338204590953e-15 2.972411260351968916e-16
1.178359999999964202e+03 1.721021368581211828e-15 3.019445122278759795e-16
1.178419999999964148e+03 1.616100901618901737e-15 2.975275891992277043e-16
1.178479999999964093e+03 1.790879295037954220e-15 3.084090372469036342e-16
1.178539999999964039e+03 1.481327162348986849e-15 2.887604696759248434e-16
1.178599999999963984e+03 1.810721758923506254e-15 3.110168898775052261e-16
1.178659999999963929e+03 1.664414171453731217e-15 3.022857658957071358e-16
1.178719999999963875e+03 1.799453119469234181e-15 3.098817010384611381e-16
1.178779999999963820e+03 1.593065766235049748e-15 2.999471882539939300e-16
1.178839999999963766e+03 1.452868667708587369e-15 2.877713329784407832e-16
1.178899999999963711e+03 1.380963823970873719e-15 2.872222703575853695e-16
1.178959999999963657e+03 1.378302062398286007e-15 2.883640764070934861e-16
1.179019999999963602e+03 1.512200995543925922e-15 2.954326287122403547e-16
1.179079999999963547e+03 1.402919524064237824e-15 2.915747439296473498e-16
1.179139999999963493e+03 1.740984123471185582e-15 3.092633511556126037e-16
1.179199999999963438e+03 1.688652735198045539e-15 3.055499501035029035e-16
1.179259999999963384e+03 1.927515161675766468e-15 3.165935038909025812e-16
1.179319999999963329e+03 1.837772368889577548e-15 3.127569801795014329e-16
1.179379999999963275e+03 1.777227152524430242e-15 3.102445476967355575e-16
1.179439999999963220e+03 1.599558902851071801e-15 2.992828958530364903e-16
1.179499999999963165e+03 1.535617231241687180e-15 2.963886509318635558e-16
1.179559999999963111e+03 1.650465520128298557e-15 3.038865700374699760e-16
1.179619999999963056e+03 1.655294816070440707e-15 3.072905809001901862e-16
1.179679999999963002e+03 1.143970242295869900e-15 2.776959093623636839e-16
1.179739999999962947e+03 1.359390194333413868e-15 2.902342962627754054e-16
1.179799999999962893e+03 1.839086271946709875e-15 3.172919953254619316e-16
1.179859999999962838e+03 1.660560139251098334e-15 3.068958786423703521e-16
1.179919999999962783e+03 1.471594200663229431e-15 2.978234664853628563e-16
1.179979999999962729e+03 1.379588579697939893e-15 2.908444918643730462e-16
1.180039999999962674e+03 1.905380553805751866e-15 3.195052215899976318e-16
1.180099999999962620e+03 1.539756550900318892e-15 3.003134362881475043e-16
1.180159999999962565e+03 1.683865581430743311e-15 3.074937687670056766e-16
1.180219999999962511e+03 1.888429345755269946e-15 3.171207162980202145e-16
1.180279999999962456e+03 1.729318083652482213e-15 3.513022828035687557e-16
1.180339999999962401e+03 1.825917066035904169e-15 3.538376430365953434e-16
1.180399999999962347e+03 1.975752536513093341e-15 3.632690983031778915e-16
1.180459999999962292e+03 1.915299385836867326e-15 3.584942801868657677e-16
1.180519999999962238e+03 1.681240358931036493e-15 3.444976533182161506e-16
1.180579999999962183e+03 1.427349340299933723e-15 3.283130170424914437e-16
1.180639999999962129e+03 1.462068307262225707e-15 2.902072414180496483e-16
1.180699999999962074e+03 1.634599988569890609e-15 3.043445088791365873e-16
1.180759999999962020e+03 1.653491281541759949e-15 3.124475004942411627e-16
1.180819999999961965e+03 1.794019918165737395e-15 3.221819826560709820e-16
1.180879999999961910e+03 1.710831151633643790e-15 3.191265987796305937e-16
1.180939999999961856e+03 1.754869076755721396e-15 3.138867145066810587e-16
1.180999999999961801e+03 1.751760772294974410e-15 3.168184622260510601e-16
1.181059999999961747e+03 1.438580131086689595e-15 3.005135832144284492e-16
1.181119999999961692e+03 1.580599416260289106e-15 3.056560477490149322e-16
1.181179999999961638e+03 1.899688136191265411e-15 3.180572669218614284e-16
1.181239999999961583e+03 1.364766609268140317e-15 2.835678181172076214e-16
1.181299999999961528e+03 1.461930040687846739e-15 2.892060622056057766e-16
1.181359999999961474e+03 1.466788004443518270e-15 2.912596036324658841e-16
1.181419999999961419e+03 1.888474514827164592e-15 3.123275347267441428e-16
1.181479999999961365e+03 1.678323081559223478e-15 3.030992384863451074e-16
1.181539999999961310e+03 1.346374314899927114e-15 2.840730509130252868e-16
1.181599999999961256e+03 1.826849582649838775e-15 3.112633442817050126e-16
1.181659999999961201e+03 1.491128683993523999e-15 2.895915843098918078e-16
1.181719999999961146e+03 1.520177438861909238e-15 2.937949583769433707e-16
1.181779999999961092e+03 1.429226840873546239e-15 3.289494672240510792e-16
1.181839999999961037e+03 1.778525086739154925e-15 3.472135108059435252e-16
1.181899999999960983e+03 1.441990061425844567e-15 3.272245604091665100e-16
1.181959999999960928e+03 1.680747880166849144e-15 3.441357011090055512e-16
1.182019999999960874e+03 1.205600208986894998e-15 3.131507872222626118e-16
1.182079999999960819e+03 1.447676108659768510e-15 3.296932437498036196e-16
1.182139999999960764e+03 1.386184238190944335e-15 3.254878396466011949e-16
1.182199999999960710e+03 1.619601355099793549e-15 3.362052142982880280e-16
1.182259999999960655e+03 1.470073220795784594e-15 3.293796612963827056e-16
1.182319999999960601e+03 1.558106759430313627e-15 3.353234526423219589e-16
1.182379999999960546e+03 1.386000619604550267e-15 3.246722303829205786e-16
1.182439999999960492e+03 1.563348239235312528e-15 3.365832221119079462e-16
1.182499999999960437e+03 1.431015523135504124e-15 3.284176954088375089e-16
1.182559999999960382e+03 1.606641367832751945e-15 3.391898334392484864e-16
1.182619999999960328e+03 1.585321552658180820e-15 3.428620134819446663e-16
1.182679999999960273e+03 1.724427633733526544e-15 3.507018626295223020e-16
1.182739999999960219e+03 1.573678207386562089e-15 3.418067030202386590e-16
1.182799999999960164e+03 1.767761735903368442e-15 3.571935940230204067e-16
1.182859999999960110e+03 1.518312749626699889e-15 2.991613412202960036e-16
1.182919999999960055e+03 1.539235115889193987e-15 3.004948311856493576e-16
1.182979999999960000e+03 1.468343540024929450e-15 2.958371985005088869e-16
1.183039999999959946e+03 1.336170052935462428e-15 2.894137591728644182e-16
1.183099999999959891e+03 1.598867845983104768e-15 3.038552359208144984e-16
1.183159999999959837e+03 1.655992700019835534e-15 3.082701893778768212e-16
1.183219999999959782e+03 1.524072683422078058e-15 2.973650861087662735e-16
1.183279999999959728e+03 1.716592240889517135e-15 3.072799316966012244e-16
1.183339999999959673e+03 1.461284432205852645e-15 2.946151335985043725e-16
1.183399999999959618e+03 1.399131101035351063e-15 2.888939042384705451e-16
1.183459999999959564e+03 1.407179109775971671e-15 2.882622733875314392e-16
1.183519999999959509e+03 1.406085941527424708e-15 2.879553202542304477e-16
1.183579999999959455e+03 1.628998143686622701e-15 2.998339362221057937e-16
1.183639999999959400e+03 1.457946999225049378e-15 2.905993920242311246e-16
1.183699999999959346e+03 1.736098347936124562e-15 3.039734907243341538e-16
1.183759999999959291e+03 1.992085504164085528e-15 3.189794408924911077e-16
1.183819999999959236e+03 1.618768964224810116e-15 2.998835126204382662e-16
1.183879999999959182e+03 1.657512109040958331e-15 3.014172162975129280e-16
1.183939999999959127e+03 1.856827853340133543e-15 3.111910416920715809e-16
1.183999999999959073e+03 1.886596037211161195e-15 3.156118218294385813e-16
1.184059999999959018e+03 1.664321548153711590e-15 3.024636796644693699e-16
1.184119999999958964e+03 1.907484195894170699e-15 3.160475933792773986e-16
1.184179999999958909e+03 1.641767713848698401e-15 3.029186781677495963e-16
1.184239999999958854e+03 1.523235850998552593e-15 2.948395503894008794e-16
1.184299999999958800e+03 1.429068375551524671e-15 2.887505089189967994e-16
1.184359999999958745e+03 1.956602646938518192e-15 3.152304412521225940e-16
1.184419999999958691e+03 1.499848774949538865e-15 2.915798241343326180e-16
1.184479999999958636e+03 1.517639096919440094e-15 2.909750712318212397e-16
1.184539999999958582e+03 1.544037120451340718e-15 2.934980766580709796e-16
1.184599999999958527e+03 1.533410355069184421e-15 2.923548324671887853e-16
1.184659999999958472e+03 1.532493920838184299e-15 2.914351401649996713e-16
1.184719999999958418e+03 1.448077234716297771e-15 2.839047429456859725e-16
1.184779999999958363e+03 1.682333231188559445e-15 2.993445933361268970e-16
1.184839999999958309e+03 1.718619529334134535e-15 2.983582415957837689e-16
1.184899999999958254e+03 2.104396276228927669e-15 3.173739615814789526e-16
1.184959999999958200e+03 1.727195659925370144e-15 2.987523078379392374e-16
1.185019999999958145e+03 1.478413919138575508e-15 2.851299217206248757e-16
1.185079999999958090e+03 1.349116841384704209e-15 2.734401638043752277e-16
1.185139999999958036e+03 1.616559593924653466e-15 2.903243911991035822e-16
1.185199999999957981e+03 1.117443036111036941e-15 2.631238650983080119e-16
1.185259999999957927e+03 1.399073693098429882e-15 2.828243903902075589e-16
1.185319999999957872e+03 1.489118718129768034e-15 2.894166584925642537e-16
1.185379999999957818e+03 1.221236513272008211e-15 2.764361809421519706e-16
1.185439999999957763e+03 1.743475248636621311e-15 3.052188577880446870e-16
1.185499999999957708e+03 1.642994969786217307e-15 2.996630353239857831e-16
1.185559999999957654e+03 1.417528330389686920e-15 2.866328424282512925e-16
1.185619999999957599e+03 1.525894374860986174e-15 2.929488543620363693e-16
1.185679999999957545e+03 1.571344254834578464e-15 2.940060558778877428e-16
1.185739999999957490e+03 1.531982807864320208e-15 2.912103786797818477e-16
1.185799999999957436e+03 1.473116614821174878e-15 2.886575859584110574e-16
1.185859999999957381e+03 1.537870500114867800e-15 2.894826421985687439e-16
1.185919999999957327e+03 1.721755780731831160e-15 2.999906561455571331e-16
1.185979999999957272e+03 1.187911941757612128e-15 2.727666094811402112e-16
1.186039999999957217e+03 1.216427181528938891e-15 2.734910978606299641e-16
1.186099999999957163e+03 1.735980630656761358e-15 3.040379897426308985e-16
1.186159999999957108e+03 1.453946842782483858e-15 2.890117850962625867e-16
1.186219999999957054e+03 1.720239479641455045e-15 3.011592640716916407e-16
1.186279999999956999e+03 1.303550144909867341e-15 2.808607180636132712e-16
1.186339999999956945e+03 1.294570311886869688e-15 2.792878232517409527e-16
1.186399999999956890e+03 1.622155320442251762e-15 2.976604842548709801e-16
1.186459999999956835e+03 1.510785971399859490e-15 2.929532215303598536e-16
1.186519999999956781e+03 1.379652874434089054e-15 2.842824246532647323e-16
1.186579999999956726e+03 1.207367737581000383e-15 2.744337257965787990e-16
1.186639999999956672e+03 1.425808444817901393e-15 2.889253257503199192e-16
1.186699999999956617e+03 1.521812317757564021e-15 2.901737705442057054e-16
1.186759999999956563e+03 1.254878460630620804e-15 2.771270426250824939e-16
1.186819999999956508e+03 1.036480456608747265e-15 2.644362949954037908e-16
1.186879999999956453e+03 1.077935295438808787e-15 2.636656220824728856e-16
1.186939999999956399e+03 1.171066206386754568e-15 2.704626007809395448e-16
1.186999999999956344e+03 1.208357814974535940e-15 2.694994320779453095e-16
1.187059999999956290e+03 9.554041786207859059e-16 2.526417366786124190e-16
1.187119999999956235e+03 1.090717355824910453e-15 2.650605757900909434e-16
1.187179999999956181e+03 9.428077846918934473e-16 2.488378662219415549e-16
1.187239999999956126e+03 1.059936216680180952e-15 2.557544008324210265e-16
1.187299999999956071e+03 8.858457497196982589e-16 2.661000041486380634e-16
1.187359999999956017e+03 9.374745693102241581e-16 2.717664969113007323e-16
1.187419999999955962e+03 9.884776236930125648e-16 2.740015233098728438e-16
1.187479999999955908e+03 6.752079348079672523e-16 2.516330783122604885e-16
1.187539999999955853e+03 6.866569429453572987e-16 2.548701782109430976e-16
1.187599999999955799e+03 5.661646892996612764e-16 2.253266549649482140e-16
1.187659999999955744e+03 5.965718553267130647e-16 2.275229247866577088e-16
1.187719999999955689e+03 7.814034885746766494e-16 2.383735348526991789e-16
1.187779999999955635e+03 6.044496150430340002e-16 2.226492965867731095e-16
1.187839999999955580e+03 5.844433259766930056e-16 2.204997913088455197e-16
1.187899999999955526e+03 4.661548145894117162e-16 2.154741025113985763e-16
1.187959999999955471e+03 4.199211308938847890e-16 2.109628759125231898e-16
1.188019999999955417e+03 4.798941231982455785e-16 2.154928234562609972e-16
1.188079999999955362e+03 4.881940522498668116e-16 2.174118491885812266e-16
1.188139999999955307e+03 5.833313791504642553e-16 2.241926491840684617e-16
1.188199999999955253e+03 4.571506036005044816e-16 2.130016967365398736e-16
1.188259999999955198e+03 5.739763164808882304e-16 2.202768726902321290e-16
1.188319999999955144e+03 6.332440459626525561e-16 2.282233614261864380e-16
1.188379999999955089e+03 3.357950209509791309e-16 2.033624926604965221e-16
1.188439999999955035e+03 5.325032889543680002e-16 2.232491924669789494e-16
1.188499999999954980e+03 7.507672658545464628e-16 2.361863860913728495e-16
1.188559999999954925e+03 6.844006195192690764e-16 2.282303372453522005e-16
1.188619999999954871e+03 3.722911514076307981e-16 2.047538892560951081e-16
1.188679999999954816e+03 7.528263275579804071e-16 2.376022804036505002e-16
1.188739999999954762e+03 6.896165554911801811e-16 2.319398390758449208e-16
1.188799999999954707e+03 6.900307785134709544e-16 2.543020575039604613e-16
1.188859999999954653e+03 4.844695712374388098e-16 2.384146878468209288e-16
1.188919999999954598e+03 6.926332032483104876e-16 2.499070215578759400e-16
1.188979999999954543e+03 5.549615559375359080e-16 2.402461085205807791e-16
1.189039999999954489e+03 7.164155396286298529e-16 2.566729692393629557e-16
1.189099999999954434e+03 9.040639246927373217e-16 2.713307040101341654e-16
1.189159999999954380e+03 9.662857386067737705e-16 2.789368648301134546e-16
1.189219999999954325e+03 1.261296748803398782e-15 3.045149956762810173e-16
1.189279999999954271e+03 9.875904487575084356e-16 2.831182621242508294e-16
1.189339999999954216e+03 1.189604972737446280e-15 3.016443104649759362e-16
1.189399999999954161e+03 1.556436378907668412e-15 3.227784634566106204e-16
1.189459999999954107e+03 1.093992704763284891e-15 2.939219027072198109e-16
1.189519999999954052e+03 1.621782455689287972e-15 3.280676704376780750e-16
1.189579999999953998e+03 1.171257656328581642e-15 2.971304654029653591e-16
1.189639999999953943e+03 1.170159781284085207e-15 2.929031221052063425e-16
1.189699999999953889e+03 1.174852357710214392e-15 2.864303987953228488e-16
1.189759999999953834e+03 1.298388748456730911e-15 2.964857957673280885e-16
1.189819999999953779e+03 1.130816532313309692e-15 2.607551200297944501e-16
1.189879999999953725e+03 1.134172069579072370e-15 2.615160570669220953e-16
1.189939999999953670e+03 1.140696952849338112e-15 2.614132756844414025e-16
1.189999999999953616e+03 1.274073895107870124e-15 2.676074335323578048e-16
1.190059999999953561e+03 1.150470998317244864e-15 2.592971903900872862e-16
1.190119999999953507e+03 9.079162308323185206e-16 2.456798745575885652e-16
1.190179999999953452e+03 8.246367907351827773e-16 2.377069719910139021e-16
1.190239999999953397e+03 8.808724015506522610e-16 2.388387531457866618e-16
1.190299999999953343e+03 7.401987438536357208e-16 2.320314726396850566e-16
1.190359999999953288e+03 5.812890100259586570e-16 2.208281135900585505e-16
1.190419999999953234e+03 5.994006783006462048e-16 2.234426292974344705e-16
1.190479999999953179e+03 5.421598420610256752e-16 2.169298074939790851e-16
1.190539999999953125e+03 6.768935995424297941e-16 2.262542225261931969e-16
1.190599999999953070e+03 6.759828613320904129e-16 2.225353974142764118e-16
1.190659999999953016e+03 1.332307480536477292e-15 2.637871249764727342e-16
1.190719999999952961e+03 1.039827184564071215e-15 2.437735713053041912e-16
1.190779999999952906e+03 9.900033511133725474e-16 2.428024904366844720e-16
1.190839999999952852e+03 7.312704558675629598e-16 2.222367809934609308e-16
1.190899999999952797e+03 1.133856120972212450e-15 2.534202985458525397e-16
1.190959999999952743e+03 1.199082624291284673e-15 2.559491277906444676e-16
1.191019999999952688e+03 1.398042908785495983e-15 2.646980878078195315e-16
1.191079999999952634e+03 1.504041105326712344e-15 2.715541268156068018e-16
1.191139999999952579e+03 1.535822987247626269e-15 2.708328084031444096e-16
1.191199999999952524e+03 1.612039865580891617e-15 2.772775848949925873e-16
1.191259999999952470e+03 1.619741886739235384e-15 2.815774317138643143e-16
1.191319999999952415e+03 1.498314168910094906e-15 2.761388956012342716e-16
1.191379999999952361e+03 2.006850579714092900e-15 2.988928191166780269e-16
1.191439999999952306e+03 1.712341311771265574e-15 2.825858847459176390e-16
1.191499999999952252e+03 2.160050352269456190e-15 3.505491874668874107e-16
1.191559999999952197e+03 1.936061076819924543e-15 3.375483842702349601e-16
1.191619999999952142e+03 1.509342260853071989e-15 3.137879115046468623e-16
1.191679999999952088e+03 1.443165745190713747e-15 3.074034561327273408e-16
1.191739999999952033e+03 1.812259159715303000e-15 3.267166958953103040e-16
1.191799999999951979e+03 1.772895574749534772e-15 3.258323035099650987e-16
1.191859999999951924e+03 1.764332584342332525e-15 3.274355016611665047e-16
1.191919999999951870e+03 1.417239621334795250e-15 3.056055019532123258e-16
1.191979999999951815e+03 1.440414915807222208e-15 3.079520194464827650e-16
1.192039999999951760e+03 1.752189134477259682e-15 3.257904645117446300e-16
1.192099999999951706e+03 1.572139250896449187e-15 3.184227674396129934e-16
1.192159999999951651e+03 1.715006617300797291e-15 2.875909977114283531e-16
1.192219999999951597e+03 1.425597964844041512e-15 2.699295254958818766e-16
1.192279999999951542e+03 1.523713883393044142e-15 2.796525904502254459e-16
1.192339999999951488e+03 1.573674440136252627e-15 2.816489384597728912e-16
1.192399999999951433e+03 1.240197627403110674e-15 2.638469687757192729e-16
1.192459999999951378e+03 1.600216155555699358e-15 2.837095489748152621e-16
1.192519999999951324e+03 1.407240145124229558e-15 2.723968815773155653e-16
1.192579999999951269e+03 1.473208398924384628e-15 2.758779350543620174e-16
1.192639999999951215e+03 1.394160363536515397e-15 2.681387776278528837e-16
1.192699999999951160e+03 1.513127343266099588e-15 2.764135744504604485e-16
1.192759999999951106e+03 1.504725722807324904e-15 2.735205047282636114e-16
1.192819999999951051e+03 1.348674862253561031e-15 2.650634331850545855e-16
1.192879999999950996e+03 1.059377971849733909e-15 2.491394144896485065e-16
1.192939999999950942e+03 1.327004529041989804e-15 2.635121254550609492e-16
1.192999999999950887e+03 1.431037874510671420e-15 2.697560132863073599e-16
1.193059999999950833e+03 1.088678759626636471e-15 2.487006953736786297e-16
1.193119999999950778e+03 1.039226559095300546e-15 2.434430451123281837e-16
1.193179999999950724e+03 8.073418912231264422e-16 2.293724071424252060e-16
1.193239999999950669e+03 6.824148895494914831e-16 2.211473438622921453e-16
1.193299999999950614e+03 6.275215717726527935e-16 2.173440512348370657e-16
1.193359999999950560e+03 5.593479234214194023e-16 2.125941196454157173e-16
1.193419999999950505e+03 6.267758791823314257e-16 2.176515041267196596e-16
1.193479999999950451e+03 5.318801195016816492e-16 2.090350984606976734e-16
1.193539999999950396e+03 7.459343914387512145e-16 2.232755563446446350e-16
1.193599999999950342e+03 1.018944128788284005e-15 2.422782158787610622e-16
1.193659999999950287e+03 1.235047289019547379e-15 2.565524082351275047e-16
1.193719999999950232e+03 1.322559365344444138e-15 2.577521021895422757e-16
1.193779999999950178e+03 1.141564768871835312e-15 2.481553786837948654e-16
1.193839999999950123e+03 1.442842625675739546e-15 2.659933975903412274e-16
1.193899999999950069e+03 1.444227169096453035e-15 2.668423583148168279e-16
1.193959999999950014e+03 1.398503803825276313e-15 2.629340179688209542e-16
1.194019999999949960e+03 1.706006282760529366e-15 2.806173874108240959e-16
1.194079999999949905e+03 1.734617428828175171e-15 2.806996436589286420e-16
1.194139999999949850e+03 1.834960524612618065e-15 2.844896722025334445e-16
1.194199999999949796e+03 1.724025448079150086e-15 2.780834463629283921e-16
1.194259999999949741e+03 1.944101873089215035e-15 2.866706179512646457e-16
1.194319999999949687e+03 1.668427583179470369e-15 2.742369547176048068e-16
1.194379999999949632e+03 2.019484730450923708e-15 2.918281956547981660e-16
1.194439999999949578e+03 1.852306077040704901e-15 2.829659938664362862e-16
1.194499999999949523e+03 1.805813013208479432e-15 3.058040463138159092e-16
1.194559999999949468e+03 1.745975227722258893e-15 3.037896939187897655e-16
1.194619999999949414e+03 1.855443227771691429e-15 3.102379836830589463e-16
1.194679999999949359e+03 1.821296576197824994e-15 3.072682979723012518e-16
1.194739999999949305e+03 1.365726660321310755e-15 2.848624313147931538e-16
1.194799999999949250e+03 1.857543322124129866e-15 2.880376044066269423e-16
1.194859999999949196e+03 1.426760260227984044e-15 2.640281911958522947e-16
1.194919999999949141e+03 1.455682298109362115e-15 2.670502159374735054e-16
1.194979999999949086e+03 1.501529232249054773e-15 2.670950136756802820e-16
1.195039999999949032e+03 1.694730116411593234e-15 2.805854292327034203e-16
1.195099999999948977e+03 1.660610732797561533e-15 2.763944915471905473e-16
1.195159999999948923e+03 1.468791823147228638e-15 2.647538017691793076e-16
1.195219999999948868e+03 1.930988721512617199e-15 2.876085466336574909e-16
1.195279999999948814e+03 1.773805807889449279e-15 2.788723848415360353e-16
1.195339999999948759e+03 1.606336141570296353e-15 2.718633192574512329e-16
1.195399999999948704e+03 1.464141308720973986e-15 2.648287006907885770e-16
1.195459999999948650e+03 1.781071827155618861e-15 2.792511400434619401e-16
1.195519999999948595e+03 1.587491891846966290e-15 2.721166291259964375e-16
1.195579999999948541e+03 1.721465820686783792e-15 2.779551407899480264e-16
1.195639999999948486e+03 1.678473121571677625e-15 2.740186388301817078e-16
1.195699999999948432e+03 1.682400285842941493e-15 2.740327326226818127e-16
1.195759999999948377e+03 1.594364165709156546e-15 2.705543149994073589e-16
1.195819999999948323e+03 1.491841250100416443e-15 2.645894621666753287e-16
1.195879999999948268e+03 1.601097212312405162e-15 2.733075420733575429e-16
1.195939999999948213e+03 1.673862795119882636e-15 2.750974091139937795e-16
1.195999999999948159e+03 1.992372017072566468e-15 3.165449256293234635e-16
1.196059999999948104e+03 1.628273966405203656e-15 2.959231991631878890e-16
1.196119999999948050e+03 1.754363467050133472e-15 3.029533126398400094e-16
1.196179999999947995e+03 1.598091879337798165e-15 2.966163662809144130e-16
1.196239999999947941e+03 1.969867938425857030e-15 3.151596999328530297e-16
1.196299999999947886e+03 1.719702809303156767e-15 3.009961461577556483e-16
1.196359999999947831e+03 1.591935062796560317e-15 2.925619005627417839e-16
1.196419999999947777e+03 1.876373706627553643e-15 3.079964057509671156e-16
1.196479999999947722e+03 1.847687345424644159e-15 3.051212968514032270e-16
1.196539999999947668e+03 1.549806968509370589e-15 2.871675781506732636e-16
1.196599999999947613e+03 1.674928559712742657e-15 2.950617921884424216e-16
1.196659999999947559e+03 1.499211242069419535e-15 2.843044057474982662e-16
1.196719999999947504e+03 1.722461278132099013e-15 2.973603069902460781e-16
1.196779999999947449e+03 1.700461767349599234e-15 2.972981685934802870e-16
1.196839999999947395e+03 1.431227269508597327e-15 2.824316719719424568e-16
1.196899999999947340e+03 1.435943915245393036e-15 2.821702613044831814e-16
1.196959999999947286e+03 1.829009526609667719e-15 3.039387526426247129e-16
1.197019999999947231e+03 1.685529154245749136e-15 2.706792086090476025e-16
1.197079999999947177e+03 1.619926971962613584e-15 2.687020390523718006e-16
1.197139999999947122e+03 1.693893168866521087e-15 2.726004520232612299e-16
1.197199999999947067e+03 1.658573562221473724e-15 2.704950760807247050e-16
1.197259999999947013e+03 1.535846734287873858e-15 2.658665956896376265e-16
1.197319999999946958e+03 1.698682452414121226e-15 2.731077700426310015e-16
1.197379999999946904e+03 1.553563259949146426e-15 2.659487595385396802e-16
1.197439999999946849e+03 1.377332724582736897e-15 2.573101713527717662e-16
1.197499999999946795e+03 1.585955204961062924e-15 2.694220725469280724e-16
1.197559999999946740e+03 1.732701196565763384e-15 2.776862309810107771e-16
1.197619999999946685e+03 1.689847272441632117e-15 2.820774323499679339e-16
1.197679999999946631e+03 1.652973740550029158e-15 2.805188876397292792e-16
1.197739999999946576e+03 1.825957394734111936e-15 2.897691939696447312e-16
1.197799999999946522e+03 1.892341091128995739e-15 2.933042200061505342e-16
1.197859999999946467e+03 1.881715002185632864e-15 2.891608394255364469e-16
1.197919999999946413e+03 2.323444443402402969e-15 3.103203112981892693e-16
1.197979999999946358e+03 1.627619432115000491e-15 2.766262278947278624e-16
1.198039999999946303e+03 1.412203069823379359e-15 2.610582511934912953e-16
1.198099999999946249e+03 1.734301483767427050e-15 2.744911494245463216e-16
1.198159999999946194e+03 1.861480704366979255e-15 2.815232441903189301e-16
1.198219999999946140e+03 1.932643281883756834e-15 2.803649322215060517e-16
1.198279999999946085e+03 1.482804935007211228e-15 2.559982299729414712e-16
1.198339999999946031e+03 1.839677956536106164e-15 2.772500283593685669e-16
1.198399999999945976e+03 1.923291945517437715e-15 2.819668268864266047e-16
1.198459999999945921e+03 1.842255341587659617e-15 2.778187650574297362e-16
1.198519999999945867e+03 1.455169980820523752e-15 2.801651603822981255e-16
1.198579999999945812e+03 1.927702512383624564e-15 3.067803111727529855e-16
1.198639999999945758e+03 1.687335292702976850e-15 2.918724191319857341e-16
1.198699999999945703e+03 1.748909126946706582e-15 2.959772348897289149e-16
1.198759999999945649e+03 2.134020561131350993e-15 3.173306815755375503e-16
1.198819999999945594e+03 1.894900137832908039e-15 3.036941475425693042e-16
1.198879999999945539e+03 1.774949558113028010e-15 2.814288473266623410e-16
1.198939999999945485e+03 2.215505746423549557e-15 3.181556779298565354e-16
1.198999999999945430e+03 2.146599391655366554e-15 3.155487578584187519e-16
1.199059999999945376e+03 2.197885600564949746e-15 3.196141640227550877e-16
1.199119999999945321e+03 2.570569005297541037e-15 3.098270136834897002e-16
1.199179999999945267e+03 2.761942605673474215e-15 3.151752242819161859e-16
1.199239999999945212e+03 2.539837758854251202e-15 3.072237088465541229e-16
1.199299999999945157e+03 2.522125919660608145e-15 3.044289494521001000e-16
1.199359999999945103e+03 2.465541035596937394e-15 3.036419427475170750e-16
1.199419999999945048e+03 2.233782905624527030e-15 2.943172966719428264e-16
1.199479999999944994e+03 2.591991954283679373e-15 3.102027909470661042e-16
1.199539999999944939e+03 2.062653625796199913e-15 2.880506105716687185e-16
1.199599999999944885e+03 1.960611377559050056e-15 2.834895993986745251e-16
1.199659999999944830e+03 2.312741654790022863e-15 3.012372183408649315e-16
1.199719999999944775e+03 2.149160684693409085e-15 2.920875165941842361e-16
1.199779999999944721e+03 2.214154932107093425e-15 2.940595571944362770e-16
1.199839999999944666e+03 2.527901812644251880e-15 3.081271337709451080e-16
1.199899999999944612e+03 2.581257765527116530e-15 3.092249236572024210e-16
1.199959999999944557e+03 2.527910432283633215e-15 3.073054279351333511e-16
1.200019999999944503e+03 2.151536620647547191e-15 2.898658233583507527e-16
1.200079999999944448e+03 2.173963097843523841e-15 2.916726059592878339e-16
1.200139999999944393e+03 1.682263769402153832e-15 2.695556249228619610e-16
1.200199999999944339e+03 2.085470645582721519e-15 2.876732604410976920e-16
1.200259999999944284e+03 1.633532453802999514e-15 2.670603757525076076e-16
1.200319999999944230e+03 2.061604084726214253e-15 2.855498840656684566e-16
1.200379999999944175e+03 1.811366003179730693e-15 2.750259991590688856e-16
1.200439999999944121e+03 2.157789062134684900e-15 2.902176149334051965e-16
1.200499999999944066e+03 2.013804291946018999e-15 2.820500288526082844e-16
1.200559999999944012e+03 1.702757174480509258e-15 2.668149554727253767e-16
1.200619999999943957e+03 1.717929916115492024e-15 2.689404785700443111e-16
1.200679999999943902e+03 1.456212507430487542e-15 2.558934458882896967e-16
1.200739999999943848e+03 1.443854026221614662e-15 2.569559081669544190e-16
1.200799999999943793e+03 1.559668766894787082e-15 2.753241370897876449e-16
1.200859999999943739e+03 1.699758603589129655e-15 3.080931503984272340e-16
1.200919999999943684e+03 1.978427621835666822e-15 5.200112430566008451e-16
1.200979999999943630e+03 1.135763040527104812e-15 4.501638443659818409e-16
1.201039999999943575e+03 1.239918170310065304e-15 4.563119620241006820e-16
1.201099999999943520e+03 2.023746436573820942e-15 5.235009350891355196e-16
1.201159999999943466e+03 1.626592913122872283e-15 4.853588615846546852e-16
1.201219999999943411e+03 1.637003146163243643e-15 4.814233987863316010e-16
1.201279999999943357e+03 1.667749849351201703e-15 3.000562048424097811e-16
1.201339999999943302e+03 1.775596589331349982e-15 3.029533137509730769e-16
1.201399999999943248e+03 1.663278417380599561e-15 3.014480121009100521e-16
1.201459999999943193e+03 1.652992075021229515e-15 2.993518425375313262e-16
1.201519999999943138e+03 1.765363560892804872e-15 3.075562233901074572e-16
1.201579999999943084e+03 1.686539346214014244e-15 3.008560081271425962e-16
1.201639999999943029e+03 1.744821083255041869e-15 3.026457078049032507e-16
1.201699999999942975e+03 1.987047605839010619e-15 3.163139681511325281e-16
1.201759999999942920e+03 1.369621809743042195e-15 2.807746358992607351e-16
1.201819999999942866e+03 1.808076646334562733e-15 3.085559741445050629e-16
1.201879999999942811e+03 1.514153525168084287e-15 2.577837682388129386e-16
1.201939999999942756e+03 1.567316006133816689e-15 2.588763753264958123e-16
1.201999999999942702e+03 1.314149973979335740e-15 2.456516572194599161e-16
1.202059999999942647e+03 1.373534441211288076e-15 2.509332732705759175e-16
1.202119999999942593e+03 1.311653333819346904e-15 2.514014553575247164e-16
1.202179999999942538e+03 1.085194636303774224e-15 2.382890964363642353e-16
1.202239999999942484e+03 1.139208934518738860e-15 2.408335134955986877e-16
1.202299999999942429e+03 7.037171976932925525e-16 2.130453793067099872e-16
1.202359999999942374e+03 6.975059780231693994e-16 2.125688398234926019e-16
1.202419999999942320e+03 5.421366378097054935e-16 2.840349728125722740e-16
1.202479999999942265e+03 3.898435354967320496e-16 2.687249789280805148e-16
1.202539999999942211e+03 5.508274764053414835e-16 2.884529831916295967e-16
1.202599999999942156e+03 3.751089369609051180e-16 2.707304941044392212e-16
1.202659999999942102e+03 1.731638997360970863e-16 2.497883040933836302e-16
1.202719999999942047e+03 2.088592871178626487e-16 2.542463071521307942e-16
1.202779999999941992e+03 1.925092560314281713e-16 2.516619878690447787e-16
1.202839999999941938e+03 2.289029791957565910e-16 2.535132196635447237e-16
1.202899999999941883e+03 3.091771694652551477e-16 2.604417592783702352e-16
1.202959999999941829e+03 3.286070603186813325e-16 2.657522947339829980e-16
1.203019999999941774e+03 5.469849412192946378e-16 2.828616074147184482e-16
1.203079999999941720e+03 7.926717529745823693e-16 3.016551741854231522e-16
1.203139999999941665e+03 1.164325393192593813e-15 3.271444581746248857e-16
1.203199999999941610e+03 1.003030680241485831e-15 3.151056317008968246e-16
1.203259999999941556e+03 9.932961298780885433e-16 3.180820468963421978e-16
1.203319999999941501e+03 1.600549793142937004e-15 3.573133635159633281e-16
1.203379999999941447e+03 1.553582050861799299e-15 3.544874118851160960e-16
1.203439999999941392e+03 1.635617883470553841e-15 3.563168094174651934e-16
1.203499999999941338e+03 1.331015526409097170e-15 2.445379343054983002e-16
1.203559999999941283e+03 1.578817379731143151e-15 2.552120875422733583e-16
1.203619999999941228e+03 1.637699658430387511e-15 2.608715504825512485e-16
1.203679999999941174e+03 1.970652211390864111e-15 2.762234989789929998e-16
1.203739999999941119e+03 1.644752793329959813e-15 2.584351182973242056e-16
1.203799999999941065e+03 1.667806747016814779e-15 2.605720019063091462e-16
1.203859999999941010e+03 1.550212632823544121e-15 2.542088397594495428e-16
1.203919999999940956e+03 1.807586902189287035e-15 2.661807030490272122e-16
1.203979999999940901e+03 1.848882034611632937e-15 2.704385858381488073e-16
1.204039999999940846e+03 1.918914980411915699e-15 2.701699931780892161e-16
1.204099999999940792e+03 1.575529025073940882e-15 2.554593222071805388e-16
1.204159999999940737e+03 1.869184651413701935e-15 2.688603474245671294e-16
1.204219999999940683e+03 2.103280072952616950e-15 2.789814376704828373e-16
1.204279999999940628e+03 1.743473189047007241e-15 2.624617039415784384e-16
1.204339999999940574e+03 1.913330932048120063e-15 2.692882497341042784e-16
1.204399999999940519e+03 2.421943667269792044e-15 2.928556586101414525e-16
1.204459999999940464e+03 1.862935309620803942e-15 2.684223120021254369e-16
1.204519999999940410e+03 1.775418722969643210e-15 2.637936507001419362e-16
1.204579999999940355e+03 1.635258475884198246e-15 2.544515753224440704e-16
1.204639999999940301e+03 2.056385584042762532e-15 2.767898577111411685e-16
1.204699999999940246e+03 1.637436335375268931e-15 2.574393557587324002e-16
1.204759999999940192e+03 1.616641720679445959e-15 2.567757259430205806e-16
1.204819999999940137e+03 1.661722716765711915e-15 2.603852116828745054e-16
1.204879999999940082e+03 1.351141072537208898e-15 2.425617450823443310e-16
1.204939999999940028e+03 1.625906916163190186e-15 2.571777547268068977e-16
1.204999999999939973e+03 1.068734277270605887e-15 2.296999641645750234e-16
1.205059999999939919e+03 1.090764704084504180e-15 2.330547171243631714e-16
1.205119999999939864e+03 8.653622703634874917e-16 2.161397713585440701e-16
1.205179999999939810e+03 8.489099902363145499e-16 2.171726618071509617e-16
1.205239999999939755e+03 5.916686610912764058e-16 2.015227124472235770e-16
1.205299999999939701e+03 5.702343636006059181e-16 2.009385370598411388e-16
1.205359999999939646e+03 5.113059160974854442e-16 1.973087929108926395e-16
1.205419999999939591e+03 3.513242681440989418e-16 1.844628215266329633e-16
1.205479999999939537e+03 4.182784211057907075e-16 1.926061651526717646e-16
1.205539999999939482e+03 2.008257748638895922e-16 1.730655029100661601e-16
1.205599999999939428e+03 3.311230363235733984e-16 1.843101657215530505e-16
1.205659999999939373e+03 1.860664414846203569e-16 1.715924918115649717e-16
1.205719999999939319e+03 1.360652248817182029e-16 1.779810432319575031e-16
1.205779999999939264e+03 9.323710047979085225e-17 1.740662151984333533e-16
1.205839999999939209e+03 1.768122801932104668e-16 1.858119324712155040e-16
1.205899999999939155e+03 5.611444277930708977e-17 1.742356986974502109e-16
1.205959999999939100e+03 1.058075094417828736e-16 1.743515878365055532e-16
1.206019999999939046e+03 4.241584364327878075e-16 2.123822337145257425e-16
1.206079999999938991e+03 3.455313066932354303e-16 2.023398776455276031e-16
1.206139999999938937e+03 3.496253383823031309e-16 2.061977616137944592e-16
1.206199999999938882e+03 1.857829955153403336e-16 1.890908866164627650e-16
1.206259999999938827e+03 2.221946008819904489e-16 1.916119303291820111e-16
1.206319999999938773e+03 1.410159343556620010e-16 1.755631370804464123e-16
1.206379999999938718e+03 1.640251697846578416e-16 1.705427043135700825e-16
1.206439999999938664e+03 1.110137596733427614e-16 1.613280078051603782e-16
1.206499999999938609e+03 2.758626680118260926e-16 1.763774197227767155e-16
1.206559999999938555e+03 1.938997194203136559e-16 1.681172317084460111e-16
1.206619999999938500e+03 4.333017007795235037e-16 1.879299592599945189e-16
1.206679999999938445e+03 5.395044892849917306e-16 1.950031049900292877e-16
1.206739999999938391e+03 5.103625864935126859e-16 1.920023518283919377e-16
1.206799999999938336e+03 8.180711955022157530e-16 2.126130772018072554e-16
1.206859999999938282e+03 7.664808380854107489e-16 2.116646898768340282e-16
1.206919999999938227e+03 1.383234592187750274e-15 2.434114669758396234e-16
1.206979999999938173e+03 1.293598450488004778e-15 2.391382376944728485e-16
1.207039999999938118e+03 1.475191459221476080e-15 2.491834007990823410e-16
1.207099999999938063e+03 1.563125952000651993e-15 2.525828303528363686e-16
1.207159999999938009e+03 1.911098300122662095e-15 2.681773855381950561e-16
1.207219999999937954e+03 1.790563385367234702e-15 2.625912600165683106e-16
1.207279999999937900e+03 1.960959830704010089e-15 2.675740014439409079e-16
1.207339999999937845e+03 2.212296468814784927e-15 2.763990789480457321e-16
1.207399999999937791e+03 2.011920709364746122e-15 2.686948402072441136e-16
1.207459999999937736e+03 2.103568305737175815e-15 2.747870052156877071e-16
1.207519999999937681e+03 2.204565630875750625e-15 2.788593071254555334e-16
1.207579999999937627e+03 2.236406045723782158e-15 2.799744883624198893e-16
1.207639999999937572e+03 2.061860013638493859e-15 2.718258584743139470e-16
1.207699999999937518e+03 2.487733306034183723e-15 2.897128277270347718e-16
1.207759999999937463e+03 1.812356018764874225e-15 2.614827218400493341e-16
1.207819999999937409e+03 2.033343898374798733e-15 2.962363241647585885e-16
1.207879999999937354e+03 2.038278267209646705e-15 2.968753971756656020e-16
1.207939999999937299e+03 2.059046500802466823e-15 3.004959808002608681e-16
1.207999999999937245e+03 2.196161185095065586e-15 3.079483725987391575e-16
1.208059999999937190e+03 1.749359018671831054e-15 2.864388525074025087e-16
1.208119999999937136e+03 2.191173309757309173e-15 3.069617039023611388e-16
1.208179999999937081e+03 2.126840568838208612e-15 3.042728493860054397e-16
1.208239999999937027e+03 2.208275755158159943e-15 3.085082242702547355e-16
1.208299999999936972e+03 1.700722405291907836e-15 2.817880451086383213e-16
1.208359999999936917e+03 2.085247234671922430e-15 3.006123752191731539e-16
1.208419999999936863e+03 2.291886294384423565e-15 3.090970609427178418e-16
1.208479999999936808e+03 2.424464553646332756e-15 3.137981053580850541e-16
1.208539999999936754e+03 2.189256745724213552e-15 3.018862510297673855e-16
1.208599999999936699e+03 2.129590628867492987e-15 2.972639441645325044e-16
1.208659999999936645e+03 2.098567910949582718e-15 2.987784577337735819e-16
1.208719999999936590e+03 2.067387997399462655e-15 2.992181596886952671e-16
1.208779999999936535e+03 1.829456164987589099e-15 2.868631604226250456e-16
1.208839999999936481e+03 2.134009348144546947e-15 2.829009713623672155e-16
1.208899999999936426e+03 2.269794022691983318e-15 2.826711072074984758e-16
1.208959999999936372e+03 2.116980333142409545e-15 2.776505995831016803e-16
1.209019999999936317e+03 2.086297124756484678e-15 2.759864343357869324e-16
1.209079999999936263e+03 2.079565322811667151e-15 2.772926585768346577e-16
1.209139999999936208e+03 1.676831675814686011e-15 2.592551689815629977e-16
1.209199999999936153e+03 2.269709918211189238e-15 2.862372588886383040e-16
1.209259999999936099e+03 2.106603767418461825e-15 2.786940393494385509e-16
1.209319999999936044e+03 1.823294033955331772e-15 2.647948836169491102e-16
1.209379999999935990e+03 2.383311359421540348e-15 2.896793243019192147e-16
1.209439999999935935e+03 1.968435603816644839e-15 2.706845735139821429e-16
1.209499999999935881e+03 2.019265963628698742e-15 2.727813144356753126e-16
1.209559999999935826e+03 2.092085108217342119e-15 2.749444267759323117e-16
1.209619999999935771e+03 2.129377507125485482e-15 2.755261845735705476e-16
1.209679999999935717e+03 2.190512280045406592e-15 2.771176129921236680e-16
1.209739999999935662e+03 2.095349398213299202e-15 2.725169250559968972e-16
1.209799999999935608e+03 2.217797783845768179e-15 2.755862436758485966e-16
1.209859999999935553e+03 2.027691192711519446e-15 2.684019767146820879e-16
1.209919999999935499e+03 2.023674897816681023e-15 2.686790511317316881e-16
1.209979999999935444e+03 1.579129918276522627e-15 2.479440011265191698e-16
1.210039999999935389e+03 1.777088412625952037e-15 2.555170258792775309e-16
1.210099999999935335e+03 2.069231906727758375e-15 2.698360053975656738e-16
1.210159999999935280e+03 1.908413360097259419e-15 2.629847425749032005e-16
1.210219999999935226e+03 2.272623845374215829e-15 2.789468939322514657e-16
1.210279999999935171e+03 2.105364749335697363e-15 2.669776853300162365e-16
1.210339999999935117e+03 2.112534447765090812e-15 2.706039204038726083e-16
1.210399999999935062e+03 1.857820463269004288e-15 2.603823053239928966e-16
1.210459999999935008e+03 2.386298381188568876e-15 2.839077168571240464e-16
1.210519999999934953e+03 2.167298994486833476e-15 2.769802730671254331e-16
1.210579999999934898e+03 2.296290348186055391e-15 2.828546276951801684e-16
1.210639999999934844e+03 2.394198124700314578e-15 2.891744647568859451e-16
1.210699999999934789e+03 1.962634074989448354e-15 2.672936593972934877e-16
1.210759999999934735e+03 2.204305043590192581e-15 2.786487308867430461e-16
1.210819999999934680e+03 1.745036020917631186e-15 2.595343224796337409e-16
1.210879999999934626e+03 2.019426891748415856e-15 3.041477874921733422e-16
1.210939999999934571e+03 1.644861183618618030e-15 2.838943366349119804e-16
1.210999999999934516e+03 1.941396950487261739e-15 2.989187665423544243e-16
1.211059999999934462e+03 1.444951539336433734e-15 2.718386277591603772e-16
1.211119999999934407e+03 1.597566597447787530e-15 2.836838288743849327e-16
1.211179999999934353e+03 1.587563158792030833e-15 2.787225813823223446e-16
1.211239999999934298e+03 1.672263933649251973e-15 2.855953228434992757e-16
1.211299999999934244e+03 1.637325893174466680e-15 2.867311275960317073e-16
1.211359999999934189e+03 1.678730045614748809e-15 2.504096317427058348e-16
1.211419999999934134e+03 1.718513620717104078e-15 2.536871208214802665e-16
1.211479999999934080e+03 1.540724707347006204e-15 2.440090730064812065e-16
1.211539999999934025e+03 1.474520710674852180e-15 2.410619997420613685e-16
1.211599999999933971e+03 1.403628802871602308e-15 2.403172533664165126e-16
1.211659999999933916e+03 1.458418055595448083e-15 2.429562372133792177e-16
1.211719999999933862e+03 1.505875397553653356e-15 2.446337769165039479e-16
1.211779999999933807e+03 1.492005241254184936e-15 2.435822870578329493e-16
1.211839999999933752e+03 1.536102535168916015e-15 2.462102023418286300e-16
1.211899999999933698e+03 1.207960319025795980e-15 2.317735342804881250e-16
1.211959999999933643e+03 1.220411207177793534e-15 2.330381645853575715e-16
1.212019999999933589e+03 9.755883707713935922e-16 2.168378222606541896e-16
1.212079999999933534e+03 1.123054188009419563e-15 2.279667012449930377e-16
1.212139999999933480e+03 7.408272194904795313e-16 2.840428363002227396e-16
1.212199999999933425e+03 7.345205560535903490e-16 2.813427786091956696e-16
1.212259999999933370e+03 1.129970794766581534e-15 3.091854307608451368e-16
1.212319999999933316e+03 8.721301589886858459e-16 2.929930140373967241e-16
1.212379999999933261e+03 1.025962603528803535e-15 3.045761441168008609e-16
1.212439999999933207e+03 1.478105799949406838e-15 3.328714395837736266e-16
1.212499999999933152e+03 1.089533580740854107e-15 3.069638695172156032e-16
1.212559999999933098e+03 1.455873744897193325e-15 3.293697735023020706e-16
1.212619999999933043e+03 9.484002076113218329e-16 2.941475674555976341e-16
1.212679999999932988e+03 9.907690284137305876e-16 3.002507056921243410e-16
1.212739999999932934e+03 8.861364138191201831e-16 2.956826892276170317e-16
1.212799999999932879e+03 6.376142393896031436e-16 1.981018798225687753e-16
1.212859999999932825e+03 8.411447981047469044e-16 2.116297678914223700e-16
1.212919999999932770e+03 7.818004218699035899e-16 2.057244117963869909e-16
1.212979999999932716e+03 1.051638732661551907e-15 2.245386987768988589e-16
1.213039999999932661e+03 8.317713837921585529e-16 2.123495296226312777e-16
1.213099999999932606e+03 7.136582393937504997e-16 2.044220910358623956e-16
1.213159999999932552e+03 8.300795402963503455e-16 2.112907091662421839e-16
1.213219999999932497e+03 8.115454571461673595e-16 2.077710601142579758e-16
1.213279999999932443e+03 5.700303096221629987e-16 1.955406693401699875e-16
1.213339999999932388e+03 8.292778709930666485e-16 2.102099252804269190e-16
1.213399999999932334e+03 7.380706737950028950e-16 2.045739085809780219e-16
1.213459999999932279e+03 6.285204907366399066e-16 1.988476271775768941e-16
1.218019999999928132e+03 9.363378053273604596e-16 2.777011128265738238e-16
1.218079999999928077e+03 8.785480218658146107e-16 2.242943357290034222e-16
1.218139999999928023e+03 8.823151539855931047e-16 2.272971459245654784e-16
1.218199999999927968e+03 9.545270449188963140e-16 2.294011467454059609e-16
1.218259999999927913e+03 1.107876449350198328e-15 2.413014641984540427e-16
1.218319999999927859e+03 1.178165917040590402e-15 2.328667025239616278e-16
1.218379999999927804e+03 8.182612817346438699e-16 2.067654318242604808e-16
1.218439999999927750e+03 4.726224093905261003e-16 1.861517164579813920e-16
1.218499999999927695e+03 5.043779915637046303e-16 1.892835050613350212e-16
1.218559999999927641e+03 2.905160133569943419e-16 1.719081092398135842e-16
1.218619999999927586e+03 2.938659412300091028e-16 1.712574090030694570e-16
1.218679999999927531e+03 2.754167285216446806e-16 1.723182446556504836e-16
1.218739999999927477e+03 1.933623124467359422e-16 1.659851618130632217e-16
1.218799999999927422e+03 1.694037952852034243e-16 1.620849968341284761e-16
1.218859999999927368e+03 1.798773069738184046e-16 1.653282077174160990e-16
1.218919999999927313e+03 1.461881842522868649e-16 1.610114202330843057e-16
1.218979999999927259e+03 9.918767481219034012e-17 1.576148968967400867e-16
1.219039999999927204e+03 1.258800551551823520e-16 1.602120183259510749e-16
1.219099999999927149e+03 1.179917620800543823e-16 1.596125290340398287e-16
1.219159999999927095e+03 1.923072836920734349e-16 1.657070365338054072e-16
1.219219999999927040e+03 1.928804326529031210e-16 1.642743434286257703e-16
1.219279999999926986e+03 1.128231571477358151e-16 1.555700833801584565e-16
1.219339999999926931e+03 1.502667889473339357e-16 1.581960304003037309e-16
1.219399999999926877e+03 6.511657677144851283e-16 1.980214382250192783e-16
1.219459999999926822e+03 9.065993123271764566e-16 2.112407115483717251e-16
1.219519999999926767e+03 1.815787846168222795e-15 2.539550200464197294e-16
1.219579999999926713e+03 3.056384109023676385e-15 3.010036919921883798e-16
1.219639999999926658e+03 3.654372511254768269e-15 3.178804097420346698e-16
1.219699999999926604e+03 3.883237902195361196e-15 3.242367756973065545e-16
1.219759999999926549e+03 4.027273143687268290e-15 3.288167482547078926e-16
1.219819999999926495e+03 5.180506045564283412e-15 3.614916856018975922e-16
1.219879999999926440e+03 5.124287179994373058e-15 3.574429604317018188e-16
1.219939999999926385e+03 4.522813652403461922e-15 3.909510312519317568e-16
1.219999999999926331e+03 5.056661833239345366e-15 4.075037028476992093e-16
1.220059999999926276e+03 5.969944522390941269e-15 4.364101415616257446e-16
1.220119999999926222e+03 5.110406036354172900e-15 4.096286832690291913e-16
1.220179999999926167e+03 5.566148417395244619e-15 4.195510114695176544e-16
1.220239999999926113e+03 5.523031889584237752e-15 4.196990493919719674e-16
1.220299999999926058e+03 5.407305652390702822e-15 4.160707177906706344e-16
1.220359999999926004e+03 5.524334545290599344e-15 4.205224223830847350e-16
1.220419999999925949e+03 5.856797484011162552e-15 4.286912663657552198e-16
1.220479999999925894e+03 6.194401227800455832e-15 4.382327654935386164e-16
1.220539999999925840e+03 6.361162660308113019e-15 4.449975456522468427e-16
1.220599999999925785e+03 6.400989854986538812e-15 4.431205999966533863e-16
1.220659999999925731e+03 6.801253017641967822e-15 4.519651168369750481e-16
1.220719999999925676e+03 6.800728815517051570e-15 4.528990461443857217e-16
1.220779999999925622e+03 6.455383043202799566e-15 4.449429696148491606e-16
1.220839999999925567e+03 7.177658426285425427e-15 4.633368617018989936e-16
1.220899999999925512e+03 6.825277629118629354e-15 4.538886545031585510e-16
1.220959999999925458e+03 6.465055404725777966e-15 4.460518029886331565e-16
1.221019999999925403e+03 6.616990093126689098e-15 4.485235845448397656e-16
1.221079999999925349e+03 7.297258342063448001e-15 4.667144697274274835e-16
1.221139999999925294e+03 7.239011517309429534e-15 4.657659824560577919e-16
1.221199999999925240e+03 7.412439893474415805e-15 4.696278520734875536e-16
1.221259999999925185e+03 7.312808393354186175e-15 4.669868050476999585e-16
1.221319999999925130e+03 7.650361663753208129e-15 4.200245150977224077e-16
1.221379999999925076e+03 7.045893255369278411e-15 4.047833624659759641e-16
1.221439999999925021e+03 7.632272413332958652e-15 4.697739901001926425e-16
1.221499999999924967e+03 6.058178385905407667e-15 5.046528453374366392e-16
1.221559999999924912e+03 5.125740156337147943e-15 4.754709264657460068e-16
1.221619999999924858e+03 3.853033934170633747e-15 4.295079740291145897e-16
1.221679999999924803e+03 4.121759140678677846e-15 4.407652250165557086e-16
1.221739999999924748e+03 4.630003270842500390e-15 4.578695762682507511e-16
1.221799999999924694e+03 6.501218301882761573e-15 5.201003914640711517e-16
1.221859999999924639e+03 7.741748025672942908e-15 5.567435943497315961e-16
1.221919999999924585e+03 7.852874381197114710e-15 5.570852876210282299e-16
1.221979999999924530e+03 8.260059244337504059e-15 5.682779871874072636e-16
1.222039999999924476e+03 8.815512484226423955e-15 5.849658470750697943e-16
1.222099999999924421e+03 8.709340679241174492e-15 5.802465587641023088e-16
1.222159999999924366e+03 8.480260558063528869e-15 5.735916288850472881e-16
1.222219999999924312e+03 8.404933536535348975e-15 5.735175282915621132e-16
1.222279999999924257e+03 9.578844122276397092e-15 7.206741788734516739e-16
1.222339999999924203e+03 9.111249187153260568e-15 7.065817678862837015e-16
1.222399999999924148e+03 8.610093721192320236e-15 6.935651475010354127e-16
1.222459999999924094e+03 9.112069643114506315e-15 7.075193195509784314e-16
1.222519999999924039e+03 8.215895803606739127e-15 5.068503750204484321e-16
1.222579999999923984e+03 8.422338315826587205e-15 4.772598044370577393e-16
1.222639999999923930e+03 8.668751255662759193e-15 4.831938044199951211e-16
1.222699999999923875e+03 8.272864212370100367e-15 4.752912275540185857e-16
1.222759999999923821e+03 8.678901093048249729e-15 4.951541960441240703e-16
1.222819999999923766e+03 9.057114482210033413e-15 5.123880911179403241e-16
1.222879999999923712e+03 8.692959200132710957e-15 5.433351327102393774e-16
1.222939999999923657e+03 1.003827788152238310e-14 6.025843611947864671e-16
1.222999999999923602e+03 9.242446798940927333e-15 5.393112635501504224e-16
1.223059999999923548e+03 8.675902685980993440e-15 5.262973116825082594e-16
1.223119999999923493e+03 1.007160305939039990e-14 5.623589307795386661e-16
1.223179999999923439e+03 9.653775031872754766e-15 5.523044271472163869e-16
1.223239999999923384e+03 9.710960588798234527e-15 5.366829553256108547e-16
1.223299999999923330e+03 9.057161410599429742e-15 5.103153941227786056e-16
1.223359999999923275e+03 9.357683555065897088e-15 5.167102790469680859e-16
1.223419999999923220e+03 9.966114509682614161e-15 5.302612673356087145e-16
1.223479999999923166e+03 9.826445043180217269e-15 5.259607843022919999e-16
1.223539999999923111e+03 9.489800498149593044e-15 5.149260649600165711e-16
1.223599999999923057e+03 1.043803222358586203e-14 5.355259168096427679e-16
1.223659999999923002e+03 9.897284020965779365e-15 5.224435327009974398e-16
1.223719999999922948e+03 9.645617142963339088e-15 5.183225283538863624e-16
1.223779999999922893e+03 1.006035866864913278e-14 5.271421307543630650e-16
1.223839999999922838e+03 9.600406279477863238e-15 5.152174897243707932e-16
1.223899999999922784e+03 9.867489985530224706e-15 4.593592149770981620e-16
1.223959999999922729e+03 9.127709009483796589e-15 4.436812618832525332e-16
1.224019999999922675e+03 9.637701265206736942e-15 4.548175164358276409e-16
1.224079999999922620e+03 9.924477796877041964e-15 4.609870838369441617e-16
1.224139999999922566e+03 9.797167005620627985e-15 4.559098913760556011e-16
1.224199999999922511e+03 1.023253189412407439e-14 4.651764265409796773e-16
1.224259999999922456e+03 9.978004119390756484e-15 4.585772076474321460e-16
1.224319999999922402e+03 9.837863446778478481e-15 4.552738249317703375e-16
1.224379999999922347e+03 1.011718425540619560e-14 4.629089214383723511e-16
1.224439999999922293e+03 9.555135262706978719e-15 4.515149523134846958e-16
1.224499999999922238e+03 8.950638496952135812e-15 4.381466457213131546e-16
1.224559999999922184e+03 9.694903333938665761e-15 4.529274578300183918e-16
1.224619999999922129e+03 9.932691284309461781e-15 4.580900091894341914e-16
1.224679999999922074e+03 9.572988534913054556e-15 4.525888549935557294e-16
1.224739999999922020e+03 9.425466094167182593e-15 4.525682085058510039e-16
1.224799999999921965e+03 8.458530421340904713e-15 4.340948499011986562e-16
1.224859999999921911e+03 9.235912558865238737e-15 4.508263661818901780e-16
1.224919999999921856e+03 9.107827187045862679e-15 4.487669082907444663e-16
1.224979999999921802e+03 8.741970400141759352e-15 4.429096579187407744e-16
1.225039999999921747e+03 9.106058489777608847e-15 4.512718679046030047e-16
1.225099999999921693e+03 8.784916522812131166e-15 4.821892254412533838e-16
1.225159999999921638e+03 8.743264896817383185e-15 4.827010304262164651e-16
1.225219999999921583e+03 8.455947504321998634e-15 4.765575979422768740e-16
1.225279999999921529e+03 8.145267144308667195e-15 4.702367421084931840e-16
1.225339999999921474e+03 8.232067756400845866e-15 4.730385481035368265e-16
1.225399999999921420e+03 8.326956689062593161e-15 4.751027904298268975e-16
1.225459999999921365e+03 7.269862339663039381e-15 4.503816804790111594e-16
1.225519999999921311e+03 7.382782413073395767e-15 4.538242992766886647e-16
1.225579999999921256e+03 7.101071154148180721e-15 4.074969899113372256e-16
1.225639999999921201e+03 6.615908512081888464e-15 3.957841473081258913e-16
1.225699999999921147e+03 6.545995522653853798e-15 3.942981841707723417e-16
1.225759999999921092e+03 7.004212801290459457e-15 4.040264447133215662e-16
1.225819999999921038e+03 6.702492992564400660e-15 3.982723847237219542e-16
1.225879999999920983e+03 6.279778428546922888e-15 3.876975266130195600e-16
1.225939999999920929e+03 6.679980558247207894e-15 3.977115333151890669e-16
1.225999999999920874e+03 5.858285309185841154e-15 3.805031092425856073e-16
1.226059999999920819e+03 5.462766853258018409e-15 3.705648131275765889e-16
1.226119999999920765e+03 4.890525301121387342e-15 3.548948815374832415e-16
1.226179999999920710e+03 4.308272781667059110e-15 3.390211943401355198e-16
1.226239999999920656e+03 3.555840696198085345e-15 3.145468637169371395e-16
1.226299999999920601e+03 3.278369343365903213e-15 3.050957722860205817e-16
1.226359999999920547e+03 3.317664818062869094e-15 3.046130944516490473e-16
1.226419999999920492e+03 3.580286253166997603e-15 3.126154695925058301e-16
1.226479999999920437e+03 3.847866836615009416e-15 3.192870410497893187e-16
1.226539999999920383e+03 3.411481954503026714e-15 3.044532597327974303e-16
1.226599999999920328e+03 2.978635663536834018e-15 2.900579743740234826e-16
1.226659999999920274e+03 3.011572516247806854e-15 2.925730163490828412e-16
1.226719999999920219e+03 2.380576265104685395e-15 2.672757962037158484e-16
1.226779999999920165e+03 2.537992915337079788e-15 2.726536598599561708e-16
1.226839999999920110e+03 1.870278840165020140e-15 2.455431203998989079e-16
1.226899999999920055e+03 1.651366759291473181e-15 2.359468438217577407e-16
1.226959999999920001e+03 1.321394251435227484e-15 2.409106443186555963e-16
1.227019999999919946e+03 9.665531539833631224e-16 2.191831564567905852e-16
1.227079999999919892e+03 4.242672372301683464e-16 1.827123022591269131e-16
1.227139999999919837e+03 3.118111365195553735e-16 1.768109455958582061e-16
1.227199999999919783e+03 1.991086526739624823e-16 1.660431273514733044e-16
1.227259999999919728e+03 1.173965135157606285e-16 1.576222711111877168e-16
1.227319999999919673e+03 1.081938807740521918e-16 1.579057297556510897e-16
1.227379999999919619e+03 1.436667940736250695e-16 1.591583299158700914e-16
1.227439999999919564e+03 -6.893918702482392198e-18 1.401960050276673436e-16
1.227499999999919510e+03 2.272285647786669684e-17 1.479098246760499092e-16
1.227559999999919455e+03 6.493011713433159400e-17 1.528935173025942768e-16
1.227619999999919401e+03 2.662772068406828508e-17 1.479080654995060100e-16
1.227679999999919346e+03 -4.029021472007783728e-17 1.377370995862806166e-16
1.227739999999919291e+03 6.980542522243043022e-17 1.524877595196107990e-16
1.227799999999919237e+03 2.772656387304886480e-17 1.486832396776273472e-16
1.227859999999919182e+03 -6.963674271460156680e-18 1.437393786273997574e-16
1.227919999999919128e+03 2.955241235148137699e-17 1.458719662813343763e-16
1.227979999999919073e+03 -2.381124641742549604e-17 1.398626691359464818e-16
1.228039999999919019e+03 4.173187561153046229e-17 1.477190233188413083e-16
1.228099999999918964e+03 4.605818562617446281e-17 1.482318896086708550e-16
1.228159999999918909e+03 5.869977346058098656e-17 1.503952312285060638e-16
1.228219999999918855e+03 2.316345411138218568e-17 1.479329164330824748e-16
1.228279999999918800e+03 7.062274830548083640e-17 1.474914537753227713e-16
1.228339999999918746e+03 2.164266217920379049e-17 1.392826243772334999e-16
1.228399999999918691e+03 2.859550486488408363e-17 1.385075293895253033e-16
1.228459999999918637e+03 4.350502993950221249e-17 1.424131513722729033e-16
1.228519999999918582e+03 6.187943898836207227e-17 1.436497633388042517e-16
1.228579999999918527e+03 9.182597011851045404e-17 1.468058368943255128e-16
1.228639999999918473e+03 1.675469255921891967e-16 1.558893575183109380e-16
1.228699999999918418e+03 1.624535185399013829e-16 1.562268310031659947e-16
1.228759999999918364e+03 2.061365846098660107e-16 1.594569705743974915e-16
1.228819999999918309e+03 1.593843989032036511e-16 1.537980768234392432e-16
1.228879999999918255e+03 5.128635390904787458e-16 1.818660097601674887e-16
1.228939999999918200e+03 5.177585150583699160e-16 1.823750349819369331e-16
1.228999999999918145e+03 4.112033362045645178e-16 1.723439214199407204e-16
1.229059999999918091e+03 4.563145089936719256e-16 1.763119778570793317e-16
1.229119999999918036e+03 5.097815647211752265e-16 1.791299928213312881e-16
1.229179999999917982e+03 5.774896042368241243e-16 1.847932724005868796e-16
1.229239999999917927e+03 7.665233756431170417e-16 1.972500295590712457e-16
1.229299999999917873e+03 6.362219533241667257e-16 1.888697169048743371e-16
1.229359999999917818e+03 8.295121908194005147e-16 1.969000595842929519e-16
1.229419999999917763e+03 1.029794616693379935e-15 2.064148821606289264e-16
1.229479999999917709e+03 1.367257360064603702e-15 2.462024082235339507e-16
1.229539999999917654e+03 1.414766334346542712e-15 2.652688260584058352e-16
1.229599999999917600e+03 2.008326436792204302e-15 3.233882618042947742e-16
1.229659999999917545e+03 1.962032734718751715e-15 3.196588507454646922e-16
1.229719999999917491e+03 2.037184822587437364e-15 3.220097089142239623e-16
1.229779999999917436e+03 1.937854032025892808e-15 3.148229716355260997e-16
1.229839999999917382e+03 2.191410530188987948e-15 2.792076681768001380e-16
1.229899999999917327e+03 2.883433943124904920e-15 3.267080640509656617e-16
1.229959999999917272e+03 2.706778976220252611e-15 3.347065953918538271e-16
1.230019999999917218e+03 2.712001586893922900e-15 3.371134074309088966e-16
1.230079999999917163e+03 3.184640904043047282e-15 3.560735595021324643e-16
1.230139999999917109e+03 3.617516829497832683e-15 3.718460846695797747e-16
1.230199999999917054e+03 3.472853724945542307e-15 3.286911909336639715e-16
1.230259999999917000e+03 3.397022129574282277e-15 3.232142500981338570e-16
1.230319999999916945e+03 3.379957236612103826e-15 3.233252529492205767e-16
1.230379999999916890e+03 3.873034379315360780e-15 3.424236031134693610e-16
1.230439999999916836e+03 3.807253660107775578e-15 3.385981150228530676e-16
1.230499999999916781e+03 3.795121256909877017e-15 3.353907480907209134e-16
1.230559999999916727e+03 4.358274945727635452e-15 3.546062767404005462e-16
1.230619999999916672e+03 3.849933580658399060e-15 3.378435614938629214e-16
1.230679999999916618e+03 3.528504562467095046e-15 3.289130421249570353e-16
1.230739999999916563e+03 4.448653195503800135e-15 3.621606266074951347e-16
1.230799999999916508e+03 4.588165595630391144e-15 3.647550066481137394e-16
1.230859999999916454e+03 4.000597444474636812e-15 3.165960915609873304e-16
1.230919999999916399e+03 4.401033655355398185e-15 3.285182529727434659e-16
1.230979999999916345e+03 4.589091128020640292e-15 3.345058964659701829e-16
1.231039999999916290e+03 4.400258084277002457e-15 3.308244678334977554e-16
1.231099999999916236e+03 4.690198524033052797e-15 3.404452821894625396e-16
1.231159999999916181e+03 5.355034714365761853e-15 3.613584895233214249e-16
1.231219999999916126e+03 5.637665654302204363e-15 3.762134698704341519e-16
1.231279999999916072e+03 5.657471622727719008e-15 3.803043156021691317e-16
1.231339999999916017e+03 5.295296493699318764e-15 3.695822123631882262e-16
1.231399999999915963e+03 5.093391063984944594e-15 3.638582584236576387e-16
1.231459999999915908e+03 4.656471725286510530e-15 3.514289409145026008e-16
1.231519999999915854e+03 4.912694394523556963e-15 4.687923352592307817e-16
1.231579999999915799e+03 5.203685746549004052e-15 4.799302917081098070e-16
1.231639999999915744e+03 5.109263382052862892e-15 4.772478913328235907e-16
1.231699999999915690e+03 4.583456811536407110e-15 4.570949539909890132e-16
1.231759999999915635e+03 4.764137498806630747e-15 4.618523069363567922e-16
1.231819999999915581e+03 4.935442814924927137e-15 4.659151121810761363e-16
1.231879999999915526e+03 5.335410626571781235e-15 4.786224000650501969e-16
1.231939999999915472e+03 4.424766560968717386e-15 4.455006390201319321e-16
1.231999999999915417e+03 4.656833172575795532e-15 3.824848917241266656e-16
1.232059999999915362e+03 4.897695064206472972e-15 3.480899198302208794e-16
1.232119999999915308e+03 4.521599998530537467e-15 3.366408463251635830e-16
1.232179999999915253e+03 4.659969389682181332e-15 3.389057878846436351e-16
1.232239999999915199e+03 4.881592754592405831e-15 3.443254842391884154e-16
1.232299999999915144e+03 4.692236086489907997e-15 3.377456681932438704e-16
1.232359999999915090e+03 4.702521059852929848e-15 3.388048113381388122e-16
1.232419999999915035e+03 4.527844553772350794e-15 3.327220524435462403e-16
1.232479999999914980e+03 4.299002445638390614e-15 3.249219350823035434e-16
1.232539999999914926e+03 4.177169095956839524e-15 3.207519462894832084e-16
1.232599999999914871e+03 4.416241974813587228e-15 3.281208324907563182e-16
1.232659999999914817e+03 3.971811918483976376e-15 3.154351584313853794e-16
1.232719999999914762e+03 4.654208677367099214e-15 3.332514550179256077e-16
1.232779999999914708e+03 4.415162864534252594e-15 3.252242113102390638e-16
1.232839999999914653e+03 4.326530384477678281e-15 3.236597220029330916e-16
1.232899999999914598e+03 4.332457269081854156e-15 3.224174558590270119e-16
1.232959999999914544e+03 4.549606883845227497e-15 3.290080796015595172e-16
1.233019999999914489e+03 4.814746587502078465e-15 3.357751495221112100e-16
1.233079999999914435e+03 4.626569516095836509e-15 3.321409846269596878e-16
1.233139999999914380e+03 4.506955592139712806e-15 3.301634138440370530e-16
1.233199999999914326e+03 4.499676345597542068e-15 3.314696622974797352e-16
1.233259999999914271e+03 4.045722273500953833e-15 3.164958632954581697e-16
1.233319999999914216e+03 4.009874187246992045e-15 3.159191593002200463e-16
1.233379999999914162e+03 4.360052635482344896e-15 3.290074142389114041e-16
1.233439999999914107e+03 3.837360776284417368e-15 3.135259144237290569e-16
1.233499999999914053e+03 4.300737688527564466e-15 3.284132256479106475e-16
1.233559999999913998e+03 4.334614402128328223e-15 3.253503856841434471e-16
1.233619999999913944e+03 4.499625100600279175e-15 3.275538402612054699e-16
1.233679999999913889e+03 3.881522022313219078e-15 3.116499352170823505e-16
1.233739999999913834e+03 4.390606438125180172e-15 3.264611828519213197e-16
1.233799999999913780e+03 3.748377127631972195e-15 3.076655284223555415e-16
1.233859999999913725e+03 4.019569223080705458e-15 3.162269535788875591e-16
1.233919999999913671e+03 4.274427785988478927e-15 3.254468008935388793e-16
1.233979999999913616e+03 4.499569728933784194e-15 3.332217863499547341e-16
1.234039999999913562e+03 4.172885378405002820e-15 3.235329220833793534e-16
1.234099999999913507e+03 4.344943977244316404e-15 3.276191428135140741e-16
1.234159999999913452e+03 4.143284313045991302e-15 3.288386197357373030e-16
1.234219999999913398e+03 4.165284192719708949e-15 3.530715938747723004e-16
1.234279999999913343e+03 4.393689150505573819e-15 3.628975088325884071e-16
1.234339999999913289e+03 4.002145994251965498e-15 3.512117678035357976e-16
1.234399999999913234e+03 4.020892266437999686e-15 3.532385610883102959e-16
1.234459999999913180e+03 4.200117231982973666e-15 3.621615439109808926e-16
1.234519999999913125e+03 3.802371298539357828e-15 3.487868525047094684e-16
1.234579999999913070e+03 3.821003590707699454e-15 3.475693451120004155e-16
1.234639999999913016e+03 3.942772925707186424e-15 3.506294737464553877e-16
1.234699999999912961e+03 3.600783288682378555e-15 3.396289950489981153e-16
1.234759999999912907e+03 3.682977434699844945e-15 3.418930789256234208e-16
1.234819999999912852e+03 3.805650073118673049e-15 3.442820406835115614e-16
1.234879999999912798e+03 3.869679755884272295e-15 3.447019979609056859e-16
1.234939999999912743e+03 3.625072413739599770e-15 3.359297708165353387e-16
1.234999999999912689e+03 3.658233742414387294e-15 3.383191823690513995e-16
1.235059999999912634e+03 3.675596159226588847e-15 3.391427460263762973e-16
1.235119999999912579e+03 3.539885855999654376e-15 3.349700584387622635e-16
1.235179999999912525e+03 3.172257463831935296e-15 3.210283603742034295e-16
1.235239999999912470e+03 3.625810847304138349e-15 3.364189019623342507e-16
1.235299999999912416e+03 3.535559274804691784e-15 3.320675666503060705e-16
1.235359999999912361e+03 3.908021558532921121e-15 3.440141854658835296e-16
1.235419999999912307e+03 3.030750443412315776e-15 3.126528933749512522e-16
1.235479999999912252e+03 3.725062556459173531e-15 3.382279502020323560e-16
1.235539999999912197e+03 3.306387268540280510e-15 2.942115814073822999e-16
1.235599999999912143e+03 3.722470591294380932e-15 3.078926715966720462e-16
1.235659999999912088e+03 3.730453759237968074e-15 3.088379393213429942e-16
1.235719999999912034e+03 3.464988503364301447e-15 3.012127479631117556e-16
1.235779999999911979e+03 2.938527786488831041e-15 2.857622444228659825e-16
1.235839999999911925e+03 3.413000971480517053e-15 3.030700449284868540e-16
1.235899999999911870e+03 3.128275441482301644e-15 3.962424892604688854e-16
1.235959999999911815e+03 3.465773875139032004e-15 4.102418598184979922e-16
1.236019999999911761e+03 3.230665495311441219e-15 4.008510729650815252e-16
1.236079999999911706e+03 2.820448785311806078e-15 3.830622246791177121e-16
1.236139999999911652e+03 2.805175596648807607e-15 3.768453550914791190e-16
1.236199999999911597e+03 2.956641909168734576e-15 3.765550795981103721e-16
1.236259999999911543e+03 3.156177555624292676e-15 3.867306436483945747e-16
1.236319999999911488e+03 3.232332917735589044e-15 3.872915032092244145e-16
1.236379999999911433e+03 3.002871447835076516e-15 3.781174500275444931e-16
1.236439999999911379e+03 3.651070141430336914e-15 4.075136300023462957e-16
1.236499999999911324e+03 3.335783883263572424e-15 3.956788369607694095e-16
1.236559999999911270e+03 2.952594436175973599e-15 4.544410740649548351e-16
1.236619999999911215e+03 2.931307140822747235e-15 4.528761756018374397e-16
1.236679999999911161e+03 3.088591556158075102e-15 3.092707482086841475e-16
1.236739999999911106e+03 2.716518372757525329e-15 2.961910047279622569e-16
1.236799999999911051e+03 2.784970836399131017e-15 2.780669318828850202e-16
1.236859999999910997e+03 2.622837598692973320e-15 2.710214258399414769e-16
1.236919999999910942e+03 2.835254637191048173e-15 2.783371562526744080e-16
1.236979999999910888e+03 2.948392124431611305e-15 2.830531674430115601e-16
1.237039999999910833e+03 2.752278166596683425e-15 2.763065337545835088e-16
1.237099999999910779e+03 2.866433614799006186e-15 2.813180066099579389e-16
1.237159999999910724e+03 2.461785572305744305e-15 2.900130832717737246e-16
1.237219999999910669e+03 2.544671479920176073e-15 2.944087323005610408e-16
1.237279999999910615e+03 3.170079607735915660e-15 3.172339475474352996e-16
1.237339999999910560e+03 2.984854951480564393e-15 3.093498428278206317e-16
1.237399999999910506e+03 3.134025084922351499e-15 3.148796012844402113e-16
1.237459999999910451e+03 2.767586552462258431e-15 2.995967034620371033e-16
1.237519999999910397e+03 3.070907701197798962e-15 3.117054808843488357e-16
1.237579999999910342e+03 2.931269269235449555e-15 3.066713518301074195e-16
1.237639999999910287e+03 2.908469211571616274e-15 3.059094556489436289e-16
1.237699999999910233e+03 2.709483554398588373e-15 2.978605929486984763e-16
1.237759999999910178e+03 2.514010087500128570e-15 2.911423223195720390e-16
1.237819999999910124e+03 2.688560300373272802e-15 2.974236267134785572e-16
1.237879999999910069e+03 2.726532212034898011e-15 2.993590590505335903e-16
1.237939999999910015e+03 2.907792959655927787e-15 3.055797474895148786e-16
1.237999999999909960e+03 3.039877945125079005e-15 3.111677155621681191e-16
1.238059999999909905e+03 2.239129720989957930e-15 2.663154799740549386e-16
1.238119999999909851e+03 2.542853205747072288e-15 2.688392837721486277e-16
1.238179999999909796e+03 2.606686450779998457e-15 2.718883085150490455e-16
1.238239999999909742e+03 2.534974268625630627e-15 2.687361806206253244e-16
1.238299999999909687e+03 2.792723799409257424e-15 2.784338243112879171e-16
1.238359999999909633e+03 2.753240499029403346e-15 2.772576638703141755e-16
1.238419999999909578e+03 2.690787355831023716e-15 2.739626749652983836e-16
1.238479999999909523e+03 2.637388252682923005e-15 2.732482360855709421e-16
1.238539999999909469e+03 2.505454530379653993e-15 2.683541777427460091e-16
1.238599999999909414e+03 2.200117879051546549e-15 2.560205594795409957e-16
1.238659999999909360e+03 2.578377987553483850e-15 2.697497519617533909e-16
1.238719999999909305e+03 2.419432776723611226e-15 2.640209776604678866e-16
1.238779999999909251e+03 2.239493803187402088e-15 2.572096046527611933e-16
1.238839999999909196e+03 2.058092277629180573e-15 2.486094974809642958e-16
1.238899999999909141e+03 2.411486508223325795e-15 2.633497133208014220e-16
1.238959999999909087e+03 1.876999251167890888e-15 2.417340723632587933e-16
1.239019999999909032e+03 2.227881677251089849e-15 2.559016326047113050e-16
1.239079999999908978e+03 2.141619020309723809e-15 2.534521082057565997e-16
1.239139999999908923e+03 2.134053175651067274e-15 2.511396061653025155e-16
1.239199999999908869e+03 2.208627401766727590e-15 2.547735422185603623e-16
1.239259999999908814e+03 2.047314723988169600e-15 2.489813537148848012e-16
1.239319999999908759e+03 2.327225597722855331e-15 2.589156904396324405e-16
1.239379999999908705e+03 2.454656308385595968e-15 2.635190372061409965e-16
1.239439999999908650e+03 2.235824807129710302e-15 2.565826665805462121e-16
1.239499999999908596e+03 2.029527727113694895e-15 2.489347993990208715e-16
1.239559999999908541e+03 2.020091911067890184e-15 2.468099443921678037e-16
1.239619999999908487e+03 2.068386827393020452e-15 2.549714026469152595e-16
1.239679999999908432e+03 2.258173192458932283e-15 2.648316035170041762e-16
1.239739999999908378e+03 2.468321525246469300e-15 2.726476990911718626e-16
1.239799999999908323e+03 2.417920717399067142e-15 2.708870288736921992e-16
1.239859999999908268e+03 2.274263702249584906e-15 2.669624009036238621e-16
1.239919999999908214e+03 2.091922510147721918e-15 2.606535002354877165e-16
1.239979999999908159e+03 2.151679895119475260e-15 2.602633354213405233e-16
1.240039999999908105e+03 2.388355455204164747e-15 2.679408370128479394e-16
1.240099999999908050e+03 2.183594593583029514e-15 2.546724300561520668e-16
1.240159999999907996e+03 1.970001287364630116e-15 2.456271791721292077e-16
1.240219999999907941e+03 2.122039966448085607e-15 2.523263702840268178e-16
1.240279999999907886e+03 2.205013620213943465e-15 2.550454856094832018e-16
1.240339999999907832e+03 2.199720705662415621e-15 2.545216127411144460e-16
1.240399999999907777e+03 2.113845941853065195e-15 2.512064419968031740e-16
1.240459999999907723e+03 1.928869853315649587e-15 2.435161756187436025e-16
1.240519999999907668e+03 2.048933667418907146e-15 2.479274337425063501e-16
1.240579999999907614e+03 2.189971288009106108e-15 2.825376307221281386e-16
1.240639999999907559e+03 1.859581540998031175e-15 3.235406610577584005e-16
1.240699999999907504e+03 1.827081823020234210e-15 3.251917741472425355e-16
1.240759999999907450e+03 1.901748102999541174e-15 3.273253170707668196e-16
1.240819999999907395e+03 2.345581916806249485e-15 3.496700751880711515e-16
1.240879999999907341e+03 1.930125351216758503e-15 3.261388739003910226e-16
1.240939999999907286e+03 2.179925031737781700e-15 3.390641700243192209e-16
1.240999999999907232e+03 2.373851584496692759e-15 3.462653683212577955e-16
1.241059999999907177e+03 2.336524606442844257e-15 3.459585183288883245e-16
1.241119999999907122e+03 2.077231626648364833e-15 3.344942065197439065e-16
1.241179999999907068e+03 1.829098575673267087e-15 3.223574082795279406e-16
1.241239999999907013e+03 1.768677051557861760e-15 3.158483428051787273e-16
1.241299999999906959e+03 1.964583142541124002e-15 3.278141990946462093e-16
1.241359999999906904e+03 2.138613105314199442e-15 3.377974634280249420e-16
1.241419999999906850e+03 2.040340135889300168e-15 3.324922712378222954e-16
1.241479999999906795e+03 1.997200603439716829e-15 3.287176467719441230e-16
1.241539999999906740e+03 2.228394175119451236e-15 3.432286800119586373e-16
1.241599999999906686e+03 1.854925368646116677e-15 3.279281853203168397e-16
1.241659999999906631e+03 1.896553204968230045e-15 3.312287313399073076e-16
1.241719999999906577e+03 1.508770230474700421e-15 3.107883541420101958e-16
1.241779999999906522e+03 1.763473917168944190e-15 3.254768588916928677e-16
1.241839999999906468e+03 1.836009475490463742e-15 3.300359821624426895e-16
1.241899999999906413e+03 1.977482149971093717e-15 3.372620691571500004e-16
1.241959999999906358e+03 1.809178666726762276e-15 3.256807261578634781e-16
1.242019999999906304e+03 2.180508642048203833e-15 2.551514652859385573e-16
1.242079999999906249e+03 2.145973058841970613e-15 2.525200687816235076e-16
1.242139999999906195e+03 2.224284875607201459e-15 2.545418325713771266e-16
1.242199999999906140e+03 2.033501025901569232e-15 2.477115042864553049e-16
1.242259999999906086e+03 1.908240442566498155e-15 2.431129026051188121e-16
1.242319999999906031e+03 1.762759330099948671e-15 2.371844324548136343e-16
1.242379999999905976e+03 1.887321430077314884e-15 2.403456374395296180e-16
1.242439999999905922e+03 1.790627402451142436e-15 2.378577256723271173e-16
1.242499999999905867e+03 2.081066222687508294e-15 2.493252386463677077e-16
1.242559999999905813e+03 1.728411611357677070e-15 2.326892690950688363e-16
1.242619999999905758e+03 1.959827573188749507e-15 2.433133404275868618e-16
1.242679999999905704e+03 1.887964854400359935e-15 2.411027732362889533e-16
1.242739999999905649e+03 1.811821332330930622e-15 2.375034436143808426e-16
1.242799999999905594e+03 1.727004923359370437e-15 2.360767654920056174e-16
1.242859999999905540e+03 1.977794747798789421e-15 2.479508930299451727e-16
1.242919999999905485e+03 1.686151941080981464e-15 2.341194641628796352e-16
1.242979999999905431e+03 1.673171081985481777e-15 2.284769707644615561e-16
1.243039999999905376e+03 1.724210622453530327e-15 2.328132623167401025e-16
1.243099999999905322e+03 1.726130618420624731e-15 2.338950669237819900e-16
1.243159999999905267e+03 1.768453194575799701e-15 2.354409673155637377e-16
1.243219999999905212e+03 1.912863280341351441e-15 2.395208168827697335e-16
1.243279999999905158e+03 1.907545702770837237e-15 2.378627705098350127e-16
1.243339999999905103e+03 1.719110031345628319e-15 2.305019504942346123e-16
1.243399999999905049e+03 2.202164261009310743e-15 2.507194195624521019e-16
1.243459999999904994e+03 1.702962378512688879e-15 2.298892506385693553e-16
1.243519999999904940e+03 1.837828681389436853e-15 2.481250300281843813e-16
1.243579999999904885e+03 1.489126618343453648e-15 3.054950214030280143e-16
1.243639999999904830e+03 1.532816458223851641e-15 3.071170967435333512e-16
1.243699999999904776e+03 1.752293233120232353e-15 3.197392715796538572e-16
1.243759999999904721e+03 1.758582219353864016e-15 3.185799421515958857e-16
1.243819999999904667e+03 1.625566450768976832e-15 3.671400347028459377e-16
1.243879999999904612e+03 1.508480591586931468e-15 3.572099953831597418e-16
1.243939999999904558e+03 1.964981127322520128e-15 3.899592802044395272e-16
1.243999999999904503e+03 1.938530347119118532e-15 3.520274245849328408e-16
1.244059999999904448e+03 1.473266573903356139e-15 3.008186896995217614e-16
1.244119999999904394e+03 1.843925418896357960e-15 3.257794750742897790e-16
1.244179999999904339e+03 2.025920872170803447e-15 3.393509617321538625e-16
1.244239999999904285e+03 1.742430373282785816e-15 3.233548022312055976e-16
1.244299999999904230e+03 2.260999432623904373e-15 3.541704400127644735e-16
1.244359999999904176e+03 2.056907950704272241e-15 3.398852692475980770e-16
1.244419999999904121e+03 2.108740890974222572e-15 3.457871614221686091e-16
1.244479999999904066e+03 1.496571871453526743e-15 3.114783810923154125e-16
1.244539999999904012e+03 1.826568968141619037e-15 2.438107993423674037e-16
1.244599999999903957e+03 1.945760544946926413e-15 2.440425303882109801e-16
1.244659999999903903e+03 1.813706580484294200e-15 2.392088007538419053e-16
1.244719999999903848e+03 1.707336388817019562e-15 2.339632526657771624e-16
1.244779999999903794e+03 1.870448194794224235e-15 2.404892422675042292e-16
1.244839999999903739e+03 2.061413468698835340e-15 2.503913501542256257e-16
1.244899999999903685e+03 1.801438273556015215e-15 2.404468736420030322e-16
1.244959999999903630e+03 2.005652786381036750e-15 2.479464101020594431e-16
1.245019999999903575e+03 2.324650844493097174e-15 2.600043891082027385e-16
1.245079999999903521e+03 2.008870895616011303e-15 2.476298460879924945e-16
1.245139999999903466e+03 2.223922316246769450e-15 2.552245833483712378e-16
1.245199999999903412e+03 1.985775456854835754e-15 2.452165727371475574e-16
1.245259999999903357e+03 1.578238090759282893e-15 2.279289035493354677e-16
1.245319999999903303e+03 1.986860938117603476e-15 2.437886233771232632e-16
1.245379999999903248e+03 1.973868860900609435e-15 2.430168547566899812e-16
1.245439999999903193e+03 1.713403458339120972e-15 2.337089246466239412e-16
1.245499999999903139e+03 1.764150156935428868e-15 2.358337477687915285e-16
1.245559999999903084e+03 1.981244655213512870e-15 2.438380867173589015e-16
1.245619999999903030e+03 1.803211604896842312e-15 2.345641741090826774e-16
1.245679999999902975e+03 1.907136523801072529e-15 2.404929444707052473e-16
1.245739999999902921e+03 1.792264961162680348e-15 2.354428050944160733e-16
1.245799999999902866e+03 1.830564439293346979e-15 2.377289625217745913e-16
1.245859999999902811e+03 1.649352758503639100e-15 2.288979381784797980e-16
1.245919999999902757e+03 1.820349018055585532e-15 2.357317555078438176e-16
1.245979999999902702e+03 1.790306102279452248e-15 2.342863881377761115e-16
1.246039999999902648e+03 1.887538461867798372e-15 2.383601613652234520e-16
1.246099999999902593e+03 1.842243029384847036e-15 2.356929842574735746e-16
1.246159999999902539e+03 1.966628147088774411e-15 2.410636412361413918e-16
1.246219999999902484e+03 2.170647972957554165e-15 2.488730590639365951e-16
1.246279999999902429e+03 1.789332408522639626e-15 2.335265135066942015e-16
1.246339999999902375e+03 1.686317449941735939e-15 2.302620174522886571e-16
1.246399999999902320e+03 1.738121774696442188e-15 2.314956421077479478e-16
1.246459999999902266e+03 1.990277977896173479e-15 2.422326364942674388e-16
1.246519999999902211e+03 1.915385828351289100e-15 2.390766256757776925e-16
1.246579999999902157e+03 1.756036276012164663e-15 2.320167247623672578e-16
1.246639999999902102e+03 2.004590187967858479e-15 2.396091624678198644e-16
1.246699999999902047e+03 1.977118469812599730e-15 2.385343627443297527e-16
1.246759999999901993e+03 1.733850125695452614e-15 2.296625427516904641e-16
1.246819999999901938e+03 2.066646268591309829e-15 2.448961737476840959e-16
1.246879999999901884e+03 1.617351616078959028e-15 2.238815762899186431e-16
1.246939999999901829e+03 1.589537860923535022e-15 2.255763132759596596e-16
1.246999999999901775e+03 1.875195199404139297e-15 2.374074382218280060e-16
1.247059999999901720e+03 1.861362935750346942e-15 2.373723515354613687e-16
1.247119999999901665e+03 1.755108694600976675e-15 2.324882405245620603e-16
1.247179999999901611e+03 1.780146333156913086e-15 2.320335821426494528e-16
1.247239999999901556e+03 1.796085685317699482e-15 2.343342883469860706e-16
1.247299999999901502e+03 1.669427650206801682e-15 2.309093515207550660e-16
1.247359999999901447e+03 1.590747058243848108e-15 2.254109704030225988e-16
1.247419999999901393e+03 1.848718222051162321e-15 2.351664418309189782e-16
1.247479999999901338e+03 2.015709031927551988e-15 2.425101123206350194e-16
1.247539999999901283e+03 1.788762269253440860e-15 2.337639312021906493e-16
1.247599999999901229e+03 2.259894145988950908e-15 2.541377181867255462e-16
1.247659999999901174e+03 1.819709237877789708e-15 2.363448806908081764e-16
1.247719999999901120e+03 1.965950974129418379e-15 2.432837190288596202e-16
1.247779999999901065e+03 1.876502639977577359e-15 2.381208559156819372e-16
1.247839999999901011e+03 1.859796188139988518e-15 2.375949089640656748e-16
1.247899999999900956e+03 1.832788816055974892e-15 2.375468358102229750e-16
1.247959999999900901e+03 1.659400247140555193e-15 2.310309314510027044e-16
1.248019999999900847e+03 1.739455343560719451e-15 2.389311589366484914e-16
1.248079999999900792e+03 2.012176919866961421e-15 2.549372429707994463e-16
1.248139999999900738e+03 1.987054249711325659e-15 2.542467939061443914e-16
1.248199999999900683e+03 1.885070855186757224e-15 2.495207982215451502e-16
1.248259999999900629e+03 1.952205133067929673e-15 2.516004447235761917e-16
1.248319999999900574e+03 1.517683495227193127e-15 2.300378575755560404e-16
1.248379999999900519e+03 1.992846975664032524e-15 2.514877356977802910e-16
1.248439999999900465e+03 1.835459441166281695e-15 2.392560764586563059e-16
1.248499999999900410e+03 2.095189132546136324e-15 2.477552560191824772e-16
1.248559999999900356e+03 2.280442764331783863e-15 2.549690888200234315e-16
1.248619999999900301e+03 1.831282444388609530e-15 2.384167186329123202e-16
1.248679999999900247e+03 2.045129993776831096e-15 2.443870359015748350e-16
1.248739999999900192e+03 1.977087357427472551e-15 2.381125467071614832e-16
1.248799999999900137e+03 1.983536022234066911e-15 2.419139339795283516e-16
1.248859999999900083e+03 1.989735318695019274e-15 2.437132905093131728e-16
1.248919999999900028e+03 1.671032081871755591e-15 2.291865247007802439e-16
1.248979999999899974e+03 1.960781727677337872e-15 2.405220300189713069e-16
1.249039999999899919e+03 1.892967544716928821e-15 2.356492313330864135e-16
1.249099999999899865e+03 2.112515622887975459e-15 2.462227420592997834e-16
1.249159999999899810e+03 1.904251632947982109e-15 2.376105279340634982e-16
1.249219999999899755e+03 1.812865712866172069e-15 2.331569459193703827e-16
1.249279999999899701e+03 1.981022864241036400e-15 2.400910162903455878e-16
1.249339999999899646e+03 1.863984862887026086e-15 2.348893892643900340e-16
1.249399999999899592e+03 1.877162803930380940e-15 2.690169506590788285e-16
1.249459999999899537e+03 1.990488813483396316e-15 2.724933159857548788e-16
1.249519999999899483e+03 2.347446495924712370e-15 2.883528829078045197e-16
1.249579999999899428e+03 2.097620718644962404e-15 2.792991433110932036e-16
1.249639999999899374e+03 2.023165670063072277e-15 2.745625039111553208e-16
1.249699999999899319e+03 2.097228588373142627e-15 2.759385216616954359e-16
1.249759999999899264e+03 2.022124387460417138e-15 2.725393589775502849e-16
1.249819999999899210e+03 2.231720521200677664e-15 2.677305482165202539e-16
1.249879999999899155e+03 1.942941616427497528e-15 2.402360963369852245e-16
1.249939999999899101e+03 1.745824867046049941e-15 2.336249457896268250e-16
1.249999999999899046e+03 1.832309207980654264e-15 2.386950917773430723e-16
1.250059999999898992e+03 1.650289497983113537e-15 2.281189708518771705e-16
1.250119999999898937e+03 1.803020598412484629e-15 2.367516916553831873e-16
1.250179999999898882e+03 1.888289510760728402e-15 2.520459767666284661e-16
1.250239999999898828e+03 2.162891438002369566e-15 3.458699651001213326e-16
1.250299999999898773e+03 1.953704551963738415e-15 3.356580712977467109e-16
1.250359999999898719e+03 1.691319965549100877e-15 3.146522997192940282e-16
1.250419999999898664e+03 2.076431500304533664e-15 3.317069526806591329e-16
1.250479999999898610e+03 1.764981136297815156e-15 2.391105420796359968e-16
1.250539999999898555e+03 1.558942102946815808e-15 2.234041052402103563e-16
1.250599999999898500e+03 1.355283849752972844e-15 2.139811927426962725e-16
1.250659999999898446e+03 1.523983864734115477e-15 2.216803403081676724e-16
1.250719999999898391e+03 1.718765068351734521e-15 2.303094660947929843e-16
1.250779999999898337e+03 1.491671950814679418e-15 2.193846440688471297e-16
1.250839999999898282e+03 1.770684120994334577e-15 2.322123178862790123e-16
1.250899999999898228e+03 1.611462125013461094e-15 2.261143078841641710e-16
1.250959999999898173e+03 2.304070657016932610e-15 2.547277904756992513e-16
1.251019999999898118e+03 1.774040322150337080e-15 2.321251514436276077e-16
1.251079999999898064e+03 2.147655576731329085e-15 2.474192752947570564e-16
1.251139999999898009e+03 1.978467667574175809e-15 2.421043768790597054e-16
1.251199999999897955e+03 1.531817760931526912e-15 2.253555297680454041e-16
1.251259999999897900e+03 2.176788329451437093e-15 2.538828484179539748e-16
1.251319999999897846e+03 2.001374814699343750e-15 2.473934553671104066e-16
1.251379999999897791e+03 1.901387545323995791e-15 2.428437777759518060e-16
1.251439999999897736e+03 2.070856256834800312e-15 2.494530928810312320e-16
1.251499999999897682e+03 2.890374857236409604e-15 2.792896568733941366e-16
1.251559999999897627e+03 2.796180554872498294e-15 2.739492069080200798e-16
1.251619999999897573e+03 3.263521874880617621e-15 2.880863063507112466e-16
1.251679999999897518e+03 3.808098558257316287e-15 3.031429679844477546e-16
1.251739999999897464e+03 5.064591844923019982e-15 3.375916282308898661e-16
1.251799999999897409e+03 5.503677135813468681e-15 3.482550581173619679e-16
1.251859999999897354e+03 6.133960660552155957e-15 3.625230487233743325e-16
1.251919999999897300e+03 8.237628578857242650e-15 4.064088121218758919e-16
1.251979999999897245e+03 1.226467014844877261e-14 4.795093886446305545e-16
1.252039999999897191e+03 1.258261271976714548e-14 4.862220944093298046e-16
1.252099999999897136e+03 1.079882172355939198e-14 4.557920446277579204e-16
1.252159999999897082e+03 9.341086447847112943e-15 4.280384419060459997e-16
1.252219999999897027e+03 6.707050950753067743e-15 3.742857302840118596e-16
1.252279999999896972e+03 4.549049337859841026e-15 3.225181809141169251e-16
1.252339999999896918e+03 3.299825415825956948e-15 2.865047688837846470e-16
1.252399999999896863e+03 2.623340959499682296e-15 2.644059880122280182e-16
1.252459999999896809e+03 2.948110103287927758e-15 2.752400688765714494e-16
1.252519999999896754e+03 2.269801940921300760e-15 2.516682268974480517e-16
1.252579999999896700e+03 2.417196004460721513e-15 2.610661185804010474e-16
1.252639999999896645e+03 2.404007369654129329e-15 2.617491879422835555e-16
1.252699999999896590e+03 2.285832439802967261e-15 2.549670070510651516e-16
1.252759999999896536e+03 2.040781289121028466e-15 2.437521223375557697e-16
1.252819999999896481e+03 2.268258065104538916e-15 2.552888204384623691e-16
1.252879999999896427e+03 2.014054069203407189e-15 2.436399023216980775e-16
1.252939999999896372e+03 2.002554620578171270e-15 2.408626000267879990e-16
1.252999999999896318e+03 1.865904796260883058e-15 2.352587438286813616e-16
1.253059999999896263e+03 1.772281540437115318e-15 2.304264983974848516e-16
1.253119999999896208e+03 1.732371834732496725e-15 2.281736506201504297e-16
1.253179999999896154e+03 1.683029280295271216e-15 2.260778476197193656e-16
1.253239999999896099e+03 2.016183747910253496e-15 2.395741648118760558e-16
1.253299999999896045e+03 1.944806730588398273e-15 2.360917698409937282e-16
1.253359999999895990e+03 1.655348012527419751e-15 2.235430064644468384e-16
1.253419999999895936e+03 1.355328165556748653e-15 2.093744747764972621e-16
1.253479999999895881e+03 1.607938500619791375e-15 2.217825569667158382e-16
1.253539999999895826e+03 1.556553944923188120e-15 2.202202750808608132e-16
1.253599999999895772e+03 1.631953879334357111e-15 2.237770437624394977e-16
1.253659999999895717e+03 1.715897439237541681e-15 2.264469897505597276e-16
1.253719999999895663e+03 1.583448766569602804e-15 2.216945501583594914e-16
1.253779999999895608e+03 1.439626471677032821e-15 2.160928110925025532e-16
1.253839999999895554e+03 1.516763642494330213e-15 2.189503372672314550e-16
1.253899999999895499e+03 1.887340097676235470e-15 2.356497854002601174e-16
1.253959999999895444e+03 1.368861228517003125e-15 2.119995269875522382e-16
1.254019999999895390e+03 1.592554849347587111e-15 2.214784873449281173e-16
1.254079999999895335e+03 1.476392205830274242e-15 2.182842191658459295e-16
1.254139999999895281e+03 1.756094626380310808e-15 2.299327139951402771e-16
1.254199999999895226e+03 1.745879202212203256e-15 2.308971869582079918e-16
1.254259999999895172e+03 1.713610045274338453e-15 2.294559341836822757e-16
1.254319999999895117e+03 1.893849212839147023e-15 2.384203798313858305e-16
1.254379999999895063e+03 2.042394249321426253e-15 2.440493607508881079e-16
1.254439999999895008e+03 1.902098429283776392e-15 2.380198267805375569e-16
1.254499999999894953e+03 2.135852747554187728e-15 2.469919721778046885e-16
1.254559999999894899e+03 1.871970041290771209e-15 2.367710679295863887e-16
1.254619999999894844e+03 1.760776274869727971e-15 2.331413153005385886e-16
1.254679999999894790e+03 1.842742019259212745e-15 2.365325647796792857e-16
1.254739999999894735e+03 1.517660313463722610e-15 2.230127159202063970e-16
1.254799999999894681e+03 2.056836727732271720e-15 2.461293063307529738e-16
1.254859999999894626e+03 2.024857212661217965e-15 2.441451049612840646e-16
1.254919999999894571e+03 1.662549457784590117e-15 2.283330152567155079e-16
1.254979999999894517e+03 1.948144315599615690e-15 2.402427712640007318e-16
1.255039999999894462e+03 2.247453201243562383e-15 2.527361572292597251e-16
1.255099999999894408e+03 2.064980282935522048e-15 2.444991818628439773e-16
1.255159999999894353e+03 2.118921001087426952e-15 2.482324594317808210e-16
1.255219999999894299e+03 1.892693099199208589e-15 2.385072549438499216e-16
1.255279999999894244e+03 1.917612973707741580e-15 2.396367097857057731e-16
1.255339999999894189e+03 1.857259866277246027e-15 2.359400167126230317e-16
1.255399999999894135e+03 2.534248431993462155e-15 2.613846420665233698e-16
1.255459999999894080e+03 1.924581947634598456e-15 2.374924961910335681e-16
1.255519999999894026e+03 2.090375766803193474e-15 2.438720668228885185e-16
1.255579999999893971e+03 2.410005168608907267e-15 2.574302837981880341e-16
1.255639999999893917e+03 2.533755347917228954e-15 2.615604150922870904e-16
1.255699999999893862e+03 2.607304044301700767e-15 2.643173217815025417e-16
1.255759999999893807e+03 3.364284166695921525e-15 2.875709054563388676e-16
1.255819999999893753e+03 3.724734949693442319e-15 2.983334853992443992e-16
1.255879999999893698e+03 3.648187247224978561e-15 2.956256589457625155e-16
1.255939999999893644e+03 4.628559396042568559e-15 3.220011023806335662e-16
1.255999999999893589e+03 6.287287494240159819e-15 3.615649983884995000e-16
1.256059999999893535e+03 6.744812848549942232e-15 3.718196683284236659e-16
1.256119999999893480e+03 6.234404417282506403e-15 3.605393880261866411e-16
1.256179999999893425e+03 5.382963042436116519e-15 3.396062664580285787e-16
1.256239999999893371e+03 3.864709099190900675e-15 2.991938223218145524e-16
1.256299999999893316e+03 3.078066980465663106e-15 2.767978107749129877e-16
1.256359999999893262e+03 2.518538825380201288e-15 2.630616876342855444e-16
1.256419999999893207e+03 2.122347025561134913e-15 2.734000054699118830e-16
1.256479999999893153e+03 1.982758378433282201e-15 2.691794757266281256e-16
1.256539999999893098e+03 2.232073961111306693e-15 2.853439143425992180e-16
1.256599999999893043e+03 2.352575719249972786e-15 2.869316872726155301e-16
1.256659999999892989e+03 1.979825022901352881e-15 2.698398352595206368e-16
1.256719999999892934e+03 1.602197973897668897e-15 2.521689968547105928e-16
1.256779999999892880e+03 2.038609543800605123e-15 2.739036298290479360e-16
1.256839999999892825e+03 1.618722401636083086e-15 2.220521007612401197e-16
1.256899999999892771e+03 1.772000369188476633e-15 2.282491547557978670e-16
1.256959999999892716e+03 1.946866677504583900e-15 2.351691370376204126e-16
1.257019999999892661e+03 2.141599852878612567e-15 2.426628059770992106e-16
1.257079999999892607e+03 1.888981185861039670e-15 2.344236783986235041e-16
1.257139999999892552e+03 1.999973340145867309e-15 2.393110604869579144e-16
1.257199999999892498e+03 2.065768129356704818e-15 2.425886095251503721e-16
1.257259999999892443e+03 1.908047978844205061e-15 2.359761069324419437e-16
1.257319999999892389e+03 2.001553155811519532e-15 2.397830385440827193e-16
1.257379999999892334e+03 1.925721143684667381e-15 2.365456310663421527e-16
1.257439999999892279e+03 2.062641066492879161e-15 2.418300593397290589e-16
1.257499999999892225e+03 2.031287192073317395e-15 2.400914075208354587e-16
1.257559999999892170e+03 1.916157658124304508e-15 2.377130563388629260e-16
1.257619999999892116e+03 1.667526998534394305e-15 2.277760898853488685e-16
1.257679999999892061e+03 2.127275758866294172e-15 2.474934612708904393e-16
1.257739999999892007e+03 1.825554398699488496e-15 2.353097770655232821e-16
1.257799999999891952e+03 2.068555659115852412e-15 2.464571356824409939e-16
1.257859999999891897e+03 1.893674775113416299e-15 2.391426102807974553e-16
1.257919999999891843e+03 1.688662683165280541e-15 2.305331370228382510e-16
1.257979999999891788e+03 1.856677908509924195e-15 2.380050148300031435e-16
1.258039999999891734e+03 1.977742808649841638e-15 2.420995216588417254e-16
1.258099999999891679e+03 2.087664760272162157e-15 2.458234773305613884e-16
1.258159999999891625e+03 1.854823545521724782e-15 2.353409697212234754e-16
1.258219999999891570e+03 1.719286983144484498e-15 2.299056534394167015e-16
1.258279999999891515e+03 1.847976124985109473e-15 2.356160531256484845e-16
1.258339999999891461e+03 1.949185791992011831e-15 2.394001447126568518e-16
1.258399999999891406e+03 1.647667623667823219e-15 2.271336025358801521e-16
1.258459999999891352e+03 1.946725996881758184e-15 2.408837531838163806e-16
1.258519999999891297e+03 2.067391416248868572e-15 2.457607411475770004e-16
1.258579999999891243e+03 1.803683278191874752e-15 2.347827646587626710e-16
1.258639999999891188e+03 2.101247081651216144e-15 2.472750249817239222e-16
1.258699999999891133e+03 1.746689475390850883e-15 2.305547100181744276e-16
1.258759999999891079e+03 1.920452228844210966e-15 2.370233209728993418e-16
1.258819999999891024e+03 1.954686083190297599e-15 2.375712438131802207e-16
1.258879999999890970e+03 1.751675410806856534e-15 2.284526512334911238e-16
1.258939999999890915e+03 1.528813781691715561e-15 2.188334084435942224e-16
1.258999999999890861e+03 1.820555449835538057e-15 2.304071244854858428e-16
1.259059999999890806e+03 2.067723425273001662e-15 2.429249536631594370e-16
1.259119999999890751e+03 1.655164886810845953e-15 2.256929804595085496e-16
1.259179999999890697e+03 1.750581459255832476e-15 2.294686830665371237e-16
1.259239999999890642e+03 1.817544133251217639e-15 2.312493380637970960e-16
1.259299999999890588e+03 1.505300275241473849e-15 2.180130638819515874e-16
1.259359999999890533e+03 1.725963013797058507e-15 2.283087324288521791e-16
1.259419999999890479e+03 1.205043500798827881e-15 2.033980346617846093e-16
1.259479999999890424e+03 1.302508404498877914e-15 2.078062603347755104e-16
1.259539999999890370e+03 1.406366499750214937e-15 2.137341271652637569e-16
1.259599999999890315e+03 1.429487486117193631e-15 2.162473001009018243e-16
1.259659999999890260e+03 1.477149065170849841e-15 2.200281654877372241e-16
1.259719999999890206e+03 1.310825991427273192e-15 2.113086931319050127e-16
1.259779999999890151e+03 1.443430937012553279e-15 2.161644042251097887e-16
1.259839999999890097e+03 1.537445647180812244e-15 2.230574266338545787e-16
1.259899999999890042e+03 1.248198864138531209e-15 2.091446824805992750e-16
1.259959999999889988e+03 1.213152943641475285e-15 2.064317069407267784e-16
1.260019999999889933e+03 9.747716107908624101e-16 1.932802639659010819e-16
1.260079999999889878e+03 9.173768351797323994e-16 1.912387551911066126e-16
1.260139999999889824e+03 9.419708150538719539e-16 1.920467900499838745e-16
1.260199999999889769e+03 8.870173545628649054e-16 1.878159025308741040e-16
1.260259999999889715e+03 8.348408013646375891e-16 1.863379574884287265e-16
1.260319999999889660e+03 7.143751604764146640e-16 1.784118667670394381e-16
1.260379999999889606e+03 4.425838425944784032e-16 1.624383821780563274e-16
1.260439999999889551e+03 5.232622845982438197e-16 1.684909951639273135e-16
1.260499999999889496e+03 2.643724563332134324e-16 1.467306825590714777e-16
1.260559999999889442e+03 4.898929588655519693e-16 1.664312127420633524e-16
1.260619999999889387e+03 3.918688959522624443e-16 1.585246319150571878e-16
1.260679999999889333e+03 3.552186128925438769e-16 1.517589704500015992e-16
1.260739999999889278e+03 5.369358096727889464e-16 1.661968036721397022e-16
1.260799999999889224e+03 6.941964063742603598e-16 1.765862745796163748e-16
1.260859999999889169e+03 8.868755744859395155e-16 1.899654572075423799e-16
1.260919999999889114e+03 1.004112328283675560e-15 1.976231488673174903e-16
1.260979999999889060e+03 1.167547353090039058e-15 2.063548825234093231e-16
1.261039999999889005e+03 1.274897704006971921e-15 2.127774884314797705e-16
1.261099999999888951e+03 1.257705654907079160e-15 2.118583041857692932e-16
1.261159999999888896e+03 1.159173998112882534e-15 2.074465947497868747e-16
1.261219999999888842e+03 1.249702502114677456e-15 2.117400099380429517e-16
1.261279999999888787e+03 1.686237545309239008e-15 2.335267020650168434e-16
1.261339999999888732e+03 1.536726971743137835e-15 2.247174773531205993e-16
1.261399999999888678e+03 1.329760834743447035e-15 2.117573893067152043e-16
1.261459999999888623e+03 1.565792403940000610e-15 2.229128995714152503e-16
1.261519999999888569e+03 1.903402970952366117e-15 2.361866305480047236e-16
1.261579999999888514e+03 1.469846390209916548e-15 2.170981303766098471e-16
1.261639999999888460e+03 1.693086192053718471e-15 2.269705204372853935e-16
1.261699999999888405e+03 1.524570654893651415e-15 2.189455789678971331e-16
1.261759999999888350e+03 1.608613795893453438e-15 2.235151957001284586e-16
1.261819999999888296e+03 1.592703123771662372e-15 2.215604529332330044e-16
1.261879999999888241e+03 1.746154421523729190e-15 2.297657197333341161e-16
1.261939999999888187e+03 1.797734732843940261e-15 2.323477791956442634e-16
1.261999999999888132e+03 1.872714192790353320e-15 2.344592461350814602e-16
1.262059999999888078e+03 1.828188374893595413e-15 2.325581043006667930e-16
1.262119999999888023e+03 1.989787434767085271e-15 2.394902361988425472e-16
1.262179999999887968e+03 2.058280390599890773e-15 2.415170758447358857e-16
1.262239999999887914e+03 2.046973051446228216e-15 2.403002365624124726e-16
1.262299999999887859e+03 1.846366709410209588e-15 2.312961531563325532e-16
1.262359999999887805e+03 2.100735274919895471e-15 2.419102972471612210e-16
1.262419999999887750e+03 1.978768545635968097e-15 2.379837265462217499e-16
1.262479999999887696e+03 1.535669163739677673e-15 2.200528914794607227e-16
1.262539999999887641e+03 1.751151001777014191e-15 2.287730608731623870e-16
1.262599999999887586e+03 1.817222210859446177e-15 2.305363288729281114e-16
1.262659999999887532e+03 1.802856165084106548e-15 2.306074266522060417e-16
1.262719999999887477e+03 1.830725672992990005e-15 2.314743883370603965e-16
1.262779999999887423e+03 1.734894826898087093e-15 2.276677117036460772e-16
1.262839999999887368e+03 1.921399847987418270e-15 2.367483859146260374e-16
1.262899999999887314e+03 1.702072024823974461e-15 2.273273875779916851e-16
1.262959999999887259e+03 1.481875958184485999e-15 2.184169860797841126e-16
1.263019999999887204e+03 1.541642072859697067e-15 2.190933739505808869e-16
1.263079999999887150e+03 1.567845818751404359e-15 2.216464608223512395e-16
1.263139999999887095e+03 1.756856100163536809e-15 2.290369189035807983e-16
1.263199999999887041e+03 1.613373569656229773e-15 2.221007681665306766e-16
1.263259999999886986e+03 1.541754827075771880e-15 2.197921919959187863e-16
1.263319999999886932e+03 1.669814410682545535e-15 2.262366715475050971e-16
1.263379999999886877e+03 1.632244089438973688e-15 2.235473493712514689e-16
1.263439999999886822e+03 1.573518202290818450e-15 2.200696698410029938e-16
1.263499999999886768e+03 1.668638610584262421e-15 2.238159060594939408e-16
1.263559999999886713e+03 1.458382147334515177e-15 2.134394798667694969e-16
1.263619999999886659e+03 1.510387963422954290e-15 2.213882205791871831e-16
1.263679999999886604e+03 1.245412499465723836e-15 2.244975071973844810e-16
1.263739999999886550e+03 1.197957418061442282e-15 2.227631498002312504e-16
1.263799999999886495e+03 1.364115542197642810e-15 2.311157577254515865e-16
1.263859999999886440e+03 1.324992742776560591e-15 2.283994698194735901e-16
1.263919999999886386e+03 1.381864391805625830e-15 2.328626638412122541e-16
1.263979999999886331e+03 1.653190639765633203e-15 2.456010329882677240e-16
1.264039999999886277e+03 1.341451853739212719e-15 2.194615600143811173e-16
1.264099999999886222e+03 1.667932039328843941e-15 2.257783785415543907e-16
1.264159999999886168e+03 1.613367610169988147e-15 2.244724753899751882e-16
1.264219999999886113e+03 1.416245334769953310e-15 2.168306562889840222e-16
1.264279999999886059e+03 1.506940278950461525e-15 2.209017127829997452e-16
1.264339999999886004e+03 1.367730241219926449e-15 2.146847805889148366e-16
1.264399999999885949e+03 1.506325950309874132e-15 2.201113122569798132e-16
1.264459999999885895e+03 1.890426458230670266e-15 2.364196719087790376e-16
1.264519999999885840e+03 1.801770840494340017e-15 2.345804331690302995e-16
1.264579999999885786e+03 1.265825842274550121e-15 2.094310510491513210e-16
1.264639999999885731e+03 1.564214015557492634e-15 2.234757116373671082e-16
1.264699999999885677e+03 1.625887766230468087e-15 2.270873990714969912e-16
1.264759999999885622e+03 1.465276470707332587e-15 2.188094943961241588e-16
1.264819999999885567e+03 1.617010950938761681e-15 2.269999380334025519e-16
1.264879999999885513e+03 1.488006400055144091e-15 2.280980018021887928e-16
1.264939999999885458e+03 1.487296519693145694e-15 2.294530099604902087e-16
1.264999999999885404e+03 1.621336270810584867e-15 2.346681491019706189e-16
1.265059999999885349e+03 1.694551846520545327e-15 2.362339754794786995e-16
1.265119999999885295e+03 1.495613518025141369e-15 2.264358966490786052e-16
1.265179999999885240e+03 1.702837996125942001e-15 2.343646809284765369e-16
1.265239999999885185e+03 1.856305963488888343e-15 2.380337072724360300e-16
1.265299999999885131e+03 1.811401222772723796e-15 2.335387321163050331e-16
1.265359999999885076e+03 1.674761254984003077e-15 2.285786004632865853e-16
1.265419999999885022e+03 1.570554222915021181e-15 2.247616152406555115e-16
1.265479999999884967e+03 1.846984389182267463e-15 2.359265338274371036e-16
1.265539999999884913e+03 1.786154618255980394e-15 2.329684033939519283e-16
1.265599999999884858e+03 1.450289133991074614e-15 2.153790290423698607e-16
1.265659999999884803e+03 1.539805006579295174e-15 2.200911038383217705e-16
1.265719999999884749e+03 1.455934639953090314e-15 2.171663043999096995e-16
1.265779999999884694e+03 1.628499228294298205e-15 2.254722428187556512e-16
1.265839999999884640e+03 1.694143629324936314e-15 2.248484482933261328e-16
1.265899999999884585e+03 1.831199729842689604e-15 2.325348055066610295e-16
1.265959999999884531e+03 1.427852309361938433e-15 2.145125057314249796e-16
1.266019999999884476e+03 1.520328588022995505e-15 2.194317377098153620e-16
1.266079999999884421e+03 1.688289671060234112e-15 2.253923135598527482e-16
1.266139999999884367e+03 1.634997391561076076e-15 2.228642484663144864e-16
1.266199999999884312e+03 1.545912179042245267e-15 2.180003429687240955e-16
1.266259999999884258e+03 1.759410881101168143e-15 2.266340077282857603e-16
1.266319999999884203e+03 1.678802051153573203e-15 2.252180029999691989e-16
1.266379999999884149e+03 1.518723313921575817e-15 2.176993340747365777e-16
1.266439999999884094e+03 1.636073853626244561e-15 2.237989959609849722e-16
1.266499999999884039e+03 1.465757507166219179e-15 2.139388145440244910e-16
1.266559999999883985e+03 1.538746844850594066e-15 2.177417641095310904e-16
1.266619999999883930e+03 1.568826465106136245e-15 2.197808002625918003e-16
1.266679999999883876e+03 1.387669532704837408e-15 2.114514646807877768e-16
1.266739999999883821e+03 1.496552312473845720e-15 2.185262337960618454e-16
1.266799999999883767e+03 1.452379789847847648e-15 2.163625903626241050e-16
1.266859999999883712e+03 1.348598797439765424e-15 2.132510290366315265e-16
1.266919999999883657e+03 1.532611156476849238e-15 2.198786719857723442e-16
1.266979999999883603e+03 1.155644928546249534e-15 2.028381763610612040e-16
1.267039999999883548e+03 1.061111994738725951e-15 1.981042924677985211e-16
1.267099999999883494e+03 1.321948082353647630e-15 2.120840770372226310e-16
1.267159999999883439e+03 1.481730937994609031e-15 2.177231847607525728e-16
1.267219999999883385e+03 1.609304068511164666e-15 2.234731726916352495e-16
1.267279999999883330e+03 1.545262085055994340e-15 2.212089850334622811e-16
1.267339999999883275e+03 1.440469717722619867e-15 2.154232165206859057e-16
1.267399999999883221e+03 1.502634752772806300e-15 2.175605376949749905e-16
1.267459999999883166e+03 1.693149591156945165e-15 2.279069915266623340e-16
1.267519999999883112e+03 2.030909639499854462e-15 2.425902574961548125e-16
1.267579999999883057e+03 1.637801989029608736e-15 2.269869882829766108e-16
1.267639999999883003e+03 1.494486651989014328e-15 2.200124818671462944e-16
1.267699999999882948e+03 2.015641655737887720e-15 2.437582254643467657e-16
1.267759999999882893e+03 1.586969848589680840e-15 2.258724157737959488e-16
1.267819999999882839e+03 1.519427995143356228e-15 2.232357634141014273e-16
1.267879999999882784e+03 1.594487876148305169e-15 2.264827288250699127e-16
1.267939999999882730e+03 1.712126453757852049e-15 2.331832816265796401e-16
1.267999999999882675e+03 1.761701798807433494e-15 2.359630271215758207e-16
1.268059999999882621e+03 1.597519749765335987e-15 2.287428810304623957e-16
1.268119999999882566e+03 2.106206902596160298e-15 2.504938508678722775e-16
1.268179999999882511e+03 1.333098230513483399e-15 2.149588229648382470e-16
1.268239999999882457e+03 1.680156488481858203e-15 2.313228469525530734e-16
1.268299999999882402e+03 1.979349595042167555e-15 2.446534926835789805e-16
1.268359999999882348e+03 1.662009736443332266e-15 2.293266940570475164e-16
1.268419999999882293e+03 1.335104427334910870e-15 2.130398488560223478e-16
1.268479999999882239e+03 1.602657674014869435e-15 2.255196769982229067e-16
1.268539999999882184e+03 1.756634868721154729e-15 2.314371614384619647e-16
1.268599999999882129e+03 1.564090014511446941e-15 2.211441906839822818e-16
1.268659999999882075e+03 1.716956650404386872e-15 2.272965445081731281e-16
1.268719999999882020e+03 1.673964459946476453e-15 2.240716505571985974e-16
1.268779999999881966e+03 1.836547120604381010e-15 2.333518487341376320e-16
1.268839999999881911e+03 1.850135631469630632e-15 2.333241437617649791e-16
1.268899999999881857e+03 1.713316981559048440e-15 2.241680147768328419e-16
1.268959999999881802e+03 1.673795748677977866e-15 2.235094441073498079e-16
1.269019999999881747e+03 1.545066601754925114e-15 2.174139255806606922e-16
1.269079999999881693e+03 1.795283215357857746e-15 2.284873996602534011e-16
1.269139999999881638e+03 1.739043506918518314e-15 2.246299532441885723e-16
1.269199999999881584e+03 1.785803530114982495e-15 2.279746161956414605e-16
1.269259999999881529e+03 1.727624725357885282e-15 2.250800305817514359e-16
1.269319999999881475e+03 1.576370085243893111e-15 2.190014615828030778e-16
1.269379999999881420e+03 1.703784528282677835e-15 2.267862482914793499e-16
1.269439999999881366e+03 1.697431620798537623e-15 2.276918550729297660e-16
1.269499999999881311e+03 1.656278464270371155e-15 2.254901323294335478e-16
1.269559999999881256e+03 2.068669045684634947e-15 2.449865804248676030e-16
1.269619999999881202e+03 1.562876590624769050e-15 2.223726015463554462e-16
1.269679999999881147e+03 1.562780449844860487e-15 2.212890318442939288e-16
1.269739999999881093e+03 1.602968811071193346e-15 2.218527886339761984e-16
1.269799999999881038e+03 1.934631066619997900e-15 2.356284146699802713e-16
1.269859999999880984e+03 1.311701953822960600e-15 2.055753597708712351e-16
1.269919999999880929e+03 1.862278624603832290e-15 2.332064904840457791e-16
1.269979999999880874e+03 1.758908128854084241e-15 2.283783120202136472e-16
1.270039999999880820e+03 1.220608683997826342e-15 2.133192579334757580e-16
1.270099999999880765e+03 1.721417530308400956e-15 3.076214304996275157e-16
1.270159999999880711e+03 1.501954486862159475e-15 2.938622594451361380e-16
1.270219999999880656e+03 1.654384338612046452e-15 3.007967391582379563e-16
1.270279999999880602e+03 1.648561014104321732e-15 3.035023289746537572e-16
1.270339999999880547e+03 1.718648473541083117e-15 3.092429001793098019e-16
1.270399999999880492e+03 1.846757143917721273e-15 3.141535951555259296e-16
1.270459999999880438e+03 2.017632908840850822e-15 3.257255615813633702e-16
1.270519999999880383e+03 1.761783199112277685e-15 2.517435591811807947e-16
1.270579999999880329e+03 1.900105482572596552e-15 2.379934385545042143e-16
1.270639999999880274e+03 1.617177726246804321e-15 2.262683653747804946e-16
1.270699999999880220e+03 1.655732191317419195e-15 2.292606657853791991e-16
1.270759999999880165e+03 1.791950419294095888e-15 2.354652023067638711e-16
1.270819999999880110e+03 1.541383063011425085e-15 2.250343994776257521e-16
1.270879999999880056e+03 1.684905973217832397e-15 2.311070923324824811e-16
1.270939999999880001e+03 1.679960480923862715e-15 2.315634806699536571e-16
1.270999999999879947e+03 1.853994127132792766e-15 2.401317221637305408e-16
1.271059999999879892e+03 1.681975611422665451e-15 2.329602844621273115e-16
1.271119999999879838e+03 1.799212345926154528e-15 2.372462273734685828e-16
1.271179999999879783e+03 1.837154989769803853e-15 2.390162247068073964e-16
1.271239999999879728e+03 1.707023821207333847e-15 2.307939731331149369e-16
1.271299999999879674e+03 1.492504087695206341e-15 2.218397179391281726e-16
1.271359999999879619e+03 1.719965893744608699e-15 2.310832175868603033e-16
1.271419999999879565e+03 1.757289001602877980e-15 2.334715701595284701e-16
1.271479999999879510e+03 1.521405329656989925e-15 2.207724707913322191e-16
1.271539999999879456e+03 1.777807505754405084e-15 2.321907840624994469e-16
1.271599999999879401e+03 1.326084764403616397e-15 2.102670660892032756e-16
1.271659999999879346e+03 1.802704140602935393e-15 2.330136500614751388e-16
1.271719999999879292e+03 1.273786795906751357e-15 2.073093743943756805e-16
1.271779999999879237e+03 1.660943312181963549e-15 2.238470787595816151e-16
1.271839999999879183e+03 1.772217521946149125e-15 2.300524776481680545e-16
1.271899999999879128e+03 1.627010758322057402e-15 2.232228423630603411e-16
1.271959999999879074e+03 1.655916359895554580e-15 2.243473363656654714e-16
1.272019999999879019e+03 1.557375068387301257e-15 2.190917508727142624e-16
1.272079999999878964e+03 1.647862327034360546e-15 2.233848651042255894e-16
1.272139999999878910e+03 1.411757836382074725e-15 2.127029120417162154e-16
1.272199999999878855e+03 1.293948427832664359e-15 2.051463016544918468e-16
1.272259999999878801e+03 1.622968320762133636e-15 2.198358565471458285e-16
1.272319999999878746e+03 1.328715054683899419e-15 2.066507028817690991e-16
1.272379999999878692e+03 1.282723979260294930e-15 2.053656995023888655e-16
1.272439999999878637e+03 1.406685534744307108e-15 2.115269774977167256e-16
1.272499999999878582e+03 1.044890132584427918e-15 1.933790404103571095e-16
1.272559999999878528e+03 1.173181501862843743e-15 2.005969549188249572e-16
1.272619999999878473e+03 9.100331395755837068e-16 1.868947352100712690e-16
1.272679999999878419e+03 8.041649008152143232e-16 1.818872884251977422e-16
1.272739999999878364e+03 7.281156477273288882e-16 1.766087955569458022e-16
1.272799999999878310e+03 5.655238527892585935e-16 1.644738507958458350e-16
1.272859999999878255e+03 6.779014725239369607e-16 1.752588242822667645e-16
1.272919999999878200e+03 4.347659577098539126e-16 1.584575528959048209e-16
1.272979999999878146e+03 3.588709417300301733e-16 1.516039960305684622e-16
1.273039999999878091e+03 2.977032782373784495e-16 1.458693648849593618e-16
1.273099999999878037e+03 3.195828885630845665e-16 1.509405007606765094e-16
1.273159999999877982e+03 2.106559099685478467e-16 1.413299401651440684e-16
1.273219999999877928e+03 3.254542065060722617e-16 1.545398123370754498e-16
1.273279999999877873e+03 7.383907807452845852e-17 1.285962033246741081e-16
1.273339999999877818e+03 3.470749306441056683e-17 1.258390000779676072e-16
1.273399999999877764e+03 9.717200428147481382e-17 1.356201956377819992e-16
1.273459999999877709e+03 1.249646225658328281e-16 1.399069828272248189e-16
1.273519999999877655e+03 1.819144861194799681e-16 1.461117182395570820e-16
1.273579999999877600e+03 1.325335567821538142e-16 1.355692391155375749e-16
1.273639999999877546e+03 2.445183452429744635e-16 1.473348828257050911e-16
1.273699999999877491e+03 2.918152820301764720e-16 1.503019933750044007e-16
1.273759999999877436e+03 3.807629902063003426e-16 1.582763864061976049e-16
1.273819999999877382e+03 5.922285913047142273e-16 1.722397040342385831e-16
1.273879999999877327e+03 5.440810098093323916e-16 1.699603872087277628e-16
1.273939999999877273e+03 8.180356741664131131e-16 1.880050070865340712e-16
1.273999999999877218e+03 6.378394718323461166e-16 1.749712967724023772e-16
1.274059999999877164e+03 1.017306161748572378e-15 1.995189888933560887e-16
1.274119999999877109e+03 8.241914510640035814e-16 1.877343978230407275e-16
1.274179999999877055e+03 1.427798522177234719e-15 2.193803136387996965e-16
1.274239999999877000e+03 1.354949302672040491e-15 2.162987123407070622e-16
1.274299999999876945e+03 1.460748844357612946e-15 2.208147074195597531e-16
1.274359999999876891e+03 1.371293715675623043e-15 2.160773495540548216e-16
1.274419999999876836e+03 1.658518661652875823e-15 2.285304970312939515e-16
1.274479999999876782e+03 1.735898405179895545e-15 2.311877737172283733e-16
1.274539999999876727e+03 1.573945797461653505e-15 2.227882820121341312e-16
1.274599999999876673e+03 1.732866366070599972e-15 2.299850489719906553e-16
1.274659999999876618e+03 1.880934895998853986e-15 2.359731695685826577e-16
1.274719999999876563e+03 1.439587273981446156e-15 2.157155198745911588e-16
1.274779999999876509e+03 1.726413828323814429e-15 2.287824453248704193e-16
1.274839999999876454e+03 1.490178293300467613e-15 2.187217993644682668e-16
1.274899999999876400e+03 1.697093086261567234e-15 2.279159125583220252e-16
1.274959999999876345e+03 1.796114729766198438e-15 2.314404065316633736e-16
1.275019999999876291e+03 1.582495482491505548e-15 2.201947171935885992e-16
1.275079999999876236e+03 1.634968395919964375e-15 2.224349898255469472e-16
1.275139999999876181e+03 1.840465610324400616e-15 2.326130704066488594e-16
1.275199999999876127e+03 1.598773683170388267e-15 2.238405246174933858e-16
1.275259999999876072e+03 1.570945557468599617e-15 2.213836737668764852e-16
1.275319999999876018e+03 1.544042512107942127e-15 2.186238402542964268e-16
1.275379999999875963e+03 1.694007912652840687e-15 2.266370250269795497e-16
1.275439999999875909e+03 1.724452655824437903e-15 2.279073334890638206e-16
1.275499999999875854e+03 1.503325241941186696e-15 2.174960931018617457e-16
1.275559999999875799e+03 1.611849371480930615e-15 2.226392575641243242e-16
1.275619999999875745e+03 1.688944447450560485e-15 2.241861849679226939e-16
1.275679999999875690e+03 1.678347620108724145e-15 2.244087125589974448e-16
1.275739999999875636e+03 1.486296482787871668e-15 2.165572783130452948e-16
1.275799999999875581e+03 1.755083932329516702e-15 2.263177292484603625e-16
1.275859999999875527e+03 1.685387837950808916e-15 2.250332670327053091e-16
1.275919999999875472e+03 1.734971623886035091e-15 2.271207204245857446e-16
1.275979999999875417e+03 1.770185101490483430e-15 2.286678706952112978e-16
1.276039999999875363e+03 1.783958845239228491e-15 2.291814812817323127e-16
1.276099999999875308e+03 1.399865016344458319e-15 2.135987720875891483e-16
1.276159999999875254e+03 1.804482185565925351e-15 2.316609157694985948e-16
1.276219999999875199e+03 1.726506606770088249e-15 2.290651174561143211e-16
1.276279999999875145e+03 1.803536569212311285e-15 2.308006213754500943e-16
1.276339999999875090e+03 1.863956162058979344e-15 2.341987275908136395e-16
1.276399999999875035e+03 1.385758294059710510e-15 2.141936093357637611e-16
1.276459999999874981e+03 1.522615997772352068e-15 2.223817476374442290e-16
1.276519999999874926e+03 1.954109890991931980e-15 2.407469123759657541e-16
1.276579999999874872e+03 1.522605152023412632e-15 2.211609161282369144e-16
1.276639999999874817e+03 1.996981868394780489e-15 2.424607063676571944e-16
1.276699999999874763e+03 1.715506583181720349e-15 2.309850279762539065e-16
1.276759999999874708e+03 1.771686252028569905e-15 2.339298686545655412e-16
1.276819999999874653e+03 1.950921890072285506e-15 2.406474244044907227e-16
1.276879999999874599e+03 1.587757131253908522e-15 2.250804625816848868e-16
1.276939999999874544e+03 1.755165701803133555e-15 2.318711225553048726e-16
1.276999999999874490e+03 1.858604498071107928e-15 2.349834826695081025e-16
1.277059999999874435e+03 1.961384906282293636e-15 2.404989336193690792e-16
1.277119999999874381e+03 1.938190467995038577e-15 2.391153069733344063e-16
1.277179999999874326e+03 1.899827151693162206e-15 2.381857945880095518e-16
1.277239999999874271e+03 1.541104096211406743e-15 2.210070926675012734e-16
1.277299999999874217e+03 1.600365638024847902e-15 2.251331427304104420e-16
1.277359999999874162e+03 1.675837209199495055e-15 2.283669544630037521e-16
1.277419999999874108e+03 1.637769505211003999e-15 2.253605374767916920e-16
1.277479999999874053e+03 1.627278428780579971e-15 2.256614501906197948e-16
1.277539999999873999e+03 1.555437533033080782e-15 2.216809549762897853e-16
1.277599999999873944e+03 2.114667494090307064e-15 2.454475981761722860e-16
1.277659999999873889e+03 1.636680162949996802e-15 2.264461390263018025e-16
1.277719999999873835e+03 1.880698023292488416e-15 2.360660983789617093e-16
1.277779999999873780e+03 1.828594832529956122e-15 2.360303416181695681e-16
1.277839999999873726e+03 1.559076407927521728e-15 2.238878717936316245e-16
1.277899999999873671e+03 1.400602434457167728e-15 2.159349719162376372e-16
1.277959999999873617e+03 1.408284017142569831e-15 2.160275857868482724e-16
1.278019999999873562e+03 1.361656745695288706e-15 2.148449005899653674e-16
1.278079999999873507e+03 1.505870853141800269e-15 2.211479132266723479e-16
1.278139999999873453e+03 1.894551869730519246e-15 2.383736227287703080e-16
1.278199999999873398e+03 1.548727678185926437e-15 2.209409556570464609e-16
1.278259999999873344e+03 1.833482632796662074e-15 2.331985543765732222e-16
1.278319999999873289e+03 1.810227025227017578e-15 2.297986822872672855e-16
1.278379999999873235e+03 2.121987439281939816e-15 2.432450784641291901e-16
1.278439999999873180e+03 2.041081710163147592e-15 2.408698581175222230e-16
1.278499999999873125e+03 1.747367244451603162e-15 2.284447576083972801e-16
1.278559999999873071e+03 1.768884451414981431e-15 2.302438658962192187e-16
1.278619999999873016e+03 1.943168731990096296e-15 2.370071887749863733e-16
1.278679999999872962e+03 2.174352417491975982e-15 2.458809393058068330e-16
1.278739999999872907e+03 2.049552821342905755e-15 2.430066254866176696e-16
1.278799999999872853e+03 2.050902868915549889e-15 2.424020553790112583e-16
1.278859999999872798e+03 1.869781773139881624e-15 2.341203898449009479e-16
1.278919999999872744e+03 1.971299208305077962e-15 2.385664202960205507e-16
1.278979999999872689e+03 2.277988938051724543e-15 2.497190954201826772e-16
1.279039999999872634e+03 2.270254360313142443e-15 2.486876802676719216e-16
1.279099999999872580e+03 1.802721195836957376e-15 2.300676411845843405e-16
1.279159999999872525e+03 1.606875361733137308e-15 2.211575886492203261e-16
1.279219999999872471e+03 2.031950134559386267e-15 2.409932391611043155e-16
1.279279999999872416e+03 1.490179290031307935e-15 2.468323628981930017e-16
1.279339999999872362e+03 1.977580165875353636e-15 2.726032506869442560e-16
1.279399999999872307e+03 1.600647734173501259e-15 2.554537244590500327e-16
1.279459999999872252e+03 1.682099327733619759e-15 2.598991290019663658e-16
1.279519999999872198e+03 1.813408588287171830e-15 2.627116710722527052e-16
1.279579999999872143e+03 1.867048049937357140e-15 2.667923500929990718e-16
1.279639999999872089e+03 1.762470182682843944e-15 2.633657871044540953e-16
1.279699999999872034e+03 1.790182696279128235e-15 2.668202490559692862e-16
1.279759999999871980e+03 1.715191974848742045e-15 2.604546234230161960e-16
1.279819999999871925e+03 1.897044900567901816e-15 2.702669953287671997e-16
1.279879999999871870e+03 1.603756429955790760e-15 2.547453636717111210e-16
1.279939999999871816e+03 1.520912323237069892e-15 2.519351007780738756e-16
1.279999999999871761e+03 1.731826128422792021e-15 2.634968122193048248e-16
1.280059999999871707e+03 1.452688828640590868e-15 2.476888358401934159e-16
1.280119999999871652e+03 1.795302034212515098e-15 2.678131775283021373e-16
1.280179999999871598e+03 1.736107088987672209e-15 2.648363535615399918e-16
1.280239999999871543e+03 1.724068992601512409e-15 2.644560810955669957e-16
1.280299999999871488e+03 1.743249366767430624e-15 2.641966698548415487e-16
1.280359999999871434e+03 1.775996401537136025e-15 2.660064483100369455e-16
1.280419999999871379e+03 1.555928492758685336e-15 2.545986351425980813e-16
1.280479999999871325e+03 1.769469145242572256e-15 2.677028614037080377e-16
1.280539999999871270e+03 1.901815243102344483e-15 2.726062488029016446e-16
1.280599999999871216e+03 1.467510648201853037e-15 2.489827353759766842e-16
1.280659999999871161e+03 1.886371946319911385e-15 2.714544599233626944e-16
1.280719999999871106e+03 1.666799720571297444e-15 2.611795755271546369e-16
1.280779999999871052e+03 1.635276667934679938e-15 2.614713694159660760e-16
1.280839999999870997e+03 1.968652781179293059e-15 2.761674522251730131e-16
1.280899999999870943e+03 1.771369342518815859e-15 2.675705341234910567e-16
1.280959999999870888e+03 1.801273130107129687e-15 2.677702355399406464e-16
1.281019999999870834e+03 1.535779473079810967e-15 2.530877645976228039e-16
1.281079999999870779e+03 1.783539338245073906e-15 2.645200756397267445e-16
1.281139999999870724e+03 1.572399160586761865e-15 2.556232305800069835e-16
1.281199999999870670e+03 1.645037154622540040e-15 2.587148957447175540e-16
1.281259999999870615e+03 1.461238350606902206e-15 2.480244352915346658e-16
1.281319999999870561e+03 1.600189313034588159e-15 2.564272111073405370e-16
1.281379999999870506e+03 1.602485936233413090e-15 2.557499616364072654e-16
1.281439999999870452e+03 1.728241001659390285e-15 2.577771901191247345e-16
1.281499999999870397e+03 1.630825033600313074e-15 2.547724301796788510e-16
1.281559999999870342e+03 1.628785837237833069e-15 2.569709425826273526e-16
1.281619999999870288e+03 1.539092949873362965e-15 2.567395699312401573e-16
1.281679999999870233e+03 1.829657799799133370e-15 2.760827345796978108e-16
1.281739999999870179e+03 1.808655987673571903e-15 2.760738718366897199e-16
1.281799999999870124e+03 1.768280031122757136e-15 2.736107677161868702e-16
1.281859999999870070e+03 1.243244239490375433e-15 2.455778742635176118e-16
1.281919999999870015e+03 1.533975860918950859e-15 2.639823225443782360e-16
1.281979999999869960e+03 1.878982176413629688e-15 2.767709818640370319e-16
1.282039999999869906e+03 1.233386890520927137e-15 2.352577235413656338e-16
1.282099999999869851e+03 1.354778158717725169e-15 2.418671895000718622e-16
1.282159999999869797e+03 1.589736954411480408e-15 2.541767118229645860e-16
1.282219999999869742e+03 1.459643179484546066e-15 2.476763752371760851e-16
1.282279999999869688e+03 1.496150306792383493e-15 2.514869297584731065e-16
1.282339999999869633e+03 1.081248033174020435e-15 2.236354676990077637e-16
1.282399999999869578e+03 1.389507281609828714e-15 2.434422686441702700e-16
1.282459999999869524e+03 1.795331830196393621e-15 2.644703887866703620e-16
1.282519999999869469e+03 1.750101609220659941e-15 2.635256375285301024e-16
1.282579999999869415e+03 1.559377337371266967e-15 2.519038784271226855e-16
1.282639999999869360e+03 1.716746429564957008e-15 2.625380489128657855e-16
1.282699999999869306e+03 1.491804849197578199e-15 2.484904892089594044e-16
1.282759999999869251e+03 1.404245699720077318e-15 2.414936356798742410e-16
1.282819999999869196e+03 1.464025984898541227e-15 2.495896474712864918e-16
1.282879999999869142e+03 1.568390192786135229e-15 2.534260641188234132e-16
1.282939999999869087e+03 1.585983061142379679e-15 2.570514839630407966e-16
1.282999999999869033e+03 1.590336531248773475e-15 2.556100170084817960e-16
1.283059999999868978e+03 1.648759931956942045e-15 2.607014606742166467e-16
1.283119999999868924e+03 1.473260856638711058e-15 2.489712067176269435e-16
1.283179999999868869e+03 1.478232871019925007e-15 2.481716813514479962e-16
1.283239999999868814e+03 1.369409366841931657e-15 2.427061585669604611e-16
1.283299999999868760e+03 1.726400045834576382e-15 2.640522509247414176e-16
1.283359999999868705e+03 1.629642100337937961e-15 2.586872179846718773e-16
1.283419999999868651e+03 1.669703728018283009e-15 2.599317006713345389e-16
1.283479999999868596e+03 1.552663481265040653e-15 2.543328088491098417e-16
1.283539999999868542e+03 1.840179165597095533e-15 2.705085320514410671e-16
1.283599999999868487e+03 1.550175525224719349e-15 2.555618370631853524e-16
1.283659999999868432e+03 1.577931539364340520e-15 2.591362794425885035e-16
1.283719999999868378e+03 1.776843887815650450e-15 2.695558112226052282e-16
1.283779999999868323e+03 1.843825806220391281e-15 2.753975930846668117e-16
1.283839999999868269e+03 1.532170450189859418e-15 2.585013488598699964e-16
1.283899999999868214e+03 1.793917202041952925e-15 2.729516744116084434e-16
1.283959999999868160e+03 1.633036707817731092e-15 2.653761301473004388e-16
1.284019999999868105e+03 1.571126627026841592e-15 2.595858670783071044e-16
1.284079999999868051e+03 1.444489634285939276e-15 2.507696018009371560e-16
1.284139999999867996e+03 1.556551352797690441e-15 2.586225743442192191e-16
1.284199999999867941e+03 1.548558026455236584e-15 2.573172586792277963e-16
1.284259999999867887e+03 1.768374382400088379e-15 2.687551502045630597e-16
1.284319999999867832e+03 1.708721351609985866e-15 2.660080092873004310e-16
1.284379999999867778e+03 1.989115615402795008e-15 2.791678249518396034e-16
1.284439999999867723e+03 1.512022809108774878e-15 2.521776479357923203e-16
1.284499999999867669e+03 1.259029829218775170e-15 2.366596926735077769e-16
1.284559999999867614e+03 1.227924674047429344e-15 2.341881953198532138e-16
1.284619999999867559e+03 1.800671158706744508e-15 2.679368535536845640e-16
1.284679999999867505e+03 1.642262939409511432e-15 2.589942333634456045e-16
1.284739999999867450e+03 1.455470094544543805e-15 2.507456289878485938e-16
1.284799999999867396e+03 1.722942207423658326e-15 2.648526999953190586e-16
1.284859999999867341e+03 1.694106122506072197e-15 2.649467989620736981e-16
1.284919999999867287e+03 1.363754542960900951e-15 2.467994910984472278e-16
1.284979999999867232e+03 1.515362446389161363e-15 2.530251693546212809e-16
1.285039999999867177e+03 1.539419276309397487e-15 2.554338162699819398e-16
1.285099999999867123e+03 1.712924006858636070e-15 2.650718893839548937e-16
1.285159999999867068e+03 1.830576962303523554e-15 2.723483851945500823e-16
1.285219999999867014e+03 1.193473012004153091e-15 2.341209576894396425e-16
1.285279999999866959e+03 1.785612787379974547e-15 2.660919604318629310e-16
1.285339999999866905e+03 1.864277957658029316e-15 2.689952788122910158e-16
1.285399999999866850e+03 1.588322469173436958e-15 2.540729565902812799e-16
1.285459999999866795e+03 1.743998200852797754e-15 2.637161717230890286e-16
1.285519999999866741e+03 1.436819583774499082e-15 2.482750091289339947e-16
1.285579999999866686e+03 1.621991874076170922e-15 2.581690866988590735e-16
1.285639999999866632e+03 1.424075310265771692e-15 2.467992991299841070e-16
1.285699999999866577e+03 1.802683460431792588e-15 2.670676671280448798e-16
1.285759999999866523e+03 1.794055281655499817e-15 2.644771630798399104e-16
1.285819999999866468e+03 1.846032680803958966e-15 2.680570784251358820e-16
1.285879999999866413e+03 1.434789148306305524e-15 2.483368003757271449e-16
1.285939999999866359e+03 1.627805653463098104e-15 2.559828001010089639e-16
1.285999999999866304e+03 1.573776524134344019e-15 2.547990100401129356e-16
1.286059999999866250e+03 1.739404847352986440e-15 2.642681334415169228e-16
1.286119999999866195e+03 1.399632934776216225e-15 2.475340265781534811e-16
1.286179999999866141e+03 1.900972613901403634e-15 2.737382251634661406e-16
1.286239999999866086e+03 1.283933218055314051e-15 2.421995566732359572e-16
1.286299999999866031e+03 1.632761506934672944e-15 2.953925732165148009e-16
1.286359999999865977e+03 1.454137928927361349e-15 2.809113570804848703e-16
1.286419999999865922e+03 1.941474227176191925e-15 3.094634598260025000e-16
1.286479999999865868e+03 1.618443047925746623e-15 2.881353675707321580e-16
1.286539999999865813e+03 1.286254268832856789e-15 2.713246878839714716e-16
1.286599999999865759e+03 1.749392779327771298e-15 2.996137053367473899e-16
1.286659999999865704e+03 1.528999531083403307e-15 2.846429068025956302e-16
1.286719999999865649e+03 1.993030272438348859e-15 3.148093460809776281e-16
1.286779999999865595e+03 1.964350214201700000e-15 3.135748643047428616e-16
1.286839999999865540e+03 1.550104970712661849e-15 2.884916017163312169e-16
1.286899999999865486e+03 1.721179617483512378e-15 2.994102082693184836e-16
1.286959999999865431e+03 1.879481598634621432e-15 3.104203282682600133e-16
1.287019999999865377e+03 2.285514292093778397e-15 3.313127698162711869e-16
1.287079999999865322e+03 1.622066538519290509e-15 2.941575547463651734e-16
1.287139999999865267e+03 1.245710375977244650e-15 2.705830754732924231e-16
1.287199999999865213e+03 1.557440694481556860e-15 2.916791902454009078e-16
1.287259999999865158e+03 1.336925025307874584e-15 2.783745650112833652e-16
1.287319999999865104e+03 1.176323445990446345e-15 2.680644514141722082e-16
1.287379999999865049e+03 1.549627969747496933e-15 2.923402628776533390e-16
1.287439999999864995e+03 1.481941634505048235e-15 2.862584523571113304e-16
1.287499999999864940e+03 1.429232675993553020e-15 2.822941083513305517e-16
1.287559999999864885e+03 2.049030423836504722e-15 3.162746480797714105e-16
1.287619999999864831e+03 1.411266103870282025e-15 2.784304731236348602e-16
1.287679999999864776e+03 1.988925341540370635e-15 3.131590800118256782e-16
1.287739999999864722e+03 1.546875533124249713e-15 2.872795935174116888e-16
1.287799999999864667e+03 1.610636227738502003e-15 2.920646556231800553e-16
1.287859999999864613e+03 1.805222559457896076e-15 3.032695442350270638e-16
1.287919999999864558e+03 2.108034377764572569e-15 3.200339774742382379e-16
1.287979999999864503e+03 2.029865890067282675e-15 3.144532596397308401e-16
1.288039999999864449e+03 1.879184374116595594e-15 3.043262347000552089e-16
1.288099999999864394e+03 1.600546793094804801e-15 2.886645208010537026e-16
1.288159999999864340e+03 1.299421820196914265e-15 2.680508390482562131e-16
1.288219999999864285e+03 1.677844987386490759e-15 2.947775690956985441e-16
1.288279999999864231e+03 1.525627618135311041e-15 2.834608939288596281e-16
1.288339999999864176e+03 1.715697508101497869e-15 2.893318655160701115e-16
1.288399999999864121e+03 1.618165965399580492e-15 2.869718491988804617e-16
1.288459999999864067e+03 1.545651914144173315e-15 2.857458912744403002e-16
1.288519999999864012e+03 1.574366433460686873e-15 2.897936330442934730e-16
1.288579999999863958e+03 1.727333797048030736e-15 2.949051365316950130e-16
1.288639999999863903e+03 1.716123982699091572e-15 2.910539884977977054e-16
1.288699999999863849e+03 1.578758777041245300e-15 2.848778754945308317e-16
1.288759999999863794e+03 1.402523417201142941e-15 2.717941789903018838e-16
1.288819999999863740e+03 1.338294152015127573e-15 2.712801087679397546e-16
1.288879999999863685e+03 1.574496750934275224e-15 2.844087982528610310e-16
1.288939999999863630e+03 1.533178671220879633e-15 2.846389818392693957e-16
1.288999999999863576e+03 1.394786574007472126e-15 2.749245724064513060e-16
1.289059999999863521e+03 1.667297166376118163e-15 2.968845880686966469e-16
1.289119999999863467e+03 1.636116494535430237e-15 2.930185436338733565e-16
1.289179999999863412e+03 1.362759526512557134e-15 2.748602295217828571e-16
1.289239999999863358e+03 1.786301469392954561e-15 3.015418288893994440e-16
1.289299999999863303e+03 1.543424273580577883e-15 2.860483350711602213e-16
1.289359999999863248e+03 1.283176819526928850e-15 2.689371553935450127e-16
1.289419999999863194e+03 1.466245955967578182e-15 2.840110084698057474e-16
1.289479999999863139e+03 1.757854292870089532e-15 3.024907111477399419e-16
1.289539999999863085e+03 1.324097227816027013e-15 2.697025483107263637e-16
1.289599999999863030e+03 1.896064471168259488e-15 3.097569591282133299e-16
1.289659999999862976e+03 1.428212905571209309e-15 2.792563949071379903e-16
1.289719999999862921e+03 1.724373466758454598e-15 3.019844017697278183e-16
1.289779999999862866e+03 1.391423806064846794e-15 2.808466826410345482e-16
1.289839999999862812e+03 1.657951375783120562e-15 2.975798779512668633e-16
1.289899999999862757e+03 1.664654612349432583e-15 2.964830101397252504e-16
1.289959999999862703e+03 1.388121233139457293e-15 2.776639433861602317e-16
1.290019999999862648e+03 1.529238789555557735e-15 2.862129119460917885e-16
1.290079999999862594e+03 1.635496991535049564e-15 3.006285591832707876e-16
1.290139999999862539e+03 1.424078493092365450e-15 2.957189302384038201e-16
1.290199999999862484e+03 1.594044169258691830e-15 3.128233769679101701e-16
1.290259999999862430e+03 1.778187617986462361e-15 3.247733996053585557e-16
1.290319999999862375e+03 2.178678295371888403e-15 3.481720551874307086e-16
1.290379999999862321e+03 1.685617272754927366e-15 3.171085162710262596e-16
1.290439999999862266e+03 1.873449478305475694e-15 3.270432723562752009e-16
1.290499999999862212e+03 1.435687357938489071e-15 2.927059995788156333e-16
1.290559999999862157e+03 1.733872235510395473e-15 3.059246482116117510e-16
1.290619999999862102e+03 1.979693816563904253e-15 3.200516458080920953e-16
1.290679999999862048e+03 1.475015100061805821e-15 2.889515884984288568e-16
1.290739999999861993e+03 1.724423535891468910e-15 3.034510425555703600e-16
1.290799999999861939e+03 1.669337965871312841e-15 2.985118876552267719e-16
1.290859999999861884e+03 1.465151535303032312e-15 2.847475549757793460e-16
1.290919999999861830e+03 1.523109381042797722e-15 2.868287029557245067e-16
1.290979999999861775e+03 1.496614130559776411e-15 2.846255647731633545e-16
1.291039999999861720e+03 1.857823033367860324e-15 3.079061322001055182e-16
1.291099999999861666e+03 1.644497260290983473e-15 2.960504926905408306e-16
1.291159999999861611e+03 1.191010554106755343e-15 2.667790507157814144e-16
1.291219999999861557e+03 1.418031241862061856e-15 2.796374953623154336e-16
1.291279999999861502e+03 1.115946455928667535e-15 2.587093852392492157e-16
1.291339999999861448e+03 1.381647057313508564e-15 2.796722169256682025e-16
1.291399999999861393e+03 1.611293661153045375e-15 2.950642902970105908e-16
1.291459999999861338e+03 1.330534573982645447e-15 2.751546129511597595e-16
1.291519999999861284e+03 1.668825408358395820e-15 2.942246101915844207e-16
1.291579999999861229e+03 1.688853504123833275e-15 2.935889319720949221e-16
1.291639999999861175e+03 1.819663152595058818e-15 3.016850850904678257e-16
1.291699999999861120e+03 1.603405836696120087e-15 2.889168337162118027e-16
1.291759999999861066e+03 1.655584390684290463e-15 2.929832282043738438e-16
1.291819999999861011e+03 1.679308739093172339e-15 2.955888713074161002e-16
1.291879999999860956e+03 1.701649062473736772e-15 2.981169496536723207e-16
1.291939999999860902e+03 1.683842700920403136e-15 2.952667677134764637e-16
1.291999999999860847e+03 2.116432563538498197e-15 3.213261763957898131e-16
1.292059999999860793e+03 1.710938908970082676e-15 3.026269691350781639e-16
1.292119999999860738e+03 1.579621082800632150e-15 2.933619997567501379e-16
1.292179999999860684e+03 1.430445544082809782e-15 2.829328293349903828e-16
1.292239999999860629e+03 1.662053978554320225e-15 2.994937439822943696e-16
1.292299999999860574e+03 1.931619114190643089e-15 3.145481949817218788e-16
1.292359999999860520e+03 1.576290634089017023e-15 2.929180971870813933e-16
1.292419999999860465e+03 1.982027866267547593e-15 3.163734562483009616e-16
1.292479999999860411e+03 1.700030958029581418e-15 2.991022715447102045e-16
1.292539999999860356e+03 1.759836753987030623e-15 2.992536207356350009e-16
1.292599999999860302e+03 1.831173636783358393e-15 3.025561710480366977e-16
1.292659999999860247e+03 1.729895012786415355e-15 2.985139451748217064e-16
1.292719999999860192e+03 1.795653980963341529e-15 3.013798729850316223e-16
1.292779999999860138e+03 1.785425626967004850e-15 3.003844719283748667e-16
1.292839999999860083e+03 1.943903949662893675e-15 3.076889089085385847e-16
1.292899999999860029e+03 1.330388537126605289e-15 2.752812213556370396e-16
1.292959999999859974e+03 1.702658833985655782e-15 2.979686657951363252e-16
1.293019999999859920e+03 1.753627466595127753e-15 3.009516114440270401e-16
1.293079999999859865e+03 1.468242788922684474e-15 2.844770099468251404e-16
1.293139999999859810e+03 1.912875398479852092e-15 3.113047912230658975e-16
1.293199999999859756e+03 1.919281963669842405e-15 3.098962627905708493e-16
1.293259999999859701e+03 2.063726004095788736e-15 3.185669799995100869e-16
1.293319999999859647e+03 1.377334919737667205e-15 2.794620080179652742e-16
1.293379999999859592e+03 1.271116337470278189e-15 2.699910034442778849e-16
1.293439999999859538e+03 1.638420851892845268e-15 2.993409590662667355e-16
1.293499999999859483e+03 1.924172946528499383e-15 3.675653191436291473e-16
1.293559999999859428e+03 2.035439391430718280e-15 3.757657044797522229e-16
1.293619999999859374e+03 1.495524092397709141e-15 3.388142622733269808e-16
1.293679999999859319e+03 1.434858363831654901e-15 3.362734869207263250e-16
1.293739999999859265e+03 1.551054886017282618e-15 3.457735318550037083e-16
1.293799999999859210e+03 1.441225136400726509e-15 3.374308086720868656e-16
1.293859999999859156e+03 1.737290733651052526e-15 3.602940777233999245e-16
1.293919999999859101e+03 1.296065868468738872e-15 3.249642789943419520e-16
1.293979999999859047e+03 1.742943393615226721e-15 3.570835273589684652e-16
1.294039999999858992e+03 1.559990045371824780e-15 3.425188834474423554e-16
1.294099999999858937e+03 1.745042551310236814e-15 3.541415522873701736e-16
1.294159999999858883e+03 1.837653243201450384e-15 3.600488112650849633e-16
1.294219999999858828e+03 1.894325294661279908e-15 3.651189682896204730e-16
1.294279999999858774e+03 1.830786706071647539e-15 3.620967971152864320e-16
1.294339999999858719e+03 1.503194076960816463e-15 3.369112451707902680e-16
1.294399999999858665e+03 1.973946466058515161e-15 3.672512398835943787e-16
1.294459999999858610e+03 1.438758669686216549e-15 3.268395697871039746e-16
1.294519999999858555e+03 1.671673084132833450e-15 3.466635169391956806e-16
1.294579999999858501e+03 1.487365108846845536e-15 3.334267703635244268e-16
1.294639999999858446e+03 1.823353987558688893e-15 3.549305418986782832e-16
1.294699999999858392e+03 1.506628930523408604e-15 3.310213463185366368e-16
1.294759999999858337e+03 1.682937174482156602e-15 3.454377694134377956e-16
1.294819999999858283e+03 1.492698567346712138e-15 3.269789061198437586e-16
1.294879999999858228e+03 1.641266715090019624e-15 3.350480415183893129e-16
1.294939999999858173e+03 2.133817304332520060e-15 3.711277713937096850e-16
1.294999999999858119e+03 2.008836407167615800e-15 3.665529925542462311e-16
1.295059999999858064e+03 1.769759366682086830e-15 3.537852323712381753e-16
1.295119999999858010e+03 1.453561710074568640e-15 3.251917027137442820e-16
1.295179999999857955e+03 1.457480194047854091e-15 3.223378799780570597e-16
1.295239999999857901e+03 1.517413380207198184e-15 3.275119940644426261e-16
1.295299999999857846e+03 1.864203238825491039e-15 3.547798651051361698e-16
1.295359999999857791e+03 1.720440173205997748e-15 3.468355596224250813e-16
1.295419999999857737e+03 1.704797734591314463e-15 3.440212672209086396e-16
1.295479999999857682e+03 1.662688115518017099e-15 3.442057834736782419e-16
1.295539999999857628e+03 1.953915335190858642e-15 3.636070197309035214e-16
1.295599999999857573e+03 1.946031130738311866e-15 3.603572957567736883e-16
1.295659999999857519e+03 1.723623757208269677e-15 3.478664529574385167e-16
1.295719999999857464e+03 1.652733256550303118e-15 3.428802579359746439e-16
1.295779999999857409e+03 1.861780789510113343e-15 3.546186548258365982e-16
1.295839999999857355e+03 2.062067081419066629e-15 3.662739137130043159e-16
1.295899999999857300e+03 1.632746058149955985e-15 3.397598573756328724e-16
1.295959999999857246e+03 1.536197139774024204e-15 3.330458729433591675e-16
1.296019999999857191e+03 1.819132942047459195e-15 3.521963419907736226e-16
1.296079999999857137e+03 1.600177665233607872e-15 3.398907378061904462e-16
1.296139999999857082e+03 1.673546139800419821e-15 3.455677728459824312e-16
1.296199999999857027e+03 1.640686243954243315e-15 3.434925080854446686e-16
1.296259999999856973e+03 1.739829594397942921e-15 3.219776407162191800e-16
1.296319999999856918e+03 1.865820655137373318e-15 3.012016224281442844e-16
1.296379999999856864e+03 1.511997341802748132e-15 2.808860395595022771e-16
1.296439999999856809e+03 1.678020551627858555e-15 2.928869938780847433e-16
1.296499999999856755e+03 1.357312703761199525e-15 2.709800062395069334e-16
1.296559999999856700e+03 1.455897559863440187e-15 2.791843996910495085e-16
1.296619999999856645e+03 1.454709418414518196e-15 2.807315700316125077e-16
1.296679999999856591e+03 1.606026900827423536e-15 2.895476336830797693e-16
1.296739999999856536e+03 1.296942294009087075e-15 2.718013576508876944e-16
1.296799999999856482e+03 1.942526129775458572e-15 3.122161986705947079e-16
1.296859999999856427e+03 1.563411418515333048e-15 2.905288162989589518e-16
1.296919999999856373e+03 1.802236527887010140e-15 3.044576530562480107e-16
1.296979999999856318e+03 2.079602958590201796e-15 3.180086483257416922e-16
1.297039999999856263e+03 1.853780035667758049e-15 3.075645639514894512e-16
1.297099999999856209e+03 1.745938273453278887e-15 3.001885330156537916e-16
1.297159999999856154e+03 1.814234008901910320e-15 3.029321904362054930e-16
1.297219999999856100e+03 1.608871427608762807e-15 2.889455815556213284e-16
1.297279999999856045e+03 1.555099408910083025e-15 2.880610775490897730e-16
1.297339999999855991e+03 1.721299784447618713e-15 2.946531953787592694e-16
1.297399999999855936e+03 1.310599409090371338e-15 2.679163981644972604e-16
1.297459999999855881e+03 1.755570278978682687e-15 2.954003841008062057e-16
1.297519999999855827e+03 1.795731863605010869e-15 2.976855031738537936e-16
1.297579999999855772e+03 1.907497917871666603e-15 3.061855641751552651e-16
1.297639999999855718e+03 1.568026047918972983e-15 2.858557014648031361e-16
1.297699999999855663e+03 1.964053605436388955e-15 3.069108253479302487e-16
1.297759999999855609e+03 1.808241168056535610e-15 2.972065938027152588e-16
1.297819999999855554e+03 1.635056006308601239e-15 2.870471303499671205e-16
1.297879999999855499e+03 1.517171911321807454e-15 2.818433613954374500e-16
1.297939999999855445e+03 1.315936928156943248e-15 2.688750437945488466e-16
1.297999999999855390e+03 1.802363640657157520e-15 2.976222150635597932e-16
1.298059999999855336e+03 1.540277722975282848e-15 2.776463678531746036e-16
1.298119999999855281e+03 1.498266193225522753e-15 2.765637145567990335e-16
1.298179999999855227e+03 1.718175972345063361e-15 2.919704190728912829e-16
1.298239999999855172e+03 1.310018620756603779e-15 2.649250470668061570e-16
1.298299999999855117e+03 1.971425926125488081e-15 3.034162118742315012e-16
1.298359999999855063e+03 1.733105760801574432e-15 2.962666208475711359e-16
1.298419999999855008e+03 1.767072381966832681e-15 3.471332105331914765e-16
1.298479999999854954e+03 1.544195070375246368e-15 3.435813405481263518e-16
1.298539999999854899e+03 2.031030220931401120e-15 3.939638323693249408e-16
1.298599999999854845e+03 1.604715710050520975e-15 3.612421287229809126e-16
1.298659999999854790e+03 1.713172024479020500e-15 3.406545443022866906e-16
1.298719999999854736e+03 2.437832655952176343e-15 3.453213834423793077e-16
1.298779999999854681e+03 2.386659602339175406e-15 3.429589047986493730e-16
1.298839999999854626e+03 2.245679822328823761e-15 3.316166546430015036e-16
1.298899999999854572e+03 1.660167007503872579e-15 2.895416783145359226e-16
1.298959999999854517e+03 1.893583319745483584e-15 2.991293663520790518e-16
1.299019999999854463e+03 1.686254796170697846e-15 2.883433001860547821e-16
1.299079999999854408e+03 1.017666685542150804e-15 2.453593056202242696e-16
1.299139999999854354e+03 1.473795488401340470e-15 2.772687048047992321e-16
1.299199999999854299e+03 1.623433378666570679e-15 2.864495790397046584e-16
1.299259999999854244e+03 1.942274112051000837e-15 3.050162171912386239e-16
1.299319999999854190e+03 2.094166656631356540e-15 3.120057509183914138e-16
1.299379999999854135e+03 1.996262048016432767e-15 3.084712326205568161e-16
1.299439999999854081e+03 1.826911026801864954e-15 3.006103112037907083e-16
1.299499999999854026e+03 1.787741779175310424e-15 2.966506234986239353e-16
1.299559999999853972e+03 1.657293469742785712e-15 2.893952129065763498e-16
1.299619999999853917e+03 1.425754346829578425e-15 2.797673351284396651e-16
1.299679999999853862e+03 1.573580751098975819e-15 2.871393846184919568e-16
1.299739999999853808e+03 1.886503099642676008e-15 3.053341577881599574e-16
1.299799999999853753e+03 1.494854784267573365e-15 2.833757608491560645e-16
1.299859999999853699e+03 1.600593198396469478e-15 2.895384803212284942e-16
1.299919999999853644e+03 1.510588728311381495e-15 2.842461700729834224e-16
1.299979999999853590e+03 1.191393599264664847e-15 4.873501425472277169e-16
1.300039999999853535e+03 1.222137368127880285e-15 4.907306849378897896e-16
1.300099999999853480e+03 1.390116005787756426e-15 5.064145159656606624e-16
1.300159999999853426e+03 1.653034654943910917e-15 5.255677286520291884e-16
1.300219999999853371e+03 1.284348377354269929e-15 4.844143282775163225e-16
1.300279999999853317e+03 1.798169327432073862e-15 5.405266803245555552e-16
1.300339999999853262e+03 1.851794358532420591e-15 5.475179136265539686e-16
1.300399999999853208e+03 1.415995294491087877e-15 4.953065893220848659e-16
1.300459999999853153e+03 2.252036536918557092e-15 5.768089141829795188e-16
1.307539999999846714e+03 2.320078937485447309e-15 4.591039495413606915e-16
1.307599999999846659e+03 2.009492571077893398e-15 4.395636894954927483e-16
1.307659999999846605e+03 2.073596648480648988e-15 4.464012530993453434e-16
1.307719999999846550e+03 1.873800884552122679e-15 4.352173428520455331e-16
1.307779999999846495e+03 2.347897550198534791e-15 4.689490916812817187e-16
1.307839999999846441e+03 2.225903280338118742e-15 4.624755478059598856e-16
1.307899999999846386e+03 1.990570271978292629e-15 4.483180583351709950e-16
1.307959999999846332e+03 2.378446291490509393e-15 4.739627843737503515e-16
1.308019999999846277e+03 2.101583105053918995e-15 4.566017437576054532e-16
1.308079999999846223e+03 2.090340887375211474e-15 4.540635087381657904e-16
1.308139999999846168e+03 1.932032813759699879e-15 4.430678789556513113e-16
1.308199999999846113e+03 1.970755497510959765e-15 4.416817953092971089e-16
1.308259999999846059e+03 1.939302015963262086e-15 4.409287034914791729e-16
1.308319999999846004e+03 1.968586479864272289e-15 4.407203399113950233e-16
1.308379999999845950e+03 2.026440156822256682e-15 4.411092012560860410e-16
1.308439999999845895e+03 1.798649926201405343e-15 4.196748410021642988e-16
1.308499999999845841e+03 1.836250710547368178e-15 4.247421267602515895e-16
1.308559999999845786e+03 2.256571811345988371e-15 4.482754917319953762e-16
1.308619999999845732e+03 2.077676759867325095e-15 4.400162099928578417e-16
1.308679999999845677e+03 2.412754694641125433e-15 4.612391797762938645e-16
1.308739999999845622e+03 2.277902850542334848e-15 4.534921151172881478e-16
1.308799999999845568e+03 1.849605674788479257e-15 4.265991619136161937e-16
1.308859999999845513e+03 1.880759748641427163e-15 4.239769015434676503e-16
1.308919999999845459e+03 2.117839923303172153e-15 4.375557535303363362e-16
1.308979999999845404e+03 2.416038200806582309e-15 4.551811984483164308e-16
1.309039999999845350e+03 2.231555007758951509e-15 4.515104423722804943e-16
1.309099999999845295e+03 2.092306878578465591e-15 4.358271562608807517e-16
1.309159999999845240e+03 2.825142134838826252e-15 4.785818005668701708e-16
1.309219999999845186e+03 2.327951834521349926e-15 4.474086553203484780e-16
1.309279999999845131e+03 1.880649356553181944e-15 4.239206034575083559e-16
1.309339999999845077e+03 2.125799490496735894e-15 4.425687687076520591e-16
1.309399999999845022e+03 2.074332212068128158e-15 4.371670961595449115e-16
1.309459999999844968e+03 1.710059278359126872e-15 4.112900388953665707e-16
1.309519999999844913e+03 1.891111559216319340e-15 4.260920874714840650e-16
1.309579999999844858e+03 2.314668857312035361e-15 4.515952345240224829e-16
1.309639999999844804e+03 2.381428977239278228e-15 4.607217555774822727e-16
1.309699999999844749e+03 1.431160906653205152e-15 4.000082974886504871e-16
1.309759999999844695e+03 1.519529980672598453e-15 3.998253984614794200e-16
1.309819999999844640e+03 2.639248787697898245e-15 4.732008713884797186e-16
1.309879999999844586e+03 2.036519873825518868e-15 4.341456888566536014e-16
1.309939999999844531e+03 2.321435638082656320e-15 4.531604445529711325e-16
1.309999999999844476e+03 2.321655436629471851e-15 4.504679828813441077e-16
1.310059999999844422e+03 2.524767140203495669e-15 4.702886994682620287e-16
1.310119999999844367e+03 2.249546948746721097e-15 4.516925467283099187e-16
1.310179999999844313e+03 1.871647848433508754e-15 4.286276300570193672e-16
1.310239999999844258e+03 1.815607857393418112e-15 4.298529263880715032e-16
1.310299999999844204e+03 1.750697949513678497e-15 4.259322785005942635e-16
1.310359999999844149e+03 1.968465029760537647e-15 4.433079218289180282e-16
1.310419999999844094e+03 2.341823129303604328e-15 4.640565688898160479e-16
1.310479999999844040e+03 1.649418433636457450e-15 4.184689264411273105e-16
1.310539999999843985e+03 2.016915761214908921e-15 3.946257117579768214e-16
1.310599999999843931e+03 2.535135864310206187e-15 4.023508374084434399e-16
1.310659999999843876e+03 2.161153756980692212e-15 3.847007234713025294e-16
1.310719999999843822e+03 3.050320906462549369e-15 4.331463709989275243e-16
1.310779999999843767e+03 2.032042363896137222e-15 3.838778947560182615e-16
1.310839999999843712e+03 2.347832506131167447e-15 4.041729334456888028e-16
1.310899999999843658e+03 2.481695262406115436e-15 4.105870242721869450e-16
1.310959999999843603e+03 2.490238120939918653e-15 4.058092065463548041e-16
1.311019999999843549e+03 2.603483187126073691e-15 4.134061290477635885e-16
1.311079999999843494e+03 1.996233436473526962e-15 3.815183220597042783e-16
1.311139999999843440e+03 2.599205996401658920e-15 4.109107234603679665e-16
1.311199999999843385e+03 2.726518663553413912e-15 4.115401724844366087e-16
1.311259999999843330e+03 2.491881366551371811e-15 3.962185485848321220e-16
1.311319999999843276e+03 2.653636521694252442e-15 4.064210066137845589e-16
1.311379999999843221e+03 2.707027948001663180e-15 4.070379615631553716e-16
1.311439999999843167e+03 2.554656699004441153e-15 3.985312747426141187e-16
1.311499999999843112e+03 2.203126882454735296e-15 3.819112937840750846e-16
1.311559999999843058e+03 2.166342891879613245e-15 3.784518108178122345e-16
1.311619999999843003e+03 2.599884253159286142e-15 4.013732893747791204e-16
1.311679999999842948e+03 2.574972267235206310e-15 4.012050131634006898e-16
1.311739999999842894e+03 2.107878876860130122e-15 3.786987552917396440e-16
1.311799999999842839e+03 2.404640474480140540e-15 3.921207474173186141e-16
1.311859999999842785e+03 2.545762946979649634e-15 4.008132431109510349e-16
1.311919999999842730e+03 3.145503450293336847e-15 4.284859639819532329e-16
1.311979999999842676e+03 3.079930204977187620e-15 4.273241651723967740e-16
1.312039999999842621e+03 3.003911886363729870e-15 4.299257015499781659e-16
1.312099999999842566e+03 3.063882513047237881e-15 4.320274272724197534e-16
1.312159999999842512e+03 2.754011970664066657e-15 4.158905397869939386e-16
1.312219999999842457e+03 2.460652009652658914e-15 3.978724668568680755e-16
1.312279999999842403e+03 2.353228235291062560e-15 3.938016047520244008e-16
1.312339999999842348e+03 2.236689416927389703e-15 3.944451848589989123e-16
1.312399999999842294e+03 2.188651577404158417e-15 3.849975622474637229e-16
1.312459999999842239e+03 2.239288051693375231e-15 3.785888016936975511e-16
1.312519999999842184e+03 2.431824092874952880e-15 3.879251999283730578e-16
1.312579999999842130e+03 2.136925049646770865e-15 3.757193447180470501e-16
1.312639999999842075e+03 2.242406577608792509e-15 3.806374702161385405e-16
1.312699999999842021e+03 2.155993239508551452e-15 4.462164741749698467e-16
1.312759999999841966e+03 2.261208329557756511e-15 4.562209456256361900e-16
1.312819999999841912e+03 2.727838864193687889e-15 4.858202688792189905e-16
1.312879999999841857e+03 2.070790727851104769e-15 4.403058853780637100e-16
1.312939999999841802e+03 2.663759029114893229e-15 4.301995956958009496e-16
1.312999999999841748e+03 2.072393338147645265e-15 3.702742494337099116e-16
1.313059999999841693e+03 2.114523006457677439e-15 3.725781444118695054e-16
1.313119999999841639e+03 3.075187044202627602e-15 4.247990283057426250e-16
1.313179999999841584e+03 2.894076739674036046e-15 4.145566242870951998e-16
1.313239999999841530e+03 2.354629094476130419e-15 3.894473891699201996e-16
1.313299999999841475e+03 2.531248873563222851e-15 4.023238892613395281e-16
1.313359999999841421e+03 2.427275929019025643e-15 3.961928641926973132e-16
1.313419999999841366e+03 2.639679544978688147e-15 4.058129416572060986e-16
1.313479999999841311e+03 2.738427412395383515e-15 4.128297420883369716e-16
1.313539999999841257e+03 2.875917444848313552e-15 4.214073617188227084e-16
1.313599999999841202e+03 2.877356306463491748e-15 4.218724361783765526e-16
1.313659999999841148e+03 2.623786178967124577e-15 4.087235338150646736e-16
1.313719999999841093e+03 3.135165420457900681e-15 4.322214785369003499e-16
1.313779999999841039e+03 2.989824765137452768e-15 4.246108060099721720e-16
1.313839999999840984e+03 3.021756054630825658e-15 4.244074524239483783e-16
1.313899999999840929e+03 3.204242402510908900e-15 4.334972850054177875e-16
1.313959999999840875e+03 2.865399576685458572e-15 4.188082674875600203e-16
1.314019999999840820e+03 3.263520098845518443e-15 4.384280783790383147e-16
1.314079999999840766e+03 3.264442200880146162e-15 4.350844049452828892e-16
1.314139999999840711e+03 3.509178709905498600e-15 4.473846550270233517e-16
1.314199999999840657e+03 3.102015633161122101e-15 4.267881652252423341e-16
1.314259999999840602e+03 3.090844641262583221e-15 4.264791190495648414e-16
1.314319999999840547e+03 3.152467623441392448e-15 4.281248809861008839e-16
1.314379999999840493e+03 2.448117637580078514e-15 3.941870913244985772e-16
1.314439999999840438e+03 2.567341400329086113e-15 4.028664571869255847e-16
1.314499999999840384e+03 3.342857711401007569e-15 4.389352539786381257e-16
1.314559999999840329e+03 2.630015746807257915e-15 4.063113902831595864e-16
1.314619999999840275e+03 2.363194383983600103e-15 3.919585906305579396e-16
1.314679999999840220e+03 2.258161434747858493e-15 3.880569804227423157e-16
1.314739999999840165e+03 1.730085677878871813e-15 3.577881664486399848e-16
1.314799999999840111e+03 1.258641942652379057e-15 3.293485658353463872e-16
1.314859999999840056e+03 2.038328483754734948e-15 3.728948827939870017e-16
1.314919999999840002e+03 1.963725995969220928e-15 3.690253161537430034e-16
1.314979999999839947e+03 1.628849094015656795e-15 3.546392509213891103e-16
1.315039999999839893e+03 1.365326056831177456e-15 3.334985969018152576e-16
1.315099999999839838e+03 1.019758990437257329e-15 3.125299308123687974e-16
1.315159999999839783e+03 7.739139704250024239e-16 2.956969599963545829e-16
1.315219999999839729e+03 7.382920102469774056e-16 2.920177505896006270e-16
1.315279999999839674e+03 1.271510962280992936e-15 3.287011678211139995e-16
1.315339999999839620e+03 1.222447469983679490e-15 3.236710244125566369e-16
1.315399999999839565e+03 1.344722775263804140e-15 3.337165564693038307e-16
1.315459999999839511e+03 1.219122972351113780e-15 3.271347963141103087e-16
1.315519999999839456e+03 4.641796781701915140e-16 2.655418142890923971e-16
1.315579999999839401e+03 9.153214214598103687e-16 3.051242582786229586e-16
1.315639999999839347e+03 6.878202542594447516e-16 2.874906821723682564e-16
1.315699999999839292e+03 3.995319642591751496e-16 2.635445840625793810e-16
1.315759999999839238e+03 3.149841236265501606e-16 2.585757563405030810e-16
1.315819999999839183e+03 4.293163661279354660e-16 2.688954755452031865e-16
1.315879999999839129e+03 7.409291237034057843e-16 2.944724402280916218e-16
1.315939999999839074e+03 1.041484944248507842e-15 3.169473482700403971e-16
1.315999999999839019e+03 1.665489388946927965e-15 3.573528492748413467e-16
1.316059999999838965e+03 2.546171549911446254e-15 4.017305429098310616e-16
1.316119999999838910e+03 2.679276741734142099e-15 4.104251805160463531e-16
1.316179999999838856e+03 2.430490986683885526e-15 4.003836792464564842e-16
1.316239999999838801e+03 2.771495017146961750e-15 4.167660382464225446e-16
1.316299999999838747e+03 2.521895654510185034e-15 4.049966355309159502e-16
1.316359999999838692e+03 3.006044092168177379e-15 4.286545846156641433e-16
1.316419999999838637e+03 2.519687436598401203e-15 4.028239376994043026e-16
1.316479999999838583e+03 2.745245635755854753e-15 4.173766682588631858e-16
1.316539999999838528e+03 2.513366840328167943e-15 4.039697916498349614e-16
1.316599999999838474e+03 2.550368302485925119e-15 4.061171996661684533e-16
1.316659999999838419e+03 3.131394597733492324e-15 4.360098055404648217e-16
1.316719999999838365e+03 2.974450627907642621e-15 4.285098618530932938e-16
1.316779999999838310e+03 2.562133651110578317e-15 4.055285727631612027e-16
1.316839999999838255e+03 3.406581800849938362e-15 4.432342226578087989e-16
1.316899999999838201e+03 2.908523813556469622e-15 4.196424138536310897e-16
1.316959999999838146e+03 2.140304201934378174e-15 3.842384058481840825e-16
1.317019999999838092e+03 1.930206695530269209e-15 2.784495117461418466e-16
1.317079999999838037e+03 1.693181926108743492e-15 2.642395954566615243e-16
1.317139999999837983e+03 2.092597923927434443e-15 2.825774898514843689e-16
1.317199999999837928e+03 1.964003288158472220e-15 2.773954886988828536e-16
1.317259999999837873e+03 1.729610557786505026e-15 2.687082977380290583e-16
1.317319999999837819e+03 1.604066504920336772e-15 2.624850602439622395e-16
1.317379999999837764e+03 1.744576330355495543e-15 2.701851004036204880e-16
1.317439999999837710e+03 1.519151479570665384e-15 2.586680237102073724e-16
1.317499999999837655e+03 1.495879739462355410e-15 2.565639704042692707e-16
1.317559999999837601e+03 1.344855655686399627e-15 2.489963225988453804e-16
1.317619999999837546e+03 1.557254035163445348e-15 2.598024174807358784e-16
1.317679999999837491e+03 1.213155194716251518e-15 2.419590526887993764e-16
1.317739999999837437e+03 1.584660494704808749e-15 2.600290630312195530e-16
1.317799999999837382e+03 1.487238226974830454e-15 2.542861380373175104e-16
1.317859999999837328e+03 1.435000490649509571e-15 2.538081976275434804e-16
1.317919999999837273e+03 8.991840781578141532e-16 2.244153562414783834e-16
1.317979999999837219e+03 6.875653030497670315e-16 2.093084074102010384e-16
1.318039999999837164e+03 5.619084648162729875e-16 2.015304265579290836e-16
1.318099999999837109e+03 4.928838774969821397e-16 1.930444907795719520e-16
1.318159999999837055e+03 8.161622372995559905e-16 2.172397990701485168e-16
1.318219999999837000e+03 1.457836381170867292e-15 2.532604551188346619e-16
1.318279999999836946e+03 1.800286079318291086e-15 2.675583115429361621e-16
1.318339999999836891e+03 2.323451974965138222e-15 2.942855812408869332e-16
1.318399999999836837e+03 2.183899411787494870e-15 2.843583341864504147e-16
1.318459999999836782e+03 2.488965396069997456e-15 2.948301197580099936e-16
1.318519999999836728e+03 2.481537504191830289e-15 2.944093558793571580e-16
1.318579999999836673e+03 3.081860186097281770e-15 3.160989451650469001e-16
1.318639999999836618e+03 3.187206360686364050e-15 3.197352391800821971e-16
1.318699999999836564e+03 3.765191883353730523e-15 3.392186538602923823e-16
1.318759999999836509e+03 3.831850628404702388e-15 3.430890510843038521e-16
1.318819999999836455e+03 4.226858768262071231e-15 3.572716351944982778e-16
1.318879999999836400e+03 4.044774198606941539e-15 3.512020114044469845e-16
1.318939999999836346e+03 3.728266336671876308e-15 3.396232071871017721e-16
1.318999999999836291e+03 3.646678957242834614e-15 3.386781491666136660e-16
1.319059999999836236e+03 3.421785226923595907e-15 3.320418267092833823e-16
1.319119999999836182e+03 2.563032125239699103e-15 4.117085391480227332e-16
1.319179999999836127e+03 2.958063923107892933e-15 4.343167173648522752e-16
1.319239999999836073e+03 2.782825340952205945e-15 4.290802816166935721e-16
1.319299999999836018e+03 2.747345239163934479e-15 4.236827352144948442e-16
1.319359999999835964e+03 2.672713832091651770e-15 4.211501945098253657e-16
1.319419999999835909e+03 2.741363265317328215e-15 3.201304567872076737e-16
1.319479999999835854e+03 3.188049118292977148e-15 3.242724152391466846e-16
1.319539999999835800e+03 2.697967902763986701e-15 3.047358578042746006e-16
1.319599999999835745e+03 2.947154188361906083e-15 3.132457967091702748e-16
1.319659999999835691e+03 2.791770661236630467e-15 3.084153423338424650e-16
1.319719999999835636e+03 3.060598961786993854e-15 3.181235236432991047e-16
1.319779999999835582e+03 2.957508280712893723e-15 3.136733986287316734e-16
1.319839999999835527e+03 3.212361670780666706e-15 3.239309429577990554e-16
1.319899999999835472e+03 2.981979551204468796e-15 3.170514291530643713e-16
1.319959999999835418e+03 3.453832996212643107e-15 3.334733283423201013e-16
1.320019999999835363e+03 3.317985895885445930e-15 3.274133532977008975e-16
1.320079999999835309e+03 3.055147975914976419e-15 3.164413951451262140e-16
1.320139999999835254e+03 2.717224795181058102e-15 3.062207134658806455e-16
1.320199999999835200e+03 2.879319125674378428e-15 3.130814667349541973e-16
1.320259999999835145e+03 3.103970939223933291e-15 3.218860677132045083e-16
1.320319999999835090e+03 2.901506362198257501e-15 3.178156277238657616e-16
1.320379999999835036e+03 2.386129362338871313e-15 2.977318781095449481e-16
1.320439999999834981e+03 2.535421301120148023e-15 3.059465893961283519e-16
1.320499999999834927e+03 2.941203579450874214e-15 3.213401963355169353e-16
1.320559999999834872e+03 2.630634045629617078e-15 3.097369019928962442e-16
1.320619999999834818e+03 2.981491788382106563e-15 3.240968379086346409e-16
1.320679999999834763e+03 2.643375817341502398e-15 3.117554272371984800e-16
1.320739999999834708e+03 2.779050125097317473e-15 3.186289911089544280e-16
1.320799999999834654e+03 2.390424772328148060e-15 3.007506994181026975e-16
1.320859999999834599e+03 2.583493243894037034e-15 3.052454949370980090e-16
1.320919999999834545e+03 2.497030900614656461e-15 2.998700519585127795e-16
1.320979999999834490e+03 2.452062018894271697e-15 2.965317931899238255e-16
1.321039999999834436e+03 2.613564327272407143e-15 3.018156286519566095e-16
1.321099999999834381e+03 2.747776567186050398e-15 3.066585331604645783e-16
1.321159999999834326e+03 2.689506617692812210e-15 3.044834391708328793e-16
1.321219999999834272e+03 3.045868608573006419e-15 3.179781770757233645e-16
1.321279999999834217e+03 2.797520857233846999e-15 3.081963445701203334e-16
1.321339999999834163e+03 2.866051751509483153e-15 3.098469201006711336e-16
1.321399999999834108e+03 3.126522879786720453e-15 3.192062374640379525e-16
1.321459999999834054e+03 2.650359128639065940e-15 3.003906919826030037e-16
1.321519999999833999e+03 2.322733431663878390e-15 2.860682444451184465e-16
1.321579999999833944e+03 2.190828890354637495e-15 2.810884676892246351e-16
1.321639999999833890e+03 2.976000961657400376e-15 3.165626542958987239e-16
1.321699999999833835e+03 2.233655322606624951e-15 2.871326045049971459e-16
1.321759999999833781e+03 2.303533394883882003e-15 2.865950743413512487e-16
1.321819999999833726e+03 2.580669327316637080e-15 2.988202544489262713e-16
1.321879999999833672e+03 2.960246259187533827e-15 3.161115835280650618e-16
1.321939999999833617e+03 2.715404079112897870e-15 3.064922463334852644e-16
1.321999999999833562e+03 2.270725302777989237e-15 2.878214573749174209e-16
1.322059999999833508e+03 2.577740054078494051e-15 2.992170708995050012e-16
1.322119999999833453e+03 2.507494241105302668e-15 2.962849793478576581e-16
1.322179999999833399e+03 2.325861776890221137e-15 2.904969291147262875e-16
1.322239999999833344e+03 2.737003789762836276e-15 3.077193494032488306e-16
1.322299999999833290e+03 2.099561138582464220e-15 2.820404127470505953e-16
1.322359999999833235e+03 2.513074736874693987e-15 2.969950575937910717e-16
1.322419999999833180e+03 2.504905345812224561e-15 2.944188781329759897e-16
1.322479999999833126e+03 2.351294352468010110e-15 2.875216310044054018e-16
1.322539999999833071e+03 2.285680326785053032e-15 2.864090595828534844e-16
1.322599999999833017e+03 2.013872402023864547e-15 2.774823552418843218e-16
1.322659999999832962e+03 2.545662050824100169e-15 3.013680771094294490e-16
1.322719999999832908e+03 2.238323451454712977e-15 2.869123368732736620e-16
1.322779999999832853e+03 2.234786650042439912e-15 2.886301201200833616e-16
1.322839999999832798e+03 2.546325550246316803e-15 3.011330792518025196e-16
1.322899999999832744e+03 2.190285713966650118e-15 2.837046624000522145e-16
1.322959999999832689e+03 2.286150066701508159e-15 2.876926511180013964e-16
1.323019999999832635e+03 2.277960597166083790e-15 2.867037592072218264e-16
1.323079999999832580e+03 1.984414489389073589e-15 2.752371280933754400e-16
1.323139999999832526e+03 2.564140757952274617e-15 3.006347418976068802e-16
1.323199999999832471e+03 2.282621582111727902e-15 2.886066371004841890e-16
1.323259999999832417e+03 2.494473582560648642e-15 2.989635376621359965e-16
1.323319999999832362e+03 2.618825800300646294e-15 3.035317277358197207e-16
1.323379999999832307e+03 2.630942869244611239e-15 3.030829222978974380e-16
1.323439999999832253e+03 2.544534117371028737e-15 3.001873364922531582e-16
1.323499999999832198e+03 2.445250611826138777e-15 2.967911468896278254e-16
1.323559999999832144e+03 2.379721663715465878e-15 2.944228793060898287e-16
1.323619999999832089e+03 2.192461817848492125e-15 2.879055322882408845e-16
1.323679999999832035e+03 2.235870882100400557e-15 2.899608936166136483e-16
1.323739999999831980e+03 2.299059852250596849e-15 2.920163544302106252e-16
1.323799999999831925e+03 2.252706159421554111e-15 2.919364940993210264e-16
1.323859999999831871e+03 2.075230199142041943e-15 2.846719893051731741e-16
1.323919999999831816e+03 2.095668168414624194e-15 2.844384171076028681e-16
1.323979999999831762e+03 2.104449685670382839e-15 2.832108105071562828e-16
1.324039999999831707e+03 2.341557598433635192e-15 2.946360869361630541e-16
1.324099999999831653e+03 1.995229198804603204e-15 2.789263631301660947e-16
1.324159999999831598e+03 2.146311897973069646e-15 2.855894048162319736e-16
1.324219999999831543e+03 1.837972788200499468e-15 2.727517051463056769e-16
1.324279999999831489e+03 1.723786720941944049e-15 2.682090529388999685e-16
1.324339999999831434e+03 1.743314619245107522e-15 2.667936832421400462e-16
1.324399999999831380e+03 1.736955490906488498e-15 2.685373215511591485e-16
1.324459999999831325e+03 1.888153682929250233e-15 2.829579348859403706e-16
1.324519999999831271e+03 1.871386755148430507e-15 2.885331865004210297e-16
1.324579999999831216e+03 2.174361664738258506e-15 2.993969921442869322e-16
1.324639999999831161e+03 1.927274990554044768e-15 2.866291532079068553e-16
1.324699999999831107e+03 1.895482346635249649e-15 2.873839927303660396e-16
1.324759999999831052e+03 1.999015227892981671e-15 2.946975514430675272e-16
1.324819999999830998e+03 2.087630840304417292e-15 2.939098146569499426e-16
1.324879999999830943e+03 2.384939541913781034e-15 3.169272801105825229e-16
1.324939999999830889e+03 2.026767013131759002e-15 3.122564263449828685e-16
1.324999999999830834e+03 1.906521358253499246e-15 3.098910319580950127e-16
1.325059999999830779e+03 2.715838116065442553e-15 3.480253431178256625e-16
1.325119999999830725e+03 1.735874232061485012e-15 2.968960456239486205e-16
1.325179999999830670e+03 1.872729490172694329e-15 3.072208777542632611e-16
1.325239999999830616e+03 2.180956982833690130e-15 3.231712263606138390e-16
1.325299999999830561e+03 1.408713465969915463e-15 2.815455640588388665e-16
1.325359999999830507e+03 1.715311970291494656e-15 2.634140084399497018e-16
1.325419999999830452e+03 1.650772851760987886e-15 2.602784240135709012e-16
1.325479999999830397e+03 2.177378735920428432e-15 2.836369396471825703e-16
1.325539999999830343e+03 1.956533120857170435e-15 2.766227788758191620e-16
1.325599999999830288e+03 1.763818484562063090e-15 2.645773185337803173e-16
1.325659999999830234e+03 1.795499667394101881e-15 2.684347870720067022e-16
1.325719999999830179e+03 1.879896832705848734e-15 2.719410913265899511e-16
1.325779999999830125e+03 2.034279447617285961e-15 2.756526682814195461e-16
1.325839999999830070e+03 1.911409043510598076e-15 2.731611842325709852e-16
1.325899999999830015e+03 1.778242641460602982e-15 2.650750377520476820e-16
1.325959999999829961e+03 1.944317257989623983e-15 2.741588051653073015e-16
1.326019999999829906e+03 2.020637219500221257e-15 2.789001541633503721e-16
1.326079999999829852e+03 2.208135501654140389e-15 2.863889921124470234e-16
1.326139999999829797e+03 1.749780274592613253e-15 2.635273805791697875e-16
1.326199999999829743e+03 1.537215357053526231e-15 2.570342907393678946e-16
1.326259999999829688e+03 1.970540947178435145e-15 2.778861104379154984e-16
1.326319999999829633e+03 1.900535387579460339e-15 2.747759941129401424e-16
1.326379999999829579e+03 1.753668426690925760e-15 2.690530782681939246e-16
1.326439999999829524e+03 2.026544177268948191e-15 2.817624597697117979e-16
1.326499999999829470e+03 1.773888145598377282e-15 2.706597037005980278e-16
1.326559999999829415e+03 1.818676722589788543e-15 2.728275308588307858e-16
1.326619999999829361e+03 1.907820414595480244e-15 2.776891797185824329e-16
1.326679999999829306e+03 1.974841572512354816e-15 2.828049907022682048e-16
1.326739999999829251e+03 1.609811510189950159e-15 2.640452296110856495e-16
1.326799999999829197e+03 1.508196976416558401e-15 2.601277298524101033e-16
1.326859999999829142e+03 1.478979764318527387e-15 2.582066172731822028e-16
1.326919999999829088e+03 1.753652942369074995e-15 2.711490779773438227e-16
1.326979999999829033e+03 1.942092549983502457e-15 2.789551138550823794e-16
1.327039999999828979e+03 2.014160954390381901e-15 2.833412521244438890e-16
1.327099999999828924e+03 1.982410564696369901e-15 2.799095036574058116e-16
1.327159999999828869e+03 1.628371189113459827e-15 2.641825932967121045e-16
1.327219999999828815e+03 1.671707154245177083e-15 2.666153895818810141e-16
1.327279999999828760e+03 1.797063187532315170e-15 2.715509828328730383e-16
1.327339999999828706e+03 1.707430468704122545e-15 2.673404214064692733e-16
1.327399999999828651e+03 1.349332131321173583e-15 2.497995732414889347e-16
1.327459999999828597e+03 1.796691105249867956e-15 2.732848773898417225e-16
1.327519999999828542e+03 1.693187547975028229e-15 2.669145951295598461e-16
1.327579999999828487e+03 2.041974976634235627e-15 2.834317762185796980e-16
1.327639999999828433e+03 1.665240501491037165e-15 2.653355888827499509e-16
1.327699999999828378e+03 1.823833720974872352e-15 2.743420653146265320e-16
1.327759999999828324e+03 1.896529457683472257e-15 2.767388321371676170e-16
1.327819999999828269e+03 2.035739439611358529e-15 2.825036479100763148e-16
1.327879999999828215e+03 1.638756783571584725e-15 2.602033278800454362e-16
1.327939999999828160e+03 1.486096716094747666e-15 2.554092031374980597e-16
1.327999999999828106e+03 1.796825813323401590e-15 2.687756962937021910e-16
1.328059999999828051e+03 1.843047688096890680e-15 2.708608359037528015e-16
1.328119999999827996e+03 1.386601087850387846e-15 2.487430399385791123e-16
1.328179999999827942e+03 1.451128243530805034e-15 2.505934583809286782e-16
1.328239999999827887e+03 1.625062756541124896e-15 2.587869686643078286e-16
1.328299999999827833e+03 1.892208100746790147e-15 2.732874564806275916e-16
1.328359999999827778e+03 1.735854401745120847e-15 2.650328725784623883e-16
1.328419999999827724e+03 1.675773793266008907e-15 2.627577879877849995e-16
1.328479999999827669e+03 1.740303179409232636e-15 2.637998265190778405e-16
1.328539999999827614e+03 1.755115548312216141e-15 2.627741110057768753e-16
1.328599999999827560e+03 1.971014450077588455e-15 2.740271272620232580e-16
1.328659999999827505e+03 1.524076885103254670e-15 2.540678292725878104e-16
1.328719999999827451e+03 1.460204091181444236e-15 2.509767858434731786e-16
1.328779999999827396e+03 1.653091293233850845e-15 2.638580540046953962e-16
1.328839999999827342e+03 1.335667837026171548e-15 2.471260327865748838e-16
1.328899999999827287e+03 1.605343632701235958e-15 2.619681262748096134e-16
1.328959999999827232e+03 1.550013136471908095e-15 2.605436330770649421e-16
1.329019999999827178e+03 1.731717824756004791e-15 2.700046799210325038e-16
1.329079999999827123e+03 1.808227321712964803e-15 2.731339376004478718e-16
1.329139999999827069e+03 1.713241672124111035e-15 2.650706064995731329e-16
1.329199999999827014e+03 1.462853418334845848e-15 2.497074253668265717e-16
1.329259999999826960e+03 1.593566037984616090e-15 2.590332572157496472e-16
1.329319999999826905e+03 1.552604416836847451e-15 2.577725387896309245e-16
1.329379999999826850e+03 1.982734561980106882e-15 2.782732434616421920e-16
1.329439999999826796e+03 1.868505556787475662e-15 2.732207836455063379e-16
1.329499999999826741e+03 1.930483693987360446e-15 2.759308080119950161e-16
1.329559999999826687e+03 1.667929456640545674e-15 2.647451162255556208e-16
1.329619999999826632e+03 1.518258082260923567e-15 2.574241009291060774e-16
1.329679999999826578e+03 1.757262395378098512e-15 2.700745414654065947e-16
1.329739999999826523e+03 1.675751432186513779e-15 2.670807550270639493e-16
1.329799999999826468e+03 1.482932814469848104e-15 2.571766421999760158e-16
1.329859999999826414e+03 1.655062515420066912e-15 2.678768503278885083e-16
1.329919999999826359e+03 1.395937917678427064e-15 2.541148895326182138e-16
1.329979999999826305e+03 1.561208168585495991e-15 2.616893142061158192e-16
1.330039999999826250e+03 1.464235819455026358e-15 2.577544612817253063e-16
1.330099999999826196e+03 1.504784867078089657e-15 2.611657597236295691e-16
1.330159999999826141e+03 1.468475558075409898e-15 2.565724371724369485e-16
1.330219999999826086e+03 1.419754741610836200e-15 2.550369474274158787e-16
1.330279999999826032e+03 1.545329205356924606e-15 2.604784749087995667e-16
1.330339999999825977e+03 1.558526537574527375e-15 2.621190396168123267e-16
1.330399999999825923e+03 1.778833108470735536e-15 2.707124316813587780e-16
1.330459999999825868e+03 1.330218151962649730e-15 2.478301212773415776e-16
1.330519999999825814e+03 1.746642982148947405e-15 2.692150522831634046e-16
1.330579999999825759e+03 1.437403848030667268e-15 2.509739523693539273e-16
1.330639999999825704e+03 1.757700435184111522e-15 2.678891248927874529e-16
1.330699999999825650e+03 1.304715292418224398e-15 2.483633982677365772e-16
1.330759999999825595e+03 1.491501706544835350e-15 2.563060087109114456e-16
1.330819999999825541e+03 1.423466281210019459e-15 2.509142918346124270e-16
1.330879999999825486e+03 1.629445525496738907e-15 2.591938632767144903e-16
1.330939999999825432e+03 1.280841835708235561e-15 2.418911983598401476e-16
1.330999999999825377e+03 1.305330790886314916e-15 2.438115008154385539e-16
1.331059999999825322e+03 1.406356976783530287e-15 2.493969779527782750e-16
1.331119999999825268e+03 1.446618204918741957e-15 2.518455015673558447e-16
1.331179999999825213e+03 1.487509853445610933e-15 2.525468998645302457e-16
1.331239999999825159e+03 1.915038315578605375e-15 2.713949138005265025e-16
1.331299999999825104e+03 1.591598429971906843e-15 2.577642668270156545e-16
1.331359999999825050e+03 1.620311266678583065e-15 2.617070284324602726e-16
1.331419999999824995e+03 1.088025374032689583e-15 2.338333816777189312e-16
1.331479999999824940e+03 1.735119467055020502e-15 2.673013498195395663e-16
1.331539999999824886e+03 1.308626024840576193e-15 2.426456423922472744e-16
1.331599999999824831e+03 1.366416696640935827e-15 2.446460995418603061e-16
1.331659999999824777e+03 1.576920898196660450e-15 2.572147910189093783e-16
1.331719999999824722e+03 1.648147960072104591e-15 2.613647990330716373e-16
1.331779999999824668e+03 1.563942404810532461e-15 2.592123057181362263e-16
1.331839999999824613e+03 1.737115621047450805e-15 2.635186216214403758e-16
1.331899999999824558e+03 1.676365747026469911e-15 2.606321583427039781e-16
1.331959999999824504e+03 1.277613648565645772e-15 2.641297608642984985e-16
1.332019999999824449e+03 1.389341094235384351e-15 2.736076474014200978e-16
1.332079999999824395e+03 1.238701584825607016e-15 2.602863083314160654e-16
1.332139999999824340e+03 1.420818953848794250e-15 2.722880271204056477e-16
1.332199999999824286e+03 1.530707083484258903e-15 2.787976988831657205e-16
1.332259999999824231e+03 1.888766805628955157e-15 2.974697474060626170e-16
1.332319999999824176e+03 1.615324871712159582e-15 2.854404812606999829e-16
1.332379999999824122e+03 1.373038708260060341e-15 2.532073673752624612e-16
1.332439999999824067e+03 1.464595150882985284e-15 2.539519824537788674e-16
1.332499999999824013e+03 1.519842570510499297e-15 2.566771754654560151e-16
1.332559999999823958e+03 1.618207635800679375e-15 2.626662595941868459e-16
1.332619999999823904e+03 1.621564102299037996e-15 2.642701008178313630e-16
1.332679999999823849e+03 1.535715234704675824e-15 2.610189045731783262e-16
1.332739999999823794e+03 1.395053091601949203e-15 2.584924076284650084e-16
1.332799999999823740e+03 1.902639443613740836e-15 2.881339487504720732e-16
1.332859999999823685e+03 1.643989549728141373e-15 2.736241539928822249e-16
1.332919999999823631e+03 1.482586351787419147e-15 2.658274402857377359e-16
1.332979999999823576e+03 1.562428675630241163e-15 2.737799994747873878e-16
1.333039999999823522e+03 1.666772353588921343e-15 2.807733398191844178e-16
1.333099999999823467e+03 1.625366442431837558e-15 2.775749464235880917e-16
1.333159999999823413e+03 1.698838298504050447e-15 2.757380967771667695e-16
1.333219999999823358e+03 1.503275439313909405e-15 2.606226517671626635e-16
1.333279999999823303e+03 1.647615544472413132e-15 2.680099411787325321e-16
1.333339999999823249e+03 1.888520405981629416e-15 2.787558043431092464e-16
1.333399999999823194e+03 1.590553885720673811e-15 2.644099308879418388e-16
1.333459999999823140e+03 1.526366219461156214e-15 2.600247973867730754e-16
1.333519999999823085e+03 1.855965491849575590e-15 2.749301176693887407e-16
1.333579999999823031e+03 1.556932476625056015e-15 2.624656366279416819e-16
1.333639999999822976e+03 1.476959675141941618e-15 2.582296355588203621e-16
1.333699999999822921e+03 1.581887140707479328e-15 2.613644087285882600e-16
1.333759999999822867e+03 1.307764999332477598e-15 2.458881223109898942e-16
1.333819999999822812e+03 1.629174174965893641e-15 2.639232583848057798e-16
1.333879999999822758e+03 1.620904162942134854e-15 2.621008955568673611e-16
1.333939999999822703e+03 1.359830206699109373e-15 2.514141989283989317e-16
1.333999999999822649e+03 1.472006286965807563e-15 2.561024059107993963e-16
1.334059999999822594e+03 1.240549717682190251e-15 2.414659930484209714e-16
1.334119999999822539e+03 1.088795038918614451e-15 2.354980198202854973e-16
1.334179999999822485e+03 1.035972449399389018e-15 2.326393469717722680e-16
1.334239999999822430e+03 8.479984908067468962e-16 2.236454149553721000e-16
1.334299999999822376e+03 5.743155682888240668e-16 2.022105935792620052e-16
1.334359999999822321e+03 5.185207099194501653e-16 2.000915731046836526e-16
1.334419999999822267e+03 4.554411200066158378e-16 1.962480085784199897e-16
1.334479999999822212e+03 2.521800683487082572e-16 1.757560348973260251e-16
1.334539999999822157e+03 3.232802357973246988e-16 1.861378478366396824e-16
1.334599999999822103e+03 3.662845596900668305e-16 1.887280928479645094e-16
1.334659999999822048e+03 3.238396790186689762e-16 1.855959845143056687e-16
1.334719999999821994e+03 3.397996153310315651e-16 1.838239167551565293e-16
1.334779999999821939e+03 4.153052653933499620e-16 1.910722123216550786e-16
1.334839999999821885e+03 6.959129269091438399e-16 2.088465136342072671e-16
1.334899999999821830e+03 6.717911519231902367e-16 2.078216644781582201e-16
1.334959999999821775e+03 7.275661289179774915e-16 2.179898194163959949e-16
1.335019999999821721e+03 1.055727148651822927e-15 2.353156409097578738e-16
1.335079999999821666e+03 1.206747090203852176e-15 2.417519497594415288e-16
1.335139999999821612e+03 1.393618369533787594e-15 2.524515727597557767e-16
1.335199999999821557e+03 1.157505546155431317e-15 2.374874982672299906e-16
1.335259999999821503e+03 1.290949088808111606e-15 2.474169857205231528e-16
1.335319999999821448e+03 1.316412759161394633e-15 2.490832759202510124e-16
1.335379999999821393e+03 1.277336728115264729e-15 2.451430266962732308e-16
1.335439999999821339e+03 1.272229607212468521e-15 2.462669279037158062e-16
1.335499999999821284e+03 1.313657624451658214e-15 2.486669283143088843e-16
1.335559999999821230e+03 1.406177929662486929e-15 2.541569410881575242e-16
1.335619999999821175e+03 1.066350703616631757e-15 2.372912389371724650e-16
1.335679999999821121e+03 1.115740967550677298e-15 2.372978168276717763e-16
1.335739999999821066e+03 1.373335045107069183e-15 2.543608190687988137e-16
1.335799999999821011e+03 1.372192858727221835e-15 2.547959490259966532e-16
1.335859999999820957e+03 1.660020761849108465e-15 2.706481293577522086e-16
1.335919999999820902e+03 1.658017033044769998e-15 2.722676148796692481e-16
1.335979999999820848e+03 1.467076698870177802e-15 2.620621057856672296e-16
1.336039999999820793e+03 1.596481598174933385e-15 2.676847048318171072e-16
1.336099999999820739e+03 1.682712722857806585e-15 2.740581114063467144e-16
1.336159999999820684e+03 1.764557723230563727e-15 2.771040093864470366e-16
1.336219999999820629e+03 1.606961795998990038e-15 2.652635404518388671e-16
1.336279999999820575e+03 1.812972261765279349e-15 2.761606130909408543e-16
1.336339999999820520e+03 1.317864870785166070e-15 2.532026396570080317e-16
1.336399999999820466e+03 1.351103094137586532e-15 2.532377574890912454e-16
1.336459999999820411e+03 1.295969160847183352e-15 2.487527574689525998e-16
1.336519999999820357e+03 1.852445351473579949e-15 2.769530603791885112e-16
1.336579999999820302e+03 1.678094594731044363e-15 2.668163336453376667e-16
1.336639999999820247e+03 1.746416666008687938e-15 2.706203322845889443e-16
1.336699999999820193e+03 1.810041969172613656e-15 2.745912651533539288e-16
1.336759999999820138e+03 1.691846145756977882e-15 2.697251376898297475e-16
1.336819999999820084e+03 1.566169311087103864e-15 2.614680501489413691e-16
1.336879999999820029e+03 1.538883785127234764e-15 2.595854791963326874e-16
1.336939999999819975e+03 1.635962891493360369e-15 2.625699854930107984e-16
1.336999999999819920e+03 1.931153067727636141e-15 2.786331731126930048e-16
1.337059999999819865e+03 1.645598079881355032e-15 2.674880333073990311e-16
1.337119999999819811e+03 1.674036725389544524e-15 2.682965721071026168e-16
1.337179999999819756e+03 1.663318651833780167e-15 2.694994431564210129e-16
1.337239999999819702e+03 1.804944093844832866e-15 2.770842642550628988e-16
1.337299999999819647e+03 1.478927592608966138e-15 2.598356434681804703e-16
1.337359999999819593e+03 1.920036549360170466e-15 2.811517310181787542e-16
1.337419999999819538e+03 1.555518261324689744e-15 2.602952715038771062e-16
1.337479999999819483e+03 1.439305443949559863e-15 2.523623179928304962e-16
1.337539999999819429e+03 1.631092171350312981e-15 2.622531140022433557e-16
1.337599999999819374e+03 1.940341300918139877e-15 2.745525197549706660e-16
1.337659999999819320e+03 1.378732310974305538e-15 2.487403626186245235e-16
1.337719999999819265e+03 1.652037223311417818e-15 2.631978411735918314e-16
1.337779999999819211e+03 1.696408611538590900e-15 2.666723318485519360e-16
1.337839999999819156e+03 1.588923951767769910e-15 2.628047314172053174e-16
1.337899999999819102e+03 1.618545987598397751e-15 2.638294749617908175e-16
1.337959999999819047e+03 1.539830526292969964e-15 2.587699406082441734e-16
1.338019999999818992e+03 1.136086643889191845e-15 2.377673298915922728e-16
1.338079999999818938e+03 1.188077011124527843e-15 2.408257342837700994e-16
1.338139999999818883e+03 1.566052246540423152e-15 2.612146861723982271e-16
1.338199999999818829e+03 1.602451568276681041e-15 2.630353848686018285e-16
1.338259999999818774e+03 1.280295785761098215e-15 2.474476265547658016e-16
1.338319999999818720e+03 1.081041380657720923e-15 2.333784778735948965e-16
1.338379999999818665e+03 1.576597463286611157e-15 2.614481964292116630e-16
1.338439999999818610e+03 1.713608478650418666e-15 2.675093115787823927e-16
1.338499999999818556e+03 1.739399573109988767e-15 2.711501281909964039e-16
1.338559999999818501e+03 1.499417756465072499e-15 2.602503793401093422e-16
1.338619999999818447e+03 1.497300033723878930e-15 2.602113004041346296e-16
1.338679999999818392e+03 1.562563431980553106e-15 2.632103015591056660e-16
1.338739999999818338e+03 1.433323794156566777e-15 2.531839375574895551e-16
1.338799999999818283e+03 1.480580469621676711e-15 2.585020652041098536e-16
1.338859999999818228e+03 1.642293317798538595e-15 2.686996531354819609e-16
1.338919999999818174e+03 1.857608688992873573e-15 2.789625958055629416e-16
1.338979999999818119e+03 1.522076157364625528e-15 2.628108939135241225e-16
1.339039999999818065e+03 1.768395313576669270e-15 2.756275113626104449e-16
1.339099999999818010e+03 1.649289322233450949e-15 2.691085106329827996e-16
1.339159999999817956e+03 1.592654632677673080e-15 2.673446794578988456e-16
1.339219999999817901e+03 1.349272485904514697e-15 2.760665562725607771e-16
1.339279999999817846e+03 1.705808741756985554e-15 2.979187216249744318e-16
1.339339999999817792e+03 1.625717161150428829e-15 2.924058457894286989e-16
1.339399999999817737e+03 2.077793086859456405e-15 3.142575549112188811e-16
1.339459999999817683e+03 1.718851868719011348e-15 2.980753089948578994e-16
1.339519999999817628e+03 1.626899010014637364e-15 2.907866582383439767e-16
1.339579999999817574e+03 1.841010951519298119e-15 3.026320661332094109e-16
1.339639999999817519e+03 1.622696916903860065e-15 2.659729534950596517e-16
1.339699999999817464e+03 1.688196359452879765e-15 2.688534814991943410e-16
1.339759999999817410e+03 1.856841337341371284e-15 2.776891872372281944e-16
1.339819999999817355e+03 1.428851772428198287e-15 2.559315713907443842e-16
1.339879999999817301e+03 1.555262649551355939e-15 2.632827425772572010e-16
1.339939999999817246e+03 1.640187347144275223e-15 2.675990332146173364e-16
1.339999999999817192e+03 1.735962823395761414e-15 2.693740379318076582e-16
1.340059999999817137e+03 1.655431843390608801e-15 2.647923111280110796e-16
1.340119999999817082e+03 1.805174098702158304e-15 2.724182292643967909e-16
1.340179999999817028e+03 1.702263582274553336e-15 2.668390605036748047e-16
1.340239999999816973e+03 1.696986523073683144e-15 2.665072010113553045e-16
1.340299999999816919e+03 1.606899591976144111e-15 2.635397907168271831e-16
1.340359999999816864e+03 1.652674938386001819e-15 2.642885729728773072e-16
1.340419999999816810e+03 2.002499028866941605e-15 2.797672528196714456e-16
1.340479999999816755e+03 1.517552588146447950e-15 2.539437672061411311e-16
1.340539999999816700e+03 1.701707914503581445e-15 2.678564364388131464e-16
1.340599999999816646e+03 1.498329812288751793e-15 2.566238740435718835e-16
1.340659999999816591e+03 1.802018151228180286e-15 2.709190818614121569e-16
1.340719999999816537e+03 1.654029673895719607e-15 2.636642959789082402e-16
1.340779999999816482e+03 1.986027114149740252e-15 2.788171685855483163e-16
1.340839999999816428e+03 1.473956014699952338e-15 2.542678114415856069e-16
1.340899999999816373e+03 2.061139557936932190e-15 2.812178942179663373e-16
1.340959999999816318e+03 1.395800130436032509e-15 2.506539120904042645e-16
1.341019999999816264e+03 1.669445206146962554e-15 2.640607709195856144e-16
1.341079999999816209e+03 1.581507287124416451e-15 2.674373707931730588e-16
1.341139999999816155e+03 1.853695223115060845e-15 2.825983096750398982e-16
1.341199999999816100e+03 1.613153220150860581e-15 2.680670933097835833e-16
1.341259999999816046e+03 1.624231695897121275e-15 2.739333864024212663e-16
1.341319999999815991e+03 1.730097685288504451e-15 2.794950499132969976e-16
1.341379999999815936e+03 1.737778907582186692e-15 2.795500494796745132e-16
1.341439999999815882e+03 1.599190324588706264e-15 2.744847617391952835e-16
1.341499999999815827e+03 1.511573808372732727e-15 2.703387367490447994e-16
1.341559999999815773e+03 1.462542984432922558e-15 2.600709569663742309e-16
1.341619999999815718e+03 1.702176028478498439e-15 2.702116030651359728e-16
1.341679999999815664e+03 1.787305297339650911e-15 2.707610776830300666e-16
1.341739999999815609e+03 1.578915879185878565e-15 2.640985463103922894e-16
1.341799999999815554e+03 1.433917088644642271e-15 2.534795380732523648e-16
1.341859999999815500e+03 1.485092504833888160e-15 2.573253712492359661e-16
1.341919999999815445e+03 1.522222725132657625e-15 2.586192316079901966e-16
1.341979999999815391e+03 1.907676297943257535e-15 2.802658244815517175e-16
1.342039999999815336e+03 1.536482777918117544e-15 2.636748434715525306e-16
1.342099999999815282e+03 1.762414111297470716e-15 2.731231658823766784e-16
1.342159999999815227e+03 1.581149598847938796e-15 2.643602766821835309e-16
1.342219999999815172e+03 1.703858488315864125e-15 2.717038026065758114e-16
1.342279999999815118e+03 1.552994578427444618e-15 2.643495506186509794e-16
1.342339999999815063e+03 1.687372511689690938e-15 2.699755606874616234e-16
1.342399999999815009e+03 1.873950961036236873e-15 2.807748720879165020e-16
1.342459999999814954e+03 1.748089838375161304e-15 2.738959624095216091e-16
1.342519999999814900e+03 1.675090716361728972e-15 2.698634072083269030e-16
1.342579999999814845e+03 1.224525653129574500e-15 2.463762952690943077e-16
1.342639999999814790e+03 1.814244733973435590e-15 2.762702806900386721e-16
1.342699999999814736e+03 1.498076989951086116e-15 2.619793226261808585e-16
1.342759999999814681e+03 1.698026744965438720e-15 2.678989066350308538e-16
1.342819999999814627e+03 1.751300145588526378e-15 2.718257454772959010e-16
1.342879999999814572e+03 1.877638222525265047e-15 2.788743198259714119e-16
1.342939999999814518e+03 1.648600093268214433e-15 2.655992174319718498e-16
1.342999999999814463e+03 1.811270874237780688e-15 2.759582805998229278e-16
1.343059999999814409e+03 1.190399724569139583e-15 2.463742499443646695e-16
1.343119999999814354e+03 1.189737852360672446e-15 2.427743163412998626e-16
1.343179999999814299e+03 1.646433144612292456e-15 2.692935966829373931e-16
1.343239999999814245e+03 1.959112524010616901e-15 2.815621997902310208e-16
1.343299999999814190e+03 1.869047703386345860e-15 2.759028729172496664e-16
1.343359999999814136e+03 1.449784059815449069e-15 2.592326751755955913e-16
1.343419999999814081e+03 1.800478103004500972e-15 2.753917571439987616e-16
1.343479999999814027e+03 1.571452514391929711e-15 2.623633503542159761e-16
1.343539999999813972e+03 1.351141645158862782e-15 2.491166003359827266e-16
1.343599999999813917e+03 1.385633673506666905e-15 2.491216984613968481e-16
1.343659999999813863e+03 2.019658640137621137e-15 2.814482557145262331e-16
1.343719999999813808e+03 1.669413136425967525e-15 2.667458761491509359e-16
1.343779999999813754e+03 1.635172754486989160e-15 2.640643535247844521e-16
1.343839999999813699e+03 1.694045144547711207e-15 2.660966458500834511e-16
1.343899999999813645e+03 1.747753408238325912e-15 2.699638451774628894e-16
1.343959999999813590e+03 1.449223088570040066e-15 2.548157470957238667e-16
1.344019999999813535e+03 1.782982479125345325e-15 2.698746943316085363e-16
1.344079999999813481e+03 1.901288865214720429e-15 2.776286643300888479e-16
1.344139999999813426e+03 1.912371102106084822e-15 2.798390291153287376e-16
1.344199999999813372e+03 1.755768058691810746e-15 2.738109201851519536e-16
1.344259999999813317e+03 1.818960523031419879e-15 2.761313147699200614e-16
1.344319999999813263e+03 1.717563950696100256e-15 2.708668431431190779e-16
1.344379999999813208e+03 1.735107076561220852e-15 2.708691391954839121e-16
1.344439999999813153e+03 1.627416416280712505e-15 2.669453885773647634e-16
1.344499999999813099e+03 1.905755280702020031e-15 2.802036641116610507e-16
1.344559999999813044e+03 1.469656930004854712e-15 2.590217630544978191e-16
1.344619999999812990e+03 1.715288732837039977e-15 2.674185891425982960e-16
1.344679999999812935e+03 1.484900055510375374e-15 2.573522474313591128e-16
1.344739999999812881e+03 1.825681927782977586e-15 2.737357059806051554e-16
1.344799999999812826e+03 1.492915300096309531e-15 2.563626969480462480e-16
1.344859999999812771e+03 1.515493091779083423e-15 2.614538073902108191e-16
1.344919999999812717e+03 1.767356631386539007e-15 2.741024331011159666e-16
1.344979999999812662e+03 1.666523916915138717e-15 2.684455109577156684e-16
1.345039999999812608e+03 1.595456884796986709e-15 2.671791799963009173e-16
1.345099999999812553e+03 1.793134560772084573e-15 2.768319391807163778e-16
1.345159999999812499e+03 1.716243386588820334e-15 2.715091825940747665e-16
1.345219999999812444e+03 1.588979279024499701e-15 2.658412317376704806e-16
1.345279999999812389e+03 1.629737064618779682e-15 2.686941821929355673e-16
1.345339999999812335e+03 1.680494479406721577e-15 2.719202887591578726e-16
1.345399999999812280e+03 1.605171709819141111e-15 2.713324050893380282e-16
1.345459999999812226e+03 1.668616329046794080e-15 2.750946106106164105e-16
1.345519999999812171e+03 1.695184195291235910e-15 2.768405346280401816e-16
1.345579999999812117e+03 1.709028429474580941e-15 2.787802884430024165e-16
1.345639999999812062e+03 1.866210008474313826e-15 3.884211259012035761e-16
1.345699999999812007e+03 1.387808523639528149e-15 4.634296543315046570e-16
1.345759999999811953e+03 1.748708768531161303e-15 4.909804451404026093e-16
1.345819999999811898e+03 1.406314545487840989e-15 4.614881120509228603e-16
1.345879999999811844e+03 1.567356064805160439e-15 4.737218472960947372e-16
1.345939999999811789e+03 1.380337500126002109e-15 3.480469292239341879e-16
1.345999999999811735e+03 1.548405983018912490e-15 3.557924009423591077e-16
1.346059999999811680e+03 1.385246183944410899e-15 3.465690113043096808e-16
1.346119999999811625e+03 1.594734103880699690e-15 2.656616262720839291e-16
1.346179999999811571e+03 1.832377453843385228e-15 2.759889003570979799e-16
1.346239999999811516e+03 1.671383741435149077e-15 2.668603356937342398e-16
1.346299999999811462e+03 1.531762925328068842e-15 2.596233995789229062e-16
1.346359999999811407e+03 1.628617995494650095e-15 2.654614105272196267e-16
1.346419999999811353e+03 1.739768748350801175e-15 2.704385870350809506e-16
1.346479999999811298e+03 1.793957268558688180e-15 2.740739425645273572e-16
1.346539999999811243e+03 1.956888828742315062e-15 2.790340515089048693e-16
1.346599999999811189e+03 1.628288585745793179e-15 2.629425258303167073e-16
1.346659999999811134e+03 1.578414952304301398e-15 2.629772333069508080e-16
1.346719999999811080e+03 1.727371708507950052e-15 2.690546712445931974e-16
1.346779999999811025e+03 1.548443893253739301e-15 2.598031475613290311e-16
1.346839999999810971e+03 1.625664470058473976e-15 2.640245931226934300e-16
1.346899999999810916e+03 1.575631432892557564e-15 2.636982221096249827e-16
1.346959999999810861e+03 1.590845413589432730e-15 2.652274139636857495e-16
1.347019999999810807e+03 1.400200469735482581e-15 2.533747714015634435e-16
1.347079999999810752e+03 1.390813089833303878e-15 2.538966012735665436e-16
1.347139999999810698e+03 1.588006264559368158e-15 2.646245016050745043e-16
1.347199999999810643e+03 1.453949417275077213e-15 2.550943079954248957e-16
1.347259999999810589e+03 1.919660288477291441e-15 2.783131395883678998e-16
1.347319999999810534e+03 1.443301716988904011e-15 2.540757418075401223e-16
1.347379999999810479e+03 9.806397986565354962e-16 2.315872400156686869e-16
1.347439999999810425e+03 9.389792957880022834e-16 2.295794925280391910e-16
1.347499999999810370e+03 1.252056749851122689e-15 2.454423613434187025e-16
1.347559999999810316e+03 8.417003589958174246e-16 2.211477218558187684e-16
1.347619999999810261e+03 9.606925709266516022e-16 2.319375952345836830e-16
1.347679999999810207e+03 8.537988667752030770e-16 2.225239685710740604e-16
1.347739999999810152e+03 6.433973027815052655e-16 2.114041935743846756e-16
1.347799999999810098e+03 4.919007189850325621e-16 2.038148717433781024e-16
1.347859999999810043e+03 3.636493830456639779e-16 1.883985786194706364e-16
1.347919999999809988e+03 5.433907348806332224e-16 2.055206760406074348e-16
1.347979999999809934e+03 3.146965620582684057e-16 1.897330204388564878e-16
1.348039999999809879e+03 1.328824016109394006e-16 1.744969819919272329e-16
1.348099999999809825e+03 1.204237919002606081e-16 1.699363278189372055e-16
1.348159999999809770e+03 3.680740468677996666e-17 1.632212073329901071e-16
1.348219999999809716e+03 7.842918109675839398e-17 1.706283440215672906e-16
1.348279999999809661e+03 7.184129827740843257e-17 1.678436177900900111e-16
1.348339999999809606e+03 9.728228276230754975e-17 1.714898786786536192e-16
1.348399999999809552e+03 7.337539420277533214e-17 1.651031252440894301e-16
1.348459999999809497e+03 5.146539540874610691e-17 1.674159975354169927e-16
1.348519999999809443e+03 1.440374622500145722e-16 1.753786433767510540e-16
1.348579999999809388e+03 2.680179894918511869e-16 1.862251230578990341e-16
1.348639999999809334e+03 1.889239524832623433e-16 1.780031549787726229e-16
1.348699999999809279e+03 1.899015452760597855e-16 1.806714633138736317e-16
1.348759999999809224e+03 3.064529176656667038e-16 1.941525336735742402e-16
1.348819999999809170e+03 4.613626298450128790e-16 2.033630412210997946e-16
1.348879999999809115e+03 5.237873068067909142e-16 2.081964668735607292e-16
1.348939999999809061e+03 5.898701027423467866e-16 2.103804099915550014e-16
1.348999999999809006e+03 9.264503773521207538e-16 2.333185815357920016e-16
1.349059999999808952e+03 1.022832250771364844e-15 2.384603051226482260e-16
1.349119999999808897e+03 1.068982623788558918e-15 2.412644335579613678e-16
1.349179999999808842e+03 9.320108414775573596e-16 2.302727445433923605e-16
1.349239999999808788e+03 1.254912914827596008e-15 2.496649738768821530e-16
1.349299999999808733e+03 1.086837986093503894e-15 2.407281846420853274e-16
1.349359999999808679e+03 1.204105523957589313e-15 2.465408629941741746e-16
1.349419999999808624e+03 1.440358366155980104e-15 2.627968060279067471e-16
1.349479999999808570e+03 1.337104883994474189e-15 2.642217189687143663e-16
1.349539999999808515e+03 1.591965656583706410e-15 2.795753560348487855e-16
1.349599999999808460e+03 1.261391991385587054e-15 2.622484768464451577e-16
1.349659999999808406e+03 1.430162592165932866e-15 2.678071773897708609e-16
1.349719999999808351e+03 1.135669389381522286e-15 2.549291280304415035e-16
1.349779999999808297e+03 1.214361165889791381e-15 2.570865542172748367e-16
1.349839999999808242e+03 1.943847345270964557e-15 2.922536280707105959e-16
1.349899999999808188e+03 1.552647695168150353e-15 2.669282032817249275e-16
1.349959999999808133e+03 1.762549772935402957e-15 2.726489128623612861e-16
1.350019999999808078e+03 1.840485503138990819e-15 2.763595587626826140e-16
1.350079999999808024e+03 1.931897304259658564e-15 2.786359650972433910e-16
1.350139999999807969e+03 2.166652362398377935e-15 2.879135945307598680e-16
1.350199999999807915e+03 1.709135010181481308e-15 2.688453178971644722e-16
1.350259999999807860e+03 1.393778211216376644e-15 2.546287805776989443e-16
1.350319999999807806e+03 1.988758047037543658e-15 2.823013661390141954e-16
1.350379999999807751e+03 1.734237748999966321e-15 2.671167641012962095e-16
1.350439999999807696e+03 1.511429460752286441e-15 2.568337938469082407e-16
1.350499999999807642e+03 2.034690561662519460e-15 2.822681761876389011e-16
1.350559999999807587e+03 1.369069853354575982e-15 2.506863967128727101e-16
1.350619999999807533e+03 1.163675248430263508e-15 2.422355292714821065e-16
1.350679999999807478e+03 1.223119264830920659e-15 2.459723761700728571e-16
1.350739999999807424e+03 1.624532296359577289e-15 2.657803121156073041e-16
1.350799999999807369e+03 1.839631056053491479e-15 2.768959460191594426e-16
1.350859999999807314e+03 1.300077617949489050e-15 2.486112208560111496e-16
1.350919999999807260e+03 1.891888371746751391e-15 2.779129725838154564e-16
1.350979999999807205e+03 2.065458468446577590e-15 2.871313833218447487e-16
1.351039999999807151e+03 1.463117408597863709e-15 2.579807038546154050e-16
1.351099999999807096e+03 1.512772973548187473e-15 2.613631877932542974e-16
1.351159999999807042e+03 1.317407633566507872e-15 2.499576325941044059e-16
1.351219999999806987e+03 1.590437436027739162e-15 2.680844615213450231e-16
1.351279999999806932e+03 1.635519953592660122e-15 2.703559566727330144e-16
1.351339999999806878e+03 2.003916422932798560e-15 2.875710805951347709e-16
1.351399999999806823e+03 1.491739107116035189e-15 2.651966948787855104e-16
1.351459999999806769e+03 1.569109594693828928e-15 2.689045729019452464e-16
1.351519999999806714e+03 1.448684471701772050e-15 2.643320845352554336e-16
1.351579999999806660e+03 1.847600043463068095e-15 2.829296942055860071e-16
1.351639999999806605e+03 1.488193863421745239e-15 2.655735387818523773e-16
1.351699999999806550e+03 1.571063176529199128e-15 2.673345614217841892e-16
1.351759999999806496e+03 1.497233697865778235e-15 2.620596308425103296e-16
1.351819999999806441e+03 1.633307840406167030e-15 2.703762803304628033e-16
1.351879999999806387e+03 1.736200500551417519e-15 2.758047917722590909e-16
1.351939999999806332e+03 1.796472136696178931e-15 2.792592950302928056e-16
1.351999999999806278e+03 1.561652375613027961e-15 2.681862581859782170e-16
1.352059999999806223e+03 1.797945193195450737e-15 2.794803134532493617e-16
1.352119999999806168e+03 1.574404473124395917e-15 2.665403497830633244e-16
1.352179999999806114e+03 1.712606262618459414e-15 2.735830939885838666e-16
1.352239999999806059e+03 1.556732792607617830e-15 2.666046548242292014e-16
1.352299999999806005e+03 1.495851572566259339e-15 2.637695087042181461e-16
1.352359999999805950e+03 1.450643991681321249e-15 2.626979369539002266e-16
1.352419999999805896e+03 1.289946384643722457e-15 2.544730459347987088e-16
1.352479999999805841e+03 1.635612325957851618e-15 2.739412987207445836e-16
1.352539999999805787e+03 1.575057962443134144e-15 2.699733216175479173e-16
1.352599999999805732e+03 1.747993857968586066e-15 2.787212803115859934e-16
1.352659999999805677e+03 1.388756764910484107e-15 2.595095954147066671e-16
1.352719999999805623e+03 1.661329740691032259e-15 2.854566653025673704e-16
1.352779999999805568e+03 1.646668574746110495e-15 2.933412064033947718e-16
1.352839999999805514e+03 1.742653277674595851e-15 2.974887448789650786e-16
1.352899999999805459e+03 1.387614956902884927e-15 2.796328946916031037e-16
1.352959999999805405e+03 1.323126930765168874e-15 2.548642699623671777e-16
1.353019999999805350e+03 1.488774505616617375e-15 2.573244756888038008e-16
1.353079999999805295e+03 1.763244865946373693e-15 2.731317312157429724e-16
1.353139999999805241e+03 1.951595543058982907e-15 2.805219667346265520e-16
1.353199999999805186e+03 1.561657185145707078e-15 2.617902967010160921e-16
1.353259999999805132e+03 1.487465013809157074e-15 2.583564758422709942e-16
1.353319999999805077e+03 1.479816235172895770e-15 2.580683850712236534e-16
1.353379999999805023e+03 1.421840607483740921e-15 2.552507704689823595e-16
1.353439999999804968e+03 1.504837990487970207e-15 2.590312858895792201e-16
1.353499999999804913e+03 1.886914715992180009e-15 2.778287065242394636e-16
1.353559999999804859e+03 1.412947475875080715e-15 2.525727283712953237e-16
1.353619999999804804e+03 1.413042215407466553e-15 2.558841026477000834e-16
1.353679999999804750e+03 1.424490818185442868e-15 2.587029567754612876e-16
1.353739999999804695e+03 1.576891725687365821e-15 2.696971003376692025e-16
1.353799999999804641e+03 1.636175643487104106e-15 2.719466065436943261e-16
1.353859999999804586e+03 2.016175133164417353e-15 2.890761024717552961e-16
1.353919999999804531e+03 1.753563417191987895e-15 2.772410818468599974e-16
1.353979999999804477e+03 1.814891662882030239e-15 2.825044942106881469e-16
1.354039999999804422e+03 1.725047719624589490e-15 2.787398597114172223e-16
1.354099999999804368e+03 1.597902424154942565e-15 2.687863397408926143e-16
1.354159999999804313e+03 1.586575792408175215e-15 2.690192932240199016e-16
1.354219999999804259e+03 1.593276909755018153e-15 2.685319582584519341e-16
1.354279999999804204e+03 1.398122889790548555e-15 2.603089333651576865e-16
1.354339999999804149e+03 1.694130944090593661e-15 2.734352981519586513e-16
1.354399999999804095e+03 1.853117169600418426e-15 2.803721569934800689e-16
1.354459999999804040e+03 2.064223452303342117e-15 2.886819382282137574e-16
1.354519999999803986e+03 1.726691034019136928e-15 2.767013351278754827e-16
1.354579999999803931e+03 1.363824317944922633e-15 2.574302025542791396e-16
1.354639999999803877e+03 1.667386739119410406e-15 2.704675379506011303e-16
1.354699999999803822e+03 1.412003148077294419e-15 2.628914711973014779e-16
1.354759999999803767e+03 1.551423200788569706e-15 2.676670082921165492e-16
1.354819999999803713e+03 1.540260247984697302e-15 2.696159017614296965e-16
1.354879999999803658e+03 1.622918406519627572e-15 2.729331457490851138e-16
1.354939999999803604e+03 1.753052965146152474e-15 2.778642313569999299e-16
1.354999999999803549e+03 1.725150554619973297e-15 2.754450755574550848e-16
1.355059999999803495e+03 1.931775727095687078e-15 2.873153308700793669e-16
1.355119999999803440e+03 1.935386365596108997e-15 2.868082253966936397e-16
1.355179999999803385e+03 1.874473398908735229e-15 2.842649104071109595e-16
1.355239999999803331e+03 1.832248783663877063e-15 2.826368531048943200e-16
1.355299999999803276e+03 1.608858405898094245e-15 2.740238585534708943e-16
1.355359999999803222e+03 1.764466521624147152e-15 2.759047913346264654e-16
1.355419999999803167e+03 1.954657631250080786e-15 2.856758766947065723e-16
1.355479999999803113e+03 1.859533232233964819e-15 2.827044887447530583e-16
1.355539999999803058e+03 1.988590524413080130e-15 2.870268182923623955e-16
1.355599999999803003e+03 1.906981483950893296e-15 2.827061463575874795e-16
1.355659999999802949e+03 1.945495605400892961e-15 2.849608445845923510e-16
1.355719999999802894e+03 1.553704136932748689e-15 2.661956981656775654e-16
1.355779999999802840e+03 2.015746095931810765e-15 2.871111567889979246e-16
1.355839999999802785e+03 1.226915709696074780e-15 2.473136352351644211e-16
1.355899999999802731e+03 1.468331626732408600e-15 2.596620220369396284e-16
1.355959999999802676e+03 1.663373205649414814e-15 2.689579545733890115e-16
1.356019999999802621e+03 1.502682824973623527e-15 2.622102478751280416e-16
1.356079999999802567e+03 1.610852329014138941e-15 2.684487417139641865e-16
1.356139999999802512e+03 1.609519010504572742e-15 2.681948711007693446e-16
1.356199999999802458e+03 1.794588919376947437e-15 2.745944808946013720e-16
1.356259999999802403e+03 1.760231532676825271e-15 2.713981631113441450e-16
1.356319999999802349e+03 1.810199192945834461e-15 2.757111026608412405e-16
1.356379999999802294e+03 1.359400948588443050e-15 2.517918033919251546e-16
1.356439999999802239e+03 1.552615046535483513e-15 2.630986873562683748e-16
1.356499999999802185e+03 1.378583379020244017e-15 2.563385546744063428e-16
1.356559999999802130e+03 1.332651871916487407e-15 2.517202730446813146e-16
1.356619999999802076e+03 1.278905033493768724e-15 2.496460507444518772e-16
1.356679999999802021e+03 1.186135077748010651e-15 2.451547010704156585e-16
1.356739999999801967e+03 1.515970428232057774e-15 2.606456629522274780e-16
1.356799999999801912e+03 1.843167620506834815e-15 2.792855985770657664e-16
1.356859999999801857e+03 1.427303705320692137e-15 2.588686950027354167e-16
1.356919999999801803e+03 1.536137634758351376e-15 2.652461811117830085e-16
1.356979999999801748e+03 1.434947101146149524e-15 2.611799647240524542e-16
1.357039999999801694e+03 1.313941783669391316e-15 2.551650871586361809e-16
1.357099999999801639e+03 1.576822960363914070e-15 2.710606388734183675e-16
1.357159999999801585e+03 1.401820032304005893e-15 2.589359433856153992e-16
1.357219999999801530e+03 1.585157830645743691e-15 2.698680056500300628e-16
1.357279999999801475e+03 1.379296832753626007e-15 2.595537343520489452e-16
1.357339999999801421e+03 1.448872856859900997e-15 2.648537451557657337e-16
1.357399999999801366e+03 1.238159195319409716e-15 2.538584151563075491e-16
1.357459999999801312e+03 1.314588834012951145e-15 2.570575155429737832e-16
1.357519999999801257e+03 1.489937190294060940e-15 2.672630029132707485e-16
1.357579999999801203e+03 1.264463971797785916e-15 2.555140599212940096e-16
1.357639999999801148e+03 1.222848798316651647e-15 2.501026412462215329e-16
1.357699999999801094e+03 1.554978357492122214e-15 2.695287926467862418e-16
1.357759999999801039e+03 1.430575329312271969e-15 2.676718752849564053e-16
1.357819999999800984e+03 1.303653707641660994e-15 2.633745165532456295e-16
1.357879999999800930e+03 1.325154666573333570e-15 2.695338633943651430e-16
1.357939999999800875e+03 1.458472321090735282e-15 2.766103931852871667e-16
1.357999999999800821e+03 1.618569444565662742e-15 2.818731675464719976e-16
1.358059999999800766e+03 1.515308519026379622e-15 2.792200149757734668e-16
1.358119999999800712e+03 1.595428573516427391e-15 2.815771114599703770e-16
1.358179999999800657e+03 1.461379872553522158e-15 2.735991594027216589e-16
1.358239999999800602e+03 1.636816960040021671e-15 2.759481414203987052e-16
1.358299999999800548e+03 1.562199014868165569e-15 2.707779381251137050e-16
1.358359999999800493e+03 1.390507049633994106e-15 2.596367113549540633e-16
1.358419999999800439e+03 1.830014491500685116e-15 2.842652778046558577e-16
1.358479999999800384e+03 1.493831662202167887e-15 2.678564107418419687e-16
1.358539999999800330e+03 1.563762738159114283e-15 2.704632780836807598e-16
1.358599999999800275e+03 1.690406889594959327e-15 2.739084810870980291e-16
1.358659999999800220e+03 1.414019659914685592e-15 2.590331460210310180e-16
1.358719999999800166e+03 1.445070959390963346e-15 2.640046062587769743e-16
1.358779999999800111e+03 1.281345198116607685e-15 2.537152394122826296e-16
1.358839999999800057e+03 1.622297028082744267e-15 2.697997253024656559e-16
1.358899999999800002e+03 1.662360137110735632e-15 2.715022883626890231e-16
1.358959999999799948e+03 1.587835538142785950e-15 2.674904860148080681e-16
1.359019999999799893e+03 1.682691650002579608e-15 2.732264092850395449e-16
1.359079999999799838e+03 1.690815421917656536e-15 2.696636530780737321e-16
1.359139999999799784e+03 1.595314150743466028e-15 2.671150312697727464e-16
1.359199999999799729e+03 1.508985073212153838e-15 2.601685855457079454e-16
1.359259999999799675e+03 1.666281252461308839e-15 2.699231946591790777e-16
1.359319999999799620e+03 1.558063412343996145e-15 2.654499792045339703e-16
1.359379999999799566e+03 1.641619740499018506e-15 2.694241174875098134e-16
1.359439999999799511e+03 1.586706484991073391e-15 2.685757562622805850e-16
1.359499999999799456e+03 1.587330843769331771e-15 2.646514564161463884e-16
1.359559999999799402e+03 1.442088974984039290e-15 2.582046326691468049e-16
1.359619999999799347e+03 1.778241139001421677e-15 2.774022645541939137e-16
1.359679999999799293e+03 1.323660869974994034e-15 2.554632930495181523e-16
1.359739999999799238e+03 1.655161531501586458e-15 2.723584079131629832e-16
1.359799999999799184e+03 1.574321849044163444e-15 2.707379157436732941e-16
1.359859999999799129e+03 1.536992684662362665e-15 2.685064903379601796e-16
1.359919999999799074e+03 1.585471028189727434e-15 2.721177897319079147e-16
1.359979999999799020e+03 1.431198389116606302e-15 2.863052085865886338e-16
1.360039999999798965e+03 1.234340941811529814e-15 2.725796309902772609e-16
1.360099999999798911e+03 1.738799990529981975e-15 3.008053340414301690e-16
1.360159999999798856e+03 1.486320311851369774e-15 2.838159770044080754e-16
1.360219999999798802e+03 1.505737422160401651e-15 2.632463241701738527e-16
1.360279999999798747e+03 1.819475287141708641e-15 2.829608773447388684e-16
1.360339999999798692e+03 1.544427788968000859e-15 2.669986572860629390e-16
1.360399999999798638e+03 1.591729707219516349e-15 2.711038885844445203e-16
1.360459999999798583e+03 1.460637615482177858e-15 2.641934130337117700e-16
1.360519999999798529e+03 1.760200520226668917e-15 2.792632506228019696e-16
1.360579999999798474e+03 1.659458314411636631e-15 2.754615151431074704e-16
1.360639999999798420e+03 1.367326972266799332e-15 2.595624572827772619e-16
1.360699999999798365e+03 1.711375127125015465e-15 2.790048017498950626e-16
1.360759999999798310e+03 1.427168215737042606e-15 2.653836977815141944e-16
1.360819999999798256e+03 1.616637929896121370e-15 2.751260628500132101e-16
1.360879999999798201e+03 1.423360951522094244e-15 2.655213408102311755e-16
1.360939999999798147e+03 1.815078814615642235e-15 2.861784108773450548e-16
1.360999999999798092e+03 1.667997047135195244e-15 2.806732053192350458e-16
1.361059999999798038e+03 1.385141011987871970e-15 2.662316077482710887e-16
1.361119999999797983e+03 1.690462530129979624e-15 2.803662899281420542e-16
1.361179999999797928e+03 1.736566082513442239e-15 2.826934447061856353e-16
1.361239999999797874e+03 1.473212489166074307e-15 2.695146870860544690e-16
1.361299999999797819e+03 1.584019180145788990e-15 2.740750788580897282e-16
1.361359999999797765e+03 1.586096200252767177e-15 2.731149405311775801e-16
1.361419999999797710e+03 1.744000280820008179e-15 2.792167597521041788e-16
1.361479999999797656e+03 1.520837172264411615e-15 2.716345793373916007e-16
1.361539999999797601e+03 1.408444369207746862e-15 2.640499364300016728e-16
1.361599999999797546e+03 1.914526097549314342e-15 2.868994930566435068e-16
1.361659999999797492e+03 1.768761679134085592e-15 2.795653838232215938e-16
1.361719999999797437e+03 1.671823370436346382e-15 2.764768700419643232e-16
1.361779999999797383e+03 1.637488776068117403e-15 2.735439228488172701e-16
1.361839999999797328e+03 1.634589286214585995e-15 2.732701969640666513e-16
1.361899999999797274e+03 1.688048458388164263e-15 2.765980104864308246e-16
1.361959999999797219e+03 1.899202106493003466e-15 2.869710838913853303e-16
1.362019999999797164e+03 1.783439726390608042e-15 2.808993492208935646e-16
1.362079999999797110e+03 1.593211183372945286e-15 2.737881837166262921e-16
1.362139999999797055e+03 1.270000203003728601e-15 2.596586975975289452e-16
1.362199999999797001e+03 1.657329022958639817e-15 2.776990776116704344e-16
1.362259999999796946e+03 1.522314294674544681e-15 2.702247985485622031e-16
1.362319999999796892e+03 1.656489578668099376e-15 2.778449055791772382e-16
1.362379999999796837e+03 1.663902830472710858e-15 2.748477574466858993e-16
1.362439999999796783e+03 1.151073751431939429e-15 2.483736580458770174e-16
1.362499999999796728e+03 1.415982356410800969e-15 2.629875879785173061e-16
1.362559999999796673e+03 1.653795308951348689e-15 2.723266015323309516e-16
1.362619999999796619e+03 1.627953607213102627e-15 2.717773898608430895e-16
1.362679999999796564e+03 1.506387241709524408e-15 2.677928926551314502e-16
1.362739999999796510e+03 1.401230283580592555e-15 2.622221995427336183e-16
1.362799999999796455e+03 1.815342852164234677e-15 2.816396933395777424e-16
1.362859999999796401e+03 1.550063655506576023e-15 2.701161040443332242e-16
1.362919999999796346e+03 1.588596061228622399e-15 2.720487064847277211e-16
1.362979999999796291e+03 1.888630301725161126e-15 2.863931966400530356e-16
1.363039999999796237e+03 1.935141013762991494e-15 2.886286811288200777e-16
1.363099999999796182e+03 1.628725620799374983e-15 2.762420717207514632e-16
1.363159999999796128e+03 1.833056791511942286e-15 2.828165126726228478e-16
1.363219999999796073e+03 1.351799744993993458e-15 2.601014117962119435e-16
1.363279999999796019e+03 1.717265967721568479e-15 2.772681300984913139e-16
1.363339999999795964e+03 1.394083956453964959e-15 2.633226501404702657e-16
1.363399999999795909e+03 1.982323958362966017e-15 2.916842930362350090e-16
1.363459999999795855e+03 1.627233048531715739e-15 2.748504129408400211e-16
1.363519999999795800e+03 1.782903166748338286e-15 2.795251706770628575e-16
1.363579999999795746e+03 2.183022165517775685e-15 2.984267159553689315e-16
1.363639999999795691e+03 1.669401171685986517e-15 2.739720177764687528e-16
1.363699999999795637e+03 1.616970857605629232e-15 2.751295802612613370e-16
1.363759999999795582e+03 1.629025930742737302e-15 2.758772165935964200e-16
1.363819999999795527e+03 1.604946434075261382e-15 2.741508284997231063e-16
1.363879999999795473e+03 1.633575488073771901e-15 2.737547280609444923e-16
1.363939999999795418e+03 1.818455931467460270e-15 2.847121322646687466e-16
1.363999999999795364e+03 1.428837722693092223e-15 2.631099721947298656e-16
1.364059999999795309e+03 1.645509154932868868e-15 2.746673857121450812e-16
1.364119999999795255e+03 1.628484082346652778e-15 2.745903503756030318e-16
1.364179999999795200e+03 1.176648881484786802e-15 2.480112122311592007e-16
1.364239999999795145e+03 1.772971880568926239e-15 2.821212389275793551e-16
1.364299999999795091e+03 1.695771302235289149e-15 2.780492061952211505e-16
1.364359999999795036e+03 1.792609160624946167e-15 2.817581703991925606e-16
1.364419999999794982e+03 1.792912189132122230e-15 2.831760501258989165e-16
1.364479999999794927e+03 1.853839534276286236e-15 2.855056033544328792e-16
1.364539999999794873e+03 1.652332469288931153e-15 2.770316742554868150e-16
1.364599999999794818e+03 1.681873370456170689e-15 2.783905121372360807e-16
1.364659999999794763e+03 1.707827818058746219e-15 2.797337999762557480e-16
1.364719999999794709e+03 1.387761366048236244e-15 2.645808680337467334e-16
1.364779999999794654e+03 1.295664463974319718e-15 2.567068495398437368e-16
1.364839999999794600e+03 1.570440560881259229e-15 2.702060642816954306e-16
1.364899999999794545e+03 1.767544825687306149e-15 2.818407673606719985e-16
1.364959999999794491e+03 1.672534073050637770e-15 2.733417049340264867e-16
1.365019999999794436e+03 1.890648483307730007e-15 2.836562599652628465e-16
1.365079999999794381e+03 1.572923443921457438e-15 2.693711841301448332e-16
1.365139999999794327e+03 1.556633049946658662e-15 2.673925694072646311e-16
1.365199999999794272e+03 1.481514106307530776e-15 2.658269286083314118e-16
1.365259999999794218e+03 1.291514851935112553e-15 2.569155989421654765e-16
1.365319999999794163e+03 1.311101991434850405e-15 2.595861507269064289e-16
1.365379999999794109e+03 1.359059849924993594e-15 2.609970930961398016e-16
1.365439999999794054e+03 1.624968429377683155e-15 2.743217511058365755e-16
1.365499999999793999e+03 1.535871842045124176e-15 2.690161262735397459e-16
1.365559999999793945e+03 1.430302973141824378e-15 2.632222272179132591e-16
1.365619999999793890e+03 1.443999153221176985e-15 2.626695586724260485e-16
1.365679999999793836e+03 1.719639475948211764e-15 2.787972923241020718e-16
1.365739999999793781e+03 1.370655521080481965e-15 2.569953346040684307e-16
1.365799999999793727e+03 1.463260087560865570e-15 2.639167227849659002e-16
1.365859999999793672e+03 1.553432176576493439e-15 2.683166805868596556e-16
1.365919999999793617e+03 1.894796483854371412e-15 2.880462308071423180e-16
1.365979999999793563e+03 1.443090737944570463e-15 2.682078293678451993e-16
1.366039999999793508e+03 1.719919727669958701e-15 2.833532012185848715e-16
1.366099999999793454e+03 1.734807948390413983e-15 2.867832526180101440e-16
1.366159999999793399e+03 1.589527634501577808e-15 2.824365526796452624e-16
1.366219999999793345e+03 1.655112601151117581e-15 2.878827359500474306e-16
1.366279999999793290e+03 1.823175309844126442e-15 2.983169252990950300e-16
1.366339999999793235e+03 1.286966534705702934e-15 2.674336278371028229e-16
1.366399999999793181e+03 1.488820565526469694e-15 3.078187956093638010e-16
1.366459999999793126e+03 1.871833393536061187e-15 3.994837870438344697e-16
1.366519999999793072e+03 1.183949608818889755e-15 3.578230409685167380e-16
1.366579999999793017e+03 1.483772398520531220e-15 3.762155332271760681e-16
1.366639999999792963e+03 1.543839893125080440e-15 3.768263505534357890e-16
1.366699999999792908e+03 1.645525085234175959e-15 2.773944103433572329e-16
1.366759999999792853e+03 1.758156977816435487e-15 2.796259203273737898e-16
1.366819999999792799e+03 1.664254475252626550e-15 2.759270542311123298e-16
1.366879999999792744e+03 1.744374594295982805e-15 2.790166877410611022e-16
1.366939999999792690e+03 1.705704591887039348e-15 2.787987245605317005e-16
1.366999999999792635e+03 1.558871484246300553e-15 2.722887097643650472e-16
1.367059999999792581e+03 1.792858661875395666e-15 2.835616574329734610e-16
1.367119999999792526e+03 1.612082967623992186e-15 2.746600872071385879e-16
1.367179999999792471e+03 1.477969184525668175e-15 2.676388026466904258e-16
1.367239999999792417e+03 1.890055873057642760e-15 2.872682607981674420e-16
1.367299999999792362e+03 1.503865303811302556e-15 2.692043094257531701e-16
1.367359999999792308e+03 1.673563666751779486e-15 2.770851268655164344e-16
1.367419999999792253e+03 1.515967072283047862e-15 2.688665350169691389e-16
1.367479999999792199e+03 1.564181430167662965e-15 2.710069939454323403e-16
1.367539999999792144e+03 1.410283505389689864e-15 2.660462618175717512e-16
1.367599999999792090e+03 1.309239915439717741e-15 2.612123458836784167e-16
1.367659999999792035e+03 1.659333912736659032e-15 2.787625363287405995e-16
1.367719999999791980e+03 1.581986346686746887e-15 2.753356252135507628e-16
1.367779999999791926e+03 1.772833407845209313e-15 2.842531430280353970e-16
1.367839999999791871e+03 1.647487036936629478e-15 2.751164941903710610e-16
1.367899999999791817e+03 1.617390365975799810e-15 2.754809576592947977e-16
1.367959999999791762e+03 1.619154007797058945e-15 2.770893215575093760e-16
1.368019999999791708e+03 1.479678732348206050e-15 2.716470773117636576e-16
1.368079999999791653e+03 1.644330124257882274e-15 2.795175921431138969e-16
1.368139999999791598e+03 1.762933191535912035e-15 2.860713235614377795e-16
1.368199999999791544e+03 1.844099891587648588e-15 2.882619075189049292e-16
1.368259999999791489e+03 1.475622803283491122e-15 2.710740903576111963e-16
1.368319999999791435e+03 1.664290819782144940e-15 2.822877747769043221e-16
1.368379999999791380e+03 1.667862481601509315e-15 2.811810269567132970e-16
1.368439999999791326e+03 1.866102029592802347e-15 2.884705887048609591e-16
1.368499999999791271e+03 1.568240142009635179e-15 2.745412447822324255e-16
1.368559999999791216e+03 1.754895242582549804e-15 2.826650341117660130e-16
1.368619999999791162e+03 1.720535836270574783e-15 2.807167886476817234e-16
1.368679999999791107e+03 1.856035416368322744e-15 2.884759551131330513e-16
1.368739999999791053e+03 1.843251523389264603e-15 2.874667126917048016e-16
1.368799999999790998e+03 1.666614775653572844e-15 2.796757058680050272e-16
1.368859999999790944e+03 1.416210998356243638e-15 2.682169105437924516e-16
1.368919999999790889e+03 1.723344289183577805e-15 2.810204236727244691e-16
1.368979999999790834e+03 1.666728049201287725e-15 2.781551517617223379e-16
1.369039999999790780e+03 1.682420605951275456e-15 2.814497794622917567e-16
1.369099999999790725e+03 1.820566275564806066e-15 2.905021086001785528e-16
1.369159999999790671e+03 1.822866450179993826e-15 2.878070761678045104e-16
1.369219999999790616e+03 1.746517881866000788e-15 2.866671795489373185e-16
1.369279999999790562e+03 1.773165322386703631e-15 2.899559439682063444e-16
1.369339999999790507e+03 1.511271078542441432e-15 2.767426100698472826e-16
1.369399999999790452e+03 1.767336623289725355e-15 2.872519994400278441e-16
1.369459999999790398e+03 1.914199805921960534e-15 2.948652016396209878e-16
1.369519999999790343e+03 1.517943053058728103e-15 2.712989822342386543e-16
1.369579999999790289e+03 1.667334583249025777e-15 2.772955872847643756e-16
1.369639999999790234e+03 1.691897526079349460e-15 2.787619975591365662e-16
1.369699999999790180e+03 1.465763217159935268e-15 2.708358827666632182e-16
1.369759999999790125e+03 1.863223913862763936e-15 2.868512792209244047e-16
1.369819999999790070e+03 1.490512455713651683e-15 2.679324794574488767e-16
1.369879999999790016e+03 1.831746083678618688e-15 2.859749013817353788e-16
1.369939999999789961e+03 1.884925608276160684e-15 2.894265124144912627e-16
1.369999999999789907e+03 1.745961352511465135e-15 2.787422857299680527e-16
1.370059999999789852e+03 1.355971332878536463e-15 2.612905582118502329e-16
1.370119999999789798e+03 1.571467715454370955e-15 2.735223540915873481e-16
1.370179999999789743e+03 1.427965925413239020e-15 2.674504080804767031e-16
1.370239999999789688e+03 1.709930238271594235e-15 2.824275068580240992e-16
1.370299999999789634e+03 1.775486160034634036e-15 2.834003263968966690e-16
1.370359999999789579e+03 1.670193908039955090e-15 2.830295440685113363e-16
1.370419999999789525e+03 1.691065694856257188e-15 2.866651078131532510e-16
1.370479999999789470e+03 1.392652902682771113e-15 2.682781365662802542e-16
1.370539999999789416e+03 1.628874674099629983e-15 2.833797676332445472e-16
1.370599999999789361e+03 1.214886751208841674e-15 2.618814184926828107e-16
1.370659999999789306e+03 1.473904699567881806e-15 2.752556695381639967e-16
1.370719999999789252e+03 1.609236350610948278e-15 2.814108885944662207e-16
1.370779999999789197e+03 1.685111891694079324e-15 2.855597823089588324e-16
1.370839999999789143e+03 1.533031974371486733e-15 2.758505789337838143e-16
1.370899999999789088e+03 1.719943674158419153e-15 2.849174683825542754e-16
1.370959999999789034e+03 1.757796614786129262e-15 2.874347890654529964e-16
1.371019999999788979e+03 1.422880672390598834e-15 2.698090386072609101e-16
1.371079999999788924e+03 1.396981379299684610e-15 2.655085631369913382e-16
1.371139999999788870e+03 1.799783241231757038e-15 2.855291519362707595e-16
1.371199999999788815e+03 1.452180701477284961e-15 2.707123636889520596e-16
1.371259999999788761e+03 1.773948083791621596e-15 2.873643843028302208e-16
1.371319999999788706e+03 1.650660198108383186e-15 2.796116552347195172e-16
1.371379999999788652e+03 1.399127603532595018e-15 2.667666803547134756e-16
1.371439999999788597e+03 1.465570713020812417e-15 2.698626983556381963e-16
1.371499999999788542e+03 1.723896763455902260e-15 2.838810813533018706e-16
1.371559999999788488e+03 1.501339938954955793e-15 2.735197163874416648e-16
1.371619999999788433e+03 1.662560168794480228e-15 2.812863281395568027e-16
1.371679999999788379e+03 1.923301214854191380e-15 2.936357561866123142e-16
1.371739999999788324e+03 1.569996572269456680e-15 2.792189337458274424e-16
1.371799999999788270e+03 1.703423394017194248e-15 2.838187968123252128e-16
1.371859999999788215e+03 1.653126715839914704e-15 2.817067185237628229e-16
1.371919999999788160e+03 1.328200293752783805e-15 2.658500108764199979e-16
1.371979999999788106e+03 1.872132806156009590e-15 2.943875257895793002e-16
1.372039999999788051e+03 1.477221931243343610e-15 2.738735919115902237e-16
1.372099999999787997e+03 1.628258511940672007e-15 2.814304405003999517e-16
1.372159999999787942e+03 2.032390315094004432e-15 3.001272415172521330e-16
1.372219999999787888e+03 1.641167764891111568e-15 2.809625620612462299e-16
1.372279999999787833e+03 2.033045289464468987e-15 3.013719677047970128e-16
1.372339999999787779e+03 1.759518579700225068e-15 2.843195653100804479e-16
1.372399999999787724e+03 1.434350174347101534e-15 2.684956722821682042e-16
1.372459999999787669e+03 1.561254452554484320e-15 2.750225656183813698e-16
1.372519999999787615e+03 1.472336470050578431e-15 2.719998055431576707e-16
1.372579999999787560e+03 1.470901365291564814e-15 2.729574867555577922e-16
1.372639999999787506e+03 1.382352010307836503e-15 2.647138192675415832e-16
1.372699999999787451e+03 1.959485989596276518e-15 2.933624468467208664e-16
1.372759999999787397e+03 1.523899392231244441e-15 2.737517908772860835e-16
1.372819999999787342e+03 1.544038855603255097e-15 2.740750146150069553e-16
1.372879999999787287e+03 1.738481066585171227e-15 2.843719141367398227e-16
1.372939999999787233e+03 1.455006743284170285e-15 2.672929475359070871e-16
1.372999999999787178e+03 1.430961829516305943e-15 2.678162409939444943e-16
1.373059999999787124e+03 1.739536211408747956e-15 2.841948955556870277e-16
1.373119999999787069e+03 1.385326684613398179e-15 2.672512071533340728e-16
1.373179999999787015e+03 1.581973229543525595e-15 2.787105834238085698e-16
1.373239999999786960e+03 1.374083616991777717e-15 2.664439739198267360e-16
1.373299999999786905e+03 2.022510146279768431e-15 2.984814178582483727e-16
1.373359999999786851e+03 1.789874471685264473e-15 2.871077308181858822e-16
1.373419999999786796e+03 1.690050357233110463e-15 2.799345127831910277e-16
1.373479999999786742e+03 1.467826430040014853e-15 2.694649601592633636e-16
1.373539999999786687e+03 1.403457207690189277e-15 2.681347716967711856e-16
1.373599999999786633e+03 1.653789995641854703e-15 2.813525860826417825e-16
1.373659999999786578e+03 2.036869395053336871e-15 2.996131926025387716e-16
1.373719999999786523e+03 2.091253060639363533e-15 3.021431148483103272e-16
1.373779999999786469e+03 1.159216568444985705e-15 2.556481668238007160e-16
1.373839999999786414e+03 1.544884136129608205e-15 2.782150261106758941e-16
1.373899999999786360e+03 1.803974441205295839e-15 2.887200053458220613e-16
1.373959999999786305e+03 1.696910138633982988e-15 2.845871316692887707e-16
1.374019999999786251e+03 1.553317731747084113e-15 2.782022984293511603e-16
1.374079999999786196e+03 1.714172237811023989e-15 2.856068492475805200e-16
1.374139999999786141e+03 1.611019438036501145e-15 2.780154946130068313e-16
1.374199999999786087e+03 1.502268225824545006e-15 2.755167477016754282e-16
1.374259999999786032e+03 1.402486414186314719e-15 2.719282201139846698e-16
1.374319999999785978e+03 1.729224750290319998e-15 2.871024428338405857e-16
1.374379999999785923e+03 1.978010907295389009e-15 2.990658152396605878e-16
1.374439999999785869e+03 2.306282350309257977e-15 3.143312308119423809e-16
1.374499999999785814e+03 2.718935174089040823e-15 3.384643692015660542e-16
1.374559999999785759e+03 2.342105302392757680e-15 3.253502956645675841e-16
1.374619999999785705e+03 2.830900090009274927e-15 3.483615258734204598e-16
1.374679999999785650e+03 1.945876459106748169e-15 3.060571119444884052e-16
1.374739999999785596e+03 2.076185607920356288e-15 3.160599551675363173e-16
1.374799999999785541e+03 1.865407736376762342e-15 3.089982742531006346e-16
1.374859999999785487e+03 1.741210594336085825e-15 2.968970290194211392e-16
1.374919999999785432e+03 1.609066235680339895e-15 2.875952924084701345e-16
1.374979999999785377e+03 1.793909016659047232e-15 2.900317459583342924e-16
1.375039999999785323e+03 1.716353653013228868e-15 2.852552129674933680e-16
1.375099999999785268e+03 1.668111755595370958e-15 2.817216932949943100e-16
1.375159999999785214e+03 1.188509645384440046e-15 2.563889357195177691e-16
1.375219999999785159e+03 2.124375149549358578e-15 3.057418085721916729e-16
1.375279999999785105e+03 1.680969706035209576e-15 2.830518976636577617e-16
1.375339999999785050e+03 1.679949823697236097e-15 2.827235055132880729e-16
1.375399999999784995e+03 1.320212097518770577e-15 2.616449298258626997e-16
1.375459999999784941e+03 1.655004643599888471e-15 2.821877073508405774e-16
1.375519999999784886e+03 1.418522561795672597e-15 2.684823502856032915e-16
1.375579999999784832e+03 1.464837506390801229e-15 2.701513762173924941e-16
1.375639999999784777e+03 1.666538182579332379e-15 2.817366955165513195e-16
1.375699999999784723e+03 1.378046396185422699e-15 2.661078245406077357e-16
1.375759999999784668e+03 1.628945080580300549e-15 2.783496063899370701e-16
1.375819999999784613e+03 1.761904856143192974e-15 2.848609142939396029e-16
1.375879999999784559e+03 1.602439268697829469e-15 2.740361198869323399e-16
1.375939999999784504e+03 1.783970327513711996e-15 2.860118502846174641e-16
1.375999999999784450e+03 1.745435943451146909e-15 2.830249768149428391e-16
1.376059999999784395e+03 1.603003012260385931e-15 2.775954172626004469e-16
1.376119999999784341e+03 1.688900441753802280e-15 2.817691368091979060e-16
1.376179999999784286e+03 2.100546676081402469e-15 3.022563183339932422e-16
1.376239999999784231e+03 1.526846552330075989e-15 2.731596314257129514e-16
1.376299999999784177e+03 1.893065047569388913e-15 2.915660698883796729e-16
1.376359999999784122e+03 1.949712992947125707e-15 2.973765701222185541e-16
1.376419999999784068e+03 1.774159975033326045e-15 2.896894179322947763e-16
1.376479999999784013e+03 1.523863082568673608e-15 2.778245938344352412e-16
1.376539999999783959e+03 1.661988430077061751e-15 2.876860551351894274e-16
1.376599999999783904e+03 1.916994356935247004e-15 3.002292702892111820e-16
1.376659999999783849e+03 1.654798332258400790e-15 2.860227752161873356e-16
1.376719999999783795e+03 1.722795867328193652e-15 2.879386322711726033e-16
1.376779999999783740e+03 1.702936567991493915e-15 2.854380734390066863e-16
1.376839999999783686e+03 1.617445018625492696e-15 2.839224247925259767e-16
1.376899999999783631e+03 1.563818179685111349e-15 2.803861796359294549e-16
1.376959999999783577e+03 1.992236401999816888e-15 3.414214949756690756e-16
1.377019999999783522e+03 1.299090824619767686e-15 3.058637385925774535e-16
1.377079999999783468e+03 1.614802310079858074e-15 3.226913289351437621e-16
1.377139999999783413e+03 1.618166237470252164e-15 3.239568713832014947e-16
1.377199999999783358e+03 1.784510577143122260e-15 3.289165323763534105e-16
1.377259999999783304e+03 2.319259707062567749e-15 3.599879542940211421e-16
1.377319999999783249e+03 1.914766115475561306e-15 3.396116951999697815e-16
1.377379999999783195e+03 2.043362645418405171e-15 3.459159369699740707e-16
1.377439999999783140e+03 2.113075223965203114e-15 3.077711227224986766e-16
1.377499999999783086e+03 2.020962232355167898e-15 3.065786219083501752e-16
1.377559999999783031e+03 1.714685506034717377e-15 2.931637564550104333e-16
1.377619999999782976e+03 1.894959481428189701e-15 3.005892563772828108e-16
1.377679999999782922e+03 1.846307044012200955e-15 2.988932133330339849e-16
1.377739999999782867e+03 1.996156595888856815e-15 3.061245919006861434e-16
1.377799999999782813e+03 1.904310635082769908e-15 2.982556387717149103e-16
1.377859999999782758e+03 2.016672949191331933e-15 3.045351663723315173e-16
1.377919999999782704e+03 1.944478914877408444e-15 2.985120768922624597e-16
1.377979999999782649e+03 1.674903644452937382e-15 2.867386235659070335e-16
1.378039999999782594e+03 1.834363026742834677e-15 2.934800411984612821e-16
1.378099999999782540e+03 1.521244615809268147e-15 2.774982325942471801e-16
1.378159999999782485e+03 1.372940673767088362e-15 2.720456072504961690e-16
1.378219999999782431e+03 1.507382150293548612e-15 2.779925490102884438e-16
1.378279999999782376e+03 1.509386360386657139e-15 2.762506365352201901e-16
1.378339999999782322e+03 1.899024273138433671e-15 2.965990082408013382e-16
1.378399999999782267e+03 1.317140983904435261e-15 2.676566770096016614e-16
1.378459999999782212e+03 1.641476364761504930e-15 2.838010148456789980e-16
1.378519999999782158e+03 1.527909855254737029e-15 2.760241196034343418e-16
1.378579999999782103e+03 1.865835137956468102e-15 2.947455029856998137e-16
1.378639999999782049e+03 1.434747240199868360e-15 2.735094783577275023e-16
1.378699999999781994e+03 1.689149795030197282e-15 2.873031366940544694e-16
1.378759999999781940e+03 1.653000251323761644e-15 2.851332221774559984e-16
1.378819999999781885e+03 1.491450126005043093e-15 2.781080933432099656e-16
1.378879999999781830e+03 1.551026145368299420e-15 2.814148944370602570e-16
1.378939999999781776e+03 1.609421694566891027e-15 2.831109453473728355e-16
1.378999999999781721e+03 1.877229913591342867e-15 2.945494198654044338e-16
1.379059999999781667e+03 1.592075942287849042e-15 2.788883828782197822e-16
1.379119999999781612e+03 1.837074856251634327e-15 2.894274579790216007e-16
1.379179999999781558e+03 1.570672772403612867e-15 2.764756833354946113e-16
1.379239999999781503e+03 1.775073905764404399e-15 2.883059929212003752e-16
1.379299999999781448e+03 1.577574727770568297e-15 2.799858442284963505e-16
1.379359999999781394e+03 1.443401889827543962e-15 2.697381044413929665e-16
1.379419999999781339e+03 1.648083570373158127e-15 2.813786872566203263e-16
1.379479999999781285e+03 1.601356017533950187e-15 2.793379058469138219e-16
1.379539999999781230e+03 1.375519745662244748e-15 2.707210816993693310e-16
1.379599999999781176e+03 1.468181544807537112e-15 2.730273026571198066e-16
1.379659999999781121e+03 1.593192146684935865e-15 2.779831714507726969e-16
1.379719999999781066e+03 1.454558715864447139e-15 2.717215588001919368e-16
1.379779999999781012e+03 1.657394057080577208e-15 2.845139236992967502e-16
1.379839999999780957e+03 1.481820933539853880e-15 2.779750580957181094e-16
1.379899999999780903e+03 1.521721628881535956e-15 2.800528024126391996e-16
1.379959999999780848e+03 1.609369035188819315e-15 2.862294568821019352e-16
1.380019999999780794e+03 1.462453575815060235e-15 2.787402215497557340e-16
1.380079999999780739e+03 1.296938396368340989e-15 2.707788835989274055e-16
1.380139999999780684e+03 1.455911263155701968e-15 2.806053234095531154e-16
1.380199999999780630e+03 1.444730594613976044e-15 2.793767628861726635e-16
1.380259999999780575e+03 1.503318324714742224e-15 2.837397251404321328e-16
1.380319999999780521e+03 1.323193879562089706e-15 2.730633351616845217e-16
1.380379999999780466e+03 1.471749326687688060e-15 2.813169060135295944e-16
1.380439999999780412e+03 1.770151833344866919e-15 2.946045844141774532e-16
1.380499999999780357e+03 1.642009168891584740e-15 2.901400031591529111e-16
1.380559999999780302e+03 1.624056597160114573e-15 2.871629368430805971e-16
1.380619999999780248e+03 1.765705070669798278e-15 2.948822474101582693e-16
1.380679999999780193e+03 1.765044800378754115e-15 2.948249008067868144e-16
1.380739999999780139e+03 1.789520037298236133e-15 2.938643300242063604e-16
1.380799999999780084e+03 1.976345806490639281e-15 3.009399728011967277e-16
1.380859999999780030e+03 1.756964693012851096e-15 2.902042812827219311e-16
1.380919999999779975e+03 2.045215090275887760e-15 3.038413133608663372e-16
1.380979999999779920e+03 1.842668068141554518e-15 2.950764238044975756e-16
1.381039999999779866e+03 1.629363757948911186e-15 2.832958028756641960e-16
1.381099999999779811e+03 1.494756059319919439e-15 2.774532486899476272e-16
1.381159999999779757e+03 1.525961041993924292e-15 2.794818943948021951e-16
1.381219999999779702e+03 1.427496854117090109e-15 2.730772595668890272e-16
1.381279999999779648e+03 1.361597806323488781e-15 2.656561480772693448e-16
1.381339999999779593e+03 1.630878182164979765e-15 2.831106488289545842e-16
1.381399999999779538e+03 1.292362249848135549e-15 2.671958485603490042e-16
1.381459999999779484e+03 1.574154233143733945e-15 2.803121339163845932e-16
1.381519999999779429e+03 1.456200305630246833e-15 2.747551528229949431e-16
1.381579999999779375e+03 1.486195635162911775e-15 2.764520872629531202e-16
1.381639999999779320e+03 1.432352811458281150e-15 2.718716788215444693e-16
1.381699999999779266e+03 1.401156622468131489e-15 2.704590169259564114e-16
1.381759999999779211e+03 1.570214739388983904e-15 2.796439254139601119e-16
1.381819999999779156e+03 1.463628708607295966e-15 2.745705351504906447e-16
1.381879999999779102e+03 1.374653166750738713e-15 2.682654212211998270e-16
1.381939999999779047e+03 2.009558922289499228e-15 3.019620457216547450e-16
1.381999999999778993e+03 1.664587713893615396e-15 2.845418403489597694e-16
1.382059999999778938e+03 1.593991808564283568e-15 2.813395231316206524e-16
1.382119999999778884e+03 1.343752913401924061e-15 2.663992337920594897e-16
1.382179999999778829e+03 1.514659943922707343e-15 2.787329070672380705e-16
1.382239999999778775e+03 1.696359283130558954e-15 2.833826515066770939e-16
1.382299999999778720e+03 1.618834513619444205e-15 2.820596288683787944e-16
1.382359999999778665e+03 1.352554592219252312e-15 2.697425201186280755e-16
1.382419999999778611e+03 1.425272055143737566e-15 2.747115949458277775e-16
1.382479999999778556e+03 1.555377615125287361e-15 2.816642737993653329e-16
1.382539999999778502e+03 1.552626922662518273e-15 2.810748187744398672e-16
1.382599999999778447e+03 1.135237876569863643e-15 2.603711107274949972e-16
1.382659999999778393e+03 1.279720794678555226e-15 2.699099726517422632e-16
1.382719999999778338e+03 1.571091503282493399e-15 2.889263192835619149e-16
1.382779999999778283e+03 1.523798682826064484e-15 2.904520808564129741e-16
1.382839999999778229e+03 1.178913691410490977e-15 2.713314616309003998e-16
1.382899999999778174e+03 1.647314126108857585e-15 3.007788431329225199e-16
1.382959999999778120e+03 1.590261978771576301e-15 3.004615257617007465e-16
1.383019999999778065e+03 1.665742566606049270e-15 3.040201752928778008e-16
1.383079999999778011e+03 1.720789981742023301e-15 3.055158982860929714e-16
1.383139999999777956e+03 1.515129239401739494e-15 2.933877914458455409e-16
1.383199999999777901e+03 1.713100219809483120e-15 2.989536948241256618e-16
1.383259999999777847e+03 1.513410513549586317e-15 2.865824304259903328e-16
1.383319999999777792e+03 1.471586005913257018e-15 2.833843716510546494e-16
1.383379999999777738e+03 1.720555657640227411e-15 2.938431381534440909e-16
1.383439999999777683e+03 1.854768187453855871e-15 3.015831777893301016e-16
1.383499999999777629e+03 1.523900530682489200e-15 2.838685614645372101e-16
1.383559999999777574e+03 1.450366172103806086e-15 2.803848936084441750e-16
1.383619999999777519e+03 1.787834057335815723e-15 2.980188482975745833e-16
1.383679999999777465e+03 1.457641248366257753e-15 2.793412366193665110e-16
1.383739999999777410e+03 1.409232698455406730e-15 2.762500755684091287e-16
1.383799999999777356e+03 1.251417324890519141e-15 2.684325344181372737e-16
1.383859999999777301e+03 1.506118635121693782e-15 2.800755375559112288e-16
1.383919999999777247e+03 1.967187160602683067e-15 3.023763158680386452e-16
1.383979999999777192e+03 1.752463129962556432e-15 2.929086614091380003e-16
1.384039999999777137e+03 1.519014028146205538e-15 3.061729505687144930e-16
1.384099999999777083e+03 1.238850398173595244e-15 2.900600790295912468e-16
1.384159999999777028e+03 1.185423862725719667e-15 2.858884132959344602e-16
1.384219999999776974e+03 1.607763337881925537e-15 3.105975114762901866e-16
1.384279999999776919e+03 1.552599997256682584e-15 3.059927359953397932e-16
1.384339999999776865e+03 1.777829475431432796e-15 3.206867922331553015e-16
1.384399999999776810e+03 1.636671812209968876e-15 3.131116557034382851e-16
1.384459999999776755e+03 1.539696921279796967e-15 2.793267542010288932e-16
1.384519999999776701e+03 1.771938399015726463e-15 2.915890280021840191e-16
1.384579999999776646e+03 1.232676339520153279e-15 2.646508805782133108e-16
1.384639999999776592e+03 1.219515301587110638e-15 2.613705448670258543e-16
1.384699999999776537e+03 1.338810422080756203e-15 2.657064907523227155e-16
1.384759999999776483e+03 1.443765876981766843e-15 2.757402715939352396e-16
1.384819999999776428e+03 1.391111645875407957e-15 2.755517633520431308e-16
1.384879999999776373e+03 1.720221643687901338e-15 2.915298431039121749e-16
1.384939999999776319e+03 1.476559335530703213e-15 2.803073388322147868e-16
1.384999999999776264e+03 1.600712448273675417e-15 2.859212556650221090e-16
1.385059999999776210e+03 1.313402940163852786e-15 2.721684533809576308e-16
1.385119999999776155e+03 1.560512514849448588e-15 2.833685485009251787e-16
1.385179999999776101e+03 1.348483998146728329e-15 2.728871812633978140e-16
1.385239999999776046e+03 1.281519832702183469e-15 2.685877880573866292e-16
1.385299999999775991e+03 1.359266385314722721e-15 2.730769327821981783e-16
1.385359999999775937e+03 1.297167227120688698e-15 2.714634348043034297e-16
1.385419999999775882e+03 1.518218317212000840e-15 2.810833491633980337e-16
1.385479999999775828e+03 1.613648280252933079e-15 2.859054380692799226e-16
1.385539999999775773e+03 1.557206785374657163e-15 2.834491865921478575e-16
1.385599999999775719e+03 1.491103915455516288e-15 2.790840216459032132e-16
1.385659999999775664e+03 1.244989817828621088e-15 2.648134385684628220e-16
1.385719999999775609e+03 1.498697261210567976e-15 2.835500238735131236e-16
1.385779999999775555e+03 1.464874350598979603e-15 2.824251971871775659e-16
1.385839999999775500e+03 2.212709990800003584e-15 3.200541855253738489e-16
1.385899999999775446e+03 1.249208912521980266e-15 2.702178786097440003e-16
1.385959999999775391e+03 1.580554522298696886e-15 2.928873023997601893e-16
1.386019999999775337e+03 1.631918604406012543e-15 2.950556539416105173e-16
1.386079999999775282e+03 1.785404269164224552e-15 3.001732877605670227e-16
1.386139999999775227e+03 1.628392228113134263e-15 2.907597917367896499e-16
1.386199999999775173e+03 1.410281120183570208e-15 2.787434210356693464e-16
1.386259999999775118e+03 1.502923771380706054e-15 2.850103436282474129e-16
1.386319999999775064e+03 1.769968451834999849e-15 2.973303259127999093e-16
1.386379999999775009e+03 1.435409158242628668e-15 2.809039142713144638e-16
1.386439999999774955e+03 1.512114378485911883e-15 2.862833893339202860e-16
1.386499999999774900e+03 1.613156532001128111e-15 2.925533805773600723e-16
1.386559999999774845e+03 1.273609145028935968e-15 2.733786391606227748e-16
1.386619999999774791e+03 1.184480306418335832e-15 2.679099761486583953e-16
1.386679999999774736e+03 1.848906966434177580e-15 3.015954260148664931e-16
1.386739999999774682e+03 1.429445699161406119e-15 2.807247571073704530e-16
1.386799999999774627e+03 1.121379527386378566e-15 2.620506843956514056e-16
1.386859999999774573e+03 1.136668514087342226e-15 2.641461316235552892e-16
1.386919999999774518e+03 1.255540580373963042e-15 2.702184619296336089e-16
1.386979999999774464e+03 1.651820059475263804e-15 2.943157660967713531e-16
1.387039999999774409e+03 1.367654881932015371e-15 2.780619472881753858e-16
1.387099999999774354e+03 1.554306095804088406e-15 2.901059985778116573e-16
1.387159999999774300e+03 1.311129574335774922e-15 2.747653388426928100e-16
1.387219999999774245e+03 1.313779177492625503e-15 2.765051426801235859e-16
1.387279999999774191e+03 1.431560923794134959e-15 2.834991103736984329e-16
1.387339999999774136e+03 1.568794920232703218e-15 2.868298495011513781e-16
1.387399999999774082e+03 1.451295534495641929e-15 2.794383817918343946e-16
1.387459999999774027e+03 1.762872219046030687e-15 2.933116233141427940e-16
1.387519999999773972e+03 1.301366554083572311e-15 2.710449227205928369e-16
1.387579999999773918e+03 1.481281399093707314e-15 2.788858530626740118e-16
1.387639999999773863e+03 1.438099170327532671e-15 2.755688182352356446e-16
1.387699999999773809e+03 1.328634526090185093e-15 2.692224628456840402e-16
1.387759999999773754e+03 1.624202189102359362e-15 2.852774169379410370e-16
1.387819999999773700e+03 1.255725860525702184e-15 2.676833622816454502e-16
1.387879999999773645e+03 1.636506823507128879e-15 2.877239225353480221e-16
1.387939999999773590e+03 1.615841468145758949e-15 2.860299841379662191e-16
1.387999999999773536e+03 1.576971032665052259e-15 2.836419259615010027e-16
1.388059999999773481e+03 1.720404864376945451e-15 2.870129181391051000e-16
1.388119999999773427e+03 1.363893833825287170e-15 2.716163008479943521e-16
1.388179999999773372e+03 1.365793688550541627e-15 2.762078521911613478e-16
1.388239999999773318e+03 1.497629959048594945e-15 2.821980439714243198e-16
1.388299999999773263e+03 1.115361675354156676e-15 2.606757165542900384e-16
1.388359999999773208e+03 1.410673723415766561e-15 2.778634636507985327e-16
1.388419999999773154e+03 1.473520538691006252e-15 2.804308705605935936e-16
1.388479999999773099e+03 1.575120838791795913e-15 2.877565526781081232e-16
1.388539999999773045e+03 1.403414753670396630e-15 2.793528651554139999e-16
1.388599999999772990e+03 1.248433078919217263e-15 2.725556978425689332e-16
1.388659999999772936e+03 1.135658759959767921e-15 2.644537821640640738e-16
1.388719999999772881e+03 1.412654712674459280e-15 2.829221905547689168e-16
1.388779999999772826e+03 1.823688807782135389e-15 3.029056771025521690e-16
1.388839999999772772e+03 1.280566454898453552e-15 2.738638450856260933e-16
1.388899999999772717e+03 1.605551373841636821e-15 2.906748281451078834e-16
1.388959999999772663e+03 1.476008320907735739e-15 2.840585883434247208e-16
1.389019999999772608e+03 1.283880953701843488e-15 2.744635095927098188e-16
1.389079999999772554e+03 1.384146243008836490e-15 2.787922830277883978e-16
1.389139999999772499e+03 1.298741527419309389e-15 2.767228410086887993e-16
1.389199999999772444e+03 1.431287669267850756e-15 2.817680990178600755e-16
1.389259999999772390e+03 1.367146304187310381e-15 2.792053661787456961e-16
1.389319999999772335e+03 1.616809461896698542e-15 2.922161995948383641e-16
1.389379999999772281e+03 1.166298499411632150e-15 2.673795125516374614e-16
1.389439999999772226e+03 1.305723844747557748e-15 2.757840362219050438e-16
1.389499999999772172e+03 1.711092498510986689e-15 2.971443797352078748e-16
1.389559999999772117e+03 1.493100567346732058e-15 2.872621218747382168e-16
1.389619999999772062e+03 1.390285469786067611e-15 2.798128113888874837e-16
1.389679999999772008e+03 1.521088805019933578e-15 2.893577809603904631e-16
1.389739999999771953e+03 1.320128791388087771e-15 2.766892817245815277e-16
1.389799999999771899e+03 1.716335878418158710e-15 2.971369645174205897e-16
1.389859999999771844e+03 1.143536918430787240e-15 2.672976957761653679e-16
1.389919999999771790e+03 1.717682134885826532e-15 2.962320426754374989e-16
1.389979999999771735e+03 1.804822501155760855e-15 2.992044976918634355e-16
1.390039999999771680e+03 1.433957220671232911e-15 2.809318356868621036e-16
1.390099999999771626e+03 1.354190597605853411e-15 2.781322361196970275e-16
1.390159999999771571e+03 1.545714817592138111e-15 2.878148531786265678e-16
1.390219999999771517e+03 1.646117490195069004e-15 2.935277642932162924e-16
1.390279999999771462e+03 1.603601095639785191e-15 2.883687052103015673e-16
1.390339999999771408e+03 1.687239318230511531e-15 2.947153880122125398e-16
1.390399999999771353e+03 1.396474258695007730e-15 2.787874518052337385e-16
1.390459999999771298e+03 1.448558764697092243e-15 2.826548877424351250e-16
1.390519999999771244e+03 1.158582208693377912e-15 2.661516081575804999e-16
1.390579999999771189e+03 1.379220151994857779e-15 2.751823418109495620e-16
1.390639999999771135e+03 1.685972644940235284e-15 2.939154924970018103e-16
1.390699999999771080e+03 1.208480636096864891e-15 2.664256266710726727e-16
1.390759999999771026e+03 1.493083025549468288e-15 2.829966033472473445e-16
1.390819999999770971e+03 1.183685991310041430e-15 2.650382683923455818e-16
1.390879999999770916e+03 1.524758643650521285e-15 2.850923560507025100e-16
1.390939999999770862e+03 1.593398826811483416e-15 2.860895259957167190e-16
1.390999999999770807e+03 1.326594481439338754e-15 2.734304731519514342e-16
1.391059999999770753e+03 1.088104414883004103e-15 2.627607460935374934e-16
1.391119999999770698e+03 1.581733390192324040e-15 2.955592220562279804e-16
1.391179999999770644e+03 1.743508759014341996e-15 3.059652565183071602e-16
1.391239999999770589e+03 1.573565602493316427e-15 2.963993485135226371e-16
1.391299999999770534e+03 1.217771518755335646e-15 3.030001984275638106e-16
1.391359999999770480e+03 1.642824738223999849e-15 3.297835911255636024e-16
1.391419999999770425e+03 1.428824800764150761e-15 3.198754570893496429e-16
1.391479999999770371e+03 1.452301858461036319e-15 3.142317627663178228e-16
1.391539999999770316e+03 2.113417788553434932e-15 3.529792933664908313e-16
1.391599999999770262e+03 1.509063071911537523e-15 3.103322180130251397e-16
1.391659999999770207e+03 1.237625486756676860e-15 2.948214459168989589e-16
1.391719999999770152e+03 1.501065127586288015e-15 2.825290189222991107e-16
1.391779999999770098e+03 1.339314302397601593e-15 2.785596545821407210e-16
1.391839999999770043e+03 1.558199933838523771e-15 2.875114445468232217e-16
1.391899999999769989e+03 1.710114026972500703e-15 2.945471348808781053e-16
1.391959999999769934e+03 1.702175734428333960e-15 2.973787348870326960e-16
1.392019999999769880e+03 1.362298373131157519e-15 2.798721141722095129e-16
1.392079999999769825e+03 1.415154573638236253e-15 2.839088655464538293e-16
1.392139999999769771e+03 1.388912822495952755e-15 2.831806955758778498e-16
1.392199999999769716e+03 1.681714606996229309e-15 2.951264472266599172e-16
1.392259999999769661e+03 1.500269840628853930e-15 2.885678777850365578e-16
1.392319999999769607e+03 1.406578915740737500e-15 2.838585344066520669e-16
1.392379999999769552e+03 1.747818839465348419e-15 3.011728453912698828e-16
1.392439999999769498e+03 1.594603782349274740e-15 2.936590559453907247e-16
1.392499999999769443e+03 1.684724559007388804e-15 2.984991912307581705e-16
1.392559999999769389e+03 1.403861671162931245e-15 2.837660418740710639e-16
1.392619999999769334e+03 1.069769009443965482e-15 2.656969627567653628e-16
1.392679999999769279e+03 1.440072853224882933e-15 2.859228853879363947e-16
1.392739999999769225e+03 1.283425580357976045e-15 2.762177878649489789e-16
1.392799999999769170e+03 1.405936190991001601e-15 2.865451385840664904e-16
1.392859999999769116e+03 1.576498635447783608e-15 2.945761525131367023e-16
1.392919999999769061e+03 1.510873182321702303e-15 2.924073486184340116e-16
1.392979999999769007e+03 1.565015748285321004e-15 2.959050628064253388e-16
1.393039999999768952e+03 1.292847079498372055e-15 2.796728354962861996e-16
1.393099999999768897e+03 1.041590769430790008e-15 2.637984088191207396e-16
1.393159999999768843e+03 1.574190567678981439e-15 2.944745272467466133e-16
1.393219999999768788e+03 1.697841476762901115e-15 3.011069436090607143e-16
1.393279999999768734e+03 1.209534862374588339e-15 2.746107609296093205e-16
1.393339999999768679e+03 1.050366213970924478e-15 2.601867517369460744e-16
1.393399999999768625e+03 1.201336431027642164e-15 2.704043003932758371e-16
1.393459999999768570e+03 1.051781171470239010e-15 2.633982270252740821e-16
1.393519999999768515e+03 1.130785080906541477e-15 2.697428872131566102e-16
1.393579999999768461e+03 7.951145618219537224e-16 2.472583661579459443e-16
1.393639999999768406e+03 1.096339522317040150e-15 2.653743513312091050e-16
1.393699999999768352e+03 1.000549158086433095e-15 2.583289378299364321e-16
1.393759999999768297e+03 1.112430476128612970e-15 2.658422131885296732e-16
1.393819999999768243e+03 8.876483420697517519e-16 2.536186234141444108e-16
1.393879999999768188e+03 1.072249768652363930e-15 2.634776975562609821e-16
1.393939999999768133e+03 1.132409585390047414e-15 2.659424254064466734e-16
1.393999999999768079e+03 1.170849614892659849e-15 2.711027059492521671e-16
1.394059999999768024e+03 1.082052035335084377e-15 2.657770026435660278e-16
1.394119999999767970e+03 1.215913930513867695e-15 2.758040303368641949e-16
1.394179999999767915e+03 1.271648072860593267e-15 2.777074172111602084e-16
1.394239999999767861e+03 1.425273488406677625e-15 2.859373623475776759e-16
1.394299999999767806e+03 1.195554036694097268e-15 2.732478734536365355e-16
1.394359999999767751e+03 1.704430087330419905e-15 2.970693193814573567e-16
1.394419999999767697e+03 1.579056716855492421e-15 2.893083432354754476e-16
1.394479999999767642e+03 1.316600086785202603e-15 2.767942717007386314e-16
1.394539999999767588e+03 1.273543823430249909e-15 2.753878555375534529e-16
1.394599999999767533e+03 1.465987515919168339e-15 2.860884368393525253e-16
1.394659999999767479e+03 1.412226883835072183e-15 2.810838351748341318e-16
1.394719999999767424e+03 1.854486613001042346e-15 3.048566385839533104e-16
1.394779999999767369e+03 1.229622195860409258e-15 2.678985306350597445e-16
1.394839999999767315e+03 1.448268217817204213e-15 2.851505318548841079e-16
1.394899999999767260e+03 1.253407630511436295e-15 2.742192966921360026e-16
1.394959999999767206e+03 1.653757704497260419e-15 2.952546113491286789e-16
1.395019999999767151e+03 1.630341778379208413e-15 2.940102779201646911e-16
1.395079999999767097e+03 1.416220656829238717e-15 2.827166709289586526e-16
1.395139999999767042e+03 1.516528849675916438e-15 2.884164258529809135e-16
1.395199999999766987e+03 1.453105728994399994e-15 2.843204530268789863e-16
1.395259999999766933e+03 1.603739235000141446e-15 2.943403096604809813e-16
1.395319999999766878e+03 1.281747837843251885e-15 2.790524302170837973e-16
1.395379999999766824e+03 1.590473385950774181e-15 2.974482383008649064e-16
1.395439999999766769e+03 1.562908954476208566e-15 2.943649901182021327e-16
1.395499999999766715e+03 1.450010577102603788e-15 2.918003661329912809e-16
1.395559999999766660e+03 1.500350488854404089e-15 2.942115019617093997e-16
1.395619999999766605e+03 1.644325047569933055e-15 2.996897345586340915e-16
1.395679999999766551e+03 1.400869932513679671e-15 2.866390476334268818e-16
1.395739999999766496e+03 1.487551381037786192e-15 2.918132111470308403e-16
1.395799999999766442e+03 1.519216868974247749e-15 2.933484630567212336e-16
1.395859999999766387e+03 1.210094065796061987e-15 2.746228543134740680e-16
1.395919999999766333e+03 1.530025800468867468e-15 2.913164637074481173e-16
1.395979999999766278e+03 1.436215213805555499e-15 2.895797058075238927e-16
1.396039999999766223e+03 1.172458459835476753e-15 2.744582628984319930e-16
1.396099999999766169e+03 1.157726724283058338e-15 2.720936218029068779e-16
1.396159999999766114e+03 1.155659915200758931e-15 2.727253508172341073e-16
1.396219999999766060e+03 1.210755320490491653e-15 2.767457736683520405e-16
1.396279999999766005e+03 1.237091409558863158e-15 2.739549842354007922e-16
1.396339999999765951e+03 1.474177912980358907e-15 2.882257598409732598e-16
1.396399999999765896e+03 1.789357746387539636e-15 3.033831726025799539e-16
1.396459999999765841e+03 1.626030605360421285e-15 2.969910658699118032e-16
1.396519999999765787e+03 1.472888339043600875e-15 2.874101629497631193e-16
1.396579999999765732e+03 1.487891194479557682e-15 2.868756855114620870e-16
1.396639999999765678e+03 1.494727771012167845e-15 2.884809617456526272e-16
1.396699999999765623e+03 1.626498110845773520e-15 2.970629278972667080e-16
1.396759999999765569e+03 1.534630702161571496e-15 2.922498654243800406e-16
1.396819999999765514e+03 1.443103479457080765e-15 2.846412979964851312e-16
1.396879999999765460e+03 1.354579281401332853e-15 2.804330394823502117e-16
1.396939999999765405e+03 1.599351966673069147e-15 2.949085978812968552e-16
1.396999999999765350e+03 1.314599182442176350e-15 2.798957622933348079e-16
1.397059999999765296e+03 1.218878007741950110e-15 2.729259107832787049e-16
1.397119999999765241e+03 1.518913327122304498e-15 2.915002651361785980e-16
1.397179999999765187e+03 1.587968511272999947e-15 2.927934789267162178e-16
1.397239999999765132e+03 1.282092547807617718e-15 2.755361559643321555e-16
1.397299999999765078e+03 1.616461573001379239e-15 2.958357814816892972e-16
1.397359999999765023e+03 1.287890574085950620e-15 2.750917134219676604e-16
1.397419999999764968e+03 1.549668083368045131e-15 2.900800400578344645e-16
1.397479999999764914e+03 1.670709615802258678e-15 2.949480173321581105e-16
1.397539999999764859e+03 1.270079913006035671e-15 2.747796725886428798e-16
1.397599999999764805e+03 1.489155586773577366e-15 2.876201416883977156e-16
1.397659999999764750e+03 1.607179681896612003e-15 2.912315394649167523e-16
1.397719999999764696e+03 1.668036167447301412e-15 4.091424108028830933e-16
1.397779999999764641e+03 1.546796550963347904e-15 3.964957365473643351e-16
1.397839999999764586e+03 1.260621418904194798e-15 3.823033733963808757e-16
1.397899999999764532e+03 1.676284392739736893e-15 4.088647999333629720e-16
1.397959999999764477e+03 1.813865621416622636e-15 4.159676114235246672e-16
1.398019999999764423e+03 1.701713424677753052e-15 4.121910815574084461e-16
1.398079999999764368e+03 1.284170195366671309e-15 3.840640146617777503e-16
1.398139999999764314e+03 1.261391666800486534e-15 3.824783773872049710e-16
1.398199999999764259e+03 1.473513434282919647e-15 2.877685285137160022e-16
1.398259999999764204e+03 1.514928287088107380e-15 2.892271504923576619e-16
1.398319999999764150e+03 1.600038040617457228e-15 2.959320654425991194e-16
1.398379999999764095e+03 1.596118622148677090e-15 2.944406281502164253e-16
1.398439999999764041e+03 1.604504013906906216e-15 2.939285740112440447e-16
1.398499999999763986e+03 1.923321883675857447e-15 3.115919173251260053e-16
1.398559999999763932e+03 1.440176481966621073e-15 2.859453270163908388e-16
1.398619999999763877e+03 1.455962429867605921e-15 2.886155127786010331e-16
1.398679999999763822e+03 1.240705086613965923e-15 2.758723932892088887e-16
1.398739999999763768e+03 1.215604065531155755e-15 2.748782248514557322e-16
1.398799999999763713e+03 1.483304499107979598e-15 2.911440575576148929e-16
1.398859999999763659e+03 1.509056439279682984e-15 2.912701439228558144e-16
1.398919999999763604e+03 1.328871680115007567e-15 2.820594882327791422e-16
1.398979999999763550e+03 1.210307270296179047e-15 2.772345078818630084e-16
1.399039999999763495e+03 1.726231545092481680e-15 3.057565452514215504e-16
1.399099999999763440e+03 1.405395179002111267e-15 2.867231014289583093e-16
1.399159999999763386e+03 1.544592401929086059e-15 2.950644136371859391e-16
1.399219999999763331e+03 1.216113568461440698e-15 2.758160639907053074e-16
1.399279999999763277e+03 1.145941486081445637e-15 2.746324286186201408e-16
1.399339999999763222e+03 1.405304202262804130e-15 2.875514144469200545e-16
1.399399999999763168e+03 1.036832533955129143e-15 2.697273281040716530e-16
1.399459999999763113e+03 1.613464406493317823e-15 3.093671949965459707e-16
1.399519999999763058e+03 1.311994607188823960e-15 2.882379758233553724e-16
1.399579999999763004e+03 1.535431863159525625e-15 3.065915301576956013e-16
1.399639999999762949e+03 1.573051737144937527e-15 3.068151307264901731e-16
1.399699999999762895e+03 1.527172339965069926e-15 3.061268139960212995e-16
1.399759999999762840e+03 1.797848208540111668e-15 3.180602344786108081e-16
1.399819999999762786e+03 1.427524164193247938e-15 2.900796138695972225e-16
1.399879999999762731e+03 1.404416273550486163e-15 2.888106686692031219e-16
1.399939999999762676e+03 1.012651744296940418e-15 2.643967335237314835e-16
1.399999999999762622e+03 1.391514119895497084e-15 2.844095885892632263e-16
1.400059999999762567e+03 1.325221807310848841e-15 2.815967330396458682e-16
1.400119999999762513e+03 1.319929245661414974e-15 2.829831260815942642e-16
1.400179999999762458e+03 1.538734889977443672e-15 2.946181088057672776e-16
1.400239999999762404e+03 1.429725882873422903e-15 2.859135724542201763e-16
1.400299999999762349e+03 1.473373817793497889e-15 2.875655745202965577e-16
1.400359999999762294e+03 1.680323867286619191e-15 3.021721657253730267e-16
1.400419999999762240e+03 1.146952833826258703e-15 2.725808666969657545e-16
1.400479999999762185e+03 1.356050060949259801e-15 2.822849036306304832e-16
1.400539999999762131e+03 1.823041619618869981e-15 3.069290741355000630e-16
1.400599999999762076e+03 1.173805252662360693e-15 2.715803127030276129e-16
1.400659999999762022e+03 1.510259722008101110e-15 2.881353609403130102e-16
1.400719999999761967e+03 1.446886227875033169e-15 2.862168631490363130e-16
1.400779999999761912e+03 1.570495932504152290e-15 2.961263515051648578e-16
1.400839999999761858e+03 1.579502977405501943e-15 2.939388495035639255e-16
1.400899999999761803e+03 1.350910903433790757e-15 2.825928116047847780e-16
1.400959999999761749e+03 1.290097670837245319e-15 2.789108082438985282e-16
1.401019999999761694e+03 1.227244651830158632e-15 2.723373247883431388e-16
1.401079999999761640e+03 1.424830075597327753e-15 2.873406767214071818e-16
1.401139999999761585e+03 1.359612074460191199e-15 2.839070246416117203e-16
1.401199999999761530e+03 1.722585065921534050e-15 3.026095818548792911e-16
1.401259999999761476e+03 1.357361472421871968e-15 2.823229876972521793e-16
1.401319999999761421e+03 1.507458997793491980e-15 2.920527755845430474e-16
1.401379999999761367e+03 1.261497079983655612e-15 2.770279294960721187e-16
1.401439999999761312e+03 1.445146012834594123e-15 2.915319116376015077e-16
1.401499999999761258e+03 1.335934825700026407e-15 2.860409340095991248e-16
1.401559999999761203e+03 1.424208396936897691e-15 2.885445187286661204e-16
1.401619999999761149e+03 1.732248608682463990e-15 3.071179374499189441e-16
1.401679999999761094e+03 1.377224935605079607e-15 2.856258052988819777e-16
1.401739999999761039e+03 1.335809441949755919e-15 2.812985532812033533e-16
1.401799999999760985e+03 1.465364795198425670e-15 2.918758274098174052e-16
1.401859999999760930e+03 1.352594653924497122e-15 2.856499115359781348e-16
1.401919999999760876e+03 1.460573703758615456e-15 2.897691616864031048e-16
1.401979999999760821e+03 1.108019558299112239e-15 2.714885769278459002e-16
1.402039999999760767e+03 1.399402358541261478e-15 2.916460117576916938e-16
1.402099999999760712e+03 1.321150997144771595e-15 2.853697299823739284e-16
1.402159999999760657e+03 1.556008486464833144e-15 2.974442984600559715e-16
1.402219999999760603e+03 1.048436424335777526e-15 2.715179473160002124e-16
1.402279999999760548e+03 1.446356200663787790e-15 2.958416124506705522e-16
1.402339999999760494e+03 1.266439675341072872e-15 2.853976947918460674e-16
1.402399999999760439e+03 1.384701933384588629e-15 2.927870497826381630e-16
1.402459999999760385e+03 1.397806556467609013e-15 2.939892942485065477e-16
1.402519999999760330e+03 1.351516084196449947e-15 2.919928223439917339e-16
1.402579999999760275e+03 1.115363406183392748e-15 2.775758032387268054e-16
1.402639999999760221e+03 1.211063945595052257e-15 2.817363744744454630e-16
1.402699999999760166e+03 1.104594258200321614e-15 2.770119032013314052e-16
1.402759999999760112e+03 1.308366918761165696e-15 2.865301995205090003e-16
1.402819999999760057e+03 9.318624467079772151e-16 2.650749005399066995e-16
1.402879999999760003e+03 1.183766028579305124e-15 2.791047848490620322e-16
1.402939999999759948e+03 1.356565299312062933e-15 2.868250824753490004e-16
1.402999999999759893e+03 1.435501453554793697e-15 2.915567226821925014e-16
1.403059999999759839e+03 1.352889807967620193e-15 2.861084914646824352e-16
1.403119999999759784e+03 1.016718752608793888e-15 2.710556546217628936e-16
1.403179999999759730e+03 1.125437436355128998e-15 2.751617888230439264e-16
1.403239999999759675e+03 1.190101520890806262e-15 2.764154689537857379e-16
1.403299999999759621e+03 1.399510926328311373e-15 2.856161455969919357e-16
1.403359999999759566e+03 1.181365994972390496e-15 2.728744040518315738e-16
1.403419999999759511e+03 1.321903589347300617e-15 2.828674895573385006e-16
1.403479999999759457e+03 1.230630966845023843e-15 2.769018241311444474e-16
1.403539999999759402e+03 1.486820380816619047e-15 2.918055767772617217e-16
1.403599999999759348e+03 1.632756037857229797e-15 3.045577018840293339e-16
1.403659999999759293e+03 1.129539304940498723e-15 2.749900928010286219e-16
1.403719999999759239e+03 1.327097049052224986e-15 2.878129947153480620e-16
1.403779999999759184e+03 1.484919194505547137e-15 2.968143555881554032e-16
1.403839999999759129e+03 1.557442498120760824e-15 2.965135373150210065e-16
1.403899999999759075e+03 1.611400100566251157e-15 3.020651504479894551e-16
1.403959999999759020e+03 2.177984699823125833e-15 3.304409012614529653e-16
1.404019999999758966e+03 1.694529184811319750e-15 3.032365643218454678e-16
1.404079999999758911e+03 1.594863362009531285e-15 2.971670955627744401e-16
1.404139999999758857e+03 1.525844788480726556e-15 2.913081956623634836e-16
1.404199999999758802e+03 1.607214476151204955e-15 2.980731062001277330e-16
1.404259999999758747e+03 1.393045651283855957e-15 2.846860773075840196e-16
1.404319999999758693e+03 2.049090869326256555e-15 3.184332794819627650e-16
1.404379999999758638e+03 1.242085013740773231e-15 2.788084501127442683e-16
1.404439999999758584e+03 1.530180005212619063e-15 2.927794567456503253e-16
1.404499999999758529e+03 1.675618286964092583e-15 3.027527135015496320e-16
1.404559999999758475e+03 1.663404023728218600e-15 2.997851200134545426e-16
1.404619999999758420e+03 1.374411910433810620e-15 2.843610615025630940e-16
1.404679999999758365e+03 1.509581640489849755e-15 2.929787031226070563e-16
1.404739999999758311e+03 1.479334388636952405e-15 2.916063890836547633e-16
1.404799999999758256e+03 1.663966041477347367e-15 3.018472390078478824e-16
1.404859999999758202e+03 1.641921427135890407e-15 3.008992331063135699e-16
1.404919999999758147e+03 1.166583349370420667e-15 2.768863894703658465e-16
1.404979999999758093e+03 1.747963065717968489e-15 3.094976575938392230e-16
1.405039999999758038e+03 1.585960641088432335e-15 3.008573354611762286e-16
1.405099999999757983e+03 1.294251895854327813e-15 2.879619771631292647e-16
1.405159999999757929e+03 1.611066012267097391e-15 3.047357599317449165e-16
1.405219999999757874e+03 1.700198297608659681e-15 3.084935060364738117e-16
1.405279999999757820e+03 1.740167301076277965e-15 3.116474023723023717e-16
1.405339999999757765e+03 1.465348035926291712e-15 2.986043564424784767e-16
1.405399999999757711e+03 1.279339013381463491e-15 2.906725406046264681e-16
1.405459999999757656e+03 1.346528570318737742e-15 2.912206948715820236e-16
1.405519999999757601e+03 1.281388740685086186e-15 2.904080218017025756e-16
1.405579999999757547e+03 1.486636583585110378e-15 2.996735522230414355e-16
1.405639999999757492e+03 1.440152804130721066e-15 2.957642754595700672e-16
1.405699999999757438e+03 1.713444827974718359e-15 3.102480762555127215e-16
1.405759999999757383e+03 1.236226280442014003e-15 2.831875000177713392e-16
1.405819999999757329e+03 1.263684763732070164e-15 2.862386215422586127e-16
1.405879999999757274e+03 1.433144269989929868e-15 2.937010302049833682e-16
1.405939999999757219e+03 1.485017790226927103e-15 2.967325140626747650e-16
1.405999999999757165e+03 1.410742578836223140e-15 2.943752667176283406e-16
1.406059999999757110e+03 1.546543469439557761e-15 2.959043520995481636e-16
1.406119999999757056e+03 1.461499153152085183e-15 2.931852516951010144e-16
1.406179999999757001e+03 1.344101388587145815e-15 2.869412518672608859e-16
1.406239999999756947e+03 1.528217440833494536e-15 2.960752078563269879e-16
1.406299999999756892e+03 1.744967239068146555e-15 3.068786047961612251e-16
1.406359999999756837e+03 1.666346355576913519e-15 3.039583018210443033e-16
1.406419999999756783e+03 1.580654335375343140e-15 3.007261932300849034e-16
1.406479999999756728e+03 1.417405769088059107e-15 2.867166232029263124e-16
1.406539999999756674e+03 1.271476702664469124e-15 2.814839827750614634e-16
1.406599999999756619e+03 1.191946588003671117e-15 2.777026462281863423e-16
1.406659999999756565e+03 1.384608494626563212e-15 2.846679296064208535e-16
1.406719999999756510e+03 1.441127912935528322e-15 2.871419032014289074e-16
1.406779999999756456e+03 1.248370263186128301e-15 2.786614485297668099e-16
1.406839999999756401e+03 1.489734248751848572e-15 2.951353129567039267e-16
1.406899999999756346e+03 1.515083950921218194e-15 2.956021502296056762e-16
1.406959999999756292e+03 1.371693185897229911e-15 2.864329198742185632e-16
1.407019999999756237e+03 1.352774727947189891e-15 2.784343985868174333e-16
1.407079999999756183e+03 9.986595525278412900e-16 2.631289283229292872e-16
1.407139999999756128e+03 1.243939665086539733e-15 2.802591625104650241e-16
1.407199999999756074e+03 1.380412539210266435e-15 2.863542630520413416e-16
1.407259999999756019e+03 1.226346261848129111e-15 2.781093639220871105e-16
1.407319999999755964e+03 1.111463756968157308e-15 2.697855260774002007e-16
1.407379999999755910e+03 1.588525473247480049e-15 2.960732693467444814e-16
1.407439999999755855e+03 1.012725949696774421e-15 2.657215757340733510e-16
1.407499999999755801e+03 1.155193830048950439e-15 2.758994277735924542e-16
1.407559999999755746e+03 9.805593868059844471e-16 2.634698577766219608e-16
1.407619999999755692e+03 1.273838800318389612e-15 2.817075278411721333e-16
1.407679999999755637e+03 1.335205966861232497e-15 2.880879153428787317e-16
1.407739999999755582e+03 9.661720658934590317e-16 2.710745467713804624e-16
1.407799999999755528e+03 1.015008343726185870e-15 2.789984296930900501e-16
1.407859999999755473e+03 8.250199088846854370e-16 2.671576750382347184e-16
1.407919999999755419e+03 1.104745810988903823e-15 2.859892613198047964e-16
1.407979999999755364e+03 7.026470730789185159e-16 2.555663395020531464e-16
1.408039999999755310e+03 6.544753680606577265e-16 2.549028883772019209e-16
1.408099999999755255e+03 8.172896169665057784e-16 2.671590833521457962e-16
1.408159999999755200e+03 5.646735762083740880e-16 2.408856561067235805e-16
1.408219999999755146e+03 5.303396277536290593e-16 2.392539418742623883e-16
1.408279999999755091e+03 7.148348959071208459e-16 2.540025957803527562e-16
1.408339999999755037e+03 6.599088587412622975e-16 2.517499308790084401e-16
1.408399999999754982e+03 3.243541537284917335e-16 2.260544802577703854e-16
1.408459999999754928e+03 4.295717332666982333e-16 2.346782608000418913e-16
1.408519999999754873e+03 2.292048619935533885e-16 2.195176178760536917e-16
1.408579999999754818e+03 3.533103526638523282e-16 2.259666317368813681e-16
1.408639999999754764e+03 5.961119653832701203e-16 2.458464514785921089e-16
1.408699999999754709e+03 7.446546594131296216e-16 2.549504148166779016e-16
1.408759999999754655e+03 1.188227813328988467e-15 2.830486982218422628e-16
1.408819999999754600e+03 1.144439713145555612e-15 2.804582938802133127e-16
1.408879999999754546e+03 8.891579353232048063e-16 2.628116592985700001e-16
1.408939999999754491e+03 1.202874563991480111e-15 2.829980286663003033e-16
1.408999999999754436e+03 1.001455854634815642e-15 2.702509656393044415e-16
1.409059999999754382e+03 6.363035319603465267e-16 2.454496797302353397e-16
1.409119999999754327e+03 1.338328225719371844e-15 2.898591765192908252e-16
1.409179999999754273e+03 1.203523075733557732e-15 2.775877845550722384e-16
1.409239999999754218e+03 1.203863158115687424e-15 2.796541843329499709e-16
1.409299999999754164e+03 1.457250565295728630e-15 2.939745405990104778e-16
1.409359999999754109e+03 9.417760022212609505e-16 2.605505278133698347e-16
1.409419999999754054e+03 1.424924410126367317e-15 2.929206208122962092e-16
1.409479999999754000e+03 1.239188617460468384e-15 2.801126816164552167e-16
1.409539999999753945e+03 1.459649989470042421e-15 2.949432963603237402e-16
1.409599999999753891e+03 1.118347089869379672e-15 2.791996413933977020e-16
1.409659999999753836e+03 1.207454229210038787e-15 2.831348275876152271e-16
1.409719999999753782e+03 1.351352393731503698e-15 2.907368550565581136e-16
1.409779999999753727e+03 1.387929098750874667e-15 2.928505588749982781e-16
1.409839999999753672e+03 1.413081320011841825e-15 2.922238624432857704e-16
1.409899999999753618e+03 1.127441189087193287e-15 2.764298226802210124e-16
1.409959999999753563e+03 1.704270318141789942e-15 3.124646925425903500e-16
1.410019999999753509e+03 1.512796826391018184e-15 2.938924281311938258e-16
1.410079999999753454e+03 1.701632726158027600e-15 3.058219034144077339e-16
1.410139999999753400e+03 1.226797460725286408e-15 2.757241483725488061e-16
1.410199999999753345e+03 1.483926197756504365e-15 2.933760715370749773e-16
1.410259999999753290e+03 1.303612485304677648e-15 2.846238458463880209e-16
1.410319999999753236e+03 1.693715103232366565e-15 3.059884818729748910e-16
1.410379999999753181e+03 1.224101406022848345e-15 2.827844000293254885e-16
1.410439999999753127e+03 1.652659141064989117e-15 3.068910953425443525e-16
1.410499999999753072e+03 1.579967659986447312e-15 3.008051676940692326e-16
1.410559999999753018e+03 1.658916105956283869e-15 3.042517266245475571e-16
1.410619999999752963e+03 1.351454945617172821e-15 2.917275889346242170e-16
1.410679999999752908e+03 1.439226448846634640e-15 2.943048198193588790e-16
1.410739999999752854e+03 1.623850995607372772e-15 3.060527033961678495e-16
1.410799999999752799e+03 1.435229131600612791e-15 2.989546279095715150e-16
1.410859999999752745e+03 1.595585386064462481e-15 3.035708271805580432e-16
1.410919999999752690e+03 1.567497288408560318e-15 3.028527730576993419e-16
1.410979999999752636e+03 1.344978534107515394e-15 2.930483639563100509e-16
1.411039999999752581e+03 1.611543251268485337e-15 3.103167272068410247e-16
1.411099999999752526e+03 1.908316969563725178e-15 3.233761816485602264e-16
1.411159999999752472e+03 9.963779674770788598e-16 2.700425540580691947e-16
1.411219999999752417e+03 1.361792035413934659e-15 2.928205241122430026e-16
1.411279999999752363e+03 1.437073010474599773e-15 2.979446263624273923e-16
1.411339999999752308e+03 1.703211952228455306e-15 3.121454862878668302e-16
1.411399999999752254e+03 1.518235360359169989e-15 3.036211028637220106e-16
1.411459999999752199e+03 1.098829024648291619e-15 2.782889438676319057e-16
1.411519999999752145e+03 1.585700290604548936e-15 3.083818053515544959e-16
1.411579999999752090e+03 1.671820380760153417e-15 3.124315232404639460e-16
1.411639999999752035e+03 1.287773478845567327e-15 2.887289317461264119e-16
1.411699999999751981e+03 1.602633579441482257e-15 3.042675147312019236e-16
1.411759999999751926e+03 1.598596064512384467e-15 3.094540712803407599e-16
1.411819999999751872e+03 1.550229314767307996e-15 3.072071108308641434e-16
1.411879999999751817e+03 1.756177039849914492e-15 3.178124818750751666e-16
1.411939999999751763e+03 1.499657679172248469e-15 3.046406644826693913e-16
1.411999999999751708e+03 1.893098505723901177e-15 3.233840825656567901e-16
1.412059999999751653e+03 1.874492945748100539e-15 3.229038103073054844e-16
1.412119999999751599e+03 1.973733708791564045e-15 3.315698662198525527e-16
1.412179999999751544e+03 1.233107272701084917e-15 2.903664308605432903e-16
1.412239999999751490e+03 1.747014030224150711e-15 3.197730785272641426e-16
1.412299999999751435e+03 1.760477783936929237e-15 3.172315443055109168e-16
1.412359999999751381e+03 1.705868497636355715e-15 3.123211073999567216e-16
1.412419999999751326e+03 1.344612682656736290e-15 2.902308029972485498e-16
1.412479999999751271e+03 1.615888464005192356e-15 3.046188891925549227e-16
1.412539999999751217e+03 1.481833445666032138e-15 2.978325037434877489e-16
1.412599999999751162e+03 1.559419428805430997e-15 3.026740671674797486e-16
1.412659999999751108e+03 1.333877462717015789e-15 2.886999441981540967e-16
1.412719999999751053e+03 1.550669478680591586e-15 2.950517058948315693e-16
1.412779999999750999e+03 1.711962616187675292e-15 3.089219430811021032e-16
1.412839999999750944e+03 1.324777589622912697e-15 2.850902785102889975e-16
1.412899999999750889e+03 1.628271999411364580e-15 3.019133627975158288e-16
1.412959999999750835e+03 1.395382514774359696e-15 2.897418242028689900e-16
1.413019999999750780e+03 1.691387158427068722e-15 3.078005607828834497e-16
1.413079999999750726e+03 1.180372810276962532e-15 2.771613608678242577e-16
1.413139999999750671e+03 1.405202116170838843e-15 2.897328797958997442e-16
1.413199999999750617e+03 1.361335760240059567e-15 2.894125289991359719e-16
1.413259999999750562e+03 1.195290936296978611e-15 2.784177880670318382e-16
1.413319999999750507e+03 1.873018480752787569e-15 3.156604777225765606e-16
1.413379999999750453e+03 1.525266512033167567e-15 3.011866716180373134e-16
1.413439999999750398e+03 1.542524238156494279e-15 3.011128818466091423e-16
1.413499999999750344e+03 1.391307865354530766e-15 2.913961231722675296e-16
1.413559999999750289e+03 1.529214969885575870e-15 3.013994733955168452e-16
1.413619999999750235e+03 1.503926852233555070e-15 2.974760312041104118e-16
1.413679999999750180e+03 1.641782083147657215e-15 3.083030321778612506e-16
1.413739999999750125e+03 1.406497311071174076e-15 2.912222910822650073e-16
1.413799999999750071e+03 1.366441879015863313e-15 2.960232469027035459e-16
1.413859999999750016e+03 1.600469107239116515e-15 3.068657365016222957e-16
1.413919999999749962e+03 1.585680091781809145e-15 3.059062190049073019e-16
1.413979999999749907e+03 1.919319024732227451e-15 3.252592690906491380e-16
1.414039999999749853e+03 1.381946429391642258e-15 2.954900693609973074e-16
1.414099999999749798e+03 1.468387521451663648e-15 3.012660706707733878e-16
1.414159999999749743e+03 1.306373048633203235e-15 2.917239473722949215e-16
1.414219999999749689e+03 1.297089491000286508e-15 2.878651025477782245e-16
1.414279999999749634e+03 1.562994826880859265e-15 3.059445359293166719e-16
1.414339999999749580e+03 2.047861071832294240e-15 3.320502391108198980e-16
1.414399999999749525e+03 1.589126898635376356e-15 3.065678769855495942e-16
1.414459999999749471e+03 1.984042968253751121e-15 3.297292052982120336e-16
1.414519999999749416e+03 2.195100494034332116e-15 3.404303929027366355e-16
1.414579999999749361e+03 2.528580437231897023e-15 3.544220449719130266e-16
1.414639999999749307e+03 1.760612018530651366e-15 3.164978380243108889e-16
1.414699999999749252e+03 1.946695163431657689e-15 3.288084297786449881e-16
1.414759999999749198e+03 1.782518553638711532e-15 3.201404720951028672e-16
1.414819999999749143e+03 1.882938784942136270e-15 3.274616786068771569e-16
1.414879999999749089e+03 1.588266174777389733e-15 3.111232168017378739e-16
1.414939999999749034e+03 1.291214312302988442e-15 2.925723847423836700e-16
1.414999999999748979e+03 1.396484576200973211e-15 2.964289347720900591e-16
1.415059999999748925e+03 1.594225287071387350e-15 3.089501130636807576e-16
1.415119999999748870e+03 1.313436553866817411e-15 2.932810315568858412e-16
1.415179999999748816e+03 1.977577786385890643e-15 3.262126582864148885e-16
1.415239999999748761e+03 1.452538821546048402e-15 2.987585186064636203e-16
1.415299999999748707e+03 1.322581288820442568e-15 2.905666178695517260e-16
1.415359999999748652e+03 1.313803665764868589e-15 2.921806438778531809e-16
1.415419999999748597e+03 1.331351045904091236e-15 2.916098940165704362e-16
1.415479999999748543e+03 1.218558967683870276e-15 2.883849237649503589e-16
1.415539999999748488e+03 1.469402240367194798e-15 3.022183106651931698e-16
1.415599999999748434e+03 1.349632443057956542e-15 2.956144267696472090e-16
1.415659999999748379e+03 1.442652136440126811e-15 3.000228987383406977e-16
1.415719999999748325e+03 1.698025579378486184e-15 3.101222547712794802e-16
1.415779999999748270e+03 2.141855284124426045e-15 3.308462615022091109e-16
1.415839999999748215e+03 2.525208702013136450e-15 3.484866162424033055e-16
1.415899999999748161e+03 3.751361176458345923e-15 3.955676521890106343e-16
1.415959999999748106e+03 4.533210198120419893e-15 4.191305074162472551e-16
1.416019999999748052e+03 4.736791072157510917e-15 4.333668703369521251e-16
1.416079999999747997e+03 3.842016426220961746e-15 4.076805285399397551e-16
1.416139999999747943e+03 3.034674469586042922e-15 3.812590281278679375e-16
1.416199999999747888e+03 2.139096723188366128e-15 3.372314312965182380e-16
1.416259999999747833e+03 1.742897040173944935e-15 3.218488388400125355e-16
1.416319999999747779e+03 2.042858778949340665e-15 3.419190800202028367e-16
1.416379999999747724e+03 1.678211481851785932e-15 3.177206604913900300e-16
1.416439999999747670e+03 1.361157356015358744e-15 2.967059376479787048e-16
1.416499999999747615e+03 1.057888680724587437e-15 2.743131226016200207e-16
1.416559999999747561e+03 1.007746304103665603e-15 2.749354840234176724e-16
1.416619999999747506e+03 1.247414074042827481e-15 2.896762470869000109e-16
1.416679999999747452e+03 1.281606079646267324e-15 2.911029286765872752e-16
1.416739999999747397e+03 1.479806587167618095e-15 2.997217892941378527e-16
1.416799999999747342e+03 1.299971974962256101e-15 2.883963007552799722e-16
1.416859999999747288e+03 1.275814095619852554e-15 2.905448931858996086e-16
1.416919999999747233e+03 1.308128921850312120e-15 2.923697315905679224e-16
1.416979999999747179e+03 9.901093148595089559e-16 2.741240866467728361e-16
1.417039999999747124e+03 1.152445208920849617e-15 2.817292001850496014e-16
1.417099999999747070e+03 1.293426595337555571e-15 2.925671204727193410e-16
1.417159999999747015e+03 8.948867476297282021e-16 2.686339175296910712e-16
1.417219999999746960e+03 8.735474914613574544e-16 2.687712137122354095e-16
1.417279999999746906e+03 9.882437673841882901e-16 2.771867010503507691e-16
1.417339999999746851e+03 8.156663495906034417e-16 2.642276625508420193e-16
1.417399999999746797e+03 8.282409322719205456e-16 2.660941873593206956e-16
1.417459999999746742e+03 7.429515986158138538e-16 2.592267423559243854e-16
1.417519999999746688e+03 5.202117137682227003e-16 2.457370388089357156e-16
1.417579999999746633e+03 5.209768267573243531e-16 2.441410729836835691e-16
1.417639999999746578e+03 6.113319958294678672e-16 2.492256783245022801e-16
1.417699999999746524e+03 5.034712051097052636e-16 2.441976408558785193e-16
1.417759999999746469e+03 7.878796206108803410e-16 2.646968344683544601e-16
1.417819999999746415e+03 7.262087323340585258e-16 2.607313599653492356e-16
1.417879999999746360e+03 9.797929265245103397e-16 2.776337730429094067e-16
1.417939999999746306e+03 1.234443318644546644e-15 2.958358398188526877e-16
1.417999999999746251e+03 9.816594650664601096e-16 2.809479764368538137e-16
1.418059999999746196e+03 9.971395785152432230e-16 2.809435430715838010e-16
1.418119999999746142e+03 7.250883884399385257e-16 2.596510771391979403e-16
1.418179999999746087e+03 1.043459508178143182e-15 2.820464725078008107e-16
1.418239999999746033e+03 1.081640637314254854e-15 2.840494679352047480e-16
1.418299999999745978e+03 9.092071964933877961e-16 2.712860529777956828e-16
1.418359999999745924e+03 1.386569727688572286e-15 2.987757351028730080e-16
1.418419999999745869e+03 1.617615340731179293e-15 3.085428878487057604e-16
1.418479999999745814e+03 1.059688654437928237e-15 2.787225729786766077e-16
1.418539999999745760e+03 1.449136752156684489e-15 3.001153133660562099e-16
1.418599999999745705e+03 1.343273501191656236e-15 2.965518247572868005e-16
1.418659999999745651e+03 1.141479160870672009e-15 2.818691300937141036e-16
1.418719999999745596e+03 1.733607713553479759e-15 3.164442324662363566e-16
1.418779999999745542e+03 1.413114479813238149e-15 2.984278635854319201e-16
1.418839999999745487e+03 1.283409307057513531e-15 2.889344724620635574e-16
1.418899999999745432e+03 1.212326838041183131e-15 2.846646741101498822e-16
1.418959999999745378e+03 1.573092274772958015e-15 3.073536754068469100e-16
1.419019999999745323e+03 1.760814402975448939e-15 3.205927550081502110e-16
1.419079999999745269e+03 1.412456071607390077e-15 3.024542520836259886e-16
1.419139999999745214e+03 1.552016473867828374e-15 3.108248081551993823e-16
1.419199999999745160e+03 1.223586210597793194e-15 2.878753962108944358e-16
1.419259999999745105e+03 1.256013424067222907e-15 2.960337012856929725e-16
1.419319999999745050e+03 1.357641830030214333e-15 2.995945972974597786e-16
1.419379999999744996e+03 1.599438764390755858e-15 3.106645916690416458e-16
1.419439999999744941e+03 1.617039283025179093e-15 3.099960832155523312e-16
1.419499999999744887e+03 2.032278070840555664e-15 3.292463828590861670e-16
1.419559999999744832e+03 2.571732691760585675e-15 3.531051690489811081e-16
1.419619999999744778e+03 4.322843043283120853e-15 4.236271127388566002e-16
1.419679999999744723e+03 3.699407932906686071e-15 4.005892072455668305e-16
1.419739999999744668e+03 2.510049354847900863e-15 3.513017154166649862e-16
1.419799999999744614e+03 2.294423941149523376e-15 3.434394812703142630e-16
1.419859999999744559e+03 2.078810600473773531e-15 3.339401451251350159e-16
1.419919999999744505e+03 2.013358455253821443e-15 3.293874844502047461e-16
1.419979999999744450e+03 1.698876760559549196e-15 3.128496888634607322e-16
1.420039999999744396e+03 1.259818068117789300e-15 2.868426594009398244e-16
1.420099999999744341e+03 1.542022459583895110e-15 3.053524401874298764e-16
1.420159999999744286e+03 1.596004298236453242e-15 3.106095230695039011e-16
1.420219999999744232e+03 1.324835483918074579e-15 2.988891946167775434e-16
1.420279999999744177e+03 1.411342426232096141e-15 3.086094988013796359e-16
1.420339999999744123e+03 1.503606445862135474e-15 3.138909688917287043e-16
1.420399999999744068e+03 1.591221059438888026e-15 3.186015793024158252e-16
1.420459999999744014e+03 1.361429395207643994e-15 3.049526520932948923e-16
1.420519999999743959e+03 1.734281045846138183e-15 3.280552801095045549e-16
1.420579999999743904e+03 1.500157382076472001e-15 3.126791144059707248e-16
1.420639999999743850e+03 1.687876781890226212e-15 3.224214100638852729e-16
1.420699999999743795e+03 1.305947611984817116e-15 2.986294351677853268e-16
1.420759999999743741e+03 1.421033583572295162e-15 3.062547421856486724e-16
1.420819999999743686e+03 1.872796306083993744e-15 3.304919108704913179e-16
1.420879999999743632e+03 1.572376861116835444e-15 3.146963916569196243e-16
1.420939999999743577e+03 1.875375107819532655e-15 3.309195867763415414e-16
1.420999999999743522e+03 1.898355206265440199e-15 3.313032163987204382e-16
1.421059999999743468e+03 2.058108936382525303e-15 3.406842621668761366e-16
1.421119999999743413e+03 1.559504055102934178e-15 3.124770986371533302e-16
1.421179999999743359e+03 1.735138537543955424e-15 3.221689010880508178e-16
1.421239999999743304e+03 1.464769810080704780e-15 3.069239063334345663e-16
1.421299999999743250e+03 1.262765490222301427e-15 2.961344543041207279e-16
1.421359999999743195e+03 1.264529559312486757e-15 2.927497299216874345e-16
1.421419999999743141e+03 1.606966431155685773e-15 3.125016105852694204e-16
1.421479999999743086e+03 1.738590449391494622e-15 3.202066785866610120e-16
1.421539999999743031e+03 1.366099056604308616e-15 3.008947061747528115e-16
1.421599999999742977e+03 1.800401239093847313e-15 3.241232045352839083e-16
1.421659999999742922e+03 1.331405882466455688e-15 2.960481246888755180e-16
1.421719999999742868e+03 1.235574484494109871e-15 2.913275010567115744e-16
1.421779999999742813e+03 1.409535360102509192e-15 3.019980110027585576e-16
1.421839999999742759e+03 1.540545449184859562e-15 3.075432731623366548e-16
1.421899999999742704e+03 1.609223193168203213e-15 3.114411775155473866e-16
1.421959999999742649e+03 1.644325137930769258e-15 3.123800099280291705e-16
1.422019999999742595e+03 1.339120479002669651e-15 2.956456211356702721e-16
1.422079999999742540e+03 1.593679532466168102e-15 3.096952932087505943e-16
1.422139999999742486e+03 1.661463182241398184e-15 3.143310550158946392e-16
1.422199999999742431e+03 2.074823281577789120e-15 3.356917403864401003e-16
1.422259999999742377e+03 1.808658457010258949e-15 3.243494576298445170e-16
1.422319999999742322e+03 1.835617553862633840e-15 3.246621455809945701e-16
1.422379999999742267e+03 1.774826627266632171e-15 3.210853618802200445e-16
1.422439999999742213e+03 1.613734512212185943e-15 3.128789052395215584e-16
1.422499999999742158e+03 1.560388251713789883e-15 3.109583341491204106e-16
1.422559999999742104e+03 1.482673262441189133e-15 3.059898947416027803e-16
1.422619999999742049e+03 1.693924932767859911e-15 3.156710135239455718e-16
1.422679999999741995e+03 1.370347388609906733e-15 3.000698412653406741e-16
1.422739999999741940e+03 1.503918280626818329e-15 3.079259349937621795e-16
1.422799999999741885e+03 2.006989884033340023e-15 3.335160279556886764e-16
1.422859999999741831e+03 1.428035079515687255e-15 3.036076674036467472e-16
1.422919999999741776e+03 1.524962179563606324e-15 3.063083995442870692e-16
1.422979999999741722e+03 1.327898392546879081e-15 2.939607880797236283e-16
1.423039999999741667e+03 1.511326866964332107e-15 3.070383577954341830e-16
1.423099999999741613e+03 1.174667929071679918e-15 2.882732659455524969e-16
1.423159999999741558e+03 1.473341635567730075e-15 3.092631967071073119e-16
1.423219999999741503e+03 1.374587766703016909e-15 3.017126201600143677e-16
1.423279999999741449e+03 1.345540096523136532e-15 3.000053213998254646e-16
1.423339999999741394e+03 1.375661698192273805e-15 3.032313223495582176e-16
1.423399999999741340e+03 1.630379958414094237e-15 3.168243972098502891e-16
1.423459999999741285e+03 1.446447304153183809e-15 3.081226117149474573e-16
1.423519999999741231e+03 1.301389794063910896e-15 2.980354411222209907e-16
1.423579999999741176e+03 1.367755620359299087e-15 3.001227717355686156e-16
1.423639999999741121e+03 1.697937603772476002e-15 3.204719975516122051e-16
1.423699999999741067e+03 1.555748461696358768e-15 3.120595654993289512e-16
1.423759999999741012e+03 1.430136618928627120e-15 3.084870576293769817e-16
1.423819999999740958e+03 1.408530226316268055e-15 3.081874425633241344e-16
1.423879999999740903e+03 1.568323533621734931e-15 3.159868516837924010e-16
1.423939999999740849e+03 1.300637937740858113e-15 3.016258493860453743e-16
1.423999999999740794e+03 1.582616564589439802e-15 3.177336953601055992e-16
1.424059999999740739e+03 1.698175723457580205e-15 3.242910559979987754e-16
1.424119999999740685e+03 1.115615958658986268e-15 2.916097402278571643e-16
1.424179999999740630e+03 1.504969847791992827e-15 3.144809400560371906e-16
1.424239999999740576e+03 1.334129464756074095e-15 3.017814987097417866e-16
1.424299999999740521e+03 1.686109138530298546e-15 3.230453178341310081e-16
1.424359999999740467e+03 2.164364313294858953e-15 3.593490576823070211e-16
1.424419999999740412e+03 1.297328854691392811e-15 3.090598196319149574e-16
1.424479999999740357e+03 1.287471313964766350e-15 3.067643017333057347e-16
1.424539999999740303e+03 1.332901316109104496e-15 3.157603318290648432e-16
1.424599999999740248e+03 1.575065012930671397e-15 3.281431241360457713e-16
1.424659999999740194e+03 1.507989009609947190e-15 3.238813140508045052e-16
1.424719999999740139e+03 1.407668054441154576e-15 3.141969343104913603e-16
1.424779999999740085e+03 1.677032060219571329e-15 3.288814840964709248e-16
1.424839999999740030e+03 1.201436856938573243e-15 2.932321701562518369e-16
1.424899999999739975e+03 1.559723109019518334e-15 3.146674723417798987e-16
1.424959999999739921e+03 1.134358072789540261e-15 2.878217834121146881e-16
1.425019999999739866e+03 1.217832675669745100e-15 2.932601628543213395e-16
1.425079999999739812e+03 1.649563070474246971e-15 3.199601366778946241e-16
1.425139999999739757e+03 9.904632531000923398e-16 2.804678059093305170e-16
1.425199999999739703e+03 1.404529893184805800e-15 3.046799226172879054e-16
1.425259999999739648e+03 1.312519737414561162e-15 3.016191650735604026e-16
1.425319999999739593e+03 1.335893127397098941e-15 3.001069133284364527e-16
1.425379999999739539e+03 1.145383462912962427e-15 2.890829942596340811e-16
1.425439999999739484e+03 1.305936370012086078e-15 2.953054331127844832e-16
1.425499999999739430e+03 1.482813791884131002e-15 3.073273346261463363e-16
1.425559999999739375e+03 1.555861050978015956e-15 3.087535850079656051e-16
1.425619999999739321e+03 1.871069433008668511e-15 3.293566301929103204e-16
1.425679999999739266e+03 1.375103088414917955e-15 3.025791372080536582e-16
1.425739999999739211e+03 1.335828866265414206e-15 2.968337347654929043e-16
1.425799999999739157e+03 1.983601933510456444e-15 3.334295741962707471e-16
1.425859999999739102e+03 1.389624416798515775e-15 2.989838032332996908e-16
1.425919999999739048e+03 1.377854090536223811e-15 3.030372184397239444e-16
1.425979999999738993e+03 1.207423733084132295e-15 2.907841224311934426e-16
1.426039999999738939e+03 1.541996225979151214e-15 3.117922053242698355e-16
1.426099999999738884e+03 1.320725395689934303e-15 2.988290479274282975e-16
1.426159999999738830e+03 1.449823362525978319e-15 3.079327163135649922e-16
1.426219999999738775e+03 1.441845356253875277e-15 3.089538836891719335e-16
1.426279999999738720e+03 1.430163810645414296e-15 3.050608666813291876e-16
1.426339999999738666e+03 1.755777980268770900e-15 3.278040758229286303e-16
1.426399999999738611e+03 1.303534383334035520e-15 2.993697742260046484e-16
1.426459999999738557e+03 1.516697188494411124e-15 3.111364521825465560e-16
1.426519999999738502e+03 1.582051019054382921e-15 3.216586933717319989e-16
1.426579999999738448e+03 1.457801861486376257e-15 3.122954054089370182e-16
1.426639999999738393e+03 1.617043598947291633e-15 3.181585639736717861e-16
1.426699999999738338e+03 1.944602238865827141e-15 3.366884568070762026e-16
1.426759999999738284e+03 1.466566241714601377e-15 3.113014619504864283e-16
1.426819999999738229e+03 2.067497440620873604e-15 3.442677268614399112e-16
1.426879999999738175e+03 2.150970944473771549e-15 3.495558934518660486e-16
1.426939999999738120e+03 1.691393818886002934e-15 3.230706963843198045e-16
1.426999999999738066e+03 1.584679876888151562e-15 3.194423034954535179e-16
1.427059999999738011e+03 1.846736936104160590e-15 3.350526483667868118e-16
1.427119999999737956e+03 1.773530353958414865e-15 3.306285369463985951e-16
1.427179999999737902e+03 1.422698450034326994e-15 3.141297910211497027e-16
1.427239999999737847e+03 1.405881137871629288e-15 3.132394510941055426e-16
1.427299999999737793e+03 1.037166022567103048e-15 2.937698422018658649e-16
1.427359999999737738e+03 1.333958913991461532e-15 3.098586078832147974e-16
1.427419999999737684e+03 1.796601946248426114e-15 3.358054327420408783e-16
1.427479999999737629e+03 1.376040722683571719e-15 3.119735128707143135e-16
1.427539999999737574e+03 1.315390607024644992e-15 3.082981171654200734e-16
1.427599999999737520e+03 1.419833969377660053e-15 3.133810306941064221e-16
1.427659999999737465e+03 1.679986707829954791e-15 3.290600525071180960e-16
1.427719999999737411e+03 1.509679706893668850e-15 3.180219450360574352e-16
1.427779999999737356e+03 1.430952232300930460e-15 3.110398533753570861e-16
1.427839999999737302e+03 1.723542786124854405e-15 3.277604667340768918e-16
1.427899999999737247e+03 1.158943590597291358e-15 2.898071321685454901e-16
1.427959999999737192e+03 1.254789632417468870e-15 2.976004872887875266e-16
1.428019999999737138e+03 1.448101065445754540e-15 3.109984668570990745e-16
1.428079999999737083e+03 1.082967313547721879e-15 2.918985534399237596e-16
1.428139999999737029e+03 1.340659803453746652e-15 3.011003154077414886e-16
1.428199999999736974e+03 1.431544191749766478e-15 3.098915834514831546e-16
1.428259999999736920e+03 1.234152143360772042e-15 2.987563002076514348e-16
1.428319999999736865e+03 1.409259154112402405e-15 3.097905058941743871e-16
1.428379999999736810e+03 1.448740583459646770e-15 3.111484282199487031e-16
1.428439999999736756e+03 1.360452109046894767e-15 3.062578966322478320e-16
1.428499999999736701e+03 1.743769343873578269e-15 3.284599097261858208e-16
1.428559999999736647e+03 1.482075061485113994e-15 3.159068600222977088e-16
1.428619999999736592e+03 1.310567788408854852e-15 3.094319083728416397e-16
1.428679999999736538e+03 1.610973284017871945e-15 3.252549813935230361e-16
1.428739999999736483e+03 1.565231893635912026e-15 3.191457952829796780e-16
1.428799999999736428e+03 1.366725694071983055e-15 3.058111364070908280e-16
1.428859999999736374e+03 1.214001038484596441e-15 2.976490815421680298e-16
1.428919999999736319e+03 1.402773259471901326e-15 3.099769080103836130e-16
1.428979999999736265e+03 1.497803759906744133e-15 3.137374814351341232e-16
1.429039999999736210e+03 1.364533571020995312e-15 3.030586983044466036e-16
1.429099999999736156e+03 1.325671822695619726e-15 2.957763704376613209e-16
1.429159999999736101e+03 1.644761687925889850e-15 3.228291372576508063e-16
1.429219999999736046e+03 1.460753064959444229e-15 3.142263885043835615e-16
1.429279999999735992e+03 1.295415234801893484e-15 3.063203379950055876e-16
1.429339999999735937e+03 1.501718359992673034e-15 3.142010532962505257e-16
1.429399999999735883e+03 1.326007531104153104e-15 3.026663477192070537e-16
1.429459999999735828e+03 1.480182515849005499e-15 3.145555810783255106e-16
1.429519999999735774e+03 1.569680383622207520e-15 3.193743403675790655e-16
1.429579999999735719e+03 1.293713445453725029e-15 3.034642254129363734e-16
1.429639999999735664e+03 1.556257883928227892e-15 3.202792582504927178e-16
1.429699999999735610e+03 1.486158553715845812e-15 3.166953077737882836e-16
1.429759999999735555e+03 1.002168359227859171e-15 2.870168523121172471e-16
1.429819999999735501e+03 1.396258557025086010e-15 3.127699035881961675e-16
1.429879999999735446e+03 1.483780463778551773e-15 3.191803445840641427e-16
1.429939999999735392e+03 1.414546754440940856e-15 3.173636620227917842e-16
1.429999999999735337e+03 1.320059949114210381e-15 3.066133561415011102e-16
1.430059999999735282e+03 1.470620984837864276e-15 3.194850792572005244e-16
1.430119999999735228e+03 1.472573813619230614e-15 3.183586957412090705e-16
1.430179999999735173e+03 1.105482160949069853e-15 2.965964657014777208e-16
1.430239999999735119e+03 1.336008521049871175e-15 3.126961211226982529e-16
1.430299999999735064e+03 1.323743667521593312e-15 3.111515075104695274e-16
1.430359999999735010e+03 1.433983766500812403e-15 3.205895416818731268e-16
1.430419999999734955e+03 1.446078386103332137e-15 3.180553394359741519e-16
1.430479999999734900e+03 1.915641776353539945e-15 3.449772351180531249e-16
1.430539999999734846e+03 1.521987194846441341e-15 3.249884963058169440e-16
1.430599999999734791e+03 1.388293381231264264e-15 3.176024440985679309e-16
1.430659999999734737e+03 1.250467954946441036e-15 3.063105328130898159e-16
1.430719999999734682e+03 1.391074410075996430e-15 3.125526634369473380e-16
1.430779999999734628e+03 1.624546231015918571e-15 3.261218053723070285e-16
1.430839999999734573e+03 1.165629835578685681e-15 2.993945901241045655e-16
1.430899999999734518e+03 1.271607600972560387e-15 3.047285783360851101e-16
1.430959999999734464e+03 1.539413323346099760e-15 3.172394260931409831e-16
1.431019999999734409e+03 1.261227616151700063e-15 3.021259793677103088e-16
1.431079999999734355e+03 1.591948580155334426e-15 3.218725769353533532e-16
1.431139999999734300e+03 1.242219849611630292e-15 3.025000470910224358e-16
1.431199999999734246e+03 1.540991506756241571e-15 3.168141545944312318e-16
1.431259999999734191e+03 1.675909318101554734e-15 3.271305610131809983e-16
1.431319999999734137e+03 1.051615803148414953e-15 2.910449238810332900e-16
1.431379999999734082e+03 1.598664436696660754e-15 3.219489564332161755e-16
1.431439999999734027e+03 1.269648591047609540e-15 2.954877331538166049e-16
1.431499999999733973e+03 1.507151289534120651e-15 3.133734108389146023e-16
1.431559999999733918e+03 1.419826354866733886e-15 3.098591652261231550e-16
1.431619999999733864e+03 1.241981166867937531e-15 2.994160099631318170e-16
1.431679999999733809e+03 1.013042231953197299e-15 2.858582590466048398e-16
1.431739999999733755e+03 1.448825383877158422e-15 3.136786186214909626e-16
1.431799999999733700e+03 1.427130946148300847e-15 3.116900899442875622e-16
1.431859999999733645e+03 1.421413573104064820e-15 3.119521965929380200e-16
1.431919999999733591e+03 1.314054521902102892e-15 3.035366921619648209e-16
1.431979999999733536e+03 1.154706983657957813e-15 2.939686740228872652e-16
1.432039999999733482e+03 1.496863600224951944e-15 3.181717606963755722e-16
1.432099999999733427e+03 1.208663867448662012e-15 2.988398948065548481e-16
1.432159999999733373e+03 1.255794507693708756e-15 3.003738939312913558e-16
1.432219999999733318e+03 1.002890447541721404e-15 2.859142961357882853e-16
1.432279999999733263e+03 9.082358875046971673e-16 2.762745359808030624e-16
1.432339999999733209e+03 1.103733949631078912e-15 2.948630875735383129e-16
1.432399999999733154e+03 8.843992900331227543e-16 2.806162788254642010e-16
1.432459999999733100e+03 1.436511277011919445e-15 3.144451832245164216e-16
1.432519999999733045e+03 1.374632688734457590e-15 3.117859479959772864e-16
1.432579999999732991e+03 1.248761163791914733e-15 3.121983061071410213e-16
1.432639999999732936e+03 1.262371077035987325e-15 3.126547123797107930e-16
1.432699999999732881e+03 1.274050366551395351e-15 3.141052618197998085e-16
1.432759999999732827e+03 1.229073364580311855e-15 3.130280130909235687e-16
1.432819999999732772e+03 1.222983617942899984e-15 3.108061404407719095e-16
1.432879999999732718e+03 1.365014994493111465e-15 3.230176448664517662e-16
1.432939999999732663e+03 1.309265589572066505e-15 3.245171553593331091e-16
1.432999999999732609e+03 1.353465763164454440e-15 3.304406034882068362e-16
1.433059999999732554e+03 1.381823279251418175e-15 3.222742724672263581e-16
1.433119999999732499e+03 1.558396494297075512e-15 3.294060400632359138e-16
1.433179999999732445e+03 1.364240947447795438e-15 3.160342149742243251e-16
1.433239999999732390e+03 1.279871248532305551e-15 3.101606159483635836e-16
1.433299999999732336e+03 1.416158759318230263e-15 3.208004165773517663e-16
1.433359999999732281e+03 1.225573527493048035e-15 3.071518385311873258e-16
1.433419999999732227e+03 1.177312561575356536e-15 3.029897878093008808e-16
1.433479999999732172e+03 1.463043873787707253e-15 3.220692937035093249e-16
1.433539999999732117e+03 1.261077812983126396e-15 3.087148056435917888e-16
1.433599999999732063e+03 1.266714083473256434e-15 3.115114109255751345e-16
1.433659999999732008e+03 1.516442184465657026e-15 3.241118730440348793e-16
1.433719999999731954e+03 1.045402079133514005e-15 2.951147696852879415e-16
1.433779999999731899e+03 1.794183093043524506e-15 3.362729600558598312e-16
1.433839999999731845e+03 1.349547448508935817e-15 3.110318046672879221e-16
1.433899999999731790e+03 1.158352299347092328e-15 3.004204219074595373e-16
1.433959999999731735e+03 1.351123537675864417e-15 3.140218314653992475e-16
1.434019999999731681e+03 1.375241956845525574e-15 3.133375216427426670e-16
1.434079999999731626e+03 1.317756002313746656e-15 3.090034649198274344e-16
1.434139999999731572e+03 1.667823107750698205e-15 3.295075671179706854e-16
1.434199999999731517e+03 1.239142211909717326e-15 3.021356566847986917e-16
1.434259999999731463e+03 1.496677181409298440e-15 3.209994796169015191e-16
1.434319999999731408e+03 1.357034195811248303e-15 3.121741646602394242e-16
1.434379999999731353e+03 1.331744902389245434e-15 3.099321666692983497e-16
1.434439999999731299e+03 1.133246068457710609e-15 2.971303865815577334e-16
1.434499999999731244e+03 1.149945463395747918e-15 3.342604041919346786e-16
1.434559999999731190e+03 1.333309899966376168e-15 3.517094894797875426e-16
1.434619999999731135e+03 1.844584584509288336e-15 3.886213862377726450e-16
1.434679999999731081e+03 1.353806869861959177e-15 3.526073283579378186e-16
1.434739999999731026e+03 1.115325071322384517e-15 3.378928387272508644e-16
1.434799999999730971e+03 1.072107194417067382e-15 3.344665302397140458e-16
1.434859999999730917e+03 1.179475648508479173e-15 3.382756578290942702e-16
1.434919999999730862e+03 1.523966361108253780e-15 3.620078098499263020e-16
1.434979999999730808e+03 1.071267633365012788e-15 3.296569889121120167e-16
1.435039999999730753e+03 9.719764608244765112e-16 3.224573096615988950e-16
1.435099999999730699e+03 1.055326801702299037e-15 3.322650726861628148e-16
1.435159999999730644e+03 1.080628255384717098e-15 3.347813327312038363e-16
1.435219999999730589e+03 1.021387545710440504e-15 3.286950458235727092e-16
1.435279999999730535e+03 1.532994836582085202e-15 3.661705965933986296e-16
1.435339999999730480e+03 1.607588605554220946e-15 3.654416291849901607e-16
1.435399999999730426e+03 1.588272277442609437e-15 3.635172020629155416e-16
1.435459999999730371e+03 1.752625950307192477e-15 3.834539711122788623e-16
1.435519999999730317e+03 1.117235052774887546e-15 3.410927563590889452e-16
1.435579999999730262e+03 1.159309427952406801e-15 3.408666274346339213e-16
1.435639999999730207e+03 1.393447587979588809e-15 3.613301476479535443e-16
1.435699999999730153e+03 1.549083180327408769e-15 3.720274554632010461e-16
1.435759999999730098e+03 1.485124204092521032e-15 3.698179860163885359e-16
1.435819999999730044e+03 1.681509631285970529e-15 3.820389826317611960e-16
1.435879999999729989e+03 1.074047548208228885e-15 3.336267362370456277e-16
1.435939999999729935e+03 1.395774717926723792e-15 3.616133299240670250e-16
1.435999999999729880e+03 1.572194377914138579e-15 3.721656548283639181e-16
1.436059999999729826e+03 1.108189997175786025e-15 3.394844086233180512e-16
1.436119999999729771e+03 1.218434556966595062e-15 3.467212659065385509e-16
1.436179999999729716e+03 1.172624774359572582e-15 3.417405516091449576e-16
1.436239999999729662e+03 1.467323723259224060e-15 3.642626261579794218e-16
1.436299999999729607e+03 1.460232385772054253e-15 3.618700703988124156e-16
1.436359999999729553e+03 1.649284546791104564e-15 3.762776410427729981e-16
1.436419999999729498e+03 1.734416245233950482e-15 3.832814183024886047e-16
1.436479999999729444e+03 1.463239006872170523e-15 3.653347465654683313e-16
1.436539999999729389e+03 1.047679563929333304e-15 3.367730652481733116e-16
1.436599999999729334e+03 1.233023823960590726e-15 3.501329434614860498e-16
1.436659999999729280e+03 1.679293636477820914e-15 3.834999831228592511e-16
1.436719999999729225e+03 1.368307000586776721e-15 3.612452694304951979e-16
1.436779999999729171e+03 1.443853326717489401e-15 3.669174675294122024e-16
1.436839999999729116e+03 1.285160140408636591e-15 3.580965434532101375e-16
1.436899999999729062e+03 1.097775162614742526e-15 3.401326533093451406e-16
1.436959999999729007e+03 8.979545417788327260e-16 3.215514825576428533e-16
1.437019999999728952e+03 1.769424497385547174e-15 3.847770740666490109e-16
1.437079999999728898e+03 1.052740238087066125e-15 3.362908312496726581e-16
1.437139999999728843e+03 1.364025782607866246e-15 3.590173172307964869e-16
1.437199999999728789e+03 8.376514344195973161e-16 3.183139615691300466e-16
1.437259999999728734e+03 1.650542781791008783e-15 3.740647772008733970e-16
1.437319999999728680e+03 1.515977323596105980e-15 3.627310132562534329e-16
1.437379999999728625e+03 1.386547295457602348e-15 3.582975434097134819e-16
1.437439999999728570e+03 9.454463897781662678e-16 3.264399913121441320e-16
1.437499999999728516e+03 1.207022627164567822e-15 3.438037922557726997e-16
1.437559999999728461e+03 1.793880146620924415e-15 3.828760726849758901e-16
1.437619999999728407e+03 1.538449772734501352e-15 3.640160750162433494e-16
1.437679999999728352e+03 1.035637315438499864e-15 3.292578487704606780e-16
1.437739999999728298e+03 1.088747264182239659e-15 3.345226991819280365e-16
1.437799999999728243e+03 1.336906633826623321e-15 3.548495246282543513e-16
1.437859999999728188e+03 1.039563092254284136e-15 3.318184814543087753e-16
1.437919999999728134e+03 1.573018254902754146e-15 3.697861276340670062e-16
1.437979999999728079e+03 1.419728642361177190e-15 3.532832987738891156e-16
1.438039999999728025e+03 1.478390217224486689e-15 3.649947137358605853e-16
1.438099999999727970e+03 1.438252948521945945e-15 3.654115993503218804e-16
1.438159999999727916e+03 8.217396871226904661e-16 3.194046410594568862e-16
1.438219999999727861e+03 1.386670200048152930e-15 3.608437438410627292e-16
1.438279999999727806e+03 1.027464509792403277e-15 3.375352419324663742e-16
1.438339999999727752e+03 1.337258325721350649e-15 3.563864843870304254e-16
1.438399999999727697e+03 1.380281923949649913e-15 3.599861603120832934e-16
1.438459999999727643e+03 1.205967380223640518e-15 3.486432653930701458e-16
1.438519999999727588e+03 1.318840739662429669e-15 3.511914815085859647e-16
1.438579999999727534e+03 1.318436976196963436e-15 3.517197995215804739e-16
1.438639999999727479e+03 1.629248141748303651e-15 3.751441420834701628e-16
1.438699999999727424e+03 1.378441171798416454e-15 3.595854874536792862e-16
1.438759999999727370e+03 1.640080013464894443e-15 3.725585751897374595e-16
1.438819999999727315e+03 1.609066721100059366e-15 3.751114881818696962e-16
1.438879999999727261e+03 1.728723709545180606e-15 3.742016678576481779e-16
1.438939999999727206e+03 1.901767366282101529e-15 3.930077569049061704e-16
1.438999999999727152e+03 1.332540140158170486e-15 3.550647851239238569e-16
1.439059999999727097e+03 1.084311873951573407e-15 3.333416497756798165e-16
1.439119999999727042e+03 1.152983813767944767e-15 3.400563996319110478e-16
1.439179999999726988e+03 1.461551860339436706e-15 3.616883581605890811e-16
1.439239999999726933e+03 1.583980099884396907e-15 3.711716585921634988e-16
1.439299999999726879e+03 1.628310794045915808e-15 3.775649151989134154e-16
1.439359999999726824e+03 1.381136221103664217e-15 3.580450419517232563e-16
1.439419999999726770e+03 1.272223609749844844e-15 3.516572581386176912e-16
1.439479999999726715e+03 1.184287714392187385e-15 3.435969187068806309e-16
1.439539999999726660e+03 1.165369931782784679e-15 3.425115606869050048e-16
1.439599999999726606e+03 1.437622185132299546e-15 3.671557495669301151e-16
1.439659999999726551e+03 1.545096979326114539e-15 3.726217868216695043e-16
1.439719999999726497e+03 1.164764338437985224e-15 3.503056874230952856e-16
1.439779999999726442e+03 1.320920644722081007e-15 3.616012363376217617e-16
1.439839999999726388e+03 1.052089874409742841e-15 3.340665417836712601e-16
1.439899999999726333e+03 1.054472289716729847e-15 3.373431338967617070e-16
1.439959999999726278e+03 1.505334344287245984e-15 3.686740084828393874e-16
1.440019999999726224e+03 1.537331836565450823e-15 3.706737991683791087e-16
1.440079999999726169e+03 1.769160553328969785e-15 3.843863995689259995e-16
1.440139999999726115e+03 1.304342920193154641e-15 3.549989388531470085e-16
1.440199999999726060e+03 1.530423760977079608e-15 3.717168629247776618e-16
1.440259999999726006e+03 1.127551366512230284e-15 3.419961912544711957e-16
1.440319999999725951e+03 9.923154250858948786e-16 3.346638254053879282e-16
1.440379999999725896e+03 1.217203559277635620e-15 3.497622538154144428e-16
1.440439999999725842e+03 1.057657346653417548e-15 3.361960113095995739e-16
1.440499999999725787e+03 1.169334723084051265e-15 3.465097322994239629e-16
1.440559999999725733e+03 1.339460008687736663e-15 3.553604493145231007e-16
1.440619999999725678e+03 1.748982027163306379e-15 3.859015585688642582e-16
1.440679999999725624e+03 1.655619376273864999e-15 3.775608223915567858e-16
1.440739999999725569e+03 1.421929621744316299e-15 3.565855989879460335e-16
1.440799999999725514e+03 1.323740728400111550e-15 3.592707982916253428e-16
1.440859999999725460e+03 1.199784501495564236e-15 3.473750041036991961e-16
1.440919999999725405e+03 1.249418203132344221e-15 3.521132527977763771e-16
1.440979999999725351e+03 9.304422859215555643e-16 3.315933642247423757e-16
1.441039999999725296e+03 1.170945774787252691e-15 3.608229985423486038e-16
1.441099999999725242e+03 1.175669562516590446e-15 3.601433976793124721e-16
1.441159999999725187e+03 1.477330212495887715e-15 3.826018799953115053e-16
1.441219999999725133e+03 1.276919091754377365e-15 3.665778402265719721e-16
1.441279999999725078e+03 1.265743281522895716e-15 3.704331725590690240e-16
1.441339999999725023e+03 1.290015433930661414e-15 3.691677859072700570e-16
1.441399999999724969e+03 1.510415054683042493e-15 3.749148448746724625e-16
1.441459999999724914e+03 1.043537259617056045e-15 3.363121253928265978e-16
1.441519999999724860e+03 1.286914087428039610e-15 3.501137111628864411e-16
1.441579999999724805e+03 9.228535809903856232e-16 3.578931383977230305e-16
1.441639999999724751e+03 1.234387428348312418e-15 3.856125983095324078e-16
1.441699999999724696e+03 1.068283194790056989e-15 3.698191251611037102e-16
1.441759999999724641e+03 8.444869334007888314e-16 3.465546662738949703e-16
1.441819999999724587e+03 1.622715768602702749e-15 4.227885853371088821e-16
1.441879999999724532e+03 1.174468795375715469e-15 3.774148436128310109e-16
1.441939999999724478e+03 1.523420249879548993e-15 4.081254300205608429e-16
1.441999999999724423e+03 1.120235287324028893e-15 3.724373392836891324e-16
1.442059999999724369e+03 1.451204292490187369e-15 4.044336900914376789e-16
1.442119999999724314e+03 1.317507613753471206e-15 3.934098406069057456e-16
1.442179999999724259e+03 1.067742325011065201e-15 3.798522916433936243e-16
1.442239999999724205e+03 7.704806870831452128e-16 3.463956483305300794e-16
1.442299999999724150e+03 1.197751180405846228e-15 3.864509733026124475e-16
1.442359999999724096e+03 1.637523993256547292e-15 4.245422145089179025e-16
1.442419999999724041e+03 1.556963502608692136e-15 4.143630833066013312e-16
1.442479999999723987e+03 1.285067197547591886e-15 3.956148937264401165e-16
1.442539999999723932e+03 1.225469664121950514e-15 3.876976244863577280e-16
1.442599999999723877e+03 7.100544417624505126e-16 3.415713803868672435e-16
1.442659999999723823e+03 1.497230739614130995e-15 4.118782328623828028e-16
1.442719999999723768e+03 1.518979272678045527e-15 4.183583832097571417e-16
1.442779999999723714e+03 1.487715664158839427e-15 4.156772778785375471e-16
1.442839999999723659e+03 1.272081555680610523e-15 4.031834510645656183e-16
1.442899999999723605e+03 1.629144658321314083e-15 4.377688617346663483e-16
1.442959999999723550e+03 1.216060815555719311e-15 4.034775052664335369e-16
1.443019999999723495e+03 1.210216241605203217e-15 4.018848149087434418e-16
1.443079999999723441e+03 1.494618820893386191e-15 4.223804961284308958e-16
1.443139999999723386e+03 1.546433061679844792e-15 4.258724070661049231e-16
1.443199999999723332e+03 1.192342732579595735e-15 3.950916010994364637e-16
1.443259999999723277e+03 1.525324664705514331e-15 4.203479812010381503e-16
1.443319999999723223e+03 1.279793727073046148e-15 3.942639583941325179e-16
1.443379999999723168e+03 1.256592827341046556e-15 3.990905007078627394e-16
1.443439999999723113e+03 7.844355474747812958e-16 3.501578471200676248e-16
1.443499999999723059e+03 9.736290333200230635e-16 3.740314695852193195e-16
1.443559999999723004e+03 1.577139111624432028e-15 4.230435833982420047e-16
1.443619999999722950e+03 1.456016003735666073e-15 4.142163727022328413e-16
1.443679999999722895e+03 1.116412670277351310e-15 3.825530216925647456e-16
1.443739999999722841e+03 1.727165909945582370e-15 4.257311128675258726e-16
1.443799999999722786e+03 1.137291068561181401e-15 3.838090523999574900e-16
1.443859999999722731e+03 1.399745661304558910e-15 4.035714720236240566e-16
1.443919999999722677e+03 1.480886150412730046e-15 4.059089326930188983e-16
1.443979999999722622e+03 1.555539769764087470e-15 4.147242166745852447e-16
1.444039999999722568e+03 1.754454382009807100e-15 4.330520234949501628e-16
1.444099999999722513e+03 1.224629238900050694e-15 3.875598915595875259e-16
1.444159999999722459e+03 1.077302686856219571e-15 3.751811950676504396e-16
1.444219999999722404e+03 1.441943261633720406e-15 4.047249120419235104e-16
1.444279999999722349e+03 1.552838909836767722e-15 4.156307309857320184e-16
1.444339999999722295e+03 1.832999812061465951e-15 4.311579176618112171e-16
1.444399999999722240e+03 1.135264376966234261e-15 3.745231493461388775e-16
1.444459999999722186e+03 1.339527424908132184e-15 3.951039486731258793e-16
1.444519999999722131e+03 1.479569396941344888e-15 4.090455240957673766e-16
1.444579999999722077e+03 1.394948082516762374e-15 4.092666603850295500e-16
1.444639999999722022e+03 1.089969098929030409e-15 3.800752385358259155e-16
1.444699999999721967e+03 1.462596918825500205e-15 4.131100558178746290e-16
1.444759999999721913e+03 1.601008850314768287e-15 4.115108794512664754e-16
1.444819999999721858e+03 1.410417837147620315e-15 4.022577172755121951e-16
1.444879999999721804e+03 1.585807644538766298e-15 4.233886386581826170e-16
1.444939999999721749e+03 1.098680323135722373e-15 3.797782031375078910e-16
1.444999999999721695e+03 1.259364727137810838e-15 3.926983294302125288e-16
1.445059999999721640e+03 1.362077847142400113e-15 4.000878444543547258e-16
1.445119999999721585e+03 1.311186152063418949e-15 3.928749399732266624e-16
1.445179999999721531e+03 1.662936525646680751e-15 4.231434294806300852e-16
1.445239999999721476e+03 1.376354728185252020e-15 4.030595609600283549e-16
1.445299999999721422e+03 8.852276419542016547e-16 3.626192310140210401e-16
1.445359999999721367e+03 1.580945475406456843e-15 4.199639513258819139e-16
1.445419999999721313e+03 1.443064389206529014e-15 4.086516282308559598e-16
1.445479999999721258e+03 1.414581798073603123e-15 4.040646298922530951e-16
1.445539999999721203e+03 1.160655078099568514e-15 3.873351472914925108e-16
1.445599999999721149e+03 1.500611910124083672e-15 4.109286869150162941e-16
1.445659999999721094e+03 1.804094564468220642e-15 4.375505371260188752e-16
1.445719999999721040e+03 1.403575471759178405e-15 4.110868817100806993e-16
1.445779999999720985e+03 1.150567908856818925e-15 3.886573568947253400e-16
1.445839999999720931e+03 1.539224176058784879e-15 4.205825911702416261e-16
1.445899999999720876e+03 1.133589828019151904e-15 3.876545150455382517e-16
1.445959999999720822e+03 7.260659490163251830e-16 3.476054169581543497e-16
1.446019999999720767e+03 1.362751779679456608e-15 4.109495301706434207e-16
1.446079999999720712e+03 1.246958575986477773e-15 4.025715693575557367e-16
1.446139999999720658e+03 8.348280237231210042e-16 3.647344515356230648e-16
1.446199999999720603e+03 8.290006724890478872e-16 3.649509043443379418e-16
1.446259999999720549e+03 1.184492649308263808e-15 3.947333452433586549e-16
1.446319999999720494e+03 9.480031874331034513e-16 3.710177288414875781e-16
1.446379999999720440e+03 1.491362429806989201e-15 4.204590989018770701e-16
1.446439999999720385e+03 1.569551645827981044e-15 4.223108594001819155e-16
1.446499999999720330e+03 1.196878496499328275e-15 3.942897872526306561e-16
1.446559999999720276e+03 1.075576356146781575e-15 3.842396704899846002e-16
1.446619999999720221e+03 1.326025703712692557e-15 4.075205331168034059e-16
1.446679999999720167e+03 8.079994545945439485e-16 3.628672320996068170e-16
1.446739999999720112e+03 1.453906156554488175e-15 4.180428710368428913e-16
1.446799999999720058e+03 1.338255185973947056e-15 4.062389084320570763e-16
1.446859999999720003e+03 1.222756504463979479e-15 3.897430677810429273e-16
1.446919999999719948e+03 1.225662134438936577e-15 3.957907218688899630e-16
1.446979999999719894e+03 1.470115443933859560e-15 4.201743952540696934e-16
1.447039999999719839e+03 1.590727015486649141e-15 4.226786958880143465e-16
1.447099999999719785e+03 1.599112422196799756e-15 4.230188720254049842e-16
1.447159999999719730e+03 1.226167230037239825e-15 3.946463410744921860e-16
1.447219999999719676e+03 1.206756300645703739e-15 3.915240642259399078e-16
1.447279999999719621e+03 1.080130306380031104e-15 3.803513647710752854e-16
1.447339999999719566e+03 1.353025711927135325e-15 4.084591227900730248e-16
1.447399999999719512e+03 1.314822614265393849e-15 3.971229457747208638e-16
1.447459999999719457e+03 1.081709400862266078e-15 3.760438348078506338e-16
1.447519999999719403e+03 9.976793860299448688e-16 3.754972108309998799e-16
1.447579999999719348e+03 1.326650558574292346e-15 4.067098077360842187e-16
1.447639999999719294e+03 1.091832307012015193e-15 3.844259162272517784e-16
1.447699999999719239e+03 1.455348031882410886e-15 4.154935921009678918e-16
1.447759999999719184e+03 1.396100846766143004e-15 4.093563709390912531e-16
1.447819999999719130e+03 1.196769614188201573e-15 3.895694421538265744e-16
1.447879999999719075e+03 1.162425330085956542e-15 3.946952838520896405e-16
1.447939999999719021e+03 1.164644358443206602e-15 3.988147143632496261e-16
1.447999999999718966e+03 1.233628442144498625e-15 3.983636595893091128e-16
1.448059999999718912e+03 1.460262989343468186e-15 4.183999946526668663e-16
1.448119999999718857e+03 1.464622204826231811e-15 4.156863321479124214e-16
1.448179999999718802e+03 1.568756086021326963e-15 4.267021274053336573e-16
1.448239999999718748e+03 1.362321802197466408e-15 4.089566431740779518e-16
1.448299999999718693e+03 1.415322465798520942e-15 4.131245054921185726e-16
1.448359999999718639e+03 1.452678971226601950e-15 4.141523034281400314e-16
1.448419999999718584e+03 1.261412666341952421e-15 3.968951279409336946e-16
1.448479999999718530e+03 1.297571259974430129e-15 4.014183886350002685e-16
1.448539999999718475e+03 1.363499543206037070e-15 4.112578889570797214e-16
1.448599999999718420e+03 1.232476309386350363e-15 3.977936682059209389e-16
1.448659999999718366e+03 1.329499327079167686e-15 4.085212235781198369e-16
1.448719999999718311e+03 1.240547197658539668e-15 4.037805823476728519e-16
1.448779999999718257e+03 1.333857014539036515e-15 4.121189597478216485e-16
1.448839999999718202e+03 1.319393331733458257e-15 4.675357776836450157e-16
1.448899999999718148e+03 1.161913255065239770e-15 4.551426427487409126e-16
1.448959999999718093e+03 1.666034480146132694e-15 5.055437647951108721e-16
1.449019999999718038e+03 1.384502021069374268e-15 4.778508004429654337e-16
1.449079999999717984e+03 1.352389003356976534e-15 4.793653105642868919e-16
1.449139999999717929e+03 7.153694332554542532e-16 4.097206993572436305e-16
1.449199999999717875e+03 1.426331653360716415e-15 4.893585163179409403e-16
1.449259999999717820e+03 1.667278047933899632e-15 5.129717988407961179e-16
1.449319999999717766e+03 1.373774499260434830e-15 5.103455433505635481e-16
1.449379999999717711e+03 1.931872436641494439e-15 5.955113176849219599e-16
1.449439999999717656e+03 1.165776112233652645e-15 4.992979467372136324e-16
1.449499999999717602e+03 1.357078787393518940e-15 5.248669613943715465e-16
1.449559999999717547e+03 2.058617236299983229e-15 5.978592233095356262e-16
1.449619999999717493e+03 1.561051950294463275e-15 5.397369469822159865e-16
1.449679999999717438e+03 1.812829560724172729e-15 5.600168288440532780e-16
1.449739999999717384e+03 7.994908434838914274e-16 4.284840686869061356e-16
1.449799999999717329e+03 9.814872141627927763e-16 4.358358554439290634e-16
1.449859999999717274e+03 1.202217668414346257e-15 4.591368503779213463e-16
1.449919999999717220e+03 1.251244114011057191e-15 4.576748962955596813e-16
1.449979999999717165e+03 1.611532386881574803e-15 4.925193021575559657e-16
1.450039999999717111e+03 8.792981707321852368e-16 4.245964634120966896e-16
1.450099999999717056e+03 6.377203657930672794e-16 3.848206581821432984e-16
1.450159999999717002e+03 1.512233545930574318e-15 4.848172416536177840e-16
1.450219999999716947e+03 1.548925905700589593e-15 4.911118584078973216e-16
1.450279999999716892e+03 6.565531521672703165e-16 3.925346325067546655e-16
1.450339999999716838e+03 1.119856757432976612e-15 4.451168963072191282e-16
1.450399999999716783e+03 1.331745139688415210e-15 4.673789523106616535e-16
1.450459999999716729e+03 8.048498626507629331e-16 4.117534233930198413e-16
1.450519999999716674e+03 1.245432228128965504e-15 4.602510006850984329e-16
1.450579999999716620e+03 6.425710180051648507e-16 3.818580414945045920e-16
1.450639999999716565e+03 1.943621312861508109e-15 5.225339338547035500e-16
1.450699999999716511e+03 7.716814244056519678e-16 4.032242598246929150e-16
1.450759999999716456e+03 1.534191726395422832e-15 4.846237221480154847e-16
1.450819999999716401e+03 1.002828724822200810e-15 4.240612884911095541e-16
1.450879999999716347e+03 1.369062264732100855e-15 4.638120262187500316e-16
1.450939999999716292e+03 1.409413545468547792e-15 4.619435715576808153e-16
1.450999999999716238e+03 1.235668492382705352e-15 4.479354554640718500e-16
1.451059999999716183e+03 1.242101077597019648e-15 4.553922187564231867e-16
1.451119999999716129e+03 1.097426905489215770e-15 4.434432866785273021e-16
1.451179999999716074e+03 1.170520900931709586e-15 4.554342909638238481e-16
1.451239999999716019e+03 1.149502254361601326e-15 4.515656172222994250e-16
1.451299999999715965e+03 1.283049693881387613e-15 4.636968499391764540e-16
1.451359999999715910e+03 1.041124122959041998e-15 4.379621104800720874e-16
1.451419999999715856e+03 1.462747822984828737e-15 4.862555205521889814e-16
1.451479999999715801e+03 1.797625394977411782e-15 5.124115938010730115e-16
1.451539999999715747e+03 1.282674301035076828e-15 4.610732548630193541e-16
1.451599999999715692e+03 9.413476804195543175e-16 4.311674602899842106e-16
1.451659999999715637e+03 1.365611835874761727e-15 4.757701435918390208e-16
1.451719999999715583e+03 1.344035047029824058e-15 4.694346972985699490e-16
1.451779999999715528e+03 9.273412700962974000e-16 4.306014409430519761e-16
1.451839999999715474e+03 1.302750685995476980e-15 4.696846339573706525e-16
1.451899999999715419e+03 1.181442490394592435e-15 4.616656987122286014e-16
1.451959999999715365e+03 1.441667956041891185e-15 4.868259937642961277e-16
1.452019999999715310e+03 1.352213576585326710e-15 4.788107182041395644e-16
1.452079999999715255e+03 1.984572875763035666e-15 5.400969014885328082e-16
1.452139999999715201e+03 1.443346923213907322e-15 4.912885910455719217e-16
1.452199999999715146e+03 1.057053914647640066e-15 4.526650178998309226e-16
1.452259999999715092e+03 1.376732549409590588e-15 4.903042689944379391e-16
1.452319999999715037e+03 1.382234521297557618e-15 4.934234267794082152e-16
1.452379999999714983e+03 1.444634929034545548e-15 5.012842842081191874e-16
1.452439999999714928e+03 9.818565209494988003e-16 4.439790000389849151e-16
1.452499999999714873e+03 1.135753777318350455e-15 4.659802353454831992e-16
1.452559999999714819e+03 1.980909742653806700e-15 5.433334861115917498e-16
1.452619999999714764e+03 1.477497965501914545e-15 4.966619274163121294e-16
1.452679999999714710e+03 1.700972663818395642e-15 5.172608484405860662e-16
1.452739999999714655e+03 1.270081108202995091e-15 4.746912873455426058e-16
1.452799999999714601e+03 1.590935165674817311e-15 5.082903592969801344e-16
1.452859999999714546e+03 1.310554643184380734e-15 4.748638004839108419e-16
1.452919999999714491e+03 1.314360151161956315e-15 4.769191303593136447e-16
1.452979999999714437e+03 1.726283322268014262e-15 5.155655608337426777e-16
1.453039999999714382e+03 1.178792249978715310e-15 4.555489022496838614e-16
1.453099999999714328e+03 1.760558503202319935e-15 5.115501684987108918e-16
1.453159999999714273e+03 1.310010424510814616e-15 4.676055064811127176e-16
1.453219999999714219e+03 1.780479660138696099e-15 5.152749266749330311e-16
1.453279999999714164e+03 1.586595820884672153e-15 4.999593916239555223e-16
1.453339999999714109e+03 8.745262449686707035e-16 4.205335515922610629e-16
1.453399999999714055e+03 1.403543749012125897e-15 4.804782310029287573e-16
1.453459999999714000e+03 1.200757248997181393e-15 4.611630124937132059e-16
1.453519999999713946e+03 8.613087553011675838e-16 4.205612703337333177e-16
1.453579999999713891e+03 1.096808177121993731e-15 4.445209939578596142e-16
1.453639999999713837e+03 2.088936359129651581e-15 5.431348180515027489e-16
1.453699999999713782e+03 1.310876615634853298e-15 4.728908415581178530e-16
1.453759999999713727e+03 1.370109158423458567e-15 4.703576878004078343e-16
1.453819999999713673e+03 1.185012410589322741e-15 4.520055405458151647e-16
1.453879999999713618e+03 1.304890513764837384e-15 4.735937247795713485e-16
1.453939999999713564e+03 1.198211837196959935e-15 4.576873860751170565e-16
1.453999999999713509e+03 1.240836681155726260e-15 4.546104261910251804e-16
1.454059999999713455e+03 1.234212568579850121e-15 4.569766665965552644e-16
1.454119999999713400e+03 9.571612363109915018e-16 4.301397724609789122e-16
1.454179999999713345e+03 1.047165384509267436e-15 4.489900105255354106e-16
1.454239999999713291e+03 1.405498549092068356e-15 4.875496769579082588e-16
1.454299999999713236e+03 1.433945361808762610e-15 4.843246899739338591e-16
1.454359999999713182e+03 2.226544804687077032e-15 5.566871231340461686e-16
1.454419999999713127e+03 2.064294379537316378e-15 5.421016053219927873e-16
1.454479999999713073e+03 1.079217424413000004e-15 4.538057625832362107e-16
1.454539999999713018e+03 1.119510798060150187e-15 4.644999652809445883e-16
1.454599999999712963e+03 1.117702358177681776e-15 4.619528588800604051e-16
1.454659999999712909e+03 1.505825440650445486e-15 4.995861926648267608e-16
1.454719999999712854e+03 1.566737809982494677e-15 5.060519372712012042e-16
1.454779999999712800e+03 1.464779312805878287e-15 4.944240220719371737e-16
1.454839999999712745e+03 1.571578522677324157e-15 5.036340290123069259e-16
1.454899999999712691e+03 1.119105486797552673e-15 4.634837142751240084e-16
1.454959999999712636e+03 1.190557991097044534e-15 4.739283026856168033e-16
1.455019999999712581e+03 1.467604717403876671e-15 5.038854740174358927e-16
1.455079999999712527e+03 1.298099902330866199e-15 4.857071401343383580e-16
1.455139999999712472e+03 1.432794379410288960e-15 5.027091764941889236e-16
1.455199999999712418e+03 1.510270723880222647e-15 5.094902251810264010e-16
1.455259999999712363e+03 1.681241707399320413e-15 5.270064399204316518e-16
